snapshot_hour_utc,game_id,viewers_top100,channels_top100,truncated,share_top1,share_top10,n_languages
2026-09-01T05,509658,84473,96,False,0.0782,0.3675,10
2026-09-01T05,1898040946,65874,88,False,0.9304,0.9876,5
2026-09-01T05,491931,47859,98,False,0.7414,0.928,9
2026-09-01T05,18122,36665,97,False,0.2835,0.7937,7
2026-09-01T05,602040818,32802,100,True,0.4099,0.7202,3
2026-09-01T05,21779,27336,97,False,0.0979,0.4273,9
2026-09-01T05,509672,33314,98,False,0.2409,0.6856,12
2026-09-01T05,1478650472,28957,95,False,0.6187,0.8094,9
2026-09-01T05,32982,21819,90,False,0.2406,0.6036,7
2026-09-01T05,516575,17991,95,False,0.1062,0.5173,8
2026-09-01T05,27471,20616,95,False,0.2984,0.7872,7
2026-09-01T05,33214,11798,93,False,0.0694,0.4213,6
2026-09-01T05,1264310518,15363,98,False,0.1457,0.5544,4
2026-09-01T05,513143,19155,100,True,0.2099,0.7573,11
2026-09-01T05,491487,9095,100,True,0.1406,0.4321,8
2026-09-01T05,32399,15631,94,False,0.0833,0.4009,9
2026-09-01T05,511224,11019,97,False,0.4435,0.6962,6
2026-09-01T05,509659,14766,100,True,0.1263,0.5856,6
2026-09-01T05,498566,14558,54,False,0.1568,0.7243,10
2026-09-01T05,31339,13969,100,True,0.1716,0.7402,7
2026-09-01T05,499973,13049,100,True,0.113,0.5233,5
2026-09-01T05,515025,8189,100,True,0.1155,0.4953,8
2026-09-01T05,29595,11848,100,True,0.1207,0.6077,7
2026-09-01T05,458353,11743,20,False,0.8913,0.9986,4
2026-09-01T05,29452,10413,27,False,0.2189,0.8105,3
2026-09-01T05,26936,8730,97,False,0.2735,0.6365,7
2026-09-01T05,511399,1734,11,False,0.7722,0.9988,2
2026-09-01T05,509660,6800,100,True,0.1449,0.4166,10
2026-09-01T05,512710,6624,97,False,0.3368,0.6739,5
2026-09-01T05,512953,6918,99,False,0.3338,0.7486,10
2026-09-01T05,27284,6902,97,False,0.0887,0.4919,7
2026-09-01T05,65876,7551,100,True,0.7583,0.954,6
2026-09-01T05,488662,5674,1,False,1.0,1.0,1
2026-09-01T05,2132205352,5952,100,True,0.2406,0.6986,8
2026-09-01T05,417528,6268,99,False,0.1769,0.7758,7
2026-09-01T05,23020,4013,97,False,0.3003,0.6539,6
2026-09-01T05,499634,6332,94,False,0.4473,0.9373,9
2026-09-01T05,674491029,5757,100,True,0.2352,0.6538,6
2026-09-01T05,884569009,5710,21,False,0.9175,0.9839,3
2026-09-01T05,513181,5607,100,True,0.3685,0.7489,11
2026-09-01T05,1832841853,5570,100,True,0.1454,0.7285,8
2026-09-01T05,24241,5000,100,True,0.1212,0.603,5
2026-09-01T05,464339927,4301,100,True,0.2544,0.6638,6
2026-09-01T05,106565812,5189,2,False,0.9769,1.0,2
2026-09-01T05,138585,5192,65,False,0.2174,0.822,10
2026-09-01T05,1036710512,4595,100,True,0.494,0.7684,5
2026-09-01T05,272263131,4823,100,True,0.3373,0.7041,4
2026-09-01T05,386821,4822,100,True,0.1545,0.5278,10
2026-09-01T05,1669431183,4761,100,True,0.2065,0.4768,4
2026-09-01T05,499003,4703,96,False,0.2768,0.7285,6
2026-09-01T05,1441208453,2718,96,False,0.1858,0.4871,8
2026-09-01T05,498592,4253,97,False,0.1505,0.5429,15
2026-09-01T05,19619,3619,100,True,0.1042,0.472,3
2026-09-01T05,66082,2591,100,True,0.2972,0.7349,6
2026-09-01T05,493057,3464,100,True,0.2038,0.7165,8
2026-09-01T05,460951,3719,66,False,0.8349,0.9411,3
2026-09-01T05,13332,3588,78,False,0.2032,0.8227,6
2026-09-01T05,1702520304,3551,72,False,0.3782,0.9034,9
2026-09-01T05,460630,1912,99,False,0.0999,0.4676,7
2026-09-01T05,670138298,2860,97,False,0.3619,0.7605,3
2026-09-01T05,27546,3235,60,False,0.4377,0.9178,12
2026-09-01T05,624536948,2595,100,True,0.1626,0.531,6
2026-09-01T05,1129937420,2956,3,False,0.9983,1.0,1
2026-09-01T05,30921,2047,100,True,0.1759,0.4954,6
2026-09-01T05,263490,2604,99,False,0.2243,0.6655,9
2026-09-01T05,459931,2580,100,True,0.1488,0.5597,5
2026-09-01T05,55453844,2670,99,False,0.2375,0.8277,5
2026-09-01T05,490655,2296,30,False,0.1729,0.8606,6
2026-09-01T05,543818421,2287,29,False,0.662,0.9729,5
2026-09-01T05,502829,2186,30,False,0.4506,0.9355,2
2026-09-01T05,1081998272,1751,100,True,0.1176,0.4506,6
2026-09-01T05,168648543,1942,100,True,0.2533,0.6766,5
2026-09-01T05,1196356222,2151,5,False,0.9949,1.0,2
2026-09-01T05,519291,2097,59,False,0.9237,0.9671,9
2026-09-01T05,172843237,2036,1,False,1.0,1.0,1
2026-09-01T05,1282866981,1912,98,False,0.0957,0.5492,11
2026-09-01T05,509508,1954,8,False,0.9708,1.0,1
2026-09-01T05,509667,1936,21,False,0.8264,0.9721,3
2026-09-01T05,509663,1926,64,False,0.1703,0.6911,7
2026-09-01T05,493959,1586,94,False,0.1665,0.4445,7
2026-09-01T05,500188,1839,100,True,0.2425,0.5459,6
2026-09-01T05,66170,1781,99,False,0.1426,0.5048,7
2026-09-01T05,509511,1848,69,False,0.1542,0.5758,6
2026-09-01T05,116747788,1790,34,False,0.6737,0.957,4
2026-09-01T05,1267086599,1711,1,False,1.0,1.0,1
2026-09-01T05,7022,1645,27,False,0.9599,0.9866,5
2026-09-01T05,401587136,1577,100,True,0.1427,0.5523,6
2026-09-01T05,65632,1516,96,False,0.3232,0.6966,9
2026-09-01T05,19976,1532,50,False,0.1234,0.8029,4
2026-09-01T05,2012789438,1389,100,True,0.1634,0.5148,6
2026-09-01T05,518597,1546,4,False,0.9386,1.0,2
2026-09-01T05,504463,1526,100,True,0.2955,0.7588,9
2026-09-01T05,10322,1535,15,False,0.8547,0.9961,2
2026-09-01T05,968234600,1511,7,False,0.8001,1.0,3
2026-09-01T05,1931693784,1383,60,False,0.1931,0.7824,7
2026-09-01T05,538054672,1480,79,False,0.3446,0.7777,7
2026-09-01T05,416015,1430,50,False,0.4769,0.8692,8
2026-09-01T05,518184,1265,100,True,0.1289,0.4387,7
2026-09-01T05,570615518,1442,100,True,0.1789,0.6595,10
2026-09-01T05,495811,1376,18,False,0.8343,0.9927,4
2026-09-01T11,509658,176404,96,False,0.206,0.5293,13
2026-09-01T11,516575,71229,100,True,0.1789,0.6077,13
2026-09-01T11,21779,49786,97,False,0.0783,0.4855,15
2026-09-01T11,18122,50278,100,True,0.388,0.7256,8
2026-09-01T11,29595,50967,97,False,0.2829,0.7838,7
2026-09-01T11,32399,44413,95,False,0.1912,0.5052,13
2026-09-01T11,509672,37287,100,True,0.2364,0.6368,15
2026-09-01T11,55453844,28397,99,False,0.3108,0.9224,9
2026-09-01T11,511224,24253,100,True,0.2189,0.6765,8
2026-09-01T11,518203,25699,75,False,0.3729,0.8438,10
2026-09-01T11,1820839024,25725,15,False,0.9978,0.9998,7
2026-09-01T11,499973,23689,100,True,0.2639,0.6668,5
2026-09-01T11,27471,18942,95,False,0.3632,0.7897,10
2026-09-01T11,2092563878,24167,5,False,0.3901,1.0,1
2026-09-01T11,515025,17694,97,False,0.1169,0.6256,10
2026-09-01T11,33214,14884,99,False,0.1354,0.4959,10
2026-09-01T11,491931,18320,100,True,0.2701,0.6096,13
2026-09-01T11,513143,18936,97,False,0.1066,0.5504,17
2026-09-01T11,32982,13754,96,False,0.0774,0.3667,12
2026-09-01T11,498566,18786,70,False,0.12,0.6468,15
2026-09-01T11,491487,12953,98,False,0.0876,0.5263,10
2026-09-01T11,495064,15317,1,False,1.0,1.0,1
2026-09-01T11,1478650472,13118,99,False,0.0743,0.5447,10
2026-09-01T11,509670,12429,81,False,0.9305,0.992,7
2026-09-01T11,31339,11843,100,True,0.1251,0.7124,11
2026-09-01T11,138585,11775,99,False,0.1913,0.7248,13
2026-09-01T11,511195,11464,10,False,0.9983,1.0,3
2026-09-01T11,2090279789,10258,10,False,0.9984,1.0,5
2026-09-01T11,417528,9792,100,True,0.176,0.6652,11
2026-09-01T11,602040818,8935,100,True,0.143,0.7243,7
2026-09-01T11,1264310518,7690,100,True,0.157,0.5684,8
2026-09-01T11,509660,6256,100,True,0.1931,0.4054,8
2026-09-01T11,27546,8363,100,True,0.2022,0.7375,12
2026-09-01T11,493057,7951,100,True,0.1536,0.6038,17
2026-09-01T11,386821,7771,98,False,0.1908,0.5913,13
2026-09-01T11,1494074023,7981,14,False,0.5979,0.968,1
2026-09-01T11,512710,7074,99,False,0.1272,0.5958,11
2026-09-01T11,29452,7652,15,False,0.2806,0.9761,4
2026-09-01T11,570615518,7075,100,True,0.2116,0.7223,14
2026-09-01T11,512953,6582,98,False,0.1288,0.6054,11
2026-09-01T11,19619,6058,100,True,0.0662,0.4168,5
2026-09-01T11,499634,6234,96,False,0.2883,0.7679,9
2026-09-01T11,1669431183,6116,98,False,0.3522,0.7363,11
2026-09-01T11,27284,5848,99,False,0.355,0.6069,8
2026-09-01T11,401587136,5674,100,True,0.1611,0.7591,13
2026-09-01T11,460630,5136,99,False,0.2216,0.6857,10
2026-09-01T11,509659,5320,100,True,0.1459,0.5923,6
2026-09-01T11,2104758320,5307,59,False,0.8229,0.9674,10
2026-09-01T11,26936,4655,94,False,0.07,0.452,10
2026-09-01T11,272263131,4870,100,True,0.2741,0.6645,6
2026-09-01T11,1991115310,5026,59,False,0.9519,0.9857,10
2026-09-01T11,512923,4866,70,False,0.8017,0.9209,11
2026-09-01T11,511229,4864,16,False,0.9299,0.9975,1
2026-09-01T11,498592,4455,100,True,0.1616,0.6171,9
2026-09-01T11,630009802,4524,11,False,0.9876,0.9998,4
2026-09-01T11,459931,4366,83,False,0.1846,0.8145,4
2026-09-01T11,417752,4349,98,False,0.2405,0.7942,11
2026-09-01T11,1599346425,4231,100,True,0.2947,0.6417,11
2026-09-01T11,2132205352,4194,100,True,0.1688,0.702,10
2026-09-01T11,464339927,4029,100,True,0.1303,0.5835,13
2026-09-01T11,513181,3720,100,True,0.1333,0.5328,13
2026-09-01T11,674491029,4156,99,False,0.1564,0.6295,7
2026-09-01T11,1702520304,4242,89,False,0.2416,0.8091,14
2026-09-01T11,24241,3341,100,True,0.0922,0.3987,8
2026-09-01T11,23020,2658,91,False,0.4552,0.6825,8
2026-09-01T11,645512413,3763,2,False,0.9995,1.0,1
2026-09-01T11,1441208453,3106,100,True,0.4939,0.6716,11
2026-09-01T11,1813168901,3473,44,False,0.1385,0.7596,6
2026-09-01T11,271304,3378,100,True,0.5533,0.8789,10
2026-09-01T11,65632,3262,96,False,0.2725,0.7833,10
2026-09-01T11,509663,3039,48,False,0.4965,0.8921,9
2026-09-01T11,1036710512,2517,100,True,0.1748,0.615,11
2026-09-01T11,490655,2857,29,False,0.1509,0.9051,7
2026-09-01T11,1282866981,2649,99,False,0.2261,0.5851,10
2026-09-01T11,6521,2696,32,False,0.5619,0.9844,7
2026-09-01T11,263490,2642,95,False,0.2911,0.701,7
2026-09-01T11,624536948,2474,100,True,0.1443,0.5885,11
2026-09-01T11,116747788,2740,38,False,0.5066,0.9577,6
2026-09-01T11,1832841853,2608,100,True,0.171,0.5721,12
2026-09-01T11,12839,2573,27,False,0.3797,0.9048,4
2026-09-01T11,13389,2658,29,False,0.5335,0.9774,8
2026-09-01T11,518006,2614,7,False,0.9916,1.0,5
2026-09-01T11,1414406743,2604,6,False,0.6156,1.0,3
2026-09-01T11,511391,2446,46,False,0.8704,0.9661,7
2026-09-01T11,500188,2382,99,False,0.1134,0.5218,10
2026-09-01T11,19976,2328,47,False,0.4832,0.8935,3
2026-09-01T11,13332,2329,55,False,0.2293,0.8557,9
2026-09-01T11,30921,1864,99,False,0.1588,0.5799,11
2026-09-01T11,416015,2314,60,False,0.3042,0.8332,11
2026-09-01T11,1169827,2201,10,False,0.6592,1.0,3
2026-09-01T11,504463,2208,99,False,0.375,0.7006,11
2026-09-01T11,1414860634,2185,42,False,0.3291,0.9524,7
2026-09-01T11,506415,2115,33,False,0.9135,0.9816,9
2026-09-01T11,509511,1995,72,False,0.1333,0.5794,6
2026-09-01T11,494184,1955,90,False,0.1524,0.7038,10
2026-09-01T11,514891,1971,5,False,0.9726,1.0,3
2026-09-01T11,66082,1441,100,True,0.2172,0.6371,14
2026-09-01T11,499003,1826,57,False,0.1884,0.7908,5
2026-09-01T11,735904419,1824,88,False,0.2829,0.8054,9
2026-09-01T11,71375,1800,66,False,0.205,0.6994,8
2026-09-01T16,509658,341779,99,False,0.0832,0.4507,13
2026-09-01T16,21779,104514,97,False,0.1087,0.5084,14
2026-09-01T16,18122,70301,99,False,0.2938,0.6127,8
2026-09-01T16,32399,63206,98,False,0.2316,0.4716,14
2026-09-01T16,516575,56963,99,False,0.1111,0.5044,12
2026-09-01T16,509672,70109,100,True,0.3291,0.7745,15
2026-09-01T16,32982,38580,100,True,0.0506,0.3272,11
2026-09-01T16,27471,47444,100,True,0.3076,0.7703,12
2026-09-01T16,29595,47393,100,True,0.1618,0.5808,8
2026-09-01T16,33214,30617,99,False,0.2193,0.5419,12
2026-09-01T16,491931,38589,100,True,0.2247,0.721,13
2026-09-01T16,491487,27444,98,False,0.1867,0.6686,12
2026-09-01T16,460630,30675,98,False,0.2016,0.6821,14
2026-09-01T16,498566,33165,96,False,0.2098,0.5829,15
2026-09-01T16,1478650472,24949,97,False,0.1124,0.5997,11
2026-09-01T16,518203,26436,98,False,0.3246,0.8115,12
2026-09-01T16,513143,24438,100,True,0.1853,0.5925,14
2026-09-01T16,515025,17719,100,True,0.1384,0.6118,10
2026-09-01T16,511224,16592,96,False,0.198,0.5525,10
2026-09-01T16,27546,20279,94,False,0.2557,0.7756,15
2026-09-01T16,674491029,19228,100,True,0.2048,0.7527,13
2026-09-01T16,509670,19713,89,False,0.9459,0.9932,10
2026-09-01T16,417528,17281,97,False,0.1125,0.6257,11
2026-09-01T16,512710,13276,96,False,0.2712,0.6303,12
2026-09-01T16,570615518,15286,99,False,0.2055,0.8066,18
2026-09-01T16,1898040946,10164,98,False,0.2956,0.735,15
2026-09-01T16,31339,13360,96,False,0.1269,0.5833,13
2026-09-01T16,602040818,13182,96,False,0.1234,0.5896,9
2026-09-01T16,499973,13584,100,True,0.145,0.5303,5
2026-09-01T16,135816296,14063,21,False,0.9006,0.9976,6
2026-09-01T16,509660,8248,100,True,0.1434,0.4058,15
2026-09-01T16,1264310518,10336,100,True,0.1918,0.5286,7
2026-09-01T16,29452,13451,29,False,0.1421,0.7124,5
2026-09-01T16,512953,11859,99,False,0.231,0.695,12
2026-09-01T16,30921,11710,99,False,0.1732,0.8021,12
2026-09-01T16,1820839024,12709,49,False,0.5738,0.9832,10
2026-09-01T16,1669431183,11707,92,False,0.2031,0.6707,7
2026-09-01T16,1282866981,9587,90,False,0.1654,0.7194,12
2026-09-01T16,511195,12090,13,False,0.9981,0.9998,5
2026-09-01T16,386821,11021,97,False,0.1112,0.4912,13
2026-09-01T16,138585,11191,96,False,0.2308,0.6769,12
2026-09-01T16,743,11120,95,False,0.4195,0.8179,13
2026-09-01T16,624536948,9109,100,True,0.4378,0.7925,13
2026-09-01T16,509659,9580,99,False,0.2563,0.6603,7
2026-09-01T16,511229,9054,16,False,0.5201,0.9988,1
2026-09-01T16,19619,7945,100,True,0.0862,0.4369,5
2026-09-01T16,1990426005,8812,1,False,1.0,1.0,1
2026-09-01T16,2090279789,8493,28,False,0.9898,0.9978,8
2026-09-01T16,513181,6562,100,True,0.1914,0.5555,15
2026-09-01T16,459931,7880,100,True,0.2046,0.7596,9
2026-09-01T16,500188,2550,99,False,0.1424,0.4816,12
2026-09-01T16,464339927,6715,100,True,0.1772,0.6502,14
2026-09-01T16,2132205352,6932,100,True,0.161,0.6125,8
2026-09-01T16,543818421,7410,82,False,0.552,0.9526,10
2026-09-01T16,24241,6028,100,True,0.1967,0.5687,8
2026-09-01T16,1702520304,7525,100,True,0.2308,0.7546,18
2026-09-01T16,493057,5759,100,True,0.1681,0.5034,19
2026-09-01T16,65632,6227,99,False,0.206,0.6888,13
2026-09-01T16,488190,6444,99,False,0.2033,0.6926,11
2026-09-01T16,27284,5751,98,False,0.0769,0.4104,9
2026-09-01T16,499634,6423,100,True,0.2656,0.7817,11
2026-09-01T16,23020,3722,97,False,0.3036,0.6136,9
2026-09-01T16,55453844,6191,99,False,0.2391,0.7485,8
2026-09-01T16,24208,6129,2,False,0.9995,1.0,2
2026-09-01T16,272263131,5497,100,True,0.3084,0.6815,5
2026-09-01T16,26936,4666,95,False,0.0746,0.4237,9
2026-09-01T16,1036710512,4983,95,False,0.2503,0.7524,12
2026-09-01T16,1832841853,4718,100,True,0.1181,0.5197,16
2026-09-01T16,401587136,4876,98,False,0.1694,0.5568,16
2026-09-01T16,497057,5360,97,False,0.6326,0.8918,11
2026-09-01T16,417752,5332,100,True,0.2646,0.8093,12
2026-09-01T16,29106,5238,100,True,0.7279,0.8818,10
2026-09-01T16,1441208453,3879,99,False,0.224,0.6234,11
2026-09-01T16,66082,3532,100,True,0.4159,0.6869,14
2026-09-01T16,66170,4428,98,False,0.5034,0.706,9
2026-09-01T16,1429246898,4562,8,False,0.838,1.0,3
2026-09-01T16,510202,4479,3,False,0.9993,1.0,2
2026-09-01T16,512980,4349,54,False,0.8542,0.9356,10
2026-09-01T16,494184,4373,99,False,0.3979,0.7414,8
2026-09-01T16,13332,4124,86,False,0.2839,0.7735,7
2026-09-01T16,13389,4557,34,False,0.5697,0.9695,8
2026-09-01T16,263490,3783,100,True,0.1301,0.5519,12
2026-09-01T16,12839,3989,54,False,0.3329,0.8198,6
2026-09-01T16,1477822963,3999,3,False,0.9977,1.0,2
2026-09-01T16,735904419,3829,99,False,0.2272,0.6305,11
2026-09-01T16,416015,3873,84,False,0.1322,0.732,12
2026-09-01T16,493959,3404,100,True,0.2018,0.6087,13
2026-09-01T16,1599346425,3015,100,True,0.0647,0.3439,8
2026-09-01T16,18168,3635,4,False,0.997,1.0,4
2026-09-01T16,2748,3607,55,False,0.2847,0.9227,8
2026-09-01T16,509663,3486,99,False,0.2031,0.6162,11
2026-09-01T16,504463,3265,96,False,0.1972,0.6812,11
2026-09-01T16,506415,3480,53,False,0.5333,0.9486,12
2026-09-01T16,491168,3443,33,False,0.4734,0.9875,7
2026-09-01T16,415998825,3359,10,False,0.9476,1.0,3
2026-09-01T16,490377,3322,100,True,0.3359,0.7098,10
2026-09-01T16,490948,3208,99,False,0.4018,0.7762,9
2026-09-01T16,852009328,3270,100,True,0.1596,0.619,15
2026-09-01T16,499003,3286,76,False,0.1616,0.7152,8
2026-09-01T16,71375,3287,100,True,0.1387,0.6541,11
2026-09-01T21,509658,331448,94,False,0.1371,0.6055,10
2026-09-01T21,32982,105137,98,False,0.1511,0.4808,13
2026-09-01T21,21779,71557,97,False,0.1808,0.5686,15
2026-09-01T21,18122,78890,95,False,0.2934,0.7763,9
2026-09-01T21,33214,56612,95,False,0.1777,0.6498,12
2026-09-01T21,32399,50683,94,False,0.0906,0.4135,12
2026-09-01T21,516575,42010,94,False,0.2417,0.65,13
2026-09-01T21,460630,53745,100,True,0.7808,0.9142,10
2026-09-01T21,498566,52625,99,False,0.2222,0.6021,13
2026-09-01T21,27471,33604,97,False,0.22,0.6479,11
2026-09-01T21,29595,42741,94,False,0.0976,0.6331,9
2026-09-01T21,491931,39830,100,True,0.2165,0.7207,14
2026-09-01T21,513143,37794,99,False,0.3497,0.6167,12
2026-09-01T21,31339,38509,97,False,0.2735,0.7913,8
2026-09-01T21,518203,33901,99,False,0.3385,0.711,11
2026-09-01T21,509672,31423,92,False,0.1569,0.6043,13
2026-09-01T21,332020481,31959,1,False,1.0,1.0,1
2026-09-01T21,491487,19178,100,True,0.1985,0.5227,13
2026-09-01T21,1898040946,21593,96,False,0.1669,0.8519,12
2026-09-01T21,512710,23436,100,True,0.1164,0.5877,9
2026-09-01T21,1217150241,26347,99,False,0.2988,0.8175,8
2026-09-01T21,515025,17406,96,False,0.1684,0.5838,9
2026-09-01T21,674491029,23891,94,False,0.362,0.8046,13
2026-09-01T21,1478650472,22028,99,False,0.226,0.6731,10
2026-09-01T21,602040818,20688,99,False,0.2432,0.6178,8
2026-09-01T21,30921,21763,99,False,0.6137,0.9109,12
2026-09-01T21,458912,22603,34,False,0.9789,0.9977,11
2026-09-01T21,1264310518,16062,100,True,0.1794,0.5174,8
2026-09-01T21,511224,14168,97,False,0.3406,0.658,11
2026-09-01T21,512953,15579,100,True,0.2106,0.7524,12
2026-09-01T21,29452,16837,34,False,0.1168,0.6909,5
2026-09-01T21,18707,13969,53,False,0.9837,0.9943,8
2026-09-01T21,510117,15358,17,False,0.9955,0.9995,7
2026-09-01T21,509660,9129,99,False,0.2055,0.4602,9
2026-09-01T21,509659,13851,99,False,0.1608,0.5978,10
2026-09-01T21,417528,13656,94,False,0.1359,0.6581,12
2026-09-01T21,499973,16566,100,True,0.2639,0.6464,5
2026-09-01T21,23020,10559,94,False,0.6398,0.8172,11
2026-09-01T21,138585,12643,100,True,0.2309,0.6733,13
2026-09-01T21,570615518,10486,95,False,0.2586,0.7616,14
2026-09-01T21,27284,9229,100,True,0.1185,0.4498,8
2026-09-01T21,19619,8390,99,False,0.0926,0.4577,3
2026-09-01T21,493057,8715,98,False,0.0991,0.499,14
2026-09-01T21,1702520304,9614,99,False,0.4585,0.8525,13
2026-09-01T21,493959,8275,99,False,0.2766,0.7492,10
2026-09-01T21,1129937420,9162,2,False,0.9997,1.0,2
2026-09-01T21,499634,8794,97,False,0.2228,0.8723,9
2026-09-01T21,116747788,8994,33,False,0.7692,0.9912,4
2026-09-01T21,27546,8785,94,False,0.2853,0.7791,15
2026-09-01T21,2132205352,8102,100,True,0.2596,0.734,7
2026-09-01T21,919021559,8561,96,False,0.9679,0.9813,8
2026-09-01T21,491962037,8212,38,False,0.843,0.9892,6
2026-09-01T21,386821,7753,100,True,0.1522,0.5483,14
2026-09-01T21,13332,8028,99,False,0.2678,0.8675,9
2026-09-01T21,1441208453,6329,100,True,0.2173,0.6804,9
2026-09-01T21,464339927,6386,99,False,0.2319,0.588,12
2026-09-01T21,488190,7510,100,True,0.3035,0.7252,14
2026-09-01T21,1669431183,6681,91,False,0.0962,0.4472,5
2026-09-01T21,24241,5963,99,False,0.0984,0.5246,8
2026-09-01T21,26936,5976,99,False,0.0606,0.3792,11
2026-09-01T21,272263131,6476,100,True,0.2304,0.714,4
2026-09-01T21,66082,4727,98,False,0.2469,0.7504,12
2026-09-01T21,1036710512,5455,96,False,0.3373,0.7413,13
2026-09-01T21,1190120838,6494,3,False,0.9654,1.0,3
2026-09-01T21,624536948,4072,96,False,0.0975,0.5007,11
2026-09-01T21,459931,5800,100,True,0.149,0.6172,6
2026-09-01T21,1104776029,6018,2,False,0.9975,1.0,2
2026-09-01T21,676802825,5422,97,False,0.5926,0.8425,11
2026-09-01T21,1763263,5760,63,False,0.5007,0.9476,3
2026-09-01T21,401587136,5148,100,True,0.1956,0.6395,13
2026-09-01T21,10260,5514,2,False,0.9996,1.0,1
2026-09-01T21,513181,4504,100,True,0.1088,0.4976,10
2026-09-01T21,491168,5498,34,False,0.2677,0.9789,8
2026-09-01T21,1832841853,4509,100,True,0.2391,0.6092,10
2026-09-01T21,65632,4460,96,False,0.1424,0.6049,12
2026-09-01T21,13389,4896,54,False,0.5666,0.9526,10
2026-09-01T21,263490,4329,100,True,0.2095,0.6549,13
2026-09-01T21,168648543,3897,96,False,0.1629,0.6913,10
2026-09-01T21,1630982727,4305,79,False,0.7833,0.9554,8
2026-09-01T21,483253897,4144,8,False,0.8803,1.0,6
2026-09-01T21,12839,4119,45,False,0.3746,0.8767,5
2026-09-01T21,1846293708,3939,94,False,0.5341,0.7558,4
2026-09-01T21,1743359147,3933,44,False,0.2499,0.9339,6
2026-09-01T21,1478397286,3824,1,False,1.0,1.0,1
2026-09-01T21,509663,3810,99,False,0.2297,0.5391,8
2026-09-01T21,499003,3053,100,True,0.1792,0.6548,5
2026-09-01T21,417752,3393,93,False,0.1901,0.6174,10
2026-09-01T21,469758789,3701,4,False,0.997,1.0,3
2026-09-01T21,10609,3497,28,False,0.6932,0.9891,6
2026-09-01T21,71375,3408,98,False,0.1004,0.5781,11
2026-09-01T21,31376,3458,94,False,0.847,0.9303,10
2026-09-01T21,490655,3396,38,False,0.1552,0.8378,8
2026-09-01T21,745589378,3366,40,False,0.3015,0.9605,6
2026-09-01T21,1931693784,3334,76,False,0.3038,0.844,8
2026-09-01T21,494184,3277,100,True,0.206,0.7666,9
2026-09-01T21,1282866981,3113,95,False,0.1783,0.5426,12
2026-09-01T21,262437666,3222,99,False,0.2582,0.7337,13
2026-09-01T21,500188,2484,100,True,0.0866,0.3861,12
2026-09-01T21,66170,2771,99,False,0.0895,0.3981,9
2026-09-01T21,29307,3137,85,False,0.4179,0.9181,14
2026-09-02T00,509658,168989,92,False,0.1725,0.526,11
2026-09-02T00,32982,79513,100,True,0.1723,0.5917,10
2026-09-02T00,33214,79209,96,False,0.4073,0.7922,8
2026-09-02T00,491931,56262,94,False,0.7047,0.9076,9
2026-09-02T00,18122,44059,100,True,0.3182,0.7664,7
2026-09-02T00,21779,33374,97,False,0.1498,0.4758,14
2026-09-02T00,516575,32928,95,False,0.1691,0.6302,12
2026-09-02T00,32399,35163,96,False,0.0735,0.4534,10
2026-09-02T00,498566,37178,86,False,0.1781,0.7144,10
2026-09-02T00,1217150241,35089,100,True,0.8133,0.9699,10
2026-09-02T00,29595,32066,93,False,0.1047,0.681,7
2026-09-02T00,491487,17541,100,True,0.1454,0.5339,9
2026-09-02T00,513143,30105,97,False,0.4175,0.7619,11
2026-09-02T00,509672,24432,99,False,0.1397,0.5619,13
2026-09-02T00,512710,21667,98,False,0.1248,0.5519,7
2026-09-02T00,602040818,19271,95,False,0.1366,0.5656,4
2026-09-02T00,27471,13248,95,False,0.1814,0.4623,7
2026-09-02T00,511224,19314,100,True,0.385,0.7421,10
2026-09-02T00,1264310518,15128,95,False,0.1885,0.5478,5
2026-09-02T00,499973,20487,100,True,0.2993,0.6531,6
2026-09-02T00,512953,18852,100,True,0.1475,0.718,10
2026-09-02T00,31339,19207,99,False,0.1359,0.6277,7
2026-09-02T00,515025,12569,95,False,0.164,0.5817,10
2026-09-02T00,460630,14744,98,False,0.2101,0.7849,7
2026-09-02T00,30921,14885,96,False,0.496,0.8947,7
2026-09-02T00,29452,15773,40,False,0.1501,0.6767,3
2026-09-02T00,674491029,13487,98,False,0.1944,0.7579,8
2026-09-02T00,1478650472,10367,99,False,0.1988,0.5322,8
2026-09-02T00,458353,13359,26,False,0.8126,0.9971,6
2026-09-02T00,510117,12582,13,False,0.9957,0.9998,4
2026-09-02T00,509659,12409,98,False,0.2721,0.6836,6
2026-09-02T00,491962037,12452,20,False,0.9525,0.9973,5
2026-09-02T00,2132205352,10249,100,True,0.1473,0.7297,5
2026-09-02T00,493057,10267,98,False,0.5248,0.7792,10
2026-09-02T00,509660,5854,92,False,0.0835,0.3416,8
2026-09-02T00,19619,7907,100,True,0.0718,0.3647,4
2026-09-02T00,1898040946,9598,100,True,0.2599,0.7689,9
2026-09-02T00,386821,8863,100,True,0.1803,0.64,11
2026-09-02T00,116747788,9081,36,False,0.6942,0.9889,4
2026-09-02T00,417528,8704,100,True,0.1693,0.6785,9
2026-09-02T00,14842174,8714,33,False,0.3135,0.9815,4
2026-09-02T00,464339927,7197,100,True,0.1571,0.6658,9
2026-09-02T00,499634,8361,100,True,0.3589,0.8702,6
2026-09-02T00,138585,8005,100,True,0.3009,0.7893,9
2026-09-02T00,519291,8005,100,True,0.8826,0.9768,7
2026-09-02T00,27284,6711,100,True,0.0763,0.3925,6
2026-09-02T00,1441208453,5428,100,True,0.2196,0.6494,8
2026-09-02T00,1036710512,5598,97,False,0.3507,0.7283,10
2026-09-02T00,513181,5955,100,True,0.3422,0.6845,9
2026-09-02T00,499003,6486,100,True,0.2015,0.6659,5
2026-09-02T00,230322618,6107,1,False,1.0,1.0,1
2026-09-02T00,26936,4519,95,False,0.0991,0.4623,9
2026-09-02T00,23020,2507,100,True,0.0447,0.3426,6
2026-09-02T00,24241,4149,100,True,0.1157,0.4661,8
2026-09-02T00,272263131,5421,100,True,0.219,0.7239,5
2026-09-02T00,1669431183,5021,96,False,0.1972,0.4425,4
2026-09-02T00,459931,5094,96,False,0.1869,0.6044,5
2026-09-02T00,509663,5330,99,False,0.1846,0.6099,5
2026-09-02T00,13332,5235,100,True,0.2875,0.8491,7
2026-09-02T00,1832841853,3686,97,False,0.2051,0.5692,8
2026-09-02T00,498592,5361,100,True,0.1365,0.6368,17
2026-09-02T00,12839,4859,10,False,0.7306,1.0,1
2026-09-02T00,624536948,3484,99,False,0.0887,0.5037,8
2026-09-02T00,263490,4543,97,False,0.2115,0.716,11
2026-09-02T00,670138298,3369,93,False,0.2087,0.7397,1
2026-09-02T00,66082,2616,95,False,0.2439,0.552,9
2026-09-02T00,1763263,4245,51,False,0.4777,0.9413,2
2026-09-02T00,65632,3853,100,True,0.1908,0.6675,9
2026-09-02T00,570615518,3700,96,False,0.4568,0.7205,9
2026-09-02T00,1568081763,3808,42,False,0.9047,0.9811,5
2026-09-02T00,2009321156,3596,64,False,0.6972,0.9066,9
2026-09-02T00,401587136,3076,100,True,0.1183,0.5686,12
2026-09-02T00,29307,3165,72,False,0.4269,0.9387,10
2026-09-02T00,1910103699,2915,100,True,0.542,0.7674,7
2026-09-02T00,27546,3073,99,False,0.3879,0.8031,14
2026-09-02T00,493959,2001,97,False,0.098,0.3468,8
2026-09-02T00,1813168901,2907,64,False,0.182,0.7403,5
2026-09-02T00,66170,2489,100,True,0.1233,0.4833,9
2026-09-02T00,236673708,2874,10,False,0.6507,1.0,5
2026-09-02T00,13389,2855,48,False,0.8224,0.9531,8
2026-09-02T00,626298054,2856,16,False,0.9125,0.9947,3
2026-09-02T00,1702520304,2781,99,False,0.215,0.7591,10
2026-09-02T00,500188,2358,100,True,0.1942,0.5047,9
2026-09-02T00,490655,2672,32,False,0.1366,0.8132,5
2026-09-02T00,852009328,2652,100,True,0.2025,0.6143,9
2026-09-02T00,1081998272,2198,100,True,0.2302,0.5737,5
2026-09-02T00,509511,2623,99,False,0.0637,0.4167,8
2026-09-02T00,17828,2591,23,False,0.6341,0.99,4
2026-09-02T00,168648543,2050,97,False,0.1444,0.6302,10
2026-09-02T00,460951,2417,100,True,0.6144,0.8204,4
2026-09-02T00,502829,2455,17,False,0.4383,0.9886,2
2026-09-02T00,489170,2461,45,False,0.8732,0.946,4
2026-09-02T00,488190,2398,71,False,0.2252,0.6785,8
2026-09-02T00,504463,2350,100,True,0.2668,0.7294,9
2026-09-02T00,676802825,2132,100,True,0.1069,0.546,7
2026-09-02T00,497057,2170,100,True,0.1991,0.5212,5
2026-09-02T00,518184,1811,100,True,0.0933,0.4423,9
2026-09-02T00,518203,2345,99,False,0.3475,0.7424,7
2026-09-02T00,982017546,2300,100,True,0.2804,0.5591,5
2026-09-02T00,417752,2134,100,True,0.1242,0.5998,6
2026-09-02T04,509658,138321,95,False,0.1782,0.5715,11
2026-09-02T04,66082,3431,95,False,0.2941,0.759,5
2026-09-02T04,18122,45216,98,False,0.2688,0.7757,7
2026-09-02T04,32982,38712,97,False,0.3066,0.6602,7
2026-09-02T04,491931,44159,99,False,0.8097,0.9014,9
2026-09-02T04,33214,31586,100,True,0.6319,0.7576,7
2026-09-02T04,21779,28939,99,False,0.1063,0.4103,8
2026-09-02T04,516575,29394,93,False,0.2519,0.6271,10
2026-09-02T04,32399,27817,97,False,0.224,0.5071,8
2026-09-02T04,1478650472,25866,98,False,0.6497,0.8173,8
2026-09-02T04,491487,16222,100,True,0.2431,0.6198,9
2026-09-02T04,602040818,20961,96,False,0.1358,0.5618,1
2026-09-02T04,513143,25733,96,False,0.4029,0.8377,12
2026-09-02T04,1898040946,24486,89,False,0.4656,0.9487,5
2026-09-02T04,1264310518,16088,99,False,0.124,0.5477,5
2026-09-02T04,509672,21955,99,False,0.29,0.6926,11
2026-09-02T04,498566,18802,73,False,0.1207,0.6448,11
2026-09-02T04,511224,13542,100,True,0.3219,0.7352,6
2026-09-02T04,27471,8134,98,False,0.0666,0.3918,6
2026-09-02T04,515025,11257,99,False,0.0975,0.5557,7
2026-09-02T04,509659,16492,100,True,0.157,0.5678,5
2026-09-02T04,26936,13739,91,False,0.694,0.809,5
2026-09-02T04,29452,14637,33,False,0.1451,0.7066,3
2026-09-02T04,29595,13770,97,False,0.1641,0.7237,7
2026-09-02T04,499973,12304,100,True,0.0894,0.5062,6
2026-09-02T04,674491029,13322,99,False,0.3251,0.8751,6
2026-09-02T04,2059463486,12893,68,False,0.8704,0.9736,3
2026-09-02T04,458353,13121,29,False,0.8064,0.9965,4
2026-09-02T04,511399,12529,12,False,0.9899,0.9998,3
2026-09-02T04,460630,8272,95,False,0.3103,0.7472,6
2026-09-02T04,512710,7517,96,False,0.2469,0.6259,6
2026-09-02T04,512953,9417,99,False,0.2154,0.5818,8
2026-09-02T04,31339,9183,89,False,0.188,0.6868,7
2026-09-02T04,27284,8099,100,True,0.1485,0.4676,7
2026-09-02T04,491962037,8331,11,False,0.9606,0.9998,2
2026-09-02T04,509660,4749,100,True,0.0316,0.2388,9
2026-09-02T04,2132205352,7112,100,True,0.2096,0.6759,5
2026-09-02T04,509663,7613,61,False,0.4687,0.9464,8
2026-09-02T04,1217150241,7563,100,True,0.2196,0.9371,5
2026-09-02T04,498592,7086,99,False,0.1915,0.5728,16
2026-09-02T04,1036710512,5536,100,True,0.3432,0.7538,8
2026-09-02T04,499634,6110,86,False,0.4802,0.9327,8
2026-09-02T04,138585,6076,69,False,0.1939,0.8104,8
2026-09-02T04,417528,6007,100,True,0.184,0.7754,8
2026-09-02T04,435870350,5530,35,False,0.9722,0.9935,6
2026-09-02T04,23020,3200,94,False,0.3556,0.5763,4
2026-09-02T04,1441208453,3820,96,False,0.1516,0.5869,9
2026-09-02T04,1448964995,5337,100,True,0.3729,0.7767,8
2026-09-02T04,464339927,4113,98,False,0.1157,0.5619,8
2026-09-02T04,386821,5220,98,False,0.1153,0.5845,10
2026-09-02T04,24241,3576,95,False,0.1088,0.4038,6
2026-09-02T04,499003,4796,99,False,0.3522,0.6854,4
2026-09-02T04,272263131,4292,100,True,0.1887,0.6722,6
2026-09-02T04,493959,1874,97,False,0.167,0.5149,7
2026-09-02T04,13332,4399,76,False,0.3976,0.8695,3
2026-09-02T04,1669431183,4231,96,False,0.0702,0.3793,3
2026-09-02T04,1945019091,4244,2,False,0.8306,1.0,1
2026-09-02T04,19619,3835,97,False,0.1066,0.4576,4
2026-09-02T04,1832841853,4057,100,True,0.2867,0.7222,7
2026-09-02T04,670138298,2898,94,False,0.2747,0.7736,1
2026-09-02T04,459931,3325,100,True,0.0938,0.5269,5
2026-09-02T04,1931693784,3377,53,False,0.6704,0.9135,7
2026-09-02T04,493057,3030,97,False,0.2644,0.7158,8
2026-09-02T04,55453844,3321,100,True,0.4676,0.7739,5
2026-09-02T04,624536948,2585,96,False,0.1327,0.5938,7
2026-09-02T04,504461,3220,78,False,0.6857,0.9065,3
2026-09-02T04,2012789438,2831,98,False,0.3345,0.7082,4
2026-09-02T04,30921,1644,95,False,0.1363,0.4696,6
2026-09-02T04,116747788,2885,37,False,0.3293,0.9556,4
2026-09-02T04,513181,2337,100,True,0.0543,0.362,5
2026-09-02T04,1081998272,2128,96,False,0.18,0.4262,6
2026-09-02T04,168648543,2398,99,False,0.2523,0.706,6
2026-09-02T04,490655,2633,39,False,0.1288,0.7638,6
2026-09-02T04,630009802,2615,73,False,0.4386,0.9124,5
2026-09-02T04,789588840,2574,22,False,0.9518,0.9934,3
2026-09-02T04,1813168901,2558,43,False,0.1306,0.7514,5
2026-09-02T04,519291,2509,70,False,0.613,0.9518,4
2026-09-02T04,1282866981,2432,100,True,0.2031,0.6711,11
2026-09-02T04,509511,2439,76,False,0.116,0.5535,5
2026-09-02T04,511229,1008,6,False,0.5595,1.0,1
2026-09-02T04,27546,2257,55,False,0.3833,0.9039,8
2026-09-02T04,502829,2227,26,False,0.4248,0.9654,3
2026-09-02T04,538054672,2158,92,False,0.367,0.7989,5
2026-09-02T04,500188,2057,100,True,0.2397,0.543,7
2026-09-02T04,401587136,1921,100,True,0.165,0.5825,8
2026-09-02T04,518184,1695,99,False,0.2277,0.5381,5
2026-09-02T04,20941,1901,47,False,0.7991,0.9563,2
2026-09-02T04,1702520304,1898,84,False,0.2534,0.7824,10
2026-09-02T04,394758168,1861,18,False,0.7297,0.9957,2
2026-09-02T04,494099,1807,100,True,0.3453,0.6281,6
2026-09-02T04,65632,1782,91,False,0.2817,0.6684,6
2026-09-02T04,339050343,1791,2,False,0.943,1.0,1
2026-09-02T04,13389,1785,31,False,0.842,0.9798,4
2026-09-02T04,1846293708,1694,59,False,0.5012,0.7367,4
2026-09-02T04,66170,1315,92,False,0.0426,0.324,5
2026-09-02T04,7022,1641,44,False,0.922,0.9622,5
2026-09-02T04,508455,1631,71,False,0.5978,0.8112,6
2026-09-02T04,10322,1624,20,False,0.7974,0.9717,2
2026-09-02T04,394568,1605,28,False,0.8324,0.9763,5
2026-09-02T04,19976,1533,46,False,0.1742,0.8258,4
2026-09-02T11,21779,327206,100,True,0.3384,0.738,17
2026-09-02T11,509658,116194,94,False,0.0882,0.3829,14
2026-09-02T11,516575,61680,100,True,0.1507,0.5691,12
2026-09-02T11,18122,54252,100,True,0.3541,0.6988,12
2026-09-02T11,32399,51519,100,True,0.1411,0.4774,14
2026-09-02T11,32982,43420,99,False,0.1579,0.5608,8
2026-09-02T11,29595,44703,100,True,0.2813,0.7183,8
2026-09-02T11,511224,39327,98,False,0.4471,0.8553,8
2026-09-02T11,509672,38352,100,True,0.144,0.5458,15
2026-09-02T11,31339,25526,100,True,0.4665,0.8612,10
2026-09-02T11,515025,16250,100,True,0.1269,0.587,12
2026-09-02T11,498566,19559,68,False,0.0966,0.6277,13
2026-09-02T11,499973,17186,100,True,0.2166,0.5686,5
2026-09-02T11,491931,16293,98,False,0.3347,0.6735,15
2026-09-02T11,518203,18058,73,False,0.3487,0.9147,11
2026-09-02T11,513143,16631,99,False,0.2069,0.6722,17
2026-09-02T11,27471,11026,99,False,0.2569,0.5876,10
2026-09-02T11,33214,9361,99,False,0.0926,0.4392,8
2026-09-02T11,493057,14166,97,False,0.2612,0.7603,14
2026-09-02T11,491487,9819,100,True,0.0999,0.4833,9
2026-09-02T11,55453844,12019,100,True,0.2061,0.8869,5
2026-09-02T11,27546,11673,99,False,0.1224,0.6516,14
2026-09-02T11,2090279789,11277,13,False,0.9949,0.9998,5
2026-09-02T11,511229,10032,14,False,0.7839,0.9989,1
2026-09-02T11,512710,8345,97,False,0.1281,0.5984,11
2026-09-02T11,602040818,8251,99,False,0.1487,0.6662,6
2026-09-02T11,1264310518,7104,99,False,0.241,0.5625,10
2026-09-02T11,138585,8475,100,True,0.1562,0.7028,13
2026-09-02T11,29452,8459,22,False,0.1719,0.7371,4
2026-09-02T11,674491029,8296,100,True,0.4562,0.859,9
2026-09-02T11,417528,8012,100,True,0.2314,0.7247,13
2026-09-02T11,509660,5463,99,False,0.0712,0.3106,9
2026-09-02T11,26936,7228,96,False,0.4903,0.7349,10
2026-09-02T11,386821,6819,98,False,0.215,0.5963,14
2026-09-02T11,1217150241,6878,78,False,0.4337,0.9372,11
2026-09-02T11,498592,6484,100,True,0.1018,0.5824,11
2026-09-02T11,460630,6154,100,True,0.1425,0.618,12
2026-09-02T11,512953,6064,99,False,0.1126,0.5142,10
2026-09-02T11,509659,5979,100,True,0.1236,0.5859,6
2026-09-02T11,27284,5771,100,True,0.3256,0.7125,10
2026-09-02T11,513181,5583,100,True,0.6004,0.81,15
2026-09-02T11,24241,5255,100,True,0.4504,0.635,7
2026-09-02T11,1945019091,5214,2,False,0.7877,1.0,1
2026-09-02T11,23020,4144,99,False,0.425,0.8444,9
2026-09-02T11,272263131,4645,99,False,0.2383,0.6799,8
2026-09-02T11,464339927,4541,99,False,0.1295,0.6417,11
2026-09-02T11,19619,4291,100,True,0.0886,0.43,5
2026-09-02T11,2132205352,4545,100,True,0.1199,0.6475,14
2026-09-02T11,1763844707,4660,36,False,0.947,0.9921,6
2026-09-02T11,543818421,4618,27,False,0.8214,0.9861,4
2026-09-02T11,1448964995,4416,100,True,0.2067,0.6212,13
2026-09-02T11,570615518,4289,100,True,0.3073,0.8093,15
2026-09-02T11,459931,4006,79,False,0.2371,0.7546,6
2026-09-02T11,401587136,3609,100,True,0.1704,0.7531,16
2026-09-02T11,317,3576,2,False,0.9838,1.0,1
2026-09-02T11,499634,3240,93,False,0.1707,0.8182,8
2026-09-02T11,417752,3432,99,False,0.2383,0.7646,13
2026-09-02T11,1282866981,3154,96,False,0.241,0.6309,10
2026-09-02T11,263490,2991,95,False,0.2855,0.8419,11
2026-09-02T11,65632,3015,100,True,0.3257,0.7247,12
2026-09-02T11,1669431183,2963,100,True,0.0739,0.4317,9
2026-09-02T11,2059463486,2755,28,False,0.2642,0.9728,6
2026-09-02T11,168648543,2652,100,True,0.1652,0.7647,13
2026-09-02T11,516866,2669,75,False,0.4226,0.8883,6
2026-09-02T11,1832841853,2549,100,True,0.1369,0.5536,12
2026-09-02T11,209738946,2648,62,False,0.7742,0.932,12
2026-09-02T11,1050003477,2625,39,False,0.6545,0.9642,6
2026-09-02T11,1469308723,2596,96,False,0.6206,0.8255,10
2026-09-02T11,116747788,2562,34,False,0.3876,0.9602,6
2026-09-02T11,12839,2466,35,False,0.1602,0.8195,4
2026-09-02T11,13332,2424,45,False,0.2479,0.8944,8
2026-09-02T11,1702520304,2346,71,False,0.1159,0.7651,13
2026-09-02T11,1599346425,2281,100,True,0.0899,0.3919,9
2026-09-02T11,1441208453,1874,99,False,0.0838,0.4274,10
2026-09-02T11,735904419,2351,80,False,0.3207,0.812,10
2026-09-02T11,30921,1898,100,True,0.1333,0.5664,10
2026-09-02T11,490655,2143,26,False,0.2347,0.9179,7
2026-09-02T11,19976,2139,60,False,0.4465,0.835,4
2026-09-02T11,500188,2096,100,True,0.1302,0.5553,10
2026-09-02T11,509511,2096,66,False,0.124,0.6646,5
2026-09-02T11,506415,2032,30,False,0.5128,0.9616,7
2026-09-02T11,504463,2024,99,False,0.3508,0.7322,14
2026-09-02T11,71375,2012,59,False,0.2087,0.747,9
2026-09-02T11,1959131435,1983,9,False,0.9602,1.0,3
2026-09-02T11,493959,1845,99,False,0.3659,0.7382,15
2026-09-02T11,624536948,1634,96,False,0.082,0.5447,11
2026-09-02T11,66366,1817,82,False,0.6032,0.8492,10
2026-09-02T11,698700926,1758,9,False,0.682,1.0,4
2026-09-02T11,2748,1751,34,False,0.4843,0.9697,6
2026-09-02T11,1036710512,1574,98,False,0.1315,0.5159,12
2026-09-02T11,6521,1722,27,False,0.5157,0.9634,7
2026-09-02T11,19554,1728,66,False,0.1574,0.7737,11
2026-09-02T11,416015,1727,50,False,0.2258,0.8164,12
2026-09-02T11,494184,1713,89,False,0.1582,0.7344,8
2026-09-02T11,213930085,1623,68,False,0.3155,0.833,13
2026-09-02T11,1898040946,1578,99,False,0.2503,0.7136,11
2026-09-02T11,502829,1576,58,False,0.5349,0.7697,3
2026-09-02T11,29307,1564,56,False,0.5697,0.9054,11
2026-09-02T11,512923,1254,68,False,0.2464,0.7504,7
2026-09-02T11,1813168901,1548,30,False,0.1809,0.8488,6
2026-09-02T16,509658,283413,99,False,0.0486,0.3543,13
2026-09-02T16,32982,115957,100,True,0.2199,0.6162,10
2026-09-02T16,21779,91669,98,False,0.1228,0.5178,16
2026-09-02T16,27471,90708,98,False,0.4694,0.8573,12
2026-09-02T16,32399,78549,100,True,0.1682,0.4792,14
2026-09-02T16,18122,77806,100,True,0.3624,0.6692,7
2026-09-02T16,516575,55139,97,False,0.1847,0.5492,12
2026-09-02T16,509672,52279,97,False,0.4983,0.7076,16
2026-09-02T16,29595,44113,95,False,0.1447,0.6697,6
2026-09-02T16,498566,38726,100,True,0.1804,0.6114,16
2026-09-02T16,491931,33919,99,False,0.2596,0.6519,13
2026-09-02T16,33214,23061,99,False,0.1383,0.4607,10
2026-09-02T16,491487,24804,99,False,0.108,0.599,12
2026-09-02T16,55453844,33177,92,False,0.3684,0.9174,7
2026-09-02T16,27546,31290,100,True,0.1859,0.7618,16
2026-09-02T16,369418,29618,57,False,0.3095,0.9553,14
2026-09-02T16,513143,25741,100,True,0.1734,0.6056,16
2026-09-02T16,493057,24348,98,False,0.3327,0.8226,14
2026-09-02T16,515025,18400,98,False,0.1405,0.5974,13
2026-09-02T16,511224,15006,100,True,0.228,0.5866,11
2026-09-02T16,512710,17535,99,False,0.2355,0.6315,11
2026-09-02T16,460630,16556,99,False,0.2865,0.7724,13
2026-09-02T16,417528,15472,100,True,0.126,0.6991,11
2026-09-02T16,499973,13906,100,True,0.168,0.5121,7
2026-09-02T16,1264310518,11775,100,True,0.2031,0.5312,10
2026-09-02T16,30921,13259,94,False,0.1514,0.732,15
2026-09-02T16,674491029,13591,99,False,0.2844,0.7311,15
2026-09-02T16,509660,7897,98,False,0.1708,0.4026,10
2026-09-02T16,512953,11479,100,True,0.1295,0.6116,13
2026-09-02T16,13263,12734,66,False,0.3602,0.8637,8
2026-09-02T16,602040818,10436,99,False,0.1022,0.5402,8
2026-09-02T16,386821,10459,95,False,0.0959,0.5005,13
2026-09-02T16,138585,11092,100,True,0.2407,0.7615,11
2026-09-02T16,31339,10530,100,True,0.1672,0.6144,12
2026-09-02T16,509659,10722,96,False,0.2003,0.7223,7
2026-09-02T16,987413865,10401,5,False,0.9981,1.0,1
2026-09-02T16,1702520304,10014,100,True,0.1801,0.7713,16
2026-09-02T16,543818421,10153,68,False,0.8165,0.9762,10
2026-09-02T16,1217150241,10050,98,False,0.3826,0.8951,13
2026-09-02T16,745846541,10080,1,False,1.0,1.0,1
2026-09-02T16,1669431183,8845,99,False,0.1284,0.5205,9
2026-09-02T16,511229,9846,13,False,0.6736,0.9997,1
2026-09-02T16,19619,8249,100,True,0.0788,0.3696,4
2026-09-02T16,624536948,9057,99,False,0.2661,0.7369,13
2026-09-02T16,29452,9357,23,False,0.1864,0.7655,3
2026-09-02T16,464339927,7546,98,False,0.1603,0.6187,15
2026-09-02T16,106565812,8778,82,False,0.4222,0.9542,9
2026-09-02T16,515047300,8626,6,False,0.5278,1.0,1
2026-09-02T16,1898040946,7972,99,False,0.2373,0.6848,14
2026-09-02T16,26936,7306,98,False,0.2283,0.548,11
2026-09-02T16,1832841853,7074,96,False,0.3133,0.6812,14
2026-09-02T16,570615518,7263,97,False,0.4111,0.8039,14
2026-09-02T16,417752,7502,95,False,0.1874,0.8031,11
2026-09-02T16,459931,7681,100,True,0.1755,0.7253,8
2026-09-02T16,65632,7469,98,False,0.1782,0.695,15
2026-09-02T16,2132205352,6964,100,True,0.1538,0.6677,9
2026-09-02T16,23020,5454,94,False,0.2076,0.7076,8
2026-09-02T16,518203,7217,100,True,0.2849,0.81,12
2026-09-02T16,29106,7073,100,True,0.7469,0.9087,8
2026-09-02T16,499634,6936,100,True,0.1596,0.6753,8
2026-09-02T16,27284,6135,100,True,0.2007,0.4823,9
2026-09-02T16,24241,5285,96,False,0.2356,0.5574,8
2026-09-02T16,24208,6389,2,False,0.9997,1.0,2
2026-09-02T16,263490,6096,98,False,0.2802,0.7492,12
2026-09-02T16,493959,5647,98,False,0.5695,0.7955,14
2026-09-02T16,490948,6086,100,True,0.6075,0.9022,9
2026-09-02T16,1190120838,6045,1,False,1.0,1.0,1
2026-09-02T16,2005329090,5950,7,False,0.8857,1.0,1
2026-09-02T16,513181,4830,96,False,0.088,0.57,13
2026-09-02T16,12839,5733,50,False,0.1894,0.7964,5
2026-09-02T16,491168,5451,46,False,0.4643,0.9787,8
2026-09-02T16,66082,4668,98,False,0.1517,0.7517,12
2026-09-02T16,1282866981,4990,97,False,0.2345,0.6493,13
2026-09-02T16,272263131,5044,100,True,0.2452,0.6612,5
2026-09-02T16,401587136,4911,100,True,0.2287,0.6184,15
2026-09-02T16,494184,5001,98,False,0.2561,0.8212,7
2026-09-02T16,1050003477,5092,82,False,0.4961,0.8938,9
2026-09-02T16,1441208453,3740,95,False,0.1767,0.612,10
2026-09-02T16,1428314242,397,20,False,0.6196,0.9647,1
2026-09-02T16,498380,4911,3,False,0.9088,1.0,1
2026-09-02T16,1036710512,4418,100,True,0.1793,0.6689,12
2026-09-02T16,498592,4715,98,False,0.2329,0.7298,6
2026-09-02T16,71375,4473,100,True,0.4339,0.7465,10
2026-09-02T16,488190,4422,94,False,0.1612,0.5651,13
2026-09-02T16,13332,4170,96,False,0.1564,0.6808,10
2026-09-02T16,2748,4123,46,False,0.3396,0.9449,8
2026-09-02T16,1544653089,3864,13,False,0.2293,0.9979,6
2026-09-02T16,416015,3882,93,False,0.1211,0.728,13
2026-09-02T16,1448964995,3505,100,True,0.1298,0.5113,13
2026-09-02T16,1599346425,2933,100,True,0.0539,0.2649,7
2026-09-02T16,1597660489,3755,78,False,0.7923,0.9382,13
2026-09-02T16,12924,3533,39,False,0.5667,0.9652,8
2026-09-02T16,500188,2955,100,True,0.0988,0.4142,12
2026-09-02T16,495202,3389,12,False,0.9714,0.9997,4
2026-09-02T16,32502,3264,42,False,0.5683,0.9231,11
2026-09-02T16,1435206302,2669,55,False,0.4889,0.9217,9
2026-09-02T16,490422,3170,38,False,0.5893,0.9543,7
2026-09-02T16,502829,3095,68,False,0.3325,0.78,4
2026-09-02T16,93798731,3138,76,False,0.5402,0.9372,10
2026-09-02T16,687129551,3020,33,False,0.5424,0.9632,6
2026-09-02T21,509658,375349,97,False,0.1095,0.491,12
2026-09-02T21,32982,100588,98,False,0.1654,0.5403,13
2026-09-02T21,32399,69451,93,False,0.111,0.4584,14
2026-09-02T21,18122,70148,96,False,0.2636,0.7343,10
2026-09-02T21,21779,59206,97,False,0.1991,0.5233,15
2026-09-02T21,33214,55213,97,False,0.4347,0.7914,10
2026-09-02T21,516575,40958,100,True,0.0913,0.5284,14
2026-09-02T21,29595,47065,97,False,0.1697,0.6663,8
2026-09-02T21,498566,48729,96,False,0.1723,0.534,13
2026-09-02T21,460630,43876,98,False,0.7946,0.9199,13
2026-09-02T21,1898040946,44690,100,True,0.528,0.9506,12
2026-09-02T21,30921,39031,99,False,0.4173,0.9141,8
2026-09-02T21,491931,33920,99,False,0.2675,0.7919,13
2026-09-02T21,513143,35442,98,False,0.3426,0.6744,15
2026-09-02T21,512710,28556,96,False,0.1424,0.5652,10
2026-09-02T21,31339,29883,99,False,0.287,0.8406,8
2026-09-02T21,515025,19433,91,False,0.1571,0.5996,12
2026-09-02T21,491487,13509,97,False,0.0878,0.4272,11
2026-09-02T21,27471,13546,97,False,0.109,0.4814,12
2026-09-02T21,509672,22056,99,False,0.1687,0.5613,15
2026-09-02T21,674491029,20537,95,False,0.3989,0.7932,11
2026-09-02T21,493057,18167,96,False,0.4338,0.779,14
2026-09-02T21,1264310518,13106,99,False,0.1483,0.4493,8
2026-09-02T21,511224,14127,98,False,0.3154,0.6451,11
2026-09-02T21,602040818,14814,100,True,0.1215,0.5116,9
2026-09-02T21,921298138,9495,94,False,0.2888,0.8928,12
2026-09-02T21,23020,13285,94,False,0.5303,0.8192,9
2026-09-02T21,27546,15738,94,False,0.2927,0.7287,13
2026-09-02T21,499973,15025,100,True,0.1023,0.5838,6
2026-09-02T21,493959,14447,99,False,0.2067,0.8236,13
2026-09-02T21,509659,13650,98,False,0.2303,0.6246,7
2026-09-02T21,518203,15284,100,True,0.4863,0.8129,13
2026-09-02T21,509660,9648,98,False,0.3085,0.5072,11
2026-09-02T21,1944970920,14133,2,False,0.9975,1.0,2
2026-09-02T21,2132205352,12684,100,True,0.3115,0.7788,8
2026-09-02T21,29452,13503,35,False,0.0966,0.6076,4
2026-09-02T21,458353,12806,30,False,0.7887,0.995,7
2026-09-02T21,417528,12370,100,True,0.1349,0.6386,10
2026-09-02T21,512953,9689,96,False,0.1617,0.6709,12
2026-09-02T21,515325,11532,3,False,0.6798,1.0,1
2026-09-02T21,488500,11576,19,False,0.9956,0.9993,7
2026-09-02T21,515047300,11118,6,False,0.6451,1.0,1
2026-09-02T21,743893402,11288,100,True,0.1404,0.73,13
2026-09-02T21,491962037,11124,33,False,0.5971,0.9862,6
2026-09-02T21,1669431183,9268,100,True,0.1641,0.5308,7
2026-09-02T21,499634,9903,99,False,0.2347,0.8418,7
2026-09-02T21,19619,8081,100,True,0.0907,0.4593,4
2026-09-02T21,10609,8768,32,False,0.5793,0.9944,5
2026-09-02T21,27284,7887,100,True,0.0663,0.3967,9
2026-09-02T21,65632,8501,99,False,0.1636,0.7387,13
2026-09-02T21,509663,8783,87,False,0.3829,0.8372,9
2026-09-02T21,1702520304,8704,97,False,0.4393,0.8401,13
2026-09-02T21,12839,8675,38,False,0.5348,0.9539,4
2026-09-02T21,459931,6750,94,False,0.1501,0.6836,7
2026-09-02T21,138585,7379,92,False,0.1907,0.7218,13
2026-09-02T21,1832841853,6787,93,False,0.3053,0.661,15
2026-09-02T21,464339927,5821,97,False,0.1362,0.5889,12
2026-09-02T21,513589,7224,34,False,0.9838,0.9968,3
2026-09-02T21,2010156204,7036,5,False,0.9945,1.0,4
2026-09-02T21,491168,6656,43,False,0.3102,0.9319,8
2026-09-02T21,386821,6502,100,True,0.1146,0.5261,14
2026-09-02T21,570615518,5773,92,False,0.4497,0.6996,13
2026-09-02T21,263490,6503,97,False,0.4093,0.774,8
2026-09-02T21,1036710512,5389,94,False,0.326,0.7189,10
2026-09-02T21,26936,5320,96,False,0.0652,0.4502,10
2026-09-02T21,1081998272,6144,97,False,0.4297,0.8592,11
2026-09-02T21,66082,5569,100,True,0.4606,0.8165,13
2026-09-02T21,488190,6453,100,True,0.1141,0.6017,10
2026-09-02T21,24241,4832,96,False,0.1337,0.5904,7
2026-09-02T21,401587136,5168,98,False,0.2229,0.6641,13
2026-09-02T21,1910993272,5507,87,False,0.1602,0.6479,14
2026-09-02T21,272263131,5653,100,True,0.2834,0.6931,6
2026-09-02T21,510202,5810,5,False,0.9986,1.0,4
2026-09-02T21,624536948,3894,100,True,0.2139,0.52,10
2026-09-02T21,513181,4435,97,False,0.2271,0.6216,10
2026-09-02T21,499003,5091,98,False,0.2159,0.717,7
2026-09-02T21,1441208453,3303,99,False,0.2691,0.5677,9
2026-09-02T21,1982936547,4853,59,False,0.4389,0.9654,8
2026-09-02T21,532988445,4823,17,False,0.9797,0.9988,2
2026-09-02T21,13332,4574,97,False,0.2571,0.7495,7
2026-09-02T21,1478650472,4799,99,False,0.7485,0.9408,9
2026-09-02T21,116747788,4763,40,False,0.591,0.9721,2
2026-09-02T21,1763263,4705,56,False,0.6527,0.9282,3
2026-09-02T21,491381,61,14,False,0.4754,0.9508,3
2026-09-02T21,417752,4022,100,True,0.1663,0.6832,10
2026-09-02T21,1050003477,4076,99,False,0.2559,0.8167,8
2026-09-02T21,511399,4114,13,False,0.8719,0.9961,4
2026-09-02T21,55453844,3981,91,False,0.4331,0.8872,10
2026-09-02T21,500188,3075,97,False,0.1584,0.4172,11
2026-09-02T21,29307,3438,85,False,0.4401,0.9267,12
2026-09-02T21,2012789438,2796,100,True,0.1756,0.515,5
2026-09-02T21,328338354,3380,7,False,0.9399,1.0,2
2026-09-02T21,495202,3379,14,False,0.9571,0.9973,2
2026-09-02T21,11557,3157,66,False,0.6199,0.9252,5
2026-09-02T21,670138298,2945,99,False,0.1793,0.7148,3
2026-09-02T21,516588,3136,27,False,0.3358,0.8476,1
2026-09-02T21,743,3214,70,False,0.3895,0.8923,11
2026-09-02T21,19976,3200,40,False,0.5847,0.9325,6
2026-09-02T21,71375,3120,96,False,0.2038,0.5846,11
2026-09-02T21,1282866981,3061,100,True,0.1666,0.6129,15
2026-09-03T00,509658,205871,99,False,0.1722,0.5495,10
2026-09-03T00,32982,74369,98,False,0.2171,0.639,9
2026-09-03T00,1357871551,80291,100,True,0.165,0.6896,9
2026-09-03T00,33214,49326,100,True,0.4476,0.8188,7
2026-09-03T00,491931,54689,99,False,0.6883,0.9048,11
2026-09-03T00,21779,36706,97,False,0.1233,0.4861,10
2026-09-03T00,18122,46210,100,True,0.3308,0.8069,8
2026-09-03T00,460630,41129,96,False,0.7794,0.9422,8
2026-09-03T00,32399,33804,94,False,0.1555,0.6088,13
2026-09-03T00,516575,27582,100,True,0.115,0.5962,12
2026-09-03T00,1910993272,33296,98,False,0.8463,0.9615,8
2026-09-03T00,491487,15247,96,False,0.1616,0.5368,7
2026-09-03T00,29452,29495,37,False,0.6587,0.8866,3
2026-09-03T00,513143,28484,97,False,0.4216,0.8404,14
2026-09-03T00,512710,22012,99,False,0.0898,0.5182,9
2026-09-03T00,29595,24318,97,False,0.1195,0.6162,7
2026-09-03T00,511224,21542,100,True,0.337,0.7916,7
2026-09-03T00,498566,23745,99,False,0.0924,0.5688,9
2026-09-03T00,27471,13232,99,False,0.1072,0.4957,8
2026-09-03T00,515025,17195,94,False,0.1698,0.7299,11
2026-09-03T00,509672,22998,99,False,0.1481,0.6539,11
2026-09-03T00,602040818,17460,99,False,0.1588,0.5931,4
2026-09-03T00,1264310518,15263,100,True,0.1139,0.5296,6
2026-09-03T00,1528763908,18600,6,False,0.9987,1.0,1
2026-09-03T00,1898040946,14550,98,False,0.312,0.8731,8
2026-09-03T00,921298138,14361,100,True,0.2936,0.9171,8
2026-09-03T00,499973,13349,100,True,0.075,0.5124,6
2026-09-03T00,2132205352,12799,100,True,0.3277,0.7862,7
2026-09-03T00,10609,13301,44,False,0.3468,0.994,5
2026-09-03T00,509660,7763,100,True,0.1797,0.4681,10
2026-09-03T00,458353,11908,30,False,0.7978,0.9957,5
2026-09-03T00,509659,11297,100,True,0.1189,0.5371,7
2026-09-03T00,512953,10113,98,False,0.2408,0.7289,9
2026-09-03T00,19619,8997,100,True,0.0784,0.3839,4
2026-09-03T00,491962037,10485,21,False,0.9613,0.9982,6
2026-09-03T00,417528,10123,100,True,0.1463,0.6603,9
2026-09-03T00,399457773,9998,8,False,0.9909,1.0,2
2026-09-03T00,30921,7358,98,False,0.5567,0.8031,8
2026-09-03T00,23020,5259,94,False,0.3098,0.6199,6
2026-09-03T00,539102438,8836,2,False,0.9999,1.0,1
2026-09-03T00,31339,7618,100,True,0.0941,0.532,8
2026-09-03T00,27284,7286,100,True,0.0948,0.4356,8
2026-09-03T00,386821,7679,100,True,0.2762,0.6006,10
2026-09-03T00,518203,7853,99,False,0.6651,0.8826,7
2026-09-03T00,464339927,6127,97,False,0.1387,0.6024,9
2026-09-03T00,493057,6387,95,False,0.2217,0.6131,12
2026-09-03T00,674491029,6621,100,True,0.1403,0.6656,6
2026-09-03T00,1036710512,5331,95,False,0.3947,0.7745,8
2026-09-03T00,1702520304,6552,100,True,0.451,0.792,10
2026-09-03T00,138585,6545,96,False,0.3257,0.8064,11
2026-09-03T00,509663,6454,96,False,0.3793,0.7846,8
2026-09-03T00,499634,6228,100,True,0.3094,0.8496,6
2026-09-03T00,26936,4818,95,False,0.1088,0.5071,8
2026-09-03T00,499003,6153,100,True,0.2461,0.7752,5
2026-09-03T00,1669431183,5448,100,True,0.1635,0.3996,6
2026-09-03T00,12839,5747,16,False,0.7134,0.9944,3
2026-09-03T00,624536948,4240,95,False,0.108,0.5573,7
2026-09-03T00,13332,5314,100,True,0.2889,0.8094,6
2026-09-03T00,27546,5110,92,False,0.3963,0.8609,16
2026-09-03T00,272263131,4791,100,True,0.2152,0.6629,6
2026-09-03T00,24241,3668,100,True,0.1401,0.4343,7
2026-09-03T00,513181,4360,100,True,0.2479,0.7257,9
2026-09-03T00,670138298,3697,99,False,0.2085,0.7617,2
2026-09-03T00,459931,4341,100,True,0.0928,0.4854,5
2026-09-03T00,518184,4010,92,False,0.2713,0.8147,6
2026-09-03T00,401587136,4098,100,True,0.226,0.7294,12
2026-09-03T00,488190,4241,76,False,0.1544,0.6598,6
2026-09-03T00,2012789438,3363,100,True,0.1579,0.5418,5
2026-09-03T00,493959,3398,99,False,0.251,0.5303,8
2026-09-03T00,743893402,4071,100,True,0.3019,0.8101,8
2026-09-03T00,1982936547,4113,64,False,0.4335,0.9336,5
2026-09-03T00,369252,3410,91,False,0.6073,0.8894,6
2026-09-03T00,65632,3470,98,False,0.1839,0.7159,10
2026-09-03T00,498592,3722,100,True,0.1523,0.5717,16
2026-09-03T00,1763263,3599,41,False,0.5863,0.9455,2
2026-09-03T00,460951,3429,100,True,0.3118,0.8685,4
2026-09-03T00,509577,3436,100,True,0.3495,0.8015,4
2026-09-03T00,263490,3293,96,False,0.2104,0.723,9
2026-09-03T00,66082,2346,100,True,0.1479,0.5247,7
2026-09-03T00,66170,2765,100,True,0.1078,0.4137,5
2026-09-03T00,23894,3198,60,False,0.9472,0.9819,5
2026-09-03T00,11557,2910,80,False,0.7746,0.8997,5
2026-09-03T00,116747788,2845,40,False,0.4214,0.9244,5
2026-09-03T00,1282866981,2563,100,True,0.16,0.62,12
2026-09-03T00,509511,2794,99,False,0.048,0.4062,7
2026-09-03T00,55453844,2723,100,True,0.2365,0.6875,6
2026-09-03T00,456845141,2679,100,True,0.6973,0.8873,9
2026-09-03T00,29307,2630,62,False,0.4338,0.9323,9
2026-09-03T00,504463,2517,100,True,0.2996,0.7529,11
2026-09-03T00,1217150241,2552,100,True,0.4032,0.8895,8
2026-09-03T00,2009321156,2571,56,False,0.6818,0.9004,8
2026-09-03T00,417752,2330,98,False,0.1326,0.5618,6
2026-09-03T00,1832841853,2132,100,True,0.1388,0.5436,8
2026-09-03T00,766571430,1817,97,False,0.1365,0.4293,7
2026-09-03T00,982017546,2315,100,True,0.2648,0.6022,7
2026-09-03T00,745589378,2279,29,False,0.7486,0.9838,6
2026-09-03T00,1050003477,2261,100,True,0.6254,0.7718,7
2026-09-03T00,1494,564,97,False,0.0922,0.3511,10
2026-09-03T00,500188,1908,100,True,0.0671,0.3024,8
2026-09-03T00,502829,2197,16,False,0.4643,0.995,1
2026-09-03T04,509658,126723,99,False,0.1421,0.5191,9
2026-09-03T04,1319457944,58939,6,False,0.9993,1.0,2
2026-09-03T04,491931,47590,99,False,0.8245,0.9208,8
2026-09-03T04,1357871551,42508,100,True,0.2427,0.5768,11
2026-09-03T04,491487,30478,95,False,0.6489,0.8181,9
2026-09-03T04,18122,36093,100,True,0.3217,0.7623,6
2026-09-03T04,516575,27814,99,False,0.2671,0.6212,9
2026-09-03T04,21779,23875,99,False,0.087,0.455,10
2026-09-03T04,32982,24935,98,False,0.2234,0.6002,7
2026-09-03T04,602040818,21132,93,False,0.1533,0.6157,3
2026-09-03T04,33214,12424,94,False,0.1484,0.5052,6
2026-09-03T04,513143,23518,99,False,0.4852,0.8589,12
2026-09-03T04,1264310518,12848,100,True,0.1677,0.4598,5
2026-09-03T04,32399,17083,100,True,0.1067,0.4604,8
2026-09-03T04,511224,13037,97,False,0.3456,0.6909,6
2026-09-03T04,509672,17009,100,True,0.153,0.6605,14
2026-09-03T04,13332,16799,86,False,0.9057,0.9735,6
2026-09-03T04,515025,9974,97,False,0.0821,0.4997,7
2026-09-03T04,1898040946,15237,100,True,0.7018,0.9136,6
2026-09-03T04,498566,15337,66,False,0.1511,0.6641,10
2026-09-03T04,29452,14809,32,False,0.159,0.7072,3
2026-09-03T04,27471,6952,92,False,0.08,0.4051,5
2026-09-03T04,499973,12695,100,True,0.116,0.5166,6
2026-09-03T04,1982936547,13067,30,False,0.5756,0.994,4
2026-09-03T04,144418804,12949,14,False,0.9214,0.9996,2
2026-09-03T04,884569009,12579,23,False,0.9856,0.9967,2
2026-09-03T04,509659,11923,100,True,0.1535,0.5236,5
2026-09-03T04,512710,9076,96,False,0.2438,0.6154,5
2026-09-03T04,29595,10760,100,True,0.1209,0.6389,8
2026-09-03T04,460630,8368,97,False,0.3022,0.7651,6
2026-09-03T04,31339,10108,100,True,0.1105,0.5838,8
2026-09-03T04,27284,8179,100,True,0.1651,0.4716,7
2026-09-03T04,509660,4903,98,False,0.039,0.2739,10
2026-09-03T04,1669431183,6988,100,True,0.1494,0.5594,5
2026-09-03T04,499003,6939,100,True,0.2404,0.7363,5
2026-09-03T04,26936,5851,97,False,0.3158,0.6237,6
2026-09-03T04,512953,5960,92,False,0.1235,0.5908,9
2026-09-03T04,1099705332,6767,30,False,0.9329,0.9808,3
2026-09-03T04,2132205352,6215,100,True,0.2771,0.7234,6
2026-09-03T04,23020,3788,91,False,0.43,0.628,6
2026-09-03T04,417528,5999,100,True,0.1545,0.6739,7
2026-09-03T04,464339927,4419,99,False,0.1437,0.5445,8
2026-09-03T04,10609,4593,29,False,0.9475,0.9913,2
2026-09-03T04,1036710512,4466,100,True,0.3632,0.7454,8
2026-09-03T04,498592,4958,100,True,0.0916,0.4681,16
2026-09-03T04,499634,4941,89,False,0.3475,0.8579,8
2026-09-03T04,24241,3677,100,True,0.0601,0.3421,5
2026-09-03T04,138585,4582,67,False,0.2394,0.8835,10
2026-09-03T04,386821,4300,96,False,0.0798,0.5009,9
2026-09-03T04,509663,4499,72,False,0.3034,0.7693,7
2026-09-03T04,30921,3174,100,True,0.2268,0.638,6
2026-09-03T04,263490,4203,96,False,0.536,0.8844,6
2026-09-03T04,272263131,4035,100,True,0.2503,0.684,6
2026-09-03T04,66082,3547,100,True,0.2692,0.7936,6
2026-09-03T04,19619,3828,100,True,0.0969,0.4689,3
2026-09-03T04,493057,3685,99,False,0.5913,0.7908,10
2026-09-03T04,743893402,3971,60,False,0.4556,0.9161,7
2026-09-03T04,459931,3876,94,False,0.0996,0.5895,3
2026-09-03T04,1441208453,2617,100,True,0.0837,0.4177,8
2026-09-03T04,2012789438,3003,100,True,0.1402,0.5375,4
2026-09-03T04,1702520304,3609,85,False,0.281,0.8185,10
2026-09-03T04,624536948,2678,92,False,0.1852,0.6628,5
2026-09-03T04,55453844,3183,100,True,0.2262,0.7694,5
2026-09-03T04,673760473,3140,2,False,0.9997,1.0,1
2026-09-03T04,27546,2989,61,False,0.4885,0.9103,13
2026-09-03T04,1294658629,2940,100,True,0.4007,0.7912,7
2026-09-03T04,460951,3020,82,False,0.8533,0.9228,2
2026-09-03T04,670138298,2488,100,True,0.4594,0.7769,2
2026-09-03T04,458353,2728,15,False,0.7317,0.9982,3
2026-09-03T04,168648543,2344,100,True,0.5111,0.7056,7
2026-09-03T04,513181,2371,100,True,0.2632,0.534,9
2026-09-03T04,1448964995,2506,93,False,0.494,0.8671,9
2026-09-03T04,921298138,2425,88,False,0.4165,0.8016,5
2026-09-03T04,1832641890,2523,100,True,0.3516,0.8803,2
2026-09-03T04,6256,2453,9,False,0.9935,1.0,1
2026-09-03T04,509511,2316,68,False,0.1161,0.582,6
2026-09-03T04,511399,2350,18,False,0.8026,0.9881,3
2026-09-03T04,674491029,2135,99,False,0.1597,0.4749,6
2026-09-03T04,401587136,2229,100,True,0.2871,0.6438,9
2026-09-03T04,13263,2246,14,False,0.768,0.996,2
2026-09-03T04,493959,1865,97,False,0.134,0.533,8
2026-09-03T04,502829,2137,25,False,0.4296,0.9691,3
2026-09-03T04,260991868,2132,1,False,1.0,1.0,1
2026-09-03T04,11557,2148,52,False,0.5987,0.9008,4
2026-09-03T04,502914,2050,11,False,0.9854,0.9995,2
2026-09-03T04,65632,1976,96,False,0.2323,0.7257,8
2026-09-03T04,1282866981,1927,100,True,0.1173,0.575,10
2026-09-03T04,518184,1742,100,True,0.2974,0.5918,6
2026-09-03T04,66170,1663,98,False,0.0998,0.3764,7
2026-09-03T04,1678532194,1430,79,False,0.6483,0.8392,1
2026-09-03T04,538054672,1842,92,False,0.4571,0.8056,7
2026-09-03T04,11988,1827,20,False,0.9086,0.9896,2
2026-09-03T04,34134,1750,100,True,0.44,0.8514,5
2026-09-03T04,1832841853,1642,100,True,0.1133,0.5572,7
2026-09-03T04,2141208081,1765,7,False,0.9756,1.0,1
2026-09-03T04,623291583,1732,53,False,0.8568,0.9596,1
2026-09-03T04,2009321156,1549,49,False,0.2924,0.8722,7
2026-09-03T04,1081998272,1345,100,True,0.0468,0.3138,6
2026-09-03T04,490655,1697,27,False,0.1756,0.8839,4
2026-09-03T04,1122982998,1686,55,False,0.4365,0.9217,5
2026-09-03T11,21779,183287,98,False,0.4155,0.7627,16
2026-09-03T11,509658,112811,98,False,0.0606,0.3663,12
2026-09-03T11,509672,101939,97,False,0.2157,0.8649,15
2026-09-03T11,516575,64784,100,True,0.1593,0.5753,11
2026-09-03T11,1357871551,55506,96,False,0.097,0.4825,11
2026-09-03T11,29595,52505,100,True,0.2688,0.8391,7
2026-09-03T11,18122,50690,100,True,0.4182,0.7393,7
2026-09-03T11,32982,44376,96,False,0.1364,0.5137,9
2026-09-03T11,1584745140,36186,3,False,0.9988,1.0,3
2026-09-03T11,511224,31322,99,False,0.3905,0.8155,7
2026-09-03T11,32399,28074,98,False,0.0813,0.4363,11
2026-09-03T11,55453844,27678,100,True,0.5475,0.9325,5
2026-09-03T11,31339,22095,96,False,0.519,0.905,11
2026-09-03T11,498566,21986,71,False,0.0936,0.6316,12
2026-09-03T11,33214,15704,98,False,0.1466,0.5921,12
2026-09-03T11,499973,18542,100,True,0.2072,0.6194,6
2026-09-03T11,515025,12328,99,False,0.1603,0.5758,12
2026-09-03T11,27471,12629,98,False,0.1919,0.6873,10
2026-09-03T11,491931,12575,99,False,0.1072,0.5723,14
2026-09-03T11,491487,10305,99,False,0.0901,0.5365,12
2026-09-03T11,513143,14808,100,True,0.1147,0.5998,18
2026-09-03T11,1826300051,14653,12,False,0.7734,0.9999,3
2026-09-03T11,416015,13685,48,False,0.8797,0.9738,11
2026-09-03T11,460630,12214,100,True,0.6828,0.8758,12
2026-09-03T11,518203,11971,73,False,0.4407,0.9145,10
2026-09-03T11,138585,11045,98,False,0.168,0.7861,13
2026-09-03T11,29452,9972,19,False,0.2,0.8343,2
2026-09-03T11,27546,9812,100,True,0.1943,0.7157,11
2026-09-03T11,602040818,9207,98,False,0.136,0.7228,6
2026-09-03T11,512710,7603,97,False,0.1136,0.5454,11
2026-09-03T11,417528,8463,93,False,0.2366,0.7652,10
2026-09-03T11,13332,8734,40,False,0.8093,0.9663,6
2026-09-03T11,509660,5918,100,True,0.216,0.4439,10
2026-09-03T11,1264310518,5775,98,False,0.1276,0.4878,9
2026-09-03T11,499634,7111,100,True,0.3658,0.8845,10
2026-09-03T11,1448964995,6967,82,False,0.6326,0.9479,11
2026-09-03T11,509659,6543,98,False,0.1564,0.6424,6
2026-09-03T11,386821,6607,100,True,0.1851,0.7086,11
2026-09-03T11,498592,5949,99,False,0.1145,0.5791,9
2026-09-03T11,493057,5682,99,False,0.0915,0.5894,15
2026-09-03T11,1910993272,5398,73,False,0.6473,0.9329,14
2026-09-03T11,1898040946,4782,100,True,0.3791,0.826,9
2026-09-03T11,272263131,4538,100,True,0.2351,0.6512,7
2026-09-03T11,512953,4409,100,True,0.1526,0.5747,11
2026-09-03T11,19619,4208,100,True,0.0713,0.5093,4
2026-09-03T11,464339927,3820,97,False,0.1366,0.5783,10
2026-09-03T11,26936,3208,90,False,0.1022,0.5221,10
2026-09-03T11,27284,3701,100,True,0.0732,0.4934,10
2026-09-03T11,23020,2906,97,False,0.5609,0.7464,7
2026-09-03T11,24241,3275,100,True,0.0959,0.4293,5
2026-09-03T11,2132205352,3369,100,True,0.2677,0.6987,10
2026-09-03T11,459931,3394,91,False,0.1948,0.7899,7
2026-09-03T11,1702520304,3256,79,False,0.2131,0.82,11
2026-09-03T11,417752,3178,99,False,0.2303,0.7838,10
2026-09-03T11,508455,3153,47,False,0.5461,0.9426,11
2026-09-03T11,13389,3117,31,False,0.5383,0.9589,9
2026-09-03T11,65632,3049,98,False,0.304,0.7291,8
2026-09-03T11,1669431183,3067,100,True,0.0577,0.4366,9
2026-09-03T11,509663,2259,50,False,0.5374,0.8783,10
2026-09-03T11,1282866981,2607,100,True,0.1335,0.5152,12
2026-09-03T11,30921,2242,96,False,0.1218,0.6485,11
2026-09-03T11,327598602,2546,11,False,0.502,0.9996,6
2026-09-03T11,502829,2528,44,False,0.3762,0.8892,4
2026-09-03T11,1441208453,2007,100,True,0.0937,0.432,10
2026-09-03T11,570615518,2516,100,True,0.3068,0.7655,11
2026-09-03T11,490948,2488,54,False,0.6363,0.9176,12
2026-09-03T11,921298138,2427,15,False,0.9629,0.9975,5
2026-09-03T11,401587136,2344,100,True,0.1574,0.59,13
2026-09-03T11,12839,2376,29,False,0.2151,0.883,4
2026-09-03T11,209738946,2358,73,False,0.6467,0.8787,14
2026-09-03T11,1832841853,1796,99,False,0.2255,0.6442,11
2026-09-03T11,513181,2125,100,True,0.1496,0.5496,11
2026-09-03T11,1506110656,2229,5,False,0.2871,1.0,2
2026-09-03T11,1599346425,2054,100,True,0.0833,0.4367,8
2026-09-03T11,1414860634,2081,40,False,0.3662,0.9515,7
2026-09-03T11,499003,2051,45,False,0.1599,0.8235,7
2026-09-03T11,71375,2059,68,False,0.2025,0.7591,9
2026-09-03T11,624536948,1882,100,True,0.0962,0.5648,9
2026-09-03T11,19976,2017,57,False,0.4849,0.8518,3
2026-09-03T11,698700926,1911,5,False,0.9545,1.0,1
2026-09-03T11,674491029,1892,100,True,0.0983,0.5523,10
2026-09-03T11,767133634,1930,12,False,0.9233,0.999,7
2026-09-03T11,1036710512,1702,100,True,0.134,0.4959,10
2026-09-03T11,509511,1849,60,False,0.1401,0.6712,5
2026-09-03T11,1122982998,1855,39,False,0.3838,0.9526,10
2026-09-03T11,504463,1818,84,False,0.3867,0.7668,9
2026-09-03T11,494184,1699,100,True,0.1183,0.6439,9
2026-09-03T11,492303,1716,2,False,0.9994,1.0,2
2026-09-03T11,500188,1702,100,True,0.1445,0.6005,14
2026-09-03T11,763313082,1678,5,False,0.9946,1.0,3
2026-09-03T11,743893402,1687,28,False,0.4849,0.9514,7
2026-09-03T11,66082,1427,100,True,0.1976,0.7505,12
2026-09-03T11,491168,1610,17,False,0.7025,0.9932,4
2026-09-03T11,6521,1579,43,False,0.1051,0.798,9
2026-09-03T11,19554,1566,60,False,0.1603,0.804,8
2026-09-03T11,2012789438,1491,97,False,0.1133,0.5191,8
2026-09-03T11,263490,1569,87,False,0.4493,0.8815,7
2026-09-03T11,213930085,1561,53,False,0.3184,0.886,9
2026-09-03T11,271304,1530,100,True,0.2974,0.7503,10
2026-09-03T11,2748,1525,32,False,0.5148,0.9102,6
2026-09-03T16,509658,243834,97,False,0.0689,0.4042,16
2026-09-03T16,509672,160130,96,False,0.1781,0.8792,15
2026-09-03T16,1357871551,130050,99,False,0.116,0.5745,14
2026-09-03T16,32982,98529,100,True,0.2062,0.5372,11
2026-09-03T16,18122,110750,97,False,0.4933,0.773,8
2026-09-03T16,27471,94123,98,False,0.4735,0.8745,10
2026-09-03T16,32399,78614,96,False,0.139,0.5078,15
2026-09-03T16,516575,66593,100,True,0.1281,0.503,12
2026-09-03T16,21779,60242,99,False,0.0649,0.4063,17
2026-09-03T16,33214,48125,99,False,0.0944,0.4513,14
2026-09-03T16,1702520304,57068,99,False,0.8718,0.9646,14
2026-09-03T16,29595,41435,97,False,0.1204,0.6467,8
2026-09-03T16,491931,41448,97,False,0.2314,0.7202,11
2026-09-03T16,327598602,41600,99,False,0.1765,0.802,14
2026-09-03T16,1584745140,41058,9,False,0.9987,1.0,5
2026-09-03T16,498566,36558,99,False,0.1204,0.5583,12
2026-09-03T16,511224,29277,100,True,0.4458,0.7544,11
2026-09-03T16,491487,18340,98,False,0.1272,0.5475,13
2026-09-03T16,515025,16327,95,False,0.1158,0.5801,12
2026-09-03T16,369418,22729,38,False,0.2822,0.9705,14
2026-09-03T16,513143,21193,100,True,0.2083,0.6764,16
2026-09-03T16,509663,19528,97,False,0.4985,0.8625,11
2026-09-03T16,27546,18135,100,True,0.2116,0.7018,15
2026-09-03T16,19731,17939,11,False,0.9984,0.9999,5
2026-09-03T16,499973,16840,100,True,0.166,0.6219,6
2026-09-03T16,512710,14186,99,False,0.1251,0.6284,9
2026-09-03T16,417528,16573,100,True,0.102,0.6368,14
2026-09-03T16,493057,14565,98,False,0.137,0.6494,12
2026-09-03T16,1682038606,15061,8,False,0.6641,1.0,4
2026-09-03T16,1264310518,11376,97,False,0.1703,0.5268,8
2026-09-03T16,138585,13653,100,True,0.4065,0.8337,14
2026-09-03T16,602040818,11560,100,True,0.1084,0.5223,7
2026-09-03T16,460630,11709,98,False,0.3119,0.7101,12
2026-09-03T16,743893402,12064,88,False,0.5973,0.9132,10
2026-09-03T16,518203,11681,93,False,0.3757,0.8768,12
2026-09-03T16,55453844,11336,99,False,0.2397,0.7948,8
2026-09-03T16,499634,10963,99,False,0.2435,0.8157,12
2026-09-03T16,509660,6610,100,True,0.1357,0.3936,10
2026-09-03T16,902998079,10714,23,False,0.4044,0.8815,2
2026-09-03T16,386821,9434,99,False,0.1049,0.4687,12
2026-09-03T16,29452,10099,27,False,0.1433,0.7439,5
2026-09-03T16,23020,8280,100,True,0.4498,0.7783,10
2026-09-03T16,13332,9916,86,False,0.6113,0.8916,10
2026-09-03T16,509659,9821,98,False,0.2485,0.7404,5
2026-09-03T16,19619,7404,98,False,0.0787,0.4492,5
2026-09-03T16,921298138,8478,92,False,0.7366,0.9272,14
2026-09-03T16,31339,7331,100,True,0.0979,0.5331,13
2026-09-03T16,420131540,7828,4,False,0.9047,1.0,1
2026-09-03T16,749364179,7706,7,False,0.9581,1.0,2
2026-09-03T16,1898040946,7721,99,False,0.5545,0.8553,18
2026-09-03T16,674491029,6796,100,True,0.5761,0.7925,12
2026-09-03T16,464339927,5741,95,False,0.2055,0.6375,14
2026-09-03T16,1820839024,6623,70,False,0.6129,0.9135,10
2026-09-03T16,846682749,6606,6,False,0.5486,1.0,4
2026-09-03T16,459931,6437,97,False,0.1982,0.6938,7
2026-09-03T16,735904419,6489,100,True,0.4115,0.8047,9
2026-09-03T16,1910993272,6471,100,True,0.5267,0.8999,15
2026-09-03T16,1428314242,6513,16,False,0.9721,0.9985,1
2026-09-03T16,2132205352,5794,98,False,0.1745,0.5188,9
2026-09-03T16,65632,5790,98,False,0.1953,0.6879,12
2026-09-03T16,512953,4898,99,False,0.1588,0.5078,13
2026-09-03T16,27284,5352,100,True,0.1676,0.4537,10
2026-09-03T16,624536948,5359,100,True,0.4128,0.6796,12
2026-09-03T16,1669431183,5444,100,True,0.0617,0.3455,7
2026-09-03T16,500188,5339,100,True,0.2536,0.5917,11
2026-09-03T16,401587136,5387,100,True,0.1444,0.5801,14
2026-09-03T16,272263131,5479,99,False,0.2809,0.6788,6
2026-09-03T16,24241,4635,100,True,0.2119,0.5294,7
2026-09-03T16,494184,5600,100,True,0.268,0.8057,8
2026-09-03T16,26936,4483,99,False,0.0694,0.4194,10
2026-09-03T16,30921,4286,98,False,0.2802,0.724,10
2026-09-03T16,32502,5336,25,False,0.8304,0.9901,8
2026-09-03T16,490948,4885,100,True,0.7087,0.8952,11
2026-09-03T16,417752,4866,99,False,0.3298,0.7762,11
2026-09-03T16,488190,5073,99,False,0.1928,0.6231,12
2026-09-03T16,513181,4272,99,False,0.1039,0.566,11
2026-09-03T16,12839,4892,58,False,0.1308,0.7796,5
2026-09-03T16,743,4711,58,False,0.5954,0.9223,9
2026-09-03T16,132735846,4704,19,False,0.3712,0.9475,6
2026-09-03T16,511399,4546,13,False,0.9461,0.9991,3
2026-09-03T16,263490,4468,98,False,0.5096,0.8747,11
2026-09-03T16,71375,4293,100,True,0.4465,0.7843,11
2026-09-03T16,1282866981,4172,100,True,0.2131,0.616,13
2026-09-03T16,1441208453,3316,97,False,0.26,0.5847,10
2026-09-03T16,168648543,4091,100,True,0.2835,0.8147,18
2026-09-03T16,1081998272,4060,100,True,0.4628,0.8074,13
2026-09-03T16,93798731,3890,74,False,0.8599,0.9545,11
2026-09-03T16,66082,3268,100,True,0.3311,0.6937,13
2026-09-03T16,2748,3862,61,False,0.2701,0.9037,9
2026-09-03T16,513501,1325,77,False,0.4377,0.8257,4
2026-09-03T16,161930418,3615,1,False,1.0,1.0,1
2026-09-03T16,1832841853,3088,100,True,0.1299,0.4417,12
2026-09-03T16,499003,3450,77,False,0.2852,0.7977,10
2026-09-03T16,1599346425,2707,100,True,0.0691,0.3173,8
2026-09-03T16,13389,3266,45,False,0.402,0.9103,10
2026-09-03T16,30924,3201,35,False,0.727,0.9684,2
2026-09-03T16,1075600787,3028,17,False,0.4917,0.998,6
2026-09-03T16,509511,3001,95,False,0.0886,0.5148,10
2026-09-03T16,687129551,2813,29,False,0.5119,0.9737,3
2026-09-03T16,511229,2784,12,False,0.7942,0.9986,1
2026-09-03T21,509658,290430,93,False,0.1369,0.511,13
2026-09-03T21,743893402,159957,100,True,0.2102,0.6971,10
2026-09-03T21,509672,118603,96,False,0.1911,0.7886,13
2026-09-03T21,1357871551,95926,100,True,0.1135,0.5311,15
2026-09-03T21,32982,62135,98,False,0.0673,0.3775,12
2026-09-03T21,132735846,95515,47,False,0.9262,0.9758,8
2026-09-03T21,1898040946,83586,96,False,0.3937,0.9833,14
2026-09-03T21,18122,64619,98,False,0.2427,0.7249,8
2026-09-03T21,33214,56022,97,False,0.3654,0.7326,9
2026-09-03T21,21779,54036,100,True,0.2087,0.5167,14
2026-09-03T21,32399,52655,100,True,0.1121,0.4109,11
2026-09-03T21,516575,47167,97,False,0.1703,0.6092,13
2026-09-03T21,498566,50684,100,True,0.1423,0.589,14
2026-09-03T21,27471,32202,97,False,0.5879,0.7459,11
2026-09-03T21,29595,40647,100,True,0.2011,0.6671,8
2026-09-03T21,512710,27747,99,False,0.1125,0.5606,10
2026-09-03T21,18707,32046,66,False,0.987,0.9952,8
2026-09-03T21,263490,26280,100,True,0.2495,0.687,10
2026-09-03T21,327598602,25854,94,False,0.2906,0.823,13
2026-09-03T21,1544653089,24452,26,False,0.6967,0.9973,6
2026-09-03T21,491487,12447,96,False,0.0708,0.3853,10
2026-09-03T21,513143,22851,96,False,0.4618,0.8076,15
2026-09-03T21,29307,22964,103,False,0.5427,0.9471,12
2026-09-03T21,515025,15496,99,False,0.1784,0.5529,12
2026-09-03T21,1264310518,13867,99,False,0.1762,0.5896,8
2026-09-03T21,499973,18614,100,True,0.3291,0.6912,6
2026-09-03T21,31339,17929,100,True,0.4069,0.7775,9
2026-09-03T21,13332,17644,100,True,0.7981,0.9472,8
2026-09-03T21,602040818,13925,100,True,0.1872,0.5412,8
2026-09-03T21,624536948,14100,95,False,0.7515,0.8467,10
2026-09-03T21,511224,11885,100,True,0.3731,0.5822,10
2026-09-03T21,29452,13507,32,False,0.1067,0.7056,4
2026-09-03T21,902998079,11989,28,False,0.3435,0.8448,2
2026-09-03T21,491931,9311,93,False,0.1184,0.6216,12
2026-09-03T21,460630,9744,97,False,0.2611,0.7268,16
2026-09-03T21,354438845,11556,4,False,0.375,1.0,1
2026-09-03T21,509660,6246,100,True,0.0492,0.2592,12
2026-09-03T21,458353,10941,37,False,0.8333,0.9906,6
2026-09-03T21,417528,10313,100,True,0.1545,0.64,9
2026-09-03T21,138585,10465,99,False,0.1648,0.6484,12
2026-09-03T21,509659,10339,100,True,0.1314,0.5634,8
2026-09-03T21,1429246898,10021,11,False,0.6664,1.0,4
2026-09-03T21,27546,9172,100,True,0.3683,0.7395,14
2026-09-03T21,1910993272,9498,90,False,0.6986,0.9482,10
2026-09-03T21,19619,8085,100,True,0.0824,0.4125,4
2026-09-03T21,30921,7023,99,False,0.2842,0.7303,12
2026-09-03T21,1469308723,8877,97,False,0.8257,0.933,8
2026-09-03T21,2132205352,8224,100,True,0.2483,0.7108,8
2026-09-03T21,493959,7675,94,False,0.2739,0.751,11
2026-09-03T21,488190,8421,100,True,0.2404,0.6806,12
2026-09-03T21,23020,5889,93,False,0.2751,0.7222,8
2026-09-03T21,514891,8475,10,False,0.7445,1.0,4
2026-09-03T21,513181,7693,100,True,0.2895,0.7483,11
2026-09-03T21,1669431183,7394,100,True,0.0951,0.4179,6
2026-09-03T21,27284,7145,100,True,0.1047,0.4928,8
2026-09-03T21,674491029,7358,100,True,0.3516,0.7571,10
2026-09-03T21,1763263,7491,64,False,0.5062,0.9216,3
2026-09-03T21,493057,6288,100,True,0.0891,0.4819,14
2026-09-03T21,1156876593,7230,2,False,0.9909,1.0,1
2026-09-03T21,500188,6155,100,True,0.0734,0.4535,9
2026-09-03T21,491168,6853,53,False,0.2043,0.9149,8
2026-09-03T21,10609,4671,29,False,0.7803,0.9912,3
2026-09-03T21,386821,6323,99,False,0.1235,0.5102,12
2026-09-03T21,518203,6589,100,True,0.1712,0.6746,12
2026-09-03T21,26936,5394,99,False,0.0682,0.3999,9
2026-09-03T21,539102438,6486,1,False,1.0,1.0,1
2026-09-03T21,1820839024,6460,72,False,0.8577,0.9489,10
2026-09-03T21,464339927,5041,97,False,0.1325,0.535,13
2026-09-03T21,670138298,5885,93,False,0.2209,0.8019,2
2026-09-03T21,459931,6004,100,True,0.2295,0.5946,10
2026-09-03T21,116747788,6217,49,False,0.6432,0.9562,6
2026-09-03T21,24241,5228,100,True,0.2072,0.5704,8
2026-09-03T21,512953,4739,97,False,0.2558,0.5668,13
2026-09-03T21,12839,5941,38,False,0.1638,0.8593,4
2026-09-03T21,743,5953,75,False,0.341,0.9137,12
2026-09-03T21,1036710512,4754,100,True,0.3077,0.703,9
2026-09-03T21,509663,5341,95,False,0.1063,0.5862,7
2026-09-03T21,272263131,5001,100,True,0.2711,0.6481,5
2026-09-03T21,1702520304,5185,100,True,0.2374,0.8357,14
2026-09-03T21,499634,5411,100,True,0.3369,0.871,10
2026-09-03T21,1441208453,3707,100,True,0.2404,0.5455,9
2026-09-03T21,1863468099,5064,1,False,1.0,1.0,1
2026-09-03T21,65632,4485,100,True,0.3284,0.7037,12
2026-09-03T21,570615518,3962,100,True,0.2807,0.6307,12
2026-09-03T21,1931693784,4121,63,False,0.3832,0.916,8
2026-09-03T21,1119642287,4141,75,False,0.6337,0.9433,8
2026-09-03T21,499003,4069,100,True,0.2118,0.6731,7
2026-09-03T21,921298138,3741,100,True,0.2264,0.8132,13
2026-09-03T21,401587136,3381,100,True,0.2511,0.6321,12
2026-09-03T21,2012789438,3089,100,True,0.3603,0.6219,6
2026-09-03T21,1743359147,3524,25,False,0.4481,0.9813,8
2026-09-03T21,31376,3440,99,False,0.6968,0.9192,11
2026-09-03T21,417752,3480,96,False,0.2003,0.6675,11
2026-09-03T21,965771331,3497,69,False,0.6926,0.9528,7
2026-09-03T21,32502,3201,52,False,0.2537,0.8657,12
2026-09-03T21,1081998272,3153,100,True,0.1938,0.6568,9
2026-09-03T21,1405728308,4226,80,False,0.3171,0.7773,10
2026-09-03T21,1832841853,2670,99,False,0.2577,0.5161,11
2026-09-03T21,2748,3172,87,False,0.2667,0.7544,7
2026-09-03T21,745589378,3070,39,False,0.4111,0.9622,4
2026-09-04T00,509658,219712,99,False,0.1269,0.6473,10
2026-09-04T00,743893402,99995,100,True,0.437,0.7004,9
2026-09-04T00,32982,51156,100,True,0.0797,0.4458,8
2026-09-04T00,1357871551,57408,99,False,0.2101,0.5989,14
2026-09-04T00,509672,56803,99,False,0.1633,0.7449,14
2026-09-04T00,21779,41263,100,True,0.1066,0.553,13
2026-09-04T00,33214,32711,96,False,0.157,0.5945,8
2026-09-04T00,516575,37249,99,False,0.2011,0.5927,11
2026-09-04T00,1898040946,41162,100,True,0.6854,0.9605,8
2026-09-04T00,498566,40138,89,False,0.2449,0.6955,10
2026-09-04T00,32399,34315,98,False,0.1194,0.5348,11
2026-09-04T00,29595,28110,95,False,0.177,0.7273,8
2026-09-04T00,512710,21743,97,False,0.1464,0.5975,9
2026-09-04T00,491487,13748,99,False,0.0816,0.4967,10
2026-09-04T00,27471,15553,99,False,0.1967,0.5352,8
2026-09-04T00,1494,23298,100,True,0.955,0.9809,6
2026-09-04T00,18122,19973,96,False,0.1602,0.5897,8
2026-09-04T00,511224,19094,98,False,0.3009,0.7677,11
2026-09-04T00,513143,22311,95,False,0.5545,0.8769,13
2026-09-04T00,263490,20187,99,False,0.3577,0.7179,11
2026-09-04T00,1264310518,13606,99,False,0.1735,0.5548,5
2026-09-04T00,458353,20458,36,False,0.45,0.9944,6
2026-09-04T00,515025,12218,89,False,0.1541,0.5814,10
2026-09-04T00,602040818,13421,99,False,0.2536,0.6017,4
2026-09-04T00,29452,17643,35,False,0.1327,0.7316,4
2026-09-04T00,499973,16775,100,True,0.2144,0.5777,6
2026-09-04T00,13332,13495,97,False,0.7398,0.9572,6
2026-09-04T00,10609,12786,39,False,0.3142,0.9919,3
2026-09-04T00,460630,9351,98,False,0.2736,0.7894,11
2026-09-04T00,509659,11915,95,False,0.2755,0.639,8
2026-09-04T00,19619,9360,99,False,0.2528,0.5265,3
2026-09-04T00,509660,5907,96,False,0.0581,0.2504,9
2026-09-04T00,670138298,9131,96,False,0.3385,0.8759,2
2026-09-04T00,1910993272,9854,93,False,0.7233,0.9575,9
2026-09-04T00,624536948,8462,92,False,0.7256,0.8636,8
2026-09-04T00,116747788,9219,43,False,0.75,0.9833,4
2026-09-04T00,417528,8927,98,False,0.1576,0.6984,7
2026-09-04T00,902998079,8926,23,False,0.149,0.8865,2
2026-09-04T00,138585,8875,93,False,0.1918,0.7704,10
2026-09-04T00,499634,8702,100,True,0.3156,0.8998,10
2026-09-04T00,29307,8291,59,False,0.5745,0.9456,10
2026-09-04T00,674491029,7946,98,False,0.4534,0.8545,7
2026-09-04T00,30921,6279,91,False,0.426,0.7925,9
2026-09-04T00,509663,7957,97,False,0.304,0.7333,6
2026-09-04T00,14842174,7871,25,False,0.5443,0.9963,4
2026-09-04T00,491931,6153,100,True,0.2324,0.6264,12
2026-09-04T00,513181,6812,91,False,0.4344,0.8253,9
2026-09-04T00,539102438,7154,1,False,1.0,1.0,1
2026-09-04T00,1702520304,7103,95,False,0.4335,0.9013,10
2026-09-04T00,327598602,6844,100,True,0.1582,0.6097,16
2026-09-04T00,27284,5960,95,False,0.0891,0.4898,7
2026-09-04T00,23020,3612,100,True,0.2021,0.4712,8
2026-09-04T00,2132205352,5772,92,False,0.2157,0.7315,6
2026-09-04T00,512953,5301,94,False,0.0981,0.6108,7
2026-09-04T00,24241,4951,94,False,0.2141,0.5771,7
2026-09-04T00,31339,5329,99,False,0.0955,0.5543,9
2026-09-04T00,386821,5741,100,True,0.1801,0.5212,11
2026-09-04T00,26936,4313,91,False,0.0647,0.4097,8
2026-09-04T00,464339927,4438,95,False,0.1185,0.6093,9
2026-09-04T00,459931,5367,95,False,0.1658,0.5741,6
2026-09-04T00,1441208453,3864,98,False,0.1141,0.5523,9
2026-09-04T00,965771331,5451,91,False,0.4693,0.9483,3
2026-09-04T00,1669431183,4882,97,False,0.1059,0.425,6
2026-09-04T00,272263131,5182,100,True,0.3147,0.7082,5
2026-09-04T00,488190,5154,91,False,0.3537,0.7322,9
2026-09-04T00,1036710512,4009,100,True,0.424,0.6351,7
2026-09-04T00,493057,4180,95,False,0.1675,0.6022,11
2026-09-04T00,499003,4795,95,False,0.2254,0.7879,6
2026-09-04T00,1119642287,4774,78,False,0.8408,0.9608,7
2026-09-04T00,132735846,4555,32,False,0.229,0.8195,7
2026-09-04T00,2012789438,3601,91,False,0.3474,0.6284,5
2026-09-04T00,1743359147,4310,28,False,0.397,0.9671,5
2026-09-04T00,498592,4231,97,False,0.1491,0.6289,14
2026-09-04T00,209738946,4183,90,False,0.4652,0.9044,13
2026-09-04T00,65632,3962,97,False,0.5462,0.8064,10
2026-09-04T00,500188,3952,99,False,0.1409,0.6743,8
2026-09-04T00,27546,4076,86,False,0.4338,0.8248,13
2026-09-04T00,538054672,3698,92,False,0.7228,0.8862,8
2026-09-04T00,66170,3387,100,True,0.2634,0.6681,7
2026-09-04T00,1081998272,3087,93,False,0.5782,0.7055,10
2026-09-04T00,1982936547,3624,65,False,0.4873,0.9352,4
2026-09-04T00,66082,2287,88,False,0.1141,0.6183,11
2026-09-04T00,250649084,2722,38,False,0.7832,0.9739,8
2026-09-04T00,401587136,2360,90,False,0.3525,0.6958,9
2026-09-04T00,489170,2507,38,False,0.9015,0.9705,5
2026-09-04T00,497057,2302,100,True,0.2828,0.6325,8
2026-09-04T00,493959,1885,94,False,0.1443,0.4828,10
2026-09-04T00,460951,2298,93,False,0.7132,0.8568,3
2026-09-04T00,509511,2367,94,False,0.1196,0.5078,7
2026-09-04T00,1429246898,2372,15,False,0.8815,0.9907,3
2026-09-04T00,1282866981,2173,100,True,0.121,0.5458,11
2026-09-04T00,490948,2219,98,False,0.1393,0.6967,8
2026-09-04T00,490655,2235,34,False,0.1669,0.8367,5
2026-09-04T00,168648543,1811,92,False,0.2214,0.8023,10
2026-09-04T00,982017546,2158,100,True,0.2183,0.525,5
2026-09-04T00,518203,2108,99,False,0.287,0.723,7
2026-09-04T00,1832841853,1931,100,True,0.1761,0.5277,9
2026-09-04T00,494436328,2117,15,False,0.6859,0.9967,3
2026-09-04T00,2030977008,2057,60,False,0.4244,0.911,3
2026-09-04T00,1954784138,1933,94,False,0.1495,0.6446,7
2026-09-04T04,509658,111192,97,False,0.1001,0.4259,9
2026-09-04T04,743893402,102495,100,True,0.4505,0.7832,9
2026-09-04T04,1344678544,54685,7,False,0.9968,1.0,1
2026-09-04T04,21779,36875,97,False,0.1066,0.5116,9
2026-09-04T04,327598602,31897,100,True,0.2119,0.6315,11
2026-09-04T04,491487,24879,96,False,0.4982,0.7568,10
2026-09-04T04,512710,27493,99,False,0.6277,0.8625,6
2026-09-04T04,516575,20931,93,False,0.1235,0.5862,9
2026-09-04T04,33214,17544,100,True,0.26,0.593,4
2026-09-04T04,32982,19954,98,False,0.1649,0.5039,6
2026-09-04T04,498566,27529,72,False,0.1142,0.6204,8
2026-09-04T04,515025,19555,98,False,0.4029,0.7874,8
2026-09-04T04,509672,21316,95,False,0.0974,0.6247,10
2026-09-04T04,1357871551,21068,97,False,0.2026,0.5964,10
2026-09-04T04,602040818,16659,100,True,0.1733,0.5074,1
2026-09-04T04,513143,21809,100,True,0.4968,0.8628,12
2026-09-04T04,13332,17999,72,False,0.8577,0.9757,4
2026-09-04T04,1264310518,10714,97,False,0.0726,0.4395,4
2026-09-04T04,32399,16071,98,False,0.1169,0.5468,7
2026-09-04T04,18122,12806,96,False,0.1535,0.5174,6
2026-09-04T04,29595,16180,100,True,0.1469,0.7494,8
2026-09-04T04,263490,14091,100,True,0.5853,0.8419,9
2026-09-04T04,27471,9123,99,False,0.2567,0.4938,7
2026-09-04T04,29452,14553,36,False,0.1565,0.7146,4
2026-09-04T04,499973,12920,100,True,0.0683,0.4933,5
2026-09-04T04,509659,13651,97,False,0.1026,0.5406,4
2026-09-04T04,511224,8928,96,False,0.2279,0.602,5
2026-09-04T04,10609,10804,35,False,0.3128,0.9937,4
2026-09-04T04,458353,10399,13,False,0.9916,0.9996,3
2026-09-04T04,27284,8264,93,False,0.1263,0.5413,6
2026-09-04T04,31339,8575,100,True,0.2317,0.7911,7
2026-09-04T04,499003,8161,100,True,0.2001,0.7766,6
2026-09-04T04,509660,4856,98,False,0.0542,0.2463,8
2026-09-04T04,512953,6973,96,False,0.2944,0.6868,7
2026-09-04T04,498592,7127,100,True,0.411,0.7263,15
2026-09-04T04,460630,4624,100,True,0.1672,0.6138,6
2026-09-04T04,491931,5342,95,False,0.1659,0.5262,6
2026-09-04T04,26936,5018,97,False,0.1212,0.4203,7
2026-09-04T04,499634,6359,94,False,0.4513,0.9423,9
2026-09-04T04,417528,6096,100,True,0.195,0.7671,8
2026-09-04T04,65876,5908,100,True,0.8568,0.9445,7
2026-09-04T04,2132205352,5284,100,True,0.1626,0.6338,5
2026-09-04T04,670138298,4901,95,False,0.2267,0.8443,2
2026-09-04T04,23020,3060,92,False,0.1879,0.5474,6
2026-09-04T04,1898040946,5029,100,True,0.3414,0.7471,7
2026-09-04T04,138585,5296,64,False,0.2898,0.8995,11
2026-09-04T04,464339927,3747,95,False,0.2202,0.589,6
2026-09-04T04,1669431183,4783,100,True,0.0853,0.363,4
2026-09-04T04,459931,4485,99,False,0.1126,0.5538,3
2026-09-04T04,1441208453,3320,96,False,0.1355,0.5476,9
2026-09-04T04,24241,3918,100,True,0.0914,0.4561,7
2026-09-04T04,272263131,4386,100,True,0.3187,0.7114,6
2026-09-04T04,19619,4135,92,False,0.1637,0.5006,3
2026-09-04T04,1036710512,3238,92,False,0.4917,0.6742,7
2026-09-04T04,902998079,4064,16,False,0.3954,0.9498,3
2026-09-04T04,386821,4028,100,True,0.1154,0.5852,11
2026-09-04T04,30921,2575,94,False,0.2583,0.6159,5
2026-09-04T04,55453844,3389,92,False,0.4854,0.7937,6
2026-09-04T04,624536948,2848,94,False,0.2665,0.6675,7
2026-09-04T04,509577,3627,60,False,0.8961,0.9647,3
2026-09-04T04,1743359147,3637,20,False,0.4042,0.986,4
2026-09-04T04,2143999112,3576,2,False,0.8974,1.0,1
2026-09-04T04,511399,1754,17,False,0.7241,0.9823,2
2026-09-04T04,66082,2458,100,True,0.3702,0.7449,6
2026-09-04T04,66170,2820,99,False,0.5117,0.6805,7
2026-09-04T04,1702520304,2909,80,False,0.5225,0.8622,11
2026-09-04T04,369252,2975,67,False,0.876,0.9546,5
2026-09-04T04,2012789438,2040,93,False,0.2853,0.5667,3
2026-09-04T04,168648543,2343,99,False,0.2228,0.7601,6
2026-09-04T04,27546,2477,57,False,0.4542,0.8971,9
2026-09-04T04,19976,2511,64,False,0.2382,0.8068,4
2026-09-04T04,493959,2111,90,False,0.2151,0.6092,8
2026-09-04T04,518184,2201,99,False,0.3594,0.6556,4
2026-09-04T04,29307,2424,47,False,0.5206,0.9113,6
2026-09-04T04,132735846,2278,24,False,0.2366,0.9539,7
2026-09-04T04,493057,2005,96,False,0.0873,0.5052,8
2026-09-04T04,1081998272,1701,100,True,0.1828,0.4051,4
2026-09-04T04,1435206302,2217,80,False,0.2977,0.8006,4
2026-09-04T04,1282866981,2115,98,False,0.1849,0.6151,11
2026-09-04T04,1982936547,2185,40,False,0.8027,0.94,4
2026-09-04T04,509511,2184,72,False,0.1277,0.5334,5
2026-09-04T04,509663,2085,75,False,0.1597,0.6508,7
2026-09-04T04,519291,2026,89,False,0.844,0.9314,5
2026-09-04T04,515024,2006,44,False,0.8948,0.9761,4
2026-09-04T04,513181,1812,93,False,0.2671,0.5635,9
2026-09-04T04,512923,1887,100,True,0.5723,0.6921,4
2026-09-04T04,1910993272,1949,90,False,0.8122,0.8994,6
2026-09-04T04,1494,677,93,False,0.2319,0.4801,5
2026-09-04T04,65632,1755,97,False,0.2422,0.714,5
2026-09-04T04,490655,1820,28,False,0.2066,0.9198,5
2026-09-04T04,1832841853,1510,94,False,0.2967,0.6781,8
2026-09-04T04,500188,1564,94,False,0.2168,0.4616,5
2026-09-04T04,626298054,1801,26,False,0.432,0.9478,3
2026-09-04T04,491168,1662,37,False,0.3712,0.9633,3
2026-09-04T04,1931693784,1701,58,False,0.2734,0.8571,6
2026-09-04T04,866287127,1644,1,False,1.0,1.0,1
2026-09-04T04,1478650472,1571,95,False,0.2864,0.8631,6
2026-09-04T04,502829,1633,24,False,0.545,0.9449,3
2026-09-04T04,1678532194,1020,88,False,0.4902,0.7235,1
2026-09-04T04,846682749,1531,2,False,0.5193,1.0,1
2026-09-04T11,21779,232079,100,True,0.4305,0.8046,16
2026-09-04T11,509658,105883,98,False,0.0979,0.3901,13
2026-09-04T11,509672,107017,99,False,0.1857,0.8106,15
2026-09-04T11,516575,56638,98,False,0.1985,0.6548,10
2026-09-04T11,55453844,57108,99,False,0.2746,0.975,5
2026-09-04T11,32982,46846,100,True,0.1255,0.459,8
2026-09-04T11,743893402,40426,100,True,0.1643,0.5293,16
2026-09-04T11,327598602,42349,99,False,0.087,0.4971,12
2026-09-04T11,29595,35262,98,False,0.1578,0.6656,7
2026-09-04T11,511224,33564,93,False,0.3225,0.8542,9
2026-09-04T11,32399,26438,94,False,0.1635,0.4767,15
2026-09-04T11,66170,27829,100,True,0.8751,0.9404,12
2026-09-04T11,18122,21396,100,True,0.1383,0.5041,7
2026-09-04T11,1357871551,21137,99,False,0.141,0.524,15
2026-09-04T11,511399,23634,12,False,0.8885,0.9997,2
2026-09-04T11,498566,19809,65,False,0.1576,0.6503,14
2026-09-04T11,499973,18320,99,False,0.2663,0.6388,6
2026-09-04T11,33214,13419,100,True,0.1316,0.5241,12
2026-09-04T11,513143,17513,100,True,0.0698,0.5594,14
2026-09-04T11,515025,13805,91,False,0.2073,0.6325,11
2026-09-04T11,263490,14286,99,False,0.2516,0.7976,12
2026-09-04T11,132735846,13757,51,False,0.1559,0.7057,6
2026-09-04T11,491487,9292,95,False,0.0945,0.5052,12
2026-09-04T11,369380,12847,15,False,0.7791,0.9994,4
2026-09-04T11,518203,11316,100,True,0.2869,0.8096,11
2026-09-04T11,602040818,10589,98,False,0.1469,0.7788,8
2026-09-04T11,491931,10249,100,True,0.1521,0.6562,13
2026-09-04T11,460630,10301,100,True,0.6775,0.8701,14
2026-09-04T11,27471,6061,97,False,0.1132,0.463,13
2026-09-04T11,29452,10085,19,False,0.1737,0.8083,3
2026-09-04T11,27546,9816,100,True,0.205,0.7422,13
2026-09-04T11,417528,9313,81,False,0.2183,0.8167,11
2026-09-04T11,138585,8809,96,False,0.2239,0.8456,14
2026-09-04T11,512710,6857,100,True,0.1299,0.6016,11
2026-09-04T11,1264310518,6289,98,False,0.2795,0.5982,9
2026-09-04T11,386821,6942,100,True,0.2099,0.5297,13
2026-09-04T11,509660,5321,99,False,0.1861,0.3826,12
2026-09-04T11,31339,6789,100,True,0.1707,0.6871,12
2026-09-04T11,13332,6460,56,False,0.6464,0.9395,7
2026-09-04T11,1669431183,6356,99,False,0.2934,0.5537,8
2026-09-04T11,493057,8059,100,True,0.3281,0.7336,17
2026-09-04T11,511229,5668,19,False,0.7992,0.9947,1
2026-09-04T11,27284,5513,100,True,0.3033,0.6675,10
2026-09-04T11,942536337,5592,7,False,0.38,1.0,3
2026-09-04T11,498592,5200,100,True,0.1129,0.5387,9
2026-09-04T11,19619,4730,100,True,0.0685,0.466,4
2026-09-04T11,509659,5201,100,True,0.2138,0.7199,6
2026-09-04T11,272263131,4679,100,True,0.2855,0.6715,5
2026-09-04T11,515474,4751,20,False,0.9194,0.9924,6
2026-09-04T11,417752,4263,100,True,0.1977,0.7591,11
2026-09-04T11,512953,3881,100,True,0.1932,0.571,11
2026-09-04T11,459931,3997,100,True,0.2299,0.7148,7
2026-09-04T11,2132205352,3889,100,True,0.1461,0.6999,11
2026-09-04T11,26936,3369,97,False,0.0971,0.4945,7
2026-09-04T11,33734,3461,4,False,0.9015,1.0,2
2026-09-04T11,464339927,3175,100,True,0.1981,0.5839,12
2026-09-04T11,2010156204,3343,1,False,1.0,1.0,1
2026-09-04T11,29307,3331,69,False,0.2939,0.8451,13
2026-09-04T11,1081998272,3237,100,True,0.1461,0.6024,13
2026-09-04T11,499634,2973,91,False,0.1409,0.8244,11
2026-09-04T11,24241,2506,100,True,0.0555,0.3356,8
2026-09-04T11,369252,2756,38,False,0.9104,0.9808,6
2026-09-04T11,1282866981,2552,100,True,0.183,0.5748,11
2026-09-04T11,1441208453,2173,100,True,0.1404,0.4712,10
2026-09-04T11,1743359147,2580,16,False,0.6453,0.9953,5
2026-09-04T11,30921,2142,100,True,0.1634,0.5724,12
2026-09-04T11,12839,2462,37,False,0.158,0.8006,4
2026-09-04T11,401587136,2345,98,False,0.2823,0.716,19
2026-09-04T11,23020,1532,92,False,0.3949,0.579,8
2026-09-04T11,494184,2349,95,False,0.2397,0.7923,11
2026-09-04T11,513501,2257,61,False,0.5724,0.9207,3
2026-09-04T11,743,2178,46,False,0.6621,0.9573,8
2026-09-04T11,488190,2199,54,False,0.3993,0.7422,9
2026-09-04T11,1702520304,2193,57,False,0.2827,0.8755,13
2026-09-04T11,1313351584,2153,20,False,0.588,0.9814,5
2026-09-04T11,65632,2109,98,False,0.1745,0.6496,8
2026-09-04T11,509511,2094,72,False,0.1289,0.5654,7
2026-09-04T11,509667,2085,34,False,0.3314,0.9257,7
2026-09-04T11,385545687,2054,1,False,1.0,1.0,1
2026-09-04T11,502829,2053,51,False,0.3936,0.7701,3
2026-09-04T11,19976,2001,61,False,0.4138,0.7876,5
2026-09-04T11,1599346425,1930,100,True,0.0756,0.3617,8
2026-09-04T11,1303634255,1920,7,False,0.8073,1.0,2
2026-09-04T11,624536948,1758,99,False,0.0785,0.5768,10
2026-09-04T11,509663,1837,63,False,0.4273,0.73,11
2026-09-04T11,32502,1826,40,False,0.328,0.8894,4
2026-09-04T11,513181,1673,100,True,0.1118,0.5266,10
2026-09-04T11,512864,1744,34,False,0.5619,0.9536,5
2026-09-04T11,71375,1731,56,False,0.2461,0.8504,9
2026-09-04T11,493959,1681,97,False,0.3575,0.7371,13
2026-09-04T11,500188,1688,100,True,0.1836,0.5788,14
2026-09-04T11,2748,1634,34,False,0.5661,0.9278,5
2026-09-04T11,508455,1618,52,False,0.3399,0.8578,6
2026-09-04T11,499003,1601,56,False,0.2367,0.7795,8
2026-09-04T11,515024,1410,36,False,0.8582,0.9716,7
2026-09-04T11,670138298,1573,91,False,0.5658,0.946,1
2026-09-04T11,1832841853,1516,98,False,0.3898,0.7843,10
2026-09-04T11,570615518,1555,89,False,0.4219,0.8013,15
2026-09-04T11,213930085,1540,40,False,0.5,0.9545,8
2026-09-04T11,271304,1544,100,True,0.3018,0.7273,12
2026-09-04T16,132735846,450617,100,True,0.1459,0.6869,3
2026-09-04T16,509658,235174,95,False,0.077,0.421,14
2026-09-04T16,32399,195754,97,False,0.1708,0.6923,17
2026-09-04T16,509672,135709,99,False,0.1903,0.7861,13
2026-09-04T16,27471,98508,97,False,0.4632,0.8846,14
2026-09-04T16,743893402,90916,97,False,0.1452,0.5879,14
2026-09-04T16,21779,70372,99,False,0.1532,0.5066,14
2026-09-04T16,32982,53776,98,False,0.0795,0.343,11
2026-09-04T16,516575,54107,99,False,0.1156,0.5195,11
2026-09-04T16,327598602,57625,98,False,0.1299,0.534,12
2026-09-04T16,1357871551,60468,97,False,0.1881,0.688,16
2026-09-04T16,33214,44108,99,False,0.5012,0.7286,11
2026-09-04T16,902998079,43872,98,False,0.1524,0.5861,10
2026-09-04T16,29595,44352,97,False,0.138,0.6972,6
2026-09-04T16,498566,39424,100,True,0.1663,0.6171,13
2026-09-04T16,18122,27612,98,False,0.1083,0.4402,8
2026-09-04T16,27546,32220,97,False,0.2191,0.8256,14
2026-09-04T16,515025,17769,100,True,0.128,0.5744,13
2026-09-04T16,513143,23436,100,True,0.166,0.5901,16
2026-09-04T16,369418,21807,51,False,0.3244,0.9683,12
2026-09-04T16,511224,15726,100,True,0.2484,0.6301,11
2026-09-04T16,138585,20691,95,False,0.2676,0.7522,13
2026-09-04T16,512710,14833,99,False,0.2312,0.6749,11
2026-09-04T16,493057,14179,95,False,0.1451,0.6957,13
2026-09-04T16,491931,13452,98,False,0.1722,0.5995,14
2026-09-04T16,518203,15509,100,True,0.2706,0.8423,11
2026-09-04T16,491487,8300,99,False,0.1835,0.5299,14
2026-09-04T16,1264310518,11225,100,True,0.171,0.5702,9
2026-09-04T16,55453844,13092,95,False,0.2279,0.8878,8
2026-09-04T16,499973,12287,100,True,0.1681,0.5634,5
2026-09-04T16,509660,7919,100,True,0.1169,0.3881,10
2026-09-04T16,602040818,10325,99,False,0.1092,0.5845,9
2026-09-04T16,1669431183,11452,96,False,0.2648,0.581,9
2026-09-04T16,263490,10992,98,False,0.2244,0.6512,13
2026-09-04T16,624536948,11123,100,True,0.3621,0.7998,12
2026-09-04T16,417528,11343,97,False,0.1612,0.7346,12
2026-09-04T16,460630,9862,98,False,0.4498,0.8078,13
2026-09-04T16,509659,10927,99,False,0.1749,0.7066,7
2026-09-04T16,386821,9514,98,False,0.133,0.4439,11
2026-09-04T16,511399,9362,11,False,0.6676,0.9999,3
2026-09-04T16,19619,7696,97,False,0.069,0.4229,5
2026-09-04T16,511229,9075,17,False,0.6437,0.999,2
2026-09-04T16,29452,8644,21,False,0.1835,0.8568,4
2026-09-04T16,512953,6276,100,True,0.4334,0.6898,14
2026-09-04T16,30921,5631,100,True,0.2222,0.7722,13
2026-09-04T16,13332,6712,89,False,0.6131,0.8984,10
2026-09-04T16,2132205352,6249,100,True,0.2564,0.7132,10
2026-09-04T16,23020,4392,92,False,0.194,0.6605,7
2026-09-04T16,26936,5543,99,False,0.1259,0.4218,11
2026-09-04T16,459931,6266,100,True,0.2419,0.6733,8
2026-09-04T16,27284,5693,100,True,0.0922,0.4351,10
2026-09-04T16,1428314242,6310,15,False,0.9894,0.9994,2
2026-09-04T16,464339927,5168,100,True,0.2094,0.6265,14
2026-09-04T16,31339,5160,99,False,0.2054,0.5405,12
2026-09-04T16,1702520304,5913,92,False,0.252,0.7565,13
2026-09-04T16,499634,5868,100,True,0.1832,0.7657,8
2026-09-04T16,570615518,5615,100,True,0.7569,0.8803,14
2026-09-04T16,401587136,5280,100,True,0.2102,0.714,16
2026-09-04T16,509663,5330,100,True,0.2039,0.57,10
2026-09-04T16,417752,5232,96,False,0.2576,0.8006,7
2026-09-04T16,272263131,4953,100,True,0.3321,0.6881,5
2026-09-04T16,24241,4009,100,True,0.1514,0.4702,9
2026-09-04T16,1846293708,4992,71,False,0.6763,0.9187,9
2026-09-04T16,499003,4517,92,False,0.2683,0.7715,8
2026-09-04T16,2005329090,4472,8,False,0.9119,1.0,2
2026-09-04T16,13389,4314,45,False,0.4812,0.9499,10
2026-09-04T16,1441208453,3179,98,False,0.245,0.5863,13
2026-09-04T16,513181,3716,100,True,0.3157,0.6136,14
2026-09-04T16,510389,3175,6,False,0.8038,1.0,4
2026-09-04T16,1743359147,3992,22,False,0.362,0.9584,8
2026-09-04T16,12839,3933,51,False,0.3008,0.85,4
2026-09-04T16,494184,4071,100,True,0.2845,0.7588,8
2026-09-04T16,29307,3859,89,False,0.405,0.7984,11
2026-09-04T16,65632,3396,95,False,0.2509,0.6711,12
2026-09-04T16,513501,3595,92,False,0.4637,0.896,5
2026-09-04T16,71375,3579,81,False,0.5108,0.8813,9
2026-09-04T16,488190,3546,87,False,0.2862,0.6162,10
2026-09-04T16,66170,3063,99,False,0.0764,0.3856,10
2026-09-04T16,498592,3283,98,False,0.1517,0.5458,7
2026-09-04T16,1282866981,3132,99,False,0.2708,0.5779,12
2026-09-04T16,33734,3439,8,False,0.8944,1.0,5
2026-09-04T16,20596,3433,52,False,0.2045,0.8779,5
2026-09-04T16,509511,3208,90,False,0.0848,0.5118,7
2026-09-04T16,687129551,3377,40,False,0.3743,0.9505,5
2026-09-04T16,2748,3294,50,False,0.3488,0.908,7
2026-09-04T16,518584827,3059,100,True,0.3753,0.7182,7
2026-09-04T16,2133072147,3175,14,False,0.9266,0.9984,1
2026-09-04T16,500188,2675,99,False,0.1166,0.4796,13
2026-09-04T16,743,3041,60,False,0.5847,0.9138,8
2026-09-04T16,511391,3002,100,True,0.7462,0.8824,16
2026-09-04T16,1931693784,2983,77,False,0.2444,0.8615,10
2026-09-04T16,518184,2782,100,True,0.3666,0.6866,10
2026-09-04T16,735904419,2908,99,False,0.1197,0.6847,9
2026-09-04T16,670138298,2754,100,True,0.2077,0.8003,2
2026-09-04T16,2012789438,2718,100,True,0.2093,0.5968,6
2026-09-04T16,491168,2844,38,False,0.8805,0.988,8
2026-09-04T16,66082,2153,95,False,0.1728,0.6623,14
2026-09-04T16,497304,2794,80,False,0.6224,0.849,8
2026-09-04T16,493959,2253,97,False,0.2588,0.6294,13
2026-09-04T16,490377,2617,100,True,0.3508,0.736,9
2026-09-04T20,132735846,639161,100,True,0.2028,0.6905,2
2026-09-04T20,509658,337668,98,False,0.1181,0.5061,13
2026-09-04T20,743893402,111026,100,True,0.235,0.7294,14
2026-09-04T20,1702520304,105398,100,True,0.1547,0.4982,12
2026-09-04T20,509672,104033,96,False,0.2082,0.8406,14
2026-09-04T20,516575,82697,95,False,0.2699,0.6722,14
2026-09-04T20,902998079,70746,100,True,0.236,0.6273,10
2026-09-04T20,21779,71168,99,False,0.3483,0.6891,14
2026-09-04T20,32982,47688,98,False,0.0623,0.3245,13
2026-09-04T20,32399,59936,96,False,0.2075,0.5868,10
2026-09-04T20,27471,48706,99,False,0.3582,0.6511,10
2026-09-04T20,29595,59512,94,False,0.1372,0.7117,8
2026-09-04T20,327598602,49767,97,False,0.189,0.6278,15
2026-09-04T20,1357871551,42299,100,True,0.1303,0.5334,15
2026-09-04T20,18122,30756,100,True,0.1193,0.4807,8
2026-09-04T20,33214,21982,100,True,0.172,0.4501,9
2026-09-04T20,498566,35639,100,True,0.1292,0.5875,15
2026-09-04T20,602040818,26355,99,False,0.1877,0.7009,4
2026-09-04T20,515025,18474,97,False,0.1392,0.6095,13
2026-09-04T20,1910993272,26150,98,False,0.9476,0.9785,15
2026-09-04T20,369418,25779,61,False,0.2883,0.9666,15
2026-09-04T20,1669431183,22048,100,True,0.4643,0.6445,7
2026-09-04T20,27546,24137,100,True,0.2992,0.853,16
2026-09-04T20,513143,23387,100,True,0.3214,0.7646,16
2026-09-04T20,512710,17621,97,False,0.1062,0.5338,13
2026-09-04T20,491487,10763,97,False,0.1288,0.5453,10
2026-09-04T20,138585,19290,97,False,0.1591,0.7509,14
2026-09-04T20,461221,18882,30,False,0.569,0.9912,6
2026-09-04T20,543818421,18792,21,False,0.9864,0.9985,6
2026-09-04T20,1264310518,11808,100,True,0.1589,0.5468,9
2026-09-04T20,31339,15639,99,False,0.4669,0.8242,9
2026-09-04T20,509663,16078,100,True,0.7121,0.8438,11
2026-09-04T20,263490,14579,97,False,0.3146,0.7626,11
2026-09-04T20,13332,15282,98,False,0.7254,0.9299,7
2026-09-04T20,518203,14991,100,True,0.1802,0.7553,9
2026-09-04T20,29452,14902,38,False,0.1231,0.6249,5
2026-09-04T20,509659,12636,97,False,0.1375,0.6632,6
2026-09-04T20,499973,11773,100,True,0.124,0.558,5
2026-09-04T20,511224,7891,99,False,0.1436,0.4959,12
2026-09-04T20,491931,9972,100,True,0.1141,0.6019,14
2026-09-04T20,509660,6523,100,True,0.1343,0.4394,8
2026-09-04T20,26936,8048,98,False,0.1323,0.4488,11
2026-09-04T20,19619,8037,96,False,0.1308,0.5161,5
2026-09-04T20,417528,9301,100,True,0.2025,0.6656,11
2026-09-04T20,30921,7499,100,True,0.2188,0.7548,12
2026-09-04T20,512953,6813,100,True,0.2536,0.6457,13
2026-09-04T20,23020,4540,100,True,0.2855,0.5251,12
2026-09-04T20,539102438,7962,1,False,1.0,1.0,1
2026-09-04T20,493057,6366,100,True,0.0972,0.3949,13
2026-09-04T20,687129551,7818,49,False,0.8542,0.9697,5
2026-09-04T20,460630,4729,95,False,0.1106,0.5071,13
2026-09-04T20,27284,6216,100,True,0.0775,0.4043,10
2026-09-04T20,12839,7211,52,False,0.3533,0.9006,5
2026-09-04T20,20596,7092,64,False,0.2599,0.9404,4
2026-09-04T20,386821,6556,100,True,0.0912,0.4931,12
2026-09-04T20,66082,5938,100,True,0.5093,0.8294,11
2026-09-04T20,1441208453,5360,100,True,0.2088,0.6879,8
2026-09-04T20,624536948,4840,91,False,0.194,0.5746,12
2026-09-04T20,1277738947,6755,11,False,0.9618,0.9999,4
2026-09-04T20,93798731,6619,100,True,0.637,0.9276,8
2026-09-04T20,1038730744,6334,6,False,0.9848,1.0,1
2026-09-04T20,459931,6011,100,True,0.1828,0.5766,8
2026-09-04T20,2132205352,5374,100,True,0.1451,0.5988,9
2026-09-04T20,1763263,5961,56,False,0.5653,0.953,3
2026-09-04T20,2012789438,5140,98,False,0.4253,0.7167,9
2026-09-04T20,464339927,4418,96,False,0.0761,0.4941,13
2026-09-04T20,499634,5854,100,True,0.2328,0.8533,7
2026-09-04T20,272263131,5439,100,True,0.3032,0.7001,5
2026-09-04T20,177157840,5574,2,False,0.9996,1.0,2
2026-09-04T20,24241,4405,100,True,0.1012,0.4765,6
2026-09-04T20,10609,5288,49,False,0.2725,0.9773,7
2026-09-04T20,1898040946,4699,100,True,0.1713,0.6652,12
2026-09-04T20,743,5214,65,False,0.4496,0.9348,7
2026-09-04T20,499003,4968,100,True,0.2707,0.6717,8
2026-09-04T20,493959,3657,100,True,0.1966,0.5012,15
2026-09-04T20,494184,4804,100,True,0.3187,0.8027,7
2026-09-04T20,513181,4321,100,True,0.1629,0.5614,12
2026-09-04T20,401587136,4168,100,True,0.2167,0.5933,14
2026-09-04T20,65632,3963,99,False,0.1368,0.5897,12
2026-09-04T20,1036710512,3269,100,True,0.2976,0.6926,10
2026-09-04T20,509549,3859,23,False,0.532,0.9865,6
2026-09-04T20,491168,3736,39,False,0.3097,0.977,8
2026-09-04T20,506462,3684,41,False,0.7839,0.9734,9
2026-09-04T20,488190,3652,100,True,0.1733,0.5134,12
2026-09-04T20,32742,3607,12,False,0.9809,0.9994,2
2026-09-04T20,2005329090,3556,4,False,0.9671,1.0,2
2026-09-04T20,1743359147,3505,26,False,0.4705,0.9843,5
2026-09-04T20,674491029,3218,99,False,0.3337,0.6955,11
2026-09-04T20,490655,3472,43,False,0.1581,0.7693,6
2026-09-04T20,676802825,3080,100,True,0.5705,0.7279,13
2026-09-04T20,500188,2532,100,True,0.0869,0.3906,12
2026-09-04T20,493997,3238,60,False,0.6164,0.9632,4
2026-09-04T20,1117533503,3188,3,False,0.9965,1.0,3
2026-09-04T20,65876,3185,100,True,0.7033,0.848,8
2026-09-04T20,509511,3133,100,True,0.0891,0.4615,9
2026-09-04T20,66170,2442,100,True,0.0696,0.3554,9
2026-09-04T20,69279575,2988,1,False,1.0,1.0,1
2026-09-04T20,1282866981,2937,100,True,0.1753,0.5046,14
2026-09-04T20,1429246898,2024,10,False,0.8651,1.0,3
2026-09-04T20,1846293708,3096,78,False,0.6776,0.8269,7
2026-09-05T00,132735846,338500,94,False,0.1843,0.7691,2
2026-09-05T00,509658,168182,90,False,0.2194,0.5526,10
2026-09-05T00,743893402,82306,100,True,0.4759,0.7609,10
2026-09-05T00,1702520304,81161,99,False,0.1737,0.5231,12
2026-09-05T00,21779,73112,98,False,0.3762,0.7309,14
2026-09-05T00,33214,54518,100,True,0.308,0.808,8
2026-09-05T00,32982,36484,97,False,0.1088,0.4413,10
2026-09-05T00,509672,50584,98,False,0.1385,0.6539,12
2026-09-05T00,902998079,37635,97,False,0.1033,0.456,7
2026-09-05T00,327598602,47476,98,False,0.5799,0.7717,12
2026-09-05T00,1357871551,39900,99,False,0.2291,0.6933,15
2026-09-05T00,516575,25265,97,False,0.1314,0.5507,14
2026-09-05T00,498566,37747,100,True,0.1579,0.678,12
2026-09-05T00,29595,33561,96,False,0.1652,0.7709,6
2026-09-05T00,27471,19522,98,False,0.0999,0.4425,10
2026-09-05T00,32399,22452,95,False,0.0791,0.4457,11
2026-09-05T00,602040818,22250,98,False,0.3563,0.6795,4
2026-09-05T00,513143,24809,97,False,0.4454,0.8482,12
2026-09-05T00,511224,21188,97,False,0.2218,0.8029,10
2026-09-05T00,512710,19517,100,True,0.1546,0.5479,7
2026-09-05T00,18122,19360,98,False,0.1441,0.535,9
2026-09-05T00,515025,13498,100,True,0.1074,0.5319,10
2026-09-05T00,491487,9622,95,False,0.3077,0.6171,9
2026-09-05T00,1264310518,13327,100,True,0.0923,0.5105,5
2026-09-05T00,263490,14808,97,False,0.4735,0.8423,12
2026-09-05T00,13332,15238,100,True,0.7519,0.9277,7
2026-09-05T00,499973,14147,100,True,0.0801,0.486,6
2026-09-05T00,29452,14881,34,False,0.1501,0.7098,3
2026-09-05T00,512953,13510,100,True,0.6229,0.8537,9
2026-09-05T00,543818421,14020,8,False,0.9875,1.0,3
2026-09-05T00,1898040946,12880,100,True,0.4144,0.8679,9
2026-09-05T00,509659,11489,100,True,0.0931,0.6136,7
2026-09-05T00,23020,7393,90,False,0.5239,0.727,7
2026-09-05T00,461221,10788,24,False,0.5374,0.9959,4
2026-09-05T00,921298138,10732,85,False,0.6793,0.973,10
2026-09-05T00,460630,7586,96,False,0.2957,0.7341,13
2026-09-05T00,1669431183,8699,100,True,0.1388,0.5094,4
2026-09-05T00,509660,5885,95,False,0.1366,0.4314,8
2026-09-05T00,491931,7703,99,False,0.1059,0.5412,9
2026-09-05T00,19619,7146,100,True,0.0889,0.4083,3
2026-09-05T00,458353,9262,29,False,0.9768,0.9961,6
2026-09-05T00,10609,9204,45,False,0.332,0.9813,4
2026-09-05T00,26936,6288,90,False,0.0959,0.4343,8
2026-09-05T00,1038730744,8064,4,False,0.9985,1.0,1
2026-09-05T00,328338354,7998,4,False,0.9946,1.0,3
2026-09-05T00,417528,7720,100,True,0.1908,0.7146,10
2026-09-05T00,464339927,6244,93,False,0.124,0.586,9
2026-09-05T00,30921,5713,99,False,0.332,0.7446,9
2026-09-05T00,138585,7523,95,False,0.3513,0.8273,13
2026-09-05T00,24241,5815,99,False,0.3474,0.5878,7
2026-09-05T00,499003,7080,100,True,0.2267,0.7182,7
2026-09-05T00,539102438,7194,3,False,0.9975,1.0,1
2026-09-05T00,31339,5832,100,True,0.1852,0.5989,8
2026-09-05T00,27546,6669,100,True,0.5215,0.8874,15
2026-09-05T00,27284,5799,100,True,0.0867,0.4463,8
2026-09-05T00,2132205352,5227,100,True,0.14,0.6549,7
2026-09-05T00,493057,4756,99,False,0.1592,0.5011,11
2026-09-05T00,386821,5485,100,True,0.0634,0.4288,12
2026-09-05T00,32742,5755,11,False,0.9866,1.0,2
2026-09-05T00,65876,5487,100,True,0.8602,0.943,8
2026-09-05T00,272263131,5257,100,True,0.365,0.7223,5
2026-09-05T00,12839,5433,25,False,0.6893,0.9798,4
2026-09-05T00,624536948,3953,94,False,0.1055,0.4905,10
2026-09-05T00,1441208453,3556,100,True,0.1583,0.5475,8
2026-09-05T00,116747788,3200,47,False,0.4966,0.9278,6
2026-09-05T00,499634,5258,98,False,0.306,0.8644,7
2026-09-05T00,513181,4769,100,True,0.4202,0.7526,10
2026-09-05T00,1982936547,4859,58,False,0.5553,0.9432,6
2026-09-05T00,518203,4639,91,False,0.2751,0.8545,6
2026-09-05T00,459931,4511,100,True,0.0964,0.4943,6
2026-09-05T00,493959,3943,99,False,0.1643,0.5947,10
2026-09-05T00,509511,4639,100,True,0.4572,0.6553,7
2026-09-05T00,1036710512,3729,100,True,0.5272,0.7131,8
2026-09-05T00,1763263,4477,43,False,0.4974,0.931,2
2026-09-05T00,66170,3807,100,True,0.228,0.6063,6
2026-09-05T00,498592,4183,100,True,0.1838,0.7241,16
2026-09-05T00,401587136,3920,99,False,0.2237,0.6592,12
2026-09-05T00,66082,2704,94,False,0.2933,0.5714,9
2026-09-05T00,518184,3186,100,True,0.3927,0.6777,7
2026-09-05T00,509663,3544,100,True,0.1126,0.4461,6
2026-09-05T00,2012789438,2552,98,False,0.0925,0.4036,7
2026-09-05T00,670138298,2878,100,True,0.1487,0.714,1
2026-09-05T00,500188,2993,95,False,0.124,0.5757,9
2026-09-05T00,491168,3303,40,False,0.337,0.9715,7
2026-09-05T00,1743359147,3130,26,False,0.3885,0.9626,4
2026-09-05T00,674491029,2906,100,True,0.3431,0.7433,7
2026-09-05T00,1494,1010,100,True,0.1604,0.4257,8
2026-09-05T00,369252,2837,71,False,0.7526,0.933,5
2026-09-05T00,1282866981,2729,100,True,0.1774,0.5713,11
2026-09-05T00,65632,2552,100,True,0.1583,0.5572,8
2026-09-05T00,490655,2795,41,False,0.249,0.8343,6
2026-09-05T00,1910103699,2644,100,True,0.6002,0.7973,8
2026-09-05T00,250649084,2720,42,False,0.8143,0.964,7
2026-09-05T00,676802825,2471,100,True,0.4658,0.6168,7
2026-09-05T00,168648543,2196,100,True,0.1366,0.7199,9
2026-09-05T00,488190,2473,70,False,0.1901,0.6907,6
2026-09-05T00,508455,2465,100,True,0.4446,0.8126,8
2026-09-05T00,55453844,2338,100,True,0.376,0.7695,9
2026-09-05T00,1081998272,1677,100,True,0.0531,0.319,5
2026-09-05T00,11557,2273,73,False,0.7981,0.8944,5
2026-09-05T04,509658,83046,96,False,0.0909,0.3412,9
2026-09-05T04,743893402,83882,99,False,0.5934,0.8185,10
2026-09-05T04,516575,57543,97,False,0.2993,0.8425,10
2026-09-05T04,902998079,55117,100,True,0.4263,0.6743,7
2026-09-05T04,1702520304,54035,98,False,0.1832,0.5419,10
2026-09-05T04,132735846,50226,48,False,0.3863,0.9677,5
2026-09-05T04,512710,39116,100,True,0.5609,0.8714,5
2026-09-05T04,33214,21495,99,False,0.2831,0.6214,5
2026-09-05T04,21779,27042,99,False,0.118,0.4259,11
2026-09-05T04,509672,35516,98,False,0.0933,0.5922,11
2026-09-05T04,32982,22577,97,False,0.1598,0.4981,7
2026-09-05T04,327598602,23146,98,False,0.1756,0.5858,8
2026-09-05T04,1494,22934,100,True,0.9681,0.9799,7
2026-09-05T04,498566,25073,71,False,0.128,0.6933,9
2026-09-05T04,511224,16983,100,True,0.3141,0.7238,6
2026-09-05T04,27471,13614,100,True,0.1745,0.528,7
2026-09-05T04,602040818,15739,98,False,0.2087,0.5779,1
2026-09-05T04,1264310518,12165,95,False,0.139,0.5099,6
2026-09-05T04,491487,9943,96,False,0.2917,0.5984,7
2026-09-05T04,493057,17970,91,False,0.6993,0.9381,8
2026-09-05T04,515025,9644,96,False,0.1135,0.5077,5
2026-09-05T04,13332,15590,77,False,0.81,0.9609,5
2026-09-05T04,263490,15081,100,True,0.562,0.8541,7
2026-09-05T04,32399,12273,96,False,0.1603,0.5393,9
2026-09-05T04,509659,14361,100,True,0.1915,0.6128,5
2026-09-05T04,18122,10355,97,False,0.1131,0.4633,6
2026-09-05T04,29595,13521,100,True,0.1031,0.6933,6
2026-09-05T04,499973,13023,100,True,0.1036,0.4934,5
2026-09-05T04,1982936547,13377,40,False,0.5142,0.9884,6
2026-09-05T04,1357871551,11347,100,True,0.1013,0.5046,10
2026-09-05T04,513143,12226,100,True,0.2189,0.7943,11
2026-09-05T04,29452,12514,32,False,0.1581,0.7493,3
2026-09-05T04,2118564063,11377,2,False,0.9999,1.0,2
2026-09-05T04,458353,11107,16,False,0.9896,0.9992,3
2026-09-05T04,460630,6950,98,False,0.3505,0.7062,9
2026-09-05T04,2004342068,10188,1,False,1.0,1.0,1
2026-09-05T04,1742163310,9433,21,False,0.8272,0.996,2
2026-09-05T04,27284,7542,100,True,0.1435,0.4254,7
2026-09-05T04,498592,8135,100,True,0.3093,0.6704,14
2026-09-05T04,499003,7900,100,True,0.213,0.6234,5
2026-09-05T04,1081998272,6467,100,True,0.16,0.7592,5
2026-09-05T04,509660,5084,98,False,0.1517,0.3922,8
2026-09-05T04,10609,7627,44,False,0.3596,0.9892,4
2026-09-05T04,1669431183,6821,100,True,0.1585,0.4159,5
2026-09-05T04,26936,5742,97,False,0.0582,0.4122,5
2026-09-05T04,491931,6194,100,True,0.1686,0.5917,8
2026-09-05T04,23020,3559,95,False,0.2105,0.5473,4
2026-09-05T04,464339927,5206,98,False,0.2269,0.6398,8
2026-09-05T04,24241,4591,100,True,0.0664,0.3605,6
2026-09-05T04,488190,6150,48,False,0.6325,0.939,7
2026-09-05T04,1910993272,6186,99,False,0.544,0.9242,7
2026-09-05T04,417528,5871,100,True,0.1628,0.7048,6
2026-09-05T04,519291,5671,70,False,0.9656,0.9857,5
2026-09-05T04,1441208453,3788,100,True,0.2167,0.57,10
2026-09-05T04,509663,5295,89,False,0.2888,0.7433,8
2026-09-05T04,512953,4650,100,True,0.1108,0.5774,6
2026-09-05T04,19619,4366,100,True,0.0792,0.4153,4
2026-09-05T04,511399,5264,25,False,0.9111,0.9896,6
2026-09-05T04,459931,5002,98,False,0.1339,0.5852,3
2026-09-05T04,461221,5124,16,False,0.5262,0.9982,3
2026-09-05T04,30921,2980,93,False,0.1332,0.5547,7
2026-09-05T04,2132205352,4264,100,True,0.1311,0.6513,5
2026-09-05T04,138585,4441,63,False,0.2905,0.923,9
2026-09-05T04,386821,4542,100,True,0.0564,0.4229,9
2026-09-05T04,493959,4304,99,False,0.5604,0.7644,6
2026-09-05T04,272263131,4198,100,True,0.2411,0.6837,5
2026-09-05T04,1428038415,4458,22,False,0.5709,0.9924,2
2026-09-05T04,624536948,3393,98,False,0.1126,0.5836,5
2026-09-05T04,1898040946,3600,100,True,0.1111,0.5389,7
2026-09-05T04,27546,4126,83,False,0.4719,0.8965,11
2026-09-05T04,676802825,3744,99,False,0.566,0.695,5
2026-09-05T04,31339,3409,100,True,0.1913,0.511,7
2026-09-05T04,1036710512,3102,100,True,0.5487,0.6602,8
2026-09-05T04,670138298,3318,97,False,0.283,0.8345,2
2026-09-05T04,734438588,3879,1,False,1.0,1.0,1
2026-09-05T04,2012789438,2608,96,False,0.1469,0.4693,5
2026-09-05T04,66082,2903,99,False,0.2873,0.7523,8
2026-09-05T04,919012536,3754,34,False,0.8487,0.9779,2
2026-09-05T04,369252,3472,72,False,0.6201,0.9444,5
2026-09-05T04,499634,3371,77,False,0.5346,0.9261,7
2026-09-05T04,66170,2676,97,False,0.333,0.5934,6
2026-09-05T04,65632,2876,100,True,0.1575,0.7417,6
2026-09-05T04,55453844,2837,99,False,0.4526,0.7279,5
2026-09-05T04,494099,2852,100,True,0.5621,0.7451,6
2026-09-05T04,509511,2737,93,False,0.0968,0.4717,6
2026-09-05T04,1294658629,1920,100,True,0.2432,0.4531,6
2026-09-05T04,513181,2289,100,True,0.2918,0.5911,7
2026-09-05T04,1832641890,2329,100,True,0.4697,0.863,3
2026-09-05T04,490655,2267,42,False,0.2245,0.7918,6
2026-09-05T04,1743359147,2248,22,False,0.6446,0.9764,4
2026-09-05T04,1282866981,2076,100,True,0.1956,0.578,9
2026-09-05T04,518203,2174,92,False,0.3625,0.8947,8
2026-09-05T04,168648543,1724,100,True,0.1589,0.594,8
2026-09-05T04,401587136,2005,100,True,0.2404,0.616,11
2026-09-05T04,518184,1439,100,True,0.1015,0.3954,4
2026-09-05T04,19976,2118,65,False,0.1638,0.7488,4
2026-09-05T04,65876,1888,97,False,0.6811,0.8316,7
2026-09-05T04,1107866670,2032,2,False,0.997,1.0,1
2026-09-05T04,500188,1732,97,False,0.2275,0.4925,7
2026-09-05T04,766571430,1472,100,True,0.0462,0.3234,6
2026-09-05T10,132735846,466103,100,True,0.265,0.8075,2
2026-09-05T10,21779,298520,99,False,0.3239,0.7654,17
2026-09-05T10,509658,85932,99,False,0.1096,0.3892,11
2026-09-05T10,509672,111847,99,False,0.1802,0.7753,17
2026-09-05T10,493057,77356,96,False,0.5122,0.8928,14
2026-09-05T10,516575,64919,100,True,0.1417,0.5896,15
2026-09-05T10,1702520304,51475,99,False,0.2116,0.624,13
2026-09-05T10,511224,43106,99,False,0.1907,0.7859,7
2026-09-05T10,29595,44170,98,False,0.3209,0.7563,9
2026-09-05T10,32982,33270,98,False,0.0781,0.443,11
2026-09-05T10,32399,33974,100,True,0.2262,0.5177,13
2026-09-05T10,327598602,33151,99,False,0.1746,0.666,14
2026-09-05T10,743893402,22940,100,True,0.0891,0.4551,15
2026-09-05T10,18122,23393,99,False,0.2153,0.5542,11
2026-09-05T10,33214,15448,98,False,0.1099,0.5245,12
2026-09-05T10,498566,19290,63,False,0.1706,0.6646,15
2026-09-05T10,1357871551,16718,100,True,0.1305,0.5038,12
2026-09-05T10,499973,17461,100,True,0.3498,0.5809,5
2026-09-05T10,27471,11521,97,False,0.1818,0.5947,11
2026-09-05T10,518203,16740,100,True,0.3397,0.8737,19
2026-09-05T10,491931,15244,99,False,0.3251,0.7549,16
2026-09-05T10,263490,15720,100,True,0.4572,0.8104,10
2026-09-05T10,460630,13772,99,False,0.5579,0.8827,12
2026-09-05T10,513143,14384,100,True,0.0916,0.589,16
2026-09-05T10,902998079,12572,97,False,0.1606,0.6385,13
2026-09-05T10,1286363364,13147,5,False,0.9983,1.0,1
2026-09-05T10,515025,9185,99,False,0.2676,0.6028,11
2026-09-05T10,27546,11961,98,False,0.2891,0.8011,13
2026-09-05T10,491487,7295,93,False,0.2532,0.5782,11
2026-09-05T10,2004342068,10665,1,False,1.0,1.0,1
2026-09-05T10,29452,10457,22,False,0.1519,0.7737,4
2026-09-05T10,602040818,7308,96,False,0.1267,0.6222,6
2026-09-05T10,497497,8162,90,False,0.2567,0.9037,9
2026-09-05T10,509659,7997,95,False,0.1943,0.6864,6
2026-09-05T10,498592,6691,100,True,0.0991,0.5466,12
2026-09-05T10,26936,6366,98,False,0.2823,0.6791,10
2026-09-05T10,1264310518,5058,98,False,0.1159,0.4302,9
2026-09-05T10,31339,6443,99,False,0.2044,0.7327,12
2026-09-05T10,138585,6541,91,False,0.2651,0.8373,14
2026-09-05T10,512710,5346,98,False,0.1319,0.4781,10
2026-09-05T10,417528,5983,64,False,0.3629,0.8643,10
2026-09-05T10,509660,4755,96,False,0.2004,0.4013,9
2026-09-05T10,1669431183,5645,100,True,0.1573,0.5247,7
2026-09-05T10,483253897,5489,5,False,0.9758,1.0,2
2026-09-05T10,55453844,4788,100,True,0.3206,0.6155,5
2026-09-05T10,386821,4800,98,False,0.1069,0.5563,15
2026-09-05T10,24241,4529,100,True,0.2374,0.5396,6
2026-09-05T10,272263131,4561,100,True,0.2732,0.6764,8
2026-09-05T10,27284,4499,100,True,0.1974,0.6008,12
2026-09-05T10,511229,4416,8,False,0.8644,1.0,1
2026-09-05T10,19619,3446,100,True,0.0725,0.4568,4
2026-09-05T10,850490686,3666,2,False,0.9997,1.0,2
2026-09-05T10,33734,3435,5,False,0.8777,1.0,3
2026-09-05T10,2132205352,3529,100,True,0.2326,0.7342,11
2026-09-05T10,624536948,3101,99,False,0.2454,0.6598,10
2026-09-05T10,461221,3421,16,False,0.8264,0.9971,6
2026-09-05T10,459931,3198,100,True,0.2802,0.6176,6
2026-09-05T10,509511,3009,83,False,0.23,0.667,8
2026-09-05T10,464339927,2843,100,True,0.2561,0.5916,11
2026-09-05T10,500188,3082,100,True,0.4987,0.7774,14
2026-09-05T10,504463,2902,100,True,0.7033,0.8842,12
2026-09-05T10,1282866981,2660,100,True,0.1496,0.5733,11
2026-09-05T10,30921,1970,97,False,0.166,0.6487,10
2026-09-05T10,509663,2429,77,False,0.3796,0.7122,13
2026-09-05T10,743,2707,36,False,0.9143,0.9815,7
2026-09-05T10,513181,2546,100,True,0.3401,0.6229,14
2026-09-05T10,23020,1299,96,False,0.0539,0.3433,10
2026-09-05T10,18894,2609,3,False,0.9989,1.0,2
2026-09-05T10,512953,2333,99,False,0.1166,0.5324,11
2026-09-05T10,1414860634,2592,50,False,0.3291,0.9491,9
2026-09-05T10,1081998272,2518,100,True,0.2045,0.7371,9
2026-09-05T10,19554,2023,100,True,0.1201,0.5961,16
2026-09-05T10,499634,2393,79,False,0.1601,0.8834,8
2026-09-05T10,65632,2312,98,False,0.1652,0.6869,11
2026-09-05T10,1441208453,1807,100,True,0.0675,0.3658,11
2026-09-05T10,401587136,2092,100,True,0.2686,0.7065,16
2026-09-05T10,1036710512,2003,100,True,0.3739,0.6585,13
2026-09-05T10,538054672,2117,75,False,0.1545,0.8026,10
2026-09-05T10,12839,2084,28,False,0.2845,0.9213,4
2026-09-05T10,502829,2115,54,False,0.3939,0.8095,2
2026-09-05T10,512864,2020,23,False,0.5663,0.9807,5
2026-09-05T10,488190,1997,45,False,0.5123,0.9069,8
2026-09-05T10,490655,1964,46,False,0.2368,0.7958,6
2026-09-05T10,13332,1963,48,False,0.2455,0.8599,8
2026-09-05T10,71375,1935,59,False,0.215,0.8072,10
2026-09-05T10,506456,1929,51,False,0.7963,0.9404,9
2026-09-05T10,515214,1892,21,False,0.7098,0.9942,8
2026-09-05T10,509667,1836,26,False,0.4129,0.9401,4
2026-09-05T10,66082,1430,100,True,0.2371,0.7252,13
2026-09-05T10,570615518,1744,91,False,0.3297,0.8188,13
2026-09-05T10,674491029,1682,93,False,0.2235,0.7277,10
2026-09-05T10,2059463486,93,15,False,0.3011,0.9355,4
2026-09-05T10,495202,1681,11,False,0.9161,0.9994,2
2026-09-05T10,1751366933,1660,8,False,0.7102,1.0,4
2026-09-05T10,1743359147,1550,14,False,0.4445,0.9974,6
2026-09-05T10,32502,1580,34,False,0.3323,0.8937,9
2026-09-05T10,494184,1305,79,False,0.1395,0.6881,9
2026-09-05T10,670138298,1497,78,False,0.654,0.9466,2
2026-09-05T10,505884,1521,81,False,0.5431,0.7771,10
2026-09-05T10,505705,1470,6,False,0.9912,1.0,4
2026-09-05T15,132735846,497909,100,True,0.1453,0.6637,1
2026-09-05T15,32399,354394,98,False,0.1796,0.8085,18
2026-09-05T15,509658,165834,95,False,0.071,0.3884,13
2026-09-05T15,21779,223894,99,False,0.254,0.8244,17
2026-09-05T15,509672,212920,98,False,0.4283,0.8633,16
2026-09-05T15,32982,56126,100,True,0.0579,0.3607,11
2026-09-05T15,516575,48618,96,False,0.0912,0.5216,12
2026-09-05T15,27471,44777,100,True,0.6188,0.7739,14
2026-09-05T15,327598602,53211,100,True,0.1072,0.5853,13
2026-09-05T15,743893402,44753,99,False,0.2058,0.5477,15
2026-09-05T15,1702520304,49145,99,False,0.2088,0.6026,15
2026-09-05T15,1357871551,48433,100,True,0.2373,0.6891,15
2026-09-05T15,33214,33926,100,True,0.0951,0.4871,12
2026-09-05T15,29595,39142,99,False,0.206,0.6785,5
2026-09-05T15,498566,32216,86,False,0.2371,0.6941,14
2026-09-05T15,18122,24485,100,True,0.1041,0.4622,10
2026-09-05T15,369418,28764,67,False,0.271,0.9224,14
2026-09-05T15,27546,25409,99,False,0.2664,0.8619,13
2026-09-05T15,902998079,21179,99,False,0.248,0.7642,14
2026-09-05T15,515025,15946,100,True,0.1902,0.5873,14
2026-09-05T15,511224,13161,93,False,0.2607,0.7008,12
2026-09-05T15,513143,19207,99,False,0.1024,0.586,13
2026-09-05T15,518203,18922,93,False,0.1301,0.6462,15
2026-09-05T15,491487,12581,98,False,0.1276,0.5846,12
2026-09-05T15,491931,14155,98,False,0.1862,0.7177,12
2026-09-05T15,263490,14009,100,True,0.3494,0.7659,12
2026-09-05T15,512710,12283,99,False,0.2064,0.6568,11
2026-09-05T15,1264310518,11355,100,True,0.1971,0.6207,8
2026-09-05T15,55453844,13779,95,False,0.2366,0.8399,9
2026-09-05T15,511195,13985,12,False,0.9989,0.9999,4
2026-09-05T15,491168,13932,49,False,0.3727,0.9265,9
2026-09-05T15,459931,13537,99,False,0.5534,0.856,8
2026-09-05T15,499973,12139,100,True,0.2375,0.4888,5
2026-09-05T15,509659,12672,98,False,0.3917,0.7685,8
2026-09-05T15,511399,12419,22,False,0.9723,0.9947,6
2026-09-05T15,66366,11875,98,False,0.5923,0.9451,12
2026-09-05T15,29452,11713,25,False,0.1231,0.6617,4
2026-09-05T15,417528,10887,100,True,0.1691,0.6797,14
2026-09-05T15,386821,9553,97,False,0.1156,0.4858,11
2026-09-05T15,602040818,8037,99,False,0.1033,0.5391,6
2026-09-05T15,23020,5234,99,False,0.1418,0.5218,10
2026-09-05T15,493057,8231,94,False,0.2909,0.6511,15
2026-09-05T15,19619,7357,100,True,0.0889,0.4435,5
2026-09-05T15,512953,7773,99,False,0.4619,0.7377,12
2026-09-05T15,26936,6872,96,False,0.188,0.5632,12
2026-09-05T15,27284,7054,100,True,0.2481,0.6053,10
2026-09-05T15,24241,6532,100,True,0.3125,0.6096,9
2026-09-05T15,509660,5077,97,False,0.1942,0.4361,9
2026-09-05T15,624536948,6807,96,False,0.5906,0.8731,12
2026-09-05T15,497497,7592,91,False,0.4683,0.9323,9
2026-09-05T15,1669431183,6675,100,True,0.1663,0.4911,7
2026-09-05T15,2092563878,6754,5,False,0.9051,1.0,2
2026-09-05T15,460630,4869,98,False,0.1327,0.6192,13
2026-09-05T15,498592,6067,99,False,0.1284,0.624,6
2026-09-05T15,31339,5762,98,False,0.3497,0.6565,11
2026-09-05T15,511229,5996,16,False,0.48,0.9972,2
2026-09-05T15,513181,5258,100,True,0.217,0.6394,11
2026-09-05T15,13263,5920,25,False,0.8324,0.987,7
2026-09-05T15,539102438,5924,1,False,1.0,1.0,1
2026-09-05T15,1036710512,5298,100,True,0.3505,0.7899,11
2026-09-05T15,464339927,5102,100,True,0.224,0.5947,11
2026-09-05T15,2132205352,5132,100,True,0.1442,0.7038,13
2026-09-05T15,66082,4659,100,True,0.3222,0.8594,14
2026-09-05T15,1441208453,4140,100,True,0.228,0.679,11
2026-09-05T15,509663,5167,98,False,0.1784,0.5285,11
2026-09-05T15,272263131,4858,100,True,0.323,0.6604,6
2026-09-05T15,138585,5053,97,False,0.1935,0.7126,12
2026-09-05T15,743,4913,53,False,0.7785,0.9621,8
2026-09-05T15,13332,4988,71,False,0.57,0.9062,10
2026-09-05T15,1898040946,4508,100,True,0.213,0.7496,13
2026-09-05T15,499634,4628,95,False,0.2267,0.7939,8
2026-09-05T15,499003,4569,98,False,0.2537,0.8131,9
2026-09-05T15,30921,3509,98,False,0.2519,0.7142,10
2026-09-05T15,33734,4357,9,False,0.6849,1.0,5
2026-09-05T15,2005329090,4292,10,False,0.8756,1.0,3
2026-09-05T15,488190,4171,74,False,0.2493,0.7965,13
2026-09-05T15,921298138,4104,100,True,0.3065,0.777,14
2026-09-05T15,494184,4051,98,False,0.5845,0.802,9
2026-09-05T15,513501,3819,92,False,0.5378,0.9131,5
2026-09-05T15,674491029,3751,100,True,0.3428,0.771,11
2026-09-05T15,1282866981,3222,96,False,0.2039,0.5686,11
2026-09-05T15,509511,3764,100,True,0.1435,0.5276,11
2026-09-05T15,65632,3443,97,False,0.1818,0.6759,14
2026-09-05T15,461221,3514,19,False,0.5085,0.9892,6
2026-09-05T15,538054672,3280,100,True,0.2433,0.757,15
2026-09-05T15,1846293708,3317,48,False,0.7555,0.9346,8
2026-09-05T15,2748,3267,56,False,0.262,0.8748,7
2026-09-05T15,735904419,2977,98,False,0.2019,0.7393,14
2026-09-05T15,126542259,3044,8,False,0.3518,1.0,1
2026-09-05T15,514891,2948,17,False,0.3965,0.9949,5
2026-09-05T15,505371,2837,30,False,0.9827,0.994,8
2026-09-05T15,71375,2773,90,False,0.436,0.7966,13
2026-09-05T15,21465,2683,87,False,0.2956,0.7059,13
2026-09-05T15,1931693784,2726,79,False,0.3324,0.8811,11
2026-09-05T15,490948,2676,76,False,0.4439,0.8614,11
2026-09-05T15,490655,2565,56,False,0.2448,0.7142,9
2026-09-05T15,2012789438,2281,93,False,0.2117,0.6225,9
2026-09-05T15,401587136,2320,100,True,0.0638,0.3836,17
2026-09-05T15,12839,2537,41,False,0.227,0.8628,4
2026-09-05T15,670138298,2363,100,True,0.2603,0.7778,2
2026-09-05T18,132735846,538319,100,True,0.16,0.704,1
2026-09-05T18,509658,271699,97,False,0.0949,0.4537,17
2026-09-05T18,32399,279713,98,False,0.1942,0.8175,18
2026-09-05T18,509672,136344,100,True,0.2275,0.8092,14
2026-09-05T18,27471,107024,98,False,0.4043,0.8492,10
2026-09-05T18,516575,71038,100,True,0.1449,0.5656,10
2026-09-05T18,518203,87035,100,True,0.8445,0.9597,14
2026-09-05T18,743893402,52693,100,True,0.2085,0.5718,15
2026-09-05T18,33214,43211,99,False,0.1222,0.5664,10
2026-09-05T18,21779,49654,100,True,0.1549,0.6297,11
2026-09-05T18,327598602,52044,94,False,0.1896,0.6993,15
2026-09-05T18,29595,49129,95,False,0.2586,0.7913,8
2026-09-05T18,32982,32087,100,True,0.0587,0.3229,12
2026-09-05T18,515025,44680,100,True,0.6066,0.8419,12
2026-09-05T18,1702520304,46217,95,False,0.2312,0.6144,16
2026-09-05T18,1357871551,38106,99,False,0.1246,0.6812,16
2026-09-05T18,498566,28130,96,False,0.1719,0.708,17
2026-09-05T18,369418,33642,83,False,0.3418,0.9268,14
2026-09-05T18,18122,22411,99,False,0.1224,0.4193,12
2026-09-05T18,902998079,25737,99,False,0.1565,0.6179,13
2026-09-05T18,27546,26010,97,False,0.2995,0.883,15
2026-09-05T18,460630,22954,98,False,0.5334,0.8733,12
2026-09-05T18,511224,19381,96,False,0.2151,0.6886,13
2026-09-05T18,66366,21911,94,False,0.6029,0.9674,13
2026-09-05T18,499973,16222,100,True,0.29,0.668,6
2026-09-05T18,491487,8490,100,True,0.1496,0.4204,11
2026-09-05T18,31339,14687,98,False,0.4325,0.8317,11
2026-09-05T18,491168,14951,60,False,0.4407,0.8963,10
2026-09-05T18,491931,13452,100,True,0.2106,0.7332,15
2026-09-05T18,459931,14615,99,False,0.5292,0.8415,5
2026-09-05T18,1264310518,11071,100,True,0.1695,0.5851,8
2026-09-05T18,513143,13500,96,False,0.1525,0.5834,13
2026-09-05T18,138585,14353,99,False,0.2325,0.7899,15
2026-09-05T18,512710,8302,98,False,0.3005,0.5821,10
2026-09-05T18,602040818,8254,94,False,0.1026,0.5436,7
2026-09-05T18,23020,6742,98,False,0.2888,0.6858,9
2026-09-05T18,511399,10803,20,False,0.9722,0.9969,4
2026-09-05T18,26936,8754,97,False,0.1249,0.5565,10
2026-09-05T18,512953,9109,98,False,0.4514,0.7672,11
2026-09-05T18,493057,8436,97,False,0.2212,0.638,13
2026-09-05T18,417528,9539,100,True,0.1837,0.7255,12
2026-09-05T18,55453844,9648,100,True,0.2413,0.8393,10
2026-09-05T18,1669431183,8024,100,True,0.1582,0.4528,7
2026-09-05T18,513181,8892,99,False,0.353,0.7891,11
2026-09-05T18,509660,6276,100,True,0.1276,0.4162,10
2026-09-05T18,509659,8295,95,False,0.2133,0.7583,9
2026-09-05T18,263490,7574,98,False,0.2882,0.7303,11
2026-09-05T18,19619,6692,100,True,0.085,0.4008,5
2026-09-05T18,12453,8067,5,False,0.9466,1.0,2
2026-09-05T18,509663,7524,100,True,0.1684,0.5712,9
2026-09-05T18,386821,7172,100,True,0.1411,0.5125,11
2026-09-05T18,29452,7442,17,False,0.1685,0.8569,3
2026-09-05T18,30921,5655,100,True,0.4226,0.8101,13
2026-09-05T18,13263,7030,35,False,0.896,0.9809,5
2026-09-05T18,24241,5356,100,True,0.2341,0.5788,7
2026-09-05T18,27284,5392,100,True,0.0855,0.4139,10
2026-09-05T18,674491029,6021,100,True,0.296,0.8454,11
2026-09-05T18,2132205352,5830,97,False,0.281,0.7854,12
2026-09-05T18,13389,5711,45,False,0.5183,0.9694,12
2026-09-05T18,539102438,5698,1,False,1.0,1.0,1
2026-09-05T18,401587136,5034,100,True,0.3365,0.7414,18
2026-09-05T18,464339927,4427,100,True,0.2528,0.6065,12
2026-09-05T18,624536948,4343,100,True,0.3518,0.6984,10
2026-09-05T18,1441208453,3712,99,False,0.3122,0.5622,8
2026-09-05T18,272263131,4894,100,True,0.3243,0.6624,5
2026-09-05T18,670138298,4527,97,False,0.2235,0.7488,2
2026-09-05T18,93798731,5075,82,False,0.5773,0.9383,11
2026-09-05T18,13332,5067,88,False,0.479,0.8194,7
2026-09-05T18,488190,4945,100,True,0.1875,0.6663,12
2026-09-05T18,499003,4594,97,False,0.2838,0.7259,11
2026-09-05T18,499634,4478,100,True,0.2544,0.868,10
2026-09-05T18,65632,3945,100,True,0.2172,0.6512,14
2026-09-05T18,2005329090,4322,3,False,0.9438,1.0,1
2026-09-05T18,1036710512,3527,100,True,0.2197,0.6907,10
2026-09-05T18,71375,4162,100,True,0.4587,0.7662,10
2026-09-05T18,2748,4119,68,False,0.2918,0.9126,8
2026-09-05T18,66082,3142,100,True,0.2136,0.7785,16
2026-09-05T18,30028,3975,86,False,0.9469,0.9764,10
2026-09-05T18,494184,3773,100,True,0.3589,0.7779,9
2026-09-05T18,1075816708,3800,5,False,0.9845,1.0,2
2026-09-05T18,116747788,3317,48,False,0.442,0.9524,7
2026-09-05T18,1313679836,3365,6,False,0.9958,1.0,3
2026-09-05T18,2012789438,2966,100,True,0.2016,0.6254,8
2026-09-05T18,1282866981,2926,99,False,0.3664,0.6302,14
2026-09-05T18,500188,2542,100,True,0.1637,0.4717,12
2026-09-05T18,509511,3049,100,True,0.081,0.5182,8
2026-09-05T18,1173950709,2985,1,False,1.0,1.0,1
2026-09-05T18,19554,2356,100,True,0.1439,0.6104,11
2026-09-05T18,495202,3011,20,False,0.9366,0.9924,5
2026-09-05T18,509667,2891,48,False,0.1961,0.8533,8
2026-09-05T18,461221,2909,24,False,0.6655,0.9852,6
2026-09-05T18,2094865572,2811,100,True,0.2042,0.7645,9
2026-09-05T18,66170,2340,100,True,0.0611,0.3774,10
2026-09-05T18,493959,1977,100,True,0.1027,0.3814,12
2026-09-05T18,493890,2714,3,False,0.9978,1.0,1
2026-09-05T18,10609,2686,46,False,0.4274,0.9527,5
2026-09-05T18,735904419,2481,97,False,0.2487,0.7243,15
2026-09-05T18,518184,2362,100,True,0.3912,0.6469,11
2026-09-05T18,502829,2403,68,False,0.4145,0.7428,4
2026-09-05T18,490948,2588,99,False,0.488,0.7898,12
2026-09-05T22,132735846,652512,100,True,0.231,0.7386,1
2026-09-05T22,509658,211690,97,False,0.1772,0.5735,14
2026-09-05T22,509672,144822,97,False,0.1503,0.7655,14
2026-09-05T22,516575,103591,99,False,0.2413,0.6998,12
2026-09-05T22,743893402,80049,99,False,0.2635,0.7094,13
2026-09-05T22,21779,66016,97,False,0.2047,0.5557,11
2026-09-05T22,33214,44567,94,False,0.163,0.6869,10
2026-09-05T22,32399,58494,100,True,0.2318,0.5787,13
2026-09-05T22,32982,34702,97,False,0.0765,0.3651,14
2026-09-05T22,27471,45228,99,False,0.127,0.5425,9
2026-09-05T22,460630,55933,96,False,0.7939,0.9502,11
2026-09-05T22,515025,49173,99,False,0.4829,0.8606,11
2026-09-05T22,29595,44458,100,True,0.1515,0.697,7
2026-09-05T22,327598602,38032,100,True,0.1947,0.7097,16
2026-09-05T22,498566,41014,100,True,0.1745,0.6275,13
2026-09-05T22,902998079,33568,100,True,0.2097,0.6582,9
2026-09-05T22,18122,30655,94,False,0.2031,0.5693,10
2026-09-05T22,1898040946,34312,100,True,0.8624,0.9486,11
2026-09-05T22,1357871551,29057,100,True,0.1922,0.6121,15
2026-09-05T22,511224,29301,93,False,0.2899,0.803,11
2026-09-05T22,1702520304,31036,99,False,0.1119,0.595,12
2026-09-05T22,31339,26309,99,False,0.2317,0.7959,8
2026-09-05T22,513143,22586,99,False,0.4386,0.8269,13
2026-09-05T22,491487,11797,99,False,0.1233,0.5221,9
2026-09-05T22,512953,19312,97,False,0.5314,0.8745,11
2026-09-05T22,512710,14141,92,False,0.3107,0.6374,9
2026-09-05T22,1264310518,11571,99,False,0.1946,0.5141,7
2026-09-05T22,602040818,11955,99,False,0.1702,0.5323,4
2026-09-05T22,13332,15978,100,True,0.8016,0.9494,6
2026-09-05T22,29452,15127,36,False,0.1269,0.6235,5
2026-09-05T22,499973,13397,100,True,0.1135,0.5745,5
2026-09-05T22,27546,13982,97,False,0.4489,0.8351,15
2026-09-05T22,518203,13726,95,False,0.6311,0.9426,11
2026-09-05T22,1669431183,11365,100,True,0.1281,0.4919,6
2026-09-05T22,509659,12481,100,True,0.0842,0.5733,9
2026-09-05T22,491931,8225,95,False,0.1511,0.5675,13
2026-09-05T22,509663,7995,99,False,0.2269,0.6074,9
2026-09-05T22,23020,5520,100,True,0.2475,0.6185,9
2026-09-05T22,263490,8705,96,False,0.2791,0.7068,11
2026-09-05T22,30921,7503,98,False,0.2342,0.7929,12
2026-09-05T22,509660,6278,99,False,0.1493,0.4304,11
2026-09-05T22,417528,8995,100,True,0.2523,0.7245,11
2026-09-05T22,19619,6983,99,False,0.1005,0.3814,5
2026-09-05T22,2132205352,7682,100,True,0.2227,0.6658,8
2026-09-05T22,26936,5965,91,False,0.0716,0.4612,8
2026-09-05T22,13389,7013,61,False,0.527,0.9608,11
2026-09-05T22,386821,6768,99,False,0.1916,0.6308,12
2026-09-05T22,30028,6873,100,True,0.7057,0.9758,9
2026-09-05T22,138585,6860,100,True,0.1255,0.7249,15
2026-09-05T22,1763263,6521,57,False,0.5294,0.9255,3
2026-09-05T22,1081998272,5673,100,True,0.4345,0.7359,8
2026-09-05T22,13263,6006,33,False,0.8551,0.9765,6
2026-09-05T22,27284,5060,100,True,0.0848,0.3706,9
2026-09-05T22,464339927,4726,99,False,0.1917,0.5102,11
2026-09-05T22,488190,5883,91,False,0.1499,0.6847,11
2026-09-05T22,674491029,5629,100,True,0.3034,0.8144,10
2026-09-05T22,493057,4292,100,True,0.0701,0.3628,15
2026-09-05T22,68351,5670,44,False,0.4432,0.9871,9
2026-09-05T22,24241,4689,100,True,0.2308,0.6029,7
2026-09-05T22,499634,5358,92,False,0.2837,0.852,8
2026-09-05T22,1441208453,3279,99,False,0.1006,0.4773,8
2026-09-05T22,513181,4591,100,True,0.1429,0.6761,12
2026-09-05T22,511399,4938,25,False,0.6256,0.9858,4
2026-09-05T22,272263131,4768,100,True,0.2586,0.6716,6
2026-09-05T22,459931,4524,100,True,0.1057,0.5314,4
2026-09-05T22,1036710512,3951,100,True,0.3655,0.7135,10
2026-09-05T22,624536948,3099,92,False,0.0887,0.5273,11
2026-09-05T22,12839,4444,38,False,0.1888,0.9316,4
2026-09-05T22,65632,4000,100,True,0.3132,0.619,10
2026-09-05T22,369418,4383,47,False,0.8939,0.9658,13
2026-09-05T22,499003,4270,100,True,0.1869,0.6693,8
2026-09-05T22,2748,4172,71,False,0.3332,0.9159,7
2026-09-05T22,401587136,3741,100,True,0.2323,0.6619,13
2026-09-05T22,2012789438,3239,100,True,0.0988,0.5366,7
2026-09-05T22,497057,3808,100,True,0.4748,0.661,7
2026-09-05T22,1846293708,3796,81,False,0.7827,0.8836,4
2026-09-05T22,506462,3336,41,False,0.8459,0.9745,9
2026-09-05T22,1282866981,3540,100,True,0.1785,0.5963,12
2026-09-05T22,493959,2591,100,True,0.1305,0.4072,16
2026-09-05T22,19554,2600,100,True,0.1769,0.565,13
2026-09-05T22,1294658629,2704,100,True,0.4013,0.6209,10
2026-09-05T22,93798731,3201,44,False,0.9644,0.9853,8
2026-09-05T22,1498346737,1550,1,False,1.0,1.0,1
2026-09-05T22,460951,3114,100,True,0.7543,0.8613,9
2026-09-05T22,509511,3218,100,True,0.0827,0.4282,7
2026-09-05T22,495202,3152,24,False,0.9261,0.9876,5
2026-09-05T22,771717624,3059,21,False,0.9673,0.9922,5
2026-09-05T22,19976,2397,43,False,0.713,0.9424,5
2026-09-05T22,66170,2405,98,False,0.0632,0.4091,8
2026-09-05T22,1910993272,2713,100,True,0.5805,0.8205,13
2026-09-05T22,490147,2910,96,False,0.656,0.8804,10
2026-09-05T22,500188,2194,99,False,0.1331,0.3487,11
2026-09-05T22,1494,927,100,True,0.1575,0.4595,11
2026-09-05T22,66082,1792,94,False,0.1317,0.5201,10
2026-09-05T22,2094865572,2746,98,False,0.2538,0.7779,5
2026-09-05T22,71375,2705,100,True,0.2351,0.6739,11
2026-09-05T22,116747788,2695,41,False,0.6071,0.9696,5
2026-09-05T22,519260,2656,3,False,0.9951,1.0,3
2026-09-05T22,508455,2488,100,True,0.4815,0.7416,9
2026-09-05T22,670138298,1907,92,False,0.2396,0.7095,2
2026-09-05T23,132735846,386939,100,True,0.3652,0.7771,1
2026-09-05T23,509658,209769,100,True,0.1467,0.5705,13
2026-09-05T23,743893402,81946,99,False,0.5189,0.787,12
2026-09-05T23,509672,69955,99,False,0.1295,0.6208,14
2026-09-05T23,33214,46260,99,False,0.172,0.6961,8
2026-09-05T23,21779,44305,98,False,0.1303,0.5212,11
2026-09-05T23,515025,43970,97,False,0.4152,0.8588,11
2026-09-05T23,460630,50746,99,False,0.6673,0.9569,11
2026-09-05T23,511224,48303,100,True,0.29,0.8356,10
2026-09-05T23,27471,42555,99,False,0.49,0.8049,8
2026-09-05T23,32982,24477,90,False,0.0647,0.352,10
2026-09-05T23,32399,32773,93,False,0.2359,0.5779,12
2026-09-05T23,516575,25121,100,True,0.2541,0.5709,11
2026-09-05T23,327598602,34157,100,True,0.6871,0.8488,14
2026-09-05T23,29595,30213,100,True,0.171,0.7383,7
2026-09-05T23,1357871551,28452,100,True,0.1486,0.7165,13
2026-09-05T23,902998079,26016,100,True,0.1632,0.5994,10
2026-09-05T23,498566,30142,92,False,0.1133,0.5944,13
2026-09-05T23,1702520304,24049,99,False,0.1334,0.6114,12
2026-09-05T23,491487,15587,97,False,0.2277,0.5925,9
2026-09-05T23,31339,21550,100,True,0.2928,0.7988,8
2026-09-05T23,18122,16883,96,False,0.1794,0.5199,9
2026-09-05T23,29452,20570,39,False,0.1132,0.6184,6
2026-09-05T23,512953,17202,99,False,0.5642,0.8825,10
2026-09-05T23,1264310518,10856,100,True,0.1105,0.4487,5
2026-09-05T23,602040818,13129,100,True,0.1846,0.5965,3
2026-09-05T23,13332,17015,92,False,0.8597,0.9593,7
2026-09-05T23,498592,14865,100,True,0.6864,0.8883,13
2026-09-05T23,499973,14161,100,True,0.0846,0.5545,6
2026-09-05T23,512710,10449,100,True,0.0927,0.504,9
2026-09-05T23,513143,12546,91,False,0.2971,0.7563,11
2026-09-05T23,2059463486,12563,75,False,0.9167,0.9659,4
2026-09-05T23,509659,11666,100,True,0.0961,0.5867,9
2026-09-05T23,1669431183,9331,100,True,0.1326,0.4753,7
2026-09-05T23,458353,10080,20,False,0.8008,0.9971,4
2026-09-05T23,491931,6847,96,False,0.1812,0.5191,11
2026-09-05T23,19619,7500,100,True,0.1524,0.4172,4
2026-09-05T23,30921,6798,98,False,0.2773,0.7543,9
2026-09-05T23,401587136,8460,100,True,0.6027,0.8762,14
2026-09-05T23,499003,8614,100,True,0.184,0.7411,7
2026-09-05T23,23020,4089,95,False,0.2326,0.5383,5
2026-09-05T23,386821,8183,100,True,0.2686,0.6658,10
2026-09-05T23,509660,5888,98,False,0.162,0.4234,6
2026-09-05T23,417528,7948,99,False,0.2285,0.7212,10
2026-09-05T23,26936,6507,99,False,0.2586,0.5706,11
2026-09-05T23,2132205352,6860,100,True,0.1656,0.6972,6
2026-09-05T23,509663,6735,100,True,0.2689,0.5957,7
2026-09-05T23,12839,6867,30,False,0.5464,0.9554,3
2026-09-05T23,464339927,5619,100,True,0.1523,0.6053,9
2026-09-05T23,138585,6540,90,False,0.1757,0.808,15
2026-09-05T23,24241,5490,100,True,0.1268,0.5546,7
2026-09-05T23,68351,6326,35,False,0.3641,0.9927,6
2026-09-05T23,27546,6190,100,True,0.3489,0.8241,14
2026-09-05T23,1441208453,4237,100,True,0.199,0.5693,8
2026-09-05T23,27284,5321,100,True,0.0701,0.3911,8
2026-09-05T23,493057,4601,99,False,0.1258,0.4529,14
2026-09-05T23,263490,5016,100,True,0.1886,0.5734,11
2026-09-05T23,1763263,5369,48,False,0.5457,0.9428,2
2026-09-05T23,1036710512,4347,100,True,0.3851,0.732,9
2026-09-05T23,272263131,4865,100,True,0.2972,0.6958,5
2026-09-05T23,513181,4734,100,True,0.379,0.7664,9
2026-09-05T23,624536948,3539,92,False,0.1277,0.586,9
2026-09-05T23,459931,4667,100,True,0.1603,0.5655,6
2026-09-05T23,497057,4490,100,True,0.4726,0.7198,6
2026-09-05T23,499634,4036,87,False,0.5178,0.9073,8
2026-09-05T23,488190,3925,64,False,0.1763,0.7335,8
2026-09-05T23,1038730744,4246,7,False,0.9849,1.0,1
2026-09-05T23,2748,3818,67,False,0.3418,0.9209,7
2026-09-05T23,1898040946,3229,100,True,0.1369,0.5203,8
2026-09-05T23,66082,2564,100,True,0.236,0.6806,10
2026-09-05T23,518203,3448,100,True,0.5455,0.8422,8
2026-09-05T23,493959,2594,98,False,0.1345,0.4518,12
2026-09-05T23,511399,3428,20,False,0.9043,0.9854,5
2026-09-05T23,2012789438,2349,97,False,0.146,0.5189,7
2026-09-05T23,500188,2744,100,True,0.148,0.4836,11
2026-09-05T23,1282866981,3039,100,True,0.2172,0.5304,11
2026-09-05T23,66170,2664,100,True,0.1389,0.4989,9
2026-09-05T23,771717624,3051,17,False,0.9797,0.9971,5
2026-09-05T23,495202,2973,28,False,0.8957,0.9802,2
2026-09-05T23,493174,2965,39,False,0.4749,0.8934,5
2026-09-05T23,1081998272,2417,99,False,0.1812,0.5383,5
2026-09-05T23,509511,2861,100,True,0.0912,0.4526,8
2026-09-05T23,65632,2400,92,False,0.1342,0.5375,10
2026-09-05T23,518184,2182,100,True,0.2699,0.6155,9
2026-09-05T23,1494,663,100,True,0.0588,0.3062,10
2026-09-05T23,1294658629,1898,100,True,0.2408,0.471,8
2026-09-05T23,508455,2312,100,True,0.5138,0.7755,7
2026-09-05T23,630009802,2437,86,False,0.3061,0.8314,4
2026-09-05T23,490147,2385,99,False,0.5786,0.8872,8
2026-09-05T23,168648543,1937,99,False,0.189,0.7481,14
2026-09-05T23,10609,2599,46,False,0.5013,0.9623,3
2026-09-05T23,512980,2334,96,False,0.5955,0.7832,8
2026-09-05T23,19554,1737,100,True,0.1105,0.5325,12
2026-09-05T23,460951,2193,100,True,0.7255,0.8317,6
2026-09-05T23,743,2216,52,False,0.5623,0.9246,8
2026-09-05T23,884569009,513,21,False,0.3275,0.8986,4
2026-09-05T23,23239,2166,10,False,0.9788,1.0,3
2026-09-05T23,674491029,1950,100,True,0.1272,0.561,9
2026-09-05T23,209738946,2059,100,True,0.3099,0.7761,9
2026-09-05T23,492035,2009,17,False,0.9507,0.9955,5
2026-09-06T04,509658,134507,99,False,0.2018,0.6148,8
2026-09-06T04,743893402,92325,98,False,0.508,0.8474,9
2026-09-06T04,132735846,47750,51,False,0.3797,0.9682,6
2026-09-06T04,516575,31224,99,False,0.2475,0.7145,9
2026-09-06T04,27471,33614,99,False,0.5293,0.8485,6
2026-09-06T04,509672,39456,98,False,0.1385,0.6589,11
2026-09-06T04,21779,26356,97,False,0.0618,0.3943,10
2026-09-06T04,33214,13333,100,True,0.1061,0.4233,6
2026-09-06T04,511224,22751,100,True,0.1374,0.7056,6
2026-09-06T04,515025,17977,100,True,0.3662,0.6973,8
2026-09-06T04,498566,25278,56,False,0.1772,0.8154,9
2026-09-06T04,32982,15296,92,False,0.1094,0.4119,9
2026-09-06T04,1494,21876,100,True,0.9653,0.981,5
2026-09-06T04,491487,11397,100,True,0.177,0.5931,7
2026-09-06T04,602040818,13973,96,False,0.1743,0.5111,3
2026-09-06T04,902998079,15340,99,False,0.2126,0.6139,8
2026-09-06T04,1702520304,18418,99,False,0.1571,0.6192,9
2026-09-06T04,32399,16449,98,False,0.1261,0.427,10
2026-09-06T04,1264310518,12238,99,False,0.1656,0.5463,6
2026-09-06T04,327598602,16179,99,False,0.1889,0.5785,11
2026-09-06T04,509659,15228,100,True,0.2032,0.6512,6
2026-09-06T04,958726331,16872,5,False,0.9883,1.0,1
2026-09-06T04,29452,17062,36,False,0.1309,0.6715,3
2026-09-06T04,29595,14014,99,False,0.2557,0.7339,8
2026-09-06T04,18122,11215,98,False,0.1603,0.4542,7
2026-09-06T04,1357871551,12956,100,True,0.1506,0.6369,12
2026-09-06T04,513143,13479,98,False,0.1794,0.7817,9
2026-09-06T04,512710,9853,97,False,0.1089,0.5186,7
2026-09-06T04,1950608914,13522,3,False,0.8249,1.0,1
2026-09-06T04,458353,13443,27,False,0.8535,0.9976,4
2026-09-06T04,499973,12386,100,True,0.0974,0.4624,5
2026-09-06T04,13332,12467,68,False,0.822,0.9722,6
2026-09-06T04,1982936547,10601,37,False,0.7169,0.992,5
2026-09-06T04,506415,9399,42,False,0.9661,0.9918,6
2026-09-06T04,27284,8576,100,True,0.1477,0.4773,6
2026-09-06T04,31339,8357,99,False,0.3626,0.7454,8
2026-09-06T04,460630,5561,99,False,0.4582,0.7026,8
2026-09-06T04,26936,7515,99,False,0.4136,0.656,8
2026-09-06T04,499003,8305,100,True,0.2437,0.704,5
2026-09-06T04,498592,8000,100,True,0.3615,0.6826,14
2026-09-06T04,509660,5921,98,False,0.1464,0.5134,9
2026-09-06T04,1038730744,7335,5,False,0.9192,1.0,1
2026-09-06T04,491931,6043,97,False,0.2095,0.5312,6
2026-09-06T04,1669431183,6297,100,True,0.2058,0.4688,5
2026-09-06T04,464339927,5340,99,False,0.3236,0.667,8
2026-09-06T04,386821,6521,99,False,0.3717,0.6329,9
2026-09-06T04,23020,2506,94,False,0.0838,0.3911,5
2026-09-06T04,723030544,6113,4,False,0.9982,1.0,2
2026-09-06T04,1441208453,4374,100,True,0.2691,0.5398,8
2026-09-06T04,138585,6068,59,False,0.2739,0.9397,9
2026-09-06T04,66082,5036,100,True,0.3515,0.7933,7
2026-09-06T04,2132205352,5394,100,True,0.1533,0.6505,5
2026-09-06T04,19619,4814,100,True,0.0956,0.4373,3
2026-09-06T04,24241,4233,100,True,0.155,0.4068,6
2026-09-06T04,417528,5362,98,False,0.1803,0.7602,7
2026-09-06T04,1036710512,4134,92,False,0.5556,0.7523,7
2026-09-06T04,509663,4840,96,False,0.2258,0.7632,8
2026-09-06T04,512953,3785,100,True,0.1316,0.488,8
2026-09-06T04,630009802,4307,78,False,0.3854,0.9248,4
2026-09-06T04,272263131,4060,100,True,0.2362,0.6897,5
2026-09-06T04,30921,2781,100,True,0.3668,0.5915,7
2026-09-06T04,459931,3743,100,True,0.1181,0.5301,5
2026-09-06T04,2012789438,2866,100,True,0.2561,0.53,6
2026-09-06T04,624536948,2528,93,False,0.1309,0.6436,7
2026-09-06T04,499634,3191,81,False,0.5986,0.9085,8
2026-09-06T04,670138298,2474,91,False,0.4321,0.806,1
2026-09-06T04,27546,2938,65,False,0.4493,0.8193,13
2026-09-06T04,601470178,2874,6,False,0.8876,1.0,3
2026-09-06T04,513181,2676,100,True,0.3576,0.6394,9
2026-09-06T04,1898040946,2338,100,True,0.1788,0.5269,6
2026-09-06T04,263490,2492,97,False,0.0823,0.4189,7
2026-09-06T04,1081998272,1908,100,True,0.0765,0.3249,5
2026-09-06T04,18852,2712,4,False,0.9889,1.0,2
2026-09-06T04,493057,2066,99,False,0.1462,0.5082,8
2026-09-06T04,509511,2525,80,False,0.1042,0.5192,6
2026-09-06T04,1282866981,2370,100,True,0.1072,0.5506,9
2026-09-06T04,709941216,2398,24,False,0.8849,0.9796,2
2026-09-06T04,515024,2451,49,False,0.9066,0.9678,6
2026-09-06T04,65632,2274,99,False,0.2098,0.6983,8
2026-09-06T04,490948,2289,98,False,0.4884,0.8327,6
2026-09-06T04,1217150241,2331,49,False,0.5697,0.9794,4
2026-09-06T04,493959,1832,98,False,0.1392,0.4885,8
2026-09-06T04,66170,1795,100,True,0.0852,0.4457,6
2026-09-06T04,1544653089,2063,13,False,0.4833,0.9981,3
2026-09-06T04,1826300051,2046,27,False,0.7346,0.9614,3
2026-09-06T04,168648543,1567,97,False,0.1755,0.589,6
2026-09-06T04,497057,1693,96,False,0.124,0.433,4
2026-09-06T04,1448964995,1859,37,False,0.575,0.9747,7
2026-09-06T04,509577,1930,99,False,0.5088,0.8057,4
2026-09-06T04,19976,1954,79,False,0.1556,0.6965,6
2026-09-06T04,490655,1916,37,False,0.2302,0.8215,7
2026-09-06T04,921298138,1906,100,True,0.574,0.8033,7
2026-09-06T04,7022,1847,43,False,0.921,0.9718,5
2026-09-06T04,518184,1410,100,True,0.1333,0.4298,7
2026-09-06T04,55453844,1776,100,True,0.2168,0.6104,8
2026-09-06T04,674491029,1685,100,True,0.1757,0.6404,6
2026-09-06T04,491168,1793,29,False,0.5678,0.9911,4
2026-09-06T04,538054672,1740,83,False,0.4649,0.8195,6
2026-09-06T04,1294658629,1248,99,False,0.0361,0.2604,5
2026-09-06T04,502829,1739,27,False,0.5308,0.927,2
2026-09-06T10,132735846,465010,100,True,0.2682,0.7882,2
2026-09-06T10,21779,350567,99,False,0.3748,0.7917,18
2026-09-06T10,509658,117483,97,False,0.1081,0.4427,11
2026-09-06T10,509672,122650,100,True,0.1787,0.7768,13
2026-09-06T10,516575,67758,100,True,0.1225,0.5712,14
2026-09-06T10,511224,68063,100,True,0.177,0.7876,8
2026-09-06T10,55453844,56030,98,False,0.4729,0.9723,5
2026-09-06T10,32399,40425,100,True,0.1144,0.474,15
2026-09-06T10,32982,34044,97,False,0.0887,0.4237,10
2026-09-06T10,1584745140,42211,8,False,0.9976,1.0,4
2026-09-06T10,29595,35942,98,False,0.1137,0.6229,6
2026-09-06T10,27471,30164,99,False,0.4337,0.784,10
2026-09-06T10,24193,36496,21,False,0.6089,0.9994,6
2026-09-06T10,1702520304,31960,100,True,0.2093,0.6171,14
2026-09-06T10,509663,33693,81,False,0.904,0.9711,10
2026-09-06T10,18122,29009,98,False,0.3509,0.6197,8
2026-09-06T10,1357871551,17974,100,True,0.0773,0.422,13
2026-09-06T10,498566,21224,62,False,0.1539,0.6867,13
2026-09-06T10,327598602,17153,100,True,0.1079,0.4485,15
2026-09-06T10,33214,13450,98,False,0.1301,0.4903,12
2026-09-06T10,499973,18501,100,True,0.3634,0.628,6
2026-09-06T10,511399,17283,11,False,0.991,0.9999,4
2026-09-06T10,515025,12753,96,False,0.2443,0.6884,11
2026-09-06T10,263490,13440,97,False,0.1965,0.7775,10
2026-09-06T10,491931,12482,97,False,0.3926,0.6882,13
2026-09-06T10,27546,12620,100,True,0.2361,0.7494,11
2026-09-06T10,518203,11889,100,True,0.361,0.8913,14
2026-09-06T10,497497,11471,99,False,0.2927,0.916,8
2026-09-06T10,31339,11197,100,True,0.278,0.822,10
2026-09-06T10,513143,10941,100,True,0.1204,0.6764,18
2026-09-06T10,491487,7690,100,True,0.0912,0.5291,13
2026-09-06T10,597712627,10898,2,False,0.9983,1.0,1
2026-09-06T10,29452,9824,21,False,0.1458,0.7828,4
2026-09-06T10,493057,8823,100,True,0.3239,0.7842,14
2026-09-06T10,902998079,8445,100,True,0.1233,0.5895,11
2026-09-06T10,602040818,8153,100,True,0.1652,0.6051,5
2026-09-06T10,512710,7684,100,True,0.1131,0.5347,11
2026-09-06T10,138585,8650,91,False,0.1482,0.7784,14
2026-09-06T10,509660,6582,97,False,0.1896,0.5106,11
2026-09-06T10,1264310518,6341,99,False,0.0904,0.4226,11
2026-09-06T10,26936,6970,96,False,0.2531,0.6594,8
2026-09-06T10,509659,7372,100,True,0.2259,0.7185,7
2026-09-06T10,498592,6747,100,True,0.1113,0.6099,13
2026-09-06T10,27284,6476,100,True,0.3431,0.6623,11
2026-09-06T10,13332,6548,40,False,0.544,0.9498,6
2026-09-06T10,386821,6202,100,True,0.2046,0.5679,11
2026-09-06T10,460630,3501,96,False,0.1171,0.6038,10
2026-09-06T10,417528,5870,71,False,0.1632,0.73,13
2026-09-06T10,464339927,4893,100,True,0.3015,0.6405,14
2026-09-06T10,1669431183,4945,100,True,0.1108,0.4164,7
2026-09-06T10,511229,4746,21,False,0.8767,0.9869,1
2026-09-06T10,19619,4155,100,True,0.1276,0.567,5
2026-09-06T10,1441208453,3901,100,True,0.3171,0.7129,9
2026-09-06T10,272263131,4331,100,True,0.2558,0.6703,6
2026-09-06T10,24241,3947,100,True,0.1102,0.4165,6
2026-09-06T10,743,4415,35,False,0.8116,0.9853,6
2026-09-06T10,401587136,4303,100,True,0.1985,0.7248,16
2026-09-06T10,18852,4083,1,False,1.0,1.0,1
2026-09-06T10,459931,4057,100,True,0.2034,0.7156,4
2026-09-06T10,624536948,3383,94,False,0.4121,0.6932,12
2026-09-06T10,2132205352,3599,100,True,0.2309,0.7802,11
2026-09-06T10,65632,3327,95,False,0.2224,0.7081,12
2026-09-06T10,512953,3290,99,False,0.2812,0.6498,14
2026-09-06T10,512923,3502,80,False,0.2087,0.9206,10
2026-09-06T10,499634,3447,77,False,0.2843,0.9167,8
2026-09-06T10,538054672,3269,74,False,0.2126,0.8495,11
2026-09-06T10,513181,3050,100,True,0.3056,0.6479,15
2026-09-06T10,23020,1525,97,False,0.1108,0.4393,8
2026-09-06T10,1282866981,2946,100,True,0.0974,0.5706,13
2026-09-06T10,12839,2888,38,False,0.2299,0.8199,4
2026-09-06T10,504461,2647,24,False,0.2663,0.9675,6
2026-09-06T10,71375,2591,80,False,0.1748,0.7059,13
2026-09-06T10,1428038415,2605,11,False,0.777,0.9988,3
2026-09-06T10,1751366933,2521,18,False,0.5597,0.9889,6
2026-09-06T10,1036710512,2231,100,True,0.4231,0.6558,9
2026-09-06T10,19976,2506,75,False,0.3571,0.7538,5
2026-09-06T10,512864,2421,24,False,0.5861,0.9785,5
2026-09-06T10,488190,2350,41,False,0.4851,0.8868,9
2026-09-06T10,509511,2346,73,False,0.1074,0.6147,5
2026-09-06T10,394568,2315,35,False,0.7045,0.9559,9
2026-09-06T10,30921,1772,97,False,0.1907,0.553,11
2026-09-06T10,499003,2319,62,False,0.2712,0.784,8
2026-09-06T10,513501,2437,100,True,0.4341,0.8551,3
2026-09-06T10,500188,2123,100,True,0.1116,0.4465,11
2026-09-06T10,66082,1797,99,False,0.2599,0.7991,11
2026-09-06T10,502829,2177,52,False,0.2568,0.7598,3
2026-09-06T10,495359,2144,7,False,0.9972,1.0,4
2026-09-06T10,954159912,2100,2,False,0.9995,1.0,2
2026-09-06T10,512341,2028,6,False,0.9882,1.0,2
2026-09-06T10,509667,2117,31,False,0.2702,0.8654,7
2026-09-06T10,116747788,2003,42,False,0.5382,0.9356,6
2026-09-06T10,508455,1986,64,False,0.36,0.8253,10
2026-09-06T10,12924,1950,36,False,0.4128,0.9436,9
2026-09-06T10,494184,1956,100,True,0.3134,0.7899,11
2026-09-06T10,490655,1894,39,False,0.2001,0.8273,9
2026-09-06T10,168648543,1814,99,False,0.2508,0.7839,13
2026-09-06T10,674491029,1826,100,True,0.1369,0.6878,9
2026-09-06T10,1414860634,1757,52,False,0.6534,0.9254,8
2026-09-06T10,262437666,1748,99,False,0.1276,0.6556,14
2026-09-06T10,1469308723,1676,96,False,0.3604,0.6897,9
2026-09-06T15,132735846,722519,100,True,0.2563,0.745,1
2026-09-06T15,32399,415409,92,False,0.1993,0.8163,16
2026-09-06T15,509658,217060,92,False,0.0995,0.4365,10
2026-09-06T15,21779,256902,100,True,0.2662,0.8297,17
2026-09-06T15,509672,132416,100,True,0.1649,0.7869,14
2026-09-06T15,516575,78854,100,True,0.1576,0.5551,12
2026-09-06T15,32982,59688,100,True,0.0548,0.3427,10
2026-09-06T15,29595,42830,99,False,0.1372,0.7198,9
2026-09-06T15,1357871551,37135,99,False,0.1315,0.6669,15
2026-09-06T15,33214,26693,89,False,0.1995,0.55,12
2026-09-06T15,27471,27448,99,False,0.2426,0.6308,11
2026-09-06T15,1702520304,35633,97,False,0.2014,0.6035,15
2026-09-06T15,18122,25164,100,True,0.0837,0.4258,10
2026-09-06T15,24193,30351,34,False,0.6185,0.9985,10
2026-09-06T15,498566,27765,84,False,0.1097,0.6245,16
2026-09-06T15,518203,25436,100,True,0.3023,0.7757,12
2026-09-06T15,327598602,20302,100,True,0.301,0.561,14
2026-09-06T15,515025,17543,99,False,0.2815,0.6554,12
2026-09-06T15,511399,23666,19,False,0.9883,0.9989,6
2026-09-06T15,511224,14021,99,False,0.2269,0.6017,14
2026-09-06T15,491931,17842,99,False,0.3543,0.7074,15
2026-09-06T15,491487,12803,97,False,0.1316,0.5831,13
2026-09-06T15,499973,16691,100,True,0.2176,0.5919,5
2026-09-06T15,55453844,17639,100,True,0.2327,0.8308,8
2026-09-06T15,263490,15702,100,True,0.1849,0.761,11
2026-09-06T15,493057,14872,100,True,0.5306,0.7935,15
2026-09-06T15,27546,15932,98,False,0.2703,0.7344,15
2026-09-06T15,66366,15687,95,False,0.6043,0.9402,15
2026-09-06T15,902998079,13655,100,True,0.1949,0.6695,11
2026-09-06T15,1264310518,12320,98,False,0.1746,0.6432,11
2026-09-06T15,513143,13972,98,False,0.1033,0.6227,18
2026-09-06T15,26936,13042,98,False,0.3775,0.7947,8
2026-09-06T15,1898040946,13481,93,False,0.2346,0.9171,12
2026-09-06T15,597712627,12389,6,False,0.998,1.0,2
2026-09-06T15,31339,11643,99,False,0.1561,0.6534,12
2026-09-06T15,138585,12236,97,False,0.4882,0.9084,15
2026-09-06T15,417528,11652,100,True,0.1529,0.6591,15
2026-09-06T15,512710,8965,99,False,0.1217,0.5778,13
2026-09-06T15,570615518,11295,99,False,0.8979,0.9563,14
2026-09-06T15,921298138,11179,95,False,0.4598,0.9504,15
2026-09-06T15,497497,11066,96,False,0.3332,0.8831,8
2026-09-06T15,509663,10233,96,False,0.5075,0.7572,9
2026-09-06T15,509659,9816,99,False,0.2647,0.7411,7
2026-09-06T15,386821,8892,97,False,0.1411,0.4765,11
2026-09-06T15,29452,9515,21,False,0.1344,0.7544,4
2026-09-06T15,602040818,7467,100,True,0.1333,0.5239,6
2026-09-06T15,509660,5971,95,False,0.107,0.3763,11
2026-09-06T15,491168,8676,47,False,0.1912,0.8829,8
2026-09-06T15,511229,8214,11,False,0.5951,0.9999,1
2026-09-06T15,24241,6913,100,True,0.227,0.6097,9
2026-09-06T15,488190,7905,100,True,0.1302,0.6474,10
2026-09-06T15,27284,7305,99,False,0.1893,0.6244,10
2026-09-06T15,13332,7755,70,False,0.4462,0.9167,7
2026-09-06T15,19619,6027,98,False,0.075,0.4345,4
2026-09-06T15,459931,7104,100,True,0.2033,0.7251,8
2026-09-06T15,401587136,6817,99,False,0.1608,0.7122,17
2026-09-06T15,23020,3414,95,False,0.2411,0.6192,9
2026-09-06T15,1669431183,6418,100,True,0.1452,0.4564,10
2026-09-06T15,66082,2205,95,False,0.1592,0.6503,15
2026-09-06T15,460630,4719,99,False,0.1413,0.6489,14
2026-09-06T15,65632,5589,100,True,0.2378,0.7271,11
2026-09-06T15,13263,5769,25,False,0.8527,0.9919,6
2026-09-06T15,2132205352,5244,98,False,0.1373,0.5896,9
2026-09-06T15,30921,4136,93,False,0.2618,0.7708,12
2026-09-06T15,624536948,4889,99,False,0.5983,0.7719,12
2026-09-06T15,1441208453,4050,98,False,0.2175,0.5899,9
2026-09-06T15,272263131,4983,100,True,0.2693,0.6657,5
2026-09-06T15,499634,5170,97,False,0.3089,0.7737,10
2026-09-06T15,743,4776,54,False,0.7634,0.9504,11
2026-09-06T15,464339927,4033,98,False,0.1163,0.5485,14
2026-09-06T15,2005329090,4713,9,False,0.8708,1.0,1
2026-09-06T15,512953,3777,100,True,0.0744,0.4144,11
2026-09-06T15,498592,4532,100,True,0.254,0.6267,7
2026-09-06T15,513181,4083,100,True,0.1759,0.5525,12
2026-09-06T15,538054672,4498,94,False,0.2777,0.8188,13
2026-09-06T15,494184,4354,96,False,0.3895,0.8039,7
2026-09-06T15,6521,4424,50,False,0.682,0.9344,9
2026-09-06T15,1997912577,4256,1,False,1.0,1.0,1
2026-09-06T15,504461,4230,41,False,0.3296,0.9721,7
2026-09-06T15,513501,4205,90,False,0.5555,0.9365,5
2026-09-06T15,71375,4097,97,False,0.3881,0.8077,13
2026-09-06T15,1751366933,4026,21,False,0.5412,0.9896,7
2026-09-06T15,394568,3806,60,False,0.5476,0.933,10
2026-09-06T15,1282866981,3324,100,True,0.2001,0.5791,15
2026-09-06T15,495764,3538,10,False,0.4556,1.0,3
2026-09-06T15,2748,3433,72,False,0.3382,0.9039,9
2026-09-06T15,508455,3335,100,True,0.2735,0.7811,12
2026-09-06T15,12839,3227,43,False,0.3368,0.886,5
2026-09-06T15,116747788,2917,43,False,0.6106,0.9595,5
2026-09-06T15,79499989,3096,3,False,0.5194,1.0,2
2026-09-06T15,499003,3066,53,False,0.3105,0.8787,7
2026-09-06T15,778386489,2995,47,False,0.9396,0.9826,7
2026-09-06T15,1036710512,2207,100,True,0.2275,0.5011,12
2026-09-06T15,500188,2486,100,True,0.14,0.5278,13
2026-09-06T15,1405728308,2769,14,False,0.6342,0.9978,8
2026-09-06T15,93798731,2715,100,True,0.4228,0.937,10
2026-09-06T15,2012789438,2411,97,False,0.1875,0.5599,9
2026-09-06T15,262437666,2564,100,True,0.1069,0.5917,12
2026-09-06T15,66170,2357,100,True,0.087,0.5507,12
2026-09-06T15,209738946,2561,100,True,0.3545,0.7368,14
2026-09-06T18,132735846,859423,100,True,0.2782,0.7752,1
2026-09-06T18,509658,341468,98,False,0.0816,0.4448,10
2026-09-06T18,21779,321686,100,True,0.2688,0.8528,18
2026-09-06T18,32399,275565,98,False,0.2135,0.824,15
2026-09-06T18,27471,143120,95,False,0.3994,0.8986,10
2026-09-06T18,516575,124519,98,False,0.1738,0.6365,12
2026-09-06T18,33214,75927,100,True,0.2835,0.7215,9
2026-09-06T18,32982,48213,97,False,0.0499,0.3979,13
2026-09-06T18,515025,55723,98,False,0.5948,0.8886,12
2026-09-06T18,29595,49384,99,False,0.1865,0.715,7
2026-09-06T18,491381,50006,35,False,0.5709,0.9943,7
2026-09-06T18,1357871551,39350,100,True,0.1153,0.5984,14
2026-09-06T18,498566,44987,99,False,0.1881,0.6251,15
2026-09-06T18,902998079,40331,97,False,0.4307,0.8147,11
2026-09-06T18,18122,26953,100,True,0.0697,0.3782,11
2026-09-06T18,327598602,35939,100,True,0.1905,0.7113,13
2026-09-06T18,1702520304,36350,100,True,0.211,0.5988,15
2026-09-06T18,509672,35643,98,False,0.152,0.5222,15
2026-09-06T18,511224,26063,96,False,0.2296,0.7727,16
2026-09-06T18,369418,31227,52,False,0.9529,0.9928,14
2026-09-06T18,1881949588,29106,34,False,0.9539,0.9976,7
2026-09-06T18,460630,23513,98,False,0.5256,0.861,14
2026-09-06T18,491931,23352,100,True,0.2639,0.7444,16
2026-09-06T18,93798731,22859,100,True,0.504,0.9362,10
2026-09-06T18,24193,22292,50,False,0.6162,0.9933,10
2026-09-06T18,30921,20143,92,False,0.6531,0.9078,13
2026-09-06T18,66366,21119,96,False,0.6065,0.9492,15
2026-09-06T18,491487,12686,99,False,0.1205,0.5426,12
2026-09-06T18,138585,20674,98,False,0.2387,0.8222,15
2026-09-06T18,602040818,16057,99,False,0.4214,0.6656,9
2026-09-06T18,1898040946,18945,100,True,0.7601,0.9443,16
2026-09-06T18,518203,18398,97,False,0.2903,0.8249,12
2026-09-06T18,1264310518,14090,95,False,0.1353,0.5992,11
2026-09-06T18,509663,17944,97,False,0.5486,0.8528,5
2026-09-06T18,31339,14772,96,False,0.2178,0.7075,12
2026-09-06T18,27546,14832,98,False,0.2985,0.6773,15
2026-09-06T18,491168,15010,73,False,0.2242,0.8116,10
2026-09-06T18,512710,10314,100,True,0.1042,0.5102,13
2026-09-06T18,513143,13720,100,True,0.1369,0.6876,14
2026-09-06T18,55453844,13894,99,False,0.2554,0.8653,10
2026-09-06T18,499973,11321,99,False,0.2072,0.4935,5
2026-09-06T18,488190,11683,99,False,0.1811,0.5796,11
2026-09-06T18,1910993272,12044,92,False,0.8084,0.9034,14
2026-09-06T18,263490,10635,98,False,0.2934,0.7521,11
2026-09-06T18,491117,116,32,False,0.1638,0.7241,9
2026-09-06T18,29452,10725,27,False,0.1331,0.7483,4
2026-09-06T18,512953,9265,98,False,0.5232,0.7226,10
2026-09-06T18,509660,6661,100,True,0.1252,0.3963,10
2026-09-06T18,493057,8112,100,True,0.0894,0.4373,18
2026-09-06T18,1669431183,8757,100,True,0.1433,0.4125,9
2026-09-06T18,417528,9850,99,False,0.3222,0.6779,10
2026-09-06T18,26936,8371,99,False,0.1563,0.5615,9
2026-09-06T18,401587136,8057,100,True,0.1123,0.6985,13
2026-09-06T18,29106,8701,99,False,0.7675,0.9512,10
2026-09-06T18,27284,7867,99,False,0.141,0.5409,8
2026-09-06T18,509659,8479,99,False,0.1302,0.6279,8
2026-09-06T18,19619,6697,100,True,0.0751,0.4236,5
2026-09-06T18,1081998272,7993,99,False,0.2847,0.8394,11
2026-09-06T18,65632,7794,97,False,0.2102,0.6727,12
2026-09-06T18,386821,7677,100,True,0.1006,0.5259,13
2026-09-06T18,24241,6716,94,False,0.2761,0.6099,6
2026-09-06T18,66082,6541,96,False,0.6085,0.8098,10
2026-09-06T18,13263,7367,31,False,0.811,0.9684,4
2026-09-06T18,23020,3125,93,False,0.1187,0.4925,9
2026-09-06T18,464339927,5695,100,True,0.246,0.5714,14
2026-09-06T18,624536948,5348,98,False,0.1215,0.5675,10
2026-09-06T18,13332,6526,96,False,0.5513,0.8694,8
2026-09-06T18,2132205352,5940,98,False,0.1747,0.6918,9
2026-09-06T18,459931,6314,97,False,0.2704,0.6709,9
2026-09-06T18,6521,6180,81,False,0.4736,0.8903,10
2026-09-06T18,499634,5770,98,False,0.2984,0.7981,9
2026-09-06T18,1441208453,4127,100,True,0.2142,0.6324,9
2026-09-06T18,513181,5069,96,False,0.1973,0.6729,11
2026-09-06T18,670138298,4837,95,False,0.2413,0.774,2
2026-09-06T18,272263131,5133,100,True,0.3026,0.6976,5
2026-09-06T18,2012789438,4227,95,False,0.2425,0.6988,7
2026-09-06T18,71375,4745,100,True,0.4649,0.7659,12
2026-09-06T18,778386489,4717,57,False,0.9478,0.9896,10
2026-09-06T18,1742163310,4696,20,False,0.7981,0.9951,4
2026-09-06T18,538054672,3109,91,False,0.2956,0.7144,11
2026-09-06T18,1303634255,4630,4,False,0.9978,1.0,2
2026-09-06T18,498417,4623,36,False,0.9533,0.9877,6
2026-09-06T18,499003,4574,100,True,0.1653,0.6952,8
2026-09-06T18,12839,4564,50,False,0.3431,0.872,6
2026-09-06T18,2005329090,4457,4,False,0.9011,1.0,2
2026-09-06T18,2748,4421,62,False,0.359,0.9256,9
2026-09-06T18,511229,4381,9,False,0.9578,1.0,2
2026-09-06T18,500188,3492,94,False,0.2572,0.5461,11
2026-09-06T18,515024,4190,81,False,0.7945,0.9685,9
2026-09-06T18,1931693784,4020,74,False,0.6771,0.9229,9
2026-09-06T18,12924,3907,58,False,0.5956,0.9296,6
2026-09-06T18,674491029,3758,100,True,0.3065,0.797,12
2026-09-06T18,495202,3604,17,False,0.9451,0.9945,4
2026-09-06T18,1036710512,2659,100,True,0.2471,0.5825,11
2026-09-06T18,509511,3367,94,False,0.1209,0.624,8
2026-09-06T18,13389,3447,61,False,0.2414,0.8961,11
2026-09-06T18,68351,3365,35,False,0.8556,0.9899,8
2026-09-06T18,494184,3168,100,True,0.4905,0.7311,8
2026-09-06T18,1282866981,3053,100,True,0.1503,0.5372,16
2026-09-06T18,168648543,2775,99,False,0.084,0.5077,12
2026-09-06T20,132735846,902436,100,True,0.3038,0.7362,1
2026-09-06T20,509658,273507,95,False,0.1462,0.4859,11
2026-09-06T20,516575,126928,98,False,0.2038,0.6632,12
2026-09-06T20,33214,88473,98,False,0.2805,0.7638,10
2026-09-06T20,32982,61048,100,True,0.044,0.3282,12
2026-09-06T20,21779,79208,96,False,0.2115,0.6552,13
2026-09-06T20,27471,71943,100,True,0.2944,0.691,10
2026-09-06T20,515025,74016,100,True,0.6255,0.9282,12
2026-09-06T20,32399,58557,94,False,0.3687,0.5926,15
2026-09-06T20,30921,59146,100,True,0.6951,0.9676,10
2026-09-06T20,29595,49310,100,True,0.1826,0.7256,9
2026-09-06T20,491381,48011,33,False,0.5776,0.9949,6
2026-09-06T20,327598602,40546,98,False,0.1812,0.732,13
2026-09-06T20,1898040946,41870,98,False,0.6013,0.9782,11
2026-09-06T20,491168,42227,63,False,0.8415,0.9947,9
2026-09-06T20,498566,41764,96,False,0.1664,0.5712,14
2026-09-06T20,18122,25347,97,False,0.0853,0.4146,12
2026-09-06T20,1357871551,33817,100,True,0.1167,0.5405,12
2026-09-06T20,511224,35345,96,False,0.346,0.7448,15
2026-09-06T20,676802825,39363,100,True,0.8077,0.9779,5
2026-09-06T20,1702520304,35364,99,False,0.1735,0.5833,12
2026-09-06T20,902998079,31539,100,True,0.183,0.6939,12
2026-09-06T20,509672,31922,99,False,0.1705,0.5747,12
2026-09-06T20,18707,25314,76,False,0.9899,0.9942,13
2026-09-06T20,518203,22590,100,True,0.1695,0.7498,10
2026-09-06T20,460630,20590,95,False,0.5343,0.8877,12
2026-09-06T20,509663,23465,100,True,0.7875,0.8851,8
2026-09-06T20,23020,5918,91,False,0.2475,0.6945,11
2026-09-06T20,31339,20977,100,True,0.4269,0.7698,9
2026-09-06T20,512953,19388,97,False,0.5741,0.809,12
2026-09-06T20,491487,10992,100,True,0.127,0.516,12
2026-09-06T20,499973,18236,100,True,0.2185,0.6796,5
2026-09-06T20,1264310518,14017,100,True,0.1639,0.5779,9
2026-09-06T20,512710,12850,98,False,0.1128,0.4861,12
2026-09-06T20,1319457944,18033,5,False,0.9943,1.0,3
2026-09-06T20,602040818,13080,98,False,0.1759,0.547,6
2026-09-06T20,509659,17209,100,True,0.305,0.7534,8
2026-09-06T20,1669431183,15216,100,True,0.265,0.6463,7
2026-09-06T20,513143,15357,99,False,0.1985,0.7693,13
2026-09-06T20,488190,15337,100,True,0.168,0.5957,12
2026-09-06T20,491931,12358,100,True,0.1537,0.6123,15
2026-09-06T20,13332,14409,100,True,0.769,0.9536,7
2026-09-06T20,491117,14003,32,False,0.9929,0.9976,11
2026-09-06T20,29452,12582,29,False,0.2639,0.7921,5
2026-09-06T20,493057,10236,99,False,0.1526,0.5254,14
2026-09-06T20,55453844,12299,87,False,0.2503,0.9005,10
2026-09-06T20,27546,9876,99,False,0.4063,0.7531,13
2026-09-06T20,509660,6209,100,True,0.1404,0.3603,10
2026-09-06T20,417528,9227,100,True,0.3053,0.6381,10
2026-09-06T20,66082,2314,100,True,0.1992,0.5782,10
2026-09-06T20,263490,8191,99,False,0.4328,0.7785,10
2026-09-06T20,19619,6806,99,False,0.0758,0.3989,5
2026-09-06T20,27284,7523,100,True,0.1364,0.5095,9
2026-09-06T20,2092563878,7771,2,False,1.0,1.0,2
2026-09-06T20,493959,4255,98,False,0.1932,0.6235,9
2026-09-06T20,386821,7164,100,True,0.215,0.6117,12
2026-09-06T20,674491029,7341,100,True,0.4102,0.8918,10
2026-09-06T20,539102438,7477,2,False,0.9967,1.0,1
2026-09-06T20,2132205352,6717,100,True,0.1428,0.6104,10
2026-09-06T20,497497,7496,100,True,0.7836,0.9336,8
2026-09-06T20,138585,7296,100,True,0.1442,0.7412,13
2026-09-06T20,24241,5950,100,True,0.3138,0.6139,6
2026-09-06T20,65632,6852,99,False,0.2226,0.6591,10
2026-09-06T20,464339927,5663,97,False,0.2569,0.5992,13
2026-09-06T20,459931,6756,100,True,0.3095,0.6824,6
2026-09-06T20,13263,6505,32,False,0.8235,0.9665,6
2026-09-06T20,26936,5457,97,False,0.0969,0.446,10
2026-09-06T20,1763263,6294,58,False,0.5848,0.9623,3
2026-09-06T20,1208195857,5993,9,False,0.9823,1.0,4
2026-09-06T20,2012789438,4888,100,True,0.2275,0.6862,7
2026-09-06T20,670138298,5119,100,True,0.3382,0.8701,2
2026-09-06T20,735904419,5569,99,False,0.3857,0.8062,11
2026-09-06T20,12839,5659,46,False,0.2635,0.8422,4
2026-09-06T20,498417,5498,29,False,0.9711,0.9925,6
2026-09-06T20,624536948,3569,96,False,0.1084,0.5461,10
2026-09-06T20,1441208453,3439,99,False,0.2355,0.5086,9
2026-09-06T20,515024,5228,65,False,0.8477,0.9742,11
2026-09-06T20,401587136,4538,100,True,0.2481,0.6201,12
2026-09-06T20,272263131,4895,100,True,0.303,0.6979,6
2026-09-06T20,499003,5128,100,True,0.1367,0.6788,7
2026-09-06T20,1846293708,1710,81,False,0.3222,0.7281,7
2026-09-06T20,2748,5085,68,False,0.3434,0.9382,7
2026-09-06T20,499634,4833,98,False,0.3764,0.8285,11
2026-09-06T20,168648543,3897,100,True,0.1188,0.5127,10
2026-09-06T20,66366,4191,100,True,0.4858,0.7776,13
2026-09-06T20,513181,3545,100,True,0.2886,0.6214,14
2026-09-06T20,131918601,0,0,False,,,0
2026-09-06T20,495202,3811,20,False,0.9089,0.9877,5
2026-09-06T20,511229,3877,5,False,0.9564,1.0,1
2026-09-06T20,278441117,3953,99,False,0.701,0.9383,9
2026-09-06T20,584047654,3872,2,False,0.929,1.0,1
2026-09-06T20,66170,3281,100,True,0.2905,0.6172,9
2026-09-06T20,512923,3351,100,True,0.2548,0.7269,8
2026-09-06T20,13389,3536,62,False,0.2381,0.8665,9
2026-09-06T20,2005329090,3493,1,False,1.0,1.0,1
2026-09-06T20,2094865572,3516,100,True,0.2506,0.847,7
2026-09-06T20,1036710512,2613,97,False,0.3211,0.6395,10
2026-09-06T20,509667,3388,48,False,0.3442,0.8943,8
2026-09-06T20,1282866981,3255,100,True,0.1582,0.5542,13
2026-09-06T20,745589378,3363,40,False,0.3452,0.9753,5
2026-09-06T23,509658,187459,91,False,0.2053,0.6132,13
2026-09-06T23,21779,49648,100,True,0.1024,0.5388,12
2026-09-06T23,32982,43450,99,False,0.1191,0.5455,8
2026-09-06T23,511224,52416,98,False,0.2914,0.8451,9
2026-09-06T23,27471,42609,100,True,0.1311,0.6402,9
2026-09-06T23,515025,37095,99,False,0.3227,0.8276,10
2026-09-06T23,33214,25914,94,False,0.2539,0.6977,8
2026-09-06T23,32399,35044,93,False,0.3254,0.6126,13
2026-09-06T23,460630,37466,100,True,0.8093,0.9492,7
2026-09-06T23,498566,38811,90,False,0.1658,0.6816,11
2026-09-06T23,516575,24452,100,True,0.1931,0.6504,13
2026-09-06T23,902998079,30922,98,False,0.16,0.586,9
2026-09-06T23,29595,32199,97,False,0.1389,0.6994,6
2026-09-06T23,1910993272,34545,100,True,0.973,0.9885,9
2026-09-06T23,31339,31392,100,True,0.4854,0.8438,7
2026-09-06T23,509672,27159,98,False,0.203,0.573,10
2026-09-06T23,1702520304,25841,99,False,0.1957,0.6372,12
2026-09-06T23,1357871551,19760,99,False,0.1267,0.528,14
2026-09-06T23,18707,21438,65,False,0.9907,0.9964,7
2026-09-06T23,327598602,17412,100,True,0.1729,0.62,11
2026-09-06T23,512953,19015,100,True,0.5384,0.8478,9
2026-09-06T23,18122,15921,100,True,0.0903,0.4805,8
2026-09-06T23,499973,17932,100,True,0.1768,0.6399,5
2026-09-06T23,491487,10600,100,True,0.1727,0.5107,8
2026-09-06T23,602040818,13267,97,False,0.1847,0.5288,5
2026-09-06T23,1264310518,11407,98,False,0.1233,0.494,6
2026-09-06T23,29452,16704,26,False,0.1401,0.7866,3
2026-09-06T23,512710,12294,95,False,0.1572,0.5809,9
2026-09-06T23,491931,14145,100,True,0.3036,0.7254,9
2026-09-06T23,13332,18696,97,False,0.8197,0.9407,6
2026-09-06T23,513143,13779,100,True,0.1865,0.7192,13
2026-09-06T23,1669431183,12919,100,True,0.2732,0.6995,5
2026-09-06T23,509659,12559,100,True,0.1622,0.7322,9
2026-09-06T23,343455332,12609,10,False,0.9979,1.0,3
2026-09-06T23,493057,10595,100,True,0.1896,0.7062,15
2026-09-06T23,624536948,10027,100,True,0.6308,0.8249,7
2026-09-06T23,509663,10626,100,True,0.4209,0.7158,6
2026-09-06T23,488190,10503,99,False,0.2414,0.6626,8
2026-09-06T23,464339927,8760,98,False,0.2974,0.7435,10
2026-09-06T23,386821,8802,100,True,0.3122,0.6902,11
2026-09-06T23,23020,5094,98,False,0.3115,0.6339,6
2026-09-06T23,19619,6626,100,True,0.0718,0.3627,4
2026-09-06T23,509660,6077,96,False,0.1481,0.4101,12
2026-09-06T23,30921,6542,97,False,0.2926,0.7456,8
2026-09-06T23,417528,7987,97,False,0.2686,0.6685,9
2026-09-06T23,2132205352,6776,100,True,0.1811,0.7166,6
2026-09-06T23,539102438,7294,2,False,0.9995,1.0,1
2026-09-06T23,1682038606,6844,8,False,0.7278,1.0,2
2026-09-06T23,499003,6746,100,True,0.2397,0.7358,5
2026-09-06T23,1887625367,6552,4,False,0.7978,1.0,3
2026-09-06T23,27284,5371,96,False,0.0778,0.3699,6
2026-09-06T23,24241,5109,100,True,0.2697,0.631,7
2026-09-06T23,26936,4647,97,False,0.0665,0.4065,7
2026-09-06T23,138585,5405,77,False,0.2231,0.8564,10
2026-09-06T23,272263131,5006,100,True,0.2605,0.7103,6
2026-09-06T23,1898040946,4339,98,False,0.321,0.7813,7
2026-09-06T23,263490,4458,99,False,0.3273,0.6947,9
2026-09-06T23,491168,4549,42,False,0.2682,0.9776,7
2026-09-06T23,1036710512,3970,100,True,0.3499,0.7242,10
2026-09-06T23,1119642287,4553,57,False,0.8684,0.9728,8
2026-09-06T23,459931,4160,97,False,0.1248,0.5065,5
2026-09-06T23,1441208453,2560,100,True,0.1066,0.3953,8
2026-09-06T23,2748,4072,67,False,0.4519,0.9452,6
2026-09-06T23,498592,4133,100,True,0.2199,0.7256,13
2026-09-06T23,499634,4184,94,False,0.51,0.8358,8
2026-09-06T23,27546,4137,97,False,0.4598,0.8417,13
2026-09-06T23,401587136,3914,95,False,0.2264,0.7064,10
2026-09-06T23,2012789438,3233,100,True,0.1479,0.5571,7
2026-09-06T23,493959,3262,95,False,0.1692,0.5788,8
2026-09-06T23,513181,3802,99,False,0.4847,0.7756,10
2026-09-06T23,66082,2690,100,True,0.2565,0.6327,8
2026-09-06T23,1714438563,3467,9,False,0.5408,1.0,2
2026-09-06T23,65632,3101,99,False,0.1906,0.7004,9
2026-09-06T23,66170,2809,97,False,0.0869,0.4852,7
2026-09-06T23,2094865572,3133,100,True,0.2656,0.8417,6
2026-09-06T23,2059463486,2966,76,False,0.3756,0.8635,4
2026-09-06T23,495202,3040,17,False,0.974,0.997,1
2026-09-06T23,670138298,2425,98,False,0.2272,0.7184,1
2026-09-06T23,518203,3062,100,True,0.2106,0.7613,9
2026-09-06T23,12839,3018,24,False,0.3423,0.9384,3
2026-09-06T23,213975850,2935,16,False,0.8937,0.9939,4
2026-09-06T23,500188,2752,100,True,0.1599,0.536,10
2026-09-06T23,1820839024,2861,70,False,0.4635,0.8616,6
2026-09-06T23,1494,824,100,True,0.068,0.3968,8
2026-09-06T23,509577,2595,99,False,0.6701,0.7788,5
2026-09-06T23,55453844,2782,99,False,0.2045,0.7049,8
2026-09-06T23,1282866981,2604,100,True,0.1674,0.6263,11
2026-09-06T23,1319457944,2657,4,False,0.9981,1.0,3
2026-09-06T23,506416,2657,99,False,0.5104,0.8747,4
2026-09-06T23,1832841853,2491,100,True,0.3621,0.6704,10
2026-09-06T23,735904419,2647,99,False,0.3049,0.7238,8
2026-09-06T23,460951,2447,97,False,0.7511,0.8386,6
2026-09-06T23,494184,2526,100,True,0.2173,0.8207,8
2026-09-06T23,511229,2464,5,False,0.9862,1.0,2
2026-09-06T23,168648543,1859,98,False,0.1646,0.6407,9
2026-09-06T23,509511,2368,84,False,0.0959,0.516,6
2026-09-06T23,630009802,2400,70,False,0.3008,0.9329,4
2026-09-06T23,1208195857,2298,8,False,0.9648,1.0,4
2026-09-06T23,1681229381,2292,1,False,1.0,1.0,1
2026-09-06T23,34134,2196,100,True,0.3415,0.8752,7
2026-09-07T04,509658,133995,99,False,0.1617,0.5461,9
2026-09-07T04,23020,67950,100,True,0.9175,0.9697,6
2026-09-07T04,516575,38127,97,False,0.1765,0.7217,9
2026-09-07T04,21779,30900,100,True,0.1205,0.394,11
2026-09-07T04,902998079,30716,99,False,0.1361,0.6151,8
2026-09-07T04,33214,12049,97,False,0.0817,0.423,6
2026-09-07T04,32982,16134,97,False,0.1153,0.3711,7
2026-09-07T04,31339,24985,99,False,0.5959,0.8698,7
2026-09-07T04,491487,15594,97,False,0.171,0.6514,9
2026-09-07T04,32399,22553,98,False,0.0877,0.4666,9
2026-09-07T04,515025,16884,98,False,0.1625,0.6634,8
2026-09-07T04,498566,20409,68,False,0.1572,0.6887,10
2026-09-07T04,602040818,14382,100,True,0.2262,0.5554,2
2026-09-07T04,509672,18851,100,True,0.2946,0.7104,13
2026-09-07T04,1264310518,12377,99,False,0.1461,0.5782,5
2026-09-07T04,1357871551,16323,100,True,0.1156,0.5852,12
2026-09-07T04,499973,16455,100,True,0.0867,0.5423,6
2026-09-07T04,464339927,14862,100,True,0.4093,0.8467,8
2026-09-07T04,491931,14452,92,False,0.4818,0.766,7
2026-09-07T04,66082,14068,100,True,0.7409,0.939,6
2026-09-07T04,512953,13982,100,True,0.5975,0.8287,8
2026-09-07T04,27471,6691,97,False,0.1051,0.3736,7
2026-09-07T04,511224,8565,98,False,0.1101,0.5099,5
2026-09-07T04,1702520304,13267,99,False,0.1623,0.5933,8
2026-09-07T04,512710,10376,100,True,0.2978,0.6134,5
2026-09-07T04,327598602,11746,98,False,0.3648,0.6552,10
2026-09-07T04,29595,12855,100,True,0.1599,0.7445,6
2026-09-07T04,18122,9970,100,True,0.0872,0.3958,6
2026-09-07T04,13332,11872,72,False,0.7214,0.9394,5
2026-09-07T04,29452,11746,26,False,0.1802,0.7796,3
2026-09-07T04,1982936547,11533,44,False,0.5561,0.99,4
2026-09-07T04,513143,11075,98,False,0.4149,0.8083,11
2026-09-07T04,509659,10482,98,False,0.1501,0.5512,5
2026-09-07T04,2004342068,10400,4,False,0.9984,1.0,2
2026-09-07T04,460630,6817,91,False,0.2765,0.7795,3
2026-09-07T04,27284,8354,100,True,0.164,0.4708,7
2026-09-07T04,509660,5562,96,False,0.1602,0.3896,11
2026-09-07T04,138585,6897,76,False,0.2315,0.8805,10
2026-09-07T04,499003,6543,100,True,0.2951,0.7246,4
2026-09-07T04,1441208453,4969,100,True,0.4329,0.6943,9
2026-09-07T04,2132205352,5565,100,True,0.2654,0.7245,5
2026-09-07T04,491168,6103,41,False,0.2495,0.9605,5
2026-09-07T04,26936,4469,95,False,0.0593,0.3748,9
2026-09-07T04,1669431183,5908,100,True,0.273,0.5586,6
2026-09-07T04,19619,5104,98,False,0.1624,0.4802,4
2026-09-07T04,884569009,5527,22,False,0.966,0.9948,3
2026-09-07T04,1630982727,5330,68,False,0.8872,0.9645,7
2026-09-07T04,498592,5074,100,True,0.1023,0.5914,17
2026-09-07T04,55453844,5102,99,False,0.3865,0.8675,5
2026-09-07T04,10609,5106,28,False,0.9561,0.9941,4
2026-09-07T04,417528,5133,97,False,0.2353,0.731,7
2026-09-07T04,670138298,4335,99,False,0.3852,0.8683,1
2026-09-07T04,1036710512,4298,99,False,0.4169,0.759,7
2026-09-07T04,1910993272,4877,100,True,0.6317,0.9196,9
2026-09-07T04,1898040946,4261,94,False,0.1664,0.7374,5
2026-09-07T04,1742163310,4651,16,False,0.6895,0.9944,2
2026-09-07T04,509663,4517,73,False,0.3425,0.7766,7
2026-09-07T04,272263131,4293,100,True,0.2537,0.714,5
2026-09-07T04,24241,3446,100,True,0.1013,0.386,4
2026-09-07T04,386821,4002,100,True,0.1034,0.502,12
2026-09-07T04,2012789438,3072,100,True,0.2051,0.5898,5
2026-09-07T04,30921,2538,100,True,0.1418,0.5607,6
2026-09-07T04,624536948,3123,96,False,0.1771,0.5847,6
2026-09-07T04,459931,3742,100,True,0.0861,0.4949,4
2026-09-07T04,27546,3709,60,False,0.3295,0.9199,11
2026-09-07T04,493057,2887,95,False,0.1801,0.6446,8
2026-09-07T04,460636,3461,45,False,0.9081,0.9827,7
2026-09-07T04,499634,3443,83,False,0.5277,0.9288,8
2026-09-07T04,511229,3265,8,False,0.8441,1.0,1
2026-09-07T04,66170,2523,100,True,0.2025,0.5854,7
2026-09-07T04,497527,2538,6,False,0.9933,1.0,1
2026-09-07T04,493959,2155,95,False,0.1183,0.4919,6
2026-09-07T04,509511,2401,65,False,0.1724,0.6443,6
2026-09-07T04,1494,812,100,True,0.149,0.4298,5
2026-09-07T04,515024,2373,39,False,0.9604,0.984,5
2026-09-07T04,263490,2196,98,False,0.1257,0.5724,7
2026-09-07T04,65632,2187,99,False,0.2478,0.6539,6
2026-09-07T04,519291,2234,75,False,0.9047,0.9463,4
2026-09-07T04,674491029,2085,93,False,0.5444,0.7918,4
2026-09-07T04,500188,1964,100,True,0.1441,0.4425,7
2026-09-07T04,394568,2199,35,False,0.6817,0.955,4
2026-09-07T04,814316764,2081,4,False,0.988,1.0,2
2026-09-07T04,168648543,1629,95,False,0.1572,0.6151,6
2026-09-07T04,1081998272,1598,100,True,0.0676,0.3417,4
2026-09-07T04,29143,1962,3,False,0.9944,1.0,1
2026-09-07T04,497057,1742,96,False,0.2204,0.5666,6
2026-09-07T04,511399,1899,24,False,0.753,0.9726,5
2026-09-07T04,1282866981,1838,99,False,0.1589,0.6034,9
2026-09-07T04,518184,1543,99,False,0.1517,0.5042,7
2026-09-07T04,401587136,1779,100,True,0.1934,0.502,8
2026-09-07T04,766571430,1350,100,True,0.1081,0.4244,5
2026-09-07T04,1544653089,1786,20,False,0.8018,0.977,3
2026-09-07T04,1832841853,1648,100,True,0.3167,0.6729,7
2026-09-07T04,1714438563,1659,4,False,0.9542,1.0,1
2026-09-07T04,513181,1500,100,True,0.1073,0.4893,10
2026-09-07T04,7022,1626,47,False,0.8936,0.9594,5
2026-09-07T04,2141208081,1613,8,False,0.9678,1.0,1
2026-09-07T04,19976,1572,50,False,0.1686,0.7869,4
2026-09-07T04,490948,1522,100,True,0.1367,0.6853,4
2026-09-07T04,490422,1541,34,False,0.4491,0.9429,2
2026-09-07T12,509658,128758,99,False,0.1002,0.3904,16
2026-09-07T12,263490,118349,99,False,0.3464,0.8354,9
2026-09-07T12,516575,60838,99,False,0.0756,0.4695,12
2026-09-07T12,21779,56716,95,False,0.1365,0.5005,13
2026-09-07T12,509672,48980,99,False,0.2739,0.6175,15
2026-09-07T12,32399,44484,98,False,0.1143,0.4481,14
2026-09-07T12,32982,38264,100,True,0.073,0.4539,12
2026-09-07T12,29595,33301,92,False,0.1204,0.6673,9
2026-09-07T12,511224,25819,95,False,0.1959,0.8345,10
2026-09-07T12,1357871551,27195,96,False,0.2299,0.6268,15
2026-09-07T12,491931,24731,98,False,0.2055,0.7636,14
2026-09-07T12,327598602,21798,100,True,0.1196,0.5385,14
2026-09-07T12,18122,20060,98,False,0.0789,0.4302,8
2026-09-07T12,1702520304,20944,100,True,0.13,0.6111,13
2026-09-07T12,27471,17170,97,False,0.2545,0.6123,11
2026-09-07T12,499973,21081,100,True,0.2326,0.628,6
2026-09-07T12,498566,20867,69,False,0.1476,0.591,13
2026-09-07T12,33214,13988,95,False,0.1337,0.59,11
2026-09-07T12,902998079,16669,100,True,0.235,0.7886,13
2026-09-07T12,515025,11763,100,True,0.1432,0.4971,10
2026-09-07T12,460630,14628,100,True,0.7462,0.9096,11
2026-09-07T12,518203,14872,64,False,0.4291,0.9213,9
2026-09-07T12,513143,14393,100,True,0.1046,0.7199,15
2026-09-07T12,55453844,12805,100,True,0.7128,0.9039,7
2026-09-07T12,491487,8918,100,True,0.1264,0.5432,15
2026-09-07T12,493057,10537,98,False,0.251,0.6712,16
2026-09-07T12,512710,9884,95,False,0.1184,0.5626,11
2026-09-07T12,116910466,11081,4,False,0.998,1.0,2
2026-09-07T12,31339,10663,98,False,0.1791,0.7413,12
2026-09-07T12,13332,10781,66,False,0.2954,0.9102,9
2026-09-07T12,417528,10710,100,True,0.2463,0.7486,12
2026-09-07T12,27546,10293,100,True,0.2575,0.7604,12
2026-09-07T12,138585,9811,97,False,0.3116,0.8207,13
2026-09-07T12,509660,7091,98,False,0.1431,0.4568,10
2026-09-07T12,1264310518,7484,96,False,0.1086,0.5504,8
2026-09-07T12,417752,8877,100,True,0.4515,0.9161,11
2026-09-07T12,29452,8649,17,False,0.1627,0.8398,3
2026-09-07T12,4601,8098,1,False,1.0,1.0,1
2026-09-07T12,401587136,7215,100,True,0.2557,0.7888,17
2026-09-07T12,386821,7005,100,True,0.1519,0.5418,13
2026-09-07T12,602040818,6518,99,False,0.211,0.6732,3
2026-09-07T12,509659,6812,100,True,0.1251,0.644,7
2026-09-07T12,735904419,6105,97,False,0.7998,0.9409,10
2026-09-07T12,19619,5274,100,True,0.0675,0.448,4
2026-09-07T12,459931,5238,100,True,0.2272,0.7763,6
2026-09-07T12,498592,4843,100,True,0.1553,0.6056,8
2026-09-07T12,66082,4611,98,False,0.5561,0.8827,11
2026-09-07T12,512953,4541,100,True,0.1786,0.5609,10
2026-09-07T12,272263131,4506,100,True,0.2941,0.7031,6
2026-09-07T12,26936,3962,98,False,0.0848,0.5023,11
2026-09-07T12,743,4315,33,False,0.7926,0.9757,7
2026-09-07T12,512923,4141,81,False,0.8433,0.9343,10
2026-09-07T12,1441208453,3349,100,True,0.3067,0.6402,11
2026-09-07T12,624536948,3692,93,False,0.1907,0.7056,12
2026-09-07T12,499634,3931,92,False,0.2195,0.7975,8
2026-09-07T12,31336,3751,23,False,0.839,0.9896,9
2026-09-07T12,2132205352,3593,100,True,0.2321,0.6184,13
2026-09-07T12,27284,3544,100,True,0.0855,0.5288,9
2026-09-07T12,1898040946,3614,100,True,0.6669,0.8478,10
2026-09-07T12,1669431183,3518,97,False,0.1259,0.4906,10
2026-09-07T12,464339927,3194,100,True,0.0867,0.4978,11
2026-09-07T12,515186,3370,78,False,0.9463,0.973,11
2026-09-07T12,24241,2786,100,True,0.0811,0.3291,7
2026-09-07T12,65632,3154,98,False,0.2432,0.7454,9
2026-09-07T12,1469308723,3215,97,False,0.5428,0.7736,9
2026-09-07T12,116747788,2972,35,False,0.4852,0.9687,5
2026-09-07T12,399457773,2996,1,False,1.0,1.0,1
2026-09-07T12,1282866981,2734,100,True,0.2228,0.5691,11
2026-09-07T12,500188,2854,100,True,0.1149,0.6303,12
2026-09-07T12,23020,1674,92,False,0.2461,0.5388,10
2026-09-07T12,491168,1277,34,False,0.4229,0.9655,9
2026-09-07T12,168648543,2615,100,True,0.4279,0.8489,12
2026-09-07T12,213930085,2654,69,False,0.2901,0.9152,11
2026-09-07T12,488190,2621,45,False,0.4491,0.8455,8
2026-09-07T12,30921,1995,99,False,0.1915,0.6647,11
2026-09-07T12,491962037,2397,14,False,0.7555,0.9967,4
2026-09-07T12,19976,2387,56,False,0.4767,0.8601,4
2026-09-07T12,570615518,2362,100,True,0.3239,0.829,11
2026-09-07T12,12839,2362,36,False,0.2913,0.8556,3
2026-09-07T12,493959,2183,99,False,0.3197,0.7632,10
2026-09-07T12,1599346425,2148,100,True,0.2616,0.4702,6
2026-09-07T12,513181,1996,100,True,0.0611,0.4294,14
2026-09-07T12,511229,2233,18,False,0.6901,0.9776,1
2026-09-07T12,20596,2220,47,False,0.4532,0.8905,5
2026-09-07T12,1535225577,2063,41,False,0.7237,0.9796,10
2026-09-07T12,71375,2007,58,False,0.1644,0.7389,10
2026-09-07T12,1910993272,1930,61,False,0.6653,0.9088,10
2026-09-07T12,509511,1901,84,False,0.1084,0.5208,6
2026-09-07T12,490422,1768,28,False,0.3722,0.9683,6
2026-09-07T12,66170,1620,100,True,0.1025,0.4728,14
2026-09-07T12,1630982727,1731,74,False,0.1519,0.8169,11
2026-09-07T12,1414860634,1656,48,False,0.5103,0.9306,9
2026-09-07T12,1435206302,1621,39,False,0.6798,0.9241,5
2026-09-07T12,490948,1584,50,False,0.6338,0.9009,7
2026-09-07T12,30028,1303,38,False,0.9133,0.9747,7
2026-09-07T12,515024,1494,40,False,0.8849,0.9705,8
2026-09-07T12,18893,1492,16,False,0.9551,0.9926,6
2026-09-07T12,513501,1442,72,False,0.2261,0.828,4
2026-09-07T12,511554,112,14,False,0.3304,0.9554,4
2026-09-07T12,509663,1454,66,False,0.1678,0.6926,10
2026-09-07T18,509658,353755,100,True,0.0901,0.4359,12
2026-09-07T18,27471,143322,100,True,0.4214,0.8227,10
2026-09-07T18,32982,61336,98,False,0.1071,0.3609,13
2026-09-07T18,21779,81193,99,False,0.2223,0.5995,14
2026-09-07T18,509672,97447,93,False,0.2554,0.772,11
2026-09-07T18,32399,69830,89,False,0.1585,0.4288,12
2026-09-07T18,516575,76917,98,False,0.1181,0.5224,12
2026-09-07T18,33214,57204,100,True,0.1588,0.5009,12
2026-09-07T18,29595,71912,100,True,0.1243,0.6251,7
2026-09-07T18,1357871551,56441,98,False,0.0945,0.6283,11
2026-09-07T18,498566,58327,100,True,0.133,0.6084,15
2026-09-07T18,18122,35571,100,True,0.128,0.5136,7
2026-09-07T18,624536948,38028,94,False,0.9005,0.9402,10
2026-09-07T18,460630,34687,94,False,0.6421,0.9013,14
2026-09-07T18,327598602,32053,98,False,0.3635,0.6834,16
2026-09-07T18,1898040946,36582,99,False,0.9234,0.9693,13
2026-09-07T18,1702520304,33807,99,False,0.1654,0.6119,13
2026-09-07T18,27546,34418,100,True,0.2056,0.8335,15
2026-09-07T18,491931,30671,98,False,0.2237,0.7839,14
2026-09-07T18,23020,24368,99,False,0.883,0.9203,11
2026-09-07T18,491168,27655,55,False,0.7457,0.9938,12
2026-09-07T18,493057,24367,100,True,0.5207,0.7706,17
2026-09-07T18,515025,18018,100,True,0.1011,0.4911,11
2026-09-07T18,902998079,22315,100,True,0.2114,0.6338,10
2026-09-07T18,512710,19573,99,False,0.0687,0.5038,10
2026-09-07T18,491487,12114,98,False,0.0994,0.4461,10
2026-09-07T18,513143,21039,100,True,0.2354,0.7113,14
2026-09-07T18,31339,19954,100,True,0.3637,0.8348,12
2026-09-07T18,55453844,20762,100,True,0.6945,0.9456,14
2026-09-07T18,1742163310,17141,27,False,0.7741,0.9936,4
2026-09-07T18,328743470,18774,4,False,0.9881,1.0,2
2026-09-07T18,511224,12712,100,True,0.1376,0.4811,15
2026-09-07T18,1264310518,11319,100,True,0.1407,0.5172,7
2026-09-07T18,509660,9153,96,False,0.0994,0.3987,11
2026-09-07T18,29452,14489,33,False,0.0891,0.6236,5
2026-09-07T18,602040818,10495,100,True,0.1076,0.46,5
2026-09-07T18,499973,13187,100,True,0.136,0.5138,5
2026-09-07T18,488190,13301,97,False,0.2416,0.6842,13
2026-09-07T18,19619,10484,99,False,0.218,0.5524,5
2026-09-07T18,509659,11364,100,True,0.1441,0.6155,5
2026-09-07T18,417528,11273,99,False,0.2269,0.6717,11
2026-09-07T18,138585,11028,100,True,0.3441,0.7692,14
2026-09-07T18,1669431183,9752,100,True,0.1236,0.4403,6
2026-09-07T18,13332,10981,100,True,0.3209,0.7931,10
2026-09-07T18,459931,9907,100,True,0.1856,0.7237,9
2026-09-07T18,30921,7855,100,True,0.1809,0.6555,11
2026-09-07T18,512953,7908,93,False,0.1524,0.6101,14
2026-09-07T18,494184,9487,100,True,0.2346,0.8529,7
2026-09-07T18,263490,8742,95,False,0.302,0.6582,11
2026-09-07T18,29106,8894,100,True,0.8566,0.9407,10
2026-09-07T18,1038730744,8924,9,False,0.9917,1.0,4
2026-09-07T18,401587136,8035,100,True,0.2078,0.6665,13
2026-09-07T18,386821,8002,100,True,0.1431,0.5662,14
2026-09-07T18,2132205352,7432,100,True,0.2325,0.6757,10
2026-09-07T18,464339927,6807,98,False,0.1758,0.5837,11
2026-09-07T18,518184,7516,98,False,0.6173,0.8578,15
2026-09-07T18,509663,7918,97,False,0.5475,0.7557,6
2026-09-07T18,66082,6779,100,True,0.4517,0.7922,12
2026-09-07T18,539102438,7803,2,False,0.999,1.0,1
2026-09-07T18,27284,6634,100,True,0.18,0.5226,9
2026-09-07T18,65632,6309,98,False,0.1862,0.6136,12
2026-09-07T18,132735846,7233,8,False,0.9258,1.0,4
2026-09-07T18,499634,7112,99,False,0.2066,0.7922,8
2026-09-07T18,493959,5779,98,False,0.3487,0.6479,12
2026-09-07T18,1682038606,6756,18,False,0.7778,0.999,5
2026-09-07T18,12839,6509,60,False,0.2218,0.768,6
2026-09-07T18,26936,4989,93,False,0.0655,0.4372,9
2026-09-07T18,1982936547,6155,66,False,0.7883,0.956,6
2026-09-07T18,24241,4665,100,True,0.1648,0.4999,8
2026-09-07T18,2005329090,5676,3,False,0.9341,1.0,1
2026-09-07T18,1441208453,3963,100,True,0.1658,0.5039,10
2026-09-07T18,4601,5794,1,False,1.0,1.0,1
2026-09-07T18,921298138,5742,100,True,0.3922,0.8882,14
2026-09-07T18,513589,5682,47,False,0.9745,0.9931,6
2026-09-07T18,1517377137,4347,50,False,0.9478,0.9735,9
2026-09-07T18,674491029,5054,100,True,0.2388,0.7736,10
2026-09-07T18,670138298,4594,100,True,0.3827,0.7843,3
2026-09-07T18,68351,4744,45,False,0.7,0.9844,9
2026-09-07T18,513181,4444,100,True,0.3013,0.5907,9
2026-09-07T18,1075230573,4895,13,False,0.5115,0.9986,1
2026-09-07T18,1095275650,4808,100,True,0.8725,0.9291,12
2026-09-07T18,518203,4673,100,True,0.1479,0.5932,12
2026-09-07T18,500188,3577,100,True,0.071,0.4249,11
2026-09-07T18,12924,4431,58,False,0.7233,0.9253,8
2026-09-07T18,499003,4419,100,True,0.3284,0.7993,8
2026-09-07T18,262437666,4097,100,True,0.3227,0.6632,14
2026-09-07T18,687129551,4182,54,False,0.2795,0.9297,6
2026-09-07T18,509511,3823,100,True,0.1507,0.5258,9
2026-09-07T18,493997,3761,31,False,0.5177,0.9782,4
2026-09-07T18,1763263,3912,57,False,0.4128,0.9139,3
2026-09-07T18,71375,3673,100,True,0.1274,0.6036,10
2026-09-07T18,272263131,3495,100,True,0.0861,0.5771,6
2026-09-07T18,1910993272,3441,100,True,0.3949,0.8065,15
2026-09-07T18,417752,3453,100,True,0.3275,0.7356,14
2026-09-07T18,490377,3498,100,True,0.3128,0.7704,8
2026-09-07T18,458443,3464,41,False,0.9322,0.9726,7
2026-09-07T18,168648543,2789,99,False,0.147,0.6045,12
2026-09-07T18,93798731,3212,100,True,0.3425,0.7363,12
2026-09-07T18,2012789438,2753,100,True,0.1275,0.5499,9
2026-09-07T18,1282866981,2988,100,True,0.1145,0.512,14
2026-09-07T22,509658,250320,94,False,0.1595,0.5869,11
2026-09-07T22,32982,71980,96,False,0.2023,0.5415,9
2026-09-07T22,516575,49552,97,False,0.1676,0.68,12
2026-09-07T22,33214,44274,100,True,0.1315,0.624,7
2026-09-07T22,21779,40989,96,False,0.1005,0.4257,14
2026-09-07T22,460630,53601,98,False,0.7891,0.9574,12
2026-09-07T22,32399,41777,94,False,0.0859,0.413,12
2026-09-07T22,509672,51169,100,True,0.3284,0.6566,10
2026-09-07T22,1357871551,38665,97,False,0.2855,0.7537,13
2026-09-07T22,902998079,37222,99,False,0.1182,0.6173,8
2026-09-07T22,498566,40917,96,False,0.0992,0.6726,11
2026-09-07T22,512710,33192,98,False,0.1111,0.5385,9
2026-09-07T22,29595,36441,98,False,0.1646,0.7582,8
2026-09-07T22,27471,25195,96,False,0.1168,0.5681,8
2026-09-07T22,18122,22201,100,True,0.1965,0.5965,7
2026-09-07T22,31339,25757,100,True,0.3043,0.8673,9
2026-09-07T22,1702520304,23141,98,False,0.2523,0.7021,11
2026-09-07T22,512953,22434,99,False,0.5382,0.8986,10
2026-09-07T22,1517377137,23392,30,False,0.7806,0.9982,6
2026-09-07T22,1264310518,15815,99,False,0.1724,0.519,5
2026-09-07T22,327598602,14989,96,False,0.162,0.5958,15
2026-09-07T22,13332,21753,100,True,0.6814,0.9302,7
2026-09-07T22,491487,10941,98,False,0.2695,0.5245,10
2026-09-07T22,513143,19008,97,False,0.2142,0.7174,16
2026-09-07T22,491931,17068,99,False,0.5447,0.7651,11
2026-09-07T22,511224,13821,97,False,0.4158,0.7148,8
2026-09-07T22,602040818,13331,100,True,0.1642,0.5504,4
2026-09-07T22,499973,16140,100,True,0.11,0.5336,5
2026-09-07T22,515025,11148,100,True,0.1513,0.5093,10
2026-09-07T22,464339927,15555,100,True,0.4937,0.7964,9
2026-09-07T22,29452,16549,31,False,0.1558,0.7381,4
2026-09-07T22,509659,12375,97,False,0.0902,0.5152,9
2026-09-07T22,1898040946,12836,100,True,0.6427,0.9286,10
2026-09-07T22,1910993272,12265,100,True,0.5266,0.9518,10
2026-09-07T22,518203,11992,97,False,0.4641,0.9475,7
2026-09-07T22,509660,6962,97,False,0.1306,0.3931,8
2026-09-07T22,210472759,10990,100,True,0.8749,0.9773,6
2026-09-07T22,493057,9278,100,True,0.2085,0.6898,11
2026-09-07T22,138585,10630,100,True,0.3277,0.7911,12
2026-09-07T22,23020,5827,94,False,0.2761,0.6496,7
2026-09-07T22,1038730744,9101,5,False,0.9288,1.0,1
2026-09-07T22,417528,8858,100,True,0.237,0.6194,12
2026-09-07T22,30921,7011,99,False,0.3159,0.7641,10
2026-09-07T22,19619,7022,100,True,0.0704,0.3884,5
2026-09-07T22,26936,7876,95,False,0.378,0.6536,8
2026-09-07T22,2132205352,7147,99,False,0.2114,0.6306,7
2026-09-07T22,27546,7712,100,True,0.4227,0.8628,12
2026-09-07T22,458353,7443,28,False,0.9598,0.9934,6
2026-09-07T22,488190,7269,84,False,0.2943,0.7066,9
2026-09-07T22,539102438,7065,2,False,0.9966,1.0,1
2026-09-07T22,459931,6728,99,False,0.1418,0.6952,5
2026-09-07T22,66082,5952,100,True,0.6195,0.8463,11
2026-09-07T22,1669431183,6535,100,True,0.1503,0.4765,7
2026-09-07T22,32742,6704,8,False,0.9967,1.0,2
2026-09-07T22,27284,5723,96,False,0.076,0.4389,7
2026-09-07T22,386821,6258,99,False,0.1887,0.5459,12
2026-09-07T22,55453844,6362,100,True,0.4062,0.7711,7
2026-09-07T22,509663,6231,95,False,0.4847,0.7464,5
2026-09-07T22,1982936547,6134,64,False,0.7936,0.9467,6
2026-09-07T22,513589,6024,37,False,0.9753,0.9957,3
2026-09-07T22,401587136,5646,100,True,0.2216,0.7464,14
2026-09-07T22,68351,5537,30,False,0.5601,0.9848,7
2026-09-07T22,499634,5371,100,True,0.4416,0.8363,8
2026-09-07T22,24241,4447,100,True,0.1646,0.5561,7
2026-09-07T22,499003,5219,100,True,0.2533,0.7624,7
2026-09-07T22,1095275650,5192,89,False,0.8983,0.9613,6
2026-09-07T22,272263131,4673,100,True,0.2983,0.6777,6
2026-09-07T22,263490,4740,99,False,0.0892,0.573,8
2026-09-07T22,1441208453,3317,100,True,0.0989,0.4377,10
2026-09-07T22,491168,5093,48,False,0.3764,0.9872,9
2026-09-07T22,624536948,3638,99,False,0.0778,0.4728,6
2026-09-07T22,458443,4968,39,False,0.8877,0.9893,7
2026-09-07T22,399457773,4951,6,False,0.9952,1.0,4
2026-09-07T22,512923,4337,100,True,0.5045,0.8063,7
2026-09-07T22,1763263,4658,54,False,0.5052,0.944,3
2026-09-07T22,441803813,4511,4,False,0.9949,1.0,3
2026-09-07T22,1742163310,4437,23,False,0.3345,0.9854,3
2026-09-07T22,655697363,4299,39,False,0.9084,0.9732,3
2026-09-07T22,498592,3774,100,True,0.1256,0.6052,19
2026-09-07T22,921298138,4125,91,False,0.3411,0.9328,13
2026-09-07T22,1846293708,4039,81,False,0.5187,0.8569,5
2026-09-07T22,674491029,3974,100,True,0.3211,0.8012,6
2026-09-07T22,513181,3697,100,True,0.3002,0.7222,8
2026-09-07T22,116747788,4003,54,False,0.4724,0.9438,5
2026-09-07T22,670138298,2882,89,False,0.152,0.7238,1
2026-09-07T22,509511,3819,100,True,0.1503,0.4755,7
2026-09-07T22,493959,2859,98,False,0.2057,0.5103,9
2026-09-07T22,65632,3285,99,False,0.1756,0.596,9
2026-09-07T22,1036710512,2453,100,True,0.0811,0.4264,10
2026-09-07T22,518184,2883,100,True,0.3659,0.6524,10
2026-09-07T22,2012789438,2283,95,False,0.0701,0.3684,6
2026-09-07T22,11557,3237,81,False,0.7451,0.9058,5
2026-09-07T22,12839,3224,23,False,0.2543,0.9364,4
2026-09-07T22,1282866981,3031,100,True,0.1815,0.6803,12
2026-09-07T22,2748,3184,74,False,0.2943,0.9008,6
2026-09-07T22,36799602,3137,100,True,0.6787,0.8594,10
2026-09-07T22,1354355809,3109,32,False,0.9611,0.9923,5
2026-09-07T22,18707,2929,76,False,0.8371,0.9495,8
2026-09-07T22,1414860634,3051,94,False,0.2389,0.9174,9
2026-09-07T22,743,2191,57,False,0.4596,0.9197,7
2026-09-08T04,509658,88429,96,False,0.0692,0.4103,9
2026-09-08T04,1075816708,60094,3,False,0.9997,1.0,1
2026-09-08T04,21779,38142,100,True,0.0874,0.4507,10
2026-09-08T04,516575,33899,97,False,0.2141,0.7292,9
2026-09-08T04,31339,44664,100,True,0.8741,0.9582,7
2026-09-08T04,32399,32217,96,False,0.1507,0.5546,9
2026-09-08T04,509672,33539,96,False,0.2907,0.7611,11
2026-09-08T04,902998079,28636,100,True,0.1828,0.5806,7
2026-09-08T04,491931,27264,97,False,0.7636,0.8832,8
2026-09-08T04,32982,17546,100,True,0.0975,0.3745,8
2026-09-08T04,1494,22787,100,True,0.9713,0.9808,5
2026-09-08T04,498566,23172,64,False,0.1749,0.7926,9
2026-09-08T04,327598602,21102,99,False,0.2789,0.7591,10
2026-09-08T04,33214,8886,94,False,0.0818,0.4187,9
2026-09-08T04,513143,21465,100,True,0.4357,0.8624,10
2026-09-08T04,1264310518,12613,95,False,0.1328,0.5335,6
2026-09-08T04,602040818,13835,100,True,0.192,0.5848,2
2026-09-08T04,515025,11773,97,False,0.1644,0.5728,7
2026-09-08T04,27471,9650,96,False,0.1211,0.5184,6
2026-09-08T04,491487,8635,99,False,0.1097,0.4857,8
2026-09-08T04,18122,13083,95,False,0.1782,0.5201,5
2026-09-08T04,511224,11389,99,False,0.1413,0.6106,5
2026-09-08T04,1357871551,14945,96,False,0.2217,0.6282,9
2026-09-08T04,29595,15412,98,False,0.2033,0.6911,9
2026-09-08T04,13332,15736,83,False,0.764,0.9607,5
2026-09-08T04,29452,14732,25,False,0.1605,0.801,3
2026-09-08T04,499973,12903,100,True,0.1141,0.4928,7
2026-09-08T04,982348888,15386,100,True,0.7665,0.9663,5
2026-09-08T04,1702520304,13372,100,True,0.2124,0.677,10
2026-09-08T04,512710,9561,100,True,0.07,0.4524,6
2026-09-08T04,1742163310,11685,16,False,0.8292,0.9993,3
2026-09-08T04,22848,11333,19,False,0.9899,0.9995,3
2026-09-08T04,460630,9283,94,False,0.2948,0.8405,5
2026-09-08T04,458353,10948,18,False,0.9846,0.9988,3
2026-09-08T04,509659,9739,100,True,0.1182,0.51,6
2026-09-08T04,512953,8298,95,False,0.4379,0.7498,7
2026-09-08T04,2132205352,7875,100,True,0.2373,0.7596,6
2026-09-08T04,509660,5620,99,False,0.1336,0.411,8
2026-09-08T04,464339927,6804,95,False,0.1612,0.6365,7
2026-09-08T04,19554,7406,37,False,0.9475,0.9922,4
2026-09-08T04,10609,6923,44,False,0.7381,0.9867,5
2026-09-08T04,499003,5977,100,True,0.3346,0.7569,5
2026-09-08T04,27284,5333,97,False,0.1033,0.4392,7
2026-09-08T04,498592,5630,100,True,0.0755,0.5025,16
2026-09-08T04,26936,4742,99,False,0.0561,0.4224,8
2026-09-08T04,1282866981,4963,100,True,0.1249,0.5045,9
2026-09-08T04,417528,5222,100,True,0.1216,0.7103,9
2026-09-08T04,1441208453,3685,98,False,0.2122,0.5113,9
2026-09-08T04,23020,2801,91,False,0.0918,0.4998,5
2026-09-08T04,138585,5250,58,False,0.3316,0.9211,9
2026-09-08T04,386821,4461,100,True,0.124,0.5077,10
2026-09-08T04,19619,4223,100,True,0.0729,0.4352,3
2026-09-08T04,272263131,3993,100,True,0.2522,0.6897,5
2026-09-08T04,1669431183,4133,100,True,0.0503,0.3557,4
2026-09-08T04,670138298,3678,100,True,0.2629,0.8189,2
2026-09-08T04,30921,2840,98,False,0.1658,0.6127,7
2026-09-08T04,27546,3754,51,False,0.419,0.9427,9
2026-09-08T04,2012789438,2858,100,True,0.1683,0.5297,6
2026-09-08T04,24241,2887,100,True,0.08,0.3481,5
2026-09-08T04,1898040946,3080,94,False,0.4935,0.7653,4
2026-09-08T04,499634,3405,89,False,0.541,0.8793,8
2026-09-08T04,66082,2550,100,True,0.3745,0.689,8
2026-09-08T04,459931,3153,100,True,0.105,0.5252,4
2026-09-08T04,460951,3204,87,False,0.8745,0.9251,3
2026-09-08T04,1832841853,2982,100,True,0.4624,0.8068,9
2026-09-08T04,519291,3034,82,False,0.5877,0.9509,6
2026-09-08T04,493057,2553,100,True,0.262,0.6212,9
2026-09-08T04,491168,2832,38,False,0.4054,0.9795,4
2026-09-08T04,509511,2619,72,False,0.2249,0.6697,6
2026-09-08T04,263490,2452,100,True,0.2113,0.6011,9
2026-09-08T04,624536948,1864,94,False,0.1631,0.5735,7
2026-09-08T04,483253897,2491,7,False,0.9639,1.0,3
2026-09-08T04,511399,2548,23,False,0.5396,0.98,3
2026-09-08T04,686119195,2446,13,False,0.5576,0.9988,1
2026-09-08T04,65632,2355,97,False,0.2195,0.707,6
2026-09-08T04,168648543,2159,100,True,0.3113,0.7151,5
2026-09-08T04,509508,2409,4,False,0.9963,1.0,1
2026-09-08T04,6521,2402,44,False,0.8201,0.9617,5
2026-09-08T04,401587136,2281,100,True,0.2779,0.6949,9
2026-09-08T04,518184,1970,93,False,0.2761,0.6142,5
2026-09-08T04,19976,2160,67,False,0.1106,0.6519,5
2026-09-08T04,11988,2121,19,False,0.8062,0.9929,2
2026-09-08T04,2005010047,2062,1,False,1.0,1.0,1
2026-09-08T04,500188,1796,100,True,0.1526,0.4282,5
2026-09-08T04,1036710512,1344,99,False,0.0737,0.3296,7
2026-09-08T04,490655,1852,29,False,0.2198,0.9519,5
2026-09-08T04,513181,1669,99,False,0.0587,0.4488,7
2026-09-08T04,1081998272,1509,100,True,0.057,0.3532,8
2026-09-08T04,2009321156,1784,56,False,0.3531,0.9098,6
2026-09-08T04,490422,1768,28,False,0.3043,0.974,4
2026-09-08T04,997367275,1726,34,False,0.8389,0.9699,3
2026-09-08T04,497057,1603,100,True,0.1485,0.5652,4
2026-09-08T04,34134,1637,100,True,0.4527,0.8925,4
2026-09-08T04,493959,1450,100,True,0.1648,0.4876,7
2026-09-08T04,65876,1624,95,False,0.6921,0.8461,7
2026-09-08T04,7022,1664,38,False,0.9273,0.973,3
2026-09-08T04,66170,1441,100,True,0.102,0.4101,5
2026-09-08T04,488190,1640,29,False,0.4652,0.8756,6
2026-09-08T04,2141208081,1569,7,False,0.9745,1.0,2
2026-09-08T04,2748,1547,79,False,0.267,0.7841,5
2026-09-08T11,509658,94218,100,True,0.067,0.3676,15
2026-09-08T11,263490,87498,100,True,0.3232,0.8087,8
2026-09-08T11,32399,79212,99,False,0.1426,0.6832,13
2026-09-08T11,21779,67800,99,False,0.1769,0.5803,15
2026-09-08T11,516575,32414,94,False,0.0814,0.4804,14
2026-09-08T11,32982,32091,98,False,0.1574,0.4596,9
2026-09-08T11,511224,37370,95,False,0.3579,0.8434,8
2026-09-08T11,509672,35503,100,True,0.1727,0.5264,15
2026-09-08T11,1584745140,35564,9,False,0.9991,1.0,3
2026-09-08T11,29595,31895,100,True,0.2763,0.7187,9
2026-09-08T11,18122,24818,97,False,0.1855,0.5587,7
2026-09-08T11,498566,27184,76,False,0.2897,0.738,14
2026-09-08T11,1357871551,21043,100,True,0.2183,0.6791,14
2026-09-08T11,513143,20954,100,True,0.2773,0.7989,17
2026-09-08T11,55453844,20456,100,True,0.378,0.9344,6
2026-09-08T11,499973,19186,100,True,0.3178,0.6295,6
2026-09-08T11,1702520304,17939,100,True,0.128,0.6163,15
2026-09-08T11,33214,12669,96,False,0.141,0.5592,10
2026-09-08T11,511399,16946,14,False,0.9722,0.9994,3
2026-09-08T11,491487,11433,99,False,0.2252,0.6184,13
2026-09-08T11,327598602,13351,100,True,0.1106,0.4487,16
2026-09-08T11,626298054,13251,4,False,0.7257,1.0,1
2026-09-08T11,515025,9332,100,True,0.2414,0.5773,13
2026-09-08T11,138585,12549,94,False,0.1777,0.8094,12
2026-09-08T11,518203,12100,68,False,0.6121,0.914,10
2026-09-08T11,460630,11326,89,False,0.6425,0.9017,15
2026-09-08T11,902998079,10688,100,True,0.1687,0.7329,12
2026-09-08T11,512953,10300,99,False,0.5689,0.7828,12
2026-09-08T11,31339,10316,100,True,0.4048,0.818,11
2026-09-08T11,27471,6644,98,False,0.0626,0.3775,9
2026-09-08T11,24241,8340,100,True,0.1881,0.6283,6
2026-09-08T11,27546,9671,100,True,0.2444,0.7965,13
2026-09-08T11,493057,9363,98,False,0.2035,0.6839,16
2026-09-08T11,29452,9623,22,False,0.1727,0.8107,4
2026-09-08T11,1264310518,7358,97,False,0.2792,0.5871,9
2026-09-08T11,509660,6468,100,True,0.1449,0.4295,8
2026-09-08T11,1282866981,7627,98,False,0.1584,0.5478,9
2026-09-08T11,417528,8151,83,False,0.2746,0.8009,13
2026-09-08T11,512710,6904,97,False,0.1267,0.5191,13
2026-09-08T11,602040818,7227,97,False,0.2056,0.7295,7
2026-09-08T11,498592,6639,100,True,0.1027,0.5908,10
2026-09-08T11,13332,6973,67,False,0.3984,0.9246,10
2026-09-08T11,464339927,6091,100,True,0.1461,0.5855,16
2026-09-08T11,401587136,5739,100,True,0.5283,0.8296,16
2026-09-08T11,386821,5582,100,True,0.2234,0.5975,14
2026-09-08T11,509659,5131,100,True,0.1099,0.5705,6
2026-09-08T11,515474,5062,23,False,0.8686,0.9929,8
2026-09-08T11,19619,4318,100,True,0.0896,0.4905,4
2026-09-08T11,459931,4579,94,False,0.2667,0.7434,6
2026-09-08T11,272263131,4276,100,True,0.287,0.6738,6
2026-09-08T11,500188,4134,100,True,0.1335,0.6587,13
2026-09-08T11,511229,4177,18,False,0.9559,0.9969,2
2026-09-08T11,26936,3709,94,False,0.0998,0.5657,11
2026-09-08T11,65632,4062,97,False,0.2558,0.7942,10
2026-09-08T11,2132205352,3846,100,True,0.2509,0.623,10
2026-09-08T11,27284,3840,100,True,0.0565,0.3943,10
2026-09-08T11,743,3613,41,False,0.7299,0.9762,7
2026-09-08T11,2066107586,3401,14,False,0.9724,0.9991,5
2026-09-08T11,499634,3375,96,False,0.232,0.8264,8
2026-09-08T11,23020,2657,94,False,0.6443,0.7832,8
2026-09-08T11,19976,3261,59,False,0.3119,0.889,3
2026-09-08T11,417752,3203,100,True,0.2554,0.778,10
2026-09-08T11,132735846,3026,8,False,0.9587,1.0,3
2026-09-08T11,1669431183,2723,99,False,0.0823,0.5105,10
2026-09-08T11,1137724877,2648,1,False,1.0,1.0,1
2026-09-08T11,1599346425,2508,100,True,0.0801,0.4322,8
2026-09-08T11,71375,2540,60,False,0.1661,0.7063,8
2026-09-08T11,30921,2054,99,False,0.0944,0.6446,10
2026-09-08T11,168648543,2399,100,True,0.361,0.7932,15
2026-09-08T11,394568,2322,37,False,0.6891,0.9539,5
2026-09-08T11,12839,2360,32,False,0.3034,0.8797,5
2026-09-08T11,491931,2082,51,False,0.2911,0.842,9
2026-09-08T11,1441208453,1790,99,False,0.0631,0.3989,11
2026-09-08T11,624536948,1962,92,False,0.1065,0.5102,8
2026-09-08T11,499003,2240,48,False,0.1545,0.7455,8
2026-09-08T11,513181,1928,100,True,0.1618,0.542,14
2026-09-08T11,509511,2051,69,False,0.1068,0.589,7
2026-09-08T11,1313351584,2017,27,False,0.5657,0.9663,6
2026-09-08T11,20596,2124,36,False,0.3941,0.9529,4
2026-09-08T11,674491029,1939,75,False,0.2465,0.8571,9
2026-09-08T11,1036710512,1848,100,True,0.4378,0.6353,10
2026-09-08T11,1735804268,1871,1,False,1.0,1.0,1
2026-09-08T11,494184,1756,89,False,0.1264,0.6492,6
2026-09-08T11,518004,1826,1,False,1.0,1.0,1
2026-09-08T11,1742163310,1807,6,False,0.9015,1.0,2
2026-09-08T11,570615518,1799,75,False,0.2396,0.8427,12
2026-09-08T11,1131336879,1754,4,False,0.5998,1.0,1
2026-09-08T11,488190,1730,45,False,0.3636,0.8457,6
2026-09-08T11,538054672,1695,55,False,0.449,0.8602,6
2026-09-08T11,771448419,1549,27,False,0.3409,0.8722,10
2026-09-08T11,2748,1534,31,False,0.6095,0.957,7
2026-09-08T11,1743359147,1522,14,False,0.7418,0.9961,7
2026-09-08T11,743893402,1450,35,False,0.5372,0.9276,5
2026-09-08T11,508455,1501,76,False,0.4144,0.8001,9
2026-09-08T11,1201819487,1515,1,False,1.0,1.0,1
2026-09-08T11,3412,1459,6,False,0.9925,1.0,3
2026-09-08T11,1931693784,1468,51,False,0.2173,0.8665,7
2026-09-08T11,982348888,1485,72,False,0.4397,0.8357,10
2026-09-08T11,1414860634,1388,30,False,0.4546,0.9712,6
2026-09-08T11,1435206302,1349,37,False,0.7331,0.9466,5
2026-09-08T16,509658,220666,96,False,0.0778,0.4476,16
2026-09-08T16,32982,173670,99,False,0.2798,0.5798,9
2026-09-08T16,32399,133974,98,False,0.1838,0.6839,10
2026-09-08T16,27471,111170,97,False,0.4965,0.8987,11
2026-09-08T16,516575,85264,97,False,0.0918,0.4438,11
2026-09-08T16,21779,67639,97,False,0.1967,0.5043,15
2026-09-08T16,263490,76040,100,True,0.3513,0.8188,12
2026-09-08T16,509672,68495,95,False,0.5359,0.7263,13
2026-09-08T16,29595,50527,98,False,0.1799,0.6762,6
2026-09-08T16,491931,46656,98,False,0.1732,0.6808,14
2026-09-08T16,1584745140,44521,12,False,0.9971,1.0,4
2026-09-08T16,1357871551,37244,98,False,0.115,0.6525,16
2026-09-08T16,27546,41930,100,True,0.4508,0.845,18
2026-09-08T16,902998079,34903,100,True,0.2136,0.6522,12
2026-09-08T16,33214,26463,100,True,0.2572,0.5064,15
2026-09-08T16,491487,24926,98,False,0.1413,0.6701,11
2026-09-08T16,18122,25393,98,False,0.0882,0.4131,9
2026-09-08T16,138585,31067,100,True,0.3079,0.8229,15
2026-09-08T16,1702520304,27094,100,True,0.1756,0.5949,12
2026-09-08T16,498566,28044,100,True,0.1065,0.5342,15
2026-09-08T16,327598602,22027,99,False,0.2245,0.6484,15
2026-09-08T16,1264310518,21315,98,False,0.135,0.6622,9
2026-09-08T16,1104776029,24377,83,False,0.643,0.9434,8
2026-09-08T16,515025,17126,100,True,0.1508,0.5796,12
2026-09-08T16,511224,17008,100,True,0.1639,0.6198,13
2026-09-08T16,512710,18461,99,False,0.2082,0.5766,13
2026-09-08T16,460630,17652,99,False,0.6447,0.8323,15
2026-09-08T16,499973,16546,100,True,0.1447,0.5621,5
2026-09-08T16,493057,16278,99,False,0.1885,0.6865,16
2026-09-08T16,921298138,17297,88,False,0.8949,0.9836,12
2026-09-08T16,513143,15041,98,False,0.1873,0.6313,16
2026-09-08T16,464339927,13378,98,False,0.304,0.7067,13
2026-09-08T16,29452,14307,35,False,0.1143,0.647,5
2026-09-08T16,417528,14019,98,False,0.1316,0.6689,11
2026-09-08T16,24241,9554,97,False,0.1599,0.5717,7
2026-09-08T16,1910993272,12485,100,True,0.9549,0.9808,15
2026-09-08T16,509660,7365,98,False,0.1605,0.417,13
2026-09-08T16,31339,10634,97,False,0.2387,0.6737,13
2026-09-08T16,509663,11086,97,False,0.3589,0.7397,9
2026-09-08T16,1669431183,10532,100,True,0.2492,0.6197,7
2026-09-08T16,539102438,9623,1,False,1.0,1.0,1
2026-09-08T16,602040818,8390,97,False,0.1182,0.595,8
2026-09-08T16,1282866981,8583,100,True,0.2208,0.6699,11
2026-09-08T16,386821,8696,100,True,0.1416,0.4542,13
2026-09-08T16,19619,8106,100,True,0.0848,0.4133,4
2026-09-08T16,518203,8803,100,True,0.3367,0.7186,11
2026-09-08T16,500188,6393,100,True,0.1852,0.5135,10
2026-09-08T16,401587136,8107,100,True,0.1338,0.7126,17
2026-09-08T16,13332,8388,99,False,0.2872,0.8219,9
2026-09-08T16,743,7985,77,False,0.5493,0.825,10
2026-09-08T16,27284,7129,100,True,0.1543,0.4929,8
2026-09-08T16,30921,6359,100,True,0.1475,0.715,9
2026-09-08T16,511399,7578,13,False,0.9674,0.9993,5
2026-09-08T16,494184,7329,99,False,0.1988,0.848,9
2026-09-08T16,417752,7197,100,True,0.2223,0.7757,10
2026-09-08T16,65632,6797,100,True,0.2317,0.7861,11
2026-09-08T16,2132205352,6305,99,False,0.1125,0.6319,11
2026-09-08T16,511229,7004,13,False,0.5635,0.9996,1
2026-09-08T16,1898040946,6516,98,False,0.5938,0.8519,13
2026-09-08T16,499634,6829,100,True,0.1737,0.7196,11
2026-09-08T16,488190,6436,97,False,0.2342,0.6753,10
2026-09-08T16,512953,5331,99,False,0.2778,0.5464,11
2026-09-08T16,509659,6367,100,True,0.213,0.592,8
2026-09-08T16,55453844,6193,100,True,0.2511,0.7303,9
2026-09-08T16,459931,6148,98,False,0.2342,0.67,11
2026-09-08T16,12839,5959,57,False,0.2178,0.8631,6
2026-09-08T16,26936,5088,97,False,0.0682,0.4379,12
2026-09-08T16,11557,5785,94,False,0.539,0.8164,7
2026-09-08T16,624536948,4861,98,False,0.0981,0.4799,12
2026-09-08T16,168648543,5510,100,True,0.4971,0.7853,12
2026-09-08T16,1441208453,4057,100,True,0.2282,0.6241,11
2026-09-08T16,272263131,4610,100,True,0.2748,0.6809,6
2026-09-08T16,723030544,4963,2,False,0.9996,1.0,2
2026-09-08T16,1976927403,4779,1,False,1.0,1.0,1
2026-09-08T16,491168,4777,56,False,0.4427,0.9719,9
2026-09-08T16,513181,4412,100,True,0.2697,0.6451,15
2026-09-08T16,6521,4402,73,False,0.3419,0.8903,10
2026-09-08T16,1846293708,4400,61,False,0.7293,0.9211,7
2026-09-08T16,1435206302,4372,61,False,0.3689,0.9499,8
2026-09-08T16,132735846,4118,5,False,0.7161,1.0,2
2026-09-08T16,498592,4077,99,False,0.246,0.7567,6
2026-09-08T16,13389,4193,37,False,0.503,0.9597,9
2026-09-08T16,1742163310,3918,16,False,0.9188,0.9969,3
2026-09-08T16,1036710512,3194,99,False,0.248,0.6475,8
2026-09-08T16,23020,1911,87,False,0.1481,0.4861,11
2026-09-08T16,2748,3822,65,False,0.2802,0.8914,7
2026-09-08T16,666506999,3719,29,False,0.6545,0.9718,7
2026-09-08T16,1599346425,2910,100,True,0.0533,0.3165,8
2026-09-08T16,1515862749,3514,60,False,0.7968,0.9345,5
2026-09-08T16,490948,3464,100,True,0.3528,0.8571,11
2026-09-08T16,66082,2960,100,True,0.5514,0.7635,16
2026-09-08T16,499003,3481,79,False,0.1284,0.6222,9
2026-09-08T16,509511,3341,97,False,0.1679,0.5127,8
2026-09-08T16,2010156204,3154,1,False,1.0,1.0,1
2026-09-08T16,20596,2926,60,False,0.4231,0.8865,5
2026-09-08T16,1393304883,2888,100,True,0.2296,0.7656,3
2026-09-08T16,518184,2809,100,True,0.398,0.7586,12
2026-09-08T16,21465,2845,100,True,0.7638,0.8689,17
2026-09-08T16,2012789438,2653,100,True,0.1881,0.6536,8
2026-09-08T16,71375,2736,82,False,0.1659,0.7102,10
2026-09-08T21,32982,326698,100,True,0.2036,0.5784,12
2026-09-08T21,509658,238038,89,False,0.1547,0.5599,12
2026-09-08T21,32399,64521,100,True,0.2195,0.5068,15
2026-09-08T21,21779,54711,97,False,0.202,0.4852,12
2026-09-08T21,902998079,51696,100,True,0.2039,0.7019,10
2026-09-08T21,516575,40490,100,True,0.0948,0.5323,13
2026-09-08T21,29595,49505,88,False,0.17,0.7277,6
2026-09-08T21,498566,51741,100,True,0.182,0.5649,15
2026-09-08T21,27471,39158,98,False,0.2563,0.6577,11
2026-09-08T21,1357871551,32056,97,False,0.1389,0.6384,13
2026-09-08T21,491168,44094,59,False,0.7294,0.99,8
2026-09-08T21,491931,36840,97,False,0.2035,0.754,12
2026-09-08T21,33214,24086,94,False,0.2361,0.5535,10
2026-09-08T21,512710,32072,99,False,0.1303,0.5548,10
2026-09-08T21,1528340663,34884,2,False,0.7385,1.0,1
2026-09-08T21,18122,23424,100,True,0.1885,0.4687,9
2026-09-08T21,518203,33070,99,False,0.1461,0.8386,10
2026-09-08T21,509672,28779,99,False,0.107,0.5386,14
2026-09-08T21,31339,25688,96,False,0.289,0.8711,7
2026-09-08T21,515025,18601,96,False,0.1861,0.5054,9
2026-09-08T21,491487,11314,100,True,0.1071,0.4468,9
2026-09-08T21,327598602,20536,98,False,0.1808,0.7175,15
2026-09-08T21,1702520304,21045,98,False,0.1938,0.6728,13
2026-09-08T21,22406,22421,3,False,0.9996,1.0,2
2026-09-08T21,138585,20734,96,False,0.3823,0.8084,10
2026-09-08T21,460630,19024,98,False,0.6051,0.855,15
2026-09-08T21,27546,20019,98,False,0.5939,0.8957,14
2026-09-08T21,1264310518,14148,97,False,0.145,0.5416,7
2026-09-08T21,29452,17514,37,False,0.1277,0.6844,5
2026-09-08T21,511224,12042,97,False,0.424,0.629,12
2026-09-08T21,921298138,15770,100,True,0.4732,0.928,8
2026-09-08T21,513143,14675,100,True,0.2773,0.6964,14
2026-09-08T21,602040818,11650,98,False,0.1482,0.4942,6
2026-09-08T21,499973,13521,100,True,0.1237,0.5514,7
2026-09-08T21,493057,11653,96,False,0.1397,0.6828,16
2026-09-08T21,339050343,12634,5,False,0.998,1.0,3
2026-09-08T21,1675560685,11856,3,False,0.8253,1.0,1
2026-09-08T21,417528,11436,100,True,0.1897,0.6732,13
2026-09-08T21,509660,6538,95,False,0.0601,0.3191,7
2026-09-08T21,509659,11330,100,True,0.1185,0.6174,8
2026-09-08T21,1898040946,10525,97,False,0.478,0.9102,11
2026-09-08T21,13332,10812,99,False,0.2425,0.8632,9
2026-09-08T21,512953,8787,100,True,0.1383,0.579,11
2026-09-08T21,24241,7125,95,False,0.1134,0.5545,6
2026-09-08T21,19619,8503,100,True,0.0759,0.4151,5
2026-09-08T21,26566,9678,1,False,1.0,1.0,1
2026-09-08T21,250649084,9545,42,False,0.9617,0.9868,11
2026-09-08T21,2132205352,8381,92,False,0.2556,0.7336,8
2026-09-08T21,493959,7590,98,False,0.2011,0.7267,11
2026-09-08T21,509663,8538,98,False,0.5514,0.8361,9
2026-09-08T21,198266236,8393,18,False,0.8171,0.9974,6
2026-09-08T21,26936,7369,99,False,0.2447,0.5541,12
2026-09-08T21,27284,7279,95,False,0.0923,0.4635,10
2026-09-08T21,401587136,7651,100,True,0.2044,0.7321,13
2026-09-08T21,488190,7996,100,True,0.3124,0.6791,9
2026-09-08T21,459931,7134,100,True,0.164,0.6737,6
2026-09-08T21,23020,4319,89,False,0.2644,0.6796,9
2026-09-08T21,464339927,5608,100,True,0.1065,0.4971,12
2026-09-08T21,511229,7199,8,False,0.6138,1.0,2
2026-09-08T21,539102438,7071,2,False,0.9984,1.0,2
2026-09-08T21,10609,6999,34,False,0.2576,0.9814,6
2026-09-08T21,30921,4890,99,False,0.3436,0.6065,9
2026-09-08T21,500188,4780,100,True,0.1182,0.4862,10
2026-09-08T21,1669431183,5801,100,True,0.0526,0.3477,7
2026-09-08T21,1435206302,6172,85,False,0.4256,0.9384,8
2026-09-08T21,65632,5399,97,False,0.3682,0.6435,7
2026-09-08T21,263490,5706,97,False,0.1725,0.6267,8
2026-09-08T21,386821,5853,100,True,0.1599,0.5433,13
2026-09-08T21,1282866981,5618,100,True,0.1768,0.6374,11
2026-09-08T21,272263131,5324,100,True,0.281,0.6784,6
2026-09-08T21,499634,5403,100,True,0.4044,0.8538,10
2026-09-08T21,168648543,4977,100,True,0.3532,0.7621,12
2026-09-08T21,441803813,4951,4,False,0.998,1.0,3
2026-09-08T21,1441208453,3424,99,False,0.2629,0.5494,9
2026-09-08T21,66082,4001,100,True,0.3519,0.7451,12
2026-09-08T21,376500771,4761,29,False,0.941,0.9838,6
2026-09-08T21,12839,4615,49,False,0.2399,0.8303,5
2026-09-08T21,509577,4494,58,False,0.2726,0.9435,6
2026-09-08T21,1104776029,4488,75,False,0.3376,0.83,9
2026-09-08T21,499003,4321,100,True,0.1902,0.7327,11
2026-09-08T21,1036710512,3516,100,True,0.2389,0.6604,10
2026-09-08T21,513181,3810,97,False,0.116,0.5961,13
2026-09-08T21,624536948,3092,99,False,0.0909,0.4816,8
2026-09-08T21,93798731,3969,100,True,0.6828,0.9287,9
2026-09-08T21,132735846,3919,8,False,0.9832,1.0,2
2026-09-08T21,12924,3883,43,False,0.6938,0.9539,8
2026-09-08T21,512923,3549,93,False,0.3787,0.7329,10
2026-09-08T21,2094052688,3774,1,False,1.0,1.0,1
2026-09-08T21,2748,3699,74,False,0.2925,0.8154,6
2026-09-08T21,490242481,3631,14,False,0.9854,0.9989,4
2026-09-08T21,482579574,3567,90,False,0.9167,0.9526,8
2026-09-08T21,13389,3469,56,False,0.6688,0.9253,10
2026-09-08T21,417752,3265,99,False,0.2628,0.6916,9
2026-09-08T21,2012789438,2702,100,True,0.1547,0.5007,7
2026-09-08T21,66170,2737,100,True,0.1787,0.51,7
2026-09-08T21,670138298,2772,99,False,0.1508,0.7605,2
2026-09-08T21,1763263,3063,48,False,0.5615,0.951,3
2026-09-08T21,687129551,3018,43,False,0.5885,0.9228,6
2026-09-08T21,130942,2929,49,False,0.8494,0.957,10
2026-09-08T21,495202,2969,17,False,0.966,0.9966,5
2026-09-09T00,509658,185235,93,False,0.137,0.5182,10
2026-09-09T00,32982,213381,97,False,0.3348,0.676,9
2026-09-09T00,21779,62746,98,False,0.4369,0.6857,13
2026-09-09T00,491931,49170,95,False,0.6418,0.8858,9
2026-09-09T00,516575,32681,100,True,0.136,0.5346,12
2026-09-09T00,33214,29651,99,False,0.2009,0.6467,9
2026-09-09T00,902998079,31225,99,False,0.2344,0.5911,8
2026-09-09T00,509672,38923,100,True,0.2348,0.8027,11
2026-09-09T00,512710,25575,89,False,0.1157,0.5204,7
2026-09-09T00,32399,24521,96,False,0.1078,0.4943,12
2026-09-09T00,327598602,28210,100,True,0.7553,0.8519,12
2026-09-09T00,29595,27533,96,False,0.1378,0.6493,5
2026-09-09T00,1357871551,27250,100,True,0.2956,0.7173,13
2026-09-09T00,498566,28603,78,False,0.1606,0.6988,11
2026-09-09T00,511224,23345,98,False,0.3666,0.7598,11
2026-09-09T00,27471,17327,97,False,0.201,0.5742,7
2026-09-09T00,515025,18979,100,True,0.172,0.6446,9
2026-09-09T00,491487,9103,100,True,0.1084,0.421,11
2026-09-09T00,1264310518,13415,94,False,0.1643,0.6381,7
2026-09-09T00,18122,15514,100,True,0.2349,0.5117,7
2026-09-09T00,29452,19484,39,False,0.1358,0.7564,3
2026-09-09T00,10609,16659,56,False,0.35,0.9929,4
2026-09-09T00,602040818,11350,99,False,0.2441,0.598,4
2026-09-09T00,499973,15090,100,True,0.1832,0.583,6
2026-09-09T00,513143,15704,99,False,0.2591,0.8325,10
2026-09-09T00,1702520304,14896,99,False,0.1461,0.6927,10
2026-09-09T00,13332,13861,100,True,0.6403,0.9204,6
2026-09-09T00,25652,11952,1,False,1.0,1.0,1
2026-09-09T00,19619,9516,100,True,0.0605,0.3969,3
2026-09-09T00,509659,11566,100,True,0.2883,0.647,8
2026-09-09T00,1742163310,457,24,False,0.372,0.8906,2
2026-09-09T00,31339,9690,94,False,0.157,0.6619,9
2026-09-09T00,512953,9334,99,False,0.2187,0.7233,8
2026-09-09T00,24241,6643,100,True,0.1314,0.495,6
2026-09-09T00,509660,5630,99,False,0.0607,0.3078,8
2026-09-09T00,460630,6549,100,True,0.2863,0.6378,8
2026-09-09T00,2132205352,8752,100,True,0.2108,0.6973,6
2026-09-09T00,417528,9443,100,True,0.1785,0.6502,8
2026-09-09T00,494082,8577,7,False,0.9962,1.0,3
2026-09-09T00,30921,6637,100,True,0.3312,0.788,8
2026-09-09T00,539102438,8059,3,False,0.997,1.0,2
2026-09-09T00,138585,7749,90,False,0.2732,0.8786,9
2026-09-09T00,26936,6216,98,False,0.1559,0.4778,9
2026-09-09T00,464339927,5784,99,False,0.1487,0.5775,10
2026-09-09T00,624536948,5706,95,False,0.3836,0.6826,7
2026-09-09T00,499003,7025,100,True,0.2211,0.7103,6
2026-09-09T00,1441208453,5329,99,False,0.2149,0.6557,9
2026-09-09T00,27284,5541,100,True,0.1007,0.4097,6
2026-09-09T00,27546,6404,83,False,0.7036,0.9171,13
2026-09-09T00,493057,5546,100,True,0.1401,0.599,12
2026-09-09T00,386821,5884,100,True,0.1079,0.517,10
2026-09-09T00,459931,5606,100,True,0.155,0.6033,5
2026-09-09T00,23020,2670,100,True,0.0506,0.3599,6
2026-09-09T00,500188,4052,100,True,0.1439,0.5304,8
2026-09-09T00,670138298,4389,88,False,0.1725,0.7605,2
2026-09-09T00,493959,4570,96,False,0.2053,0.7018,8
2026-09-09T00,1208195857,5178,9,False,0.5632,1.0,2
2026-09-09T00,263490,4789,98,False,0.2021,0.6968,9
2026-09-09T00,1282866981,4773,96,False,0.1961,0.6384,9
2026-09-09T00,1669431183,4462,100,True,0.078,0.3568,4
2026-09-09T00,1887625367,4605,4,False,0.9957,1.0,3
2026-09-09T00,498592,4555,100,True,0.1381,0.6389,17
2026-09-09T00,499634,4489,100,True,0.5536,0.8258,8
2026-09-09T00,272263131,4230,100,True,0.2392,0.6518,4
2026-09-09T00,11557,4247,100,True,0.5686,0.8039,5
2026-09-09T00,1036710512,3438,99,False,0.3461,0.6771,10
2026-09-09T00,12839,4259,12,False,0.7558,0.9995,2
2026-09-09T00,488190,4265,78,False,0.1798,0.7114,8
2026-09-09T00,1898040946,3868,100,True,0.2164,0.7503,8
2026-09-09T00,401587136,3891,100,True,0.1802,0.6122,10
2026-09-09T00,2012789438,3045,97,False,0.2785,0.6148,6
2026-09-09T00,1081998272,3847,100,True,0.2953,0.6961,7
2026-09-09T00,29106,4048,70,False,0.8745,0.9625,10
2026-09-09T00,19976,4065,43,False,0.6295,0.9277,4
2026-09-09T00,510218,4020,73,False,0.3488,0.9231,6
2026-09-09T00,66170,3518,100,True,0.2467,0.6359,6
2026-09-09T00,518184,3532,99,False,0.3151,0.7783,9
2026-09-09T00,55453844,3916,100,True,0.202,0.8095,8
2026-09-09T00,65632,3511,98,False,0.2697,0.6007,7
2026-09-09T00,456845141,3724,17,False,0.5926,0.997,4
2026-09-09T00,13389,3564,43,False,0.6512,0.9759,5
2026-09-09T00,491168,3285,49,False,0.2758,0.9516,7
2026-09-09T00,509663,3419,100,True,0.1182,0.5458,6
2026-09-09T00,1414860634,3378,88,False,0.2247,0.9082,8
2026-09-09T00,168648543,2965,100,True,0.2388,0.7282,9
2026-09-09T00,509511,3119,100,True,0.1943,0.4835,7
2026-09-09T00,513181,2701,100,True,0.1625,0.5913,10
2026-09-09T00,130942,2962,31,False,0.7232,0.9828,7
2026-09-09T00,441803813,2986,4,False,0.9963,1.0,2
2026-09-09T00,66082,2061,100,True,0.0742,0.4488,8
2026-09-09T00,1104776029,3026,36,False,0.5443,0.961,6
2026-09-09T00,509577,2879,100,True,0.3428,0.8684,5
2026-09-09T00,116747788,2920,41,False,0.5079,0.9606,3
2026-09-09T00,495202,2666,22,False,0.904,0.9869,1
2026-09-09T00,538054672,2674,100,True,0.1522,0.7109,9
2026-09-09T00,1832841853,2509,97,False,0.2587,0.6341,8
2026-09-09T00,1494,927,100,True,0.164,0.4412,6
2026-09-09T00,460951,2334,99,False,0.3719,0.829,4
2026-09-09T00,518203,2455,98,False,0.3108,0.8204,7
2026-09-09T00,18846,1782,26,False,0.7581,0.9753,4
2026-09-09T04,509658,121775,100,True,0.1045,0.5107,10
2026-09-09T04,32982,107540,96,False,0.1641,0.7105,6
2026-09-09T04,66082,57803,99,False,0.9434,0.9875,6
2026-09-09T04,31339,49629,99,False,0.7003,0.9541,8
2026-09-09T04,902998079,32191,100,True,0.138,0.5924,7
2026-09-09T04,21779,27874,99,False,0.1164,0.5041,9
2026-09-09T04,32399,32107,93,False,0.1633,0.6225,7
2026-09-09T04,516575,20507,100,True,0.0754,0.4814,12
2026-09-09T04,515025,19813,93,False,0.3697,0.7186,8
2026-09-09T04,491487,8648,94,False,0.1818,0.4968,9
2026-09-09T04,33214,9042,94,False,0.0918,0.4258,8
2026-09-09T04,29595,16532,98,False,0.1504,0.6722,7
2026-09-09T04,13332,17100,77,False,0.7959,0.9666,5
2026-09-09T04,602040818,12154,99,False,0.171,0.539,3
2026-09-09T04,509659,15433,100,True,0.1946,0.6077,7
2026-09-09T04,29452,15013,29,False,0.1701,0.7403,6
2026-09-09T04,1264310518,8703,100,True,0.0951,0.4041,5
2026-09-09T04,498566,15118,54,False,0.2106,0.8356,9
2026-09-09T04,27471,8578,90,False,0.2907,0.6041,8
2026-09-09T04,511224,10400,97,False,0.299,0.6777,8
2026-09-09T04,1357871551,13589,100,True,0.2533,0.7352,11
2026-09-09T04,499973,12927,100,True,0.0858,0.473,6
2026-09-09T04,327598602,12738,100,True,0.2095,0.5995,8
2026-09-09T04,18122,10002,94,False,0.0792,0.4005,6
2026-09-09T04,512710,9533,99,False,0.0757,0.4852,5
2026-09-09T04,509672,11607,97,False,0.1315,0.6388,10
2026-09-09T04,513143,11299,93,False,0.3826,0.7616,12
2026-09-09T04,512708,10106,15,False,0.9809,0.9992,3
2026-09-09T04,491931,8404,95,False,0.1615,0.5353,7
2026-09-09T04,1702520304,9264,100,True,0.2202,0.6988,10
2026-09-09T04,1982936547,9614,25,False,0.6493,0.9948,3
2026-09-09T04,456845141,8751,100,True,0.2546,0.767,8
2026-09-09T04,10609,8436,32,False,0.3642,0.9961,3
2026-09-09T04,2132205352,7482,100,True,0.3418,0.7686,6
2026-09-09T04,499003,7555,99,False,0.4094,0.8548,5
2026-09-09T04,509660,4648,100,True,0.0805,0.2844,9
2026-09-09T04,24241,5107,96,False,0.195,0.5124,5
2026-09-09T04,27284,6459,100,True,0.2251,0.5327,6
2026-09-09T04,1898040946,5984,100,True,0.4415,0.8865,8
2026-09-09T04,460630,4188,96,False,0.4828,0.7106,7
2026-09-09T04,674491029,5868,100,True,0.8362,0.9313,4
2026-09-09T04,498592,5511,100,True,0.0782,0.4954,15
2026-09-09T04,263490,5617,100,True,0.6356,0.8058,7
2026-09-09T04,26936,4460,89,False,0.1253,0.5007,7
2026-09-09T04,512953,4908,90,False,0.1394,0.6379,8
2026-09-09T04,464339927,4279,99,False,0.1648,0.5698,7
2026-09-09T04,417528,5292,100,True,0.1635,0.7218,8
2026-09-09T04,1669431183,5208,100,True,0.1743,0.4451,6
2026-09-09T04,509663,5249,59,False,0.6384,0.9038,8
2026-09-09T04,30921,4125,100,True,0.3515,0.6858,6
2026-09-09T04,138585,5053,62,False,0.2545,0.8872,9
2026-09-09T04,511399,5052,17,False,0.5192,0.996,3
2026-09-09T04,1441208453,3289,100,True,0.1323,0.4786,8
2026-09-09T04,19619,4095,100,True,0.0864,0.4144,3
2026-09-09T04,65632,4363,97,False,0.6259,0.8565,7
2026-09-09T04,23020,2458,100,True,0.1713,0.4768,6
2026-09-09T04,272263131,4089,100,True,0.245,0.6894,5
2026-09-09T04,670138298,3752,95,False,0.3041,0.8385,3
2026-09-09T04,2012789438,3270,100,True,0.156,0.5587,6
2026-09-09T04,483253897,3970,2,False,0.998,1.0,1
2026-09-09T04,1282866981,3735,100,True,0.1566,0.5888,10
2026-09-09T04,493959,3329,94,False,0.2529,0.7357,6
2026-09-09T04,500188,3049,100,True,0.1489,0.4877,7
2026-09-09T04,386821,3512,99,False,0.1267,0.5883,11
2026-09-09T04,518184,3246,100,True,0.5123,0.785,7
2026-09-09T04,459931,3304,100,True,0.109,0.5636,4
2026-09-09T04,27546,3304,46,False,0.6014,0.9319,9
2026-09-09T04,1036710512,2791,100,True,0.4676,0.6711,6
2026-09-09T04,624536948,2004,91,False,0.1801,0.5609,8
2026-09-09T04,499634,2865,83,False,0.2803,0.8482,9
2026-09-09T04,1435206302,2792,67,False,0.2915,0.8797,3
2026-09-09T04,509511,2485,76,False,0.1026,0.497,7
2026-09-09T04,55453844,2690,100,True,0.2346,0.745,5
2026-09-09T04,11557,2735,86,False,0.3865,0.7912,4
2026-09-09T04,509671,2300,9,False,0.9713,1.0,4
2026-09-09T04,538054672,2169,91,False,0.2914,0.793,5
2026-09-09T04,168648543,1835,100,True,0.2556,0.655,8
2026-09-09T04,1954784138,491,30,False,0.1955,0.8187,4
2026-09-09T04,494099,2038,100,True,0.5034,0.7399,5
2026-09-09T04,1494,858,100,True,0.1632,0.4965,6
2026-09-09T04,130942,1907,16,False,0.8306,0.9948,6
2026-09-09T04,497057,1753,100,True,0.1141,0.4952,4
2026-09-09T04,921298138,1869,66,False,0.5688,0.8636,6
2026-09-09T04,493057,1658,100,True,0.2961,0.6496,7
2026-09-09T04,514017,1867,1,False,1.0,1.0,1
2026-09-09T04,1081998272,1684,100,True,0.3907,0.5873,4
2026-09-09T04,488910,1835,35,False,0.3651,0.9537,2
2026-09-09T04,116747788,1838,46,False,0.4037,0.9146,2
2026-09-09T04,488615,1787,1,False,1.0,1.0,1
2026-09-09T04,9205,1705,1,False,1.0,1.0,1
2026-09-09T04,491168,1636,39,False,0.5086,0.967,4
2026-09-09T04,1767087852,1621,1,False,1.0,1.0,1
2026-09-09T04,1114331153,1606,28,False,0.2553,0.9552,7
2026-09-09T04,401587136,1544,100,True,0.2027,0.6159,8
2026-09-09T04,33882,1524,3,False,0.998,1.0,1
2026-09-09T04,766571430,1318,100,True,0.148,0.4469,5
2026-09-09T04,66170,1364,100,True,0.0601,0.3666,5
2026-09-09T04,30740,1517,22,False,0.4924,0.9895,3
2026-09-09T04,488190,1532,41,False,0.4236,0.799,8
2026-09-09T04,192286423,0,0,False,,,0
2026-09-09T11,509658,121547,99,False,0.1079,0.4667,13
2026-09-09T11,32399,88765,100,True,0.1309,0.6197,15
2026-09-09T11,263490,81003,99,False,0.3135,0.8609,8
2026-09-09T11,32982,51102,100,True,0.067,0.3854,11
2026-09-09T11,21779,46527,99,False,0.0698,0.4394,13
2026-09-09T11,516575,39675,99,False,0.0673,0.3946,12
2026-09-09T11,29595,31774,96,False,0.2951,0.6837,7
2026-09-09T11,627281902,31797,3,False,0.9995,1.0,1
2026-09-09T11,509672,26889,100,True,0.2156,0.5445,17
2026-09-09T11,18122,17914,100,True,0.1262,0.4311,9
2026-09-09T11,491931,19346,100,True,0.1613,0.5499,15
2026-09-09T11,499973,16898,100,True,0.2918,0.5757,6
2026-09-09T11,902998079,18910,100,True,0.1483,0.6909,13
2026-09-09T11,498566,18709,69,False,0.0979,0.5581,15
2026-09-09T11,513143,18386,98,False,0.5459,0.8551,13
2026-09-09T11,511224,12660,97,False,0.1511,0.6381,9
2026-09-09T11,33214,9991,95,False,0.109,0.4887,11
2026-09-09T11,1702520304,13922,99,False,0.1103,0.5817,13
2026-09-09T11,29452,12656,24,False,0.1415,0.6929,4
2026-09-09T11,1357871551,13643,100,True,0.2136,0.615,15
2026-09-09T11,515025,10198,100,True,0.2293,0.5783,11
2026-09-09T11,502825,13609,3,False,0.7463,1.0,1
2026-09-09T11,518203,13121,65,False,0.4926,0.9317,11
2026-09-09T11,31339,12712,100,True,0.3881,0.7733,12
2026-09-09T11,327598602,10370,100,True,0.0925,0.5107,13
2026-09-09T11,491487,6510,100,True,0.068,0.3767,12
2026-09-09T11,27471,6782,98,False,0.1051,0.4617,9
2026-09-09T11,1248633549,10366,3,False,0.9998,1.0,3
2026-09-09T11,27546,9689,100,True,0.4298,0.8108,13
2026-09-09T11,1931693784,9497,100,True,0.3693,0.8443,9
2026-09-09T11,138585,8678,92,False,0.1964,0.8391,13
2026-09-09T11,493057,8192,99,False,0.2588,0.6904,18
2026-09-09T11,55453844,7881,100,True,0.3453,0.8399,5
2026-09-09T11,512710,6952,100,True,0.1218,0.5321,10
2026-09-09T11,417528,7862,83,False,0.2199,0.7867,14
2026-09-09T11,460630,7334,98,False,0.6411,0.8339,12
2026-09-09T11,27284,7143,98,False,0.2552,0.7243,9
2026-09-09T11,13332,7580,49,False,0.4435,0.9528,7
2026-09-09T11,509660,5368,100,True,0.054,0.2994,9
2026-09-09T11,498592,6933,98,False,0.0861,0.5797,8
2026-09-09T11,1264310518,6001,100,True,0.2043,0.5211,9
2026-09-09T11,456845141,6788,100,True,0.3346,0.8359,14
2026-09-09T11,509659,6527,99,False,0.0824,0.5249,6
2026-09-09T11,386821,5890,100,True,0.0722,0.4902,12
2026-09-09T11,602040818,5442,94,False,0.2451,0.7585,6
2026-09-09T11,512953,5624,98,False,0.155,0.5955,10
2026-09-09T11,459931,5592,100,True,0.2085,0.7382,7
2026-09-09T11,26936,5128,96,False,0.3918,0.6839,10
2026-09-09T11,1183694848,5343,10,False,0.9729,1.0,2
2026-09-09T11,19619,4549,100,True,0.102,0.49,5
2026-09-09T11,1282866981,4637,100,True,0.1859,0.5096,10
2026-09-09T11,464339927,4561,100,True,0.1633,0.6062,10
2026-09-09T11,511399,4793,8,False,0.9391,1.0,3
2026-09-09T11,1669431183,4741,100,True,0.2974,0.5997,9
2026-09-09T11,114524791,4752,27,False,0.5383,0.9741,3
2026-09-09T11,272263131,4516,100,True,0.2398,0.6705,6
2026-09-09T11,2132205352,4447,100,True,0.2269,0.7315,9
2026-09-09T11,417752,4058,99,False,0.2139,0.7767,10
2026-09-09T11,499634,3909,93,False,0.2001,0.8649,11
2026-09-09T11,500188,3752,100,True,0.1474,0.6202,14
2026-09-09T11,508455,3889,82,False,0.5094,0.8609,11
2026-09-09T11,401587136,3803,100,True,0.3268,0.7902,13
2026-09-09T11,24241,3227,100,True,0.0734,0.3737,5
2026-09-09T11,1441208453,3259,100,True,0.4673,0.7159,12
2026-09-09T11,2692,3583,15,False,0.9419,0.9972,4
2026-09-09T11,743,3536,36,False,0.7902,0.9816,7
2026-09-09T11,526182397,3183,1,False,1.0,1.0,1
2026-09-09T11,921298138,3086,43,False,0.7602,0.9524,6
2026-09-09T11,36799602,3081,46,False,0.7848,0.9757,10
2026-09-09T11,6521,2941,42,False,0.6552,0.964,6
2026-09-09T11,1104776029,2936,33,False,0.5719,0.936,7
2026-09-09T11,217432230,2926,17,False,0.5243,0.9949,8
2026-09-09T11,30921,2402,100,True,0.2931,0.6878,10
2026-09-09T11,65632,2577,95,False,0.3535,0.7924,12
2026-09-09T11,1898040946,2486,82,False,0.3222,0.9079,11
2026-09-09T11,1599346425,2289,100,True,0.0961,0.4115,8
2026-09-09T11,538054672,2256,64,False,0.4056,0.8732,9
2026-09-09T11,509511,2252,73,False,0.1337,0.6039,6
2026-09-09T11,71375,2127,53,False,0.1942,0.7823,5
2026-09-09T11,493959,2064,96,False,0.3886,0.8052,12
2026-09-09T11,23020,1329,96,False,0.073,0.4131,11
2026-09-09T11,20596,2035,30,False,0.3622,0.9754,3
2026-09-09T11,428189042,1976,8,False,0.92,1.0,4
2026-09-09T11,12839,1935,29,False,0.2377,0.8693,4
2026-09-09T11,570615518,1931,56,False,0.4697,0.9171,11
2026-09-09T11,513181,1786,100,True,0.2088,0.547,13
2026-09-09T11,488190,1917,48,False,0.4027,0.771,5
2026-09-09T11,1114331153,1863,35,False,0.3731,0.9087,8
2026-09-09T11,624536948,1690,100,True,0.1243,0.5953,11
2026-09-09T11,1901865180,1705,100,True,0.5554,0.7689,9
2026-09-09T11,1535225577,1663,45,False,0.8611,0.9711,9
2026-09-09T11,168648543,1533,88,False,0.2159,0.8023,15
2026-09-09T11,1435206302,1633,43,False,0.665,0.9265,6
2026-09-09T11,497304,1590,60,False,0.6717,0.8629,7
2026-09-09T11,494184,1575,98,False,0.1587,0.7276,10
2026-09-09T11,19976,1575,68,False,0.1289,0.6095,5
2026-09-09T11,2748,1563,26,False,0.6372,0.9539,7
2026-09-09T11,10948,1548,1,False,1.0,1.0,1
2026-09-09T11,502829,1532,41,False,0.2258,0.7141,3
2026-09-09T11,495202,1523,12,False,0.8628,0.9987,2
2026-09-09T16,509658,338227,98,False,0.1208,0.4705,14
2026-09-09T16,32982,105425,99,False,0.0901,0.3853,10
2026-09-09T16,516575,122580,94,False,0.27,0.6339,11
2026-09-09T16,27471,126764,100,True,0.4825,0.8941,10
2026-09-09T16,32399,94397,98,False,0.2072,0.5104,13
2026-09-09T16,508455,71989,100,True,0.1937,0.6902,14
2026-09-09T16,21779,59032,98,False,0.1005,0.5094,14
2026-09-09T16,263490,68873,100,True,0.2942,0.7849,9
2026-09-09T16,29595,51373,99,False,0.1384,0.6559,8
2026-09-09T16,509672,40358,98,False,0.0623,0.4562,14
2026-09-09T16,491931,36133,98,False,0.2053,0.7612,14
2026-09-09T16,18122,29148,99,False,0.0854,0.3881,11
2026-09-09T16,498566,35677,94,False,0.218,0.662,16
2026-09-09T16,1357871551,29417,100,True,0.1376,0.6385,18
2026-09-09T16,33214,20946,96,False,0.0877,0.4244,11
2026-09-09T16,138585,29485,95,False,0.336,0.8111,14
2026-09-09T16,902998079,25742,98,False,0.1523,0.6667,12
2026-09-09T16,27546,27915,100,True,0.4963,0.8344,14
2026-09-09T16,491487,14628,97,False,0.1019,0.5634,11
2026-09-09T16,515025,17543,100,True,0.1416,0.5822,11
2026-09-09T16,512710,19177,100,True,0.2026,0.6351,11
2026-09-09T16,513143,21188,100,True,0.6204,0.8587,15
2026-09-09T16,1702520304,19679,99,False,0.2403,0.6325,12
2026-09-09T16,1264310518,16819,100,True,0.2025,0.6841,8
2026-09-09T16,511224,14152,98,False,0.2672,0.5801,12
2026-09-09T16,327598602,14695,98,False,0.2187,0.6391,15
2026-09-09T16,509663,17442,100,True,0.25,0.7573,11
2026-09-09T16,1104776029,17169,52,False,0.8495,0.9712,8
2026-09-09T16,518203,15331,99,False,0.4356,0.8322,10
2026-09-09T16,493057,13241,100,True,0.1422,0.5882,16
2026-09-09T16,509659,14018,98,False,0.1816,0.7325,7
2026-09-09T16,499973,12304,100,True,0.1915,0.4995,6
2026-09-09T16,417528,13030,100,True,0.1691,0.6771,12
2026-09-09T16,1931693784,12404,100,True,0.1903,0.8152,11
2026-09-09T16,509660,6710,98,False,0.0857,0.339,9
2026-09-09T16,29452,11995,31,False,0.1357,0.7278,5
2026-09-09T16,1826300051,10529,99,False,0.6804,0.9197,7
2026-09-09T16,19619,9049,100,True,0.0766,0.4509,4
2026-09-09T16,456845141,9736,99,False,0.1938,0.6768,11
2026-09-09T16,500188,8566,100,True,0.1725,0.6883,11
2026-09-09T16,602040818,7851,100,True,0.1008,0.5667,7
2026-09-09T16,386821,8569,98,False,0.1057,0.4395,12
2026-09-09T16,26936,6854,91,False,0.3134,0.5697,8
2026-09-09T16,401587136,8180,100,True,0.1722,0.7334,15
2026-09-09T16,417752,8364,99,False,0.2285,0.8126,10
2026-09-09T16,13332,8016,100,True,0.3893,0.7789,10
2026-09-09T16,464339927,6757,100,True,0.2236,0.581,12
2026-09-09T16,13389,7710,33,False,0.892,0.9904,8
2026-09-09T16,1669431183,7192,100,True,0.0499,0.4009,9
2026-09-09T16,460630,6308,98,False,0.2413,0.7226,17
2026-09-09T16,31339,7091,100,True,0.0963,0.6263,11
2026-09-09T16,24241,5670,100,True,0.1164,0.5131,7
2026-09-09T16,376500771,7248,15,False,0.9935,0.9992,3
2026-09-09T16,2132205352,6760,92,False,0.1929,0.6209,8
2026-09-09T16,27284,6573,97,False,0.1798,0.5364,9
2026-09-09T16,30921,5542,94,False,0.255,0.7486,12
2026-09-09T16,491168,6759,42,False,0.3677,0.9865,8
2026-09-09T16,55453844,6688,100,True,0.3373,0.8295,10
2026-09-09T16,459931,6322,100,True,0.1952,0.7289,10
2026-09-09T16,1282866981,5474,100,True,0.1812,0.5564,12
2026-09-09T16,1038730744,6215,7,False,0.9892,1.0,2
2026-09-09T16,921298138,4446,78,False,0.2267,0.9028,11
2026-09-09T16,512953,4893,100,True,0.1778,0.5465,14
2026-09-09T16,499634,5725,99,False,0.2582,0.7817,11
2026-09-09T16,624536948,4923,92,False,0.335,0.6137,12
2026-09-09T16,65632,5402,99,False,0.2325,0.7344,10
2026-09-09T16,494184,5686,100,True,0.1942,0.7369,7
2026-09-09T16,116747788,5389,48,False,0.4717,0.9753,4
2026-09-09T16,272263131,4989,100,True,0.29,0.6785,5
2026-09-09T16,488190,5043,100,True,0.2768,0.6409,13
2026-09-09T16,1982936547,4990,43,False,0.5723,0.9794,6
2026-09-09T16,23020,2777,94,False,0.1873,0.5636,8
2026-09-09T16,458781,4869,99,False,0.3249,0.8532,9
2026-09-09T16,71375,4877,80,False,0.4333,0.7886,8
2026-09-09T16,490382,4829,81,False,0.8203,0.946,9
2026-09-09T16,2005329090,4808,6,False,0.7716,1.0,1
2026-09-09T16,12839,4473,46,False,0.2821,0.8466,5
2026-09-09T16,1846293708,4314,58,False,0.7251,0.8904,6
2026-09-09T16,1183694848,4332,6,False,0.9958,1.0,3
2026-09-09T16,497057,4591,100,True,0.7009,0.8514,9
2026-09-09T16,6521,4234,57,False,0.5742,0.9636,7
2026-09-09T16,1219971668,0,0,False,,,0
2026-09-09T16,22336,4216,1,False,1.0,1.0,1
2026-09-09T16,66170,3356,97,False,0.07,0.4249,12
2026-09-09T16,513181,3429,100,True,0.1969,0.5582,15
2026-09-09T16,1599346425,3006,100,True,0.0825,0.3573,7
2026-09-09T16,509511,3320,92,False,0.1873,0.5274,8
2026-09-09T16,687129551,3406,38,False,0.3796,0.9612,5
2026-09-09T16,499003,3391,69,False,0.3769,0.7726,6
2026-09-09T16,1477822963,3241,1,False,1.0,1.0,1
2026-09-09T16,498592,3168,100,True,0.173,0.6635,8
2026-09-09T16,68351,3116,19,False,0.8164,0.9971,8
2026-09-09T16,66082,2383,100,True,0.1624,0.6832,14
2026-09-09T16,518184,2655,98,False,0.3812,0.7077,14
2026-09-09T16,1441208453,1773,99,False,0.0671,0.3694,11
2026-09-09T16,493959,2367,99,False,0.1525,0.5006,14
2026-09-09T16,1393304883,2699,100,True,0.2023,0.7666,1
2026-09-09T16,512923,2707,100,True,0.4082,0.7407,10
2026-09-09T16,1435206302,2770,63,False,0.6267,0.9206,8
2026-09-09T16,1081998272,2566,100,True,0.6173,0.767,13
2026-09-09T20,509658,360474,96,False,0.1048,0.5407,13
2026-09-09T20,32982,226300,99,False,0.2144,0.5463,13
2026-09-09T20,32399,104204,97,False,0.37,0.6977,13
2026-09-09T20,21779,54052,100,True,0.2219,0.5081,11
2026-09-09T20,508455,58754,97,False,0.1564,0.6434,11
2026-09-09T20,516575,49576,98,False,0.1438,0.4945,14
2026-09-09T20,921298138,62945,63,False,0.5287,0.9962,13
2026-09-09T20,29595,56014,99,False,0.1485,0.7343,8
2026-09-09T20,27471,43487,99,False,0.2695,0.6349,8
2026-09-09T20,512710,42415,99,False,0.1546,0.5533,11
2026-09-09T20,1264310518,40710,100,True,0.2963,0.7595,7
2026-09-09T20,18122,24679,98,False,0.1968,0.4514,9
2026-09-09T20,498566,37056,99,False,0.0861,0.4768,13
2026-09-09T20,902998079,29744,97,False,0.1325,0.6538,9
2026-09-09T20,1357871551,29572,99,False,0.1659,0.6244,14
2026-09-09T20,33214,18891,99,False,0.1485,0.4392,10
2026-09-09T20,509672,28783,95,False,0.0815,0.5869,15
2026-09-09T20,515025,22436,100,True,0.2669,0.7257,11
2026-09-09T20,1494,25666,99,False,0.9712,0.9818,8
2026-09-09T20,138585,26603,98,False,0.2662,0.7659,13
2026-09-09T20,460630,23542,100,True,0.6875,0.9192,15
2026-09-09T20,491487,11935,95,False,0.1078,0.4787,10
2026-09-09T20,1104776029,23725,56,False,0.5061,0.9839,7
2026-09-09T20,491931,20810,96,False,0.2803,0.774,12
2026-09-09T20,66082,20376,97,False,0.9181,0.9707,10
2026-09-09T20,327598602,17996,100,True,0.4495,0.7667,16
2026-09-09T20,509663,19932,99,False,0.4459,0.8896,7
2026-09-09T20,1702520304,18404,99,False,0.2132,0.6822,14
2026-09-09T20,518203,16355,94,False,0.2066,0.7282,10
2026-09-09T20,27546,15074,100,True,0.6595,0.8526,15
2026-09-09T20,509659,14633,95,False,0.1502,0.5395,7
2026-09-09T20,2132205352,14008,96,False,0.322,0.7839,9
2026-09-09T20,512953,13254,100,True,0.1153,0.6394,11
2026-09-09T20,499973,13451,100,True,0.1471,0.5905,6
2026-09-09T20,511224,9293,98,False,0.0888,0.4691,13
2026-09-09T20,29452,11675,30,False,0.1364,0.6887,4
2026-09-09T20,602040818,9361,99,False,0.1941,0.5193,7
2026-09-09T20,491168,12024,51,False,0.6234,0.988,8
2026-09-09T20,2059463486,12050,92,False,0.5947,0.9527,8
2026-09-09T20,513143,11430,99,False,0.1953,0.6914,15
2026-09-09T20,1669431183,10808,99,False,0.1173,0.5501,7
2026-09-09T20,624536948,9923,97,False,0.7255,0.8702,9
2026-09-09T20,509660,6328,99,False,0.0634,0.2963,12
2026-09-09T20,493057,9517,100,True,0.17,0.534,15
2026-09-09T20,417528,10207,98,False,0.2016,0.6277,11
2026-09-09T20,31339,8937,100,True,0.1142,0.6206,7
2026-09-09T20,770229477,9541,2,False,0.9999,1.0,2
2026-09-09T20,369418,2203,59,False,0.7694,0.8965,12
2026-09-09T20,24241,7409,99,False,0.1293,0.606,7
2026-09-09T20,1910993272,9141,84,False,0.5693,0.966,13
2026-09-09T20,19619,7513,100,True,0.1045,0.5006,5
2026-09-09T20,1931693784,8263,100,True,0.2247,0.7905,7
2026-09-09T20,464339927,6659,100,True,0.2209,0.5496,11
2026-09-09T20,27284,7385,100,True,0.1796,0.5364,10
2026-09-09T20,30921,6144,100,True,0.23,0.7201,11
2026-09-09T20,493959,6422,98,False,0.1716,0.6643,10
2026-09-09T20,26936,5515,99,False,0.0749,0.4216,8
2026-09-09T20,459931,6300,100,True,0.1597,0.6279,6
2026-09-09T20,263490,6095,100,True,0.2742,0.6026,11
2026-09-09T20,23020,3808,95,False,0.2492,0.5047,9
2026-09-09T20,539102438,6250,2,False,0.999,1.0,1
2026-09-09T20,386821,5946,97,False,0.0942,0.5007,13
2026-09-09T20,500188,4191,100,True,0.0952,0.3982,12
2026-09-09T20,401587136,5574,100,True,0.223,0.6582,13
2026-09-09T20,12839,5817,43,False,0.1484,0.8114,5
2026-09-09T20,213975850,278,19,False,0.3345,0.8993,4
2026-09-09T20,499634,5674,99,False,0.3525,0.8636,10
2026-09-09T20,2005329090,5635,3,False,0.74,1.0,1
2026-09-09T20,13332,5609,98,False,0.246,0.7866,9
2026-09-09T20,1038730744,5475,6,False,0.998,1.0,2
2026-09-09T20,488190,5348,97,False,0.1475,0.5058,13
2026-09-09T20,272263131,4846,99,False,0.3223,0.7136,5
2026-09-09T20,743,4784,58,False,0.3744,0.9484,9
2026-09-09T20,65632,4264,100,True,0.0992,0.5232,11
2026-09-09T20,1282866981,4319,96,False,0.1496,0.5726,12
2026-09-09T20,458781,4382,100,True,0.272,0.8058,9
2026-09-09T20,66170,3080,99,False,0.0532,0.3607,7
2026-09-09T20,670138298,3931,98,False,0.1628,0.6736,2
2026-09-09T20,10609,4204,42,False,0.4405,0.9781,6
2026-09-09T20,1763263,4162,69,False,0.6663,0.9101,3
2026-09-09T20,1982936547,4130,49,False,0.4654,0.9586,7
2026-09-09T20,1846293708,4010,73,False,0.7591,0.882,3
2026-09-09T20,674491029,3828,100,True,0.2921,0.8041,8
2026-09-09T20,1435206302,3759,62,False,0.6076,0.9425,8
2026-09-09T20,376500771,149,27,False,0.2953,0.8054,6
2026-09-09T20,1299847757,3759,1,False,1.0,1.0,1
2026-09-09T20,417752,3570,95,False,0.1717,0.6062,8
2026-09-09T20,11557,3739,89,False,0.583,0.9026,8
2026-09-09T20,1441208453,2301,100,True,0.1108,0.4068,8
2026-09-09T20,494184,3673,100,True,0.2347,0.7228,7
2026-09-09T20,168648543,3382,100,True,0.5435,0.7933,12
2026-09-09T20,499003,3592,99,False,0.1768,0.6595,8
2026-09-09T20,509511,3542,100,True,0.1858,0.4986,7
2026-09-09T20,506462,3643,42,False,0.7809,0.9739,8
2026-09-09T20,456845141,3107,93,False,0.1667,0.6192,10
2026-09-09T20,19976,3401,29,False,0.783,0.9841,2
2026-09-09T20,71375,3097,97,False,0.2651,0.618,9
2026-09-09T20,1513552465,3121,2,False,0.9997,1.0,1
2026-09-09T20,2748,2936,70,False,0.3995,0.8508,7
2026-09-09T20,489170,2919,53,False,0.6399,0.9654,8
2026-09-10T00,32982,240400,96,False,0.1737,0.6669,7
2026-09-10T00,509658,157129,98,False,0.0912,0.5271,12
2026-09-10T00,21779,78310,100,True,0.2946,0.7291,12
2026-09-10T00,508455,52753,98,False,0.4946,0.809,9
2026-09-10T00,516575,38526,94,False,0.0829,0.5084,10
2026-09-10T00,491931,44634,99,False,0.651,0.8919,10
2026-09-10T00,32399,37265,97,False,0.1467,0.5061,10
2026-09-10T00,512710,34588,80,False,0.1311,0.6605,8
2026-09-10T00,29452,38498,31,False,0.6496,0.9158,3
2026-09-10T00,33214,24636,98,False,0.2126,0.7084,9
2026-09-10T00,29595,32170,98,False,0.1636,0.7185,6
2026-09-10T00,1357871551,29820,100,True,0.2565,0.6905,13
2026-09-10T00,27471,17217,94,False,0.136,0.5765,9
2026-09-10T00,902998079,20750,100,True,0.103,0.5223,9
2026-09-10T00,1264310518,17209,98,False,0.1369,0.4682,5
2026-09-10T00,515025,19542,100,True,0.3658,0.7652,8
2026-09-10T00,498566,23970,98,False,0.128,0.6333,10
2026-09-10T00,491487,9548,96,False,0.1024,0.4478,8
2026-09-10T00,23020,19760,100,True,0.8367,0.905,7
2026-09-10T00,1494,17017,100,True,0.9307,0.9666,8
2026-09-10T00,18122,13955,100,True,0.1121,0.527,9
2026-09-10T00,509672,16721,100,True,0.2714,0.5975,14
2026-09-10T00,511224,11968,100,True,0.4698,0.6389,11
2026-09-10T00,13332,15651,95,False,0.7005,0.9449,5
2026-09-10T00,30921,13507,100,True,0.3949,0.8622,7
2026-09-10T00,602040818,10104,99,False,0.194,0.5264,4
2026-09-10T00,513143,13633,92,False,0.184,0.8131,11
2026-09-10T00,499973,12616,100,True,0.0881,0.5388,6
2026-09-10T00,1702520304,12408,100,True,0.115,0.6434,11
2026-09-10T00,2132205352,11826,100,True,0.455,0.8353,6
2026-09-10T00,19619,10404,100,True,0.1068,0.514,3
2026-09-10T00,31339,11331,100,True,0.348,0.7511,7
2026-09-10T00,512953,9742,99,False,0.2085,0.6881,7
2026-09-10T00,460630,9141,99,False,0.2407,0.7906,9
2026-09-10T00,509659,11474,100,True,0.1244,0.5467,9
2026-09-10T00,624536948,10433,93,False,0.4668,0.8334,7
2026-09-10T00,2012789438,10375,100,True,0.6852,0.8663,5
2026-09-10T00,921298138,9806,100,True,0.6034,0.9503,7
2026-09-10T00,327598602,7813,100,True,0.1715,0.5545,12
2026-09-10T00,509660,5024,98,False,0.0496,0.2739,11
2026-09-10T00,509663,8679,99,False,0.2922,0.7683,6
2026-09-10T00,27284,7783,99,False,0.1727,0.5136,7
2026-09-10T00,24241,6163,100,True,0.1251,0.5277,7
2026-09-10T00,1669431183,7948,98,False,0.2992,0.5876,5
2026-09-10T00,766571430,7542,100,True,0.3797,0.9027,6
2026-09-10T00,499003,7568,100,True,0.1847,0.7283,5
2026-09-10T00,464339927,5549,96,False,0.2745,0.647,11
2026-09-10T00,417528,7168,98,False,0.1798,0.6787,10
2026-09-10T00,493057,6496,100,True,0.2257,0.6438,12
2026-09-10T00,26936,5421,96,False,0.0978,0.4368,7
2026-09-10T00,138585,6435,87,False,0.3136,0.8552,10
2026-09-10T00,27546,5807,101,False,0.6447,0.8925,13
2026-09-10T00,66170,4551,100,True,0.1859,0.5665,6
2026-09-10T00,10609,5143,50,False,0.371,0.9716,4
2026-09-10T00,459931,5091,100,True,0.1524,0.5877,5
2026-09-10T00,498592,4974,100,True,0.1773,0.6974,16
2026-09-10T00,509249,4977,6,False,0.8796,1.0,3
2026-09-10T00,272263131,4656,100,True,0.3097,0.6847,4
2026-09-10T00,386821,4639,100,True,0.0701,0.4469,9
2026-09-10T00,1982936547,4953,65,False,0.5381,0.9564,5
2026-09-10T00,456845141,4511,100,True,0.4784,0.7621,8
2026-09-10T00,1469308723,4563,94,False,0.8249,0.9099,9
2026-09-10T00,500188,3654,100,True,0.1182,0.4945,7
2026-09-10T00,1931693784,4243,100,True,0.2906,0.7363,7
2026-09-10T00,932115604,4350,3,False,0.9993,1.0,3
2026-09-10T00,11557,4112,100,True,0.5815,0.8828,5
2026-09-10T00,518184,5081,100,True,0.2683,0.7748,9
2026-09-10T00,493959,3351,94,False,0.1874,0.5372,7
2026-09-10T00,670138298,2870,92,False,0.1202,0.7491,2
2026-09-10T00,1441208453,2199,100,True,0.08,0.3752,9
2026-09-10T00,518203,3663,100,True,0.2738,0.7338,8
2026-09-10T00,417752,2766,100,True,0.2216,0.6432,6
2026-09-10T00,1826300051,3559,72,False,0.6965,0.9062,6
2026-09-10T00,1282866981,3300,100,True,0.1736,0.5621,11
2026-09-10T00,499634,3470,100,True,0.3576,0.7844,9
2026-09-10T00,263490,3328,100,True,0.2281,0.6397,9
2026-09-10T00,458781,3340,93,False,0.2922,0.8057,8
2026-09-10T00,12839,3263,16,False,0.2902,0.9887,2
2026-09-10T00,55453844,3219,100,True,0.2112,0.6872,6
2026-09-10T00,513501,3229,16,False,0.9585,0.9981,3
2026-09-10T00,65632,2930,100,True,0.1959,0.6584,8
2026-09-10T00,488190,3018,74,False,0.2051,0.6581,10
2026-09-10T00,66082,2038,100,True,0.2885,0.604,10
2026-09-10T00,401587136,2658,100,True,0.129,0.4996,9
2026-09-10T00,460951,2784,100,True,0.5154,0.8703,3
2026-09-10T00,491168,2815,46,False,0.47,0.9513,9
2026-09-10T00,509577,2785,100,True,0.3566,0.8373,5
2026-09-10T00,9618,2721,49,False,0.2782,0.8456,4
2026-09-10T00,490292,2701,63,False,0.833,0.9463,6
2026-09-10T00,511229,2688,7,False,0.9096,1.0,1
2026-09-10T00,1414860634,2663,72,False,0.2302,0.9009,6
2026-09-10T00,19976,2593,59,False,0.4562,0.8631,4
2026-09-10T00,1846293708,2816,100,True,0.4116,0.7294,6
2026-09-10T00,1763263,2609,42,False,0.683,0.9387,2
2026-09-10T00,509511,2514,85,False,0.1921,0.5294,6
2026-09-10T00,512923,2374,100,True,0.3357,0.7056,6
2026-09-10T00,513181,2357,100,True,0.2096,0.6364,10
2026-09-10T00,36799602,2327,100,True,0.6867,0.8169,10
2026-09-10T00,489170,2287,47,False,0.8754,0.9471,5
2026-09-10T00,116747788,2192,51,False,0.4763,0.9334,5
2026-09-10T04,509658,86860,97,False,0.1113,0.461,8
2026-09-10T04,32982,127956,94,False,0.301,0.7453,6
2026-09-10T04,1290551545,57975,8,False,0.9965,1.0,2
2026-09-10T04,516575,36057,99,False,0.1984,0.7057,10
2026-09-10T04,491931,45421,100,True,0.7653,0.9133,5
2026-09-10T04,21779,32585,100,True,0.085,0.3556,7
2026-09-10T04,32399,29609,99,False,0.1092,0.5452,7
2026-09-10T04,902998079,18658,96,False,0.2473,0.5593,6
2026-09-10T04,27471,17078,95,False,0.2857,0.7756,9
2026-09-10T04,33214,9344,96,False,0.0784,0.4379,6
2026-09-10T04,491487,9457,100,True,0.2196,0.5624,9
2026-09-10T04,1264310518,11451,99,False,0.1299,0.5281,5
2026-09-10T04,509672,17937,99,False,0.3004,0.7073,11
2026-09-10T04,602040818,13363,99,False,0.1678,0.5889,3
2026-09-10T04,1357871551,16471,99,False,0.1969,0.7354,11
2026-09-10T04,29595,14155,98,False,0.131,0.6609,7
2026-09-10T04,511224,11882,97,False,0.3556,0.6638,5
2026-09-10T04,509659,16267,100,True,0.1598,0.6012,6
2026-09-10T04,515025,10125,99,False,0.1092,0.5556,8
2026-09-10T04,18122,13298,100,True,0.1866,0.5559,6
2026-09-10T04,498566,15702,64,False,0.2015,0.7018,8
2026-09-10T04,29452,15124,35,False,0.1391,0.7083,6
2026-09-10T04,508455,11327,99,False,0.186,0.6252,7
2026-09-10T04,499973,11292,100,True,0.0793,0.4307,7
2026-09-10T04,13332,12127,54,False,0.9395,0.9833,3
2026-09-10T04,513143,11179,92,False,0.4413,0.8718,10
2026-09-10T04,512710,7497,99,False,0.0835,0.4322,5
2026-09-10T04,327598602,7874,100,True,0.0886,0.5391,8
2026-09-10T04,10609,8824,38,False,0.4764,0.9876,4
2026-09-10T04,1702520304,8429,100,True,0.1432,0.6533,12
2026-09-10T04,1081998272,8340,100,True,0.4836,0.8787,6
2026-09-10T04,512953,7880,100,True,0.2506,0.635,9
2026-09-10T04,498592,8029,100,True,0.1902,0.6482,16
2026-09-10T04,509660,5052,95,False,0.0558,0.3256,8
2026-09-10T04,27284,5963,100,True,0.0968,0.3938,6
2026-09-10T04,55453844,6252,95,False,0.4886,0.8807,4
2026-09-10T04,24241,4224,92,False,0.1288,0.4437,6
2026-09-10T04,457551837,6006,20,False,0.702,0.9925,2
2026-09-10T04,519291,5917,60,False,0.9596,0.987,7
2026-09-10T04,26936,4465,92,False,0.0654,0.4074,7
2026-09-10T04,30921,4392,100,True,0.635,0.7816,6
2026-09-10T04,499003,5420,100,True,0.2727,0.7146,6
2026-09-10T04,2132205352,4467,100,True,0.1914,0.6364,5
2026-09-10T04,1669431183,4598,100,True,0.1035,0.4378,4
2026-09-10T04,464339927,3518,92,False,0.1583,0.5651,7
2026-09-10T04,417528,4626,100,True,0.1829,0.7443,8
2026-09-10T04,138585,4730,67,False,0.2977,0.8023,10
2026-09-10T04,19619,4158,100,True,0.1489,0.5714,4
2026-09-10T04,460630,2662,98,False,0.2107,0.5695,6
2026-09-10T04,31339,3995,98,False,0.238,0.6608,8
2026-09-10T04,23020,2264,94,False,0.2231,0.4973,7
2026-09-10T04,66082,3671,97,False,0.2768,0.7753,8
2026-09-10T04,272263131,3916,100,True,0.2819,0.7211,5
2026-09-10T04,386821,3861,100,True,0.0805,0.5719,10
2026-09-10T04,459931,3619,100,True,0.2683,0.6314,3
2026-09-10T04,1982936547,3737,30,False,0.8566,0.9869,4
2026-09-10T04,1441208453,2423,100,True,0.13,0.4548,6
2026-09-10T04,1898040946,3525,100,True,0.3685,0.8213,6
2026-09-10T04,509511,3456,73,False,0.2205,0.6264,6
2026-09-10T04,500188,3067,100,True,0.2044,0.569,6
2026-09-10T04,401587136,3283,99,False,0.3463,0.7371,9
2026-09-10T04,670138298,2857,91,False,0.3122,0.8183,3
2026-09-10T04,624536948,2453,89,False,0.1517,0.6302,7
2026-09-10T04,493959,2942,97,False,0.275,0.6954,6
2026-09-10T04,1450868182,3206,1,False,1.0,1.0,1
2026-09-10T04,460951,3173,65,False,0.8074,0.9392,3
2026-09-10T04,509663,3161,69,False,0.2923,0.7884,7
2026-09-10T04,19976,3113,86,False,0.151,0.6598,4
2026-09-10T04,509508,3118,8,False,0.991,1.0,2
2026-09-10T04,1435206302,3005,72,False,0.5877,0.9145,5
2026-09-10T04,1282866981,2769,100,True,0.1,0.5637,10
2026-09-10T04,27546,2938,54,False,0.6498,0.9224,11
2026-09-10T04,1931693784,2503,99,False,0.2361,0.7699,6
2026-09-10T04,456845141,2420,100,True,0.2587,0.6616,9
2026-09-10T04,2012789438,1974,100,True,0.1677,0.4438,4
2026-09-10T04,499634,2438,83,False,0.2158,0.8142,10
2026-09-10T04,66170,1808,100,True,0.052,0.3042,7
2026-09-10T04,209738946,2069,97,False,0.4514,0.768,11
2026-09-10T04,65632,2104,97,False,0.2429,0.6963,6
2026-09-10T04,22619,2107,2,False,0.9995,1.0,2
2026-09-10T04,11557,2054,65,False,0.594,0.8958,5
2026-09-10T04,116747788,2048,42,False,0.4131,0.9619,2
2026-09-10T04,1036710512,1541,100,True,0.0986,0.4186,7
2026-09-10T04,513181,1877,100,True,0.2046,0.5583,9
2026-09-10T04,491168,2037,38,False,0.3397,0.9401,3
2026-09-10T04,511399,1851,10,False,0.7769,1.0,3
2026-09-10T04,1494,794,99,False,0.1196,0.4597,6
2026-09-10T04,6737,1730,5,False,0.8734,1.0,1
2026-09-10T04,488615,1711,3,False,0.9959,1.0,2
2026-09-10T04,514858,1613,63,False,0.7006,0.8754,6
2026-09-10T04,168648543,1343,100,True,0.2018,0.6039,6
2026-09-10T04,1104776029,1549,12,False,0.6004,0.9987,4
2026-09-10T04,33882,1519,3,False,0.9974,1.0,1
2026-09-10T04,263490,1467,100,True,0.1766,0.576,6
2026-09-10T04,7022,1501,31,False,0.9307,0.9793,4
2026-09-10T04,511864,1453,34,False,0.8954,0.978,4
2026-09-10T04,502829,1466,31,False,0.249,0.8854,3
2026-09-10T04,17828,1476,29,False,0.7561,0.9587,4
2026-09-10T04,1250647518,1422,23,False,0.9719,0.9937,3
2026-09-10T04,417892,1438,23,False,0.5834,0.9541,4
2026-09-10T11,509658,119250,91,False,0.1371,0.4399,16
2026-09-10T11,32399,76655,99,False,0.139,0.6161,14
2026-09-10T11,263490,80218,99,False,0.2861,0.8241,8
2026-09-10T11,32982,51112,98,False,0.1583,0.3966,8
2026-09-10T11,21779,41417,90,False,0.0842,0.4929,13
2026-09-10T11,516575,36182,96,False,0.115,0.5464,13
2026-09-10T11,509672,36132,98,False,0.1692,0.534,15
2026-09-10T11,29595,33250,98,False,0.2681,0.6274,11
2026-09-10T11,511224,23578,98,False,0.1747,0.8309,11
2026-09-10T11,493057,24588,100,True,0.4519,0.8208,15
2026-09-10T11,508455,21356,99,False,0.2186,0.6765,14
2026-09-10T11,33214,17570,99,False,0.4039,0.7138,10
2026-09-10T11,18122,16753,99,False,0.1045,0.4013,7
2026-09-10T11,499973,17045,100,True,0.2845,0.5654,6
2026-09-10T11,1898040946,18044,81,False,0.5578,0.9815,11
2026-09-10T11,767864507,17694,35,False,0.9765,0.9959,1
2026-09-10T11,513143,14926,96,False,0.1386,0.6695,15
2026-09-10T11,498566,15041,63,False,0.212,0.6133,12
2026-09-10T11,27471,11745,97,False,0.4155,0.7318,11
2026-09-10T11,29452,15016,29,False,0.1113,0.6414,3
2026-09-10T11,1702520304,12407,100,True,0.1269,0.6521,13
2026-09-10T11,515025,9508,100,True,0.2391,0.583,13
2026-09-10T11,491931,11518,100,True,0.3882,0.6885,14
2026-09-10T11,902998079,11627,100,True,0.2772,0.721,14
2026-09-10T11,1357871551,11455,100,True,0.2291,0.6142,14
2026-09-10T11,491487,7862,97,False,0.1239,0.5296,12
2026-09-10T11,518203,10988,67,False,0.4957,0.9123,11
2026-09-10T11,460630,9978,100,True,0.6934,0.8303,12
2026-09-10T11,498592,9799,100,True,0.1729,0.6545,10
2026-09-10T11,327598602,9046,100,True,0.1002,0.5318,13
2026-09-10T11,417528,7299,71,False,0.2499,0.8038,10
2026-09-10T11,1264310518,7399,99,False,0.1673,0.5364,11
2026-09-10T11,138585,8558,82,False,0.2032,0.7356,12
2026-09-10T11,27546,8082,100,True,0.267,0.78,15
2026-09-10T11,509660,5422,100,True,0.1367,0.3604,11
2026-09-10T11,509659,7356,100,True,0.1407,0.6336,7
2026-09-10T11,602040818,6811,100,True,0.2101,0.715,6
2026-09-10T11,66170,6113,100,True,0.7177,0.841,13
2026-09-10T11,512710,5492,96,False,0.0887,0.522,11
2026-09-10T11,13332,5920,51,False,0.4346,0.9448,7
2026-09-10T11,458781,5575,96,False,0.414,0.9004,10
2026-09-10T11,386821,5578,100,True,0.1651,0.628,9
2026-09-10T11,401587136,5472,100,True,0.2284,0.8381,12
2026-09-10T11,512953,5166,97,False,0.169,0.6355,9
2026-09-10T11,66082,4993,100,True,0.6361,0.9171,13
2026-09-10T11,459931,5199,100,True,0.171,0.7571,5
2026-09-10T11,19619,4462,100,True,0.0758,0.4623,4
2026-09-10T11,55453844,4723,100,True,0.3737,0.7364,5
2026-09-10T11,1429246898,4836,3,False,0.9952,1.0,3
2026-09-10T11,31339,4628,100,True,0.1271,0.5506,12
2026-09-10T11,464339927,4325,100,True,0.1082,0.5383,13
2026-09-10T11,26936,4339,97,False,0.0673,0.5006,10
2026-09-10T11,272263131,4421,100,True,0.2619,0.6718,5
2026-09-10T11,2132205352,4540,100,True,0.2121,0.7161,10
2026-09-10T11,1183694848,4617,8,False,0.9885,1.0,2
2026-09-10T11,209738946,4479,100,True,0.4664,0.7971,13
2026-09-10T11,735904419,4287,69,False,0.8395,0.9643,8
2026-09-10T11,417752,4027,100,True,0.2074,0.8123,10
2026-09-10T11,1282866981,3768,100,True,0.2396,0.5313,10
2026-09-10T11,1036710512,3824,97,False,0.3883,0.8282,10
2026-09-10T11,24241,3444,100,True,0.0979,0.372,8
2026-09-10T11,27284,3674,100,True,0.0683,0.4183,10
2026-09-10T11,743,3660,42,False,0.6623,0.9727,6
2026-09-10T11,1669431183,3534,100,True,0.1364,0.5574,11
2026-09-10T11,500188,3250,100,True,0.1483,0.5634,12
2026-09-10T11,499634,3058,83,False,0.2816,0.8748,9
2026-09-10T11,509663,2874,56,False,0.2857,0.8619,8
2026-09-10T11,65632,2825,96,False,0.2729,0.7356,11
2026-09-10T11,488190,2769,58,False,0.4482,0.8183,7
2026-09-10T11,36799602,2701,61,False,0.8097,0.9485,9
2026-09-10T11,1931693784,2581,86,False,0.1933,0.8679,8
2026-09-10T11,743893402,2315,66,False,0.2134,0.7888,9
2026-09-10T11,19976,2541,66,False,0.3235,0.8166,4
2026-09-10T11,71375,2289,54,False,0.1782,0.7977,7
2026-09-10T11,1599346425,2169,100,True,0.1051,0.4523,8
2026-09-10T11,18707,2158,23,False,0.7136,0.9935,7
2026-09-10T11,1119642287,2170,31,False,0.8051,0.9811,6
2026-09-10T11,168648543,2096,99,False,0.1584,0.6737,12
2026-09-10T11,30921,1729,95,False,0.203,0.6443,11
2026-09-10T11,512923,2001,78,False,0.2469,0.8736,9
2026-09-10T11,509511,1989,74,False,0.1051,0.5923,6
2026-09-10T11,2748,1943,34,False,0.5208,0.9434,6
2026-09-10T11,1441208453,1460,98,False,0.0651,0.3781,12
2026-09-10T11,22619,1951,1,False,1.0,1.0,1
2026-09-10T11,624536948,1791,100,True,0.1044,0.6019,10
2026-09-10T11,538054672,1883,63,False,0.5709,0.88,11
2026-09-10T11,499003,1924,47,False,0.131,0.7552,6
2026-09-10T11,1901865180,1898,85,False,0.4763,0.853,14
2026-09-10T11,12839,1925,22,False,0.2566,0.9288,5
2026-09-10T11,20596,1844,36,False,0.3959,0.9257,1
2026-09-10T11,23020,1164,97,False,0.1074,0.451,9
2026-09-10T11,921298138,1862,21,False,0.9565,0.9909,5
2026-09-10T11,513181,1585,100,True,0.0763,0.4303,9
2026-09-10T11,394568,1703,26,False,0.8385,0.9671,6
2026-09-10T11,903469103,1704,3,False,0.9959,1.0,1
2026-09-10T11,1313351584,1694,25,False,0.5702,0.9758,5
2026-09-10T11,32502,1708,44,False,0.3296,0.8548,8
2026-09-10T11,13389,1663,21,False,0.5213,0.9675,6
2026-09-10T11,1414860634,1658,40,False,0.4638,0.9331,7
2026-09-10T11,1910103699,1589,59,False,0.2247,0.8276,7
2026-09-10T16,509658,238965,97,False,0.0628,0.4166,14
2026-09-10T16,743893402,196842,99,False,0.107,0.5469,12
2026-09-10T16,32982,96556,99,False,0.1128,0.4729,12
2026-09-10T16,516575,88856,97,False,0.0747,0.4752,12
2026-09-10T16,509672,85331,100,True,0.2922,0.7468,12
2026-09-10T16,32399,73055,100,True,0.2789,0.5099,15
2026-09-10T16,21779,56967,97,False,0.0821,0.4939,14
2026-09-10T16,33214,44235,99,False,0.1276,0.4872,13
2026-09-10T16,29595,49789,97,False,0.112,0.5654,4
2026-09-10T16,508455,40424,100,True,0.1863,0.6847,16
2026-09-10T16,27471,26957,99,False,0.11,0.5111,12
2026-09-10T16,27546,37638,100,True,0.4685,0.8452,15
2026-09-10T16,498566,37221,95,False,0.1761,0.6136,14
2026-09-10T16,21465,37701,96,False,0.8502,0.9911,13
2026-09-10T16,18122,27053,99,False,0.1355,0.4859,11
2026-09-10T16,458781,33064,100,True,0.3417,0.7484,10
2026-09-10T16,491487,17913,100,True,0.0948,0.6017,11
2026-09-10T16,138585,25872,100,True,0.3084,0.808,12
2026-09-10T16,1357871551,22959,99,False,0.1881,0.641,16
2026-09-10T16,263490,24559,96,False,0.319,0.753,11
2026-09-10T16,511224,18301,99,False,0.1368,0.592,11
2026-09-10T16,515025,18373,100,True,0.1741,0.57,11
2026-09-10T16,902998079,17452,100,True,0.2008,0.7043,12
2026-09-10T16,1702520304,18693,97,False,0.2568,0.6845,14
2026-09-10T16,513143,18546,95,False,0.2371,0.6489,14
2026-09-10T16,512710,15083,95,False,0.2484,0.6603,14
2026-09-10T16,29452,16859,40,False,0.0978,0.5044,8
2026-09-10T16,767864507,16398,25,False,0.9529,0.9977,3
2026-09-10T16,1264310518,11204,95,False,0.2231,0.5363,9
2026-09-10T16,499973,12016,100,True,0.1776,0.5155,7
2026-09-10T16,459931,12322,100,True,0.4739,0.8512,9
2026-09-10T16,512953,11497,100,True,0.2553,0.7395,14
2026-09-10T16,509660,7213,100,True,0.1176,0.3527,13
2026-09-10T16,55453844,11755,100,True,0.4984,0.8836,9
2026-09-10T16,1084718938,11763,12,False,0.9925,0.9999,3
2026-09-10T16,518203,11803,100,True,0.2875,0.805,12
2026-09-10T16,866287127,11481,50,False,0.9054,0.9792,9
2026-09-10T16,417528,10925,99,False,0.1703,0.7423,13
2026-09-10T16,493057,9021,100,True,0.0811,0.5087,14
2026-09-10T16,491931,8682,94,False,0.0971,0.5931,12
2026-09-10T16,327598602,7641,100,True,0.1856,0.5179,16
2026-09-10T16,386821,8569,97,False,0.105,0.4684,12
2026-09-10T16,36835823,9144,1,False,1.0,1.0,1
2026-09-10T16,509663,9975,99,False,0.5066,0.8342,10
2026-09-10T16,19619,7869,100,True,0.0718,0.4729,5
2026-09-10T16,602040818,5560,95,False,0.1106,0.5597,6
2026-09-10T16,417752,7416,99,False,0.2538,0.8461,11
2026-09-10T16,32502,7812,45,False,0.8104,0.9741,13
2026-09-10T16,1669431183,6896,97,False,0.1463,0.4558,8
2026-09-10T16,1931693784,7391,94,False,0.3115,0.8946,11
2026-09-10T16,13332,7344,100,True,0.3604,0.8528,10
2026-09-10T16,31339,6962,98,False,0.319,0.6976,12
2026-09-10T16,102565635,7267,1,False,1.0,1.0,1
2026-09-10T16,464339927,6380,100,True,0.1796,0.6464,13
2026-09-10T16,30921,5924,100,True,0.2,0.7434,12
2026-09-10T16,1282866981,6020,98,False,0.1819,0.6432,10
2026-09-10T16,2132205352,6213,99,False,0.22,0.6242,10
2026-09-10T16,509659,6521,100,True,0.2369,0.6801,8
2026-09-10T16,24241,4833,97,False,0.1043,0.4718,9
2026-09-10T16,488190,6180,100,True,0.185,0.6138,11
2026-09-10T16,624536948,5480,97,False,0.3566,0.6288,9
2026-09-10T16,1441208453,5050,100,True,0.2099,0.6891,10
2026-09-10T16,1038730744,5852,4,False,0.9971,1.0,1
2026-09-10T16,401587136,5466,100,True,0.391,0.7274,16
2026-09-10T16,26936,4876,99,False,0.1183,0.4409,11
2026-09-10T16,500188,4747,100,True,0.1666,0.5321,12
2026-09-10T16,483253897,5308,8,False,0.9005,1.0,4
2026-09-10T16,284423805,5289,4,False,0.9253,1.0,1
2026-09-10T16,168648543,3226,100,True,0.5713,0.8351,17
2026-09-10T16,12839,4945,46,False,0.2392,0.8344,5
2026-09-10T16,27284,4508,100,True,0.071,0.4057,9
2026-09-10T16,490948,4828,93,False,0.7423,0.9099,12
2026-09-10T16,919012536,4827,7,False,0.4738,1.0,2
2026-09-10T16,1399132715,4817,10,False,0.6307,1.0,4
2026-09-10T16,23020,2994,99,False,0.2047,0.5728,9
2026-09-10T16,209738946,4145,100,True,0.1216,0.4953,13
2026-09-10T16,460630,3447,100,True,0.1552,0.4824,13
2026-09-10T16,499634,4610,97,False,0.2761,0.7998,9
2026-09-10T16,1846293708,4499,61,False,0.6846,0.918,8
2026-09-10T16,13389,4479,30,False,0.555,0.9558,9
2026-09-10T16,532149986,4406,6,False,0.7642,1.0,3
2026-09-10T16,497057,4291,96,False,0.7905,0.8793,7
2026-09-10T16,513181,3734,98,False,0.2375,0.6184,12
2026-09-10T16,506462,4278,27,False,0.9462,0.9944,7
2026-09-10T16,116747788,3993,55,False,0.544,0.9244,7
2026-09-10T16,19554,4016,59,False,0.5782,0.9375,10
2026-09-10T16,65632,3773,100,True,0.3,0.6361,11
2026-09-10T16,509667,3896,43,False,0.4053,0.9294,6
2026-09-10T16,498592,3794,99,False,0.1597,0.6663,7
2026-09-10T16,71375,3832,79,False,0.4776,0.8713,9
2026-09-10T16,272263131,3609,100,True,0.1191,0.5924,5
2026-09-10T16,66170,3216,100,True,0.074,0.4195,11
2026-09-10T16,2748,3658,59,False,0.2406,0.8868,8
2026-09-10T16,6521,3556,63,False,0.6516,0.9398,9
2026-09-10T16,509511,3328,94,False,0.1716,0.5406,10
2026-09-10T16,490382,3290,97,False,0.5687,0.8736,8
2026-09-10T16,1910103699,3286,100,True,0.294,0.8402,10
2026-09-10T16,65876,3193,98,False,0.6342,0.8506,10
2026-09-10T16,499003,3294,72,False,0.2966,0.7574,10
2026-09-10T16,328743470,3126,2,False,0.9946,1.0,2
2026-09-10T20,509658,269901,99,False,0.136,0.5496,12
2026-09-10T20,743893402,271648,99,False,0.2982,0.6889,13
2026-09-10T20,32982,221206,99,False,0.2096,0.5837,14
2026-09-10T20,32399,76950,94,False,0.2716,0.6542,15
2026-09-10T20,21779,57545,95,False,0.1836,0.5101,14
2026-09-10T20,516575,42543,95,False,0.1971,0.61,13
2026-09-10T20,29595,52982,99,False,0.2148,0.7165,8
2026-09-10T20,510218,51365,77,False,0.6725,0.9903,11
2026-09-10T20,460630,51533,98,False,0.6032,0.9398,11
2026-09-10T20,33214,32690,92,False,0.2136,0.5749,11
2026-09-10T20,498566,45135,100,True,0.2002,0.5777,12
2026-09-10T20,18122,29482,99,False,0.158,0.5576,10
2026-09-10T20,508455,35656,100,True,0.2337,0.6658,14
2026-09-10T20,27471,25650,100,True,0.1219,0.5058,13
2026-09-10T20,210472759,35708,85,False,0.7474,0.9899,10
2026-09-10T20,509672,30635,96,False,0.1081,0.5201,12
2026-09-10T20,1357871551,23583,96,False,0.201,0.6736,17
2026-09-10T20,491487,12591,98,False,0.0851,0.4378,11
2026-09-10T20,27546,22233,94,False,0.5452,0.8835,14
2026-09-10T20,138585,22174,99,False,0.3764,0.774,12
2026-09-10T20,902998079,15619,99,False,0.2392,0.6353,11
2026-09-10T20,29452,18608,39,False,0.1046,0.5532,5
2026-09-10T20,1264310518,13657,99,False,0.1662,0.6214,9
2026-09-10T20,512710,13378,97,False,0.1593,0.5377,11
2026-09-10T20,458781,16260,100,True,0.2131,0.683,9
2026-09-10T20,491931,15083,100,True,0.3123,0.7392,13
2026-09-10T20,513143,15577,100,True,0.1647,0.7338,12
2026-09-10T20,511224,11734,100,True,0.2376,0.521,12
2026-09-10T20,515025,8620,97,False,0.1665,0.5029,12
2026-09-10T20,327598602,11531,100,True,0.1445,0.6215,15
2026-09-10T20,866287127,13429,63,False,0.5131,0.9775,8
2026-09-10T20,499973,12857,100,True,0.1063,0.5312,6
2026-09-10T20,509659,12875,100,True,0.1915,0.6266,8
2026-09-10T20,29307,12885,72,False,0.4276,0.9639,12
2026-09-10T20,1702520304,11516,100,True,0.1344,0.6237,14
2026-09-10T20,509660,7027,98,False,0.0552,0.2754,9
2026-09-10T20,493057,10239,97,False,0.2291,0.5509,16
2026-09-10T20,509663,11655,100,True,0.2862,0.699,7
2026-09-10T20,2132205352,10829,100,True,0.1931,0.7437,9
2026-09-10T20,30921,8513,95,False,0.2258,0.7593,12
2026-09-10T20,518203,11443,100,True,0.2858,0.7264,13
2026-09-10T20,602040818,8733,97,False,0.1755,0.5329,5
2026-09-10T20,19619,9444,99,False,0.1049,0.5015,5
2026-09-10T20,590993568,10596,14,False,0.6608,0.9992,3
2026-09-10T20,512953,9063,98,False,0.2867,0.6109,13
2026-09-10T20,488190,9257,100,True,0.1917,0.6221,11
2026-09-10T20,11557,9122,100,True,0.4519,0.9255,9
2026-09-10T20,509669,10062,7,False,0.7262,1.0,2
2026-09-10T20,417528,9231,100,True,0.2598,0.7321,12
2026-09-10T20,31339,8347,100,True,0.3739,0.7112,9
2026-09-10T20,1441208453,7406,100,True,0.1553,0.7594,10
2026-09-10T20,263490,7931,99,False,0.1093,0.5524,10
2026-09-10T20,1669431183,7844,97,False,0.075,0.3318,3
2026-09-10T20,13332,8364,99,False,0.307,0.8362,8
2026-09-10T20,509577,7867,61,False,0.7661,0.9685,7
2026-09-10T20,493959,6440,96,False,0.2565,0.6859,10
2026-09-10T20,27284,6342,100,True,0.087,0.3751,11
2026-09-10T20,464339927,5758,100,True,0.2914,0.5749,11
2026-09-10T20,23020,4337,100,True,0.2333,0.5757,10
2026-09-10T20,26936,5531,96,False,0.1065,0.4789,11
2026-09-10T20,497497,6677,98,False,0.7443,0.9238,8
2026-09-10T20,539102438,6587,2,False,0.9979,1.0,2
2026-09-10T20,459931,6075,100,True,0.203,0.6374,9
2026-09-10T20,1736069926,5985,1,False,1.0,1.0,1
2026-09-10T20,670138298,5553,90,False,0.2451,0.7949,4
2026-09-10T20,518006,5779,15,False,0.9799,0.9984,7
2026-09-10T20,968234600,5734,3,False,0.9991,1.0,2
2026-09-10T20,499634,5725,98,False,0.3017,0.9174,9
2026-09-10T20,1931693784,5796,100,True,0.207,0.8209,7
2026-09-10T20,401587136,5221,100,True,0.3111,0.7131,13
2026-09-10T20,24241,4078,100,True,0.2236,0.4953,7
2026-09-10T20,1763263,5395,63,False,0.7468,0.9479,3
2026-09-10T20,12839,5273,46,False,0.1889,0.8452,5
2026-09-10T20,386821,4935,98,False,0.136,0.4482,13
2026-09-10T20,491168,4947,51,False,0.2978,0.9537,7
2026-09-10T20,624536948,3325,95,False,0.3155,0.6866,13
2026-09-10T20,272263131,4662,100,True,0.3299,0.7181,5
2026-09-10T20,10609,4622,30,False,0.4518,0.9924,5
2026-09-10T20,66082,3803,100,True,0.3316,0.737,11
2026-09-10T20,1104776029,4708,39,False,0.4193,0.9633,9
2026-09-10T20,494184,3216,100,True,0.2146,0.7578,7
2026-09-10T20,500188,3371,100,True,0.0834,0.4384,11
2026-09-10T20,417752,4690,100,True,0.2507,0.6891,8
2026-09-10T20,32502,4371,71,False,0.2542,0.8497,13
2026-09-10T20,1982936547,4395,48,False,0.8346,0.965,6
2026-09-10T20,1131336879,5065,9,False,0.8172,1.0,4
2026-09-10T20,209738946,4078,100,True,0.1812,0.6511,12
2026-09-10T20,499003,4012,91,False,0.1897,0.7104,8
2026-09-10T20,1114331153,3968,31,False,0.5103,0.9761,7
2026-09-10T20,18808,3982,17,False,0.5095,0.9982,5
2026-09-10T20,511229,4057,3,False,0.9776,1.0,1
2026-09-10T20,512923,3533,100,True,0.3164,0.7453,8
2026-09-10T20,506462,3752,31,False,0.9198,0.9861,5
2026-09-10T20,65632,3408,97,False,0.1737,0.6156,11
2026-09-10T20,569194045,3738,5,False,0.9912,1.0,3
2026-09-10T20,1832841853,3580,99,False,0.4173,0.7832,11
2026-09-10T20,489335,3632,35,False,0.7164,0.9752,7
2026-09-10T20,1954784138,3602,56,False,0.5972,0.955,7
2026-09-10T20,1282866981,3352,100,True,0.1632,0.6029,11
2026-09-10T20,20596,3447,90,False,0.2141,0.7537,5
2026-09-11T00,743893402,230394,100,True,0.3099,0.7249,9
2026-09-11T00,509658,155266,93,False,0.1166,0.4603,11
2026-09-11T00,32982,171677,100,True,0.2733,0.647,7
2026-09-11T00,33214,43443,97,False,0.1552,0.616,8
2026-09-11T00,21779,46279,96,False,0.1395,0.5717,10
2026-09-11T00,516575,45309,98,False,0.1489,0.5814,10
2026-09-11T00,32399,35036,98,False,0.0908,0.4474,8
2026-09-11T00,27471,24899,98,False,0.2753,0.7197,6
2026-09-11T00,29595,30045,93,False,0.1749,0.7376,6
2026-09-11T00,511224,23080,99,False,0.3782,0.7353,9
2026-09-11T00,498566,27288,100,True,0.1129,0.637,11
2026-09-11T00,509672,22664,98,False,0.2405,0.6761,11
2026-09-11T00,491487,11230,97,False,0.0885,0.5406,9
2026-09-11T00,902998079,18483,100,True,0.1288,0.5199,7
2026-09-11T00,508455,17732,100,True,0.1627,0.6366,10
2026-09-11T00,512710,8967,97,False,0.078,0.4618,7
2026-09-11T00,327598602,18467,92,False,0.7173,0.8487,14
2026-09-11T00,515025,12510,99,False,0.199,0.662,8
2026-09-11T00,1264310518,11851,100,True,0.2306,0.5174,7
2026-09-11T00,29452,17731,38,False,0.1559,0.7309,4
2026-09-11T00,1357871551,15932,100,True,0.1801,0.6434,14
2026-09-11T00,13332,15739,100,True,0.752,0.955,6
2026-09-11T00,499973,18749,100,True,0.2687,0.6685,6
2026-09-11T00,19619,13871,100,True,0.2104,0.5315,3
2026-09-11T00,513143,13937,100,True,0.2002,0.7662,12
2026-09-11T00,602040818,10264,100,True,0.2002,0.5872,4
2026-09-11T00,18122,9362,92,False,0.0978,0.4489,8
2026-09-11T00,138585,13780,100,True,0.344,0.7889,11
2026-09-11T00,460630,9331,99,False,0.3349,0.7959,9
2026-09-11T00,509659,11879,100,True,0.2619,0.6674,10
2026-09-11T00,458781,11110,100,True,0.2179,0.6989,6
2026-09-11T00,509663,11352,100,True,0.2187,0.752,5
2026-09-11T00,458353,10173,18,False,0.9841,0.9988,4
2026-09-11T00,509660,6357,98,False,0.0623,0.311,8
2026-09-11T00,1702520304,9026,93,False,0.1955,0.6556,11
2026-09-11T00,10609,8845,53,False,0.3538,0.9877,4
2026-09-11T00,512953,7582,100,True,0.2815,0.7034,10
2026-09-11T00,417528,8550,100,True,0.1835,0.6947,9
2026-09-11T00,1441208453,6764,94,False,0.1844,0.7547,9
2026-09-11T00,491931,5301,90,False,0.1622,0.6387,11
2026-09-11T00,590993568,7675,29,False,0.3057,0.9793,3
2026-09-11T00,2132205352,7298,100,True,0.2027,0.692,5
2026-09-11T00,464339927,6545,99,False,0.2526,0.6697,9
2026-09-11T00,493057,6686,99,False,0.1298,0.6337,11
2026-09-11T00,30921,5576,100,True,0.3607,0.7493,7
2026-09-11T00,31339,6698,100,True,0.1305,0.6354,6
2026-09-11T00,29307,6931,53,False,0.8722,0.9735,9
2026-09-11T00,27284,6299,100,True,0.0754,0.4182,7
2026-09-11T00,539102438,7133,3,False,0.9983,1.0,1
2026-09-11T00,23020,3842,99,False,0.1583,0.4823,9
2026-09-11T00,624536948,5686,100,True,0.6134,0.7752,7
2026-09-11T00,499634,6446,100,True,0.3053,0.8655,8
2026-09-11T00,209738946,5876,100,True,0.3205,0.7971,9
2026-09-11T00,27546,5863,79,False,0.7315,0.9321,14
2026-09-11T00,263490,5459,98,False,0.2286,0.5778,10
2026-09-11T00,1669431183,5096,99,False,0.1209,0.4019,6
2026-09-11T00,24241,4288,100,True,0.1782,0.4643,6
2026-09-11T00,493959,4361,97,False,0.1424,0.5324,9
2026-09-11T00,386821,5012,97,False,0.0583,0.3841,12
2026-09-11T00,670138298,4423,97,False,0.1899,0.7488,2
2026-09-11T00,26936,3693,84,False,0.0685,0.4129,9
2026-09-11T00,459931,4981,100,True,0.1427,0.6039,4
2026-09-11T00,75467,4973,49,False,0.9606,0.9827,7
2026-09-11T00,1982936547,4842,69,False,0.8201,0.9391,4
2026-09-11T00,272263131,4386,100,True,0.2554,0.6712,4
2026-09-11T00,498592,4519,100,True,0.1281,0.6975,18
2026-09-11T00,499003,4388,94,False,0.2687,0.7008,7
2026-09-11T00,488190,4093,79,False,0.1656,0.6709,7
2026-09-11T00,509511,3934,87,False,0.1828,0.6068,7
2026-09-11T00,676802825,3326,100,True,0.1789,0.7441,9
2026-09-11T00,66170,3033,100,True,0.1906,0.5483,6
2026-09-11T00,1024694500,3440,9,False,0.5532,1.0,1
2026-09-11T00,518184,3140,100,True,0.3943,0.7449,7
2026-09-11T00,1763263,3441,43,False,0.633,0.9265,2
2026-09-11T00,743,3284,42,False,0.87,0.9604,7
2026-09-11T00,55453844,3292,99,False,0.37,0.7546,7
2026-09-11T00,500188,2676,100,True,0.2096,0.4533,8
2026-09-11T00,66082,2317,100,True,0.3099,0.571,6
2026-09-11T00,1282866981,2941,100,True,0.1921,0.6736,11
2026-09-11T00,1910103699,2929,100,True,0.3226,0.7357,7
2026-09-11T00,2012789438,2235,100,True,0.1584,0.4832,5
2026-09-11T00,961311546,2943,48,False,0.5015,0.9307,3
2026-09-11T00,1931693784,2947,100,True,0.3875,0.7906,8
2026-09-11T00,2058566581,2931,10,False,0.9911,1.0,5
2026-09-11T00,401587136,2673,100,True,0.2615,0.6487,14
2026-09-11T00,1561684095,2695,3,False,0.9974,1.0,2
2026-09-11T00,512923,2345,96,False,0.3829,0.7386,5
2026-09-11T00,1494,920,100,True,0.1163,0.4185,7
2026-09-11T00,1846512643,2414,100,True,0.3654,0.773,6
2026-09-11T00,490382,2326,100,True,0.5314,0.8405,5
2026-09-11T00,1036710512,1739,100,True,0.0644,0.4186,9
2026-09-11T00,417752,2001,91,False,0.091,0.6087,7
2026-09-11T00,12924,2271,20,False,0.7503,0.9894,6
2026-09-11T00,518203,2152,100,True,0.2625,0.7602,6
2026-09-11T00,513181,1929,100,True,0.1571,0.5915,9
2026-09-11T00,65632,1887,99,False,0.2268,0.6433,9
2026-09-11T00,313146,1947,9,False,0.9805,1.0,4
2026-09-11T00,2748,1901,68,False,0.293,0.8353,7
2026-09-11T00,509508,1866,3,False,0.9989,1.0,2
2026-09-11T00,456845141,1517,100,True,0.2426,0.6473,8
2026-09-11T04,743893402,147670,99,False,0.4074,0.7323,9
2026-09-11T04,509658,96836,97,False,0.1147,0.423,10
2026-09-11T04,32982,104673,98,False,0.3578,0.7055,5
2026-09-11T04,793000569,53544,1,False,1.0,1.0,1
2026-09-11T04,516575,25159,95,False,0.1791,0.6674,10
2026-09-11T04,21779,25667,98,False,0.1127,0.4242,10
2026-09-11T04,33214,14756,98,False,0.2707,0.6021,5
2026-09-11T04,32399,22519,96,False,0.1773,0.5637,8
2026-09-11T04,1084718938,22171,3,False,0.6057,1.0,1
2026-09-11T04,498566,21180,60,False,0.1517,0.7479,9
2026-09-11T04,1264310518,12522,97,False,0.1522,0.5088,5
2026-09-11T04,509672,18727,100,True,0.3351,0.588,10
2026-09-11T04,491487,7913,98,False,0.1361,0.4359,9
2026-09-11T04,902998079,13083,94,False,0.3261,0.6844,7
2026-09-11T04,511224,11146,100,True,0.3966,0.6534,7
2026-09-11T04,29595,14072,99,False,0.1841,0.7355,7
2026-09-11T04,27471,10185,98,False,0.2159,0.5872,8
2026-09-11T04,602040818,10936,100,True,0.2041,0.5556,2
2026-09-11T04,515025,8579,97,False,0.1701,0.5245,7
2026-09-11T04,499973,11354,100,True,0.0822,0.466,5
2026-09-11T04,509659,12200,99,False,0.1536,0.5587,6
2026-09-11T04,866287127,11927,52,False,0.7556,0.9723,3
2026-09-11T04,1357871551,11285,94,False,0.2141,0.6696,8
2026-09-11T04,18122,8779,94,False,0.0781,0.435,7
2026-09-11T04,508455,9249,100,True,0.1922,0.6515,8
2026-09-11T04,29452,11591,33,False,0.1731,0.7416,3
2026-09-11T04,327598602,10396,99,False,0.4661,0.7689,8
2026-09-11T04,512710,7151,97,False,0.0943,0.4911,6
2026-09-11T04,513143,10004,98,False,0.1782,0.807,8
2026-09-11T04,458353,8536,15,False,0.9931,0.9993,2
2026-09-11T04,1702520304,7745,100,True,0.3103,0.7343,11
2026-09-11T04,509660,5112,100,True,0.0569,0.3122,8
2026-09-11T04,491931,6745,100,True,0.2952,0.7145,7
2026-09-11T04,512953,6348,98,False,0.2928,0.7135,9
2026-09-11T04,458781,6544,93,False,0.1476,0.7489,7
2026-09-11T04,417528,6469,96,False,0.1623,0.7391,7
2026-09-11T04,2132205352,5934,100,True,0.2819,0.678,5
2026-09-11T04,19619,5938,98,False,0.0901,0.5221,3
2026-09-11T04,338584105,6046,1,False,1.0,1.0,1
2026-09-11T04,27284,5392,100,True,0.0482,0.3633,6
2026-09-11T04,460630,4218,98,False,0.4094,0.7456,8
2026-09-11T04,498592,5376,100,True,0.0748,0.4654,17
2026-09-11T04,670138298,4823,95,False,0.2442,0.8329,3
2026-09-11T04,499634,5460,77,False,0.3533,0.9137,7
2026-09-11T04,464339927,4344,98,False,0.2113,0.6489,5
2026-09-11T04,26936,4201,96,False,0.0476,0.4094,7
2026-09-11T04,1669431183,4941,98,False,0.2002,0.4538,3
2026-09-11T04,138585,5107,66,False,0.2694,0.8721,9
2026-09-11T04,1441208453,3718,94,False,0.425,0.6676,9
2026-09-11T04,1982936547,4809,27,False,0.943,0.9902,4
2026-09-11T04,24241,3400,96,False,0.085,0.3621,6
2026-09-11T04,30921,3623,99,False,0.2247,0.6459,5
2026-09-11T04,509577,4545,65,False,0.8777,0.9527,4
2026-09-11T04,23020,2267,95,False,0.1204,0.4208,7
2026-09-11T04,272263131,4196,100,True,0.2676,0.7271,6
2026-09-11T04,66082,3323,98,False,0.3741,0.7695,5
2026-09-11T04,386821,3898,94,False,0.0782,0.45,9
2026-09-11T04,10609,3871,33,False,0.4479,0.9819,2
2026-09-11T04,513181,3681,98,False,0.6183,0.7541,9
2026-09-11T04,31339,3414,100,True,0.1555,0.5972,6
2026-09-11T04,459931,3104,98,False,0.0983,0.5052,3
2026-09-11T04,27546,3170,51,False,0.6476,0.9328,8
2026-09-11T04,499003,2998,97,False,0.1034,0.5033,7
2026-09-11T04,1435206302,2980,69,False,0.3473,0.8799,4
2026-09-11T04,767864507,2944,17,False,0.9287,0.9966,2
2026-09-11T04,509667,2763,22,False,0.835,0.9696,3
2026-09-11T04,493959,2304,97,False,0.3546,0.6437,5
2026-09-11T04,624536948,2044,97,False,0.1649,0.5264,7
2026-09-11T04,1114331153,2666,26,False,0.3687,0.9835,5
2026-09-11T04,1282866981,2600,100,True,0.1723,0.6688,9
2026-09-11T04,2012789438,2029,94,False,0.171,0.5594,3
2026-09-11T04,493057,2121,100,True,0.1726,0.5809,9
2026-09-11T04,509511,2330,65,False,0.1176,0.5828,6
2026-09-11T04,488190,2369,45,False,0.3086,0.8147,6
2026-09-11T04,1931693784,2104,85,False,0.2419,0.7614,8
2026-09-11T04,435870350,2261,27,False,0.935,0.9889,7
2026-09-11T04,1494,1069,98,False,0.3255,0.5875,5
2026-09-11T04,13332,2182,59,False,0.2319,0.8318,5
2026-09-11T04,263490,2041,95,False,0.1774,0.5439,6
2026-09-11T04,11557,2189,91,False,0.1964,0.7259,5
2026-09-11T04,66170,1827,98,False,0.104,0.3864,6
2026-09-11T04,491168,2098,29,False,0.3994,0.9752,4
2026-09-11T04,460636,2089,35,False,0.9268,0.9785,5
2026-09-11T04,168648543,1672,89,False,0.1501,0.7039,8
2026-09-11T04,22619,1930,1,False,1.0,1.0,1
2026-09-11T04,1036710512,1543,99,False,0.2132,0.5172,8
2026-09-11T04,19976,1896,64,False,0.1345,0.778,4
2026-09-11T04,65876,1851,100,True,0.5737,0.8741,9
2026-09-11T04,209738946,1787,97,False,0.2076,0.667,10
2026-09-11T04,1898040946,1641,95,False,0.1024,0.5594,4
2026-09-11T04,961311546,1785,22,False,0.7798,0.9793,1
2026-09-11T04,509663,1747,67,False,0.2003,0.656,8
2026-09-11T04,1910103699,1440,93,False,0.1306,0.6118,4
2026-09-11T04,801541637,1622,55,False,0.2337,0.8545,5
2026-09-11T04,500188,1513,96,False,0.0978,0.4144,7
2026-09-11T04,884569009,1538,17,False,0.9402,0.9922,2
2026-09-11T04,518184,1286,98,False,0.1003,0.5031,6
2026-09-11T04,766571430,1311,100,True,0.1625,0.4294,6
2026-09-11T04,511399,1571,13,False,0.8721,0.9949,2
2026-09-11T04,65632,1516,98,False,0.2823,0.7784,6
2026-09-11T11,509658,107380,97,False,0.0845,0.3995,13
2026-09-11T11,743893402,91100,99,False,0.162,0.5038,17
2026-09-11T11,32399,97321,96,False,0.2168,0.6867,13
2026-09-11T11,516575,68128,100,True,0.1679,0.5722,10
2026-09-11T11,21779,61329,100,True,0.3834,0.6667,16
2026-09-11T11,32982,48143,99,False,0.093,0.3909,7
2026-09-11T11,29595,37932,100,True,0.2007,0.6611,9
2026-09-11T11,509672,30601,100,True,0.2097,0.5428,13
2026-09-11T11,498566,27596,68,False,0.1723,0.649,12
2026-09-11T11,499973,22606,100,True,0.3302,0.6792,5
2026-09-11T11,569194045,22979,6,False,0.9443,1.0,2
2026-09-11T11,18122,16946,97,False,0.0767,0.4029,9
2026-09-11T11,767864507,18811,18,False,0.9887,0.9995,1
2026-09-11T11,33214,12545,96,False,0.1304,0.5493,11
2026-09-11T11,1264310518,15465,100,True,0.1793,0.6061,11
2026-09-11T11,511224,13984,91,False,0.1579,0.7438,9
2026-09-11T11,627281902,16577,6,False,0.9987,1.0,1
2026-09-11T11,508455,12543,100,True,0.1485,0.5423,13
2026-09-11T11,513143,14646,97,False,0.1093,0.6311,17
2026-09-11T11,1702520304,12160,99,False,0.1212,0.6396,16
2026-09-11T11,515025,9102,98,False,0.2537,0.5499,13
2026-09-11T11,27471,8164,96,False,0.2381,0.5217,12
2026-09-11T11,491487,6909,95,False,0.141,0.4839,14
2026-09-11T11,493057,9913,100,True,0.2326,0.7545,17
2026-09-11T11,1357871551,9669,99,False,0.2449,0.6726,15
2026-09-11T11,458781,10029,100,True,0.1355,0.7198,13
2026-09-11T11,491931,9346,98,False,0.1926,0.6396,15
2026-09-11T11,902998079,9266,100,True,0.1584,0.7264,13
2026-09-11T11,460630,8967,96,False,0.6484,0.8686,13
2026-09-11T11,29452,9415,20,False,0.1719,0.7663,3
2026-09-11T11,498592,8670,100,True,0.0971,0.5486,13
2026-09-11T11,27546,9048,100,True,0.2591,0.7249,11
2026-09-11T11,509660,6570,100,True,0.2924,0.4916,11
2026-09-11T11,417528,8205,83,False,0.2707,0.7688,13
2026-09-11T11,327598602,6755,100,True,0.0762,0.49,16
2026-09-11T11,518203,6899,88,False,0.2612,0.8194,12
2026-09-11T11,138585,6342,79,False,0.3174,0.874,14
2026-09-11T11,512710,5912,99,False,0.071,0.4501,11
2026-09-11T11,602040818,6052,100,True,0.2244,0.707,7
2026-09-11T11,499634,6249,87,False,0.2768,0.9091,9
2026-09-11T11,386821,6266,99,False,0.1765,0.5445,12
2026-09-11T11,509659,6312,100,True,0.1678,0.6614,7
2026-09-11T11,55453844,5635,98,False,0.4477,0.761,4
2026-09-11T11,19619,5274,100,True,0.1016,0.4484,4
2026-09-11T11,27284,5017,99,False,0.1919,0.5095,12
2026-09-11T11,1429246898,4950,4,False,0.9893,1.0,2
2026-09-11T11,272263131,4688,100,True,0.2639,0.664,5
2026-09-11T11,511399,4861,9,False,0.9601,1.0,5
2026-09-11T11,459931,4740,95,False,0.22,0.7511,5
2026-09-11T11,1282866981,4456,97,False,0.1728,0.7033,12
2026-09-11T11,1183694848,4395,5,False,0.992,1.0,2
2026-09-11T11,26936,3881,99,False,0.1069,0.514,9
2026-09-11T11,1931693784,4165,64,False,0.4862,0.9095,9
2026-09-11T11,263490,3893,99,False,0.1683,0.6864,11
2026-09-11T11,23020,3231,95,False,0.5215,0.783,10
2026-09-11T11,1435206302,3882,30,False,0.6837,0.9879,7
2026-09-11T11,13332,3682,42,False,0.2911,0.9256,6
2026-09-11T11,417752,3630,100,True,0.1782,0.795,12
2026-09-11T11,1669431183,3541,100,True,0.135,0.4716,10
2026-09-11T11,512953,3350,99,False,0.1107,0.563,13
2026-09-11T11,2132205352,3460,100,True,0.1714,0.7061,13
2026-09-11T11,31339,3239,100,True,0.15,0.6008,10
2026-09-11T11,500518,3213,1,False,1.0,1.0,1
2026-09-11T11,500188,3093,100,True,0.1646,0.5787,17
2026-09-11T11,401587136,2982,100,True,0.2901,0.7686,12
2026-09-11T11,24241,2684,100,True,0.0827,0.348,7
2026-09-11T11,30921,2511,94,False,0.1159,0.6619,12
2026-09-11T11,464339927,2519,99,False,0.2116,0.6046,11
2026-09-11T11,488190,2681,57,False,0.467,0.7699,6
2026-09-11T11,601470178,2665,1,False,1.0,1.0,1
2026-09-11T11,33734,2615,1,False,1.0,1.0,1
2026-09-11T11,1414860634,2253,57,False,0.3582,0.9268,6
2026-09-11T11,513181,2107,100,True,0.1704,0.588,11
2026-09-11T11,624536948,2031,99,False,0.1452,0.5943,11
2026-09-11T11,509511,2217,79,False,0.1615,0.6058,9
2026-09-11T11,538054672,2203,66,False,0.4666,0.8461,9
2026-09-11T11,65632,2171,100,True,0.3229,0.7697,14
2026-09-11T11,1448964995,2163,25,False,0.8738,0.9829,7
2026-09-11T11,456845141,2135,99,False,0.4309,0.7827,13
2026-09-11T11,743,2121,37,False,0.7289,0.9618,8
2026-09-11T11,22619,2099,2,False,0.9995,1.0,1
2026-09-11T11,866287127,1970,21,False,0.4168,0.9873,4
2026-09-11T11,32502,2071,56,False,0.2675,0.8648,11
2026-09-11T11,1441208453,1635,100,True,0.0795,0.4385,11
2026-09-11T11,394568,1928,27,False,0.8096,0.9704,6
2026-09-11T11,495202,1912,15,False,0.8488,0.9974,5
2026-09-11T11,494184,1891,100,True,0.1364,0.6531,6
2026-09-11T11,29307,1862,54,False,0.224,0.7889,10
2026-09-11T11,2748,1842,33,False,0.5337,0.9549,7
2026-09-11T11,495856,1695,3,False,0.7558,1.0,2
2026-09-11T11,36799602,1662,41,False,0.8369,0.9465,5
2026-09-11T11,107100764,1662,1,False,1.0,1.0,1
2026-09-11T11,903469103,1641,2,False,0.9982,1.0,2
2026-09-11T11,66170,1542,100,True,0.0947,0.4909,10
2026-09-11T11,71375,1617,50,False,0.2591,0.8571,10
2026-09-11T11,1313351584,1613,24,False,0.7229,0.9733,6
2026-09-11T11,66082,1344,99,False,0.4464,0.7716,17
2026-09-11T11,509667,1603,29,False,0.4148,0.9351,8
2026-09-11T11,2012789438,1514,100,True,0.2774,0.6222,7
2026-09-11T11,499003,1570,46,False,0.2051,0.7771,6
2026-09-11T16,509658,303762,97,False,0.1415,0.4918,13
2026-09-11T16,21779,178699,98,False,0.289,0.743,17
2026-09-11T16,743893402,139558,99,False,0.2191,0.49,14
2026-09-11T16,32982,99075,95,False,0.1048,0.4247,12
2026-09-11T16,516575,57094,99,False,0.0945,0.4509,12
2026-09-11T16,32399,57713,89,False,0.2397,0.4219,12
2026-09-11T16,29595,56308,99,False,0.1603,0.7029,11
2026-09-11T16,509672,43083,96,False,0.2053,0.5517,13
2026-09-11T16,1264310518,43957,99,False,0.163,0.644,8
2026-09-11T16,509663,52603,99,False,0.592,0.9572,10
2026-09-11T16,498566,39738,100,True,0.1017,0.6337,14
2026-09-11T16,27471,24145,100,True,0.1295,0.4702,13
2026-09-11T16,508455,32984,98,False,0.216,0.6705,13
2026-09-11T16,18122,26888,100,True,0.074,0.4082,12
2026-09-11T16,27546,31684,100,True,0.2984,0.8423,15
2026-09-11T16,33214,17975,100,True,0.0498,0.3574,11
2026-09-11T16,21465,30817,93,False,0.8194,0.9844,13
2026-09-11T16,458781,25593,98,False,0.1726,0.6935,11
2026-09-11T16,491487,13817,100,True,0.0998,0.5475,13
2026-09-11T16,493057,20075,99,False,0.1349,0.6917,14
2026-09-11T16,511224,13661,98,False,0.0848,0.4841,10
2026-09-11T16,499973,17470,100,True,0.1833,0.6248,7
2026-09-11T16,515025,11136,99,False,0.1459,0.5329,11
2026-09-11T16,491931,14738,96,False,0.1419,0.7041,16
2026-09-11T16,513143,15727,99,False,0.124,0.6601,13
2026-09-11T16,902998079,14034,98,False,0.1939,0.6776,12
2026-09-11T16,55453844,15569,99,False,0.2976,0.8906,10
2026-09-11T16,1357871551,12923,100,True,0.1439,0.5755,14
2026-09-11T16,512710,12823,99,False,0.2816,0.6662,13
2026-09-11T16,624536948,13866,98,False,0.4418,0.8923,10
2026-09-11T16,138585,13556,100,True,0.3961,0.832,15
2026-09-11T16,1702520304,12356,100,True,0.1704,0.5811,14
2026-09-11T16,518203,13315,96,False,0.243,0.8382,14
2026-09-11T16,417528,12864,100,True,0.1474,0.6503,13
2026-09-11T16,1669431183,11663,100,True,0.1499,0.5273,8
2026-09-11T16,263490,11477,99,False,0.3605,0.6631,12
2026-09-11T16,161818114,12303,3,False,0.9951,1.0,2
2026-09-11T16,569194045,12210,7,False,0.998,1.0,2
2026-09-11T16,26936,10555,98,False,0.5225,0.7041,13
2026-09-11T16,509660,7050,97,False,0.1075,0.3719,9
2026-09-11T16,327598602,8578,95,False,0.1538,0.554,12
2026-09-11T16,19619,9386,99,False,0.0731,0.4371,4
2026-09-11T16,602040818,8808,99,False,0.1278,0.5982,7
2026-09-11T16,29452,10029,27,False,0.1668,0.8161,5
2026-09-11T16,509659,9510,100,True,0.169,0.6637,7
2026-09-11T16,343455332,8877,10,False,0.9958,1.0,5
2026-09-11T16,1898040946,8103,98,False,0.4057,0.8776,11
2026-09-11T16,763595669,8371,2,False,0.9996,1.0,2
2026-09-11T16,386821,7816,96,False,0.1076,0.456,13
2026-09-11T16,499634,8095,100,True,0.1852,0.8416,8
2026-09-11T16,66170,7157,99,False,0.5903,0.7502,12
2026-09-11T16,31339,6647,100,True,0.202,0.6671,11
2026-09-11T16,459931,6689,100,True,0.2425,0.7083,7
2026-09-11T16,401587136,6606,100,True,0.2649,0.7847,16
2026-09-11T16,498592,6342,95,False,0.1395,0.7567,8
2026-09-11T16,417752,6282,100,True,0.3052,0.7536,11
2026-09-11T16,30921,4988,93,False,0.2578,0.75,13
2026-09-11T16,464339927,4817,100,True,0.1424,0.5383,15
2026-09-11T16,488190,5635,100,True,0.4516,0.7224,14
2026-09-11T16,512953,4624,97,False,0.0826,0.4542,11
2026-09-11T16,272263131,4987,100,True,0.3423,0.7014,6
2026-09-11T16,2132205352,4901,100,True,0.2426,0.655,11
2026-09-11T16,27284,4833,100,True,0.0677,0.4527,10
2026-09-11T16,500188,4270,100,True,0.196,0.5656,11
2026-09-11T16,1282866981,4487,100,True,0.1986,0.583,13
2026-09-11T16,24241,3637,100,True,0.1039,0.3852,8
2026-09-11T16,23020,2598,100,True,0.1543,0.4623,8
2026-09-11T16,460630,3475,100,True,0.1278,0.5361,14
2026-09-11T16,494184,4657,100,True,0.254,0.7939,12
2026-09-11T16,513181,3942,100,True,0.2915,0.5999,14
2026-09-11T16,1931693784,4368,94,False,0.1916,0.8333,10
2026-09-11T16,12839,4332,51,False,0.2373,0.84,4
2026-09-11T16,13389,4249,53,False,0.5813,0.924,12
2026-09-11T16,2748,4044,48,False,0.296,0.8914,7
2026-09-11T16,499003,3951,90,False,0.2126,0.7813,9
2026-09-11T16,687129551,3866,40,False,0.3016,0.955,4
2026-09-11T16,506462,3815,29,False,0.9533,0.9906,7
2026-09-11T16,71375,3802,99,False,0.4816,0.8414,9
2026-09-11T16,491962037,3758,13,False,0.9734,0.9992,5
2026-09-11T16,2005329090,3673,7,False,0.9088,1.0,1
2026-09-11T16,509511,3655,85,False,0.1767,0.5387,11
2026-09-11T16,1290551545,3550,6,False,0.9792,1.0,4
2026-09-11T16,2133072147,3497,19,False,0.9028,0.9937,1
2026-09-11T16,509667,3434,39,False,0.3529,0.9479,7
2026-09-11T16,493959,2980,99,False,0.2453,0.6232,14
2026-09-11T16,1692723000,3284,32,False,0.1507,0.8362,6
2026-09-11T16,1119642287,3263,61,False,0.2859,0.9087,9
2026-09-11T16,65632,2976,97,False,0.126,0.5759,12
2026-09-11T16,743,3172,60,False,0.7068,0.9076,9
2026-09-11T16,1620978378,3119,4,False,0.7701,1.0,2
2026-09-11T16,29307,3125,70,False,0.4736,0.8883,12
2026-09-11T16,20596,3006,62,False,0.5912,0.8423,5
2026-09-11T16,13332,3010,82,False,0.1804,0.7319,9
2026-09-11T16,866287127,3013,47,False,0.5616,0.9466,7
2026-09-11T16,670138298,2740,94,False,0.1599,0.7785,4
2026-09-11T16,490377,2927,97,False,0.3509,0.6939,13
2026-09-11T16,1393304883,2902,99,False,0.2491,0.7953,2
2026-09-11T16,491168,2644,29,False,0.5601,0.9879,6
2026-09-11T16,518584827,2888,92,False,0.6828,0.9259,7
2026-09-11T16,1104776029,2827,32,False,0.6342,0.9756,7
2026-09-11T20,509658,352803,100,True,0.1059,0.5296,14
2026-09-11T20,32982,176513,100,True,0.2188,0.6158,12
2026-09-11T20,743893402,168492,96,False,0.1929,0.6351,11
2026-09-11T20,21779,85345,100,True,0.3089,0.6765,12
2026-09-11T20,1264310518,70833,99,False,0.1081,0.5811,8
2026-09-11T20,32399,57552,99,False,0.2004,0.4974,10
2026-09-11T20,29595,56409,97,False,0.1393,0.6381,7
2026-09-11T20,33214,37286,93,False,0.127,0.6068,10
2026-09-11T20,516575,33002,99,False,0.1073,0.6106,14
2026-09-11T20,509672,46326,96,False,0.0976,0.4904,13
2026-09-11T20,498566,48141,100,True,0.1584,0.6656,15
2026-09-11T20,508455,38421,96,False,0.2228,0.7289,9
2026-09-11T20,27471,28802,100,True,0.3003,0.615,12
2026-09-11T20,18122,25666,97,False,0.1438,0.5116,11
2026-09-11T20,902998079,27076,100,True,0.1444,0.6887,10
2026-09-11T20,491487,16167,99,False,0.2191,0.5649,10
2026-09-11T20,30921,23668,100,True,0.5676,0.9044,10
2026-09-11T20,491962037,23453,14,False,0.9528,0.9996,3
2026-09-11T20,27546,23052,95,False,0.3153,0.8882,12
2026-09-11T20,13332,20174,95,False,0.8539,0.9623,8
2026-09-11T20,1357871551,12416,99,False,0.103,0.4911,11
2026-09-11T20,1669431183,18191,100,True,0.0854,0.4958,8
2026-09-11T20,460630,18117,100,True,0.6579,0.8887,13
2026-09-11T20,789588840,20210,21,False,0.7598,0.9973,4
2026-09-11T20,602040818,15780,98,False,0.253,0.6411,6
2026-09-11T20,327598602,16689,100,True,0.5851,0.7987,15
2026-09-11T20,499973,17494,100,True,0.2024,0.6757,5
2026-09-11T20,512710,13107,100,True,0.1627,0.5215,12
2026-09-11T20,491931,15496,99,False,0.1318,0.6786,14
2026-09-11T20,511224,12353,98,False,0.2838,0.5634,10
2026-09-11T20,676802825,15801,96,False,0.4405,0.9516,8
2026-09-11T20,515025,9328,100,True,0.1227,0.4881,10
2026-09-11T20,458781,15450,98,False,0.2155,0.6669,8
2026-09-11T20,29452,16101,40,False,0.1071,0.6687,4
2026-09-11T20,461221,14424,29,False,0.5436,0.9877,6
2026-09-11T20,1702520304,13245,96,False,0.1655,0.7153,15
2026-09-11T20,513143,13563,99,False,0.1946,0.6328,15
2026-09-11T20,512953,10729,99,False,0.1735,0.6062,13
2026-09-11T20,509659,12174,99,False,0.1836,0.6295,10
2026-09-11T20,509660,7469,100,True,0.089,0.3814,9
2026-09-11T20,19619,9673,100,True,0.0743,0.4395,5
2026-09-11T20,417528,9512,98,False,0.2001,0.6978,11
2026-09-11T20,31339,8604,97,False,0.3541,0.727,9
2026-09-11T20,2132205352,8893,98,False,0.1885,0.7491,8
2026-09-11T20,509663,8749,100,True,0.2263,0.6331,6
2026-09-11T20,23020,5511,99,False,0.2099,0.5231,10
2026-09-11T20,884569009,8366,24,False,0.8158,0.9938,5
2026-09-11T20,263490,7413,100,True,0.2428,0.6333,10
2026-09-11T20,493057,6155,98,False,0.1272,0.4695,17
2026-09-11T20,138585,7722,95,False,0.163,0.6967,13
2026-09-11T20,26936,5667,95,False,0.0637,0.3699,12
2026-09-11T20,272263131,6408,100,True,0.291,0.7381,6
2026-09-11T20,27284,6223,95,False,0.0866,0.4773,11
2026-09-11T20,624536948,5153,93,False,0.1783,0.6701,10
2026-09-11T20,464339927,5512,94,False,0.264,0.611,11
2026-09-11T20,493959,5778,98,False,0.3458,0.6256,10
2026-09-11T20,539102438,6920,2,False,0.9996,1.0,1
2026-09-11T20,500188,4870,100,True,0.1702,0.5686,12
2026-09-11T20,386821,5811,98,False,0.153,0.5348,14
2026-09-11T20,499634,6314,96,False,0.2583,0.8999,10
2026-09-11T20,1846293708,5873,78,False,0.5171,0.913,7
2026-09-11T20,459931,5607,99,False,0.2101,0.5823,8
2026-09-11T20,1554543571,5770,5,False,0.9797,1.0,3
2026-09-11T20,29307,5620,58,False,0.4712,0.9185,10
2026-09-11T20,401587136,5274,97,False,0.3481,0.7198,16
2026-09-11T20,499003,5341,97,False,0.2441,0.7158,10
2026-09-11T20,509511,3198,95,False,0.0879,0.4418,5
2026-09-11T20,1081998272,4437,90,False,0.481,0.7372,10
2026-09-11T20,494184,4830,98,False,0.2876,0.7919,7
2026-09-11T20,518203,5103,97,False,0.1338,0.6772,12
2026-09-11T20,24241,3257,96,False,0.1391,0.4133,7
2026-09-11T20,590993568,4675,20,False,0.9465,0.9966,6
2026-09-11T20,1931693784,4712,98,False,0.3546,0.8557,9
2026-09-11T20,488190,4597,99,False,0.139,0.5569,14
2026-09-11T20,2012789438,4062,97,False,0.2607,0.7024,6
2026-09-11T20,1282866981,4167,97,False,0.1795,0.5143,12
2026-09-11T20,65632,4041,99,False,0.1133,0.5251,13
2026-09-11T20,491168,4552,49,False,0.3113,0.9761,7
2026-09-11T20,1441208453,3128,97,False,0.2404,0.5591,8
2026-09-11T20,1763263,4296,50,False,0.7214,0.9718,3
2026-09-11T20,2005329090,4191,4,False,0.9353,1.0,1
2026-09-11T20,21465,3985,90,False,0.7686,0.8838,10
2026-09-11T20,12839,4173,43,False,0.2684,0.8941,5
2026-09-11T20,230322618,4169,2,False,0.9998,1.0,1
2026-09-11T20,417752,3821,100,True,0.2738,0.7077,8
2026-09-11T20,512923,3597,100,True,0.2802,0.6925,11
2026-09-11T20,866287127,3796,51,False,0.8699,0.9505,7
2026-09-11T20,66170,3152,100,True,0.2097,0.5038,8
2026-09-11T20,509667,3711,41,False,0.4053,0.9272,7
2026-09-11T20,1286077738,3410,100,True,0.5836,0.7372,10
2026-09-11T20,66082,2492,99,False,0.2632,0.5594,10
2026-09-11T20,506462,3366,42,False,0.9352,0.978,11
2026-09-11T20,1417007249,3351,3,False,0.9487,1.0,2
2026-09-11T20,18846,3265,80,False,0.5152,0.9115,6
2026-09-11T20,2748,3145,84,False,0.3603,0.8057,9
2026-09-11T20,1832841853,3180,97,False,0.656,0.8057,14
2026-09-11T20,743,3266,74,False,0.4231,0.8806,11
2026-09-11T20,1678532194,2804,96,False,0.4497,0.8994,1
2026-09-11T20,1294658629,2623,98,False,0.5135,0.666,15
2026-09-11T20,11557,3114,88,False,0.7283,0.8735,9
2026-09-12T00,509658,202841,94,False,0.1538,0.5656,12
2026-09-12T00,32982,158096,99,False,0.2469,0.6367,11
2026-09-12T00,743893402,149951,99,False,0.3671,0.7315,9
2026-09-12T00,21779,63616,96,False,0.3608,0.6541,13
2026-09-12T00,33214,38349,100,True,0.1319,0.6245,8
2026-09-12T00,1264310518,36728,97,False,0.1583,0.6035,7
2026-09-12T00,516575,31278,99,False,0.104,0.5147,11
2026-09-12T00,32399,39058,96,False,0.0854,0.4605,11
2026-09-12T00,509672,36602,92,False,0.1416,0.5815,14
2026-09-12T00,29595,33474,93,False,0.1198,0.6317,6
2026-09-12T00,902998079,26819,94,False,0.4344,0.7275,7
2026-09-12T00,27471,14733,95,False,0.1712,0.5682,7
2026-09-12T00,491487,13276,99,False,0.2278,0.552,11
2026-09-12T00,498566,24984,82,False,0.1343,0.6988,12
2026-09-12T00,511224,20042,100,True,0.3939,0.7765,8
2026-09-12T00,327598602,22614,97,False,0.6049,0.8462,12
2026-09-12T00,512710,15304,100,True,0.134,0.5316,6
2026-09-12T00,18122,14774,99,False,0.2022,0.5785,10
2026-09-12T00,491962037,16914,10,False,0.9376,1.0,4
2026-09-12T00,499973,14847,100,True,0.0874,0.5417,6
2026-09-12T00,515025,8781,99,False,0.1492,0.4857,10
2026-09-12T00,508455,10409,98,False,0.1597,0.5384,9
2026-09-12T00,29452,15184,34,False,0.17,0.8253,3
2026-09-12T00,602040818,10243,97,False,0.2044,0.528,5
2026-09-12T00,1357871551,11876,100,True,0.0902,0.5354,11
2026-09-12T00,19619,10353,99,False,0.1107,0.5376,4
2026-09-12T00,513143,11589,100,True,0.3184,0.7883,14
2026-09-12T00,458781,11231,100,True,0.2168,0.7023,10
2026-09-12T00,512953,9996,99,False,0.1558,0.6709,11
2026-09-12T00,1669431183,10085,100,True,0.1128,0.5738,5
2026-09-12T00,1702520304,10322,98,False,0.1942,0.6958,12
2026-09-12T00,509659,10805,100,True,0.0811,0.5165,9
2026-09-12T00,458353,10474,16,False,0.9868,0.9993,4
2026-09-12T00,26936,8272,94,False,0.3057,0.5847,8
2026-09-12T00,460630,6588,98,False,0.4118,0.7286,8
2026-09-12T00,493057,8380,100,True,0.237,0.692,11
2026-09-12T00,491931,7931,100,True,0.3336,0.6715,12
2026-09-12T00,518203,8702,99,False,0.5583,0.8967,9
2026-09-12T00,509660,5481,99,False,0.1097,0.3107,7
2026-09-12T00,30921,6263,94,False,0.3923,0.7646,8
2026-09-12T00,138585,8592,84,False,0.3571,0.8823,11
2026-09-12T00,417528,8509,100,True,0.149,0.7297,9
2026-09-12T00,27284,6952,100,True,0.1339,0.4518,6
2026-09-12T00,30028,8279,100,True,0.8627,0.9804,8
2026-09-12T00,461221,7475,30,False,0.5391,0.9929,5
2026-09-12T00,499003,7140,100,True,0.2104,0.7254,7
2026-09-12T00,23020,3602,97,False,0.138,0.4473,7
2026-09-12T00,2132205352,6391,100,True,0.1997,0.708,8
2026-09-12T00,539102438,6767,1,False,1.0,1.0,1
2026-09-12T00,66082,5740,100,True,0.4139,0.8267,8
2026-09-12T00,27546,6510,100,True,0.5324,0.877,13
2026-09-12T00,464339927,4499,96,False,0.1194,0.5788,9
2026-09-12T00,263490,5629,95,False,0.3477,0.6266,8
2026-09-12T00,509663,5713,100,True,0.1227,0.5867,6
2026-09-12T00,513181,5609,99,False,0.3553,0.8807,10
2026-09-12T00,24241,3813,97,False,0.1183,0.3913,5
2026-09-12T00,31339,5064,100,True,0.1908,0.6811,8
2026-09-12T00,459931,5190,97,False,0.1618,0.5821,6
2026-09-12T00,624536948,3578,98,False,0.1819,0.5699,9
2026-09-12T00,272263131,4911,100,True,0.3113,0.7131,6
2026-09-12T00,386821,4616,97,False,0.0966,0.4283,12
2026-09-12T00,670138298,3911,100,True,0.1521,0.7382,3
2026-09-12T00,1225345341,4704,1,False,1.0,1.0,1
2026-09-12T00,1763263,4462,37,False,0.5614,0.9801,3
2026-09-12T00,500188,3760,100,True,0.1609,0.5628,10
2026-09-12T00,1758197290,4310,1,False,1.0,1.0,1
2026-09-12T00,66170,3711,98,False,0.2525,0.5893,7
2026-09-12T00,116747788,4292,44,False,0.5363,0.9192,4
2026-09-12T00,498592,4065,100,True,0.2246,0.6706,16
2026-09-12T00,493959,3057,96,False,0.0752,0.4171,8
2026-09-12T00,743,3989,57,False,0.8589,0.9484,7
2026-09-12T00,11557,3884,100,True,0.6426,0.8689,5
2026-09-12T00,1081998272,3343,97,False,0.5549,0.6943,9
2026-09-12T00,509511,3801,96,False,0.1436,0.4207,6
2026-09-12T00,13332,3844,100,True,0.1803,0.732,7
2026-09-12T00,1441208453,2337,95,False,0.1275,0.4142,8
2026-09-12T00,1286077738,3511,99,False,0.6366,0.775,7
2026-09-12T00,499634,3638,92,False,0.503,0.8771,9
2026-09-12T00,1294658629,3066,100,True,0.3686,0.7254,9
2026-09-12T00,2012789438,2495,98,False,0.188,0.5587,6
2026-09-12T00,65632,2964,96,False,0.2024,0.67,7
2026-09-12T00,1678532194,2698,92,False,0.4552,0.8603,1
2026-09-12T00,512923,2989,100,True,0.2727,0.7528,6
2026-09-12T00,2748,3142,86,False,0.2514,0.8504,6
2026-09-12T00,965771331,3121,79,False,0.8712,0.9382,4
2026-09-12T00,1931693784,2930,100,True,0.2549,0.7563,8
2026-09-12T00,1282866981,2838,100,True,0.2072,0.5846,10
2026-09-12T00,1414860634,2999,94,False,0.2521,0.8926,10
2026-09-12T00,36799602,2965,100,True,0.6533,0.8779,9
2026-09-12T00,488190,2936,76,False,0.1778,0.6018,6
2026-09-12T00,10609,2628,57,False,0.2637,0.957,7
2026-09-12T00,209738946,2804,100,True,0.4722,0.7971,9
2026-09-12T00,504461,2759,99,False,0.4117,0.8768,5
2026-09-12T00,494184,2678,100,True,0.3215,0.7991,8
2026-09-12T00,522511974,2668,1,False,1.0,1.0,1
2026-09-12T00,511396,2652,3,False,0.9898,1.0,2
2026-09-12T00,676802825,2111,99,False,0.0526,0.3112,3
2026-09-12T00,1494,698,98,False,0.0616,0.3181,6
2026-09-12T00,2059463486,2547,77,False,0.4115,0.8814,4
2026-09-12T00,1429246898,2374,5,False,0.9659,1.0,4
2026-09-12T07,21779,256722,100,True,0.3666,0.7987,16
2026-09-12T07,509658,87773,96,False,0.2061,0.4718,12
2026-09-12T07,743893402,55045,99,False,0.0912,0.4442,12
2026-09-12T07,32982,60777,100,True,0.2526,0.6945,7
2026-09-12T07,32399,50226,95,False,0.1874,0.7045,10
2026-09-12T07,511224,32592,97,False,0.2184,0.7931,8
2026-09-12T07,509672,28825,99,False,0.1731,0.6674,12
2026-09-12T07,1264310518,18852,96,False,0.0934,0.5092,8
2026-09-12T07,516575,16596,100,True,0.0771,0.4946,10
2026-09-12T07,33214,12145,98,False,0.0841,0.4832,8
2026-09-12T07,512708,20439,26,False,0.8341,0.9943,4
2026-09-12T07,491487,9950,94,False,0.1292,0.6517,8
2026-09-12T07,29595,15031,99,False,0.1178,0.5934,10
2026-09-12T07,499973,13928,100,True,0.1706,0.532,6
2026-09-12T07,767864507,14335,29,False,0.9807,0.9951,2
2026-09-12T07,602040818,10555,99,False,0.2084,0.6181,3
2026-09-12T07,18122,11376,98,False,0.1207,0.4822,9
2026-09-12T07,498566,12314,50,False,0.2514,0.8617,10
2026-09-12T07,29452,11973,21,False,0.1412,0.7716,3
2026-09-12T07,1357871551,11192,100,True,0.19,0.7093,10
2026-09-12T07,27471,6064,95,False,0.0961,0.4293,8
2026-09-12T07,515025,6065,95,False,0.1334,0.4871,8
2026-09-12T07,902998079,8676,100,True,0.1408,0.5499,9
2026-09-12T07,1623972535,10673,29,False,0.946,0.9942,4
2026-09-12T07,509659,10026,97,False,0.1261,0.5838,8
2026-09-12T07,508455,7575,98,False,0.131,0.5302,9
2026-09-12T07,498592,9329,100,True,0.1454,0.589,15
2026-09-12T07,27284,9189,99,False,0.3158,0.7061,8
2026-09-12T07,458781,8606,97,False,0.1624,0.7011,9
2026-09-12T07,513143,8445,98,False,0.1663,0.6475,13
2026-09-12T07,1649049051,8267,37,False,0.8846,0.9837,8
2026-09-12T07,491931,6945,99,False,0.1737,0.6432,8
2026-09-12T07,1702520304,6935,97,False,0.1973,0.6698,12
2026-09-12T07,512710,5345,93,False,0.1268,0.5646,6
2026-09-12T07,27546,6636,90,False,0.3742,0.8267,14
2026-09-12T07,138585,6532,73,False,0.2443,0.8703,10
2026-09-12T07,512953,6189,98,False,0.3025,0.7644,11
2026-09-12T07,509660,4870,100,True,0.1858,0.4437,10
2026-09-12T07,24241,4535,94,False,0.1458,0.424,5
2026-09-12T07,327598602,4604,100,True,0.0834,0.5124,13
2026-09-12T07,1669431183,5284,100,True,0.0749,0.471,7
2026-09-12T07,2132205352,5221,100,True,0.1318,0.7439,5
2026-09-12T07,460630,3838,96,False,0.4343,0.7306,9
2026-09-12T07,509663,5088,77,False,0.2592,0.8017,9
2026-09-12T07,670138298,4896,98,False,0.2578,0.9056,2
2026-09-12T07,459931,4675,96,False,0.2252,0.7512,6
2026-09-12T07,31339,4523,100,True,0.47,0.7539,10
2026-09-12T07,26936,3693,99,False,0.078,0.4129,8
2026-09-12T07,464339927,3444,97,False,0.1388,0.5694,10
2026-09-12T07,272263131,4114,100,True,0.28,0.6932,6
2026-09-12T07,66082,3754,99,False,0.4076,0.8119,9
2026-09-12T07,386821,3976,100,True,0.0729,0.4432,13
2026-09-12T07,23020,2024,99,False,0.0687,0.4071,6
2026-09-12T07,55453844,3678,94,False,0.2004,0.693,4
2026-09-12T07,417528,3751,83,False,0.2221,0.8144,11
2026-09-12T07,19619,3361,98,False,0.1419,0.5501,4
2026-09-12T07,493959,3374,99,False,0.3711,0.8672,8
2026-09-12T07,461221,3889,12,False,0.7927,0.9995,3
2026-09-12T07,676802825,3031,90,False,0.3233,0.7232,6
2026-09-12T07,263490,2752,100,True,0.1137,0.5327,9
2026-09-12T07,499003,2875,97,False,0.0897,0.5259,8
2026-09-12T07,500188,2719,98,False,0.2313,0.6087,9
2026-09-12T07,33945,1,1,False,1.0,1.0,1
2026-09-12T07,1282866981,2557,99,False,0.2655,0.6535,11
2026-09-12T07,624536948,2251,95,False,0.1071,0.5553,7
2026-09-12T07,30921,1822,98,False,0.14,0.4539,7
2026-09-12T07,2012789438,2163,96,False,0.1803,0.5418,7
2026-09-12T07,1441208453,1711,99,False,0.0766,0.377,10
2026-09-12T07,460636,123,23,False,0.187,0.8049,5
2026-09-12T07,489111,2391,13,False,0.545,0.9908,6
2026-09-12T07,1832841853,2342,79,False,0.7088,0.9065,10
2026-09-12T07,509511,2312,70,False,0.215,0.6306,9
2026-09-12T07,2692,2287,32,False,0.5514,0.9641,6
2026-09-12T07,1630982727,2249,38,False,0.8835,0.98,9
2026-09-12T07,493057,1879,100,True,0.1644,0.4918,13
2026-09-12T07,13332,2118,45,False,0.3088,0.848,7
2026-09-12T07,66170,1899,100,True,0.139,0.4676,9
2026-09-12T07,1597660489,1972,38,False,0.789,0.9528,6
2026-09-12T07,743,1989,36,False,0.4243,0.9553,4
2026-09-12T07,519291,1967,43,False,0.94,0.9842,7
2026-09-12T07,763313082,1945,7,False,0.601,1.0,4
2026-09-12T07,1036710512,1633,99,False,0.0741,0.4207,10
2026-09-12T07,511229,1904,10,False,0.8892,1.0,2
2026-09-12T07,499634,1910,73,False,0.2822,0.8366,7
2026-09-12T07,505884,1848,93,False,0.2327,0.6824,7
2026-09-12T07,1081998272,1677,100,True,0.0865,0.4001,7
2026-09-12T07,1429246898,1796,5,False,0.9154,1.0,2
2026-09-12T07,19976,1785,77,False,0.1457,0.6868,5
2026-09-12T07,502829,1639,41,False,0.2172,0.7999,4
2026-09-12T07,1898040946,1562,99,False,0.589,0.8073,9
2026-09-12T07,509294,1514,1,False,1.0,1.0,1
2026-09-12T07,1931693784,1475,73,False,0.2054,0.7939,6
2026-09-12T07,518184,1409,96,False,0.3754,0.6636,7
2026-09-12T07,513181,1416,100,True,0.0996,0.4993,10
2026-09-12T07,961311546,1461,12,False,0.6489,0.9986,2
2026-09-12T07,495202,1414,21,False,0.925,0.9873,5
2026-09-12T07,168648543,1246,96,False,0.1966,0.6236,7
2026-09-12T07,494184,1370,74,False,0.1781,0.7818,8
2026-09-12T07,1494,546,92,False,0.1081,0.4194,6
2026-09-12T07,488190,1331,33,False,0.6258,0.9249,5
2026-09-12T12,509658,145658,91,False,0.3498,0.5674,15
2026-09-12T12,21779,140228,99,False,0.4609,0.7361,16
2026-09-12T12,513181,111485,100,True,0.3863,0.7068,13
2026-09-12T12,509672,112319,100,True,0.1524,0.6361,14
2026-09-12T12,743893402,73004,100,True,0.0668,0.3963,14
2026-09-12T12,516575,77833,95,False,0.18,0.6934,13
2026-09-12T12,32982,64771,99,False,0.0628,0.3636,9
2026-09-12T12,32399,71526,97,False,0.1594,0.5706,14
2026-09-12T12,29595,57384,99,False,0.1229,0.5408,7
2026-09-12T12,55453844,34290,100,True,0.2744,0.925,7
2026-09-12T12,18122,23059,97,False,0.0965,0.5306,7
2026-09-12T12,498566,26121,63,False,0.1818,0.7365,12
2026-09-12T12,511224,18438,100,True,0.2685,0.7092,10
2026-09-12T12,508455,20027,100,True,0.3398,0.6864,12
2026-09-12T12,33214,11349,96,False,0.1619,0.5257,11
2026-09-12T12,499973,18699,100,True,0.3596,0.6099,5
2026-09-12T12,1264310518,15797,93,False,0.2034,0.6202,10
2026-09-12T12,27471,10496,97,False,0.1471,0.4609,9
2026-09-12T12,491931,16045,99,False,0.3222,0.7599,15
2026-09-12T12,1820839024,14664,70,False,0.7257,0.9793,8
2026-09-12T12,460630,15607,99,False,0.6759,0.9056,10
2026-09-12T12,27546,16341,100,True,0.2095,0.7327,13
2026-09-12T12,515025,11596,100,True,0.2453,0.6137,10
2026-09-12T12,1702520304,13677,99,False,0.1447,0.6828,13
2026-09-12T12,1826300051,14298,29,False,0.9911,0.9983,5
2026-09-12T12,509862,3659,1,False,1.0,1.0,1
2026-09-12T12,513143,12849,96,False,0.1536,0.6993,13
2026-09-12T12,491487,8425,100,True,0.216,0.5153,13
2026-09-12T12,493057,11275,97,False,0.2059,0.6754,16
2026-09-12T12,1357871551,10705,99,False,0.2353,0.6564,14
2026-09-12T12,327598602,10210,99,False,0.1769,0.7176,17
2026-09-12T12,458781,10687,97,False,0.1454,0.7183,12
2026-09-12T12,498592,8458,100,True,0.1039,0.5733,8
2026-09-12T12,29452,8295,16,False,0.2019,0.9304,2
2026-09-12T12,417528,8268,100,True,0.1439,0.758,13
2026-09-12T12,602040818,7625,100,True,0.1692,0.7182,6
2026-09-12T12,509660,6100,93,False,0.1652,0.5544,11
2026-09-12T12,386821,7167,98,False,0.1087,0.525,13
2026-09-12T12,902998079,6823,98,False,0.3066,0.6466,13
2026-09-12T12,509663,6626,100,True,0.1877,0.6547,12
2026-09-12T12,509659,6206,100,True,0.1384,0.6779,9
2026-09-12T12,66082,5778,97,False,0.8084,0.9348,13
2026-09-12T12,29975,6426,7,False,0.9952,1.0,5
2026-09-12T12,138585,5947,92,False,0.1803,0.8039,11
2026-09-12T12,19619,5265,100,True,0.0708,0.4733,5
2026-09-12T12,512710,4729,99,False,0.0916,0.4762,11
2026-09-12T12,263490,4891,97,False,0.1255,0.6256,12
2026-09-12T12,1286077738,4857,96,False,0.3753,0.8277,11
2026-09-12T12,499634,4954,76,False,0.303,0.871,7
2026-09-12T12,1669431183,4748,93,False,0.1521,0.5291,12
2026-09-12T12,26936,4188,99,False,0.1191,0.4979,10
2026-09-12T12,515474,4739,28,False,0.9234,0.9876,5
2026-09-12T12,272263131,4504,100,True,0.3026,0.6867,7
2026-09-12T12,1282866981,4342,100,True,0.2421,0.6679,13
2026-09-12T12,459931,4599,98,False,0.3092,0.7402,7
2026-09-12T12,24241,3583,94,False,0.1035,0.3656,6
2026-09-12T12,494184,4105,95,False,0.3179,0.8438,9
2026-09-12T12,2132205352,4131,97,False,0.297,0.8054,11
2026-09-12T12,401587136,3827,96,False,0.2592,0.7011,16
2026-09-12T12,512953,3451,98,False,0.0753,0.4781,13
2026-09-12T12,961311546,3881,10,False,0.8323,1.0,3
2026-09-12T12,464339927,3461,100,True,0.1497,0.5293,12
2026-09-12T12,743,3715,44,False,0.8775,0.9787,6
2026-09-12T12,518203,3628,90,False,0.1169,0.766,15
2026-09-12T12,27284,3449,99,False,0.1261,0.4891,11
2026-09-12T12,31339,3404,98,False,0.1296,0.5593,12
2026-09-12T12,687129551,3265,26,False,0.4352,0.9685,4
2026-09-12T12,23020,1686,95,False,0.0937,0.4276,7
2026-09-12T12,1898040946,3298,97,False,0.4942,0.826,12
2026-09-12T12,12839,3295,41,False,0.2088,0.8064,6
2026-09-12T12,30921,2413,97,False,0.1397,0.6196,11
2026-09-12T12,461221,3113,18,False,0.7999,0.9958,5
2026-09-12T12,13332,3050,49,False,0.1951,0.8738,7
2026-09-12T12,19554,2752,98,False,0.4658,0.7191,10
2026-09-12T12,624536948,2510,93,False,0.1434,0.6207,10
2026-09-12T12,32502,2817,41,False,0.5268,0.9212,8
2026-09-12T12,488190,2698,46,False,0.5441,0.8443,7
2026-09-12T12,500188,2523,98,False,0.2679,0.6013,12
2026-09-12T12,1649049051,2601,26,False,0.847,0.975,7
2026-09-12T12,509511,2402,79,False,0.112,0.5641,6
2026-09-12T12,518092,2416,1,False,1.0,1.0,1
2026-09-12T12,512864,2403,34,False,0.5135,0.9521,5
2026-09-12T12,1597660489,2366,49,False,0.574,0.9713,9
2026-09-12T12,71375,2376,78,False,0.2142,0.763,12
2026-09-12T12,1441208453,1851,100,True,0.0773,0.4138,9
2026-09-12T12,511229,2223,11,False,0.9321,0.9996,1
2026-09-12T12,499003,2217,60,False,0.1922,0.7582,9
2026-09-12T12,65632,2041,100,True,0.1269,0.6325,11
2026-09-12T12,903469103,2099,4,False,0.9138,1.0,2
2026-09-12T12,510389,1865,6,False,0.785,1.0,2
2026-09-12T12,538054672,1689,79,False,0.2504,0.7353,11
2026-09-12T12,1258270417,1914,1,False,1.0,1.0,1
2026-09-12T12,502829,1906,59,False,0.1878,0.7109,2
2026-09-12T12,490422,1911,34,False,0.4296,0.9294,5
2026-09-12T12,22848,1837,12,False,0.6919,0.9995,5
2026-09-12T12,531021040,1813,4,False,0.9619,1.0,1
2026-09-12T12,2012789438,1672,100,True,0.2165,0.5467,7
2026-09-12T12,262437666,1717,96,False,0.3174,0.7257,15
2026-09-12T12,2115231542,1839,5,False,0.994,1.0,4
2026-09-12T12,116747788,1764,37,False,0.2358,0.9354,6
2026-09-12T15,509658,180756,94,False,0.0677,0.4102,13
2026-09-12T15,21779,202722,100,True,0.2909,0.7959,16
2026-09-12T15,743893402,114630,100,True,0.1324,0.4817,17
2026-09-12T15,32982,91373,97,False,0.0496,0.3613,10
2026-09-12T15,516575,86748,94,False,0.2344,0.6902,12
2026-09-12T15,32399,85631,97,False,0.2261,0.5775,12
2026-09-12T15,509672,76866,91,False,0.1174,0.5325,13
2026-09-12T15,29595,64263,98,False,0.2071,0.7452,10
2026-09-12T15,18122,58235,99,False,0.2282,0.6173,11
2026-09-12T15,33214,39408,96,False,0.1113,0.5381,10
2026-09-12T15,27471,30992,96,False,0.1131,0.6017,9
2026-09-12T15,498566,35074,78,False,0.1666,0.7175,13
2026-09-12T15,55453844,34117,98,False,0.2104,0.9043,11
2026-09-12T15,508455,26952,100,True,0.2456,0.7167,11
2026-09-12T15,515025,24319,98,False,0.262,0.7582,10
2026-09-12T15,511224,23026,98,False,0.3419,0.7016,10
2026-09-12T15,1264310518,21559,95,False,0.2274,0.6383,8
2026-09-12T15,458781,24849,99,False,0.1677,0.6645,10
2026-09-12T15,491931,20245,98,False,0.2565,0.7478,13
2026-09-12T15,1357871551,19056,100,True,0.4997,0.7883,13
2026-09-12T15,27546,20033,99,False,0.2162,0.7992,13
2026-09-12T15,491487,11348,100,True,0.1706,0.523,12
2026-09-12T15,66366,17337,98,False,0.6343,0.9637,13
2026-09-12T15,327598602,13826,96,False,0.1329,0.6646,13
2026-09-12T15,499973,14689,100,True,0.2921,0.5949,7
2026-09-12T15,1702520304,12887,100,True,0.2158,0.6559,18
2026-09-12T15,518203,12467,96,False,0.2194,0.8028,11
2026-09-12T15,509862,13094,6,False,0.7502,1.0,3
2026-09-12T15,417528,11834,91,False,0.1495,0.7189,15
2026-09-12T15,512710,9053,100,True,0.3105,0.6449,11
2026-09-12T15,513181,9494,100,True,0.162,0.6837,13
2026-09-12T15,138585,10697,97,False,0.2951,0.842,14
2026-09-12T15,509660,7449,100,True,0.1291,0.5191,9
2026-09-12T15,513143,9520,97,False,0.1269,0.6891,16
2026-09-12T15,29452,9654,20,False,0.1825,0.8443,3
2026-09-12T15,19619,8219,99,False,0.1101,0.48,4
2026-09-12T15,386821,8677,100,True,0.1172,0.5054,14
2026-09-12T15,493057,7643,98,False,0.1206,0.6164,18
2026-09-12T15,509663,8519,99,False,0.1254,0.5839,12
2026-09-12T15,902998079,6916,95,False,0.1226,0.5069,11
2026-09-12T15,602040818,6678,99,False,0.1842,0.6364,7
2026-09-12T15,509659,8041,100,True,0.1513,0.6148,9
2026-09-12T15,512953,6790,97,False,0.4046,0.6256,12
2026-09-12T15,1931693784,7729,99,False,0.4073,0.8189,7
2026-09-12T15,460630,5568,97,False,0.1505,0.6209,15
2026-09-12T15,459931,7405,100,True,0.2582,0.7823,7
2026-09-12T15,763595669,7472,3,False,0.9993,1.0,1
2026-09-12T15,263490,6515,100,True,0.1025,0.5891,14
2026-09-12T15,1669431183,6912,97,False,0.1097,0.5013,9
2026-09-12T15,30921,6086,99,False,0.2345,0.7458,13
2026-09-12T15,498592,6748,100,True,0.1269,0.5892,10
2026-09-12T15,23020,3142,96,False,0.0907,0.4691,11
2026-09-12T15,2132205352,5902,96,False,0.3941,0.783,9
2026-09-12T15,29975,6551,8,False,0.9927,1.0,5
2026-09-12T15,1286077738,5916,97,False,0.4195,0.7894,11
2026-09-12T15,26936,5135,97,False,0.0588,0.3992,11
2026-09-12T15,624536948,5727,99,False,0.5062,0.875,8
2026-09-12T15,13263,5990,22,False,0.9285,0.9928,5
2026-09-12T15,24241,3925,100,True,0.054,0.3042,6
2026-09-12T15,499634,5622,94,False,0.2649,0.8577,11
2026-09-12T15,1282866981,4770,100,True,0.2403,0.6375,12
2026-09-12T15,27284,4744,100,True,0.0849,0.4726,9
2026-09-12T15,499003,5253,93,False,0.2125,0.7816,9
2026-09-12T15,464339927,4357,99,False,0.1859,0.5901,13
2026-09-12T15,1063058051,4967,2,False,0.9938,1.0,1
2026-09-12T15,272263131,4684,100,True,0.2938,0.6689,4
2026-09-12T15,116747788,4824,47,False,0.3611,0.9366,8
2026-09-12T15,494184,4754,100,True,0.349,0.833,9
2026-09-12T15,21465,4622,99,False,0.5658,0.8715,13
2026-09-12T15,500188,4161,99,False,0.1596,0.5814,10
2026-09-12T15,213930085,4478,97,False,0.3062,0.8176,11
2026-09-12T15,12839,4319,40,False,0.2866,0.8745,4
2026-09-12T15,728868394,4192,1,False,1.0,1.0,1
2026-09-12T15,2005329090,4153,7,False,0.8469,1.0,1
2026-09-12T15,66082,3309,99,False,0.4669,0.8005,17
2026-09-12T15,1846293708,3989,56,False,0.7937,0.9499,7
2026-09-12T15,2748,3882,66,False,0.4075,0.8418,7
2026-09-12T15,31339,3489,99,False,0.0972,0.5105,9
2026-09-12T15,394568,3793,49,False,0.4743,0.9618,6
2026-09-12T15,506462,3743,30,False,0.8365,0.985,8
2026-09-12T15,497057,3697,100,True,0.6538,0.8215,8
2026-09-12T15,19554,3335,100,True,0.475,0.7895,12
2026-09-12T15,461221,3523,21,False,0.4877,0.9901,5
2026-09-12T15,32502,3557,55,False,0.5454,0.9432,11
2026-09-12T15,1820839024,3386,79,False,0.4306,0.8706,10
2026-09-12T15,513501,3352,89,False,0.5415,0.9016,4
2026-09-12T15,13332,3317,78,False,0.278,0.8631,9
2026-09-12T15,65632,3034,100,True,0.3546,0.6912,12
2026-09-12T15,71375,3303,88,False,0.4305,0.8359,11
2026-09-12T15,670138298,2814,98,False,0.2473,0.8273,3
2026-09-12T15,401587136,2847,99,False,0.144,0.4889,16
2026-09-12T15,743,2998,54,False,0.6278,0.9236,7
2026-09-12T15,515186,2863,98,False,0.8987,0.9371,13
2026-09-12T15,1441208453,2096,100,True,0.0978,0.3955,11
2026-09-12T15,509511,2905,82,False,0.1666,0.5969,7
2026-09-12T15,417752,2793,97,False,0.3255,0.8002,12
2026-09-12T15,400656607,2793,1,False,1.0,1.0,1
2026-09-12T15,1085559783,2694,3,False,0.7346,1.0,1
2026-09-12T15,511229,2689,10,False,0.9483,1.0,1
2026-09-12T15,66170,2328,96,False,0.0713,0.3956,9
2026-09-12T18,18122,670064,100,True,0.28,0.7716,11
2026-09-12T18,509658,209944,97,False,0.0782,0.3452,15
2026-09-12T18,21779,238119,99,False,0.2677,0.789,15
2026-09-12T18,515025,208577,100,True,0.4278,0.8015,13
2026-09-12T18,509663,142808,100,True,0.14,0.5549,13
2026-09-12T18,743893402,107140,100,True,0.1599,0.5307,15
2026-09-12T18,32982,82991,99,False,0.1044,0.4803,10
2026-09-12T18,27471,74920,100,True,0.1812,0.5588,12
2026-09-12T18,509672,82456,100,True,0.1121,0.6133,15
2026-09-12T18,516575,68329,92,False,0.3033,0.7327,12
2026-09-12T18,32399,59008,93,False,0.1702,0.4682,14
2026-09-12T18,33214,45212,99,False,0.1038,0.5457,12
2026-09-12T18,29595,46068,100,True,0.1453,0.588,9
2026-09-12T18,460630,45915,99,False,0.5021,0.9315,12
2026-09-12T18,498566,36404,89,False,0.2312,0.6965,15
2026-09-12T18,515024,37863,100,True,0.1789,0.7722,14
2026-09-12T18,1264310518,23720,100,True,0.1524,0.5274,9
2026-09-12T18,30921,24224,97,False,0.6124,0.9164,12
2026-09-12T18,508455,19523,99,False,0.1682,0.7196,11
2026-09-12T18,27546,23620,99,False,0.2058,0.7906,17
2026-09-12T18,491487,14039,95,False,0.1962,0.5407,13
2026-09-12T18,138585,23485,96,False,0.6829,0.9027,16
2026-09-12T18,66366,23037,100,True,0.6206,0.9588,12
2026-09-12T18,1517377137,21566,96,False,0.8384,0.9775,15
2026-09-12T18,1535225577,21603,85,False,0.9742,0.9932,11
2026-09-12T18,458781,20737,100,True,0.1993,0.7144,11
2026-09-12T18,512953,13847,99,False,0.317,0.7316,11
2026-09-12T18,493057,13987,100,True,0.1998,0.6589,16
2026-09-12T18,1669431183,14673,98,False,0.3432,0.6093,8
2026-09-12T18,511224,9925,98,False,0.0987,0.534,13
2026-09-12T18,499973,13441,100,True,0.2204,0.5993,6
2026-09-12T18,1282866981,13703,100,True,0.4246,0.8577,12
2026-09-12T18,518203,14064,98,False,0.2031,0.7494,13
2026-09-12T18,327598602,10249,99,False,0.1649,0.6646,16
2026-09-12T18,491931,10423,100,True,0.1089,0.6436,17
2026-09-12T18,1357871551,9717,100,True,0.3153,0.5661,14
2026-09-12T18,512710,7559,100,True,0.097,0.4625,14
2026-09-12T18,513143,11067,100,True,0.1305,0.7374,16
2026-09-12T18,417528,11046,100,True,0.1419,0.69,12
2026-09-12T18,19619,9335,100,True,0.0718,0.447,4
2026-09-12T18,29452,10874,23,False,0.1565,0.8178,4
2026-09-12T18,902998079,8102,100,True,0.1259,0.4811,9
2026-09-12T18,263490,9124,98,False,0.2046,0.5402,12
2026-09-12T18,509660,6383,100,True,0.138,0.4285,10
2026-09-12T18,26936,7683,99,False,0.1462,0.4628,9
2026-09-12T18,602040818,6618,100,True,0.0884,0.4879,7
2026-09-12T18,509659,8569,100,True,0.2139,0.7221,8
2026-09-12T18,23020,3703,97,False,0.1048,0.4583,8
2026-09-12T18,506415,7868,72,False,0.9065,0.9626,11
2026-09-12T18,1702520304,6923,100,True,0.1475,0.5937,17
2026-09-12T18,539102438,7557,1,False,1.0,1.0,1
2026-09-12T18,459931,7257,100,True,0.2817,0.7466,7
2026-09-12T18,2132205352,6319,100,True,0.2019,0.6441,8
2026-09-12T18,386821,6629,100,True,0.1137,0.4251,15
2026-09-12T18,13263,6916,29,False,0.8657,0.9873,3
2026-09-12T18,27284,5620,100,True,0.1107,0.4678,10
2026-09-12T18,116747788,6476,47,False,0.2665,0.9365,6
2026-09-12T18,31339,5735,100,True,0.1578,0.6274,10
2026-09-12T18,500188,4715,100,True,0.2223,0.5614,11
2026-09-12T18,24241,4264,100,True,0.0748,0.3736,7
2026-09-12T18,55453844,5780,100,True,0.6152,0.8329,11
2026-09-12T18,491168,5482,49,False,0.6257,0.9841,7
2026-09-12T18,401587136,4968,100,True,0.2166,0.6677,14
2026-09-12T18,32959,5272,61,False,0.4439,0.882,9
2026-09-12T18,1286077738,4904,96,False,0.4515,0.8069,10
2026-09-12T18,498592,5161,100,True,0.2662,0.7314,11
2026-09-12T18,272263131,4862,100,True,0.3174,0.6516,5
2026-09-12T18,65632,4612,99,False,0.1889,0.6199,12
2026-09-12T18,513181,4260,100,True,0.1392,0.5225,12
2026-09-12T18,21465,4809,99,False,0.2599,0.8513,15
2026-09-12T18,499634,4887,98,False,0.3213,0.8885,9
2026-09-12T18,1813168901,4819,87,False,0.1349,0.6516,10
2026-09-12T18,1623972535,4828,53,False,0.7214,0.9546,8
2026-09-12T18,1441208453,3663,100,True,0.2744,0.6533,9
2026-09-12T18,12839,4717,46,False,0.3273,0.9307,6
2026-09-12T18,488190,4628,99,False,0.1361,0.5283,13
2026-09-12T18,490422,4617,53,False,0.3803,0.916,8
2026-09-12T18,464339927,3584,100,True,0.1353,0.4646,12
2026-09-12T18,1898040946,4200,100,True,0.125,0.6852,13
2026-09-12T18,30028,4322,79,False,0.9246,0.9755,10
2026-09-12T18,71375,4295,100,True,0.4622,0.7891,10
2026-09-12T18,2005329090,4124,2,False,0.9743,1.0,1
2026-09-12T18,504461,4037,81,False,0.4171,0.9264,8
2026-09-12T18,461221,3901,30,False,0.5463,0.9821,9
2026-09-12T18,499003,3846,99,False,0.3497,0.7223,7
2026-09-12T18,1931693784,3801,100,True,0.1479,0.708,11
2026-09-12T18,2748,3806,62,False,0.4372,0.8991,10
2026-09-12T18,1846293708,3785,61,False,0.8362,0.9361,7
2026-09-12T18,1996955544,3778,1,False,1.0,1.0,1
2026-09-12T18,624536948,2764,99,False,0.1965,0.5116,13
2026-09-12T18,506462,3515,45,False,0.8706,0.9701,5
2026-09-12T18,66082,2363,95,False,0.3813,0.689,11
2026-09-12T18,493959,2642,100,True,0.1548,0.4156,12
2026-09-12T18,513501,3341,91,False,0.5427,0.871,4
2026-09-12T18,1228709591,3385,26,False,0.9575,0.9905,8
2026-09-12T18,687129551,3323,51,False,0.4147,0.926,5
2026-09-12T18,1871796025,3268,1,False,1.0,1.0,1
2026-09-12T18,1788326126,3262,77,False,0.8492,0.9378,9
2026-09-12T18,12924,3242,47,False,0.3384,0.9195,7
2026-09-12T18,417752,3067,96,False,0.3769,0.8468,12
2026-09-12T22,18122,455683,98,False,0.2615,0.8146,10
2026-09-12T22,509658,195445,94,False,0.1039,0.4272,11
2026-09-12T22,515025,248693,94,False,0.4984,0.8404,11
2026-09-12T22,32982,150210,99,False,0.1635,0.6199,11
2026-09-12T22,743893402,138720,96,False,0.1508,0.6208,13
2026-09-12T22,21779,78450,99,False,0.2601,0.6146,13
2026-09-12T22,509672,72410,95,False,0.2766,0.7309,14
2026-09-12T22,516575,57174,96,False,0.2943,0.7184,10
2026-09-12T22,1264310518,60353,98,False,0.4853,0.8327,8
2026-09-12T22,32399,46173,96,False,0.1029,0.489,13
2026-09-12T22,33214,33462,93,False,0.2354,0.6793,11
2026-09-12T22,460630,45950,95,False,0.7659,0.9587,11
2026-09-12T22,29595,37764,94,False,0.2014,0.7144,6
2026-09-12T22,498566,37425,96,False,0.1233,0.6275,11
2026-09-12T22,27471,21712,97,False,0.0636,0.3953,8
2026-09-12T22,508455,27961,100,True,0.2528,0.7991,11
2026-09-12T22,515024,29039,100,True,0.2437,0.8436,11
2026-09-12T22,138585,28074,100,True,0.4413,0.8001,14
2026-09-12T22,491487,11215,99,False,0.1601,0.5394,10
2026-09-12T22,512953,15771,95,False,0.1524,0.7312,9
2026-09-12T22,902998079,12596,97,False,0.1708,0.5787,10
2026-09-12T22,1669431183,14981,100,True,0.1259,0.5727,8
2026-09-12T22,499973,15334,100,True,0.151,0.6343,5
2026-09-12T22,509663,14423,97,False,0.309,0.6917,10
2026-09-12T22,512710,10034,91,False,0.1051,0.4736,10
2026-09-12T22,12924,14506,97,False,0.4155,0.9001,7
2026-09-12T22,1357871551,12184,99,False,0.2199,0.5089,12
2026-09-12T22,29452,13609,26,False,0.1627,0.7416,4
2026-09-12T22,602040818,10032,100,True,0.172,0.5417,6
2026-09-12T22,458781,12493,100,True,0.2431,0.6937,10
2026-09-12T22,509659,12811,98,False,0.1535,0.6099,9
2026-09-12T22,511224,7622,98,False,0.0882,0.4991,13
2026-09-12T22,518203,11854,97,False,0.5088,0.9297,10
2026-09-12T22,513143,10297,99,False,0.2546,0.7694,13
2026-09-12T22,19619,8840,100,True,0.1029,0.475,5
2026-09-12T22,327598602,8631,100,True,0.2798,0.661,12
2026-09-12T22,1898040946,9654,99,False,0.8622,0.9364,10
2026-09-12T22,493057,8494,100,True,0.2984,0.6709,12
2026-09-12T22,1143686580,9452,51,False,0.4176,0.9892,7
2026-09-12T22,12134,9439,1,False,1.0,1.0,1
2026-09-12T22,2132205352,8606,96,False,0.1937,0.6701,7
2026-09-12T22,491931,7512,100,True,0.1483,0.6699,13
2026-09-12T22,31339,7275,95,False,0.3541,0.7182,7
2026-09-12T22,417528,8014,100,True,0.2327,0.7162,9
2026-09-12T22,509660,5298,96,False,0.167,0.3941,11
2026-09-12T22,26936,6102,95,False,0.0944,0.4967,8
2026-09-12T22,27546,9738,100,True,0.2563,0.8072,16
2026-09-12T22,32959,7375,83,False,0.4423,0.9047,11
2026-09-12T22,23020,3207,100,True,0.16,0.4721,9
2026-09-12T22,504461,6896,95,False,0.3907,0.9477,5
2026-09-12T22,30921,4798,96,False,0.2284,0.717,11
2026-09-12T22,27284,6017,100,True,0.1476,0.4251,9
2026-09-12T22,624536948,5479,100,True,0.3112,0.6476,9
2026-09-12T22,1702520304,6226,100,True,0.2364,0.5618,13
2026-09-12T22,263490,5914,95,False,0.3385,0.7237,9
2026-09-12T22,386821,6060,100,True,0.1493,0.5259,14
2026-09-12T22,539102438,6133,2,False,0.9995,1.0,1
2026-09-12T22,459931,5629,99,False,0.2469,0.6829,4
2026-09-12T22,464339927,4129,100,True,0.2349,0.5151,10
2026-09-12T22,743,5464,47,False,0.8108,0.9603,9
2026-09-12T22,13263,5425,27,False,0.8487,0.9716,4
2026-09-12T22,1319457944,5364,4,False,0.6512,1.0,4
2026-09-12T22,488190,5353,93,False,0.1552,0.6594,13
2026-09-12T22,499634,5198,95,False,0.343,0.8145,8
2026-09-12T22,1282866981,4957,100,True,0.1725,0.6351,13
2026-09-12T22,24241,3542,97,False,0.1053,0.4195,7
2026-09-12T22,493959,3907,97,False,0.1989,0.5808,12
2026-09-12T22,16282,4795,29,False,0.3474,0.9902,2
2026-09-12T22,626298054,4680,8,False,0.7545,1.0,5
2026-09-12T22,272263131,4341,100,True,0.2801,0.6381,6
2026-09-12T22,1286077738,4341,100,True,0.4391,0.8286,8
2026-09-12T22,499003,4628,96,False,0.1482,0.6281,7
2026-09-12T22,1441208453,3096,98,False,0.2452,0.4858,9
2026-09-12T22,1763263,4264,63,False,0.6667,0.9221,2
2026-09-12T22,491168,4289,56,False,0.3215,0.9683,8
2026-09-12T22,500188,3392,100,True,0.1061,0.4882,12
2026-09-12T22,2748,4006,64,False,0.4209,0.9393,8
2026-09-12T22,1813168901,3951,62,False,0.1541,0.758,7
2026-09-12T22,509511,3807,100,True,0.1592,0.508,8
2026-09-12T22,65632,3457,99,False,0.1516,0.6011,9
2026-09-12T22,460951,3572,100,True,0.4264,0.8337,5
2026-09-12T22,252812003,3861,14,False,0.9912,0.9987,7
2026-09-12T22,1826300051,317,36,False,0.2429,0.7382,6
2026-09-12T22,498592,3241,99,False,0.1685,0.6115,16
2026-09-12T22,506462,3259,38,False,0.8368,0.9782,5
2026-09-12T22,66082,2107,100,True,0.1756,0.5102,11
2026-09-12T22,2012789438,2255,98,False,0.098,0.4049,8
2026-09-12T22,1036710512,2566,99,False,0.4108,0.6676,9
2026-09-12T22,513181,2667,100,True,0.195,0.5733,12
2026-09-12T22,401587136,2809,99,False,0.215,0.592,14
2026-09-12T22,1494,878,96,False,0.0763,0.4134,7
2026-09-12T22,7158,3000,3,False,0.9967,1.0,2
2026-09-12T22,461221,2868,19,False,0.5258,0.9913,5
2026-09-12T22,495202,2761,20,False,0.9634,0.9935,5
2026-09-12T22,494184,2729,100,True,0.2305,0.8406,6
2026-09-12T22,2030977008,3667,17,False,0.7709,0.9978,1
2026-09-12T22,417752,2544,100,True,0.6305,0.8223,12
2026-09-12T22,489170,2634,64,False,0.8185,0.9218,9
2026-09-12T22,394568,2598,45,False,0.4873,0.9596,9
2026-09-12T22,2094865572,2561,96,False,0.2585,0.8114,7
2026-09-13T00,18122,324929,100,True,0.1833,0.8189,10
2026-09-13T00,515025,252019,100,True,0.4895,0.8085,11
2026-09-13T00,509658,149349,96,False,0.087,0.442,12
2026-09-13T00,32982,174020,97,False,0.2064,0.7128,9
2026-09-13T00,743893402,118931,100,True,0.3209,0.6545,10
2026-09-13T00,21779,41177,96,False,0.1617,0.526,13
2026-09-13T00,516575,38840,97,False,0.2002,0.6415,10
2026-09-13T00,509672,42160,97,False,0.1351,0.528,11
2026-09-13T00,32399,35609,100,True,0.1265,0.551,12
2026-09-13T00,33214,21585,98,False,0.2504,0.5257,10
2026-09-13T00,27471,21679,96,False,0.2224,0.6112,8
2026-09-13T00,29452,35326,30,False,0.6317,0.921,3
2026-09-13T00,29595,31814,100,True,0.1955,0.7379,5
2026-09-13T00,498566,32240,96,False,0.11,0.6567,12
2026-09-13T00,1264310518,20747,98,False,0.1879,0.5637,7
2026-09-13T00,508455,21759,97,False,0.1521,0.7107,12
2026-09-13T00,491487,14364,98,False,0.1857,0.5845,9
2026-09-13T00,499973,23007,100,True,0.2286,0.7017,6
2026-09-13T00,138585,17871,100,True,0.509,0.8469,13
2026-09-13T00,515024,17234,100,True,0.4333,0.8526,9
2026-09-13T00,509663,14665,94,False,0.3034,0.7925,5
2026-09-13T00,460630,11766,100,True,0.3443,0.8103,8
2026-09-13T00,511224,10025,100,True,0.2741,0.6352,11
2026-09-13T00,902998079,9934,96,False,0.11,0.5024,7
2026-09-13T00,512953,12666,100,True,0.1871,0.7894,11
2026-09-13T00,602040818,9993,100,True,0.1964,0.5753,5
2026-09-13T00,66082,2141,98,False,0.2457,0.5199,7
2026-09-13T00,458781,12728,100,True,0.2007,0.7103,7
2026-09-13T00,1357871551,11722,95,False,0.2369,0.5604,11
2026-09-13T00,12924,12942,98,False,0.7779,0.9475,9
2026-09-13T00,1669431183,11401,100,True,0.1493,0.6054,8
2026-09-13T00,512710,7316,91,False,0.1024,0.4548,7
2026-09-13T00,491931,9937,98,False,0.3727,0.7638,13
2026-09-13T00,23020,5997,98,False,0.3165,0.685,7
2026-09-13T00,19619,8098,97,False,0.0752,0.4325,4
2026-09-13T00,509659,9051,97,False,0.0904,0.5244,10
2026-09-13T00,30921,7139,92,False,0.5737,0.8192,7
2026-09-13T00,493057,8015,98,False,0.1585,0.6502,14
2026-09-13T00,513143,8601,96,False,0.4219,0.7675,15
2026-09-13T00,327598602,7650,100,True,0.1706,0.6331,10
2026-09-13T00,509660,5608,100,True,0.1489,0.4091,8
2026-09-13T00,75467,7616,69,False,0.7701,0.9719,15
2026-09-13T00,504461,7131,100,True,0.4657,0.9417,6
2026-09-13T00,16282,6880,29,False,0.4952,0.9927,3
2026-09-13T00,417528,6694,98,False,0.2511,0.702,10
2026-09-13T00,26936,5369,95,False,0.1093,0.4893,8
2026-09-13T00,539102438,6530,1,False,1.0,1.0,1
2026-09-13T00,1702520304,6055,100,True,0.253,0.614,13
2026-09-13T00,513181,5965,99,False,0.3262,0.7841,10
2026-09-13T00,27546,6309,97,False,0.2985,0.8374,15
2026-09-13T00,499003,6166,96,False,0.2498,0.7343,7
2026-09-13T00,27284,5512,98,False,0.1597,0.4546,9
2026-09-13T00,386821,5560,97,False,0.184,0.5326,12
2026-09-13T00,464339927,4421,100,True,0.2705,0.5417,10
2026-09-13T00,24241,4205,95,False,0.1363,0.4847,6
2026-09-13T00,2132205352,4794,100,True,0.1596,0.6091,8
2026-09-13T00,459931,4120,99,False,0.1478,0.5896,5
2026-09-13T00,31339,4676,100,True,0.1405,0.5282,7
2026-09-13T00,272263131,4902,100,True,0.2452,0.703,5
2026-09-13T00,1312907092,5077,55,False,0.3902,0.8645,8
2026-09-13T00,460951,4256,94,False,0.4253,0.8957,7
2026-09-13T00,1282866981,4182,100,True,0.1447,0.6265,12
2026-09-13T00,670138298,3547,98,False,0.3516,0.7384,2
2026-09-13T00,624536948,2558,96,False,0.12,0.5305,9
2026-09-13T00,493959,3282,98,False,0.1999,0.5314,8
2026-09-13T00,32959,3967,63,False,0.4318,0.9029,8
2026-09-13T00,498592,3904,100,True,0.1286,0.5784,18
2026-09-13T00,1441208453,2431,100,True,0.1205,0.4035,9
2026-09-13T00,499634,3875,88,False,0.5561,0.8599,10
2026-09-13T00,500188,3263,100,True,0.1014,0.471,7
2026-09-13T00,2030977008,3499,15,False,0.7794,0.9974,1
2026-09-13T00,2012789438,2446,95,False,0.1623,0.5131,5
2026-09-13T00,743,3416,36,False,0.8984,0.9737,8
2026-09-13T00,252812003,3402,12,False,0.9888,0.9994,6
2026-09-13T00,518203,3320,99,False,0.3708,0.7964,8
2026-09-13T00,263490,2952,100,True,0.0637,0.48,9
2026-09-13T00,1763263,3251,44,False,0.7109,0.9289,2
2026-09-13T00,1081998272,2794,100,True,0.4742,0.6589,5
2026-09-13T00,66170,2668,100,True,0.1346,0.464,6
2026-09-13T00,2748,3019,67,False,0.582,0.9241,6
2026-09-13T00,1494,1052,100,True,0.0713,0.4325,6
2026-09-13T00,483253897,2951,3,False,0.9976,1.0,1
2026-09-13T00,491168,3149,50,False,0.684,0.973,8
2026-09-13T00,55453844,2850,100,True,0.2133,0.7537,6
2026-09-13T00,1813168901,2852,63,False,0.1501,0.7069,7
2026-09-13T00,1846293708,2823,66,False,0.7598,0.892,4
2026-09-13T00,488190,2797,56,False,0.2853,0.7583,10
2026-09-13T00,65632,2467,97,False,0.2282,0.6478,10
2026-09-13T00,13332,2674,99,False,0.2805,0.7476,6
2026-09-13T00,7158,2716,3,False,0.9948,1.0,2
2026-09-13T00,2094865572,2561,100,True,0.3354,0.8001,6
2026-09-13T00,509511,3036,94,False,0.2121,0.5445,7
2026-09-13T00,1344678544,2543,2,False,0.9996,1.0,2
2026-09-13T00,461221,2517,17,False,0.5471,0.9932,4
2026-09-13T00,497057,2239,99,False,0.1023,0.4632,8
2026-09-13T00,489170,2485,59,False,0.7783,0.9203,9
2026-09-13T00,394568,2404,38,False,0.5379,0.9651,4
2026-09-13T00,1148603226,2371,10,False,0.9814,1.0,4
2026-09-13T00,518184,1894,99,False,0.2175,0.5164,6
2026-09-13T00,493174,2282,47,False,0.5649,0.8576,5
2026-09-13T04,509658,102474,95,False,0.1119,0.4252,10
2026-09-13T04,743893402,113228,99,False,0.4186,0.7419,11
2026-09-13T04,32982,109126,100,True,0.3389,0.7698,6
2026-09-13T04,515025,75754,98,False,0.35,0.8333,11
2026-09-13T04,21779,47000,95,False,0.2426,0.5584,10
2026-09-13T04,18122,55941,96,False,0.3316,0.7264,8
2026-09-13T04,516575,35749,97,False,0.1952,0.6739,8
2026-09-13T04,509672,33358,99,False,0.289,0.6325,9
2026-09-13T04,27471,21442,100,True,0.4697,0.7376,6
2026-09-13T04,1264310518,17510,97,False,0.2049,0.5447,4
2026-09-13T04,33214,12232,94,False,0.067,0.3962,5
2026-09-13T04,32399,22207,97,False,0.1202,0.5131,6
2026-09-13T04,498566,18388,61,False,0.167,0.7112,8
2026-09-13T04,29595,17245,100,True,0.125,0.6723,9
2026-09-13T04,491487,7375,100,True,0.1281,0.3993,8
2026-09-13T04,29452,16663,31,False,0.1338,0.6767,4
2026-09-13T04,508455,11814,99,False,0.1882,0.7235,9
2026-09-13T04,602040818,9834,99,False,0.2486,0.5379,3
2026-09-13T04,902998079,9200,97,False,0.1339,0.5263,6
2026-09-13T04,12924,13190,69,False,0.8943,0.9779,6
2026-09-13T04,499973,11994,100,True,0.0945,0.4654,5
2026-09-13T04,511224,7218,99,False,0.1615,0.5272,7
2026-09-13T04,512710,6946,100,True,0.1018,0.4774,6
2026-09-13T04,1357871551,10147,99,False,0.1573,0.7077,9
2026-09-13T04,509659,9992,100,True,0.1038,0.5273,8
2026-09-13T04,1295347933,9767,4,False,0.9307,1.0,1
2026-09-13T04,16676,9584,32,False,0.9527,0.9958,4
2026-09-13T04,1669431183,8552,100,True,0.2035,0.5103,7
2026-09-13T04,491931,7985,98,False,0.2252,0.7078,7
2026-09-13T04,327598602,7329,100,True,0.2206,0.653,10
2026-09-13T04,515024,8624,100,True,0.3367,0.8494,9
2026-09-13T04,511399,8405,15,False,0.8272,0.9989,5
2026-09-13T04,66082,7372,100,True,0.6247,0.8664,6
2026-09-13T04,513143,7935,96,False,0.2833,0.8527,9
2026-09-13T04,27284,7049,96,False,0.1541,0.4262,5
2026-09-13T04,458781,7655,100,True,0.1373,0.7012,9
2026-09-13T04,509660,5887,98,False,0.1454,0.4478,9
2026-09-13T04,23020,3470,99,False,0.2867,0.5352,5
2026-09-13T04,498592,6998,100,True,0.1579,0.5547,19
2026-09-13T04,509663,6907,99,False,0.3738,0.6919,7
2026-09-13T04,464339927,5369,100,True,0.2341,0.6558,7
2026-09-13T04,19619,5834,98,False,0.1083,0.5178,4
2026-09-13T04,417528,6571,100,True,0.1735,0.7585,7
2026-09-13T04,460630,3396,96,False,0.2532,0.5365,6
2026-09-13T04,2132205352,5516,100,True,0.1644,0.6447,5
2026-09-13T04,489405,5669,50,False,0.308,0.8905,5
2026-09-13T04,499003,5403,100,True,0.3109,0.5547,3
2026-09-13T04,138585,5585,64,False,0.2272,0.9071,12
2026-09-13T04,512953,4985,97,False,0.1442,0.5771,9
2026-09-13T04,26936,4137,95,False,0.11,0.4929,7
2026-09-13T04,24241,3347,99,False,0.0589,0.2782,6
2026-09-13T04,1702520304,4800,97,False,0.3096,0.6581,10
2026-09-13T04,272263131,4594,100,True,0.2255,0.7166,6
2026-09-13T04,493959,2340,97,False,0.3325,0.55,4
2026-09-13T04,1282866981,4551,98,False,0.3863,0.7293,10
2026-09-13T04,723826053,4646,21,False,0.9768,0.9961,4
2026-09-13T04,1441208453,3192,100,True,0.2484,0.5294,9
2026-09-13T04,386821,4273,99,False,0.0999,0.4774,11
2026-09-13T04,512708,4143,16,False,0.6408,0.9964,3
2026-09-13T04,30921,2369,93,False,0.2782,0.5956,6
2026-09-13T04,2012789438,2605,95,False,0.1885,0.4983,4
2026-09-13T04,116747788,3518,48,False,0.693,0.9457,6
2026-09-13T04,27546,3449,70,False,0.3592,0.8974,12
2026-09-13T04,459931,3115,95,False,0.1435,0.6742,4
2026-09-13T04,324632683,3315,2,False,0.9997,1.0,2
2026-09-13T04,493057,2588,95,False,0.1059,0.5545,9
2026-09-13T04,55453844,2914,100,True,0.2859,0.7179,6
2026-09-13T04,1678532194,2364,96,False,0.547,0.8934,2
2026-09-13T04,624536948,2043,100,True,0.1997,0.6823,5
2026-09-13T04,13332,2671,72,False,0.2201,0.8229,6
2026-09-13T04,31339,2328,100,True,0.1194,0.4631,8
2026-09-13T04,509511,2662,75,False,0.2509,0.6153,4
2026-09-13T04,1494,897,99,False,0.0836,0.4236,5
2026-09-13T04,1813168901,2585,58,False,0.1625,0.7443,7
2026-09-13T04,670138298,1827,100,True,0.2392,0.6114,1
2026-09-13T04,500188,2171,95,False,0.0617,0.4265,7
2026-09-13T04,967107115,2423,3,False,0.9988,1.0,2
2026-09-13T04,19976,2376,74,False,0.157,0.7584,6
2026-09-13T04,34134,2152,99,False,0.5088,0.8717,4
2026-09-13T04,1081998272,1551,100,True,0.0806,0.3752,7
2026-09-13T04,401587136,2015,98,False,0.3613,0.6973,9
2026-09-13T04,1294658629,1340,96,False,0.0351,0.2328,6
2026-09-13T04,497057,1773,100,True,0.154,0.4258,5
2026-09-13T04,1898040946,1635,95,False,0.1743,0.6196,6
2026-09-13T04,7022,1991,41,False,0.9543,0.9784,6
2026-09-13T04,263490,1773,99,False,0.1963,0.6086,7
2026-09-13T04,513181,1650,99,False,0.2327,0.5127,7
2026-09-13T04,197489698,1929,19,False,0.9533,0.9953,5
2026-09-13T04,1286077738,1642,99,False,0.1425,0.4866,7
2026-09-13T04,65876,1796,100,True,0.7439,0.8842,8
2026-09-13T04,66170,1534,100,True,0.043,0.3005,6
2026-09-13T04,65632,1735,99,False,0.249,0.7268,9
2026-09-13T04,168648543,1406,98,False,0.1294,0.5498,6
2026-09-13T04,518184,1380,100,True,0.1058,0.3884,5
2026-09-13T04,1036710512,1311,95,False,0.2059,0.4691,6
2026-09-13T04,518092,1758,1,False,1.0,1.0,1
2026-09-13T04,328743470,1733,2,False,0.9994,1.0,2
2026-09-13T04,17828,1725,25,False,0.5635,0.982,4
2026-09-13T04,461221,1712,10,False,0.9194,1.0,3
2026-09-13T04,456845141,1663,100,True,0.2682,0.7438,8
2026-09-13T11,509658,138143,100,True,0.0671,0.3965,9
2026-09-13T11,516575,170095,97,False,0.4102,0.7645,14
2026-09-13T11,21779,143659,99,False,0.4485,0.7298,17
2026-09-13T11,18122,108081,100,True,0.1908,0.6986,9
2026-09-13T11,32982,101656,100,True,0.4169,0.6088,7
2026-09-13T11,32399,100353,96,False,0.1812,0.6126,11
2026-09-13T11,743893402,89189,100,True,0.1869,0.5525,15
2026-09-13T11,511224,98064,100,True,0.1788,0.7291,8
2026-09-13T11,509672,85585,100,True,0.1609,0.6737,15
2026-09-13T11,509663,68951,98,False,0.8928,0.9809,12
2026-09-13T11,29595,44335,98,False,0.2653,0.6935,8
2026-09-13T11,515025,37012,99,False,0.2944,0.7893,12
2026-09-13T11,508455,35541,100,True,0.2694,0.7873,13
2026-09-13T11,55453844,30013,98,False,0.2172,0.9002,6
2026-09-13T11,498566,26365,65,False,0.2859,0.7971,12
2026-09-13T11,27471,14757,100,True,0.1304,0.5103,11
2026-09-13T11,33214,12069,98,False,0.1221,0.4225,12
2026-09-13T11,499973,17422,100,True,0.3399,0.6064,6
2026-09-13T11,27546,17855,100,True,0.2387,0.8146,13
2026-09-13T11,1264310518,10499,97,False,0.1284,0.5072,9
2026-09-13T11,29452,12412,20,False,0.1409,0.7763,3
2026-09-13T11,491487,7119,91,False,0.1105,0.4682,12
2026-09-13T11,493057,11054,100,True,0.1804,0.6859,15
2026-09-13T11,458781,10807,100,True,0.1438,0.7189,11
2026-09-13T11,264440038,10797,3,False,0.5175,1.0,2
2026-09-13T11,1357871551,9828,99,False,0.2224,0.6113,14
2026-09-13T11,513143,10289,94,False,0.1377,0.7352,13
2026-09-13T11,491931,9511,100,True,0.2246,0.5845,17
2026-09-13T11,515024,10333,100,True,0.2259,0.7973,14
2026-09-13T11,1702520304,9884,100,True,0.1245,0.5972,15
2026-09-13T11,902998079,9549,95,False,0.2515,0.7643,12
2026-09-13T11,498592,8107,100,True,0.0877,0.5337,10
2026-09-13T11,509660,7092,99,False,0.1528,0.5172,13
2026-09-13T11,138585,8447,97,False,0.1963,0.7275,13
2026-09-13T11,504461,8146,32,False,0.7059,0.9944,5
2026-09-13T11,417528,7608,93,False,0.1664,0.816,11
2026-09-13T11,1669431183,7420,100,True,0.2792,0.592,9
2026-09-13T11,327598602,6563,100,True,0.3919,0.7213,15
2026-09-13T11,12924,7287,93,False,0.4651,0.8746,13
2026-09-13T11,512710,5972,100,True,0.1147,0.4841,13
2026-09-13T11,509659,6945,100,True,0.2085,0.6914,8
2026-09-13T11,386821,6400,99,False,0.1695,0.5853,14
2026-09-13T11,27284,6369,99,False,0.3352,0.6722,12
2026-09-13T11,602040818,5612,93,False,0.2463,0.6964,8
2026-09-13T11,263490,5503,99,False,0.2028,0.722,7
2026-09-13T11,518203,5365,91,False,0.1062,0.6664,13
2026-09-13T11,1901865180,5458,67,False,0.3675,0.961,11
2026-09-13T11,459931,5320,98,False,0.1731,0.7105,6
2026-09-13T11,2132205352,4846,99,False,0.1785,0.7437,10
2026-09-13T11,19619,4435,97,False,0.0681,0.4918,4
2026-09-13T11,1282866981,4443,97,False,0.2408,0.6156,11
2026-09-13T11,272263131,4534,100,True,0.2852,0.6586,5
2026-09-13T11,500188,4530,100,True,0.3673,0.6969,9
2026-09-13T11,401587136,4353,95,False,0.1617,0.6997,19
2026-09-13T11,1813168901,4673,53,False,0.223,0.7494,7
2026-09-13T11,460630,3811,98,False,0.1748,0.64,12
2026-09-13T11,499634,4339,81,False,0.3929,0.9318,8
2026-09-13T11,743,4112,32,False,0.6488,0.9895,4
2026-09-13T11,24241,3510,99,False,0.0581,0.3308,7
2026-09-13T11,31339,3840,99,False,0.1224,0.6341,13
2026-09-13T11,513181,3634,96,False,0.254,0.6293,13
2026-09-13T11,30921,3208,97,False,0.1524,0.7095,13
2026-09-13T11,1081998272,3652,96,False,0.4157,0.8001,11
2026-09-13T11,23020,1875,92,False,0.1584,0.5029,9
2026-09-13T11,464339927,3237,98,False,0.1585,0.4547,12
2026-09-13T11,512953,3271,96,False,0.2039,0.5472,14
2026-09-13T11,494184,3571,100,True,0.3884,0.8225,12
2026-09-13T11,29975,3483,3,False,0.9934,1.0,2
2026-09-13T11,488190,3442,47,False,0.448,0.8704,8
2026-09-13T11,26936,2921,98,False,0.0989,0.492,11
2026-09-13T11,12839,3166,32,False,0.235,0.898,4
2026-09-13T11,93798731,3178,95,False,0.269,0.927,14
2026-09-13T11,687129551,3350,26,False,0.4167,0.9839,4
2026-09-13T11,624536948,2728,97,False,0.1543,0.6683,12
2026-09-13T11,502829,2959,70,False,0.3941,0.8314,4
2026-09-13T11,495202,2876,14,False,0.4256,0.999,2
2026-09-13T11,493959,2536,96,False,0.3103,0.776,15
2026-09-13T11,509511,2516,82,False,0.0636,0.4849,6
2026-09-13T11,1286077738,2362,100,True,0.3201,0.5978,9
2026-09-13T11,65632,2385,100,True,0.1006,0.6382,12
2026-09-13T11,1441208453,1953,100,True,0.0973,0.4194,13
2026-09-13T11,512864,2391,36,False,0.5245,0.9431,6
2026-09-13T11,13332,2306,60,False,0.4042,0.8552,8
2026-09-13T11,262437666,2040,95,False,0.1314,0.6441,11
2026-09-13T11,509667,2187,35,False,0.3786,0.8816,6
2026-09-13T11,1931693784,2132,63,False,0.2054,0.8579,8
2026-09-13T11,961311546,2119,11,False,0.9542,0.9995,3
2026-09-13T11,511229,2075,17,False,0.9239,0.9942,1
2026-09-13T11,71375,2009,69,False,0.2593,0.8198,8
2026-09-13T11,499003,2049,51,False,0.3729,0.8585,7
2026-09-13T11,1414860634,1976,53,False,0.539,0.9499,9
2026-09-13T11,515214,1957,16,False,0.5478,0.9969,7
2026-09-13T11,209738946,1969,100,True,0.3936,0.7318,13
2026-09-13T11,110758,1831,36,False,0.7952,0.9459,7
2026-09-13T11,1623972535,1814,18,False,0.9283,0.9928,5
2026-09-13T11,490422,1794,39,False,0.2993,0.8534,8
2026-09-13T11,1951012895,1765,8,False,0.5547,1.0,6
2026-09-13T11,1751366933,1762,11,False,0.6345,0.9994,4
2026-09-13T11,630009802,1731,14,False,0.4622,0.9983,5
2026-09-13T11,32502,1655,26,False,0.4133,0.9613,8
2026-09-13T16,509658,191853,100,True,0.0583,0.3141,15
2026-09-13T16,18122,157831,98,False,0.1694,0.6693,9
2026-09-13T16,32982,137720,100,True,0.2596,0.5854,8
2026-09-13T16,743893402,116968,100,True,0.1312,0.4593,14
2026-09-13T16,515025,129412,98,False,0.3809,0.8169,10
2026-09-13T16,32399,110994,99,False,0.1577,0.598,14
2026-09-13T16,509672,113569,100,True,0.1881,0.7153,15
2026-09-13T16,21779,76147,97,False,0.079,0.5103,16
2026-09-13T16,516575,67729,99,False,0.0722,0.4816,14
2026-09-13T16,29595,68217,100,True,0.1379,0.6929,8
2026-09-13T16,27546,50888,100,True,0.5374,0.8909,14
2026-09-13T16,27471,35008,95,False,0.1245,0.5808,10
2026-09-13T16,33214,19901,98,False,0.0577,0.3522,11
2026-09-13T16,508455,32102,99,False,0.3048,0.732,12
2026-09-13T16,458781,32660,100,True,0.1656,0.7055,11
2026-09-13T16,498566,33327,86,False,0.2373,0.6641,15
2026-09-13T16,2692,29667,48,False,0.9575,0.9933,7
2026-09-13T16,55453844,26645,94,False,0.3255,0.9206,10
2026-09-13T16,499973,21451,100,True,0.1634,0.6849,6
2026-09-13T16,460630,19242,99,False,0.4078,0.8372,15
2026-09-13T16,518203,20654,100,True,0.2464,0.7113,10
2026-09-13T16,491487,13352,100,True,0.1256,0.5324,13
2026-09-13T16,511224,14645,100,True,0.2789,0.6515,13
2026-09-13T16,1264310518,14165,95,False,0.0986,0.4964,9
2026-09-13T16,504461,17206,62,False,0.5596,0.9834,8
2026-09-13T16,491931,15800,98,False,0.2363,0.759,16
2026-09-13T16,138585,16807,98,False,0.3756,0.8131,14
2026-09-13T16,515024,15793,100,True,0.2396,0.7619,14
2026-09-13T16,66366,15257,97,False,0.6161,0.9525,13
2026-09-13T16,12924,14698,100,True,0.2762,0.8178,12
2026-09-13T16,513143,13372,100,True,0.2002,0.7359,17
2026-09-13T16,493057,11625,95,False,0.1514,0.6754,16
2026-09-13T16,1357871551,10926,100,True,0.1554,0.553,16
2026-09-13T16,29452,12650,24,False,0.1362,0.6993,7
2026-09-13T16,1669431183,11943,100,True,0.2216,0.648,11
2026-09-13T16,1114331153,12016,19,False,0.329,0.9983,6
2026-09-13T16,902998079,10658,98,False,0.2485,0.6587,9
2026-09-13T16,417528,11856,100,True,0.152,0.7343,13
2026-09-13T16,93798731,11718,100,True,0.4541,0.9335,11
2026-09-13T16,327598602,9253,100,True,0.1411,0.5448,19
2026-09-13T16,1702520304,10097,100,True,0.185,0.6729,12
2026-09-13T16,512710,7953,97,False,0.1296,0.5231,11
2026-09-13T16,116747788,10043,44,False,0.8893,0.9903,7
2026-09-13T16,509660,6045,98,False,0.1249,0.3395,11
2026-09-13T16,498592,9081,100,True,0.4221,0.7857,7
2026-09-13T16,509659,9263,100,True,0.2092,0.68,8
2026-09-13T16,1143686580,1379,41,False,0.8949,0.9623,12
2026-09-13T16,488190,8884,100,True,0.195,0.6655,10
2026-09-13T16,386821,8549,100,True,0.1362,0.513,14
2026-09-13T16,459931,8512,99,False,0.1733,0.7231,5
2026-09-13T16,763595669,8509,3,False,0.9939,1.0,2
2026-09-13T16,1931693784,8235,86,False,0.3344,0.9084,10
2026-09-13T16,512953,7160,98,False,0.4986,0.7211,16
2026-09-13T16,19619,7038,100,True,0.0786,0.4065,4
2026-09-13T16,2132205352,7808,99,False,0.3197,0.7976,8
2026-09-13T16,24241,6658,97,False,0.2546,0.5948,8
2026-09-13T16,602040818,6555,97,False,0.2008,0.623,8
2026-09-13T16,263490,6896,98,False,0.1765,0.7069,12
2026-09-13T16,513181,6346,97,False,0.2309,0.659,13
2026-09-13T16,506415,7011,53,False,0.9271,0.9817,12
2026-09-13T16,539102438,6997,2,False,0.9997,1.0,2
2026-09-13T16,509663,6738,95,False,0.1774,0.6272,10
2026-09-13T16,30921,4788,97,False,0.1343,0.6295,12
2026-09-13T16,66082,5518,100,True,0.7146,0.8837,15
2026-09-13T16,31339,5673,99,False,0.1227,0.5963,11
2026-09-13T16,23020,2882,97,False,0.0916,0.4618,9
2026-09-13T16,27284,5574,100,True,0.1241,0.4657,9
2026-09-13T16,1282866981,5504,99,False,0.2538,0.6432,12
2026-09-13T16,499634,5616,94,False,0.2865,0.8716,10
2026-09-13T16,13389,5596,45,False,0.5395,0.9444,9
2026-09-13T16,2005329090,5477,4,False,0.939,1.0,2
2026-09-13T16,272263131,5177,100,True,0.2996,0.6963,5
2026-09-13T16,401587136,5051,99,False,0.2196,0.7339,16
2026-09-13T16,1286077738,5111,100,True,0.3723,0.7942,10
2026-09-13T16,13263,5147,30,False,0.8123,0.9759,5
2026-09-13T16,490422,5301,47,False,0.3286,0.8991,8
2026-09-13T16,26936,4017,97,False,0.0886,0.4122,11
2026-09-13T16,29975,4990,9,False,0.987,1.0,6
2026-09-13T16,509511,3075,85,False,0.1681,0.5831,8
2026-09-13T16,494184,4483,100,True,0.3589,0.8146,10
2026-09-13T16,2748,4498,56,False,0.4884,0.9015,8
2026-09-13T16,1649049051,4377,19,False,0.6623,0.997,6
2026-09-13T16,12839,4328,38,False,0.2544,0.8976,4
2026-09-13T16,416015,4107,34,False,0.5625,0.954,8
2026-09-13T16,1813168901,4188,60,False,0.1509,0.713,11
2026-09-13T16,464339927,3196,95,False,0.1536,0.4969,12
2026-09-13T16,500188,3527,100,True,0.2906,0.5549,13
2026-09-13T16,330654616,3839,11,False,0.3058,0.9997,3
2026-09-13T16,499003,4039,91,False,0.2543,0.7286,8
2026-09-13T16,71375,3807,96,False,0.5028,0.84,9
2026-09-13T16,509667,3682,44,False,0.387,0.8886,7
2026-09-13T16,670138298,3046,99,False,0.4173,0.8106,3
2026-09-13T16,1751366933,3625,16,False,0.8389,0.997,6
2026-09-13T16,513501,3568,100,True,0.4268,0.8576,7
2026-09-13T16,65632,3058,99,False,0.1442,0.534,14
2026-09-13T16,961311546,3395,21,False,0.8851,0.9915,6
2026-09-13T16,497480,141,33,False,0.1348,0.7234,11
2026-09-13T16,511229,3326,7,False,0.9741,1.0,2
2026-09-13T16,743,3309,52,False,0.4331,0.9577,7
2026-09-13T16,459676,3307,18,False,0.994,0.9985,4
2026-09-13T18,509658,444680,97,False,0.0876,0.5045,16
2026-09-13T18,18122,319404,100,True,0.1783,0.7424,10
2026-09-13T18,515025,258193,99,False,0.4851,0.8149,12
2026-09-13T18,743893402,162432,98,False,0.0932,0.5218,15
2026-09-13T18,32982,124517,98,False,0.1932,0.5609,14
2026-09-13T18,21779,69144,100,True,0.1696,0.579,15
2026-09-13T18,32399,59094,94,False,0.2326,0.5183,13
2026-09-13T18,516575,53457,97,False,0.1431,0.5753,13
2026-09-13T18,29595,66091,99,False,0.1558,0.6252,6
2026-09-13T18,33214,47619,96,False,0.0978,0.4483,12
2026-09-13T18,509672,64047,100,True,0.1933,0.6044,16
2026-09-13T18,27471,46991,100,True,0.1285,0.5992,10
2026-09-13T18,498566,50099,96,False,0.1253,0.5296,16
2026-09-13T18,511224,38893,100,True,0.325,0.7555,11
2026-09-13T18,27546,36604,99,False,0.5128,0.8187,14
2026-09-13T18,138585,35811,98,False,0.5389,0.8391,13
2026-09-13T18,515024,32971,99,False,0.1559,0.6341,12
2026-09-13T18,508455,24741,96,False,0.2328,0.7119,11
2026-09-13T18,2692,27604,53,False,0.9571,0.9919,6
2026-09-13T18,493057,25631,99,False,0.3916,0.7863,19
2026-09-13T18,458781,26336,98,False,0.174,0.7307,9
2026-09-13T18,1264310518,20154,96,False,0.1602,0.514,8
2026-09-13T18,509663,25434,98,False,0.4508,0.8474,12
2026-09-13T18,460630,21718,94,False,0.5218,0.9034,12
2026-09-13T18,518203,20250,100,True,0.1791,0.7052,10
2026-09-13T18,1535225577,20348,98,False,0.9692,0.9922,10
2026-09-13T18,491487,9599,100,True,0.0921,0.4023,12
2026-09-13T18,1669431183,16084,100,True,0.2235,0.6903,10
2026-09-13T18,1399132715,16470,6,False,0.9934,1.0,4
2026-09-13T18,12924,15191,98,False,0.3671,0.8421,9
2026-09-13T18,504461,14919,69,False,0.757,0.981,8
2026-09-13T18,417752,14193,100,True,0.5737,0.937,11
2026-09-13T18,30921,12263,96,False,0.7167,0.8807,12
2026-09-13T18,902998079,11875,98,False,0.1915,0.6904,12
2026-09-13T18,491931,12747,97,False,0.2712,0.7521,15
2026-09-13T18,512953,12616,100,True,0.3609,0.79,10
2026-09-13T18,499973,12844,100,True,0.176,0.5877,6
2026-09-13T18,1429246898,14157,11,False,0.9171,0.9997,4
2026-09-13T18,66366,13466,100,True,0.5896,0.9176,13
2026-09-13T18,55453844,12142,100,True,0.3536,0.857,9
2026-09-13T18,512710,8049,96,False,0.1237,0.5217,12
2026-09-13T18,1357871551,9203,99,False,0.1312,0.4778,13
2026-09-13T18,29452,11936,31,False,0.1441,0.7444,7
2026-09-13T18,1702520304,11337,100,True,0.1534,0.6849,12
2026-09-13T18,513143,11075,95,False,0.3167,0.713,17
2026-09-13T18,488190,10677,100,True,0.2277,0.5606,11
2026-09-13T18,676802825,10817,100,True,0.1996,0.8993,10
2026-09-13T18,31339,9745,95,False,0.3156,0.7186,12
2026-09-13T18,165873081,10343,4,False,0.998,1.0,2
2026-09-13T18,509660,6374,99,False,0.121,0.364,11
2026-09-13T18,417528,9550,100,True,0.2082,0.6883,11
2026-09-13T18,2132205352,8179,100,True,0.2005,0.7363,9
2026-09-13T18,66082,7564,100,True,0.52,0.832,15
2026-09-13T18,19619,7013,98,False,0.0877,0.4208,4
2026-09-13T18,511391,8521,99,False,0.8765,0.9581,9
2026-09-13T18,401587136,8048,100,True,0.2053,0.8069,15
2026-09-13T18,499634,8414,100,True,0.2107,0.8265,9
2026-09-13T18,27284,7559,100,True,0.097,0.4691,10
2026-09-13T18,24241,6954,96,False,0.1846,0.6299,9
2026-09-13T18,93798731,7641,89,False,0.3466,0.8619,12
2026-09-13T18,26936,6278,95,False,0.2053,0.4672,12
2026-09-13T18,763595669,7893,5,False,0.9875,1.0,4
2026-09-13T18,490422,7936,51,False,0.359,0.9166,7
2026-09-13T18,602040818,5747,97,False,0.1342,0.5037,6
2026-09-13T18,327598602,5916,96,False,0.1878,0.5303,16
2026-09-13T18,459931,7250,99,False,0.1986,0.6788,7
2026-09-13T18,263490,7008,100,True,0.3086,0.712,13
2026-09-13T18,16282,7534,29,False,0.6943,0.9839,3
2026-09-13T18,509659,7254,100,True,0.1082,0.6361,8
2026-09-13T18,386821,6980,100,True,0.1239,0.5304,15
2026-09-13T18,493959,6137,98,False,0.2809,0.6638,14
2026-09-13T18,1104776029,7103,30,False,0.3513,0.992,4
2026-09-13T18,23020,3005,97,False,0.1265,0.4469,11
2026-09-13T18,506415,6518,53,False,0.9385,0.9765,12
2026-09-13T18,539102438,6438,3,False,0.9978,1.0,2
2026-09-13T18,490242481,6201,21,False,0.6089,0.9971,6
2026-09-13T18,513181,5457,98,False,0.3011,0.7231,13
2026-09-13T18,1414860634,6047,81,False,0.6813,0.9711,10
2026-09-13T18,13263,5762,25,False,0.8995,0.9823,3
2026-09-13T18,65632,5137,100,True,0.1312,0.5727,11
2026-09-13T18,500188,4743,100,True,0.2269,0.5922,11
2026-09-13T18,464339927,4193,99,False,0.0839,0.4374,11
2026-09-13T18,1931693784,5192,90,False,0.3284,0.9047,8
2026-09-13T18,272263131,4888,100,True,0.3155,0.6851,6
2026-09-13T18,497480,5490,49,False,0.9621,0.9825,10
2026-09-13T18,1286077738,4730,100,True,0.3655,0.7759,11
2026-09-13T18,1282866981,4488,100,True,0.1125,0.5833,12
2026-09-13T18,12839,4630,52,False,0.2825,0.8343,5
2026-09-13T18,89250567,4634,26,False,0.6111,0.9974,7
2026-09-13T18,29975,4644,11,False,0.9813,0.9998,6
2026-09-13T18,499003,4658,100,True,0.1771,0.6788,9
2026-09-13T18,354438845,4544,2,False,0.9993,1.0,1
2026-09-13T18,2005329090,4538,3,False,0.9775,1.0,2
2026-09-13T18,624536948,3194,98,False,0.1879,0.5394,14
2026-09-13T18,13389,4296,50,False,0.4318,0.922,10
2026-09-13T18,2012789438,3433,97,False,0.1637,0.5884,4
2026-09-13T18,513501,4156,96,False,0.4413,0.8681,3
2026-09-13T18,2748,4150,65,False,0.5253,0.9193,9
2026-09-13T18,1441208453,2635,100,True,0.0918,0.3966,8
2026-09-13T18,1813168901,3865,69,False,0.1309,0.6918,9
2026-09-13T22,509658,197416,92,False,0.1079,0.426,10
2026-09-13T22,515025,263873,96,False,0.5262,0.834,11
2026-09-13T22,32982,165076,98,False,0.2642,0.6028,10
2026-09-13T22,18122,182305,100,True,0.2606,0.8182,10
2026-09-13T22,743893402,128215,96,False,0.139,0.5955,13
2026-09-13T22,21779,81522,99,False,0.2263,0.608,14
2026-09-13T22,32399,54534,93,False,0.2216,0.605,10
2026-09-13T22,516575,44233,100,True,0.1383,0.6224,11
2026-09-13T22,33214,37137,100,True,0.1793,0.5966,8
2026-09-13T22,511224,47882,97,False,0.3305,0.8144,11
2026-09-13T22,1835823269,50049,3,False,0.8707,1.0,1
2026-09-13T22,29595,40404,92,False,0.171,0.6918,8
2026-09-13T22,27471,32361,100,True,0.3158,0.6913,9
2026-09-13T22,498566,38526,96,False,0.1137,0.5856,14
2026-09-13T22,509672,35509,100,True,0.2728,0.6748,11
2026-09-13T22,508455,30073,97,False,0.2151,0.7481,13
2026-09-13T22,491168,32290,48,False,0.8965,0.9954,6
2026-09-13T22,491487,20338,95,False,0.1426,0.6695,12
2026-09-13T22,1264310518,18780,96,False,0.2147,0.6223,8
2026-09-13T22,55453844,25812,100,True,0.2638,0.9032,11
2026-09-13T22,499973,17839,99,False,0.1392,0.5837,5
2026-09-13T22,138585,17366,92,False,0.3867,0.7889,12
2026-09-13T22,518203,15969,97,False,0.4877,0.8914,6
2026-09-13T22,491962037,15702,15,False,0.9959,0.9996,5
2026-09-13T22,458781,15082,100,True,0.1898,0.7067,9
2026-09-13T22,902998079,11824,98,False,0.2212,0.5391,9
2026-09-13T22,512710,10905,100,True,0.0864,0.4648,11
2026-09-13T22,509659,13670,99,False,0.1287,0.6398,9
2026-09-13T22,29452,11858,34,False,0.1846,0.7787,4
2026-09-13T22,624536948,12198,98,False,0.7584,0.8902,8
2026-09-13T22,31339,12053,100,True,0.1776,0.8332,7
2026-09-13T22,509663,12322,100,True,0.2587,0.7144,5
2026-09-13T22,488190,11870,100,True,0.2329,0.6173,12
2026-09-13T22,513949,11173,11,False,0.997,1.0,4
2026-09-13T22,515024,10893,100,True,0.4982,0.8078,8
2026-09-13T22,493057,9265,92,False,0.2443,0.7569,13
2026-09-13T22,509660,6638,97,False,0.1214,0.3575,11
2026-09-13T22,460630,6953,100,True,0.2692,0.7113,10
2026-09-13T22,27546,9411,96,False,0.5602,0.9219,15
2026-09-13T22,19619,7785,100,True,0.0907,0.4551,4
2026-09-13T22,602040818,6621,100,True,0.0693,0.4869,6
2026-09-13T22,513143,8558,100,True,0.3351,0.6958,13
2026-09-13T22,1357871551,7448,100,True,0.101,0.4637,12
2026-09-13T22,1702520304,8006,100,True,0.209,0.7191,10
2026-09-13T22,491931,7427,100,True,0.1598,0.7062,11
2026-09-13T22,511391,8195,86,False,0.9151,0.9725,10
2026-09-13T22,27284,7404,100,True,0.1394,0.491,8
2026-09-13T22,417528,7630,100,True,0.2632,0.6907,8
2026-09-13T22,1898040946,7514,97,False,0.9134,0.9376,7
2026-09-13T22,1669431183,7088,98,False,0.1172,0.4484,6
2026-09-13T22,512953,5471,95,False,0.1897,0.6586,8
2026-09-13T22,23020,3098,100,True,0.1136,0.4826,10
2026-09-13T22,539102438,6551,2,False,0.9985,1.0,1
2026-09-13T22,504461,6255,90,False,0.8468,0.9512,6
2026-09-13T22,24241,5445,100,True,0.1748,0.593,4
2026-09-13T22,327598602,5024,100,True,0.1105,0.504,15
2026-09-13T22,499634,5924,97,False,0.2505,0.8805,10
2026-09-13T22,464339927,4628,99,False,0.2418,0.5648,9
2026-09-13T22,272263131,5840,100,True,0.3748,0.7654,5
2026-09-13T22,763595669,5939,4,False,0.9941,1.0,3
2026-09-13T22,386821,5218,100,True,0.239,0.5983,13
2026-09-13T22,401587136,5183,100,True,0.2865,0.7964,15
2026-09-13T22,30921,4370,100,True,0.2941,0.6824,9
2026-09-13T22,2132205352,4605,100,True,0.1485,0.6495,7
2026-09-13T22,263490,4872,96,False,0.522,0.7658,11
2026-09-13T22,13332,4822,87,False,0.4052,0.8969,8
2026-09-13T22,1282866981,4967,100,True,0.1721,0.726,12
2026-09-13T22,513181,4551,100,True,0.2175,0.7001,10
2026-09-13T22,26936,3651,96,False,0.0961,0.4486,5
2026-09-13T22,2748,4614,60,False,0.3997,0.9473,5
2026-09-13T22,493959,3605,99,False,0.0874,0.438,8
2026-09-13T22,743,4318,49,False,0.8307,0.9407,9
2026-09-13T22,96255193,4276,2,False,0.9998,1.0,1
2026-09-13T22,2012789438,3129,97,False,0.1128,0.5331,5
2026-09-13T22,499003,4078,100,True,0.1663,0.629,7
2026-09-13T22,20050,4014,50,False,0.6121,0.9245,3
2026-09-13T22,11557,3972,98,False,0.6163,0.8719,6
2026-09-13T22,1441208453,2671,100,True,0.1048,0.483,9
2026-09-13T22,66170,3508,97,False,0.319,0.5969,7
2026-09-13T22,490422,3870,48,False,0.5587,0.9512,5
2026-09-13T22,1286077738,3642,100,True,0.4555,0.8144,8
2026-09-13T22,66082,2593,100,True,0.1539,0.5916,11
2026-09-13T22,1119642287,3605,71,False,0.737,0.9512,7
2026-09-13T22,12924,3508,99,False,0.3053,0.8387,11
2026-09-13T22,965771331,3502,68,False,0.8764,0.9506,7
2026-09-13T22,1494,1547,100,True,0.3769,0.7033,10
2026-09-13T22,500188,3002,99,False,0.3394,0.543,8
2026-09-13T22,459931,3162,100,True,0.0746,0.4355,6
2026-09-13T22,513501,3146,29,False,0.5407,0.9892,4
2026-09-13T22,1813168901,3092,65,False,0.1478,0.7196,8
2026-09-13T22,518184,2640,95,False,0.1231,0.6261,10
2026-09-13T22,509511,2958,87,False,0.2255,0.5379,5
2026-09-13T22,65632,2567,94,False,0.1839,0.6611,10
2026-09-13T22,417892,2892,61,False,0.3261,0.8935,10
2026-09-13T22,36799602,2812,100,True,0.6622,0.8787,9
2026-09-13T22,511229,2740,3,False,0.9949,1.0,1
2026-09-13T22,498592,2661,99,False,0.1943,0.5832,16
2026-09-13T22,509577,2692,99,False,0.4666,0.8239,7
2026-09-13T22,494184,2674,100,True,0.2431,0.8467,8
2026-09-13T22,416015,2603,28,False,0.6654,0.9712,7
2026-09-14T04,509658,106981,100,True,0.0897,0.3722,10
2026-09-14T04,32982,96410,96,False,0.3962,0.763,6
2026-09-14T04,515025,77498,98,False,0.3473,0.8668,9
2026-09-14T04,743893402,70033,100,True,0.2047,0.6052,10
2026-09-14T04,23020,68043,98,False,0.9098,0.9784,7
2026-09-14T04,511224,11348,96,False,0.257,0.6654,8
2026-09-14T04,21779,25661,98,False,0.0506,0.3565,10
2026-09-14T04,18122,28975,90,False,0.2596,0.6984,11
2026-09-14T04,516575,20588,97,False,0.1188,0.5233,9
2026-09-14T04,1264310518,17179,97,False,0.1993,0.5575,6
2026-09-14T04,33214,10487,93,False,0.0808,0.4515,5
2026-09-14T04,509672,19371,96,False,0.2543,0.7531,10
2026-09-14T04,499973,18541,100,True,0.1109,0.5617,5
2026-09-14T04,491487,11788,100,True,0.2663,0.6439,8
2026-09-14T04,32399,15965,96,False,0.1424,0.5909,9
2026-09-14T04,498566,16220,59,False,0.1943,0.7295,9
2026-09-14T04,29595,14917,100,True,0.1255,0.6843,9
2026-09-14T04,27284,14269,98,False,0.4068,0.6949,7
2026-09-14T04,27471,7909,96,False,0.1797,0.5065,8
2026-09-14T04,508455,10991,100,True,0.2815,0.7545,9
2026-09-14T04,602040818,10102,97,False,0.2182,0.6199,2
2026-09-14T04,513143,12075,100,True,0.154,0.7936,10
2026-09-14T04,512710,8763,97,False,0.2222,0.5422,5
2026-09-14T04,417752,10702,100,True,0.9213,0.9868,11
2026-09-14T04,509659,9786,100,True,0.1655,0.5367,6
2026-09-14T04,902998079,7085,99,False,0.1451,0.5917,6
2026-09-14T04,458781,7663,100,True,0.1686,0.7284,10
2026-09-14T04,29452,7650,25,False,0.2359,0.8821,3
2026-09-14T04,491962037,7567,7,False,0.9975,1.0,5
2026-09-14T04,509660,5571,98,False,0.1624,0.3676,9
2026-09-14T04,1982936547,7251,24,False,0.9764,0.996,4
2026-09-14T04,512953,5811,96,False,0.1361,0.6636,8
2026-09-14T04,464339927,5263,99,False,0.301,0.6688,8
2026-09-14T04,491931,5563,100,True,0.2055,0.6576,7
2026-09-14T04,498592,5614,100,True,0.1347,0.4886,16
2026-09-14T04,460630,4414,99,False,0.4764,0.7361,6
2026-09-14T04,26936,3948,95,False,0.1211,0.5375,6
2026-09-14T04,327598602,4324,93,False,0.1242,0.6094,10
2026-09-14T04,272263131,4706,100,True,0.3506,0.7289,6
2026-09-14T04,499003,4776,100,True,0.3603,0.6891,6
2026-09-14T04,66082,4174,100,True,0.3004,0.7875,8
2026-09-14T04,515024,4705,97,False,0.1475,0.7622,11
2026-09-14T04,417528,4476,84,False,0.2384,0.7884,6
2026-09-14T04,2132205352,4305,100,True,0.2111,0.728,5
2026-09-14T04,1669431183,4427,99,False,0.1904,0.5053,5
2026-09-14T04,138585,4249,57,False,0.3643,0.8877,10
2026-09-14T04,19619,3804,97,False,0.1343,0.48,4
2026-09-14T04,27546,4010,53,False,0.4055,0.9252,11
2026-09-14T04,24241,3206,100,True,0.1497,0.4027,6
2026-09-14T04,1357871551,3496,98,False,0.2652,0.6736,9
2026-09-14T04,1702520304,3625,100,True,0.3117,0.6988,8
2026-09-14T04,459931,3363,100,True,0.306,0.711,3
2026-09-14T04,386821,3338,99,False,0.1081,0.568,10
2026-09-14T04,670138298,2820,100,True,0.277,0.7071,2
2026-09-14T04,31339,3015,100,True,0.1068,0.5327,10
2026-09-14T04,55453844,3140,86,False,0.6134,0.8723,6
2026-09-14T04,723826053,3041,15,False,0.9872,0.9987,3
2026-09-14T04,509511,2898,71,False,0.1725,0.6014,6
2026-09-14T04,488190,2992,37,False,0.7721,0.9599,5
2026-09-14T04,210472759,2987,60,False,0.8909,0.9505,4
2026-09-14T04,1441208453,1827,98,False,0.0449,0.3432,8
2026-09-14T04,500188,2518,100,True,0.1942,0.5898,7
2026-09-14T04,30921,1723,97,False,0.1521,0.4985,8
2026-09-14T04,493959,2325,99,False,0.3514,0.6387,7
2026-09-14T04,502829,2472,21,False,0.4684,0.9652,3
2026-09-14T04,401587136,2393,94,False,0.5533,0.8379,10
2026-09-14T04,624536948,2034,98,False,0.1957,0.6524,5
2026-09-14T04,1813168901,2311,45,False,0.1865,0.8135,7
2026-09-14T04,1918259609,2218,4,False,0.4279,1.0,1
2026-09-14T04,490744,2225,79,False,0.7879,0.8908,6
2026-09-14T04,2012789438,1825,100,True,0.2022,0.5233,5
2026-09-14T04,493057,1961,100,True,0.1193,0.5594,8
2026-09-14T04,213930085,1975,62,False,0.401,0.9129,8
2026-09-14T04,13332,1861,46,False,0.4218,0.906,4
2026-09-14T04,1282866981,1837,97,False,0.1606,0.6151,9
2026-09-14T04,514858,1774,53,False,0.7086,0.9211,6
2026-09-14T04,513181,1617,96,False,0.0631,0.3828,6
2026-09-14T04,1517377137,1797,59,False,0.8331,0.9316,5
2026-09-14T04,499634,1795,80,False,0.1632,0.8251,8
2026-09-14T04,511399,1784,19,False,0.7635,0.9849,3
2026-09-14T04,497057,1648,99,False,0.1559,0.5619,7
2026-09-14T04,488615,1741,2,False,0.9845,1.0,1
2026-09-14T04,1435206302,1670,61,False,0.497,0.8689,4
2026-09-14T04,1036710512,1215,97,False,0.0914,0.4,7
2026-09-14T04,1494,710,100,True,0.2169,0.4408,7
2026-09-14T04,509663,1697,63,False,0.2092,0.6358,6
2026-09-14T04,1081998272,1493,98,False,0.219,0.5137,3
2026-09-14T04,34134,1591,98,False,0.3646,0.868,6
2026-09-14T04,66170,1462,100,True,0.0773,0.3776,6
2026-09-14T04,19976,1567,44,False,0.1774,0.7556,3
2026-09-14T04,1483574214,1478,1,False,1.0,1.0,1
2026-09-14T04,116747788,1455,32,False,0.6268,0.9622,2
2026-09-14T04,1931693784,1396,65,False,0.283,0.8166,5
2026-09-14T04,209738946,1359,100,True,0.1589,0.7101,11
2026-09-14T04,417892,1321,42,False,0.2998,0.9198,4
2026-09-14T04,263490,1287,97,False,0.0855,0.6511,8
2026-09-14T04,495202,1314,20,False,0.8577,0.984,3
2026-09-14T04,27602,1361,8,False,0.975,1.0,2
2026-09-14T04,6737,1306,3,False,0.9916,1.0,1
2026-09-14T04,763313082,1308,2,False,0.9946,1.0,1
2026-09-14T12,509658,112513,99,False,0.0812,0.3937,14
2026-09-14T12,32982,92073,100,True,0.3804,0.6737,10
2026-09-14T12,743893402,71554,98,False,0.0709,0.4242,15
2026-09-14T12,516575,62034,99,False,0.1472,0.5503,12
2026-09-14T12,29595,59862,96,False,0.1885,0.7629,6
2026-09-14T12,509672,59534,98,False,0.134,0.548,15
2026-09-14T12,21779,46942,90,False,0.1412,0.5712,12
2026-09-14T12,18122,46818,100,True,0.1367,0.5811,9
2026-09-14T12,32399,37374,99,False,0.0882,0.4413,13
2026-09-14T12,515025,30578,99,False,0.2912,0.7267,13
2026-09-14T12,508455,28242,99,False,0.3008,0.7737,14
2026-09-14T12,498566,30108,84,False,0.1041,0.5279,14
2026-09-14T12,422208436,28171,10,False,0.9981,1.0,2
2026-09-14T12,511224,22202,99,False,0.2385,0.7952,11
2026-09-14T12,836372212,21701,1,False,1.0,1.0,1
2026-09-14T12,513143,19081,100,True,0.1126,0.6241,13
2026-09-14T12,33214,12326,100,True,0.1433,0.5537,11
2026-09-14T12,491931,15711,98,False,0.2446,0.7286,13
2026-09-14T12,491487,11171,100,True,0.1381,0.6196,13
2026-09-14T12,27471,10572,100,True,0.1759,0.4358,11
2026-09-14T12,75101830,15431,58,False,0.2394,0.9234,9
2026-09-14T12,1826300051,15238,20,False,0.9764,0.9989,7
2026-09-14T12,499973,13854,100,True,0.154,0.4652,5
2026-09-14T12,626298054,14609,12,False,0.5082,0.9998,4
2026-09-14T12,12924,14126,70,False,0.6247,0.9439,12
2026-09-14T12,327598602,10239,99,False,0.1994,0.7317,15
2026-09-14T12,458781,11166,100,True,0.1415,0.7192,11
2026-09-14T12,518203,11230,76,False,0.3917,0.9011,10
2026-09-14T12,512710,10154,99,False,0.2623,0.6384,10
2026-09-14T12,1264310518,9097,98,False,0.1849,0.556,11
2026-09-14T12,509660,7048,98,False,0.1053,0.419,8
2026-09-14T12,417752,10202,100,True,0.3731,0.8477,12
2026-09-14T12,539102438,9742,1,False,1.0,1.0,1
2026-09-14T12,27546,9361,96,False,0.2569,0.7664,15
2026-09-14T12,29452,9315,20,False,0.1571,0.8032,4
2026-09-14T12,1702520304,8846,100,True,0.1637,0.7094,12
2026-09-14T12,417528,8538,100,True,0.2082,0.751,11
2026-09-14T12,902998079,8026,99,False,0.3001,0.7922,12
2026-09-14T12,386821,7173,99,False,0.172,0.5445,13
2026-09-14T12,1357871551,6556,100,True,0.0694,0.4535,12
2026-09-14T12,19619,6270,100,True,0.0729,0.4531,4
2026-09-14T12,602040818,6381,100,True,0.2087,0.7565,7
2026-09-14T12,498592,6103,100,True,0.1008,0.5735,11
2026-09-14T12,493057,5847,100,True,0.1014,0.5413,15
2026-09-14T12,138585,6196,96,False,0.2568,0.7505,15
2026-09-14T12,459931,6124,97,False,0.1548,0.7848,6
2026-09-14T12,512953,5747,97,False,0.2299,0.6612,13
2026-09-14T12,272263131,5651,100,True,0.4272,0.7613,5
2026-09-14T12,515024,5911,100,True,0.145,0.7489,10
2026-09-14T12,509659,5161,100,True,0.1199,0.5235,8
2026-09-14T12,511229,5155,16,False,0.9222,0.9979,2
2026-09-14T12,464339927,4720,99,False,0.1805,0.6178,12
2026-09-14T12,55453844,4190,100,True,0.2885,0.6298,5
2026-09-14T12,1898040946,4614,73,False,0.2356,0.9358,12
2026-09-14T12,27284,4514,100,True,0.2619,0.6134,8
2026-09-14T12,401587136,4496,100,True,0.206,0.7685,13
2026-09-14T12,29975,4533,6,False,0.9934,1.0,2
2026-09-14T12,26936,3979,98,False,0.1201,0.5185,10
2026-09-14T12,13332,4331,61,False,0.2498,0.8677,8
2026-09-14T12,499634,4309,90,False,0.1346,0.7443,9
2026-09-14T12,488190,4311,56,False,0.4322,0.8283,8
2026-09-14T12,24241,3409,100,True,0.0695,0.3593,7
2026-09-14T12,460630,3547,97,False,0.2281,0.6885,12
2026-09-14T12,1669431183,4048,100,True,0.1566,0.5358,9
2026-09-14T12,31339,3754,96,False,0.1438,0.6558,12
2026-09-14T12,500188,3676,100,True,0.1374,0.6254,11
2026-09-14T12,263490,3389,100,True,0.2617,0.6509,11
2026-09-14T12,509663,3600,55,False,0.5939,0.8378,9
2026-09-14T12,2132205352,3358,100,True,0.1647,0.6105,10
2026-09-14T12,2128193047,3423,3,False,0.8028,1.0,1
2026-09-14T12,1546199890,3363,1,False,1.0,1.0,1
2026-09-14T12,1813168901,3286,50,False,0.1202,0.6613,8
2026-09-14T12,942536337,3293,2,False,0.7221,1.0,1
2026-09-14T12,1286077738,2898,95,False,0.4324,0.6698,7
2026-09-14T12,682851862,3096,3,False,0.9994,1.0,3
2026-09-14T12,505884,3075,100,True,0.3135,0.8478,9
2026-09-14T12,1282866981,2787,100,True,0.2207,0.5443,11
2026-09-14T12,1931693784,3016,73,False,0.2669,0.8627,7
2026-09-14T12,66170,2796,100,True,0.3501,0.6434,13
2026-09-14T12,65632,2861,100,True,0.2653,0.748,10
2026-09-14T12,603051581,2758,4,False,0.9935,1.0,1
2026-09-14T12,1104776029,2571,9,False,0.9794,1.0,2
2026-09-14T12,698700926,2551,3,False,0.9816,1.0,2
2026-09-14T12,30921,2106,100,True,0.2085,0.6268,12
2026-09-14T12,513181,2209,100,True,0.167,0.5355,13
2026-09-14T12,32502,2346,35,False,0.3303,0.9408,8
2026-09-14T12,23020,1384,96,False,0.1965,0.4429,9
2026-09-14T12,20596,2264,40,False,0.4284,0.8684,5
2026-09-14T12,509511,2263,83,False,0.0853,0.532,6
2026-09-14T12,209738946,2177,100,True,0.4488,0.6872,14
2026-09-14T12,624536948,1741,89,False,0.3303,0.7128,8
2026-09-14T12,1119642287,2173,29,False,0.4169,0.9798,6
2026-09-14T12,499003,2166,42,False,0.4797,0.9363,7
2026-09-14T12,36799602,2140,61,False,0.8234,0.935,12
2026-09-14T12,1229,2125,13,False,0.9548,0.9976,3
2026-09-14T12,1599346425,1966,98,False,0.1155,0.3911,7
2026-09-14T12,512923,2065,82,False,0.3709,0.8814,11
2026-09-14T12,1441208453,1576,100,True,0.1053,0.4093,12
2026-09-14T12,1597660489,2005,37,False,0.6504,0.982,9
2026-09-14T12,419419240,1967,6,False,0.6263,1.0,1
2026-09-14T19,509658,532129,99,False,0.0754,0.5186,14
2026-09-14T19,32982,137980,100,True,0.1738,0.5156,15
2026-09-14T19,743893402,105410,99,False,0.1211,0.5289,16
2026-09-14T19,32399,101892,97,False,0.2447,0.6049,13
2026-09-14T19,21779,80772,99,False,0.1746,0.6286,14
2026-09-14T19,18122,79640,97,False,0.2867,0.6781,8
2026-09-14T19,27471,83375,100,True,0.4983,0.8031,8
2026-09-14T19,29595,85594,99,False,0.1218,0.6435,8
2026-09-14T19,509672,70991,97,False,0.4567,0.7611,14
2026-09-14T19,516575,46620,97,False,0.0995,0.4977,14
2026-09-14T19,498566,69058,99,False,0.1327,0.6384,14
2026-09-14T19,33214,47764,99,False,0.0911,0.4717,13
2026-09-14T19,75101830,63973,99,False,0.3789,0.8401,15
2026-09-14T19,508455,28906,97,False,0.1232,0.6776,12
2026-09-14T19,30921,27929,94,False,0.6753,0.9315,12
2026-09-14T19,460630,27539,100,True,0.7074,0.9032,16
2026-09-14T19,1264310518,16654,96,False,0.0817,0.4425,10
2026-09-14T19,1357871551,14776,95,False,0.3367,0.641,12
2026-09-14T19,27546,25761,98,False,0.2273,0.8356,13
2026-09-14T19,515025,16750,97,False,0.2382,0.6155,11
2026-09-14T19,509663,21529,92,False,0.7397,0.9063,8
2026-09-14T19,491487,9764,96,False,0.1029,0.4517,11
2026-09-14T19,458781,19357,97,False,0.197,0.6767,9
2026-09-14T19,1535225577,19964,98,False,0.9697,0.9899,12
2026-09-14T19,512710,13539,94,False,0.1068,0.5307,13
2026-09-14T19,513143,17746,100,True,0.1758,0.6831,16
2026-09-14T19,491931,16698,95,False,0.3819,0.7978,12
2026-09-14T19,499973,16008,100,True,0.1148,0.5368,5
2026-09-14T19,29452,14280,33,False,0.12,0.6736,4
2026-09-14T19,1282866981,13769,100,True,0.4831,0.8287,11
2026-09-14T19,902998079,10536,98,False,0.2226,0.5753,10
2026-09-14T19,1898040946,12215,95,False,0.5305,0.9593,16
2026-09-14T19,1669431183,11288,99,False,0.1143,0.5116,7
2026-09-14T19,511224,7480,98,False,0.0699,0.4721,12
2026-09-14T19,509660,5798,100,True,0.0459,0.2503,9
2026-09-14T19,493057,9116,98,False,0.1633,0.5308,15
2026-09-14T19,509659,11168,100,True,0.1536,0.5293,8
2026-09-14T19,518203,10908,100,True,0.2303,0.6913,11
2026-09-14T19,263490,10399,98,False,0.1852,0.6671,10
2026-09-14T19,19619,8814,96,False,0.0725,0.4561,5
2026-09-14T19,499634,10150,99,False,0.2676,0.8581,8
2026-09-14T19,488190,10021,100,True,0.2151,0.5834,12
2026-09-14T19,1466639013,9926,2,False,0.9938,1.0,1
2026-09-14T19,1702520304,9155,97,False,0.2143,0.6618,14
2026-09-14T19,512953,8426,99,False,0.2753,0.7073,13
2026-09-14T19,327598602,7499,96,False,0.1714,0.6079,14
2026-09-14T19,602040818,7414,100,True,0.0869,0.4938,5
2026-09-14T19,493959,7515,98,False,0.2297,0.699,14
2026-09-14T19,31339,7725,98,False,0.3773,0.7441,9
2026-09-14T19,518184,7698,99,False,0.6356,0.868,12
2026-09-14T19,417528,7984,95,False,0.3343,0.7698,11
2026-09-14T19,422208436,8136,4,False,0.998,1.0,1
2026-09-14T19,27284,7527,99,False,0.1669,0.5019,10
2026-09-14T19,539102438,7620,1,False,1.0,1.0,1
2026-09-14T19,1667842508,7485,1,False,1.0,1.0,1
2026-09-14T19,464339927,5896,99,False,0.2093,0.5926,12
2026-09-14T19,138585,7516,100,True,0.1815,0.7101,14
2026-09-14T19,459931,7197,100,True,0.1977,0.6828,7
2026-09-14T19,2132205352,6243,97,False,0.1072,0.6311,8
2026-09-14T19,401587136,6689,100,True,0.1757,0.7402,18
2026-09-14T19,2106755390,6998,25,False,0.5014,0.9889,7
2026-09-14T19,272263131,6897,100,True,0.3709,0.768,6
2026-09-14T19,500188,5387,100,True,0.1853,0.5753,9
2026-09-14T19,515024,6265,100,True,0.2688,0.7271,9
2026-09-14T19,494184,6478,97,False,0.2806,0.8155,6
2026-09-14T19,65632,6075,100,True,0.1812,0.6494,9
2026-09-14T19,1840896223,6403,12,False,0.9469,0.9997,5
2026-09-14T19,26936,4889,98,False,0.0749,0.4085,14
2026-09-14T19,386821,5856,100,True,0.1855,0.5671,16
2026-09-14T19,12924,6008,100,True,0.3212,0.7651,10
2026-09-14T19,12839,5971,49,False,0.2306,0.8697,5
2026-09-14T19,23020,3723,99,False,0.2425,0.592,10
2026-09-14T19,13389,5828,41,False,0.7208,0.9506,8
2026-09-14T19,513181,4728,93,False,0.2836,0.6294,9
2026-09-14T19,226996866,5269,1,False,1.0,1.0,1
2026-09-14T19,624536948,3933,100,True,0.1665,0.6834,9
2026-09-14T19,417752,4832,100,True,0.1881,0.5459,11
2026-09-14T19,499003,4718,98,False,0.2832,0.7673,9
2026-09-14T19,24241,3583,100,True,0.1021,0.3863,7
2026-09-14T19,168648543,4191,95,False,0.2789,0.7223,16
2026-09-14T19,1286077738,4272,92,False,0.4005,0.7823,10
2026-09-14T19,2005329090,4442,4,False,0.9712,1.0,3
2026-09-14T19,13332,4452,97,False,0.1617,0.704,8
2026-09-14T19,66366,4006,90,False,0.6533,0.8198,11
2026-09-14T19,1290551545,3948,5,False,0.7741,1.0,4
2026-09-14T19,1931693784,3916,91,False,0.2623,0.811,9
2026-09-14T19,262437666,3702,100,True,0.3736,0.688,12
2026-09-14T19,1599346425,2838,99,False,0.0863,0.345,8
2026-09-14T19,329951934,3542,55,False,0.7191,0.961,6
2026-09-14T19,1164375658,3518,1,False,1.0,1.0,1
2026-09-14T19,2012789438,2885,93,False,0.1882,0.6087,6
2026-09-14T19,18846,3454,66,False,0.4102,0.9236,5
2026-09-14T19,491168,3428,53,False,0.2663,0.9414,8
2026-09-14T19,502829,3417,62,False,0.4618,0.8645,3
2026-09-14T19,490422,3426,43,False,0.3292,0.9156,9
2026-09-14T19,490744,3213,95,False,0.6695,0.854,8
2026-09-14T19,1441208453,1999,98,False,0.075,0.3537,10
2026-09-14T19,509511,3310,86,False,0.3163,0.6722,8
2026-09-14T19,497497,3108,95,False,0.4263,0.8285,10
2026-09-14T19,1535286692,259,10,False,0.6988,1.0,4
2026-09-14T23,509658,257558,92,False,0.1511,0.6402,10
2026-09-14T23,32982,195411,100,True,0.1994,0.6299,8
2026-09-14T23,743893402,87715,100,True,0.1755,0.5273,14
2026-09-14T23,32399,67281,100,True,0.2354,0.6388,12
2026-09-14T23,27471,54175,100,True,0.2617,0.6785,8
2026-09-14T23,21779,46119,97,False,0.1566,0.541,12
2026-09-14T23,33214,39157,96,False,0.1391,0.6435,9
2026-09-14T23,516575,33953,97,False,0.1253,0.6096,11
2026-09-14T23,75101830,41836,100,True,0.452,0.8934,16
2026-09-14T23,18122,35546,97,False,0.1705,0.6244,9
2026-09-14T23,460630,36629,96,False,0.8426,0.9471,7
2026-09-14T23,29595,33381,100,True,0.2007,0.6651,7
2026-09-14T23,354438845,31707,5,False,0.8467,1.0,2
2026-09-14T23,498566,31852,99,False,0.0996,0.5661,13
2026-09-14T23,1264310518,20471,98,False,0.1154,0.4739,9
2026-09-14T23,508455,23833,100,True,0.3209,0.7399,9
2026-09-14T23,491487,10168,98,False,0.0984,0.4219,9
2026-09-14T23,515025,12575,100,True,0.2165,0.5697,10
2026-09-14T23,512710,14119,93,False,0.1529,0.5039,9
2026-09-14T23,1357871551,16520,97,False,0.4571,0.7964,13
2026-09-14T23,458781,16656,98,False,0.164,0.7137,11
2026-09-14T23,29452,16667,34,False,0.1823,0.7675,5
2026-09-14T23,902998079,12915,100,True,0.1682,0.5885,9
2026-09-14T23,511224,12035,98,False,0.2381,0.6295,10
2026-09-14T23,11103,14151,3,False,0.9996,1.0,3
2026-09-14T23,499973,13116,100,True,0.1417,0.53,5
2026-09-14T23,602040818,10764,98,False,0.1654,0.5838,4
2026-09-14T23,509672,12561,100,True,0.0709,0.433,12
2026-09-14T23,422208436,13246,4,False,0.9981,1.0,1
2026-09-14T23,19619,10653,98,False,0.0689,0.4261,3
2026-09-14T23,491931,11439,98,False,0.5727,0.8073,11
2026-09-14T23,513143,11620,99,False,0.2233,0.7792,12
2026-09-14T23,509659,11417,95,False,0.0911,0.5089,9
2026-09-14T23,509663,10683,90,False,0.6219,0.8668,7
2026-09-14T23,263490,9189,99,False,0.2518,0.7227,10
2026-09-14T23,135816296,9945,5,False,0.3457,1.0,3
2026-09-14T23,512953,9026,96,False,0.1909,0.7909,10
2026-09-14T23,509660,5598,99,False,0.0582,0.2747,10
2026-09-14T23,1898040946,9373,100,True,0.554,0.9535,10
2026-09-14T23,27284,8314,95,False,0.3329,0.6126,8
2026-09-14T23,493057,8240,98,False,0.1833,0.6942,13
2026-09-14T23,499634,8985,97,False,0.2999,0.8781,7
2026-09-14T23,1669431183,8210,100,True,0.1146,0.589,8
2026-09-14T23,539102438,7679,1,False,1.0,1.0,1
2026-09-14T23,27546,7198,92,False,0.3911,0.8918,13
2026-09-14T23,417528,7104,99,False,0.2852,0.7338,8
2026-09-14T23,499003,6957,93,False,0.1583,0.7053,7
2026-09-14T23,138585,6804,97,False,0.1073,0.6867,14
2026-09-14T23,327598602,5876,100,True,0.2052,0.5602,15
2026-09-14T23,30921,4960,99,False,0.477,0.702,8
2026-09-14T23,23020,3210,95,False,0.3318,0.5872,7
2026-09-14T23,624536948,5317,99,False,0.3314,0.7604,8
2026-09-14T23,2128193047,146,15,False,0.2671,0.9247,2
2026-09-14T23,464339927,4700,98,False,0.1943,0.5404,9
2026-09-14T23,513181,5415,98,False,0.2362,0.7213,9
2026-09-14T23,2132205352,5437,94,False,0.1788,0.6537,7
2026-09-14T23,26936,4476,88,False,0.1003,0.5141,9
2026-09-14T23,272263131,5289,100,True,0.333,0.7096,6
2026-09-14T23,386821,5281,100,True,0.1869,0.5491,14
2026-09-14T23,2106755390,5314,20,False,0.9392,0.9962,4
2026-09-14T23,459931,5124,100,True,0.1507,0.6218,6
2026-09-14T23,1148603226,5104,8,False,0.9945,1.0,3
2026-09-14T23,31339,4690,100,True,0.1657,0.6079,8
2026-09-14T23,488190,4917,75,False,0.132,0.6124,8
2026-09-14T23,515024,4776,96,False,0.2385,0.7634,8
2026-09-14T23,1661671460,4858,31,False,0.5231,0.9792,8
2026-09-14T23,1931693784,4829,82,False,0.2827,0.896,9
2026-09-14T23,1702520304,4210,96,False,0.1553,0.5948,11
2026-09-14T23,670138298,3293,90,False,0.4015,0.8102,1
2026-09-14T23,13332,4304,100,True,0.3966,0.8113,6
2026-09-14T23,493959,3597,95,False,0.1348,0.6216,10
2026-09-14T23,1286077738,4035,93,False,0.3675,0.8141,8
2026-09-14T23,11557,4002,97,False,0.7681,0.8846,5
2026-09-14T23,1441208453,2732,100,True,0.0996,0.3781,7
2026-09-14T23,24241,3229,93,False,0.0991,0.423,7
2026-09-14T23,29106,3935,65,False,0.5324,0.9649,10
2026-09-14T23,68351,3727,24,False,0.5168,0.9941,6
2026-09-14T23,1282866981,3779,100,True,0.2011,0.7073,13
2026-09-14T23,491168,3747,41,False,0.2653,0.9706,8
2026-09-14T23,66082,2731,99,False,0.2519,0.6185,10
2026-09-14T23,7022,3509,21,False,0.9652,0.9969,8
2026-09-14T23,1832572382,3485,2,False,0.9914,1.0,1
2026-09-14T23,10609,3415,41,False,0.4512,0.9769,6
2026-09-14T23,489170,3377,45,False,0.7791,0.942,7
2026-09-14T23,417892,3265,67,False,0.3678,0.8671,7
2026-09-14T23,500188,2877,100,True,0.2291,0.5315,10
2026-09-14T23,502829,3128,23,False,0.5045,0.9818,2
2026-09-14T23,498592,3022,100,True,0.1072,0.5702,17
2026-09-14T23,2012789438,2407,100,True,0.1413,0.4591,5
2026-09-14T23,494184,2828,84,False,0.2026,0.8402,6
2026-09-14T23,55453844,2760,94,False,0.1859,0.7188,9
2026-09-14T23,1813168901,2231,38,False,0.1533,0.7656,7
2026-09-14T23,1846293708,2734,68,False,0.6986,0.8793,5
2026-09-14T23,116747788,2706,45,False,0.595,0.9553,6
2026-09-14T23,674491029,2716,100,True,0.4253,0.8398,6
2026-09-14T23,518184,2400,94,False,0.1633,0.6092,6
2026-09-14T23,65632,2540,96,False,0.1827,0.7102,10
2026-09-14T23,7158,2680,2,False,0.9993,1.0,1
2026-09-14T23,12839,2632,21,False,0.3119,0.9787,4
2026-09-14T23,29307,2616,47,False,0.5027,0.9744,7
2026-09-15T04,509658,88907,92,False,0.107,0.3819,10
2026-09-15T04,32982,93488,97,False,0.3707,0.7693,7
2026-09-15T04,743893402,90991,99,False,0.3735,0.691,9
2026-09-15T04,1832572382,56838,3,False,0.9981,1.0,1
2026-09-15T04,75101830,32767,100,True,0.226,0.736,8
2026-09-15T04,21779,22541,97,False,0.0587,0.4,11
2026-09-15T04,516575,20848,100,True,0.07,0.456,10
2026-09-15T04,509672,26481,100,True,0.4382,0.7578,11
2026-09-15T04,33214,15701,98,False,0.3056,0.6321,8
2026-09-15T04,18122,22471,98,False,0.2693,0.6672,7
2026-09-15T04,1264310518,15379,100,True,0.212,0.5713,6
2026-09-15T04,32399,20912,97,False,0.1757,0.6366,8
2026-09-15T04,508455,20123,100,True,0.585,0.8667,9
2026-09-15T04,491487,11038,97,False,0.3795,0.6057,7
2026-09-15T04,515025,11529,93,False,0.1699,0.6642,7
2026-09-15T04,498566,18433,65,False,0.1716,0.6769,11
2026-09-15T04,27471,10985,92,False,0.1824,0.6461,5
2026-09-15T04,29595,13792,98,False,0.1673,0.6541,6
2026-09-15T04,511224,9402,98,False,0.3029,0.5662,5
2026-09-15T04,902998079,11346,100,True,0.1909,0.6608,7
2026-09-15T04,499973,11823,100,True,0.0659,0.4133,6
2026-09-15T04,509659,13061,96,False,0.1508,0.5971,6
2026-09-15T04,210472759,13246,50,False,0.7078,0.9912,4
2026-09-15T04,602040818,8881,97,False,0.2276,0.5824,3
2026-09-15T04,513143,11231,94,False,0.3115,0.8338,10
2026-09-15T04,512710,8327,99,False,0.2021,0.5684,6
2026-09-15T04,29452,10853,33,False,0.1918,0.7576,3
2026-09-15T04,27284,8384,99,False,0.2054,0.6192,7
2026-09-15T04,458781,8316,100,True,0.1346,0.7202,8
2026-09-15T04,460630,6800,100,True,0.4049,0.7975,7
2026-09-15T04,498592,7886,100,True,0.3066,0.5791,16
2026-09-15T04,491931,6601,99,False,0.1894,0.6163,7
2026-09-15T04,509660,4535,94,False,0.1065,0.3083,9
2026-09-15T04,138585,6931,69,False,0.2082,0.8273,10
2026-09-15T04,19619,6303,97,False,0.3271,0.6649,4
2026-09-15T04,1669431183,6457,100,True,0.2857,0.586,3
2026-09-15T04,2132205352,5652,99,False,0.1097,0.6359,5
2026-09-15T04,24241,4877,97,False,0.2487,0.5965,5
2026-09-15T04,26936,4550,99,False,0.1413,0.4769,7
2026-09-15T04,1286077738,5255,100,True,0.4396,0.8693,8
2026-09-15T04,327598602,4516,94,False,0.155,0.5452,10
2026-09-15T04,1726587615,5127,4,False,0.9912,1.0,1
2026-09-15T04,1357871551,4786,99,False,0.117,0.6588,8
2026-09-15T04,515024,4925,99,False,0.4079,0.8469,9
2026-09-15T04,23020,2929,100,True,0.3718,0.5869,6
2026-09-15T04,55453844,4693,95,False,0.5723,0.8534,6
2026-09-15T04,272263131,4251,100,True,0.3037,0.7137,6
2026-09-15T04,417528,4432,92,False,0.2173,0.7737,9
2026-09-15T04,464339927,3404,96,False,0.1877,0.5397,6
2026-09-15T04,512953,3880,100,True,0.157,0.5503,8
2026-09-15T04,386821,4270,99,False,0.1885,0.6302,10
2026-09-15T04,499003,4145,98,False,0.3834,0.7368,5
2026-09-15T04,30921,2664,96,False,0.2718,0.6194,6
2026-09-15T04,31339,3759,92,False,0.2346,0.7068,8
2026-09-15T04,513181,3786,97,False,0.5806,0.7787,7
2026-09-15T04,459931,3841,98,False,0.2728,0.6605,2
2026-09-15T04,66082,3157,96,False,0.3472,0.7523,7
2026-09-15T04,1441208453,2617,97,False,0.2426,0.5159,9
2026-09-15T04,509511,1388,60,False,0.2305,0.7089,5
2026-09-15T04,27546,3504,48,False,0.4172,0.9541,13
2026-09-15T04,460951,3084,82,False,0.9024,0.9468,4
2026-09-15T04,493959,2799,94,False,0.2951,0.7067,6
2026-09-15T04,670138298,2362,89,False,0.2638,0.7959,2
2026-09-15T04,502829,2836,30,False,0.4781,0.92,3
2026-09-15T04,493057,2519,100,True,0.1401,0.6129,7
2026-09-15T04,116747788,2778,38,False,0.6256,0.96,4
2026-09-15T04,1931693784,2767,73,False,0.4395,0.8721,6
2026-09-15T04,2059463486,2755,42,False,0.8044,0.9365,2
2026-09-15T04,624536948,2276,93,False,0.4117,0.71,5
2026-09-15T04,1702520304,2646,99,False,0.1965,0.5831,11
2026-09-15T04,2012789438,2090,98,False,0.1311,0.4517,6
2026-09-15T04,263490,2468,97,False,0.1118,0.5985,7
2026-09-15T04,1282866981,2422,97,False,0.1771,0.6771,9
2026-09-15T04,500188,2406,97,False,0.1999,0.5806,8
2026-09-15T04,1813168901,2403,41,False,0.1444,0.8194,6
2026-09-15T04,401587136,2271,100,True,0.6112,0.7878,12
2026-09-15T04,499634,2358,82,False,0.2909,0.8452,6
2026-09-15T04,11557,2208,100,True,0.5498,0.808,5
2026-09-15T04,66170,1959,96,False,0.2593,0.559,7
2026-09-15T04,1678532194,1728,97,False,0.7344,0.8443,1
2026-09-15T04,23635,2108,22,False,0.7585,0.9943,1
2026-09-15T04,1230742965,2148,68,False,0.7048,0.9227,5
2026-09-15T04,2692,2065,27,False,0.2896,0.9482,4
2026-09-15T04,1122982998,2080,52,False,0.826,0.9577,6
2026-09-15T04,494099,2043,93,False,0.5174,0.7748,5
2026-09-15T04,1468,2031,42,False,0.9286,0.9862,6
2026-09-15T04,518184,1791,91,False,0.2948,0.6354,8
2026-09-15T04,1982936547,1638,24,False,0.815,0.9719,4
2026-09-15T04,511399,1906,16,False,0.7608,0.9869,3
2026-09-15T04,1494,738,100,True,0.0854,0.4295,7
2026-09-15T04,491168,1560,38,False,0.5756,0.9417,4
2026-09-15T04,460657,1654,2,False,0.9994,1.0,2
2026-09-15T04,213930085,1612,80,False,0.4895,0.8313,8
2026-09-15T04,1036710512,1432,100,True,0.2277,0.53,6
2026-09-15T04,7022,1604,28,False,0.9302,0.9807,4
2026-09-15T04,497057,1522,100,True,0.1511,0.5368,4
2026-09-15T04,509663,1439,58,False,0.3614,0.7512,8
2026-09-15T04,1294658629,1272,97,False,0.2838,0.5653,5
2026-09-15T04,6737,1363,5,False,0.9905,1.0,1
2026-09-15T04,19976,1373,49,False,0.2017,0.8201,3
2026-09-15T11,509658,109061,97,False,0.1197,0.4159,14
2026-09-15T11,743893402,63335,98,False,0.1188,0.4895,16
2026-09-15T11,29595,57491,100,True,0.1925,0.7165,11
2026-09-15T11,509672,54323,100,True,0.1196,0.5128,17
2026-09-15T11,32399,52075,99,False,0.1452,0.5685,14
2026-09-15T11,511224,50155,97,False,0.2774,0.8809,8
2026-09-15T11,32982,44581,100,True,0.0959,0.4734,7
2026-09-15T11,516575,40218,99,False,0.0682,0.5043,11
2026-09-15T11,75101830,39756,100,True,0.1004,0.5437,16
2026-09-15T11,21779,30423,95,False,0.0705,0.3806,13
2026-09-15T11,18122,31992,100,True,0.1317,0.5363,8
2026-09-15T11,55453844,30040,99,False,0.5961,0.9357,5
2026-09-15T11,498566,24335,74,False,0.1287,0.5987,11
2026-09-15T11,513143,22451,100,True,0.4021,0.8767,15
2026-09-15T11,77926352,18438,2,False,0.9999,1.0,2
2026-09-15T11,499973,16631,100,True,0.3408,0.5497,6
2026-09-15T11,33214,13467,98,False,0.1315,0.5117,9
2026-09-15T11,518203,14024,71,False,0.3737,0.9342,9
2026-09-15T11,12924,13585,63,False,0.5673,0.9504,8
2026-09-15T11,515025,9495,100,True,0.3028,0.6142,11
2026-09-15T11,1264310518,11250,100,True,0.366,0.6717,10
2026-09-15T11,491487,8450,100,True,0.103,0.5309,11
2026-09-15T11,508455,10284,95,False,0.274,0.6313,13
2026-09-15T11,27471,6724,98,False,0.0634,0.407,9
2026-09-15T11,460630,9714,100,True,0.7379,0.885,15
2026-09-15T11,116910466,9674,3,False,0.9993,1.0,1
2026-09-15T11,138585,9018,77,False,0.2138,0.7823,15
2026-09-15T11,327598602,8769,99,False,0.2649,0.7865,10
2026-09-15T11,498592,8182,100,True,0.211,0.6352,9
2026-09-15T11,1494074023,8551,14,False,0.567,0.9571,1
2026-09-15T11,26936,7762,96,False,0.5238,0.7739,12
2026-09-15T11,27546,8149,100,True,0.3477,0.7616,17
2026-09-15T11,509660,5634,98,False,0.1857,0.4137,9
2026-09-15T11,417528,7779,99,False,0.2107,0.7763,13
2026-09-15T11,6187,7529,2,False,0.9991,1.0,2
2026-09-15T11,1357871551,6931,100,True,0.2953,0.6472,13
2026-09-15T11,458781,7196,98,False,0.1986,0.734,9
2026-09-15T11,29452,7057,16,False,0.2141,0.8523,2
2026-09-15T11,1702520304,6784,99,False,0.1975,0.7718,13
2026-09-15T11,512710,5919,100,True,0.1368,0.5391,9
2026-09-15T11,902998079,6579,99,False,0.3943,0.8222,13
2026-09-15T11,499634,6491,94,False,0.3415,0.9002,6
2026-09-15T11,386821,6127,100,True,0.1185,0.5623,12
2026-09-15T11,19619,5546,100,True,0.0837,0.473,4
2026-09-15T11,263490,6124,98,False,0.3516,0.823,11
2026-09-15T11,31339,5912,100,True,0.2806,0.7393,14
2026-09-15T11,602040818,5580,100,True,0.2358,0.7737,6
2026-09-15T11,1669431183,5718,99,False,0.2023,0.681,9
2026-09-15T11,493057,5235,100,True,0.1003,0.5891,14
2026-09-15T11,505045,5447,24,False,0.3587,0.975,2
2026-09-15T11,27284,5055,99,False,0.2843,0.5988,9
2026-09-15T11,509659,5296,96,False,0.1418,0.6361,7
2026-09-15T11,272263131,4664,99,False,0.2955,0.7028,7
2026-09-15T11,1282866981,4623,100,True,0.2477,0.6805,12
2026-09-15T11,515024,4658,61,False,0.4768,0.9208,11
2026-09-15T11,24193,4377,22,False,0.4866,0.9968,8
2026-09-15T11,417752,4380,99,False,0.274,0.7646,10
2026-09-15T11,459931,4321,80,False,0.2328,0.7612,5
2026-09-15T11,1544653089,3768,4,False,0.9981,1.0,3
2026-09-15T11,2132205352,3662,94,False,0.2062,0.6344,8
2026-09-15T11,24241,3326,100,True,0.0839,0.417,5
2026-09-15T11,512953,3394,96,False,0.0751,0.4991,15
2026-09-15T11,1826300051,3478,15,False,0.9681,0.9983,6
2026-09-15T11,464339927,3176,97,False,0.1918,0.5771,10
2026-09-15T11,30921,2251,92,False,0.1106,0.6522,13
2026-09-15T11,502829,3339,47,False,0.3971,0.8182,3
2026-09-15T11,13332,3249,42,False,0.3078,0.9292,8
2026-09-15T11,401587136,2992,100,True,0.253,0.7463,13
2026-09-15T11,65632,2856,99,False,0.3025,0.7619,11
2026-09-15T11,1813168901,2721,31,False,0.1521,0.8041,6
2026-09-15T11,491931,2738,57,False,0.2071,0.8546,9
2026-09-15T11,1599346425,2549,100,True,0.0891,0.4088,8
2026-09-15T11,1913410799,2629,18,False,0.5283,0.9943,3
2026-09-15T11,500188,2333,100,True,0.2135,0.5782,13
2026-09-15T11,767864507,2548,21,False,0.9246,0.9918,2
2026-09-15T11,488190,2570,50,False,0.4416,0.8218,10
2026-09-15T11,1413930024,2256,85,False,0.2593,0.6769,10
2026-09-15T11,12839,2222,37,False,0.1508,0.8443,5
2026-09-15T11,2124871354,2129,100,True,0.2076,0.6928,8
2026-09-15T11,513181,2026,100,True,0.2384,0.5607,11
2026-09-15T11,1441208453,1701,99,False,0.1082,0.4633,10
2026-09-15T11,499003,2098,39,False,0.2359,0.8932,5
2026-09-15T11,71375,2070,52,False,0.2415,0.8401,6
2026-09-15T11,494184,2028,99,False,0.1972,0.6815,10
2026-09-15T11,866287127,2004,19,False,0.4731,0.9815,6
2026-09-15T11,66082,1629,92,False,0.1811,0.768,16
2026-09-15T11,36799602,1979,37,False,0.8626,0.9596,5
2026-09-15T11,514891,1944,9,False,0.9877,1.0,4
2026-09-15T11,762571505,1931,2,False,0.9969,1.0,1
2026-09-15T11,509663,1929,52,False,0.3644,0.7615,11
2026-09-15T11,1119642287,1924,31,False,0.8015,0.9797,6
2026-09-15T11,743,1902,32,False,0.8596,0.9721,4
2026-09-15T11,2748,1825,29,False,0.4592,0.9447,6
2026-09-15T11,903469103,1769,4,False,0.9949,1.0,2
2026-09-15T11,1517377137,1753,30,False,0.3474,0.9755,9
2026-09-15T11,23020,1142,96,False,0.2233,0.4974,9
2026-09-15T11,123184772,1622,13,False,0.5401,0.9969,8
2026-09-15T11,1414860634,1541,33,False,0.5555,0.9617,8
2026-09-15T11,516588,1504,17,False,0.2114,0.8956,2
2026-09-15T11,624536948,1170,96,False,0.135,0.6333,12
2026-09-15T16,509658,207012,98,False,0.0899,0.3869,12
2026-09-15T16,75101830,139213,100,True,0.247,0.6271,16
2026-09-15T16,32982,113023,98,False,0.2145,0.4995,14
2026-09-15T16,743893402,87810,99,False,0.1295,0.4685,14
2026-09-15T16,21779,94811,99,False,0.1353,0.6085,14
2026-09-15T16,32399,92909,99,False,0.232,0.5431,15
2026-09-15T16,30921,96800,100,True,0.2882,0.7495,11
2026-09-15T16,516575,67111,99,False,0.0797,0.443,13
2026-09-15T16,509672,71497,100,True,0.3342,0.6379,13
2026-09-15T16,29595,69187,99,False,0.1915,0.6683,6
2026-09-15T16,515024,67477,100,True,0.1691,0.65,12
2026-09-15T16,18122,58514,99,False,0.2114,0.581,12
2026-09-15T16,509663,66436,92,False,0.9251,0.9697,10
2026-09-15T16,123184772,60365,49,False,0.4303,0.8797,13
2026-09-15T16,27471,37016,93,False,0.3609,0.7022,11
2026-09-15T16,27546,44881,100,True,0.4995,0.8548,16
2026-09-15T16,33214,24378,94,False,0.1761,0.5024,12
2026-09-15T16,491487,26906,98,False,0.1363,0.6465,11
2026-09-15T16,498566,36682,100,True,0.0869,0.4706,14
2026-09-15T16,508455,30558,99,False,0.2027,0.6609,12
2026-09-15T16,513143,22826,92,False,0.5346,0.8514,13
2026-09-15T16,422208436,21576,5,False,0.9814,1.0,1
2026-09-15T16,512710,17648,100,True,0.2121,0.5806,9
2026-09-15T16,460630,18803,96,False,0.6774,0.8322,12
2026-09-15T16,2124871354,18618,99,False,0.2051,0.7934,9
2026-09-15T16,511224,15486,94,False,0.2989,0.6819,12
2026-09-15T16,1357871551,17692,99,False,0.4719,0.8134,14
2026-09-15T16,491931,17034,96,False,0.1313,0.612,16
2026-09-15T16,515025,10621,95,False,0.0963,0.429,14
2026-09-15T16,1264310518,13130,98,False,0.1659,0.469,8
2026-09-15T16,12924,17342,100,True,0.4382,0.9504,11
2026-09-15T16,499973,12951,100,True,0.1896,0.5285,6
2026-09-15T16,29452,14018,35,False,0.1129,0.5999,7
2026-09-15T16,366925283,12995,4,False,0.9427,1.0,1
2026-09-15T16,509660,7548,100,True,0.1215,0.4047,12
2026-09-15T16,19357,12231,100,True,0.2447,0.8003,9
2026-09-15T16,493057,11095,99,False,0.1414,0.6282,15
2026-09-15T16,743,11307,91,False,0.3452,0.8186,13
2026-09-15T16,31339,11007,100,True,0.6827,0.8444,11
2026-09-15T16,499634,11058,99,False,0.1586,0.7859,8
2026-09-15T16,518203,11418,94,False,0.4302,0.7619,13
2026-09-15T16,512953,9643,99,False,0.1926,0.6783,11
2026-09-15T16,27284,9725,100,True,0.5416,0.6935,9
2026-09-15T16,263490,9828,99,False,0.2292,0.7346,14
2026-09-15T16,26936,9222,99,False,0.4912,0.6527,11
2026-09-15T16,1669431183,9891,100,True,0.129,0.5852,9
2026-09-15T16,138585,10050,100,True,0.2428,0.7356,15
2026-09-15T16,417528,9956,99,False,0.2175,0.7387,12
2026-09-15T16,682851862,9631,6,False,0.9988,1.0,2
2026-09-15T16,19619,8161,100,True,0.0761,0.4297,4
2026-09-15T16,386821,8487,98,False,0.106,0.5227,14
2026-09-15T16,539102438,8327,1,False,1.0,1.0,1
2026-09-15T16,902998079,7251,98,False,0.3344,0.6394,10
2026-09-15T16,506415,8172,72,False,0.7906,0.9701,12
2026-09-15T16,505045,8046,48,False,0.2584,0.9543,4
2026-09-15T16,602040818,6652,97,False,0.1043,0.5983,7
2026-09-15T16,509659,7634,100,True,0.1005,0.6417,9
2026-09-15T16,55453844,7018,93,False,0.6647,0.8909,10
2026-09-15T16,488190,7311,100,True,0.2227,0.7155,11
2026-09-15T16,512980,7152,44,False,0.5673,0.9843,10
2026-09-15T16,1282866981,6462,100,True,0.2284,0.7351,14
2026-09-15T16,649641885,6812,60,False,0.4881,0.9516,9
2026-09-15T16,459931,6111,98,False,0.2095,0.693,9
2026-09-15T16,494184,6020,97,False,0.2171,0.7993,8
2026-09-15T16,327598602,4803,99,False,0.1276,0.553,18
2026-09-15T16,464339927,5094,98,False,0.1527,0.5397,12
2026-09-15T16,1846293708,5644,76,False,0.5524,0.9208,8
2026-09-15T16,272263131,5278,100,True,0.3632,0.7059,6
2026-09-15T16,2132205352,5190,98,False,0.3081,0.7468,10
2026-09-15T16,417752,5196,96,False,0.2652,0.8387,11
2026-09-15T16,1702520304,4712,100,True,0.1522,0.5492,14
2026-09-15T16,12839,5079,46,False,0.3028,0.8541,6
2026-09-15T16,513181,4306,99,False,0.2471,0.6043,14
2026-09-15T16,401587136,4594,100,True,0.1696,0.6008,14
2026-09-15T16,500188,4033,100,True,0.2279,0.5829,12
2026-09-15T16,24241,3850,100,True,0.0956,0.4319,8
2026-09-15T16,21465,4653,100,True,0.7958,0.9048,13
2026-09-15T16,23020,2253,92,False,0.1229,0.4168,9
2026-09-15T16,498592,4585,99,False,0.135,0.6534,8
2026-09-15T16,13332,4275,96,False,0.1481,0.724,10
2026-09-15T16,24226,3999,8,False,0.9955,1.0,4
2026-09-15T16,350062553,3938,2,False,0.9997,1.0,2
2026-09-15T16,65632,3620,100,True,0.1193,0.5586,11
2026-09-15T16,1599346425,3057,97,False,0.1004,0.3553,8
2026-09-15T16,66082,3065,98,False,0.4949,0.7772,12
2026-09-15T16,1230742965,3718,87,False,0.5764,0.8752,8
2026-09-15T16,10229,3698,16,False,0.9686,0.9976,3
2026-09-15T16,1441208453,2746,97,False,0.2334,0.508,9
2026-09-15T16,687129551,3626,52,False,0.3789,0.9611,5
2026-09-15T16,32385,3503,1,False,1.0,1.0,1
2026-09-15T16,168648543,3145,100,True,0.1873,0.7084,15
2026-09-15T16,502829,3132,62,False,0.4205,0.8158,4
2026-09-15T16,32502,3187,52,False,0.8077,0.9329,12
2026-09-15T16,599619814,3224,8,False,0.1684,1.0,2
2026-09-15T16,1931693784,3014,85,False,0.288,0.8587,8
2026-09-15T16,2748,3034,57,False,0.292,0.8682,8
2026-09-15T16,557699226,3020,1,False,1.0,1.0,1
2026-09-15T16,624536948,2712,100,True,0.222,0.6405,12
2026-09-15T16,1469308723,2889,98,False,0.3783,0.6739,10
2026-09-15T16,1393304883,2859,100,True,0.206,0.8283,2
2026-09-15T21,509658,258593,92,False,0.1571,0.532,12
2026-09-15T21,32982,201445,100,True,0.1374,0.5717,11
2026-09-15T21,123184772,246116,100,True,0.4018,0.7386,10
2026-09-15T21,75101830,175229,95,False,0.1671,0.684,10
2026-09-15T21,743893402,74826,98,False,0.117,0.5296,14
2026-09-15T21,30921,94622,100,True,0.407,0.7992,9
2026-09-15T21,21779,77863,96,False,0.2467,0.7085,11
2026-09-15T21,29595,77189,100,True,0.1934,0.75,6
2026-09-15T21,32399,57472,100,True,0.1732,0.4364,15
2026-09-15T21,515024,52037,100,True,0.218,0.7083,14
2026-09-15T21,18122,43192,100,True,0.3883,0.6548,9
2026-09-15T21,516575,31759,100,True,0.1165,0.5561,15
2026-09-15T21,460630,45274,97,False,0.605,0.9376,11
2026-09-15T21,27471,33578,92,False,0.1959,0.549,12
2026-09-15T21,500963,39460,2,False,0.873,1.0,1
2026-09-15T21,33214,22644,94,False,0.2365,0.55,10
2026-09-15T21,508455,26474,92,False,0.2592,0.7039,9
2026-09-15T21,498566,31520,100,True,0.1024,0.5241,15
2026-09-15T21,491487,13472,100,True,0.103,0.4685,12
2026-09-15T21,1264310518,16488,99,False,0.2567,0.5562,8
2026-09-15T21,511224,15405,97,False,0.1797,0.5657,13
2026-09-15T21,515025,12819,94,False,0.1358,0.5185,9
2026-09-15T21,27546,20538,100,True,0.6026,0.891,13
2026-09-15T21,509672,17382,98,False,0.1706,0.5773,11
2026-09-15T21,518203,18144,94,False,0.2033,0.7835,11
2026-09-15T21,512710,14032,100,True,0.1863,0.529,9
2026-09-15T21,19357,16800,98,False,0.2315,0.8336,9
2026-09-15T21,1535225577,15408,72,False,0.9727,0.9934,10
2026-09-15T21,513143,14735,98,False,0.1995,0.7624,14
2026-09-15T21,483253897,14953,2,False,0.9936,1.0,2
2026-09-15T21,29452,14869,39,False,0.1284,0.667,5
2026-09-15T21,2124871354,13331,100,True,0.2181,0.7121,8
2026-09-15T21,509659,14201,100,True,0.1663,0.5998,10
2026-09-15T21,1357871551,12273,100,True,0.3737,0.7216,13
2026-09-15T21,499973,12242,100,True,0.1394,0.5067,5
2026-09-15T21,512953,11232,98,False,0.184,0.6611,12
2026-09-15T21,1230742965,12471,95,False,0.2718,0.9476,7
2026-09-15T21,509660,7166,100,True,0.1282,0.3849,7
2026-09-15T21,493057,10945,98,False,0.3869,0.7356,12
2026-09-15T21,590993568,11411,21,False,0.6947,0.9972,6
2026-09-15T21,138585,11363,100,True,0.2455,0.7064,11
2026-09-15T21,1898040946,10909,97,False,0.5275,0.9293,14
2026-09-15T21,491931,9615,100,True,0.1271,0.6138,11
2026-09-15T21,19619,9015,100,True,0.064,0.4286,5
2026-09-15T21,1143686580,10243,25,False,0.8682,0.9967,7
2026-09-15T21,398341943,9616,1,False,1.0,1.0,1
2026-09-15T21,743,4244,61,False,0.3221,0.9394,9
2026-09-15T21,2132205352,8649,97,False,0.2474,0.724,8
2026-09-15T21,902998079,7313,100,True,0.131,0.5564,10
2026-09-15T21,602040818,7062,100,True,0.1882,0.553,7
2026-09-15T21,488190,7807,99,False,0.2397,0.641,9
2026-09-15T21,417528,7664,97,False,0.2676,0.7403,11
2026-09-15T21,1669431183,7091,100,True,0.0846,0.417,5
2026-09-15T21,499634,6719,96,False,0.3216,0.8946,8
2026-09-15T21,32959,6635,78,False,0.7583,0.937,12
2026-09-15T21,31339,6005,97,False,0.2769,0.6956,9
2026-09-15T21,1494,726,95,False,0.1074,0.3939,7
2026-09-15T21,519291,6554,83,False,0.931,0.9767,12
2026-09-15T21,539102438,6201,1,False,1.0,1.0,1
2026-09-15T21,26936,5215,96,False,0.0932,0.512,8
2026-09-15T21,464339927,4925,94,False,0.1111,0.5693,10
2026-09-15T21,27284,5257,100,True,0.0932,0.4029,9
2026-09-15T21,327598602,4932,100,True,0.115,0.5026,17
2026-09-15T21,649641885,5899,80,False,0.8435,0.9405,10
2026-09-15T21,2012789438,5312,100,True,0.3744,0.7745,6
2026-09-15T21,23020,3508,98,False,0.3908,0.5841,10
2026-09-15T21,1702520304,5077,90,False,0.2494,0.598,12
2026-09-15T21,272263131,5128,100,True,0.3395,0.7176,7
2026-09-15T21,386821,5160,96,False,0.1328,0.5484,13
2026-09-15T21,66082,3077,85,False,0.5229,0.7706,10
2026-09-15T21,509663,5230,97,False,0.2063,0.6233,10
2026-09-15T21,24241,4225,100,True,0.0968,0.4899,6
2026-09-15T21,13332,4703,96,False,0.3213,0.8356,8
2026-09-15T21,417752,4352,95,False,0.1693,0.6926,8
2026-09-15T21,401587136,4315,97,False,0.2512,0.7409,12
2026-09-15T21,491168,4434,44,False,0.2285,0.9592,8
2026-09-15T21,1763263,4380,53,False,0.6377,0.9445,3
2026-09-15T21,458781,4197,99,False,0.5077,0.7586,10
2026-09-15T21,12839,4297,42,False,0.1489,0.8334,6
2026-09-15T21,499003,4274,98,False,0.1673,0.7204,8
2026-09-15T21,459931,4140,100,True,0.1476,0.5918,6
2026-09-15T21,1282866981,3925,94,False,0.2138,0.6018,13
2026-09-15T21,263490,3776,100,True,0.1319,0.5892,12
2026-09-15T21,967107115,4008,1,False,1.0,1.0,1
2026-09-15T21,513181,3309,93,False,0.3137,0.6177,10
2026-09-15T21,505045,3927,38,False,0.4719,0.9633,4
2026-09-15T21,1286077738,3788,100,True,0.2991,0.7812,11
2026-09-15T21,168648543,3479,91,False,0.2044,0.7537,11
2026-09-15T21,460951,3824,98,False,0.5246,0.8818,5
2026-09-15T21,670138298,3066,86,False,0.1334,0.7776,3
2026-09-15T21,493959,2686,95,False,0.0867,0.4296,12
2026-09-15T21,1622846332,3442,13,False,0.8974,0.9985,3
2026-09-15T21,1931693784,3416,78,False,0.2591,0.892,8
2026-09-15T21,500188,2477,94,False,0.1195,0.3924,10
2026-09-15T21,417892,3179,87,False,0.2259,0.7984,11
2026-09-15T21,489170,3149,64,False,0.7596,0.9409,9
2026-09-15T21,502829,3130,37,False,0.4933,0.9367,3
2026-09-15T21,510218,1142,53,False,0.3643,0.8336,8
2026-09-15T21,498592,2980,100,True,0.1624,0.6409,14
2026-09-15T21,21443,2916,2,False,0.9983,1.0,1
2026-09-16T00,509658,164824,93,False,0.1899,0.5901,11
2026-09-16T00,32982,148837,100,True,0.2464,0.6067,6
2026-09-16T00,75101830,116264,99,False,0.2747,0.7522,12
2026-09-16T00,123184772,91737,63,False,0.5222,0.8555,10
2026-09-16T00,743893402,55389,98,False,0.2088,0.5397,13
2026-09-16T00,27471,47372,95,False,0.1309,0.6321,8
2026-09-16T00,516575,31839,97,False,0.1698,0.6131,12
2026-09-16T00,21779,29679,97,False,0.0949,0.4731,10
2026-09-16T00,32399,34753,97,False,0.1246,0.5037,10
2026-09-16T00,33214,20039,95,False,0.2513,0.5072,7
2026-09-16T00,18122,30098,100,True,0.2445,0.6667,7
2026-09-16T00,460630,32689,94,False,0.7488,0.9404,8
2026-09-16T00,515024,31991,96,False,0.2025,0.6397,12
2026-09-16T00,509672,32752,100,True,0.3845,0.7893,9
2026-09-16T00,30921,28936,100,True,0.1654,0.849,9
2026-09-16T00,626298054,30033,9,False,0.9893,1.0,2
2026-09-16T00,508455,25176,98,False,0.4934,0.8147,13
2026-09-16T00,670138298,27453,94,False,0.796,0.9579,3
2026-09-16T00,29595,26226,99,False,0.1374,0.6106,7
2026-09-16T00,491487,13583,98,False,0.1302,0.5381,9
2026-09-16T00,498566,25010,92,False,0.1298,0.634,9
2026-09-16T00,1264310518,13280,96,False,0.1956,0.4782,6
2026-09-16T00,511224,15354,98,False,0.1803,0.6521,8
2026-09-16T00,515025,10818,98,False,0.1522,0.5743,10
2026-09-16T00,29452,16236,36,False,0.1712,0.7664,4
2026-09-16T00,1357871551,16168,100,True,0.5533,0.8142,11
2026-09-16T00,26936,13657,95,False,0.684,0.8217,6
2026-09-16T00,499973,13367,100,True,0.1528,0.5789,6
2026-09-16T00,513143,13957,93,False,0.2543,0.9167,11
2026-09-16T00,512710,10047,100,True,0.1662,0.4705,7
2026-09-16T00,19619,10650,99,False,0.0785,0.3989,3
2026-09-16T00,509659,12960,96,False,0.2699,0.656,9
2026-09-16T00,19357,12221,96,False,0.2528,0.8588,8
2026-09-16T00,902998079,8650,95,False,0.1253,0.561,8
2026-09-16T00,509660,6510,96,False,0.1241,0.3773,9
2026-09-16T00,602040818,7206,98,False,0.0616,0.3868,2
2026-09-16T00,2124871354,8886,99,False,0.2558,0.7067,9
2026-09-16T00,491931,8281,99,False,0.1659,0.5944,10
2026-09-16T00,512953,7850,97,False,0.2782,0.7549,10
2026-09-16T00,1492453896,8623,1,False,1.0,1.0,1
2026-09-16T00,2132205352,7816,96,False,0.0957,0.6689,6
2026-09-16T00,138585,8182,100,True,0.3494,0.7936,9
2026-09-16T00,519291,7709,90,False,0.9166,0.9808,9
2026-09-16T00,498592,6882,100,True,0.4281,0.7402,17
2026-09-16T00,1230742965,6579,94,False,0.4435,0.9194,5
2026-09-16T00,27284,5519,97,False,0.1234,0.4604,7
2026-09-16T00,27546,6475,79,False,0.7198,0.9354,14
2026-09-16T00,1910993272,6284,46,False,0.5151,0.9879,7
2026-09-16T00,493057,5489,98,False,0.1283,0.5963,9
2026-09-16T00,1773414751,5795,2,False,0.8228,1.0,1
2026-09-16T00,417528,5634,99,False,0.3003,0.6816,6
2026-09-16T00,66082,4684,100,True,0.3038,0.6708,7
2026-09-16T00,499003,5431,100,True,0.1992,0.6645,4
2026-09-16T00,464339927,4417,100,True,0.1614,0.643,9
2026-09-16T00,1669431183,4882,100,True,0.2104,0.4633,5
2026-09-16T00,272263131,4725,100,True,0.3312,0.7103,7
2026-09-16T00,401587136,4832,100,True,0.2423,0.8193,11
2026-09-16T00,386821,4776,100,True,0.0911,0.4971,12
2026-09-16T00,327598602,4131,98,False,0.107,0.5023,9
2026-09-16T00,23020,2074,94,False,0.0675,0.4021,7
2026-09-16T00,459931,4612,99,False,0.2101,0.601,4
2026-09-16T00,24241,3344,100,True,0.0807,0.4106,7
2026-09-16T00,1702520304,4566,100,True,0.3049,0.6835,9
2026-09-16T00,509663,3955,98,False,0.1421,0.5785,7
2026-09-16T00,31339,3723,100,True,0.1566,0.5992,9
2026-09-16T00,513181,3997,95,False,0.5154,0.7461,10
2026-09-16T00,65632,3913,99,False,0.5574,0.8275,9
2026-09-16T00,13332,3673,100,True,0.2747,0.7814,6
2026-09-16T00,499634,3584,100,True,0.5756,0.8552,6
2026-09-16T00,77926352,3304,1,False,1.0,1.0,1
2026-09-16T00,743,823,46,False,0.1665,0.7679,6
2026-09-16T00,6521,3194,53,False,0.8384,0.9787,6
2026-09-16T00,1441208453,2043,97,False,0.115,0.3882,8
2026-09-16T00,263490,3014,100,True,0.1337,0.5435,10
2026-09-16T00,502829,3156,25,False,0.4756,0.9642,1
2026-09-16T00,1282866981,2932,99,False,0.1982,0.6248,11
2026-09-16T00,168648543,2561,98,False,0.1339,0.6654,8
2026-09-16T00,1122982998,2967,73,False,0.4698,0.9312,8
2026-09-16T00,488190,2898,70,False,0.1442,0.6577,6
2026-09-16T00,1931693784,2794,93,False,0.423,0.8368,7
2026-09-16T00,509511,2649,98,False,0.0615,0.4126,7
2026-09-16T00,1286077738,2626,98,False,0.5461,0.743,8
2026-09-16T00,723826053,2760,22,False,0.9808,0.9964,5
2026-09-16T00,417892,2619,80,False,0.2104,0.832,8
2026-09-16T00,674491029,2668,87,False,0.6987,0.8947,5
2026-09-16T00,460951,2554,97,False,0.6605,0.8367,4
2026-09-16T00,505045,2621,28,False,0.4277,0.9588,4
2026-09-16T00,2012789438,1828,100,True,0.0651,0.4245,6
2026-09-16T00,624536948,1690,90,False,0.0757,0.532,7
2026-09-16T00,493959,1867,100,True,0.0991,0.3487,8
2026-09-16T00,1494,804,98,False,0.1356,0.4515,6
2026-09-16T00,1832841853,2479,99,False,0.503,0.8919,8
2026-09-16T00,510056,2472,11,False,0.947,0.9996,2
2026-09-16T00,1813168901,2349,45,False,0.198,0.8399,5
2026-09-16T00,505884,2434,55,False,0.5637,0.9486,7
2026-09-16T00,518184,2214,100,True,0.4201,0.6662,8
2026-09-16T00,55453844,2363,91,False,0.3182,0.7448,7
2026-09-16T00,518203,2355,99,False,0.2212,0.6675,7
2026-09-16T00,538054672,2257,97,False,0.2712,0.6482,8
2026-09-16T00,66170,1906,100,True,0.0693,0.3652,6
2026-09-16T07,509658,91201,100,True,0.1867,0.495,15
2026-09-16T07,29595,90988,99,False,0.7625,0.8876,8
2026-09-16T07,743893402,57350,99,False,0.1957,0.6012,14
2026-09-16T07,75101830,46299,94,False,0.4993,0.8143,12
2026-09-16T07,1267582829,22475,97,False,0.1362,0.4936,10
2026-09-16T07,32982,27570,99,False,0.1769,0.6038,7
2026-09-16T07,21779,24842,95,False,0.0743,0.4349,12
2026-09-16T07,18122,23615,98,False,0.2201,0.6029,10
2026-09-16T07,516575,18619,97,False,0.1123,0.5333,10
2026-09-16T07,123184772,21967,28,False,0.2092,0.9144,6
2026-09-16T07,515024,19857,98,False,0.1611,0.7192,11
2026-09-16T07,499973,18414,100,True,0.3956,0.6353,6
2026-09-16T07,32399,14946,95,False,0.098,0.4896,14
2026-09-16T07,30921,16257,92,False,0.206,0.8621,8
2026-09-16T07,511224,11049,97,False,0.1886,0.6492,10
2026-09-16T07,509672,13796,100,True,0.1274,0.4957,14
2026-09-16T07,33214,8742,99,False,0.1054,0.486,9
2026-09-16T07,1264310518,9789,95,False,0.0726,0.4915,6
2026-09-16T07,515025,9279,100,True,0.1734,0.5905,9
2026-09-16T07,491487,7871,94,False,0.1235,0.5617,8
2026-09-16T07,26936,10289,94,False,0.763,0.8838,10
2026-09-16T07,513143,10600,100,True,0.2263,0.8274,15
2026-09-16T07,27471,7892,100,True,0.168,0.6237,10
2026-09-16T07,602040818,8332,99,False,0.1849,0.6887,1
2026-09-16T07,508455,8329,99,False,0.1235,0.5513,13
2026-09-16T07,29452,9636,22,False,0.1807,0.7506,3
2026-09-16T07,498566,9311,45,False,0.2057,0.7481,11
2026-09-16T07,498592,8684,100,True,0.1081,0.5572,14
2026-09-16T07,539102438,8091,3,False,0.9998,1.0,1
2026-09-16T07,509659,8142,100,True,0.1834,0.5694,7
2026-09-16T07,491931,7380,95,False,0.2152,0.7229,12
2026-09-16T07,27284,6972,97,False,0.3292,0.6826,10
2026-09-16T07,19357,6185,62,False,0.4863,0.8768,7
2026-09-16T07,138585,6790,79,False,0.2054,0.848,14
2026-09-16T07,509660,4548,96,False,0.0741,0.3226,9
2026-09-16T07,9891,6156,11,False,0.9966,1.0,2
2026-09-16T07,512710,4732,96,False,0.1414,0.4983,8
2026-09-16T07,630009802,5346,19,False,0.9415,0.9983,3
2026-09-16T07,902998079,4432,93,False,0.2518,0.5688,9
2026-09-16T07,272263131,4611,100,True,0.2524,0.7118,7
2026-09-16T07,518203,4591,46,False,0.5175,0.9229,7
2026-09-16T07,649641885,4470,38,False,0.6671,0.9725,4
2026-09-16T07,512953,4049,96,False,0.1492,0.7436,10
2026-09-16T07,19619,4058,100,True,0.277,0.6454,4
2026-09-16T07,27546,4491,85,False,0.2961,0.815,14
2026-09-16T07,2124871354,3744,100,True,0.2845,0.7986,11
2026-09-16T07,493057,3721,100,True,0.3018,0.7466,13
2026-09-16T07,2132205352,3742,100,True,0.2223,0.6986,7
2026-09-16T07,1669431183,3800,100,True,0.2242,0.5211,9
2026-09-16T07,499003,3756,65,False,0.3557,0.8251,7
2026-09-16T07,66082,3485,100,True,0.3613,0.8758,12
2026-09-16T07,24241,3389,100,True,0.1107,0.4745,7
2026-09-16T07,464339927,3444,100,True,0.1623,0.5476,11
2026-09-16T07,417528,3611,79,False,0.1933,0.7591,11
2026-09-16T07,386821,3575,99,False,0.1189,0.5726,12
2026-09-16T07,1357871551,3354,100,True,0.3005,0.6673,11
2026-09-16T07,1441208453,2857,100,True,0.4799,0.7245,10
2026-09-16T07,459931,3217,90,False,0.2692,0.6957,2
2026-09-16T07,6521,3095,18,False,0.9328,0.9977,4
2026-09-16T07,1630982727,3080,68,False,0.4974,0.9328,8
2026-09-16T07,502829,2989,27,False,0.459,0.9341,2
2026-09-16T07,55453844,2947,96,False,0.2847,0.7889,5
2026-09-16T07,513181,2542,100,True,0.2707,0.5944,10
2026-09-16T07,493959,2481,100,True,0.4486,0.8682,12
2026-09-16T07,1702520304,2455,100,True,0.2045,0.6314,14
2026-09-16T07,327598602,2198,93,False,0.2634,0.6233,10
2026-09-16T07,670138298,2307,90,False,0.3615,0.8808,2
2026-09-16T07,460630,1674,99,False,0.1362,0.5191,12
2026-09-16T07,23020,1296,99,False,0.0556,0.3565,6
2026-09-16T07,1813168901,2211,37,False,0.1615,0.8318,5
2026-09-16T07,31339,2181,99,False,0.2256,0.6483,12
2026-09-16T07,2012789438,1949,97,False,0.1621,0.5983,8
2026-09-16T07,499634,2004,76,False,0.3483,0.9102,7
2026-09-16T07,1282866981,1921,100,True,0.1723,0.519,10
2026-09-16T07,1155471828,1895,2,False,0.9995,1.0,1
2026-09-16T07,488190,1870,33,False,0.5508,0.8561,8
2026-09-16T07,509066,1754,2,False,0.9994,1.0,2
2026-09-16T07,495202,1743,16,False,0.868,0.9943,2
2026-09-16T07,271304,1712,70,False,0.472,0.8715,8
2026-09-16T07,500188,1687,100,True,0.1749,0.6111,11
2026-09-16T07,1913410799,1693,11,False,0.8346,0.9994,2
2026-09-16T07,168648543,1613,100,True,0.1953,0.7167,14
2026-09-16T07,637584851,1690,1,False,1.0,1.0,1
2026-09-16T07,263490,1631,100,True,0.0901,0.5996,11
2026-09-16T07,509511,1669,70,False,0.0815,0.5494,6
2026-09-16T07,1599346425,1621,100,True,0.0802,0.3856,11
2026-09-16T07,903469103,1602,9,False,0.8539,1.0,2
2026-09-16T07,394568,1589,17,False,0.876,0.9912,2
2026-09-16T07,494925,1589,12,False,0.7445,0.9994,5
2026-09-16T07,65632,1497,94,False,0.2799,0.8003,9
2026-09-16T07,624536948,1264,89,False,0.1313,0.7176,8
2026-09-16T07,13332,1402,40,False,0.3951,0.9315,5
2026-09-16T07,511399,1397,12,False,0.9205,0.9971,3
2026-09-16T07,743,1348,36,False,0.589,0.9518,6
2026-09-16T07,71375,1337,45,False,0.3575,0.8586,6
2026-09-16T07,1414860634,1324,36,False,0.4879,0.9547,4
2026-09-16T07,19976,1298,51,False,0.1757,0.7997,5
2026-09-16T07,116747788,1307,26,False,0.6205,0.9755,3
2026-09-16T07,1435206302,1297,32,False,0.68,0.9499,4
2026-09-16T07,498000,1292,4,False,0.9861,1.0,3
2026-09-16T13,509658,150749,98,False,0.1228,0.417,16
2026-09-16T13,509663,143118,79,False,0.6258,0.9878,11
2026-09-16T13,32982,93008,98,False,0.3145,0.5392,7
2026-09-16T13,123184772,72842,62,False,0.1317,0.7023,11
2026-09-16T13,516575,54842,100,True,0.0972,0.4719,13
2026-09-16T13,1267582829,44052,100,True,0.1069,0.5288,10
2026-09-16T13,32399,52245,99,False,0.089,0.3911,13
2026-09-16T13,21779,49413,98,False,0.139,0.4932,13
2026-09-16T13,743893402,49322,99,False,0.0617,0.4244,15
2026-09-16T13,29595,42871,100,True,0.2903,0.7211,7
2026-09-16T13,511224,33953,99,False,0.357,0.8194,12
2026-09-16T13,18122,36018,98,False,0.1393,0.4989,10
2026-09-16T13,509672,35611,97,False,0.1599,0.5144,17
2026-09-16T13,508455,24808,100,True,0.392,0.7582,13
2026-09-16T13,498566,25674,82,False,0.1226,0.5879,13
2026-09-16T13,491931,24441,100,True,0.2322,0.8036,13
2026-09-16T13,515024,22939,100,True,0.1745,0.6512,14
2026-09-16T13,75101830,22234,100,True,0.1712,0.6074,14
2026-09-16T13,460630,23358,93,False,0.461,0.8874,10
2026-09-16T13,30921,23049,99,False,0.2811,0.8411,12
2026-09-16T13,513143,19818,100,True,0.3966,0.7649,17
2026-09-16T13,27471,11943,97,False,0.3472,0.5944,12
2026-09-16T13,491487,12353,98,False,0.1343,0.6042,10
2026-09-16T13,33214,11231,96,False,0.0974,0.4691,9
2026-09-16T13,401587136,14590,100,True,0.155,0.6086,13
2026-09-16T13,499973,14097,100,True,0.2525,0.523,7
2026-09-16T13,515025,9333,99,False,0.11,0.417,12
2026-09-16T13,1264310518,10904,100,True,0.2508,0.6166,8
2026-09-16T13,743,12441,62,False,0.6372,0.9356,13
2026-09-16T13,767864507,12242,37,False,0.6932,0.9913,3
2026-09-16T13,512710,10536,97,False,0.3084,0.6308,11
2026-09-16T13,27546,10285,100,True,0.2582,0.8498,15
2026-09-16T13,493057,9230,99,False,0.3031,0.666,17
2026-09-16T13,138585,10004,98,False,0.2276,0.7494,13
2026-09-16T13,55453844,8889,100,True,0.34,0.8056,6
2026-09-16T13,498592,8978,100,True,0.202,0.6499,8
2026-09-16T13,417528,9047,99,False,0.248,0.7972,12
2026-09-16T13,29452,9256,18,False,0.1709,0.8068,3
2026-09-16T13,19357,8754,83,False,0.2481,0.8045,10
2026-09-16T13,509660,5036,98,False,0.051,0.2381,10
2026-09-16T13,19619,7365,100,True,0.0714,0.4238,4
2026-09-16T13,386821,7960,100,True,0.1241,0.5848,13
2026-09-16T13,499634,8076,100,True,0.276,0.8087,9
2026-09-16T13,417752,7722,100,True,0.2932,0.7954,11
2026-09-16T13,20596,7773,52,False,0.5963,0.9546,4
2026-09-16T13,518203,7461,75,False,0.2555,0.8579,10
2026-09-16T13,26936,6221,98,False,0.3405,0.6441,11
2026-09-16T13,459931,6617,100,True,0.1794,0.7683,9
2026-09-16T13,509659,6482,100,True,0.1379,0.6044,7
2026-09-16T13,24241,5569,100,True,0.2379,0.6331,6
2026-09-16T13,1357871551,5905,100,True,0.2352,0.759,11
2026-09-16T13,12924,5696,54,False,0.3933,0.941,12
2026-09-16T13,27284,5406,100,True,0.2976,0.5973,10
2026-09-16T13,1282866981,5058,100,True,0.2276,0.6938,11
2026-09-16T13,272263131,5375,100,True,0.3261,0.7165,7
2026-09-16T13,902998079,5096,100,True,0.4704,0.7316,10
2026-09-16T13,2132205352,4992,100,True,0.2788,0.7091,10
2026-09-16T13,1669431183,5057,99,False,0.1129,0.4918,12
2026-09-16T13,327598602,4281,100,True,0.1523,0.502,14
2026-09-16T13,602040818,4354,100,True,0.299,0.7166,5
2026-09-16T13,1901865180,4444,100,True,0.2311,0.7061,12
2026-09-16T13,1947375016,4560,19,False,0.7833,0.9945,6
2026-09-16T13,464339927,4251,100,True,0.1371,0.5813,13
2026-09-16T13,687129551,4448,25,False,0.6749,0.9897,4
2026-09-16T13,1702520304,4177,100,True,0.2102,0.6725,15
2026-09-16T13,513181,3382,100,True,0.1295,0.4778,11
2026-09-16T13,505045,3917,18,False,0.507,0.9957,3
2026-09-16T13,512953,3140,100,True,0.099,0.4936,15
2026-09-16T13,500188,3125,100,True,0.2467,0.6419,12
2026-09-16T13,80607,3093,12,False,0.915,0.9977,3
2026-09-16T13,488190,3082,63,False,0.3634,0.7453,11
2026-09-16T13,31339,2968,100,True,0.1813,0.6183,10
2026-09-16T13,1229,3050,9,False,0.9784,1.0,3
2026-09-16T13,263490,2726,100,True,0.1134,0.5814,7
2026-09-16T13,494184,2910,100,True,0.1512,0.6488,10
2026-09-16T13,29975,2931,7,False,0.9922,1.0,2
2026-09-16T13,502829,2853,44,False,0.3901,0.8556,3
2026-09-16T13,1826300051,2846,16,False,0.8331,0.9979,5
2026-09-16T13,12839,2792,37,False,0.2815,0.8446,4
2026-09-16T13,2748,2834,40,False,0.391,0.9224,7
2026-09-16T13,36799602,2755,55,False,0.869,0.9648,11
2026-09-16T13,417892,2706,63,False,0.3784,0.8914,9
2026-09-16T13,65632,2417,96,False,0.1605,0.6719,12
2026-09-16T13,1599346425,2246,100,True,0.0467,0.2876,7
2026-09-16T13,490100,2623,95,False,0.1647,0.6523,10
2026-09-16T13,509511,2198,87,False,0.1092,0.5551,6
2026-09-16T13,1131336879,2688,13,False,0.3464,0.9993,2
2026-09-16T13,1931693784,2523,62,False,0.1914,0.8597,7
2026-09-16T13,2124871354,2178,100,True,0.09,0.5551,10
2026-09-16T13,23020,1205,94,False,0.0705,0.4,8
2026-09-16T13,13332,2272,64,False,0.2346,0.8477,8
2026-09-16T13,698700926,2290,5,False,0.9838,1.0,4
2026-09-16T13,66082,1860,100,True,0.2898,0.7548,10
2026-09-16T13,1286077738,1905,99,False,0.0845,0.3738,9
2026-09-16T13,116747788,2221,41,False,0.326,0.9473,5
2026-09-16T13,1813168901,2176,33,False,0.2367,0.8341,7
2026-09-16T13,779192097,2009,6,False,0.9761,1.0,4
2026-09-16T13,649641885,2059,52,False,0.4157,0.9471,11
2026-09-16T13,1313351584,2090,32,False,0.6407,0.9493,8
2026-09-16T13,6521,1985,46,False,0.5169,0.9678,8
2026-09-16T18,509658,325036,96,False,0.0858,0.5262,12
2026-09-16T18,123184772,203774,100,True,0.3163,0.7039,16
2026-09-16T18,32982,110331,88,False,0.1097,0.5108,13
2026-09-16T18,30921,148749,99,False,0.256,0.7843,12
2026-09-16T18,743893402,85455,97,False,0.0984,0.4826,13
2026-09-16T18,516575,83644,97,False,0.282,0.6613,14
2026-09-16T18,32399,80482,99,False,0.1333,0.5028,11
2026-09-16T18,18122,77632,99,False,0.1983,0.6197,9
2026-09-16T18,21779,63564,100,True,0.1648,0.506,14
2026-09-16T18,1267582829,48027,96,False,0.198,0.6314,13
2026-09-16T18,509672,73835,100,True,0.2656,0.7013,16
2026-09-16T18,75101830,64010,100,True,0.2478,0.7721,15
2026-09-16T18,29595,49441,100,True,0.1548,0.6857,9
2026-09-16T18,27471,40607,100,True,0.3088,0.6283,13
2026-09-16T18,498566,43516,98,False,0.1405,0.564,15
2026-09-16T18,401587136,38228,99,False,0.1674,0.5972,14
2026-09-16T18,515024,31385,100,True,0.1753,0.6191,14
2026-09-16T18,33214,20748,100,True,0.069,0.4387,11
2026-09-16T18,508455,25868,100,True,0.1498,0.6333,9
2026-09-16T18,491487,14976,100,True,0.1705,0.5218,12
2026-09-16T18,509663,25460,100,True,0.3418,0.8752,8
2026-09-16T18,515025,14954,99,False,0.1886,0.5098,10
2026-09-16T18,1264310518,16596,91,False,0.1864,0.6176,8
2026-09-16T18,1535225577,21207,77,False,0.9814,0.993,9
2026-09-16T18,513143,20636,97,False,0.5614,0.783,17
2026-09-16T18,77926352,20250,1,False,1.0,1.0,1
2026-09-16T18,491931,18877,100,True,0.2699,0.75,14
2026-09-16T18,511224,13717,99,False,0.1625,0.5832,13
2026-09-16T18,1517377137,18482,97,False,0.9511,0.9857,11
2026-09-16T18,27546,17934,99,False,0.1859,0.7458,14
2026-09-16T18,512710,11721,98,False,0.2275,0.6234,11
2026-09-16T18,1357871551,13285,100,True,0.4121,0.7146,17
2026-09-16T18,458781,13625,100,True,0.2484,0.8956,10
2026-09-16T18,532149986,12952,5,False,0.8393,1.0,2
2026-09-16T18,499973,11426,100,True,0.1915,0.5074,5
2026-09-16T18,499634,11738,100,True,0.1326,0.7373,6
2026-09-16T18,31339,10991,99,False,0.5305,0.7915,10
2026-09-16T18,1669431183,10100,100,True,0.1091,0.4983,7
2026-09-16T18,509660,5803,100,True,0.0555,0.3174,11
2026-09-16T18,19619,8938,99,False,0.0754,0.4494,5
2026-09-16T18,494184,9825,94,False,0.2244,0.883,6
2026-09-16T18,138585,9848,99,False,0.3026,0.7985,11
2026-09-16T18,513181,8150,98,False,0.4007,0.6989,14
2026-09-16T18,509659,9010,99,False,0.2254,0.64,6
2026-09-16T18,493057,7211,97,False,0.1345,0.4866,17
2026-09-16T18,29452,8774,24,False,0.1783,0.7848,5
2026-09-16T18,600069925,8699,8,False,0.9867,1.0,4
2026-09-16T18,417528,8022,95,False,0.2103,0.67,13
2026-09-16T18,518203,8793,98,False,0.3887,0.7967,13
2026-09-16T18,509664,8043,28,False,0.9404,0.9913,6
2026-09-16T18,2124871354,7286,99,False,0.3412,0.7557,9
2026-09-16T18,327598602,6463,94,False,0.2683,0.6522,16
2026-09-16T18,19357,7626,100,True,0.3475,0.7177,8
2026-09-16T18,272263131,7279,99,False,0.4812,0.7529,7
2026-09-16T18,26936,6054,98,False,0.1924,0.4828,9
2026-09-16T18,493037,7580,1,False,1.0,1.0,1
2026-09-16T18,902998079,6256,97,False,0.2001,0.5881,9
2026-09-16T18,27284,6325,97,False,0.0659,0.4378,10
2026-09-16T18,539102438,7293,2,False,0.9999,1.0,1
2026-09-16T18,386821,6922,98,False,0.167,0.5545,13
2026-09-16T18,602040818,5485,99,False,0.0817,0.474,7
2026-09-16T18,417752,6799,99,False,0.2708,0.7907,13
2026-09-16T18,512953,5871,96,False,0.2001,0.6604,11
2026-09-16T18,1702520304,6534,100,True,0.2204,0.6979,15
2026-09-16T18,460630,5484,99,False,0.2431,0.6606,15
2026-09-16T18,263490,6104,100,True,0.347,0.6709,12
2026-09-16T18,1931693784,5757,91,False,0.2828,0.9105,10
2026-09-16T18,459931,5646,96,False,0.2134,0.7574,8
2026-09-16T18,2012789438,4587,95,False,0.4774,0.8603,7
2026-09-16T18,500188,4568,100,True,0.2051,0.5232,12
2026-09-16T18,65632,5256,100,True,0.1924,0.6606,14
2026-09-16T18,464339927,4541,98,False,0.1418,0.5118,12
2026-09-16T18,1494,4192,97,False,0.8576,0.9136,8
2026-09-16T18,12839,5400,49,False,0.2511,0.905,6
2026-09-16T18,510218,4578,86,False,0.2283,0.8871,12
2026-09-16T18,12924,5277,100,True,0.4372,0.845,12
2026-09-16T18,488190,5107,100,True,0.1251,0.5271,12
2026-09-16T18,2132205352,4744,99,False,0.1343,0.6543,8
2026-09-16T18,493959,4243,100,True,0.2475,0.6363,14
2026-09-16T18,278888515,4804,36,False,0.8381,0.9569,8
2026-09-16T18,505045,4967,28,False,0.3235,0.9847,4
2026-09-16T18,23020,2056,94,False,0.1172,0.4538,11
2026-09-16T18,1898040946,4417,99,False,0.2355,0.8193,13
2026-09-16T18,2005329090,4420,5,False,0.9473,1.0,2
2026-09-16T18,66082,3659,97,False,0.1377,0.7092,13
2026-09-16T18,483253897,4327,4,False,0.985,1.0,2
2026-09-16T18,2748,3988,73,False,0.2134,0.8751,7
2026-09-16T18,1435206302,3932,65,False,0.6396,0.9308,8
2026-09-16T18,499003,3835,100,True,0.3322,0.7322,9
2026-09-16T18,71375,3768,30,False,0.6109,0.9546,6
2026-09-16T18,509511,3271,96,False,0.0486,0.3589,9
2026-09-16T18,24241,2933,100,True,0.0893,0.3652,9
2026-09-16T18,116747788,3417,41,False,0.4706,0.9707,4
2026-09-16T18,502829,3346,66,False,0.329,0.7941,4
2026-09-16T18,1282866981,3086,94,False,0.1811,0.5671,13
2026-09-16T18,9618,3309,100,True,0.0952,0.5017,11
2026-09-16T18,687129551,3252,47,False,0.246,0.9305,7
2026-09-16T18,670138298,2887,98,False,0.2144,0.7645,3
2026-09-16T18,779192097,3106,96,False,0.5013,0.8551,9
2026-09-16T18,490100,3037,100,True,0.139,0.5719,8
2026-09-16T21,509658,377902,89,False,0.1303,0.6385,12
2026-09-16T21,32982,227340,100,True,0.1567,0.609,13
2026-09-16T21,123184772,148883,100,True,0.3912,0.8025,15
2026-09-16T21,30921,102424,100,True,0.348,0.7682,10
2026-09-16T21,32399,79444,97,False,0.1952,0.5058,15
2026-09-16T21,743893402,70627,100,True,0.1968,0.5415,17
2026-09-16T21,75101830,79642,95,False,0.2072,0.6394,11
2026-09-16T21,21779,58817,99,False,0.1914,0.5239,14
2026-09-16T21,18122,51628,96,False,0.3114,0.6797,9
2026-09-16T21,33214,48007,99,False,0.2766,0.6769,8
2026-09-16T21,1267582829,37160,98,False,0.2123,0.5778,12
2026-09-16T21,29595,52697,97,False,0.1112,0.6526,8
2026-09-16T21,27471,44173,95,False,0.1024,0.6309,12
2026-09-16T21,516575,35448,91,False,0.1092,0.5712,13
2026-09-16T21,498566,50016,96,False,0.1594,0.5372,13
2026-09-16T21,509672,37563,100,True,0.3174,0.767,12
2026-09-16T21,508455,26782,99,False,0.2567,0.7611,11
2026-09-16T21,401587136,29088,97,False,0.1673,0.6589,12
2026-09-16T21,518203,28573,100,True,0.3721,0.8473,12
2026-09-16T21,515024,24493,94,False,0.1782,0.6606,10
2026-09-16T21,515025,18094,99,False,0.1564,0.6573,10
2026-09-16T21,491487,13760,96,False,0.1812,0.5246,10
2026-09-16T21,1264310518,13354,94,False,0.2569,0.5179,9
2026-09-16T21,513143,18173,96,False,0.5933,0.83,13
2026-09-16T21,29452,17106,34,False,0.1165,0.6732,6
2026-09-16T21,511224,12279,97,False,0.1994,0.6286,11
2026-09-16T21,499973,15021,100,True,0.1432,0.6002,6
2026-09-16T21,491931,15122,95,False,0.35,0.7805,11
2026-09-16T21,2132205352,14964,100,True,0.2997,0.7743,6
2026-09-16T21,1357871551,13579,96,False,0.5376,0.7626,12
2026-09-16T21,509663,13201,96,False,0.2272,0.7978,5
2026-09-16T21,512710,10320,96,False,0.0885,0.4799,9
2026-09-16T21,490744,13532,99,False,0.9387,0.9716,10
2026-09-16T21,509659,11767,100,True,0.2444,0.6579,9
2026-09-16T21,1669431183,10942,100,True,0.1427,0.5731,7
2026-09-16T21,1230742965,10194,84,False,0.3209,0.9627,7
2026-09-16T21,138585,10652,100,True,0.277,0.7856,13
2026-09-16T21,602040818,8400,96,False,0.1832,0.4832,3
2026-09-16T21,509660,5728,99,False,0.0494,0.2699,11
2026-09-16T21,902998079,8060,94,False,0.1587,0.6016,9
2026-09-16T21,19619,8049,99,False,0.0815,0.4207,4
2026-09-16T21,2126767263,9224,5,False,0.8858,1.0,3
2026-09-16T21,460630,7332,96,False,0.4319,0.7402,13
2026-09-16T21,493057,7708,95,False,0.1995,0.5823,13
2026-09-16T21,417528,7970,100,True,0.1952,0.7039,12
2026-09-16T21,27284,6584,96,False,0.0793,0.4303,10
2026-09-16T21,512953,6283,93,False,0.2317,0.6357,12
2026-09-16T21,31339,6687,100,True,0.2499,0.7052,11
2026-09-16T21,26936,5972,98,False,0.1098,0.5139,8
2026-09-16T21,499634,7106,99,False,0.2626,0.8601,8
2026-09-16T21,23020,4742,96,False,0.2459,0.7337,9
2026-09-16T21,539102438,6907,2,False,0.9996,1.0,1
2026-09-16T21,12924,6875,100,True,0.5703,0.9014,11
2026-09-16T21,1544653089,6802,33,False,0.6551,0.9877,9
2026-09-16T21,19357,6786,100,True,0.3733,0.8149,8
2026-09-16T21,27546,6561,92,False,0.378,0.7446,14
2026-09-16T21,2124871354,5787,100,True,0.3727,0.7429,7
2026-09-16T21,464339927,5054,95,False,0.1965,0.6413,13
2026-09-16T21,1001670546,6119,3,False,0.9987,1.0,3
2026-09-16T21,1104776029,5888,21,False,0.9383,0.9932,7
2026-09-16T21,1702520304,5442,100,True,0.3221,0.6909,15
2026-09-16T21,13332,5678,100,True,0.2538,0.833,9
2026-09-16T21,272263131,5150,100,True,0.3206,0.6771,6
2026-09-16T21,2748,5417,75,False,0.369,0.8699,7
2026-09-16T21,488190,5314,100,True,0.1647,0.528,11
2026-09-16T21,12839,5259,38,False,0.1972,0.8827,4
2026-09-16T21,494184,5242,95,False,0.1992,0.7869,6
2026-09-16T21,459931,5031,100,True,0.1787,0.6706,7
2026-09-16T21,32959,4863,75,False,0.7335,0.9182,8
2026-09-16T21,513181,4224,100,True,0.1278,0.5724,10
2026-09-16T21,1931693784,4735,85,False,0.1614,0.8376,8
2026-09-16T21,493959,3618,95,False,0.1081,0.5481,11
2026-09-16T21,386821,4216,100,True,0.1656,0.5387,13
2026-09-16T21,66082,3317,92,False,0.3226,0.7956,14
2026-09-16T21,168648543,3881,100,True,0.1711,0.64,11
2026-09-16T21,366412048,4084,2,False,0.998,1.0,2
2026-09-16T21,1763263,4362,47,False,0.7111,0.9498,2
2026-09-16T21,263490,3869,100,True,0.0706,0.4921,8
2026-09-16T21,65632,3636,98,False,0.1191,0.5756,10
2026-09-16T21,502829,4029,37,False,0.304,0.9079,3
2026-09-16T21,327598602,3118,95,False,0.1174,0.4554,14
2026-09-16T21,116747788,4034,47,False,0.3342,0.9601,5
2026-09-16T21,1982936547,3897,60,False,0.4704,0.9364,9
2026-09-16T21,500188,3101,98,False,0.0755,0.3989,12
2026-09-16T21,600069925,3796,8,False,0.7785,1.0,4
2026-09-16T21,491168,3747,41,False,0.2618,0.9717,9
2026-09-16T21,24241,2853,95,False,0.0859,0.4532,6
2026-09-16T21,1630982727,3488,83,False,0.615,0.9011,11
2026-09-16T21,506462,3393,44,False,0.7091,0.9629,8
2026-09-16T21,458781,3149,100,True,0.2712,0.7285,10
2026-09-16T21,499003,3264,96,False,0.2089,0.6498,9
2026-09-16T21,670138298,2634,99,False,0.1405,0.7187,1
2026-09-16T21,490100,3083,85,False,0.2864,0.7116,8
2026-09-16T21,599619814,3123,8,False,0.1585,1.0,2
2026-09-16T21,743,3110,74,False,0.3727,0.8768,9
2026-09-16T21,9618,3088,85,False,0.1214,0.6172,10
2026-09-16T21,509511,3072,100,True,0.0501,0.3737,10
2026-09-16T21,71375,3060,100,True,0.2278,0.6186,12
2026-09-16T21,1846293708,3058,62,False,0.6269,0.8999,1
2026-09-16T21,498592,3055,100,True,0.1568,0.7087,13
2026-09-17T00,509658,236254,100,True,0.1576,0.6303,9
2026-09-17T00,32982,166023,95,False,0.2233,0.6761,8
2026-09-17T00,30921,70734,100,True,0.3434,0.806,10
2026-09-17T00,1267582829,55636,97,False,0.472,0.7919,9
2026-09-17T00,743893402,45580,100,True,0.2284,0.5767,15
2026-09-17T00,123184772,54778,77,False,0.4145,0.8797,12
2026-09-17T00,27471,43040,98,False,0.1337,0.6777,6
2026-09-17T00,21779,38493,98,False,0.1066,0.5497,13
2026-09-17T00,401587136,45003,100,True,0.6246,0.8997,13
2026-09-17T00,516575,32516,100,True,0.1722,0.6162,10
2026-09-17T00,33214,30276,98,False,0.2437,0.6075,4
2026-09-17T00,75101830,32553,100,True,0.1948,0.6659,9
2026-09-17T00,32399,30959,100,True,0.1184,0.4707,9
2026-09-17T00,18122,28155,100,True,0.1483,0.6158,7
2026-09-17T00,515025,20827,91,False,0.3127,0.6997,8
2026-09-17T00,509672,27043,96,False,0.2707,0.7221,10
2026-09-17T00,498566,26845,99,False,0.1167,0.6758,11
2026-09-17T00,26936,22082,98,False,0.622,0.8382,8
2026-09-17T00,1264310518,14721,100,True,0.1937,0.4655,5
2026-09-17T00,29595,22769,95,False,0.1687,0.6457,6
2026-09-17T00,491487,10405,94,False,0.0728,0.503,9
2026-09-17T00,508455,16177,100,True,0.1436,0.6725,10
2026-09-17T00,515024,17749,100,True,0.2228,0.6707,9
2026-09-17T00,29452,17257,36,False,0.1552,0.7287,3
2026-09-17T00,511224,11854,100,True,0.2489,0.6379,10
2026-09-17T00,499973,15077,100,True,0.155,0.5427,5
2026-09-17T00,512710,10616,100,True,0.0701,0.4476,8
2026-09-17T00,2132205352,13786,97,False,0.3079,0.8139,5
2026-09-17T00,602040818,10361,98,False,0.176,0.5638,2
2026-09-17T00,509663,9446,89,False,0.4822,0.8521,9
2026-09-17T00,1357871551,12318,100,True,0.5577,0.8184,10
2026-09-17T00,19619,8841,98,False,0.1013,0.3926,3
2026-09-17T00,509659,11139,100,True,0.1114,0.5251,7
2026-09-17T00,513143,10758,92,False,0.2259,0.8565,10
2026-09-17T00,493057,10109,98,False,0.2051,0.7493,9
2026-09-17T00,902998079,8175,94,False,0.2346,0.5657,7
2026-09-17T00,509660,5766,95,False,0.1382,0.3514,7
2026-09-17T00,512953,8810,99,False,0.2446,0.7023,9
2026-09-17T00,460630,6108,98,False,0.5013,0.7475,7
2026-09-17T00,491931,7516,98,False,0.1348,0.5706,9
2026-09-17T00,27284,6885,100,True,0.0725,0.382,8
2026-09-17T00,539102438,7473,2,False,0.9999,1.0,1
2026-09-17T00,33180,7315,18,False,0.9962,0.9993,5
2026-09-17T00,464339927,5568,98,False,0.1837,0.6442,8
2026-09-17T00,1630982727,6266,88,False,0.7099,0.9325,8
2026-09-17T00,24241,4538,96,False,0.1305,0.543,7
2026-09-17T00,417528,5833,100,True,0.2558,0.7557,9
2026-09-17T00,2012789438,5091,100,True,0.4834,0.7973,6
2026-09-17T00,19357,5601,91,False,0.4676,0.8507,7
2026-09-17T00,670138298,4021,91,False,0.136,0.7399,2
2026-09-17T00,459931,5209,99,False,0.1743,0.521,3
2026-09-17T00,1669431183,4955,100,True,0.0934,0.3865,4
2026-09-17T00,513181,4838,100,True,0.3993,0.7228,9
2026-09-17T00,499634,5456,100,True,0.3763,0.8963,7
2026-09-17T00,493959,4072,97,False,0.2331,0.612,7
2026-09-17T00,2124871354,4155,100,True,0.4539,0.6751,8
2026-09-17T00,23020,1889,93,False,0.0794,0.3674,9
2026-09-17T00,66082,3811,94,False,0.2858,0.72,6
2026-09-17T00,272263131,4493,100,True,0.3076,0.6822,6
2026-09-17T00,498592,4670,100,True,0.1058,0.5854,19
2026-09-17T00,499003,4658,96,False,0.2516,0.7282,4
2026-09-17T00,31339,4203,98,False,0.2348,0.6838,9
2026-09-17T00,55453844,4588,100,True,0.1646,0.7735,7
2026-09-17T00,1230742965,4311,99,False,0.3575,0.839,5
2026-09-17T00,13332,4231,86,False,0.3704,0.8587,7
2026-09-17T00,327598602,3431,98,False,0.0822,0.455,11
2026-09-17T00,138585,4145,92,False,0.3033,0.8391,11
2026-09-17T00,518184,3661,96,False,0.342,0.7916,8
2026-09-17T00,12924,3946,76,False,0.7096,0.9503,9
2026-09-17T00,386821,3594,100,True,0.1049,0.5223,10
2026-09-17T00,488190,3467,66,False,0.2123,0.6948,10
2026-09-17T00,11557,3351,100,True,0.5178,0.8374,6
2026-09-17T00,509577,3329,100,True,0.3992,0.8465,5
2026-09-17T00,1702520304,2918,95,False,0.244,0.6707,9
2026-09-17T00,514858,3146,56,False,0.7498,0.9301,4
2026-09-17T00,27546,3025,77,False,0.4655,0.8952,12
2026-09-17T00,66170,2572,100,True,0.1936,0.5109,6
2026-09-17T00,509511,2558,96,False,0.0786,0.4343,6
2026-09-17T00,490100,2823,73,False,0.3401,0.7949,7
2026-09-17T00,674491029,2774,89,False,0.5476,0.885,4
2026-09-17T00,16282,2678,48,False,0.5665,0.9291,1
2026-09-17T00,168648543,2249,100,True,0.1321,0.6292,7
2026-09-17T00,502829,2626,18,False,0.465,0.9874,1
2026-09-17T00,518203,2529,100,True,0.1688,0.7113,6
2026-09-17T00,65632,2289,95,False,0.2634,0.6833,9
2026-09-17T00,458781,2256,100,True,0.0873,0.5953,7
2026-09-17T00,500188,2073,100,True,0.1573,0.4115,8
2026-09-17T00,921298138,2341,69,False,0.5323,0.9013,3
2026-09-17T00,1435206302,2349,73,False,0.3487,0.8727,5
2026-09-17T00,624536948,1834,96,False,0.1701,0.6538,7
2026-09-17T00,512923,2205,100,True,0.3497,0.634,4
2026-09-17T00,417752,2061,94,False,0.1659,0.5536,6
2026-09-17T00,1282866981,2196,100,True,0.2054,0.6266,11
2026-09-17T00,1898040946,2233,99,False,0.3009,0.7286,7
2026-09-17T00,1813168901,2316,51,False,0.1274,0.7707,6
2026-09-17T00,17828,2294,42,False,0.5187,0.9268,4
2026-09-17T00,490744,2160,95,False,0.4852,0.775,7
2026-09-17T00,9618,2419,96,False,0.1397,0.6866,3
2026-09-17T00,1494,579,99,False,0.095,0.3092,6
2026-09-17T00,1036710512,1892,100,True,0.4905,0.6728,7
2026-09-17T07,509658,60765,88,False,0.0833,0.4269,12
2026-09-17T07,743893402,45795,99,False,0.2547,0.6376,15
2026-09-17T07,21779,28304,97,False,0.0825,0.4345,13
2026-09-17T07,509672,31992,100,True,0.184,0.6275,15
2026-09-17T07,516575,24923,97,False,0.1805,0.6187,10
2026-09-17T07,1264310518,25777,97,False,0.2755,0.781,8
2026-09-17T07,1267582829,17326,97,False,0.1742,0.6094,10
2026-09-17T07,32982,18914,94,False,0.1692,0.561,7
2026-09-17T07,123184772,22495,41,False,0.3094,0.921,8
2026-09-17T07,18122,19731,100,True,0.121,0.521,11
2026-09-17T07,499973,18537,100,True,0.4103,0.6288,5
2026-09-17T07,32399,17418,96,False,0.213,0.5653,12
2026-09-17T07,75101830,17213,100,True,0.3968,0.7572,7
2026-09-17T07,29595,16468,99,False,0.1247,0.6065,7
2026-09-17T07,1826300051,16578,12,False,0.8768,0.9999,4
2026-09-17T07,508455,15294,100,True,0.5517,0.8027,10
2026-09-17T07,515025,12005,96,False,0.2337,0.7022,10
2026-09-17T07,26936,13347,95,False,0.6772,0.8348,10
2026-09-17T07,33214,9276,88,False,0.1189,0.5598,9
2026-09-17T07,515024,12189,100,True,0.1912,0.7104,14
2026-09-17T07,511224,9141,100,True,0.1686,0.6214,9
2026-09-17T07,491487,7553,98,False,0.1611,0.488,9
2026-09-17T07,513143,10676,100,True,0.1624,0.8321,14
2026-09-17T07,602040818,9239,96,False,0.1997,0.7113,2
2026-09-17T07,498566,10094,47,False,0.2952,0.8205,9
2026-09-17T07,498592,9240,99,False,0.0827,0.5158,16
2026-09-17T07,27471,5738,100,True,0.0802,0.4163,11
2026-09-17T07,509659,8909,100,True,0.2361,0.6059,7
2026-09-17T07,55453844,8851,89,False,0.7434,0.9492,6
2026-09-17T07,491931,7586,98,False,0.1581,0.6799,9
2026-09-17T07,401587136,7823,100,True,0.3114,0.6978,14
2026-09-17T07,29452,7876,18,False,0.2283,0.8822,3
2026-09-17T07,779192097,7116,100,True,0.1904,0.645,7
2026-09-17T07,138585,6894,60,False,0.2087,0.8238,10
2026-09-17T07,30921,6395,99,False,0.1715,0.7647,9
2026-09-17T07,27284,6252,93,False,0.3413,0.6273,9
2026-09-17T07,509660,4275,90,False,0.0409,0.3125,13
2026-09-17T07,902998079,5478,98,False,0.1911,0.6037,8
2026-09-17T07,460630,5062,95,False,0.3455,0.8202,12
2026-09-17T07,464339927,4862,97,False,0.2069,0.6148,9
2026-09-17T07,1357871551,5174,98,False,0.3777,0.8017,8
2026-09-17T07,512710,4290,95,False,0.1685,0.6063,8
2026-09-17T07,2132205352,5043,96,False,0.2566,0.7872,7
2026-09-17T07,509663,5147,54,False,0.6738,0.9275,9
2026-09-17T07,493057,4970,98,False,0.2346,0.8087,13
2026-09-17T07,31339,4767,100,True,0.5202,0.7772,13
2026-09-17T07,518203,4732,48,False,0.4417,0.9186,8
2026-09-17T07,272263131,3924,100,True,0.263,0.6659,7
2026-09-17T07,27546,4065,86,False,0.3446,0.801,13
2026-09-17T07,1118273312,3982,10,False,0.5743,1.0,2
2026-09-17T07,499634,3809,80,False,0.4437,0.9417,8
2026-09-17T07,512953,3815,100,True,0.1712,0.649,11
2026-09-17T07,2106755390,3700,7,False,0.9168,1.0,3
2026-09-17T07,1441208453,3247,100,True,0.3606,0.6988,9
2026-09-17T07,1669431183,3386,95,False,0.0854,0.4905,5
2026-09-17T07,386821,3410,94,False,0.0933,0.5548,13
2026-09-17T07,19619,3197,100,True,0.1354,0.4889,4
2026-09-17T07,459931,3121,88,False,0.3214,0.7888,2
2026-09-17T07,19357,3055,32,False,0.3525,0.911,7
2026-09-17T07,417528,2960,56,False,0.2395,0.8584,9
2026-09-17T07,502829,2899,38,False,0.3808,0.9293,2
2026-09-17T07,1702520304,2616,100,True,0.1785,0.6388,12
2026-09-17T07,11557,2613,40,False,0.8282,0.9648,7
2026-09-17T07,460636,2542,23,False,0.6802,0.9913,4
2026-09-17T07,19976,2504,52,False,0.5643,0.8526,5
2026-09-17T07,327598602,2292,99,False,0.1745,0.6117,11
2026-09-17T07,23020,1460,91,False,0.0993,0.4685,6
2026-09-17T07,12924,2370,46,False,0.3515,0.9447,8
2026-09-17T07,670138298,2314,100,True,0.4443,0.866,3
2026-09-17T07,1282866981,2243,100,True,0.128,0.5528,9
2026-09-17T07,499003,2173,71,False,0.1072,0.6673,7
2026-09-17T07,66082,1923,100,True,0.2663,0.8008,10
2026-09-17T07,653624336,2099,23,False,0.6741,0.9781,5
2026-09-17T07,493959,2054,94,False,0.4051,0.8301,13
2026-09-17T07,458781,2022,100,True,0.2013,0.7384,10
2026-09-17T07,903469103,2019,8,False,0.6157,1.0,2
2026-09-17T07,488190,1950,33,False,0.4646,0.9015,10
2026-09-17T07,1813168901,1962,43,False,0.1315,0.8552,6
2026-09-17T07,1630982727,1937,56,False,0.3702,0.9339,4
2026-09-17T07,71375,1888,58,False,0.2585,0.7987,9
2026-09-17T07,1469308723,1753,100,True,0.5921,0.8306,9
2026-09-17T07,513181,1645,100,True,0.1435,0.4869,11
2026-09-17T07,1904996652,1670,1,False,1.0,1.0,1
2026-09-17T07,65632,1627,95,False,0.2502,0.7283,9
2026-09-17T07,509511,1654,75,False,0.0792,0.5157,7
2026-09-17T07,271304,1610,55,False,0.3727,0.8696,9
2026-09-17T07,13332,1605,44,False,0.3184,0.8723,7
2026-09-17T07,1155471828,1599,2,False,0.9969,1.0,1
2026-09-17T07,1622846332,1594,3,False,0.9931,1.0,2
2026-09-17T07,500188,1567,100,True,0.1723,0.5609,12
2026-09-17T07,1599346425,1533,100,True,0.0952,0.3986,9
2026-09-17T07,6086,1548,5,False,0.9774,1.0,2
2026-09-17T07,1705604455,1504,41,False,0.7148,0.9641,7
2026-09-17T07,1993079020,1482,2,False,0.9993,1.0,1
2026-09-17T07,624536948,1366,100,True,0.1113,0.6347,8
2026-09-17T07,499463,1466,3,False,0.9468,1.0,2
2026-09-17T07,1134351138,1439,3,False,0.9924,1.0,1
2026-09-17T07,2124871354,1260,100,True,0.1452,0.5508,8
2026-09-17T07,494099,1368,53,False,0.6974,0.8692,6
2026-09-17T07,509673,1412,52,False,0.5397,0.898,8
2026-09-17T13,509658,163735,91,False,0.1574,0.493,14
2026-09-17T13,32982,90486,100,True,0.3051,0.5273,7
2026-09-17T13,123184772,101459,97,False,0.3517,0.7195,17
2026-09-17T13,32399,87290,98,False,0.2088,0.5259,16
2026-09-17T13,516575,53537,99,False,0.1371,0.5461,15
2026-09-17T13,743893402,58566,100,True,0.1587,0.4761,16
2026-09-17T13,21779,52967,97,False,0.0822,0.4938,13
2026-09-17T13,29595,55661,100,True,0.165,0.7133,8
2026-09-17T13,18122,51907,98,False,0.1252,0.6184,11
2026-09-17T13,511224,40287,95,False,0.3803,0.8605,11
2026-09-17T13,509672,39296,100,True,0.071,0.4172,16
2026-09-17T13,771448419,32915,100,True,0.0875,0.4583,15
2026-09-17T13,1267582829,22377,97,False,0.1565,0.6208,10
2026-09-17T13,508455,31229,100,True,0.3029,0.8353,13
2026-09-17T13,498566,30855,91,False,0.1017,0.6263,15
2026-09-17T13,33214,14399,96,False,0.0935,0.5274,12
2026-09-17T13,366925283,20890,1,False,1.0,1.0,1
2026-09-17T13,499973,18065,100,True,0.2758,0.6071,5
2026-09-17T13,401587136,18119,99,False,0.149,0.7036,15
2026-09-17T13,1264310518,16270,100,True,0.2267,0.6797,9
2026-09-17T13,493057,17740,99,False,0.3672,0.704,19
2026-09-17T13,515024,17377,100,True,0.176,0.6831,17
2026-09-17T13,491931,17228,100,True,0.2406,0.8068,14
2026-09-17T13,27471,11158,100,True,0.077,0.4172,17
2026-09-17T13,515025,11438,96,False,0.1262,0.5255,9
2026-09-17T13,779192097,15219,99,False,0.2197,0.8288,9
2026-09-17T13,491487,10269,96,False,0.1351,0.5714,13
2026-09-17T13,513143,15060,97,False,0.1268,0.6688,15
2026-09-17T13,518203,12547,93,False,0.282,0.8999,10
2026-09-17T13,460630,12178,100,True,0.7821,0.9074,13
2026-09-17T13,743,12259,57,False,0.5991,0.9423,12
2026-09-17T13,30921,11228,96,False,0.2291,0.7968,13
2026-09-17T13,1630982727,11080,84,False,0.2709,0.9397,12
2026-09-17T13,512710,9620,100,True,0.3503,0.7028,9
2026-09-17T13,509660,5104,97,False,0.0568,0.2802,8
2026-09-17T13,19619,7276,97,False,0.0679,0.4119,4
2026-09-17T13,138585,8303,96,False,0.3021,0.8458,12
2026-09-17T13,386821,7802,97,False,0.123,0.5276,13
2026-09-17T13,75101830,7110,99,False,0.0864,0.5217,14
2026-09-17T13,27546,7900,94,False,0.3277,0.7844,14
2026-09-17T13,417528,7662,98,False,0.1752,0.7694,13
2026-09-17T13,29452,7536,11,False,0.2594,0.9999,3
2026-09-17T13,512953,7013,100,True,0.2943,0.6927,12
2026-09-17T13,602040818,6590,99,False,0.137,0.6683,6
2026-09-17T13,2132205352,6255,99,False,0.2986,0.7688,10
2026-09-17T13,494184,7190,99,False,0.436,0.8784,11
2026-09-17T13,498592,6763,99,False,0.0869,0.5931,10
2026-09-17T13,509659,6933,100,True,0.1212,0.6264,8
2026-09-17T13,499634,6720,100,True,0.2589,0.772,7
2026-09-17T13,417752,6120,100,True,0.3458,0.7755,11
2026-09-17T13,459931,5902,99,False,0.1793,0.8168,8
2026-09-17T13,902998079,5443,96,False,0.4163,0.7676,9
2026-09-17T13,295042126,5688,22,False,0.5206,0.9861,7
2026-09-17T13,27284,5474,99,False,0.2431,0.551,7
2026-09-17T13,1357871551,4983,99,False,0.1025,0.4706,14
2026-09-17T13,272263131,5172,100,True,0.2947,0.6891,6
2026-09-17T13,1702520304,5118,99,False,0.1987,0.6923,16
2026-09-17T13,1282866981,4723,99,False,0.2325,0.7334,11
2026-09-17T13,512923,5074,87,False,0.7166,0.9363,9
2026-09-17T13,1400039849,5055,2,False,0.9432,1.0,1
2026-09-17T13,26936,4225,98,False,0.0916,0.4502,13
2026-09-17T13,1669431183,4336,100,True,0.0856,0.4541,9
2026-09-17T13,19357,4341,60,False,0.246,0.7977,10
2026-09-17T13,488190,4292,76,False,0.3264,0.6843,12
2026-09-17T13,327598602,3679,96,False,0.1824,0.5686,14
2026-09-17T13,1397210469,4098,36,False,0.8533,0.9446,6
2026-09-17T13,464339927,3372,98,False,0.164,0.6014,11
2026-09-17T13,1469308723,3588,99,False,0.6608,0.8002,9
2026-09-17T13,24241,2958,100,True,0.098,0.3898,5
2026-09-17T13,263490,3223,100,True,0.2743,0.6544,10
2026-09-17T13,55453844,3017,93,False,0.1816,0.5751,5
2026-09-17T13,505884,3274,98,False,0.6561,0.8451,13
2026-09-17T13,502829,3183,51,False,0.3669,0.83,4
2026-09-17T13,701481374,3186,2,False,0.9978,1.0,1
2026-09-17T13,71375,3059,88,False,0.1713,0.7963,12
2026-09-17T13,2692,3003,26,False,0.703,0.982,4
2026-09-17T13,2748,2801,40,False,0.387,0.9297,6
2026-09-17T13,417892,2855,69,False,0.3447,0.8203,9
2026-09-17T13,1544653089,2834,11,False,0.2678,0.9996,4
2026-09-17T13,490948,2738,78,False,0.3908,0.886,9
2026-09-17T13,513181,2427,100,True,0.1314,0.4248,11
2026-09-17T13,13332,2777,62,False,0.435,0.874,10
2026-09-17T13,500188,2671,98,False,0.219,0.6563,16
2026-09-17T13,12839,2788,29,False,0.2726,0.9028,5
2026-09-17T13,505045,2554,22,False,0.3759,0.9867,3
2026-09-17T13,510056,2469,18,False,0.4816,0.9911,6
2026-09-17T13,1599346425,2181,99,False,0.1009,0.3434,6
2026-09-17T13,2124871354,1792,92,False,0.1049,0.5368,9
2026-09-17T13,1931693784,2454,69,False,0.2078,0.8231,8
2026-09-17T13,31339,2278,97,False,0.1168,0.5887,12
2026-09-17T13,1286077738,1901,97,False,0.1399,0.5124,8
2026-09-17T13,271304,2236,98,False,0.3493,0.7804,14
2026-09-17T13,36799602,2266,68,False,0.8597,0.9135,11
2026-09-17T13,66082,1865,99,False,0.2649,0.7651,13
2026-09-17T13,509663,2185,68,False,0.1922,0.7277,9
2026-09-17T13,458781,2103,99,False,0.2473,0.6534,10
2026-09-17T13,1155471828,2127,3,False,0.9958,1.0,1
2026-09-17T13,491962037,2103,10,False,0.7028,1.0,5
2026-09-17T13,509538,2048,31,False,0.7871,0.9536,5
2026-09-17T13,1441208453,1679,99,False,0.0983,0.4532,11
2026-09-17T18,18122,432629,100,True,0.133,0.6457,9
2026-09-17T18,509658,287900,98,False,0.1865,0.4673,17
2026-09-17T18,123184772,150720,100,True,0.3335,0.7352,17
2026-09-17T18,32982,100472,97,False,0.1995,0.552,14
2026-09-17T18,30921,123532,100,True,0.261,0.804,11
2026-09-17T18,509672,109609,94,False,0.4084,0.7674,14
2026-09-17T18,32399,89762,100,True,0.1597,0.4682,15
2026-09-17T18,743893402,73904,98,False,0.1019,0.4879,14
2026-09-17T18,27471,83144,99,False,0.5225,0.8508,11
2026-09-17T18,29595,74332,100,True,0.1736,0.7211,10
2026-09-17T18,516575,56467,97,False,0.2146,0.5553,12
2026-09-17T18,21779,57537,98,False,0.2429,0.5869,16
2026-09-17T18,33214,47137,100,True,0.1245,0.5943,12
2026-09-17T18,498566,59472,100,True,0.1292,0.6542,16
2026-09-17T18,27546,46555,100,True,0.5915,0.8982,15
2026-09-17T18,401587136,36727,100,True,0.4124,0.7788,16
2026-09-17T18,1267582829,19680,94,False,0.2232,0.513,12
2026-09-17T18,512710,23070,99,False,0.1064,0.515,11
2026-09-17T18,771448419,20027,97,False,0.0789,0.4088,15
2026-09-17T18,491487,14630,99,False,0.0836,0.4822,10
2026-09-17T18,508455,19949,96,False,0.1594,0.7283,11
2026-09-17T18,1264310518,19324,98,False,0.1823,0.5099,11
2026-09-17T18,515024,17805,93,False,0.211,0.6748,11
2026-09-17T18,1509529923,19106,7,False,0.7921,1.0,3
2026-09-17T18,515025,12672,100,True,0.1948,0.5116,12
2026-09-17T18,491931,17324,98,False,0.3134,0.7234,15
2026-09-17T18,779192097,14751,99,False,0.2407,0.7647,11
2026-09-17T18,1413930024,16848,86,False,0.4339,0.9808,10
2026-09-17T18,263490,15071,100,True,0.183,0.596,11
2026-09-17T18,75101830,11836,100,True,0.1157,0.5423,13
2026-09-17T18,460630,13199,99,False,0.6676,0.8507,15
2026-09-17T18,32502,14688,56,False,0.8885,0.9801,13
2026-09-17T18,511224,9851,99,False,0.0713,0.4617,13
2026-09-17T18,1357871551,12188,99,False,0.3693,0.6843,12
2026-09-17T18,499973,12022,100,True,0.1631,0.4998,7
2026-09-17T18,513143,12143,94,False,0.1491,0.7319,14
2026-09-17T18,511399,12186,15,False,0.9172,0.997,4
2026-09-17T18,509660,6944,96,False,0.0876,0.3623,13
2026-09-17T18,31339,11458,100,True,0.4277,0.7897,12
2026-09-17T18,903469103,11211,11,False,0.97,0.9999,5
2026-09-17T18,19619,8503,99,False,0.0859,0.4052,4
2026-09-17T18,499634,10182,99,False,0.291,0.8725,6
2026-09-17T18,509659,10330,100,True,0.1839,0.622,7
2026-09-17T18,1669431183,9068,100,True,0.1127,0.4679,7
2026-09-17T18,29452,9969,24,False,0.1435,0.811,3
2026-09-17T18,6521,9300,75,False,0.9205,0.9727,10
2026-09-17T18,417528,8912,100,True,0.1651,0.7542,12
2026-09-17T18,509663,8918,94,False,0.536,0.8479,7
2026-09-17T18,512953,7710,100,True,0.1885,0.6169,15
2026-09-17T18,493057,6567,100,True,0.0688,0.3869,14
2026-09-17T18,2012789438,7760,100,True,0.1095,0.6034,7
2026-09-17T18,27284,7359,100,True,0.1659,0.5494,11
2026-09-17T18,602040818,6674,100,True,0.1109,0.5682,6
2026-09-17T18,2132205352,7317,96,False,0.1748,0.6257,9
2026-09-17T18,26936,6157,87,False,0.1614,0.5725,10
2026-09-17T18,138585,7580,100,True,0.2257,0.7856,17
2026-09-17T18,1469308723,7438,100,True,0.797,0.8889,8
2026-09-17T18,902998079,6700,99,False,0.3803,0.7496,13
2026-09-17T18,488190,7279,100,True,0.2153,0.5102,11
2026-09-17T18,587576339,7273,5,False,0.994,1.0,2
2026-09-17T18,539102438,7168,1,False,1.0,1.0,1
2026-09-17T18,494184,6949,100,True,0.2867,0.8036,7
2026-09-17T18,464339927,6042,97,False,0.2671,0.6491,10
2026-09-17T18,386821,6200,98,False,0.1316,0.5368,14
2026-09-17T18,1898040946,6375,100,True,0.3206,0.9125,15
2026-09-17T18,506415,6358,78,False,0.8592,0.9522,14
2026-09-17T18,12839,6312,68,False,0.1795,0.7739,5
2026-09-17T18,2124871354,5784,100,True,0.4362,0.7557,13
2026-09-17T18,459931,6015,98,False,0.219,0.7446,5
2026-09-17T18,65632,5429,99,False,0.193,0.6156,12
2026-09-17T18,513181,5234,99,False,0.2874,0.6418,12
2026-09-17T18,1835856901,6390,1,False,1.0,1.0,1
2026-09-17T18,272263131,5238,100,True,0.3324,0.7146,5
2026-09-17T18,1282866981,5359,100,True,0.2305,0.6762,14
2026-09-17T18,12924,5407,86,False,0.5363,0.9109,10
2026-09-17T18,23311496,1649,58,False,0.2693,0.7271,11
2026-09-17T18,1702520304,4599,100,True,0.1813,0.5523,13
2026-09-17T18,417752,4713,100,True,0.2446,0.6382,12
2026-09-17T18,493959,4087,99,False,0.4289,0.6956,13
2026-09-17T18,327598602,3794,100,True,0.1049,0.4765,15
2026-09-17T18,66082,3790,100,True,0.2021,0.7451,13
2026-09-17T18,23020,2521,100,True,0.1539,0.4716,10
2026-09-17T18,670138298,4306,100,True,0.2685,0.7889,3
2026-09-17T18,518203,4429,100,True,0.0896,0.6266,13
2026-09-17T18,515214,4507,39,False,0.6625,0.992,6
2026-09-17T18,71375,4421,100,True,0.4666,0.7942,12
2026-09-17T18,500188,3453,100,True,0.1946,0.4799,14
2026-09-17T18,13389,4363,47,False,0.5171,0.9441,9
2026-09-17T18,19357,4328,100,True,0.2703,0.7089,10
2026-09-17T18,1846293708,4329,56,False,0.6833,0.9279,7
2026-09-17T18,590993568,4108,13,False,0.7159,0.9973,4
2026-09-17T18,1433520025,4015,3,False,0.9995,1.0,1
2026-09-17T18,502829,3940,62,False,0.3442,0.7947,3
2026-09-17T18,1544653089,3851,38,False,0.3506,0.9553,8
2026-09-17T18,29056,3890,26,False,0.5,0.9712,2
2026-09-17T18,866287127,3735,39,False,0.905,0.9722,8
2026-09-17T18,24241,3030,100,True,0.062,0.398,9
2026-09-17T18,417892,3459,88,False,0.2535,0.828,12
2026-09-17T18,1931693784,3406,80,False,0.2663,0.8553,9
2026-09-17T18,1441208453,2383,93,False,0.136,0.5124,9
2026-09-17T21,18122,364973,96,False,0.246,0.6793,10
2026-09-17T21,509658,247115,99,False,0.1562,0.5313,13
2026-09-17T21,32982,159085,100,True,0.1057,0.5151,12
2026-09-17T21,123184772,150076,100,True,0.323,0.7023,14
2026-09-17T21,30921,125136,99,False,0.2592,0.7824,8
2026-09-17T21,743893402,67405,97,False,0.1434,0.5125,15
2026-09-17T21,29595,76614,98,False,0.1455,0.7088,7
2026-09-17T21,21779,55351,98,False,0.1894,0.5302,14
2026-09-17T21,516575,33720,96,False,0.1069,0.6013,13
2026-09-17T21,32399,44805,96,False,0.1027,0.4187,15
2026-09-17T21,509672,54557,96,False,0.2656,0.7483,13
2026-09-17T21,33214,24821,98,False,0.1578,0.519,9
2026-09-17T21,498566,40905,100,True,0.0748,0.425,14
2026-09-17T21,27471,26020,100,True,0.155,0.513,9
2026-09-17T21,488190,33384,99,False,0.6457,0.8702,11
2026-09-17T21,1143686580,30872,16,False,0.7751,0.9998,5
2026-09-17T21,1267582829,17216,100,True,0.1726,0.5519,11
2026-09-17T21,1264310518,20161,99,False,0.2354,0.584,7
2026-09-17T21,508455,21589,96,False,0.2437,0.7393,11
2026-09-17T21,512710,19001,94,False,0.1278,0.504,10
2026-09-17T21,515025,16294,99,False,0.1912,0.6088,12
2026-09-17T21,460630,20396,98,False,0.6449,0.9039,12
2026-09-17T21,491487,11404,92,False,0.123,0.492,9
2026-09-17T21,29307,21693,82,False,0.7335,0.9549,12
2026-09-17T21,75101830,14702,96,False,0.1069,0.5959,13
2026-09-17T21,515024,17397,100,True,0.2161,0.6937,11
2026-09-17T21,401587136,17399,99,False,0.1277,0.7162,14
2026-09-17T21,779192097,14342,100,True,0.2217,0.6351,9
2026-09-17T21,27546,16839,94,False,0.5816,0.886,12
2026-09-17T21,29452,15849,32,False,0.1123,0.7243,4
2026-09-17T21,263490,13843,97,False,0.1803,0.6432,10
2026-09-17T21,491931,14014,94,False,0.3497,0.798,15
2026-09-17T21,511224,10207,99,False,0.3006,0.5835,14
2026-09-17T21,513143,13562,94,False,0.1928,0.7931,16
2026-09-17T21,518203,13409,100,True,0.3985,0.8385,13
2026-09-17T21,1217522406,13317,22,False,0.7847,0.9963,4
2026-09-17T21,499973,11845,100,True,0.1287,0.5254,6
2026-09-17T21,509660,7587,97,False,0.1728,0.4169,9
2026-09-17T21,509663,11709,81,False,0.4987,0.8492,8
2026-09-17T21,509659,11740,99,False,0.1182,0.5722,8
2026-09-17T21,19619,8420,99,False,0.0765,0.4348,4
2026-09-17T21,491168,10346,49,False,0.6562,0.9715,8
2026-09-17T21,493057,9233,99,False,0.2493,0.6537,12
2026-09-17T21,2132205352,7420,99,False,0.1357,0.6299,8
2026-09-17T21,602040818,7864,97,False,0.3061,0.5861,4
2026-09-17T21,499634,9802,100,True,0.2689,0.9127,7
2026-09-17T21,511399,9341,13,False,0.9453,0.9993,4
2026-09-17T21,32502,8967,52,False,0.7928,0.9702,12
2026-09-17T21,138585,8877,99,False,0.318,0.8288,13
2026-09-17T21,1357871551,7742,99,False,0.2364,0.5083,13
2026-09-17T21,31339,8173,100,True,0.3234,0.7736,9
2026-09-17T21,902998079,6962,100,True,0.1356,0.5744,11
2026-09-17T21,26936,6302,95,False,0.1071,0.4924,8
2026-09-17T21,2012789438,6647,99,False,0.1813,0.5711,8
2026-09-17T21,512953,6178,95,False,0.1319,0.5628,11
2026-09-17T21,539102438,7122,2,False,0.9999,1.0,1
2026-09-17T21,417528,7062,100,True,0.2363,0.7792,13
2026-09-17T21,1669431183,6353,96,False,0.0738,0.3493,5
2026-09-17T21,1661671460,6680,9,False,0.9874,1.0,3
2026-09-17T21,1230742965,6444,83,False,0.4749,0.9516,9
2026-09-17T21,23020,3426,95,False,0.23,0.5248,11
2026-09-17T21,272263131,6110,100,True,0.4535,0.7457,5
2026-09-17T21,670138298,5483,92,False,0.2621,0.7439,4
2026-09-17T21,493959,5070,98,False,0.1864,0.6266,11
2026-09-17T21,27284,4980,98,False,0.1106,0.4361,10
2026-09-17T21,464339927,4788,100,True,0.1414,0.5873,12
2026-09-17T21,743,5540,67,False,0.3431,0.911,11
2026-09-17T21,386821,5052,97,False,0.1348,0.536,12
2026-09-17T21,1763263,5231,50,False,0.511,0.9658,2
2026-09-17T21,327598602,4444,100,True,0.2151,0.5455,14
2026-09-17T21,513181,4569,95,False,0.26,0.6993,9
2026-09-17T21,12924,1341,67,False,0.217,0.7845,9
2026-09-17T21,500188,4151,95,False,0.1662,0.5481,11
2026-09-17T21,19357,4831,91,False,0.3061,0.7829,10
2026-09-17T21,65632,4570,100,True,0.221,0.6505,9
2026-09-17T21,12839,4790,39,False,0.1839,0.8837,4
2026-09-17T21,866287127,4714,48,False,0.874,0.955,6
2026-09-17T21,2124871354,4009,100,True,0.1876,0.6485,9
2026-09-17T21,494683,4475,36,False,0.9491,0.9913,6
2026-09-17T21,515474,4337,32,False,0.8469,0.9834,6
2026-09-17T21,213975850,4206,14,False,0.903,0.9974,7
2026-09-17T21,459931,4001,96,False,0.1652,0.5821,8
2026-09-17T21,494184,3897,100,True,0.2143,0.7968,8
2026-09-17T21,1898040946,3857,98,False,0.2528,0.8325,12
2026-09-17T21,499003,3832,98,False,0.2291,0.6707,8
2026-09-17T21,417892,5975,100,True,0.3546,0.8562,14
2026-09-17T21,1441208453,2814,100,True,0.1521,0.5014,10
2026-09-17T21,1282866981,3521,100,True,0.2056,0.6089,12
2026-09-17T21,1931693784,3396,72,False,0.235,0.8737,9
2026-09-17T21,417752,3177,94,False,0.198,0.6928,10
2026-09-17T21,66082,2538,100,True,0.173,0.6217,12
2026-09-17T21,13389,3262,40,False,0.7042,0.9543,10
2026-09-17T21,626298054,3261,8,False,0.6593,1.0,4
2026-09-17T21,67881727,3245,1,False,1.0,1.0,1
2026-09-17T21,168648543,2751,93,False,0.2141,0.7354,13
2026-09-17T21,502829,3046,34,False,0.458,0.9422,4
2026-09-17T21,24241,2609,98,False,0.0862,0.4232,8
2026-09-17T21,1435206302,2973,53,False,0.7767,0.9391,7
2026-09-17T21,737616997,2900,12,False,0.7369,0.9993,4
2026-09-17T21,262437666,2768,94,False,0.3475,0.7691,10
2026-09-18T00,509658,178791,98,False,0.1412,0.6052,10
2026-09-18T00,18122,213876,100,True,0.2549,0.7232,9
2026-09-18T00,32982,177444,100,True,0.1836,0.6509,7
2026-09-18T00,123184772,116620,98,False,0.2828,0.5889,10
2026-09-18T00,743893402,86662,98,False,0.2851,0.7438,13
2026-09-18T00,30921,90373,100,True,0.3064,0.8187,9
2026-09-18T00,21779,42922,99,False,0.115,0.5575,10
2026-09-18T00,33214,31830,98,False,0.143,0.5989,6
2026-09-18T00,518203,51653,98,False,0.9033,0.9755,8
2026-09-18T00,516575,30658,100,True,0.161,0.589,11
2026-09-18T00,27471,32996,99,False,0.183,0.5964,7
2026-09-18T00,32399,27584,98,False,0.0736,0.4304,9
2026-09-18T00,498566,28473,100,True,0.124,0.6986,12
2026-09-18T00,509672,25768,98,False,0.5314,0.7431,10
2026-09-18T00,29595,25167,100,True,0.1832,0.6592,6
2026-09-18T00,508455,23358,100,True,0.4336,0.7965,11
2026-09-18T00,1264310518,16888,99,False,0.2266,0.5589,7
2026-09-18T00,491487,11236,94,False,0.1614,0.4954,8
2026-09-18T00,1267582829,13141,100,True,0.155,0.545,9
2026-09-18T00,515025,14125,98,False,0.1461,0.5416,8
2026-09-18T00,779192097,14064,100,True,0.18,0.6517,5
2026-09-18T00,29452,16128,37,False,0.1584,0.7866,3
2026-09-18T00,66170,14692,100,True,0.8416,0.9159,6
2026-09-18T00,511224,9525,100,True,0.2567,0.6184,9
2026-09-18T00,512710,9444,98,False,0.0855,0.4827,7
2026-09-18T00,513143,13258,95,False,0.2739,0.8645,10
2026-09-18T00,75101830,9509,100,True,0.1389,0.5491,11
2026-09-18T00,499973,12119,100,True,0.095,0.4756,6
2026-09-18T00,19619,10022,100,True,0.085,0.4184,3
2026-09-18T00,602040818,8892,98,False,0.2388,0.4978,1
2026-09-18T00,401587136,11047,100,True,0.1918,0.7362,14
2026-09-18T00,515024,10582,100,True,0.256,0.6839,9
2026-09-18T00,509659,11325,100,True,0.1456,0.545,10
2026-09-18T00,460630,7545,91,False,0.3051,0.7799,7
2026-09-18T00,509660,6062,99,False,0.1077,0.3682,9
2026-09-18T00,902998079,8166,97,False,0.2099,0.6269,8
2026-09-18T00,263490,8804,98,False,0.2226,0.6272,9
2026-09-18T00,499634,8771,100,True,0.2983,0.9188,7
2026-09-18T00,2132205352,7246,100,True,0.1481,0.6863,6
2026-09-18T00,509663,7996,99,False,0.4756,0.8099,6
2026-09-18T00,539102438,7950,3,False,0.9991,1.0,1
2026-09-18T00,27284,5839,100,True,0.0711,0.4071,6
2026-09-18T00,32502,6878,39,False,0.6015,0.9828,7
2026-09-18T00,417528,6572,100,True,0.2092,0.7401,7
2026-09-18T00,26936,4744,96,False,0.1621,0.4306,9
2026-09-18T00,1669431183,5471,94,False,0.1106,0.4825,5
2026-09-18T00,491931,5376,100,True,0.168,0.6075,11
2026-09-18T00,493057,5137,99,False,0.1143,0.5299,12
2026-09-18T00,23020,3279,98,False,0.0775,0.412,5
2026-09-18T00,488190,5956,95,False,0.2989,0.722,8
2026-09-18T00,138585,5837,90,False,0.5047,0.8934,11
2026-09-18T00,670138298,5288,94,False,0.2513,0.8247,3
2026-09-18T00,464339927,4665,98,False,0.1938,0.6309,11
2026-09-18T00,512953,4670,100,True,0.1105,0.637,11
2026-09-18T00,386821,5132,99,False,0.1187,0.5333,11
2026-09-18T00,2012789438,4314,99,False,0.1238,0.5362,7
2026-09-18T00,327598602,4400,100,True,0.1691,0.5698,11
2026-09-18T00,272263131,5203,100,True,0.3805,0.72,4
2026-09-18T00,27546,4974,61,False,0.734,0.9373,13
2026-09-18T00,1357871551,4480,99,False,0.1203,0.5623,9
2026-09-18T00,498592,4583,100,True,0.1124,0.6223,18
2026-09-18T00,458781,4282,98,False,0.5469,0.8062,8
2026-09-18T00,513181,4162,100,True,0.4476,0.7383,9
2026-09-18T00,459931,4164,100,True,0.1777,0.5788,4
2026-09-18T00,499003,4308,100,True,0.2465,0.6957,5
2026-09-18T00,66082,3479,100,True,0.1822,0.6689,7
2026-09-18T00,31339,3874,100,True,0.2142,0.697,10
2026-09-18T00,1230742965,3707,75,False,0.3515,0.9396,5
2026-09-18T00,19357,3512,72,False,0.4046,0.8215,7
2026-09-18T00,65632,3355,97,False,0.4015,0.7985,7
2026-09-18T00,743,3418,40,False,0.6597,0.962,7
2026-09-18T00,1290551545,3250,6,False,0.8846,1.0,2
2026-09-18T00,24241,2553,100,True,0.1152,0.4109,7
2026-09-18T00,500188,2890,100,True,0.1806,0.5581,7
2026-09-18T00,624536948,2372,95,False,0.3297,0.6918,8
2026-09-18T00,493959,2402,95,False,0.1749,0.5433,8
2026-09-18T00,502829,2997,21,False,0.5015,0.987,3
2026-09-18T00,13332,3015,100,True,0.2285,0.8076,7
2026-09-18T00,2124871354,2399,100,True,0.1025,0.496,5
2026-09-18T00,1702520304,2817,100,True,0.3241,0.656,13
2026-09-18T00,512923,2610,98,False,0.3222,0.7345,6
2026-09-18T00,509511,2714,94,False,0.1032,0.5173,7
2026-09-18T00,23311496,2643,75,False,0.2898,0.7404,4
2026-09-18T00,1441208453,1846,100,True,0.0607,0.3884,9
2026-09-18T00,921298138,2640,51,False,0.5697,0.9511,4
2026-09-18T00,737616997,2470,26,False,0.9372,0.9899,5
2026-09-18T00,417752,2310,100,True,0.1199,0.619,6
2026-09-18T00,13389,2096,34,False,0.782,0.9723,5
2026-09-18T00,460951,2387,100,True,0.6657,0.8194,5
2026-09-18T00,1544653089,2496,19,False,0.5769,0.9848,5
2026-09-18T00,168648543,1978,100,True,0.178,0.6446,7
2026-09-18T00,1503830969,2222,11,False,0.8002,0.9995,3
2026-09-18T00,29307,2239,46,False,0.439,0.8861,9
2026-09-18T00,55453844,2210,100,True,0.4199,0.7335,6
2026-09-18T00,1282866981,2060,100,True,0.0903,0.5626,9
2026-09-18T00,676802825,2051,100,True,0.2891,0.7723,5
2026-09-18T00,509508,2073,6,False,0.9952,1.0,1
2026-09-18T00,494184,2001,98,False,0.3548,0.8201,7
2026-09-18T00,1274205901,1962,18,False,0.9297,0.9924,7
2026-09-18T00,1763263,1953,33,False,0.3697,0.9606,1
2026-09-18T07,18122,102069,99,False,0.1339,0.5961,8
2026-09-18T07,509658,67839,99,False,0.0773,0.377,13
2026-09-18T07,32982,37538,100,True,0.1868,0.6716,7
2026-09-18T07,743893402,31795,99,False,0.1148,0.542,13
2026-09-18T07,21779,30601,99,False,0.0791,0.418,12
2026-09-18T07,123184772,34456,99,False,0.1555,0.5921,13
2026-09-18T07,516575,24632,100,True,0.1507,0.6368,11
2026-09-18T07,509672,30940,100,True,0.1627,0.6866,14
2026-09-18T07,29595,27305,100,True,0.206,0.7244,6
2026-09-18T07,26936,23935,95,False,0.5301,0.9278,12
2026-09-18T07,33214,16756,100,True,0.2614,0.646,8
2026-09-18T07,32399,21233,96,False,0.1238,0.5125,13
2026-09-18T07,1264310518,17136,93,False,0.3374,0.6637,5
2026-09-18T07,498566,21923,62,False,0.145,0.7681,9
2026-09-18T07,499973,17462,100,True,0.4128,0.6338,6
2026-09-18T07,1267582829,7055,96,False,0.0404,0.292,10
2026-09-18T07,515025,9385,100,True,0.2011,0.6116,9
2026-09-18T07,23020,12069,100,True,0.8508,0.9325,6
2026-09-18T07,498592,11811,100,True,0.3004,0.6434,14
2026-09-18T07,491487,7562,95,False,0.1575,0.5286,9
2026-09-18T07,75101830,10490,100,True,0.5257,0.7851,8
2026-09-18T07,29452,11438,20,False,0.1564,0.8511,3
2026-09-18T07,27471,7365,100,True,0.1031,0.4686,9
2026-09-18T07,511224,6712,99,False,0.1259,0.5444,9
2026-09-18T07,512710,7851,99,False,0.0946,0.4543,9
2026-09-18T07,509659,9180,100,True,0.1786,0.5404,7
2026-09-18T07,515024,8795,100,True,0.2215,0.7841,12
2026-09-18T07,513143,9003,91,False,0.2142,0.7721,11
2026-09-18T07,27284,8051,100,True,0.2797,0.6448,10
2026-09-18T07,55453844,7851,93,False,0.8826,0.9478,5
2026-09-18T07,602040818,6597,99,False,0.1323,0.5542,4
2026-09-18T07,779192097,7001,100,True,0.1803,0.5466,7
2026-09-18T07,509660,4922,100,True,0.0695,0.3129,9
2026-09-18T07,508455,6080,100,True,0.2104,0.6418,11
2026-09-18T07,30921,5780,100,True,0.1609,0.7896,8
2026-09-18T07,138585,5859,66,False,0.2246,0.9196,9
2026-09-18T07,2132205352,5653,100,True,0.1702,0.7171,5
2026-09-18T07,1118273312,5596,14,False,0.5892,0.9716,3
2026-09-18T07,401587136,5042,100,True,0.1513,0.6289,17
2026-09-18T07,509663,5134,57,False,0.5193,0.9104,9
2026-09-18T07,902998079,4232,86,False,0.2817,0.6581,7
2026-09-18T07,263490,4774,99,False,0.3498,0.7673,9
2026-09-18T07,27546,4903,98,False,0.3592,0.7897,13
2026-09-18T07,1441208453,4423,99,False,0.2627,0.7459,10
2026-09-18T07,513181,4393,99,False,0.7482,0.8479,10
2026-09-18T07,499634,4269,87,False,0.5146,0.9026,7
2026-09-18T07,272263131,4067,100,True,0.3037,0.6968,7
2026-09-18T07,11557,4174,42,False,0.4598,0.9746,5
2026-09-18T07,1669431183,4043,98,False,0.0848,0.4625,9
2026-09-18T07,386821,3973,100,True,0.1092,0.5686,12
2026-09-18T07,1357871551,3790,100,True,0.4612,0.7871,11
2026-09-18T07,464339927,3100,97,False,0.2035,0.5371,9
2026-09-18T07,19619,3284,100,True,0.1431,0.4476,5
2026-09-18T07,2012789438,2962,100,True,0.158,0.582,7
2026-09-18T07,417528,3320,73,False,0.2117,0.7651,13
2026-09-18T07,1826300051,3310,9,False,0.9619,1.0,5
2026-09-18T07,600069925,3085,3,False,0.7906,1.0,2
2026-09-18T07,327598602,2801,100,True,0.2221,0.7037,11
2026-09-18T07,502829,2886,34,False,0.4702,0.9414,2
2026-09-18T07,460630,1991,100,True,0.1873,0.5344,12
2026-09-18T07,512953,2533,98,False,0.1907,0.6419,11
2026-09-18T07,518203,2685,57,False,0.3467,0.8529,9
2026-09-18T07,1742163310,2639,3,False,0.9867,1.0,2
2026-09-18T07,1282866981,2541,100,True,0.1527,0.6497,10
2026-09-18T07,24241,2412,100,True,0.1526,0.4851,6
2026-09-18T07,493057,2321,100,True,0.1978,0.5114,14
2026-09-18T07,1274205901,64,13,False,0.25,0.9531,5
2026-09-18T07,66082,1981,94,False,0.2691,0.7996,11
2026-09-18T07,23311496,2235,22,False,0.6036,0.9669,3
2026-09-18T07,340920845,2199,2,False,0.9986,1.0,1
2026-09-18T07,1092905645,0,0,False,,,0
2026-09-18T07,19357,2151,44,False,0.3961,0.8875,7
2026-09-18T07,459931,2142,100,True,0.1573,0.6844,3
2026-09-18T07,6369,2121,16,False,0.9896,0.9976,3
2026-09-18T07,168648543,2025,99,False,0.3541,0.7995,10
2026-09-18T07,65632,2041,100,True,0.2366,0.8226,9
2026-09-18T07,422208436,71,5,False,0.8732,1.0,2
2026-09-18T07,670138298,1933,99,False,0.2975,0.8526,3
2026-09-18T07,1813168901,1941,33,False,0.1618,0.8475,6
2026-09-18T07,493959,1899,99,False,0.4376,0.8046,11
2026-09-18T07,509511,1913,61,False,0.1328,0.6226,7
2026-09-18T07,19976,1880,45,False,0.3968,0.8495,4
2026-09-18T07,31339,1757,100,True,0.1349,0.5868,9
2026-09-18T07,511399,1696,14,False,0.8597,0.9929,4
2026-09-18T07,499003,1657,51,False,0.2064,0.825,6
2026-09-18T07,458781,1627,100,True,0.2698,0.6447,10
2026-09-18T07,1702520304,1645,100,True,0.0973,0.5441,14
2026-09-18T07,982348888,1606,62,False,0.505,0.82,7
2026-09-18T07,29307,1600,36,False,0.2775,0.9106,9
2026-09-18T07,66170,1548,100,True,0.4128,0.655,9
2026-09-18T07,1913410799,1513,7,False,0.8652,1.0,2
2026-09-18T07,13332,1353,39,False,0.357,0.8832,6
2026-09-18T07,1599346425,1394,100,True,0.0703,0.3996,11
2026-09-18T07,494184,1392,77,False,0.2364,0.7723,6
2026-09-18T07,500188,1389,100,True,0.1937,0.509,9
2026-09-18T07,1414860634,1379,35,False,0.5729,0.9732,6
2026-09-18T07,884569009,1343,9,False,0.9129,1.0,2
2026-09-18T07,1435206302,1346,30,False,0.3685,0.9465,4
2026-09-18T07,516173984,1297,18,False,0.9082,0.9884,6
2026-09-18T07,32502,1260,24,False,0.373,0.9492,5
2026-09-18T12,509658,118657,98,False,0.0823,0.4032,15
2026-09-18T12,18122,127903,100,True,0.1167,0.5089,11
2026-09-18T12,32399,106093,99,False,0.3798,0.7263,15
2026-09-18T12,516575,90600,100,True,0.1823,0.6025,14
2026-09-18T12,32982,83811,98,False,0.297,0.5383,11
2026-09-18T12,21779,83646,99,False,0.336,0.7093,15
2026-09-18T12,123184772,79586,99,False,0.1401,0.5151,16
2026-09-18T12,743893402,45797,100,True,0.104,0.4686,17
2026-09-18T12,29595,49909,97,False,0.2439,0.6988,7
2026-09-18T12,511224,47139,98,False,0.3211,0.8625,9
2026-09-18T12,509672,39949,96,False,0.1665,0.5776,15
2026-09-18T12,509663,31505,75,False,0.9284,0.9771,11
2026-09-18T12,498566,31363,72,False,0.1351,0.6629,12
2026-09-18T12,508455,20193,100,True,0.404,0.8118,12
2026-09-18T12,1267582829,14093,99,False,0.2488,0.499,10
2026-09-18T12,27471,12892,98,False,0.08,0.4192,15
2026-09-18T12,33214,11670,100,True,0.1575,0.5342,11
2026-09-18T12,491487,12229,93,False,0.3627,0.6826,12
2026-09-18T12,512710,14664,98,False,0.1922,0.6111,10
2026-09-18T12,515025,11054,100,True,0.1148,0.4276,11
2026-09-18T12,499973,13834,100,True,0.2591,0.5004,7
2026-09-18T12,1264310518,12821,100,True,0.2356,0.6583,13
2026-09-18T12,498592,12542,100,True,0.2807,0.7113,10
2026-09-18T12,401587136,12164,100,True,0.1486,0.7205,16
2026-09-18T12,491931,11757,100,True,0.177,0.7282,15
2026-09-18T12,518203,12148,90,False,0.3368,0.8754,11
2026-09-18T12,27284,11392,100,True,0.4149,0.7658,10
2026-09-18T12,515024,10861,100,True,0.2385,0.743,16
2026-09-18T12,1457501816,11259,5,False,0.9975,1.0,3
2026-09-18T12,513143,10556,98,False,0.1572,0.7533,17
2026-09-18T12,743,10569,58,False,0.5474,0.9349,11
2026-09-18T12,27546,10500,100,True,0.284,0.7878,13
2026-09-18T12,460630,9829,98,False,0.7113,0.8773,12
2026-09-18T12,518184,9902,100,True,0.2449,0.768,9
2026-09-18T12,30921,8777,100,True,0.2766,0.8151,14
2026-09-18T12,779192097,8694,100,True,0.2825,0.7297,9
2026-09-18T12,19619,7439,100,True,0.0758,0.4357,4
2026-09-18T12,29452,8325,15,False,0.2199,0.9732,4
2026-09-18T12,138585,8229,81,False,0.243,0.8163,11
2026-09-18T12,386821,7594,100,True,0.1319,0.5269,12
2026-09-18T12,509660,5078,99,False,0.0327,0.2653,11
2026-09-18T12,417528,7224,91,False,0.1783,0.8188,11
2026-09-18T12,263490,6406,97,False,0.1372,0.6449,11
2026-09-18T12,490377,6883,100,True,0.169,0.6272,14
2026-09-18T12,493057,6172,100,True,0.1089,0.617,16
2026-09-18T12,602040818,5472,100,True,0.2202,0.7434,6
2026-09-18T12,11557,5603,31,False,0.8808,0.9895,6
2026-09-18T12,2132205352,5399,100,True,0.3525,0.707,9
2026-09-18T12,55453844,5137,100,True,0.4919,0.7855,6
2026-09-18T12,12924,5378,55,False,0.6837,0.9583,8
2026-09-18T12,459931,5321,100,True,0.1729,0.7482,7
2026-09-18T12,417752,5214,100,True,0.3283,0.7875,12
2026-09-18T12,272263131,5056,100,True,0.3604,0.7225,5
2026-09-18T12,1669431183,5115,100,True,0.0708,0.4379,8
2026-09-18T12,1282866981,4922,100,True,0.2217,0.652,10
2026-09-18T12,75101830,4256,100,True,0.1605,0.6276,15
2026-09-18T12,512953,4581,100,True,0.148,0.5337,14
2026-09-18T12,494184,4937,99,False,0.3533,0.748,10
2026-09-18T12,26936,4215,96,False,0.0892,0.4963,13
2026-09-18T12,29975,4839,12,False,0.9789,0.9992,3
2026-09-18T12,595240160,4670,2,False,0.9985,1.0,1
2026-09-18T12,509659,4582,100,True,0.1641,0.5509,9
2026-09-18T12,464339927,3941,99,False,0.1411,0.5826,13
2026-09-18T12,2124871354,3855,100,True,0.3388,0.7632,10
2026-09-18T12,1702520304,3969,100,True,0.1665,0.6674,15
2026-09-18T12,31339,3777,100,True,0.3757,0.7239,12
2026-09-18T12,767864507,3632,25,False,0.8698,0.9887,1
2026-09-18T12,24241,3037,100,True,0.0961,0.436,9
2026-09-18T12,499634,3492,100,True,0.1607,0.7557,9
2026-09-18T12,32502,3425,48,False,0.153,0.7501,10
2026-09-18T12,19357,3287,58,False,0.1956,0.763,10
2026-09-18T12,902998079,3119,99,False,0.1443,0.6656,11
2026-09-18T12,500188,3129,97,False,0.2036,0.6056,11
2026-09-18T12,502829,3256,47,False,0.4794,0.8695,2
2026-09-18T12,1357871551,3062,100,True,0.1192,0.5794,11
2026-09-18T12,65632,2973,92,False,0.2627,0.7188,12
2026-09-18T12,13332,2987,52,False,0.2672,0.8852,9
2026-09-18T12,327598602,2640,99,False,0.0981,0.561,13
2026-09-18T12,29307,2970,44,False,0.265,0.9276,8
2026-09-18T12,116747788,2795,39,False,0.429,0.9435,6
2026-09-18T12,509673,2709,69,False,0.8295,0.9195,8
2026-09-18T12,12839,2683,23,False,0.2486,0.9057,5
2026-09-18T12,488190,2682,55,False,0.2711,0.6838,9
2026-09-18T12,417892,2623,73,False,0.3927,0.8845,10
2026-09-18T12,71375,2605,73,False,0.1923,0.785,8
2026-09-18T12,2748,2609,38,False,0.4707,0.9264,6
2026-09-18T12,866287127,2512,20,False,0.8929,0.9924,6
2026-09-18T12,2012789438,2253,100,True,0.1931,0.5548,7
2026-09-18T12,698700926,2403,3,False,0.9834,1.0,3
2026-09-18T12,509511,2362,69,False,0.1444,0.6867,6
2026-09-18T12,168648543,2092,100,True,0.2103,0.7323,14
2026-09-18T12,23020,1178,100,True,0.0645,0.3489,8
2026-09-18T12,513181,1909,100,True,0.0875,0.4149,13
2026-09-18T12,422208436,2122,13,False,0.9496,0.9991,2
2026-09-18T12,749124055,2085,1,False,1.0,1.0,1
2026-09-18T12,505045,2080,12,False,0.4966,0.999,3
2026-09-18T12,1813168901,2046,37,False,0.1706,0.7854,7
2026-09-18T12,490948,1985,54,False,0.5048,0.8962,8
2026-09-18T12,1119642287,1890,28,False,0.4513,0.9831,6
2026-09-18T12,1313351584,1859,27,False,0.716,0.9817,7
2026-09-18T17,509658,322723,99,False,0.1001,0.4996,14
2026-09-18T17,21779,266979,100,True,0.2691,0.823,16
2026-09-18T17,18122,171003,100,True,0.1405,0.5428,11
2026-09-18T17,123184772,146064,99,False,0.2622,0.6073,17
2026-09-18T17,30921,131674,99,False,0.2888,0.8534,11
2026-09-18T17,32399,106959,98,False,0.1888,0.5949,15
2026-09-18T17,32982,86286,100,True,0.1245,0.4536,13
2026-09-18T17,509672,77624,100,True,0.2818,0.6973,16
2026-09-18T17,516575,59178,98,False,0.1454,0.4692,12
2026-09-18T17,743893402,59587,98,False,0.1416,0.5242,15
2026-09-18T17,27471,58012,100,True,0.2703,0.6612,13
2026-09-18T17,29595,52846,91,False,0.1806,0.7111,6
2026-09-18T17,33214,30423,100,True,0.1689,0.5238,11
2026-09-18T17,498566,45364,97,False,0.1296,0.5953,12
2026-09-18T17,1267582829,34173,100,True,0.1367,0.6827,11
2026-09-18T17,27546,37207,100,True,0.17,0.8119,16
2026-09-18T17,1264310518,31341,100,True,0.3353,0.7565,10
2026-09-18T17,1413930024,29362,97,False,0.2257,0.8694,11
2026-09-18T17,491487,15140,98,False,0.1889,0.568,10
2026-09-18T17,513143,21073,99,False,0.1641,0.7158,13
2026-09-18T17,511224,15281,98,False,0.2688,0.6731,13
2026-09-18T17,515025,13553,97,False,0.156,0.5075,10
2026-09-18T17,493057,16922,100,True,0.3325,0.7734,15
2026-09-18T17,512710,14649,98,False,0.083,0.4906,13
2026-09-18T17,151959766,17043,1,False,1.0,1.0,1
2026-09-18T17,515024,14967,99,False,0.2317,0.7466,15
2026-09-18T17,401587136,14086,99,False,0.1479,0.6715,15
2026-09-18T17,508455,11269,100,True,0.1818,0.6042,13
2026-09-18T17,491931,13287,100,True,0.236,0.6806,14
2026-09-18T17,511399,13670,21,False,0.974,0.9977,5
2026-09-18T17,29452,13629,28,False,0.1214,0.7424,4
2026-09-18T17,1669431183,10481,98,False,0.0711,0.3866,9
2026-09-18T17,499973,10829,100,True,0.1926,0.4855,6
2026-09-18T17,509660,6905,100,True,0.1353,0.3851,11
2026-09-18T17,779192097,10350,100,True,0.2444,0.7137,10
2026-09-18T17,19619,9864,100,True,0.0921,0.4371,5
2026-09-18T17,1057274213,11110,2,False,0.9988,1.0,1
2026-09-18T17,490377,10830,99,False,0.1894,0.6333,13
2026-09-18T17,518184,10142,100,True,0.1885,0.6633,11
2026-09-18T17,1357871551,9160,96,False,0.4465,0.7556,13
2026-09-18T17,263490,8811,100,True,0.1152,0.512,13
2026-09-18T17,327598602,9059,98,False,0.4127,0.7567,13
2026-09-18T17,509663,9746,99,False,0.312,0.7219,10
2026-09-18T17,461221,9585,23,False,0.5541,0.9791,5
2026-09-18T17,509659,8885,96,False,0.2895,0.7336,7
2026-09-18T17,602040818,6783,99,False,0.1769,0.5352,7
2026-09-18T17,65632,8162,99,False,0.2567,0.758,10
2026-09-18T17,26936,6763,97,False,0.165,0.4758,13
2026-09-18T17,2132205352,7507,100,True,0.1303,0.7043,8
2026-09-18T17,459931,7736,99,False,0.185,0.6666,9
2026-09-18T17,417528,7716,97,False,0.1782,0.7534,11
2026-09-18T17,27284,6779,100,True,0.1056,0.4701,8
2026-09-18T17,460630,6245,96,False,0.5853,0.7872,15
2026-09-18T17,509509,7244,1,False,1.0,1.0,1
2026-09-18T17,1294658629,6881,100,True,0.3023,0.8323,10
2026-09-18T17,518203,6977,100,True,0.3593,0.703,11
2026-09-18T17,499634,7167,93,False,0.2111,0.8305,10
2026-09-18T17,66082,6164,97,False,0.3008,0.8348,15
2026-09-18T17,1282866981,6273,97,False,0.2141,0.6858,10
2026-09-18T17,386821,6384,100,True,0.1883,0.5329,13
2026-09-18T17,494184,6641,100,True,0.301,0.8755,10
2026-09-18T17,138585,6628,100,True,0.1747,0.6817,13
2026-09-18T17,75101830,4588,100,True,0.1118,0.4544,16
2026-09-18T17,687129551,5912,45,False,0.5418,0.9613,7
2026-09-18T17,23020,3215,100,True,0.2796,0.5359,10
2026-09-18T17,513181,4683,98,False,0.3182,0.587,13
2026-09-18T17,510389,5509,17,False,0.4631,0.9931,6
2026-09-18T17,464339927,4657,97,False,0.151,0.5873,13
2026-09-18T17,417752,5151,95,False,0.2275,0.6964,12
2026-09-18T17,272263131,4877,99,False,0.3092,0.665,5
2026-09-18T17,1931693784,5249,85,False,0.274,0.8895,7
2026-09-18T17,512953,4098,98,False,0.0896,0.4092,13
2026-09-18T17,31339,4597,100,True,0.1223,0.5599,12
2026-09-18T17,1702520304,4413,95,False,0.201,0.5269,14
2026-09-18T17,1935520090,4705,17,False,0.9617,0.9974,4
2026-09-18T17,902998079,3989,100,True,0.1614,0.5054,12
2026-09-18T17,488190,4558,100,True,0.1556,0.4506,11
2026-09-18T17,1002561360,4368,1,False,1.0,1.0,1
2026-09-18T17,71375,4386,100,True,0.4528,0.7627,12
2026-09-18T17,500188,3561,100,True,0.1236,0.5072,10
2026-09-18T17,961311546,4190,12,False,0.985,0.9995,3
2026-09-18T17,19357,4148,78,False,0.3809,0.8271,9
2026-09-18T17,369418,2209,34,False,0.6288,0.9163,9
2026-09-18T17,2124871354,3668,100,True,0.5608,0.7538,14
2026-09-18T17,2005329090,4051,4,False,0.9296,1.0,1
2026-09-18T17,417892,3965,86,False,0.5743,0.8855,12
2026-09-18T17,1441208453,3193,98,False,0.2587,0.6508,11
2026-09-18T17,12839,3995,53,False,0.1567,0.7935,3
2026-09-18T17,499003,3972,99,False,0.3192,0.7158,9
2026-09-18T17,513501,3800,94,False,0.2953,0.7932,2
2026-09-18T17,498592,3815,100,True,0.2668,0.697,7
2026-09-18T17,502829,3737,73,False,0.4605,0.8237,5
2026-09-18T17,1846293708,3733,48,False,0.8385,0.9502,6
2026-09-18T17,2748,3689,54,False,0.3738,0.9152,7
2026-09-18T17,2012789438,3033,97,False,0.1434,0.5905,9
2026-09-18T17,13332,3307,78,False,0.2123,0.704,9
2026-09-18T17,771448419,3767,64,False,0.3985,0.7324,12
2026-09-18T17,1230742965,3566,66,False,0.91,0.9509,6
2026-09-18T17,168648543,3240,100,True,0.3429,0.7284,15
2026-09-18T17,2099118364,3377,2,False,0.9997,1.0,2
2026-09-18T20,509658,289608,100,True,0.1236,0.5125,15
2026-09-18T20,18122,174322,97,False,0.1607,0.6129,12
2026-09-18T20,516575,183759,97,False,0.2368,0.7947,11
2026-09-18T20,32982,145175,100,True,0.1392,0.5457,13
2026-09-18T20,123184772,163642,100,True,0.2617,0.639,16
2026-09-18T20,30921,139372,99,False,0.3272,0.8319,12
2026-09-18T20,743893402,75932,99,False,0.1621,0.6091,15
2026-09-18T20,21779,56669,100,True,0.2092,0.5496,14
2026-09-18T20,509672,64010,99,False,0.3169,0.6099,17
2026-09-18T20,32399,49267,98,False,0.1636,0.4213,12
2026-09-18T20,27471,47698,95,False,0.243,0.6765,12
2026-09-18T20,29595,40201,99,False,0.2776,0.6882,6
2026-09-18T20,33214,28742,97,False,0.2066,0.6344,10
2026-09-18T20,498566,38231,100,True,0.181,0.5808,12
2026-09-18T20,401587136,31617,100,True,0.1938,0.7192,15
2026-09-18T20,771448419,22939,100,True,0.105,0.4785,12
2026-09-18T20,1267582829,17988,100,True,0.2147,0.6038,12
2026-09-18T20,1669431183,24700,99,False,0.4125,0.6866,6
2026-09-18T20,1264310518,19400,100,True,0.3437,0.5724,7
2026-09-18T20,508455,21046,99,False,0.2846,0.6357,11
2026-09-18T20,515025,17950,100,True,0.1419,0.5851,10
2026-09-18T20,491487,12014,96,False,0.1216,0.4453,11
2026-09-18T20,151959766,23171,3,False,0.9997,1.0,1
2026-09-18T20,512710,15190,98,False,0.0752,0.4255,11
2026-09-18T20,513143,19859,100,True,0.3602,0.7682,12
2026-09-18T20,460630,17813,98,False,0.6624,0.9091,14
2026-09-18T20,515024,16882,97,False,0.1957,0.6704,15
2026-09-18T20,27546,17359,97,False,0.2628,0.8162,13
2026-09-18T20,29452,17700,40,False,0.1063,0.6678,4
2026-09-18T20,511224,10437,95,False,0.2672,0.5915,11
2026-09-18T20,461221,14445,27,False,0.5573,0.9892,7
2026-09-18T20,509663,13892,100,True,0.3752,0.7356,9
2026-09-18T20,26936,11430,98,False,0.3922,0.6299,13
2026-09-18T20,67637,13443,15,False,0.9972,0.9996,4
2026-09-18T20,1413930024,12836,100,True,0.1861,0.9078,8
2026-09-18T20,602040818,10407,97,False,0.1329,0.6185,3
2026-09-18T20,499973,11433,100,True,0.1378,0.5275,6
2026-09-18T20,19619,10589,98,False,0.0914,0.484,5
2026-09-18T20,518184,9938,100,True,0.1997,0.6942,10
2026-09-18T20,75101830,8616,100,True,0.0822,0.5438,15
2026-09-18T20,509659,10926,100,True,0.1949,0.6013,7
2026-09-18T20,491931,9683,100,True,0.1297,0.6335,15
2026-09-18T20,263490,9388,97,False,0.2399,0.5915,13
2026-09-18T20,511399,10349,24,False,0.9443,0.9927,6
2026-09-18T20,509660,5944,100,True,0.1041,0.343,9
2026-09-18T20,779192097,8486,100,True,0.3295,0.6798,9
2026-09-18T20,539102438,10177,2,False,0.9999,1.0,1
2026-09-18T20,1057274213,9848,3,False,0.9908,1.0,1
2026-09-18T20,31339,9170,100,True,0.2944,0.7571,10
2026-09-18T20,512953,7267,100,True,0.2321,0.6063,10
2026-09-18T20,490377,8454,100,True,0.2208,0.6353,11
2026-09-18T20,138585,8538,96,False,0.255,0.7464,14
2026-09-18T20,2132205352,6913,100,True,0.1379,0.6611,9
2026-09-18T20,23020,4566,99,False,0.2267,0.5318,11
2026-09-18T20,27284,6797,100,True,0.0799,0.4127,8
2026-09-18T20,23311496,8484,57,False,0.4371,0.9415,9
2026-09-18T20,902998079,6685,96,False,0.1737,0.6661,9
2026-09-18T20,417528,7555,100,True,0.2061,0.7263,10
2026-09-18T20,65632,6976,97,False,0.135,0.6325,9
2026-09-18T20,493057,5757,100,True,0.1438,0.4626,15
2026-09-18T20,459931,6828,100,True,0.1677,0.6342,7
2026-09-18T20,2124871354,6289,100,True,0.3311,0.7777,10
2026-09-18T20,1357871551,5417,100,True,0.0893,0.4329,14
2026-09-18T20,509509,6542,1,False,1.0,1.0,1
2026-09-18T20,327598602,5835,100,True,0.5169,0.6967,12
2026-09-18T20,66082,5326,89,False,0.4902,0.7747,11
2026-09-18T20,2012789438,5495,100,True,0.2086,0.62,6
2026-09-18T20,518203,6365,99,False,0.417,0.7147,9
2026-09-18T20,499634,6320,99,False,0.3179,0.9009,11
2026-09-18T20,464339927,4732,98,False,0.168,0.455,12
2026-09-18T20,1230742965,5955,77,False,0.5847,0.9484,9
2026-09-18T20,490242481,6001,11,False,0.3916,0.9998,4
2026-09-18T20,1503830969,5592,16,False,0.9528,0.9973,5
2026-09-18T20,386821,5094,100,True,0.0722,0.4817,13
2026-09-18T20,272263131,5028,100,True,0.294,0.6818,5
2026-09-18T20,687129551,5184,46,False,0.4653,0.9568,4
2026-09-18T20,417892,5163,100,True,0.1933,0.7662,13
2026-09-18T20,494184,5082,100,True,0.2381,0.7804,7
2026-09-18T20,15631,4535,13,False,0.9918,0.9993,7
2026-09-18T20,493959,4008,96,False,0.2218,0.5676,13
2026-09-18T20,12839,5069,49,False,0.2,0.8284,7
2026-09-18T20,499003,4936,100,True,0.2123,0.6712,7
2026-09-18T20,417752,4587,100,True,0.3052,0.8036,10
2026-09-18T20,1294658629,4162,99,False,0.358,0.7482,11
2026-09-18T20,1763263,4914,60,False,0.6054,0.9316,1
2026-09-18T20,19357,4806,95,False,0.272,0.8221,10
2026-09-18T20,1075816708,4758,3,False,0.8598,1.0,2
2026-09-18T20,500188,3369,100,True,0.1618,0.4381,10
2026-09-18T20,32959,4626,67,False,0.7778,0.9507,10
2026-09-18T20,488190,4169,95,False,0.1178,0.4862,8
2026-09-18T20,513181,3743,99,False,0.241,0.6337,13
2026-09-18T20,670138298,3624,97,False,0.3284,0.8121,1
2026-09-18T20,1661671460,3961,25,False,0.5706,0.9891,12
2026-09-18T20,502829,3658,52,False,0.4705,0.8923,5
2026-09-18T20,2748,3596,69,False,0.386,0.8604,7
2026-09-18T20,510389,3517,8,False,0.3915,1.0,4
2026-09-18T20,509670,3504,94,False,0.4135,0.9155,9
2026-09-18T20,491168,3581,62,False,0.2625,0.9305,8
2026-09-18T20,2005329090,3455,3,False,0.9786,1.0,2
2026-09-18T20,1702520304,3364,93,False,0.2283,0.5398,16
2026-09-19T00,509658,213112,95,False,0.1284,0.5998,12
2026-09-19T00,32982,161898,97,False,0.2046,0.6653,7
2026-09-19T00,18122,146552,94,False,0.2984,0.7204,8
2026-09-19T00,123184772,98467,100,True,0.3055,0.6726,14
2026-09-19T00,401587136,89109,100,True,0.3283,0.8849,13
2026-09-19T00,743893402,50477,96,False,0.1987,0.5614,13
2026-09-19T00,21779,41050,96,False,0.1454,0.542,11
2026-09-19T00,33214,29364,96,False,0.2225,0.5909,6
2026-09-19T00,27471,36380,99,False,0.1923,0.6332,9
2026-09-19T00,509672,42227,98,False,0.1931,0.7079,13
2026-09-19T00,1264310518,30080,100,True,0.3233,0.7265,6
2026-09-19T00,516575,24319,99,False,0.2188,0.5531,13
2026-09-19T00,1267582829,27002,95,False,0.6046,0.8342,10
2026-09-19T00,498566,32033,100,True,0.1691,0.6803,11
2026-09-19T00,32399,25359,97,False,0.1027,0.4711,13
2026-09-19T00,515025,21603,98,False,0.2017,0.7125,7
2026-09-19T00,26936,25185,98,False,0.5235,0.866,7
2026-09-19T00,29595,23184,97,False,0.1513,0.6925,5
2026-09-19T00,491487,12147,98,False,0.1673,0.5007,10
2026-09-19T00,921298138,24649,76,False,0.8111,0.9843,8
2026-09-19T00,513143,23259,100,True,0.3998,0.8451,12
2026-09-19T00,508455,19114,100,True,0.5943,0.7877,10
2026-09-19T00,539102438,19985,2,False,0.9998,1.0,1
2026-09-19T00,512710,12279,99,False,0.0835,0.4386,7
2026-09-19T00,499973,15470,100,True,0.1319,0.5503,6
2026-09-19T00,30921,13980,97,False,0.2242,0.7586,10
2026-09-19T00,29452,15814,31,False,0.1617,0.7819,2
2026-09-19T00,511224,10866,100,True,0.167,0.5665,10
2026-09-19T00,602040818,11243,98,False,0.1226,0.5639,2
2026-09-19T00,511399,13616,22,False,0.788,0.9952,5
2026-09-19T00,771448419,10450,99,False,0.0936,0.4767,9
2026-09-19T00,19619,10397,100,True,0.081,0.3926,4
2026-09-19T00,1669431183,11457,100,True,0.109,0.5341,5
2026-09-19T00,515024,11744,100,True,0.2268,0.7031,12
2026-09-19T00,509659,11748,99,False,0.0851,0.5157,8
2026-09-19T00,75101830,8392,100,True,0.154,0.5801,12
2026-09-19T00,509663,10979,100,True,0.4683,0.7813,7
2026-09-19T00,779192097,7738,100,True,0.31,0.6009,8
2026-09-19T00,493057,8920,100,True,0.3916,0.7707,13
2026-09-19T00,1661671460,9348,16,False,0.9278,0.9988,5
2026-09-19T00,902998079,7109,100,True,0.1481,0.5909,8
2026-09-19T00,509660,5308,100,True,0.1019,0.3184,10
2026-09-19T00,512953,7561,100,True,0.3113,0.6384,11
2026-09-19T00,518184,7184,100,True,0.1945,0.7217,9
2026-09-19T00,460630,5654,96,False,0.4047,0.7692,10
2026-09-19T00,498592,7780,100,True,0.2122,0.6843,21
2026-09-19T00,491931,6806,100,True,0.1862,0.6563,10
2026-09-19T00,2132205352,7546,100,True,0.1271,0.6903,5
2026-09-19T00,461221,7368,19,False,0.5277,0.9981,4
2026-09-19T00,27284,6348,99,False,0.0707,0.4159,7
2026-09-19T00,66082,3081,98,False,0.3599,0.6975,7
2026-09-19T00,138585,6772,93,False,0.4096,0.9048,11
2026-09-19T00,23020,2699,100,True,0.0519,0.3661,6
2026-09-19T00,263490,5893,100,True,0.3713,0.6129,9
2026-09-19T00,499003,6162,100,True,0.1613,0.5962,6
2026-09-19T00,490377,6153,100,True,0.2673,0.6845,7
2026-09-19T00,1357871551,5652,94,False,0.2035,0.6438,10
2026-09-19T00,1294658629,5028,100,True,0.5969,0.7514,9
2026-09-19T00,2012789438,4454,98,False,0.1765,0.5651,8
2026-09-19T00,27546,5671,100,True,0.5041,0.8732,15
2026-09-19T00,1763263,5490,40,False,0.5461,0.9645,2
2026-09-19T00,417528,5460,100,True,0.2799,0.6777,10
2026-09-19T00,13332,5371,100,True,0.2521,0.7883,7
2026-09-19T00,464339927,3868,100,True,0.1481,0.4082,10
2026-09-19T00,417892,5134,100,True,0.5047,0.896,11
2026-09-19T00,272263131,4786,100,True,0.3046,0.6855,4
2026-09-19T00,15631,4839,11,False,0.9775,0.9998,4
2026-09-19T00,31339,4197,100,True,0.133,0.5478,7
2026-09-19T00,24241,3448,100,True,0.0798,0.3593,6
2026-09-19T00,386821,4385,99,False,0.1204,0.4842,11
2026-09-19T00,23311496,4349,65,False,0.6716,0.9292,7
2026-09-19T00,459931,3914,100,True,0.1441,0.4555,7
2026-09-19T00,493959,3253,100,True,0.0922,0.5435,8
2026-09-19T00,499634,3935,100,True,0.5235,0.8468,9
2026-09-19T00,509511,4030,100,True,0.0707,0.3727,7
2026-09-19T00,670138298,2948,100,True,0.1727,0.6866,2
2026-09-19T00,518203,3476,100,True,0.2434,0.7091,8
2026-09-19T00,1081998272,3204,100,True,0.2522,0.6829,6
2026-09-19T00,2124871354,2542,99,False,0.0858,0.4422,6
2026-09-19T00,327598602,2696,96,False,0.079,0.4551,11
2026-09-19T00,1868360962,3277,10,False,0.9524,1.0,3
2026-09-19T00,65632,3058,100,True,0.1802,0.7014,10
2026-09-19T00,502829,3229,21,False,0.563,0.9805,2
2026-09-19T00,500188,2711,100,True,0.2198,0.4578,9
2026-09-19T00,1074401885,3175,2,False,0.9991,1.0,2
2026-09-19T00,1441208453,2302,100,True,0.1464,0.4935,8
2026-09-19T00,19357,3150,73,False,0.46,0.7956,6
2026-09-19T00,168648543,2525,100,True,0.1279,0.6677,9
2026-09-19T00,1135492840,2816,22,False,0.8242,0.9943,3
2026-09-19T00,19423,2829,3,False,0.895,1.0,2
2026-09-19T00,513181,2451,91,False,0.2077,0.6047,7
2026-09-19T00,1494,881,100,True,0.1135,0.3723,6
2026-09-19T00,488190,2458,67,False,0.1863,0.653,7
2026-09-19T00,957103328,2392,11,False,0.9916,1.0,3
2026-09-19T00,1608785203,2392,26,False,0.7174,0.9712,1
2026-09-19T00,1230742965,2392,83,False,0.6965,0.8662,7
2026-09-19T00,116747788,2437,41,False,0.4645,0.9204,2
2026-09-19T00,71375,2306,100,True,0.1613,0.608,9
2026-09-19T00,509577,2243,100,True,0.4213,0.7829,5
2026-09-19T00,1282866981,2145,100,True,0.0988,0.5436,10
2026-09-19T07,509658,81807,96,False,0.1321,0.4472,10
2026-09-19T07,32982,69462,96,False,0.4823,0.8184,6
2026-09-19T07,18122,65079,98,False,0.1713,0.6246,10
2026-09-19T07,516575,38702,97,False,0.116,0.6048,10
2026-09-19T07,743893402,37234,100,True,0.2208,0.6104,10
2026-09-19T07,33214,30731,100,True,0.588,0.7558,9
2026-09-19T07,29595,39044,98,False,0.199,0.7151,11
2026-09-19T07,21779,23586,100,True,0.0943,0.4434,12
2026-09-19T07,123184772,26396,98,False,0.1599,0.5755,11
2026-09-19T07,509672,22964,97,False,0.0998,0.5934,12
2026-09-19T07,499973,20899,100,True,0.4667,0.6952,7
2026-09-19T07,1264310518,15716,99,False,0.3069,0.5888,5
2026-09-19T07,327598602,21373,100,True,0.9187,0.9638,11
2026-09-19T07,27471,14994,100,True,0.2453,0.6173,10
2026-09-19T07,32399,16243,99,False,0.1419,0.4774,12
2026-09-19T07,26936,17471,98,False,0.812,0.882,9
2026-09-19T07,491487,10939,98,False,0.2641,0.6381,8
2026-09-19T07,1267582829,12066,96,False,0.2132,0.5755,10
2026-09-19T07,511224,9934,98,False,0.1331,0.5126,8
2026-09-19T07,498566,13427,48,False,0.2218,0.8352,9
2026-09-19T07,602040818,10512,97,False,0.1808,0.589,1
2026-09-19T07,29452,12387,29,False,0.1544,0.7214,3
2026-09-19T07,515025,7107,100,True,0.0996,0.4493,8
2026-09-19T07,509659,12056,100,True,0.1071,0.612,7
2026-09-19T07,513143,11913,100,True,0.1786,0.8588,12
2026-09-19T07,498592,10817,100,True,0.2618,0.6115,15
2026-09-19T07,508455,9124,99,False,0.1355,0.6049,13
2026-09-19T07,55453844,10612,99,False,0.7013,0.9319,6
2026-09-19T07,75101830,9443,100,True,0.5319,0.8336,9
2026-09-19T07,515024,9619,100,True,0.219,0.8029,11
2026-09-19T07,512710,7281,97,False,0.1584,0.5161,6
2026-09-19T07,27284,7523,100,True,0.3249,0.5948,7
2026-09-19T07,15631,7161,7,False,0.9923,1.0,2
2026-09-19T07,30921,6223,97,False,0.1543,0.7933,9
2026-09-19T07,1357871551,6834,100,True,0.3459,0.8474,12
2026-09-19T07,1669431183,6583,100,True,0.0574,0.4193,8
2026-09-19T07,630009802,6142,20,False,0.9798,0.9977,4
2026-09-19T07,2132205352,5821,100,True,0.3288,0.8064,6
2026-09-19T07,138585,5838,70,False,0.1941,0.8813,13
2026-09-19T07,491931,5044,100,True,0.2891,0.6158,9
2026-09-19T07,27546,5454,80,False,0.4857,0.8416,14
2026-09-19T07,902998079,4732,100,True,0.1213,0.5978,7
2026-09-19T07,401587136,4957,100,True,0.2552,0.6199,13
2026-09-19T07,509660,4262,100,True,0.1936,0.4097,9
2026-09-19T07,779192097,4468,100,True,0.0756,0.4179,6
2026-09-19T07,31339,4879,97,False,0.4808,0.8067,9
2026-09-19T07,263490,4687,98,False,0.399,0.7299,9
2026-09-19T07,490377,4692,100,True,0.3615,0.7526,9
2026-09-19T07,66082,4177,90,False,0.3754,0.8868,8
2026-09-19T07,24241,3827,100,True,0.155,0.4602,6
2026-09-19T07,1441208453,3773,100,True,0.3271,0.6838,10
2026-09-19T07,272263131,4015,100,True,0.3093,0.6839,7
2026-09-19T07,461221,4049,16,False,0.716,0.996,4
2026-09-19T07,538054672,4051,84,False,0.4145,0.9008,8
2026-09-19T07,2692,4021,21,False,0.7123,0.9886,3
2026-09-19T07,386821,3834,100,True,0.0749,0.489,11
2026-09-19T07,23020,2139,100,True,0.238,0.4806,6
2026-09-19T07,464339927,3102,100,True,0.2521,0.5642,9
2026-09-19T07,518184,3638,100,True,0.2254,0.6457,7
2026-09-19T07,460630,2426,100,True,0.1752,0.5227,8
2026-09-19T07,19619,3433,100,True,0.1404,0.4719,5
2026-09-19T07,509663,3647,73,False,0.2775,0.7691,11
2026-09-19T07,1282866981,3413,100,True,0.1951,0.7006,9
2026-09-19T07,502829,3437,38,False,0.5065,0.9459,3
2026-09-19T07,459931,3414,100,True,0.1995,0.5896,4
2026-09-19T07,493057,3166,100,True,0.1557,0.6336,12
2026-09-19T07,512953,2850,100,True,0.2361,0.6035,10
2026-09-19T07,1630982727,2874,58,False,0.3838,0.9471,6
2026-09-19T07,417528,2864,76,False,0.3195,0.7531,7
2026-09-19T07,488190,2801,26,False,0.8451,0.9757,7
2026-09-19T07,460636,2671,28,False,0.7522,0.991,4
2026-09-19T07,767864507,2648,27,False,0.8259,0.9872,1
2026-09-19T07,499634,2583,85,False,0.4034,0.875,9
2026-09-19T07,2012789438,1968,99,False,0.1296,0.4116,6
2026-09-19T07,65632,2495,100,True,0.2144,0.7371,11
2026-09-19T07,1413930024,2463,73,False,0.3207,0.8774,9
2026-09-19T07,513181,2256,100,True,0.2367,0.5168,8
2026-09-19T07,2124871354,2099,100,True,0.302,0.6899,9
2026-09-19T07,512864,2240,33,False,0.6616,0.929,5
2026-09-19T07,510588,2234,1,False,1.0,1.0,1
2026-09-19T07,13332,2197,45,False,0.2649,0.8889,7
2026-09-19T07,518203,2130,73,False,0.3596,0.892,13
2026-09-19T07,500188,2053,100,True,0.2372,0.4925,11
2026-09-19T07,670138298,1934,100,True,0.4917,0.8025,1
2026-09-19T07,499003,2001,100,True,0.093,0.5427,6
2026-09-19T07,509511,2017,74,False,0.1319,0.6277,6
2026-09-19T07,1118273312,1906,5,False,0.7513,1.0,2
2026-09-19T07,19357,1904,48,False,0.3603,0.864,7
2026-09-19T07,1813168901,1883,51,False,0.1391,0.7212,9
2026-09-19T07,493959,1813,99,False,0.4611,0.7358,8
2026-09-19T07,1286077738,1691,98,False,0.1431,0.5754,7
2026-09-19T07,1201819487,1764,2,False,0.9989,1.0,2
2026-09-19T07,1081998272,1728,91,False,0.3125,0.658,6
2026-09-19T07,1705,1722,2,False,0.9965,1.0,1
2026-09-19T07,19976,1599,64,False,0.1626,0.6817,5
2026-09-19T07,1910103699,1578,98,False,0.3669,0.6293,6
2026-09-19T07,488615,1605,2,False,0.9956,1.0,1
2026-09-19T07,11988,1532,14,False,0.9073,0.9974,4
2026-09-19T07,71375,1526,62,False,0.2503,0.7556,7
2026-09-19T07,19554,1455,100,True,0.4632,0.7876,13
2026-09-19T12,509658,116945,94,False,0.1071,0.4112,12
2026-09-19T12,21779,144687,100,True,0.4715,0.7931,19
2026-09-19T12,18122,95937,100,True,0.1443,0.5294,13
2026-09-19T12,516575,96387,99,False,0.1817,0.6618,12
2026-09-19T12,32399,98593,99,False,0.2771,0.6811,16
2026-09-19T12,32982,78941,100,True,0.2904,0.5341,6
2026-09-19T12,29595,90053,98,False,0.1495,0.7143,13
2026-09-19T12,509672,72530,97,False,0.1317,0.5353,17
2026-09-19T12,123184772,56975,96,False,0.1354,0.5225,17
2026-09-19T12,743893402,35785,98,False,0.058,0.4105,16
2026-09-19T12,511224,36156,92,False,0.4832,0.8846,14
2026-09-19T12,33214,28059,94,False,0.5531,0.7445,11
2026-09-19T12,498566,30952,78,False,0.2079,0.6214,16
2026-09-19T12,1267582829,19150,98,False,0.1974,0.5635,13
2026-09-19T12,509663,21858,99,False,0.7383,0.8874,9
2026-09-19T12,27471,12114,94,False,0.1018,0.3687,13
2026-09-19T12,515025,16400,96,False,0.2274,0.7177,12
2026-09-19T12,499973,17426,100,True,0.2587,0.5653,6
2026-09-19T12,327598602,17394,100,True,0.8336,0.9345,15
2026-09-19T12,1264310518,14392,99,False,0.4191,0.6856,9
2026-09-19T12,27546,15563,100,True,0.3859,0.8847,17
2026-09-19T12,491931,14847,100,True,0.434,0.7834,16
2026-09-19T12,401587136,14888,100,True,0.192,0.6999,14
2026-09-19T12,460630,13147,100,True,0.7579,0.9009,15
2026-09-19T12,518203,13255,100,True,0.2739,0.8748,16
2026-09-19T12,30921,11775,93,False,0.2589,0.7772,13
2026-09-19T12,491487,8336,100,True,0.1024,0.5242,13
2026-09-19T12,508455,10535,100,True,0.1282,0.632,12
2026-09-19T12,209738946,11254,100,True,0.2162,0.6782,15
2026-09-19T12,493057,9973,100,True,0.0881,0.5214,14
2026-09-19T12,515024,9864,99,False,0.2533,0.7295,12
2026-09-19T12,498592,9793,100,True,0.348,0.6811,9
2026-09-19T12,743,10291,61,False,0.5259,0.9335,12
2026-09-19T12,27284,9243,100,True,0.2927,0.6809,9
2026-09-19T12,513143,9413,99,False,0.1471,0.7338,16
2026-09-19T12,263490,8180,100,True,0.3106,0.6995,11
2026-09-19T12,512710,7112,98,False,0.1142,0.5067,12
2026-09-19T12,1419480843,8569,2,False,0.9998,1.0,1
2026-09-19T12,75101830,8180,100,True,0.3395,0.7965,17
2026-09-19T12,29452,8043,17,False,0.2208,0.9172,3
2026-09-19T12,779192097,7343,100,True,0.2918,0.7705,8
2026-09-19T12,1960720223,7467,1,False,1.0,1.0,1
2026-09-19T12,767864507,7398,36,False,0.5119,0.9904,1
2026-09-19T12,138585,7043,87,False,0.318,0.8445,15
2026-09-19T12,26936,6431,98,False,0.2325,0.6598,13
2026-09-19T12,509659,6783,100,True,0.2415,0.7128,7
2026-09-19T12,509660,5231,100,True,0.1801,0.4273,11
2026-09-19T12,386821,6488,100,True,0.1051,0.481,11
2026-09-19T12,15631,6595,5,False,0.995,1.0,4
2026-09-19T12,19619,5609,100,True,0.1186,0.471,4
2026-09-19T12,490377,6382,100,True,0.2554,0.6894,13
2026-09-19T12,417528,6132,93,False,0.252,0.8162,14
2026-09-19T12,2132205352,5611,100,True,0.2242,0.7031,12
2026-09-19T12,31339,5442,100,True,0.2848,0.6852,13
2026-09-19T12,1669431183,5416,100,True,0.1243,0.4383,7
2026-09-19T12,1357871551,5234,100,True,0.3678,0.7507,14
2026-09-19T12,459931,5145,100,True,0.1679,0.7217,9
2026-09-19T12,499634,5203,100,True,0.2026,0.8257,9
2026-09-19T12,494184,5145,100,True,0.4035,0.8601,11
2026-09-19T12,602040818,4715,98,False,0.2579,0.7033,6
2026-09-19T12,1282866981,4889,100,True,0.2446,0.7014,14
2026-09-19T12,538054672,4831,68,False,0.467,0.918,13
2026-09-19T12,272263131,4627,100,True,0.3313,0.7158,5
2026-09-19T12,512953,4366,100,True,0.1113,0.5456,14
2026-09-19T12,902998079,4467,96,False,0.473,0.8095,13
2026-09-19T12,1931693784,4540,93,False,0.2264,0.9002,10
2026-09-19T12,55453844,4017,100,True,0.2833,0.6985,7
2026-09-19T12,2124871354,3894,100,True,0.5924,0.8148,15
2026-09-19T12,24241,3267,100,True,0.0836,0.3382,7
2026-09-19T12,518184,3819,98,False,0.209,0.6756,12
2026-09-19T12,417752,3598,100,True,0.4477,0.8986,10
2026-09-19T12,502829,3591,59,False,0.4943,0.8658,4
2026-09-19T12,23020,1520,100,True,0.1072,0.3434,11
2026-09-19T12,464339927,2930,100,True,0.1648,0.5662,10
2026-09-19T12,12839,3317,45,False,0.2204,0.7588,5
2026-09-19T12,510389,3173,11,False,0.4078,0.9997,4
2026-09-19T12,461221,3095,14,False,0.7506,0.9977,4
2026-09-19T12,1898040946,2946,51,False,0.9274,0.9705,8
2026-09-19T12,967107115,2912,3,False,0.9856,1.0,2
2026-09-19T12,653624336,2847,41,False,0.9224,0.9765,10
2026-09-19T12,1702520304,2728,100,True,0.1741,0.662,15
2026-09-19T12,1119642287,2756,41,False,0.4369,0.9575,8
2026-09-19T12,500188,2652,100,True,0.2104,0.5724,11
2026-09-19T12,65632,2583,100,True,0.264,0.6531,13
2026-09-19T12,66082,2336,96,False,0.1665,0.7603,14
2026-09-19T12,735904419,2645,100,True,0.3233,0.7883,10
2026-09-19T12,509511,2604,89,False,0.0987,0.5415,6
2026-09-19T12,13332,2496,52,False,0.2568,0.8718,10
2026-09-19T12,676802825,2434,41,False,0.703,0.9618,4
2026-09-19T12,19357,2347,49,False,0.4487,0.8786,7
2026-09-19T12,1631375188,2288,1,False,1.0,1.0,1
2026-09-19T12,1413930024,2319,81,False,0.2009,0.8197,10
2026-09-19T12,2012789438,1944,100,True,0.1322,0.501,9
2026-09-19T12,168648543,2013,100,True,0.1605,0.6443,16
2026-09-19T12,23311496,2113,25,False,0.7814,0.9768,5
2026-09-19T12,1441208453,1775,99,False,0.1758,0.5397,10
2026-09-19T12,499003,2070,65,False,0.2034,0.7918,8
2026-09-19T12,513181,1713,100,True,0.08,0.4711,11
2026-09-19T12,1286077738,1642,100,True,0.1918,0.4574,7
2026-09-19T12,11557,1839,38,False,0.7363,0.9451,6
2026-09-19T17,509658,268493,97,False,0.0748,0.4018,13
2026-09-19T17,21779,326465,100,True,0.239,0.8499,18
2026-09-19T17,18122,112420,100,True,0.2647,0.5596,10
2026-09-19T17,32399,114004,96,False,0.332,0.6957,16
2026-09-19T17,29595,112396,99,False,0.1771,0.7983,11
2026-09-19T17,32982,77650,97,False,0.1134,0.4929,12
2026-09-19T17,30921,108249,100,True,0.3265,0.8127,12
2026-09-19T17,516575,76089,98,False,0.1197,0.5449,13
2026-09-19T17,509672,75212,95,False,0.1533,0.6177,16
2026-09-19T17,123184772,69710,100,True,0.1209,0.5465,17
2026-09-19T17,743893402,53491,98,False,0.1754,0.5272,15
2026-09-19T17,509663,63377,99,False,0.3803,0.9147,10
2026-09-19T17,27471,41465,97,False,0.1326,0.6411,10
2026-09-19T17,33214,38298,99,False,0.1225,0.5312,11
2026-09-19T17,2124871354,52749,95,False,0.1738,0.7223,11
2026-09-19T17,1413930024,48902,100,True,0.2033,0.8169,13
2026-09-19T17,1544653089,43947,22,False,0.8584,0.9995,9
2026-09-19T17,460630,37663,100,True,0.4466,0.9304,12
2026-09-19T17,1267582829,24910,100,True,0.1849,0.6981,13
2026-09-19T17,498566,33383,100,True,0.1243,0.5071,13
2026-09-19T17,1264310518,28438,98,False,0.3086,0.7095,8
2026-09-19T17,491487,14711,99,False,0.1225,0.5679,11
2026-09-19T17,27546,23065,100,True,0.4331,0.8652,16
2026-09-19T17,518203,18785,100,True,0.1497,0.7197,7
2026-09-19T17,491931,17818,99,False,0.3869,0.7984,15
2026-09-19T17,513143,18235,100,True,0.1626,0.6778,15
2026-09-19T17,511224,12247,99,False,0.3104,0.6148,14
2026-09-19T17,493057,14955,99,False,0.3392,0.7998,17
2026-09-19T17,515025,8906,97,False,0.1006,0.4389,13
2026-09-19T17,508455,10651,97,False,0.1832,0.5495,11
2026-09-19T17,401587136,12571,100,True,0.1589,0.6945,15
2026-09-19T17,1931693784,13357,100,True,0.4164,0.9339,11
2026-09-19T17,635536552,12963,7,False,0.9865,1.0,2
2026-09-19T17,515024,11845,100,True,0.2497,0.7466,15
2026-09-19T17,499973,11648,100,True,0.1841,0.5119,7
2026-09-19T17,512953,11091,99,False,0.2288,0.7617,13
2026-09-19T17,512710,8006,97,False,0.1707,0.4886,10
2026-09-19T17,1282866981,10742,100,True,0.1244,0.732,11
2026-09-19T17,26936,9804,99,False,0.1069,0.5928,9
2026-09-19T17,19619,8621,100,True,0.0909,0.4378,4
2026-09-19T17,509659,10197,100,True,0.2729,0.7862,8
2026-09-19T17,29452,10007,20,False,0.1688,0.8336,4
2026-09-19T17,1669431183,9079,100,True,0.1361,0.4268,12
2026-09-19T17,509660,6444,98,False,0.1404,0.372,10
2026-09-19T17,23020,4883,100,True,0.147,0.5972,12
2026-09-19T17,490377,8093,100,True,0.2101,0.6351,12
2026-09-19T17,417528,8028,100,True,0.2115,0.7892,10
2026-09-19T17,602040818,6286,99,False,0.1745,0.5937,7
2026-09-19T17,779192097,7047,100,True,0.3336,0.759,9
2026-09-19T17,848738657,7742,3,False,0.9932,1.0,1
2026-09-19T17,518184,7007,100,True,0.2219,0.706,10
2026-09-19T17,263490,6802,100,True,0.1135,0.59,12
2026-09-19T17,464339927,6164,100,True,0.3494,0.6869,12
2026-09-19T17,386821,6517,100,True,0.1198,0.5019,13
2026-09-19T17,75101830,5131,100,True,0.2767,0.5862,13
2026-09-19T17,27284,5900,100,True,0.0766,0.3875,8
2026-09-19T17,499634,6690,100,True,0.151,0.8698,11
2026-09-19T17,538054672,6636,100,True,0.7934,0.9039,15
2026-09-19T17,1960720223,6090,3,False,0.5823,1.0,3
2026-09-19T17,13389,5857,57,False,0.3433,0.9049,8
2026-09-19T17,24241,4783,100,True,0.2321,0.5681,8
2026-09-19T17,2132205352,5242,100,True,0.2392,0.7072,12
2026-09-19T17,138585,5532,100,True,0.1054,0.7458,13
2026-09-19T17,272263131,5210,100,True,0.3541,0.6954,5
2026-09-19T17,459931,5190,100,True,0.215,0.6811,10
2026-09-19T17,327598602,4403,100,True,0.1842,0.5374,18
2026-09-19T17,65632,4916,98,False,0.2276,0.6943,14
2026-09-19T17,1661671460,5214,15,False,0.5773,0.9988,6
2026-09-19T17,19554,4721,100,True,0.3537,0.7598,11
2026-09-19T17,31339,4679,100,True,0.153,0.617,11
2026-09-19T17,1268181660,5019,2,False,0.9998,1.0,2
2026-09-19T17,15512,4986,4,False,0.9974,1.0,2
2026-09-19T17,11557,4772,100,True,0.7986,0.9053,9
2026-09-19T17,767864507,4596,21,False,0.9286,0.9948,1
2026-09-19T17,687129551,4558,58,False,0.5112,0.9186,7
2026-09-19T17,12839,4533,49,False,0.1833,0.8379,4
2026-09-19T17,502829,4516,79,False,0.4794,0.8423,3
2026-09-19T17,513181,4040,99,False,0.2851,0.649,14
2026-09-19T17,498592,4288,100,True,0.1392,0.6182,9
2026-09-19T17,494184,4325,100,True,0.2615,0.7866,11
2026-09-19T17,500188,3454,100,True,0.1384,0.4713,15
2026-09-19T17,1441208453,3077,99,False,0.3341,0.5707,13
2026-09-19T17,19357,4176,76,False,0.2399,0.7809,12
2026-09-19T17,66366,4017,100,True,0.5188,0.8225,12
2026-09-19T17,15631,4147,15,False,0.9638,0.999,6
2026-09-19T17,488190,4116,100,True,0.131,0.5275,13
2026-09-19T17,670138298,3493,100,True,0.1961,0.7066,2
2026-09-19T17,1702520304,3875,100,True,0.2217,0.5355,15
2026-09-19T17,1622846332,4074,4,False,0.7901,1.0,3
2026-09-19T17,509511,3961,100,True,0.1242,0.5514,9
2026-09-19T17,21465,3839,100,True,0.7307,0.8604,12
2026-09-19T17,460316,3958,49,False,0.7408,0.9755,7
2026-09-19T17,55453844,3847,100,True,0.1713,0.7479,9
2026-09-19T17,2005329090,3912,6,False,0.9499,1.0,3
2026-09-19T17,71375,3869,100,True,0.4784,0.8149,11
2026-09-19T17,509673,3857,100,True,0.7833,0.8758,8
2026-09-19T17,1357871551,3055,96,False,0.0714,0.4282,11
2026-09-19T17,461221,3702,23,False,0.4749,0.9751,4
2026-09-19T17,66170,3398,94,False,0.495,0.7428,12
2026-09-19T17,6521,3624,76,False,0.6518,0.8907,9
2026-09-19T20,509658,306154,97,False,0.141,0.4723,15
2026-09-19T20,18122,167190,94,False,0.1843,0.6668,10
2026-09-19T20,32982,132573,100,True,0.1547,0.5303,12
2026-09-19T20,21779,130503,96,False,0.439,0.7558,15
2026-09-19T20,123184772,113432,100,True,0.2745,0.6772,15
2026-09-19T20,30921,116206,100,True,0.3903,0.8226,12
2026-09-19T20,743893402,66862,100,True,0.1276,0.5231,14
2026-09-19T20,29595,64207,94,False,0.1488,0.7638,9
2026-09-19T20,33214,45863,97,False,0.191,0.7314,10
2026-09-19T20,460630,60768,100,True,0.53,0.9469,12
2026-09-19T20,516575,40781,99,False,0.138,0.5457,12
2026-09-19T20,509672,51222,95,False,0.3187,0.6507,14
2026-09-19T20,32399,39669,93,False,0.1056,0.4138,12
2026-09-19T20,27471,31541,100,True,0.1013,0.4393,11
2026-09-19T20,2124871354,40730,100,True,0.2866,0.7626,12
2026-09-19T20,509663,38321,100,True,0.5435,0.8859,10
2026-09-19T20,1267582829,27247,100,True,0.1924,0.7637,11
2026-09-19T20,1413930024,35901,97,False,0.2911,0.898,10
2026-09-19T20,1264310518,27625,94,False,0.1756,0.7348,8
2026-09-19T20,498566,33798,100,True,0.239,0.6139,14
2026-09-19T20,512953,28528,100,True,0.3324,0.8844,10
2026-09-19T20,508455,20599,100,True,0.311,0.7047,11
2026-09-19T20,491487,12376,99,False,0.0972,0.4262,10
2026-09-19T20,515025,15711,99,False,0.1904,0.6508,11
2026-09-19T20,512710,14980,100,True,0.1545,0.5131,10
2026-09-19T20,491931,17983,94,False,0.1997,0.7562,13
2026-09-19T20,1669431183,14223,100,True,0.0962,0.496,10
2026-09-19T20,515024,15137,100,True,0.1969,0.6937,13
2026-09-19T20,518203,16210,100,True,0.2784,0.7853,10
2026-09-19T20,29452,15566,33,False,0.1232,0.6771,4
2026-09-19T20,27546,15728,100,True,0.4351,0.8494,16
2026-09-19T20,511224,10490,100,True,0.1812,0.5456,11
2026-09-19T20,513143,13883,98,False,0.1786,0.7242,12
2026-09-19T20,401587136,12581,100,True,0.1327,0.7011,14
2026-09-19T20,499973,11670,100,True,0.1463,0.5221,6
2026-09-19T20,509659,11826,100,True,0.1115,0.5722,10
2026-09-19T20,19619,8784,100,True,0.0877,0.3925,5
2026-09-19T20,509660,7196,98,False,0.1341,0.4455,8
2026-09-19T20,602040818,7859,97,False,0.1236,0.4894,5
2026-09-19T20,26936,8399,95,False,0.3352,0.6055,12
2026-09-19T20,779192097,9094,100,True,0.3042,0.7556,7
2026-09-19T20,1931693784,9441,78,False,0.5363,0.9501,9
2026-09-19T20,539102438,9221,1,False,1.0,1.0,1
2026-09-19T20,635536552,8871,2,False,0.9965,1.0,2
2026-09-19T20,23020,3728,100,True,0.1411,0.4193,9
2026-09-19T20,518184,7387,100,True,0.2908,0.6732,10
2026-09-19T20,493057,6183,97,False,0.2162,0.5462,17
2026-09-19T20,263490,7064,99,False,0.14,0.5309,13
2026-09-19T20,75101830,4912,97,False,0.1331,0.5698,13
2026-09-19T20,490377,6872,99,False,0.2087,0.6249,14
2026-09-19T20,2132205352,6276,100,True,0.1452,0.6099,9
2026-09-19T20,27284,5999,100,True,0.058,0.3651,9
2026-09-19T20,417528,6934,100,True,0.2237,0.7407,10
2026-09-19T20,11557,6884,100,True,0.4524,0.8911,8
2026-09-19T20,24241,5801,100,True,0.1158,0.6049,8
2026-09-19T20,138585,6627,100,True,0.1438,0.7525,15
2026-09-19T20,386821,6284,99,False,0.1143,0.552,14
2026-09-19T20,491168,6756,70,False,0.5638,0.9335,9
2026-09-19T20,489335,6579,19,False,0.9459,0.997,7
2026-09-19T20,587576339,6566,4,False,0.9971,1.0,2
2026-09-19T20,902998079,5290,100,True,0.1433,0.4975,10
2026-09-19T20,488190,6457,100,True,0.1155,0.5397,10
2026-09-19T20,66082,5596,100,True,0.322,0.7714,13
2026-09-19T20,1763263,6463,54,False,0.5443,0.9548,1
2026-09-19T20,1959325619,6117,6,False,0.7772,1.0,5
2026-09-19T20,1099705332,6086,33,False,0.9293,0.9796,7
2026-09-19T20,464339927,4778,100,True,0.1827,0.6036,12
2026-09-19T20,499003,5755,100,True,0.229,0.6671,7
2026-09-19T20,15631,5536,17,False,0.9845,0.9984,7
2026-09-19T20,1357871551,4546,100,True,0.1168,0.5031,11
2026-09-19T20,152082588,5527,1,False,1.0,1.0,1
2026-09-19T20,272263131,5229,100,True,0.3129,0.7087,5
2026-09-19T20,2012789438,4053,100,True,0.1557,0.491,6
2026-09-19T20,499634,5183,100,True,0.2992,0.8736,9
2026-09-19T20,670138298,4308,96,False,0.2129,0.6706,3
2026-09-19T20,71375,5095,100,True,0.36,0.8022,11
2026-09-19T20,30028,5119,89,False,0.9273,0.9781,9
2026-09-19T20,65632,4523,98,False,0.1156,0.549,13
2026-09-19T20,23311496,5147,46,False,0.5908,0.967,9
2026-09-19T20,19554,4491,100,True,0.2503,0.6907,12
2026-09-19T20,459931,4634,100,True,0.1057,0.5462,8
2026-09-19T20,32959,4911,84,False,0.6204,0.9047,14
2026-09-19T20,19357,4997,92,False,0.275,0.8139,9
2026-09-19T20,168648543,4150,100,True,0.1566,0.5523,11
2026-09-19T20,687129551,4756,33,False,0.4708,0.9664,4
2026-09-19T20,1702520304,4623,100,True,0.2529,0.6656,17
2026-09-19T20,31339,4155,100,True,0.1454,0.5742,12
2026-09-19T20,460951,4420,100,True,0.4149,0.8371,8
2026-09-19T20,1441208453,3495,100,True,0.2306,0.5459,14
2026-09-19T20,417892,4468,100,True,0.1797,0.8212,11
2026-09-19T20,327598602,3348,100,True,0.1174,0.503,17
2026-09-19T20,9618,4081,69,False,0.3465,0.7956,11
2026-09-19T20,767864507,4061,14,False,0.9783,0.9993,2
2026-09-19T20,493959,2865,100,True,0.1173,0.4471,9
2026-09-19T20,460316,3948,74,False,0.7558,0.9602,6
2026-09-19T20,502829,3930,58,False,0.4562,0.8702,3
2026-09-19T20,12839,3933,39,False,0.3046,0.941,4
2026-09-19T20,66170,3300,100,True,0.1576,0.5318,8
2026-09-19T20,2005329090,3731,5,False,0.9724,1.0,3
2026-09-19T20,509511,3544,100,True,0.0454,0.3465,10
2026-09-20T00,509658,173078,95,False,0.1075,0.5114,11
2026-09-20T00,18122,159478,99,False,0.3093,0.7523,10
2026-09-20T00,32982,94503,97,False,0.1665,0.6097,9
2026-09-20T00,123184772,97365,98,False,0.2887,0.7146,12
2026-09-20T00,21779,45482,93,False,0.1463,0.5664,11
2026-09-20T00,33214,33147,98,False,0.196,0.6073,7
2026-09-20T00,743893402,40363,100,True,0.0804,0.4397,12
2026-09-20T00,1413930024,51308,100,True,0.7004,0.974,9
2026-09-20T00,516575,31991,100,True,0.0765,0.4395,12
2026-09-20T00,27471,24201,98,False,0.1602,0.6111,7
2026-09-20T00,1264310518,27270,100,True,0.2924,0.7493,7
2026-09-20T00,32399,28519,100,True,0.0808,0.4694,13
2026-09-20T00,29452,34059,25,False,0.5994,0.9134,2
2026-09-20T00,26936,28491,99,False,0.5938,0.8833,8
2026-09-20T00,509672,26952,99,False,0.0957,0.5195,11
2026-09-20T00,515025,20619,98,False,0.3997,0.7397,7
2026-09-20T00,508455,24450,100,True,0.533,0.7921,11
2026-09-20T00,499973,26393,100,True,0.3477,0.7412,6
2026-09-20T00,29595,24390,99,False,0.2342,0.7415,7
2026-09-20T00,1267582829,19212,100,True,0.2191,0.6823,9
2026-09-20T00,498566,25712,100,True,0.1174,0.6125,13
2026-09-20T00,491487,14438,93,False,0.1961,0.5984,9
2026-09-20T00,512953,17321,100,True,0.4892,0.8796,8
2026-09-20T00,30921,15123,100,True,0.23,0.7905,9
2026-09-20T00,512710,12789,99,False,0.0811,0.4261,6
2026-09-20T00,511224,9729,96,False,0.2732,0.6147,8
2026-09-20T00,515024,12598,98,False,0.2042,0.7448,14
2026-09-20T00,509663,12742,100,True,0.5515,0.7219,9
2026-09-20T00,513143,12711,99,False,0.2455,0.8216,11
2026-09-20T00,401587136,10601,100,True,0.1501,0.7119,13
2026-09-20T00,779192097,9653,100,True,0.2656,0.7253,7
2026-09-20T00,602040818,7559,100,True,0.1774,0.497,2
2026-09-20T00,509659,10386,100,True,0.1029,0.5775,10
2026-09-20T00,19619,8451,100,True,0.0948,0.3965,5
2026-09-20T00,460630,7046,100,True,0.3528,0.7404,12
2026-09-20T00,493057,9056,99,False,0.43,0.7141,14
2026-09-20T00,1669431183,7667,92,False,0.1915,0.5444,9
2026-09-20T00,539102438,8850,1,False,1.0,1.0,1
2026-09-20T00,509660,5900,100,True,0.1431,0.3919,8
2026-09-20T00,27284,7453,100,True,0.1053,0.4143,6
2026-09-20T00,491931,7020,100,True,0.1396,0.7204,11
2026-09-20T00,11557,7585,100,True,0.4446,0.9113,7
2026-09-20T00,23020,3185,100,True,0.1366,0.5303,7
2026-09-20T00,2132205352,5890,100,True,0.1621,0.6345,5
2026-09-20T00,263490,5805,100,True,0.3046,0.6527,9
2026-09-20T00,902998079,4927,95,False,0.1246,0.5068,5
2026-09-20T00,489335,6185,14,False,0.9888,0.9992,3
2026-09-20T00,75101830,4108,100,True,0.1667,0.5531,9
2026-09-20T00,15631,5941,13,False,0.9662,0.9995,3
2026-09-20T00,499003,5753,99,False,0.2745,0.6995,9
2026-09-20T00,24241,4841,100,True,0.1409,0.5753,8
2026-09-20T00,13332,5616,100,True,0.3004,0.8796,8
2026-09-20T00,518184,4451,94,False,0.1611,0.6336,11
2026-09-20T00,490377,5183,100,True,0.1862,0.6884,10
2026-09-20T00,417528,5355,100,True,0.3759,0.7104,8
2026-09-20T00,27546,5034,95,False,0.3766,0.8818,15
2026-09-20T00,386821,4825,98,False,0.1171,0.4947,13
2026-09-20T00,272263131,4826,100,True,0.3328,0.7265,4
2026-09-20T00,19357,4953,69,False,0.2267,0.8791,5
2026-09-20T00,518203,4769,95,False,0.3986,0.7805,5
2026-09-20T00,1763263,4863,45,False,0.5626,0.9453,1
2026-09-20T00,1282866981,4522,95,False,0.3322,0.7373,11
2026-09-20T00,7528,4660,4,False,0.9966,1.0,2
2026-09-20T00,464339927,3427,100,True,0.3601,0.5944,11
2026-09-20T00,670138298,3506,94,False,0.2507,0.725,2
2026-09-20T00,488190,4387,70,False,0.1486,0.7258,7
2026-09-20T00,498592,4377,100,True,0.101,0.6036,17
2026-09-20T00,1357871551,4067,100,True,0.1311,0.5242,10
2026-09-20T00,138585,4288,86,False,0.2157,0.8039,14
2026-09-20T00,2012789438,3119,97,False,0.0808,0.4723,6
2026-09-20T00,1230742965,4279,77,False,0.5106,0.929,5
2026-09-20T00,31339,3649,100,True,0.1518,0.5615,8
2026-09-20T00,65632,3547,97,False,0.3871,0.7299,9
2026-09-20T00,499634,3808,99,False,0.5312,0.8663,9
2026-09-20T00,459931,3642,100,True,0.1614,0.5305,4
2026-09-20T00,14276,3653,1,False,1.0,1.0,1
2026-09-20T00,1702520304,3488,100,True,0.3518,0.7242,15
2026-09-20T00,502829,3544,22,False,0.5164,0.9828,2
2026-09-20T00,66170,3190,100,True,0.1614,0.5589,7
2026-09-20T00,460316,3372,75,False,0.7874,0.9588,4
2026-09-20T00,66082,2390,99,False,0.2674,0.5778,8
2026-09-20T00,19554,3069,100,True,0.3431,0.8038,12
2026-09-20T00,71375,3173,100,True,0.4163,0.7989,10
2026-09-20T00,168648543,2715,100,True,0.1595,0.6972,10
2026-09-20T00,509511,3163,100,True,0.079,0.4344,6
2026-09-20T00,209738946,3089,100,True,0.5811,0.865,9
2026-09-20T00,2124871354,2361,100,True,0.1588,0.5714,7
2026-09-20T00,1441208453,2053,100,True,0.1359,0.4437,9
2026-09-20T00,417892,2924,98,False,0.238,0.7627,11
2026-09-20T00,1813168901,1921,88,False,0.1416,0.6955,6
2026-09-20T00,55453844,2811,100,True,0.2896,0.7663,6
2026-09-20T00,500188,2363,100,True,0.1363,0.4448,8
2026-09-20T00,327598602,2307,100,True,0.1305,0.5314,10
2026-09-20T00,493959,1943,99,False,0.1354,0.4107,8
2026-09-20T00,1494,809,100,True,0.0729,0.3696,7
2026-09-20T00,460951,2612,100,True,0.7661,0.8495,6
2026-09-20T00,1931693784,2634,57,False,0.6515,0.9412,5
2026-09-20T00,19423,2522,2,False,0.9937,1.0,2
2026-09-20T00,461221,2472,20,False,0.5348,0.9927,3
2026-09-20T00,7158,2386,2,False,0.9975,1.0,1
2026-09-20T04,509658,144117,100,True,0.1349,0.4735,10
2026-09-20T04,18122,58989,100,True,0.2136,0.6736,8
2026-09-20T04,32982,50257,100,True,0.2095,0.63,6
2026-09-20T04,1217522406,50669,31,False,0.8806,0.9945,1
2026-09-20T04,33214,27558,93,False,0.5419,0.7794,5
2026-09-20T04,743893402,30263,98,False,0.0966,0.4988,9
2026-09-20T04,21779,28900,100,True,0.1022,0.3971,9
2026-09-20T04,516575,23716,96,False,0.1259,0.6335,8
2026-09-20T04,26936,28258,96,False,0.6628,0.8997,5
2026-09-20T04,508455,20451,100,True,0.6817,0.8419,10
2026-09-20T04,1264310518,13591,99,False,0.1056,0.4147,4
2026-09-20T04,27471,13147,96,False,0.368,0.6267,7
2026-09-20T04,515025,12534,96,False,0.1442,0.5461,8
2026-09-20T04,509672,17949,100,True,0.1384,0.5598,10
2026-09-20T04,498566,19056,75,False,0.1593,0.6863,9
2026-09-20T04,491487,8966,100,True,0.21,0.5096,9
2026-09-20T04,29595,17269,100,True,0.1837,0.7258,10
2026-09-20T04,1267582829,12430,92,False,0.2348,0.7011,9
2026-09-20T04,123184772,15497,97,False,0.1901,0.7527,11
2026-09-20T04,499973,14649,100,True,0.1255,0.5002,7
2026-09-20T04,32399,13580,98,False,0.1608,0.475,7
2026-09-20T04,511224,7523,99,False,0.0932,0.4963,8
2026-09-20T04,512710,8992,96,False,0.143,0.5158,6
2026-09-20T04,602040818,9821,100,True,0.2,0.5211,1
2026-09-20T04,509659,12880,100,True,0.2505,0.6441,9
2026-09-20T04,29452,11390,26,False,0.2074,0.8486,3
2026-09-20T04,27284,9160,100,True,0.154,0.5344,6
2026-09-20T04,509660,7959,100,True,0.2597,0.6257,7
2026-09-20T04,30921,7968,100,True,0.1836,0.7796,7
2026-09-20T04,515024,8406,98,False,0.2672,0.7532,12
2026-09-20T04,498592,7898,100,True,0.1503,0.5695,17
2026-09-20T04,513143,7999,100,True,0.3212,0.8532,8
2026-09-20T04,509663,7911,98,False,0.4946,0.744,7
2026-09-20T04,1669431183,6913,100,True,0.2099,0.4604,6
2026-09-20T04,19619,6447,100,True,0.1007,0.401,5
2026-09-20T04,464339927,5857,100,True,0.2867,0.7237,7
2026-09-20T04,499003,6744,99,False,0.2671,0.597,4
2026-09-20T04,75101830,4720,98,False,0.1591,0.6328,5
2026-09-20T04,491931,5256,96,False,0.2021,0.6537,8
2026-09-20T04,23020,2661,100,True,0.112,0.4175,7
2026-09-20T04,460630,3321,97,False,0.3089,0.5655,5
2026-09-20T04,263490,5466,100,True,0.279,0.7918,7
2026-09-20T04,2132205352,5133,99,False,0.3419,0.7333,5
2026-09-20T04,24241,4508,100,True,0.1012,0.3822,6
2026-09-20T04,902998079,3745,88,False,0.2812,0.5752,4
2026-09-20T04,779192097,3991,94,False,0.1571,0.463,5
2026-09-20T04,512953,4223,97,False,0.1622,0.5719,9
2026-09-20T04,417528,4654,100,True,0.2417,0.6839,8
2026-09-20T04,401587136,4237,100,True,0.3023,0.6523,11
2026-09-20T04,272263131,4231,100,True,0.2813,0.7445,5
2026-09-20T04,66082,3489,96,False,0.3038,0.7432,7
2026-09-20T04,793000569,4241,1,False,1.0,1.0,1
2026-09-20T04,490377,4078,97,False,0.2604,0.681,6
2026-09-20T04,2012789438,2850,100,True,0.0909,0.4411,7
2026-09-20T04,138585,4181,61,False,0.2724,0.9321,9
2026-09-20T04,2106755390,4104,10,False,0.9868,1.0,4
2026-09-20T04,506462,4069,42,False,0.8739,0.9786,3
2026-09-20T04,1357871551,3935,97,False,0.2437,0.8074,7
2026-09-20T04,386821,3958,98,False,0.1129,0.4955,10
2026-09-20T04,518184,3349,100,True,0.1293,0.6103,5
2026-09-20T04,1931693784,3879,66,False,0.4045,0.9098,6
2026-09-20T04,65632,3747,94,False,0.6904,0.881,6
2026-09-20T04,493057,3051,100,True,0.1131,0.5742,10
2026-09-20T04,459931,3669,100,True,0.1965,0.5996,3
2026-09-20T04,518203,3704,76,False,0.3518,0.966,10
2026-09-20T04,460636,3178,34,False,0.8962,0.9896,4
2026-09-20T04,502829,3486,20,False,0.5238,0.9857,1
2026-09-20T04,2124871354,2880,99,False,0.4101,0.7243,8
2026-09-20T04,1282866981,3341,100,True,0.1039,0.6286,8
2026-09-20T04,55453844,3215,94,False,0.284,0.7188,5
2026-09-20T04,670138298,2418,99,False,0.3445,0.7519,1
2026-09-20T04,27546,3109,70,False,0.414,0.9051,11
2026-09-20T04,1554543571,3045,6,False,0.9928,1.0,2
2026-09-20T04,7528,2874,1,False,1.0,1.0,1
2026-09-20T04,1441208453,1957,100,True,0.1283,0.4517,8
2026-09-20T04,1678532194,2420,98,False,0.7595,0.8868,2
2026-09-20T04,1630982727,2569,53,False,0.6329,0.9276,6
2026-09-20T04,1702520304,2529,100,True,0.5852,0.7608,13
2026-09-20T04,7022,2401,29,False,0.683,0.9888,5
2026-09-20T04,493959,2145,98,False,0.3986,0.6,6
2026-09-20T04,509511,2300,75,False,0.1435,0.6013,5
2026-09-20T04,31339,2153,100,True,0.1937,0.5639,9
2026-09-20T04,1230742965,2381,62,False,0.6711,0.9416,5
2026-09-20T04,18889,2295,7,False,0.9547,1.0,4
2026-09-20T04,327598602,1923,99,False,0.1253,0.5694,9
2026-09-20T04,23311496,2239,22,False,0.8419,0.9888,4
2026-09-20T04,499634,2253,91,False,0.2881,0.8375,8
2026-09-20T04,1494,654,100,True,0.0612,0.3089,5
2026-09-20T04,1568081763,2111,30,False,0.9356,0.9877,4
2026-09-20T04,630009802,2029,27,False,0.7023,0.9867,2
2026-09-20T04,500188,1900,100,True,0.1353,0.5447,7
2026-09-20T04,511391,2022,59,False,0.6672,0.9194,6
2026-09-20T04,1813168901,1977,76,False,0.1411,0.7294,6
2026-09-20T04,1118273312,1988,12,False,0.5921,0.998,2
2026-09-20T04,513181,1719,98,False,0.1908,0.4753,9
2026-09-20T04,461221,1890,14,False,0.6963,0.9968,3
2026-09-20T04,504461,1908,85,False,0.3684,0.8166,3
2026-09-20T04,509667,1868,20,False,0.8137,0.9818,3
2026-09-20T04,497057,1649,100,True,0.1443,0.4779,6
2026-09-20T04,1413930024,1821,100,True,0.207,0.8166,9
2026-09-20T11,509658,135612,97,False,0.0754,0.4211,13
2026-09-20T11,509672,108790,99,False,0.2771,0.7383,16
2026-09-20T11,516575,101135,99,False,0.1775,0.5972,13
2026-09-20T11,18122,85537,100,True,0.1646,0.5902,8
2026-09-20T11,21779,79833,98,False,0.1359,0.6793,14
2026-09-20T11,29595,75856,97,False,0.1928,0.7408,12
2026-09-20T11,32982,60694,98,False,0.0973,0.4823,9
2026-09-20T11,511224,64343,98,False,0.5362,0.9452,10
2026-09-20T11,509663,66878,100,True,0.7867,0.9721,14
2026-09-20T11,743893402,50241,100,True,0.1502,0.5298,17
2026-09-20T11,32399,41697,100,True,0.1641,0.5434,13
2026-09-20T11,123184772,37826,95,False,0.0969,0.5523,15
2026-09-20T11,27471,20201,98,False,0.1457,0.5556,10
2026-09-20T11,33214,15391,99,False,0.1155,0.5267,12
2026-09-20T11,499973,18137,100,True,0.2598,0.5635,7
2026-09-20T11,491931,17979,98,False,0.2888,0.8217,14
2026-09-20T11,1267582829,12712,98,False,0.1513,0.509,12
2026-09-20T11,1264310518,13264,100,True,0.3344,0.6787,9
2026-09-20T11,498566,14879,69,False,0.1866,0.665,12
2026-09-20T11,327598602,14170,100,True,0.7109,0.8893,15
2026-09-20T11,515025,9875,100,True,0.1249,0.4921,13
2026-09-20T11,491487,8892,97,False,0.098,0.5094,12
2026-09-20T11,138585,12367,92,False,0.2253,0.8489,14
2026-09-20T11,513143,11487,99,False,0.1257,0.649,14
2026-09-20T11,213930085,11225,100,True,0.2609,0.8211,11
2026-09-20T11,30921,10136,100,True,0.2358,0.7787,13
2026-09-20T11,27546,9420,100,True,0.4069,0.7846,14
2026-09-20T11,515024,8759,100,True,0.2885,0.6935,15
2026-09-20T11,263490,8927,98,False,0.2928,0.7685,10
2026-09-20T11,743,8636,57,False,0.4867,0.911,11
2026-09-20T11,27284,8433,100,True,0.2777,0.6178,9
2026-09-20T11,401587136,7980,100,True,0.1566,0.6368,15
2026-09-20T11,123710355,8218,6,False,0.995,1.0,2
2026-09-20T11,493057,7548,97,False,0.1403,0.7258,14
2026-09-20T11,29452,7777,13,False,0.2273,0.943,2
2026-09-20T11,512710,6291,98,False,0.1385,0.4689,12
2026-09-20T11,602040818,7046,95,False,0.4421,0.8462,5
2026-09-20T11,498592,6638,100,True,0.0813,0.5038,11
2026-09-20T11,508455,5595,99,False,0.2288,0.533,13
2026-09-20T11,66082,6822,100,True,0.8108,0.9288,17
2026-09-20T11,1158884259,6555,41,False,0.9619,0.9844,6
2026-09-20T11,779192097,6001,100,True,0.249,0.716,7
2026-09-20T11,386821,6107,100,True,0.1346,0.5944,12
2026-09-20T11,509660,4681,97,False,0.2085,0.4217,9
2026-09-20T11,1669431183,5862,100,True,0.1095,0.433,9
2026-09-20T11,1357871551,5462,100,True,0.3405,0.6913,12
2026-09-20T11,417892,5656,66,False,0.7306,0.9341,9
2026-09-20T11,417528,5397,74,False,0.199,0.8121,16
2026-09-20T11,509667,5287,43,False,0.4021,0.9395,8
2026-09-20T11,509659,5237,100,True,0.126,0.5253,7
2026-09-20T11,19619,4793,100,True,0.1077,0.4575,6
2026-09-20T11,31339,4948,100,True,0.2177,0.7716,14
2026-09-20T11,272263131,4651,100,True,0.2909,0.7117,7
2026-09-20T11,2132205352,4724,100,True,0.3436,0.7972,12
2026-09-20T11,1282866981,4669,100,True,0.2617,0.6569,12
2026-09-20T11,518203,4669,100,True,0.3065,0.6931,15
2026-09-20T11,55453844,4572,100,True,0.4812,0.8132,7
2026-09-20T11,538054672,4594,73,False,0.4565,0.9018,13
2026-09-20T11,1702520304,4449,100,True,0.3295,0.8586,14
2026-09-20T11,23311496,4464,21,False,0.4162,0.9942,6
2026-09-20T11,512953,4126,95,False,0.213,0.6459,10
2026-09-20T11,902998079,4205,100,True,0.3108,0.7805,11
2026-09-20T11,464339927,3908,100,True,0.4332,0.6919,11
2026-09-20T11,490377,4203,100,True,0.2627,0.7147,12
2026-09-20T11,24241,3631,100,True,0.0903,0.4018,8
2026-09-20T11,676802825,3953,29,False,0.9284,0.9795,7
2026-09-20T11,75101830,3584,100,True,0.2533,0.7723,14
2026-09-20T11,982348888,3926,95,False,0.8001,0.9244,12
2026-09-20T11,459931,3607,100,True,0.323,0.6989,5
2026-09-20T11,2124871354,3459,100,True,0.351,0.7971,15
2026-09-20T11,26936,3102,99,False,0.0735,0.3981,10
2026-09-20T11,29975,3370,12,False,0.9751,0.9991,4
2026-09-20T11,518184,3299,100,True,0.1246,0.6638,10
2026-09-20T11,12839,3356,38,False,0.1999,0.7971,4
2026-09-20T11,23020,1663,100,True,0.1612,0.4787,10
2026-09-20T11,494184,3094,100,True,0.446,0.7883,9
2026-09-20T11,1913410799,2761,17,False,0.6483,0.9971,6
2026-09-20T11,460630,1984,98,False,0.1295,0.4723,13
2026-09-20T11,509511,2640,79,False,0.1277,0.5496,5
2026-09-20T11,500188,2402,100,True,0.1961,0.51,12
2026-09-20T11,1118273312,2425,2,False,0.9979,1.0,1
2026-09-20T11,33734,2405,7,False,0.8466,1.0,4
2026-09-20T11,1413930024,2401,83,False,0.192,0.7322,12
2026-09-20T11,65632,2311,97,False,0.1411,0.6283,15
2026-09-20T11,670138298,2365,81,False,0.5328,0.9683,3
2026-09-20T11,1414860634,2377,46,False,0.5183,0.9571,7
2026-09-20T11,499003,2293,50,False,0.2324,0.8304,9
2026-09-20T11,19357,2336,57,False,0.2962,0.8519,9
2026-09-20T11,12924,2305,53,False,0.285,0.8672,9
2026-09-20T11,1826300051,2308,19,False,0.9159,0.9957,5
2026-09-20T11,13332,2006,42,False,0.2059,0.8933,8
2026-09-20T11,116747788,2260,36,False,0.7491,0.9774,4
2026-09-20T11,502829,2215,60,False,0.2095,0.7982,3
2026-09-20T11,2012789438,2090,100,True,0.1258,0.4957,8
2026-09-20T11,687129551,2204,22,False,0.4156,0.9769,4
2026-09-20T11,1119642287,2201,32,False,0.6483,0.9664,6
2026-09-20T11,1931693784,2180,61,False,0.3803,0.906,9
2026-09-20T11,493959,2116,100,True,0.3908,0.7826,12
2026-09-20T11,499634,2100,92,False,0.249,0.8643,9
2026-09-20T11,71375,2046,63,False,0.2356,0.7972,10
2026-09-20T16,21779,321473,99,False,0.2791,0.8283,17
2026-09-20T16,509658,216745,90,False,0.1048,0.4665,16
2026-09-20T16,18122,102927,99,False,0.0941,0.5083,10
2026-09-20T16,30921,119258,100,True,0.3769,0.8197,13
2026-09-20T16,509663,90300,99,False,0.3368,0.8865,11
2026-09-20T16,32982,78993,99,False,0.1097,0.405,10
2026-09-20T16,32399,99020,99,False,0.2119,0.731,15
2026-09-20T16,509672,99350,94,False,0.3392,0.7778,17
2026-09-20T16,516575,70217,98,False,0.1267,0.5297,12
2026-09-20T16,33214,66509,96,False,0.3816,0.7541,12
2026-09-20T16,29595,72095,96,False,0.1911,0.7717,11
2026-09-20T16,743893402,52429,100,True,0.1512,0.5208,17
2026-09-20T16,27471,45191,96,False,0.1197,0.6519,11
2026-09-20T16,123184772,39080,95,False,0.1047,0.5985,19
2026-09-20T16,518203,43207,94,False,0.1599,0.8389,8
2026-09-20T16,511224,36990,96,False,0.4722,0.864,15
2026-09-20T16,27546,42572,100,True,0.6015,0.8971,15
2026-09-20T16,498566,29330,89,False,0.2514,0.6689,12
2026-09-20T16,508455,22848,100,True,0.1499,0.7169,16
2026-09-20T16,513143,24715,100,True,0.1463,0.7099,16
2026-09-20T16,1264310518,17627,97,False,0.1932,0.6257,11
2026-09-20T16,1267582829,11825,100,True,0.1049,0.4161,11
2026-09-20T16,491487,11828,100,True,0.1329,0.4872,11
2026-09-20T16,1413930024,18400,100,True,0.3317,0.8543,11
2026-09-20T16,515025,10986,93,False,0.1231,0.4911,13
2026-09-20T16,327598602,16985,100,True,0.6987,0.8573,14
2026-09-20T16,491931,16315,95,False,0.4551,0.8306,13
2026-09-20T16,499973,14941,100,True,0.1833,0.5483,7
2026-09-20T16,493057,14405,97,False,0.2666,0.7668,14
2026-09-20T16,428452832,15462,8,False,0.772,1.0,3
2026-09-20T16,515024,13143,100,True,0.2216,0.7262,15
2026-09-20T16,460630,11997,96,False,0.4858,0.8242,16
2026-09-20T16,1931693784,12158,94,False,0.5181,0.9388,8
2026-09-20T16,401587136,10278,100,True,0.1157,0.6295,15
2026-09-20T16,512710,8091,97,False,0.1158,0.5585,13
2026-09-20T16,511844,10635,3,False,0.917,1.0,2
2026-09-20T16,29452,9724,21,False,0.1767,0.8951,5
2026-09-20T16,138585,9548,100,True,0.2234,0.8095,15
2026-09-20T16,116747788,9168,46,False,0.7593,0.9889,5
2026-09-20T16,509659,9042,100,True,0.31,0.6923,8
2026-09-20T16,1623972535,8867,21,False,0.7782,0.9962,6
2026-09-20T16,509660,5895,100,True,0.1357,0.3936,9
2026-09-20T16,19619,7542,100,True,0.078,0.4121,4
2026-09-20T16,779192097,8226,100,True,0.2626,0.7831,9
2026-09-20T16,263490,7925,100,True,0.1415,0.5811,12
2026-09-20T16,1669431183,7789,100,True,0.1239,0.4589,6
2026-09-20T16,12924,8604,86,False,0.5078,0.9353,10
2026-09-20T16,602040818,7047,99,False,0.2411,0.6901,8
2026-09-20T16,13389,1843,43,False,0.4314,0.9381,9
2026-09-20T16,386821,7571,100,True,0.1486,0.5862,15
2026-09-20T16,55453844,7701,100,True,0.1745,0.7647,8
2026-09-20T16,417528,7729,100,True,0.2527,0.7754,15
2026-09-20T16,512953,6839,97,False,0.3571,0.7197,11
2026-09-20T16,27284,6332,100,True,0.0769,0.4052,9
2026-09-20T16,1419480843,7288,4,False,0.9669,1.0,1
2026-09-20T16,2132205352,6596,100,True,0.2273,0.7165,12
2026-09-20T16,66082,5986,100,True,0.6397,0.8617,12
2026-09-20T16,494184,6636,100,True,0.245,0.8109,12
2026-09-20T16,75101830,5608,100,True,0.4864,0.7848,13
2026-09-20T16,2005329090,6687,12,False,0.671,0.9999,2
2026-09-20T16,488190,6629,100,True,0.2313,0.6458,12
2026-09-20T16,459931,6221,100,True,0.2529,0.7356,6
2026-09-20T16,29975,6104,13,False,0.9794,0.9995,5
2026-09-20T16,490377,5706,97,False,0.2145,0.6679,11
2026-09-20T16,31339,5652,100,True,0.2746,0.649,11
2026-09-20T16,26936,4959,99,False,0.1125,0.4856,11
2026-09-20T16,24241,4764,100,True,0.3058,0.5395,8
2026-09-20T16,1217522406,5753,6,False,0.8543,1.0,2
2026-09-20T16,516173984,5653,39,False,0.913,0.98,8
2026-09-20T16,498592,5428,100,True,0.1124,0.545,9
2026-09-20T16,272263131,5342,100,True,0.2941,0.7108,6
2026-09-20T16,1702520304,5386,100,True,0.2605,0.7696,16
2026-09-20T16,65632,5052,99,False,0.3193,0.6971,11
2026-09-20T16,23020,2213,93,False,0.1089,0.4781,11
2026-09-20T16,464339927,4299,98,False,0.1126,0.5015,13
2026-09-20T16,12839,4991,37,False,0.3809,0.8628,5
2026-09-20T16,902998079,4666,100,True,0.458,0.6897,12
2026-09-20T16,513181,4374,100,True,0.1893,0.6221,13
2026-09-20T16,499634,4875,97,False,0.289,0.8482,10
2026-09-20T16,518184,4336,96,False,0.2126,0.6686,12
2026-09-20T16,1513552465,4700,1,False,1.0,1.0,1
2026-09-20T16,1119642287,4568,69,False,0.4827,0.9536,8
2026-09-20T16,500188,3650,100,True,0.1975,0.5877,10
2026-09-20T16,1357871551,3718,99,False,0.1477,0.4919,13
2026-09-20T16,11557,4097,95,False,0.7266,0.8758,9
2026-09-20T16,670138298,3663,100,True,0.6672,0.8714,3
2026-09-20T16,71375,3930,100,True,0.4664,0.8142,9
2026-09-20T16,1282866981,3533,100,True,0.1579,0.55,13
2026-09-20T16,417892,3851,96,False,0.2228,0.8136,13
2026-09-20T16,15512,3688,1,False,1.0,1.0,1
2026-09-20T16,2110853464,3560,65,False,0.5492,0.8514,12
2026-09-20T16,9618,3533,52,False,0.3835,0.9049,11
2026-09-20T16,499003,3474,98,False,0.3238,0.7409,9
2026-09-20T16,603051581,3486,2,False,0.9997,1.0,1
2026-09-20T16,19357,3505,72,False,0.3789,0.8211,8
2026-09-20T16,669337588,3417,100,True,0.8519,0.9438,9
2026-09-20T16,2124871354,2983,100,True,0.2028,0.6061,11
2026-09-20T16,502829,3206,63,False,0.2885,0.7954,4
2026-09-20T16,1441208453,2550,100,True,0.3271,0.5894,11
2026-09-20T16,66366,3072,100,True,0.4033,0.7718,11
2026-09-20T18,509658,320533,98,False,0.1191,0.4717,15
2026-09-20T18,30921,412045,100,True,0.2259,0.8249,13
2026-09-20T18,32399,198242,100,True,0.1954,0.7383,18
2026-09-20T18,18122,117606,97,False,0.2237,0.5612,8
2026-09-20T18,123184772,139529,98,False,0.3304,0.7183,14
2026-09-20T18,32982,103606,99,False,0.1775,0.5251,16
2026-09-20T18,27471,68204,98,False,0.1261,0.6169,9
2026-09-20T18,516575,62594,100,True,0.1573,0.561,13
2026-09-20T18,33214,59951,96,False,0.1103,0.608,11
2026-09-20T18,21779,61166,96,False,0.1538,0.5689,14
2026-09-20T18,743893402,63291,100,True,0.1674,0.5872,16
2026-09-20T18,509672,68164,98,False,0.5567,0.7577,13
2026-09-20T18,29595,56554,99,False,0.1472,0.7111,12
2026-09-20T18,509663,60543,97,False,0.3527,0.8833,7
2026-09-20T18,508455,50269,98,False,0.2478,0.8287,12
2026-09-20T18,498566,42324,96,False,0.1933,0.7112,17
2026-09-20T18,1458901309,33881,9,False,0.9991,1.0,3
2026-09-20T18,1264310518,26703,99,False,0.2545,0.704,10
2026-09-20T18,493057,29413,98,False,0.1882,0.7783,16
2026-09-20T18,27546,28581,99,False,0.5136,0.8656,14
2026-09-20T18,491487,15252,98,False,0.086,0.5118,10
2026-09-20T18,1267582829,14957,98,False,0.2443,0.561,13
2026-09-20T18,515025,16753,95,False,0.1184,0.5979,11
2026-09-20T18,460630,20215,97,False,0.5043,0.9018,14
2026-09-20T18,29452,16518,33,False,0.1448,0.7645,5
2026-09-20T18,512710,13062,99,False,0.0743,0.5165,12
2026-09-20T18,511224,11948,100,True,0.4049,0.6353,13
2026-09-20T18,737616997,15763,13,False,0.9935,0.9999,5
2026-09-20T18,515024,13585,95,False,0.2467,0.7282,13
2026-09-20T18,417752,14135,97,False,0.5465,0.9344,12
2026-09-20T18,488190,13058,100,True,0.1775,0.5627,10
2026-09-20T18,513143,13135,100,True,0.2126,0.775,14
2026-09-20T18,401587136,12387,99,False,0.1845,0.7074,15
2026-09-20T18,493618,13456,9,False,0.9981,1.0,4
2026-09-20T18,518203,12706,100,True,0.1779,0.6762,8
2026-09-20T18,491931,11151,100,True,0.1169,0.679,10
2026-09-20T18,499973,11292,99,False,0.1668,0.4995,6
2026-09-20T18,2059463486,12292,57,False,0.8955,0.9763,6
2026-09-20T18,509660,7991,100,True,0.2305,0.4897,8
2026-09-20T18,1931693784,10723,83,False,0.3423,0.9319,10
2026-09-20T18,1282866981,10227,100,True,0.1753,0.7832,12
2026-09-20T18,1669431183,8873,100,True,0.1311,0.4273,8
2026-09-20T18,511844,9849,2,False,0.9115,1.0,1
2026-09-20T18,19619,7998,100,True,0.0833,0.3993,5
2026-09-20T18,27284,8143,100,True,0.1029,0.4832,9
2026-09-20T18,138585,9357,97,False,0.1644,0.7769,12
2026-09-20T18,263490,8500,100,True,0.0985,0.4922,10
2026-09-20T18,779192097,8161,95,False,0.3465,0.7487,7
2026-09-20T18,509659,8705,100,True,0.0955,0.5639,6
2026-09-20T18,518184,7690,100,True,0.2234,0.6735,11
2026-09-20T18,511391,7659,98,False,0.8474,0.9473,9
2026-09-20T18,9618,7603,79,False,0.3562,0.8377,11
2026-09-20T18,602040818,5501,96,False,0.1958,0.5459,8
2026-09-20T18,417528,7169,98,False,0.2325,0.7414,12
2026-09-20T18,2132205352,6280,97,False,0.1201,0.6818,7
2026-09-20T18,12924,6997,100,True,0.4656,0.896,12
2026-09-20T18,75101830,5332,94,False,0.4357,0.692,13
2026-09-20T18,498482,6933,29,False,0.892,0.9918,7
2026-09-20T18,24241,6038,100,True,0.4333,0.6489,11
2026-09-20T18,23020,2941,95,False,0.0513,0.3672,9
2026-09-20T18,493959,6023,99,False,0.2089,0.6764,13
2026-09-20T18,2005329090,6907,6,False,0.7471,1.0,2
2026-09-20T18,459931,6665,95,False,0.1821,0.6938,6
2026-09-20T18,490377,6486,99,False,0.2323,0.6549,11
2026-09-20T18,13389,6751,64,False,0.3754,0.9326,14
2026-09-20T18,66082,5675,100,True,0.6687,0.8479,12
2026-09-20T18,31339,5555,97,False,0.1104,0.6722,10
2026-09-20T18,26936,5009,99,False,0.0617,0.4033,9
2026-09-20T18,499634,6447,98,False,0.2383,0.8908,10
2026-09-20T18,510218,6396,100,True,0.4209,0.8585,11
2026-09-20T18,12839,5855,45,False,0.3522,0.8463,5
2026-09-20T18,1702520304,5560,97,False,0.2147,0.7381,14
2026-09-20T18,1357871551,4785,99,False,0.1009,0.4828,14
2026-09-20T18,11557,5919,100,True,0.6187,0.9084,8
2026-09-20T18,743,5664,83,False,0.351,0.929,14
2026-09-20T18,1413930024,5509,99,False,0.2588,0.7951,7
2026-09-20T18,464339927,4526,99,False,0.1898,0.4925,12
2026-09-20T18,272263131,5118,100,True,0.332,0.7024,6
2026-09-20T18,386821,5215,100,True,0.1992,0.5076,14
2026-09-20T18,2124871354,4586,100,True,0.3737,0.7172,10
2026-09-20T18,250649084,5130,70,False,0.4222,0.938,10
2026-09-20T18,65632,4457,100,True,0.1272,0.5466,14
2026-09-20T18,513181,4109,91,False,0.2497,0.6106,14
2026-09-20T18,1186220182,4535,1,False,1.0,1.0,1
2026-09-20T18,771448419,4491,54,False,0.297,0.8441,14
2026-09-20T18,500188,3849,100,True,0.3196,0.5695,12
2026-09-20T18,491168,4346,60,False,0.2538,0.9457,8
2026-09-20T18,512953,3398,98,False,0.0659,0.4188,14
2026-09-20T18,71375,4180,97,False,0.5065,0.8246,9
2026-09-20T18,66366,3926,100,True,0.2848,0.7081,9
2026-09-20T18,326849848,4103,4,False,0.6093,1.0,3
2026-09-20T18,499003,3875,100,True,0.1641,0.6248,9
2026-09-20T18,55453844,3971,99,False,0.2778,0.7975,10
2026-09-20T18,1913410799,3689,42,False,0.3391,0.9398,8
2026-09-20T18,327598602,3133,100,True,0.091,0.4848,15
2026-09-20T18,669337588,3692,99,False,0.6758,0.9133,14
2026-09-20T18,902998079,2859,97,False,0.0588,0.3624,10
2026-09-20T18,603051581,3655,2,False,0.9995,1.0,1
2026-09-20T18,461221,3600,27,False,0.4053,0.9742,5
2026-09-20T18,512923,3362,100,True,0.2689,0.6886,9
2026-09-20T22,33214,369436,99,False,0.3327,0.7062,7
2026-09-20T22,509658,160564,97,False,0.159,0.4793,12
2026-09-20T22,32982,162913,98,False,0.1943,0.6301,10
2026-09-20T22,18122,142589,97,False,0.3072,0.78,8
2026-09-20T22,21779,128102,100,True,0.468,0.7896,11
2026-09-20T22,30921,92959,82,False,0.3787,0.9007,9
2026-09-20T22,743893402,51794,100,True,0.1959,0.5497,15
2026-09-20T22,509663,54768,100,True,0.7751,0.9489,7
2026-09-20T22,123184772,48998,99,False,0.1178,0.5867,14
2026-09-20T22,27471,39890,91,False,0.0933,0.5404,11
2026-09-20T22,29595,45256,98,False,0.134,0.6587,7
2026-09-20T22,509672,47471,99,False,0.622,0.7709,13
2026-09-20T22,32399,35140,100,True,0.1011,0.4539,14
2026-09-20T22,498566,41875,96,False,0.1576,0.6531,12
2026-09-20T22,516575,24111,100,True,0.1125,0.5274,14
2026-09-20T22,1264310518,25141,100,True,0.2064,0.7033,8
2026-09-20T22,1267582829,20614,100,True,0.2998,0.7142,11
2026-09-20T22,491487,12664,95,False,0.1493,0.5787,8
2026-09-20T22,515025,15293,97,False,0.201,0.5869,10
2026-09-20T22,513143,18978,100,True,0.3221,0.8293,11
2026-09-20T22,518203,18711,100,True,0.401,0.8952,5
2026-09-20T22,508455,14425,100,True,0.1859,0.6329,11
2026-09-20T22,498859,17035,2,False,0.9995,1.0,1
2026-09-20T22,512710,12424,97,False,0.069,0.4662,8
2026-09-20T22,29452,15021,26,False,0.171,0.8461,5
2026-09-20T22,509659,13949,99,False,0.1519,0.576,8
2026-09-20T22,401587136,12299,100,True,0.2403,0.7553,16
2026-09-20T22,1429246898,12813,5,False,0.976,1.0,3
2026-09-20T22,499973,11308,100,True,0.1525,0.5325,6
2026-09-20T22,488190,12121,100,True,0.1825,0.6002,10
2026-09-20T22,26936,11261,99,False,0.3692,0.7593,10
2026-09-20T22,509660,9011,97,False,0.1152,0.5217,8
2026-09-20T22,515024,11438,100,True,0.2049,0.7633,13
2026-09-20T22,511224,7727,100,True,0.0918,0.4593,14
2026-09-20T22,19619,9492,100,True,0.0743,0.3749,5
2026-09-20T22,1661671460,11322,10,False,0.9809,1.0,4
2026-09-20T22,779192097,8822,100,True,0.317,0.7104,6
2026-09-20T22,491168,9801,53,False,0.5948,0.9658,7
2026-09-20T22,491931,8829,100,True,0.1613,0.6822,11
2026-09-20T22,27284,8222,98,False,0.1079,0.4393,8
2026-09-20T22,27546,9162,94,False,0.625,0.9205,15
2026-09-20T22,518184,8289,98,False,0.2362,0.7205,11
2026-09-20T22,138585,8973,98,False,0.3191,0.8503,14
2026-09-20T22,602040818,6315,99,False,0.1316,0.4597,2
2026-09-20T22,11557,8859,94,False,0.367,0.9133,7
2026-09-20T22,31339,8204,100,True,0.3381,0.7911,8
2026-09-20T22,1413930024,8280,94,False,0.5103,0.9185,8
2026-09-20T22,493057,6773,96,False,0.2477,0.6662,12
2026-09-20T22,7528,7891,3,False,0.9957,1.0,2
2026-09-20T22,23020,3187,99,False,0.1748,0.5334,5
2026-09-20T22,460630,4534,99,False,0.2333,0.6652,11
2026-09-20T22,2132205352,6136,100,True,0.1393,0.7026,6
2026-09-20T22,464339927,4943,98,False,0.1829,0.5438,11
2026-09-20T22,272263131,5902,100,True,0.2548,0.7647,4
2026-09-20T22,75101830,4296,99,False,0.2849,0.669,10
2026-09-20T22,24241,4987,99,False,0.4343,0.6573,7
2026-09-20T22,1669431183,5105,99,False,0.0595,0.3459,6
2026-09-20T22,417528,5408,98,False,0.2435,0.6531,9
2026-09-20T22,1702520304,5319,100,True,0.2948,0.78,16
2026-09-20T22,1357871551,4909,98,False,0.0986,0.5677,15
2026-09-20T22,1763263,5313,51,False,0.4433,0.9518,3
2026-09-20T22,263490,4997,100,True,0.1505,0.5627,7
2026-09-20T22,327598602,4795,100,True,0.2701,0.6601,12
2026-09-20T22,902998079,4074,99,False,0.1276,0.5157,8
2026-09-20T22,250649084,5070,35,False,0.5276,0.9852,8
2026-09-20T22,512953,4190,100,True,0.0642,0.3816,10
2026-09-20T22,9618,4985,58,False,0.3631,0.8221,10
2026-09-20T22,1931693784,4960,66,False,0.7262,0.9389,9
2026-09-20T22,1751366933,3067,21,False,0.2703,0.9178,3
2026-09-20T22,499634,4787,96,False,0.4913,0.8738,11
2026-09-20T22,293693714,4757,55,False,0.8867,0.9548,9
2026-09-20T22,499003,4690,100,True,0.2281,0.7817,7
2026-09-20T22,386821,4600,100,True,0.2348,0.5735,14
2026-09-20T22,13332,4661,82,False,0.44,0.8646,7
2026-09-20T22,1290551545,4621,3,False,0.9829,1.0,3
2026-09-20T22,490377,4312,96,False,0.1438,0.7069,8
2026-09-20T22,2012789438,3222,99,False,0.1241,0.4733,6
2026-09-20T22,459931,4086,97,False,0.1647,0.5942,4
2026-09-20T22,32959,4297,63,False,0.7359,0.9316,9
2026-09-20T22,512923,3923,92,False,0.586,0.8307,6
2026-09-20T22,1630982727,4019,87,False,0.535,0.942,9
2026-09-20T22,493959,3269,97,False,0.1383,0.569,11
2026-09-20T22,460951,3906,100,True,0.4846,0.8833,4
2026-09-20T22,1119642287,3901,69,False,0.8098,0.9387,7
2026-09-20T22,65632,3431,90,False,0.2139,0.7447,11
2026-09-20T22,743,3762,56,False,0.8549,0.9633,8
2026-09-20T22,511701,3604,81,False,0.9495,0.977,8
2026-09-20T22,1282866981,3440,100,True,0.2372,0.6593,11
2026-09-20T22,670138298,3013,99,False,0.2078,0.7551,2
2026-09-20T22,460316,3521,80,False,0.7245,0.9526,6
2026-09-20T22,2094865572,3488,99,False,0.3452,0.8257,5
2026-09-20T22,509511,3314,88,False,0.2879,0.656,9
2026-09-20T22,55453844,3404,96,False,0.5922,0.8843,7
2026-09-20T22,513181,2937,98,False,0.1427,0.5533,9
2026-09-20T22,1494,1206,99,False,0.3085,0.6128,6
2026-09-20T22,506462,3260,65,False,0.8239,0.9463,8
2026-09-20T22,1441208453,2411,100,True,0.1132,0.428,7
2026-09-20T22,2124871354,2480,100,True,0.2569,0.5669,10
2026-09-20T22,66082,2088,100,True,0.137,0.6523,9
2026-09-20T22,12839,2798,17,False,0.3946,0.985,5
2026-09-21T04,509658,94235,91,False,0.0564,0.3496,8
2026-09-21T04,32982,70326,99,False,0.4139,0.7078,7
2026-09-21T04,600069925,61574,5,False,0.9942,1.0,1
2026-09-21T04,18122,49304,97,False,0.2528,0.6896,7
2026-09-21T04,509672,41892,99,False,0.5929,0.8475,12
2026-09-21T04,516575,32444,98,False,0.1731,0.6645,11
2026-09-21T04,743893402,33181,98,False,0.0906,0.5214,10
2026-09-21T04,21779,26440,99,False,0.0655,0.3873,8
2026-09-21T04,33214,14324,89,False,0.1403,0.5399,7
2026-09-21T04,491487,14621,96,False,0.2944,0.7004,9
2026-09-21T04,1264310518,12088,97,False,0.1358,0.4501,4
2026-09-21T04,27471,12284,96,False,0.2358,0.6145,8
2026-09-21T04,499973,15819,100,True,0.2044,0.5734,5
2026-09-21T04,123184772,16610,100,True,0.1742,0.7645,11
2026-09-21T04,511224,11703,98,False,0.2478,0.7068,8
2026-09-21T04,32399,14697,99,False,0.1502,0.5066,9
2026-09-21T04,498859,15949,3,False,0.9997,1.0,1
2026-09-21T04,55453844,15140,98,False,0.7007,0.9402,6
2026-09-21T04,498566,14494,61,False,0.2094,0.6077,9
2026-09-21T04,29452,13864,24,False,0.1643,0.8166,3
2026-09-21T04,515025,8023,99,False,0.1433,0.4984,8
2026-09-21T04,29595,12764,100,True,0.1727,0.724,7
2026-09-21T04,512710,9914,91,False,0.2294,0.5682,4
2026-09-21T04,1267582829,8596,98,False,0.23,0.5661,11
2026-09-21T04,509659,11846,100,True,0.169,0.5803,4
2026-09-21T04,793000569,11172,2,False,0.9994,1.0,1
2026-09-21T04,602040818,8036,99,False,0.2575,0.5842,1
2026-09-21T04,417752,10051,100,True,0.9335,0.9797,10
2026-09-21T04,123710355,8931,11,False,0.9979,1.0,2
2026-09-21T04,508455,7275,98,False,0.1379,0.6177,9
2026-09-21T04,1089655891,8539,24,False,0.9475,0.997,4
2026-09-21T04,27284,8096,100,True,0.1374,0.4979,5
2026-09-21T04,30921,6908,97,False,0.1715,0.8047,6
2026-09-21T04,509660,6096,100,True,0.1422,0.4167,10
2026-09-21T04,515024,7153,96,False,0.3431,0.7783,9
2026-09-21T04,499003,7154,100,True,0.2657,0.7956,4
2026-09-21T04,460630,5001,98,False,0.4293,0.7373,7
2026-09-21T04,779192097,6022,100,True,0.2066,0.6684,6
2026-09-21T04,498592,6432,100,True,0.1119,0.5669,16
2026-09-21T04,2132205352,6006,99,False,0.209,0.7113,6
2026-09-21T04,26936,5111,99,False,0.0779,0.4803,9
2026-09-21T04,902998079,5277,92,False,0.1749,0.6657,4
2026-09-21T04,491931,5618,100,True,0.1903,0.6333,7
2026-09-21T04,464339927,5322,100,True,0.3142,0.7343,7
2026-09-21T04,1441208453,4826,98,False,0.5164,0.7791,8
2026-09-21T04,19619,5579,98,False,0.1805,0.492,4
2026-09-21T04,509663,5834,78,False,0.464,0.849,8
2026-09-21T04,401587136,5705,100,True,0.2612,0.769,12
2026-09-21T04,138585,5557,64,False,0.3101,0.8703,8
2026-09-21T04,66082,4718,93,False,0.2827,0.8554,7
2026-09-21T04,23020,2935,90,False,0.2978,0.6433,6
2026-09-21T04,2009742488,5347,5,False,0.9987,1.0,2
2026-09-21T04,272263131,4656,100,True,0.2552,0.7373,5
2026-09-21T04,1669431183,4341,100,True,0.1661,0.5232,3
2026-09-21T04,512953,3714,100,True,0.2404,0.5703,7
2026-09-21T04,24241,3300,96,False,0.0848,0.4121,4
2026-09-21T04,1594393054,4364,5,False,0.9986,1.0,3
2026-09-21T04,417528,3913,91,False,0.2719,0.7207,8
2026-09-21T04,327598602,3697,97,False,0.122,0.6183,10
2026-09-21T04,518184,3551,100,True,0.2267,0.6553,6
2026-09-21T04,513143,3760,93,False,0.4912,0.7713,10
2026-09-21T04,1357871551,3677,100,True,0.2053,0.8336,9
2026-09-21T04,116747788,3633,38,False,0.4462,0.9799,3
2026-09-21T04,75101830,2514,100,True,0.107,0.5382,6
2026-09-21T04,263490,3308,97,False,0.4081,0.8268,9
2026-09-21T04,386821,3130,100,True,0.0843,0.4853,10
2026-09-21T04,509511,3057,68,False,0.2296,0.7148,6
2026-09-21T04,459931,3117,100,True,0.3115,0.6872,3
2026-09-21T04,2012789438,2374,97,False,0.0998,0.412,5
2026-09-21T04,513181,2759,100,True,0.1544,0.6093,10
2026-09-21T04,13332,2912,46,False,0.2833,0.8541,5
2026-09-21T04,27546,2786,55,False,0.6741,0.9494,11
2026-09-21T04,504461,2715,78,False,0.4232,0.8748,4
2026-09-21T04,490377,2690,94,False,0.2465,0.719,6
2026-09-21T04,2124871354,2202,98,False,0.2897,0.7466,6
2026-09-21T04,657649007,2649,7,False,0.9834,1.0,4
2026-09-21T04,512923,2427,100,True,0.5674,0.8533,7
2026-09-21T04,11557,2351,80,False,0.6308,0.8286,5
2026-09-21T04,502829,2349,25,False,0.3627,0.9613,3
2026-09-21T04,670138298,1874,99,False,0.2465,0.7049,2
2026-09-21T04,1282866981,2264,100,True,0.144,0.6784,11
2026-09-21T04,494099,2266,93,False,0.5684,0.8522,3
2026-09-21T04,460636,2216,32,False,0.8285,0.9716,4
2026-09-21T04,493959,2071,100,True,0.3998,0.6417,6
2026-09-21T04,32207,2154,5,False,0.9949,1.0,1
2026-09-21T04,417892,2105,51,False,0.3962,0.9292,7
2026-09-21T04,497480,2073,15,False,0.9754,0.9976,3
2026-09-21T04,11988,2065,19,False,0.8678,0.9913,1
2026-09-21T04,511391,2060,58,False,0.6709,0.8971,4
2026-09-21T04,19976,2009,41,False,0.6058,0.9184,4
2026-09-21T04,511399,2208,19,False,0.7554,0.9864,2
2026-09-21T04,1931693784,1976,46,False,0.5911,0.9347,5
2026-09-21T04,1913410799,1984,14,False,0.6195,0.995,2
2026-09-21T04,1074044196,1938,23,False,0.6708,0.9902,3
2026-09-21T04,31339,1812,99,False,0.2588,0.612,8
2026-09-21T04,1494,798,94,False,0.3133,0.5514,4
2026-09-21T04,493057,1642,100,True,0.1218,0.5037,11
2026-09-21T04,1702520304,1843,100,True,0.3776,0.6744,10
2026-09-21T04,491168,1823,36,False,0.4032,0.9539,3
2026-09-21T04,499634,1713,79,False,0.2849,0.8704,9
2026-09-21T12,509658,127926,96,False,0.0514,0.2926,14
2026-09-21T12,29595,106396,95,False,0.2174,0.7247,11
2026-09-21T12,511224,70084,98,False,0.2699,0.8667,10
2026-09-21T12,18122,62931,100,True,0.1314,0.5299,9
2026-09-21T12,21779,52941,100,True,0.0877,0.4629,13
2026-09-21T12,515025,49274,99,False,0.4876,0.8788,12
2026-09-21T12,516575,40902,98,False,0.1479,0.5996,14
2026-09-21T12,32399,45638,100,True,0.1756,0.5278,14
2026-09-21T12,743893402,40158,100,True,0.0684,0.4156,18
2026-09-21T12,509672,43140,94,False,0.4968,0.7093,16
2026-09-21T12,1826300051,44525,24,False,0.9504,0.9993,5
2026-09-21T12,123184772,37567,98,False,0.1439,0.5254,14
2026-09-21T12,32982,28480,95,False,0.0905,0.501,12
2026-09-21T12,27471,19153,100,True,0.1473,0.5593,12
2026-09-21T12,1267582829,19895,96,False,0.1819,0.6842,11
2026-09-21T12,498566,19136,82,False,0.1266,0.578,12
2026-09-21T12,33214,12951,99,False,0.1079,0.5345,10
2026-09-21T12,491931,17714,100,True,0.1965,0.7685,11
2026-09-21T12,513143,17191,98,False,0.0901,0.6628,13
2026-09-21T12,1960720223,16097,14,False,0.3884,0.9991,3
2026-09-21T12,499973,14472,100,True,0.1233,0.4979,6
2026-09-21T12,460630,14210,99,False,0.6949,0.8988,12
2026-09-21T12,428452832,14937,8,False,0.7915,1.0,4
2026-09-21T12,327598602,13219,100,True,0.703,0.8587,16
2026-09-21T12,512710,11960,94,False,0.1554,0.5954,8
2026-09-21T12,743,12643,51,False,0.5802,0.9578,12
2026-09-21T12,493057,11952,100,True,0.3561,0.7123,17
2026-09-21T12,26936,11891,99,False,0.6551,0.8205,13
2026-09-21T12,491487,8227,97,False,0.1641,0.4907,13
2026-09-21T12,518203,12005,75,False,0.3778,0.9141,9
2026-09-21T12,401587136,11552,100,True,0.1878,0.7262,14
2026-09-21T12,508455,9150,100,True,0.1297,0.5859,12
2026-09-21T12,509660,7243,94,False,0.1107,0.4164,10
2026-09-21T12,417752,10147,99,False,0.464,0.864,12
2026-09-21T12,779192097,9784,100,True,0.3139,0.821,10
2026-09-21T12,138585,9514,91,False,0.2371,0.7819,13
2026-09-21T12,2132205352,9271,100,True,0.4799,0.8205,8
2026-09-21T12,1089655891,9445,20,False,0.9582,0.9985,4
2026-09-21T12,29452,9404,15,False,0.241,0.9078,2
2026-09-21T12,27546,9058,100,True,0.2257,0.7555,14
2026-09-21T12,1264310518,6962,98,False,0.1916,0.4826,8
2026-09-21T12,144418804,7539,16,False,0.4258,0.9365,3
2026-09-21T12,19619,6424,100,True,0.1024,0.4517,5
2026-09-21T12,386821,7238,100,True,0.1438,0.5355,13
2026-09-21T12,515024,6976,99,False,0.2668,0.7024,16
2026-09-21T12,509659,7177,99,False,0.1973,0.6312,7
2026-09-21T12,55453844,5922,100,True,0.3404,0.733,8
2026-09-21T12,1419480843,6570,5,False,0.9992,1.0,2
2026-09-21T12,498592,6020,98,False,0.0978,0.5392,10
2026-09-21T12,417528,6507,93,False,0.207,0.7295,12
2026-09-21T12,263490,5981,100,True,0.5183,0.8532,8
2026-09-21T12,602040818,5953,100,True,0.208,0.8088,5
2026-09-21T12,1599346425,5228,100,True,0.5735,0.733,8
2026-09-21T12,272263131,4984,100,True,0.3437,0.7285,6
2026-09-21T12,494184,5289,100,True,0.3101,0.8436,11
2026-09-21T12,459931,5175,99,False,0.2102,0.7432,5
2026-09-21T12,30921,4641,96,False,0.178,0.7602,13
2026-09-21T12,75101830,4652,100,True,0.2427,0.796,15
2026-09-21T12,626298054,4771,14,False,0.9608,0.999,2
2026-09-21T12,13332,4706,59,False,0.234,0.8517,7
2026-09-21T12,1282866981,4340,100,True,0.2242,0.5562,11
2026-09-21T12,2124871354,4261,100,True,0.2328,0.8524,11
2026-09-21T12,512953,4134,99,False,0.1831,0.6151,15
2026-09-21T12,27284,4080,100,True,0.2105,0.5721,8
2026-09-21T12,1702520304,4134,100,True,0.1618,0.717,15
2026-09-21T12,24241,3451,100,True,0.0806,0.3726,6
2026-09-21T12,499634,4009,97,False,0.1165,0.6401,9
2026-09-21T12,31339,4060,100,True,0.3732,0.7411,12
2026-09-21T12,1413930024,3978,85,False,0.5737,0.8658,12
2026-09-21T12,1669431183,3836,99,False,0.0998,0.4862,12
2026-09-21T12,513181,3391,100,True,0.3152,0.624,12
2026-09-21T12,1517377137,3516,32,False,0.9534,0.9844,7
2026-09-21T12,464339927,3103,100,True,0.1714,0.5176,13
2026-09-21T12,490377,3354,90,False,0.2692,0.7346,11
2026-09-21T12,1357871551,3227,100,True,0.0973,0.5445,15
2026-09-21T12,500188,3101,100,True,0.148,0.5472,14
2026-09-21T12,502829,3086,56,False,0.2994,0.8581,2
2026-09-21T12,902998079,3040,100,True,0.6069,0.8464,8
2026-09-21T12,518184,3016,100,True,0.1399,0.6247,9
2026-09-21T12,512708,2822,36,False,0.7824,0.9522,3
2026-09-21T12,11557,2843,29,False,0.8104,0.9807,5
2026-09-21T12,488190,2815,54,False,0.2266,0.7766,9
2026-09-21T12,30367,2575,3,False,0.9887,1.0,1
2026-09-21T12,509511,2484,95,False,0.1159,0.5153,7
2026-09-21T12,422208436,2334,16,False,0.8963,0.9974,2
2026-09-21T12,687129551,2260,25,False,0.4482,0.9788,3
2026-09-21T12,71375,2096,58,False,0.1632,0.7591,6
2026-09-21T12,509663,2097,62,False,0.195,0.7515,10
2026-09-21T12,1931693784,2059,64,False,0.2929,0.8645,9
2026-09-21T12,490948,2041,42,False,0.5331,0.9231,8
2026-09-21T12,1414860634,2054,47,False,0.4747,0.964,12
2026-09-21T12,417892,2033,63,False,0.2115,0.8239,12
2026-09-21T12,490422,1872,37,False,0.3488,0.9247,9
2026-09-21T12,23311496,1868,16,False,0.5096,0.9861,5
2026-09-21T12,65632,1842,99,False,0.2264,0.683,11
2026-09-21T12,13389,1802,30,False,0.4978,0.9656,6
2026-09-21T12,394568,1858,41,False,0.7966,0.9467,8
2026-09-21T12,12839,1880,22,False,0.4516,0.959,4
2026-09-21T12,516588,1846,15,False,0.2053,0.9572,1
2026-09-21T12,1913410799,1871,15,False,0.4853,0.9968,4
2026-09-21T19,509658,465547,97,False,0.0861,0.5221,16
2026-09-21T19,32982,126324,100,True,0.1559,0.4472,15
2026-09-21T19,18122,123746,99,False,0.2098,0.6151,10
2026-09-21T19,123184772,117637,98,False,0.1193,0.6282,15
2026-09-21T19,29595,105576,100,True,0.1128,0.6341,9
2026-09-21T19,516575,73271,93,False,0.1625,0.617,12
2026-09-21T19,21779,77508,99,False,0.1985,0.6214,13
2026-09-21T19,32399,79162,98,False,0.2124,0.5567,16
2026-09-21T19,743893402,62640,96,False,0.1763,0.5455,16
2026-09-21T19,509672,78451,98,False,0.4129,0.8761,15
2026-09-21T19,33214,50781,96,False,0.1157,0.5336,11
2026-09-21T19,27471,40516,96,False,0.1415,0.5507,12
2026-09-21T19,498566,47171,96,False,0.195,0.6917,16
2026-09-21T19,508455,37555,100,True,0.2118,0.6235,12
2026-09-21T19,30921,35794,96,False,0.1678,0.8038,13
2026-09-21T19,511224,30379,99,False,0.5821,0.8407,11
2026-09-21T19,460630,28313,96,False,0.7023,0.9018,13
2026-09-21T19,515025,23029,99,False,0.1523,0.5533,11
2026-09-21T19,18707,29129,65,False,0.9789,0.9956,10
2026-09-21T19,921298138,28773,57,False,0.5239,0.993,9
2026-09-21T19,491487,15558,98,False,0.1163,0.5265,11
2026-09-21T19,27546,24602,99,False,0.2089,0.8277,14
2026-09-21T19,1267582829,13723,100,True,0.2553,0.5054,14
2026-09-21T19,493057,19470,99,False,0.5519,0.7833,13
2026-09-21T19,512710,14970,99,False,0.0711,0.4634,12
2026-09-21T19,491931,18204,98,False,0.3022,0.7734,13
2026-09-21T19,1960720223,19147,39,False,0.3471,0.9805,8
2026-09-21T19,1264310518,12598,99,False,0.1993,0.5365,11
2026-09-21T19,1669431183,15132,100,True,0.1961,0.6036,5
2026-09-21T19,499973,14234,100,True,0.1118,0.4954,6
2026-09-21T19,509660,10102,97,False,0.2798,0.5805,9
2026-09-21T19,513143,14954,98,False,0.1344,0.6826,14
2026-09-21T19,903469103,15136,17,False,0.9744,0.9996,4
2026-09-21T19,29452,13940,33,False,0.1636,0.7192,5
2026-09-21T19,1544653089,13889,40,False,0.5224,0.9888,7
2026-09-21T19,401587136,12755,96,False,0.1338,0.7131,14
2026-09-21T19,515024,11813,97,False,0.2626,0.725,13
2026-09-21T19,488190,12678,100,True,0.2773,0.6846,11
2026-09-21T19,518184,10394,94,False,0.6752,0.8597,12
2026-09-21T19,19619,8948,97,False,0.1023,0.4247,5
2026-09-21T19,497057,10618,98,False,0.6336,0.871,9
2026-09-21T19,511399,9229,19,False,0.9429,0.9925,5
2026-09-21T19,26936,6872,99,False,0.2512,0.5237,14
2026-09-21T19,509659,8716,98,False,0.1805,0.6028,6
2026-09-21T19,263490,8101,95,False,0.2152,0.5866,12
2026-09-21T19,539102438,8647,2,False,0.9999,1.0,1
2026-09-21T19,138585,8583,99,False,0.2402,0.7513,13
2026-09-21T19,600069925,8408,16,False,0.8465,0.9971,6
2026-09-21T19,75101830,6968,100,True,0.4482,0.6995,15
2026-09-21T19,2132205352,7539,95,False,0.1458,0.7119,10
2026-09-21T19,1074401885,8051,2,False,0.9976,1.0,2
2026-09-21T19,27284,6917,100,True,0.1585,0.4874,10
2026-09-21T19,779192097,7283,99,False,0.3974,0.7537,9
2026-09-21T19,1357871551,6489,100,True,0.1256,0.448,13
2026-09-21T19,13332,7342,99,False,0.2017,0.7531,8
2026-09-21T19,459931,6926,97,False,0.2063,0.7271,4
2026-09-21T19,417528,7039,100,True,0.2711,0.6711,13
2026-09-21T19,417752,6726,98,False,0.2516,0.6918,11
2026-09-21T19,417892,6822,99,False,0.2743,0.8036,13
2026-09-21T19,1702520304,6555,96,False,0.1844,0.7551,17
2026-09-21T19,1820839024,6642,47,False,0.6962,0.9676,5
2026-09-21T19,65632,6093,100,True,0.149,0.6268,11
2026-09-21T19,602040818,5333,94,False,0.1046,0.5421,8
2026-09-21T19,500188,5066,98,False,0.2169,0.6242,9
2026-09-21T19,499634,6156,100,True,0.3106,0.8845,9
2026-09-21T19,512953,5043,99,False,0.1289,0.5336,12
2026-09-21T19,464339927,4882,99,False,0.1606,0.5647,11
2026-09-21T19,490377,5786,97,False,0.23,0.6139,13
2026-09-21T19,23020,3257,98,False,0.249,0.568,9
2026-09-21T19,509663,5307,95,False,0.1359,0.6989,10
2026-09-21T19,12924,5659,95,False,0.3248,0.8942,12
2026-09-21T19,2748,5676,81,False,0.4898,0.8497,9
2026-09-21T19,272263131,6105,100,True,0.3099,0.7627,5
2026-09-21T19,1413930024,5419,97,False,0.5034,0.8182,9
2026-09-21T19,421472783,5492,11,False,0.5424,0.9998,2
2026-09-21T19,32959,5438,55,False,0.655,0.9242,10
2026-09-21T19,386821,5130,100,True,0.1528,0.5226,15
2026-09-21T19,1282866981,4910,100,True,0.2147,0.633,14
2026-09-21T19,12839,5115,48,False,0.2899,0.8493,5
2026-09-21T19,2066107586,4613,59,False,0.6026,0.9751,9
2026-09-21T19,518203,4586,100,True,0.0968,0.5438,16
2026-09-21T19,493959,3472,97,False,0.1443,0.5795,13
2026-09-21T19,31339,4020,98,False,0.1726,0.6124,9
2026-09-21T19,509511,4473,100,True,0.1538,0.4413,8
2026-09-21T19,513181,3721,98,False,0.1094,0.5117,11
2026-09-21T19,309493,4421,35,False,0.7813,0.9846,8
2026-09-21T19,494184,4291,100,True,0.4192,0.7942,7
2026-09-21T19,327598602,3499,98,False,0.2329,0.6102,14
2026-09-21T19,902998079,3737,99,False,0.1608,0.5491,9
2026-09-21T19,13389,4245,52,False,0.7058,0.9251,9
2026-09-21T19,499003,4199,100,True,0.2977,0.7357,8
2026-09-21T19,2005329090,4092,5,False,0.99,1.0,3
2026-09-21T19,93798731,3553,90,False,0.465,0.761,13
2026-09-21T19,24241,2847,99,False,0.0797,0.3253,7
2026-09-21T19,502829,3834,69,False,0.3266,0.8109,4
2026-09-21T19,490422,3756,58,False,0.2516,0.8251,8
2026-09-21T19,1599346425,2945,97,False,0.0801,0.3677,5
2026-09-21T19,66082,2769,100,True,0.2239,0.6631,13
2026-09-21T19,497497,3425,90,False,0.4041,0.8006,9
2026-09-21T19,506462,3368,83,False,0.6835,0.8904,13
2026-09-21T23,509658,153945,91,False,0.1651,0.4954,11
2026-09-21T23,32982,193667,99,False,0.1836,0.6393,8
2026-09-21T23,18122,129214,98,False,0.4006,0.8277,10
2026-09-21T23,21779,75844,100,True,0.4125,0.7017,13
2026-09-21T23,27471,70333,97,False,0.1989,0.6445,9
2026-09-21T23,123184772,55858,100,True,0.1533,0.5173,11
2026-09-21T23,29595,54116,95,False,0.1871,0.7474,8
2026-09-21T23,516575,43506,98,False,0.204,0.6934,13
2026-09-21T23,743893402,44453,99,False,0.0739,0.4273,12
2026-09-21T23,32399,40809,98,False,0.1192,0.4485,13
2026-09-21T23,33214,25659,98,False,0.1974,0.524,9
2026-09-21T23,509672,37424,96,False,0.3423,0.8523,10
2026-09-21T23,1264310518,17102,97,False,0.1973,0.6317,5
2026-09-21T23,508455,32146,97,False,0.307,0.7469,10
2026-09-21T23,1544653089,33512,18,False,0.894,0.9996,6
2026-09-21T23,498566,29519,100,True,0.1438,0.6664,13
2026-09-21T23,511224,21193,97,False,0.2493,0.7578,12
2026-09-21T23,1267582829,17754,100,True,0.2678,0.6829,13
2026-09-21T23,515025,16208,99,False,0.2051,0.6166,8
2026-09-21T23,491487,11070,100,True,0.0762,0.4527,10
2026-09-21T23,30921,18243,98,False,0.1918,0.8569,9
2026-09-21T23,29452,19423,37,False,0.138,0.7755,3
2026-09-21T23,18707,18011,65,False,0.9756,0.9943,5
2026-09-21T23,512710,13635,100,True,0.0617,0.3843,9
2026-09-21T23,499973,14817,100,True,0.1731,0.5685,5
2026-09-21T23,509660,10334,96,False,0.3698,0.5931,9
2026-09-21T23,19619,10947,98,False,0.0737,0.3937,5
2026-09-21T23,1960720223,12966,75,False,0.4359,0.9684,11
2026-09-21T23,602040818,10186,100,True,0.1276,0.5213,2
2026-09-21T23,1294658629,10757,100,True,0.4882,0.9446,10
2026-09-21T23,513143,10337,95,False,0.2205,0.8078,13
2026-09-21T23,26936,9524,98,False,0.2188,0.6643,7
2026-09-21T23,509663,10440,92,False,0.5618,0.8472,9
2026-09-21T23,511399,10066,22,False,0.9565,0.9945,3
2026-09-21T23,509659,10148,100,True,0.1053,0.5538,9
2026-09-21T23,515024,9596,97,False,0.2081,0.7135,11
2026-09-21T23,401587136,9529,100,True,0.3649,0.7472,11
2026-09-21T23,491931,8420,98,False,0.1892,0.6836,10
2026-09-21T23,488190,9208,92,False,0.3974,0.8375,11
2026-09-21T23,779192097,8169,100,True,0.3044,0.7516,8
2026-09-21T23,539102438,8353,2,False,0.9999,1.0,1
2026-09-21T23,263490,7788,98,False,0.3584,0.7021,12
2026-09-21T23,2132205352,7251,92,False,0.1917,0.7671,7
2026-09-21T23,138585,7472,87,False,0.2607,0.8134,12
2026-09-21T23,2748,7387,65,False,0.5437,0.9289,5
2026-09-21T23,75101830,5980,98,False,0.3207,0.6651,9
2026-09-21T23,902998079,5822,97,False,0.1846,0.5215,6
2026-09-21T23,460630,5103,100,True,0.1454,0.6085,10
2026-09-21T23,27284,6258,100,True,0.0901,0.437,9
2026-09-21T23,493057,6050,100,True,0.2367,0.6425,9
2026-09-21T23,13332,6688,99,False,0.2546,0.8058,8
2026-09-21T23,499003,5938,95,False,0.2108,0.7023,7
2026-09-21T23,27546,6297,97,False,0.4623,0.863,15
2026-09-21T23,1669431183,5608,99,False,0.0968,0.4215,10
2026-09-21T23,1357871551,5371,91,False,0.3061,0.6131,12
2026-09-21T23,518184,5245,100,True,0.2408,0.7125,10
2026-09-21T23,512953,4478,94,False,0.2302,0.6434,10
2026-09-21T23,497057,5013,97,False,0.2394,0.7052,5
2026-09-21T23,499634,5411,100,True,0.3327,0.8621,9
2026-09-21T23,417528,5383,100,True,0.1841,0.6978,9
2026-09-21T23,23020,2444,97,False,0.0802,0.4529,6
2026-09-21T23,459931,4957,99,False,0.1473,0.629,2
2026-09-21T23,272263131,4750,100,True,0.3274,0.7324,4
2026-09-21T23,464339927,3554,98,False,0.1339,0.4449,11
2026-09-21T23,513181,4302,94,False,0.3598,0.7201,12
2026-09-21T23,386821,4466,99,False,0.2085,0.5535,13
2026-09-21T23,743,4246,61,False,0.7025,0.9418,6
2026-09-21T23,31339,3289,94,False,0.1961,0.5774,8
2026-09-21T23,490377,3528,96,False,0.1964,0.7146,10
2026-09-21T23,327598602,3160,100,True,0.2421,0.5256,13
2026-09-21T23,1763263,3506,40,False,0.4949,0.9703,2
2026-09-21T23,460951,3444,100,True,0.5871,0.8772,5
2026-09-21T23,12924,3540,52,False,0.713,0.928,6
2026-09-21T23,670138298,2368,88,False,0.1968,0.7078,1
2026-09-21T23,417892,3320,96,False,0.2792,0.837,10
2026-09-21T23,498592,3239,98,False,0.0864,0.5622,16
2026-09-21T23,509511,3175,100,True,0.0898,0.4598,5
2026-09-21T23,2012789438,2437,100,True,0.0726,0.4021,5
2026-09-21T23,506462,3202,74,False,0.6921,0.9097,8
2026-09-21T23,2124871354,2378,100,True,0.1089,0.468,7
2026-09-21T23,590993568,3072,23,False,0.6149,0.9899,4
2026-09-21T23,1354355809,3068,23,False,0.9658,0.9951,6
2026-09-21T23,502829,3062,24,False,0.3896,0.9696,2
2026-09-21T23,13389,3097,44,False,0.7662,0.9464,6
2026-09-21T23,1702520304,2766,100,True,0.1645,0.6833,11
2026-09-21T23,493959,2318,99,False,0.1523,0.4806,11
2026-09-21T23,66170,2624,100,True,0.1593,0.532,7
2026-09-21T23,655697363,2903,28,False,0.9283,0.9876,2
2026-09-21T23,500188,2529,100,True,0.0886,0.4543,10
2026-09-21T23,910905714,2815,2,False,0.9993,1.0,1
2026-09-21T23,66082,2007,100,True,0.1375,0.5017,10
2026-09-21T23,293693714,2792,59,False,0.8202,0.9441,9
2026-09-21T23,491168,2614,32,False,0.4441,0.9881,5
2026-09-21T23,1441208453,1854,100,True,0.0502,0.3393,9
2026-09-21T23,116747788,2600,42,False,0.3715,0.9496,7
2026-09-21T23,12839,2535,16,False,0.3341,0.9921,3
2026-09-21T23,71375,2545,91,False,0.3678,0.7497,9
2026-09-21T23,1494,758,100,True,0.1069,0.3641,10
2026-09-21T23,1282866981,2253,100,True,0.1305,0.534,10
2026-09-21T23,515881069,2366,9,False,0.9417,1.0,2
2026-09-22T04,509658,69798,87,False,0.079,0.3938,10
2026-09-22T04,32982,104011,98,False,0.3037,0.7437,7
2026-09-22T04,18122,56553,93,False,0.2206,0.7797,6
2026-09-22T04,1748094675,61879,2,False,1.0,1.0,1
2026-09-22T04,271304,46679,91,False,0.7034,0.9925,7
2026-09-22T04,33214,24013,95,False,0.5341,0.7127,8
2026-09-22T04,21779,23223,95,False,0.0496,0.3673,10
2026-09-22T04,743893402,26966,98,False,0.1183,0.5935,11
2026-09-22T04,516575,16491,99,False,0.1352,0.49,9
2026-09-22T04,515025,18144,100,True,0.4052,0.6906,8
2026-09-22T04,491487,14731,95,False,0.2901,0.6596,9
2026-09-22T04,27471,11779,88,False,0.0827,0.4677,7
2026-09-22T04,1960720223,17224,100,True,0.1091,0.6121,9
2026-09-22T04,509672,17610,100,True,0.1864,0.6625,10
2026-09-22T04,508455,16588,98,False,0.673,0.849,8
2026-09-22T04,1264310518,10959,98,False,0.1924,0.4412,5
2026-09-22T04,123184772,14501,99,False,0.1587,0.6697,10
2026-09-22T04,499973,13863,100,True,0.1407,0.5259,6
2026-09-22T04,32399,12142,93,False,0.1772,0.572,10
2026-09-22T04,509659,14085,100,True,0.1322,0.5668,4
2026-09-22T04,511224,9591,99,False,0.1447,0.5402,9
2026-09-22T04,29452,13561,29,False,0.1717,0.7862,3
2026-09-22T04,602040818,10711,100,True,0.1828,0.5781,2
2026-09-22T04,1267582829,8845,98,False,0.1527,0.5522,9
2026-09-22T04,30921,10501,97,False,0.192,0.785,8
2026-09-22T04,498566,9749,71,False,0.3045,0.8381,10
2026-09-22T04,512710,6065,96,False,0.1143,0.5355,4
2026-09-22T04,26936,7455,98,False,0.3103,0.6044,7
2026-09-22T04,513143,7682,99,False,0.2406,0.7961,12
2026-09-22T04,29595,6414,94,False,0.1068,0.4897,9
2026-09-22T04,512953,6892,100,True,0.4362,0.7065,8
2026-09-22T04,491931,6799,100,True,0.1827,0.7082,8
2026-09-22T04,263490,6766,100,True,0.4496,0.8311,8
2026-09-22T04,509660,4162,97,False,0.0529,0.3023,11
2026-09-22T04,460630,4830,88,False,0.4157,0.7509,4
2026-09-22T04,27284,5860,100,True,0.0887,0.4295,5
2026-09-22T04,2132205352,5765,100,True,0.2569,0.6987,6
2026-09-22T04,498592,5860,100,True,0.0775,0.3986,15
2026-09-22T04,515024,5691,100,True,0.3091,0.7702,11
2026-09-22T04,123710355,5856,5,False,0.9952,1.0,2
2026-09-22T04,75101830,4739,96,False,0.1825,0.7656,6
2026-09-22T04,24241,4885,100,True,0.1175,0.5599,5
2026-09-22T04,779192097,5125,100,True,0.3914,0.655,4
2026-09-22T04,1357871551,5478,96,False,0.1654,0.7632,7
2026-09-22T04,327598602,5069,96,False,0.7428,0.8576,9
2026-09-22T04,23020,3219,100,True,0.1215,0.5896,6
2026-09-22T04,19619,4636,100,True,0.1141,0.4133,3
2026-09-22T04,66082,4335,94,False,0.2773,0.8095,7
2026-09-22T04,499003,4768,100,True,0.3058,0.7043,4
2026-09-22T04,509663,4539,66,False,0.6008,0.8797,8
2026-09-22T04,464339927,3417,100,True,0.1215,0.5165,9
2026-09-22T04,1282866981,4432,100,True,0.4328,0.7642,9
2026-09-22T04,11557,4394,77,False,0.2601,0.911,6
2026-09-22T04,902998079,3435,95,False,0.1092,0.5817,6
2026-09-22T04,272263131,4124,100,True,0.2844,0.7243,6
2026-09-22T04,676802825,4250,69,False,0.4591,0.9313,3
2026-09-22T04,138585,4148,66,False,0.3811,0.8828,8
2026-09-22T04,1669431183,4038,97,False,0.0701,0.4324,5
2026-09-22T04,401587136,3886,100,True,0.3093,0.7182,10
2026-09-22T04,2009742488,3972,9,False,0.9899,1.0,1
2026-09-22T04,518184,3881,100,True,0.6081,0.8397,6
2026-09-22T04,13332,3801,65,False,0.3233,0.9137,4
2026-09-22T04,497057,3452,94,False,0.3757,0.7254,4
2026-09-22T04,65632,3456,98,False,0.6968,0.8657,6
2026-09-22T04,417528,3484,86,False,0.186,0.6748,8
2026-09-22T04,12924,3421,23,False,0.955,0.995,5
2026-09-22T04,1441208453,2617,99,False,0.1769,0.5178,8
2026-09-22T04,386821,3312,100,True,0.0873,0.5338,12
2026-09-22T04,670138298,2744,97,False,0.2806,0.8138,2
2026-09-22T04,459931,3260,100,True,0.3015,0.6641,2
2026-09-22T04,27546,3191,52,False,0.5199,0.9354,8
2026-09-22T04,957103328,3168,6,False,0.9981,1.0,3
2026-09-22T04,493959,2924,99,False,0.289,0.7627,5
2026-09-22T04,1933026442,2963,6,False,0.9922,1.0,2
2026-09-22T04,499634,2975,87,False,0.5671,0.877,10
2026-09-22T04,31339,2740,97,False,0.3522,0.6372,8
2026-09-22T04,509511,2916,68,False,0.2634,0.6831,5
2026-09-22T04,502829,2740,24,False,0.4398,0.965,3
2026-09-22T04,1435206302,2752,75,False,0.5334,0.814,5
2026-09-22T04,2012789438,2022,99,False,0.0613,0.367,6
2026-09-22T04,513181,2433,100,True,0.1628,0.5228,7
2026-09-22T04,493057,2296,99,False,0.2269,0.6028,8
2026-09-22T04,493159,2484,2,False,0.9481,1.0,1
2026-09-22T04,417892,2426,63,False,0.3149,0.9035,5
2026-09-22T04,490377,2478,97,False,0.3075,0.7631,7
2026-09-22T04,2124871354,1929,95,False,0.0975,0.5018,6
2026-09-22T04,1678532194,1904,100,True,0.6555,0.8456,1
2026-09-22T04,11988,2170,20,False,0.7705,0.9885,2
2026-09-22T04,10276,2164,2,False,0.9977,1.0,1
2026-09-22T04,511399,2127,17,False,0.6441,0.9873,3
2026-09-22T04,514858,2044,69,False,0.5788,0.8567,5
2026-09-22T04,66170,1734,97,False,0.1344,0.4896,4
2026-09-22T04,1702520304,1895,100,True,0.2623,0.7288,10
2026-09-22T04,2092563878,1857,4,False,0.7458,1.0,2
2026-09-22T04,1494,583,91,False,0.1424,0.3585,7
2026-09-22T04,1642629214,1761,10,False,0.9143,1.0,1
2026-09-22T04,500188,1733,100,True,0.2366,0.6134,5
2026-09-22T04,1286077738,1474,100,True,0.0563,0.3691,5
2026-09-22T04,1931693784,1617,74,False,0.1923,0.7384,7
2026-09-22T04,488615,1617,2,False,0.9994,1.0,1
2026-09-22T11,509658,97767,96,False,0.0756,0.374,13
2026-09-22T11,29595,91769,100,True,0.2563,0.7564,11
2026-09-22T11,18122,54166,99,False,0.1563,0.5954,9
2026-09-22T11,21779,49078,99,False,0.1033,0.5203,12
2026-09-22T11,743893402,48981,99,False,0.1248,0.4776,17
2026-09-22T11,271304,54537,93,False,0.701,0.9922,8
2026-09-22T11,515025,48957,100,True,0.4822,0.8926,12
2026-09-22T11,509672,39562,99,False,0.3572,0.6552,15
2026-09-22T11,516575,30124,95,False,0.1529,0.5784,12
2026-09-22T11,32399,35132,98,False,0.224,0.5122,15
2026-09-22T11,1960720223,36707,99,False,0.1468,0.5962,11
2026-09-22T11,32982,32103,99,False,0.2011,0.5642,12
2026-09-22T11,123184772,32439,99,False,0.1366,0.5828,15
2026-09-22T11,511224,29399,99,False,0.4767,0.8064,9
2026-09-22T11,498566,18572,83,False,0.1274,0.5947,13
2026-09-22T11,27471,13918,99,False,0.1425,0.5086,12
2026-09-22T11,513143,15775,97,False,0.1468,0.7461,16
2026-09-22T11,33214,12193,97,False,0.1529,0.6082,10
2026-09-22T11,499973,13379,100,True,0.1387,0.4896,6
2026-09-22T11,1267582829,9899,100,True,0.1575,0.4761,13
2026-09-22T11,491487,9182,100,True,0.1755,0.5467,14
2026-09-22T11,29452,12168,22,False,0.1759,0.8005,3
2026-09-22T11,518203,11918,62,False,0.3158,0.9418,10
2026-09-22T11,723826053,11565,9,False,0.9281,1.0,3
2026-09-22T11,138585,10572,93,False,0.2045,0.8033,11
2026-09-22T11,494099,10712,44,False,0.9494,0.9857,6
2026-09-22T11,493057,9774,99,False,0.4975,0.7803,17
2026-09-22T11,1089655891,9879,16,False,0.9649,0.9995,3
2026-09-22T11,1264310518,8414,100,True,0.1305,0.5882,8
2026-09-22T11,30921,8793,99,False,0.3496,0.8402,12
2026-09-22T11,263490,8752,99,False,0.2572,0.821,11
2026-09-22T11,491931,8510,98,False,0.492,0.7536,11
2026-09-22T11,460630,8413,99,False,0.76,0.8713,12
2026-09-22T11,508455,7510,100,True,0.1521,0.5734,13
2026-09-22T11,498592,7436,100,True,0.0896,0.48,12
2026-09-22T11,512710,6895,94,False,0.1226,0.5382,12
2026-09-22T11,509660,5495,100,True,0.2171,0.4062,9
2026-09-22T11,27546,7473,95,False,0.3529,0.7304,15
2026-09-22T11,515024,6763,100,True,0.2209,0.7232,12
2026-09-22T11,417528,6236,80,False,0.2147,0.7853,10
2026-09-22T11,19619,5226,100,True,0.0809,0.4478,4
2026-09-22T11,401587136,5718,100,True,0.1817,0.6985,15
2026-09-22T11,509659,5794,100,True,0.3079,0.7144,7
2026-09-22T11,590993568,5590,10,False,0.3254,1.0,5
2026-09-22T11,602040818,5251,100,True,0.2217,0.7115,4
2026-09-22T11,386821,5318,100,True,0.1354,0.5322,12
2026-09-22T11,512953,5195,99,False,0.209,0.5952,12
2026-09-22T11,1494074023,5229,14,False,0.3345,0.9413,1
2026-09-22T11,494184,5001,100,True,0.3239,0.8592,12
2026-09-22T11,464339927,4775,100,True,0.4371,0.6945,12
2026-09-22T11,272263131,4470,100,True,0.3152,0.7034,6
2026-09-22T11,2132205352,4222,100,True,0.22,0.7631,9
2026-09-22T11,779192097,4024,100,True,0.2329,0.7584,9
2026-09-22T11,459931,3816,89,False,0.2096,0.7966,9
2026-09-22T11,27284,3970,99,False,0.1411,0.4632,9
2026-09-22T11,417752,3960,100,True,0.2722,0.7518,10
2026-09-22T11,1702520304,3782,100,True,0.1552,0.7647,13
2026-09-22T11,31339,3674,100,True,0.2197,0.6532,15
2026-09-22T11,1357871551,3586,98,False,0.377,0.7479,13
2026-09-22T11,24241,3311,100,True,0.0876,0.4092,7
2026-09-22T11,1669431183,3558,100,True,0.1956,0.5408,9
2026-09-22T11,13332,3487,51,False,0.2151,0.9062,8
2026-09-22T11,502829,3405,61,False,0.3548,0.8344,3
2026-09-22T11,1282866981,3251,100,True,0.3082,0.6192,11
2026-09-22T11,26936,2755,99,False,0.1082,0.482,11
2026-09-22T11,116747788,3214,34,False,0.8077,0.9854,4
2026-09-22T11,2124871354,3103,97,False,0.2243,0.766,11
2026-09-22T11,417892,3189,64,False,0.3333,0.8489,11
2026-09-22T11,512864,3184,34,False,0.6074,0.9303,6
2026-09-22T11,518184,3096,85,False,0.7642,0.887,7
2026-09-22T11,75101830,2843,100,True,0.2747,0.7246,13
2026-09-22T11,902998079,2884,74,False,0.4213,0.9123,11
2026-09-22T11,12839,2852,26,False,0.3534,0.8871,5
2026-09-22T11,735904419,2811,76,False,0.3227,0.9175,7
2026-09-22T11,490422,2699,32,False,0.5558,0.9385,7
2026-09-22T11,1826300051,2622,7,False,0.9611,1.0,3
2026-09-22T11,1599346425,2432,100,True,0.0711,0.4013,8
2026-09-22T11,499634,2572,96,False,0.1322,0.7702,9
2026-09-22T11,55453844,2384,100,True,0.1154,0.5411,5
2026-09-22T11,490377,2487,66,False,0.1657,0.7636,8
2026-09-22T11,513181,2302,100,True,0.129,0.5639,11
2026-09-22T11,11304,2455,2,False,0.9971,1.0,1
2026-09-22T11,509663,2384,55,False,0.2794,0.7945,10
2026-09-22T11,65632,2325,100,True,0.2675,0.7097,9
2026-09-22T11,1441208453,2135,100,True,0.2871,0.6365,9
2026-09-22T11,23020,1524,92,False,0.2854,0.6411,10
2026-09-22T11,743,2199,34,False,0.7476,0.9668,6
2026-09-22T11,500188,2147,100,True,0.1844,0.571,12
2026-09-22T11,327598602,2066,100,True,0.1263,0.5915,15
2026-09-22T11,36799602,2090,48,False,0.8636,0.9603,9
2026-09-22T11,1119642287,1981,23,False,0.7961,0.9838,6
2026-09-22T11,493959,1944,96,False,0.4136,0.8544,11
2026-09-22T11,1414860634,1770,30,False,0.4638,0.9661,8
2026-09-22T11,496497,1749,2,False,0.9994,1.0,1
2026-09-22T11,394568,1743,33,False,0.8296,0.9627,9
2026-09-22T11,509511,1702,69,False,0.1645,0.6163,5
2026-09-22T11,488190,1636,59,False,0.0892,0.5636,7
2026-09-22T11,1435206302,1622,26,False,0.6831,0.9729,4
2026-09-22T11,771448419,1588,30,False,0.1511,0.8123,10
2026-09-22T11,1813168901,1581,28,False,0.1752,0.9077,7
2026-09-22T16,509658,275029,93,False,0.0804,0.435,14
2026-09-22T16,1960720223,121185,100,True,0.0879,0.5234,13
2026-09-22T16,509672,110022,96,False,0.283,0.8116,15
2026-09-22T16,18122,89392,100,True,0.1513,0.5072,10
2026-09-22T16,32982,79171,94,False,0.1143,0.4713,12
2026-09-22T16,21779,84970,96,False,0.1903,0.5733,12
2026-09-22T16,123184772,89126,96,False,0.2064,0.5814,15
2026-09-22T16,516575,64101,94,False,0.0791,0.5276,13
2026-09-22T16,32399,58611,92,False,0.1773,0.449,12
2026-09-22T16,29595,71652,98,False,0.1807,0.6954,9
2026-09-22T16,27471,26756,95,False,0.1289,0.5012,11
2026-09-22T16,515025,49654,97,False,0.2958,0.8279,11
2026-09-22T16,743893402,39584,95,False,0.1031,0.4422,15
2026-09-22T16,498566,53368,97,False,0.1235,0.646,12
2026-09-22T16,33214,37332,97,False,0.2224,0.5888,9
2026-09-22T16,511224,41311,98,False,0.3228,0.8251,10
2026-09-22T16,271304,43230,99,False,0.5349,0.9796,15
2026-09-22T16,27546,41504,98,False,0.546,0.8967,18
2026-09-22T16,508455,23239,99,False,0.3121,0.6932,9
2026-09-22T16,491487,15965,96,False,0.1231,0.6128,10
2026-09-22T16,513143,24280,96,False,0.2528,0.7081,13
2026-09-22T16,30921,21515,97,False,0.2134,0.8544,13
2026-09-22T16,512710,18499,94,False,0.2032,0.578,13
2026-09-22T16,491931,20121,97,False,0.3546,0.7763,13
2026-09-22T16,460630,17122,98,False,0.6185,0.8554,13
2026-09-22T16,1338428218,16357,99,False,0.1996,0.5582,14
2026-09-22T16,493057,13965,100,True,0.5663,0.8055,14
2026-09-22T16,1264310518,10317,98,False,0.1193,0.4513,10
2026-09-22T16,421472783,14092,9,False,0.8889,1.0,1
2026-09-22T16,499973,12262,100,True,0.1365,0.5243,6
2026-09-22T16,493618,14,6,False,0.2857,1.0,3
2026-09-22T16,29452,12831,28,False,0.1602,0.7137,5
2026-09-22T16,509660,7361,99,False,0.1284,0.4334,10
2026-09-22T16,401587136,11526,99,False,0.1553,0.6849,15
2026-09-22T16,602040818,11213,99,False,0.4151,0.7293,8
2026-09-22T16,138585,11989,96,False,0.2376,0.8086,12
2026-09-22T16,743,12082,79,False,0.3632,0.9007,10
2026-09-22T16,2106755390,11392,100,True,0.2679,0.7908,7
2026-09-22T16,1987896617,8830,99,False,0.4776,0.7797,9
2026-09-22T16,263490,10238,100,True,0.2075,0.614,12
2026-09-22T16,515024,10383,99,False,0.2376,0.7021,15
2026-09-22T16,19619,8506,100,True,0.0844,0.4308,4
2026-09-22T16,497057,8799,98,False,0.568,0.879,10
2026-09-22T16,1832841853,8767,92,False,0.8607,0.963,13
2026-09-22T16,1669431183,8137,100,True,0.0775,0.4439,7
2026-09-22T16,494099,8509,95,False,0.9325,0.9586,8
2026-09-22T16,509511,8187,98,False,0.6468,0.8096,6
2026-09-22T16,386821,7809,100,True,0.1314,0.4923,14
2026-09-22T16,417752,7601,95,False,0.1954,0.7577,11
2026-09-22T16,12839,7596,48,False,0.4094,0.8576,6
2026-09-22T16,509659,7624,100,True,0.1548,0.6142,6
2026-09-22T16,779192097,6963,99,False,0.2948,0.8297,9
2026-09-22T16,75101830,6540,100,True,0.3862,0.7908,13
2026-09-22T16,417528,7109,94,False,0.1554,0.6568,11
2026-09-22T16,464339927,6279,100,True,0.1007,0.6063,12
2026-09-22T16,29975,7110,8,False,0.9975,1.0,5
2026-09-22T16,2132205352,6380,99,False,0.3055,0.732,8
2026-09-22T16,494184,6778,100,True,0.2535,0.828,11
2026-09-22T16,499634,6490,100,True,0.2227,0.7479,9
2026-09-22T16,459931,6535,98,False,0.2167,0.7204,8
2026-09-22T16,1702520304,6106,98,False,0.1603,0.6841,15
2026-09-22T16,902998079,5844,100,True,0.3761,0.7529,10
2026-09-22T16,31339,5722,99,False,0.2143,0.7279,11
2026-09-22T16,1357871551,5177,100,True,0.2111,0.57,10
2026-09-22T16,65632,5506,100,True,0.2098,0.6705,13
2026-09-22T16,513181,5373,100,True,0.4389,0.7162,13
2026-09-22T16,490744,5688,92,False,0.3411,0.9415,11
2026-09-22T16,26936,4597,97,False,0.06,0.3513,11
2026-09-22T16,327598602,4894,100,True,0.1631,0.6171,13
2026-09-22T16,24241,4406,96,False,0.1577,0.4759,6
2026-09-22T16,488190,5498,100,True,0.3891,0.6599,9
2026-09-22T16,272263131,4945,100,True,0.3219,0.6876,5
2026-09-22T16,417892,5056,100,True,0.4753,0.8718,14
2026-09-22T16,516173984,5049,32,False,0.9463,0.9873,8
2026-09-22T16,512953,4083,96,False,0.1149,0.4514,12
2026-09-22T16,23020,2918,99,False,0.1566,0.5545,9
2026-09-22T16,27284,4273,99,False,0.0676,0.385,10
2026-09-22T16,490948,4508,99,False,0.713,0.8982,12
2026-09-22T16,490377,4235,95,False,0.1712,0.5932,12
2026-09-22T16,509663,4238,80,False,0.1675,0.7317,11
2026-09-22T16,735904419,4251,93,False,0.2783,0.8412,9
2026-09-22T16,1282866981,3705,97,False,0.1233,0.5487,13
2026-09-22T16,66082,3435,95,False,0.4713,0.7814,15
2026-09-22T16,491168,4237,33,False,0.7718,0.9943,8
2026-09-22T16,515881069,4103,13,False,0.8711,0.9993,4
2026-09-22T16,502829,3880,75,False,0.3175,0.7709,2
2026-09-22T16,1267582829,3636,89,False,0.1469,0.6678,13
2026-09-22T16,13332,3805,91,False,0.4334,0.7913,10
2026-09-22T16,1931693784,3106,80,False,0.2756,0.7556,9
2026-09-22T16,13389,3653,51,False,0.2951,0.8442,9
2026-09-22T16,1441208453,2942,100,True,0.1513,0.55,11
2026-09-22T16,771448419,3558,46,False,0.2451,0.7625,14
2026-09-22T16,687129551,3586,40,False,0.3784,0.9626,6
2026-09-22T16,1599346425,2601,100,True,0.0404,0.2634,7
2026-09-22T16,813773698,3425,6,False,0.9454,1.0,2
2026-09-22T16,2748,3334,54,False,0.3197,0.9136,9
2026-09-22T16,325262960,3252,32,False,0.5769,0.9665,6
2026-09-22T16,116747788,3126,43,False,0.6046,0.9738,7
2026-09-22T16,498592,3035,100,True,0.146,0.6339,7
2026-09-22T16,32502,3011,51,False,0.5506,0.9077,14
2026-09-22T21,509658,267408,99,False,0.166,0.5651,13
2026-09-22T21,32982,197283,99,False,0.1745,0.5607,11
2026-09-22T21,1960720223,124282,100,True,0.1172,0.5746,15
2026-09-22T21,21779,112486,96,False,0.3996,0.7864,12
2026-09-22T21,123184772,110247,96,False,0.2796,0.6381,14
2026-09-22T21,18122,84473,99,False,0.2136,0.6249,10
2026-09-22T21,29595,82476,98,False,0.2557,0.732,8
2026-09-22T21,1362102608,77375,45,False,0.8862,0.9986,8
2026-09-22T21,27471,56777,93,False,0.2265,0.6929,11
2026-09-22T21,516575,43673,98,False,0.1038,0.5742,13
2026-09-22T21,32399,40762,95,False,0.0521,0.3951,13
2026-09-22T21,743893402,36602,100,True,0.1068,0.4504,14
2026-09-22T21,509672,46724,98,False,0.3885,0.7716,13
2026-09-22T21,460630,45847,99,False,0.5913,0.9424,14
2026-09-22T21,30921,38872,99,False,0.3933,0.8942,10
2026-09-22T21,515025,32608,98,False,0.3043,0.8087,10
2026-09-22T21,33214,23918,98,False,0.3097,0.5918,8
2026-09-22T21,508455,28612,99,False,0.2602,0.6607,12
2026-09-22T21,1987896617,32075,96,False,0.595,0.8699,9
2026-09-22T21,511224,24668,98,False,0.4587,0.8432,10
2026-09-22T21,1898040946,28529,100,True,0.9381,0.9907,11
2026-09-22T21,498566,28915,94,False,0.0773,0.5133,13
2026-09-22T21,1264310518,19191,100,True,0.2065,0.6293,9
2026-09-22T21,491487,11947,99,False,0.086,0.4536,11
2026-09-22T21,138585,22095,96,False,0.3701,0.8174,13
2026-09-22T21,1338428218,20148,97,False,0.1663,0.6631,13
2026-09-22T21,512710,14994,97,False,0.0716,0.4319,10
2026-09-22T21,2106755390,17027,100,True,0.2086,0.7253,8
2026-09-22T21,491931,17249,100,True,0.3636,0.7853,13
2026-09-22T21,27546,16392,94,False,0.6231,0.9106,15
2026-09-22T21,29452,13501,32,False,0.1504,0.7773,4
2026-09-22T21,1294658629,11818,95,False,0.2764,0.9391,11
2026-09-22T21,499973,11059,100,True,0.1236,0.5004,6
2026-09-22T21,401587136,10878,100,True,0.2692,0.7362,15
2026-09-22T21,1471610418,11584,8,False,0.7964,1.0,2
2026-09-22T21,509659,11366,96,False,0.0937,0.4815,8
2026-09-22T21,19619,8931,100,True,0.0733,0.3945,5
2026-09-22T21,488190,11027,100,True,0.2067,0.7639,10
2026-09-22T21,515024,9680,99,False,0.2569,0.7351,13
2026-09-22T21,513143,9982,92,False,0.3039,0.6991,11
2026-09-22T21,509660,5253,92,False,0.06,0.2776,10
2026-09-22T21,602040818,7340,100,True,0.1685,0.561,7
2026-09-22T21,2132205352,8408,96,False,0.1284,0.6689,11
2026-09-22T21,13332,7887,100,True,0.2594,0.8557,7
2026-09-22T21,493057,6515,100,True,0.1618,0.4611,13
2026-09-22T21,464339927,6282,100,True,0.1789,0.6689,14
2026-09-22T21,779192097,6976,100,True,0.3721,0.7428,9
2026-09-22T21,1669431183,7042,99,False,0.0726,0.4085,7
2026-09-22T21,493959,6404,99,False,0.1877,0.7475,11
2026-09-22T21,1357871551,6504,94,False,0.2509,0.6016,12
2026-09-22T21,75101830,5993,100,True,0.2738,0.7073,12
2026-09-22T21,263490,6726,99,False,0.3384,0.6768,12
2026-09-22T21,459931,6764,100,True,0.1317,0.6496,7
2026-09-22T21,539102438,6776,1,False,1.0,1.0,1
2026-09-22T21,518203,6610,100,True,0.1554,0.6991,11
2026-09-22T21,31339,6148,100,True,0.4174,0.751,8
2026-09-22T21,327598602,6097,98,False,0.5047,0.7597,15
2026-09-22T21,512953,5258,94,False,0.2588,0.6436,11
2026-09-22T21,27284,5369,96,False,0.1069,0.4867,8
2026-09-22T21,26936,5085,92,False,0.105,0.4724,10
2026-09-22T21,499634,6026,100,True,0.2728,0.7896,9
2026-09-22T21,13389,5804,72,False,0.4487,0.9166,14
2026-09-22T21,902998079,4858,98,False,0.154,0.5823,8
2026-09-22T21,1288749557,5669,83,False,0.6142,0.8949,8
2026-09-22T21,417892,5613,96,False,0.2238,0.8195,10
2026-09-22T21,272263131,4997,100,True,0.2792,0.6874,5
2026-09-22T21,32959,5123,69,False,0.6176,0.9145,12
2026-09-22T21,386821,4935,100,True,0.1775,0.5185,15
2026-09-22T21,417528,5108,100,True,0.257,0.6909,10
2026-09-22T21,515881069,5113,13,False,0.9357,0.999,4
2026-09-22T21,1763263,4924,48,False,0.516,0.9697,3
2026-09-22T21,494683,4781,57,False,0.9506,0.9877,7
2026-09-22T21,491168,4758,47,False,0.2383,0.9454,7
2026-09-22T21,513181,4355,92,False,0.4269,0.7626,12
2026-09-22T21,23020,1642,89,False,0.078,0.3983,8
2026-09-22T21,490105,4306,1,False,1.0,1.0,1
2026-09-22T21,499003,4028,98,False,0.1495,0.6554,9
2026-09-22T21,490377,3755,96,False,0.2003,0.6181,10
2026-09-22T21,1313351584,4043,46,False,0.7326,0.9758,7
2026-09-22T21,1702520304,3836,99,False,0.3879,0.7161,14
2026-09-22T21,509663,3889,95,False,0.362,0.6876,7
2026-09-22T21,65632,3503,100,True,0.1359,0.5564,9
2026-09-22T21,669337588,3855,71,False,0.6389,0.9515,9
2026-09-22T21,494184,3717,100,True,0.1574,0.7431,5
2026-09-22T21,417752,3489,100,True,0.2213,0.6893,10
2026-09-22T21,12839,3654,31,False,0.1918,0.8924,6
2026-09-22T21,1441208453,2708,95,False,0.2338,0.5598,9
2026-09-22T21,745589378,3498,33,False,0.3805,0.982,6
2026-09-22T21,459064,3485,25,False,0.8577,0.9917,7
2026-09-22T21,24241,2715,100,True,0.0685,0.3411,8
2026-09-22T21,1931693784,3437,68,False,0.2537,0.8708,9
2026-09-22T21,743,3387,63,False,0.4429,0.9433,9
2026-09-22T21,1469308723,3309,100,True,0.5011,0.7845,9
2026-09-22T21,1435206302,3290,57,False,0.7623,0.948,9
2026-09-22T21,502829,3280,35,False,0.3787,0.9314,4
2026-09-22T21,500188,2613,100,True,0.119,0.4221,12
2026-09-22T21,1282866981,2885,100,True,0.0957,0.5203,15
2026-09-22T21,66170,2641,97,False,0.0757,0.4411,8
2026-09-22T21,2124871354,2258,97,False,0.1541,0.492,9
2026-09-22T21,20596,2449,77,False,0.1972,0.7758,4
2026-09-23T00,509658,198384,94,False,0.1246,0.5704,10
2026-09-23T00,32982,184702,99,False,0.1974,0.6246,8
2026-09-23T00,18122,111797,98,False,0.4425,0.8596,9
2026-09-23T00,33214,19491,95,False,0.2847,0.6175,4
2026-09-23T00,1960720223,55939,98,False,0.2089,0.665,9
2026-09-23T00,27471,42979,98,False,0.2663,0.7067,9
2026-09-23T00,20465,10,1,False,1.0,1.0,1
2026-09-23T00,21779,35402,100,True,0.1397,0.5382,11
2026-09-23T00,516575,31289,96,False,0.1567,0.6083,10
2026-09-23T00,743893402,32224,96,False,0.1047,0.5066,13
2026-09-23T00,32399,35214,97,False,0.2744,0.6378,13
2026-09-23T00,123184772,33582,91,False,0.1188,0.6011,10
2026-09-23T00,509672,28194,100,True,0.2039,0.7072,10
2026-09-23T00,508455,25857,93,False,0.4114,0.8304,6
2026-09-23T00,491487,12294,97,False,0.1631,0.535,10
2026-09-23T00,515025,16274,99,False,0.1276,0.607,8
2026-09-23T00,498566,23366,98,False,0.1775,0.629,9
2026-09-23T00,29595,20529,95,False,0.1382,0.5704,6
2026-09-23T00,1264310518,13712,98,False,0.1545,0.5515,5
2026-09-23T00,30921,17298,99,False,0.2984,0.8264,7
2026-09-23T00,29452,18645,43,False,0.1324,0.6807,3
2026-09-23T00,512710,13332,98,False,0.1603,0.5498,7
2026-09-23T00,511224,12152,100,True,0.2292,0.6352,7
2026-09-23T00,1338428218,15635,99,False,0.2177,0.6847,10
2026-09-23T00,499973,14132,100,True,0.1413,0.5754,5
2026-09-23T00,509659,12813,97,False,0.3022,0.6023,8
2026-09-23T00,513143,12165,99,False,0.2721,0.7883,10
2026-09-23T00,1458901309,11748,11,False,0.8985,0.9999,3
2026-09-23T00,19619,8536,99,False,0.0851,0.3903,5
2026-09-23T00,509660,5860,99,False,0.0698,0.3469,7
2026-09-23T00,2132205352,9199,97,False,0.1389,0.7112,4
2026-09-23T00,602040818,6851,99,False,0.1169,0.4507,1
2026-09-23T00,138585,9270,99,False,0.3008,0.8187,10
2026-09-23T00,460630,6324,99,False,0.3657,0.6901,6
2026-09-23T00,491931,7977,97,False,0.2455,0.6952,11
2026-09-23T00,509663,8564,99,False,0.3461,0.7724,6
2026-09-23T00,779192097,7529,96,False,0.2792,0.6734,6
2026-09-23T00,515024,7847,99,False,0.2141,0.7518,10
2026-09-23T00,539102438,7899,4,False,0.9982,1.0,2
2026-09-23T00,75101830,6208,96,False,0.4894,0.7324,10
2026-09-23T00,464339927,5466,94,False,0.1659,0.6176,11
2026-09-23T00,513181,6732,66,False,0.3314,0.9046,8
2026-09-23T00,263490,6393,93,False,0.5561,0.8512,8
2026-09-23T00,26936,4968,98,False,0.0833,0.4501,7
2026-09-23T00,27284,5281,99,False,0.0731,0.4086,6
2026-09-23T00,512953,5454,100,True,0.379,0.7398,9
2026-09-23T00,401587136,5666,100,True,0.1784,0.6371,12
2026-09-23T00,488190,6119,64,False,0.6347,0.8876,8
2026-09-23T00,902998079,4960,99,False,0.1224,0.5091,10
2026-09-23T00,1669431183,5086,97,False,0.1925,0.4544,7
2026-09-23T00,670138298,3883,100,True,0.1836,0.7028,1
2026-09-23T00,23020,2262,94,False,0.1105,0.4072,7
2026-09-23T00,499003,5093,94,False,0.2099,0.679,5
2026-09-23T00,27546,5130,70,False,0.7144,0.9404,12
2026-09-23T00,2106755390,4170,95,False,0.1257,0.5506,8
2026-09-23T00,417528,4737,93,False,0.2252,0.7019,8
2026-09-23T00,272263131,4561,99,False,0.3045,0.7123,5
2026-09-23T00,1441208453,3507,95,False,0.2629,0.6498,7
2026-09-23T00,459931,4250,98,False,0.1845,0.5934,3
2026-09-23T00,1820839024,4464,72,False,0.3775,0.9057,6
2026-09-23T00,31339,4046,99,False,0.3025,0.6436,9
2026-09-23T00,417892,4335,94,False,0.2517,0.8316,9
2026-09-23T00,13389,4320,54,False,0.8854,0.9722,8
2026-09-23T00,386821,4221,98,False,0.1021,0.4795,10
2026-09-23T00,1357871551,3928,100,True,0.152,0.6324,8
2026-09-23T00,66082,3190,91,False,0.1633,0.6737,7
2026-09-23T00,499634,3975,96,False,0.4506,0.8518,9
2026-09-23T00,24241,2750,97,False,0.0767,0.3982,6
2026-09-23T00,13332,4010,92,False,0.3793,0.8564,7
2026-09-23T00,1469308723,3908,100,True,0.8309,0.913,8
2026-09-23T00,55453844,3687,95,False,0.1611,0.6664,7
2026-09-23T00,2012789438,2676,95,False,0.102,0.4712,6
2026-09-23T00,1987896617,2827,97,False,0.1355,0.6558,8
2026-09-23T00,490377,3443,98,False,0.1536,0.614,6
2026-09-23T00,11557,3552,99,False,0.4445,0.8361,5
2026-09-23T00,1702520304,3524,100,True,0.3505,0.7582,10
2026-09-23T00,1678532194,1998,87,False,0.5881,0.7648,2
2026-09-23T00,493959,2599,98,False,0.122,0.5175,7
2026-09-23T00,957103328,3179,7,False,0.9959,1.0,2
2026-09-23T00,460951,3028,91,False,0.4789,0.8643,4
2026-09-23T00,1494,1181,96,False,0.5309,0.641,6
2026-09-23T00,12924,3093,51,False,0.7297,0.945,7
2026-09-23T00,498592,3017,100,True,0.0935,0.5068,13
2026-09-23T00,502829,2940,19,False,0.4187,0.9776,1
2026-09-23T00,766571430,1989,97,False,0.1121,0.451,6
2026-09-23T00,497057,2047,96,False,0.0713,0.3908,5
2026-09-23T00,327598602,2360,100,True,0.1508,0.5538,11
2026-09-23T00,417752,2548,100,True,0.1221,0.6173,6
2026-09-23T00,509511,2690,98,False,0.1134,0.4922,5
2026-09-23T00,1230742965,2694,82,False,0.2684,0.8886,5
2026-09-23T00,66170,2290,92,False,0.1009,0.5044,5
2026-09-23T00,500188,2263,95,False,0.1807,0.4569,8
2026-09-23T00,421472783,2677,22,False,0.3179,0.9847,2
2026-09-23T00,1832641890,2599,97,False,0.2501,0.8588,2
2026-09-23T00,1267582829,2480,95,False,0.2726,0.7859,7
2026-09-23T00,515586,2520,3,False,0.9968,1.0,2
2026-09-23T00,19554,2362,100,True,0.1876,0.6956,6
2026-09-23T00,2124871354,1680,99,False,0.1101,0.4149,7
2026-09-23T00,493057,2108,96,False,0.0868,0.5735,7
2026-09-23T00,538054672,2129,94,False,0.1841,0.6017,8
2026-09-23T07,509658,98041,92,False,0.098,0.5287,13
2026-09-23T07,29595,65795,100,True,0.2349,0.8753,11
2026-09-23T07,18122,44069,99,False,0.1815,0.6493,8
2026-09-23T07,32982,40262,94,False,0.4474,0.7056,7
2026-09-23T07,21779,34862,100,True,0.0919,0.4679,12
2026-09-23T07,516575,23327,99,False,0.0863,0.5016,11
2026-09-23T07,743893402,28000,100,True,0.224,0.5634,12
2026-09-23T07,511224,23171,99,False,0.342,0.7507,8
2026-09-23T07,32399,24951,100,True,0.2067,0.556,14
2026-09-23T07,1960720223,24454,98,False,0.1308,0.5651,10
2026-09-23T07,509672,19437,97,False,0.2462,0.5768,15
2026-09-23T07,33214,11816,98,False,0.2386,0.5903,9
2026-09-23T07,1267582829,13458,100,True,0.1473,0.6301,11
2026-09-23T07,123184772,15890,100,True,0.1104,0.579,14
2026-09-23T07,515025,10711,97,False,0.1411,0.5652,10
2026-09-23T07,2106755390,14857,100,True,0.2061,0.8117,10
2026-09-23T07,499973,13139,100,True,0.1492,0.4826,6
2026-09-23T07,513181,10865,99,False,0.3548,0.6892,11
2026-09-23T07,491487,8290,100,True,0.1361,0.5305,9
2026-09-23T07,494099,11343,82,False,0.9448,0.9743,6
2026-09-23T07,1264310518,8274,95,False,0.0962,0.4677,6
2026-09-23T07,55453844,10901,100,True,0.6429,0.9094,6
2026-09-23T07,513143,10860,100,True,0.2795,0.8519,15
2026-09-23T07,30921,10365,100,True,0.2569,0.8629,8
2026-09-23T07,498592,9569,100,True,0.2089,0.5831,12
2026-09-23T07,1338428218,9444,100,True,0.2321,0.6637,12
2026-09-23T07,509659,9399,100,True,0.2462,0.5837,5
2026-09-23T07,491931,8914,100,True,0.2332,0.7727,9
2026-09-23T07,498566,9240,49,False,0.2182,0.9003,8
2026-09-23T07,602040818,7961,98,False,0.1956,0.7023,2
2026-09-23T07,27471,5298,94,False,0.1116,0.4449,9
2026-09-23T07,29452,8016,19,False,0.2345,0.9117,3
2026-09-23T07,512710,5980,100,True,0.1032,0.5247,8
2026-09-23T07,508455,6131,100,True,0.221,0.6847,12
2026-09-23T07,515024,6625,100,True,0.2252,0.7618,8
2026-09-23T07,138585,6495,92,False,0.2824,0.84,10
2026-09-23T07,509660,4659,99,False,0.0461,0.2966,8
2026-09-23T07,75101830,5745,96,False,0.7067,0.8966,7
2026-09-23T07,518203,4988,59,False,0.3881,0.9036,9
2026-09-23T07,1282866981,4828,100,True,0.4954,0.8343,9
2026-09-23T07,779192097,4598,100,True,0.2136,0.6516,10
2026-09-23T07,27284,4234,94,False,0.0725,0.4225,9
2026-09-23T07,464339927,3988,100,True,0.2209,0.6176,10
2026-09-23T07,272263131,4095,99,False,0.2879,0.6869,7
2026-09-23T07,488190,4259,38,False,0.853,0.962,9
2026-09-23T07,401587136,4167,100,True,0.293,0.7127,14
2026-09-23T07,2132205352,4059,100,True,0.2382,0.6938,9
2026-09-23T07,386821,3898,100,True,0.116,0.5764,14
2026-09-23T07,493959,3783,94,False,0.3616,0.8488,11
2026-09-23T07,27546,3789,82,False,0.4914,0.8282,14
2026-09-23T07,24241,3213,100,True,0.0999,0.4753,5
2026-09-23T07,2143844298,3431,1,False,1.0,1.0,1
2026-09-23T07,26936,2643,92,False,0.0988,0.5085,9
2026-09-23T07,459931,3358,100,True,0.318,0.7454,3
2026-09-23T07,19619,3045,100,True,0.1606,0.4841,4
2026-09-23T07,1987896617,2970,97,False,0.2848,0.836,11
2026-09-23T07,116747788,3030,40,False,0.5353,0.9776,5
2026-09-23T07,1357871551,3002,99,False,0.2672,0.7508,12
2026-09-23T07,242859128,3002,2,False,0.985,1.0,1
2026-09-23T07,502829,2948,35,False,0.3881,0.9366,2
2026-09-23T07,1669431183,2913,94,False,0.0875,0.4902,8
2026-09-23T07,499003,2916,65,False,0.439,0.832,7
2026-09-23T07,66170,2750,100,True,0.4345,0.6753,11
2026-09-23T07,66082,2504,99,False,0.5535,0.8159,11
2026-09-23T07,327598602,2711,94,False,0.2534,0.8292,10
2026-09-23T07,512953,2641,100,True,0.2423,0.7035,8
2026-09-23T07,493057,2527,100,True,0.1159,0.5742,14
2026-09-23T07,460630,1974,100,True,0.078,0.4265,8
2026-09-23T07,1288749557,2522,26,False,0.5174,0.9576,5
2026-09-23T07,490377,2490,70,False,0.2859,0.7908,8
2026-09-23T07,417528,2458,57,False,0.1347,0.7531,7
2026-09-23T07,13332,2402,44,False,0.2598,0.8859,9
2026-09-23T07,263490,2252,98,False,0.2003,0.6767,6
2026-09-23T07,902998079,2150,98,False,0.134,0.5567,7
2026-09-23T07,509663,2327,58,False,0.3373,0.8062,9
2026-09-23T07,670138298,1541,100,True,0.6334,0.8741,2
2026-09-23T07,11557,515,45,False,0.165,0.7223,6
2026-09-23T07,1702520304,2025,100,True,0.2257,0.6435,12
2026-09-23T07,2012789438,1763,100,True,0.1526,0.4906,7
2026-09-23T07,31339,2002,100,True,0.1548,0.6823,11
2026-09-23T07,1441208453,1684,97,False,0.38,0.5814,13
2026-09-23T07,36799602,1818,42,False,0.33,0.9318,6
2026-09-23T07,1913410799,1806,15,False,0.7841,0.9961,3
2026-09-23T07,509511,1799,73,False,0.1606,0.5709,4
2026-09-23T07,499634,1509,93,False,0.1199,0.7601,9
2026-09-23T07,23020,942,91,False,0.0817,0.4183,5
2026-09-23T07,1599346425,1639,100,True,0.0708,0.3917,9
2026-09-23T07,500188,1626,100,True,0.1568,0.69,15
2026-09-23T07,942536337,29,3,False,0.4483,1.0,2
2026-09-23T07,601612659,1524,18,False,0.8504,0.9941,7
2026-09-23T07,2124871354,1346,97,False,0.2058,0.7103,9
2026-09-23T07,1435206302,1500,35,False,0.3407,0.9207,4
2026-09-23T07,511399,1465,9,False,0.8573,1.0,2
2026-09-23T07,19976,1383,49,False,0.3087,0.8265,4
2026-09-23T07,71375,1389,42,False,0.2815,0.8618,5
2026-09-23T07,1286077738,1240,100,True,0.1097,0.5056,9
2026-09-23T07,674491029,1335,20,False,0.8727,0.9918,5
2026-09-23T07,417892,1306,53,False,0.3239,0.8576,8
2026-09-23T07,637947646,1266,2,False,0.9992,1.0,2
2026-09-23T07,497057,1215,100,True,0.251,0.6123,5
2026-09-23T13,509658,175686,95,False,0.1936,0.5207,14
2026-09-23T13,29595,97557,100,True,0.1551,0.7139,9
2026-09-23T13,516575,63749,98,False,0.0722,0.4775,13
2026-09-23T13,18122,67151,100,True,0.101,0.4618,9
2026-09-23T13,32982,59566,97,False,0.1177,0.4123,9
2026-09-23T13,32399,62692,98,False,0.3465,0.6337,16
2026-09-23T13,509672,69438,100,True,0.3095,0.6908,17
2026-09-23T13,21779,55347,100,True,0.077,0.4624,13
2026-09-23T13,511224,47937,100,True,0.3919,0.8608,11
2026-09-23T13,33214,43658,98,False,0.335,0.7908,11
2026-09-23T13,743893402,34689,100,True,0.0863,0.4455,16
2026-09-23T13,123184772,39072,99,False,0.0997,0.4911,14
2026-09-23T13,1960720223,30511,100,True,0.1068,0.529,14
2026-09-23T13,676802825,27018,40,False,0.9239,0.9945,7
2026-09-23T13,66170,25154,100,True,0.7953,0.9492,11
2026-09-23T13,491487,20317,98,False,0.4019,0.756,13
2026-09-23T13,27471,13179,98,False,0.1535,0.5203,12
2026-09-23T13,1267582829,13605,100,True,0.1882,0.5438,12
2026-09-23T13,513143,18198,95,False,0.1391,0.7218,13
2026-09-23T13,513181,14589,100,True,0.1821,0.665,14
2026-09-23T13,491931,17022,100,True,0.2426,0.751,12
2026-09-23T13,498566,17594,93,False,0.1715,0.6869,16
2026-09-23T13,515025,12284,99,False,0.1258,0.5236,12
2026-09-23T13,460630,14414,99,False,0.7512,0.8756,12
2026-09-23T13,743,15254,52,False,0.5818,0.9504,13
2026-09-23T13,30921,14530,99,False,0.2624,0.8171,11
2026-09-23T13,512710,12844,100,True,0.2365,0.6003,10
2026-09-23T13,499973,11660,100,True,0.1437,0.4505,7
2026-09-23T13,29452,12077,25,False,0.1616,0.7221,4
2026-09-23T13,1338428218,12124,100,True,0.3468,0.7596,13
2026-09-23T13,386821,10753,100,True,0.1372,0.5985,12
2026-09-23T13,1288749557,10871,48,False,0.9549,0.9806,5
2026-09-23T13,27546,10776,99,False,0.1977,0.7694,13
2026-09-23T13,509660,6355,99,False,0.1924,0.38,10
2026-09-23T13,138585,9677,100,True,0.2677,0.7396,12
2026-09-23T13,508455,8121,99,False,0.173,0.6117,13
2026-09-23T13,1264310518,7567,96,False,0.1421,0.4728,9
2026-09-23T13,417752,9151,97,False,0.2652,0.8309,10
2026-09-23T13,2106755390,7925,100,True,0.0748,0.4281,13
2026-09-23T13,19619,7018,100,True,0.093,0.4467,4
2026-09-23T13,364431155,7990,1,False,1.0,1.0,1
2026-09-23T13,509659,7605,100,True,0.1962,0.6404,6
2026-09-23T13,515024,7370,100,True,0.2387,0.7696,14
2026-09-23T13,369418,7308,33,False,0.7583,0.9823,7
2026-09-23T13,493057,6657,100,True,0.1203,0.5818,15
2026-09-23T13,401587136,6653,99,False,0.1622,0.6807,17
2026-09-23T13,417528,7063,100,True,0.1862,0.7221,11
2026-09-23T13,263490,6321,100,True,0.4196,0.781,9
2026-09-23T13,126542259,6745,4,False,0.7798,1.0,1
2026-09-23T13,1832841853,6705,45,False,0.9371,0.9851,10
2026-09-23T13,509663,6601,67,False,0.509,0.9421,11
2026-09-23T13,1515862749,6690,100,True,0.3138,0.7392,5
2026-09-23T13,2132205352,6171,100,True,0.3035,0.773,7
2026-09-23T13,459931,6178,100,True,0.1729,0.7511,5
2026-09-23T13,498592,5832,100,True,0.0766,0.4796,10
2026-09-23T13,518203,6015,84,False,0.2545,0.8532,9
2026-09-23T13,602040818,5471,100,True,0.2232,0.8105,6
2026-09-23T13,779192097,5110,100,True,0.4325,0.817,11
2026-09-23T13,494184,5260,100,True,0.3049,0.8538,12
2026-09-23T13,1826300051,5304,24,False,0.8411,0.9932,4
2026-09-23T13,979918349,5230,3,False,0.9946,1.0,3
2026-09-23T13,272263131,5004,100,True,0.3299,0.718,5
2026-09-23T13,1669431183,4919,100,True,0.0827,0.405,11
2026-09-23T13,55453844,4603,100,True,0.1588,0.7028,5
2026-09-23T13,512953,4303,98,False,0.2006,0.5726,12
2026-09-23T13,464339927,3896,100,True,0.1648,0.5796,11
2026-09-23T13,24241,3277,100,True,0.1071,0.3781,7
2026-09-23T13,1987896617,4095,100,True,0.4476,0.8427,13
2026-09-23T13,27284,3948,100,True,0.0648,0.4217,9
2026-09-23T13,499634,4227,100,True,0.1207,0.6364,11
2026-09-23T13,26936,3396,94,False,0.0754,0.48,12
2026-09-23T13,1702520304,4027,97,False,0.2006,0.7584,16
2026-09-23T13,1357871551,3849,100,True,0.2957,0.7412,13
2026-09-23T13,921298138,4076,57,False,0.9129,0.9549,6
2026-09-23T13,13332,3933,65,False,0.2085,0.8645,8
2026-09-23T13,12839,3897,20,False,0.5568,0.9736,4
2026-09-23T13,75101830,3404,100,True,0.3511,0.8184,12
2026-09-23T13,502829,3572,67,False,0.3407,0.8194,3
2026-09-23T13,493551,3646,35,False,0.4693,0.9067,7
2026-09-23T13,29056,3366,27,False,0.3966,0.9629,3
2026-09-23T13,1217522406,3333,10,False,0.2604,1.0,2
2026-09-23T13,417892,3154,72,False,0.4115,0.9138,12
2026-09-23T13,488190,3121,72,False,0.4348,0.6921,11
2026-09-23T13,902998079,3010,93,False,0.5997,0.804,8
2026-09-23T13,2124871354,2864,100,True,0.2842,0.7797,12
2026-09-23T13,1599346425,2496,100,True,0.0413,0.2672,8
2026-09-23T13,509511,2777,84,False,0.103,0.6237,7
2026-09-23T13,23020,1611,97,False,0.3228,0.5618,9
2026-09-23T13,65632,2690,97,False,0.2067,0.7777,12
2026-09-23T13,1282866981,2391,100,True,0.0849,0.4647,12
2026-09-23T13,735904419,2687,90,False,0.2832,0.8597,8
2026-09-23T13,1441208453,2359,99,False,0.3501,0.6575,9
2026-09-23T13,499003,2592,63,False,0.2469,0.7805,8
2026-09-23T13,327598602,2274,100,True,0.1042,0.4903,14
2026-09-23T13,13389,2444,39,False,0.295,0.957,7
2026-09-23T13,771448419,2429,57,False,0.217,0.7303,12
2026-09-23T13,500188,2367,100,True,0.1208,0.616,13
2026-09-23T13,24536,2269,2,False,0.9991,1.0,1
2026-09-23T13,1626595684,2202,2,False,0.9864,1.0,2
2026-09-23T13,1393304883,2257,100,True,0.2517,0.817,3
2026-09-23T18,509658,344120,94,False,0.0943,0.4941,12
2026-09-23T18,32982,141147,99,False,0.2312,0.5637,14
2026-09-23T18,123184772,144910,99,False,0.2415,0.646,13
2026-09-23T18,18122,123397,96,False,0.1935,0.7019,8
2026-09-23T18,32399,101513,95,False,0.2069,0.6033,14
2026-09-23T18,509672,89215,98,False,0.2461,0.7566,14
2026-09-23T18,21779,72221,97,False,0.1511,0.4828,16
2026-09-23T18,29595,81108,96,False,0.1686,0.7289,11
2026-09-23T18,1960720223,72888,97,False,0.1277,0.6017,16
2026-09-23T18,516575,56400,100,True,0.0967,0.5278,13
2026-09-23T18,743893402,47405,100,True,0.1506,0.477,16
2026-09-23T18,33214,40268,95,False,0.3014,0.6694,13
2026-09-23T18,66170,45339,100,True,0.3128,0.6647,11
2026-09-23T18,27471,32309,96,False,0.0998,0.4589,10
2026-09-23T18,498566,43582,96,False,0.1796,0.5992,16
2026-09-23T18,1393304883,35565,100,True,0.218,0.9468,3
2026-09-23T18,511224,27267,97,False,0.4242,0.8112,13
2026-09-23T18,491487,21570,100,True,0.3492,0.641,9
2026-09-23T18,27546,30979,100,True,0.232,0.8184,15
2026-09-23T18,508455,24609,97,False,0.3041,0.6969,11
2026-09-23T18,1267582829,18444,100,True,0.4606,0.6683,12
2026-09-23T18,30921,24523,95,False,0.1514,0.7778,17
2026-09-23T18,515025,20197,97,False,0.1125,0.5758,10
2026-09-23T18,513143,24021,99,False,0.4535,0.8114,13
2026-09-23T18,417892,23767,98,False,0.5927,0.9659,13
2026-09-23T18,29452,19294,43,False,0.1291,0.5627,7
2026-09-23T18,2106755390,17209,98,False,0.1589,0.6378,10
2026-09-23T18,491931,17252,98,False,0.2981,0.7715,10
2026-09-23T18,1264310518,12310,99,False,0.1719,0.5234,10
2026-09-23T18,512710,12395,99,False,0.1443,0.5013,11
2026-09-23T18,464339927,14355,100,True,0.2444,0.6972,13
2026-09-23T18,513181,10914,99,False,0.1785,0.5806,14
2026-09-23T18,460630,11325,92,False,0.1604,0.5446,15
2026-09-23T18,138585,13289,100,True,0.1896,0.6908,15
2026-09-23T18,491168,13332,47,False,0.8091,0.9896,9
2026-09-23T18,1357871551,12255,100,True,0.4179,0.8199,12
2026-09-23T18,1338428218,11990,100,True,0.2692,0.7292,14
2026-09-23T18,515024,10668,96,False,0.2064,0.68,15
2026-09-23T18,499973,10443,100,True,0.1374,0.4758,6
2026-09-23T18,1669431183,10100,99,False,0.1082,0.4989,6
2026-09-23T18,19619,9131,100,True,0.0776,0.3794,5
2026-09-23T18,509660,5154,97,False,0.0495,0.2315,11
2026-09-23T18,1544653089,10407,26,False,0.4748,0.9952,5
2026-09-23T18,771448419,10411,89,False,0.1762,0.6305,13
2026-09-23T18,493057,7787,100,True,0.1469,0.521,16
2026-09-23T18,401587136,8651,98,False,0.1907,0.6678,15
2026-09-23T18,509667,9250,36,False,0.7471,0.9771,6
2026-09-23T18,386821,8617,99,False,0.1405,0.536,14
2026-09-23T18,1282866981,8540,100,True,0.1297,0.728,15
2026-09-23T18,23020,6394,100,True,0.4388,0.766,9
2026-09-23T18,509659,8453,100,True,0.1642,0.5991,7
2026-09-23T18,2132205352,7885,100,True,0.2344,0.7587,9
2026-09-23T18,65632,7697,99,False,0.199,0.7139,11
2026-09-23T18,327598602,7356,100,True,0.4157,0.7511,12
2026-09-23T18,2748,7716,96,False,0.1302,0.6564,8
2026-09-23T18,27284,6514,99,False,0.1686,0.4716,10
2026-09-23T18,539102438,7496,5,False,0.9969,1.0,2
2026-09-23T18,26936,5960,93,False,0.171,0.4777,10
2026-09-23T18,779192097,6576,96,False,0.3452,0.8342,11
2026-09-23T18,488190,6972,100,True,0.3246,0.6516,12
2026-09-23T18,12839,6730,49,False,0.1848,0.8015,7
2026-09-23T18,494184,6799,100,True,0.3073,0.8384,7
2026-09-23T18,417528,6709,100,True,0.1575,0.605,12
2026-09-23T18,459931,6319,99,False,0.1766,0.6567,7
2026-09-23T18,1987896617,6138,100,True,0.3413,0.7664,11
2026-09-23T18,417752,6081,95,False,0.2909,0.7963,11
2026-09-23T18,499634,6140,99,False,0.2314,0.7567,9
2026-09-23T18,602040818,4470,95,False,0.1557,0.5647,6
2026-09-23T18,6521,5755,72,False,0.8342,0.9507,10
2026-09-23T18,512953,4709,96,False,0.1075,0.4791,10
2026-09-23T18,1941249372,5733,5,False,0.9965,1.0,3
2026-09-23T18,309493,5613,19,False,0.9852,0.9973,6
2026-09-23T18,509663,5601,98,False,0.328,0.6999,7
2026-09-23T18,510218,5518,94,False,0.2296,0.8449,10
2026-09-23T18,29056,5196,47,False,0.4357,0.9226,2
2026-09-23T18,32959,5129,84,False,0.6358,0.8857,12
2026-09-23T18,1515862749,4749,93,False,0.3055,0.6989,8
2026-09-23T18,500188,4110,96,False,0.2282,0.5689,12
2026-09-23T18,263490,4807,99,False,0.1292,0.6181,9
2026-09-23T18,13332,4796,99,False,0.3705,0.7481,8
2026-09-23T18,2005329090,4640,8,False,0.9416,1.0,3
2026-09-23T18,31339,4188,100,True,0.1325,0.5671,8
2026-09-23T18,14842174,4555,15,False,0.7366,0.9982,5
2026-09-23T18,71375,4463,92,False,0.4378,0.7851,12
2026-09-23T18,12924,3926,69,False,0.6195,0.9024,12
2026-09-23T18,1948030354,4229,9,False,0.7945,1.0,3
2026-09-23T18,55453844,4155,97,False,0.4289,0.8289,11
2026-09-23T18,902998079,3638,97,False,0.2309,0.6157,8
2026-09-23T18,499003,4026,85,False,0.3182,0.7516,7
2026-09-23T18,502829,3984,80,False,0.317,0.7927,3
2026-09-23T18,75101830,3196,97,False,0.4368,0.7068,14
2026-09-23T18,512923,3748,100,True,0.2713,0.8191,11
2026-09-23T18,493959,3079,97,False,0.2657,0.5937,12
2026-09-23T18,497497,3038,98,False,0.3032,0.8374,9
2026-09-23T18,1702520304,3588,94,False,0.2146,0.609,16
2026-09-23T18,13389,3735,53,False,0.653,0.936,13
2026-09-23T18,509511,3691,95,False,0.1902,0.5093,8
2026-09-23T18,272263131,3420,100,True,0.1,0.6044,6
2026-09-23T18,66082,2402,91,False,0.1261,0.642,13
2026-09-23T18,1931693784,3649,73,False,0.2957,0.8838,8
2026-09-23T22,509658,165962,99,False,0.17,0.5019,12
2026-09-23T22,32982,160898,95,False,0.2053,0.5615,9
2026-09-23T22,18122,130176,96,False,0.3983,0.813,6
2026-09-23T22,33214,30743,100,True,0.297,0.7263,11
2026-09-23T22,21779,71581,98,False,0.3953,0.6862,11
2026-09-23T22,123184772,71803,100,True,0.3007,0.6693,12
2026-09-23T22,1960720223,62222,99,False,0.1848,0.5435,14
2026-09-23T22,516575,47024,96,False,0.1858,0.6842,12
2026-09-23T22,743893402,51810,99,False,0.2113,0.6287,14
2026-09-23T22,32399,46987,98,False,0.1149,0.4771,12
2026-09-23T22,29595,52884,98,False,0.1995,0.7937,8
2026-09-23T22,27471,42552,97,False,0.2931,0.713,8
2026-09-23T22,509672,37249,97,False,0.5641,0.7723,13
2026-09-23T22,30921,25377,91,False,0.577,0.8537,7
2026-09-23T22,498566,27276,97,False,0.1015,0.4918,10
2026-09-23T22,66170,24070,100,True,0.234,0.6474,8
2026-09-23T22,1608785203,25762,5,False,0.3711,1.0,1
2026-09-23T22,515025,14310,98,False,0.2161,0.6057,8
2026-09-23T22,491487,9792,94,False,0.211,0.4981,9
2026-09-23T22,512710,14080,95,False,0.0911,0.4592,6
2026-09-23T22,513143,18579,97,False,0.5596,0.8802,11
2026-09-23T22,1264310518,11860,100,True,0.2681,0.5071,7
2026-09-23T22,29452,17631,37,False,0.1485,0.668,3
2026-09-23T22,508455,14138,95,False,0.1582,0.5869,8
2026-09-23T22,1267582829,9471,98,False,0.0901,0.3969,11
2026-09-23T22,499973,14724,99,False,0.0899,0.5582,6
2026-09-23T22,511224,10653,99,False,0.2677,0.6344,11
2026-09-23T22,509659,14167,97,False,0.1404,0.5756,9
2026-09-23T22,602040818,10781,100,True,0.1465,0.6105,2
2026-09-23T22,19619,9448,100,True,0.0711,0.3396,3
2026-09-23T22,509663,12238,92,False,0.4336,0.8878,8
2026-09-23T22,2132205352,10620,98,False,0.423,0.8412,7
2026-09-23T22,460630,9365,100,True,0.3061,0.6153,9
2026-09-23T22,491931,10063,95,False,0.4074,0.7611,12
2026-09-23T22,493057,9126,97,False,0.1867,0.7013,14
2026-09-23T22,1338428218,9583,94,False,0.2512,0.731,9
2026-09-23T22,313197,9626,36,False,0.9874,0.9957,7
2026-09-23T22,55453844,9092,97,False,0.4188,0.9211,8
2026-09-23T22,509660,5090,98,False,0.0513,0.2772,10
2026-09-23T22,515024,8446,99,False,0.2,0.72,14
2026-09-23T22,1669431183,8538,99,False,0.29,0.5964,6
2026-09-23T22,138585,8810,96,False,0.2798,0.8628,13
2026-09-23T22,417892,8704,97,False,0.349,0.8438,13
2026-09-23T22,26936,7651,99,False,0.409,0.6291,7
2026-09-23T22,27284,7449,92,False,0.1743,0.5284,10
2026-09-23T22,513181,6281,92,False,0.1871,0.6423,11
2026-09-23T22,2106755390,7348,100,True,0.3213,0.594,10
2026-09-23T22,401587136,7144,95,False,0.2683,0.7318,16
2026-09-23T22,13332,7333,84,False,0.2655,0.8823,6
2026-09-23T22,27546,7034,94,False,0.4613,0.903,11
2026-09-23T22,539102438,6786,3,False,0.9993,1.0,1
2026-09-23T22,464339927,5322,100,True,0.1338,0.5194,11
2026-09-23T22,779192097,6175,100,True,0.3764,0.7067,8
2026-09-23T22,386821,6472,99,False,0.1678,0.5703,12
2026-09-23T22,12839,6207,20,False,0.672,0.9905,2
2026-09-23T22,2012789438,5249,100,True,0.5816,0.743,6
2026-09-23T22,1282866981,5926,94,False,0.4252,0.8061,11
2026-09-23T22,494184,5862,99,False,0.2555,0.8968,9
2026-09-23T22,518203,5772,93,False,0.615,0.9077,8
2026-09-23T22,512953,4922,99,False,0.2464,0.6619,10
2026-09-23T22,11557,5712,98,False,0.3859,0.8608,5
2026-09-23T22,499003,5677,96,False,0.1798,0.7978,5
2026-09-23T22,23020,2839,93,False,0.1747,0.4995,7
2026-09-23T22,488190,5264,87,False,0.2705,0.6949,10
2026-09-23T22,32742,5210,4,False,0.9194,1.0,1
2026-09-23T22,417528,5134,98,False,0.1792,0.651,9
2026-09-23T22,2748,5161,101,False,0.1912,0.7811,6
2026-09-23T22,743,5144,58,False,0.7381,0.9386,10
2026-09-23T22,459931,4805,92,False,0.144,0.6574,4
2026-09-23T22,272263131,4839,100,True,0.3085,0.6966,5
2026-09-23T22,514858,4599,56,False,0.806,0.9548,7
2026-09-23T22,65632,4390,99,False,0.2863,0.7437,11
2026-09-23T22,499634,4514,100,True,0.383,0.8387,8
2026-09-23T22,1763263,4355,46,False,0.4496,0.9612,2
2026-09-23T22,32959,4291,51,False,0.8159,0.9429,10
2026-09-23T22,902998079,3388,93,False,0.1387,0.5762,7
2026-09-23T22,493959,3343,96,False,0.2782,0.6389,9
2026-09-23T22,201872864,3928,2,False,0.7716,1.0,1
2026-09-23T22,75101830,2855,100,True,0.138,0.5937,9
2026-09-23T22,327598602,3407,100,True,0.2897,0.7467,12
2026-09-23T22,1987896617,3157,97,False,0.1913,0.6817,8
2026-09-23T22,31339,3267,100,True,0.1938,0.6302,8
2026-09-23T22,670138298,2589,98,False,0.1645,0.7292,2
2026-09-23T22,32502,3415,33,False,0.7403,0.9704,9
2026-09-23T22,512923,3236,96,False,0.4079,0.8155,8
2026-09-23T22,601612659,3276,55,False,0.6007,0.9496,7
2026-09-23T22,263490,3099,99,False,0.1304,0.5918,11
2026-09-23T22,478407715,595,90,False,0.5832,0.8723,9
2026-09-23T22,24241,2522,99,False,0.0856,0.3588,8
2026-09-23T22,66082,2134,100,True,0.1214,0.5511,9
2026-09-23T22,491168,2987,46,False,0.2574,0.9685,8
2026-09-23T22,1441208453,2191,96,False,0.2734,0.5126,9
2026-09-23T22,500188,2507,98,False,0.2349,0.4958,10
2026-09-23T22,13389,2849,51,False,0.5462,0.9287,10
2026-09-23T22,1414860634,2816,92,False,0.2148,0.8825,9
2026-09-23T22,600069925,2813,15,False,0.5983,0.9982,5
2026-09-23T22,498592,2737,98,False,0.125,0.6255,13
2026-09-23T22,1357871551,2490,100,True,0.1084,0.4795,12
2026-09-23T22,1846293708,2648,36,False,0.6016,0.9252,2
2026-09-23T22,9618,2649,45,False,0.2858,0.7909,7
2026-09-24T04,509658,93647,97,False,0.0766,0.3985,9
2026-09-24T04,32982,75803,99,False,0.4098,0.7803,7
2026-09-24T04,66082,59846,100,True,0.9706,0.9881,8
2026-09-24T04,18122,46727,98,False,0.2142,0.7246,7
2026-09-24T04,508455,40083,100,True,0.8199,0.9277,7
2026-09-24T04,516575,27430,96,False,0.1331,0.593,8
2026-09-24T04,21779,28618,99,False,0.0831,0.4204,9
2026-09-24T04,1960720223,27186,95,False,0.1196,0.5071,7
2026-09-24T04,743893402,21742,99,False,0.1152,0.5968,10
2026-09-24T04,33214,11021,98,False,0.0889,0.4746,6
2026-09-24T04,29452,20183,40,False,0.1283,0.5825,6
2026-09-24T04,511224,15786,100,True,0.4244,0.7683,5
2026-09-24T04,27471,12466,93,False,0.2127,0.5961,5
2026-09-24T04,509672,17604,100,True,0.1208,0.5501,12
2026-09-24T04,1264310518,9793,96,False,0.2325,0.4544,6
2026-09-24T04,602040818,13895,100,True,0.1236,0.588,3
2026-09-24T04,515025,9775,94,False,0.1063,0.5682,6
2026-09-24T04,513143,16031,97,False,0.5726,0.9246,9
2026-09-24T04,509659,15846,100,True,0.1765,0.6244,5
2026-09-24T04,498566,15773,76,False,0.1721,0.5812,9
2026-09-24T04,499973,14092,100,True,0.1101,0.4895,6
2026-09-24T04,491487,6843,100,True,0.0821,0.3646,8
2026-09-24T04,32399,13288,99,False,0.1887,0.6021,7
2026-09-24T04,66170,11993,98,False,0.202,0.6634,7
2026-09-24T04,29595,12460,97,False,0.1453,0.62,7
2026-09-24T04,123184772,11050,96,False,0.191,0.5751,7
2026-09-24T04,30921,10254,100,True,0.1811,0.6462,6
2026-09-24T04,512710,8726,94,False,0.2242,0.5579,4
2026-09-24T04,1267582829,8192,98,False,0.1617,0.5853,11
2026-09-24T04,75101830,11017,97,False,0.6337,0.9045,4
2026-09-24T04,1728683467,10224,19,False,0.9683,0.9978,3
2026-09-24T04,31376,8934,63,False,0.8734,0.9887,4
2026-09-24T04,498592,7441,100,True,0.209,0.5757,14
2026-09-24T04,509660,4633,96,False,0.0507,0.281,10
2026-09-24T04,27284,6314,100,True,0.0892,0.4059,7
2026-09-24T04,491931,5996,95,False,0.1823,0.6381,6
2026-09-24T04,460630,4537,97,False,0.145,0.6138,7
2026-09-24T04,464339927,4750,100,True,0.1834,0.5731,10
2026-09-24T04,13050,5846,4,False,0.9901,1.0,3
2026-09-24T04,515024,5555,99,False,0.3555,0.7953,7
2026-09-24T04,19619,5037,100,True,0.1126,0.4658,4
2026-09-24T04,513181,4378,100,True,0.2449,0.5455,8
2026-09-24T04,26936,4050,92,False,0.0985,0.4385,6
2026-09-24T04,1338428218,5124,100,True,0.1758,0.7769,6
2026-09-24T04,1081998272,5046,97,False,0.3078,0.8753,4
2026-09-24T04,2106755390,5026,96,False,0.223,0.8138,11
2026-09-24T04,493959,4675,98,False,0.4261,0.8332,6
2026-09-24T04,2132205352,4422,98,False,0.1861,0.7266,6
2026-09-24T04,138585,4715,70,False,0.2691,0.9217,8
2026-09-24T04,272263131,4398,100,True,0.2717,0.7124,6
2026-09-24T04,386821,4437,100,True,0.0976,0.5398,11
2026-09-24T04,1669431183,4393,100,True,0.0974,0.4578,6
2026-09-24T04,779192097,4012,100,True,0.2707,0.6211,4
2026-09-24T04,509663,4012,68,False,0.3161,0.8726,7
2026-09-24T04,902998079,3105,93,False,0.2209,0.582,4
2026-09-24T04,55453844,3890,99,False,0.3725,0.8602,6
2026-09-24T04,509577,3871,79,False,0.1997,0.7277,8
2026-09-24T04,23020,2080,100,True,0.2399,0.5048,9
2026-09-24T04,512953,3455,100,True,0.1968,0.5876,8
2026-09-24T04,670138298,3014,100,True,0.3139,0.7873,4
2026-09-24T04,459931,3596,97,False,0.2831,0.6588,3
2026-09-24T04,1441208453,2967,99,False,0.2666,0.6458,7
2026-09-24T04,499003,3505,99,False,0.115,0.5495,4
2026-09-24T04,417528,3492,96,False,0.1816,0.7202,8
2026-09-24T04,24241,2823,100,True,0.0893,0.3571,6
2026-09-24T04,417892,3377,82,False,0.3728,0.8543,7
2026-09-24T04,1282866981,3241,99,False,0.4486,0.8022,9
2026-09-24T04,2012789438,2546,97,False,0.1709,0.498,4
2026-09-24T04,27546,3113,41,False,0.4767,0.9464,8
2026-09-24T04,1036710512,2953,98,False,0.702,0.8178,6
2026-09-24T04,327598602,2875,93,False,0.1642,0.6386,7
2026-09-24T04,502829,2980,28,False,0.3883,0.9295,3
2026-09-24T04,11557,2926,78,False,0.2861,0.8896,5
2026-09-24T04,401587136,2692,98,False,0.2073,0.7233,10
2026-09-24T04,1362102608,2609,64,False,0.4335,0.8842,7
2026-09-24T04,13332,2561,61,False,0.3397,0.8586,5
2026-09-24T04,626298054,2334,17,False,0.9627,0.9957,4
2026-09-24T04,676802825,2253,52,False,0.7563,0.9277,3
2026-09-24T04,509511,2233,72,False,0.1267,0.5992,4
2026-09-24T04,497480,2189,20,False,0.8205,0.995,3
2026-09-24T04,1597660489,2176,78,False,0.5997,0.886,5
2026-09-24T04,2124871354,1713,100,True,0.2796,0.6655,7
2026-09-24T04,493057,1687,96,False,0.1008,0.5205,9
2026-09-24T04,31339,1687,92,False,0.134,0.5086,9
2026-09-24T04,458781,1838,97,False,0.7252,0.8417,7
2026-09-24T04,13389,1830,28,False,0.5301,0.9765,5
2026-09-24T04,511399,1830,15,False,0.7432,0.9852,2
2026-09-24T04,263490,1786,97,False,0.3281,0.7682,8
2026-09-24T04,1494,733,100,True,0.0819,0.3711,4
2026-09-24T04,1913410799,1808,17,False,0.552,0.9934,3
2026-09-24T04,2748,1807,62,False,0.3492,0.7571,4
2026-09-24T04,116747788,1786,37,False,0.7357,0.9787,5
2026-09-24T04,766571430,1427,100,True,0.0883,0.4268,5
2026-09-24T04,497057,1528,100,True,0.176,0.5602,4
2026-09-24T04,518184,1463,100,True,0.134,0.5051,8
2026-09-24T04,65632,1608,95,False,0.4235,0.7898,7
2026-09-24T04,499634,1634,97,False,0.1885,0.7717,9
2026-09-24T04,6523,1627,2,False,0.9932,1.0,1
2026-09-24T04,2141548868,1609,1,False,1.0,1.0,1
2026-09-24T04,488190,1588,42,False,0.2204,0.7494,8
2026-09-24T11,516575,228619,100,True,0.2277,0.6697,14
2026-09-24T11,509658,173634,98,False,0.1611,0.5556,13
2026-09-24T11,29595,88973,98,False,0.2921,0.8156,9
2026-09-24T11,21779,50343,99,False,0.0817,0.4897,12
2026-09-24T11,18122,56769,100,True,0.1365,0.5091,11
2026-09-24T11,509672,56874,100,True,0.2971,0.6948,14
2026-09-24T11,32982,42420,100,True,0.0669,0.3872,10
2026-09-24T11,509663,48830,59,False,0.8335,0.9883,9
2026-09-24T11,32399,40868,100,True,0.2262,0.4887,15
2026-09-24T11,743893402,35410,99,False,0.1727,0.5409,15
2026-09-24T11,33214,31431,95,False,0.3631,0.7631,11
2026-09-24T11,1960720223,31758,100,True,0.3219,0.7028,12
2026-09-24T11,123184772,27348,99,False,0.1192,0.5561,16
2026-09-24T11,511224,12743,94,False,0.1233,0.6385,9
2026-09-24T11,499973,14334,100,True,0.2567,0.4961,6
2026-09-24T11,1267582829,11868,100,True,0.1306,0.6233,11
2026-09-24T11,498566,14633,67,False,0.1367,0.5996,11
2026-09-24T11,513143,13833,100,True,0.0947,0.644,13
2026-09-24T11,493057,13323,98,False,0.2816,0.8149,16
2026-09-24T11,460630,12764,98,False,0.625,0.8325,9
2026-09-24T11,515025,7691,100,True,0.1161,0.5287,12
2026-09-24T11,491487,7161,97,False,0.107,0.4828,13
2026-09-24T11,29452,8874,20,False,0.2178,0.8088,4
2026-09-24T11,138585,9748,96,False,0.1601,0.7901,15
2026-09-24T11,491931,9113,100,True,0.3507,0.7756,12
2026-09-24T11,743,9486,47,False,0.5603,0.9415,11
2026-09-24T11,1338428218,9042,100,True,0.3155,0.8114,11
2026-09-24T11,498592,7929,100,True,0.0752,0.4954,10
2026-09-24T11,27471,4835,94,False,0.0852,0.4182,12
2026-09-24T11,66170,7627,99,False,0.2506,0.6465,13
2026-09-24T11,386821,7824,99,False,0.1283,0.6022,11
2026-09-24T11,30921,7258,99,False,0.1126,0.6695,10
2026-09-24T11,512710,6889,100,True,0.1205,0.5535,10
2026-09-24T11,55453844,7583,100,True,0.3616,0.8423,6
2026-09-24T11,27546,7184,94,False,0.4016,0.8114,12
2026-09-24T11,508455,5894,98,False,0.1184,0.5784,12
2026-09-24T11,509660,5007,100,True,0.1953,0.3795,10
2026-09-24T11,513181,5774,95,False,0.3696,0.6922,13
2026-09-24T11,1264310518,5358,94,False,0.159,0.4216,10
2026-09-24T11,602040818,5877,96,False,0.2401,0.7686,5
2026-09-24T11,515024,5797,100,True,0.2275,0.7406,17
2026-09-24T11,417528,5963,77,False,0.2101,0.781,13
2026-09-24T11,518203,5950,77,False,0.4429,0.8706,12
2026-09-24T11,401587136,5551,100,True,0.1675,0.6583,15
2026-09-24T11,19619,5135,100,True,0.1093,0.4425,4
2026-09-24T11,2106755390,5467,100,True,0.109,0.5005,13
2026-09-24T11,509659,5588,100,True,0.1321,0.6339,10
2026-09-24T11,459931,5156,100,True,0.1928,0.7828,8
2026-09-24T11,417892,4994,66,False,0.5224,0.9217,11
2026-09-24T11,71375,5410,52,False,0.7749,0.9384,7
2026-09-24T11,272263131,4587,100,True,0.2873,0.6994,5
2026-09-24T11,1282866981,4477,100,True,0.4494,0.667,12
2026-09-24T11,2132205352,4535,99,False,0.2829,0.7259,12
2026-09-24T11,735904419,4417,82,False,0.4865,0.9074,8
2026-09-24T11,464339927,3930,99,False,0.1644,0.6239,13
2026-09-24T11,417752,4047,100,True,0.2782,0.7255,8
2026-09-24T11,512953,3847,100,True,0.216,0.7096,14
2026-09-24T11,31339,3878,100,True,0.5621,0.7813,15
2026-09-24T11,1288749557,3865,34,False,0.7679,0.9591,7
2026-09-24T11,263490,3651,98,False,0.4245,0.8515,8
2026-09-24T11,1277051112,3529,1,False,1.0,1.0,1
2026-09-24T11,502829,3548,53,False,0.3489,0.8303,2
2026-09-24T11,27284,3223,100,True,0.0639,0.476,9
2026-09-24T11,26936,2819,99,False,0.0887,0.4874,10
2026-09-24T11,509577,3164,52,False,0.1135,0.7253,7
2026-09-24T11,1913410799,3124,18,False,0.4866,0.9888,6
2026-09-24T11,24241,2919,100,True,0.1045,0.4854,10
2026-09-24T11,1669431183,3090,96,False,0.0683,0.4618,11
2026-09-24T11,13332,2971,52,False,0.2639,0.8883,8
2026-09-24T11,1898040946,2980,18,False,0.9721,0.9973,6
2026-09-24T11,1196484333,2917,5,False,0.9976,1.0,2
2026-09-24T11,1987896617,2825,100,True,0.2273,0.8513,10
2026-09-24T11,1826300051,2691,11,False,0.7793,0.9996,3
2026-09-24T11,494184,2594,100,True,0.1731,0.7687,9
2026-09-24T11,902998079,2582,100,True,0.5395,0.8954,11
2026-09-24T11,921298138,2530,10,False,0.8348,1.0,5
2026-09-24T11,1702520304,2501,100,True,0.2971,0.7333,16
2026-09-24T11,499634,2402,95,False,0.2281,0.8272,8
2026-09-24T11,1362102608,2380,50,False,0.4861,0.8916,9
2026-09-24T11,1441208453,2222,100,True,0.2885,0.6409,9
2026-09-24T11,12839,2331,23,False,0.1939,0.9069,3
2026-09-24T11,779192097,2281,100,True,0.3538,0.7014,8
2026-09-24T11,65632,2268,97,False,0.1742,0.7372,9
2026-09-24T11,500188,2211,100,True,0.1986,0.5975,12
2026-09-24T11,23020,1594,100,True,0.3438,0.6085,12
2026-09-24T11,493959,2050,96,False,0.4141,0.7893,15
2026-09-24T11,1599346425,1946,100,True,0.0863,0.3787,8
2026-09-24T11,13424400,2037,1,False,1.0,1.0,1
2026-09-24T11,509511,1855,82,False,0.1547,0.5666,6
2026-09-24T11,327598602,1741,97,False,0.1522,0.6628,15
2026-09-24T11,515621,1816,2,False,0.9994,1.0,1
2026-09-24T11,36799602,1785,48,False,0.8577,0.9473,8
2026-09-24T11,394568,1734,25,False,0.8449,0.9815,5
2026-09-24T11,490292,1875,37,False,0.5739,0.9696,8
2026-09-24T11,458781,1698,78,False,0.3074,0.8616,12
2026-09-24T11,2113043143,1590,17,False,0.3824,0.9868,5
2026-09-24T11,499003,1608,45,False,0.1493,0.7606,5
2026-09-24T11,1697689354,1619,1,False,1.0,1.0,1
2026-09-24T11,771448419,1572,34,False,0.2513,0.8887,11
2026-09-24T11,1308902712,1633,1,False,1.0,1.0,1
2026-09-24T17,509658,220394,95,False,0.0682,0.4436,16
2026-09-24T17,32982,109970,96,False,0.2333,0.528,12
2026-09-24T17,29595,136708,96,False,0.1655,0.7148,11
2026-09-24T17,123184772,119670,100,True,0.2275,0.6671,17
2026-09-24T17,18122,93381,97,False,0.2316,0.6278,10
2026-09-24T17,32399,87340,98,False,0.2464,0.5839,13
2026-09-24T17,21779,75220,98,False,0.2016,0.5583,17
2026-09-24T17,33214,76009,99,False,0.1772,0.6793,11
2026-09-24T17,509672,83550,97,False,0.2824,0.7966,14
2026-09-24T17,516575,53670,98,False,0.13,0.6017,13
2026-09-24T17,1338428218,54167,100,True,0.1419,0.6177,12
2026-09-24T17,743893402,42432,100,True,0.0871,0.4901,13
2026-09-24T17,1960720223,39028,97,False,0.1224,0.5016,16
2026-09-24T17,498566,39864,99,False,0.2006,0.6325,13
2026-09-24T17,6521,40870,63,False,0.9398,0.9947,9
2026-09-24T17,27471,27129,95,False,0.1112,0.5562,8
2026-09-24T17,27546,34168,100,True,0.4653,0.873,15
2026-09-24T17,511224,23126,95,False,0.2813,0.7698,14
2026-09-24T17,504463,25957,99,False,0.2043,0.796,13
2026-09-24T17,515025,18613,100,True,0.1271,0.5208,12
2026-09-24T17,508455,20119,100,True,0.2929,0.7099,12
2026-09-24T17,1429246898,21723,4,False,0.9991,1.0,2
2026-09-24T17,491487,12230,93,False,0.1103,0.5626,12
2026-09-24T17,30921,18596,97,False,0.1304,0.6853,13
2026-09-24T17,512710,14737,96,False,0.2283,0.6446,12
2026-09-24T17,1267582829,11053,99,False,0.1617,0.4402,11
2026-09-24T17,513143,16626,93,False,0.2802,0.7853,15
2026-09-24T17,380978759,16540,100,True,0.1666,0.7665,11
2026-09-24T17,491931,14942,100,True,0.3564,0.8352,12
2026-09-24T17,2106755390,13760,98,False,0.2055,0.7035,11
2026-09-24T17,509660,9648,99,False,0.109,0.515,9
2026-09-24T17,666506999,14282,13,False,0.8495,0.9996,4
2026-09-24T17,138585,13968,97,False,0.2723,0.7793,15
2026-09-24T17,509663,12816,92,False,0.4056,0.8858,11
2026-09-24T17,499973,11477,100,True,0.1759,0.4794,6
2026-09-24T17,1264310518,9058,100,True,0.1087,0.4572,9
2026-09-24T17,513181,10490,94,False,0.2675,0.7324,14
2026-09-24T17,29452,12377,31,False,0.1909,0.7243,5
2026-09-24T17,66170,10183,96,False,0.2098,0.6332,11
2026-09-24T17,263490,10327,98,False,0.1751,0.5798,13
2026-09-24T17,386821,9575,93,False,0.146,0.499,13
2026-09-24T17,515024,9614,100,True,0.1991,0.7392,15
2026-09-24T17,1282866981,9420,100,True,0.5245,0.7875,11
2026-09-24T17,19619,8211,98,False,0.0846,0.4362,4
2026-09-24T17,2132205352,9395,99,False,0.2982,0.7748,11
2026-09-24T17,1913410799,7654,96,False,0.3538,0.7203,8
2026-09-24T17,2113043143,9503,89,False,0.4234,0.7799,9
2026-09-24T17,1357871551,8916,100,True,0.5113,0.8072,13
2026-09-24T17,509659,9068,97,False,0.1798,0.6644,8
2026-09-24T17,401587136,7560,97,False,0.2057,0.6159,15
2026-09-24T17,1669431183,6645,84,False,0.1236,0.4367,8
2026-09-24T17,32502,7855,54,False,0.8111,0.9642,17
2026-09-24T17,602040818,5524,95,False,0.2129,0.6235,4
2026-09-24T17,460630,6361,98,False,0.202,0.6791,11
2026-09-24T17,493057,6017,100,True,0.2337,0.5051,14
2026-09-24T17,488190,7149,100,True,0.2563,0.672,15
2026-09-24T17,417892,7029,100,True,0.3865,0.8592,13
2026-09-24T17,417528,6947,95,False,0.193,0.6695,11
2026-09-24T17,464339927,5737,97,False,0.1096,0.5841,10
2026-09-24T17,417752,6630,98,False,0.2775,0.7413,11
2026-09-24T17,921298138,6393,51,False,0.32,0.9456,12
2026-09-24T17,12839,6281,48,False,0.3652,0.9171,6
2026-09-24T17,459931,5875,100,True,0.1717,0.7459,7
2026-09-24T17,539102438,5996,3,False,0.9963,1.0,1
2026-09-24T17,864092569,5890,2,False,0.9998,1.0,1
2026-09-24T17,499634,5901,94,False,0.3213,0.7521,7
2026-09-24T17,779192097,5638,99,False,0.3915,0.7998,9
2026-09-24T17,26936,4628,87,False,0.0668,0.4146,10
2026-09-24T17,494184,5710,100,True,0.3552,0.7753,9
2026-09-24T17,512953,4738,97,False,0.1908,0.5466,14
2026-09-24T17,2066107586,5686,44,False,0.4442,0.9887,8
2026-09-24T17,27284,4901,100,True,0.0612,0.374,9
2026-09-24T17,24241,4953,100,True,0.3689,0.6348,10
2026-09-24T17,65632,5266,100,True,0.1796,0.6303,10
2026-09-24T17,2748,5239,73,False,0.3023,0.87,8
2026-09-24T17,735904419,5329,100,True,0.2614,0.7985,11
2026-09-24T17,498592,4510,100,True,0.1235,0.5916,9
2026-09-24T17,2005329090,4533,13,False,0.9001,0.9993,4
2026-09-24T17,6369,4512,40,False,0.8495,0.9925,6
2026-09-24T17,272263131,4240,100,True,0.1281,0.6203,5
2026-09-24T17,502829,4501,88,False,0.2357,0.7078,3
2026-09-24T17,66082,3483,93,False,0.3773,0.8056,14
2026-09-24T17,11557,4326,65,False,0.846,0.9334,6
2026-09-24T17,31339,4090,100,True,0.11,0.5677,12
2026-09-24T17,13389,4322,46,False,0.5428,0.9304,7
2026-09-24T17,13263,4101,35,False,0.7291,0.9317,6
2026-09-24T17,71375,4098,91,False,0.4612,0.8287,12
2026-09-24T17,460951,4067,90,False,0.7765,0.9166,5
2026-09-24T17,23020,1923,91,False,0.1581,0.5663,10
2026-09-24T17,55453844,3972,100,True,0.4449,0.7422,11
2026-09-24T17,1702520304,3875,96,False,0.1693,0.5246,14
2026-09-24T17,21465,3975,100,True,0.7826,0.9011,15
2026-09-24T17,490744,3699,94,False,0.737,0.8589,10
2026-09-24T17,500188,3217,99,False,0.2465,0.5089,14
2026-09-24T17,670138298,3581,98,False,0.1812,0.814,3
2026-09-24T17,510218,624,38,False,0.3622,0.8734,10
2026-09-24T17,491168,3555,45,False,0.4456,0.9727,7
2026-09-24T17,687129551,3468,44,False,0.3893,0.9521,5
2026-09-24T17,75101830,3008,99,False,0.5243,0.7646,13
2026-09-24T17,29056,3649,48,False,0.3083,0.8712,3
2026-09-24T21,509658,247357,94,False,0.1906,0.5871,10
2026-09-24T21,32982,181450,99,False,0.1029,0.5118,10
2026-09-24T21,123184772,97656,99,False,0.2908,0.6957,14
2026-09-24T21,18122,81270,99,False,0.2655,0.743,9
2026-09-24T21,32399,59984,99,False,0.2274,0.5254,12
2026-09-24T21,30921,24706,95,False,0.2819,0.7647,11
2026-09-24T21,263490,67376,98,False,0.0746,0.5184,11
2026-09-24T21,743893402,55794,100,True,0.2043,0.5921,17
2026-09-24T21,21779,51741,98,False,0.2164,0.6099,11
2026-09-24T21,1960720223,49399,97,False,0.099,0.4722,15
2026-09-24T21,509672,59054,99,False,0.3353,0.8469,14
2026-09-24T21,27471,44847,100,True,0.2637,0.7059,12
2026-09-24T21,33214,40705,100,True,0.2319,0.7504,9
2026-09-24T21,516575,34092,97,False,0.1788,0.6354,13
2026-09-24T21,460630,49987,100,True,0.6011,0.9522,12
2026-09-24T21,29595,46115,97,False,0.1947,0.7362,7
2026-09-24T21,1338428218,46314,95,False,0.229,0.7195,10
2026-09-24T21,498566,46523,98,False,0.1904,0.5032,14
2026-09-24T21,6521,36195,58,False,0.9651,0.9903,8
2026-09-24T21,29307,29011,93,False,0.5621,0.9395,9
2026-09-24T21,491487,13308,100,True,0.1095,0.4386,11
2026-09-24T21,513143,21363,94,False,0.5145,0.8476,15
2026-09-24T21,515025,14647,100,True,0.2143,0.5348,9
2026-09-24T21,512710,16134,98,False,0.1331,0.4752,10
2026-09-24T21,509663,13854,95,False,0.3771,0.8634,8
2026-09-24T21,138585,16843,95,False,0.4362,0.869,13
2026-09-24T21,508455,13910,97,False,0.128,0.6616,10
2026-09-24T21,491931,15404,99,False,0.3167,0.8014,13
2026-09-24T21,1282866981,16111,100,True,0.3814,0.8864,13
2026-09-24T21,511224,12146,100,True,0.2225,0.5836,10
2026-09-24T21,29452,15547,33,False,0.1252,0.6003,5
2026-09-24T21,1264310518,9843,99,False,0.1041,0.4069,8
2026-09-24T21,499973,13367,100,True,0.1241,0.5078,7
2026-09-24T21,313197,14660,30,False,0.9887,0.998,8
2026-09-24T21,27546,14329,100,True,0.6447,0.8957,14
2026-09-24T21,509659,13545,99,False,0.1991,0.6742,11
2026-09-24T21,509660,9280,100,True,0.1586,0.5053,10
2026-09-24T21,1267582829,6300,95,False,0.0668,0.3456,13
2026-09-24T21,2128193047,11117,13,False,0.8348,0.9991,2
2026-09-24T21,488190,10882,100,True,0.219,0.6724,12
2026-09-24T21,666506999,10689,12,False,0.8164,0.9998,4
2026-09-24T21,602040818,8791,100,True,0.1206,0.5392,9
2026-09-24T21,515024,9837,98,False,0.2212,0.7928,13
2026-09-24T21,19619,8426,100,True,0.0795,0.4144,4
2026-09-24T21,2132205352,9268,99,False,0.1581,0.7094,9
2026-09-24T21,380978759,10548,84,False,0.326,0.887,10
2026-09-24T21,401587136,9156,99,False,0.2867,0.7527,14
2026-09-24T21,66170,8534,99,False,0.2255,0.5586,9
2026-09-24T21,493057,8531,100,True,0.2316,0.6302,16
2026-09-24T21,1458901309,9306,25,False,0.6846,0.9967,7
2026-09-24T21,12839,9025,35,False,0.5093,0.9244,5
2026-09-24T21,518203,8918,97,False,0.3843,0.7883,10
2026-09-24T21,1669431183,8017,95,False,0.0696,0.3872,5
2026-09-24T21,513181,7368,100,True,0.207,0.7443,12
2026-09-24T21,491168,8330,48,False,0.4391,0.9604,7
2026-09-24T21,417892,7633,99,False,0.2817,0.812,12
2026-09-24T21,539102438,7582,3,False,0.9993,1.0,1
2026-09-24T21,504463,7388,100,True,0.2358,0.7098,12
2026-09-24T21,464339927,5871,94,False,0.1065,0.5645,12
2026-09-24T21,386821,6673,99,False,0.1133,0.5419,14
2026-09-24T21,23020,4360,99,False,0.3025,0.6773,7
2026-09-24T21,31339,6209,96,False,0.3625,0.7357,7
2026-09-24T21,26936,5436,97,False,0.0771,0.4461,9
2026-09-24T21,670138298,5931,92,False,0.1919,0.7997,2
2026-09-24T21,1913410799,6191,100,True,0.211,0.7881,9
2026-09-24T21,272263131,6103,100,True,0.263,0.7523,4
2026-09-24T21,512953,5100,95,False,0.1227,0.5473,16
2026-09-24T21,743,1543,60,False,0.21,0.79,11
2026-09-24T21,779192097,5170,100,True,0.4963,0.7025,10
2026-09-24T21,2113043143,5636,82,False,0.3907,0.7308,8
2026-09-24T21,27284,5074,98,False,0.1072,0.3953,10
2026-09-24T21,1763263,5801,62,False,0.4132,0.9502,3
2026-09-24T21,30740,5648,26,False,0.8288,0.9949,7
2026-09-24T21,2106755390,5376,99,False,0.1481,0.6096,11
2026-09-24T21,499634,5729,99,False,0.2903,0.7443,9
2026-09-24T21,459931,5504,94,False,0.1432,0.6521,7
2026-09-24T21,417528,5657,99,False,0.1642,0.6396,7
2026-09-24T21,75101830,5018,92,False,0.6534,0.8452,11
2026-09-24T21,494184,5182,100,True,0.3541,0.8533,8
2026-09-24T21,13332,5140,93,False,0.3319,0.8757,8
2026-09-24T21,499003,4926,100,True,0.1531,0.6224,8
2026-09-24T21,2124871354,3993,95,False,0.6411,0.8179,8
2026-09-24T21,840833296,4125,7,False,0.8335,1.0,4
2026-09-24T21,1357871551,3269,92,False,0.1637,0.6035,13
2026-09-24T21,493959,2984,93,False,0.0992,0.504,8
2026-09-24T21,510218,3487,64,False,0.2876,0.9102,9
2026-09-24T21,293693714,3676,52,False,0.9091,0.9703,11
2026-09-24T21,787971454,3627,2,False,0.8999,1.0,1
2026-09-24T21,213975850,3534,10,False,0.951,1.0,5
2026-09-24T21,500188,2864,94,False,0.1054,0.5052,9
2026-09-24T21,489170,3492,69,False,0.7889,0.9442,11
2026-09-24T21,2012789438,2729,98,False,0.085,0.5064,6
2026-09-24T21,1081998272,3299,100,True,0.4747,0.7702,11
2026-09-24T21,417752,3197,100,True,0.2308,0.6603,9
2026-09-24T21,902998079,2810,100,True,0.1434,0.5851,9
2026-09-24T21,490744,3280,94,False,0.7686,0.8747,9
2026-09-24T21,24241,2607,99,False,0.163,0.4565,7
2026-09-24T21,1987896617,2601,100,True,0.1669,0.6048,9
2026-09-24T21,1441208453,2532,100,True,0.3914,0.6453,13
2026-09-24T21,65632,2659,93,False,0.2215,0.5965,11
2026-09-25T00,509658,139749,92,False,0.1549,0.5214,10
2026-09-25T00,32982,137043,95,False,0.126,0.5739,8
2026-09-25T00,18122,105579,100,True,0.4463,0.8292,8
2026-09-25T00,518203,93182,99,False,0.9179,0.9907,6
2026-09-25T00,263490,87669,100,True,0.3019,0.647,11
2026-09-25T00,30921,14911,95,False,0.2934,0.7287,8
2026-09-25T00,27471,39138,92,False,0.3027,0.7354,8
2026-09-25T00,21779,36317,98,False,0.1298,0.4878,10
2026-09-25T00,516575,35199,96,False,0.1713,0.6701,12
2026-09-25T00,123184772,40291,99,False,0.1944,0.654,11
2026-09-25T00,509672,41115,100,True,0.3064,0.7691,10
2026-09-25T00,33214,19887,97,False,0.0833,0.4872,6
2026-09-25T00,743893402,31554,97,False,0.3047,0.6546,11
2026-09-25T00,1960720223,23579,93,False,0.1337,0.5517,12
2026-09-25T00,32399,23038,96,False,0.0945,0.407,11
2026-09-25T00,1338428218,24818,96,False,0.3421,0.7407,9
2026-09-25T00,508455,24460,100,True,0.4757,0.8379,11
2026-09-25T00,498566,25190,100,True,0.0832,0.5486,9
2026-09-25T00,29595,22755,97,False,0.1704,0.648,6
2026-09-25T00,513143,21727,99,False,0.4554,0.9381,10
2026-09-25T00,491487,9809,99,False,0.0925,0.4629,9
2026-09-25T00,66170,19832,99,False,0.5303,0.8338,8
2026-09-25T00,515025,12169,98,False,0.1631,0.5447,7
2026-09-25T00,499973,17529,100,True,0.2506,0.6207,5
2026-09-25T00,1264310518,11478,97,False,0.1731,0.5732,6
2026-09-25T00,29452,17151,51,False,0.1319,0.617,3
2026-09-25T00,511224,11622,99,False,0.2118,0.6279,8
2026-09-25T00,512710,9826,94,False,0.1841,0.5159,6
2026-09-25T00,509659,12137,99,False,0.2758,0.6219,9
2026-09-25T00,19619,8503,98,False,0.0742,0.3582,3
2026-09-25T00,602040818,8738,100,True,0.1756,0.6047,2
2026-09-25T00,1267582829,5936,95,False,0.0738,0.375,11
2026-09-25T00,509660,5712,97,False,0.0588,0.296,7
2026-09-25T00,513181,7198,99,False,0.2447,0.7598,9
2026-09-25T00,460630,5590,92,False,0.1578,0.6469,7
2026-09-25T00,2132205352,7311,100,True,0.2227,0.7668,5
2026-09-25T00,380978759,7776,71,False,0.2636,0.8881,6
2026-09-25T00,498592,7695,100,True,0.3557,0.7519,14
2026-09-25T00,491931,6527,100,True,0.2133,0.6996,8
2026-09-25T00,488190,6961,73,False,0.4133,0.8269,6
2026-09-25T00,401587136,6566,100,True,0.359,0.7854,10
2026-09-25T00,515024,6391,96,False,0.2261,0.7913,11
2026-09-25T00,779192097,6118,100,True,0.3645,0.705,6
2026-09-25T00,2012789438,5450,100,True,0.4864,0.7134,5
2026-09-25T00,1669431183,5582,97,False,0.0722,0.4332,8
2026-09-25T00,386821,6013,99,False,0.07,0.4419,11
2026-09-25T00,670138298,5082,95,False,0.3528,0.8408,1
2026-09-25T00,499003,6087,100,True,0.2591,0.738,6
2026-09-25T00,29307,6126,52,False,0.6639,0.967,7
2026-09-25T00,27284,5117,98,False,0.0661,0.3864,7
2026-09-25T00,272263131,5468,100,True,0.2743,0.7601,5
2026-09-25T00,26936,4073,97,False,0.0577,0.3489,7
2026-09-25T00,138585,5521,95,False,0.2768,0.8205,10
2026-09-25T00,902998079,4541,98,False,0.1495,0.6071,9
2026-09-25T00,12839,5377,17,False,0.6786,0.9916,2
2026-09-25T00,464339927,4011,98,False,0.1685,0.4572,10
2026-09-25T00,493057,4465,96,False,0.3801,0.6302,12
2026-09-25T00,23020,2480,98,False,0.1306,0.4597,4
2026-09-25T00,512953,3865,91,False,0.4256,0.7009,11
2026-09-25T00,27546,4868,72,False,0.7469,0.9248,13
2026-09-25T00,2113043143,4776,84,False,0.3381,0.7226,9
2026-09-25T00,504463,4484,95,False,0.4092,0.7904,10
2026-09-25T00,499634,4539,100,True,0.4942,0.8125,7
2026-09-25T00,459931,4295,100,True,0.1942,0.5704,4
2026-09-25T00,493959,3748,99,False,0.2153,0.6222,7
2026-09-25T00,417892,4319,94,False,0.2716,0.8291,8
2026-09-25T00,1458901309,4317,20,False,0.88,0.9963,7
2026-09-25T00,417528,4205,100,True,0.2644,0.6373,8
2026-09-25T00,509663,4146,96,False,0.131,0.6652,7
2026-09-25T00,514858,4126,71,False,0.7627,0.9241,6
2026-09-25T00,13332,3956,97,False,0.4087,0.8314,8
2026-09-25T00,24241,2720,97,False,0.0827,0.429,6
2026-09-25T00,2106755390,3453,99,False,0.2129,0.6154,8
2026-09-25T00,1441208453,3141,100,True,0.22,0.6797,9
2026-09-25T00,1913410799,3705,99,False,0.3304,0.7924,9
2026-09-25T00,1820378900,3596,100,True,0.8254,0.9107,10
2026-09-25T00,1763263,3523,32,False,0.4976,0.9793,3
2026-09-25T00,65632,3108,99,False,0.4009,0.7712,8
2026-09-25T00,1282866981,3159,100,True,0.3131,0.666,9
2026-09-25T00,4667,3248,14,False,0.9855,0.9991,3
2026-09-25T00,31339,2799,100,True,0.1572,0.5891,7
2026-09-25T00,490242481,3073,21,False,0.508,0.9902,3
2026-09-25T00,13389,2933,46,False,0.5895,0.9328,7
2026-09-25T00,66082,2045,100,True,0.1438,0.5017,5
2026-09-25T00,518184,2491,98,False,0.3846,0.6825,7
2026-09-25T00,417752,2679,96,False,0.0963,0.6346,6
2026-09-25T00,502829,2632,24,False,0.4062,0.9696,1
2026-09-25T00,500188,2291,100,True,0.1707,0.495,9
2026-09-25T00,75101830,1989,100,True,0.1352,0.5892,6
2026-09-25T00,1910206209,2552,1,False,1.0,1.0,1
2026-09-25T00,1414860634,2567,73,False,0.245,0.8524,8
2026-09-25T00,1494,758,100,True,0.058,0.347,7
2026-09-25T00,460951,2401,94,False,0.6531,0.8263,5
2026-09-25T00,168648543,2141,100,True,0.1401,0.6413,10
2026-09-25T00,11557,2409,99,False,0.3956,0.8032,5
2026-09-25T00,55453844,2408,99,False,0.2944,0.7251,7
2026-09-25T00,116747788,2362,43,False,0.539,0.9678,4
2026-09-25T00,65654,2327,100,True,0.6085,0.9257,6
2026-09-25T00,293693714,2291,88,False,0.6744,0.8608,8
2026-09-25T00,497057,1744,99,False,0.1416,0.4094,6
2026-09-25T07,509658,83306,93,False,0.0725,0.4006,11
2026-09-25T07,29595,57189,95,False,0.4075,0.8401,10
2026-09-25T07,21779,33508,98,False,0.0967,0.4279,12
2026-09-25T07,263490,41398,98,False,0.1152,0.7808,11
2026-09-25T07,18122,34119,98,False,0.1492,0.5692,9
2026-09-25T07,509672,33103,98,False,0.1909,0.6794,15
2026-09-25T07,516575,23698,98,False,0.1207,0.586,10
2026-09-25T07,32982,26741,95,False,0.1779,0.6322,9
2026-09-25T07,743893402,19360,97,False,0.1204,0.474,12
2026-09-25T07,32399,19002,100,True,0.1568,0.541,15
2026-09-25T07,499973,19372,100,True,0.4282,0.6382,5
2026-09-25T07,26936,18765,92,False,0.6798,0.9033,10
2026-09-25T07,1338428218,16679,100,True,0.1721,0.6969,11
2026-09-25T07,1960720223,16143,99,False,0.1617,0.5998,9
2026-09-25T07,33214,10364,100,True,0.0948,0.4866,6
2026-09-25T07,123184772,16143,98,False,0.1632,0.6591,9
2026-09-25T07,511224,13199,98,False,0.2334,0.6758,9
2026-09-25T07,498566,13807,64,False,0.1856,0.8608,9
2026-09-25T07,515025,10136,96,False,0.1521,0.5469,10
2026-09-25T07,29452,13612,27,False,0.1934,0.7072,4
2026-09-25T07,498592,12507,100,True,0.2028,0.5808,16
2026-09-25T07,491487,8288,95,False,0.1143,0.552,9
2026-09-25T07,1264310518,8691,93,False,0.0945,0.4926,5
2026-09-25T07,1728683467,11629,14,False,0.9061,0.9995,5
2026-09-25T07,513143,9964,97,False,0.2713,0.7951,13
2026-09-25T07,380978759,9263,71,False,0.2447,0.8517,8
2026-09-25T07,31339,8590,96,False,0.3225,0.8746,10
2026-09-25T07,123710355,8437,3,False,0.9979,1.0,3
2026-09-25T07,27471,5320,99,False,0.1524,0.4485,9
2026-09-25T07,509659,7840,99,False,0.1605,0.5394,6
2026-09-25T07,602040818,6723,96,False,0.2072,0.7155,1
2026-09-25T07,55453844,7488,89,False,0.7166,0.9195,7
2026-09-25T07,1267582829,4748,100,True,0.0828,0.3783,11
2026-09-25T07,509663,6723,55,False,0.378,0.9526,9
2026-09-25T07,509660,4644,100,True,0.045,0.3049,8
2026-09-25T07,512710,5139,96,False,0.0718,0.4586,9
2026-09-25T07,508455,5598,98,False,0.2992,0.619,14
2026-09-25T07,460630,5517,100,True,0.3138,0.7859,11
2026-09-25T07,30921,5618,93,False,0.2885,0.7887,7
2026-09-25T07,138585,5811,64,False,0.2659,0.9248,10
2026-09-25T07,66170,5263,99,False,0.3971,0.6914,11
2026-09-25T07,1458901309,5004,7,False,0.7758,1.0,2
2026-09-25T07,27546,4837,80,False,0.392,0.8241,13
2026-09-25T07,515024,4691,98,False,0.3183,0.8107,11
2026-09-25T07,464339927,4299,99,False,0.1538,0.6395,8
2026-09-25T07,272263131,4332,100,True,0.2507,0.7101,7
2026-09-25T07,386821,4435,99,False,0.1493,0.6061,14
2026-09-25T07,2132205352,4026,100,True,0.2469,0.7434,5
2026-09-25T07,491931,3904,100,True,0.3414,0.7075,9
2026-09-25T07,417892,4208,70,False,0.2837,0.9004,7
2026-09-25T07,1913410799,3943,59,False,0.261,0.9462,11
2026-09-25T07,401587136,3768,100,True,0.3373,0.7399,13
2026-09-25T07,27284,3711,92,False,0.0819,0.5101,10
2026-09-25T07,499003,3469,73,False,0.5806,0.866,6
2026-09-25T07,1669431183,3636,100,True,0.0899,0.4431,9
2026-09-25T07,518203,3457,56,False,0.2925,0.8753,8
2026-09-25T07,515881069,3271,8,False,0.8985,1.0,3
2026-09-25T07,19619,3079,98,False,0.1624,0.5021,4
2026-09-25T07,2106755390,3053,97,False,0.2286,0.7753,11
2026-09-25T07,1630982727,3060,44,False,0.5258,0.965,7
2026-09-25T07,1241308891,3043,1,False,1.0,1.0,1
2026-09-25T07,504463,3008,96,False,0.3228,0.8138,10
2026-09-25T07,1987896617,2943,100,True,0.282,0.8855,6
2026-09-25T07,1282866981,2973,99,False,0.2277,0.7077,8
2026-09-25T07,502829,2998,36,False,0.3702,0.9026,2
2026-09-25T07,417528,2602,64,False,0.1864,0.7879,9
2026-09-25T07,493057,2471,98,False,0.159,0.6127,16
2026-09-25T07,327598602,2497,99,False,0.2551,0.7765,8
2026-09-25T07,513181,2130,99,False,0.0826,0.3911,13
2026-09-25T07,676802825,2468,40,False,0.2804,0.8837,6
2026-09-25T07,24241,2221,96,False,0.0855,0.4025,6
2026-09-25T07,13332,2337,37,False,0.2739,0.92,7
2026-09-25T07,29307,2300,47,False,0.5543,0.8904,11
2026-09-25T07,65654,2308,19,False,0.9298,0.9965,6
2026-09-25T07,2113043143,2302,42,False,0.2745,0.8028,7
2026-09-25T07,670138298,2173,89,False,0.6199,0.8914,1
2026-09-25T07,779192097,2130,92,False,0.2254,0.6455,7
2026-09-25T07,23020,1298,95,False,0.1341,0.4407,6
2026-09-25T07,459931,2198,100,True,0.1561,0.5778,4
2026-09-25T07,2012789438,1884,97,False,0.2049,0.5366,6
2026-09-25T07,499634,2138,93,False,0.3045,0.8307,8
2026-09-25T07,19261,2045,2,False,0.9888,1.0,1
2026-09-25T07,512953,1762,95,False,0.1493,0.6073,10
2026-09-25T07,734642153,1904,4,False,0.8109,1.0,1
2026-09-25T07,19976,1863,51,False,0.3924,0.7955,3
2026-09-25T07,493959,1821,98,False,0.4487,0.7496,9
2026-09-25T07,509725,1604,8,False,0.9115,1.0,3
2026-09-25T07,66082,1489,97,False,0.2612,0.6964,14
2026-09-25T07,674491029,1725,24,False,0.8528,0.9901,7
2026-09-25T07,902998079,1538,91,False,0.1092,0.5228,7
2026-09-25T07,1441208453,1443,100,True,0.1954,0.5267,12
2026-09-25T07,509511,1659,64,False,0.1742,0.7312,6
2026-09-25T07,27602,1552,5,False,0.9955,1.0,1
2026-09-25T07,500188,1523,97,False,0.1944,0.606,11
2026-09-25T07,1702520304,1501,94,False,0.1599,0.6229,13
2026-09-25T07,116747788,1504,45,False,0.516,0.9142,5
2026-09-25T07,1435206302,1405,40,False,0.4142,0.9103,5
2026-09-25T07,1173887206,1431,2,False,0.9979,1.0,2
2026-09-25T07,20596,1371,20,False,0.515,0.9752,3
2026-09-25T07,1599346425,1330,100,True,0.1,0.4632,11
