snapshot_hour_utc,game_id,position,user_login,viewer_count,language,started_at
2026-08-28T01,1730141938,1,lvcaoabelha,29024,pt,2026-08-28T00:41:05Z
2026-08-28T01,1820378900,1,rescue,816,en,2026-08-27T10:16:24Z
2026-08-28T01,1820378900,2,shanks_lol1,475,pt,2026-08-27T23:02:04Z
2026-08-28T01,1820378900,3,albyaround,342,en,2026-08-27T19:33:13Z
2026-08-28T01,1763844707,1,distortion2,1646,en,2026-08-27T17:00:30Z
2026-08-28T01,1763844707,2,tobiasfate,171,en,2026-08-27T19:05:15Z
2026-08-28T01,1763844707,3,raptorraptoria,97,en,2026-08-27T21:44:51Z
2026-08-28T01,1282866981,1,poach,400,en,2026-08-27T17:37:50Z
2026-08-28T01,1282866981,2,equalplays,231,en,2026-08-27T22:04:56Z
2026-08-28T01,1282866981,3,winghaven,193,es,2026-08-27T22:18:05Z
2026-08-28T01,1832641890,1,robertsportmas,471,es,2026-08-27T22:58:18Z
2026-08-28T01,1832641890,2,yourfriendkyle,403,en,2026-08-28T00:43:51Z
2026-08-28T01,1832641890,3,ryue_domi,359,es,2026-08-27T22:34:41Z
2026-08-28T01,509658,1,2xrakai,27435,en,2026-08-27T23:49:17Z
2026-08-28T01,509658,2,jasontheween,18807,en,2026-08-27T18:59:57Z
2026-08-28T01,509658,3,yourragegaming,17859,en,2026-08-27T18:43:00Z
2026-08-28T01,18122,1,maximum,14021,en,2026-08-27T16:52:03Z
2026-08-28T01,18122,2,teamliquid,13438,en,2026-08-27T06:40:55Z
2026-08-28T01,18122,3,penta,1743,en,2026-08-27T18:33:11Z
2026-08-28T01,1898040946,1,tumblurr,30396,it,2026-08-27T17:58:10Z
2026-08-28T01,1898040946,2,jerma985,9261,en,2026-08-27T22:44:32Z
2026-08-28T01,1898040946,3,vinesauce,5129,en,2026-08-27T22:51:54Z
2026-08-28T01,32982,1,officermesser,4119,en,2026-08-27T22:53:17Z
2026-08-28T01,32982,2,teegrizzley,3037,en,2026-08-27T18:47:20Z
2026-08-28T01,32982,3,aenot,2134,fr,2026-08-27T17:33:29Z
2026-08-28T01,491931,1,theburntpeanut,37841,en,2026-08-28T00:10:51Z
2026-08-28T01,491931,2,stankrat,1014,en,2026-08-27T22:38:57Z
2026-08-28T01,491931,3,heyyouvideogame,980,en,2026-08-28T00:43:00Z
2026-08-28T01,21779,1,loltyler1,6029,en,2026-08-27T20:09:59Z
2026-08-28T01,21779,2,doublelift,3962,en,2026-08-27T20:49:56Z
2026-08-28T01,21779,3,nissaxter,3336,es,2026-08-27T21:32:01Z
2026-08-28T01,27471,1,valkyrae,4463,en,2026-08-27T19:31:31Z
2026-08-28T01,27471,2,fuslie,3928,en,2026-08-27T19:24:19Z
2026-08-28T01,27471,3,foolish,2120,en,2026-08-27T20:53:34Z
2026-08-28T01,33214,1,faxuty,6108,en,2026-08-27T22:14:28Z
2026-08-28T01,33214,2,aussieantics,3783,en,2026-08-27T21:39:55Z
2026-08-28T01,33214,3,gorilon,1818,es,2026-08-28T01:12:38Z
2026-08-28T01,602040818,1,luuhliq,3316,en,2026-08-28T01:10:46Z
2026-08-28T01,602040818,2,joeknowsyt,3120,en,2026-08-27T21:08:45Z
2026-08-28T01,602040818,3,rayasianboy,1761,en,2026-08-27T21:49:58Z
2026-08-28T01,32399,1,strogo,8322,ru,2026-08-27T20:05:45Z
2026-08-28T01,32399,2,summit1g,3159,en,2026-08-28T01:11:17Z
2026-08-28T01,32399,3,oruipinto,1301,pt,2026-08-27T19:59:57Z
2026-08-28T01,516575,1,johnqtcs,3232,en,2026-08-27T23:02:29Z
2026-08-28T01,516575,2,xarola_,1972,pt,2026-08-27T20:41:09Z
2026-08-28T01,516575,3,melhssn_,1484,fr,2026-08-27T21:25:20Z
2026-08-28T01,570615518,1,zackrawrr,24995,en,2026-08-27T18:07:51Z
2026-08-28T01,570615518,2,dizzykitten,1390,en,2026-08-27T23:04:28Z
2026-08-28T01,570615518,3,streamdatabase,1101,en,2026-08-26T17:52:13Z
2026-08-28T01,491487,1,facuuparejas,1623,es,2026-08-27T21:14:49Z
2026-08-28T01,491487,2,ohtofu,1335,en,2026-08-27T22:21:52Z
2026-08-28T01,491487,3,sabrinoca,882,pt,2026-08-28T00:09:32Z
2026-08-28T01,30921,1,xqc,23437,en,2026-08-27T17:47:50Z
2026-08-28T01,30921,2,kaydop,2172,fr,2026-08-27T21:18:52Z
2026-08-28T01,30921,3,redify,549,en,2026-08-28T00:54:05Z
2026-08-28T01,513143,1,k3soju,8275,en,2026-08-27T14:01:33Z
2026-08-28T01,513143,2,gotaga,3720,fr,2026-08-27T17:24:37Z
2026-08-28T01,513143,3,boxbox,2393,en,2026-08-27T23:44:03Z
2026-08-28T01,511224,1,imperialhal__,8522,en,2026-08-27T20:58:06Z
2026-08-28T01,511224,2,nicewigg,4488,en,2026-08-27T21:56:41Z
2026-08-28T01,511224,3,sweetdreams,1439,en,2026-08-27T21:00:15Z
2026-08-28T01,1264310518,1,kingsman265_twitch,2234,en,2026-08-28T00:08:50Z
2026-08-28T01,1264310518,2,aramori,903,en,2026-08-27T21:32:08Z
2026-08-28T01,1264310518,3,lythero,862,en,2026-08-27T23:00:35Z
2026-08-28T01,29595,1,mellstroy,4006,ru,2026-08-27T22:54:44Z
2026-08-28T01,29595,2,judah_xx,2785,en,2026-08-27T21:10:26Z
2026-08-28T01,29595,3,masondota2,2138,en,2026-08-27T21:03:24Z
2026-08-28T01,498566,1,grumpybets00,2823,en,2026-08-28T00:00:41Z
2026-08-28T01,498566,2,its_cashback,2411,en,2026-08-28T01:30:31Z
2026-08-28T01,498566,3,synare35,2164,en,2026-08-27T09:45:32Z
2026-08-28T01,674491029,1,barbarousking,2800,en,2026-08-27T23:04:20Z
2026-08-28T01,674491029,2,strippin,2486,en,2026-08-27T15:07:00Z
2026-08-28T01,674491029,3,fairlight_excalibur,981,en,2026-08-28T00:31:02Z
2026-08-28T01,509672,1,tylil,2746,en,2026-08-28T01:11:39Z
2026-08-28T01,509672,2,funnymike,1535,en,2026-08-27T20:06:36Z
2026-08-28T01,509672,3,cooksux,1345,en,2026-08-27T20:37:46Z
2026-08-28T01,458353,1,moonmoon,13957,en,2026-08-27T20:02:11Z
2026-08-28T01,458353,2,dolphinchemist,1763,en,2026-08-27T23:01:54Z
2026-08-28T01,458353,3,smokaloke,436,en,2026-08-27T17:36:21Z
2026-08-28T01,624536948,1,facada,8463,pt,2026-08-28T00:05:24Z
2026-08-28T01,624536948,2,caaua,1950,pt,2026-08-27T20:53:12Z
2026-08-28T01,624536948,3,drakingyt,1687,es,2026-08-28T00:10:28Z
2026-08-28T01,499973,1,cineillojuan,2490,es,2026-08-27T22:37:14Z
2026-08-28T01,499973,2,theburntpeanut_247,1004,en,2026-08-26T03:52:08Z
2026-08-28T01,499973,3,eliasn97_vod,970,de,2026-08-26T21:04:46Z
2026-08-28T01,515025,1,warn,950,en,2026-08-27T22:30:08Z
2026-08-28T01,515025,2,vulture_ow,559,en,2026-08-27T23:39:44Z
2026-08-28T01,515025,3,joystick,377,en,2026-08-27T23:01:14Z
2026-08-28T01,512710,1,ketchup,669,es,2026-08-27T19:49:58Z
2026-08-28T01,512710,2,dongy,504,en,2026-08-27T19:22:38Z
2026-08-28T01,512710,3,nexzou,499,en,2026-08-28T01:03:37Z
2026-08-28T01,1702520304,1,guythatdies,4504,en,2026-08-27T20:46:33Z
2026-08-28T01,1702520304,2,787prada,3135,en,2026-08-27T19:00:45Z
2026-08-28T01,1702520304,3,datmodz,2842,en,2026-08-27T21:26:28Z
2026-08-28T01,518203,1,primevideo,8988,en,2026-08-27T23:31:20Z
2026-08-28T01,518203,2,betboomtennis,567,ru,2026-08-27T21:01:16Z
2026-08-28T01,518203,3,assodiroma_official,469,it,2026-08-27T22:58:41Z
2026-08-28T01,509659,1,besa,1078,en,2026-08-27T21:37:41Z
2026-08-28T01,509659,2,tarakaminarito,931,en,2026-08-27T22:01:14Z
2026-08-28T01,509659,3,kyouasmr,712,en,2026-08-28T00:29:51Z
2026-08-28T01,1867279146,1,joblessgarrett,1247,en,2026-08-27T18:02:19Z
2026-08-28T01,1867279146,2,tealzlol,1118,pt,2026-08-27T23:26:02Z
2026-08-28T01,1867279146,3,bobbyraygray,812,en,2026-08-27T22:54:26Z
2026-08-28T01,512953,1,lilaggy,3008,en,2026-08-27T22:47:40Z
2026-08-28T01,512953,2,qttsix,2148,zh,2026-08-27T14:17:26Z
2026-08-28T01,512953,3,peeve,676,en,2026-08-27T18:29:14Z
2026-08-28T01,19619,1,rubini,985,pt,2026-08-27T22:38:45Z
2026-08-28T01,19619,2,tibiaemprego,615,pt,2026-08-27T22:54:42Z
2026-08-28T01,19619,3,antedeguemonn,567,pt,2026-08-26T13:54:27Z
2026-08-28T01,493959,1,fanum,6787,en,2026-08-27T18:48:58Z
2026-08-28T01,493959,2,ventura,189,pt,2026-08-27T17:04:36Z
2026-08-28T01,493959,3,emiru247,176,en,2026-08-27T17:57:18Z
2026-08-28T01,27284,1,gromfalloon,2200,en,2026-08-27T22:58:53Z
2026-08-28T01,27284,2,macaw45,843,en,2026-08-28T01:02:40Z
2026-08-28T01,27284,3,yunalescka,235,en,2026-08-27T20:50:04Z
2026-08-28T01,460630,1,mingo,1932,en,2026-08-27T17:58:04Z
2026-08-28T01,460630,2,beaulo,778,en,2026-08-27T21:11:01Z
2026-08-28T01,460630,3,psypho,597,en,2026-08-27T21:34:13Z
2026-08-28T01,509660,1,dibujanding,442,es,2026-08-28T01:12:40Z
2026-08-28T01,509660,2,trailboundsketches,350,en,2026-08-28T01:23:47Z
2026-08-28T01,509660,3,carmilla_png,147,en,2026-08-28T00:10:24Z
2026-08-28T01,2132205352,1,surefour,1987,en,2026-08-27T22:25:24Z
2026-08-28T01,2132205352,2,eido,1180,en,2026-08-26T22:07:13Z
2026-08-28T01,2132205352,3,lomein,693,en,2026-08-27T22:06:33Z
2026-08-28T01,2012789438,1,shotzzy,1956,en,2026-08-28T00:39:59Z
2026-08-28T01,2012789438,2,formal,1237,en,2026-08-28T00:39:59Z
2026-08-28T01,2012789438,3,methodz,543,en,2026-08-28T00:39:59Z
2026-08-28T01,509663,1,xthesolutiontv,3273,de,2026-08-27T16:36:01Z
2026-08-28T01,509663,2,chrismelberger,987,en,2026-08-27T19:54:59Z
2026-08-28T01,509663,3,asthereus,620,en,2026-08-27T22:40:09Z
2026-08-28T01,24241,1,vulpixie,625,en,2026-08-27T17:00:58Z
2026-08-28T01,24241,2,afrosenju,500,en,2026-08-27T22:24:29Z
2026-08-28T01,24241,3,midnababy,249,en,2026-08-27T22:48:46Z
2026-08-28T01,138585,1,beterbabbit,1630,en,2026-08-27T16:20:14Z
2026-08-28T01,138585,2,xqn_thesad,1187,en,2026-08-27T13:25:20Z
2026-08-28T01,138585,3,ness,573,pt,2026-08-27T21:15:59Z
2026-08-28T01,1119642287,1,joshuaschmidtygo,2938,en,2026-08-27T23:36:13Z
2026-08-28T01,1119642287,2,seereax,991,en,2026-08-28T00:10:05Z
2026-08-28T01,1119642287,3,mrlo_tw,767,zh,2026-08-27T23:15:48Z
2026-08-28T01,65876,1,jltomy,6145,fr,2026-08-27T17:59:43Z
2026-08-28T01,65876,2,saoriv,165,en,2026-08-27T16:35:50Z
2026-08-28T01,65876,3,elotrix_247,71,de,2026-08-27T20:32:03Z
2026-08-28T01,1669431183,1,pyka,982,en,2026-08-27T23:44:01Z
2026-08-28T01,1669431183,2,danceteriarewind,977,en,2026-08-27T23:30:10Z
2026-08-28T01,1669431183,3,lanadj,355,en,2026-08-27T21:53:21Z
2026-08-28T01,1081998272,1,arielle,2380,en,2026-08-27T21:15:43Z
2026-08-28T01,1081998272,2,peegtv,684,en,2026-08-27T17:40:46Z
2026-08-28T01,1081998272,3,jojothamofo,251,en,2026-08-27T17:59:13Z
2026-08-28T01,386821,1,divios,1132,en,2026-08-27T15:28:56Z
2026-08-28T01,386821,2,trollzinha,538,pt,2026-08-27T17:00:09Z
2026-08-28T01,386821,3,goldsteinburg,341,en,2026-08-27T21:56:02Z
2026-08-28T01,459931,1,purpp,903,en,2026-08-28T00:52:02Z
2026-08-28T01,459931,2,mr_mammal,823,en,2026-08-27T19:06:24Z
2026-08-28T01,459931,3,sardaco,808,en,2026-08-27T17:00:46Z
2026-08-28T01,66170,1,ladytheladdy,3867,en,2026-08-27T19:00:21Z
2026-08-28T01,66170,2,professorlih,306,pt,2026-08-27T22:00:52Z
2026-08-28T01,66170,3,senatordongo,165,en,2026-08-27T22:41:59Z
2026-08-28T01,26936,1,windowlightfm,336,en,2026-08-27T16:09:54Z
2026-08-28T01,26936,2,julie,241,en,2026-08-28T00:04:30Z
2026-08-28T01,26936,3,lofigirl,219,en,2026-08-27T07:20:05Z
2026-08-28T01,499003,1,itskxtlyn,1877,en,2026-08-28T00:48:52Z
2026-08-28T01,499003,2,murdercrumpet,1046,en,2026-08-27T20:58:35Z
2026-08-28T01,499003,3,moonbuvr,683,en,2026-08-28T00:12:12Z
2026-08-28T01,464339927,1,zlaner,1434,en,2026-08-27T18:49:57Z
2026-08-28T01,464339927,2,lyesval,387,en,2026-08-27T21:44:51Z
2026-08-28T01,464339927,3,samejoey,305,en,2026-08-27T05:45:38Z
2026-08-28T01,263490,1,oilrats,1899,en,2026-08-27T13:47:38Z
2026-08-28T01,263490,2,yufuna,1027,ja,2026-08-27T22:20:20Z
2026-08-28T01,263490,3,iriskpvp,208,en,2026-08-27T20:58:36Z
2026-08-28T01,23020,1,clout,683,en,2026-08-27T03:55:31Z
2026-08-28T01,23020,2,bundun,134,en,2026-08-28T00:00:58Z
2026-08-28T01,23020,3,angeltankedd,117,en,2026-08-27T23:16:55Z
2026-08-28T01,670138298,1,problemwright,766,en,2026-08-27T22:03:35Z
2026-08-28T01,670138298,2,itsmoshimadden,755,en,2026-08-27T15:32:13Z
2026-08-28T01,670138298,3,mills,355,en,2026-08-27T21:43:16Z
2026-08-28T01,1478650472,1,zoomaa,4799,en,2026-08-27T19:06:20Z
2026-08-28T01,1478650472,2,youtubezdawg,261,en,2026-08-27T21:38:26Z
2026-08-28T01,1478650472,3,astrox031,141,pt,2026-08-28T00:43:47Z
2026-08-28T01,29452,1,burgaofps,1699,pt,2026-08-27T22:31:54Z
2026-08-28T01,29452,2,gzk_tips,551,pt,2026-08-27T21:58:05Z
2026-08-28T01,29452,3,tecnosh,435,pt,2026-08-28T00:43:15Z
2026-08-28T01,13332,1,powaslap,734,en,2026-08-27T21:13:41Z
2026-08-28T01,13332,2,twitchplayspokemon,477,en,2026-08-27T19:34:12Z
2026-08-28T01,13332,3,lightorias,462,en,2026-08-27T23:46:49Z
2026-08-28T01,1036710512,1,mikami_kon,1852,ja,2026-08-27T18:09:06Z
2026-08-28T01,1036710512,2,koragi_ch,312,en,2026-08-27T23:50:26Z
2026-08-28T01,1036710512,3,shesdarling,123,en,2026-08-27T21:55:35Z
2026-08-28T01,31339,1,disnof,649,en,2026-08-27T18:26:31Z
2026-08-28T01,31339,2,gaules,414,pt,2026-08-27T17:29:33Z
2026-08-28T01,31339,3,condejorge,391,es,2026-08-27T21:35:59Z
2026-08-28T01,493057,1,julien,837,en,2026-08-28T00:17:25Z
2026-08-28T01,493057,2,sparking_,473,pt,2026-08-27T22:24:54Z
2026-08-28T01,493057,3,cyberfocus,204,ru,2026-08-28T00:54:20Z
2026-08-28T01,504463,1,nothingbutskillz,2013,en,2026-08-27T13:18:13Z
2026-08-28T01,504463,2,gcrock6,717,en,2026-08-27T10:49:59Z
2026-08-28T01,504463,3,streamerhouse,715,en,2026-08-26T22:18:35Z
2026-08-28T01,1441208453,1,firedragon_95,682,en,2026-08-27T23:17:47Z
2026-08-28T01,1441208453,2,elpina_gg,553,en,2026-08-28T01:04:35Z
2026-08-28T01,1441208453,3,senevades,375,en,2026-08-27T18:00:47Z
2026-08-28T01,498592,1,kawa1sheep,982,zh,2026-08-27T13:05:30Z
2026-08-28T01,498592,2,kunshikitty,639,de,2026-08-26T05:52:28Z
2026-08-28T01,498592,3,exsl95,405,de,2026-08-26T13:22:47Z
2026-08-28T01,1832841853,1,pixienaut,459,de,2026-08-28T00:20:24Z
2026-08-28T01,1832841853,2,dub_ok_tv,314,ru,2026-08-27T21:11:49Z
2026-08-28T01,1832841853,3,jack_fromsoft,270,de,2026-08-27T15:17:58Z
2026-08-28T01,66082,1,guit88man,1210,ru,2026-08-27T18:11:05Z
2026-08-28T01,66082,2,sharkie,392,en,2026-08-27T02:48:20Z
2026-08-28T01,66082,3,will_shand,234,en,2026-08-28T00:54:36Z
2026-08-28T01,513181,1,fobm4ster,2139,en,2026-08-27T22:30:21Z
2026-08-28T01,513181,2,chawndo,473,en,2026-08-27T21:09:59Z
2026-08-28T01,513181,3,limbosauce,290,en,2026-08-28T00:01:55Z
2026-08-28T01,499634,1,dvces,1432,en,2026-08-27T13:11:41Z
2026-08-28T01,499634,2,threadguywren,1077,en,2026-08-28T00:54:59Z
2026-08-28T01,499634,3,schoen_xyz,415,en,2026-08-27T18:50:02Z
2026-08-28T01,509511,1,shroudedgaming,2308,en,2026-08-27T18:44:59Z
2026-08-28T01,509511,2,sandyjackson,321,de,2026-08-27T20:55:33Z
2026-08-28T01,509511,3,raysfire,314,en,2026-08-28T00:48:40Z
2026-08-28T01,416015,1,h2p_gucio,1966,pl,2026-08-27T17:29:00Z
2026-08-28T01,416015,2,mistersleepycat,837,en,2026-08-27T23:09:18Z
2026-08-28T01,416015,3,ruetoo,484,en,2026-08-27T15:27:58Z
2026-08-28T01,65632,1,smoke,1321,en,2026-08-28T00:54:37Z
2026-08-28T01,65632,2,laxhawthorn007,541,en,2026-08-27T22:35:00Z
2026-08-28T01,65632,3,eiriish,312,en,2026-08-27T20:58:47Z
2026-08-28T01,339050343,1,henyathegenius,4216,en,2026-08-27T22:49:09Z
2026-08-28T01,339050343,2,daihan,114,ru,2026-08-27T19:10:37Z
2026-08-28T01,339050343,3,jayyswizzzle,42,en,2026-08-27T23:06:47Z
2026-08-28T01,417528,1,murloka,518,en,2026-08-27T21:49:28Z
2026-08-28T01,417528,2,feeckz,485,es,2026-08-27T20:50:58Z
2026-08-28T01,417528,3,africaalbion,429,pt,2026-08-27T23:21:38Z
2026-08-28T01,168648543,1,zwebackhd,874,en,2026-08-27T22:13:00Z
2026-08-28T01,168648543,2,low4n,341,fr,2026-08-27T21:23:48Z
2026-08-28T01,168648543,3,rglqq,250,en,2026-08-28T01:13:04Z
2026-08-28T01,18893,1,calebhart42,1211,en,2026-08-28T00:09:31Z
2026-08-28T01,18893,2,outerheaven,510,en,2026-08-27T23:48:22Z
2026-08-28T01,18893,3,sekine,461,en,2026-08-27T22:47:36Z
2026-08-28T01,272263131,1,alveussanctuary,964,en,2026-08-27T13:06:42Z
2026-08-28T01,272263131,2,ferretsoftware,344,en,2026-08-26T18:17:51Z
2026-08-28T01,272263131,3,marinemammalrescue,260,en,2026-08-27T23:21:49Z
2026-08-28T01,982017546,1,jupieverse,1585,en,2026-08-27T17:26:25Z
2026-08-28T01,982017546,2,bongchue,195,en,2026-08-27T18:05:41Z
2026-08-28T01,982017546,3,kerritcake,145,en,2026-08-27T22:51:00Z
2026-08-28T01,12839,1,voodoosh,2778,ru,2026-08-27T21:46:47Z
2026-08-28T01,12839,2,zherarrr,678,ru,2026-08-27T20:17:46Z
2026-08-28T01,12839,3,akastinger,332,ru,2026-08-27T17:58:07Z
2026-08-28T01,676802825,1,callmecarsonlive,318,en,2026-08-27T21:37:25Z
2026-08-28T01,676802825,2,ellyen,314,en,2026-08-27T19:12:53Z
2026-08-28T01,676802825,3,kaylieuh,172,en,2026-08-28T01:32:55Z
2026-08-28T01,509667,1,staryuuki,2131,es,2026-08-28T00:14:06Z
2026-08-28T01,509667,2,uwoslab,909,en,2026-08-27T22:20:04Z
2026-08-28T01,509667,3,beststreetfood,68,en,2026-08-26T10:04:57Z
2026-08-28T01,1910103699,1,yznsa,1877,ar,2026-08-27T23:13:51Z
2026-08-28T01,1910103699,2,uhitsreign,130,en,2026-08-28T00:07:17Z
2026-08-28T01,1910103699,3,lamp,125,en,2026-08-27T21:31:01Z
2026-08-28T01,488190,1,minthon19,749,ru,2026-08-27T23:27:09Z
2026-08-28T01,488190,2,ignition_oficial,299,pt,2026-08-27T22:06:48Z
2026-08-28T01,488190,3,apestylespoker,293,en,2026-08-27T23:08:03Z
2026-08-28T01,1494,1,dvniel_play,468,fr,2026-08-27T19:08:32Z
2026-08-28T01,1494,2,gen_x_gamer79,105,en,2026-08-28T00:05:09Z
2026-08-28T01,1494,3,deakywz,55,en,2026-08-27T22:38:38Z
2026-08-28T01,500188,1,sprooky,343,en,2026-08-28T00:05:04Z
2026-08-28T01,500188,2,khalamity,330,en,2026-08-27T22:34:10Z
2026-08-28T01,500188,3,ghouly,165,en,2026-08-27T23:29:09Z
2026-08-28T01,27546,1,rysiek,1038,pl,2026-08-27T21:40:20Z
2026-08-28T01,27546,2,german_intelligence,629,en,2026-08-27T21:07:22Z
2026-08-28T01,27546,3,o_p_hacker,495,en,2026-08-27T21:40:26Z
2026-08-28T01,1253800827,1,giggand,2911,de,2026-08-27T18:17:21Z
2026-08-28T01,1253800827,2,its_y0u_kn0w,8,en,2026-08-27T23:00:18Z
2026-08-28T01,1253800827,3,greyshadowwolf,3,en,2026-08-27T23:00:01Z
2026-08-28T01,518184,1,twigbot_,291,en,2026-08-27T22:06:28Z
2026-08-28T01,518184,2,bimbam_gaming,262,en,2026-08-27T22:57:42Z
2026-08-28T01,518184,3,cooperscharms,139,en,2026-08-28T01:00:06Z
2026-08-28T01,490655,1,hoshiri13,582,en,2026-08-27T13:10:15Z
2026-08-28T01,490655,2,badgeforbadge,498,en,2026-08-27T19:06:34Z
2026-08-28T01,490655,3,ofuris,399,en,2026-08-27T03:51:41Z
2026-08-28T01,55453844,1,nemo_good,927,ja,2026-08-27T23:13:35Z
2026-08-28T01,55453844,2,zainnaghmi,298,en,2026-08-27T21:00:45Z
2026-08-28T01,55453844,3,nychrisg,156,en,2026-08-27T19:31:00Z
2026-08-28T01,540132929,1,vargskelethor,2824,en,2026-08-28T00:03:48Z
2026-08-28T01,852009328,1,clovaobengala,467,pt,2026-08-27T21:43:25Z
2026-08-28T01,852009328,2,iitzotaku,233,en,2026-08-27T18:40:19Z
2026-08-28T01,852009328,3,enzotps,214,en,2026-08-27T17:33:54Z
2026-08-28T01,1846293708,1,whatifjulia,720,en,2026-08-27T23:31:43Z
2026-08-28T01,1846293708,2,amandaspeaks,496,en,2026-08-27T22:25:20Z
2026-08-28T01,1846293708,3,archit3ct,122,en,2026-08-27T22:13:18Z
2026-08-28T01,401587136,1,mozgoejka,431,ru,2026-08-27T21:13:35Z
2026-08-28T01,401587136,2,j3llybag3l,207,en,2026-08-28T00:00:04Z
2026-08-28T01,401587136,3,trakassinn,175,es,2026-08-27T19:08:32Z
2026-08-28T01,15229,1,radaxt,2177,pt,2026-08-27T18:36:35Z
2026-08-28T01,15229,2,mimilulu23,135,pt,2026-08-27T22:18:05Z
2026-08-28T01,15229,3,cabanadosentinela,43,pt,2026-08-27T23:00:09Z
2026-08-28T01,884569009,1,conix,1351,en,2026-08-27T20:58:47Z
2026-08-28T01,884569009,2,zeuz_0,187,en,2026-08-28T00:59:47Z
2026-08-28T01,884569009,3,sidsity,155,en,2026-08-28T01:23:26Z
2026-08-28T01,512923,1,patopapao,486,pt,2026-08-27T21:20:15Z
2026-08-28T01,512923,2,helheim_lynx,345,en,2026-08-28T01:04:51Z
2026-08-28T01,512923,3,deckedoutedh,105,en,2026-08-27T21:28:38Z
2026-08-28T01,21465,1,mrekk,1797,en,2026-08-28T00:07:18Z
2026-08-28T01,21465,2,koifishu,161,en,2026-08-26T23:28:40Z
2026-08-28T01,21465,3,cityyyno,36,en,2026-08-27T23:08:32Z
2026-08-28T01,71375,1,queen_pwnzalot,295,en,2026-08-28T00:16:06Z
2026-08-28T01,71375,2,theastropub,171,en,2026-08-28T00:09:19Z
2026-08-28T01,71375,3,xerostate,159,en,2026-08-27T23:25:02Z
2026-08-28T01,417752,1,gigaboots,248,en,2026-08-28T01:17:59Z
2026-08-28T01,417752,2,realinfowars,240,en,2026-08-27T23:57:34Z
2026-08-28T01,417752,3,dcp_live,117,en,2026-08-28T01:10:35Z
2026-08-28T01,1544653089,1,mictia00,1543,es,2026-08-27T21:30:44Z
2026-08-28T01,1544653089,2,evapartis,416,es,2026-08-28T00:42:30Z
2026-08-28T01,1544653089,3,shurahiwa,165,es,2026-08-27T23:45:14Z
2026-08-28T01,1678532194,1,showinstatssam,71,en,2026-08-27T23:39:45Z
2026-08-28T01,1678532194,2,invinsonable1,48,en,2026-08-27T22:54:17Z
2026-08-28T01,1678532194,3,itsginobili__,44,en,2026-08-28T00:20:17Z
2026-08-28T05,937636808,1,caseoh_,57081,en,2026-08-28T02:02:24Z
2026-08-28T05,1115711128,1,xqc,16706,en,2026-08-27T17:47:50Z
2026-08-28T05,1115711128,2,redify,501,en,2026-08-28T00:54:05Z
2026-08-28T05,1115711128,3,wonktootie,39,en,2026-08-28T05:00:12Z
2026-08-28T05,1033687757,1,vargskelethor,2346,en,2026-08-28T00:03:48Z
2026-08-28T05,2066107586,1,burkeblack,944,en,2026-08-28T00:48:59Z
2026-08-28T05,2066107586,2,gassymexican,633,en,2026-08-27T23:41:22Z
2026-08-28T05,2066107586,3,cletusbueford,56,en,2026-08-28T00:01:45Z
2026-08-28T05,676802825,1,kaylieuh,221,en,2026-08-28T01:32:55Z
2026-08-28T05,676802825,2,cynder8342,119,en,2026-08-28T00:00:07Z
2026-08-28T05,676802825,3,sunflowersmith,117,en,2026-08-28T00:35:59Z
2026-08-28T05,1042236765,1,pippa,1112,en,2026-08-28T00:57:31Z
2026-08-28T05,1042236765,2,yulihong22,733,zh,2026-08-28T01:13:56Z
2026-08-28T05,1042236765,3,raginggoldeneagle,18,en,2026-08-28T00:59:57Z
2026-08-28T05,518184,1,cooperscharms,248,en,2026-08-28T01:52:47Z
2026-08-28T05,518184,2,msshadylady,76,en,2026-08-28T04:54:37Z
2026-08-28T05,518184,3,smittenseraph,72,en,2026-08-28T02:43:31Z
2026-08-28T05,512923,1,helheim_lynx,303,en,2026-08-28T01:04:51Z
2026-08-28T05,512923,2,thepowerhour,140,en,2026-08-28T04:50:59Z
2026-08-28T05,512923,3,paisley_trees,97,en,2026-08-28T01:21:58Z
2026-08-28T05,1867279146,1,crappa,334,hu,2026-08-28T04:59:36Z
2026-08-28T05,1867279146,2,infinite_sge,276,en,2026-08-28T05:06:29Z
2026-08-28T05,1867279146,3,motfrais,225,es,2026-08-28T03:38:33Z
2026-08-28T05,24226,1,outerheaven,459,en,2026-08-27T23:48:22Z
2026-08-28T05,24226,2,kaytorinn,33,en,2026-08-28T04:07:17Z
2026-08-28T05,24226,3,wtttttm,12,en,2026-08-28T05:00:11Z
2026-08-28T05,509577,1,criticalrole,3275,en,2026-08-28T01:35:31Z
2026-08-28T05,509577,2,writerfluff,52,en,2026-08-27T23:39:34Z
2026-08-28T05,509577,3,captainrobear,46,en,2026-08-28T04:22:39Z
2026-08-28T05,1432155743,1,themaindevent,2136,en,2026-08-28T01:45:14Z
2026-08-28T05,1432155743,2,gamingwithremi,9,en,2026-08-28T03:55:58Z
2026-08-28T05,743,1,itsmrskychess,837,en,2026-08-28T04:15:06Z
2026-08-28T05,743,2,gmminhle,174,en,2026-08-28T03:14:23Z
2026-08-28T05,743,3,alansgambit,108,en,2026-08-28T05:06:53Z
2026-08-28T05,509658,1,cinna,16026,en,2026-08-27T20:41:06Z
2026-08-28T05,509658,2,silky,6317,en,2026-08-28T03:59:11Z
2026-08-28T05,509658,3,casimito,6076,pt,2026-08-28T02:00:39Z
2026-08-28T05,2059463486,1,caseoh_,52684,en,2026-08-28T02:02:24Z
2026-08-28T05,2059463486,2,vanillamace,8186,en,2026-08-28T01:00:24Z
2026-08-28T05,2059463486,3,drgluon,776,en,2026-08-28T01:04:03Z
2026-08-28T05,491931,1,theburntpeanut,39693,en,2026-08-28T00:10:51Z
2026-08-28T05,491931,2,smoke,2336,en,2026-08-28T00:54:37Z
2026-08-28T05,491931,3,heyyouvideogame,1239,en,2026-08-28T00:43:00Z
2026-08-28T05,602040818,1,lacy,12405,en,2026-08-27T23:16:24Z
2026-08-28T05,602040818,2,marlon,4349,en,2026-08-27T22:34:27Z
2026-08-28T05,602040818,3,rayasianboy,3155,en,2026-08-27T21:49:58Z
2026-08-28T05,18122,1,teamliquid,10567,en,2026-08-27T06:40:55Z
2026-08-28T05,18122,2,maximum,9183,en,2026-08-27T16:52:03Z
2026-08-28T05,18122,3,echo_esports,5208,en,2026-08-28T03:02:03Z
2026-08-28T05,21779,1,kanae_2434,3012,ja,2026-08-28T05:27:05Z
2026-08-28T05,21779,2,crystalmolly,2637,es,2026-08-28T00:36:47Z
2026-08-28T05,21779,3,pikabooirl,2547,en,2026-08-28T00:20:25Z
2026-08-28T05,516575,1,supertf,6790,en,2026-08-28T00:38:19Z
2026-08-28T05,516575,2,gunguno,1482,zh,2026-08-28T01:24:04Z
2026-08-28T05,516575,3,jiunzaiiii,1350,zh,2026-08-28T01:06:52Z
2026-08-28T05,33214,1,faxuty,3287,en,2026-08-27T22:14:28Z
2026-08-28T05,33214,2,amablitz,1134,es,2026-08-28T02:38:16Z
2026-08-28T05,33214,3,paryeet,810,en,2026-08-28T04:51:15Z
2026-08-28T05,491487,1,skermz,4443,en,2026-08-28T01:51:08Z
2026-08-28T05,491487,2,bronx,952,en,2026-08-28T04:40:10Z
2026-08-28T05,491487,3,maimaittv,883,ja,2026-08-27T16:01:31Z
2026-08-28T05,27471,1,michaelreeves,7425,en,2026-08-28T03:59:01Z
2026-08-28T05,27471,2,kairyucrocodile,1185,en,2026-08-27T21:59:50Z
2026-08-28T05,27471,3,beribug,1137,en,2026-08-27T21:30:48Z
2026-08-28T05,263490,1,fps_shaka,12154,ja,2026-08-28T03:31:09Z
2026-08-28T05,263490,2,shinjifromjapanxd,2390,ja,2026-08-28T04:36:07Z
2026-08-28T05,263490,3,oilrats,1623,en,2026-08-27T13:47:38Z
2026-08-28T05,32982,1,natalie_gabrielle,859,en,2026-08-28T00:33:02Z
2026-08-28T05,32982,2,vadriss,653,en,2026-08-27T23:31:34Z
2026-08-28T05,32982,3,decipherr,532,en,2026-08-28T00:40:21Z
2026-08-28T05,29595,1,mellstroy,4711,ru,2026-08-27T22:54:44Z
2026-08-28T05,29595,2,absolut3,2431,ru,2026-08-28T01:25:21Z
2026-08-28T05,29595,3,masondota2,1081,en,2026-08-28T04:59:14Z
2026-08-28T05,674491029,1,sasatikk,4727,ja,2026-08-28T04:01:35Z
2026-08-28T05,674491029,2,clioaite,2015,en,2026-08-28T01:06:08Z
2026-08-28T05,674491029,3,fairlight_excalibur,1755,en,2026-08-28T00:31:02Z
2026-08-28T05,1264310518,1,esskayuwu,1455,en,2026-08-28T01:50:19Z
2026-08-28T05,1264310518,2,infernasu,855,en,2026-08-28T02:32:54Z
2026-08-28T05,1264310518,3,luckyzeal,825,en,2026-08-28T01:46:17Z
2026-08-28T05,498566,1,synare35,2519,en,2026-08-27T09:45:32Z
2026-08-28T05,498566,2,hojuxohip,2511,pt,2026-08-27T09:45:33Z
2026-08-28T05,498566,3,promogabe,2066,en,2026-08-28T05:22:48Z
2026-08-28T05,511224,1,batora324,4742,ja,2026-08-28T03:39:49Z
2026-08-28T05,511224,2,faide,2841,en,2026-08-28T03:43:13Z
2026-08-28T05,511224,3,sang,954,en,2026-08-27T22:15:16Z
2026-08-28T05,513143,1,dishsoap,2802,en,2026-08-27T15:10:07Z
2026-08-28T05,513143,2,greentea,2102,zh,2026-08-28T01:07:55Z
2026-08-28T05,513143,3,riri_lol,1084,ja,2026-08-27T23:55:11Z
2026-08-28T05,32399,1,fer,864,pt,2026-08-28T01:23:46Z
2026-08-28T05,32399,2,cozart_2s1,774,ru,2026-08-28T01:44:12Z
2026-08-28T05,32399,3,keliencs,763,ru,2026-08-28T05:38:39Z
2026-08-28T05,509672,1,kunshikitty,2325,de,2026-08-28T05:09:45Z
2026-08-28T05,509672,2,cooksux,1314,en,2026-08-27T20:37:46Z
2026-08-28T05,509672,3,xargon0731,829,zh,2026-08-28T03:01:55Z
2026-08-28T05,570615518,1,maximilian_dood,5485,en,2026-08-28T02:49:31Z
2026-08-28T05,570615518,2,tonton,1784,fr,2026-08-28T03:50:19Z
2026-08-28T05,570615518,3,streamdatabase,864,en,2026-08-26T17:52:13Z
2026-08-28T05,511399,1,indegnasen0706,12903,ja,2026-08-28T04:08:19Z
2026-08-28T05,511399,2,aurateur,1377,en,2026-08-28T03:05:41Z
2026-08-28T05,511399,3,david_nez,139,es,2026-08-28T04:18:08Z
2026-08-28T05,509659,1,itskxtlyn,1889,en,2026-08-28T00:48:52Z
2026-08-28T05,509659,2,thenicolet,1064,en,2026-08-28T04:28:22Z
2026-08-28T05,509659,3,lllprincess,1060,en,2026-08-28T05:03:22Z
2026-08-28T05,499973,1,cineillojuan,1027,es,2026-08-27T22:37:14Z
2026-08-28T05,499973,2,strippin,853,en,2026-08-27T15:07:00Z
2026-08-28T05,499973,3,zerator_247,641,fr,2026-08-28T03:00:04Z
2026-08-28T05,515025,1,nico_ov,958,ja,2026-08-28T04:03:24Z
2026-08-28T05,515025,2,cartifan22_,494,en,2026-08-28T02:07:07Z
2026-08-28T05,515025,3,karq,395,en,2026-08-28T01:23:03Z
2026-08-28T05,512710,1,themaindevent,2451,en,2026-08-28T01:45:14Z
2026-08-28T05,512710,2,aidanbeans,728,en,2026-08-28T03:19:48Z
2026-08-28T05,512710,3,dongy,663,en,2026-08-27T19:22:38Z
2026-08-28T05,458353,1,moonmoon,10281,en,2026-08-27T20:02:11Z
2026-08-28T05,458353,2,nomakk,114,en,2026-08-28T03:18:01Z
2026-08-28T05,458353,3,s9001266,55,zh,2026-08-28T03:24:50Z
2026-08-28T05,1702520304,1,787prada,3302,en,2026-08-27T19:00:45Z
2026-08-28T05,1702520304,2,cutedog_,1690,en,2026-08-28T02:00:22Z
2026-08-28T05,1702520304,3,b0b5,1326,en,2026-08-28T03:31:56Z
2026-08-28T05,2132205352,1,surefour,1815,en,2026-08-27T22:25:24Z
2026-08-28T05,2132205352,2,lacari,1339,en,2026-08-28T03:56:55Z
2026-08-28T05,2132205352,3,dewamoon,804,en,2026-08-28T00:07:21Z
2026-08-28T05,29452,1,dizedi71,2117,pt,2026-08-28T05:06:09Z
2026-08-28T05,29452,2,tealzlol,1014,pt,2026-08-27T23:26:02Z
2026-08-28T05,29452,3,nokan777,788,pt,2026-08-28T05:09:57Z
2026-08-28T05,27284,1,gromfalloon,2238,en,2026-08-27T22:58:53Z
2026-08-28T05,27284,2,macaw45,775,en,2026-08-28T01:02:40Z
2026-08-28T05,27284,3,grayskull83,324,en,2026-08-28T01:58:52Z
2026-08-28T05,493959,1,fanum,6154,en,2026-08-28T05:48:17Z
2026-08-28T05,493959,2,emiru247,207,en,2026-08-27T17:57:18Z
2026-08-28T05,493959,3,ixuselene,89,en,2026-08-27T22:15:50Z
2026-08-28T05,509660,1,mayberuu,403,zh,2026-08-28T00:45:36Z
2026-08-28T05,509660,2,carmilla_png,188,en,2026-08-28T00:10:24Z
2026-08-28T05,509660,3,neg_illustration,163,ja,2026-08-28T05:05:25Z
2026-08-28T05,138585,1,zorgo_hs,1360,en,2026-08-28T00:18:21Z
2026-08-28T05,138585,2,terablade,1340,ru,2026-08-28T03:00:00Z
2026-08-28T05,138585,3,jeefhs,638,en,2026-08-28T05:43:11Z
2026-08-28T05,498592,1,kawa1sheep,1376,zh,2026-08-27T13:05:30Z
2026-08-28T05,498592,2,antonicratv,781,es,2026-08-28T04:49:59Z
2026-08-28T05,498592,3,zchum,653,en,2026-08-27T23:21:56Z
2026-08-28T05,2397,1,cdawg,5043,en,2026-08-28T04:15:09Z
2026-08-28T05,2397,2,peter,1254,en,2026-08-28T04:46:24Z
2026-08-28T05,2397,3,taylorgamessz,11,en,2026-08-28T01:57:33Z
2026-08-28T05,386821,1,mitsukiyoake,523,ja,2026-08-28T04:54:50Z
2026-08-28T05,386821,2,narelio,426,en,2026-08-28T00:46:21Z
2026-08-28T05,386821,3,quendya_,374,en,2026-08-28T04:04:55Z
2026-08-28T05,23020,1,sosag0crazy,1217,en,2026-08-28T03:38:13Z
2026-08-28T05,23020,2,muvaellaivy,398,en,2026-08-28T02:06:32Z
2026-08-28T05,23020,3,cochard,242,en,2026-08-27T21:00:36Z
2026-08-28T05,1441208453,1,mol2u,1093,en,2026-08-28T03:57:31Z
2026-08-28T05,1441208453,2,darksmurfrk,700,en,2026-08-28T03:57:28Z
2026-08-28T05,1441208453,3,sweetlou2022,291,de,2026-08-28T04:14:25Z
2026-08-28T05,1036710512,1,mikami_kon,1117,ja,2026-08-27T18:09:06Z
2026-08-28T05,1036710512,2,rosecpin9,659,ja,2026-08-28T02:11:13Z
2026-08-28T05,1036710512,3,yamatonjp,461,ja,2026-08-28T01:27:15Z
2026-08-28T05,1832841853,1,lowtiergod,1465,en,2026-08-28T00:31:51Z
2026-08-28T05,1832841853,2,pixienaut,551,de,2026-08-28T00:20:24Z
2026-08-28T05,1832841853,3,nezba,391,en,2026-08-28T01:35:54Z
2026-08-28T05,1119642287,1,joshuaschmidtygo,2411,en,2026-08-27T23:36:13Z
2026-08-28T05,1119642287,2,mrlo_tw,1123,zh,2026-08-27T23:15:48Z
2026-08-28T05,1119642287,3,judeuygo,222,en,2026-08-27T23:02:37Z
2026-08-28T05,459931,1,purpp,1222,en,2026-08-28T00:52:02Z
2026-08-28T05,459931,2,storiedryan,317,en,2026-08-28T00:07:35Z
2026-08-28T05,459931,3,triumphant,276,en,2026-08-27T23:42:40Z
2026-08-28T05,499003,1,roflgator,1422,en,2026-08-28T02:01:37Z
2026-08-28T05,499003,2,redify,971,en,2026-08-28T00:54:05Z
2026-08-28T05,499003,3,rubitechu,159,en,2026-08-28T01:34:54Z
2026-08-28T05,13332,1,arex,744,en,2026-08-28T00:55:03Z
2026-08-28T05,13332,2,lucellia,478,en,2026-08-28T01:01:05Z
2026-08-28T05,13332,3,bluekandy,473,en,2026-08-28T01:29:50Z
2026-08-28T05,464339927,1,lyesval,588,en,2026-08-27T21:44:51Z
2026-08-28T05,464339927,2,angeloniquan,317,en,2026-08-28T04:44:43Z
2026-08-28T05,464339927,3,samejoey,299,en,2026-08-28T04:57:33Z
2026-08-28T05,26936,1,windowlightfm,426,en,2026-08-27T16:09:54Z
2026-08-28T05,26936,2,lofigirl,248,en,2026-08-27T07:20:05Z
2026-08-28T05,26936,3,colleendaunceymusic,216,en,2026-08-28T02:46:31Z
2026-08-28T05,55453844,1,naru0419045,1796,ja,2026-08-28T04:48:35Z
2026-08-28T05,55453844,2,kawanochannn,632,ja,2026-08-28T04:05:05Z
2026-08-28T05,55453844,3,nephewdork,268,en,2026-08-28T04:13:56Z
2026-08-28T05,24241,1,ellyen,421,en,2026-08-27T19:12:53Z
2026-08-28T05,24241,2,midnababy,239,en,2026-08-27T22:48:46Z
2026-08-28T05,24241,3,tomeru1,170,ja,2026-08-27T22:40:37Z
2026-08-28T05,512953,1,peeve,735,en,2026-08-27T18:29:14Z
2026-08-28T05,512953,2,oroboro,294,en,2026-08-28T05:22:39Z
2026-08-28T05,512953,3,saintriot,267,en,2026-08-28T04:02:52Z
2026-08-28T05,272263131,1,alveussanctuary,819,en,2026-08-27T13:06:42Z
2026-08-28T05,272263131,2,ferretsoftware,339,en,2026-08-26T18:17:51Z
2026-08-28T05,272263131,3,marinemammalrescue,215,en,2026-08-27T23:21:49Z
2026-08-28T05,1669431183,1,henny,459,en,2026-08-28T03:54:18Z
2026-08-28T05,1669431183,2,juicedrumandbass,232,en,2026-08-28T01:53:46Z
2026-08-28T05,1669431183,3,magdahalina,188,en,2026-08-28T05:14:32Z
2026-08-28T05,670138298,1,mayz,1428,en,2026-08-28T03:15:02Z
2026-08-28T05,670138298,2,problemwright,598,en,2026-08-27T22:03:35Z
2026-08-28T05,670138298,3,huddlegg,254,en,2026-08-28T04:05:26Z
2026-08-28T05,31339,1,gaules,321,pt,2026-08-27T17:29:33Z
2026-08-28T05,31339,2,aandyh,275,en,2026-08-27T23:11:09Z
2026-08-28T05,31339,3,misterpacothai,147,fr,2026-08-28T04:58:47Z
2026-08-28T05,27546,1,german_intelligence,692,en,2026-08-27T21:07:22Z
2026-08-28T05,27546,2,o_p_hacker,527,en,2026-08-27T21:40:26Z
2026-08-28T05,27546,3,dezgamez,457,en,2026-08-28T05:22:37Z
2026-08-28T05,1898040946,1,lass,507,en,2026-08-28T01:34:27Z
2026-08-28T05,1898040946,2,jonsandman,274,en,2026-08-28T05:08:31Z
2026-08-28T05,1898040946,3,missmegzie,93,en,2026-08-27T21:19:10Z
2026-08-28T05,30921,1,julien,461,en,2026-08-28T00:17:25Z
2026-08-28T05,30921,2,tawk,284,en,2026-08-28T02:07:15Z
2026-08-28T05,30921,3,norwing,231,es,2026-08-28T04:58:00Z
2026-08-28T05,11456,1,elcamacho24,3152,es,2026-08-28T04:04:27Z
2026-08-28T05,19619,1,alemaosao,398,pt,2026-08-27T18:04:32Z
2026-08-28T05,19619,2,lucaspagun,146,pt,2026-08-27T22:01:38Z
2026-08-28T05,19619,3,thedruwell,140,pt,2026-08-27T22:55:09Z
2026-08-28T05,493057,1,k1im,1334,ru,2026-08-28T04:06:16Z
2026-08-28T05,493057,2,simplymatthias,175,en,2026-08-28T01:03:41Z
2026-08-28T05,493057,3,ravil,113,ru,2026-08-28T03:24:20Z
2026-08-28T05,2012789438,1,parasite,545,en,2026-08-27T23:09:42Z
2026-08-28T05,2012789438,2,kremp,236,en,2026-08-28T03:14:26Z
2026-08-28T05,2012789438,3,lyss,161,en,2026-08-28T02:32:38Z
2026-08-28T05,490655,1,ofuris,665,en,2026-08-27T03:51:41Z
2026-08-28T05,490655,2,badgeforbadge,512,en,2026-08-27T19:06:34Z
2026-08-28T05,490655,3,hoshiri13,363,en,2026-08-27T13:10:15Z
2026-08-28T05,504463,1,streamerhouse,956,en,2026-08-26T22:18:35Z
2026-08-28T05,504463,2,jenjaminbuttons,320,en,2026-08-27T22:37:43Z
2026-08-28T05,504463,3,xlokillox,212,es,2026-08-28T00:37:27Z
2026-08-28T05,499634,1,threadguyhedgehog,1029,en,2026-08-28T04:34:08Z
2026-08-28T05,499634,2,thannani,255,en,2026-08-28T05:05:17Z
2026-08-28T05,499634,3,kevsznxxx,205,en,2026-08-28T03:28:30Z
2026-08-28T05,460630,1,kaylame_,139,en,2026-08-28T00:00:04Z
2026-08-28T05,460630,2,jayyguns,111,en,2026-08-28T00:01:41Z
2026-08-28T05,460630,3,senvale,79,en,2026-08-28T04:53:41Z
2026-08-28T05,624536948,1,kent_6_9,222,fr,2026-08-28T05:07:10Z
2026-08-28T05,624536948,2,patuxdz,186,en,2026-08-28T03:14:31Z
2026-08-28T05,624536948,3,eadriaticleague01,143,en,2026-08-28T04:58:12Z
2026-08-28T05,500188,1,khalamity,426,en,2026-08-27T22:34:10Z
2026-08-28T05,500188,2,sprooky,369,en,2026-08-28T00:05:04Z
2026-08-28T05,500188,3,seiniiku,246,en,2026-08-28T00:30:15Z
2026-08-28T05,1851682118,1,vargskelethor,2476,en,2026-08-28T00:03:48Z
2026-08-28T05,66170,1,ladytheladdy,954,en,2026-08-27T19:00:21Z
2026-08-28T05,66170,2,snootydeath,231,en,2026-08-28T01:17:03Z
2026-08-28T05,66170,3,dynoes,101,en,2026-08-28T01:58:42Z
2026-08-28T05,18893,1,calebhart42,984,en,2026-08-28T00:09:31Z
2026-08-28T05,18893,2,bobbeigh,246,en,2026-08-28T02:00:21Z
2026-08-28T05,18893,3,sekine,241,en,2026-08-27T22:47:36Z
2026-08-28T05,982017546,1,frozendesire,527,en,2026-08-28T01:36:05Z
2026-08-28T05,982017546,2,ladysapphire,410,en,2026-08-28T03:21:37Z
2026-08-28T05,982017546,3,justalittlerainn,220,en,2026-08-28T00:14:51Z
2026-08-28T05,19441,1,unclebjorn,2214,ru,2026-08-28T02:20:59Z
2026-08-28T05,460951,1,doggie,1826,en,2026-08-28T02:47:41Z
2026-08-28T05,460951,2,ryanisalwaysbored,88,en,2026-08-28T04:06:51Z
2026-08-28T05,460951,3,ravingrafters,23,en,2026-08-28T03:08:08Z
2026-08-28T05,66082,1,jankyrondo,654,en,2026-08-27T22:37:25Z
2026-08-28T05,66082,2,senz,238,en,2026-08-28T02:07:40Z
2026-08-28T05,66082,3,jankedjesus,81,en,2026-08-28T02:04:22Z
2026-08-28T05,417528,1,whithblade,417,es,2026-08-28T01:12:07Z
2026-08-28T05,417528,2,leagueofangel,375,en,2026-08-27T23:31:12Z
2026-08-28T05,417528,3,africaalbion,227,pt,2026-08-27T23:21:38Z
2026-08-28T05,1081998272,1,melizande,445,en,2026-08-28T03:07:26Z
2026-08-28T05,1081998272,2,xnanatyx,115,es,2026-08-28T01:45:52Z
2026-08-28T05,1081998272,3,oniimely,88,en,2026-08-28T03:28:43Z
2026-08-28T05,1282866981,1,equalplays,551,en,2026-08-27T22:04:56Z
2026-08-28T05,1282866981,2,terasite,265,en,2026-08-28T00:53:57Z
2026-08-28T05,1282866981,3,hsuanhsuandesu,142,zh,2026-08-28T03:32:07Z
2026-08-28T05,65632,1,ceremor,551,en,2026-08-28T04:11:59Z
2026-08-28T05,65632,2,house,414,en,2026-08-28T00:47:18Z
2026-08-28T05,65632,3,templetaps,176,en,2026-08-28T00:00:58Z
2026-08-28T05,1771721043,1,benitofam5,1585,en,2026-08-28T02:03:02Z
2026-08-28T05,1771721043,2,lefti_leftthegalaxy,448,en,2026-08-28T05:14:19Z
2026-08-28T05,1771721043,3,violethunni,8,en,2026-08-28T05:06:57Z
2026-08-28T05,509511,1,sandyjackson,304,de,2026-08-27T20:55:33Z
2026-08-28T05,509511,2,ryvandal,135,en,2026-08-28T02:18:20Z
2026-08-28T05,509511,3,goatislandworld,102,en,2026-08-27T13:03:40Z
2026-08-28T05,168648543,1,rglqq,236,en,2026-08-28T01:13:04Z
2026-08-28T05,168648543,2,wolfbrink,223,en,2026-08-28T04:57:09Z
2026-08-28T05,168648543,3,tourva,114,en,2026-08-28T01:32:27Z
2026-08-28T05,1478650472,1,swagg,1055,en,2026-08-28T05:28:12Z
2026-08-28T05,1478650472,2,youtubezdawg,268,en,2026-08-27T21:38:26Z
2026-08-28T05,1478650472,3,astrox031,139,pt,2026-08-28T00:43:47Z
2026-08-28T05,538054672,1,brawlpro,817,en,2026-08-28T01:16:19Z
2026-08-28T05,538054672,2,themainmanswe,178,en,2026-08-28T05:46:44Z
2026-08-28T05,538054672,3,yuyu_tekken,151,ja,2026-08-28T02:34:50Z
2026-08-28T05,511229,1,dasoku_aniki,661,ja,2026-08-28T02:52:12Z
2026-08-28T05,511229,2,momoti1234,526,ja,2026-08-28T04:44:28Z
2026-08-28T05,511229,3,tonbocub,487,ja,2026-08-27T05:45:08Z
2026-08-28T05,965771331,1,onceuponem,1540,en,2026-08-28T02:00:21Z
2026-08-28T05,965771331,2,facefullabugs,55,en,2026-08-28T03:30:32Z
2026-08-28T05,965771331,3,phosf,18,en,2026-08-28T02:48:32Z
2026-08-28T05,509663,1,treelover462,494,de,2026-08-27T21:22:58Z
2026-08-28T05,509663,2,goblinfia,180,en,2026-08-27T23:14:36Z
2026-08-28T05,509663,3,noway24u,158,de,2026-08-27T05:05:38Z
2026-08-28T05,7022,1,gronkhtv,1509,de,2026-08-26T21:11:10Z
2026-08-28T05,7022,2,yocapi_pr,23,es,2026-08-28T02:36:20Z
2026-08-28T05,7022,3,dezmondfur,12,en,2026-08-28T03:10:54Z
2026-08-28T05,513181,1,limbosauce,312,en,2026-08-28T00:01:55Z
2026-08-28T05,513181,2,whinnaay,74,en,2026-08-28T00:29:20Z
2026-08-28T05,513181,3,milesperhrr,66,en,2026-08-28T02:12:24Z
2026-08-28T05,1494,1,jinnjaaa,88,en,2026-08-28T03:43:08Z
2026-08-28T05,1494,2,toptech1387,57,en,2026-08-28T05:26:42Z
2026-08-28T05,1494,3,t_breezy485,24,en,2026-08-28T02:23:00Z
2026-08-28T05,852009328,1,tecnosh,353,pt,2026-08-28T00:43:15Z
2026-08-28T05,852009328,2,iitzotaku,259,en,2026-08-27T18:40:19Z
2026-08-28T05,852009328,3,alathium,177,en,2026-08-28T02:01:37Z
2026-08-28T05,497057,1,aiiygatorz,202,en,2026-08-28T02:02:43Z
2026-08-28T05,497057,2,banned_wipe,88,en,2026-08-28T04:20:35Z
2026-08-28T05,497057,3,gambits_casino,70,en,2026-08-28T00:52:08Z
2026-08-28T05,213930085,1,rubee,788,en,2026-08-28T02:13:18Z
2026-08-28T05,213930085,2,badgearchive,136,en,2026-08-27T12:56:57Z
2026-08-28T05,213930085,3,chaco_chaaa,76,ja,2026-08-28T03:00:46Z
2026-08-28T05,416015,1,mistersleepycat,828,en,2026-08-27T23:09:18Z
2026-08-28T05,416015,2,2964872,105,zh,2026-08-28T04:26:14Z
2026-08-28T05,416015,3,toumatv,87,pt,2026-08-28T02:35:34Z
2026-08-28T05,1687175620,1,datmodz,1426,en,2026-08-27T21:26:28Z
2026-08-28T05,1687175620,2,earthlingm,5,en,2026-08-28T03:13:16Z
2026-08-28T05,1687175620,3,outaaban,2,ja,2026-08-28T05:38:41Z
2026-08-28T05,401587136,1,gl40labsrat,213,en,2026-08-28T01:00:13Z
2026-08-28T05,401587136,2,kassshiro,157,ru,2026-08-28T05:12:19Z
2026-08-28T05,401587136,3,sayhelloromah,118,ru,2026-08-28T03:14:50Z
2026-08-28T05,6521,1,skyshocktv,674,es,2026-08-27T18:48:39Z
2026-08-28T05,6521,2,stephaniemx_,435,es,2026-08-28T03:27:41Z
2026-08-28T05,6521,3,seversasha,103,ru,2026-08-28T04:28:44Z
2026-08-28T05,1743359147,1,bynx_plays,817,en,2026-08-27T18:55:40Z
2026-08-28T05,1743359147,2,pawniepun,217,en,2026-08-28T00:25:40Z
2026-08-28T05,1743359147,3,l0uyi,65,es,2026-08-27T18:52:09Z
2026-08-28T05,997367275,1,transforms,288,en,2026-08-27T14:15:53Z
2026-08-28T05,997367275,2,zg__,286,en,2026-08-27T10:57:45Z
2026-08-28T05,997367275,3,badgeshunter,217,en,2026-08-26T16:03:49Z
2026-08-28T05,415998825,1,nl_kripp,1140,en,2026-08-27T21:34:37Z
2026-08-28T05,415998825,2,merl61,119,en,2026-08-28T03:33:49Z
2026-08-28T05,415998825,3,dillyg10,26,en,2026-08-28T00:49:17Z
2026-08-28T05,491168,1,rockstarcr,585,es,2026-08-28T05:14:01Z
2026-08-28T05,491168,2,oxalate,250,en,2026-08-28T00:08:39Z
2026-08-28T05,491168,3,yosoyricklive,129,es,2026-08-28T05:43:40Z
2026-08-28T18,509658,1,ohnepixel,26809,en,2026-08-28T13:42:56Z
2026-08-28T18,509658,2,zackrawrr,22508,en,2026-08-28T18:12:29Z
2026-08-28T18,509658,3,pokemonxp,22495,en,2026-08-28T15:46:42Z
2026-08-28T18,21779,1,caedrel,41723,en,2026-08-28T07:27:44Z
2026-08-28T18,21779,2,ibai,24625,es,2026-08-28T14:37:27Z
2026-08-28T18,21779,3,otplol_,15023,fr,2026-08-28T14:01:05Z
2026-08-28T18,32399,1,blastpremier,23144,en,2026-08-28T08:12:10Z
2026-08-28T18,32399,2,chopperinho,19906,ru,2026-08-28T11:18:03Z
2026-08-28T18,32399,3,skywhywalker,8305,ru,2026-08-28T17:58:08Z
2026-08-28T18,1478650472,1,lirik,11013,en,2026-08-28T16:02:57Z
2026-08-28T18,1478650472,2,nickmercs,9341,en,2026-08-28T12:21:01Z
2026-08-28T18,1478650472,3,recrent,9042,ru,2026-08-28T15:15:21Z
2026-08-28T18,1931693784,1,pokemon,63452,en,2026-08-28T15:30:28Z
2026-08-28T18,1931693784,2,fuslie,12493,en,2026-08-28T17:43:57Z
2026-08-28T18,1931693784,3,knekro,8435,es,2026-08-28T15:02:19Z
2026-08-28T18,29595,1,rostislav_999,51065,ru,2026-08-28T16:13:41Z
2026-08-28T18,29595,2,lenagol0vach,8117,ru,2026-08-28T16:18:50Z
2026-08-28T18,29595,3,avice,6002,ru,2026-08-28T14:30:58Z
2026-08-28T18,18122,1,echo_esports,21635,en,2026-08-28T16:01:09Z
2026-08-28T18,18122,2,maximum,10456,en,2026-08-28T16:53:15Z
2026-08-28T18,18122,3,gingitv,7211,en,2026-08-28T05:14:22Z
2026-08-28T18,509672,1,anarabdullaev,21927,ru,2026-08-28T17:32:21Z
2026-08-28T18,509672,2,agent00,11014,en,2026-08-28T15:02:22Z
2026-08-28T18,509672,3,sasavot,8159,ru,2026-08-28T15:42:05Z
2026-08-28T18,490655,1,pokemongo,64181,en,2026-08-28T15:30:18Z
2026-08-28T18,490655,2,j0beats,3283,en,2026-08-28T13:58:45Z
2026-08-28T18,490655,3,pokemongoappbr,2474,pt,2026-08-28T15:44:22Z
2026-08-28T18,32982,1,bonjwa,4054,de,2026-08-28T13:53:27Z
2026-08-28T18,32982,2,officermesser,1815,en,2026-08-28T15:41:57Z
2026-08-28T18,32982,3,mastertay,1377,de,2026-08-28T16:30:36Z
2026-08-28T18,516575,1,valorant_emea,6591,en,2026-08-28T13:16:48Z
2026-08-28T18,516575,2,sliggytv,4100,en,2026-08-28T13:45:46Z
2026-08-28T18,516575,3,krapycoco,2084,zh,2026-08-28T15:26:28Z
2026-08-28T18,491931,1,lvndmark,14551,en,2026-08-28T14:33:48Z
2026-08-28T18,491931,2,dunduk,3221,ru,2026-08-28T11:40:02Z
2026-08-28T18,491931,3,gopster_,3200,ru,2026-08-28T14:45:49Z
2026-08-28T18,33214,1,happyhappygal,3468,en,2026-08-28T18:23:58Z
2026-08-28T18,33214,2,merstaach,1765,en,2026-08-28T17:12:39Z
2026-08-28T18,33214,3,pago3,1191,pl,2026-08-28T15:08:17Z
2026-08-28T18,27471,1,zakvielchannel,3007,ru,2026-08-28T13:17:37Z
2026-08-28T18,27471,2,theguill84,2802,fr,2026-08-28T13:55:43Z
2026-08-28T18,27471,3,moneysmptv,1528,en,2026-08-28T17:42:56Z
2026-08-28T18,23020,1,papaplatte,23297,de,2026-08-28T14:51:45Z
2026-08-28T18,23020,2,aslanshukasha,5866,ru,2026-08-28T17:00:42Z
2026-08-28T18,23020,3,awizotv,1993,pl,2026-08-28T16:40:57Z
2026-08-28T18,1867279146,1,gronkh,27718,de,2026-08-28T16:18:10Z
2026-08-28T18,1867279146,2,antoinedaniel,9054,fr,2026-08-28T17:42:29Z
2026-08-28T18,1867279146,3,areliann,1096,fr,2026-08-28T17:32:07Z
2026-08-28T18,498566,1,kubafps,6763,de,2026-08-28T18:03:35Z
2026-08-28T18,498566,2,mitchjones,3983,en,2026-08-28T18:00:39Z
2026-08-28T18,498566,3,scheinjagd,3011,de,2026-08-28T12:27:10Z
2026-08-28T18,511224,1,playapex,7711,en,2026-08-28T16:51:29Z
2026-08-28T18,511224,2,nicewigg,6282,en,2026-08-28T16:46:58Z
2026-08-28T18,511224,3,mande,2459,en,2026-08-28T10:25:06Z
2026-08-28T18,509663,1,jordan_semih,17133,de,2026-08-28T18:10:26Z
2026-08-28T18,509663,2,gamesdonequick,1708,en,2026-08-28T13:44:15Z
2026-08-28T18,509663,3,mizune,1606,de,2026-08-28T17:44:59Z
2026-08-28T18,27546,1,quickybaby,9062,en,2026-08-28T12:10:49Z
2026-08-28T18,27546,2,skill4ltu,5592,en,2026-08-28T09:12:42Z
2026-08-28T18,27546,3,dakillzor,4451,en,2026-08-28T14:39:03Z
2026-08-28T18,674491029,1,admiralbahroo,4175,en,2026-08-28T15:11:26Z
2026-08-28T18,674491029,2,barbarousking,3176,en,2026-08-28T12:05:24Z
2026-08-28T18,674491029,3,dansgaming,2235,en,2026-08-28T13:55:46Z
2026-08-28T18,602040818,1,flight23white,5985,en,2026-08-28T17:42:08Z
2026-08-28T18,602040818,2,fanta,1056,en,2026-08-28T02:17:59Z
2026-08-28T18,602040818,3,lockintj,945,en,2026-08-28T09:47:22Z
2026-08-28T18,513143,1,k3soju,8186,en,2026-08-28T16:15:10Z
2026-08-28T18,513143,2,tftoddy,1140,pt,2026-08-28T06:20:50Z
2026-08-28T18,513143,3,serhatakin,1110,tr,2026-08-28T12:31:07Z
2026-08-28T18,491487,1,mish,1718,en,2026-08-28T15:35:30Z
2026-08-28T18,491487,2,lilithomen,761,en,2026-08-28T15:41:33Z
2026-08-28T18,491487,3,onepumpwillie,677,en,2026-08-28T14:27:55Z
2026-08-28T18,512953,1,nmplol,5649,en,2026-08-28T14:05:14Z
2026-08-28T18,512953,2,captain_domo,4325,en,2026-08-28T16:35:18Z
2026-08-28T18,512953,3,qttsix,2195,zh,2026-08-28T14:11:30Z
2026-08-28T18,512710,1,camy,3524,en,2026-08-28T15:06:09Z
2026-08-28T18,512710,2,aydan,1139,en,2026-08-28T13:43:24Z
2026-08-28T18,512710,3,juicyjohns,1020,en,2026-08-28T15:55:36Z
2026-08-28T18,515025,1,aspen,3019,en,2026-08-28T14:52:54Z
2026-08-28T18,515025,2,jasper7se,1768,ja,2026-08-28T13:56:08Z
2026-08-28T18,515025,3,flats,1502,en,2026-08-28T16:33:01Z
2026-08-28T18,570615518,1,elajjaz,6640,en,2026-08-28T13:48:46Z
2026-08-28T18,570615518,2,xop0,3623,en,2026-08-28T16:18:03Z
2026-08-28T18,570615518,3,missmikkaa,3505,en,2026-08-28T13:32:14Z
2026-08-28T18,263490,1,fps_shaka,14656,ja,2026-08-28T09:01:13Z
2026-08-28T18,263490,2,dttodot,916,ja,2026-08-28T08:45:53Z
2026-08-28T18,263490,3,oilrats,707,en,2026-08-28T18:29:39Z
2026-08-28T18,30921,1,peereira7,12146,es,2026-08-28T15:26:42Z
2026-08-28T18,30921,2,paache_,2358,es,2026-08-28T15:27:39Z
2026-08-28T18,30921,3,mawkzy_,1407,fr,2026-08-28T16:53:08Z
2026-08-28T18,9618,1,pokemontcg,17755,en,2026-08-28T15:30:06Z
2026-08-28T18,9618,2,packflipps,325,en,2026-08-28T15:11:14Z
2026-08-28T18,9618,3,ligapokemontcg,317,pt,2026-08-28T15:03:05Z
2026-08-28T18,1669431183,1,beatportofficial,1760,en,2026-08-28T13:54:18Z
2026-08-28T18,1669431183,2,sintica,1006,de,2026-08-28T17:01:42Z
2026-08-28T18,1669431183,3,sotchi_riot,934,en,2026-08-28T10:27:30Z
2026-08-28T18,518203,1,spontent,7838,de,2026-08-28T08:00:23Z
2026-08-28T18,518203,2,zacknani,3419,fr,2026-08-28T17:45:13Z
2026-08-28T18,518203,3,limmigreparisien,1076,fr,2026-08-28T17:59:23Z
2026-08-28T18,1264310518,1,somjuu,977,en,2026-08-28T13:38:27Z
2026-08-28T18,1264310518,2,daymr,763,en,2026-08-28T15:23:13Z
2026-08-28T18,1264310518,3,aicandii,541,en,2026-08-28T12:46:32Z
2026-08-28T18,624536948,1,auziomf,3664,en,2026-08-28T14:16:13Z
2026-08-28T18,624536948,2,zanoxvii,1072,it,2026-08-28T17:19:32Z
2026-08-28T18,624536948,3,stokes,1028,en,2026-08-28T17:10:15Z
2026-08-28T18,461221,1,pepe,8029,es,2026-08-28T15:58:38Z
2026-08-28T18,461221,2,mc0cnoob,2301,en,2026-08-28T16:42:12Z
2026-08-28T18,461221,3,cesgod,1376,es,2026-08-28T16:50:04Z
2026-08-28T18,499973,1,cohh,2165,en,2026-08-27T12:00:04Z
2026-08-28T18,499973,2,theburntpeanut_247,1799,en,2026-08-28T03:52:11Z
2026-08-28T18,499973,3,zerator_247,1431,fr,2026-08-28T03:00:04Z
2026-08-28T18,55453844,1,indegnasen0706,9902,ja,2026-08-28T04:08:19Z
2026-08-28T18,55453844,2,kokujintv,624,ja,2026-08-28T13:25:31Z
2026-08-28T18,55453844,3,takagitv,489,ja,2026-08-28T13:59:10Z
2026-08-28T18,509660,1,pikat,625,en,2026-08-28T14:34:32Z
2026-08-28T18,509660,2,bobross,588,en,2026-08-28T14:33:39Z
2026-08-28T18,509660,3,mooimimo,409,en,2026-08-28T14:00:27Z
2026-08-28T18,250649084,1,zarbex,11743,de,2026-08-28T14:50:16Z
2026-08-28T18,250649084,2,rickyfri3s,314,it,2026-08-28T16:59:53Z
2026-08-28T18,250649084,3,cemdercem31,45,de,2026-08-28T17:30:05Z
2026-08-28T18,386821,1,zethiann,1093,en,2026-08-28T11:01:56Z
2026-08-28T18,386821,2,bairoghaan,681,en,2026-08-28T11:25:30Z
2026-08-28T18,386821,3,divios,558,en,2026-08-28T13:57:04Z
2026-08-28T18,499634,1,vwapsurfer,2483,en,2026-08-28T12:59:14Z
2026-08-28T18,499634,2,hodlculture,1832,en,2026-08-28T14:28:42Z
2026-08-28T18,499634,3,cented,1256,en,2026-08-28T14:00:05Z
2026-08-28T18,518379,1,pokemonunite,7375,en,2026-08-28T15:30:21Z
2026-08-28T18,518379,2,purpleofficiel,982,fr,2026-08-28T14:54:05Z
2026-08-28T18,518379,3,pokemonunite_asiacl_jp,736,ja,2026-08-28T15:32:24Z
2026-08-28T18,1702520304,1,pathofexilebota,2400,ru,2026-08-28T16:32:05Z
2026-08-28T18,1702520304,2,ds_lily,1924,en,2026-08-28T12:46:48Z
2026-08-28T18,1702520304,3,omegatooyew,1659,en,2026-08-28T03:32:08Z
2026-08-28T18,1081998272,1,frametamer666,5630,ru,2026-08-28T16:00:38Z
2026-08-28T18,1081998272,2,miguelillo_rl,941,es,2026-08-28T16:18:29Z
2026-08-28T18,1081998272,3,new_bek,297,ru,2026-08-28T18:36:03Z
2026-08-28T18,19619,1,massroon,523,pt,2026-08-28T09:58:22Z
2026-08-28T18,19619,2,artilh3iro,409,pt,2026-08-28T09:45:50Z
2026-08-28T18,19619,3,rodrigobugado,305,pt,2026-08-28T15:43:30Z
2026-08-28T18,513181,1,shxtou,4061,en,2026-08-28T14:34:58Z
2026-08-28T18,513181,2,zajef77,1155,en,2026-08-28T13:46:10Z
2026-08-28T18,513181,3,sekapoko,340,en,2026-08-28T14:52:30Z
2026-08-28T18,1898040946,1,dawgonosik,1851,ru,2026-08-28T17:36:56Z
2026-08-28T18,1898040946,2,kyle,826,en,2026-08-28T13:29:30Z
2026-08-28T18,1898040946,3,furi,688,en,2026-08-28T15:04:04Z
2026-08-28T18,876369548,1,sleduck,6120,ru,2026-08-28T14:56:56Z
2026-08-28T18,876369548,2,rera_seal,1492,ru,2026-08-28T15:38:54Z
2026-08-28T18,876369548,3,xkamysh,611,ru,2026-08-28T15:01:54Z
2026-08-28T18,31339,1,flip_switch,613,en,2026-08-28T15:57:31Z
2026-08-28T18,31339,2,jeza1989,528,es,2026-08-28T15:54:53Z
2026-08-28T18,31339,3,gaules,479,pt,2026-08-27T17:29:33Z
2026-08-28T18,509659,1,tiffy,1473,en,2026-08-28T15:22:19Z
2026-08-28T18,509659,2,mars_fortuna,1096,en,2026-08-28T18:02:44Z
2026-08-28T18,509659,3,thenicolet,700,en,2026-08-28T04:28:22Z
2026-08-28T18,27284,1,jeffgerstmann,855,en,2026-08-28T16:41:56Z
2026-08-28T18,27284,2,arcus,589,en,2026-08-28T16:59:15Z
2026-08-28T18,27284,3,higanbanban,401,ru,2026-08-28T11:59:46Z
2026-08-28T18,459931,1,sick_nerd,1153,en,2026-08-28T12:29:28Z
2026-08-28T18,459931,2,faux,1131,en,2026-08-28T14:57:45Z
2026-08-28T18,459931,3,b0aty,878,en,2026-08-28T11:05:18Z
2026-08-28T18,29452,1,jinwoooprime,1190,pt,2026-08-28T17:31:36Z
2026-08-28T18,29452,2,ark1aze,797,en,2026-08-28T18:00:07Z
2026-08-28T18,29452,3,bopkep_,694,ru,2026-08-28T18:01:03Z
2026-08-28T18,26936,1,theneedledrop,566,en,2026-08-28T18:23:30Z
2026-08-28T18,26936,2,leekbeats,507,en,2026-08-28T06:45:22Z
2026-08-28T18,26936,3,windowlightfm,391,en,2026-08-27T16:09:54Z
2026-08-28T18,493057,1,lev4nte_,465,ru,2026-08-28T15:20:57Z
2026-08-28T18,493057,2,donfreez,311,de,2026-08-28T11:29:52Z
2026-08-28T18,493057,3,rollipollipotamus,285,en,2026-08-28T12:00:24Z
2026-08-28T18,464339927,1,lyric,1109,en,2026-08-28T16:44:24Z
2026-08-28T18,464339927,2,aimkey,845,en,2026-08-28T13:17:51Z
2026-08-28T18,464339927,3,slymo,752,en,2026-08-28T14:47:06Z
2026-08-28T18,138585,1,solaryhs,1229,fr,2026-08-27T05:13:59Z
2026-08-28T18,138585,2,beterbabbit,941,en,2026-08-28T18:09:10Z
2026-08-28T18,138585,3,matsuri_hs,837,ja,2026-08-28T03:32:55Z
2026-08-28T18,1832841853,1,biggysweats,814,en,2026-08-28T17:00:34Z
2026-08-28T18,1832841853,2,kidshadoe,720,en,2026-08-28T17:01:21Z
2026-08-28T18,1832841853,3,dariya_willis,339,ru,2026-08-28T13:35:23Z
2026-08-28T18,65632,1,hollyrex,1083,en,2026-08-28T12:32:24Z
2026-08-28T18,65632,2,therunningmanz,981,en,2026-08-28T13:27:56Z
2026-08-28T18,65632,3,ikoneec,346,fr,2026-08-28T15:59:49Z
2026-08-28T18,488190,1,pokerstars,2053,en,2026-08-28T12:30:00Z
2026-08-28T18,488190,2,pokerstarsespanol,819,es,2026-08-28T12:30:31Z
2026-08-28T18,488190,3,kmartpoker,399,en,2026-08-28T17:24:00Z
2026-08-28T18,1036710512,1,dmf_kyochan,1582,ja,2026-08-28T10:38:22Z
2026-08-28T18,1036710512,2,alfrea,705,ja,2026-08-28T10:32:03Z
2026-08-28T18,1036710512,3,rosecpin9,656,ja,2026-08-28T02:11:13Z
2026-08-28T18,416015,1,fubgun,1851,en,2026-08-28T14:35:55Z
2026-08-28T18,416015,2,agromorph,745,ru,2026-08-28T11:09:47Z
2026-08-28T18,416015,3,pohx,688,en,2026-08-28T13:38:54Z
2026-08-28T18,2132205352,1,deathydl,1509,en,2026-08-28T16:04:16Z
2026-08-28T18,2132205352,2,eido,643,en,2026-08-26T22:07:13Z
2026-08-28T18,2132205352,3,metro,609,en,2026-08-28T15:00:55Z
2026-08-28T18,71375,1,knebeltv,2168,de,2026-08-28T14:48:26Z
2026-08-28T18,71375,2,arkvenger_tv,407,es,2026-08-28T12:00:24Z
2026-08-28T18,71375,3,fhexy,242,de,2026-08-28T12:05:46Z
2026-08-28T18,417528,1,sadicaz,732,es,2026-08-28T17:36:23Z
2026-08-28T18,417528,2,w0n23,529,en,2026-08-28T16:15:38Z
2026-08-28T18,417528,3,jackfyah,513,es,2026-08-28T15:20:49Z
2026-08-28T18,493959,1,gagik,1737,ru,2026-08-28T13:59:31Z
2026-08-28T18,493959,2,abramovich,1162,ru,2026-08-28T17:47:42Z
2026-08-28T18,493959,3,kpacaba,112,ru,2026-08-28T12:50:21Z
2026-08-28T18,24241,1,shobek,490,en,2026-08-28T16:46:00Z
2026-08-28T18,24241,2,xenosysvex,417,en,2026-08-28T15:54:42Z
2026-08-28T18,24241,3,dawnwhisper,226,en,2026-08-28T17:03:54Z
2026-08-28T18,66082,1,stepm0m2,322,en,2026-08-28T18:26:10Z
2026-08-28T18,66082,2,kamiyu666,319,zh,2026-08-28T13:38:19Z
2026-08-28T18,66082,3,tiankami,290,ru,2026-08-28T09:18:37Z
2026-08-28T18,494184,1,smetanduck,2141,ru,2026-08-28T16:41:09Z
2026-08-28T18,494184,2,titamin1,1338,ru,2026-08-28T16:41:10Z
2026-08-28T18,494184,3,woodskiyded,366,ru,2026-08-28T16:42:14Z
2026-08-28T18,460630,1,varsitygaming,492,en,2026-08-28T16:02:31Z
2026-08-28T18,460630,2,sixquatre,463,fr,2026-08-28T15:39:45Z
2026-08-28T18,460630,3,pxppy,257,en,2026-08-28T14:01:40Z
2026-08-28T18,602959317,1,h2p_gucio,5290,pl,2026-08-28T17:37:14Z
2026-08-28T18,602959317,2,albisuperbryka,18,pl,2026-08-28T14:54:43Z
2026-08-28T18,602959317,3,felixryuvt,13,en,2026-08-28T14:00:44Z
2026-08-28T18,499003,1,blu_haze,1355,en,2026-08-28T13:08:02Z
2026-08-28T18,499003,2,aneyaris_,1180,fr,2026-08-28T14:31:53Z
2026-08-28T18,499003,3,babydollobscurity,586,en,2026-08-28T17:09:27Z
2026-08-28T18,504463,1,nothingbutskillz,992,en,2026-08-28T14:43:43Z
2026-08-28T18,504463,2,streamerhouse,987,en,2026-08-26T22:18:35Z
2026-08-28T18,504463,3,gcrock6,639,en,2026-08-28T12:18:22Z
2026-08-28T18,460402,1,manimactv,3071,en,2026-08-28T16:06:20Z
2026-08-28T18,460402,2,faroooyt,1012,de,2026-08-28T15:24:55Z
2026-08-28T18,460402,3,pandafxfx,731,ru,2026-08-28T18:05:50Z
2026-08-28T18,1282866981,1,zabenafff,1039,ru,2026-08-28T12:34:33Z
2026-08-28T18,1282866981,2,poach,619,en,2026-08-28T15:38:45Z
2026-08-28T18,1282866981,3,cyqop,435,fr,2026-08-28T10:23:27Z
2026-08-28T18,510389,1,n3utr4lsf,2523,pl,2026-08-28T16:45:08Z
2026-08-28T18,510389,2,dorzer,1533,de,2026-08-28T11:49:56Z
2026-08-28T18,510389,3,zsombey,332,hu,2026-08-28T18:00:07Z
2026-08-28T18,1441208453,1,matheino03,743,en,2026-08-28T17:48:21Z
2026-08-28T18,1441208453,2,breaathtaking,645,en,2026-08-28T15:52:44Z
2026-08-28T18,1441208453,3,galinhodoido,219,en,2026-08-26T20:12:27Z
2026-08-28T18,2005329090,1,xhalli4x,4043,ja,2026-08-28T14:02:19Z
2026-08-28T18,2005329090,2,marimari874330,414,ja,2026-08-28T14:15:45Z
2026-08-28T18,2005329090,3,hamustasleeping,397,ja,2026-08-28T10:04:10Z
2026-08-28T18,401587136,1,arven93,1074,ru,2026-08-28T15:54:00Z
2026-08-28T18,401587136,2,hesoyamof1974,984,ru,2026-08-28T16:59:25Z
2026-08-28T18,401587136,3,mooon24k,118,de,2026-08-28T16:34:31Z
2026-08-28T18,982017546,1,mellowteddy,908,en,2026-08-28T13:00:20Z
2026-08-28T18,982017546,2,jupieverse,715,en,2026-08-28T15:59:21Z
2026-08-28T18,982017546,3,masethemoose,403,en,2026-08-28T14:00:15Z
2026-08-28T18,36799602,1,michimochievee,3437,en,2026-08-28T04:57:55Z
2026-08-28T18,36799602,2,stimpak_vt,262,en,2026-08-28T17:02:43Z
2026-08-28T18,36799602,3,maxencecazorlalive,211,fr,2026-08-28T17:33:58Z
2026-08-28T18,852009328,1,axtlol,835,pt,2026-08-28T15:56:42Z
2026-08-28T18,852009328,2,lichkarthus,500,en,2026-08-28T14:13:28Z
2026-08-28T18,852009328,3,clovaobengala,480,pt,2026-08-28T18:27:03Z
2026-08-28T18,543818421,1,dmitry_bale,2886,ru,2026-08-28T12:46:45Z
2026-08-28T18,543818421,2,qavivi,230,ru,2026-08-28T16:55:02Z
2026-08-28T18,543818421,3,amway921stream,204,ru,2026-08-28T15:59:41Z
2026-08-28T18,13332,1,saltydolphin,1295,en,2026-08-28T15:40:31Z
2026-08-28T18,13332,2,dave_aoe,522,en,2026-08-28T16:14:34Z
2026-08-28T18,13332,3,twitchplayspokemon,461,en,2026-08-27T19:34:12Z
2026-08-28T18,500188,1,siegismund,339,de,2026-08-28T17:33:06Z
2026-08-28T18,500188,2,whityyy,327,en,2026-08-28T14:48:05Z
2026-08-28T18,500188,3,eventis,293,fr,2026-08-28T16:56:08Z
2026-08-28T18,490377,1,boxyfresh,1040,en,2026-08-28T12:16:50Z
2026-08-28T18,490377,2,exsl95,713,de,2026-08-28T13:23:35Z
2026-08-28T18,490377,3,ma5on,309,en,2026-08-28T16:01:35Z
2026-08-28T18,490147,1,karmikkoala,2940,ru,2026-08-28T08:56:20Z
2026-08-28T18,490147,2,graf,878,pl,2026-08-28T16:02:10Z
2026-08-28T18,490147,3,mastervland,41,es,2026-08-28T16:15:37Z
2026-08-28T18,29307,1,captainlance9,1580,en,2026-08-28T14:19:32Z
2026-08-28T18,29307,2,ben_,1054,en,2026-08-28T17:38:56Z
2026-08-28T18,29307,3,proplays,183,en,2026-08-28T12:45:07Z
2026-08-28T18,272263131,1,marinemammalrescue,298,en,2026-08-27T23:21:49Z
2026-08-28T18,272263131,2,rock_n_insectes,285,fr,2026-08-28T18:00:56Z
2026-08-28T18,272263131,3,furball_farm,257,en,2026-08-28T03:04:39Z
2026-08-28T18,509511,1,zchum,830,en,2026-08-27T23:21:56Z
2026-08-28T18,509511,2,herr_currywurst,231,de,2026-08-28T16:30:50Z
2026-08-28T18,509511,3,yakov,228,en,2026-08-28T06:37:23Z
2026-08-28T18,1137788951,1,insym,4150,en,2026-08-28T16:55:49Z
2026-08-28T18,1137788951,2,chikenwhite,1,es,2026-08-28T16:05:34Z
2026-08-28T18,511399,1,hanjoudesu,3636,ja,2026-08-28T14:39:25Z
2026-08-28T18,511399,2,xeroplanes,146,en,2026-08-28T16:48:29Z
2026-08-28T18,511399,3,yuushakyousuke,67,ja,2026-08-28T13:37:20Z
2026-08-28T18,31376,1,strippin,2613,en,2026-08-28T14:36:25Z
2026-08-28T18,31376,2,kingbendrick,541,en,2026-08-28T12:10:26Z
2026-08-28T18,31376,3,pedguin,235,en,2026-08-28T11:00:40Z
2026-08-28T18,417752,1,luzu_tv,983,es,2026-08-28T09:47:41Z
2026-08-28T18,417752,2,mega64podcast,451,en,2026-08-28T18:00:16Z
2026-08-28T18,417752,3,olgaenvivo,393,es,2026-08-28T09:40:18Z
2026-08-28T18,12924,1,grubby,2701,en,2026-08-28T17:18:09Z
2026-08-28T18,12924,2,back2warcraft,429,en,2026-08-28T15:50:13Z
2026-08-28T18,12924,3,starbuck,211,en,2026-08-28T15:45:14Z
2026-08-28T18,515186,1,carola,3304,es,2026-08-28T16:29:44Z
2026-08-28T18,515186,2,dahtun221,201,ru,2026-08-28T17:39:53Z
2026-08-28T18,515186,3,tio_street,56,pt,2026-08-28T16:12:57Z
2026-08-28T18,12839,1,unutcon,1345,ru,2026-08-28T15:42:55Z
2026-08-28T18,12839,2,weronest,658,ru,2026-08-28T13:04:39Z
2026-08-28T18,12839,3,pup_ok_,406,ru,2026-08-28T17:57:13Z
2026-08-28T18,988100999,1,erobb221,3817,en,2026-08-28T14:59:22Z
2026-08-28T18,988100999,2,ronin5t,9,en,2026-08-28T14:25:55Z
2026-08-28T18,1763844707,1,bawkbasoup,1405,en,2026-08-28T14:35:40Z
2026-08-28T18,1763844707,2,miltontpike1,471,en,2026-08-28T15:36:29Z
2026-08-28T18,1763844707,3,techsmith314,380,en,2026-08-28T13:00:03Z
2026-08-29T02,509658,1,jynxzi,48889,en,2026-08-28T21:16:26Z
2026-08-29T02,509658,2,stableronaldo,43359,en,2026-08-28T21:16:09Z
2026-08-29T02,509658,3,xqc,16939,en,2026-08-28T21:37:31Z
2026-08-29T02,509672,1,kaicenat,62947,en,2026-08-28T21:05:31Z
2026-08-29T02,509672,2,agent00,7747,en,2026-08-28T15:02:22Z
2026-08-29T02,509672,3,cooksux,1558,en,2026-08-28T19:00:15Z
2026-08-29T02,1478650472,1,theburntpeanut,51423,en,2026-08-28T22:14:58Z
2026-08-29T02,1478650472,2,nickmercs,5288,en,2026-08-28T12:21:01Z
2026-08-29T02,1478650472,3,swagg,2195,en,2026-08-28T05:28:12Z
2026-08-29T02,32982,1,emiru,12222,en,2026-08-28T20:55:34Z
2026-08-29T02,32982,2,uhn,2333,en,2026-08-29T00:45:10Z
2026-08-29T02,32982,3,dgthe99,1633,en,2026-08-29T01:29:26Z
2026-08-29T02,18122,1,maximum,13407,en,2026-08-28T16:53:15Z
2026-08-29T02,18122,2,teamliquid,13213,en,2026-08-28T07:20:28Z
2026-08-29T02,18122,3,asmongold247,2715,en,2026-08-27T22:15:46Z
2026-08-29T02,33214,1,aldo_geo,5431,es,2026-08-29T00:36:42Z
2026-08-29T02,33214,2,mictia00,1417,es,2026-08-28T21:51:26Z
2026-08-29T02,33214,3,amablitz,1120,es,2026-08-29T01:08:08Z
2026-08-29T02,21779,1,loltyler1,5436,en,2026-08-29T00:20:46Z
2026-08-29T02,21779,2,pikabooirl,2169,en,2026-08-29T00:28:00Z
2026-08-29T02,21779,3,caresapo,1629,es,2026-08-28T23:23:55Z
2026-08-29T02,511224,1,nicewigg,9286,en,2026-08-28T21:51:12Z
2026-08-29T02,511224,2,imperialhal__,6861,en,2026-08-28T20:19:52Z
2026-08-29T02,511224,3,playapex,5604,en,2026-08-28T23:50:03Z
2026-08-29T02,516575,1,supertf,5868,en,2026-08-29T00:36:47Z
2026-08-29T02,516575,2,eggsterr,2627,en,2026-08-29T01:51:09Z
2026-08-29T02,516575,3,lftoxy_val,1628,en,2026-08-29T02:17:05Z
2026-08-29T02,491487,1,skermz,3198,en,2026-08-29T00:49:28Z
2026-08-29T02,491487,2,xhalli4x,2793,ja,2026-08-28T14:02:19Z
2026-08-29T02,491487,3,cmwinter,1061,en,2026-08-28T21:00:23Z
2026-08-29T02,513143,1,k3soju,8435,en,2026-08-28T16:15:10Z
2026-08-29T02,513143,2,gotaga,3059,fr,2026-08-28T21:55:39Z
2026-08-29T02,513143,3,boxbox,2246,en,2026-08-28T22:08:51Z
2026-08-29T02,1264310518,1,kingsman265_twitch,2549,en,2026-08-29T00:10:41Z
2026-08-29T02,1264310518,2,yznsa,2009,ar,2026-08-28T19:16:35Z
2026-08-29T02,1264310518,3,esskayuwu,1675,en,2026-08-29T01:11:38Z
2026-08-29T02,27471,1,feinberg,1963,en,2026-08-28T20:31:31Z
2026-08-29T02,27471,2,drdonutttttt,1792,en,2026-08-28T21:37:25Z
2026-08-29T02,27471,3,seb024xd,1219,es,2026-08-29T01:00:07Z
2026-08-29T02,602040818,1,joeknowsyt,2604,en,2026-08-28T20:14:55Z
2026-08-29T02,602040818,2,choc,1304,en,2026-08-28T19:10:41Z
2026-08-29T02,602040818,3,braeden,867,en,2026-08-28T21:36:20Z
2026-08-29T02,1931693784,1,pokemon,15259,en,2026-08-29T02:15:15Z
2026-08-29T02,1931693784,2,dizzykitten,8897,en,2026-08-28T23:31:43Z
2026-08-29T02,1931693784,3,polita,184,en,2026-08-27T11:08:18Z
2026-08-29T02,32399,1,s_chilla,1799,ru,2026-08-28T21:53:48Z
2026-08-29T02,32399,2,fer,1538,pt,2026-08-29T00:11:17Z
2026-08-29T02,32399,3,oruipinto,1076,pt,2026-08-28T20:26:28Z
2026-08-29T02,512710,1,kugothaboss,1474,en,2026-08-28T20:49:35Z
2026-08-29T02,512710,2,mpx_player,664,en,2026-08-28T22:54:27Z
2026-08-29T02,512710,3,nexzou,533,en,2026-08-28T23:59:16Z
2026-08-29T02,498566,1,ascheblitz,3196,de,2026-08-28T20:17:50Z
2026-08-29T02,498566,2,cashout_free_07,2214,en,2026-08-29T01:59:02Z
2026-08-29T02,498566,3,kiesmacher,2165,de,2026-08-28T20:22:19Z
2026-08-29T02,29595,1,seucreysonreborn,2945,pt,2026-08-28T13:29:03Z
2026-08-29T02,29595,2,judah_xx,2241,en,2026-08-28T17:17:41Z
2026-08-29T02,29595,3,masondota2,2187,en,2026-08-28T19:14:25Z
2026-08-29T02,515025,1,sugarfree,1435,en,2026-08-29T00:34:44Z
2026-08-29T02,515025,2,tqq999_,988,ja,2026-08-29T01:52:58Z
2026-08-29T02,515025,3,sunshinebread,776,en,2026-08-28T20:53:39Z
2026-08-29T02,491931,1,hyperrattv,1794,en,2026-08-28T19:18:06Z
2026-08-29T02,491931,2,stankrat,1582,en,2026-08-28T22:38:40Z
2026-08-29T02,491931,3,heyyouvideogame,1219,en,2026-08-29T01:08:11Z
2026-08-29T02,499003,1,vrchat,6703,en,2026-08-29T00:45:05Z
2026-08-29T02,499003,2,itskxtlyn,1505,en,2026-08-28T21:59:58Z
2026-08-29T02,499003,3,murdercrumpet,1275,en,2026-08-28T20:00:16Z
2026-08-29T02,55453844,1,ren_kisaragi__,4825,ja,2026-08-29T01:30:02Z
2026-08-29T02,55453844,2,shinjifromjapanxd,2552,ja,2026-08-29T01:46:11Z
2026-08-29T02,55453844,3,tachikawabr,949,ja,2026-08-29T00:35:01Z
2026-08-29T02,9618,1,pokemontcg,11474,en,2026-08-28T15:30:06Z
2026-08-29T02,9618,2,islandgrown,337,en,2026-08-28T23:42:47Z
2026-08-29T02,9618,3,mrtorotcg,216,es,2026-08-28T15:10:03Z
2026-08-29T02,458353,1,moonmoon,12710,en,2026-08-28T22:25:40Z
2026-08-29T02,458353,2,pirate_weasel,83,en,2026-08-28T23:12:13Z
2026-08-29T02,458353,3,albeees,40,en,2026-08-28T22:08:50Z
2026-08-29T02,512953,1,qttsix,3606,zh,2026-08-28T14:11:30Z
2026-08-29T02,512953,2,lilaggy,1439,en,2026-08-28T22:27:00Z
2026-08-29T02,512953,3,luisasonza,1177,pt,2026-08-29T00:38:23Z
2026-08-29T02,499973,1,timthetatmanvods,1283,en,2026-08-29T01:33:39Z
2026-08-29T02,499973,2,cohh,736,en,2026-08-27T12:00:04Z
2026-08-29T02,499973,3,cineillojuan,683,es,2026-08-28T10:38:05Z
2026-08-29T02,489405,1,johnjotv,3433,fr,2026-08-29T02:15:35Z
2026-08-29T02,489405,2,dsimons,1081,es,2026-08-28T20:07:47Z
2026-08-29T02,489405,3,datruthdt,907,en,2026-08-29T02:03:59Z
2026-08-29T02,1286363364,1,gronkh,11259,de,2026-08-28T16:18:10Z
2026-08-29T02,1286363364,2,lokokabooster,6,en,2026-08-29T01:32:15Z
2026-08-29T02,674491029,1,fairlight_excalibur,1241,en,2026-08-29T00:19:44Z
2026-08-29T02,674491029,2,matimi0,1015,en,2026-08-29T01:02:26Z
2026-08-29T02,674491029,3,burkeblack,900,en,2026-08-28T23:49:45Z
2026-08-29T02,509659,1,sunsetgaiaasmr,1274,en,2026-08-29T01:58:31Z
2026-08-29T02,509659,2,eunamiku,1215,en,2026-08-28T23:00:49Z
2026-08-29T02,509659,3,kyouasmr,827,en,2026-08-29T00:29:55Z
2026-08-29T02,490655,1,j0beats,2886,en,2026-08-28T13:58:45Z
2026-08-29T02,490655,2,keibrongameryt,1988,es,2026-08-28T15:37:58Z
2026-08-29T02,490655,3,hoshiri13,885,en,2026-08-28T21:39:54Z
2026-08-29T02,509660,1,bobross,588,en,2026-08-28T14:33:39Z
2026-08-29T02,509660,2,clownmanifestation,517,en,2026-08-28T18:59:56Z
2026-08-29T02,509660,3,kitanaplayx,193,en,2026-08-28T19:14:44Z
2026-08-29T02,23020,1,sosag0crazy,1338,en,2026-08-28T03:38:13Z
2026-08-29T02,23020,2,clout,689,en,2026-08-29T02:19:42Z
2026-08-29T02,23020,3,cochard,289,en,2026-08-28T21:14:42Z
2026-08-29T02,27284,1,macaw45,1250,en,2026-08-29T01:01:14Z
2026-08-29T02,27284,2,coloniacontraatacalive,463,pt,2026-08-29T01:09:57Z
2026-08-29T02,27284,3,andy,313,en,2026-08-28T19:00:59Z
2026-08-29T02,26936,1,frenchstallion,427,en,2026-08-28T22:59:54Z
2026-08-29T02,26936,2,windowlightfm,380,en,2026-08-27T16:09:54Z
2026-08-29T02,26936,3,fantasticplastics,341,en,2026-08-29T00:59:20Z
2026-08-29T02,1669431183,1,jessu,1026,en,2026-08-29T01:43:50Z
2026-08-29T02,1669431183,2,vlouue,547,fr,2026-08-28T21:22:00Z
2026-08-29T02,1669431183,3,skittishandbus,454,en,2026-08-29T01:16:46Z
2026-08-29T02,499634,1,vwapsurfer,2464,en,2026-08-28T12:59:14Z
2026-08-29T02,499634,2,hodlculture,2053,en,2026-08-28T14:28:42Z
2026-08-29T02,499634,3,dvces,1857,en,2026-08-28T13:14:19Z
2026-08-29T02,29452,1,burgaofps,1724,pt,2026-08-28T21:02:12Z
2026-08-29T02,29452,2,tylercashout_07,1089,en,2026-08-28T23:08:53Z
2026-08-29T02,29452,3,nokan777,817,pt,2026-08-29T01:55:40Z
2026-08-29T02,399457773,1,rivers_gg,7967,es,2026-08-28T23:57:57Z
2026-08-29T02,399457773,2,fizzyhorus,8,en,2026-08-29T01:34:33Z
2026-08-29T02,399457773,3,ferbtuish,7,es,2026-08-29T00:40:23Z
2026-08-29T02,19619,1,tibiaemprego,599,pt,2026-08-28T22:57:41Z
2026-08-29T02,19619,2,antedeguemonn,389,pt,2026-08-28T13:54:30Z
2026-08-29T02,19619,3,brederodess,380,pt,2026-08-28T22:22:55Z
2026-08-29T02,66082,1,themrsark,1817,en,2026-08-28T23:20:27Z
2026-08-29T02,66082,2,whoajaco,406,en,2026-08-29T00:23:12Z
2026-08-29T02,66082,3,cherryahrizona,401,es,2026-08-29T00:28:10Z
2026-08-29T02,31339,1,hanner,1168,en,2026-08-28T20:39:41Z
2026-08-29T02,31339,2,etalyx,612,en,2026-08-28T23:12:20Z
2026-08-29T02,31339,3,disnof,574,en,2026-08-28T17:51:12Z
2026-08-29T02,2132205352,1,surefour,2170,en,2026-08-28T22:21:11Z
2026-08-29T02,2132205352,2,lomein,616,en,2026-08-28T19:51:20Z
2026-08-29T02,2132205352,3,dewamoon,480,en,2026-08-28T23:34:47Z
2026-08-29T02,30921,1,kaydop,2137,fr,2026-08-28T22:24:29Z
2026-08-29T02,30921,2,forky,457,en,2026-08-29T01:55:18Z
2026-08-29T02,30921,3,garrettg,290,en,2026-08-29T00:55:01Z
2026-08-29T02,263490,1,lolitofdez,1831,es,2026-08-28T21:24:47Z
2026-08-29T02,263490,2,oilrats,1623,en,2026-08-28T19:09:29Z
2026-08-29T02,263490,3,zchum,960,en,2026-08-27T23:21:56Z
2026-08-29T02,24241,1,vulpixie,463,en,2026-08-28T20:54:25Z
2026-08-29T02,24241,2,ellyen,340,en,2026-08-28T19:30:15Z
2026-08-29T02,24241,3,zeplahq,246,en,2026-08-28T21:01:21Z
2026-08-29T02,460630,1,neskwga,654,pt,2026-08-28T23:00:16Z
2026-08-29T02,460630,2,razah,580,pt,2026-08-28T23:45:14Z
2026-08-29T02,460630,3,strawbesaur,559,en,2026-08-29T00:10:38Z
2026-08-29T02,1898040946,1,tonystatovci,799,en,2026-08-28T22:15:12Z
2026-08-29T02,1898040946,2,dipsit,643,ru,2026-08-28T23:34:47Z
2026-08-29T02,1898040946,3,invain,557,en,2026-08-28T23:02:30Z
2026-08-29T02,464339927,1,nochillgil,1255,en,2026-08-28T23:21:43Z
2026-08-29T02,464339927,2,norgannonhh,529,es,2026-08-28T20:53:35Z
2026-08-29T02,464339927,3,lyesval,377,en,2026-08-29T02:08:47Z
2026-08-29T02,1036710512,1,dmf_kyochan,2744,ja,2026-08-28T10:38:22Z
2026-08-29T02,1036710512,2,stilers,106,ja,2026-08-29T02:04:41Z
2026-08-29T02,1036710512,3,fenixafira,93,en,2026-08-29T01:12:25Z
2026-08-29T02,138585,1,xqn_thesad,2006,en,2026-08-28T22:19:09Z
2026-08-29T02,138585,2,asmodaitv,693,en,2026-08-29T00:56:45Z
2026-08-29T02,138585,3,pizzahs,685,en,2026-08-29T01:35:11Z
2026-08-29T02,1832841853,1,lowtiergod,1609,en,2026-08-29T00:31:50Z
2026-08-29T02,1832841853,2,jill,785,en,2026-08-28T22:22:14Z
2026-08-29T02,1832841853,3,mrs_sweetness,613,fr,2026-08-28T17:23:51Z
2026-08-29T02,518379,1,pokemonunite,4746,en,2026-08-28T15:30:21Z
2026-08-29T02,518379,2,pokemonunite_asiacl_jp,373,ja,2026-08-28T15:32:24Z
2026-08-29T02,518379,3,brunomonkey,129,pt,2026-08-28T22:31:09Z
2026-08-29T02,6511,1,cdawg,4332,en,2026-08-29T01:31:05Z
2026-08-29T02,6511,2,peter,1999,en,2026-08-29T01:38:26Z
2026-08-29T02,6511,3,a_crim,1,en,2026-08-28T06:30:46Z
2026-08-29T02,386821,1,stryker500,468,en,2026-08-29T00:30:41Z
2026-08-29T02,386821,2,jaykunvt,361,en,2026-08-28T21:18:23Z
2026-08-29T02,386821,3,trollzinha,354,pt,2026-08-27T17:00:09Z
2026-08-29T02,624536948,1,zwebackhd,891,en,2026-08-28T22:36:12Z
2026-08-29T02,624536948,2,derkc,405,de,2026-08-28T20:06:47Z
2026-08-29T02,624536948,3,choco2k,256,pt,2026-08-28T20:20:24Z
2026-08-29T02,509663,1,chrismelberger,1290,en,2026-08-28T23:29:49Z
2026-08-29T02,509663,2,digiholic,886,en,2026-08-28T16:03:46Z
2026-08-29T02,509663,3,treelover462,609,de,2026-08-29T01:18:56Z
2026-08-29T02,1081998272,1,vixi,508,en,2026-08-29T00:04:13Z
2026-08-29T02,1081998272,2,gp_tv,324,en,2026-08-28T19:55:32Z
2026-08-29T02,1081998272,3,badboyhalo,167,en,2026-08-28T21:47:50Z
2026-08-29T02,65876,1,jltomy,4843,fr,2026-08-28T19:07:26Z
2026-08-29T02,65876,2,necromage_,21,fr,2026-08-28T17:27:24Z
2026-08-29T02,65876,3,sandra_play_,20,uk,2026-08-29T00:13:33Z
2026-08-29T02,461221,1,cesgod,2110,es,2026-08-28T16:50:04Z
2026-08-29T02,461221,2,anabanana,1986,es,2026-08-29T00:53:16Z
2026-08-29T02,461221,3,benitofam5,534,en,2026-08-29T01:46:19Z
2026-08-29T02,570615518,1,mopgarden,526,en,2026-08-29T00:16:40Z
2026-08-29T02,570615518,2,theblackhokage,372,en,2026-08-29T00:56:25Z
2026-08-29T02,570615518,3,ramez05,370,en,2026-08-29T01:45:09Z
2026-08-29T02,272263131,1,alveussanctuary,1253,en,2026-08-27T13:06:42Z
2026-08-29T02,272263131,2,marinemammalrescue,394,en,2026-08-27T23:21:49Z
2026-08-29T02,272263131,3,ferretsoftware,268,en,2026-08-28T18:17:52Z
2026-08-29T02,498592,1,kunshikitty,636,de,2026-08-28T05:09:45Z
2026-08-29T02,498592,2,exsl95,570,de,2026-08-28T13:23:35Z
2026-08-29T02,498592,3,corgicam,445,en,2026-08-28T14:45:56Z
2026-08-29T02,493174,1,kyr_sp33dy,1439,en,2026-08-28T22:38:38Z
2026-08-29T02,493174,2,megalodonvt,1352,en,2026-08-29T00:01:11Z
2026-08-29T02,493174,3,aplatypuss,793,en,2026-08-28T23:17:16Z
2026-08-29T02,459931,1,triumphant,498,en,2026-08-28T20:44:47Z
2026-08-29T02,459931,2,sparcmac,323,en,2026-08-28T23:29:54Z
2026-08-29T02,459931,3,tpapaslice,256,en,2026-08-27T21:02:48Z
2026-08-29T02,13332,1,hyoon,1172,en,2026-08-29T01:07:11Z
2026-08-29T02,13332,2,estend1,433,en,2026-08-28T21:17:57Z
2026-08-29T02,13332,3,lightorias,379,en,2026-08-28T23:30:49Z
2026-08-29T02,670138298,1,dubdot,904,other,2026-08-28T23:13:25Z
2026-08-29T02,670138298,2,problemwright,278,en,2026-08-28T23:36:37Z
2026-08-29T02,670138298,3,millz,256,en,2026-08-28T17:00:18Z
2026-08-29T02,27546,1,german_intelligence,1582,en,2026-08-28T21:02:58Z
2026-08-29T02,27546,2,o_p_hacker,866,en,2026-08-28T22:00:39Z
2026-08-29T02,27546,3,platinumdust,646,en,2026-08-28T22:23:19Z
2026-08-29T02,1441208453,1,galinhodoido,210,en,2026-08-28T20:12:30Z
2026-08-29T02,1441208453,2,eimalada,205,pt,2026-08-29T01:34:03Z
2026-08-29T02,1441208453,3,russianrae,111,en,2026-08-28T23:05:59Z
2026-08-29T02,416015,1,h2p_gucio,1612,pl,2026-08-28T17:37:14Z
2026-08-29T02,416015,2,mistersleepycat,732,en,2026-08-28T23:00:59Z
2026-08-29T02,416015,3,ruetoo,439,en,2026-08-29T00:33:49Z
2026-08-29T02,493057,1,lev4nte_,265,ru,2026-08-28T15:20:57Z
2026-08-29T02,493057,2,ihw666,235,ru,2026-08-29T00:51:00Z
2026-08-29T02,493057,3,rollipollipotamus,214,en,2026-08-28T12:00:24Z
2026-08-29T02,676802825,1,callmecarsonlive,284,en,2026-08-28T21:54:11Z
2026-08-29T02,676802825,2,gabyplush,92,es,2026-08-29T00:24:42Z
2026-08-29T02,676802825,3,rintaichou,71,en,2026-08-28T21:54:36Z
2026-08-29T02,456845141,1,fobm4ster,1989,en,2026-08-28T22:31:04Z
2026-08-29T02,456845141,2,rubee,382,en,2026-08-28T22:02:42Z
2026-08-29T02,456845141,3,cannaaaa,284,en,2026-08-29T02:13:11Z
2026-08-29T02,417528,1,africaalbion,654,pt,2026-08-28T15:33:04Z
2026-08-29T02,417528,2,feliperas,476,pt,2026-08-28T22:30:30Z
2026-08-29T02,417528,3,kraizen_gaming,343,es,2026-08-29T00:04:25Z
2026-08-29T02,513181,1,limbosauce,363,en,2026-08-28T22:00:30Z
2026-08-29T02,513181,2,konogenpact,227,es,2026-08-29T01:10:30Z
2026-08-29T02,513181,3,kamuuska,195,pt,2026-08-29T01:32:46Z
2026-08-29T02,21812,1,erobb221,3567,en,2026-08-28T14:59:22Z
2026-08-29T02,21812,2,genso__,64,en,2026-08-28T23:22:30Z
2026-08-29T02,21812,3,crawdadio18,15,en,2026-08-29T01:01:04Z
2026-08-29T02,518184,1,flashforce,743,en,2026-08-29T00:06:55Z
2026-08-29T02,518184,2,helheim_lynx,386,en,2026-08-29T00:47:26Z
2026-08-29T02,518184,3,twigbot_,226,en,2026-08-28T22:33:45Z
2026-08-29T02,504463,1,nothingbutskillz,1215,en,2026-08-28T14:43:43Z
2026-08-29T02,504463,2,streamerhouse,552,en,2026-08-28T22:13:08Z
2026-08-29T02,504463,3,xlokillox,173,es,2026-08-28T20:43:47Z
2026-08-29T02,116747788,1,thenicolet,1477,en,2026-08-28T22:25:14Z
2026-08-29T02,116747788,2,gracewitham,806,en,2026-08-29T00:46:05Z
2026-08-29T02,116747788,3,kristenlanae,195,en,2026-08-29T01:00:47Z
2026-08-29T02,509511,1,dietbob,164,en,2026-08-28T23:22:47Z
2026-08-29T02,509511,2,shambugi,155,en,2026-08-29T02:14:03Z
2026-08-29T02,509511,3,canadian_dragon,149,en,2026-08-29T00:33:15Z
2026-08-29T02,493959,1,brayitangaming27,405,es,2026-08-29T01:49:47Z
2026-08-29T02,493959,2,timmac,227,en,2026-08-28T21:40:58Z
2026-08-29T02,493959,3,ventura,201,pt,2026-08-28T21:24:22Z
2026-08-29T02,1253800827,1,giggand,3153,de,2026-08-28T19:16:08Z
2026-08-29T02,1253800827,2,soloquesttv,8,es,2026-08-29T00:41:21Z
2026-08-29T02,1253800827,3,nekrokablinko,3,en,2026-08-29T02:33:10Z
2026-08-29T02,497248,1,joshuaschmidtygo,2333,en,2026-08-28T23:35:01Z
2026-08-29T02,497248,2,maskedherovic,217,es,2026-08-28T23:44:39Z
2026-08-29T02,497248,3,gabeygo,167,fr,2026-08-29T00:00:49Z
2026-08-29T02,1597660489,1,trashwuu,63,en,2026-08-28T23:58:25Z
2026-08-29T02,1597660489,2,aether2125,54,en,2026-08-29T01:11:25Z
2026-08-29T02,1597660489,3,salemworksvt,47,en,2026-08-29T01:01:38Z
2026-08-29T02,401587136,1,mozgoejka,351,ru,2026-08-28T19:40:44Z
2026-08-29T02,401587136,2,bakedjake,217,en,2026-08-29T01:21:45Z
2026-08-29T02,401587136,3,gl40labsrat,147,en,2026-08-29T01:12:39Z
2026-08-29T02,1282866981,1,bbreadman,549,en,2026-08-28T19:33:25Z
2026-08-29T02,1282866981,2,equalplays,451,en,2026-08-29T01:33:12Z
2026-08-29T02,1282866981,3,terasite,187,en,2026-08-29T00:58:52Z
2026-08-29T02,766571430,1,zombie_doctorr,203,en,2026-08-28T18:48:03Z
2026-08-29T02,766571430,2,lassiz,112,en,2026-08-28T14:51:53Z
2026-08-29T02,766571430,3,pureconmerken,66,es,2026-08-28T23:55:33Z
2026-08-29T02,65632,1,house,387,en,2026-08-29T01:16:43Z
2026-08-29T02,65632,2,foxyannika,383,en,2026-08-29T00:24:38Z
2026-08-29T02,65632,3,eiriish,291,en,2026-08-28T20:03:31Z
2026-08-29T02,18893,1,calebhart42,1004,en,2026-08-29T00:01:44Z
2026-08-29T02,18893,2,senz,212,en,2026-08-29T01:16:56Z
2026-08-29T02,18893,3,getmanuel,167,ja,2026-08-29T01:15:20Z
2026-08-29T02,982348888,1,desmondrdc,1069,en,2026-08-29T00:16:17Z
2026-08-29T02,982348888,2,rdcxben,374,en,2026-08-29T00:21:37Z
2026-08-29T02,982348888,3,zorban,132,en,2026-08-28T23:36:56Z
2026-08-29T02,417752,1,linustech,1083,en,2026-08-28T23:48:39Z
2026-08-29T02,417752,2,touskitv,187,fr,2026-08-28T23:50:05Z
2026-08-29T02,417752,3,mega64podcast,161,en,2026-08-29T02:16:46Z
2026-08-29T02,66170,1,professorlih,295,pt,2026-08-28T22:01:59Z
2026-08-29T02,66170,2,kaeysi,111,en,2026-08-28T23:00:04Z
2026-08-29T02,66170,3,hazumi,98,en,2026-08-28T23:15:32Z
2026-08-29T02,168648543,1,rglqq,248,en,2026-08-28T23:55:24Z
2026-08-29T02,168648543,2,pace22,175,en,2026-08-28T21:06:24Z
2026-08-29T02,168648543,3,asveeti,152,en,2026-08-28T21:55:39Z
2026-08-29T02,982017546,1,frozendesire,258,en,2026-08-29T01:25:40Z
2026-08-29T02,982017546,2,feistystreams,247,en,2026-08-28T21:11:44Z
2026-08-29T02,982017546,3,justalittlerainn,187,en,2026-08-29T00:32:58Z
2026-08-29T02,1678532194,1,bordeaux,273,en,2026-08-28T21:59:20Z
2026-08-29T02,1678532194,2,therealdatruthyadig,201,en,2026-08-29T00:26:53Z
2026-08-29T02,1678532194,3,zrilhd,101,en,2026-08-28T22:58:04Z
2026-08-29T02,2059463486,1,jaboodyshow,658,en,2026-08-28T21:24:20Z
2026-08-29T02,2059463486,2,frivvifox,251,en,2026-08-29T00:15:26Z
2026-08-29T02,2059463486,3,shartcandy,184,en,2026-08-28T20:00:16Z
2026-08-29T02,852009328,1,thelorr,237,en,2026-08-28T22:48:23Z
2026-08-29T02,852009328,2,enzotps,234,en,2026-08-28T21:18:49Z
2026-08-29T02,852009328,3,lichkarthus,227,en,2026-08-29T01:57:46Z
2026-08-29T02,12482,1,majinphil,1718,en,2026-08-28T18:59:10Z
2026-08-29T02,12482,2,popesquidward,233,en,2026-08-28T22:44:19Z
2026-08-29T02,12482,3,axellarsen,106,en,2026-08-28T23:41:04Z
2026-08-29T02,71375,1,queen_pwnzalot,233,en,2026-08-29T00:10:48Z
2026-08-29T02,71375,2,activee,194,en,2026-08-28T21:03:39Z
2026-08-29T02,71375,3,xerostate,180,en,2026-08-28T23:41:37Z
2026-08-29T11,509658,1,kaicenat,50153,en,2026-08-28T21:05:31Z
2026-08-29T11,509658,2,rayan_psnn,15421,fr,2026-08-29T09:32:33Z
2026-08-29T11,509658,3,jynxzi,12229,en,2026-08-28T21:16:26Z
2026-08-29T11,21779,1,caedrel,89988,en,2026-08-29T07:14:54Z
2026-08-29T11,21779,2,lck,25533,en,2026-08-29T07:10:01Z
2026-08-29T11,21779,3,lck_carry,20405,zh,2026-08-29T07:17:19Z
2026-08-29T11,32399,1,blastpremier,16194,en,2026-08-29T08:11:59Z
2026-08-29T11,32399,2,chopperinho,13310,ru,2026-08-29T08:47:48Z
2026-08-29T11,32399,3,97zoner,4036,ru,2026-08-29T08:52:21Z
2026-08-29T11,263490,1,fps_shaka,34407,ja,2026-08-29T04:27:17Z
2026-08-29T11,263490,2,zerost_s,5146,ja,2026-08-29T04:40:51Z
2026-08-29T11,263490,3,leondaihyou,5111,ja,2026-08-29T04:10:30Z
2026-08-29T11,509672,1,schradin,11817,de,2026-08-29T08:50:55Z
2026-08-29T11,509672,2,agent00,5677,en,2026-08-28T15:02:22Z
2026-08-29T11,509672,3,kdrkitten,5004,de,2026-08-29T08:04:12Z
2026-08-29T11,516575,1,gofns,13033,en,2026-08-29T07:53:39Z
2026-08-29T11,516575,2,lazvell,8438,ja,2026-08-29T07:41:36Z
2026-08-29T11,516575,3,valorant_pacific,6862,en,2026-08-29T07:00:42Z
2026-08-29T11,18122,1,echo_esports,23558,en,2026-08-28T16:01:09Z
2026-08-29T11,18122,2,gingitv,6961,en,2026-08-29T05:17:12Z
2026-08-29T11,18122,3,method,4638,en,2026-08-28T04:28:36Z
2026-08-29T11,511224,1,esports_rage,7587,ja,2026-08-29T08:30:03Z
2026-08-29T11,511224,2,vodkavdk,6818,ja,2026-08-29T06:22:28Z
2026-08-29T11,511224,3,euriece,5529,ja,2026-08-29T09:15:10Z
2026-08-29T11,32982,1,patisyu,4832,ja,2026-08-29T10:00:26Z
2026-08-29T11,32982,2,soraposhich,1886,ja,2026-08-29T10:00:07Z
2026-08-29T11,32982,3,kentsumeshi_heyoo,1574,ja,2026-08-29T10:08:13Z
2026-08-29T11,29595,1,mellstroy,6380,ru,2026-08-29T09:31:50Z
2026-08-29T11,29595,2,stariy_bog,4567,ru,2026-08-29T09:42:09Z
2026-08-29T11,29595,3,daxak,4288,ru,2026-08-29T08:52:52Z
2026-08-29T11,518203,1,gerardromero,7675,es,2026-08-29T09:53:23Z
2026-08-29T11,518203,2,spontent,6868,de,2026-08-29T07:46:16Z
2026-08-29T11,518203,3,rmcsport,6793,fr,2026-08-29T09:59:41Z
2026-08-29T11,498566,1,clairtrevor,3050,de,2026-08-29T09:35:14Z
2026-08-29T11,498566,2,synare35,2264,en,2026-08-29T08:43:51Z
2026-08-29T11,498566,3,hojuxohip,2258,pt,2026-08-29T08:43:41Z
2026-08-29T11,2058220722,1,kato_junichi0817,22403,ja,2026-08-29T08:17:36Z
2026-08-29T11,2058220722,2,tiberthedeveloper,12,en,2026-08-29T09:48:03Z
2026-08-29T11,2058220722,3,aranaykrayos,3,de,2026-08-29T10:18:45Z
2026-08-29T11,1478650472,1,ubica,1335,ru,2026-08-29T07:26:23Z
2026-08-29T11,1478650472,2,stodeh,1299,en,2026-08-29T09:25:33Z
2026-08-29T11,1478650472,3,stylerz,1075,de,2026-08-29T08:33:06Z
2026-08-29T11,490655,1,pokemongo,15829,en,2026-08-29T03:14:57Z
2026-08-29T11,490655,2,keibrongameryt,1425,es,2026-08-28T15:37:58Z
2026-08-29T11,490655,3,nuralkar,1015,de,2026-08-28T17:42:13Z
2026-08-29T11,513143,1,boxbox,3737,en,2026-08-28T22:08:51Z
2026-08-29T11,513143,2,setsuko,2112,en,2026-08-29T07:33:28Z
2026-08-29T11,513143,3,failverde,1937,zh,2026-08-29T08:40:00Z
2026-08-29T11,491931,1,desmondpilak,2298,en,2026-08-29T01:15:58Z
2026-08-29T11,491931,2,verybadscav,2152,en,2026-08-28T12:52:56Z
2026-08-29T11,491931,3,tororo_vtuber,1558,ja,2026-08-29T09:43:29Z
2026-08-29T11,33214,1,loeya,1900,en,2026-08-29T07:00:34Z
2026-08-29T11,33214,2,oatley,1249,en,2026-08-29T06:00:24Z
2026-08-29T11,33214,3,ocedexx,653,en,2026-08-29T07:56:45Z
2026-08-29T11,499973,1,theburntpeanut_247,4925,en,2026-08-28T03:52:11Z
2026-08-29T11,499973,2,zerator_247,1306,fr,2026-08-29T03:00:04Z
2026-08-29T11,499973,3,cohh,1157,en,2026-08-27T12:00:04Z
2026-08-29T11,1931693784,1,pokemon,16035,en,2026-08-29T02:15:15Z
2026-08-29T11,1931693784,2,pokemonlover247,216,en,2026-08-29T05:25:53Z
2026-08-29T11,1931693784,3,polita,173,en,2026-08-27T11:08:18Z
2026-08-29T11,27471,1,theguill84,1858,fr,2026-08-29T09:33:29Z
2026-08-29T11,27471,2,jimmyboyyy,558,fr,2026-08-29T09:33:21Z
2026-08-29T11,27471,3,yukkkkiouo,473,zh,2026-08-29T09:25:41Z
2026-08-29T11,491487,1,littlespacerock,1126,en,2026-08-29T05:00:39Z
2026-08-29T11,491487,2,tru3ta1ent,1076,en,2026-08-29T09:57:52Z
2026-08-29T11,491487,3,china_channel,472,ja,2026-08-29T08:18:11Z
2026-08-29T11,511195,1,yaritaiji,13430,ja,2026-08-29T10:17:02Z
2026-08-29T11,511195,2,vikingxvince,5,en,2026-08-29T09:58:07Z
2026-08-29T11,511195,3,waffles_puppy,2,en,2026-08-29T01:05:52Z
2026-08-29T11,515025,1,nico_ov,1571,ja,2026-08-29T09:08:26Z
2026-08-29T11,515025,2,winton_ow2,680,en,2026-08-29T04:28:34Z
2026-08-29T11,515025,3,aoi_sakura3,619,ja,2026-08-29T10:40:21Z
2026-08-29T11,509663,1,xrohat,3841,de,2026-08-29T08:47:30Z
2026-08-29T11,509663,2,rocketbeanstv,2467,de,2026-08-29T09:00:20Z
2026-08-29T11,509663,3,gamestar,2393,de,2026-08-29T08:14:46Z
2026-08-29T11,498592,1,cinna,4962,en,2026-08-27T20:41:06Z
2026-08-29T11,498592,2,strippin,846,en,2026-08-28T14:36:25Z
2026-08-29T11,498592,3,zchum,510,en,2026-08-27T23:21:56Z
2026-08-29T11,27284,1,sarconius,3579,en,2026-08-29T01:01:52Z
2026-08-29T11,27284,2,unclebjorn,2427,ru,2026-08-29T02:53:25Z
2026-08-29T11,27284,3,eels4reals,355,en,2026-08-29T05:06:56Z
2026-08-29T11,602040818,1,lockintj,1045,en,2026-08-29T08:42:07Z
2026-08-29T11,602040818,2,xargon0731,967,zh,2026-08-29T03:41:12Z
2026-08-29T11,602040818,3,fanta,676,en,2026-08-28T02:17:59Z
2026-08-29T11,55453844,1,ren_kisaragi__,5157,ja,2026-08-29T05:52:51Z
2026-08-29T11,55453844,2,takagitv,1581,ja,2026-08-28T13:59:10Z
2026-08-29T11,55453844,3,gachikun0423,708,ja,2026-08-29T01:49:50Z
2026-08-29T11,2090279789,1,indegnasen0706,10399,ja,2026-08-29T07:00:57Z
2026-08-29T11,2090279789,2,tofuhuu,30,en,2026-08-29T06:41:04Z
2026-08-29T11,2090279789,3,pitchey31,2,fr,2026-08-29T10:17:10Z
2026-08-29T11,27546,1,dezgamez,3086,en,2026-08-29T05:32:10Z
2026-08-29T11,27546,2,quickybaby,2427,en,2026-08-29T10:17:33Z
2026-08-29T11,27546,3,orzanel,1035,en,2026-08-29T05:00:21Z
2026-08-29T11,31339,1,mynthos,6006,fr,2026-08-29T06:40:32Z
2026-08-29T11,31339,2,simcopter1,612,en,2026-08-29T05:05:38Z
2026-08-29T11,31339,3,gaules,336,pt,2026-08-27T17:29:33Z
2026-08-29T11,493057,1,des0ut,1885,ru,2026-08-29T07:10:19Z
2026-08-29T11,493057,2,cdnthe3rd,1004,en,2026-08-29T04:53:32Z
2026-08-29T11,493057,3,drainys,735,ru,2026-08-29T06:08:30Z
2026-08-29T11,674491029,1,singsing,1978,en,2026-08-29T09:26:13Z
2026-08-29T11,674491029,2,timmac,1094,en,2026-08-28T21:40:58Z
2026-08-29T11,674491029,3,radlerauge,1014,de,2026-08-28T23:15:45Z
2026-08-29T11,29452,1,vijomyhe5,2203,pt,2026-08-29T08:50:31Z
2026-08-29T11,29452,2,dizedi71,2202,pt,2026-08-29T08:43:21Z
2026-08-29T11,29452,3,tylercashout_07,914,en,2026-08-28T23:08:53Z
2026-08-29T11,1264310518,1,loldonatello,566,en,2026-08-28T18:00:04Z
2026-08-29T11,1264310518,2,jitnoward,358,en,2026-08-29T06:11:08Z
2026-08-29T11,1264310518,3,peach,349,en,2026-08-29T01:16:44Z
2026-08-29T11,138585,1,jeefhs,2178,en,2026-08-29T09:33:30Z
2026-08-29T11,138585,2,graycen,1103,en,2026-08-29T02:00:17Z
2026-08-29T11,138585,3,zetalot,799,en,2026-08-29T06:07:16Z
2026-08-29T11,386821,1,quendya_,1011,en,2026-08-29T04:05:17Z
2026-08-29T11,386821,2,huehotbar,688,en,2026-08-29T06:32:36Z
2026-08-29T11,386821,3,omu3omu,583,ja,2026-08-29T06:50:33Z
2026-08-29T11,509659,1,pekeasmr,1609,en,2026-08-29T05:35:40Z
2026-08-29T11,509659,2,lovella,942,en,2026-08-29T08:47:22Z
2026-08-29T11,509659,3,thenicolet,698,en,2026-08-28T22:25:14Z
2026-08-29T11,509660,1,dyarikku,1055,en,2026-08-29T09:23:33Z
2026-08-29T11,509660,2,bobross,990,en,2026-08-28T14:33:39Z
2026-08-29T11,509660,3,madamediablo,319,en,2026-08-29T08:39:59Z
2026-08-29T11,6511,1,cdawg,5348,en,2026-08-29T01:31:05Z
2026-08-29T11,6511,2,peter,1903,en,2026-08-29T01:38:26Z
2026-08-29T11,6511,3,a_crim,2,en,2026-08-29T04:56:56Z
2026-08-29T11,499634,1,vwapsurfer,2431,en,2026-08-28T12:59:14Z
2026-08-29T11,499634,2,smcteamcrypto,1770,en,2026-08-29T10:17:51Z
2026-08-29T11,499634,3,heyitsyolo,364,en,2026-08-29T09:10:12Z
2026-08-29T11,570615518,1,rangerarea,1192,de,2026-08-29T06:40:59Z
2026-08-29T11,570615518,2,damdamlive,665,fr,2026-08-29T08:45:10Z
2026-08-29T11,570615518,3,ghostkai,413,en,2026-08-29T09:01:29Z
2026-08-29T11,624536948,1,anthonydaytv,1058,en,2026-08-29T07:56:45Z
2026-08-29T11,624536948,2,lestwins,734,fr,2026-08-29T09:52:56Z
2026-08-29T11,624536948,3,xpazzoo,368,de,2026-08-29T06:04:33Z
2026-08-29T11,603051581,1,yuyuta0702,5657,ja,2026-08-29T05:17:04Z
2026-08-29T11,603051581,2,sapuriba,19,ja,2026-08-29T09:54:59Z
2026-08-29T11,603051581,3,peescae,5,ja,2026-08-29T09:13:47Z
2026-08-29T11,23020,1,sosag0crazy,1316,en,2026-08-28T03:38:13Z
2026-08-29T11,23020,2,clout,690,en,2026-08-29T02:19:42Z
2026-08-29T11,23020,3,3dlennon,152,en,2026-08-29T10:23:21Z
2026-08-29T11,1669431183,1,sunshineliveradio,678,de,2026-08-29T08:55:34Z
2026-08-29T11,1669431183,2,noasaitoshii,287,en,2026-08-29T05:59:11Z
2026-08-29T11,1669431183,3,chazz,269,en,2026-08-29T06:34:59Z
2026-08-29T11,26936,1,windowlightfm,334,en,2026-08-27T16:09:54Z
2026-08-29T11,26936,2,djbrisk,291,en,2026-08-29T09:18:55Z
2026-08-29T11,26936,3,thinkerbella,254,en,2026-08-29T09:49:05Z
2026-08-29T11,512710,1,v1nkub,370,de,2026-08-29T10:49:48Z
2026-08-29T11,512710,2,cpentagon,335,de,2026-08-29T10:02:05Z
2026-08-29T11,512710,3,insuredaudiodotcom,252,en,2026-08-29T01:50:44Z
2026-08-29T11,272263131,1,alveussanctuary,1108,en,2026-08-27T13:06:42Z
2026-08-29T11,272263131,2,ferretsoftware,269,en,2026-08-28T18:17:52Z
2026-08-29T11,272263131,3,marinemammalrescue,267,en,2026-08-27T23:21:49Z
2026-08-29T11,951949934,1,zrush,4517,zh,2026-08-29T04:32:21Z
2026-08-29T11,951949934,2,vikingvgame,14,no,2026-08-29T08:04:05Z
2026-08-29T11,951949934,3,lunateac,9,en,2026-08-29T10:59:14Z
2026-08-29T11,2132205352,1,eido,1060,en,2026-08-28T22:08:31Z
2026-08-29T11,2132205352,2,renon,305,en,2026-08-29T03:47:01Z
2026-08-29T11,2132205352,3,fargareko,283,ru,2026-08-29T09:50:34Z
2026-08-29T11,459931,1,b0aty,927,en,2026-08-29T10:15:24Z
2026-08-29T11,459931,2,mmorpg,721,en,2026-08-29T10:00:25Z
2026-08-29T11,459931,3,dino_xx,658,en,2026-08-29T10:36:05Z
2026-08-29T11,19619,1,biskella,276,pt,2026-08-29T02:24:26Z
2026-08-29T11,19619,2,massroon,224,pt,2026-08-29T09:53:59Z
2026-08-29T11,19619,3,bytake,203,pl,2026-08-28T16:35:13Z
2026-08-29T11,417528,1,elpelotasssss,1166,es,2026-08-29T10:02:23Z
2026-08-29T11,417528,2,a_big_koko,565,en,2026-08-29T05:36:13Z
2026-08-29T11,417528,3,patoalbion,348,pt,2026-08-29T10:04:21Z
2026-08-29T11,9618,1,pokemontcg,3697,en,2026-08-29T03:51:07Z
2026-08-29T11,9618,2,deriumandwifey,61,en,2026-08-28T00:44:38Z
2026-08-29T11,9618,3,cgcollection,55,no,2026-08-29T07:02:47Z
2026-08-29T11,24241,1,sarahjane,338,en,2026-08-29T08:20:58Z
2026-08-29T11,24241,2,tomeru1,193,ja,2026-08-29T04:08:17Z
2026-08-29T11,24241,3,dhelra,172,pt,2026-08-29T09:47:34Z
2026-08-29T11,1702520304,1,zizaran,2343,en,2026-08-29T09:50:22Z
2026-08-29T11,1702520304,2,misoxshiru,515,en,2026-08-29T07:19:23Z
2026-08-29T11,1702520304,3,talion,129,fr,2026-08-29T09:22:26Z
2026-08-29T11,65632,1,ceremor,1684,en,2026-08-29T08:57:54Z
2026-08-29T11,65632,2,chad,307,en,2026-08-29T04:05:50Z
2026-08-29T11,65632,3,vkamz,249,de,2026-08-29T08:00:00Z
2026-08-29T11,512953,1,rekkles,954,en,2026-08-29T10:35:38Z
2026-08-29T11,512953,2,greytheerror,293,en,2026-08-29T08:46:04Z
2026-08-29T11,512953,3,owarida,205,fr,2026-08-29T07:47:00Z
2026-08-29T11,30921,1,lecheps,303,fr,2026-08-29T07:46:36Z
2026-08-29T11,30921,2,sg16s,281,en,2026-08-29T10:01:07Z
2026-08-29T11,30921,3,xoxxly,213,en,2026-08-29T08:19:18Z
2026-08-29T11,504463,1,streamerhouse,1103,en,2026-08-28T22:13:08Z
2026-08-29T11,504463,2,vfoxygirlvyt,387,ja,2026-08-29T00:11:07Z
2026-08-29T11,504463,3,thepoundofflesh,205,en,2026-08-29T05:39:20Z
2026-08-29T11,1832841853,1,elliawald,267,de,2026-08-29T08:04:23Z
2026-08-29T11,1832841853,2,drachenkraut,243,de,2026-08-29T09:13:02Z
2026-08-29T11,1832841853,3,raptor,156,de,2026-08-29T06:40:07Z
2026-08-29T11,509667,1,bonkol,893,pl,2026-08-29T08:02:43Z
2026-08-29T11,509667,2,pennymeowy,764,en,2026-08-29T08:13:03Z
2026-08-29T11,509667,3,arrozydesgracias,477,es,2026-08-29T10:32:04Z
2026-08-29T11,491962037,1,sir_thomas_,1053,fr,2026-08-29T06:56:43Z
2026-08-29T11,491962037,2,nannitwitch,886,it,2026-08-29T09:49:25Z
2026-08-29T11,491962037,3,d1rtyd3vil,541,de,2026-08-29T09:54:14Z
2026-08-29T11,1898040946,1,diables,996,pl,2026-08-29T09:19:26Z
2026-08-29T11,1898040946,2,kydrash,233,ru,2026-08-29T08:10:56Z
2026-08-29T11,1898040946,3,thunderch1k,149,ru,2026-08-29T07:58:57Z
2026-08-29T11,21812,1,erobb221,3054,en,2026-08-28T14:59:22Z
2026-08-29T11,21812,2,hjurri,9,fi,2026-08-29T07:59:57Z
2026-08-29T11,21812,3,sams_257,1,en,2026-08-29T08:35:45Z
2026-08-29T11,6521,1,karmikkoala,2546,ru,2026-08-29T09:00:12Z
2026-08-29T11,6521,2,tirean,107,en,2026-08-29T08:48:05Z
2026-08-29T11,6521,3,panamnyi,62,ru,2026-08-29T10:04:33Z
2026-08-29T11,401587136,1,samoylov___,548,ru,2026-08-29T08:03:28Z
2026-08-29T11,401587136,2,muhadjan_atakuet,260,ru,2026-08-29T07:25:14Z
2026-08-29T11,401587136,3,kritikal,258,en,2026-08-29T08:59:53Z
2026-08-29T11,461221,1,cesgod,2389,es,2026-08-28T16:50:04Z
2026-08-29T11,461221,2,diegomcoc,277,es,2026-08-29T08:25:30Z
2026-08-29T11,461221,3,aamirtausif,131,en,2026-08-29T06:45:49Z
2026-08-29T11,464339927,1,lyesval,492,en,2026-08-29T02:08:47Z
2026-08-29T11,464339927,2,jsavagew,312,fr,2026-08-29T08:55:52Z
2026-08-29T11,464339927,3,akuma,237,en,2026-08-29T09:37:27Z
2026-08-29T11,687129551,1,bren_tm2,948,en,2026-08-29T09:03:17Z
2026-08-29T11,687129551,2,granadyy,805,en,2026-08-29T09:04:36Z
2026-08-29T11,687129551,3,rezears,516,de,2026-08-29T09:04:35Z
2026-08-29T11,1393304883,1,tanki_esports,605,ru,2026-08-29T08:48:28Z
2026-08-29T11,1393304883,2,lebwa_bb,452,ru,2026-08-29T08:48:41Z
2026-08-29T11,1393304883,3,near_you,359,ru,2026-08-29T09:00:12Z
2026-08-29T11,1282866981,1,equalplays,401,en,2026-08-29T01:33:12Z
2026-08-29T11,1282866981,2,stikinson,292,ru,2026-08-29T08:36:16Z
2026-08-29T11,1282866981,3,hsuanhsuandesu,144,zh,2026-08-29T04:39:12Z
2026-08-29T11,13332,1,reimi,459,en,2026-08-29T07:41:43Z
2026-08-29T11,13332,2,estend1,366,en,2026-08-28T21:17:57Z
2026-08-29T11,13332,3,droodthund3r,341,it,2026-08-29T07:45:33Z
2026-08-29T11,19976,1,a541021,838,zh,2026-08-29T08:21:16Z
2026-08-29T11,19976,2,bamow,315,zh,2026-08-29T09:43:06Z
2026-08-29T11,19976,3,aakk30234,257,zh,2026-08-29T06:28:11Z
2026-08-29T11,1469308723,1,piratesoftware,1531,en,2026-08-29T08:05:46Z
2026-08-29T11,1469308723,2,xkoster,289,ru,2026-08-29T09:04:42Z
2026-08-29T11,1469308723,3,rudimbo,121,ru,2026-08-29T05:39:44Z
2026-08-29T11,1441208453,1,royalewithcheesetv,185,en,2026-08-29T06:32:23Z
2026-08-29T11,1441208453,2,galinhodoido,180,en,2026-08-29T09:46:49Z
2026-08-29T11,1441208453,3,hannahxlea,150,de,2026-08-29T09:26:48Z
2026-08-29T11,12924,1,back2warcraft,1197,en,2026-08-29T04:49:53Z
2026-08-29T11,12924,2,wanderbraun,632,ru,2026-08-29T05:07:16Z
2026-08-29T11,12924,3,snupild,240,ru,2026-08-29T07:23:49Z
2026-08-29T11,1630982727,1,naru0419045,1009,ja,2026-08-29T08:59:39Z
2026-08-29T11,1630982727,2,hyper2374,896,zh,2026-08-29T07:02:06Z
2026-08-29T11,1630982727,3,menacedog,108,sv,2026-08-29T08:19:30Z
2026-08-29T11,852009328,1,makar_fun,301,ru,2026-08-29T10:33:11Z
2026-08-29T11,852009328,2,ettnix,298,en,2026-08-29T08:01:32Z
2026-08-29T11,852009328,3,dhalucard,287,de,2026-08-29T10:57:52Z
2026-08-29T11,12839,1,unutcon,1118,ru,2026-08-29T08:06:03Z
2026-08-29T11,12839,2,newb1kk,399,ru,2026-08-29T03:55:36Z
2026-08-29T11,12839,3,master_of__mind,254,ru,2026-08-29T07:17:51Z
2026-08-29T11,511391,1,tortedelini,2106,en,2026-08-29T07:59:41Z
2026-08-29T11,511391,2,chat_,254,fr,2026-08-29T08:08:38Z
2026-08-29T11,511391,3,rou_minaduki,27,zh,2026-08-29T06:03:44Z
2026-08-29T11,494184,1,mlbb_cis,817,ru,2026-08-29T10:35:23Z
2026-08-29T11,494184,2,scottykil,173,ru,2026-08-29T03:27:37Z
2026-08-29T11,494184,3,riokka11,169,ru,2026-08-29T07:14:57Z
2026-08-29T11,460630,1,rainbow6jp,461,ja,2026-08-29T09:04:04Z
2026-08-29T11,460630,2,bikinibodhi,161,en,2026-08-29T09:45:33Z
2026-08-29T11,460630,3,skyte,129,en,2026-08-29T06:20:16Z
2026-08-29T11,509511,1,karssi,255,fr,2026-08-29T10:21:54Z
2026-08-29T11,509511,2,dietbob,220,en,2026-08-28T23:22:47Z
2026-08-29T11,509511,3,miyaaa,205,de,2026-08-29T04:32:24Z
2026-08-29T11,66082,1,seriesofblurs,286,en,2026-08-29T09:11:46Z
2026-08-29T11,66082,2,1maccete,165,en,2026-08-29T10:29:59Z
2026-08-29T11,66082,3,mattrpd,129,en,2026-08-29T08:58:59Z
2026-08-29T11,2133072147,1,lestakorabli,2171,ru,2026-08-29T10:27:23Z
2026-08-29T11,2133072147,2,me4tatelnica_irina,102,ru,2026-08-29T10:25:30Z
2026-08-29T11,2133072147,3,s_l_e_s_a_r_u_g_a,12,ru,2026-08-29T09:12:20Z
2026-08-29T11,29307,1,mbxtreme,346,en,2026-08-29T06:56:49Z
2026-08-29T11,29307,2,poeguy007,250,en,2026-08-29T09:25:51Z
2026-08-29T11,29307,3,mister37_,138,en,2026-08-29T06:00:19Z
2026-08-29T11,518379,1,pokemonunite,1971,en,2026-08-29T03:35:06Z
2026-08-29T11,518379,2,jasonpainjames,62,en,2026-08-28T19:34:03Z
2026-08-29T11,518379,3,spicyramensushi,35,en,2026-08-29T06:50:32Z
2026-08-29T11,415998825,1,celerity,1920,en,2026-08-29T06:09:04Z
2026-08-29T11,415998825,2,nugiyen,180,en,2026-08-29T07:09:58Z
2026-08-29T11,415998825,3,coachcrono,55,it,2026-08-29T08:35:38Z
2026-08-29T11,29106,1,hazvsrpg,391,en,2026-08-29T00:32:05Z
2026-08-29T11,29106,2,kagaminium,326,pl,2026-08-29T05:50:12Z
2026-08-29T11,29106,3,nwbigboss,323,zh,2026-08-29T08:08:06Z
2026-08-29T11,71375,1,deathangelde,364,de,2026-08-29T10:25:39Z
2026-08-29T11,71375,2,knebel_de,293,de,2026-08-29T01:08:18Z
2026-08-29T11,71375,3,dealoc,183,fr,2026-08-29T08:54:57Z
2026-08-29T11,1426287911,1,blusewilly_retry,2126,zh,2026-08-29T10:01:09Z
2026-08-29T11,1426287911,2,hidamaringamech,3,ja,2026-08-29T10:31:17Z
2026-08-29T11,500188,1,rexnor,392,en,2026-08-29T07:59:19Z
2026-08-29T11,500188,2,delaney,187,en,2026-08-29T10:09:04Z
2026-08-29T11,500188,3,thewaldmann,146,de,2026-08-29T07:01:43Z
2026-08-29T11,1036710512,1,stilers,134,ja,2026-08-29T02:04:41Z
2026-08-29T11,1036710512,2,cutegunz,128,en,2026-08-28T20:56:31Z
2026-08-29T11,1036710512,3,sentor_g,97,en,2026-08-29T08:30:15Z
2026-08-29T11,416015,1,exmagistr,536,ru,2026-08-29T06:19:03Z
2026-08-29T11,416015,2,poogf01,337,zh,2026-08-29T01:18:22Z
2026-08-29T11,416015,3,bendurry,127,en,2026-08-29T05:59:55Z
2026-08-29T11,2058307543,1,gamesdonequick,2001,en,2026-08-29T07:45:22Z
2026-08-29T11,2058307543,2,sambonilla94,2,es,2026-08-29T04:03:13Z
2026-08-29T11,510389,1,n3utr4lsf,1524,pl,2026-08-29T09:45:06Z
2026-08-29T11,510389,2,chaze,267,de,2026-08-29T07:20:50Z
2026-08-29T11,510389,3,kirru0_0,85,cs,2026-08-29T09:56:51Z
2026-08-29T11,1258270417,1,alderiate,1918,fr,2026-08-29T06:42:45Z
2026-08-29T11,1258270417,2,honeyredtv,4,ru,2026-08-29T09:33:47Z
2026-08-29T11,1258270417,3,happyj0lucky,3,en,2026-08-29T08:00:18Z
2026-08-29T16,509658,1,kaicenat,43593,en,2026-08-28T21:05:31Z
2026-08-29T16,509658,2,d1pro4,34218,ru,2026-08-29T12:17:38Z
2026-08-29T16,509658,3,pokemonxp,16577,en,2026-08-29T16:01:25Z
2026-08-29T16,21779,1,caedrel,50807,en,2026-08-29T07:14:54Z
2026-08-29T16,21779,2,kamet0,39602,fr,2026-08-29T14:56:20Z
2026-08-29T16,21779,3,ibai,24498,es,2026-08-29T14:41:44Z
2026-08-29T16,32399,1,blastpremier,22615,en,2026-08-29T08:11:59Z
2026-08-29T16,32399,2,chopperinho,18580,ru,2026-08-29T08:47:48Z
2026-08-29T16,32399,3,97zoner,5919,ru,2026-08-29T08:52:21Z
2026-08-29T16,32982,1,kanae_2434,21909,ja,2026-08-29T15:14:05Z
2026-08-29T16,32982,2,patisyu,4556,ja,2026-08-29T10:00:26Z
2026-08-29T16,32982,3,shlorox,4344,de,2026-08-29T14:08:43Z
2026-08-29T16,516575,1,valorant_emea,11039,en,2026-08-29T13:19:31Z
2026-08-29T16,516575,2,sliggytv,6008,en,2026-08-29T07:49:41Z
2026-08-29T16,516575,3,mixwell,5189,es,2026-08-29T15:24:10Z
2026-08-29T16,18122,1,echo_esports,35728,en,2026-08-28T16:01:09Z
2026-08-29T16,18122,2,gingitv,8458,en,2026-08-29T05:17:12Z
2026-08-29T16,18122,3,method,4776,en,2026-08-28T04:28:36Z
2026-08-29T16,14842174,1,jynxzi,48265,en,2026-08-28T21:16:26Z
2026-08-29T16,14842174,2,stableronaldo,33048,en,2026-08-28T21:16:09Z
2026-08-29T16,14842174,3,lospollostv,2509,en,2026-08-28T21:16:47Z
2026-08-29T16,263490,1,fps_shaka,28317,ja,2026-08-29T04:27:17Z
2026-08-29T16,263490,2,hiiragitsurugi,7850,ja,2026-08-29T13:30:17Z
2026-08-29T16,263490,3,leondaihyou,5170,ja,2026-08-29T04:10:30Z
2026-08-29T16,1931693784,1,pokemon,40629,en,2026-08-29T15:30:27Z
2026-08-29T16,1931693784,2,fuslie,10582,en,2026-08-29T15:52:42Z
2026-08-29T16,1931693784,3,knekro,4909,es,2026-08-29T15:19:42Z
2026-08-29T16,509672,1,sasavot,8694,ru,2026-08-29T16:19:40Z
2026-08-29T16,509672,2,agent00,7441,en,2026-08-28T15:02:22Z
2026-08-29T16,509672,3,skylinetvlive,6107,de,2026-08-29T08:22:28Z
2026-08-29T16,491931,1,lvndmark,12528,en,2026-08-29T12:44:28Z
2026-08-29T16,491931,2,k4sen,4805,ja,2026-08-29T13:56:20Z
2026-08-29T16,491931,3,verybadscav,3385,en,2026-08-28T12:52:56Z
2026-08-29T16,490655,1,pokemongo,44056,en,2026-08-29T15:30:13Z
2026-08-29T16,490655,2,j0beats,2383,en,2026-08-29T13:51:53Z
2026-08-29T16,490655,3,keibrongameryt,2119,es,2026-08-28T15:37:58Z
2026-08-29T16,29595,1,avice,7070,ru,2026-08-29T13:16:23Z
2026-08-29T16,29595,2,gorgc,5567,en,2026-08-29T12:27:25Z
2026-08-29T16,29595,3,redrosesxd,4821,ru,2026-08-29T10:33:41Z
2026-08-29T16,1478650472,1,recrent,8578,ru,2026-08-29T14:00:11Z
2026-08-29T16,1478650472,2,timthetatman,7894,en,2026-08-29T14:02:27Z
2026-08-29T16,1478650472,3,hutchmf,6387,en,2026-08-29T14:29:52Z
2026-08-29T16,33214,1,clix,5769,en,2026-08-29T14:22:07Z
2026-08-29T16,33214,2,coachboop,1915,en,2026-08-29T15:05:27Z
2026-08-29T16,33214,3,mirwana,1639,ru,2026-08-29T16:23:19Z
2026-08-29T16,27471,1,zakvielchannel,2497,ru,2026-08-29T15:50:46Z
2026-08-29T16,27471,2,theguill84,2425,fr,2026-08-29T09:33:29Z
2026-08-29T16,27471,3,hackingnoisess,1717,en,2026-08-29T11:36:17Z
2026-08-29T16,498566,1,scurrows,4837,de,2026-08-29T15:40:24Z
2026-08-29T16,498566,2,clairtrevor,2969,de,2026-08-29T09:35:14Z
2026-08-29T16,498566,3,reloadgecko,2602,en,2026-08-29T14:57:46Z
2026-08-29T16,491487,1,tru3ta1ent,1977,en,2026-08-29T09:57:52Z
2026-08-29T16,491487,2,otzdarva,1708,en,2026-08-29T16:20:17Z
2026-08-29T16,491487,3,mulder,1423,ru,2026-08-29T14:44:32Z
2026-08-29T16,674491029,1,admiralbahroo,3790,en,2026-08-29T15:25:54Z
2026-08-29T16,674491029,2,barbarousking,2333,en,2026-08-29T15:00:05Z
2026-08-29T16,674491029,3,dansgaming,1802,en,2026-08-29T15:23:37Z
2026-08-29T16,513143,1,setsuko,4293,en,2026-08-29T07:33:28Z
2026-08-29T16,513143,2,emilyywang,1445,en,2026-08-29T13:44:14Z
2026-08-29T16,513143,3,tftoddy,1265,pt,2026-08-28T06:20:50Z
2026-08-29T16,515025,1,emongg,3977,en,2026-08-29T12:29:53Z
2026-08-29T16,515025,2,naru0419045,1393,ja,2026-08-29T12:47:22Z
2026-08-29T16,515025,3,toniki,1204,es,2026-08-29T15:05:30Z
2026-08-29T16,9618,1,pokemontcg,16667,en,2026-08-29T15:30:21Z
2026-08-29T16,9618,2,smajor,612,en,2026-08-29T15:58:08Z
2026-08-29T16,9618,3,blueandqueenie,356,en,2026-08-29T15:56:20Z
2026-08-29T16,511224,1,17baby17lol,744,zh,2026-08-29T12:49:54Z
2026-08-29T16,511224,2,9impulse,699,ru,2026-08-29T15:07:53Z
2026-08-29T16,511224,3,bubblegum,643,de,2026-08-29T12:16:51Z
2026-08-29T16,27546,1,quickybaby,5526,en,2026-08-29T10:17:33Z
2026-08-29T16,27546,2,dezgamez,1946,en,2026-08-29T05:32:10Z
2026-08-29T16,27546,3,skill4ltu,1536,en,2026-08-29T15:53:50Z
2026-08-29T16,602040818,1,xargon0731,1088,zh,2026-08-29T03:41:12Z
2026-08-29T16,602040818,2,lockintj,1061,en,2026-08-29T08:42:07Z
2026-08-29T16,602040818,3,kolderiu,836,es,2026-08-29T12:53:45Z
2026-08-29T16,518203,1,spontent,7351,de,2026-08-29T07:46:16Z
2026-08-29T16,518203,2,controcalcio__,1848,it,2026-08-29T16:00:28Z
2026-08-29T16,518203,3,kurt0411,1820,en,2026-08-29T16:22:24Z
2026-08-29T16,499973,1,cohh,2512,en,2026-08-29T12:00:04Z
2026-08-29T16,499973,2,theburntpeanut_247,2219,en,2026-08-28T03:52:11Z
2026-08-29T16,499973,3,zerator_247,1910,fr,2026-08-29T03:00:04Z
2026-08-29T16,26936,1,amazonmusicde,3602,de,2026-08-29T10:41:21Z
2026-08-29T16,26936,2,batalhadaaldeia,1745,pt,2026-08-29T15:25:24Z
2026-08-29T16,26936,3,spacemanlive,1425,en,2026-08-29T12:59:22Z
2026-08-29T16,511399,1,batora324,10664,ja,2026-08-29T12:28:01Z
2026-08-29T16,511399,2,hanjoudesu,3908,ja,2026-08-29T11:59:06Z
2026-08-29T16,511399,3,biriq,144,ja,2026-08-29T13:06:33Z
2026-08-29T16,509663,1,rocketbeanstv,2773,de,2026-08-29T09:00:20Z
2026-08-29T16,509663,2,gamestar,2481,de,2026-08-29T08:14:46Z
2026-08-29T16,509663,3,gamescom,1722,en,2026-08-29T15:01:34Z
2026-08-29T16,386821,1,zethiann,1672,en,2026-08-29T11:29:49Z
2026-08-29T16,386821,2,bairoghaan,499,en,2026-08-29T13:23:50Z
2026-08-29T16,386821,3,wakayashi,478,de,2026-08-29T11:47:33Z
2026-08-29T16,29452,1,vijomyhe5,2140,pt,2026-08-29T08:50:31Z
2026-08-29T16,29452,2,dizedi71,2125,pt,2026-08-29T08:43:21Z
2026-08-29T16,29452,3,sheeshstake,1009,en,2026-08-29T14:57:47Z
2026-08-29T16,570615518,1,missmikkaa,3470,en,2026-08-29T13:29:40Z
2026-08-29T16,570615518,2,lizz,730,en,2026-08-29T12:05:20Z
2026-08-29T16,570615518,3,titavion,607,fr,2026-08-29T12:15:30Z
2026-08-29T16,1264310518,1,m0xyy,786,en,2026-08-29T15:07:58Z
2026-08-29T16,1264310518,2,flats,727,en,2026-08-29T16:24:56Z
2026-08-29T16,1264310518,3,loldonatello,669,en,2026-08-28T18:00:04Z
2026-08-29T16,2090279789,1,indegnasen0706,11338,ja,2026-08-29T07:00:57Z
2026-08-29T16,2090279789,2,can1021,30,zh,2026-08-29T12:52:31Z
2026-08-29T16,2090279789,3,darkfuneral,27,fr,2026-08-29T12:39:11Z
2026-08-29T16,31339,1,jujalag,1857,es,2026-08-29T15:31:57Z
2026-08-29T16,31339,2,sunglitters,1239,en,2026-08-29T11:45:31Z
2026-08-29T16,31339,3,torro,816,de,2026-08-29T11:57:46Z
2026-08-29T16,23020,1,sosag0crazy,1314,en,2026-08-28T03:38:13Z
2026-08-29T16,23020,2,clout,693,en,2026-08-29T13:20:57Z
2026-08-29T16,23020,3,bushwhack18,671,en,2026-08-29T15:59:13Z
2026-08-29T16,493057,1,pokamolodoy,1682,ru,2026-08-29T16:11:16Z
2026-08-29T16,493057,2,pubg_battlegrounds,1314,en,2026-08-29T15:36:47Z
2026-08-29T16,493057,3,danucd,779,en,2026-08-29T11:12:46Z
2026-08-29T16,512953,1,qttsix,2098,zh,2026-08-29T14:30:15Z
2026-08-29T16,512953,2,rekkles,1545,en,2026-08-29T10:35:38Z
2026-08-29T16,512953,3,lobosjr,975,en,2026-08-29T15:08:10Z
2026-08-29T16,328338354,1,elajjaz,8459,en,2026-08-29T13:47:26Z
2026-08-29T16,328338354,2,bawkbasoup,1583,en,2026-08-29T15:45:54Z
2026-08-29T16,328338354,3,yanslays,223,en,2026-08-29T13:07:32Z
2026-08-29T16,1669431183,1,sintica,1286,de,2026-08-29T13:24:14Z
2026-08-29T16,1669431183,2,tschessy,628,de,2026-08-29T12:28:27Z
2026-08-29T16,1669431183,3,beatportlive3,607,en,2026-08-29T14:34:18Z
2026-08-29T16,624536948,1,dannyaarons,4102,en,2026-08-29T14:58:47Z
2026-08-29T16,624536948,2,auziomf,2299,en,2026-08-29T14:03:30Z
2026-08-29T16,624536948,3,flokox,285,it,2026-08-29T15:36:12Z
2026-08-29T16,509660,1,bobross,872,en,2026-08-28T14:33:39Z
2026-08-29T16,509660,2,shenpai,667,en,2026-08-29T15:59:12Z
2026-08-29T16,509660,3,madamediablo,345,en,2026-08-29T08:39:59Z
2026-08-29T16,66366,1,warthunder_esports,5757,en,2026-08-29T14:40:14Z
2026-08-29T16,66366,2,warthunder_esports_ru,1692,ru,2026-08-29T14:40:04Z
2026-08-29T16,66366,3,warthunder_esports_fr,378,fr,2026-08-29T14:39:55Z
2026-08-29T16,138585,1,beterbabbit,1933,en,2026-08-29T15:42:17Z
2026-08-29T16,138585,2,guddummit,1758,ru,2026-08-29T13:36:11Z
2026-08-29T16,138585,3,solaryhs,588,fr,2026-08-29T05:14:01Z
2026-08-29T16,1702520304,1,fubgun,3029,en,2026-08-29T15:12:41Z
2026-08-29T16,1702520304,2,pathofexilebota,1712,ru,2026-08-29T14:26:54Z
2026-08-29T16,1702520304,3,madarapoe,1180,ru,2026-08-29T10:39:47Z
2026-08-29T16,518379,1,pokemonunite,5099,en,2026-08-29T15:30:22Z
2026-08-29T16,518379,2,pokemonunite_asiacl_jp,1595,ja,2026-08-29T15:31:15Z
2026-08-29T16,518379,3,purpleofficiel,717,fr,2026-08-29T15:30:19Z
2026-08-29T16,512710,1,teepee,887,en,2026-08-29T15:56:53Z
2026-08-29T16,512710,2,cpentagon,413,de,2026-08-29T13:20:47Z
2026-08-29T16,512710,3,bobbypoffgaming,305,en,2026-08-29T15:53:36Z
2026-08-29T16,464339927,1,aztecross,1815,en,2026-08-29T15:09:27Z
2026-08-29T16,464339927,2,taxi2g,922,en,2026-08-29T12:40:58Z
2026-08-29T16,464339927,3,aimkey,488,en,2026-08-29T16:23:50Z
2026-08-29T16,509659,1,chia_tkns,2269,ja,2026-08-29T15:01:09Z
2026-08-29T16,509659,2,osiimivt,1306,en,2026-08-29T14:05:53Z
2026-08-29T16,509659,3,thenicolet,559,en,2026-08-28T22:25:14Z
2026-08-29T16,459931,1,widega_,1282,en,2026-08-29T14:02:10Z
2026-08-29T16,459931,2,sick_nerd,1112,en,2026-08-29T12:02:20Z
2026-08-29T16,459931,3,dino_xx,1073,en,2026-08-29T10:36:05Z
2026-08-29T16,19619,1,massroon,517,pt,2026-08-29T09:53:59Z
2026-08-29T16,19619,2,artilh3iro,322,pt,2026-08-29T09:48:08Z
2026-08-29T16,19619,3,antedeguemonn,263,pt,2026-08-28T13:54:30Z
2026-08-29T16,1081998272,1,shxtou,3500,en,2026-08-29T15:14:55Z
2026-08-29T16,1081998272,2,awizotv,751,pl,2026-08-29T16:31:00Z
2026-08-29T16,1081998272,3,lorenne_,321,en,2026-08-29T13:29:07Z
2026-08-29T16,499634,1,vwapsurfer,2508,en,2026-08-28T12:59:14Z
2026-08-29T16,499634,2,cented,1255,en,2026-08-29T15:05:31Z
2026-08-29T16,499634,3,kingtreytv,935,en,2026-08-29T14:22:26Z
2026-08-29T16,13389,1,hera,3118,en,2026-08-29T14:00:16Z
2026-08-29T16,13389,2,t90official,2511,en,2026-08-29T15:08:46Z
2026-08-29T16,13389,3,membtv,435,en,2026-08-29T14:45:31Z
2026-08-29T16,27284,1,higanbanban,391,ru,2026-08-29T10:50:46Z
2026-08-29T16,27284,2,hypnoshark,313,en,2026-08-29T10:59:08Z
2026-08-29T16,27284,3,andy,280,en,2026-08-29T15:54:37Z
2026-08-29T16,460630,1,stompgoat,1697,en,2026-08-29T13:06:10Z
2026-08-29T16,460630,2,caramelooficial,821,es,2026-08-29T13:22:53Z
2026-08-29T16,460630,3,sixquatre,402,fr,2026-08-29T15:16:23Z
2026-08-29T16,1898040946,1,corgicam,739,en,2026-08-28T14:45:56Z
2026-08-29T16,1898040946,2,fufu,630,en,2026-08-29T12:00:44Z
2026-08-29T16,1898040946,3,posty,594,en,2026-08-29T07:58:32Z
2026-08-29T16,13263,1,fenriscreations,6060,en,2026-08-29T13:01:59Z
2026-08-29T16,13263,2,ibeast_eve,416,ru,2026-08-29T14:43:09Z
2026-08-29T16,13263,3,v_craken_v,201,ru,2026-08-29T14:59:02Z
2026-08-29T16,66082,1,kamiyu666,1788,zh,2026-08-29T12:37:03Z
2026-08-29T16,66082,2,tenma,884,en,2026-08-29T15:56:41Z
2026-08-29T16,66082,3,tiankami,419,ru,2026-08-29T07:42:18Z
2026-08-29T16,488190,1,pokerstars,1879,en,2026-08-29T12:30:00Z
2026-08-29T16,488190,2,asiagodtonegg3be0,1315,zh,2026-08-29T12:40:42Z
2026-08-29T16,488190,3,pokerstarsespanol,550,es,2026-08-29T12:34:09Z
2026-08-29T16,6511,1,cdawg,5068,en,2026-08-29T01:31:05Z
2026-08-29T16,6511,2,peter,1564,en,2026-08-29T01:38:26Z
2026-08-29T16,6511,3,ramza411,7,en,2026-08-29T16:24:19Z
2026-08-29T16,24241,1,shobek,589,en,2026-08-29T10:50:12Z
2026-08-29T16,24241,2,vulpixie,487,en,2026-08-29T14:32:14Z
2026-08-29T16,24241,3,mrhappy1227,278,en,2026-08-29T11:54:00Z
2026-08-29T16,18893,1,forsen,5330,en,2026-08-29T13:00:37Z
2026-08-29T16,18893,2,rinalucsper,308,en,2026-08-29T11:55:12Z
2026-08-29T16,18893,3,agustinitita,186,es,2026-08-29T14:22:39Z
2026-08-29T16,1441208453,1,matheino03,963,en,2026-08-29T15:01:46Z
2026-08-29T16,1441208453,2,kristhianoob,933,en,2026-08-29T14:44:15Z
2026-08-29T16,1441208453,3,kariithow,340,en,2026-08-29T15:55:47Z
2026-08-29T16,491381,1,xthesolutiontv,4829,de,2026-08-29T11:34:51Z
2026-08-29T16,491381,2,mehdi,519,de,2026-08-29T11:43:40Z
2026-08-29T16,491381,3,xamar21,313,de,2026-08-29T11:34:16Z
2026-08-29T16,513181,1,zajef77,1103,en,2026-08-29T14:08:30Z
2026-08-29T16,513181,2,sekapoko,426,en,2026-08-29T15:06:52Z
2026-08-29T16,513181,3,dze_ni,325,ru,2026-08-29T13:53:23Z
2026-08-29T16,30921,1,alphakep,762,en,2026-08-29T14:02:33Z
2026-08-29T16,30921,2,rxiirl,520,es,2026-08-29T13:01:19Z
2026-08-29T16,30921,3,rizzo,393,en,2026-08-29T14:02:48Z
2026-08-29T16,1832841853,1,xkamysh,821,ru,2026-08-29T10:00:11Z
2026-08-29T16,1832841853,2,djboucherie,346,fr,2026-08-29T14:06:32Z
2026-08-29T16,1832841853,3,elliawald,318,de,2026-08-29T08:04:23Z
2026-08-29T16,401587136,1,uzorrrr,892,ru,2026-08-29T15:27:46Z
2026-08-29T16,401587136,2,quattroace,849,ru,2026-08-29T13:25:37Z
2026-08-29T16,401587136,3,bakedjake,359,en,2026-08-29T14:20:47Z
2026-08-29T16,417528,1,sadicaz,1169,es,2026-08-29T14:53:03Z
2026-08-29T16,417528,2,patoalbion,739,pt,2026-08-29T10:04:21Z
2026-08-29T16,417528,3,eugengen,350,en,2026-08-29T09:40:46Z
2026-08-29T16,116747788,1,hannn0501_,3563,zh,2026-08-29T12:43:30Z
2026-08-29T16,116747788,2,lucypyre,886,en,2026-08-29T16:31:15Z
2026-08-29T16,116747788,3,kristenlanae,180,en,2026-08-29T01:00:47Z
2026-08-29T16,272263131,1,alveussanctuary,1294,en,2026-08-29T13:06:45Z
2026-08-29T16,272263131,2,marinemammalrescue,305,en,2026-08-27T23:21:49Z
2026-08-29T16,272263131,3,ourchickenlife,263,en,2026-08-29T04:08:44Z
2026-08-29T16,65632,1,ceremor,1211,en,2026-08-29T08:57:54Z
2026-08-29T16,65632,2,soursweet,615,en,2026-08-29T16:00:26Z
2026-08-29T16,65632,3,ikoneec,386,fr,2026-08-29T11:59:18Z
2026-08-29T16,416015,1,steelmage,978,en,2026-08-29T11:03:27Z
2026-08-29T16,416015,2,pohx,447,en,2026-08-29T14:33:06Z
2026-08-29T16,416015,3,graxy_tv,447,en,2026-08-29T12:47:56Z
2026-08-29T16,71375,1,knebeltv,1961,de,2026-08-29T14:48:49Z
2026-08-29T16,71375,2,arkvenger_tv,418,es,2026-08-29T12:00:59Z
2026-08-29T16,71375,3,gautslayer,342,fr,2026-08-29T12:19:03Z
2026-08-29T16,499003,1,blu_haze,1278,en,2026-08-29T13:09:55Z
2026-08-29T16,499003,2,lilah,1050,en,2026-08-29T13:21:09Z
2026-08-29T16,499003,3,zayi,431,en,2026-08-29T10:17:17Z
2026-08-29T16,6521,1,gamesdonequick,3931,en,2026-08-29T14:03:34Z
2026-08-29T16,6521,2,liquidrp,179,ru,2026-08-29T15:21:14Z
2026-08-29T16,6521,3,dankwist,92,ru,2026-08-29T12:10:03Z
2026-08-29T16,1282866981,1,ren0809k,531,zh,2026-08-29T11:50:48Z
2026-08-29T16,1282866981,2,doodooqvvq,435,zh,2026-08-29T14:59:09Z
2026-08-29T16,1282866981,3,nemereth,297,es,2026-08-29T14:19:32Z
2026-08-29T16,512923,1,melharucos,2773,ru,2026-08-29T09:13:19Z
2026-08-29T16,512923,2,maailinh,268,pl,2026-08-29T12:22:52Z
2026-08-29T16,512923,3,shenryyr,241,en,2026-08-29T14:48:56Z
2026-08-29T16,698700926,1,laink,4448,fr,2026-08-29T11:10:13Z
2026-08-29T16,698700926,2,mar0ma,33,fr,2026-08-29T12:40:50Z
2026-08-29T16,698700926,3,rosiecutioner,9,en,2026-08-29T13:02:50Z
2026-08-29T16,568403967,1,blackufa,4377,ru,2026-08-29T12:58:34Z
2026-08-29T16,568403967,2,mrs_yaps,16,da,2026-08-29T16:10:16Z
2026-08-29T16,568403967,3,aniizeen,12,en,2026-08-29T15:59:42Z
2026-08-29T16,461221,1,pepe,1932,es,2026-08-29T14:07:47Z
2026-08-29T16,461221,2,mayhemdistruct,942,en,2026-08-29T14:35:51Z
2026-08-29T16,461221,3,cant0na_1,756,en,2026-08-29T15:41:06Z
2026-08-29T16,1763844707,1,altair,2386,fr,2026-08-29T13:19:41Z
2026-08-29T16,1763844707,2,curly,506,en,2026-08-29T10:59:38Z
2026-08-29T16,1763844707,3,matthew_gg_twitch,469,en,2026-08-29T15:45:11Z
2026-08-29T16,1036710512,1,dmf_kyochan,1000,ja,2026-08-29T15:01:26Z
2026-08-29T16,1036710512,2,yokonie,160,en,2026-08-29T10:47:33Z
2026-08-29T16,1036710512,3,itsmissblondie,136,en,2026-08-29T13:07:47Z
2026-08-29T16,2748,1,kastaclysm,1036,en,2026-08-29T14:16:37Z
2026-08-29T16,2748,2,yellowhat,551,en,2026-08-29T13:19:13Z
2026-08-29T16,2748,3,amazonian,526,en,2026-08-29T13:00:02Z
2026-08-29T16,670138298,1,dubdot,774,other,2026-08-29T14:43:30Z
2026-08-29T16,670138298,2,gutfoxx,458,en,2026-08-29T14:25:25Z
2026-08-29T16,670138298,3,skimbooo23,334,en,2026-08-29T15:39:41Z
2026-08-29T16,2132205352,1,eido,531,en,2026-08-28T22:08:31Z
2026-08-29T16,2132205352,2,metro,409,en,2026-08-29T15:23:09Z
2026-08-29T16,2132205352,3,average,260,en,2026-08-29T15:34:26Z
2026-08-29T16,504463,1,streamerhouse,1011,en,2026-08-28T22:13:08Z
2026-08-29T16,504463,2,gcrock6,479,en,2026-08-29T13:48:39Z
2026-08-29T16,504463,3,vfoxygirlvyt,335,ja,2026-08-29T00:11:07Z
2026-08-29T16,369418,1,olesha,2027,ru,2026-08-29T14:10:28Z
2026-08-29T16,369418,2,misterjday,560,fr,2026-08-29T11:49:08Z
2026-08-29T16,369418,3,nema,102,fr,2026-08-29T11:48:37Z
2026-08-29T16,2060730947,1,r_messaoud,639,fr,2026-08-29T12:45:21Z
2026-08-29T16,2060730947,2,ukog,534,en,2026-08-29T12:47:06Z
2026-08-29T16,2060730947,3,stradi,443,es,2026-08-29T12:19:49Z
2026-08-29T16,31376,1,strippin,2464,en,2026-08-29T15:25:38Z
2026-08-29T16,31376,2,kingbendrick,856,en,2026-08-29T12:32:55Z
2026-08-29T16,31376,3,hrompy,66,ru,2026-08-29T14:00:00Z
2026-08-29T16,66170,1,llyssiie,1532,en,2026-08-29T15:56:43Z
2026-08-29T16,66170,2,butters,146,en,2026-08-29T07:00:26Z
2026-08-29T16,66170,3,wholesomehomies,111,en,2026-08-29T13:55:23Z
2026-08-29T16,2005329090,1,xhalli4x,3492,ja,2026-08-29T14:50:12Z
2026-08-29T16,2005329090,2,nemurinotakuma,124,ja,2026-08-29T10:28:04Z
2026-08-29T16,2005329090,3,hamustasleeping,96,ja,2026-08-29T16:29:07Z
2026-08-29T16,1820378900,1,shisheyu,2914,fr,2026-08-29T12:24:47Z
2026-08-29T16,1820378900,2,rescue,130,en,2026-08-29T10:16:31Z
2026-08-29T16,1820378900,3,phaero0,68,en,2026-08-29T15:54:19Z
2026-08-29T16,29307,1,captainlance9,1024,en,2026-08-29T15:25:08Z
2026-08-29T16,29307,2,tytykiller,506,en,2026-08-29T14:47:22Z
2026-08-29T16,29307,3,gary_poetter,202,ru,2026-08-29T13:13:52Z
2026-08-29T16,493959,1,yukkkkiouo,910,zh,2026-08-29T09:25:41Z
2026-08-29T16,493959,2,lucaobugado,299,pt,2026-08-29T04:46:38Z
2026-08-29T16,493959,3,alimentacionchino,217,es,2026-08-29T09:34:33Z
2026-08-29T16,500188,1,hornetlul,291,en,2026-08-29T14:19:07Z
2026-08-29T16,500188,2,delaney,236,en,2026-08-29T10:09:04Z
2026-08-29T16,500188,3,wjuh,172,ru,2026-08-29T11:50:15Z
2026-08-29T16,670867987,1,gutitubo,2891,ja,2026-08-29T14:56:47Z
2026-08-29T16,670867987,2,reversal,96,en,2026-08-29T14:56:53Z
2026-08-29T16,670867987,3,bellathekitsune,56,en,2026-08-28T17:41:17Z
2026-08-29T16,1863014085,1,vegetta777,3172,es,2026-08-29T14:00:56Z
2026-08-29T16,1863014085,2,der_daos,20,de,2026-08-29T13:18:08Z
2026-08-29T16,1863014085,3,e7wo,5,de,2026-08-29T14:17:05Z
2026-08-29T20,509658,1,stableronaldo,40025,en,2026-08-28T21:16:09Z
2026-08-29T20,509658,2,zackrawrr,38517,en,2026-08-29T18:11:45Z
2026-08-29T20,509658,3,tumblurr,25025,it,2026-08-29T19:16:58Z
2026-08-29T20,510218,1,kaicenat,62523,en,2026-08-28T21:05:31Z
2026-08-29T20,510218,2,2xrakai,7240,en,2026-08-29T19:13:58Z
2026-08-29T20,510218,3,yonnajay,6628,en,2026-08-29T18:35:17Z
2026-08-29T20,18122,1,maximum,22810,en,2026-08-29T16:58:27Z
2026-08-29T20,18122,2,teamliquid,21166,en,2026-08-29T07:13:43Z
2026-08-29T20,18122,3,echo_esports,11343,en,2026-08-28T16:01:09Z
2026-08-29T20,21779,1,lcs,16502,en,2026-08-29T18:29:44Z
2026-08-29T20,21779,2,thebausffs,10888,en,2026-08-29T15:38:56Z
2026-08-29T20,21779,3,doublelift,4473,en,2026-08-29T19:11:50Z
2026-08-29T20,1931693784,1,pokemon,43321,en,2026-08-29T15:30:27Z
2026-08-29T20,1931693784,2,foolish,9603,en,2026-08-29T18:18:01Z
2026-08-29T20,1931693784,3,knekro,7023,es,2026-08-29T15:19:42Z
2026-08-29T20,32982,1,bonjwa,4679,de,2026-08-29T18:10:24Z
2026-08-29T20,32982,2,aenot,3638,fr,2026-08-29T19:03:42Z
2026-08-29T20,32982,3,hlib_tv,2362,fr,2026-08-29T17:58:53Z
2026-08-29T20,515025,1,ow_esports,48254,en,2026-08-29T17:47:32Z
2026-08-29T20,515025,2,emongg,8593,en,2026-08-29T12:29:53Z
2026-08-29T20,515025,3,unter,2001,en,2026-08-29T16:43:42Z
2026-08-29T20,27471,1,bastighg,7010,de,2026-08-29T19:01:08Z
2026-08-29T20,27471,2,theguill84,3794,fr,2026-08-29T09:33:29Z
2026-08-29T20,27471,3,feinberg,2698,en,2026-08-29T16:57:25Z
2026-08-29T20,509672,1,peereira7,14532,es,2026-08-29T20:06:08Z
2026-08-29T20,509672,2,canerkrd,11849,de,2026-08-29T17:47:24Z
2026-08-29T20,509672,3,enzzai,5603,ru,2026-08-29T16:53:06Z
2026-08-29T20,32399,1,strogo,14611,ru,2026-08-29T19:34:51Z
2026-08-29T20,32399,2,megarush51,2780,ru,2026-08-29T20:00:54Z
2026-08-29T20,32399,3,arrowcs,1576,en,2026-08-29T19:43:21Z
2026-08-29T20,511224,1,nicewigg,9796,en,2026-08-29T17:46:48Z
2026-08-29T20,511224,2,batora324,7915,ja,2026-08-29T12:28:01Z
2026-08-29T20,511224,3,playapex,7516,en,2026-08-29T17:49:59Z
2026-08-29T20,14842174,1,jynxzi,53460,en,2026-08-28T21:16:26Z
2026-08-29T20,14842174,2,lospollostv,2509,en,2026-08-28T21:16:47Z
2026-08-29T20,14842174,3,skorpa,68,en,2026-08-29T14:25:08Z
2026-08-29T20,29595,1,recrent,8520,ru,2026-08-29T14:00:11Z
2026-08-29T20,29595,2,ponyaaaa,4587,ru,2026-08-29T19:44:01Z
2026-08-29T20,29595,3,skillz0r1337,3900,ru,2026-08-29T17:51:15Z
2026-08-29T20,33214,1,happyhappygal,5296,en,2026-08-29T17:24:04Z
2026-08-29T20,33214,2,aussieantics,5218,en,2026-08-29T16:50:47Z
2026-08-29T20,33214,3,coachboop,1567,en,2026-08-29T15:05:27Z
2026-08-29T20,516575,1,subroza,3450,en,2026-08-29T18:31:41Z
2026-08-29T20,516575,2,valorant_americas,2814,en,2026-08-29T20:29:53Z
2026-08-29T20,516575,3,horcus,2071,es,2026-08-29T13:51:39Z
2026-08-29T20,490655,1,pokemongo,30759,en,2026-08-29T15:30:13Z
2026-08-29T20,490655,2,keibrongameryt,2067,es,2026-08-28T15:37:58Z
2026-08-29T20,490655,3,j0beats,1753,en,2026-08-29T13:51:53Z
2026-08-29T20,1478650472,1,timthetatman,6229,en,2026-08-29T14:02:27Z
2026-08-29T20,1478650472,2,zoomaa,3380,en,2026-08-29T19:27:54Z
2026-08-29T20,1478650472,3,swagg,1737,en,2026-08-29T15:29:10Z
2026-08-29T20,674491029,1,admiralbahroo,3921,en,2026-08-29T15:25:54Z
2026-08-29T20,674491029,2,xop0,3769,en,2026-08-29T16:15:35Z
2026-08-29T20,674491029,3,missmikkaa,3718,en,2026-08-29T13:29:40Z
2026-08-29T20,498566,1,mitchjones,7197,en,2026-08-29T16:59:22Z
2026-08-29T20,498566,2,orangemorange,2486,de,2026-08-29T20:38:28Z
2026-08-29T20,498566,3,hojuxohip,2107,pt,2026-08-29T08:43:41Z
2026-08-29T20,491487,1,otzdarva,4053,en,2026-08-29T16:20:17Z
2026-08-29T20,491487,2,spookyloopz,1863,en,2026-08-29T17:50:01Z
2026-08-29T20,491487,3,mulder,1509,ru,2026-08-29T14:44:32Z
2026-08-29T20,491931,1,fragas,3117,en,2026-08-29T12:28:09Z
2026-08-29T20,491931,2,tororo_vtuber,2751,ja,2026-08-29T09:43:29Z
2026-08-29T20,491931,3,pestily,2012,en,2026-08-29T18:57:30Z
2026-08-29T20,513143,1,k3soju,9683,en,2026-08-29T17:34:15Z
2026-08-29T20,513143,2,emilyywang,1162,en,2026-08-29T13:44:14Z
2026-08-29T20,513143,3,wasianiverson,1136,en,2026-08-29T19:42:04Z
2026-08-29T20,602040818,1,sidneyeweka,3836,de,2026-08-29T18:35:19Z
2026-08-29T20,602040818,2,joeknowsyt,1492,en,2026-08-29T20:05:24Z
2026-08-29T20,602040818,3,lockintj,919,en,2026-08-29T08:42:07Z
2026-08-29T20,26936,1,batalhadaaldeia,14089,pt,2026-08-29T15:25:24Z
2026-08-29T20,26936,2,spacemanlive,711,en,2026-08-29T12:59:22Z
2026-08-29T20,26936,3,yoclesh,570,en,2026-08-29T16:20:06Z
2026-08-29T20,9618,1,pokemontcg,20087,en,2026-08-29T15:30:21Z
2026-08-29T20,9618,2,blueandqueenie,695,en,2026-08-29T15:56:20Z
2026-08-29T20,9618,3,migueltcgbreaks,314,pt,2026-08-29T19:11:51Z
2026-08-29T20,1910993272,1,hutchmf,11636,en,2026-08-29T14:29:52Z
2026-08-29T20,1910993272,2,cloakzy,5242,en,2026-08-29T17:36:08Z
2026-08-29T20,1910993272,3,kotton,1382,en,2026-08-29T16:17:12Z
2026-08-29T20,919012536,1,yourragegaming,15035,en,2026-08-29T18:58:17Z
2026-08-29T20,919012536,2,fanum,5780,en,2026-08-29T19:06:00Z
2026-08-29T20,919012536,3,erikuah,58,en,2026-08-29T03:19:50Z
2026-08-29T20,1669431183,1,colaway,2895,de,2026-08-29T13:52:01Z
2026-08-29T20,1669431183,2,jani,1555,de,2026-08-29T19:22:58Z
2026-08-29T20,1669431183,3,hyunsha,1350,es,2026-08-29T16:59:45Z
2026-08-29T20,31339,1,quin69,7768,en,2026-08-29T15:32:05Z
2026-08-29T20,31339,2,sheriffeli,1348,en,2026-08-29T18:58:49Z
2026-08-29T20,31339,3,flip_switch,716,en,2026-08-29T15:56:46Z
2026-08-29T20,512710,1,camy,2761,en,2026-08-29T18:11:01Z
2026-08-29T20,512710,2,enkeo_,1322,fr,2026-08-29T18:26:53Z
2026-08-29T20,512710,3,kugothaboss,1251,en,2026-08-29T17:04:51Z
2026-08-29T20,1898040946,1,edison,7380,ru,2026-08-29T15:47:27Z
2026-08-29T20,1898040946,2,aquwa,1910,en,2026-08-29T18:15:44Z
2026-08-29T20,1898040946,3,yuy_ix,1801,en,2026-08-29T19:00:40Z
2026-08-29T20,512953,1,qttsix,2963,zh,2026-08-29T14:30:15Z
2026-08-29T20,512953,2,captain_domo,2349,en,2026-08-29T17:38:59Z
2026-08-29T20,512953,3,fl0m,1910,en,2026-08-29T12:31:10Z
2026-08-29T20,499973,1,caedrel247,4121,en,2026-08-29T14:33:18Z
2026-08-29T20,499973,2,zerator_247,2422,fr,2026-08-29T03:00:04Z
2026-08-29T20,499973,3,theburntpeanut_247,1427,en,2026-08-28T03:52:11Z
2026-08-29T20,1264310518,1,jay3,2627,en,2026-08-29T16:58:04Z
2026-08-29T20,1264310518,2,loldonatello,599,en,2026-08-28T18:00:04Z
2026-08-29T20,1264310518,3,thatpunchkid,513,en,2026-08-29T17:00:48Z
2026-08-29T20,2126767263,1,trymacs,12758,de,2026-08-29T15:25:24Z
2026-08-29T20,2126767263,2,rumathra,2437,de,2026-08-29T12:33:55Z
2026-08-29T20,2126767263,3,4davidblue,23,en,2026-08-29T16:58:39Z
2026-08-29T20,24193,1,joe_bartolozzi,12700,en,2026-08-29T17:23:55Z
2026-08-29T20,24193,2,sneegsnag,497,en,2026-08-29T18:59:06Z
2026-08-29T20,24193,3,cochard,220,en,2026-08-29T19:01:57Z
2026-08-29T20,328338354,1,elajjaz,7705,en,2026-08-29T13:47:26Z
2026-08-29T20,328338354,2,distortion2,3250,en,2026-08-29T17:48:58Z
2026-08-29T20,328338354,3,bawkbasoup,2138,en,2026-08-29T15:45:54Z
2026-08-29T20,29452,1,vijomyhe5,2168,pt,2026-08-29T08:50:31Z
2026-08-29T20,29452,2,dizedi71,2090,pt,2026-08-29T08:43:21Z
2026-08-29T20,29452,3,hastad,1264,pt,2026-08-29T17:48:00Z
2026-08-29T20,478407715,1,lirik,11315,en,2026-08-29T16:08:28Z
2026-08-29T20,478407715,2,sergeantheine,303,en,2026-08-29T17:13:06Z
2026-08-29T20,478407715,3,king_chieftv,86,de,2026-08-29T12:59:01Z
2026-08-29T20,603060308,1,deepins02,12004,ru,2026-08-29T16:39:34Z
2026-08-29T20,458353,1,sodapoppin,10195,en,2026-08-29T18:09:07Z
2026-08-29T20,458353,2,saintone,424,en,2026-08-29T16:53:37Z
2026-08-29T20,458353,3,bestmarmotte,377,fr,2026-08-29T17:04:20Z
2026-08-29T20,386821,1,zethiann,1318,en,2026-08-29T11:29:49Z
2026-08-29T20,386821,2,divios,920,en,2026-08-29T15:14:32Z
2026-08-29T20,386821,3,horoowolf,673,es,2026-08-29T15:05:23Z
2026-08-29T20,509660,1,bobross,931,en,2026-08-28T14:33:39Z
2026-08-29T20,509660,2,mikeymegamega,229,en,2026-08-29T17:07:50Z
2026-08-29T20,509660,3,mcroft07,225,en,2026-08-29T16:14:43Z
2026-08-29T20,518203,1,kurt0411,2706,en,2026-08-29T16:22:24Z
2026-08-29T20,518203,2,ocwsport,970,it,2026-08-29T20:48:43Z
2026-08-29T20,518203,3,betboomtennis2,944,ru,2026-08-29T20:00:37Z
2026-08-29T20,27546,1,remi_id,1958,fr,2026-08-29T12:51:36Z
2026-08-29T20,27546,2,missj4cky,977,en,2026-08-29T13:31:26Z
2026-08-29T20,27546,3,cyganzor,868,pl,2026-08-29T13:39:32Z
2026-08-29T20,460630,1,itsspoit,1685,en,2026-08-29T17:08:28Z
2026-08-29T20,460630,2,mingo,1222,en,2026-08-29T17:59:51Z
2026-08-29T20,460630,3,beaulo,668,en,2026-08-29T18:39:53Z
2026-08-29T20,509659,1,nananightray,1050,en,2026-08-29T18:24:59Z
2026-08-29T20,509659,2,noodlewolfvt,1040,en,2026-08-29T17:01:41Z
2026-08-29T20,509659,3,maravespidae,985,en,2026-08-29T19:04:50Z
2026-08-29T20,19619,1,massroon,500,pt,2026-08-29T09:53:59Z
2026-08-29T20,19619,2,diogoteiixeira,393,pt,2026-08-29T17:35:49Z
2026-08-29T20,19619,3,antedeguemonn,351,pt,2026-08-28T13:54:30Z
2026-08-29T20,23020,1,clout,683,en,2026-08-29T13:20:57Z
2026-08-29T20,23020,2,sosag0crazy,316,en,2026-08-28T03:38:13Z
2026-08-29T20,23020,3,jackeryz,178,en,2026-08-29T19:02:04Z
2026-08-29T20,2132205352,1,nikolarn,2094,en,2026-08-29T19:18:42Z
2026-08-29T20,2132205352,2,eido,1513,en,2026-08-28T22:08:31Z
2026-08-29T20,2132205352,3,crayon_fps,790,en,2026-08-29T18:37:20Z
2026-08-29T20,1763263,1,mehditdonc,5566,fr,2026-08-29T18:18:41Z
2026-08-29T20,1763263,2,tayoh_,1393,fr,2026-08-29T20:10:11Z
2026-08-29T20,1763263,3,nenessyo,210,fr,2026-08-29T17:46:58Z
2026-08-29T20,499634,1,vwapsurfer,2547,en,2026-08-28T12:59:14Z
2026-08-29T20,499634,2,cented,1129,en,2026-08-29T15:05:31Z
2026-08-29T20,499634,3,dvces,979,en,2026-08-29T17:24:36Z
2026-08-29T20,518379,1,pokemonunite,4723,en,2026-08-29T15:30:22Z
2026-08-29T20,518379,2,purpleofficiel,1369,fr,2026-08-29T15:30:19Z
2026-08-29T20,518379,3,crisheroes,461,en,2026-08-29T15:37:29Z
2026-08-29T20,459931,1,b0aty,1219,en,2026-08-29T10:15:24Z
2026-08-29T20,459931,2,sardaco,905,en,2026-08-29T17:15:50Z
2026-08-29T20,459931,3,widega_,797,en,2026-08-29T14:02:10Z
2026-08-29T20,24241,1,vulpixie,624,en,2026-08-29T14:32:14Z
2026-08-29T20,24241,2,shobek,592,en,2026-08-29T10:50:12Z
2026-08-29T20,24241,3,girl_dm_,487,en,2026-08-29T16:59:43Z
2026-08-29T20,27284,1,colosseumlive,339,en,2026-08-29T14:28:38Z
2026-08-29T20,27284,2,andy,336,en,2026-08-29T15:54:37Z
2026-08-29T20,27284,3,bradhi,288,ru,2026-08-29T15:53:13Z
2026-08-29T20,493959,1,abramovich,1327,ru,2026-08-29T18:04:02Z
2026-08-29T20,493959,2,yukkkkiouo,760,zh,2026-08-29T09:25:41Z
2026-08-29T20,493959,3,stokes,539,en,2026-08-29T19:59:47Z
2026-08-29T20,464339927,1,lyric,1254,en,2026-08-29T18:09:07Z
2026-08-29T20,464339927,2,aimkey,687,en,2026-08-29T16:23:50Z
2026-08-29T20,464339927,3,gems,386,en,2026-08-29T19:13:27Z
2026-08-29T20,570615518,1,lunalya,450,de,2026-08-29T15:11:16Z
2026-08-29T20,570615518,2,antilipsi,427,el,2026-08-29T14:42:47Z
2026-08-29T20,570615518,3,andrej_kalinin,398,cs,2026-08-29T19:03:45Z
2026-08-29T20,493057,1,hollywoodbob,662,en,2026-08-29T19:46:43Z
2026-08-29T20,493057,2,ranga,357,ru,2026-08-29T20:38:39Z
2026-08-29T20,493057,3,bekatsastv,246,en,2026-08-29T16:20:59Z
2026-08-29T20,1036710512,1,dmf_kyochan,1790,ja,2026-08-29T15:01:26Z
2026-08-29T20,1036710512,2,mikami_kon,742,ja,2026-08-29T18:30:30Z
2026-08-29T20,1036710512,3,rosecpin9,309,ja,2026-08-29T20:19:52Z
2026-08-29T20,624536948,1,furkyplayzz,764,de,2026-08-29T18:03:08Z
2026-08-29T20,624536948,2,futdaddyh,298,en,2026-08-29T15:58:11Z
2026-08-29T20,624536948,3,imba__tv,294,de,2026-08-29T19:15:58Z
2026-08-29T20,1081998272,1,ilame,1974,ru,2026-08-29T12:46:37Z
2026-08-29T20,1081998272,2,navcia,390,pl,2026-08-29T16:40:03Z
2026-08-29T20,1081998272,3,zwierzaaak,316,pl,2026-08-29T18:04:44Z
2026-08-29T20,138585,1,solaryhs,1440,fr,2026-08-29T05:14:01Z
2026-08-29T20,138585,2,nohandsgamer,747,en,2026-08-29T19:44:20Z
2026-08-29T20,138585,3,fritterus,578,ru,2026-08-29T18:57:21Z
2026-08-29T20,30921,1,fifae,508,en,2026-08-29T12:28:45Z
2026-08-29T20,30921,2,tenacitytv,440,en,2026-08-29T17:03:00Z
2026-08-29T20,30921,3,retalsrl,435,en,2026-08-29T20:04:09Z
2026-08-29T20,512341,1,squeex,6118,en,2026-08-29T19:06:14Z
2026-08-29T20,512341,2,dreamia,20,fr,2026-08-29T19:51:48Z
2026-08-29T20,512341,3,domotcg,20,en,2026-08-29T18:59:17Z
2026-08-29T20,13263,1,fenriscreations,5602,en,2026-08-29T13:01:59Z
2026-08-29T20,13263,2,carolineaya,275,en,2026-08-29T11:14:23Z
2026-08-29T20,13263,3,oz_eve,63,en,2026-08-29T20:17:32Z
2026-08-29T20,66082,1,corgicam,798,en,2026-08-28T14:45:56Z
2026-08-29T20,66082,2,kamiyu666,769,zh,2026-08-29T19:07:57Z
2026-08-29T20,66082,3,falusiarahan,147,hu,2026-08-28T20:46:15Z
2026-08-29T20,1832841853,1,dear_hellgirl,631,ru,2026-08-29T14:58:33Z
2026-08-29T20,1832841853,2,mathieusommetlive,551,fr,2026-08-29T17:54:22Z
2026-08-29T20,1832841853,3,elliawald,222,de,2026-08-29T08:04:23Z
2026-08-29T20,65632,1,hollyrex,1068,en,2026-08-29T16:18:00Z
2026-08-29T20,65632,2,ikoneec,513,fr,2026-08-29T11:59:18Z
2026-08-29T20,65632,3,allenstreams,398,en,2026-08-29T16:53:23Z
2026-08-29T20,263490,1,lolitofdez,2153,es,2026-08-29T17:42:58Z
2026-08-29T20,263490,2,gevad1ch,368,en,2026-08-29T18:35:33Z
2026-08-29T20,263490,3,zbb__,257,fr,2026-08-29T17:33:42Z
2026-08-29T20,1441208453,1,gaviiria_games,923,en,2026-08-29T19:29:23Z
2026-08-29T20,1441208453,2,breaathtaking,601,en,2026-08-29T20:03:59Z
2026-08-29T20,1441208453,3,senevades,291,en,2026-08-29T17:11:20Z
2026-08-29T20,71375,1,knebeltv,1914,de,2026-08-29T14:48:49Z
2026-08-29T20,71375,2,terada,305,fr,2026-08-29T16:13:29Z
2026-08-29T20,71375,3,powergpu,258,en,2026-08-29T12:50:32Z
2026-08-29T20,698700926,1,locklear,5433,fr,2026-08-29T18:44:58Z
2026-08-29T20,698700926,2,vxgameplay,219,pt,2026-08-29T15:34:28Z
2026-08-29T20,698700926,3,rosiecutioner,23,en,2026-08-29T13:02:50Z
2026-08-29T20,509663,1,cweamcat,1128,en,2026-08-29T20:28:12Z
2026-08-29T20,509663,2,codename3cho,543,en,2026-08-29T16:01:49Z
2026-08-29T20,509663,3,alaiseblaze,401,fr,2026-08-29T18:30:34Z
2026-08-29T20,488190,1,danielpetersenpoker,850,en,2026-08-29T16:26:16Z
2026-08-29T20,488190,2,spr_poker,658,ru,2026-08-29T17:03:09Z
2026-08-29T20,488190,3,jenzoou,638,de,2026-08-29T11:50:57Z
2026-08-29T20,499003,1,blu_haze,1352,en,2026-08-29T13:09:55Z
2026-08-29T20,499003,2,babydollobscurity,917,en,2026-08-29T17:00:03Z
2026-08-29T20,499003,3,lolathon,559,en,2026-08-29T19:15:32Z
2026-08-29T20,1702520304,1,ds_lily,1765,en,2026-08-29T15:12:52Z
2026-08-29T20,1702520304,2,darthmicrotransaction,1026,en,2026-08-29T17:46:14Z
2026-08-29T20,1702520304,3,raxxanterax,648,en,2026-08-29T19:13:23Z
2026-08-29T20,272263131,1,alveussanctuary,1103,en,2026-08-29T13:06:45Z
2026-08-29T20,272263131,2,marinemammalrescue,602,en,2026-08-27T23:21:49Z
2026-08-29T20,272263131,3,furball_farm,240,en,2026-08-29T01:54:51Z
2026-08-29T20,401587136,1,redpandash,920,ru,2026-08-29T20:14:58Z
2026-08-29T20,401587136,2,shamixx,499,en,2026-08-29T16:11:35Z
2026-08-29T20,401587136,3,mozgoejka,222,ru,2026-08-29T20:33:11Z
2026-08-29T20,30028,1,vedal987,4897,en,2026-08-29T18:00:05Z
2026-08-29T20,30028,2,vedal987_jp,39,ja,2026-08-29T18:00:05Z
2026-08-29T20,30028,3,bunnimommi,35,pl,2026-08-29T17:34:00Z
2026-08-29T20,670138298,1,henry_773,925,en,2026-08-29T18:07:50Z
2026-08-29T20,670138298,2,dubdot,662,other,2026-08-29T14:43:30Z
2026-08-29T20,670138298,3,skimbooo23,436,en,2026-08-29T15:39:41Z
2026-08-29T20,2005329090,1,xhalli4x,4300,ja,2026-08-29T14:50:12Z
2026-08-29T20,2005329090,2,hamustasleeping,603,ja,2026-08-29T16:29:07Z
2026-08-29T20,2005329090,3,marimari874330,190,ja,2026-08-29T16:50:36Z
2026-08-29T20,13389,1,hera,2678,en,2026-08-29T14:00:16Z
2026-08-29T20,13389,2,membtv,657,en,2026-08-29T14:45:31Z
2026-08-29T20,13389,3,twestaoe,606,en,2026-08-29T14:41:53Z
2026-08-29T20,417528,1,sadicaz,938,es,2026-08-29T14:53:03Z
2026-08-29T20,417528,2,africaalbion,696,pt,2026-08-29T17:25:17Z
2026-08-29T20,417528,3,albiononline,415,en,2026-08-29T17:13:13Z
2026-08-29T20,2066107586,1,kiliratv,3150,fr,2026-08-29T19:04:24Z
2026-08-29T20,2066107586,2,yoona,956,fr,2026-08-29T19:03:11Z
2026-08-29T20,2066107586,3,bunglexo,40,en,2026-08-29T17:58:51Z
2026-08-29T20,350287257,1,zentreya,3770,en,2026-08-29T16:11:37Z
2026-08-29T20,350287257,2,dinicetea,823,ru,2026-08-29T20:00:14Z
2026-08-29T20,350287257,3,venomskiss2001,31,en,2026-08-29T19:02:08Z
2026-08-29T20,1282866981,1,doodooqvvq,940,zh,2026-08-29T14:59:09Z
2026-08-29T20,1282866981,2,poach,667,en,2026-08-29T16:42:07Z
2026-08-29T20,1282866981,3,cyqop,392,fr,2026-08-29T16:24:38Z
2026-08-29T20,416015,1,mistersleepycat,1001,en,2026-08-29T18:22:58Z
2026-08-29T20,416015,2,ruetoo,652,en,2026-08-29T14:46:35Z
2026-08-29T20,416015,3,pohx,523,en,2026-08-29T14:33:06Z
2026-08-29T20,1544653089,1,rebeudeter,4563,fr,2026-08-29T19:29:58Z
2026-08-29T20,1544653089,2,nenekiffeur,22,fr,2026-08-29T19:29:24Z
2026-08-29T20,1544653089,3,dyank_,6,fr,2026-08-29T20:14:54Z
2026-08-29T20,1820378900,1,shisheyu,3548,fr,2026-08-29T12:24:47Z
2026-08-29T20,1820378900,2,satookib,401,ja,2026-08-29T18:04:23Z
2026-08-29T20,1820378900,3,rescue,112,en,2026-08-29T10:16:31Z
2026-08-29T20,500188,1,ten49de,306,de,2026-08-29T17:30:34Z
2026-08-29T20,500188,2,mrsblob,272,en,2026-08-29T18:00:20Z
2026-08-29T20,500188,3,whityyy,265,en,2026-08-29T15:45:01Z
2026-08-29T20,12839,1,hiltyha,855,ru,2026-08-29T18:53:34Z
2026-08-29T20,12839,2,pup_ok_,512,ru,2026-08-29T18:26:52Z
2026-08-29T20,12839,3,zherarrr,475,ru,2026-08-29T20:23:49Z
2026-08-29T20,494184,1,legoml,723,ru,2026-08-29T18:36:13Z
2026-08-29T20,494184,2,evilkingmlbb,417,ru,2026-08-29T20:27:07Z
2026-08-29T20,494184,3,geass81,402,ru,2026-08-29T19:56:58Z
2026-08-29T20,490292,1,karmikkoala,3747,ru,2026-08-29T09:00:12Z
2026-08-29T20,490292,2,stanlye_,39,ru,2026-08-29T19:42:43Z
2026-08-29T20,490292,3,agentpinguinmaster,35,de,2026-08-29T17:28:18Z
2026-08-29T20,504463,1,nothingbutskillz,743,en,2026-08-29T17:33:29Z
2026-08-29T20,504463,2,streamerhouse,733,en,2026-08-28T22:13:08Z
2026-08-29T20,504463,3,gcrock6,391,en,2026-08-29T13:48:39Z
2026-08-29T20,1846293708,1,lilsimsie,2376,en,2026-08-29T20:01:07Z
2026-08-29T20,1846293708,2,risshella,333,en,2026-08-29T17:56:40Z
2026-08-29T20,1846293708,3,ellyen,212,en,2026-08-29T19:24:10Z
2026-08-29T20,1042236765,1,shylily,3766,en,2026-08-29T15:59:58Z
2026-08-29T20,1042236765,2,shirutv_,139,fr,2026-08-29T15:37:18Z
2026-08-29T20,1042236765,3,kurukoimai,5,en,2026-08-29T19:18:02Z
2026-08-29T20,116747788,1,sayfergoat,2062,ru,2026-08-29T18:43:31Z
2026-08-29T20,116747788,2,nicolepeachy,934,en,2026-08-29T20:09:05Z
2026-08-29T20,116747788,3,yurimylady,155,en,2026-08-29T11:44:29Z
2026-08-29T20,18526,1,tomato,3812,en,2026-08-29T17:59:23Z
2026-08-29T20,18526,2,charltonffs,17,en,2026-08-29T18:56:14Z
2026-08-29T20,18526,3,mishahhi13,5,ru,2026-08-29T16:59:32Z
2026-08-30T00,509658,1,jasontheween,23448,en,2026-08-29T20:32:32Z
2026-08-30T00,509658,2,syslov171,19684,ru,2026-08-29T21:31:52Z
2026-08-30T00,509658,3,pokemonxp,16155,en,2026-08-29T16:01:25Z
2026-08-30T00,14842174,1,jynxzi,66742,en,2026-08-28T21:16:26Z
2026-08-30T00,14842174,2,stableronaldo,42109,en,2026-08-28T21:16:09Z
2026-08-30T00,14842174,3,lospollostv,6501,en,2026-08-28T21:16:47Z
2026-08-30T00,21779,1,lcs,19580,en,2026-08-29T18:29:44Z
2026-08-30T00,21779,2,doublelift,6382,en,2026-08-29T19:11:50Z
2026-08-30T00,21779,3,nissaxter,3199,es,2026-08-29T21:30:51Z
2026-08-30T00,516575,1,gofns,17760,en,2026-08-29T20:55:38Z
2026-08-30T00,516575,2,valorant_americas,9419,en,2026-08-29T20:29:53Z
2026-08-30T00,516575,3,xarola_,3182,pt,2026-08-29T19:10:34Z
2026-08-30T00,1931693784,1,pokemon,36235,en,2026-08-29T15:30:27Z
2026-08-30T00,1931693784,2,disguisedtoast,7153,en,2026-08-29T23:57:12Z
2026-08-30T00,1931693784,3,knekro,5286,es,2026-08-29T15:19:42Z
2026-08-30T00,509672,1,2xrakai,16171,en,2026-08-29T19:13:58Z
2026-08-30T00,509672,2,peereira7,10500,es,2026-08-29T20:06:08Z
2026-08-30T00,509672,3,canerkrd,5142,de,2026-08-29T17:47:24Z
2026-08-30T00,32982,1,emiru,12017,en,2026-08-29T21:24:00Z
2026-08-30T00,32982,2,penta,3588,en,2026-08-29T20:56:31Z
2026-08-30T00,32982,3,banduracartel,1451,pl,2026-08-29T22:05:46Z
2026-08-30T00,18122,1,maximum,19605,en,2026-08-29T16:58:27Z
2026-08-30T00,18122,2,teamliquid,15073,en,2026-08-29T07:13:43Z
2026-08-30T00,18122,3,payo,2518,en,2026-08-29T12:25:05Z
2026-08-30T00,33214,1,faxuty,9100,en,2026-08-29T22:38:21Z
2026-08-30T00,33214,2,aussieantics,7375,en,2026-08-29T16:50:47Z
2026-08-30T00,33214,3,13steg,1271,es,2026-08-30T00:05:11Z
2026-08-30T00,511224,1,imperialhal__,12550,en,2026-08-29T20:42:36Z
2026-08-30T00,511224,2,nicewigg,12542,en,2026-08-29T17:46:48Z
2026-08-30T00,511224,3,playapex,6940,en,2026-08-29T17:49:59Z
2026-08-30T00,20465,1,tumblurr,40768,it,2026-08-29T19:16:58Z
2026-08-30T00,20465,2,therealmarzaa,4126,it,2026-08-29T19:07:53Z
2026-08-30T00,20465,3,sapphire_cat777,4,en,2026-08-29T22:11:52Z
2026-08-30T00,1478650472,1,anyme023,11821,fr,2026-08-29T19:49:31Z
2026-08-30T00,1478650472,2,zoomaa,3656,en,2026-08-29T19:27:54Z
2026-08-30T00,1478650472,3,formal,2591,en,2026-08-29T19:32:34Z
2026-08-30T00,515025,1,rakattack,8757,en,2026-08-29T15:44:54Z
2026-08-30T00,515025,2,aceofspades,6624,en,2026-08-29T21:08:01Z
2026-08-30T00,515025,3,jasper7se,2310,ja,2026-08-29T19:52:41Z
2026-08-30T00,32399,1,hypetried,5479,ru,2026-08-29T23:26:29Z
2026-08-30T00,32399,2,baz1221,1913,ru,2026-08-29T21:35:10Z
2026-08-30T00,32399,3,s_chilla,1687,ru,2026-08-29T22:08:04Z
2026-08-30T00,27471,1,feinberg,3985,en,2026-08-29T16:57:25Z
2026-08-30T00,27471,2,drdonutttttt,2695,en,2026-08-29T21:08:54Z
2026-08-30T00,27471,3,kyr_sp33dy,1425,en,2026-08-29T22:47:41Z
2026-08-30T00,498566,1,mitchjones,5406,en,2026-08-29T16:59:22Z
2026-08-30T00,498566,2,risikowette,3051,de,2026-08-28T13:40:53Z
2026-08-30T00,498566,3,hojuxohip,2205,pt,2026-08-29T08:43:41Z
2026-08-30T00,490655,1,pokemongo,23147,en,2026-08-29T15:30:13Z
2026-08-30T00,490655,2,keibrongameryt,1649,es,2026-08-28T15:37:58Z
2026-08-30T00,490655,3,pokemongoappla,1351,es,2026-08-29T15:34:39Z
2026-08-30T00,29595,1,lizok_ssk,3374,ru,2026-08-29T20:50:40Z
2026-08-30T00,29595,2,silvername,2784,ru,2026-08-29T22:27:14Z
2026-08-30T00,29595,3,w33haa,2644,en,2026-08-29T17:33:09Z
2026-08-30T00,491487,1,zerbs,2341,en,2026-08-29T21:00:20Z
2026-08-30T00,491487,2,facuuparejas,1264,es,2026-08-29T21:17:58Z
2026-08-30T00,491487,3,mogsy,682,en,2026-08-29T22:10:14Z
2026-08-30T00,1630982727,1,zackrawrr,25100,en,2026-08-29T18:11:45Z
2026-08-30T00,1630982727,2,dizzykitten,1524,en,2026-08-29T22:09:17Z
2026-08-30T00,1630982727,3,averse,234,en,2026-08-29T23:35:59Z
2026-08-30T00,26936,1,batalhadaaldeia,12362,pt,2026-08-29T15:25:24Z
2026-08-30T00,26936,2,thewarningband,3690,en,2026-08-29T23:50:12Z
2026-08-30T00,26936,3,bajiru_en,917,en,2026-08-29T23:00:53Z
2026-08-30T00,602040818,1,joeknowsyt,2545,en,2026-08-29T20:05:24Z
2026-08-30T00,602040818,2,lockintj,989,en,2026-08-29T08:42:07Z
2026-08-30T00,602040818,3,glizz,621,en,2026-08-29T16:23:09Z
2026-08-30T00,513143,1,k3soju,9294,en,2026-08-29T17:34:15Z
2026-08-30T00,513143,2,boxbox,1276,en,2026-08-29T23:40:35Z
2026-08-30T00,513143,3,wasianiverson,1209,en,2026-08-29T19:42:04Z
2026-08-30T00,1264310518,1,yznsa,2104,ar,2026-08-29T20:55:13Z
2026-08-30T00,1264310518,2,kingsman265_twitch,1733,en,2026-08-29T23:26:19Z
2026-08-30T00,1264310518,3,sypeh,840,en,2026-08-29T22:08:05Z
2026-08-30T00,458353,1,moonmoon,10527,en,2026-08-29T22:36:50Z
2026-08-30T00,458353,2,sodapoppin,9832,en,2026-08-29T18:09:07Z
2026-08-30T00,458353,3,dolphinchemist,1465,en,2026-08-29T23:04:40Z
2026-08-30T00,674491029,1,distortion2,2471,en,2026-08-29T17:48:58Z
2026-08-30T00,674491029,2,barbarousking,2372,en,2026-08-29T15:00:05Z
2026-08-30T00,674491029,3,strippin,2256,en,2026-08-29T15:25:38Z
2026-08-30T00,9618,1,pokemontcg,16024,en,2026-08-29T15:30:21Z
2026-08-30T00,9618,2,frazierkaylive,550,en,2026-08-29T23:18:17Z
2026-08-30T00,9618,3,packflipps,271,en,2026-08-29T16:14:47Z
2026-08-30T00,499973,1,theburntpeanut_247,2072,en,2026-08-28T03:52:11Z
2026-08-30T00,499973,2,lirik_247,1265,en,2026-08-28T18:52:52Z
2026-08-30T00,499973,3,caedrel247,1133,en,2026-08-29T14:33:18Z
2026-08-30T00,493959,1,niklaswilson,7835,de,2026-08-29T20:07:50Z
2026-08-30T00,493959,2,fanum,6153,en,2026-08-29T19:06:00Z
2026-08-30T00,493959,3,yukkkkiouo,1218,zh,2026-08-29T09:25:41Z
2026-08-30T00,512710,1,kugothaboss,1268,en,2026-08-29T17:04:51Z
2026-08-30T00,512710,2,rakanoolive,1077,ar,2026-08-29T21:06:41Z
2026-08-30T00,512710,3,joewo,982,en,2026-08-29T18:19:43Z
2026-08-30T00,491931,1,stankrat,1823,en,2026-08-29T22:22:24Z
2026-08-30T00,491931,2,verybadscav,1109,en,2026-08-28T12:52:56Z
2026-08-30T00,491931,3,drlupo,1060,en,2026-08-29T23:44:57Z
2026-08-30T00,31339,1,squeex,6510,en,2026-08-29T19:06:14Z
2026-08-30T00,31339,2,hanner,1117,en,2026-08-29T19:19:10Z
2026-08-30T00,31339,3,disnof,763,en,2026-08-29T18:32:55Z
2026-08-30T00,29452,1,vijomyhe5,2211,pt,2026-08-29T08:50:31Z
2026-08-30T00,29452,2,dizedi71,2126,pt,2026-08-29T08:43:21Z
2026-08-30T00,29452,3,murilinhow,1421,pt,2026-08-29T23:46:14Z
2026-08-30T00,491962037,1,jerma985,11806,en,2026-08-29T22:22:18Z
2026-08-30T00,491962037,2,luxthos,263,en,2026-08-29T14:50:55Z
2026-08-30T00,491962037,3,altofunk,47,en,2026-08-29T22:17:42Z
2026-08-30T00,23020,1,kiliratv,1610,fr,2026-08-29T19:04:24Z
2026-08-30T00,23020,2,cochard,908,en,2026-08-29T19:01:57Z
2026-08-30T00,23020,3,clout,691,en,2026-08-29T13:20:57Z
2026-08-30T00,509659,1,laylinasmr,1459,en,2026-08-29T21:35:00Z
2026-08-30T00,509659,2,bunnyayu,1395,en,2026-08-30T00:05:42Z
2026-08-30T00,509659,3,tarakaminarito,914,en,2026-08-29T22:00:13Z
2026-08-30T00,1669431183,1,hyunsha,1798,es,2026-08-29T16:59:45Z
2026-08-30T00,1669431183,2,jani,1387,de,2026-08-29T19:22:58Z
2026-08-30T00,1669431183,3,nyybeats,861,en,2026-08-29T22:49:08Z
2026-08-30T00,512953,1,karmikkoala,2569,ru,2026-08-29T09:00:12Z
2026-08-30T00,512953,2,lilaggy,2241,en,2026-08-29T22:45:27Z
2026-08-30T00,512953,3,lobosjr,856,en,2026-08-29T15:08:10Z
2026-08-30T00,624536948,1,namoratow,1918,pt,2026-08-29T22:33:17Z
2026-08-30T00,624536948,2,nzaotv,1839,pt,2026-08-29T22:13:49Z
2026-08-30T00,624536948,3,caaua,770,pt,2026-08-29T20:57:32Z
2026-08-30T00,460630,1,mingo,1808,en,2026-08-29T17:59:51Z
2026-08-30T00,460630,2,ricci,1438,en,2026-08-29T21:38:52Z
2026-08-30T00,460630,3,beaulo,864,en,2026-08-29T18:39:53Z
2026-08-30T00,386821,1,divios,1182,en,2026-08-29T15:14:32Z
2026-08-30T00,386821,2,horoowolf,740,es,2026-08-29T15:05:23Z
2026-08-30T00,386821,3,nickky,521,en,2026-08-29T20:37:25Z
2026-08-30T00,509660,1,bobross,939,en,2026-08-28T14:33:39Z
2026-08-30T00,509660,2,mcroft07,169,en,2026-08-29T16:14:43Z
2026-08-30T00,509660,3,xanthe,150,en,2026-08-29T22:03:37Z
2026-08-30T00,19619,1,antedeguemonn,473,pt,2026-08-28T13:54:30Z
2026-08-30T00,19619,2,biskella,348,pt,2026-08-29T22:34:05Z
2026-08-30T00,19619,3,ddd_pinda,318,pt,2026-08-29T20:27:09Z
2026-08-30T00,1832841853,1,sinder,1437,en,2026-08-29T20:39:52Z
2026-08-30T00,1832841853,2,parkenharbor,917,en,2026-08-29T23:03:06Z
2026-08-30T00,1832841853,3,jill,724,en,2026-08-29T23:28:05Z
2026-08-30T00,459931,1,widega_,787,en,2026-08-29T14:02:10Z
2026-08-30T00,459931,2,sardaco,771,en,2026-08-29T17:15:50Z
2026-08-30T00,459931,3,mr_mammal,764,en,2026-08-29T20:50:47Z
2026-08-30T00,518379,1,pokemonunite,4162,en,2026-08-29T15:30:22Z
2026-08-30T00,518379,2,purpleofficiel,1243,fr,2026-08-29T15:30:19Z
2026-08-30T00,518379,3,pokemonunite_asiacl_jp,365,ja,2026-08-29T15:31:15Z
2026-08-30T00,1865647616,1,piuzinho,3029,pt,2026-08-29T22:20:06Z
2026-08-30T00,1865647616,2,skipnho,2625,pt,2026-08-29T22:08:54Z
2026-08-30T00,1865647616,3,axtlol,981,pt,2026-08-29T20:28:01Z
2026-08-30T00,570615518,1,mastersnakou,2044,fr,2026-08-29T19:26:37Z
2026-08-30T00,570615518,2,melibela,572,en,2026-08-29T14:00:19Z
2026-08-30T00,570615518,3,ramez05,445,en,2026-08-29T21:42:19Z
2026-08-30T00,1763263,1,mehditdonc,4703,fr,2026-08-29T18:18:41Z
2026-08-30T00,1763263,2,tayoh_,1131,fr,2026-08-29T20:10:11Z
2026-08-30T00,1763263,3,nenessyo,168,fr,2026-08-29T17:46:58Z
2026-08-30T00,1081998272,1,fefe,1220,en,2026-08-29T23:00:31Z
2026-08-30T00,1081998272,2,sykkuno,724,en,2026-08-29T22:02:35Z
2026-08-30T00,1081998272,3,codemiko,608,en,2026-08-29T20:36:28Z
2026-08-30T00,1036710512,1,dmf_kyochan,1533,ja,2026-08-29T15:01:26Z
2026-08-30T00,1036710512,2,rosecpin9,1125,ja,2026-08-29T20:19:52Z
2026-08-30T00,1036710512,3,detonator_robin,290,ja,2026-08-29T23:19:48Z
2026-08-30T00,464339927,1,aimkey,997,en,2026-08-29T16:23:50Z
2026-08-30T00,464339927,2,norgannonhh,481,es,2026-08-29T21:22:50Z
2026-08-30T00,464339927,3,lyesval,433,en,2026-08-29T21:49:01Z
2026-08-30T00,24241,1,uwoslab,670,en,2026-08-29T22:00:53Z
2026-08-30T00,24241,2,vulpixie,544,en,2026-08-29T21:45:35Z
2026-08-30T00,24241,3,hinabobina,396,en,2026-08-29T22:00:28Z
2026-08-30T00,499634,1,vwapsurfer,2555,en,2026-08-28T12:59:14Z
2026-08-30T00,499634,2,dvces,1548,en,2026-08-29T17:24:36Z
2026-08-30T00,499634,3,puxm_,450,en,2026-08-29T23:09:34Z
2026-08-30T00,138585,1,nohandsgamer,1030,en,2026-08-29T19:44:20Z
2026-08-30T00,138585,2,awedragon,859,en,2026-08-29T19:26:18Z
2026-08-30T00,138585,3,alutemu_,573,ja,2026-08-29T13:42:36Z
2026-08-30T00,1898040946,1,rebeudeter,2066,fr,2026-08-29T19:29:58Z
2026-08-30T00,1898040946,2,gskianto,343,it,2026-08-28T10:36:14Z
2026-08-30T00,1898040946,3,eazyspeezy,256,en,2026-08-29T21:07:00Z
2026-08-30T00,27284,1,mikemateilive,355,en,2026-08-29T23:32:53Z
2026-08-30T00,27284,2,colosseumlive,305,en,2026-08-29T14:28:38Z
2026-08-30T00,27284,3,andy,287,en,2026-08-29T15:54:37Z
2026-08-30T00,30921,1,atowwwww,1668,fr,2026-08-29T20:51:50Z
2026-08-30T00,30921,2,elcalvolol,846,es,2026-08-28T21:22:55Z
2026-08-30T00,30921,3,emilaiah,102,en,2026-08-29T21:59:12Z
2026-08-30T00,493057,1,pubg_battlegrounds,1170,en,2026-08-29T22:45:54Z
2026-08-30T00,493057,2,hollywoodbob,770,en,2026-08-29T19:46:43Z
2026-08-30T00,493057,3,kickstart,503,en,2026-08-29T20:42:46Z
2026-08-30T00,2132205352,1,crayon_fps,1005,en,2026-08-29T18:37:20Z
2026-08-30T00,2132205352,2,lordnm,372,en,2026-08-29T20:55:43Z
2026-08-30T00,2132205352,3,togetherdl,350,ru,2026-08-29T21:11:05Z
2026-08-30T00,509663,1,loadingreadyrun,1340,en,2026-08-28T21:09:29Z
2026-08-30T00,509663,2,treelover462,491,de,2026-08-29T21:12:08Z
2026-08-30T00,509663,3,alaiseblaze,234,fr,2026-08-29T18:30:34Z
2026-08-30T00,66082,1,lass,818,en,2026-08-29T23:00:18Z
2026-08-30T00,66082,2,kirito_1192,149,ja,2026-08-29T21:59:29Z
2026-08-30T00,66082,3,mistyrosey,147,en,2026-08-29T16:29:21Z
2026-08-30T00,65632,1,smoke,2614,en,2026-08-29T22:52:04Z
2026-08-30T00,65632,2,eiriish,367,en,2026-08-29T19:09:47Z
2026-08-30T00,65632,3,dreamhubttv,187,ru,2026-08-29T12:30:36Z
2026-08-30T00,12839,1,voodoosh,3004,ru,2026-08-29T20:46:44Z
2026-08-30T00,12839,2,zherarrr,694,ru,2026-08-29T20:23:49Z
2026-08-30T00,12839,3,weronest,518,ru,2026-08-29T20:34:21Z
2026-08-30T00,2059463486,1,elcamacho24,1182,es,2026-08-28T04:04:27Z
2026-08-30T00,2059463486,2,chrismelberger,923,en,2026-08-29T21:18:03Z
2026-08-30T00,2059463486,3,corgicam,726,en,2026-08-28T14:45:56Z
2026-08-30T00,513949,1,realzbluewater,5058,en,2026-08-29T18:22:47Z
2026-08-30T00,513949,2,friendofelvis,7,en,2026-08-29T23:19:04Z
2026-08-30T00,513949,3,lehhmonada,3,pt,2026-08-29T20:54:01Z
2026-08-30T00,498592,1,kunshikitty,825,de,2026-08-28T05:09:45Z
2026-08-30T00,498592,2,exsl95,527,de,2026-08-28T13:23:35Z
2026-08-30T00,498592,3,femimarss,432,fr,2026-08-29T08:32:42Z
2026-08-30T00,65876,1,jltomy,3491,fr,2026-08-29T23:31:21Z
2026-08-30T00,65876,2,rileycs_,157,en,2026-08-29T14:01:22Z
2026-08-30T00,65876,3,ashi,140,en,2026-08-29T16:54:15Z
2026-08-30T00,272263131,1,alveussanctuary,934,en,2026-08-29T13:06:45Z
2026-08-30T00,272263131,2,ferretsoftware,448,en,2026-08-28T18:17:52Z
2026-08-30T00,272263131,3,marinemammalrescue,341,en,2026-08-29T23:10:52Z
2026-08-30T00,698700926,1,locklear,4498,fr,2026-08-29T18:44:58Z
2026-08-30T00,698700926,2,kairuichan,95,en,2026-08-29T22:04:30Z
2026-08-30T00,698700926,3,camronjk,20,en,2026-08-29T23:17:19Z
2026-08-30T00,27546,1,o_p_hacker,697,en,2026-08-29T15:59:03Z
2026-08-30T00,27546,2,remi_id,659,fr,2026-08-29T12:51:36Z
2026-08-30T00,27546,3,german_intelligence,595,en,2026-08-29T17:51:29Z
2026-08-30T00,670138298,1,henry_773,992,en,2026-08-29T18:07:50Z
2026-08-30T00,670138298,2,skimbooo23,720,en,2026-08-29T15:39:41Z
2026-08-30T00,670138298,3,millz,222,en,2026-08-28T17:00:18Z
2026-08-30T00,518203,1,assodiroma_official,1377,it,2026-08-29T22:50:05Z
2026-08-30T00,518203,2,cerebrocule,724,es,2026-08-29T14:01:14Z
2026-08-30T00,518203,3,cricoccia3,608,it,2026-08-29T22:22:55Z
2026-08-30T00,1441208453,1,senevades,285,en,2026-08-29T17:11:20Z
2026-08-30T00,1441208453,2,galinhodoido,215,en,2026-08-29T19:12:10Z
2026-08-30T00,1441208453,3,russianrae,120,en,2026-08-29T13:06:00Z
2026-08-30T00,499003,1,totless,403,en,2026-08-29T21:57:59Z
2026-08-30T00,499003,2,lazzie,360,en,2026-08-29T21:00:06Z
2026-08-30T00,499003,3,mimi_qu,219,en,2026-08-29T22:27:34Z
2026-08-30T00,417528,1,africaalbion,767,pt,2026-08-29T17:25:17Z
2026-08-30T00,417528,2,murloka,399,en,2026-08-29T21:36:53Z
2026-08-30T00,417528,3,nsevenxs,268,es,2026-08-29T22:44:42Z
2026-08-30T00,1282866981,1,poach,697,en,2026-08-29T16:42:07Z
2026-08-30T00,1282866981,2,bbreadman,636,en,2026-08-29T18:34:05Z
2026-08-30T00,1282866981,3,pusilda,315,ru,2026-08-29T20:36:16Z
2026-08-30T00,510056,1,dkayed,2097,en,2026-08-29T20:02:29Z
2026-08-30T00,510056,2,fobm4ster,1632,en,2026-08-29T22:30:48Z
2026-08-30T00,510056,3,vikchun,186,en,2026-08-29T17:46:21Z
2026-08-30T00,509511,1,zchum,834,en,2026-08-29T23:22:22Z
2026-08-30T00,509511,2,sportscastsquad,549,en,2026-08-29T22:49:23Z
2026-08-30T00,509511,3,thatgirlkrash,171,en,2026-08-29T20:13:05Z
2026-08-30T00,369252,1,chibidoki,2958,en,2026-08-29T21:47:41Z
2026-08-30T00,369252,2,neuworldlive,140,en,2026-08-29T22:48:40Z
2026-08-30T00,369252,3,finch,64,en,2026-08-29T20:40:12Z
2026-08-30T00,513181,1,chawndo,606,en,2026-08-29T19:10:18Z
2026-08-30T00,513181,2,limbosauce,316,en,2026-08-29T22:02:13Z
2026-08-30T00,513181,3,poliatv,304,fr,2026-08-29T20:21:20Z
2026-08-30T00,66170,1,rebeldustypinky,333,en,2026-08-29T23:58:47Z
2026-08-30T00,66170,2,professorlih,297,pt,2026-08-29T22:01:16Z
2026-08-30T00,66170,3,jchan,152,en,2026-08-29T20:45:23Z
2026-08-30T00,1702520304,1,ds_lily,1160,en,2026-08-29T15:12:52Z
2026-08-30T00,1702520304,2,guythatdies,320,en,2026-08-29T21:59:38Z
2026-08-30T00,1702520304,3,787prada,313,en,2026-08-29T22:27:56Z
2026-08-30T00,13332,1,powaslap,701,en,2026-08-29T18:00:27Z
2026-08-30T00,13332,2,estend1,312,en,2026-08-29T20:50:37Z
2026-08-30T00,13332,3,gunnermaniac,298,en,2026-08-29T23:40:21Z
2026-08-30T00,500188,1,khalamity,433,en,2026-08-29T21:48:41Z
2026-08-30T00,500188,2,bushwacker,287,en,2026-08-29T21:37:05Z
2026-08-30T00,500188,3,mrsblob,281,en,2026-08-29T18:00:20Z
2026-08-30T00,416015,1,mistersleepycat,1010,en,2026-08-29T18:22:58Z
2026-08-30T00,416015,2,ruetoo,612,en,2026-08-29T14:46:35Z
2026-08-30T00,416015,3,albatrox18,294,pt,2026-08-29T22:00:50Z
2026-08-30T00,1832641890,1,gatzbii,750,en,2026-08-29T21:17:59Z
2026-08-30T00,1832641890,2,daddydimmutv,658,en,2026-08-29T21:17:23Z
2026-08-30T00,1832641890,3,robertsportmas,618,es,2026-08-29T22:58:25Z
2026-08-30T00,401587136,1,the_iken,503,hu,2026-08-29T22:58:00Z
2026-08-30T00,401587136,2,trakassinn,238,es,2026-08-29T12:35:35Z
2026-08-30T00,401587136,3,kassshiro,217,ru,2026-08-29T20:35:56Z
2026-08-30T00,511399,1,xhalli4x,3173,ja,2026-08-29T14:50:12Z
2026-08-30T00,511399,2,anthemum89,56,en,2026-08-29T21:55:24Z
2026-08-30T00,511399,3,mrdrprofessorclay,26,en,2026-08-29T22:22:33Z
2026-08-30T00,630009802,1,tampaneversleeps,800,en,2026-08-29T23:52:21Z
2026-08-30T00,630009802,2,punkdagod,677,en,2026-08-29T23:08:12Z
2026-08-30T00,630009802,3,bum1six3,480,en,2026-08-29T19:55:56Z
2026-08-30T00,504463,1,nothingbutskillz,1079,en,2026-08-29T17:33:29Z
2026-08-30T00,504463,2,streamerhouse,581,en,2026-08-28T22:13:08Z
2026-08-30T00,504463,3,little_huge,273,en,2026-08-29T20:53:39Z
2026-08-30T00,676802825,1,smokaloke,344,en,2026-08-29T20:15:56Z
2026-08-30T00,676802825,2,igobygraven,142,en,2026-08-29T22:31:34Z
2026-08-30T00,676802825,3,lili_pupp,113,en,2026-08-29T22:25:19Z
2026-08-30T00,29307,1,mathil1,1674,en,2026-08-29T19:56:36Z
2026-08-30T00,29307,2,barricade,722,en,2026-08-29T19:59:49Z
2026-08-30T00,29307,3,turdtwisterx,110,en,2026-08-29T13:11:01Z
2026-08-30T00,263490,1,gevad1ch,371,en,2026-08-29T18:35:33Z
2026-08-30T00,263490,2,picco,212,en,2026-08-29T19:43:58Z
2026-08-30T00,263490,3,oilrats247,162,en,2026-08-29T16:47:48Z
2026-08-30T00,884569009,1,vargskelethor,2520,en,2026-08-29T23:40:23Z
2026-08-30T00,884569009,2,emzberry,94,en,2026-08-30T00:11:54Z
2026-08-30T00,884569009,3,novagracie,50,en,2026-08-29T21:05:13Z
2026-08-30T00,919021559,1,avoidingthepuddle,2436,en,2026-08-29T22:02:31Z
2026-08-30T00,919021559,2,azhure_kylar,78,en,2026-08-29T23:04:40Z
2026-08-30T00,919021559,3,imfuwano,44,en,2026-08-29T09:01:36Z
2026-08-30T00,1982936547,1,kkatamina,2340,en,2026-08-29T17:51:16Z
2026-08-30T00,1982936547,2,jaullink24,110,de,2026-08-29T11:42:38Z
2026-08-30T00,1982936547,3,parrotrobar,42,en,2026-08-30T00:05:20Z
2026-08-30T00,688276456,1,teegrizzley,2834,en,2026-08-29T19:01:59Z
2026-08-30T00,688276456,2,deaf_whisperer,5,en,2026-08-29T23:25:58Z
2026-08-30T00,688276456,3,bruski420xp,1,en,2026-08-29T22:29:20Z
2026-08-30T00,168648543,1,rglqq,333,en,2026-08-28T23:55:24Z
2026-08-30T00,168648543,2,barminmm,187,ru,2026-08-29T16:49:30Z
2026-08-30T00,168648543,3,scummy,182,en,2026-08-29T20:23:54Z
2026-08-30T00,71375,1,oskar1up,272,es,2026-08-29T20:36:55Z
2026-08-30T00,71375,2,knebel_de,244,de,2026-08-29T01:08:18Z
2026-08-30T00,71375,3,activee,218,en,2026-08-29T18:10:08Z
