order_id,customer_id,product_id,order_date,geo_id,channel_id,quantity,unit_price,unit_cost,discount_amount
1,730,1,2024-01-01,1,1,1,299.0,128.0,0.0
2,1287,2,2024-01-01,3,4,1,269.1,128.0,29.9
3,1694,5,2024-01-01,5,2,1,349.0,147.0,0.0
4,1095,4,2024-01-01,3,2,1,349.0,147.0,0.0
5,994,4,2024-01-01,1,2,2,349.0,147.0,0.0
6,1704,2,2024-01-01,6,2,1,299.0,128.0,0.0
7,1090,5,2024-01-02,3,5,1,314.1,147.0,34.9
8,239,5,2024-01-02,2,2,2,349.0,147.0,0.0
9,1674,4,2024-01-02,8,1,2,349.0,147.0,0.0
10,624,1,2024-01-02,6,1,1,299.0,128.0,0.0
11,465,3,2024-01-02,3,3,1,279.65,141.0,49.35
12,229,1,2024-01-02,1,1,1,269.1,128.0,29.9
13,1625,5,2024-01-02,7,1,1,349.0,147.0,0.0
14,618,5,2024-01-02,7,1,1,314.1,147.0,34.9
15,1846,2,2024-01-02,1,3,1,299.0,128.0,0.0
16,569,6,2024-01-02,3,3,1,499.0,210.0,0.0
17,496,4,2024-01-02,5,2,1,314.1,147.0,34.9
18,1466,2,2024-01-02,3,5,1,254.15,128.0,44.85
19,203,6,2024-01-02,3,3,2,449.1,210.0,49.9
20,380,4,2024-01-02,2,2,2,349.0,147.0,0.0
21,439,4,2024-01-02,2,2,1,314.1,147.0,34.9
22,740,5,2024-01-03,2,1,1,349.0,147.0,0.0
23,581,4,2024-01-03,6,1,1,349.0,147.0,0.0
24,835,2,2024-01-03,1,4,1,299.0,128.0,0.0
25,975,6,2024-01-03,4,3,1,499.0,210.0,0.0
26,812,4,2024-01-03,1,2,1,349.0,147.0,0.0
27,1210,6,2024-01-03,1,2,1,449.1,210.0,49.9
28,408,3,2024-01-03,1,4,1,279.65,141.0,49.35
29,1486,4,2024-01-03,4,3,1,314.1,147.0,34.9
30,1641,4,2024-01-03,4,2,1,349.0,147.0,0.0
31,993,4,2024-01-04,1,2,1,349.0,147.0,0.0
32,473,4,2024-01-04,1,1,1,349.0,147.0,0.0
33,1389,1,2024-01-04,2,1,1,299.0,128.0,0.0
34,1277,1,2024-01-04,5,3,1,269.1,128.0,29.9
35,414,2,2024-01-04,3,4,1,299.0,128.0,0.0
36,1108,4,2024-01-04,3,5,2,349.0,147.0,0.0
37,786,4,2024-01-04,1,1,1,349.0,147.0,0.0
38,1351,5,2024-01-04,3,1,1,349.0,147.0,0.0
39,1466,3,2024-01-04,3,2,1,329.0,141.0,0.0
40,1105,4,2024-01-04,3,2,1,314.1,147.0,34.9
41,1014,4,2024-01-04,5,1,1,349.0,147.0,0.0
42,126,1,2024-01-04,2,3,1,269.1,128.0,29.9
43,699,3,2024-01-05,3,1,1,279.65,141.0,49.35
44,501,2,2024-01-05,7,1,1,299.0,128.0,0.0
45,625,1,2024-01-05,1,3,1,299.0,128.0,0.0
46,866,4,2024-01-05,5,2,1,349.0,147.0,0.0
47,649,3,2024-01-05,5,1,1,329.0,141.0,0.0
48,1383,2,2024-01-05,4,1,1,269.1,128.0,29.9
49,614,3,2024-01-05,6,3,1,329.0,141.0,0.0
50,1722,5,2024-01-05,2,2,1,349.0,147.0,0.0
51,1648,2,2024-01-05,6,1,1,299.0,128.0,0.0
52,690,2,2024-01-05,3,1,1,299.0,128.0,0.0
53,158,5,2024-01-05,3,2,1,314.1,147.0,34.9
54,410,4,2024-01-05,4,2,1,349.0,147.0,0.0
55,1805,1,2024-01-05,3,1,1,269.1,128.0,29.9
56,1971,5,2024-01-05,4,4,2,349.0,147.0,0.0
57,1747,5,2024-01-05,4,2,1,349.0,147.0,0.0
58,747,4,2024-01-05,5,4,1,349.0,147.0,0.0
59,841,3,2024-01-05,1,2,1,329.0,141.0,0.0
60,1687,2,2024-01-05,1,1,1,299.0,128.0,0.0
61,308,2,2024-01-06,3,2,1,269.1,128.0,29.9
62,894,4,2024-01-06,1,1,1,349.0,147.0,0.0
63,1618,5,2024-01-06,6,5,1,349.0,147.0,0.0
64,996,5,2024-01-06,2,1,1,314.1,147.0,34.9
65,131,6,2024-01-06,4,1,1,499.0,210.0,0.0
66,1932,5,2024-01-06,3,2,1,349.0,147.0,0.0
67,248,4,2024-01-06,7,1,1,296.65,147.0,52.35
68,1812,1,2024-01-06,2,4,1,269.1,128.0,29.9
69,1510,3,2024-01-06,3,1,1,329.0,141.0,0.0
70,359,2,2024-01-06,6,1,1,299.0,128.0,0.0
71,1093,3,2024-01-06,3,3,2,329.0,141.0,0.0
72,1973,2,2024-01-06,3,2,1,299.0,128.0,0.0
73,632,1,2024-01-06,6,3,2,299.0,128.0,0.0
74,1616,5,2024-01-07,4,3,1,349.0,147.0,0.0
75,1850,5,2024-01-07,6,2,1,314.1,147.0,34.9
76,1864,6,2024-01-07,2,5,2,424.15,210.0,74.85
77,1550,2,2024-01-07,7,2,1,269.1,128.0,29.9
78,1802,5,2024-01-07,2,1,1,314.1,147.0,34.9
79,1597,6,2024-01-07,6,3,1,499.0,210.0,0.0
80,1796,6,2024-01-07,1,1,1,499.0,210.0,0.0
81,862,4,2024-01-07,3,1,1,349.0,147.0,0.0
82,107,4,2024-01-07,4,1,1,349.0,147.0,0.0
83,410,4,2024-01-07,1,2,1,349.0,147.0,0.0
84,1986,5,2024-01-07,4,2,1,349.0,147.0,0.0
85,1924,3,2024-01-07,1,3,1,329.0,141.0,0.0
86,1694,3,2024-01-07,2,2,1,329.0,141.0,0.0
87,773,6,2024-01-07,8,5,1,499.0,210.0,0.0
88,1326,4,2024-01-07,3,1,1,349.0,147.0,0.0
89,1745,2,2024-01-07,1,1,1,299.0,128.0,0.0
90,754,2,2024-01-08,3,3,1,299.0,128.0,0.0
91,1902,4,2024-01-08,5,1,1,349.0,147.0,0.0
92,1766,5,2024-01-08,2,2,1,349.0,147.0,0.0
93,424,4,2024-01-08,4,2,2,349.0,147.0,0.0
94,837,5,2024-01-08,1,2,1,296.65,147.0,52.35
95,509,3,2024-01-08,1,1,1,329.0,141.0,0.0
96,663,6,2024-01-08,2,2,1,499.0,210.0,0.0
97,1224,2,2024-01-08,2,1,1,299.0,128.0,0.0
98,1861,3,2024-01-08,5,3,1,329.0,141.0,0.0
99,1659,1,2024-01-08,2,2,1,299.0,128.0,0.0
100,1146,1,2024-01-09,3,1,1,299.0,128.0,0.0
101,959,1,2024-01-09,1,1,1,299.0,128.0,0.0
102,91,6,2024-01-09,2,2,1,424.15,210.0,74.85
103,881,2,2024-01-09,5,1,1,299.0,128.0,0.0
104,642,4,2024-01-09,3,5,1,349.0,147.0,0.0
105,1139,5,2024-01-09,1,1,1,314.1,147.0,34.9
106,471,2,2024-01-09,3,1,1,299.0,128.0,0.0
107,1834,6,2024-01-10,5,2,1,499.0,210.0,0.0
108,1010,1,2024-01-10,2,1,1,299.0,128.0,0.0
109,582,2,2024-01-10,2,4,1,299.0,128.0,0.0
110,1200,2,2024-01-10,5,1,2,299.0,128.0,0.0
111,1886,1,2024-01-10,7,1,1,299.0,128.0,0.0
112,1396,6,2024-01-10,7,1,1,499.0,210.0,0.0
113,663,2,2024-01-10,4,2,1,269.1,128.0,29.9
114,1957,2,2024-01-10,1,2,1,299.0,128.0,0.0
115,928,3,2024-01-10,8,2,1,329.0,141.0,0.0
116,433,5,2024-01-10,5,3,1,349.0,147.0,0.0
117,1121,6,2024-01-10,1,5,1,499.0,210.0,0.0
118,1773,3,2024-01-10,2,2,1,329.0,141.0,0.0
119,1326,5,2024-01-10,3,2,1,349.0,147.0,0.0
120,1652,6,2024-01-10,2,1,1,499.0,210.0,0.0
121,753,4,2024-01-10,3,2,1,314.1,147.0,34.9
122,867,1,2024-01-10,1,2,1,299.0,128.0,0.0
123,191,1,2024-01-10,1,3,1,299.0,128.0,0.0
124,318,6,2024-01-10,1,2,1,499.0,210.0,0.0
125,616,1,2024-01-11,6,2,1,254.15,128.0,44.85
126,606,4,2024-01-11,3,2,1,296.65,147.0,52.35
127,846,1,2024-01-11,1,1,1,299.0,128.0,0.0
128,168,5,2024-01-11,3,3,1,349.0,147.0,0.0
129,1727,3,2024-01-11,2,2,1,296.1,141.0,32.9
130,932,5,2024-01-11,2,5,1,314.1,147.0,34.9
131,1659,2,2024-01-11,4,4,1,299.0,128.0,0.0
132,218,4,2024-01-11,1,3,1,349.0,147.0,0.0
133,943,5,2024-01-11,4,2,1,296.65,147.0,52.35
134,1267,5,2024-01-11,8,3,1,349.0,147.0,0.0
135,1648,3,2024-01-11,1,1,1,329.0,141.0,0.0
136,1988,2,2024-01-11,1,1,1,299.0,128.0,0.0
137,1725,4,2024-01-11,2,2,1,349.0,147.0,0.0
138,971,4,2024-01-11,5,2,1,296.65,147.0,52.35
139,994,4,2024-01-11,1,2,1,349.0,147.0,0.0
140,1708,3,2024-01-11,6,2,1,329.0,141.0,0.0
141,852,5,2024-01-11,3,1,1,349.0,147.0,0.0
142,999,3,2024-01-12,7,5,1,329.0,141.0,0.0
143,1777,4,2024-01-12,3,1,1,349.0,147.0,0.0
144,131,2,2024-01-12,1,2,1,269.1,128.0,29.9
145,1324,3,2024-01-12,2,1,1,329.0,141.0,0.0
146,705,4,2024-01-12,5,5,1,349.0,147.0,0.0
147,1748,5,2024-01-12,2,3,1,349.0,147.0,0.0
148,1966,4,2024-01-12,2,2,2,349.0,147.0,0.0
149,1989,5,2024-01-12,5,3,1,349.0,147.0,0.0
150,265,2,2024-01-12,5,5,1,299.0,128.0,0.0
151,1012,3,2024-01-12,1,4,1,329.0,141.0,0.0
152,732,5,2024-01-12,3,4,1,314.1,147.0,34.9
153,692,4,2024-01-12,1,1,1,349.0,147.0,0.0
154,697,5,2024-01-12,3,4,1,314.1,147.0,34.9
155,1748,5,2024-01-12,5,5,1,349.0,147.0,0.0
156,897,5,2024-01-12,8,3,2,314.1,147.0,34.9
157,209,5,2024-01-13,4,4,1,349.0,147.0,0.0
158,1866,3,2024-01-13,5,2,1,329.0,141.0,0.0
159,1783,1,2024-01-13,1,4,1,299.0,128.0,0.0
160,900,6,2024-01-13,6,2,1,499.0,210.0,0.0
161,588,4,2024-01-13,5,2,1,349.0,147.0,0.0
162,1362,2,2024-01-13,5,1,1,299.0,128.0,0.0
163,879,4,2024-01-13,6,3,1,349.0,147.0,0.0
164,741,6,2024-01-14,5,2,1,449.1,210.0,49.9
165,143,1,2024-01-14,1,1,1,254.15,128.0,44.85
166,1555,1,2024-01-14,3,5,2,299.0,128.0,0.0
167,1461,5,2024-01-14,3,4,1,296.65,147.0,52.35
168,1436,4,2024-01-14,7,1,1,349.0,147.0,0.0
169,573,6,2024-01-14,2,2,1,499.0,210.0,0.0
170,1818,4,2024-01-14,5,4,1,349.0,147.0,0.0
171,1601,4,2024-01-14,1,2,1,314.1,147.0,34.9
172,1802,1,2024-01-15,1,2,2,299.0,128.0,0.0
173,1068,3,2024-01-15,7,2,1,329.0,141.0,0.0
174,530,2,2024-01-15,9,1,1,299.0,128.0,0.0
175,123,5,2024-01-15,1,3,1,349.0,147.0,0.0
176,1928,1,2024-01-15,3,5,1,299.0,128.0,0.0
177,1650,5,2024-01-15,8,3,1,349.0,147.0,0.0
178,1730,4,2024-01-15,5,3,1,349.0,147.0,0.0
179,1378,1,2024-01-15,1,2,1,299.0,128.0,0.0
180,395,5,2024-01-16,5,4,1,349.0,147.0,0.0
181,168,1,2024-01-16,1,1,1,299.0,128.0,0.0
182,1387,4,2024-01-16,2,1,1,349.0,147.0,0.0
183,1022,4,2024-01-16,8,3,2,349.0,147.0,0.0
184,854,5,2024-01-16,5,1,1,349.0,147.0,0.0
185,1443,4,2024-01-16,3,1,1,349.0,147.0,0.0
186,322,6,2024-01-16,4,2,1,424.15,210.0,74.85
187,248,3,2024-01-16,1,1,1,329.0,141.0,0.0
188,767,3,2024-01-16,1,2,1,296.1,141.0,32.9
189,100,6,2024-01-16,1,3,1,499.0,210.0,0.0
190,5,1,2024-01-16,3,2,1,269.1,128.0,29.9
191,1159,4,2024-01-16,6,4,1,349.0,147.0,0.0
192,272,5,2024-01-16,3,2,1,349.0,147.0,0.0
193,1775,5,2024-01-16,4,2,1,349.0,147.0,0.0
194,1844,3,2024-01-16,7,3,1,279.65,141.0,49.35
195,1449,1,2024-01-17,2,2,1,269.1,128.0,29.9
196,1319,4,2024-01-17,3,1,1,349.0,147.0,0.0
197,1168,4,2024-01-17,1,3,1,349.0,147.0,0.0
198,1090,2,2024-01-17,1,3,1,269.1,128.0,29.9
199,1818,4,2024-01-17,2,2,1,349.0,147.0,0.0
200,1007,5,2024-01-17,3,4,1,349.0,147.0,0.0
201,650,3,2024-01-17,3,1,1,279.65,141.0,49.35
202,375,2,2024-01-17,2,1,1,299.0,128.0,0.0
203,1259,6,2024-01-18,2,1,1,499.0,210.0,0.0
204,292,4,2024-01-18,6,1,1,349.0,147.0,0.0
205,415,2,2024-01-18,3,2,1,299.0,128.0,0.0
206,1945,1,2024-01-18,2,2,1,299.0,128.0,0.0
207,835,4,2024-01-18,3,2,1,349.0,147.0,0.0
208,208,2,2024-01-18,2,2,1,269.1,128.0,29.9
209,172,5,2024-01-18,1,2,1,314.1,147.0,34.9
210,1951,4,2024-01-19,1,2,1,349.0,147.0,0.0
211,1699,4,2024-01-19,1,5,1,349.0,147.0,0.0
212,560,4,2024-01-19,2,2,1,349.0,147.0,0.0
213,1199,5,2024-01-19,3,1,1,349.0,147.0,0.0
214,184,3,2024-01-19,3,1,1,329.0,141.0,0.0
215,885,2,2024-01-19,7,5,1,269.1,128.0,29.9
216,1301,2,2024-01-19,1,5,1,299.0,128.0,0.0
217,700,2,2024-01-19,7,1,2,299.0,128.0,0.0
218,1889,1,2024-01-19,4,2,1,254.15,128.0,44.85
219,1834,5,2024-01-19,1,4,1,349.0,147.0,0.0
220,1334,1,2024-01-19,4,3,1,269.1,128.0,29.9
221,723,6,2024-01-19,2,4,1,499.0,210.0,0.0
222,1663,5,2024-01-19,7,2,1,349.0,147.0,0.0
223,454,5,2024-01-20,5,1,1,349.0,147.0,0.0
224,1672,4,2024-01-20,1,2,1,349.0,147.0,0.0
225,744,1,2024-01-20,4,1,1,299.0,128.0,0.0
226,1682,4,2024-01-20,3,1,1,349.0,147.0,0.0
227,397,5,2024-01-20,3,1,1,349.0,147.0,0.0
228,263,5,2024-01-20,6,4,1,296.65,147.0,52.35
229,1493,5,2024-01-20,9,3,1,349.0,147.0,0.0
230,1092,4,2024-01-20,1,2,1,314.1,147.0,34.9
231,1379,6,2024-01-20,3,5,1,424.15,210.0,74.85
232,562,1,2024-01-20,3,1,1,299.0,128.0,0.0
233,1478,2,2024-01-20,3,1,1,299.0,128.0,0.0
234,399,3,2024-01-20,9,1,1,296.1,141.0,32.9
235,1413,4,2024-01-20,1,1,1,349.0,147.0,0.0
236,1283,4,2024-01-20,1,3,1,349.0,147.0,0.0
237,507,1,2024-01-21,1,1,1,299.0,128.0,0.0
238,1627,2,2024-01-21,3,1,1,299.0,128.0,0.0
239,915,4,2024-01-21,1,1,1,349.0,147.0,0.0
240,1737,5,2024-01-21,5,1,1,349.0,147.0,0.0
241,1251,4,2024-01-21,3,1,1,349.0,147.0,0.0
242,782,4,2024-01-21,7,3,1,349.0,147.0,0.0
243,1278,1,2024-01-21,7,2,1,269.1,128.0,29.9
244,696,5,2024-01-21,3,2,1,349.0,147.0,0.0
245,222,1,2024-01-21,5,1,1,299.0,128.0,0.0
246,1174,1,2024-01-21,3,2,1,299.0,128.0,0.0
247,381,2,2024-01-21,2,2,1,299.0,128.0,0.0
248,1966,5,2024-01-21,3,1,1,349.0,147.0,0.0
249,962,3,2024-01-21,1,2,1,329.0,141.0,0.0
250,1390,1,2024-01-21,3,1,1,269.1,128.0,29.9
251,705,2,2024-01-21,5,1,1,254.15,128.0,44.85
252,1368,4,2024-01-21,5,4,1,349.0,147.0,0.0
253,1160,6,2024-01-21,1,2,1,499.0,210.0,0.0
254,1617,6,2024-01-22,4,3,1,424.15,210.0,74.85
255,956,4,2024-01-22,8,1,1,349.0,147.0,0.0
256,1516,3,2024-01-22,1,1,1,296.1,141.0,32.9
257,733,1,2024-01-22,1,2,1,299.0,128.0,0.0
258,1568,3,2024-01-22,2,1,2,329.0,141.0,0.0
259,537,5,2024-01-22,1,1,1,349.0,147.0,0.0
260,1727,2,2024-01-22,1,3,1,269.1,128.0,29.9
261,1813,1,2024-01-22,1,4,2,299.0,128.0,0.0
262,1354,2,2024-01-22,4,2,1,269.1,128.0,29.9
263,1457,1,2024-01-22,5,1,1,254.15,128.0,44.85
264,1228,4,2024-01-23,5,2,1,296.65,147.0,52.35
265,1750,4,2024-01-23,1,3,1,349.0,147.0,0.0
266,1788,1,2024-01-23,3,3,1,299.0,128.0,0.0
267,1607,4,2024-01-23,3,3,1,349.0,147.0,0.0
268,1322,5,2024-01-23,1,3,1,349.0,147.0,0.0
269,1077,5,2024-01-23,1,2,1,349.0,147.0,0.0
270,1887,5,2024-01-23,7,2,1,349.0,147.0,0.0
271,481,3,2024-01-23,3,5,1,296.1,141.0,32.9
272,767,2,2024-01-23,2,2,1,269.1,128.0,29.9
273,472,4,2024-01-23,3,2,1,349.0,147.0,0.0
274,838,3,2024-01-24,1,2,1,329.0,141.0,0.0
275,544,4,2024-01-24,6,2,1,349.0,147.0,0.0
276,1319,1,2024-01-24,1,2,1,299.0,128.0,0.0
277,1119,2,2024-01-24,2,4,1,299.0,128.0,0.0
278,1400,5,2024-01-24,1,4,1,349.0,147.0,0.0
279,1467,5,2024-01-24,2,4,1,349.0,147.0,0.0
280,1604,6,2024-01-24,5,1,2,449.1,210.0,49.9
281,1340,4,2024-01-24,2,1,1,349.0,147.0,0.0
282,1535,2,2024-01-24,3,2,1,299.0,128.0,0.0
283,1668,4,2024-01-24,1,3,1,349.0,147.0,0.0
284,1430,4,2024-01-24,1,1,1,314.1,147.0,34.9
285,1790,1,2024-01-24,5,4,2,299.0,128.0,0.0
286,696,2,2024-01-24,5,3,1,269.1,128.0,29.9
287,614,3,2024-01-24,7,1,1,296.1,141.0,32.9
288,1290,5,2024-01-25,2,2,1,349.0,147.0,0.0
289,1943,3,2024-01-25,1,2,1,329.0,141.0,0.0
290,925,4,2024-01-25,4,1,1,349.0,147.0,0.0
291,1693,5,2024-01-25,1,5,1,349.0,147.0,0.0
292,582,2,2024-01-25,3,2,1,299.0,128.0,0.0
293,23,2,2024-01-25,1,1,1,299.0,128.0,0.0
294,1099,4,2024-01-25,7,1,1,349.0,147.0,0.0
295,1783,2,2024-01-25,3,2,1,299.0,128.0,0.0
296,1924,3,2024-01-25,3,1,1,329.0,141.0,0.0
297,293,4,2024-01-25,1,1,1,349.0,147.0,0.0
298,1166,5,2024-01-25,5,1,1,349.0,147.0,0.0
299,1805,6,2024-01-25,5,2,1,449.1,210.0,49.9
300,1687,5,2024-01-25,7,3,1,349.0,147.0,0.0
301,938,3,2024-01-25,1,3,1,329.0,141.0,0.0
302,90,2,2024-01-25,4,1,1,299.0,128.0,0.0
303,1877,1,2024-01-26,7,2,1,254.15,128.0,44.85
304,1561,4,2024-01-26,1,3,2,349.0,147.0,0.0
305,668,4,2024-01-26,1,1,1,349.0,147.0,0.0
306,1309,5,2024-01-26,5,4,1,349.0,147.0,0.0
307,813,1,2024-01-26,1,3,1,299.0,128.0,0.0
308,951,4,2024-01-26,1,5,1,349.0,147.0,0.0
309,288,4,2024-01-26,6,2,1,349.0,147.0,0.0
310,363,2,2024-01-26,1,3,1,299.0,128.0,0.0
311,1388,2,2024-01-26,5,4,1,299.0,128.0,0.0
312,1091,2,2024-01-26,5,2,1,269.1,128.0,29.9
313,1468,5,2024-01-26,3,2,1,349.0,147.0,0.0
314,414,6,2024-01-27,1,2,1,499.0,210.0,0.0
315,30,3,2024-01-27,1,4,1,329.0,141.0,0.0
316,1633,5,2024-01-27,1,2,1,349.0,147.0,0.0
317,1671,3,2024-01-27,1,2,1,329.0,141.0,0.0
318,1923,4,2024-01-27,2,1,1,349.0,147.0,0.0
319,1340,3,2024-01-27,1,4,1,329.0,141.0,0.0
320,1332,4,2024-01-27,3,3,1,314.1,147.0,34.9
321,1024,6,2024-01-27,9,4,1,499.0,210.0,0.0
322,352,2,2024-01-27,4,2,1,299.0,128.0,0.0
323,1894,6,2024-01-27,4,4,1,499.0,210.0,0.0
324,652,6,2024-01-27,1,5,1,499.0,210.0,0.0
325,920,3,2024-01-27,3,5,1,329.0,141.0,0.0
326,477,1,2024-01-27,1,2,1,299.0,128.0,0.0
327,499,4,2024-01-27,2,1,1,349.0,147.0,0.0
328,419,4,2024-01-27,9,2,1,349.0,147.0,0.0
329,1797,3,2024-01-28,5,2,1,329.0,141.0,0.0
330,850,4,2024-01-28,6,1,1,349.0,147.0,0.0
331,497,2,2024-01-28,9,4,1,254.15,128.0,44.85
332,1426,5,2024-01-28,2,2,1,349.0,147.0,0.0
333,13,1,2024-01-28,1,5,1,254.15,128.0,44.85
334,1922,2,2024-01-28,6,5,1,299.0,128.0,0.0
335,484,4,2024-01-28,1,1,1,349.0,147.0,0.0
336,869,2,2024-01-28,3,2,1,299.0,128.0,0.0
337,557,5,2024-01-28,2,2,1,296.65,147.0,52.35
338,965,4,2024-01-28,5,4,1,349.0,147.0,0.0
339,1626,4,2024-01-28,1,5,1,349.0,147.0,0.0
340,615,4,2024-01-28,1,2,1,349.0,147.0,0.0
341,929,2,2024-01-28,2,3,1,299.0,128.0,0.0
342,9,1,2024-01-29,3,5,1,299.0,128.0,0.0
343,1926,3,2024-01-29,2,5,1,329.0,141.0,0.0
344,146,4,2024-01-29,2,2,1,296.65,147.0,52.35
345,398,5,2024-01-29,5,1,2,314.1,147.0,34.9
346,1453,4,2024-01-29,4,5,1,349.0,147.0,0.0
347,1507,2,2024-01-29,2,3,1,254.15,128.0,44.85
348,58,5,2024-01-29,3,3,1,349.0,147.0,0.0
349,521,2,2024-01-29,1,1,1,299.0,128.0,0.0
350,190,4,2024-01-29,3,5,1,349.0,147.0,0.0
351,1062,6,2024-01-29,3,3,1,499.0,210.0,0.0
352,1026,6,2024-01-29,2,2,1,499.0,210.0,0.0
353,1795,6,2024-01-29,3,3,1,499.0,210.0,0.0
354,1668,1,2024-01-29,2,1,1,254.15,128.0,44.85
355,345,5,2024-01-29,5,2,1,349.0,147.0,0.0
356,1341,2,2024-01-30,1,1,1,299.0,128.0,0.0
357,997,2,2024-01-30,5,1,2,299.0,128.0,0.0
358,121,5,2024-01-30,9,4,1,349.0,147.0,0.0
359,903,4,2024-01-30,1,1,1,314.1,147.0,34.9
360,774,1,2024-01-30,1,2,1,299.0,128.0,0.0
361,1558,1,2024-01-30,1,2,1,269.1,128.0,29.9
362,86,1,2024-01-30,4,5,1,299.0,128.0,0.0
363,1560,2,2024-01-30,4,1,1,269.1,128.0,29.9
364,1397,5,2024-01-30,8,3,2,314.1,147.0,34.9
365,776,4,2024-01-30,5,1,2,314.1,147.0,34.9
366,1783,5,2024-01-30,1,2,1,314.1,147.0,34.9
367,1780,4,2024-01-30,1,2,2,314.1,147.0,34.9
368,1406,5,2024-01-30,1,5,1,349.0,147.0,0.0
369,1962,6,2024-01-30,7,5,1,499.0,210.0,0.0
370,1507,3,2024-01-30,2,2,1,329.0,141.0,0.0
371,167,3,2024-01-30,3,3,2,279.65,141.0,49.35
372,1433,6,2024-01-30,1,1,1,499.0,210.0,0.0
373,1066,5,2024-01-30,1,2,1,349.0,147.0,0.0
374,1124,6,2024-01-31,8,2,1,449.1,210.0,49.9
375,1108,2,2024-01-31,4,1,1,269.1,128.0,29.9
376,891,6,2024-01-31,2,2,1,424.15,210.0,74.85
377,575,2,2024-01-31,7,1,1,299.0,128.0,0.0
378,279,6,2024-01-31,5,1,1,499.0,210.0,0.0
379,459,6,2024-01-31,4,2,1,499.0,210.0,0.0
380,1470,5,2024-01-31,5,5,1,349.0,147.0,0.0
381,895,5,2024-01-31,1,1,1,349.0,147.0,0.0
382,1517,4,2024-01-31,3,1,1,296.65,147.0,52.35
383,642,6,2024-01-31,1,2,1,499.0,210.0,0.0
384,1735,3,2024-01-31,5,5,1,296.1,141.0,32.9
385,259,4,2024-01-31,2,2,1,349.0,147.0,0.0
386,944,3,2024-01-31,1,3,1,329.0,141.0,0.0
387,302,4,2024-01-31,5,3,1,349.0,147.0,0.0
388,1227,3,2024-01-31,2,4,1,329.0,141.0,0.0
389,1176,4,2024-01-31,5,2,1,349.0,147.0,0.0
390,1660,3,2024-01-31,5,4,1,329.0,141.0,0.0
391,1435,5,2024-02-01,6,3,2,314.1,147.0,34.9
392,613,6,2024-02-01,9,2,1,449.1,210.0,49.9
393,692,4,2024-02-01,2,1,1,349.0,147.0,0.0
394,1489,2,2024-02-01,6,2,1,299.0,128.0,0.0
395,269,3,2024-02-01,1,5,1,296.1,141.0,32.9
396,623,4,2024-02-01,5,1,1,349.0,147.0,0.0
397,297,2,2024-02-01,4,2,1,299.0,128.0,0.0
398,1754,4,2024-02-01,1,5,1,296.65,147.0,52.35
399,875,5,2024-02-01,2,2,1,349.0,147.0,0.0
400,1936,1,2024-02-01,4,5,2,299.0,128.0,0.0
401,1285,5,2024-02-01,2,1,1,349.0,147.0,0.0
402,1221,6,2024-02-01,5,3,1,499.0,210.0,0.0
403,1349,1,2024-02-01,2,2,1,269.1,128.0,29.9
404,912,3,2024-02-01,3,3,1,329.0,141.0,0.0
405,1044,2,2024-02-01,3,3,1,254.15,128.0,44.85
406,194,5,2024-02-01,4,2,1,349.0,147.0,0.0
407,131,5,2024-02-02,2,3,1,349.0,147.0,0.0
408,807,4,2024-02-02,3,2,1,314.1,147.0,34.9
409,1198,4,2024-02-02,5,1,1,349.0,147.0,0.0
410,1349,5,2024-02-02,1,2,1,349.0,147.0,0.0
411,1640,3,2024-02-02,4,1,1,329.0,141.0,0.0
412,526,5,2024-02-02,3,2,1,296.65,147.0,52.35
413,1115,2,2024-02-02,1,1,2,299.0,128.0,0.0
414,1937,4,2024-02-02,3,2,1,349.0,147.0,0.0
415,1424,3,2024-02-02,4,2,1,279.65,141.0,49.35
416,1409,1,2024-02-02,1,1,1,299.0,128.0,0.0
417,1706,2,2024-02-02,4,1,1,299.0,128.0,0.0
418,1494,4,2024-02-03,2,5,1,349.0,147.0,0.0
419,820,4,2024-02-03,8,1,2,349.0,147.0,0.0
420,418,1,2024-02-03,5,1,1,254.15,128.0,44.85
421,763,4,2024-02-03,1,4,1,349.0,147.0,0.0
422,648,6,2024-02-03,4,1,1,499.0,210.0,0.0
423,256,4,2024-02-03,2,1,1,349.0,147.0,0.0
424,1863,3,2024-02-03,1,1,1,296.1,141.0,32.9
425,773,6,2024-02-03,5,1,1,424.15,210.0,74.85
426,1079,5,2024-02-03,3,2,1,314.1,147.0,34.9
427,1435,4,2024-02-03,1,1,1,349.0,147.0,0.0
428,652,6,2024-02-03,5,5,1,499.0,210.0,0.0
429,1089,4,2024-02-03,4,1,1,349.0,147.0,0.0
430,1347,1,2024-02-04,1,3,1,299.0,128.0,0.0
431,1996,3,2024-02-04,3,2,1,329.0,141.0,0.0
432,899,6,2024-02-04,2,2,1,499.0,210.0,0.0
433,1929,5,2024-02-04,4,1,2,349.0,147.0,0.0
434,626,4,2024-02-04,1,3,1,349.0,147.0,0.0
435,1936,1,2024-02-04,2,5,1,299.0,128.0,0.0
436,1656,5,2024-02-04,3,3,2,349.0,147.0,0.0
437,983,4,2024-02-04,3,1,1,349.0,147.0,0.0
438,29,4,2024-02-04,5,3,1,349.0,147.0,0.0
439,1536,3,2024-02-04,7,5,2,329.0,141.0,0.0
440,1936,4,2024-02-04,8,3,1,349.0,147.0,0.0
441,1807,5,2024-02-05,2,1,1,349.0,147.0,0.0
442,724,6,2024-02-05,2,1,1,499.0,210.0,0.0
443,1872,5,2024-02-05,6,1,1,314.1,147.0,34.9
444,990,2,2024-02-05,3,1,1,299.0,128.0,0.0
445,625,6,2024-02-05,7,5,2,499.0,210.0,0.0
446,1828,4,2024-02-05,4,1,1,349.0,147.0,0.0
447,725,1,2024-02-05,2,1,1,299.0,128.0,0.0
448,883,4,2024-02-05,1,1,1,349.0,147.0,0.0
449,1345,2,2024-02-06,2,4,1,299.0,128.0,0.0
450,1099,5,2024-02-06,6,1,1,349.0,147.0,0.0
451,725,5,2024-02-06,5,1,1,314.1,147.0,34.9
452,584,1,2024-02-06,7,1,1,299.0,128.0,0.0
453,408,6,2024-02-06,1,2,2,424.15,210.0,74.85
454,1015,5,2024-02-06,5,4,1,349.0,147.0,0.0
455,1028,5,2024-02-06,1,5,1,314.1,147.0,34.9
456,1624,1,2024-02-06,5,1,1,299.0,128.0,0.0
457,1390,5,2024-02-06,1,2,1,349.0,147.0,0.0
458,578,4,2024-02-06,1,2,1,349.0,147.0,0.0
459,511,2,2024-02-06,5,3,1,299.0,128.0,0.0
460,879,2,2024-02-07,5,2,1,269.1,128.0,29.9
461,372,2,2024-02-07,1,1,1,299.0,128.0,0.0
462,822,1,2024-02-07,3,2,2,254.15,128.0,44.85
463,187,5,2024-02-07,5,5,1,349.0,147.0,0.0
464,455,3,2024-02-07,4,1,1,329.0,141.0,0.0
465,552,3,2024-02-07,1,4,2,329.0,141.0,0.0
466,373,1,2024-02-07,1,2,1,299.0,128.0,0.0
467,1861,4,2024-02-07,3,1,1,349.0,147.0,0.0
468,229,1,2024-02-07,6,1,1,299.0,128.0,0.0
469,1519,5,2024-02-07,4,1,1,349.0,147.0,0.0
470,566,2,2024-02-07,1,3,1,269.1,128.0,29.9
471,247,1,2024-02-07,5,1,2,269.1,128.0,29.9
472,913,6,2024-02-07,2,3,1,499.0,210.0,0.0
473,1477,2,2024-02-08,5,4,1,299.0,128.0,0.0
474,1556,5,2024-02-08,7,2,1,296.65,147.0,52.35
475,1470,1,2024-02-08,3,5,1,299.0,128.0,0.0
476,1620,1,2024-02-08,1,1,1,299.0,128.0,0.0
477,1160,1,2024-02-08,5,2,2,299.0,128.0,0.0
478,1091,5,2024-02-08,5,2,2,349.0,147.0,0.0
479,1597,3,2024-02-08,1,2,1,329.0,141.0,0.0
480,1213,5,2024-02-08,3,3,1,314.1,147.0,34.9
481,1076,2,2024-02-08,1,1,1,299.0,128.0,0.0
482,459,1,2024-02-08,1,4,1,299.0,128.0,0.0
483,1900,1,2024-02-08,8,5,1,299.0,128.0,0.0
484,431,4,2024-02-08,4,2,1,349.0,147.0,0.0
485,171,6,2024-02-08,1,4,1,499.0,210.0,0.0
486,604,3,2024-02-08,6,1,1,296.1,141.0,32.9
487,1977,2,2024-02-08,4,4,1,299.0,128.0,0.0
488,1924,5,2024-02-09,2,3,1,349.0,147.0,0.0
489,1782,4,2024-02-09,3,1,1,349.0,147.0,0.0
490,418,4,2024-02-09,1,1,1,314.1,147.0,34.9
491,1488,4,2024-02-09,3,2,1,349.0,147.0,0.0
492,1671,5,2024-02-09,5,2,1,349.0,147.0,0.0
493,44,3,2024-02-09,5,1,1,296.1,141.0,32.9
494,294,1,2024-02-09,8,1,1,254.15,128.0,44.85
495,1079,1,2024-02-09,1,2,1,299.0,128.0,0.0
496,226,5,2024-02-09,1,1,1,349.0,147.0,0.0
497,172,2,2024-02-09,5,1,2,299.0,128.0,0.0
498,1622,1,2024-02-09,5,1,1,299.0,128.0,0.0
499,984,5,2024-02-09,2,2,1,314.1,147.0,34.9
500,500,1,2024-02-09,1,4,1,299.0,128.0,0.0
501,1048,5,2024-02-10,1,1,1,349.0,147.0,0.0
502,790,1,2024-02-10,7,2,1,299.0,128.0,0.0
503,1811,5,2024-02-10,9,1,1,349.0,147.0,0.0
504,1959,6,2024-02-10,1,5,1,499.0,210.0,0.0
505,1884,1,2024-02-10,3,1,1,299.0,128.0,0.0
506,372,5,2024-02-10,2,4,1,349.0,147.0,0.0
507,714,5,2024-02-10,2,1,1,349.0,147.0,0.0
508,1858,5,2024-02-10,7,1,1,349.0,147.0,0.0
509,1344,1,2024-02-10,5,5,1,299.0,128.0,0.0
510,1669,1,2024-02-10,2,1,1,254.15,128.0,44.85
511,262,2,2024-02-10,3,3,1,299.0,128.0,0.0
512,848,4,2024-02-10,8,5,1,349.0,147.0,0.0
513,785,4,2024-02-10,3,4,1,349.0,147.0,0.0
514,788,1,2024-02-10,5,4,1,299.0,128.0,0.0
515,450,5,2024-02-10,9,1,1,349.0,147.0,0.0
516,1144,4,2024-02-11,7,2,1,349.0,147.0,0.0
517,1740,5,2024-02-11,1,4,1,349.0,147.0,0.0
518,1991,6,2024-02-11,1,3,1,499.0,210.0,0.0
519,241,6,2024-02-11,1,5,1,499.0,210.0,0.0
520,762,1,2024-02-11,3,2,1,299.0,128.0,0.0
521,324,1,2024-02-11,1,2,1,299.0,128.0,0.0
522,1667,4,2024-02-11,1,2,1,349.0,147.0,0.0
523,1944,2,2024-02-11,5,3,1,299.0,128.0,0.0
524,588,1,2024-02-11,4,1,1,299.0,128.0,0.0
525,329,1,2024-02-11,7,2,1,299.0,128.0,0.0
526,1699,2,2024-02-11,1,5,1,299.0,128.0,0.0
527,557,6,2024-02-11,1,1,1,424.15,210.0,74.85
528,1268,1,2024-02-11,8,2,1,269.1,128.0,29.9
529,159,5,2024-02-11,4,4,1,349.0,147.0,0.0
530,1325,4,2024-02-12,2,3,1,349.0,147.0,0.0
531,688,1,2024-02-12,1,2,1,299.0,128.0,0.0
532,1550,6,2024-02-12,7,1,1,499.0,210.0,0.0
533,175,6,2024-02-12,5,1,1,499.0,210.0,0.0
534,645,1,2024-02-12,5,5,1,254.15,128.0,44.85
535,1025,2,2024-02-12,8,3,1,299.0,128.0,0.0
536,200,3,2024-02-12,3,3,1,329.0,141.0,0.0
537,49,4,2024-02-12,6,1,1,349.0,147.0,0.0
538,311,5,2024-02-12,8,1,1,349.0,147.0,0.0
539,442,5,2024-02-12,1,5,1,314.1,147.0,34.9
540,1058,6,2024-02-12,5,2,1,499.0,210.0,0.0
541,269,3,2024-02-12,3,4,1,296.1,141.0,32.9
542,1586,5,2024-02-12,4,5,1,296.65,147.0,52.35
543,1162,4,2024-02-12,1,4,1,314.1,147.0,34.9
544,1121,5,2024-02-12,3,2,1,314.1,147.0,34.9
545,348,6,2024-02-13,2,1,1,499.0,210.0,0.0
546,367,5,2024-02-13,8,3,1,296.65,147.0,52.35
547,906,5,2024-02-13,3,1,1,349.0,147.0,0.0
548,1760,2,2024-02-13,4,2,1,299.0,128.0,0.0
549,1050,5,2024-02-13,5,2,2,349.0,147.0,0.0
550,539,5,2024-02-13,8,1,2,349.0,147.0,0.0
551,1620,2,2024-02-13,6,1,1,299.0,128.0,0.0
552,325,4,2024-02-13,7,3,1,349.0,147.0,0.0
553,715,4,2024-02-13,3,1,1,296.65,147.0,52.35
554,1499,1,2024-02-13,3,2,2,299.0,128.0,0.0
555,133,3,2024-02-13,5,2,2,329.0,141.0,0.0
556,571,4,2024-02-13,1,1,1,296.65,147.0,52.35
557,1164,1,2024-02-13,8,2,1,299.0,128.0,0.0
558,881,6,2024-02-13,1,3,1,499.0,210.0,0.0
559,867,2,2024-02-13,1,2,1,299.0,128.0,0.0
560,611,5,2024-02-13,1,4,1,349.0,147.0,0.0
561,377,5,2024-02-13,2,3,1,296.65,147.0,52.35
562,859,4,2024-02-14,8,2,1,314.1,147.0,34.9
563,1870,5,2024-02-14,5,2,1,349.0,147.0,0.0
564,160,5,2024-02-14,4,4,1,349.0,147.0,0.0
565,1504,5,2024-02-14,1,2,1,349.0,147.0,0.0
566,303,4,2024-02-14,4,1,1,314.1,147.0,34.9
567,1480,1,2024-02-14,1,2,1,269.1,128.0,29.9
568,1986,4,2024-02-14,1,3,1,349.0,147.0,0.0
569,1586,2,2024-02-14,8,5,1,299.0,128.0,0.0
570,1182,6,2024-02-14,2,1,1,499.0,210.0,0.0
571,1678,5,2024-02-14,3,2,1,349.0,147.0,0.0
572,722,5,2024-02-14,2,5,1,296.65,147.0,52.35
573,940,4,2024-02-14,3,2,1,349.0,147.0,0.0
574,1731,5,2024-02-14,5,5,1,349.0,147.0,0.0
575,1856,5,2024-02-14,1,2,2,314.1,147.0,34.9
576,1263,6,2024-02-15,4,2,1,499.0,210.0,0.0
577,1298,4,2024-02-15,2,2,1,349.0,147.0,0.0
578,457,5,2024-02-15,6,5,1,349.0,147.0,0.0
579,719,6,2024-02-15,6,3,1,499.0,210.0,0.0
580,1518,3,2024-02-15,3,1,2,296.1,141.0,32.9
581,1349,2,2024-02-15,3,1,1,269.1,128.0,29.9
582,1844,6,2024-02-15,5,4,1,499.0,210.0,0.0
583,1063,5,2024-02-15,8,5,1,349.0,147.0,0.0
584,496,4,2024-02-15,2,1,1,349.0,147.0,0.0
585,1909,4,2024-02-15,8,1,1,349.0,147.0,0.0
586,1852,3,2024-02-15,5,1,1,329.0,141.0,0.0
587,243,4,2024-02-15,4,1,1,314.1,147.0,34.9
588,1133,2,2024-02-15,1,1,1,299.0,128.0,0.0
589,1578,4,2024-02-15,7,1,1,349.0,147.0,0.0
590,784,1,2024-02-15,4,3,1,254.15,128.0,44.85
591,455,2,2024-02-16,5,3,1,299.0,128.0,0.0
592,1578,2,2024-02-16,1,1,1,299.0,128.0,0.0
593,1187,5,2024-02-16,1,1,1,296.65,147.0,52.35
594,537,5,2024-02-16,2,4,1,349.0,147.0,0.0
595,801,1,2024-02-16,3,2,1,299.0,128.0,0.0
596,431,5,2024-02-16,7,4,1,349.0,147.0,0.0
597,369,2,2024-02-16,4,4,1,299.0,128.0,0.0
598,241,6,2024-02-16,4,2,2,499.0,210.0,0.0
599,325,4,2024-02-16,4,2,1,349.0,147.0,0.0
600,1061,4,2024-02-16,1,1,1,314.1,147.0,34.9
601,671,1,2024-02-16,1,1,1,299.0,128.0,0.0
602,409,6,2024-02-16,2,3,1,499.0,210.0,0.0
603,1016,4,2024-02-16,1,1,2,296.65,147.0,52.35
604,1733,5,2024-02-16,3,3,1,349.0,147.0,0.0
605,639,2,2024-02-17,3,2,1,299.0,128.0,0.0
606,1222,5,2024-02-17,4,2,1,349.0,147.0,0.0
607,1162,3,2024-02-17,3,4,1,296.1,141.0,32.9
608,1963,4,2024-02-17,6,2,1,349.0,147.0,0.0
609,1977,4,2024-02-17,5,2,1,349.0,147.0,0.0
610,381,3,2024-02-17,2,3,1,329.0,141.0,0.0
611,251,1,2024-02-17,1,2,1,299.0,128.0,0.0
612,659,5,2024-02-17,4,2,1,349.0,147.0,0.0
613,211,4,2024-02-17,5,3,1,296.65,147.0,52.35
614,1176,5,2024-02-17,2,1,1,314.1,147.0,34.9
615,404,1,2024-02-17,2,1,1,299.0,128.0,0.0
616,928,2,2024-02-17,3,1,1,299.0,128.0,0.0
617,1319,5,2024-02-17,3,1,1,349.0,147.0,0.0
618,1981,4,2024-02-17,1,2,1,296.65,147.0,52.35
619,143,4,2024-02-17,2,1,1,349.0,147.0,0.0
620,709,4,2024-02-17,4,2,1,349.0,147.0,0.0
621,1427,6,2024-02-17,7,4,1,499.0,210.0,0.0
622,459,1,2024-02-18,2,3,1,299.0,128.0,0.0
623,893,2,2024-02-18,5,4,1,299.0,128.0,0.0
624,1101,6,2024-02-18,1,3,2,449.1,210.0,49.9
625,227,1,2024-02-18,5,3,1,299.0,128.0,0.0
626,778,2,2024-02-18,3,1,1,299.0,128.0,0.0
627,1766,1,2024-02-18,7,2,1,269.1,128.0,29.9
628,1369,1,2024-02-18,4,5,1,299.0,128.0,0.0
629,660,5,2024-02-18,5,3,1,349.0,147.0,0.0
630,723,4,2024-02-18,5,1,1,349.0,147.0,0.0
631,160,1,2024-02-18,4,2,1,299.0,128.0,0.0
632,789,2,2024-02-18,3,2,1,299.0,128.0,0.0
633,1759,3,2024-02-18,4,4,2,329.0,141.0,0.0
634,217,6,2024-02-18,8,4,1,499.0,210.0,0.0
635,1052,2,2024-02-18,3,3,1,299.0,128.0,0.0
636,1949,5,2024-02-19,7,3,1,349.0,147.0,0.0
637,493,1,2024-02-19,3,2,1,299.0,128.0,0.0
638,721,2,2024-02-19,3,1,2,299.0,128.0,0.0
639,1029,4,2024-02-19,2,1,1,349.0,147.0,0.0
640,784,5,2024-02-19,2,2,1,349.0,147.0,0.0
641,1085,4,2024-02-19,1,1,1,349.0,147.0,0.0
642,228,2,2024-02-19,1,1,1,299.0,128.0,0.0
643,207,2,2024-02-19,2,2,1,299.0,128.0,0.0
644,451,5,2024-02-19,1,3,1,349.0,147.0,0.0
645,712,4,2024-02-19,1,1,1,349.0,147.0,0.0
646,1860,5,2024-02-19,7,1,1,349.0,147.0,0.0
647,646,5,2024-02-19,3,5,1,349.0,147.0,0.0
648,43,2,2024-02-20,4,4,1,299.0,128.0,0.0
649,1217,3,2024-02-20,7,2,1,329.0,141.0,0.0
650,93,5,2024-02-20,6,2,1,296.65,147.0,52.35
651,343,5,2024-02-20,5,1,1,349.0,147.0,0.0
652,1005,5,2024-02-20,3,2,2,349.0,147.0,0.0
653,28,5,2024-02-20,3,3,1,349.0,147.0,0.0
654,1772,6,2024-02-20,5,3,1,499.0,210.0,0.0
655,43,1,2024-02-20,9,2,1,299.0,128.0,0.0
656,64,2,2024-02-20,2,3,1,254.15,128.0,44.85
657,397,6,2024-02-20,2,2,1,499.0,210.0,0.0
658,1116,5,2024-02-20,3,1,1,296.65,147.0,52.35
659,1391,3,2024-02-21,8,1,1,329.0,141.0,0.0
660,391,1,2024-02-21,4,2,1,299.0,128.0,0.0
661,932,4,2024-02-21,1,1,1,349.0,147.0,0.0
662,1899,5,2024-02-21,8,2,1,349.0,147.0,0.0
663,1361,2,2024-02-21,2,2,1,299.0,128.0,0.0
664,446,2,2024-02-21,2,2,1,299.0,128.0,0.0
665,1353,5,2024-02-21,7,3,1,349.0,147.0,0.0
666,1029,5,2024-02-21,1,1,1,349.0,147.0,0.0
667,1502,2,2024-02-21,1,2,1,299.0,128.0,0.0
668,727,2,2024-02-21,2,5,1,299.0,128.0,0.0
669,1223,3,2024-02-22,2,2,1,329.0,141.0,0.0
670,1400,5,2024-02-22,1,1,1,349.0,147.0,0.0
671,609,4,2024-02-22,2,4,1,349.0,147.0,0.0
672,895,1,2024-02-22,3,3,1,299.0,128.0,0.0
673,733,4,2024-02-22,3,1,1,349.0,147.0,0.0
674,1145,1,2024-02-22,1,5,1,299.0,128.0,0.0
675,1612,2,2024-02-22,3,2,1,299.0,128.0,0.0
676,601,1,2024-02-22,4,2,1,299.0,128.0,0.0
677,1563,5,2024-02-22,1,4,1,349.0,147.0,0.0
678,1331,1,2024-02-22,3,3,1,269.1,128.0,29.9
679,1771,1,2024-02-22,5,1,1,299.0,128.0,0.0
680,420,4,2024-02-22,1,4,1,296.65,147.0,52.35
681,1311,5,2024-02-22,9,1,1,349.0,147.0,0.0
682,994,4,2024-02-22,1,4,1,349.0,147.0,0.0
683,1065,1,2024-02-22,6,2,1,299.0,128.0,0.0
684,114,6,2024-02-22,1,1,1,499.0,210.0,0.0
685,1737,4,2024-02-22,6,2,1,349.0,147.0,0.0
686,886,1,2024-02-22,5,1,1,299.0,128.0,0.0
687,1048,5,2024-02-23,2,3,1,349.0,147.0,0.0
688,1965,4,2024-02-23,2,3,1,349.0,147.0,0.0
689,951,4,2024-02-23,3,2,1,349.0,147.0,0.0
690,23,4,2024-02-23,4,2,1,349.0,147.0,0.0
691,1860,6,2024-02-23,5,1,2,499.0,210.0,0.0
692,325,3,2024-02-23,2,3,1,329.0,141.0,0.0
693,800,4,2024-02-23,4,2,1,349.0,147.0,0.0
694,942,5,2024-02-23,5,1,1,349.0,147.0,0.0
695,807,1,2024-02-23,8,2,1,299.0,128.0,0.0
696,1039,5,2024-02-24,2,5,1,349.0,147.0,0.0
697,713,4,2024-02-24,1,3,1,349.0,147.0,0.0
698,475,1,2024-02-24,3,3,1,254.15,128.0,44.85
699,1581,5,2024-02-24,7,1,1,349.0,147.0,0.0
700,1828,3,2024-02-24,1,1,2,279.65,141.0,49.35
701,77,5,2024-02-24,4,4,1,314.1,147.0,34.9
702,1892,2,2024-02-24,1,2,1,299.0,128.0,0.0
703,1140,2,2024-02-24,2,1,1,299.0,128.0,0.0
704,332,4,2024-02-24,1,1,1,314.1,147.0,34.9
705,1966,5,2024-02-24,7,2,1,314.1,147.0,34.9
706,836,4,2024-02-24,5,5,1,349.0,147.0,0.0
707,1492,4,2024-02-24,3,2,1,314.1,147.0,34.9
708,722,3,2024-02-24,5,2,1,296.1,141.0,32.9
709,1281,3,2024-02-24,5,1,1,329.0,141.0,0.0
710,242,4,2024-02-24,1,4,1,349.0,147.0,0.0
711,594,6,2024-02-25,1,4,1,499.0,210.0,0.0
712,1983,2,2024-02-25,3,2,1,299.0,128.0,0.0
713,640,3,2024-02-25,1,2,1,329.0,141.0,0.0
714,1879,6,2024-02-25,3,1,1,499.0,210.0,0.0
715,1819,5,2024-02-25,5,5,1,349.0,147.0,0.0
716,1359,6,2024-02-25,5,2,1,499.0,210.0,0.0
717,1250,5,2024-02-25,8,5,1,349.0,147.0,0.0
718,1226,5,2024-02-25,3,1,2,314.1,147.0,34.9
719,1482,1,2024-02-25,4,2,1,299.0,128.0,0.0
720,622,5,2024-02-25,7,1,1,349.0,147.0,0.0
721,1602,5,2024-02-25,5,3,1,314.1,147.0,34.9
722,1132,4,2024-02-25,1,3,1,349.0,147.0,0.0
723,1126,1,2024-02-25,9,2,1,269.1,128.0,29.9
724,397,3,2024-02-25,1,1,1,329.0,141.0,0.0
725,846,5,2024-02-25,3,5,1,314.1,147.0,34.9
726,31,5,2024-02-25,1,2,1,349.0,147.0,0.0
727,579,1,2024-02-25,1,1,1,299.0,128.0,0.0
728,251,5,2024-02-26,1,3,1,296.65,147.0,52.35
729,1666,3,2024-02-26,5,5,1,329.0,141.0,0.0
730,1598,4,2024-02-26,7,1,1,349.0,147.0,0.0
731,1109,4,2024-02-26,5,2,1,296.65,147.0,52.35
732,573,1,2024-02-26,3,1,1,269.1,128.0,29.9
733,1133,2,2024-02-26,1,5,1,269.1,128.0,29.9
734,1431,4,2024-02-26,1,4,1,296.65,147.0,52.35
735,554,2,2024-02-26,1,1,1,269.1,128.0,29.9
736,1249,3,2024-02-26,3,1,1,329.0,141.0,0.0
737,777,2,2024-02-26,2,2,1,299.0,128.0,0.0
738,713,6,2024-02-27,2,4,1,449.1,210.0,49.9
739,538,5,2024-02-27,2,4,1,314.1,147.0,34.9
740,889,5,2024-02-27,5,4,1,296.65,147.0,52.35
741,1134,3,2024-02-27,6,5,1,329.0,141.0,0.0
742,950,4,2024-02-27,1,5,1,314.1,147.0,34.9
743,958,5,2024-02-27,1,3,2,349.0,147.0,0.0
744,1948,2,2024-02-27,2,2,2,269.1,128.0,29.9
745,80,4,2024-02-27,5,4,1,349.0,147.0,0.0
746,1246,1,2024-02-27,6,4,1,299.0,128.0,0.0
747,909,4,2024-02-27,8,2,1,349.0,147.0,0.0
748,1730,4,2024-02-27,1,4,1,349.0,147.0,0.0
749,903,2,2024-02-28,7,1,1,299.0,128.0,0.0
750,1291,2,2024-02-28,1,3,1,299.0,128.0,0.0
751,378,5,2024-02-28,1,3,1,349.0,147.0,0.0
752,125,6,2024-02-28,1,4,2,424.15,210.0,74.85
753,1740,3,2024-02-28,2,1,1,329.0,141.0,0.0
754,909,1,2024-02-28,3,4,1,299.0,128.0,0.0
755,1395,4,2024-02-29,1,1,1,314.1,147.0,34.9
756,1615,3,2024-02-29,2,5,2,296.1,141.0,32.9
757,603,4,2024-02-29,7,5,1,349.0,147.0,0.0
758,53,1,2024-02-29,5,3,1,299.0,128.0,0.0
759,1605,4,2024-02-29,6,1,1,349.0,147.0,0.0
760,1488,2,2024-02-29,8,5,1,299.0,128.0,0.0
761,460,4,2024-02-29,5,2,2,349.0,147.0,0.0
762,249,5,2024-02-29,3,2,1,349.0,147.0,0.0
763,904,3,2024-02-29,7,1,1,329.0,141.0,0.0
764,1637,5,2024-02-29,5,1,1,349.0,147.0,0.0
765,1803,4,2024-03-01,1,2,1,349.0,147.0,0.0
766,992,4,2024-03-01,3,4,1,349.0,147.0,0.0
767,257,6,2024-03-01,4,3,1,424.15,210.0,74.85
768,1241,2,2024-03-01,1,2,1,299.0,128.0,0.0
769,304,4,2024-03-01,7,4,1,314.1,147.0,34.9
770,32,2,2024-03-01,5,2,1,269.1,128.0,29.9
771,207,1,2024-03-01,5,5,1,299.0,128.0,0.0
772,272,4,2024-03-01,3,1,1,349.0,147.0,0.0
773,1428,4,2024-03-01,7,4,1,349.0,147.0,0.0
774,1212,4,2024-03-01,1,5,1,349.0,147.0,0.0
775,1946,4,2024-03-01,6,1,1,349.0,147.0,0.0
776,978,5,2024-03-01,3,4,1,349.0,147.0,0.0
777,1044,1,2024-03-01,2,2,1,299.0,128.0,0.0
778,777,3,2024-03-01,2,3,1,329.0,141.0,0.0
779,476,2,2024-03-02,7,2,1,299.0,128.0,0.0
780,1729,6,2024-03-02,5,5,1,499.0,210.0,0.0
781,86,5,2024-03-02,1,2,1,296.65,147.0,52.35
782,1178,5,2024-03-02,1,1,1,349.0,147.0,0.0
783,997,4,2024-03-02,7,5,1,349.0,147.0,0.0
784,1544,1,2024-03-02,1,2,1,299.0,128.0,0.0
785,1042,5,2024-03-02,8,2,1,296.65,147.0,52.35
786,1637,2,2024-03-02,2,1,1,269.1,128.0,29.9
787,1942,4,2024-03-02,6,1,1,349.0,147.0,0.0
788,225,5,2024-03-02,7,2,1,349.0,147.0,0.0
789,178,5,2024-03-02,1,2,2,349.0,147.0,0.0
790,162,5,2024-03-02,1,1,1,349.0,147.0,0.0
791,929,4,2024-03-02,5,1,1,314.1,147.0,34.9
792,1894,1,2024-03-02,3,1,1,299.0,128.0,0.0
793,1144,5,2024-03-02,4,1,1,349.0,147.0,0.0
794,281,4,2024-03-02,1,2,1,349.0,147.0,0.0
795,993,5,2024-03-02,1,4,1,349.0,147.0,0.0
796,1948,4,2024-03-02,3,2,1,349.0,147.0,0.0
797,80,4,2024-03-03,3,2,1,349.0,147.0,0.0
798,992,4,2024-03-03,6,4,2,314.1,147.0,34.9
799,1369,4,2024-03-03,2,2,1,349.0,147.0,0.0
800,198,2,2024-03-03,5,2,2,269.1,128.0,29.9
801,916,3,2024-03-03,3,1,1,329.0,141.0,0.0
802,233,3,2024-03-03,7,4,1,329.0,141.0,0.0
803,1770,4,2024-03-03,2,2,1,349.0,147.0,0.0
804,1823,5,2024-03-03,2,3,1,349.0,147.0,0.0
805,843,3,2024-03-03,7,1,1,329.0,141.0,0.0
806,1492,2,2024-03-03,3,1,1,299.0,128.0,0.0
807,1794,2,2024-03-04,8,2,1,299.0,128.0,0.0
808,676,1,2024-03-04,1,2,1,254.15,128.0,44.85
809,1599,5,2024-03-04,3,3,1,314.1,147.0,34.9
810,1063,2,2024-03-04,6,2,1,254.15,128.0,44.85
811,1471,2,2024-03-04,2,1,1,254.15,128.0,44.85
812,1502,2,2024-03-04,5,2,1,269.1,128.0,29.9
813,1028,3,2024-03-04,2,1,1,329.0,141.0,0.0
814,1582,5,2024-03-04,5,2,1,349.0,147.0,0.0
815,821,1,2024-03-04,1,1,1,299.0,128.0,0.0
816,1479,5,2024-03-04,5,2,1,349.0,147.0,0.0
817,1205,5,2024-03-05,2,1,1,349.0,147.0,0.0
818,1050,5,2024-03-05,1,5,1,349.0,147.0,0.0
819,1181,4,2024-03-05,8,2,1,349.0,147.0,0.0
820,990,2,2024-03-05,2,5,1,299.0,128.0,0.0
821,1491,3,2024-03-05,1,1,1,329.0,141.0,0.0
822,1998,1,2024-03-05,3,1,1,299.0,128.0,0.0
823,637,3,2024-03-05,1,1,1,279.65,141.0,49.35
824,1772,6,2024-03-05,2,4,1,499.0,210.0,0.0
825,1072,5,2024-03-05,5,1,1,349.0,147.0,0.0
826,638,5,2024-03-05,5,2,1,349.0,147.0,0.0
827,1785,1,2024-03-05,5,2,1,269.1,128.0,29.9
828,642,6,2024-03-05,3,2,1,499.0,210.0,0.0
829,1515,6,2024-03-05,5,2,1,499.0,210.0,0.0
830,1551,1,2024-03-05,1,4,1,299.0,128.0,0.0
831,233,1,2024-03-05,5,2,1,299.0,128.0,0.0
832,1534,5,2024-03-06,1,5,1,349.0,147.0,0.0
833,1475,6,2024-03-06,4,2,1,499.0,210.0,0.0
834,1332,2,2024-03-06,5,5,1,299.0,128.0,0.0
835,761,4,2024-03-06,7,5,1,349.0,147.0,0.0
836,1475,6,2024-03-06,5,2,2,499.0,210.0,0.0
837,651,4,2024-03-06,8,1,1,349.0,147.0,0.0
838,385,2,2024-03-06,1,2,1,299.0,128.0,0.0
839,1218,2,2024-03-06,1,2,1,299.0,128.0,0.0
840,1901,2,2024-03-06,3,3,1,254.15,128.0,44.85
841,753,4,2024-03-06,3,3,1,349.0,147.0,0.0
842,159,4,2024-03-06,1,2,1,349.0,147.0,0.0
843,260,5,2024-03-06,2,3,1,314.1,147.0,34.9
844,1213,4,2024-03-06,4,5,2,349.0,147.0,0.0
845,475,6,2024-03-07,1,1,1,449.1,210.0,49.9
846,1792,1,2024-03-07,1,4,1,254.15,128.0,44.85
847,872,5,2024-03-07,1,2,1,349.0,147.0,0.0
848,773,5,2024-03-07,6,1,1,349.0,147.0,0.0
849,161,5,2024-03-07,8,4,1,296.65,147.0,52.35
850,1457,1,2024-03-07,5,1,1,299.0,128.0,0.0
851,247,4,2024-03-07,1,2,1,349.0,147.0,0.0
852,955,5,2024-03-07,4,4,1,349.0,147.0,0.0
853,1886,6,2024-03-07,5,1,1,499.0,210.0,0.0
854,906,3,2024-03-07,2,5,1,329.0,141.0,0.0
855,1876,2,2024-03-07,1,1,2,299.0,128.0,0.0
856,981,3,2024-03-07,2,1,2,329.0,141.0,0.0
857,1172,5,2024-03-07,9,2,1,296.65,147.0,52.35
858,1005,2,2024-03-07,3,1,1,299.0,128.0,0.0
859,757,1,2024-03-08,5,4,1,299.0,128.0,0.0
860,270,1,2024-03-08,3,3,1,299.0,128.0,0.0
861,644,1,2024-03-08,1,2,1,254.15,128.0,44.85
862,35,3,2024-03-08,7,1,1,296.1,141.0,32.9
863,1202,5,2024-03-08,4,2,1,349.0,147.0,0.0
864,1368,5,2024-03-08,3,3,1,314.1,147.0,34.9
865,172,2,2024-03-08,5,2,1,299.0,128.0,0.0
866,1302,5,2024-03-08,2,2,1,349.0,147.0,0.0
867,700,4,2024-03-08,7,1,1,349.0,147.0,0.0
868,1881,1,2024-03-08,4,5,1,299.0,128.0,0.0
869,1571,2,2024-03-08,3,4,1,299.0,128.0,0.0
870,1932,2,2024-03-08,7,1,1,299.0,128.0,0.0
871,1548,5,2024-03-08,2,1,1,349.0,147.0,0.0
872,1158,3,2024-03-08,7,1,1,329.0,141.0,0.0
873,542,1,2024-03-09,5,2,1,299.0,128.0,0.0
874,1699,4,2024-03-09,6,2,1,349.0,147.0,0.0
875,1102,4,2024-03-09,4,3,2,349.0,147.0,0.0
876,592,2,2024-03-09,6,3,1,299.0,128.0,0.0
877,186,4,2024-03-09,1,5,1,349.0,147.0,0.0
878,1059,5,2024-03-09,3,2,1,349.0,147.0,0.0
879,774,5,2024-03-09,1,2,1,349.0,147.0,0.0
880,1846,1,2024-03-09,4,1,1,299.0,128.0,0.0
881,1871,3,2024-03-09,5,2,1,329.0,141.0,0.0
882,1263,4,2024-03-09,2,4,1,349.0,147.0,0.0
883,518,5,2024-03-09,2,1,1,349.0,147.0,0.0
884,1903,5,2024-03-09,3,2,1,296.65,147.0,52.35
885,1586,2,2024-03-10,1,1,1,299.0,128.0,0.0
886,616,5,2024-03-10,1,5,2,296.65,147.0,52.35
887,1540,1,2024-03-10,1,1,1,269.1,128.0,29.9
888,1624,5,2024-03-10,1,1,1,349.0,147.0,0.0
889,303,2,2024-03-10,1,4,1,299.0,128.0,0.0
890,895,1,2024-03-10,6,2,1,299.0,128.0,0.0
891,978,2,2024-03-10,2,1,1,299.0,128.0,0.0
892,968,5,2024-03-10,5,1,1,349.0,147.0,0.0
893,264,3,2024-03-10,2,1,2,329.0,141.0,0.0
894,1382,5,2024-03-10,1,2,1,349.0,147.0,0.0
895,1517,6,2024-03-10,1,1,1,449.1,210.0,49.9
896,742,3,2024-03-10,5,5,1,329.0,141.0,0.0
897,1323,2,2024-03-10,2,1,1,299.0,128.0,0.0
898,787,5,2024-03-10,2,4,1,349.0,147.0,0.0
899,72,2,2024-03-10,2,2,2,299.0,128.0,0.0
900,218,4,2024-03-10,1,4,1,349.0,147.0,0.0
901,1646,5,2024-03-10,3,3,1,349.0,147.0,0.0
902,24,4,2024-03-10,5,1,2,349.0,147.0,0.0
903,1237,5,2024-03-11,5,3,1,349.0,147.0,0.0
904,1729,4,2024-03-11,8,2,1,314.1,147.0,34.9
905,786,5,2024-03-11,8,3,1,349.0,147.0,0.0
906,529,2,2024-03-11,3,1,1,299.0,128.0,0.0
907,577,1,2024-03-11,1,2,1,299.0,128.0,0.0
908,757,2,2024-03-11,6,2,1,299.0,128.0,0.0
909,367,2,2024-03-11,2,1,1,299.0,128.0,0.0
910,229,3,2024-03-11,1,1,1,329.0,141.0,0.0
911,194,1,2024-03-11,7,1,1,299.0,128.0,0.0
912,939,5,2024-03-11,6,3,1,314.1,147.0,34.9
913,1073,4,2024-03-11,1,2,1,349.0,147.0,0.0
914,1483,4,2024-03-11,8,1,1,349.0,147.0,0.0
915,1900,4,2024-03-11,1,3,1,349.0,147.0,0.0
916,1478,5,2024-03-12,3,1,1,314.1,147.0,34.9
917,393,4,2024-03-12,3,3,2,349.0,147.0,0.0
918,1422,5,2024-03-12,5,2,1,349.0,147.0,0.0
919,1530,5,2024-03-12,1,2,1,349.0,147.0,0.0
920,372,5,2024-03-12,1,2,1,349.0,147.0,0.0
921,266,2,2024-03-12,4,1,1,269.1,128.0,29.9
922,461,1,2024-03-12,2,3,1,299.0,128.0,0.0
923,1694,4,2024-03-12,3,2,1,349.0,147.0,0.0
924,1143,1,2024-03-12,3,2,1,299.0,128.0,0.0
925,1521,4,2024-03-12,2,2,1,349.0,147.0,0.0
926,1354,5,2024-03-12,3,1,2,349.0,147.0,0.0
927,426,5,2024-03-12,5,2,1,349.0,147.0,0.0
928,958,1,2024-03-12,2,2,1,299.0,128.0,0.0
929,1567,1,2024-03-12,3,1,2,299.0,128.0,0.0
930,1887,4,2024-03-12,1,2,1,296.65,147.0,52.35
931,433,6,2024-03-12,1,3,1,499.0,210.0,0.0
932,1505,6,2024-03-12,1,5,1,499.0,210.0,0.0
933,572,3,2024-03-12,7,5,1,329.0,141.0,0.0
934,1097,4,2024-03-13,5,1,1,349.0,147.0,0.0
935,1894,4,2024-03-13,2,2,2,349.0,147.0,0.0
936,685,5,2024-03-13,1,2,1,349.0,147.0,0.0
937,857,6,2024-03-13,4,1,1,499.0,210.0,0.0
938,1270,4,2024-03-13,2,1,1,349.0,147.0,0.0
939,1249,2,2024-03-13,1,2,1,299.0,128.0,0.0
940,1522,4,2024-03-13,3,1,1,349.0,147.0,0.0
941,1871,2,2024-03-13,1,5,1,269.1,128.0,29.9
942,1887,2,2024-03-13,1,2,1,299.0,128.0,0.0
943,941,2,2024-03-13,5,5,1,254.15,128.0,44.85
944,1025,4,2024-03-13,7,5,1,314.1,147.0,34.9
945,502,4,2024-03-13,1,3,2,349.0,147.0,0.0
946,1776,4,2024-03-13,5,5,1,349.0,147.0,0.0
947,1810,5,2024-03-13,4,2,1,314.1,147.0,34.9
948,49,4,2024-03-14,5,4,1,349.0,147.0,0.0
949,1486,5,2024-03-14,3,2,1,349.0,147.0,0.0
950,878,5,2024-03-14,5,2,1,314.1,147.0,34.9
951,1622,1,2024-03-14,2,5,1,299.0,128.0,0.0
952,1630,4,2024-03-14,5,2,1,349.0,147.0,0.0
953,1453,4,2024-03-14,2,2,1,349.0,147.0,0.0
954,1613,4,2024-03-14,1,1,1,349.0,147.0,0.0
955,1069,2,2024-03-14,2,1,1,299.0,128.0,0.0
956,1935,5,2024-03-14,5,3,1,349.0,147.0,0.0
957,317,5,2024-03-14,2,2,1,349.0,147.0,0.0
958,1305,2,2024-03-14,1,1,1,299.0,128.0,0.0
959,1783,6,2024-03-15,1,1,1,499.0,210.0,0.0
960,320,4,2024-03-15,2,5,1,349.0,147.0,0.0
961,1328,2,2024-03-15,7,1,1,299.0,128.0,0.0
962,1940,1,2024-03-15,1,2,1,299.0,128.0,0.0
963,1493,5,2024-03-15,3,5,1,349.0,147.0,0.0
964,1857,1,2024-03-15,5,4,1,269.1,128.0,29.9
965,1519,2,2024-03-15,1,1,1,299.0,128.0,0.0
966,138,2,2024-03-15,3,1,2,269.1,128.0,29.9
967,1635,1,2024-03-15,1,3,1,299.0,128.0,0.0
968,1413,6,2024-03-15,5,1,1,499.0,210.0,0.0
969,1248,2,2024-03-15,5,5,1,299.0,128.0,0.0
970,1856,6,2024-03-16,1,2,1,499.0,210.0,0.0
971,1191,4,2024-03-16,1,3,1,314.1,147.0,34.9
972,150,2,2024-03-16,1,2,1,299.0,128.0,0.0
973,441,4,2024-03-16,3,5,1,349.0,147.0,0.0
974,1475,5,2024-03-16,5,2,1,349.0,147.0,0.0
975,935,6,2024-03-16,1,2,1,499.0,210.0,0.0
976,674,4,2024-03-16,2,4,1,296.65,147.0,52.35
977,510,3,2024-03-16,4,1,1,329.0,141.0,0.0
978,1550,6,2024-03-16,8,2,1,499.0,210.0,0.0
979,335,2,2024-03-16,1,4,1,299.0,128.0,0.0
980,702,4,2024-03-16,5,3,1,349.0,147.0,0.0
981,437,3,2024-03-16,3,3,1,296.1,141.0,32.9
982,1900,4,2024-03-16,1,3,1,349.0,147.0,0.0
983,1610,2,2024-03-16,2,2,1,299.0,128.0,0.0
984,971,5,2024-03-16,1,5,1,314.1,147.0,34.9
985,967,6,2024-03-16,2,3,1,499.0,210.0,0.0
986,631,4,2024-03-17,5,2,1,349.0,147.0,0.0
987,1984,4,2024-03-17,3,1,1,349.0,147.0,0.0
988,1677,5,2024-03-17,2,2,1,349.0,147.0,0.0
989,660,4,2024-03-17,5,3,1,349.0,147.0,0.0
990,1265,4,2024-03-17,1,1,1,349.0,147.0,0.0
991,983,6,2024-03-17,8,3,1,424.15,210.0,74.85
992,799,5,2024-03-17,2,2,1,349.0,147.0,0.0
993,769,1,2024-03-17,3,2,1,299.0,128.0,0.0
994,583,1,2024-03-17,2,3,1,299.0,128.0,0.0
995,848,5,2024-03-17,3,2,1,349.0,147.0,0.0
996,898,2,2024-03-17,1,2,1,269.1,128.0,29.9
997,597,5,2024-03-17,7,3,1,314.1,147.0,34.9
998,1514,3,2024-03-17,3,4,1,279.65,141.0,49.35
999,378,3,2024-03-17,1,5,1,329.0,141.0,0.0
1000,531,2,2024-03-17,1,2,1,299.0,128.0,0.0
1001,812,5,2024-03-18,1,5,1,314.1,147.0,34.9
1002,765,1,2024-03-18,3,3,1,299.0,128.0,0.0
1003,1619,4,2024-03-18,1,1,1,349.0,147.0,0.0
1004,189,6,2024-03-18,5,4,1,499.0,210.0,0.0
1005,180,4,2024-03-18,1,1,1,349.0,147.0,0.0
1006,1401,4,2024-03-18,7,3,1,349.0,147.0,0.0
1007,1333,3,2024-03-18,3,3,1,329.0,141.0,0.0
1008,1515,5,2024-03-18,3,1,1,349.0,147.0,0.0
1009,1697,3,2024-03-18,1,4,1,329.0,141.0,0.0
1010,1197,5,2024-03-18,4,3,1,349.0,147.0,0.0
1011,1177,6,2024-03-18,3,1,1,499.0,210.0,0.0
1012,207,1,2024-03-19,5,2,1,269.1,128.0,29.9
1013,1956,1,2024-03-19,4,1,1,254.15,128.0,44.85
1014,335,4,2024-03-19,1,2,1,296.65,147.0,52.35
1015,282,5,2024-03-19,8,1,2,349.0,147.0,0.0
1016,1777,5,2024-03-19,3,2,1,349.0,147.0,0.0
1017,422,5,2024-03-19,8,2,1,349.0,147.0,0.0
1018,1185,5,2024-03-19,1,2,1,314.1,147.0,34.9
1019,1239,3,2024-03-19,1,1,2,329.0,141.0,0.0
1020,1039,3,2024-03-19,3,1,1,329.0,141.0,0.0
1021,1646,4,2024-03-19,2,1,2,349.0,147.0,0.0
1022,134,4,2024-03-19,9,1,1,349.0,147.0,0.0
1023,1319,5,2024-03-19,8,3,1,349.0,147.0,0.0
1024,1838,3,2024-03-19,3,1,1,329.0,141.0,0.0
1025,319,1,2024-03-19,4,1,1,299.0,128.0,0.0
1026,1516,5,2024-03-19,1,1,1,349.0,147.0,0.0
1027,1918,4,2024-03-20,4,2,1,314.1,147.0,34.9
1028,1895,1,2024-03-20,2,2,1,299.0,128.0,0.0
1029,1862,5,2024-03-20,1,1,1,349.0,147.0,0.0
1030,964,1,2024-03-20,1,2,1,254.15,128.0,44.85
1031,1226,5,2024-03-20,2,1,1,349.0,147.0,0.0
1032,860,6,2024-03-20,9,4,1,499.0,210.0,0.0
1033,1100,4,2024-03-20,1,2,1,314.1,147.0,34.9
1034,1843,6,2024-03-20,2,2,1,499.0,210.0,0.0
1035,1468,1,2024-03-20,3,1,1,269.1,128.0,29.9
1036,1055,1,2024-03-20,1,1,2,299.0,128.0,0.0
1037,828,2,2024-03-20,1,3,1,299.0,128.0,0.0
1038,617,3,2024-03-20,3,2,2,329.0,141.0,0.0
1039,1810,2,2024-03-20,2,1,1,299.0,128.0,0.0
1040,1509,6,2024-03-20,2,1,1,424.15,210.0,74.85
1041,406,6,2024-03-20,6,1,1,499.0,210.0,0.0
1042,813,3,2024-03-20,2,2,1,329.0,141.0,0.0
1043,926,6,2024-03-21,3,3,1,499.0,210.0,0.0
1044,1343,5,2024-03-21,7,1,2,349.0,147.0,0.0
1045,1653,5,2024-03-21,1,4,1,349.0,147.0,0.0
1046,1564,4,2024-03-21,4,5,1,349.0,147.0,0.0
1047,259,1,2024-03-21,1,3,2,269.1,128.0,29.9
1048,259,5,2024-03-21,9,1,1,349.0,147.0,0.0
1049,1776,6,2024-03-21,7,2,1,449.1,210.0,49.9
1050,291,5,2024-03-21,5,2,1,349.0,147.0,0.0
1051,1231,5,2024-03-21,1,2,1,349.0,147.0,0.0
1052,1105,2,2024-03-21,2,1,2,299.0,128.0,0.0
1053,340,4,2024-03-21,7,3,1,349.0,147.0,0.0
1054,1108,6,2024-03-21,2,5,1,449.1,210.0,49.9
1055,1944,4,2024-03-21,3,2,1,349.0,147.0,0.0
1056,660,1,2024-03-21,1,2,2,299.0,128.0,0.0
1057,639,2,2024-03-21,1,3,1,299.0,128.0,0.0
1058,288,1,2024-03-22,5,5,1,269.1,128.0,29.9
1059,497,3,2024-03-22,4,1,1,329.0,141.0,0.0
1060,718,1,2024-03-22,7,1,2,299.0,128.0,0.0
1061,1515,4,2024-03-22,1,1,1,349.0,147.0,0.0
1062,671,1,2024-03-22,1,2,1,299.0,128.0,0.0
1063,965,2,2024-03-22,3,2,1,269.1,128.0,29.9
1064,315,1,2024-03-22,2,1,2,254.15,128.0,44.85
1065,84,3,2024-03-22,3,2,1,329.0,141.0,0.0
1066,1795,5,2024-03-22,2,2,1,349.0,147.0,0.0
1067,182,6,2024-03-22,2,4,1,499.0,210.0,0.0
1068,1973,4,2024-03-23,5,4,1,349.0,147.0,0.0
1069,1501,2,2024-03-23,3,4,1,299.0,128.0,0.0
1070,731,1,2024-03-23,1,2,1,269.1,128.0,29.9
1071,1211,4,2024-03-23,6,2,1,296.65,147.0,52.35
1072,1243,5,2024-03-23,7,2,1,349.0,147.0,0.0
1073,1233,1,2024-03-23,1,1,1,299.0,128.0,0.0
1074,1980,5,2024-03-23,7,2,1,349.0,147.0,0.0
1075,807,5,2024-03-23,3,2,1,349.0,147.0,0.0
1076,1769,4,2024-03-23,4,3,2,314.1,147.0,34.9
1077,1371,6,2024-03-23,4,1,1,499.0,210.0,0.0
1078,599,6,2024-03-23,6,1,1,499.0,210.0,0.0
1079,1677,5,2024-03-24,2,3,1,296.65,147.0,52.35
1080,665,4,2024-03-24,5,1,2,349.0,147.0,0.0
1081,1579,5,2024-03-24,5,3,1,349.0,147.0,0.0
1082,353,5,2024-03-24,4,3,1,349.0,147.0,0.0
1083,1713,6,2024-03-24,7,1,1,499.0,210.0,0.0
1084,832,3,2024-03-24,2,1,1,329.0,141.0,0.0
1085,1449,4,2024-03-24,2,1,1,349.0,147.0,0.0
1086,346,3,2024-03-24,7,3,1,329.0,141.0,0.0
1087,1148,2,2024-03-24,4,1,1,299.0,128.0,0.0
1088,1874,5,2024-03-25,5,2,1,349.0,147.0,0.0
1089,813,1,2024-03-25,5,4,1,269.1,128.0,29.9
1090,1636,2,2024-03-25,9,2,1,299.0,128.0,0.0
1091,84,2,2024-03-25,1,1,1,254.15,128.0,44.85
1092,1424,6,2024-03-25,4,1,1,499.0,210.0,0.0
1093,26,2,2024-03-25,3,2,2,269.1,128.0,29.9
1094,1140,4,2024-03-25,6,2,1,349.0,147.0,0.0
1095,1285,4,2024-03-25,1,3,1,349.0,147.0,0.0
1096,746,5,2024-03-25,7,5,1,349.0,147.0,0.0
1097,656,4,2024-03-25,2,4,1,349.0,147.0,0.0
1098,1439,2,2024-03-25,8,3,1,299.0,128.0,0.0
1099,1040,5,2024-03-25,6,1,1,349.0,147.0,0.0
1100,714,5,2024-03-25,9,2,1,349.0,147.0,0.0
1101,1177,5,2024-03-25,4,1,1,349.0,147.0,0.0
1102,351,1,2024-03-25,7,2,1,299.0,128.0,0.0
1103,1447,1,2024-03-25,5,2,1,299.0,128.0,0.0
1104,1941,5,2024-03-25,3,3,1,349.0,147.0,0.0
1105,274,6,2024-03-26,3,3,1,499.0,210.0,0.0
1106,677,2,2024-03-26,2,3,1,299.0,128.0,0.0
1107,1396,4,2024-03-26,1,3,1,296.65,147.0,52.35
1108,1204,1,2024-03-26,3,3,2,299.0,128.0,0.0
1109,1501,2,2024-03-26,9,4,2,269.1,128.0,29.9
1110,61,4,2024-03-26,1,5,1,349.0,147.0,0.0
1111,1176,5,2024-03-26,2,2,1,314.1,147.0,34.9
1112,1736,3,2024-03-26,5,4,1,329.0,141.0,0.0
1113,1024,1,2024-03-26,2,2,1,299.0,128.0,0.0
1114,168,3,2024-03-26,1,2,1,329.0,141.0,0.0
1115,1141,1,2024-03-26,8,2,1,299.0,128.0,0.0
1116,10,3,2024-03-26,3,2,1,296.1,141.0,32.9
1117,143,6,2024-03-26,1,1,1,499.0,210.0,0.0
1118,708,1,2024-03-26,2,1,1,299.0,128.0,0.0
1119,903,5,2024-03-26,1,4,1,349.0,147.0,0.0
1120,63,4,2024-03-26,5,1,2,314.1,147.0,34.9
1121,221,3,2024-03-27,7,2,1,329.0,141.0,0.0
1122,1236,2,2024-03-27,3,3,1,299.0,128.0,0.0
1123,1704,3,2024-03-27,3,1,1,329.0,141.0,0.0
1124,749,1,2024-03-27,5,1,2,299.0,128.0,0.0
1125,121,6,2024-03-27,7,3,2,449.1,210.0,49.9
1126,1719,4,2024-03-27,4,5,1,349.0,147.0,0.0
1127,1154,4,2024-03-27,3,1,1,349.0,147.0,0.0
1128,657,1,2024-03-27,4,2,1,299.0,128.0,0.0
1129,773,1,2024-03-27,3,2,1,299.0,128.0,0.0
1130,627,4,2024-03-27,5,1,1,349.0,147.0,0.0
1131,1703,1,2024-03-27,3,5,2,299.0,128.0,0.0
1132,1112,2,2024-03-27,1,5,1,299.0,128.0,0.0
1133,789,2,2024-03-27,6,4,2,299.0,128.0,0.0
1134,1513,4,2024-03-27,4,1,1,349.0,147.0,0.0
1135,440,1,2024-03-27,5,1,2,269.1,128.0,29.9
1136,417,4,2024-03-27,1,2,1,349.0,147.0,0.0
1137,1844,5,2024-03-27,1,4,2,349.0,147.0,0.0
1138,1703,3,2024-03-27,1,5,1,329.0,141.0,0.0
1139,824,1,2024-03-27,4,4,1,299.0,128.0,0.0
1140,866,5,2024-03-27,2,5,1,296.65,147.0,52.35
1141,1339,5,2024-03-28,3,2,1,349.0,147.0,0.0
1142,570,5,2024-03-28,1,1,1,314.1,147.0,34.9
1143,1419,3,2024-03-28,4,1,1,329.0,141.0,0.0
1144,1306,1,2024-03-28,1,2,1,269.1,128.0,29.9
1145,343,6,2024-03-28,7,2,1,499.0,210.0,0.0
1146,1099,2,2024-03-28,5,2,1,299.0,128.0,0.0
1147,1814,5,2024-03-28,3,1,2,349.0,147.0,0.0
1148,74,4,2024-03-28,6,1,1,349.0,147.0,0.0
1149,1562,5,2024-03-28,2,3,1,349.0,147.0,0.0
1150,906,4,2024-03-28,5,1,1,296.65,147.0,52.35
1151,431,5,2024-03-28,1,4,1,349.0,147.0,0.0
1152,947,2,2024-03-29,1,1,1,299.0,128.0,0.0
1153,131,2,2024-03-29,5,1,1,299.0,128.0,0.0
1154,903,1,2024-03-29,3,1,1,299.0,128.0,0.0
1155,1975,3,2024-03-29,3,1,1,329.0,141.0,0.0
1156,1476,2,2024-03-29,1,1,2,299.0,128.0,0.0
1157,479,1,2024-03-29,2,2,1,299.0,128.0,0.0
1158,1756,2,2024-03-29,1,2,1,299.0,128.0,0.0
1159,1866,4,2024-03-29,5,2,1,349.0,147.0,0.0
1160,1865,5,2024-03-29,2,5,1,349.0,147.0,0.0
1161,932,4,2024-03-29,7,1,1,349.0,147.0,0.0
1162,588,4,2024-03-29,9,4,1,296.65,147.0,52.35
1163,754,5,2024-03-29,1,2,1,349.0,147.0,0.0
1164,1802,4,2024-03-29,6,2,1,349.0,147.0,0.0
1165,1929,4,2024-03-30,3,5,1,349.0,147.0,0.0
1166,950,3,2024-03-30,5,1,1,329.0,141.0,0.0
1167,445,5,2024-03-30,5,3,1,296.65,147.0,52.35
1168,745,6,2024-03-30,2,2,1,449.1,210.0,49.9
1169,438,3,2024-03-30,3,5,1,329.0,141.0,0.0
1170,1958,5,2024-03-30,1,2,1,349.0,147.0,0.0
1171,321,5,2024-03-30,8,1,2,349.0,147.0,0.0
1172,423,3,2024-03-30,5,2,1,329.0,141.0,0.0
1173,320,4,2024-03-30,1,1,1,314.1,147.0,34.9
1174,504,5,2024-03-30,2,5,1,296.65,147.0,52.35
1175,1255,4,2024-03-30,1,1,1,349.0,147.0,0.0
1176,44,1,2024-03-30,6,1,1,299.0,128.0,0.0
1177,1847,3,2024-03-30,2,1,1,279.65,141.0,49.35
1178,1277,6,2024-03-30,3,3,1,449.1,210.0,49.9
1179,594,3,2024-03-30,7,1,1,329.0,141.0,0.0
1180,840,2,2024-03-31,9,3,1,299.0,128.0,0.0
1181,1851,2,2024-03-31,7,1,1,254.15,128.0,44.85
1182,81,1,2024-03-31,1,1,1,299.0,128.0,0.0
1183,1410,6,2024-03-31,3,2,1,499.0,210.0,0.0
1184,41,6,2024-03-31,7,5,2,499.0,210.0,0.0
1185,1816,3,2024-03-31,4,5,1,329.0,141.0,0.0
1186,228,6,2024-03-31,8,1,1,499.0,210.0,0.0
1187,1457,5,2024-03-31,9,2,1,349.0,147.0,0.0
1188,1274,5,2024-03-31,6,1,1,349.0,147.0,0.0
1189,574,6,2024-03-31,2,1,1,499.0,210.0,0.0
1190,1330,2,2024-03-31,3,1,1,299.0,128.0,0.0
1191,1536,6,2024-03-31,2,1,1,499.0,210.0,0.0
1192,1786,6,2024-03-31,1,2,1,499.0,210.0,0.0
1193,1853,4,2024-03-31,1,2,1,349.0,147.0,0.0
1194,752,5,2024-03-31,2,1,1,314.1,147.0,34.9
1195,1932,3,2024-03-31,2,1,1,329.0,141.0,0.0
1196,922,6,2024-03-31,2,2,1,499.0,210.0,0.0
1197,233,1,2024-03-31,1,1,1,269.1,128.0,29.9
1198,134,2,2024-04-01,7,1,1,269.1,128.0,29.9
1199,28,5,2024-04-01,1,2,1,296.65,147.0,52.35
1200,1978,5,2024-04-01,5,1,1,314.1,147.0,34.9
1201,250,1,2024-04-01,7,1,1,254.15,128.0,44.85
1202,1471,6,2024-04-01,1,1,1,449.1,210.0,49.9
1203,163,3,2024-04-01,5,3,1,329.0,141.0,0.0
1204,1015,4,2024-04-01,4,4,1,349.0,147.0,0.0
1205,126,4,2024-04-01,8,1,1,349.0,147.0,0.0
1206,1799,4,2024-04-01,5,1,2,349.0,147.0,0.0
1207,384,5,2024-04-01,2,4,1,349.0,147.0,0.0
1208,608,4,2024-04-01,3,4,1,349.0,147.0,0.0
1209,1507,2,2024-04-01,5,1,1,269.1,128.0,29.9
1210,331,1,2024-04-01,5,2,1,299.0,128.0,0.0
1211,1675,4,2024-04-01,3,5,1,314.1,147.0,34.9
1212,1382,1,2024-04-01,2,3,1,254.15,128.0,44.85
1213,1389,6,2024-04-01,2,2,1,499.0,210.0,0.0
1214,1661,4,2024-04-01,2,5,1,314.1,147.0,34.9
1215,390,2,2024-04-01,3,4,1,299.0,128.0,0.0
1216,665,6,2024-04-01,3,4,1,424.15,210.0,74.85
1217,1538,3,2024-04-02,5,2,2,296.1,141.0,32.9
1218,1783,4,2024-04-02,5,3,1,349.0,147.0,0.0
1219,354,2,2024-04-02,1,2,2,299.0,128.0,0.0
1220,555,3,2024-04-02,2,5,1,329.0,141.0,0.0
1221,1126,2,2024-04-02,3,2,1,299.0,128.0,0.0
1222,1745,2,2024-04-02,8,1,2,299.0,128.0,0.0
1223,663,5,2024-04-02,3,2,1,349.0,147.0,0.0
1224,444,4,2024-04-02,1,2,1,349.0,147.0,0.0
1225,1401,4,2024-04-02,3,1,1,349.0,147.0,0.0
1226,765,5,2024-04-02,8,1,1,349.0,147.0,0.0
1227,916,3,2024-04-02,5,5,1,279.65,141.0,49.35
1228,1849,3,2024-04-02,5,2,1,279.65,141.0,49.35
1229,1183,5,2024-04-02,8,3,1,296.65,147.0,52.35
1230,1173,6,2024-04-03,1,4,1,499.0,210.0,0.0
1231,1001,4,2024-04-03,7,2,1,349.0,147.0,0.0
1232,304,4,2024-04-03,4,4,1,349.0,147.0,0.0
1233,1963,5,2024-04-03,1,3,1,349.0,147.0,0.0
1234,1458,1,2024-04-03,1,2,1,299.0,128.0,0.0
1235,671,3,2024-04-03,5,5,1,329.0,141.0,0.0
1236,993,6,2024-04-03,6,2,1,499.0,210.0,0.0
1237,1962,6,2024-04-03,1,4,1,499.0,210.0,0.0
1238,1073,5,2024-04-03,3,4,1,314.1,147.0,34.9
1239,23,2,2024-04-03,1,2,1,299.0,128.0,0.0
1240,864,1,2024-04-03,1,2,1,254.15,128.0,44.85
1241,1138,2,2024-04-03,8,2,1,299.0,128.0,0.0
1242,406,5,2024-04-03,1,5,1,349.0,147.0,0.0
1243,254,1,2024-04-03,1,4,1,299.0,128.0,0.0
1244,769,4,2024-04-03,2,1,1,349.0,147.0,0.0
1245,580,3,2024-04-04,3,3,1,329.0,141.0,0.0
1246,1462,1,2024-04-04,1,2,1,299.0,128.0,0.0
1247,1926,5,2024-04-04,2,1,1,349.0,147.0,0.0
1248,704,5,2024-04-04,3,2,1,349.0,147.0,0.0
1249,811,5,2024-04-04,1,1,1,349.0,147.0,0.0
1250,1563,6,2024-04-04,4,2,1,499.0,210.0,0.0
1251,108,4,2024-04-04,1,3,1,349.0,147.0,0.0
1252,1946,2,2024-04-04,2,3,1,299.0,128.0,0.0
1253,1373,3,2024-04-04,1,3,1,329.0,141.0,0.0
1254,850,4,2024-04-04,1,2,1,349.0,147.0,0.0
1255,15,3,2024-04-04,3,4,1,296.1,141.0,32.9
1256,814,2,2024-04-04,5,1,1,254.15,128.0,44.85
1257,1140,3,2024-04-04,5,1,1,296.1,141.0,32.9
1258,401,3,2024-04-04,2,1,1,329.0,141.0,0.0
1259,1236,6,2024-04-04,1,1,1,449.1,210.0,49.9
1260,794,5,2024-04-05,1,2,1,314.1,147.0,34.9
1261,1531,2,2024-04-05,4,1,1,299.0,128.0,0.0
1262,950,1,2024-04-05,7,1,1,299.0,128.0,0.0
1263,1047,1,2024-04-05,6,1,1,269.1,128.0,29.9
1264,1940,5,2024-04-05,2,3,1,349.0,147.0,0.0
1265,1886,4,2024-04-05,9,4,1,349.0,147.0,0.0
1266,509,1,2024-04-05,1,1,1,299.0,128.0,0.0
1267,23,6,2024-04-05,2,2,2,499.0,210.0,0.0
1268,327,1,2024-04-05,8,3,1,299.0,128.0,0.0
1269,764,1,2024-04-05,5,4,1,299.0,128.0,0.0
1270,619,1,2024-04-05,9,5,1,254.15,128.0,44.85
1271,247,6,2024-04-05,1,5,1,499.0,210.0,0.0
1272,976,2,2024-04-05,3,4,1,299.0,128.0,0.0
1273,1424,4,2024-04-05,3,3,1,349.0,147.0,0.0
1274,1389,3,2024-04-06,3,1,1,329.0,141.0,0.0
1275,28,4,2024-04-06,5,1,1,349.0,147.0,0.0
1276,577,5,2024-04-06,4,5,1,349.0,147.0,0.0
1277,386,2,2024-04-06,4,4,1,299.0,128.0,0.0
1278,1711,5,2024-04-06,5,3,1,349.0,147.0,0.0
1279,1521,1,2024-04-06,3,2,1,299.0,128.0,0.0
1280,336,3,2024-04-06,3,1,1,329.0,141.0,0.0
1281,1310,3,2024-04-06,3,1,1,329.0,141.0,0.0
1282,599,1,2024-04-06,4,2,1,269.1,128.0,29.9
1283,1969,4,2024-04-06,2,2,1,314.1,147.0,34.9
1284,956,4,2024-04-06,7,1,1,349.0,147.0,0.0
1285,1881,5,2024-04-06,3,4,1,349.0,147.0,0.0
1286,327,5,2024-04-06,5,4,1,296.65,147.0,52.35
1287,812,1,2024-04-06,3,1,1,299.0,128.0,0.0
1288,213,4,2024-04-06,8,3,1,349.0,147.0,0.0
1289,1401,5,2024-04-07,5,3,1,349.0,147.0,0.0
1290,1124,6,2024-04-07,1,2,1,449.1,210.0,49.9
1291,836,5,2024-04-07,4,1,2,349.0,147.0,0.0
1292,1422,5,2024-04-07,5,2,1,349.0,147.0,0.0
1293,221,4,2024-04-07,2,3,1,349.0,147.0,0.0
1294,621,5,2024-04-07,5,1,1,349.0,147.0,0.0
1295,64,2,2024-04-07,4,1,1,269.1,128.0,29.9
1296,927,6,2024-04-07,2,3,1,499.0,210.0,0.0
1297,615,3,2024-04-07,4,5,1,329.0,141.0,0.0
1298,1301,4,2024-04-07,1,1,1,349.0,147.0,0.0
1299,64,2,2024-04-07,5,3,1,269.1,128.0,29.9
1300,866,5,2024-04-07,8,2,1,349.0,147.0,0.0
1301,56,3,2024-04-07,1,1,2,296.1,141.0,32.9
1302,189,1,2024-04-07,7,2,1,299.0,128.0,0.0
1303,1535,3,2024-04-07,2,2,1,329.0,141.0,0.0
1304,1257,4,2024-04-08,6,3,1,349.0,147.0,0.0
1305,1916,4,2024-04-08,2,2,1,349.0,147.0,0.0
1306,1642,6,2024-04-08,3,3,1,499.0,210.0,0.0
1307,1006,2,2024-04-08,1,2,1,269.1,128.0,29.9
1308,874,1,2024-04-08,1,2,1,269.1,128.0,29.9
1309,12,3,2024-04-08,1,2,1,329.0,141.0,0.0
1310,620,2,2024-04-08,6,1,1,299.0,128.0,0.0
1311,911,5,2024-04-08,1,1,2,349.0,147.0,0.0
1312,1939,4,2024-04-08,5,2,1,349.0,147.0,0.0
1313,1451,4,2024-04-08,1,2,1,349.0,147.0,0.0
1314,572,4,2024-04-08,1,4,1,349.0,147.0,0.0
1315,1362,3,2024-04-08,7,4,1,279.65,141.0,49.35
1316,248,1,2024-04-08,1,3,1,299.0,128.0,0.0
1317,1119,3,2024-04-09,5,1,1,329.0,141.0,0.0
1318,847,1,2024-04-09,2,3,1,299.0,128.0,0.0
1319,801,1,2024-04-09,1,3,1,269.1,128.0,29.9
1320,1200,4,2024-04-09,2,1,1,314.1,147.0,34.9
1321,984,5,2024-04-09,3,1,1,349.0,147.0,0.0
1322,795,4,2024-04-09,1,3,1,314.1,147.0,34.9
1323,1757,4,2024-04-09,3,5,1,349.0,147.0,0.0
1324,1160,2,2024-04-09,4,5,1,299.0,128.0,0.0
1325,1696,2,2024-04-09,7,3,1,299.0,128.0,0.0
1326,57,2,2024-04-09,3,4,1,299.0,128.0,0.0
1327,461,5,2024-04-09,5,4,1,349.0,147.0,0.0
1328,323,2,2024-04-10,1,2,1,299.0,128.0,0.0
1329,855,1,2024-04-10,1,2,1,269.1,128.0,29.9
1330,757,2,2024-04-10,9,1,1,299.0,128.0,0.0
1331,1713,4,2024-04-10,8,2,1,349.0,147.0,0.0
1332,791,5,2024-04-10,3,3,1,349.0,147.0,0.0
1333,1228,5,2024-04-10,1,2,1,349.0,147.0,0.0
1334,702,4,2024-04-10,4,5,1,349.0,147.0,0.0
1335,1792,2,2024-04-10,7,5,1,299.0,128.0,0.0
1336,1160,2,2024-04-10,2,3,2,299.0,128.0,0.0
1337,571,2,2024-04-10,5,4,1,299.0,128.0,0.0
1338,286,5,2024-04-10,5,3,1,349.0,147.0,0.0
1339,1133,3,2024-04-11,1,3,1,329.0,141.0,0.0
1340,1795,2,2024-04-11,4,1,1,299.0,128.0,0.0
1341,1818,4,2024-04-11,3,1,1,349.0,147.0,0.0
1342,1164,4,2024-04-11,1,1,1,349.0,147.0,0.0
1343,772,5,2024-04-11,1,5,2,349.0,147.0,0.0
1344,1901,4,2024-04-11,6,2,2,349.0,147.0,0.0
1345,862,2,2024-04-11,8,2,1,299.0,128.0,0.0
1346,976,4,2024-04-11,1,3,1,349.0,147.0,0.0
1347,112,1,2024-04-11,3,1,1,299.0,128.0,0.0
1348,197,6,2024-04-11,7,2,1,499.0,210.0,0.0
1349,1279,5,2024-04-12,1,2,1,349.0,147.0,0.0
1350,1540,2,2024-04-12,1,2,1,269.1,128.0,29.9
1351,649,5,2024-04-12,2,2,1,296.65,147.0,52.35
1352,36,6,2024-04-12,8,1,1,499.0,210.0,0.0
1353,996,1,2024-04-12,1,2,1,299.0,128.0,0.0
1354,1827,2,2024-04-12,1,1,1,299.0,128.0,0.0
1355,1188,5,2024-04-12,1,4,1,349.0,147.0,0.0
1356,837,5,2024-04-12,2,2,1,349.0,147.0,0.0
1357,779,1,2024-04-12,4,2,1,299.0,128.0,0.0
1358,1793,4,2024-04-12,4,4,1,349.0,147.0,0.0
1359,1243,2,2024-04-12,6,3,1,299.0,128.0,0.0
1360,345,5,2024-04-12,2,1,1,349.0,147.0,0.0
1361,596,5,2024-04-12,8,3,1,314.1,147.0,34.9
1362,1154,2,2024-04-12,5,2,1,299.0,128.0,0.0
1363,707,3,2024-04-12,3,2,1,329.0,141.0,0.0
1364,896,2,2024-04-12,9,2,1,299.0,128.0,0.0
1365,346,2,2024-04-12,3,1,1,299.0,128.0,0.0
1366,75,6,2024-04-13,1,5,1,449.1,210.0,49.9
1367,190,4,2024-04-13,3,1,1,349.0,147.0,0.0
1368,306,2,2024-04-13,7,1,1,299.0,128.0,0.0
1369,639,2,2024-04-13,4,2,1,269.1,128.0,29.9
1370,1604,5,2024-04-13,1,2,2,296.65,147.0,52.35
1371,1930,4,2024-04-13,8,2,1,349.0,147.0,0.0
1372,158,1,2024-04-13,1,1,1,269.1,128.0,29.9
1373,948,4,2024-04-13,3,1,1,349.0,147.0,0.0
1374,1612,1,2024-04-13,3,1,1,269.1,128.0,29.9
1375,1034,5,2024-04-13,3,4,1,349.0,147.0,0.0
1376,496,5,2024-04-13,2,1,1,349.0,147.0,0.0
1377,359,5,2024-04-13,4,1,1,349.0,147.0,0.0
1378,773,1,2024-04-13,3,3,1,299.0,128.0,0.0
1379,1128,4,2024-04-13,8,5,1,349.0,147.0,0.0
1380,1472,5,2024-04-14,8,1,1,349.0,147.0,0.0
1381,1758,4,2024-04-14,4,2,1,349.0,147.0,0.0
1382,612,1,2024-04-14,2,1,1,299.0,128.0,0.0
1383,998,2,2024-04-14,4,1,1,299.0,128.0,0.0
1384,1772,4,2024-04-14,5,2,1,349.0,147.0,0.0
1385,292,1,2024-04-14,3,2,1,299.0,128.0,0.0
1386,953,3,2024-04-14,8,1,1,329.0,141.0,0.0
1387,299,5,2024-04-14,1,2,2,349.0,147.0,0.0
1388,792,5,2024-04-14,2,4,1,349.0,147.0,0.0
1389,1130,4,2024-04-14,3,2,2,314.1,147.0,34.9
1390,397,3,2024-04-14,1,3,1,329.0,141.0,0.0
1391,1151,2,2024-04-14,3,1,1,299.0,128.0,0.0
1392,827,3,2024-04-15,2,2,1,329.0,141.0,0.0
1393,1641,4,2024-04-15,3,3,1,349.0,147.0,0.0
1394,75,5,2024-04-15,3,5,1,349.0,147.0,0.0
1395,315,6,2024-04-15,3,3,1,499.0,210.0,0.0
1396,548,1,2024-04-15,4,1,1,299.0,128.0,0.0
1397,452,1,2024-04-15,1,2,1,254.15,128.0,44.85
1398,856,5,2024-04-15,3,5,1,349.0,147.0,0.0
1399,432,1,2024-04-15,1,2,1,269.1,128.0,29.9
1400,136,2,2024-04-15,4,1,1,299.0,128.0,0.0
1401,1371,4,2024-04-15,8,4,1,349.0,147.0,0.0
1402,1958,6,2024-04-15,7,3,1,499.0,210.0,0.0
1403,1294,5,2024-04-15,6,2,1,349.0,147.0,0.0
1404,1398,2,2024-04-15,1,1,1,269.1,128.0,29.9
1405,990,2,2024-04-15,8,5,2,299.0,128.0,0.0
1406,106,6,2024-04-15,1,1,1,449.1,210.0,49.9
1407,458,5,2024-04-15,3,1,1,296.65,147.0,52.35
1408,202,5,2024-04-15,2,2,1,349.0,147.0,0.0
1409,613,1,2024-04-15,7,1,1,299.0,128.0,0.0
1410,893,4,2024-04-16,8,1,1,349.0,147.0,0.0
1411,759,1,2024-04-16,3,5,1,269.1,128.0,29.9
1412,1206,2,2024-04-16,1,4,1,299.0,128.0,0.0
1413,689,2,2024-04-16,1,1,1,299.0,128.0,0.0
1414,1631,5,2024-04-16,7,5,1,349.0,147.0,0.0
1415,1626,5,2024-04-16,1,1,1,296.65,147.0,52.35
1416,274,2,2024-04-16,7,3,1,299.0,128.0,0.0
1417,1365,4,2024-04-16,2,1,1,314.1,147.0,34.9
1418,1194,1,2024-04-16,7,3,1,299.0,128.0,0.0
1419,1838,3,2024-04-16,4,2,2,329.0,141.0,0.0
1420,1078,1,2024-04-16,3,4,1,299.0,128.0,0.0
1421,323,4,2024-04-16,4,3,1,349.0,147.0,0.0
1422,66,3,2024-04-17,3,2,1,329.0,141.0,0.0
1423,1950,4,2024-04-17,2,4,1,349.0,147.0,0.0
1424,482,5,2024-04-17,1,2,1,349.0,147.0,0.0
1425,1441,2,2024-04-17,1,1,1,299.0,128.0,0.0
1426,920,1,2024-04-17,2,1,1,299.0,128.0,0.0
1427,490,5,2024-04-17,4,5,1,349.0,147.0,0.0
1428,1131,5,2024-04-17,7,3,1,349.0,147.0,0.0
1429,746,2,2024-04-17,1,4,1,299.0,128.0,0.0
1430,517,3,2024-04-17,8,3,1,329.0,141.0,0.0
1431,1767,3,2024-04-17,8,2,1,329.0,141.0,0.0
1432,645,6,2024-04-17,1,4,1,449.1,210.0,49.9
1433,337,6,2024-04-17,9,1,1,499.0,210.0,0.0
1434,1811,1,2024-04-17,2,1,1,299.0,128.0,0.0
1435,370,4,2024-04-17,5,4,1,349.0,147.0,0.0
1436,764,3,2024-04-17,8,1,1,296.1,141.0,32.9
1437,303,3,2024-04-17,3,2,1,329.0,141.0,0.0
1438,1822,4,2024-04-17,1,3,1,296.65,147.0,52.35
1439,1498,5,2024-04-17,3,2,1,349.0,147.0,0.0
1440,1548,4,2024-04-17,3,5,1,349.0,147.0,0.0
1441,129,4,2024-04-17,7,2,1,296.65,147.0,52.35
1442,1211,2,2024-04-18,6,4,1,269.1,128.0,29.9
1443,1369,6,2024-04-18,3,1,1,499.0,210.0,0.0
1444,1950,5,2024-04-18,1,1,1,349.0,147.0,0.0
1445,1646,2,2024-04-18,3,2,1,299.0,128.0,0.0
1446,1951,5,2024-04-18,5,3,1,314.1,147.0,34.9
1447,1018,6,2024-04-18,2,1,1,499.0,210.0,0.0
1448,481,6,2024-04-18,1,3,1,499.0,210.0,0.0
1449,30,5,2024-04-18,8,1,1,349.0,147.0,0.0
1450,266,6,2024-04-18,2,1,1,499.0,210.0,0.0
1451,332,6,2024-04-18,1,5,1,499.0,210.0,0.0
1452,634,6,2024-04-18,1,1,1,499.0,210.0,0.0
1453,249,5,2024-04-18,5,3,1,349.0,147.0,0.0
1454,1935,2,2024-04-18,2,2,1,269.1,128.0,29.9
1455,1711,5,2024-04-18,4,1,1,349.0,147.0,0.0
1456,171,3,2024-04-18,5,2,1,329.0,141.0,0.0
1457,513,5,2024-04-19,8,3,1,349.0,147.0,0.0
1458,130,2,2024-04-19,5,1,1,299.0,128.0,0.0
1459,1894,5,2024-04-19,2,3,1,349.0,147.0,0.0
1460,213,5,2024-04-19,1,2,1,349.0,147.0,0.0
1461,991,5,2024-04-19,9,1,1,349.0,147.0,0.0
1462,1346,6,2024-04-19,3,1,1,499.0,210.0,0.0
1463,756,2,2024-04-19,1,2,1,299.0,128.0,0.0
1464,1362,6,2024-04-19,6,5,1,499.0,210.0,0.0
1465,1766,4,2024-04-19,3,3,1,349.0,147.0,0.0
1466,1215,1,2024-04-19,5,1,1,254.15,128.0,44.85
1467,1280,5,2024-04-19,1,2,1,349.0,147.0,0.0
1468,872,2,2024-04-19,2,5,1,299.0,128.0,0.0
1469,281,5,2024-04-19,2,4,1,296.65,147.0,52.35
1470,153,6,2024-04-19,5,2,1,499.0,210.0,0.0
1471,54,6,2024-04-19,7,5,1,499.0,210.0,0.0
1472,1235,4,2024-04-19,8,3,1,349.0,147.0,0.0
1473,652,5,2024-04-19,5,1,1,349.0,147.0,0.0
1474,1127,5,2024-04-20,5,5,1,349.0,147.0,0.0
1475,1783,5,2024-04-20,2,4,1,349.0,147.0,0.0
1476,1541,6,2024-04-20,1,1,1,449.1,210.0,49.9
1477,1518,1,2024-04-20,3,1,1,254.15,128.0,44.85
1478,977,1,2024-04-20,1,1,1,299.0,128.0,0.0
1479,1925,4,2024-04-20,1,2,1,349.0,147.0,0.0
1480,1166,5,2024-04-20,3,3,1,314.1,147.0,34.9
1481,260,2,2024-04-20,3,5,2,269.1,128.0,29.9
1482,11,5,2024-04-20,5,4,1,349.0,147.0,0.0
1483,1009,4,2024-04-20,4,1,1,349.0,147.0,0.0
1484,1081,2,2024-04-20,3,2,1,254.15,128.0,44.85
1485,552,2,2024-04-20,3,2,1,299.0,128.0,0.0
1486,1020,1,2024-04-20,5,3,1,299.0,128.0,0.0
1487,1181,2,2024-04-21,4,1,1,299.0,128.0,0.0
1488,83,2,2024-04-21,1,2,1,299.0,128.0,0.0
1489,1977,2,2024-04-21,4,3,2,299.0,128.0,0.0
1490,1700,5,2024-04-21,3,1,1,349.0,147.0,0.0
1491,1328,5,2024-04-21,3,3,1,349.0,147.0,0.0
1492,1394,2,2024-04-21,1,2,1,269.1,128.0,29.9
1493,386,5,2024-04-21,3,5,1,349.0,147.0,0.0
1494,896,1,2024-04-21,1,4,1,299.0,128.0,0.0
1495,123,5,2024-04-21,1,1,1,349.0,147.0,0.0
1496,581,2,2024-04-21,5,2,1,299.0,128.0,0.0
1497,1202,4,2024-04-21,1,4,1,349.0,147.0,0.0
1498,1720,4,2024-04-21,1,5,1,349.0,147.0,0.0
1499,36,5,2024-04-21,9,2,1,349.0,147.0,0.0
1500,1315,6,2024-04-21,3,3,1,499.0,210.0,0.0
1501,557,5,2024-04-21,2,1,1,349.0,147.0,0.0
1502,1961,5,2024-04-21,5,3,1,349.0,147.0,0.0
1503,1369,6,2024-04-21,7,5,1,499.0,210.0,0.0
1504,1286,4,2024-04-21,1,3,1,349.0,147.0,0.0
1505,1577,4,2024-04-21,1,1,1,349.0,147.0,0.0
1506,628,5,2024-04-21,1,1,1,349.0,147.0,0.0
1507,1233,4,2024-04-22,4,4,1,349.0,147.0,0.0
1508,666,1,2024-04-22,1,1,1,299.0,128.0,0.0
1509,467,4,2024-04-22,1,4,1,349.0,147.0,0.0
1510,474,4,2024-04-22,3,3,1,349.0,147.0,0.0
1511,211,5,2024-04-22,1,3,2,349.0,147.0,0.0
1512,448,3,2024-04-22,3,1,1,329.0,141.0,0.0
1513,575,4,2024-04-22,1,5,1,314.1,147.0,34.9
1514,1253,1,2024-04-22,3,2,1,269.1,128.0,29.9
1515,1559,2,2024-04-22,1,3,1,299.0,128.0,0.0
1516,1493,1,2024-04-22,1,2,1,269.1,128.0,29.9
1517,678,1,2024-04-23,3,1,1,299.0,128.0,0.0
1518,1427,3,2024-04-23,5,1,1,329.0,141.0,0.0
1519,200,6,2024-04-23,1,4,1,499.0,210.0,0.0
1520,480,5,2024-04-23,1,1,1,349.0,147.0,0.0
1521,944,1,2024-04-23,1,3,1,299.0,128.0,0.0
1522,1483,2,2024-04-23,2,3,1,269.1,128.0,29.9
1523,316,5,2024-04-23,2,1,1,349.0,147.0,0.0
1524,72,4,2024-04-23,1,3,1,314.1,147.0,34.9
1525,434,1,2024-04-23,5,1,1,299.0,128.0,0.0
1526,1462,4,2024-04-23,8,5,1,349.0,147.0,0.0
1527,1842,6,2024-04-23,3,4,1,499.0,210.0,0.0
1528,1218,4,2024-04-23,3,2,1,296.65,147.0,52.35
1529,1628,4,2024-04-23,7,3,1,349.0,147.0,0.0
1530,1712,1,2024-04-23,3,5,1,299.0,128.0,0.0
1531,1792,4,2024-04-23,1,3,1,349.0,147.0,0.0
1532,1093,6,2024-04-23,7,2,1,499.0,210.0,0.0
1533,1511,5,2024-04-23,7,3,1,349.0,147.0,0.0
1534,493,6,2024-04-23,7,1,1,499.0,210.0,0.0
1535,1101,1,2024-04-24,6,1,1,299.0,128.0,0.0
1536,1005,5,2024-04-24,1,2,1,314.1,147.0,34.9
1537,1061,1,2024-04-24,4,1,1,299.0,128.0,0.0
1538,1557,3,2024-04-24,6,1,1,329.0,141.0,0.0
1539,1568,1,2024-04-24,1,4,1,299.0,128.0,0.0
1540,63,1,2024-04-24,4,1,1,299.0,128.0,0.0
1541,1409,2,2024-04-24,5,2,2,299.0,128.0,0.0
1542,761,1,2024-04-24,1,1,1,254.15,128.0,44.85
1543,724,3,2024-04-24,3,1,1,296.1,141.0,32.9
1544,599,2,2024-04-24,4,2,1,269.1,128.0,29.9
1545,977,2,2024-04-24,1,4,1,269.1,128.0,29.9
1546,592,4,2024-04-24,3,2,1,349.0,147.0,0.0
1547,958,1,2024-04-25,1,1,1,299.0,128.0,0.0
1548,708,4,2024-04-25,2,1,1,349.0,147.0,0.0
1549,774,4,2024-04-25,1,1,1,349.0,147.0,0.0
1550,659,3,2024-04-25,1,2,1,329.0,141.0,0.0
1551,1495,1,2024-04-25,1,1,1,299.0,128.0,0.0
1552,841,4,2024-04-25,2,5,1,349.0,147.0,0.0
1553,1582,4,2024-04-25,7,1,1,296.65,147.0,52.35
1554,133,1,2024-04-25,7,1,1,254.15,128.0,44.85
1555,1083,1,2024-04-25,1,2,1,299.0,128.0,0.0
1556,530,6,2024-04-25,3,4,1,499.0,210.0,0.0
1557,510,4,2024-04-25,3,1,1,314.1,147.0,34.9
1558,549,2,2024-04-25,2,3,1,299.0,128.0,0.0
1559,1487,2,2024-04-25,5,2,1,299.0,128.0,0.0
1560,860,5,2024-04-26,6,2,1,349.0,147.0,0.0
1561,214,3,2024-04-26,7,4,1,329.0,141.0,0.0
1562,598,6,2024-04-26,8,2,1,499.0,210.0,0.0
1563,596,5,2024-04-26,1,3,1,349.0,147.0,0.0
1564,697,4,2024-04-26,7,3,1,349.0,147.0,0.0
1565,1370,1,2024-04-26,2,1,1,299.0,128.0,0.0
1566,1180,6,2024-04-26,1,1,1,424.15,210.0,74.85
1567,224,3,2024-04-26,1,5,1,329.0,141.0,0.0
1568,680,5,2024-04-26,5,3,1,349.0,147.0,0.0
1569,697,1,2024-04-26,6,1,1,299.0,128.0,0.0
1570,1877,2,2024-04-26,1,2,2,269.1,128.0,29.9
1571,1203,3,2024-04-26,1,1,1,329.0,141.0,0.0
1572,210,1,2024-04-26,3,4,1,299.0,128.0,0.0
1573,254,4,2024-04-26,4,2,1,349.0,147.0,0.0
1574,406,4,2024-04-26,9,1,1,349.0,147.0,0.0
1575,833,5,2024-04-27,7,2,1,296.65,147.0,52.35
1576,1035,4,2024-04-27,1,5,2,296.65,147.0,52.35
1577,1758,4,2024-04-27,7,1,1,314.1,147.0,34.9
1578,379,2,2024-04-27,3,1,1,269.1,128.0,29.9
1579,850,1,2024-04-27,7,1,1,299.0,128.0,0.0
1580,773,3,2024-04-27,5,4,1,329.0,141.0,0.0
1581,1221,1,2024-04-27,1,2,1,299.0,128.0,0.0
1582,438,3,2024-04-27,7,1,1,329.0,141.0,0.0
1583,1237,1,2024-04-27,5,1,1,299.0,128.0,0.0
1584,1105,2,2024-04-27,2,1,1,299.0,128.0,0.0
1585,286,5,2024-04-27,5,5,1,349.0,147.0,0.0
1586,1243,4,2024-04-27,2,1,1,349.0,147.0,0.0
1587,158,1,2024-04-27,6,1,2,299.0,128.0,0.0
1588,1065,4,2024-04-27,2,1,2,349.0,147.0,0.0
1589,1623,3,2024-04-27,3,3,1,329.0,141.0,0.0
1590,95,4,2024-04-27,3,4,1,349.0,147.0,0.0
1591,1792,6,2024-04-28,2,4,1,499.0,210.0,0.0
1592,182,5,2024-04-28,5,1,1,349.0,147.0,0.0
1593,1926,5,2024-04-28,1,4,1,349.0,147.0,0.0
1594,729,1,2024-04-28,3,1,1,299.0,128.0,0.0
1595,1283,5,2024-04-28,7,2,1,349.0,147.0,0.0
1596,1075,5,2024-04-28,1,1,1,296.65,147.0,52.35
1597,1136,1,2024-04-28,1,1,1,299.0,128.0,0.0
1598,977,5,2024-04-28,3,2,1,349.0,147.0,0.0
1599,435,2,2024-04-28,1,3,1,299.0,128.0,0.0
1600,925,5,2024-04-28,3,5,1,314.1,147.0,34.9
1601,1190,5,2024-04-28,1,1,1,349.0,147.0,0.0
1602,928,6,2024-04-28,5,3,1,499.0,210.0,0.0
1603,1278,6,2024-04-28,5,4,1,499.0,210.0,0.0
1604,1346,2,2024-04-28,4,3,1,299.0,128.0,0.0
1605,1390,5,2024-04-28,3,1,1,349.0,147.0,0.0
1606,1605,3,2024-04-28,1,1,1,279.65,141.0,49.35
1607,211,2,2024-04-28,3,3,1,269.1,128.0,29.9
1608,1755,2,2024-04-28,1,3,1,299.0,128.0,0.0
1609,1679,2,2024-04-28,3,2,1,269.1,128.0,29.9
1610,1968,6,2024-04-28,9,2,1,499.0,210.0,0.0
1611,816,4,2024-04-28,7,2,1,349.0,147.0,0.0
1612,357,5,2024-04-29,5,2,1,296.65,147.0,52.35
1613,452,3,2024-04-29,4,4,1,279.65,141.0,49.35
1614,1066,1,2024-04-29,6,5,1,269.1,128.0,29.9
1615,1696,1,2024-04-29,4,5,1,299.0,128.0,0.0
1616,1848,5,2024-04-29,3,4,1,349.0,147.0,0.0
1617,302,4,2024-04-29,1,3,1,349.0,147.0,0.0
1618,192,5,2024-04-29,2,1,1,349.0,147.0,0.0
1619,1699,2,2024-04-29,1,4,1,269.1,128.0,29.9
1620,1807,1,2024-04-29,3,5,1,299.0,128.0,0.0
1621,1537,1,2024-04-29,2,1,1,269.1,128.0,29.9
1622,1204,5,2024-04-29,4,1,1,349.0,147.0,0.0
1623,61,5,2024-04-29,1,3,1,314.1,147.0,34.9
1624,1859,5,2024-04-30,6,3,1,349.0,147.0,0.0
1625,1032,2,2024-04-30,4,4,1,299.0,128.0,0.0
1626,1687,5,2024-04-30,3,2,1,349.0,147.0,0.0
1627,572,1,2024-04-30,5,1,1,299.0,128.0,0.0
1628,836,5,2024-04-30,7,5,1,349.0,147.0,0.0
1629,1315,4,2024-04-30,1,1,1,349.0,147.0,0.0
1630,35,5,2024-04-30,2,1,1,349.0,147.0,0.0
1631,1932,4,2024-04-30,6,3,1,349.0,147.0,0.0
1632,1222,1,2024-04-30,5,2,1,269.1,128.0,29.9
1633,1281,5,2024-04-30,9,2,2,296.65,147.0,52.35
1634,1910,4,2024-05-01,2,2,1,349.0,147.0,0.0
1635,1093,2,2024-05-01,3,1,2,299.0,128.0,0.0
1636,272,6,2024-05-01,1,1,1,499.0,210.0,0.0
1637,1969,4,2024-05-01,3,1,1,296.65,147.0,52.35
1638,1842,6,2024-05-01,1,2,1,499.0,210.0,0.0
1639,449,5,2024-05-01,4,1,1,349.0,147.0,0.0
1640,1016,4,2024-05-01,1,2,2,349.0,147.0,0.0
1641,1826,5,2024-05-01,1,5,1,349.0,147.0,0.0
1642,1771,4,2024-05-01,2,1,1,314.1,147.0,34.9
1643,1675,1,2024-05-01,1,1,1,254.15,128.0,44.85
1644,513,5,2024-05-01,7,5,1,349.0,147.0,0.0
1645,1518,5,2024-05-01,1,1,1,349.0,147.0,0.0
1646,331,4,2024-05-01,3,4,1,314.1,147.0,34.9
1647,210,4,2024-05-01,3,2,1,296.65,147.0,52.35
1648,697,5,2024-05-01,4,1,1,349.0,147.0,0.0
1649,1792,5,2024-05-02,3,2,1,349.0,147.0,0.0
1650,653,4,2024-05-02,3,3,1,349.0,147.0,0.0
1651,1010,5,2024-05-02,3,3,1,349.0,147.0,0.0
1652,244,4,2024-05-02,8,1,1,349.0,147.0,0.0
1653,830,4,2024-05-02,1,3,1,314.1,147.0,34.9
1654,771,4,2024-05-02,1,2,1,314.1,147.0,34.9
1655,672,5,2024-05-02,7,2,1,349.0,147.0,0.0
1656,1592,3,2024-05-02,5,2,2,279.65,141.0,49.35
1657,308,5,2024-05-02,1,5,1,314.1,147.0,34.9
1658,285,3,2024-05-02,4,1,1,329.0,141.0,0.0
1659,1210,4,2024-05-03,4,2,1,349.0,147.0,0.0
1660,1605,4,2024-05-03,7,1,1,349.0,147.0,0.0
1661,678,5,2024-05-03,1,4,2,349.0,147.0,0.0
1662,888,6,2024-05-03,3,1,1,499.0,210.0,0.0
1663,267,2,2024-05-03,4,2,1,269.1,128.0,29.9
1664,136,4,2024-05-03,3,2,1,349.0,147.0,0.0
1665,1660,5,2024-05-03,1,5,1,349.0,147.0,0.0
1666,482,5,2024-05-03,1,3,1,349.0,147.0,0.0
1667,1345,2,2024-05-03,2,1,2,299.0,128.0,0.0
1668,1258,1,2024-05-03,3,2,1,254.15,128.0,44.85
1669,788,4,2024-05-03,3,2,1,349.0,147.0,0.0
1670,1732,2,2024-05-03,3,2,1,299.0,128.0,0.0
1671,1536,1,2024-05-03,3,2,1,299.0,128.0,0.0
1672,382,5,2024-05-03,5,4,1,349.0,147.0,0.0
1673,1359,5,2024-05-03,2,2,1,296.65,147.0,52.35
1674,1405,4,2024-05-03,1,4,1,349.0,147.0,0.0
1675,361,5,2024-05-03,1,5,1,349.0,147.0,0.0
1676,806,4,2024-05-03,6,2,1,349.0,147.0,0.0
1677,1949,1,2024-05-04,1,2,1,299.0,128.0,0.0
1678,1775,2,2024-05-04,7,2,2,299.0,128.0,0.0
1679,212,3,2024-05-04,4,1,1,329.0,141.0,0.0
1680,1092,5,2024-05-04,1,5,1,296.65,147.0,52.35
1681,797,2,2024-05-04,3,4,1,299.0,128.0,0.0
1682,456,3,2024-05-04,1,4,1,329.0,141.0,0.0
1683,1925,4,2024-05-04,2,5,1,349.0,147.0,0.0
1684,1003,4,2024-05-04,3,1,2,296.65,147.0,52.35
1685,657,5,2024-05-04,1,1,1,349.0,147.0,0.0
1686,628,4,2024-05-04,3,2,1,349.0,147.0,0.0
1687,1898,5,2024-05-04,1,1,1,349.0,147.0,0.0
1688,1707,5,2024-05-04,1,4,1,349.0,147.0,0.0
1689,431,3,2024-05-04,1,4,1,329.0,141.0,0.0
1690,415,1,2024-05-04,7,4,1,299.0,128.0,0.0
1691,975,5,2024-05-04,5,2,2,349.0,147.0,0.0
1692,650,1,2024-05-04,6,3,2,299.0,128.0,0.0
1693,1318,5,2024-05-05,1,3,1,314.1,147.0,34.9
1694,364,4,2024-05-05,1,2,1,296.65,147.0,52.35
1695,969,4,2024-05-05,5,1,1,314.1,147.0,34.9
1696,740,1,2024-05-05,6,1,1,299.0,128.0,0.0
1697,334,5,2024-05-05,7,3,2,349.0,147.0,0.0
1698,853,1,2024-05-05,3,3,1,269.1,128.0,29.9
1699,922,4,2024-05-05,1,3,1,314.1,147.0,34.9
1700,1045,3,2024-05-05,3,1,1,329.0,141.0,0.0
1701,1205,4,2024-05-05,5,4,1,314.1,147.0,34.9
1702,590,2,2024-05-05,7,5,1,254.15,128.0,44.85
1703,1664,5,2024-05-05,7,1,2,349.0,147.0,0.0
1704,81,1,2024-05-05,1,2,1,299.0,128.0,0.0
1705,476,1,2024-05-05,6,5,1,299.0,128.0,0.0
1706,238,5,2024-05-05,1,1,1,349.0,147.0,0.0
1707,70,4,2024-05-05,5,3,1,349.0,147.0,0.0
1708,582,3,2024-05-05,2,2,1,329.0,141.0,0.0
1709,1468,4,2024-05-05,9,1,1,314.1,147.0,34.9
1710,904,5,2024-05-06,5,1,1,349.0,147.0,0.0
1711,1733,4,2024-05-06,2,1,1,349.0,147.0,0.0
1712,1964,1,2024-05-06,5,4,1,269.1,128.0,29.9
1713,217,5,2024-05-06,1,1,1,349.0,147.0,0.0
1714,1723,4,2024-05-06,1,3,1,349.0,147.0,0.0
1715,1814,1,2024-05-06,1,3,1,299.0,128.0,0.0
1716,949,3,2024-05-06,2,3,1,296.1,141.0,32.9
1717,1363,4,2024-05-06,3,1,1,314.1,147.0,34.9
1718,1530,6,2024-05-06,1,1,1,499.0,210.0,0.0
1719,1170,6,2024-05-06,3,3,1,499.0,210.0,0.0
1720,1372,5,2024-05-06,1,1,1,349.0,147.0,0.0
1721,109,4,2024-05-07,1,2,1,349.0,147.0,0.0
1722,130,4,2024-05-07,5,1,1,349.0,147.0,0.0
1723,1157,5,2024-05-07,7,1,2,296.65,147.0,52.35
1724,354,2,2024-05-07,1,2,2,254.15,128.0,44.85
1725,351,6,2024-05-07,4,2,1,449.1,210.0,49.9
1726,1312,3,2024-05-07,7,1,1,329.0,141.0,0.0
1727,745,5,2024-05-07,7,1,1,349.0,147.0,0.0
1728,1139,6,2024-05-07,5,2,1,499.0,210.0,0.0
1729,1524,5,2024-05-07,2,5,1,314.1,147.0,34.9
1730,1170,3,2024-05-07,8,2,1,329.0,141.0,0.0
1731,1466,5,2024-05-07,6,4,1,349.0,147.0,0.0
1732,899,1,2024-05-07,1,1,1,299.0,128.0,0.0
1733,1366,6,2024-05-07,3,1,1,499.0,210.0,0.0
1734,1005,5,2024-05-07,8,5,1,349.0,147.0,0.0
1735,1063,2,2024-05-07,5,1,1,269.1,128.0,29.9
1736,1625,3,2024-05-07,1,1,1,329.0,141.0,0.0
1737,1559,4,2024-05-08,7,2,1,296.65,147.0,52.35
1738,1037,5,2024-05-08,5,3,1,349.0,147.0,0.0
1739,1800,3,2024-05-08,4,2,1,329.0,141.0,0.0
1740,125,5,2024-05-08,5,1,2,314.1,147.0,34.9
1741,36,2,2024-05-08,4,4,1,254.15,128.0,44.85
1742,1752,5,2024-05-08,2,4,1,349.0,147.0,0.0
1743,1954,2,2024-05-08,7,1,1,269.1,128.0,29.9
1744,306,4,2024-05-08,8,3,1,296.65,147.0,52.35
1745,1360,1,2024-05-08,4,3,1,299.0,128.0,0.0
1746,395,1,2024-05-08,3,5,1,254.15,128.0,44.85
1747,170,2,2024-05-08,8,1,1,299.0,128.0,0.0
1748,100,4,2024-05-08,1,4,1,349.0,147.0,0.0
1749,1893,5,2024-05-08,4,1,1,349.0,147.0,0.0
1750,1241,5,2024-05-08,2,1,1,349.0,147.0,0.0
1751,1871,2,2024-05-08,3,3,1,299.0,128.0,0.0
1752,1356,5,2024-05-08,1,5,1,349.0,147.0,0.0
1753,1530,5,2024-05-09,3,1,1,349.0,147.0,0.0
1754,1099,1,2024-05-09,4,1,1,299.0,128.0,0.0
1755,1067,1,2024-05-09,1,1,1,299.0,128.0,0.0
1756,1618,4,2024-05-09,7,4,1,349.0,147.0,0.0
1757,1181,5,2024-05-09,2,1,2,349.0,147.0,0.0
1758,1721,5,2024-05-09,9,1,1,314.1,147.0,34.9
1759,780,5,2024-05-09,4,4,1,349.0,147.0,0.0
1760,440,5,2024-05-09,5,2,1,349.0,147.0,0.0
1761,1687,1,2024-05-09,1,1,1,254.15,128.0,44.85
1762,869,6,2024-05-09,2,3,1,499.0,210.0,0.0
1763,267,2,2024-05-09,7,3,1,254.15,128.0,44.85
1764,53,1,2024-05-09,1,2,1,299.0,128.0,0.0
1765,982,2,2024-05-09,4,1,1,299.0,128.0,0.0
1766,1473,5,2024-05-09,3,2,1,349.0,147.0,0.0
1767,267,1,2024-05-09,7,1,1,299.0,128.0,0.0
1768,1696,5,2024-05-10,5,4,1,349.0,147.0,0.0
1769,67,2,2024-05-10,7,2,1,299.0,128.0,0.0
1770,1017,4,2024-05-10,3,3,1,349.0,147.0,0.0
1771,1276,1,2024-05-10,9,2,1,299.0,128.0,0.0
1772,871,5,2024-05-10,6,1,2,349.0,147.0,0.0
1773,1660,2,2024-05-10,3,3,1,299.0,128.0,0.0
1774,1633,5,2024-05-10,5,3,1,349.0,147.0,0.0
1775,845,4,2024-05-10,5,1,1,349.0,147.0,0.0
1776,332,4,2024-05-10,1,3,1,349.0,147.0,0.0
1777,751,4,2024-05-10,5,5,1,349.0,147.0,0.0
1778,1443,1,2024-05-10,2,1,1,299.0,128.0,0.0
1779,111,4,2024-05-10,1,4,1,349.0,147.0,0.0
1780,740,6,2024-05-10,1,2,2,499.0,210.0,0.0
1781,234,5,2024-05-10,1,2,1,349.0,147.0,0.0
1782,1082,5,2024-05-10,4,2,1,349.0,147.0,0.0
1783,419,1,2024-05-11,4,4,1,299.0,128.0,0.0
1784,411,4,2024-05-11,8,5,1,314.1,147.0,34.9
1785,1717,4,2024-05-11,1,2,1,314.1,147.0,34.9
1786,1075,2,2024-05-11,1,1,1,269.1,128.0,29.9
1787,545,4,2024-05-11,2,2,1,349.0,147.0,0.0
1788,1547,1,2024-05-11,3,2,1,299.0,128.0,0.0
1789,1872,2,2024-05-11,3,2,1,299.0,128.0,0.0
1790,1929,4,2024-05-11,5,3,1,349.0,147.0,0.0
1791,1427,2,2024-05-11,9,1,1,299.0,128.0,0.0
1792,1607,2,2024-05-11,1,2,1,299.0,128.0,0.0
1793,1325,5,2024-05-11,2,2,1,296.65,147.0,52.35
1794,1010,4,2024-05-11,3,3,1,349.0,147.0,0.0
1795,1667,4,2024-05-11,1,5,1,349.0,147.0,0.0
1796,1957,1,2024-05-11,1,2,1,299.0,128.0,0.0
1797,546,2,2024-05-11,3,1,1,269.1,128.0,29.9
1798,1411,6,2024-05-11,3,5,1,499.0,210.0,0.0
1799,1251,4,2024-05-11,7,1,1,349.0,147.0,0.0
1800,883,5,2024-05-11,1,1,2,349.0,147.0,0.0
1801,944,5,2024-05-11,1,1,1,349.0,147.0,0.0
1802,325,5,2024-05-11,4,1,1,349.0,147.0,0.0
1803,1741,6,2024-05-11,5,1,2,424.15,210.0,74.85
1804,1171,4,2024-05-12,3,5,1,296.65,147.0,52.35
1805,1838,1,2024-05-12,5,2,2,254.15,128.0,44.85
1806,1282,4,2024-05-12,1,4,1,349.0,147.0,0.0
1807,145,6,2024-05-12,2,1,2,449.1,210.0,49.9
1808,1553,1,2024-05-12,3,3,2,269.1,128.0,29.9
1809,478,4,2024-05-12,3,1,1,349.0,147.0,0.0
1810,354,1,2024-05-12,3,1,1,299.0,128.0,0.0
1811,1366,1,2024-05-12,2,1,1,269.1,128.0,29.9
1812,1220,4,2024-05-12,7,2,1,349.0,147.0,0.0
1813,1024,5,2024-05-12,4,2,1,314.1,147.0,34.9
1814,1852,4,2024-05-12,3,5,1,314.1,147.0,34.9
1815,1906,5,2024-05-12,1,2,1,349.0,147.0,0.0
1816,1462,1,2024-05-12,3,1,1,299.0,128.0,0.0
1817,875,1,2024-05-13,1,1,1,299.0,128.0,0.0
1818,1831,5,2024-05-13,5,2,1,349.0,147.0,0.0
1819,1596,6,2024-05-13,4,2,1,449.1,210.0,49.9
1820,373,2,2024-05-13,3,2,1,299.0,128.0,0.0
1821,1711,4,2024-05-13,1,2,1,349.0,147.0,0.0
1822,53,2,2024-05-13,3,1,1,299.0,128.0,0.0
1823,693,1,2024-05-13,2,3,1,254.15,128.0,44.85
1824,1691,4,2024-05-13,1,5,1,349.0,147.0,0.0
1825,1967,5,2024-05-13,3,2,1,349.0,147.0,0.0
1826,1258,1,2024-05-13,2,1,1,254.15,128.0,44.85
1827,1542,4,2024-05-13,1,4,1,349.0,147.0,0.0
1828,1700,1,2024-05-14,1,3,1,254.15,128.0,44.85
1829,1229,4,2024-05-14,1,2,1,314.1,147.0,34.9
1830,477,2,2024-05-14,2,5,1,269.1,128.0,29.9
1831,90,6,2024-05-14,2,3,1,499.0,210.0,0.0
1832,1435,1,2024-05-14,2,1,1,254.15,128.0,44.85
1833,297,2,2024-05-14,4,4,1,299.0,128.0,0.0
1834,1428,2,2024-05-14,2,1,1,299.0,128.0,0.0
1835,1548,5,2024-05-14,1,2,1,296.65,147.0,52.35
1836,1434,2,2024-05-14,4,2,1,269.1,128.0,29.9
1837,1959,6,2024-05-14,6,1,1,499.0,210.0,0.0
1838,557,1,2024-05-14,9,3,1,299.0,128.0,0.0
1839,1720,3,2024-05-14,2,1,1,329.0,141.0,0.0
1840,865,4,2024-05-14,1,5,1,314.1,147.0,34.9
1841,811,5,2024-05-14,3,2,1,349.0,147.0,0.0
1842,1411,5,2024-05-14,1,1,1,349.0,147.0,0.0
1843,1352,1,2024-05-14,4,1,1,299.0,128.0,0.0
1844,1731,5,2024-05-15,5,2,1,349.0,147.0,0.0
1845,1423,1,2024-05-15,3,3,1,299.0,128.0,0.0
1846,466,5,2024-05-15,5,1,1,314.1,147.0,34.9
1847,644,2,2024-05-15,1,2,2,299.0,128.0,0.0
1848,672,3,2024-05-15,1,2,1,329.0,141.0,0.0
1849,1334,4,2024-05-15,8,1,1,349.0,147.0,0.0
1850,97,2,2024-05-15,7,3,1,299.0,128.0,0.0
1851,1517,5,2024-05-15,3,1,1,349.0,147.0,0.0
1852,893,2,2024-05-15,2,2,1,269.1,128.0,29.9
1853,746,4,2024-05-15,1,2,1,349.0,147.0,0.0
1854,1952,3,2024-05-15,5,4,1,329.0,141.0,0.0
1855,60,4,2024-05-15,1,2,1,314.1,147.0,34.9
1856,781,5,2024-05-15,3,3,1,349.0,147.0,0.0
1857,111,1,2024-05-15,2,5,1,299.0,128.0,0.0
1858,19,5,2024-05-15,1,1,1,349.0,147.0,0.0
1859,603,2,2024-05-15,8,2,1,299.0,128.0,0.0
1860,276,5,2024-05-16,1,1,1,349.0,147.0,0.0
1861,1453,6,2024-05-16,6,4,1,424.15,210.0,74.85
1862,515,4,2024-05-16,1,3,1,349.0,147.0,0.0
1863,1100,1,2024-05-16,2,3,1,299.0,128.0,0.0
1864,1145,1,2024-05-16,4,5,1,299.0,128.0,0.0
1865,910,6,2024-05-16,2,1,1,424.15,210.0,74.85
1866,1472,4,2024-05-16,5,1,1,349.0,147.0,0.0
1867,1496,1,2024-05-16,1,3,1,299.0,128.0,0.0
1868,1812,4,2024-05-16,3,2,1,349.0,147.0,0.0
1869,1542,4,2024-05-16,6,1,1,349.0,147.0,0.0
1870,543,6,2024-05-16,4,3,1,499.0,210.0,0.0
1871,477,4,2024-05-16,5,5,1,349.0,147.0,0.0
1872,97,1,2024-05-16,4,1,2,299.0,128.0,0.0
1873,957,3,2024-05-16,7,1,1,329.0,141.0,0.0
1874,1935,2,2024-05-17,2,2,2,254.15,128.0,44.85
1875,1568,5,2024-05-17,4,4,2,349.0,147.0,0.0
1876,174,4,2024-05-17,1,3,1,349.0,147.0,0.0
1877,1322,4,2024-05-17,1,4,1,349.0,147.0,0.0
1878,1137,4,2024-05-17,7,2,1,314.1,147.0,34.9
1879,26,5,2024-05-17,4,2,1,314.1,147.0,34.9
1880,506,5,2024-05-17,1,2,1,349.0,147.0,0.0
1881,1624,6,2024-05-17,6,1,1,499.0,210.0,0.0
1882,1831,2,2024-05-17,1,4,1,269.1,128.0,29.9
1883,1768,5,2024-05-17,1,4,1,349.0,147.0,0.0
1884,903,4,2024-05-17,6,1,1,296.65,147.0,52.35
1885,353,2,2024-05-17,2,1,1,299.0,128.0,0.0
1886,110,5,2024-05-17,2,1,1,349.0,147.0,0.0
1887,1443,5,2024-05-18,4,5,1,349.0,147.0,0.0
1888,1487,5,2024-05-18,1,2,1,349.0,147.0,0.0
1889,1029,4,2024-05-18,2,2,1,349.0,147.0,0.0
1890,1187,4,2024-05-18,1,4,1,349.0,147.0,0.0
1891,1415,4,2024-05-18,3,3,1,296.65,147.0,52.35
1892,1716,4,2024-05-18,1,2,1,349.0,147.0,0.0
1893,75,5,2024-05-18,3,5,1,296.65,147.0,52.35
1894,1456,2,2024-05-18,6,2,1,254.15,128.0,44.85
1895,1214,4,2024-05-18,5,1,1,349.0,147.0,0.0
1896,231,6,2024-05-18,2,4,1,499.0,210.0,0.0
1897,1933,5,2024-05-18,7,5,1,349.0,147.0,0.0
1898,1458,4,2024-05-18,1,4,2,349.0,147.0,0.0
1899,31,2,2024-05-18,1,2,1,299.0,128.0,0.0
1900,945,4,2024-05-19,3,2,1,296.65,147.0,52.35
1901,1376,5,2024-05-19,5,1,1,349.0,147.0,0.0
1902,1122,1,2024-05-19,5,1,1,299.0,128.0,0.0
1903,1879,5,2024-05-19,2,1,1,349.0,147.0,0.0
1904,1933,1,2024-05-19,3,2,1,299.0,128.0,0.0
1905,1539,5,2024-05-19,2,2,1,349.0,147.0,0.0
1906,1206,3,2024-05-19,1,3,1,329.0,141.0,0.0
1907,35,4,2024-05-19,1,4,1,296.65,147.0,52.35
1908,572,6,2024-05-19,3,1,2,499.0,210.0,0.0
1909,41,6,2024-05-19,7,2,1,499.0,210.0,0.0
1910,551,1,2024-05-19,7,1,1,299.0,128.0,0.0
1911,178,5,2024-05-19,8,5,1,314.1,147.0,34.9
1912,4,5,2024-05-19,4,5,1,349.0,147.0,0.0
1913,1212,2,2024-05-19,4,2,1,299.0,128.0,0.0
1914,860,4,2024-05-20,3,2,1,349.0,147.0,0.0
1915,1274,4,2024-05-20,1,1,1,349.0,147.0,0.0
1916,888,4,2024-05-20,1,2,1,349.0,147.0,0.0
1917,1397,5,2024-05-20,2,2,1,349.0,147.0,0.0
1918,1212,4,2024-05-20,3,4,1,314.1,147.0,34.9
1919,48,5,2024-05-20,1,2,1,349.0,147.0,0.0
1920,1437,5,2024-05-20,4,2,1,314.1,147.0,34.9
1921,1702,5,2024-05-20,1,4,1,349.0,147.0,0.0
1922,1559,6,2024-05-20,1,1,1,499.0,210.0,0.0
1923,945,3,2024-05-20,1,2,1,279.65,141.0,49.35
1924,596,5,2024-05-20,2,2,1,349.0,147.0,0.0
1925,1606,1,2024-05-20,4,1,1,269.1,128.0,29.9
1926,189,4,2024-05-20,3,1,1,296.65,147.0,52.35
1927,289,4,2024-05-21,1,1,1,349.0,147.0,0.0
1928,1449,5,2024-05-21,5,1,1,349.0,147.0,0.0
1929,271,1,2024-05-21,2,4,1,299.0,128.0,0.0
1930,93,3,2024-05-21,6,1,1,329.0,141.0,0.0
1931,1730,5,2024-05-21,3,5,1,349.0,147.0,0.0
1932,102,1,2024-05-21,7,2,1,254.15,128.0,44.85
1933,1947,1,2024-05-21,2,4,1,269.1,128.0,29.9
1934,364,4,2024-05-21,7,4,1,349.0,147.0,0.0
1935,574,1,2024-05-21,8,4,1,299.0,128.0,0.0
1936,375,2,2024-05-21,1,5,1,299.0,128.0,0.0
1937,149,3,2024-05-21,5,2,2,279.65,141.0,49.35
1938,987,1,2024-05-21,4,3,1,254.15,128.0,44.85
1939,121,1,2024-05-21,4,4,1,254.15,128.0,44.85
1940,1815,5,2024-05-21,2,2,2,349.0,147.0,0.0
1941,743,2,2024-05-22,1,2,1,269.1,128.0,29.9
1942,409,1,2024-05-22,4,3,1,269.1,128.0,29.9
1943,10,6,2024-05-22,9,1,1,499.0,210.0,0.0
1944,1033,4,2024-05-22,5,1,1,349.0,147.0,0.0
1945,1323,1,2024-05-22,4,2,1,299.0,128.0,0.0
1946,1772,5,2024-05-22,2,2,1,349.0,147.0,0.0
1947,237,4,2024-05-22,5,2,1,296.65,147.0,52.35
1948,290,6,2024-05-22,3,1,1,499.0,210.0,0.0
1949,1579,5,2024-05-22,1,2,1,349.0,147.0,0.0
1950,1150,5,2024-05-22,1,4,1,349.0,147.0,0.0
1951,437,6,2024-05-22,3,2,1,499.0,210.0,0.0
1952,1805,5,2024-05-22,3,1,1,296.65,147.0,52.35
1953,1766,2,2024-05-22,3,1,1,299.0,128.0,0.0
1954,1123,2,2024-05-22,2,2,1,299.0,128.0,0.0
1955,400,4,2024-05-22,1,5,2,349.0,147.0,0.0
1956,1634,6,2024-05-23,7,2,2,499.0,210.0,0.0
1957,678,3,2024-05-23,2,1,1,329.0,141.0,0.0
1958,738,4,2024-05-23,8,1,1,349.0,147.0,0.0
1959,1157,2,2024-05-23,3,1,1,299.0,128.0,0.0
1960,1569,3,2024-05-23,2,1,1,329.0,141.0,0.0
1961,1229,1,2024-05-23,9,2,1,254.15,128.0,44.85
1962,1040,6,2024-05-23,1,1,1,424.15,210.0,74.85
1963,605,5,2024-05-23,5,1,1,349.0,147.0,0.0
1964,1299,1,2024-05-23,1,4,1,299.0,128.0,0.0
1965,1910,2,2024-05-23,9,4,2,299.0,128.0,0.0
1966,1366,1,2024-05-23,5,2,1,299.0,128.0,0.0
1967,1786,6,2024-05-23,5,3,1,449.1,210.0,49.9
1968,104,1,2024-05-23,5,1,1,299.0,128.0,0.0
1969,1800,3,2024-05-23,3,2,1,329.0,141.0,0.0
1970,898,2,2024-05-24,5,3,2,299.0,128.0,0.0
1971,1730,1,2024-05-24,2,3,1,299.0,128.0,0.0
1972,1381,3,2024-05-24,5,1,1,329.0,141.0,0.0
1973,20,6,2024-05-24,1,1,1,499.0,210.0,0.0
1974,1478,1,2024-05-24,1,1,1,299.0,128.0,0.0
1975,1921,1,2024-05-24,4,5,1,299.0,128.0,0.0
1976,583,1,2024-05-24,7,5,1,299.0,128.0,0.0
1977,1340,3,2024-05-24,8,2,1,296.1,141.0,32.9
1978,1557,5,2024-05-24,2,1,1,349.0,147.0,0.0
1979,795,1,2024-05-24,3,2,1,254.15,128.0,44.85
1980,1320,1,2024-05-24,7,2,1,254.15,128.0,44.85
1981,151,4,2024-05-24,1,3,1,349.0,147.0,0.0
1982,495,6,2024-05-24,1,4,1,499.0,210.0,0.0
1983,447,5,2024-05-24,3,5,1,349.0,147.0,0.0
1984,768,5,2024-05-24,3,3,1,349.0,147.0,0.0
1985,1734,2,2024-05-24,4,4,1,299.0,128.0,0.0
1986,150,4,2024-05-24,1,2,2,349.0,147.0,0.0
1987,586,1,2024-05-25,1,1,1,299.0,128.0,0.0
1988,1940,4,2024-05-25,1,1,1,349.0,147.0,0.0
1989,196,1,2024-05-25,1,4,1,299.0,128.0,0.0
1990,864,5,2024-05-25,4,5,1,349.0,147.0,0.0
1991,1139,6,2024-05-25,1,5,1,499.0,210.0,0.0
1992,182,3,2024-05-25,4,1,1,296.1,141.0,32.9
1993,1836,5,2024-05-25,3,3,2,296.65,147.0,52.35
1994,1153,4,2024-05-25,6,4,2,349.0,147.0,0.0
1995,180,2,2024-05-25,2,2,1,269.1,128.0,29.9
1996,473,6,2024-05-25,7,3,1,499.0,210.0,0.0
1997,1812,5,2024-05-25,1,1,1,349.0,147.0,0.0
1998,949,5,2024-05-25,7,1,1,349.0,147.0,0.0
1999,1641,3,2024-05-25,3,1,1,329.0,141.0,0.0
2000,203,4,2024-05-26,1,5,1,349.0,147.0,0.0
2001,1075,5,2024-05-26,5,3,1,296.65,147.0,52.35
2002,1159,1,2024-05-26,3,2,1,299.0,128.0,0.0
2003,681,4,2024-05-26,2,3,1,349.0,147.0,0.0
2004,1414,6,2024-05-26,2,2,1,499.0,210.0,0.0
2005,1452,1,2024-05-26,1,2,2,299.0,128.0,0.0
2006,1656,5,2024-05-26,8,2,1,349.0,147.0,0.0
2007,317,4,2024-05-26,5,1,1,314.1,147.0,34.9
2008,1970,5,2024-05-27,9,1,1,349.0,147.0,0.0
2009,1480,5,2024-05-27,3,2,1,349.0,147.0,0.0
2010,1100,1,2024-05-27,1,5,2,254.15,128.0,44.85
2011,122,2,2024-05-27,2,1,1,299.0,128.0,0.0
2012,270,6,2024-05-27,1,5,1,499.0,210.0,0.0
2013,1960,3,2024-05-27,1,1,1,329.0,141.0,0.0
2014,1285,5,2024-05-27,8,1,1,349.0,147.0,0.0
2015,1464,5,2024-05-27,5,2,1,349.0,147.0,0.0
2016,1742,6,2024-05-27,2,1,1,499.0,210.0,0.0
2017,1841,5,2024-05-27,2,1,1,349.0,147.0,0.0
2018,520,3,2024-05-27,1,3,1,279.65,141.0,49.35
2019,1219,2,2024-05-27,2,5,1,299.0,128.0,0.0
2020,197,4,2024-05-27,5,3,1,314.1,147.0,34.9
2021,1226,1,2024-05-27,8,1,1,269.1,128.0,29.9
2022,612,3,2024-05-27,1,3,1,296.1,141.0,32.9
2023,1088,2,2024-05-27,1,5,2,299.0,128.0,0.0
2024,1109,5,2024-05-27,1,2,1,349.0,147.0,0.0
2025,1642,5,2024-05-27,1,1,2,349.0,147.0,0.0
2026,1985,5,2024-05-28,3,3,1,296.65,147.0,52.35
2027,1825,1,2024-05-28,1,2,1,299.0,128.0,0.0
2028,1647,3,2024-05-28,2,3,1,329.0,141.0,0.0
2029,522,3,2024-05-28,2,1,1,279.65,141.0,49.35
2030,628,4,2024-05-28,3,1,1,349.0,147.0,0.0
2031,1326,4,2024-05-28,6,2,1,349.0,147.0,0.0
2032,889,5,2024-05-28,1,1,1,349.0,147.0,0.0
2033,842,5,2024-05-28,8,2,1,349.0,147.0,0.0
2034,657,2,2024-05-28,6,2,1,299.0,128.0,0.0
2035,1956,1,2024-05-28,4,3,1,254.15,128.0,44.85
2036,201,5,2024-05-29,1,1,2,349.0,147.0,0.0
2037,1681,5,2024-05-29,2,1,1,349.0,147.0,0.0
2038,1147,3,2024-05-29,8,5,1,329.0,141.0,0.0
2039,1940,4,2024-05-29,4,2,2,314.1,147.0,34.9
2040,484,2,2024-05-29,5,4,1,299.0,128.0,0.0
2041,494,1,2024-05-29,4,2,1,299.0,128.0,0.0
2042,58,3,2024-05-29,3,3,1,329.0,141.0,0.0
2043,1877,5,2024-05-29,5,2,1,349.0,147.0,0.0
2044,1459,5,2024-05-29,5,5,1,349.0,147.0,0.0
2045,1302,3,2024-05-29,3,2,1,279.65,141.0,49.35
2046,1756,2,2024-05-29,5,2,1,299.0,128.0,0.0
2047,1653,1,2024-05-29,1,1,1,299.0,128.0,0.0
2048,758,1,2024-05-29,2,4,1,299.0,128.0,0.0
2049,1267,6,2024-05-29,2,3,1,499.0,210.0,0.0
2050,1221,1,2024-05-29,2,1,1,299.0,128.0,0.0
2051,915,2,2024-05-29,3,5,1,299.0,128.0,0.0
2052,280,2,2024-05-29,1,1,1,299.0,128.0,0.0
2053,251,6,2024-05-29,8,3,1,424.15,210.0,74.85
2054,1196,2,2024-05-29,3,1,1,299.0,128.0,0.0
2055,438,5,2024-05-30,1,3,1,349.0,147.0,0.0
2056,463,1,2024-05-30,1,2,1,254.15,128.0,44.85
2057,1497,1,2024-05-30,7,1,2,269.1,128.0,29.9
2058,247,1,2024-05-30,7,2,1,299.0,128.0,0.0
2059,652,2,2024-05-30,2,4,1,254.15,128.0,44.85
2060,887,5,2024-05-30,1,3,1,349.0,147.0,0.0
2061,1824,5,2024-05-30,4,1,1,349.0,147.0,0.0
2062,1328,6,2024-05-30,3,1,1,499.0,210.0,0.0
2063,1520,5,2024-05-30,3,2,1,349.0,147.0,0.0
2064,820,5,2024-05-30,1,1,1,349.0,147.0,0.0
2065,127,4,2024-05-30,5,4,1,314.1,147.0,34.9
2066,1667,4,2024-05-30,7,1,1,349.0,147.0,0.0
2067,1064,5,2024-05-30,1,4,1,349.0,147.0,0.0
2068,365,5,2024-05-30,3,4,1,349.0,147.0,0.0
2069,400,1,2024-05-30,8,3,1,299.0,128.0,0.0
2070,253,5,2024-05-30,5,3,1,349.0,147.0,0.0
2071,1013,6,2024-05-31,1,2,1,499.0,210.0,0.0
2072,719,5,2024-05-31,7,1,1,349.0,147.0,0.0
2073,1321,2,2024-05-31,5,1,1,269.1,128.0,29.9
2074,1473,3,2024-05-31,6,3,1,296.1,141.0,32.9
2075,1863,2,2024-05-31,5,2,1,299.0,128.0,0.0
2076,1433,4,2024-05-31,1,1,1,349.0,147.0,0.0
2077,1747,4,2024-05-31,6,3,1,314.1,147.0,34.9
2078,462,1,2024-05-31,2,1,1,299.0,128.0,0.0
2079,814,1,2024-05-31,1,1,1,254.15,128.0,44.85
2080,248,5,2024-06-01,1,1,1,314.1,147.0,34.9
2081,29,4,2024-06-01,4,5,1,349.0,147.0,0.0
2082,1134,2,2024-06-01,4,1,2,299.0,128.0,0.0
2083,184,6,2024-06-01,4,5,1,449.1,210.0,49.9
2084,1561,2,2024-06-01,3,1,1,269.1,128.0,29.9
2085,1544,2,2024-06-01,8,5,1,254.15,128.0,44.85
2086,313,1,2024-06-01,1,1,1,299.0,128.0,0.0
2087,1245,2,2024-06-01,9,4,2,299.0,128.0,0.0
2088,1160,2,2024-06-01,4,1,1,254.15,128.0,44.85
2089,1504,6,2024-06-01,6,2,1,499.0,210.0,0.0
2090,692,2,2024-06-01,1,4,1,254.15,128.0,44.85
2091,1619,5,2024-06-01,6,1,1,349.0,147.0,0.0
2092,114,2,2024-06-02,1,1,1,299.0,128.0,0.0
2093,995,5,2024-06-02,2,1,1,349.0,147.0,0.0
2094,1151,3,2024-06-02,1,2,1,329.0,141.0,0.0
2095,822,5,2024-06-02,2,2,1,349.0,147.0,0.0
2096,1475,4,2024-06-02,5,3,1,349.0,147.0,0.0
2097,93,3,2024-06-02,1,2,1,329.0,141.0,0.0
2098,138,3,2024-06-02,1,2,1,329.0,141.0,0.0
2099,1881,5,2024-06-02,3,3,1,349.0,147.0,0.0
2100,1181,5,2024-06-02,2,2,1,349.0,147.0,0.0
2101,733,5,2024-06-02,5,1,1,314.1,147.0,34.9
2102,346,4,2024-06-02,4,3,1,349.0,147.0,0.0
2103,197,1,2024-06-02,1,1,1,299.0,128.0,0.0
2104,499,5,2024-06-02,2,2,1,296.65,147.0,52.35
2105,1160,6,2024-06-03,3,4,1,499.0,210.0,0.0
2106,474,1,2024-06-03,1,3,1,269.1,128.0,29.9
2107,1383,5,2024-06-03,3,2,1,349.0,147.0,0.0
2108,1274,4,2024-06-03,6,5,1,349.0,147.0,0.0
2109,1927,4,2024-06-03,5,1,1,296.65,147.0,52.35
2110,1235,1,2024-06-03,1,5,1,299.0,128.0,0.0
2111,1377,5,2024-06-03,1,1,1,349.0,147.0,0.0
2112,325,1,2024-06-03,5,2,1,269.1,128.0,29.9
2113,775,2,2024-06-03,5,1,1,299.0,128.0,0.0
2114,15,5,2024-06-03,3,2,1,349.0,147.0,0.0
2115,634,4,2024-06-03,2,2,1,349.0,147.0,0.0
2116,922,6,2024-06-03,5,2,1,499.0,210.0,0.0
2117,712,4,2024-06-03,2,1,2,349.0,147.0,0.0
2118,501,3,2024-06-03,1,3,1,329.0,141.0,0.0
2119,1997,2,2024-06-04,3,1,1,299.0,128.0,0.0
2120,1808,4,2024-06-04,5,1,1,349.0,147.0,0.0
2121,422,1,2024-06-04,1,2,1,299.0,128.0,0.0
2122,226,2,2024-06-04,1,1,1,299.0,128.0,0.0
2123,161,5,2024-06-04,4,2,1,296.65,147.0,52.35
2124,1168,5,2024-06-04,2,3,1,349.0,147.0,0.0
2125,508,2,2024-06-04,7,5,1,299.0,128.0,0.0
2126,1527,2,2024-06-04,5,1,1,269.1,128.0,29.9
2127,249,3,2024-06-04,5,1,2,329.0,141.0,0.0
2128,1446,6,2024-06-04,2,2,1,499.0,210.0,0.0
2129,553,5,2024-06-04,4,3,1,349.0,147.0,0.0
2130,1150,2,2024-06-04,3,1,1,299.0,128.0,0.0
2131,1481,4,2024-06-04,4,2,2,296.65,147.0,52.35
2132,1579,5,2024-06-04,1,1,1,296.65,147.0,52.35
2133,1557,4,2024-06-05,1,2,1,349.0,147.0,0.0
2134,89,4,2024-06-05,2,1,1,314.1,147.0,34.9
2135,1454,5,2024-06-05,3,4,1,349.0,147.0,0.0
2136,258,1,2024-06-05,3,4,1,299.0,128.0,0.0
2137,782,6,2024-06-05,3,4,1,499.0,210.0,0.0
2138,290,5,2024-06-05,5,1,1,349.0,147.0,0.0
2139,1770,4,2024-06-05,3,2,1,314.1,147.0,34.9
2140,390,3,2024-06-05,3,1,1,329.0,141.0,0.0
2141,1925,4,2024-06-05,4,5,1,296.65,147.0,52.35
2142,535,5,2024-06-05,5,2,1,349.0,147.0,0.0
2143,454,1,2024-06-05,2,4,1,299.0,128.0,0.0
2144,608,5,2024-06-05,7,3,1,349.0,147.0,0.0
2145,69,5,2024-06-05,1,2,1,349.0,147.0,0.0
2146,1344,1,2024-06-05,5,2,1,299.0,128.0,0.0
2147,1519,5,2024-06-05,6,4,1,349.0,147.0,0.0
2148,67,4,2024-06-05,2,3,1,296.65,147.0,52.35
2149,289,4,2024-06-05,8,1,1,314.1,147.0,34.9
2150,1649,5,2024-06-05,3,1,1,296.65,147.0,52.35
2151,954,2,2024-06-05,6,1,2,299.0,128.0,0.0
2152,468,4,2024-06-05,1,1,1,349.0,147.0,0.0
2153,1146,4,2024-06-05,1,3,1,349.0,147.0,0.0
2154,1495,5,2024-06-05,1,2,2,349.0,147.0,0.0
2155,314,4,2024-06-05,1,2,1,349.0,147.0,0.0
2156,221,2,2024-06-05,1,1,1,299.0,128.0,0.0
2157,960,4,2024-06-05,7,3,1,349.0,147.0,0.0
2158,748,6,2024-06-05,1,2,1,449.1,210.0,49.9
2159,1250,3,2024-06-06,5,1,1,329.0,141.0,0.0
2160,1315,3,2024-06-06,1,1,1,279.65,141.0,49.35
2161,1192,4,2024-06-06,1,1,1,349.0,147.0,0.0
2162,1468,6,2024-06-06,3,2,1,499.0,210.0,0.0
2163,1939,6,2024-06-06,9,3,1,499.0,210.0,0.0
2164,187,4,2024-06-06,5,1,1,349.0,147.0,0.0
2165,1805,3,2024-06-06,3,4,1,296.1,141.0,32.9
2166,1353,5,2024-06-06,1,5,1,314.1,147.0,34.9
2167,1316,4,2024-06-06,3,2,1,314.1,147.0,34.9
2168,1705,4,2024-06-06,1,2,1,296.65,147.0,52.35
2169,1110,2,2024-06-06,5,2,1,299.0,128.0,0.0
2170,304,3,2024-06-06,1,2,1,329.0,141.0,0.0
2171,1644,6,2024-06-06,2,2,1,499.0,210.0,0.0
2172,1460,2,2024-06-06,8,2,1,299.0,128.0,0.0
2173,1576,6,2024-06-07,1,5,1,499.0,210.0,0.0
2174,245,4,2024-06-07,5,5,2,349.0,147.0,0.0
2175,1133,4,2024-06-07,4,4,1,349.0,147.0,0.0
2176,1841,1,2024-06-07,3,3,1,269.1,128.0,29.9
2177,1635,4,2024-06-07,1,5,1,349.0,147.0,0.0
2178,1265,2,2024-06-07,5,4,1,299.0,128.0,0.0
2179,225,4,2024-06-07,3,2,1,349.0,147.0,0.0
2180,522,2,2024-06-07,1,4,1,299.0,128.0,0.0
2181,307,1,2024-06-07,2,4,1,299.0,128.0,0.0
2182,1211,5,2024-06-07,7,3,1,296.65,147.0,52.35
2183,4,5,2024-06-07,2,1,1,349.0,147.0,0.0
2184,1797,6,2024-06-07,3,2,1,499.0,210.0,0.0
2185,1189,6,2024-06-07,5,1,1,499.0,210.0,0.0
2186,767,4,2024-06-07,2,2,1,349.0,147.0,0.0
2187,1792,3,2024-06-08,1,3,1,329.0,141.0,0.0
2188,373,3,2024-06-08,8,2,1,329.0,141.0,0.0
2189,649,4,2024-06-08,3,1,1,349.0,147.0,0.0
2190,350,2,2024-06-08,3,4,1,299.0,128.0,0.0
2191,716,4,2024-06-08,1,2,1,349.0,147.0,0.0
2192,1486,6,2024-06-08,1,5,1,499.0,210.0,0.0
2193,1956,6,2024-06-08,4,1,1,499.0,210.0,0.0
2194,1362,5,2024-06-08,3,3,1,349.0,147.0,0.0
2195,316,4,2024-06-08,2,3,1,349.0,147.0,0.0
2196,369,1,2024-06-08,1,2,1,299.0,128.0,0.0
2197,1324,5,2024-06-08,5,1,1,349.0,147.0,0.0
2198,1103,5,2024-06-08,3,4,1,349.0,147.0,0.0
2199,1443,5,2024-06-08,1,1,1,349.0,147.0,0.0
2200,1946,5,2024-06-08,2,3,1,349.0,147.0,0.0
2201,1103,2,2024-06-09,3,2,1,299.0,128.0,0.0
2202,1831,1,2024-06-09,2,2,1,299.0,128.0,0.0
2203,120,3,2024-06-09,6,3,2,296.1,141.0,32.9
2204,88,5,2024-06-09,7,2,1,296.65,147.0,52.35
2205,1308,4,2024-06-09,2,3,1,349.0,147.0,0.0
2206,795,4,2024-06-09,5,3,1,314.1,147.0,34.9
2207,244,4,2024-06-09,4,1,1,349.0,147.0,0.0
2208,289,5,2024-06-09,1,1,1,349.0,147.0,0.0
2209,626,5,2024-06-09,1,1,1,349.0,147.0,0.0
2210,1992,1,2024-06-09,7,2,1,254.15,128.0,44.85
2211,1766,5,2024-06-09,4,1,1,349.0,147.0,0.0
2212,1558,4,2024-06-09,2,3,1,296.65,147.0,52.35
2213,198,5,2024-06-09,5,1,1,349.0,147.0,0.0
2214,450,5,2024-06-09,5,1,1,349.0,147.0,0.0
2215,5,1,2024-06-09,1,1,1,299.0,128.0,0.0
2216,1115,3,2024-06-09,4,1,1,329.0,141.0,0.0
2217,368,2,2024-06-09,3,1,1,269.1,128.0,29.9
2218,728,4,2024-06-09,5,1,1,349.0,147.0,0.0
2219,1595,4,2024-06-09,2,3,1,349.0,147.0,0.0
2220,336,5,2024-06-09,6,1,1,296.65,147.0,52.35
2221,1139,6,2024-06-10,4,2,1,449.1,210.0,49.9
2222,1618,5,2024-06-10,2,3,1,314.1,147.0,34.9
2223,1036,3,2024-06-10,3,4,1,329.0,141.0,0.0
2224,1695,5,2024-06-10,1,2,1,349.0,147.0,0.0
2225,1977,5,2024-06-10,1,2,1,349.0,147.0,0.0
2226,322,2,2024-06-10,1,2,1,299.0,128.0,0.0
2227,1041,5,2024-06-10,3,2,1,314.1,147.0,34.9
2228,1754,1,2024-06-10,5,5,1,299.0,128.0,0.0
2229,41,4,2024-06-10,1,1,1,349.0,147.0,0.0
2230,1548,4,2024-06-10,1,4,1,349.0,147.0,0.0
2231,1103,4,2024-06-10,1,1,1,314.1,147.0,34.9
2232,261,4,2024-06-10,3,2,1,349.0,147.0,0.0
2233,227,3,2024-06-10,3,1,1,329.0,141.0,0.0
2234,1019,2,2024-06-11,6,1,1,254.15,128.0,44.85
2235,801,3,2024-06-11,3,3,1,296.1,141.0,32.9
2236,1253,5,2024-06-11,2,1,1,349.0,147.0,0.0
2237,1264,4,2024-06-11,2,1,1,296.65,147.0,52.35
2238,559,5,2024-06-11,3,1,1,349.0,147.0,0.0
2239,280,4,2024-06-11,4,1,1,349.0,147.0,0.0
2240,1265,4,2024-06-11,1,2,1,296.65,147.0,52.35
2241,1268,3,2024-06-11,5,2,1,329.0,141.0,0.0
2242,1405,5,2024-06-11,4,2,1,349.0,147.0,0.0
2243,831,2,2024-06-11,4,2,2,299.0,128.0,0.0
2244,620,1,2024-06-11,3,5,1,299.0,128.0,0.0
2245,704,2,2024-06-11,3,5,1,299.0,128.0,0.0
2246,600,5,2024-06-11,2,3,1,349.0,147.0,0.0
2247,342,5,2024-06-11,1,5,1,349.0,147.0,0.0
2248,243,5,2024-06-11,1,2,2,349.0,147.0,0.0
2249,813,4,2024-06-12,1,2,1,296.65,147.0,52.35
2250,555,4,2024-06-12,5,1,1,349.0,147.0,0.0
2251,1797,4,2024-06-12,5,1,1,314.1,147.0,34.9
2252,625,5,2024-06-12,4,2,1,349.0,147.0,0.0
2253,1707,5,2024-06-12,3,4,2,349.0,147.0,0.0
2254,30,1,2024-06-12,7,1,2,269.1,128.0,29.9
2255,436,1,2024-06-12,4,1,1,299.0,128.0,0.0
2256,1820,5,2024-06-12,1,5,1,349.0,147.0,0.0
2257,733,3,2024-06-12,3,4,1,329.0,141.0,0.0
2258,1109,5,2024-06-12,3,1,1,349.0,147.0,0.0
2259,1559,4,2024-06-12,1,2,1,349.0,147.0,0.0
2260,849,5,2024-06-12,4,1,1,349.0,147.0,0.0
2261,763,5,2024-06-12,7,1,1,349.0,147.0,0.0
2262,1220,6,2024-06-13,2,2,1,499.0,210.0,0.0
2263,1849,6,2024-06-13,2,1,1,499.0,210.0,0.0
2264,291,5,2024-06-13,2,2,1,349.0,147.0,0.0
2265,1787,4,2024-06-13,1,5,1,349.0,147.0,0.0
2266,371,1,2024-06-13,7,2,1,299.0,128.0,0.0
2267,604,4,2024-06-13,3,2,1,349.0,147.0,0.0
2268,1109,2,2024-06-13,1,2,1,299.0,128.0,0.0
2269,350,1,2024-06-13,1,1,1,299.0,128.0,0.0
2270,1701,1,2024-06-13,2,1,1,299.0,128.0,0.0
2271,1437,5,2024-06-13,5,2,1,349.0,147.0,0.0
2272,1349,2,2024-06-13,7,3,1,269.1,128.0,29.9
2273,486,6,2024-06-13,3,1,1,499.0,210.0,0.0
2274,1582,2,2024-06-13,4,2,1,299.0,128.0,0.0
2275,1459,5,2024-06-13,3,1,1,349.0,147.0,0.0
2276,1396,5,2024-06-13,1,1,1,314.1,147.0,34.9
2277,1029,3,2024-06-13,1,1,1,329.0,141.0,0.0
2278,107,4,2024-06-13,4,1,1,349.0,147.0,0.0
2279,931,3,2024-06-13,4,2,1,296.1,141.0,32.9
2280,290,2,2024-06-14,6,1,1,299.0,128.0,0.0
2281,1707,5,2024-06-14,2,4,1,349.0,147.0,0.0
2282,1170,4,2024-06-14,4,1,1,314.1,147.0,34.9
2283,474,4,2024-06-14,1,1,1,349.0,147.0,0.0
2284,171,5,2024-06-14,6,2,1,349.0,147.0,0.0
2285,1231,6,2024-06-14,3,2,1,499.0,210.0,0.0
2286,359,5,2024-06-14,1,2,1,349.0,147.0,0.0
2287,403,1,2024-06-14,2,1,1,299.0,128.0,0.0
2288,372,1,2024-06-14,6,1,1,299.0,128.0,0.0
2289,671,5,2024-06-14,3,1,1,314.1,147.0,34.9
2290,1157,5,2024-06-14,1,1,1,349.0,147.0,0.0
2291,782,4,2024-06-14,2,1,1,349.0,147.0,0.0
2292,1657,3,2024-06-14,1,4,2,279.65,141.0,49.35
2293,280,4,2024-06-14,4,2,1,314.1,147.0,34.9
2294,1990,6,2024-06-14,3,1,1,499.0,210.0,0.0
2295,76,1,2024-06-14,3,2,1,299.0,128.0,0.0
2296,1907,5,2024-06-15,1,2,1,349.0,147.0,0.0
2297,1359,4,2024-06-15,2,1,1,349.0,147.0,0.0
2298,1921,4,2024-06-15,8,4,1,349.0,147.0,0.0
2299,1260,5,2024-06-15,3,4,1,349.0,147.0,0.0
2300,1688,5,2024-06-15,3,3,1,349.0,147.0,0.0
2301,259,6,2024-06-15,1,1,1,449.1,210.0,49.9
2302,904,5,2024-06-15,4,3,1,349.0,147.0,0.0
2303,1293,5,2024-06-15,3,2,1,349.0,147.0,0.0
2304,1859,5,2024-06-15,7,3,1,349.0,147.0,0.0
2305,1084,2,2024-06-15,5,3,2,254.15,128.0,44.85
2306,1628,6,2024-06-15,1,5,1,449.1,210.0,49.9
2307,1072,1,2024-06-15,1,2,1,299.0,128.0,0.0
2308,700,5,2024-06-15,1,1,1,349.0,147.0,0.0
2309,1007,5,2024-06-15,2,1,1,296.65,147.0,52.35
2310,1682,1,2024-06-16,7,4,1,299.0,128.0,0.0
2311,1174,4,2024-06-16,3,1,1,349.0,147.0,0.0
2312,647,1,2024-06-16,3,1,1,254.15,128.0,44.85
2313,1617,3,2024-06-16,5,2,1,329.0,141.0,0.0
2314,43,5,2024-06-16,5,3,1,349.0,147.0,0.0
2315,400,1,2024-06-16,1,2,1,299.0,128.0,0.0
2316,1613,4,2024-06-16,3,4,1,296.65,147.0,52.35
2317,972,3,2024-06-16,1,3,1,329.0,141.0,0.0
2318,87,4,2024-06-16,3,1,1,349.0,147.0,0.0
2319,1029,5,2024-06-16,7,1,1,349.0,147.0,0.0
2320,1464,4,2024-06-16,7,3,1,296.65,147.0,52.35
2321,1088,4,2024-06-16,7,1,1,349.0,147.0,0.0
2322,1414,3,2024-06-16,1,2,1,329.0,141.0,0.0
2323,1636,4,2024-06-16,3,5,1,349.0,147.0,0.0
2324,1539,5,2024-06-16,8,2,1,349.0,147.0,0.0
2325,505,1,2024-06-16,2,2,1,299.0,128.0,0.0
2326,1618,5,2024-06-17,2,3,1,349.0,147.0,0.0
2327,88,5,2024-06-17,3,1,1,296.65,147.0,52.35
2328,58,5,2024-06-17,5,2,1,349.0,147.0,0.0
2329,10,3,2024-06-17,1,4,1,329.0,141.0,0.0
2330,526,1,2024-06-17,1,1,1,299.0,128.0,0.0
2331,1427,4,2024-06-17,1,2,2,349.0,147.0,0.0
2332,1676,4,2024-06-17,1,2,1,314.1,147.0,34.9
2333,255,1,2024-06-17,1,5,1,299.0,128.0,0.0
2334,17,2,2024-06-17,1,4,1,299.0,128.0,0.0
2335,1787,1,2024-06-17,3,2,1,299.0,128.0,0.0
2336,1186,2,2024-06-17,1,2,1,299.0,128.0,0.0
2337,1633,1,2024-06-17,5,5,1,299.0,128.0,0.0
2338,1762,4,2024-06-17,3,1,2,296.65,147.0,52.35
2339,1099,5,2024-06-18,3,1,1,349.0,147.0,0.0
2340,656,5,2024-06-18,1,4,1,314.1,147.0,34.9
2341,674,4,2024-06-18,3,2,1,349.0,147.0,0.0
2342,1820,2,2024-06-18,3,2,1,299.0,128.0,0.0
2343,246,5,2024-06-18,6,3,1,314.1,147.0,34.9
2344,1569,5,2024-06-18,3,3,1,296.65,147.0,52.35
2345,1846,1,2024-06-18,3,3,1,299.0,128.0,0.0
2346,1970,4,2024-06-18,2,2,1,349.0,147.0,0.0
2347,29,5,2024-06-18,4,2,1,349.0,147.0,0.0
2348,231,6,2024-06-18,4,2,1,499.0,210.0,0.0
2349,48,2,2024-06-18,1,1,1,299.0,128.0,0.0
2350,81,6,2024-06-18,6,1,1,449.1,210.0,49.9
2351,175,4,2024-06-18,3,1,1,349.0,147.0,0.0
2352,1553,2,2024-06-18,3,2,1,299.0,128.0,0.0
2353,1443,2,2024-06-18,2,3,1,299.0,128.0,0.0
2354,122,4,2024-06-19,8,5,1,349.0,147.0,0.0
2355,296,5,2024-06-19,3,3,1,349.0,147.0,0.0
2356,973,2,2024-06-19,7,2,1,299.0,128.0,0.0
2357,376,2,2024-06-19,2,1,1,299.0,128.0,0.0
2358,594,1,2024-06-19,4,1,1,299.0,128.0,0.0
2359,205,1,2024-06-19,1,2,1,299.0,128.0,0.0
2360,884,1,2024-06-19,1,2,1,299.0,128.0,0.0
2361,919,5,2024-06-19,1,1,1,296.65,147.0,52.35
2362,1218,3,2024-06-19,5,3,1,329.0,141.0,0.0
2363,144,4,2024-06-19,3,1,1,296.65,147.0,52.35
2364,953,4,2024-06-19,3,1,1,349.0,147.0,0.0
2365,1957,5,2024-06-19,3,2,2,349.0,147.0,0.0
2366,184,2,2024-06-19,1,1,1,299.0,128.0,0.0
2367,419,4,2024-06-19,3,4,1,349.0,147.0,0.0
2368,1342,3,2024-06-19,5,1,1,329.0,141.0,0.0
2369,1783,6,2024-06-19,5,5,1,499.0,210.0,0.0
2370,228,4,2024-06-19,1,4,1,296.65,147.0,52.35
2371,932,2,2024-06-19,8,4,1,299.0,128.0,0.0
2372,1556,3,2024-06-20,1,2,1,279.65,141.0,49.35
2373,191,4,2024-06-20,1,2,1,349.0,147.0,0.0
2374,1547,1,2024-06-20,4,1,2,254.15,128.0,44.85
2375,557,3,2024-06-20,3,1,1,296.1,141.0,32.9
2376,1264,1,2024-06-20,4,1,1,299.0,128.0,0.0
2377,461,6,2024-06-20,3,4,1,499.0,210.0,0.0
2378,1475,4,2024-06-20,1,1,2,349.0,147.0,0.0
2379,1418,3,2024-06-20,1,1,1,329.0,141.0,0.0
2380,1178,5,2024-06-20,3,4,1,296.65,147.0,52.35
2381,350,5,2024-06-20,5,1,1,349.0,147.0,0.0
2382,1243,5,2024-06-20,3,3,1,349.0,147.0,0.0
2383,1861,6,2024-06-20,3,5,1,499.0,210.0,0.0
2384,552,3,2024-06-21,1,4,1,329.0,141.0,0.0
2385,1142,6,2024-06-21,1,1,2,499.0,210.0,0.0
2386,1734,4,2024-06-21,1,2,1,349.0,147.0,0.0
2387,1488,5,2024-06-21,8,1,2,314.1,147.0,34.9
2388,1246,6,2024-06-21,5,5,1,449.1,210.0,49.9
2389,571,4,2024-06-21,8,1,1,349.0,147.0,0.0
2390,324,1,2024-06-21,2,2,1,299.0,128.0,0.0
2391,304,5,2024-06-21,1,3,1,349.0,147.0,0.0
2392,1007,5,2024-06-21,2,1,1,314.1,147.0,34.9
2393,1800,2,2024-06-21,1,2,1,299.0,128.0,0.0
2394,510,5,2024-06-21,3,2,1,296.65,147.0,52.35
2395,1254,1,2024-06-21,5,5,1,299.0,128.0,0.0
2396,249,2,2024-06-21,3,4,1,299.0,128.0,0.0
2397,190,3,2024-06-21,6,1,1,329.0,141.0,0.0
2398,1013,2,2024-06-21,4,5,1,269.1,128.0,29.9
2399,1183,5,2024-06-21,2,2,1,349.0,147.0,0.0
2400,1502,3,2024-06-21,1,4,1,296.1,141.0,32.9
2401,1864,4,2024-06-21,1,1,1,349.0,147.0,0.0
2402,1887,4,2024-06-21,2,1,1,349.0,147.0,0.0
2403,890,1,2024-06-22,8,1,1,269.1,128.0,29.9
2404,197,4,2024-06-22,4,2,1,349.0,147.0,0.0
2405,1422,2,2024-06-22,8,1,1,269.1,128.0,29.9
2406,1993,1,2024-06-22,4,1,1,269.1,128.0,29.9
2407,417,3,2024-06-22,1,1,1,329.0,141.0,0.0
2408,1933,4,2024-06-22,7,1,1,349.0,147.0,0.0
2409,829,4,2024-06-22,1,1,1,349.0,147.0,0.0
2410,1805,4,2024-06-22,5,5,1,349.0,147.0,0.0
2411,1411,4,2024-06-22,3,2,2,349.0,147.0,0.0
2412,1571,2,2024-06-22,2,1,1,254.15,128.0,44.85
2413,710,4,2024-06-22,2,1,1,349.0,147.0,0.0
2414,466,5,2024-06-22,3,1,1,296.65,147.0,52.35
2415,1906,2,2024-06-22,2,1,2,299.0,128.0,0.0
2416,194,6,2024-06-22,5,1,1,499.0,210.0,0.0
2417,143,4,2024-06-23,2,1,1,296.65,147.0,52.35
2418,1364,5,2024-06-23,1,2,1,314.1,147.0,34.9
2419,449,1,2024-06-23,1,2,1,299.0,128.0,0.0
2420,1070,1,2024-06-23,7,5,1,299.0,128.0,0.0
2421,411,6,2024-06-23,7,2,1,499.0,210.0,0.0
2422,719,1,2024-06-23,8,3,1,254.15,128.0,44.85
2423,24,4,2024-06-23,1,4,1,314.1,147.0,34.9
2424,1826,5,2024-06-23,2,1,2,349.0,147.0,0.0
2425,1793,3,2024-06-23,3,5,1,329.0,141.0,0.0
2426,1746,4,2024-06-23,1,1,1,296.65,147.0,52.35
2427,485,1,2024-06-23,4,1,1,299.0,128.0,0.0
2428,1499,3,2024-06-23,2,5,1,329.0,141.0,0.0
2429,171,4,2024-06-23,8,3,1,349.0,147.0,0.0
2430,1535,5,2024-06-23,1,2,1,349.0,147.0,0.0
2431,8,4,2024-06-23,2,2,1,349.0,147.0,0.0
2432,1432,5,2024-06-23,2,1,2,314.1,147.0,34.9
2433,1898,4,2024-06-23,6,2,1,296.65,147.0,52.35
2434,1754,5,2024-06-23,3,1,1,349.0,147.0,0.0
2435,327,4,2024-06-24,1,5,1,349.0,147.0,0.0
2436,223,5,2024-06-24,9,5,1,349.0,147.0,0.0
2437,258,2,2024-06-24,2,1,1,269.1,128.0,29.9
2438,859,5,2024-06-24,8,1,1,349.0,147.0,0.0
2439,689,5,2024-06-24,5,2,1,349.0,147.0,0.0
2440,731,2,2024-06-24,2,3,1,299.0,128.0,0.0
2441,1641,2,2024-06-24,1,3,1,269.1,128.0,29.9
2442,1010,5,2024-06-24,1,1,1,349.0,147.0,0.0
2443,1756,5,2024-06-24,4,3,1,349.0,147.0,0.0
2444,1025,5,2024-06-24,1,2,1,349.0,147.0,0.0
2445,1202,5,2024-06-24,2,4,1,296.65,147.0,52.35
2446,38,3,2024-06-24,1,1,1,329.0,141.0,0.0
2447,1670,5,2024-06-24,2,4,1,349.0,147.0,0.0
2448,382,2,2024-06-24,1,2,1,299.0,128.0,0.0
2449,1948,4,2024-06-24,3,1,1,296.65,147.0,52.35
2450,1496,4,2024-06-24,1,1,1,349.0,147.0,0.0
2451,1432,2,2024-06-24,4,2,1,299.0,128.0,0.0
2452,1962,1,2024-06-24,8,1,1,299.0,128.0,0.0
2453,240,2,2024-06-25,1,4,1,299.0,128.0,0.0
2454,1561,5,2024-06-25,1,2,1,314.1,147.0,34.9
2455,795,5,2024-06-25,2,3,1,296.65,147.0,52.35
2456,1539,6,2024-06-25,3,1,1,499.0,210.0,0.0
2457,1303,4,2024-06-25,7,2,1,314.1,147.0,34.9
2458,158,2,2024-06-25,3,3,1,299.0,128.0,0.0
2459,47,4,2024-06-25,7,2,1,349.0,147.0,0.0
2460,1526,1,2024-06-25,5,3,1,299.0,128.0,0.0
2461,959,1,2024-06-25,3,2,1,299.0,128.0,0.0
2462,1596,4,2024-06-25,7,3,2,349.0,147.0,0.0
2463,1801,5,2024-06-25,3,3,1,349.0,147.0,0.0
2464,1097,2,2024-06-25,3,2,1,299.0,128.0,0.0
2465,1769,1,2024-06-25,2,1,1,299.0,128.0,0.0
2466,1481,5,2024-06-25,7,2,1,349.0,147.0,0.0
2467,31,2,2024-06-25,1,3,1,269.1,128.0,29.9
2468,437,5,2024-06-25,6,2,2,349.0,147.0,0.0
2469,78,5,2024-06-25,2,2,1,349.0,147.0,0.0
2470,934,2,2024-06-25,5,3,1,299.0,128.0,0.0
2471,731,1,2024-06-25,3,5,1,299.0,128.0,0.0
2472,1908,3,2024-06-26,1,1,1,296.1,141.0,32.9
2473,1507,1,2024-06-26,1,1,1,299.0,128.0,0.0
2474,984,6,2024-06-26,8,5,1,499.0,210.0,0.0
2475,1329,4,2024-06-26,2,1,1,314.1,147.0,34.9
2476,1533,5,2024-06-26,3,1,1,314.1,147.0,34.9
2477,1752,2,2024-06-26,2,1,1,299.0,128.0,0.0
2478,871,4,2024-06-26,2,1,1,314.1,147.0,34.9
2479,302,1,2024-06-26,5,3,1,299.0,128.0,0.0
2480,1463,4,2024-06-26,5,1,1,349.0,147.0,0.0
2481,1368,5,2024-06-26,2,1,1,349.0,147.0,0.0
2482,7,3,2024-06-26,2,2,1,296.1,141.0,32.9
2483,532,5,2024-06-26,5,3,1,349.0,147.0,0.0
2484,1753,6,2024-06-26,2,3,1,499.0,210.0,0.0
2485,1873,5,2024-06-26,7,5,1,314.1,147.0,34.9
2486,480,4,2024-06-27,1,2,1,349.0,147.0,0.0
2487,317,3,2024-06-27,4,2,2,329.0,141.0,0.0
2488,330,2,2024-06-27,5,2,1,299.0,128.0,0.0
2489,1512,5,2024-06-27,5,2,1,349.0,147.0,0.0
2490,76,3,2024-06-27,1,4,1,329.0,141.0,0.0
2491,950,1,2024-06-27,4,2,1,299.0,128.0,0.0
2492,1314,5,2024-06-27,1,2,1,349.0,147.0,0.0
2493,629,6,2024-06-27,7,1,1,449.1,210.0,49.9
2494,150,5,2024-06-27,3,1,1,349.0,147.0,0.0
2495,103,2,2024-06-27,5,3,1,299.0,128.0,0.0
2496,825,6,2024-06-27,3,1,1,499.0,210.0,0.0
2497,94,4,2024-06-27,3,4,1,349.0,147.0,0.0
2498,1400,2,2024-06-27,6,1,1,299.0,128.0,0.0
2499,693,2,2024-06-27,3,3,1,254.15,128.0,44.85
2500,734,4,2024-06-27,5,4,1,349.0,147.0,0.0
2501,1244,1,2024-06-28,5,2,1,299.0,128.0,0.0
2502,1918,4,2024-06-28,1,3,1,349.0,147.0,0.0
2503,1598,3,2024-06-28,5,3,1,329.0,141.0,0.0
2504,1933,5,2024-06-28,3,3,1,349.0,147.0,0.0
2505,1960,6,2024-06-28,8,3,1,499.0,210.0,0.0
2506,644,2,2024-06-28,3,3,1,299.0,128.0,0.0
2507,1025,4,2024-06-28,2,1,1,349.0,147.0,0.0
2508,1742,1,2024-06-28,6,2,1,299.0,128.0,0.0
2509,302,5,2024-06-28,5,1,1,314.1,147.0,34.9
2510,1493,2,2024-06-28,8,1,1,299.0,128.0,0.0
2511,212,1,2024-06-28,2,4,1,299.0,128.0,0.0
2512,873,4,2024-06-28,1,3,2,349.0,147.0,0.0
2513,323,4,2024-06-28,1,2,1,349.0,147.0,0.0
2514,1182,4,2024-06-28,1,2,1,349.0,147.0,0.0
2515,1185,1,2024-06-28,1,4,1,269.1,128.0,29.9
2516,1530,4,2024-06-28,3,1,2,349.0,147.0,0.0
2517,1824,2,2024-06-28,6,1,1,299.0,128.0,0.0
2518,923,4,2024-06-29,1,5,1,349.0,147.0,0.0
2519,820,6,2024-06-29,7,3,1,449.1,210.0,49.9
2520,1928,1,2024-06-29,3,2,1,299.0,128.0,0.0
2521,520,6,2024-06-29,1,4,1,499.0,210.0,0.0
2522,328,4,2024-06-29,1,2,1,349.0,147.0,0.0
2523,1106,2,2024-06-29,5,1,1,299.0,128.0,0.0
2524,125,2,2024-06-29,5,2,1,299.0,128.0,0.0
2525,223,5,2024-06-29,1,3,1,349.0,147.0,0.0
2526,1553,4,2024-06-29,7,1,1,349.0,147.0,0.0
2527,794,2,2024-06-29,5,4,1,299.0,128.0,0.0
2528,122,1,2024-06-30,2,1,1,299.0,128.0,0.0
2529,352,4,2024-06-30,2,1,1,349.0,147.0,0.0
2530,1002,2,2024-06-30,1,3,1,299.0,128.0,0.0
2531,1036,5,2024-06-30,3,2,1,314.1,147.0,34.9
2532,745,5,2024-06-30,1,1,1,349.0,147.0,0.0
2533,1465,6,2024-06-30,1,1,1,449.1,210.0,49.9
2534,382,5,2024-06-30,8,4,1,314.1,147.0,34.9
2535,488,4,2024-06-30,7,2,1,349.0,147.0,0.0
2536,356,5,2024-06-30,1,1,1,349.0,147.0,0.0
2537,344,2,2024-06-30,2,3,1,299.0,128.0,0.0
2538,679,3,2024-06-30,7,1,2,329.0,141.0,0.0
2539,692,2,2024-06-30,1,4,1,299.0,128.0,0.0
2540,1190,4,2024-06-30,5,1,1,349.0,147.0,0.0
2541,397,5,2024-06-30,2,1,1,314.1,147.0,34.9
2542,271,1,2024-07-01,5,2,1,299.0,128.0,0.0
2543,1322,2,2024-07-01,1,1,1,254.15,128.0,44.85
2544,332,5,2024-07-01,5,2,1,314.1,147.0,34.9
2545,1859,5,2024-07-01,1,1,1,349.0,147.0,0.0
2546,1981,4,2024-07-01,2,2,1,349.0,147.0,0.0
2547,328,1,2024-07-01,5,1,1,299.0,128.0,0.0
2548,191,4,2024-07-01,9,1,1,349.0,147.0,0.0
2549,272,2,2024-07-01,1,2,1,299.0,128.0,0.0
2550,1480,4,2024-07-01,2,1,2,314.1,147.0,34.9
2551,1368,5,2024-07-01,2,4,1,349.0,147.0,0.0
2552,291,5,2024-07-01,3,3,1,349.0,147.0,0.0
2553,55,1,2024-07-01,7,5,1,299.0,128.0,0.0
2554,646,5,2024-07-01,5,1,1,349.0,147.0,0.0
2555,1416,2,2024-07-01,1,1,1,299.0,128.0,0.0
2556,1581,1,2024-07-01,1,4,1,299.0,128.0,0.0
2557,1060,5,2024-07-01,4,1,1,349.0,147.0,0.0
2558,1240,6,2024-07-01,6,1,1,499.0,210.0,0.0
2559,192,4,2024-07-01,4,3,1,314.1,147.0,34.9
2560,1435,6,2024-07-01,5,5,1,499.0,210.0,0.0
2561,620,5,2024-07-01,3,2,1,349.0,147.0,0.0
2562,1177,2,2024-07-02,1,2,1,299.0,128.0,0.0
2563,1144,4,2024-07-02,8,1,1,314.1,147.0,34.9
2564,957,5,2024-07-02,2,4,1,296.65,147.0,52.35
2565,684,4,2024-07-02,3,1,1,349.0,147.0,0.0
2566,1514,4,2024-07-02,3,3,2,349.0,147.0,0.0
2567,277,4,2024-07-02,1,2,1,349.0,147.0,0.0
2568,1349,4,2024-07-02,1,3,1,349.0,147.0,0.0
2569,1792,3,2024-07-02,2,2,1,296.1,141.0,32.9
2570,354,2,2024-07-02,3,2,1,269.1,128.0,29.9
2571,1630,5,2024-07-02,7,1,1,349.0,147.0,0.0
2572,353,4,2024-07-02,7,2,1,314.1,147.0,34.9
2573,186,5,2024-07-02,7,1,1,349.0,147.0,0.0
2574,1167,4,2024-07-02,4,3,1,314.1,147.0,34.9
2575,808,2,2024-07-02,3,1,1,299.0,128.0,0.0
2576,1882,5,2024-07-02,8,2,1,314.1,147.0,34.9
2577,1713,2,2024-07-03,4,1,1,299.0,128.0,0.0
2578,1558,1,2024-07-03,1,2,1,299.0,128.0,0.0
2579,276,2,2024-07-03,8,1,1,299.0,128.0,0.0
2580,1746,1,2024-07-03,7,1,1,254.15,128.0,44.85
2581,996,5,2024-07-03,1,3,1,349.0,147.0,0.0
2582,857,5,2024-07-03,7,2,1,296.65,147.0,52.35
2583,448,5,2024-07-03,1,1,1,349.0,147.0,0.0
2584,949,2,2024-07-03,6,3,1,299.0,128.0,0.0
2585,1756,2,2024-07-03,7,3,1,254.15,128.0,44.85
2586,235,1,2024-07-03,2,1,2,299.0,128.0,0.0
2587,892,2,2024-07-03,2,1,2,299.0,128.0,0.0
2588,1674,2,2024-07-03,1,2,1,299.0,128.0,0.0
2589,1833,3,2024-07-03,7,3,1,279.65,141.0,49.35
2590,865,5,2024-07-03,2,2,1,349.0,147.0,0.0
2591,93,5,2024-07-03,3,4,1,314.1,147.0,34.9
2592,205,4,2024-07-03,6,2,1,296.65,147.0,52.35
2593,1261,4,2024-07-03,1,1,1,349.0,147.0,0.0
2594,1148,2,2024-07-04,1,2,1,269.1,128.0,29.9
2595,449,2,2024-07-04,1,4,1,299.0,128.0,0.0
2596,1173,2,2024-07-04,1,4,1,254.15,128.0,44.85
2597,1583,4,2024-07-04,5,2,1,349.0,147.0,0.0
2598,1163,1,2024-07-04,3,3,1,299.0,128.0,0.0
2599,546,1,2024-07-04,4,1,1,254.15,128.0,44.85
2600,1791,3,2024-07-04,8,1,1,329.0,141.0,0.0
2601,801,5,2024-07-04,4,4,1,314.1,147.0,34.9
2602,67,4,2024-07-04,1,2,1,349.0,147.0,0.0
2603,625,4,2024-07-04,1,1,1,349.0,147.0,0.0
2604,1035,6,2024-07-04,3,2,1,499.0,210.0,0.0
2605,769,1,2024-07-04,8,2,1,269.1,128.0,29.9
2606,852,2,2024-07-04,4,2,1,299.0,128.0,0.0
2607,479,4,2024-07-04,5,2,2,296.65,147.0,52.35
2608,609,5,2024-07-04,3,2,1,349.0,147.0,0.0
2609,69,6,2024-07-04,5,2,1,499.0,210.0,0.0
2610,226,1,2024-07-04,5,2,1,299.0,128.0,0.0
2611,1716,4,2024-07-04,2,3,1,296.65,147.0,52.35
2612,75,2,2024-07-05,3,2,1,299.0,128.0,0.0
2613,433,1,2024-07-05,1,4,1,299.0,128.0,0.0
2614,965,5,2024-07-05,7,1,1,349.0,147.0,0.0
2615,376,4,2024-07-05,3,1,1,349.0,147.0,0.0
2616,167,4,2024-07-05,4,2,1,349.0,147.0,0.0
2617,447,4,2024-07-05,6,2,1,349.0,147.0,0.0
2618,1539,2,2024-07-05,5,3,1,299.0,128.0,0.0
2619,1421,4,2024-07-05,9,1,1,314.1,147.0,34.9
2620,1729,3,2024-07-05,1,3,2,329.0,141.0,0.0
2621,620,4,2024-07-05,3,1,1,349.0,147.0,0.0
2622,1755,4,2024-07-05,3,2,1,314.1,147.0,34.9
2623,1482,4,2024-07-05,6,3,1,349.0,147.0,0.0
2624,824,5,2024-07-05,7,1,1,296.65,147.0,52.35
2625,393,6,2024-07-05,6,4,1,499.0,210.0,0.0
2626,165,5,2024-07-05,1,1,1,349.0,147.0,0.0
2627,316,4,2024-07-06,1,4,1,314.1,147.0,34.9
2628,950,1,2024-07-06,3,4,1,254.15,128.0,44.85
2629,631,4,2024-07-06,1,1,1,349.0,147.0,0.0
2630,1425,4,2024-07-06,8,1,1,349.0,147.0,0.0
2631,1580,2,2024-07-06,4,3,1,299.0,128.0,0.0
2632,232,2,2024-07-06,3,1,1,299.0,128.0,0.0
2633,780,4,2024-07-06,3,1,1,349.0,147.0,0.0
2634,754,2,2024-07-06,9,1,1,299.0,128.0,0.0
2635,1869,4,2024-07-06,1,1,1,349.0,147.0,0.0
2636,301,5,2024-07-06,1,3,1,314.1,147.0,34.9
2637,229,4,2024-07-06,2,2,1,296.65,147.0,52.35
2638,1313,2,2024-07-06,7,2,1,299.0,128.0,0.0
2639,1769,5,2024-07-06,2,4,1,349.0,147.0,0.0
2640,1808,5,2024-07-06,7,3,2,349.0,147.0,0.0
2641,191,3,2024-07-06,1,2,1,329.0,141.0,0.0
2642,1919,4,2024-07-06,1,4,1,349.0,147.0,0.0
2643,417,1,2024-07-06,4,4,1,299.0,128.0,0.0
2644,1760,1,2024-07-06,1,5,1,299.0,128.0,0.0
2645,1578,2,2024-07-07,5,1,1,299.0,128.0,0.0
2646,1743,1,2024-07-07,3,1,1,299.0,128.0,0.0
2647,1158,2,2024-07-07,1,2,1,299.0,128.0,0.0
2648,5,4,2024-07-07,4,4,1,349.0,147.0,0.0
2649,1759,1,2024-07-07,1,2,1,299.0,128.0,0.0
2650,1087,1,2024-07-07,3,2,1,299.0,128.0,0.0
2651,1648,2,2024-07-07,7,1,2,299.0,128.0,0.0
2652,552,2,2024-07-07,4,2,1,299.0,128.0,0.0
2653,685,6,2024-07-07,7,1,1,449.1,210.0,49.9
2654,23,5,2024-07-07,4,1,1,349.0,147.0,0.0
2655,1347,5,2024-07-07,3,5,1,349.0,147.0,0.0
2656,320,6,2024-07-07,1,5,1,499.0,210.0,0.0
2657,1168,4,2024-07-07,1,2,1,296.65,147.0,52.35
2658,1330,5,2024-07-08,2,2,1,296.65,147.0,52.35
2659,273,5,2024-07-08,2,1,1,349.0,147.0,0.0
2660,1565,4,2024-07-08,3,2,1,349.0,147.0,0.0
2661,753,5,2024-07-08,1,2,1,349.0,147.0,0.0
2662,1438,2,2024-07-08,1,2,1,299.0,128.0,0.0
2663,1469,4,2024-07-08,2,5,2,349.0,147.0,0.0
2664,820,4,2024-07-08,1,1,2,296.65,147.0,52.35
2665,826,5,2024-07-08,3,1,1,349.0,147.0,0.0
2666,151,1,2024-07-08,3,5,1,299.0,128.0,0.0
2667,1818,5,2024-07-08,8,1,1,349.0,147.0,0.0
2668,1075,3,2024-07-08,4,1,1,329.0,141.0,0.0
2669,854,3,2024-07-08,3,2,2,279.65,141.0,49.35
2670,388,5,2024-07-08,7,5,1,296.65,147.0,52.35
2671,1347,5,2024-07-08,5,3,1,349.0,147.0,0.0
2672,508,2,2024-07-08,7,2,1,299.0,128.0,0.0
2673,1055,4,2024-07-08,2,3,1,349.0,147.0,0.0
2674,522,4,2024-07-09,5,4,1,296.65,147.0,52.35
2675,1666,2,2024-07-09,5,5,1,299.0,128.0,0.0
2676,1228,1,2024-07-09,1,4,2,299.0,128.0,0.0
2677,594,2,2024-07-09,3,2,1,299.0,128.0,0.0
2678,1721,4,2024-07-09,5,3,1,349.0,147.0,0.0
2679,1355,2,2024-07-09,7,1,1,299.0,128.0,0.0
2680,616,1,2024-07-09,3,1,1,269.1,128.0,29.9
2681,1302,5,2024-07-09,4,2,1,349.0,147.0,0.0
2682,671,5,2024-07-09,5,5,1,349.0,147.0,0.0
2683,278,2,2024-07-09,5,1,1,299.0,128.0,0.0
2684,1063,2,2024-07-09,3,2,1,299.0,128.0,0.0
2685,874,4,2024-07-09,8,2,2,349.0,147.0,0.0
2686,1271,4,2024-07-09,8,3,1,349.0,147.0,0.0
2687,1887,6,2024-07-09,6,2,1,499.0,210.0,0.0
2688,270,5,2024-07-09,1,5,1,349.0,147.0,0.0
2689,919,4,2024-07-09,3,1,1,296.65,147.0,52.35
2690,984,2,2024-07-09,4,3,1,254.15,128.0,44.85
2691,1740,5,2024-07-09,2,1,1,314.1,147.0,34.9
2692,1456,2,2024-07-10,1,3,1,299.0,128.0,0.0
2693,647,5,2024-07-10,3,1,1,349.0,147.0,0.0
2694,348,1,2024-07-10,1,1,2,299.0,128.0,0.0
2695,1179,5,2024-07-10,5,4,1,349.0,147.0,0.0
2696,1525,5,2024-07-10,1,2,1,349.0,147.0,0.0
2697,431,4,2024-07-10,5,4,1,349.0,147.0,0.0
2698,636,2,2024-07-10,1,1,1,299.0,128.0,0.0
2699,884,1,2024-07-10,7,3,1,299.0,128.0,0.0
2700,646,6,2024-07-10,5,2,2,449.1,210.0,49.9
2701,659,1,2024-07-10,3,1,1,299.0,128.0,0.0
2702,1882,5,2024-07-10,1,3,1,296.65,147.0,52.35
2703,1969,5,2024-07-10,1,2,1,349.0,147.0,0.0
2704,395,6,2024-07-10,3,2,1,449.1,210.0,49.9
2705,3,3,2024-07-10,5,1,1,329.0,141.0,0.0
2706,1834,5,2024-07-10,4,3,1,349.0,147.0,0.0
2707,510,4,2024-07-10,4,4,1,349.0,147.0,0.0
2708,6,1,2024-07-10,6,1,1,299.0,128.0,0.0
2709,241,4,2024-07-11,1,5,2,296.65,147.0,52.35
2710,1458,4,2024-07-11,1,1,1,314.1,147.0,34.9
2711,784,3,2024-07-11,5,1,1,279.65,141.0,49.35
2712,762,6,2024-07-11,8,2,1,499.0,210.0,0.0
2713,1421,5,2024-07-11,1,2,1,349.0,147.0,0.0
2714,323,4,2024-07-11,2,3,1,296.65,147.0,52.35
2715,1453,4,2024-07-11,2,2,1,349.0,147.0,0.0
2716,410,1,2024-07-11,2,4,1,254.15,128.0,44.85
2717,1031,6,2024-07-11,6,2,1,449.1,210.0,49.9
2718,1036,5,2024-07-11,8,2,1,349.0,147.0,0.0
2719,85,6,2024-07-11,4,2,1,499.0,210.0,0.0
2720,1481,5,2024-07-11,7,1,1,296.65,147.0,52.35
2721,409,5,2024-07-11,2,1,1,314.1,147.0,34.9
2722,1101,2,2024-07-11,1,2,1,299.0,128.0,0.0
2723,382,5,2024-07-11,1,5,1,349.0,147.0,0.0
2724,1636,5,2024-07-12,2,2,2,349.0,147.0,0.0
2725,964,5,2024-07-12,2,1,1,296.65,147.0,52.35
2726,984,5,2024-07-12,3,4,2,349.0,147.0,0.0
2727,1583,1,2024-07-12,3,1,1,299.0,128.0,0.0
2728,800,5,2024-07-12,5,2,1,349.0,147.0,0.0
2729,863,5,2024-07-12,2,4,1,349.0,147.0,0.0
2730,369,2,2024-07-12,7,2,1,299.0,128.0,0.0
2731,2000,1,2024-07-12,3,1,1,299.0,128.0,0.0
2732,766,4,2024-07-12,1,2,1,349.0,147.0,0.0
2733,822,1,2024-07-12,1,2,2,299.0,128.0,0.0
2734,489,4,2024-07-12,5,4,1,349.0,147.0,0.0
2735,180,4,2024-07-12,4,2,1,314.1,147.0,34.9
2736,23,5,2024-07-12,9,1,1,349.0,147.0,0.0
2737,1518,2,2024-07-12,1,1,1,299.0,128.0,0.0
2738,324,5,2024-07-12,2,2,1,349.0,147.0,0.0
2739,1224,3,2024-07-12,6,5,1,329.0,141.0,0.0
2740,86,1,2024-07-12,1,5,1,299.0,128.0,0.0
2741,715,6,2024-07-12,4,1,2,424.15,210.0,74.85
2742,560,6,2024-07-12,2,3,1,499.0,210.0,0.0
2743,1972,4,2024-07-12,1,1,1,296.65,147.0,52.35
2744,1142,1,2024-07-12,4,1,1,299.0,128.0,0.0
2745,718,4,2024-07-12,2,1,1,314.1,147.0,34.9
2746,832,2,2024-07-12,2,1,1,269.1,128.0,29.9
2747,1433,4,2024-07-13,2,4,1,296.65,147.0,52.35
2748,1722,1,2024-07-13,1,2,1,299.0,128.0,0.0
2749,1312,2,2024-07-13,1,1,1,254.15,128.0,44.85
2750,1638,6,2024-07-13,1,5,1,499.0,210.0,0.0
2751,1395,1,2024-07-13,4,1,1,299.0,128.0,0.0
2752,1018,5,2024-07-13,3,2,1,349.0,147.0,0.0
2753,765,1,2024-07-13,1,1,1,299.0,128.0,0.0
2754,906,4,2024-07-13,1,3,1,349.0,147.0,0.0
2755,438,1,2024-07-13,9,2,1,299.0,128.0,0.0
2756,112,3,2024-07-13,5,3,1,329.0,141.0,0.0
2757,1910,4,2024-07-13,8,5,1,349.0,147.0,0.0
2758,1736,5,2024-07-13,2,1,1,349.0,147.0,0.0
2759,482,2,2024-07-13,1,3,1,299.0,128.0,0.0
2760,943,3,2024-07-13,3,3,2,329.0,141.0,0.0
2761,1988,2,2024-07-13,3,3,1,299.0,128.0,0.0
2762,1111,2,2024-07-13,1,1,1,269.1,128.0,29.9
2763,53,4,2024-07-14,1,4,1,349.0,147.0,0.0
2764,1414,5,2024-07-14,5,1,1,349.0,147.0,0.0
2765,1763,4,2024-07-14,3,1,1,349.0,147.0,0.0
2766,492,5,2024-07-14,7,2,1,296.65,147.0,52.35
2767,1265,5,2024-07-14,3,5,1,349.0,147.0,0.0
2768,1274,6,2024-07-14,7,3,1,499.0,210.0,0.0
2769,96,1,2024-07-14,1,3,1,299.0,128.0,0.0
2770,1,1,2024-07-14,5,2,1,299.0,128.0,0.0
2771,601,1,2024-07-14,1,2,2,299.0,128.0,0.0
2772,306,5,2024-07-14,2,1,1,349.0,147.0,0.0
2773,173,3,2024-07-14,7,1,1,329.0,141.0,0.0
2774,1897,4,2024-07-14,4,1,1,349.0,147.0,0.0
2775,1965,2,2024-07-14,2,1,1,299.0,128.0,0.0
2776,504,2,2024-07-14,3,2,1,269.1,128.0,29.9
2777,1596,2,2024-07-14,3,1,1,299.0,128.0,0.0
2778,155,4,2024-07-14,1,2,1,349.0,147.0,0.0
2779,58,6,2024-07-15,2,1,1,499.0,210.0,0.0
2780,1634,1,2024-07-15,3,1,1,299.0,128.0,0.0
2781,1291,2,2024-07-15,3,3,1,299.0,128.0,0.0
2782,1491,1,2024-07-15,4,4,1,299.0,128.0,0.0
2783,970,5,2024-07-15,3,1,1,349.0,147.0,0.0
2784,1166,6,2024-07-15,1,4,1,499.0,210.0,0.0
2785,502,5,2024-07-15,9,2,1,349.0,147.0,0.0
2786,1626,5,2024-07-15,1,2,1,296.65,147.0,52.35
2787,146,2,2024-07-15,3,2,1,299.0,128.0,0.0
2788,214,4,2024-07-15,5,3,1,349.0,147.0,0.0
2789,1534,4,2024-07-15,9,3,1,349.0,147.0,0.0
2790,528,4,2024-07-15,3,2,1,349.0,147.0,0.0
2791,646,5,2024-07-15,5,3,1,349.0,147.0,0.0
2792,293,5,2024-07-15,1,1,1,349.0,147.0,0.0
2793,456,6,2024-07-15,1,1,1,499.0,210.0,0.0
2794,1123,4,2024-07-15,4,3,2,349.0,147.0,0.0
2795,1865,1,2024-07-15,2,1,1,299.0,128.0,0.0
2796,9,5,2024-07-15,5,5,1,349.0,147.0,0.0
2797,1794,2,2024-07-15,8,3,1,269.1,128.0,29.9
2798,623,6,2024-07-15,7,1,1,449.1,210.0,49.9
2799,815,5,2024-07-15,1,2,1,349.0,147.0,0.0
2800,1027,4,2024-07-16,3,2,1,349.0,147.0,0.0
2801,1330,4,2024-07-16,6,1,1,349.0,147.0,0.0
2802,1070,1,2024-07-16,1,3,1,254.15,128.0,44.85
2803,1179,4,2024-07-16,8,2,1,349.0,147.0,0.0
2804,1992,5,2024-07-16,4,2,1,349.0,147.0,0.0
2805,1407,4,2024-07-16,2,4,1,314.1,147.0,34.9
2806,1110,2,2024-07-16,7,1,1,299.0,128.0,0.0
2807,809,5,2024-07-16,3,1,1,349.0,147.0,0.0
2808,172,3,2024-07-16,2,5,1,329.0,141.0,0.0
2809,1501,4,2024-07-16,2,3,1,296.65,147.0,52.35
2810,1071,6,2024-07-16,2,2,1,449.1,210.0,49.9
2811,205,6,2024-07-16,2,1,1,499.0,210.0,0.0
2812,792,4,2024-07-16,3,2,1,314.1,147.0,34.9
2813,272,2,2024-07-16,2,1,1,299.0,128.0,0.0
2814,219,2,2024-07-16,1,3,1,269.1,128.0,29.9
2815,607,1,2024-07-17,1,2,1,269.1,128.0,29.9
2816,1095,6,2024-07-17,6,4,1,449.1,210.0,49.9
2817,1777,1,2024-07-17,1,1,1,299.0,128.0,0.0
2818,1807,4,2024-07-17,7,2,1,349.0,147.0,0.0
2819,843,1,2024-07-17,5,2,1,299.0,128.0,0.0
2820,1508,4,2024-07-17,7,3,1,349.0,147.0,0.0
2821,436,2,2024-07-17,3,1,1,299.0,128.0,0.0
2822,1244,4,2024-07-17,6,2,1,314.1,147.0,34.9
2823,998,1,2024-07-17,3,1,1,254.15,128.0,44.85
2824,743,3,2024-07-17,2,1,1,329.0,141.0,0.0
2825,420,3,2024-07-17,3,5,1,296.1,141.0,32.9
2826,1995,6,2024-07-17,4,1,1,499.0,210.0,0.0
2827,515,5,2024-07-17,4,2,1,349.0,147.0,0.0
2828,288,5,2024-07-17,4,1,1,349.0,147.0,0.0
2829,1333,5,2024-07-18,8,2,1,314.1,147.0,34.9
2830,1087,4,2024-07-18,2,4,1,349.0,147.0,0.0
2831,36,4,2024-07-18,1,2,1,349.0,147.0,0.0
2832,902,5,2024-07-18,3,2,1,349.0,147.0,0.0
2833,1958,6,2024-07-18,7,3,1,499.0,210.0,0.0
2834,1862,5,2024-07-18,3,3,1,349.0,147.0,0.0
2835,265,5,2024-07-18,7,3,1,349.0,147.0,0.0
2836,1651,6,2024-07-18,1,3,1,499.0,210.0,0.0
2837,345,6,2024-07-18,2,2,1,499.0,210.0,0.0
2838,1468,4,2024-07-18,6,1,1,349.0,147.0,0.0
2839,1058,2,2024-07-18,5,2,1,299.0,128.0,0.0
2840,373,5,2024-07-18,7,1,1,296.65,147.0,52.35
2841,189,6,2024-07-18,5,2,1,449.1,210.0,49.9
2842,1026,1,2024-07-18,6,4,1,269.1,128.0,29.9
2843,1154,3,2024-07-18,1,2,1,329.0,141.0,0.0
2844,1485,1,2024-07-19,4,5,1,299.0,128.0,0.0
2845,56,6,2024-07-19,4,2,1,499.0,210.0,0.0
2846,74,5,2024-07-19,2,1,1,296.65,147.0,52.35
2847,1638,5,2024-07-19,4,2,1,349.0,147.0,0.0
2848,1659,4,2024-07-19,1,2,1,349.0,147.0,0.0
2849,912,4,2024-07-19,3,5,1,349.0,147.0,0.0
2850,1800,5,2024-07-19,6,3,1,349.0,147.0,0.0
2851,948,4,2024-07-19,3,1,1,349.0,147.0,0.0
2852,1190,3,2024-07-19,5,2,1,329.0,141.0,0.0
2853,830,5,2024-07-19,3,2,1,349.0,147.0,0.0
2854,1076,1,2024-07-19,3,1,1,299.0,128.0,0.0
2855,488,4,2024-07-19,7,3,1,349.0,147.0,0.0
2856,1235,1,2024-07-19,3,4,1,299.0,128.0,0.0
2857,205,2,2024-07-19,3,2,1,269.1,128.0,29.9
2858,1343,5,2024-07-19,5,1,1,314.1,147.0,34.9
2859,1695,4,2024-07-19,5,5,1,349.0,147.0,0.0
2860,76,5,2024-07-19,1,3,1,349.0,147.0,0.0
2861,1208,4,2024-07-19,1,1,1,349.0,147.0,0.0
2862,1447,4,2024-07-20,2,5,2,349.0,147.0,0.0
2863,1887,1,2024-07-20,3,2,1,299.0,128.0,0.0
2864,1258,4,2024-07-20,1,5,1,349.0,147.0,0.0
2865,693,3,2024-07-20,3,3,1,296.1,141.0,32.9
2866,1569,2,2024-07-20,1,1,1,269.1,128.0,29.9
2867,697,4,2024-07-20,3,5,1,314.1,147.0,34.9
2868,733,1,2024-07-20,4,4,1,299.0,128.0,0.0
2869,456,4,2024-07-20,1,2,1,349.0,147.0,0.0
2870,1043,4,2024-07-20,1,4,1,349.0,147.0,0.0
2871,1948,1,2024-07-20,1,1,1,299.0,128.0,0.0
2872,1328,5,2024-07-20,3,2,1,349.0,147.0,0.0
2873,665,4,2024-07-20,3,1,1,296.65,147.0,52.35
2874,77,4,2024-07-20,4,2,1,314.1,147.0,34.9
2875,1790,5,2024-07-20,5,2,1,296.65,147.0,52.35
2876,732,4,2024-07-20,3,4,1,349.0,147.0,0.0
2877,51,6,2024-07-20,3,4,2,449.1,210.0,49.9
2878,1954,2,2024-07-20,8,2,1,299.0,128.0,0.0
2879,983,2,2024-07-20,7,2,1,299.0,128.0,0.0
2880,1447,6,2024-07-21,1,2,1,499.0,210.0,0.0
2881,214,4,2024-07-21,1,1,2,314.1,147.0,34.9
2882,1157,5,2024-07-21,5,1,1,349.0,147.0,0.0
2883,336,6,2024-07-21,1,4,1,499.0,210.0,0.0
2884,1509,3,2024-07-21,1,1,1,329.0,141.0,0.0
2885,887,5,2024-07-21,1,1,1,349.0,147.0,0.0
2886,788,5,2024-07-21,5,1,1,349.0,147.0,0.0
2887,1295,4,2024-07-21,7,2,1,349.0,147.0,0.0
2888,1518,6,2024-07-21,1,1,2,499.0,210.0,0.0
2889,27,6,2024-07-21,4,2,1,499.0,210.0,0.0
2890,1131,1,2024-07-21,9,1,1,299.0,128.0,0.0
2891,1564,2,2024-07-21,5,1,1,299.0,128.0,0.0
2892,1210,2,2024-07-21,5,1,1,299.0,128.0,0.0
2893,1508,6,2024-07-21,1,2,1,499.0,210.0,0.0
2894,1361,4,2024-07-21,7,4,1,349.0,147.0,0.0
2895,870,6,2024-07-21,5,2,1,424.15,210.0,74.85
2896,1323,4,2024-07-21,3,1,1,349.0,147.0,0.0
2897,773,4,2024-07-21,9,2,1,349.0,147.0,0.0
2898,1951,1,2024-07-21,2,1,1,299.0,128.0,0.0
2899,357,5,2024-07-21,6,1,2,349.0,147.0,0.0
2900,1393,5,2024-07-22,3,1,1,349.0,147.0,0.0
2901,428,5,2024-07-22,7,2,2,349.0,147.0,0.0
2902,1265,5,2024-07-22,4,1,1,314.1,147.0,34.9
2903,1302,3,2024-07-22,2,2,1,329.0,141.0,0.0
2904,433,2,2024-07-22,2,2,1,299.0,128.0,0.0
2905,739,4,2024-07-22,2,1,1,314.1,147.0,34.9
2906,1126,3,2024-07-22,1,2,1,329.0,141.0,0.0
2907,1603,5,2024-07-22,7,2,1,349.0,147.0,0.0
2908,730,4,2024-07-22,5,2,1,349.0,147.0,0.0
2909,1804,2,2024-07-22,1,5,1,299.0,128.0,0.0
2910,1984,5,2024-07-22,8,3,1,349.0,147.0,0.0
2911,686,3,2024-07-22,6,3,1,279.65,141.0,49.35
2912,556,5,2024-07-22,3,2,2,349.0,147.0,0.0
2913,370,4,2024-07-22,2,3,1,349.0,147.0,0.0
2914,1960,2,2024-07-22,2,3,1,299.0,128.0,0.0
2915,172,3,2024-07-22,1,2,1,329.0,141.0,0.0
2916,1205,4,2024-07-23,2,1,1,349.0,147.0,0.0
2917,1792,5,2024-07-23,2,2,1,349.0,147.0,0.0
2918,1333,4,2024-07-23,5,4,1,349.0,147.0,0.0
2919,1029,1,2024-07-23,3,1,1,299.0,128.0,0.0
2920,640,2,2024-07-23,1,1,1,299.0,128.0,0.0
2921,986,4,2024-07-23,5,2,1,349.0,147.0,0.0
2922,1124,1,2024-07-23,4,2,1,299.0,128.0,0.0
2923,656,4,2024-07-23,6,2,1,314.1,147.0,34.9
2924,1123,5,2024-07-23,6,3,1,314.1,147.0,34.9
2925,501,6,2024-07-23,1,3,1,499.0,210.0,0.0
2926,402,1,2024-07-23,1,5,1,299.0,128.0,0.0
2927,885,5,2024-07-23,2,3,2,349.0,147.0,0.0
2928,1383,3,2024-07-23,5,1,1,329.0,141.0,0.0
2929,1615,2,2024-07-23,1,1,1,299.0,128.0,0.0
2930,655,5,2024-07-23,9,2,1,349.0,147.0,0.0
2931,1829,2,2024-07-23,1,4,1,299.0,128.0,0.0
2932,570,1,2024-07-23,8,1,2,299.0,128.0,0.0
2933,1362,2,2024-07-23,1,5,1,299.0,128.0,0.0
2934,1514,4,2024-07-23,5,1,1,349.0,147.0,0.0
2935,629,2,2024-07-23,4,2,1,299.0,128.0,0.0
2936,1059,3,2024-07-24,1,3,2,296.1,141.0,32.9
2937,521,3,2024-07-24,2,1,1,329.0,141.0,0.0
2938,381,4,2024-07-24,4,2,1,314.1,147.0,34.9
2939,11,2,2024-07-24,1,1,1,299.0,128.0,0.0
2940,112,5,2024-07-24,3,2,1,349.0,147.0,0.0
2941,1373,4,2024-07-24,2,2,1,314.1,147.0,34.9
2942,1305,4,2024-07-24,1,2,1,349.0,147.0,0.0
2943,1586,1,2024-07-24,9,2,1,254.15,128.0,44.85
2944,1668,3,2024-07-24,5,2,1,329.0,141.0,0.0
2945,323,3,2024-07-24,1,5,1,329.0,141.0,0.0
2946,853,3,2024-07-24,2,1,1,296.1,141.0,32.9
2947,1739,4,2024-07-24,3,5,1,349.0,147.0,0.0
2948,555,6,2024-07-24,4,1,1,499.0,210.0,0.0
2949,1150,4,2024-07-24,1,2,1,296.65,147.0,52.35
2950,1569,4,2024-07-24,1,1,1,349.0,147.0,0.0
2951,1866,5,2024-07-24,4,1,2,349.0,147.0,0.0
2952,694,4,2024-07-24,4,5,1,349.0,147.0,0.0
2953,1948,2,2024-07-24,2,1,1,254.15,128.0,44.85
2954,1351,2,2024-07-24,3,3,1,299.0,128.0,0.0
2955,54,4,2024-07-24,1,2,1,349.0,147.0,0.0
2956,1247,5,2024-07-25,1,1,1,314.1,147.0,34.9
2957,1763,2,2024-07-25,2,3,2,299.0,128.0,0.0
2958,1344,2,2024-07-25,1,4,1,299.0,128.0,0.0
2959,971,1,2024-07-25,5,3,1,299.0,128.0,0.0
2960,1932,1,2024-07-25,3,2,1,299.0,128.0,0.0
2961,1458,1,2024-07-25,2,1,1,299.0,128.0,0.0
2962,270,6,2024-07-25,1,3,2,499.0,210.0,0.0
2963,1604,5,2024-07-25,2,1,1,349.0,147.0,0.0
2964,1185,6,2024-07-25,5,1,1,499.0,210.0,0.0
2965,831,2,2024-07-25,3,3,1,299.0,128.0,0.0
2966,1199,5,2024-07-25,1,2,1,314.1,147.0,34.9
2967,1173,2,2024-07-25,4,1,1,299.0,128.0,0.0
2968,848,5,2024-07-25,3,2,1,349.0,147.0,0.0
2969,925,6,2024-07-25,3,1,1,499.0,210.0,0.0
2970,452,4,2024-07-25,1,1,1,296.65,147.0,52.35
2971,1584,4,2024-07-26,1,2,1,314.1,147.0,34.9
2972,1498,4,2024-07-26,1,1,1,349.0,147.0,0.0
2973,557,2,2024-07-26,3,4,1,299.0,128.0,0.0
2974,1960,5,2024-07-26,1,2,1,349.0,147.0,0.0
2975,1633,5,2024-07-26,1,2,1,349.0,147.0,0.0
2976,1230,2,2024-07-26,3,1,1,299.0,128.0,0.0
2977,22,6,2024-07-26,4,1,1,499.0,210.0,0.0
2978,52,1,2024-07-26,1,5,1,269.1,128.0,29.9
2979,309,4,2024-07-26,3,1,1,349.0,147.0,0.0
2980,1876,4,2024-07-26,7,2,1,296.65,147.0,52.35
2981,505,2,2024-07-26,1,2,1,269.1,128.0,29.9
2982,1522,6,2024-07-26,1,1,1,499.0,210.0,0.0
2983,654,2,2024-07-26,3,3,1,299.0,128.0,0.0
2984,995,5,2024-07-26,7,2,2,349.0,147.0,0.0
2985,164,3,2024-07-26,7,3,1,296.1,141.0,32.9
2986,238,2,2024-07-26,3,1,1,299.0,128.0,0.0
2987,278,3,2024-07-27,1,5,1,296.1,141.0,32.9
2988,1138,5,2024-07-27,1,2,1,349.0,147.0,0.0
2989,1744,4,2024-07-27,7,1,1,296.65,147.0,52.35
2990,1904,4,2024-07-27,3,2,2,349.0,147.0,0.0
2991,604,5,2024-07-27,3,5,1,349.0,147.0,0.0
2992,77,6,2024-07-27,1,5,1,499.0,210.0,0.0
2993,251,5,2024-07-27,4,1,2,349.0,147.0,0.0
2994,582,5,2024-07-27,7,1,1,349.0,147.0,0.0
2995,106,4,2024-07-27,1,1,1,296.65,147.0,52.35
2996,1123,2,2024-07-27,2,3,1,299.0,128.0,0.0
2997,1018,5,2024-07-27,4,1,1,349.0,147.0,0.0
2998,1476,5,2024-07-27,3,3,2,349.0,147.0,0.0
2999,566,4,2024-07-27,2,1,1,349.0,147.0,0.0
3000,1168,6,2024-07-27,1,1,1,424.15,210.0,74.85
3001,1288,5,2024-07-27,8,5,1,349.0,147.0,0.0
3002,427,3,2024-07-27,1,5,1,329.0,141.0,0.0
3003,919,4,2024-07-27,2,3,1,349.0,147.0,0.0
3004,741,4,2024-07-28,1,1,1,349.0,147.0,0.0
3005,88,1,2024-07-28,2,4,1,299.0,128.0,0.0
3006,11,6,2024-07-28,8,4,1,499.0,210.0,0.0
3007,534,1,2024-07-28,5,4,1,299.0,128.0,0.0
3008,8,6,2024-07-28,3,1,2,499.0,210.0,0.0
3009,557,6,2024-07-28,1,1,1,499.0,210.0,0.0
3010,967,4,2024-07-28,1,4,1,349.0,147.0,0.0
3011,1351,2,2024-07-28,1,2,1,299.0,128.0,0.0
3012,582,1,2024-07-28,1,1,1,299.0,128.0,0.0
3013,1242,4,2024-07-28,1,3,1,349.0,147.0,0.0
3014,1136,2,2024-07-28,2,3,1,299.0,128.0,0.0
3015,1443,1,2024-07-28,6,5,1,299.0,128.0,0.0
3016,644,2,2024-07-28,7,1,2,254.15,128.0,44.85
3017,1318,4,2024-07-28,5,2,1,314.1,147.0,34.9
3018,241,4,2024-07-28,3,5,2,349.0,147.0,0.0
3019,1227,5,2024-07-28,7,1,1,349.0,147.0,0.0
3020,150,1,2024-07-28,7,3,1,299.0,128.0,0.0
3021,1256,3,2024-07-29,3,5,1,296.1,141.0,32.9
3022,1905,5,2024-07-29,5,1,1,349.0,147.0,0.0
3023,1810,4,2024-07-29,4,3,1,349.0,147.0,0.0
3024,1898,4,2024-07-29,2,5,1,349.0,147.0,0.0
3025,1146,4,2024-07-29,1,2,2,349.0,147.0,0.0
3026,1584,1,2024-07-29,4,3,1,299.0,128.0,0.0
3027,1472,4,2024-07-29,6,2,2,296.65,147.0,52.35
3028,1180,1,2024-07-29,8,5,1,299.0,128.0,0.0
3029,1607,3,2024-07-29,1,3,1,329.0,141.0,0.0
3030,383,4,2024-07-29,4,2,1,314.1,147.0,34.9
3031,1306,1,2024-07-29,3,4,1,269.1,128.0,29.9
3032,879,1,2024-07-29,2,2,1,299.0,128.0,0.0
3033,479,4,2024-07-29,1,2,1,349.0,147.0,0.0
3034,295,4,2024-07-29,4,1,1,349.0,147.0,0.0
3035,1204,5,2024-07-29,4,2,1,349.0,147.0,0.0
3036,399,4,2024-07-29,4,4,1,349.0,147.0,0.0
3037,606,2,2024-07-30,6,1,1,269.1,128.0,29.9
3038,1644,5,2024-07-30,1,3,1,349.0,147.0,0.0
3039,1846,2,2024-07-30,5,1,1,299.0,128.0,0.0
3040,931,5,2024-07-30,2,5,1,349.0,147.0,0.0
3041,816,4,2024-07-30,3,4,1,349.0,147.0,0.0
3042,1198,6,2024-07-30,3,2,1,449.1,210.0,49.9
3043,333,2,2024-07-30,9,1,1,299.0,128.0,0.0
3044,1346,1,2024-07-30,2,1,1,299.0,128.0,0.0
3045,456,5,2024-07-30,5,2,1,349.0,147.0,0.0
3046,464,1,2024-07-30,4,2,1,269.1,128.0,29.9
3047,1854,5,2024-07-30,1,2,1,349.0,147.0,0.0
3048,1949,2,2024-07-30,2,2,1,299.0,128.0,0.0
3049,1110,6,2024-07-30,5,2,1,499.0,210.0,0.0
3050,1843,4,2024-07-30,9,1,1,349.0,147.0,0.0
3051,454,6,2024-07-30,8,1,1,449.1,210.0,49.9
3052,473,4,2024-07-30,5,4,1,349.0,147.0,0.0
3053,16,2,2024-07-30,3,1,1,299.0,128.0,0.0
3054,491,4,2024-07-30,3,2,1,349.0,147.0,0.0
3055,1237,1,2024-07-30,5,2,1,299.0,128.0,0.0
3056,378,5,2024-07-31,2,2,1,349.0,147.0,0.0
3057,1053,5,2024-07-31,1,2,1,349.0,147.0,0.0
3058,1274,5,2024-07-31,5,1,1,349.0,147.0,0.0
3059,1647,6,2024-07-31,8,3,1,499.0,210.0,0.0
3060,960,4,2024-07-31,2,2,1,314.1,147.0,34.9
3061,904,5,2024-07-31,5,1,1,349.0,147.0,0.0
3062,606,6,2024-07-31,5,1,1,499.0,210.0,0.0
3063,165,5,2024-07-31,3,2,2,349.0,147.0,0.0
3064,120,3,2024-07-31,5,1,1,329.0,141.0,0.0
3065,55,5,2024-07-31,5,1,1,349.0,147.0,0.0
3066,1122,1,2024-07-31,4,1,1,269.1,128.0,29.9
3067,504,1,2024-07-31,3,5,1,299.0,128.0,0.0
3068,50,3,2024-07-31,1,1,1,329.0,141.0,0.0
3069,310,2,2024-07-31,3,1,1,299.0,128.0,0.0
3070,283,3,2024-08-01,4,2,1,329.0,141.0,0.0
3071,452,6,2024-08-01,1,1,1,499.0,210.0,0.0
3072,45,1,2024-08-01,6,3,2,299.0,128.0,0.0
3073,504,4,2024-08-01,1,1,1,296.65,147.0,52.35
3074,1429,1,2024-08-01,4,2,1,299.0,128.0,0.0
3075,1744,3,2024-08-01,3,5,1,329.0,141.0,0.0
3076,1462,2,2024-08-01,5,2,1,299.0,128.0,0.0
3077,702,4,2024-08-01,1,2,1,349.0,147.0,0.0
3078,85,1,2024-08-01,1,2,1,299.0,128.0,0.0
3079,724,2,2024-08-01,3,4,1,299.0,128.0,0.0
3080,1796,2,2024-08-01,1,1,1,299.0,128.0,0.0
3081,573,3,2024-08-01,7,2,1,279.65,141.0,49.35
3082,1709,3,2024-08-01,2,2,1,279.65,141.0,49.35
3083,842,2,2024-08-01,3,1,1,299.0,128.0,0.0
3084,1668,5,2024-08-01,1,1,1,349.0,147.0,0.0
3085,1281,1,2024-08-01,1,2,1,299.0,128.0,0.0
3086,670,3,2024-08-01,1,3,2,296.1,141.0,32.9
3087,1775,4,2024-08-01,3,2,1,349.0,147.0,0.0
3088,1224,6,2024-08-01,4,2,1,499.0,210.0,0.0
3089,552,5,2024-08-02,2,4,1,349.0,147.0,0.0
3090,1346,3,2024-08-02,1,4,1,329.0,141.0,0.0
3091,946,4,2024-08-02,5,3,1,296.65,147.0,52.35
3092,13,2,2024-08-02,3,4,1,299.0,128.0,0.0
3093,281,3,2024-08-02,4,2,1,329.0,141.0,0.0
3094,417,2,2024-08-02,2,2,1,299.0,128.0,0.0
3095,1723,6,2024-08-02,1,2,2,499.0,210.0,0.0
3096,1498,5,2024-08-02,5,1,1,296.65,147.0,52.35
3097,132,5,2024-08-02,5,1,1,349.0,147.0,0.0
3098,404,4,2024-08-02,6,5,1,349.0,147.0,0.0
3099,1066,4,2024-08-02,1,3,1,349.0,147.0,0.0
3100,311,1,2024-08-02,7,3,2,299.0,128.0,0.0
3101,599,4,2024-08-02,1,5,1,349.0,147.0,0.0
3102,1113,2,2024-08-02,6,3,2,299.0,128.0,0.0
3103,781,1,2024-08-02,8,2,1,299.0,128.0,0.0
3104,831,4,2024-08-02,1,1,1,349.0,147.0,0.0
3105,688,4,2024-08-02,7,4,1,296.65,147.0,52.35
3106,1228,1,2024-08-02,3,2,1,299.0,128.0,0.0
3107,1708,1,2024-08-02,4,3,1,299.0,128.0,0.0
3108,192,6,2024-08-03,6,5,2,499.0,210.0,0.0
3109,1792,1,2024-08-03,2,2,1,299.0,128.0,0.0
3110,1612,5,2024-08-03,4,2,1,314.1,147.0,34.9
3111,100,2,2024-08-03,4,3,1,299.0,128.0,0.0
3112,74,2,2024-08-03,1,1,1,299.0,128.0,0.0
3113,714,4,2024-08-03,5,4,1,349.0,147.0,0.0
3114,392,4,2024-08-03,4,2,1,349.0,147.0,0.0
3115,939,3,2024-08-03,4,1,1,329.0,141.0,0.0
3116,1889,4,2024-08-03,3,2,2,349.0,147.0,0.0
3117,1671,4,2024-08-03,7,1,1,349.0,147.0,0.0
3118,1820,4,2024-08-03,7,2,1,349.0,147.0,0.0
3119,1145,4,2024-08-03,3,1,1,349.0,147.0,0.0
3120,1057,6,2024-08-03,8,1,1,449.1,210.0,49.9
3121,1165,4,2024-08-03,2,3,1,349.0,147.0,0.0
3122,1068,2,2024-08-03,3,1,1,299.0,128.0,0.0
3123,658,5,2024-08-03,1,1,1,296.65,147.0,52.35
3124,731,4,2024-08-03,2,3,1,349.0,147.0,0.0
3125,1118,3,2024-08-03,1,3,1,329.0,141.0,0.0
3126,1578,5,2024-08-03,2,1,1,349.0,147.0,0.0
3127,959,6,2024-08-03,1,3,1,499.0,210.0,0.0
3128,1105,5,2024-08-03,3,4,2,349.0,147.0,0.0
3129,9,5,2024-08-03,5,1,1,349.0,147.0,0.0
3130,367,4,2024-08-04,5,1,1,349.0,147.0,0.0
3131,649,1,2024-08-04,1,1,1,299.0,128.0,0.0
3132,1792,4,2024-08-04,8,1,2,349.0,147.0,0.0
3133,1115,4,2024-08-04,3,2,1,296.65,147.0,52.35
3134,967,1,2024-08-04,3,4,1,299.0,128.0,0.0
3135,1138,5,2024-08-04,5,2,1,296.65,147.0,52.35
3136,1884,5,2024-08-04,5,1,1,349.0,147.0,0.0
3137,654,1,2024-08-04,7,1,1,299.0,128.0,0.0
3138,1598,4,2024-08-04,1,1,1,296.65,147.0,52.35
3139,290,5,2024-08-04,4,2,1,349.0,147.0,0.0
3140,1820,5,2024-08-04,3,4,1,349.0,147.0,0.0
3141,1357,4,2024-08-04,6,3,1,314.1,147.0,34.9
3142,1850,4,2024-08-04,4,1,1,349.0,147.0,0.0
3143,748,5,2024-08-04,2,2,1,314.1,147.0,34.9
3144,607,1,2024-08-04,3,1,1,299.0,128.0,0.0
3145,589,5,2024-08-04,2,1,1,349.0,147.0,0.0
3146,1688,5,2024-08-04,2,3,2,296.65,147.0,52.35
3147,402,5,2024-08-04,1,4,1,296.65,147.0,52.35
3148,1187,1,2024-08-04,5,2,1,254.15,128.0,44.85
3149,742,5,2024-08-04,1,1,1,349.0,147.0,0.0
3150,1010,5,2024-08-04,8,1,1,349.0,147.0,0.0
3151,1438,1,2024-08-05,7,2,1,299.0,128.0,0.0
3152,63,4,2024-08-05,3,1,1,349.0,147.0,0.0
3153,536,5,2024-08-05,6,5,1,349.0,147.0,0.0
3154,417,2,2024-08-05,1,2,1,299.0,128.0,0.0
3155,183,4,2024-08-05,3,1,1,349.0,147.0,0.0
3156,517,3,2024-08-05,7,5,2,329.0,141.0,0.0
3157,794,5,2024-08-05,1,4,1,349.0,147.0,0.0
3158,188,6,2024-08-05,5,2,2,499.0,210.0,0.0
3159,748,1,2024-08-05,3,1,1,299.0,128.0,0.0
3160,1821,4,2024-08-05,4,1,1,349.0,147.0,0.0
3161,81,5,2024-08-05,4,1,1,349.0,147.0,0.0
3162,802,5,2024-08-05,2,1,1,349.0,147.0,0.0
3163,177,4,2024-08-05,1,1,1,349.0,147.0,0.0
3164,1797,1,2024-08-05,1,2,2,299.0,128.0,0.0
3165,1486,2,2024-08-05,6,5,1,269.1,128.0,29.9
3166,782,4,2024-08-05,5,1,1,314.1,147.0,34.9
3167,120,1,2024-08-05,6,2,1,299.0,128.0,0.0
3168,136,4,2024-08-05,5,1,1,349.0,147.0,0.0
3169,1688,4,2024-08-05,9,1,1,349.0,147.0,0.0
3170,1432,6,2024-08-05,8,3,1,499.0,210.0,0.0
3171,1280,5,2024-08-05,7,3,1,349.0,147.0,0.0
3172,1298,4,2024-08-05,3,1,1,349.0,147.0,0.0
3173,1877,4,2024-08-05,1,1,1,314.1,147.0,34.9
3174,715,5,2024-08-06,5,4,1,349.0,147.0,0.0
3175,526,5,2024-08-06,7,1,1,314.1,147.0,34.9
3176,1697,5,2024-08-06,4,5,1,296.65,147.0,52.35
3177,1382,5,2024-08-06,3,5,1,314.1,147.0,34.9
3178,1239,4,2024-08-06,1,2,1,296.65,147.0,52.35
3179,256,5,2024-08-06,1,5,1,349.0,147.0,0.0
3180,1503,5,2024-08-06,1,4,1,314.1,147.0,34.9
3181,875,4,2024-08-06,3,4,1,349.0,147.0,0.0
3182,257,5,2024-08-06,3,1,1,296.65,147.0,52.35
3183,1116,4,2024-08-06,1,3,1,349.0,147.0,0.0
3184,1801,5,2024-08-06,2,2,1,349.0,147.0,0.0
3185,377,4,2024-08-06,5,1,1,349.0,147.0,0.0
3186,1433,5,2024-08-06,8,5,1,349.0,147.0,0.0
3187,666,2,2024-08-06,4,3,1,299.0,128.0,0.0
3188,1982,4,2024-08-06,1,1,1,349.0,147.0,0.0
3189,1097,1,2024-08-06,3,1,1,299.0,128.0,0.0
3190,661,6,2024-08-07,1,4,1,499.0,210.0,0.0
3191,1869,4,2024-08-07,2,5,2,349.0,147.0,0.0
3192,1881,5,2024-08-07,3,4,2,349.0,147.0,0.0
3193,1599,3,2024-08-07,3,5,1,329.0,141.0,0.0
3194,285,4,2024-08-07,2,4,2,349.0,147.0,0.0
3195,1095,4,2024-08-07,8,2,1,349.0,147.0,0.0
3196,81,1,2024-08-07,1,2,1,269.1,128.0,29.9
3197,537,2,2024-08-07,8,2,1,299.0,128.0,0.0
3198,1821,4,2024-08-07,4,2,1,296.65,147.0,52.35
3199,1586,1,2024-08-07,5,1,1,299.0,128.0,0.0
3200,1298,1,2024-08-07,4,2,1,299.0,128.0,0.0
3201,351,4,2024-08-07,4,1,2,349.0,147.0,0.0
3202,372,2,2024-08-07,1,1,1,299.0,128.0,0.0
3203,1149,1,2024-08-07,5,2,1,299.0,128.0,0.0
3204,401,1,2024-08-07,1,2,1,299.0,128.0,0.0
3205,1438,5,2024-08-08,8,3,1,349.0,147.0,0.0
3206,591,6,2024-08-08,7,3,1,499.0,210.0,0.0
3207,1653,4,2024-08-08,4,2,1,349.0,147.0,0.0
3208,1846,4,2024-08-08,1,2,1,349.0,147.0,0.0
3209,1850,4,2024-08-08,1,2,1,349.0,147.0,0.0
3210,521,3,2024-08-08,3,2,1,329.0,141.0,0.0
3211,1099,5,2024-08-08,3,3,1,296.65,147.0,52.35
3212,1788,2,2024-08-08,5,1,1,299.0,128.0,0.0
3213,1925,6,2024-08-08,4,4,1,424.15,210.0,74.85
3214,1705,4,2024-08-08,2,1,1,349.0,147.0,0.0
3215,316,1,2024-08-08,2,2,1,299.0,128.0,0.0
3216,1893,4,2024-08-08,5,3,1,349.0,147.0,0.0
3217,1580,5,2024-08-08,4,1,1,349.0,147.0,0.0
3218,1785,6,2024-08-08,2,2,1,499.0,210.0,0.0
3219,730,1,2024-08-08,5,2,1,299.0,128.0,0.0
3220,1477,1,2024-08-08,3,3,1,299.0,128.0,0.0
3221,17,1,2024-08-08,9,2,1,299.0,128.0,0.0
3222,402,4,2024-08-08,7,2,1,349.0,147.0,0.0
3223,291,5,2024-08-09,5,1,1,349.0,147.0,0.0
3224,1288,6,2024-08-09,1,2,1,499.0,210.0,0.0
3225,687,4,2024-08-09,4,3,1,349.0,147.0,0.0
3226,1303,1,2024-08-09,1,2,2,299.0,128.0,0.0
3227,639,2,2024-08-09,7,2,1,299.0,128.0,0.0
3228,1581,5,2024-08-09,1,2,1,349.0,147.0,0.0
3229,1759,5,2024-08-09,5,5,1,349.0,147.0,0.0
3230,229,1,2024-08-09,2,4,1,299.0,128.0,0.0
3231,822,3,2024-08-09,1,2,1,296.1,141.0,32.9
3232,1384,3,2024-08-09,1,1,1,329.0,141.0,0.0
3233,745,4,2024-08-09,4,1,1,349.0,147.0,0.0
3234,701,6,2024-08-09,8,3,1,449.1,210.0,49.9
3235,1688,6,2024-08-09,1,2,1,499.0,210.0,0.0
3236,1848,6,2024-08-09,5,1,1,499.0,210.0,0.0
3237,930,5,2024-08-09,3,2,2,349.0,147.0,0.0
3238,221,4,2024-08-09,2,5,1,349.0,147.0,0.0
3239,651,5,2024-08-10,5,4,1,349.0,147.0,0.0
3240,342,5,2024-08-10,5,1,1,349.0,147.0,0.0
3241,528,4,2024-08-10,3,1,1,314.1,147.0,34.9
3242,1207,4,2024-08-10,1,4,1,349.0,147.0,0.0
3243,493,1,2024-08-10,4,5,1,254.15,128.0,44.85
3244,893,5,2024-08-10,1,1,2,349.0,147.0,0.0
3245,1261,5,2024-08-10,1,3,1,296.65,147.0,52.35
3246,1482,4,2024-08-10,8,5,1,314.1,147.0,34.9
3247,441,2,2024-08-10,7,2,1,269.1,128.0,29.9
3248,79,3,2024-08-10,4,3,1,279.65,141.0,49.35
3249,118,1,2024-08-10,2,1,1,299.0,128.0,0.0
3250,1392,1,2024-08-10,1,1,1,299.0,128.0,0.0
3251,966,3,2024-08-10,1,2,1,329.0,141.0,0.0
3252,226,5,2024-08-10,2,1,1,349.0,147.0,0.0
3253,1834,1,2024-08-10,2,2,1,299.0,128.0,0.0
3254,1260,3,2024-08-10,1,3,1,329.0,141.0,0.0
3255,322,5,2024-08-10,4,1,1,349.0,147.0,0.0
3256,33,4,2024-08-10,4,2,1,349.0,147.0,0.0
3257,260,3,2024-08-10,1,2,1,329.0,141.0,0.0
3258,1756,2,2024-08-11,5,1,1,299.0,128.0,0.0
3259,110,5,2024-08-11,1,1,1,314.1,147.0,34.9
3260,1127,2,2024-08-11,2,1,1,299.0,128.0,0.0
3261,944,4,2024-08-11,2,2,1,314.1,147.0,34.9
3262,1398,4,2024-08-11,2,2,1,349.0,147.0,0.0
3263,1268,5,2024-08-11,1,1,1,314.1,147.0,34.9
3264,105,1,2024-08-11,5,2,2,299.0,128.0,0.0
3265,1653,4,2024-08-11,1,1,1,349.0,147.0,0.0
3266,1926,3,2024-08-11,4,2,1,329.0,141.0,0.0
3267,927,5,2024-08-11,1,1,1,349.0,147.0,0.0
3268,1600,5,2024-08-11,5,3,1,349.0,147.0,0.0
3269,610,4,2024-08-11,1,2,1,349.0,147.0,0.0
3270,1035,1,2024-08-11,3,1,1,299.0,128.0,0.0
3271,354,1,2024-08-11,1,1,1,299.0,128.0,0.0
3272,124,1,2024-08-11,1,2,1,299.0,128.0,0.0
3273,1121,2,2024-08-11,5,3,1,299.0,128.0,0.0
3274,1404,5,2024-08-11,3,3,1,349.0,147.0,0.0
3275,1305,4,2024-08-11,3,3,1,349.0,147.0,0.0
3276,1394,1,2024-08-11,1,2,2,299.0,128.0,0.0
3277,1214,5,2024-08-12,1,1,1,349.0,147.0,0.0
3278,725,1,2024-08-12,5,5,1,299.0,128.0,0.0
3279,1871,1,2024-08-12,3,4,1,299.0,128.0,0.0
3280,57,5,2024-08-12,2,1,1,314.1,147.0,34.9
3281,940,1,2024-08-12,7,2,1,269.1,128.0,29.9
3282,165,4,2024-08-12,1,2,1,349.0,147.0,0.0
3283,1241,4,2024-08-12,2,1,1,349.0,147.0,0.0
3284,382,4,2024-08-12,3,3,1,349.0,147.0,0.0
3285,239,5,2024-08-12,5,4,1,349.0,147.0,0.0
3286,493,4,2024-08-12,2,4,1,349.0,147.0,0.0
3287,1892,5,2024-08-12,2,2,1,296.65,147.0,52.35
3288,940,1,2024-08-12,3,1,1,269.1,128.0,29.9
3289,96,2,2024-08-12,7,3,1,299.0,128.0,0.0
3290,592,5,2024-08-12,5,4,2,349.0,147.0,0.0
3291,361,4,2024-08-12,2,3,1,349.0,147.0,0.0
3292,147,5,2024-08-12,2,2,1,349.0,147.0,0.0
3293,210,3,2024-08-12,4,5,1,329.0,141.0,0.0
3294,1510,4,2024-08-12,3,4,1,349.0,147.0,0.0
3295,796,3,2024-08-12,4,5,1,329.0,141.0,0.0
3296,1899,1,2024-08-12,8,1,1,299.0,128.0,0.0
3297,570,4,2024-08-12,4,2,1,349.0,147.0,0.0
3298,465,5,2024-08-12,8,3,1,349.0,147.0,0.0
3299,297,5,2024-08-12,1,2,1,296.65,147.0,52.35
3300,989,6,2024-08-13,2,1,1,499.0,210.0,0.0
3301,542,1,2024-08-13,3,1,1,299.0,128.0,0.0
3302,926,2,2024-08-13,1,1,1,299.0,128.0,0.0
3303,180,4,2024-08-13,9,2,1,349.0,147.0,0.0
3304,110,5,2024-08-13,3,3,1,349.0,147.0,0.0
3305,1714,5,2024-08-13,3,1,1,314.1,147.0,34.9
3306,1259,4,2024-08-13,7,1,1,349.0,147.0,0.0
3307,1005,1,2024-08-13,5,5,1,269.1,128.0,29.9
3308,729,4,2024-08-13,4,5,1,349.0,147.0,0.0
3309,1826,6,2024-08-13,4,3,1,499.0,210.0,0.0
3310,1962,5,2024-08-13,1,2,1,314.1,147.0,34.9
3311,1698,1,2024-08-13,2,2,1,254.15,128.0,44.85
3312,1676,2,2024-08-13,3,1,1,299.0,128.0,0.0
3313,841,2,2024-08-13,1,4,1,299.0,128.0,0.0
3314,433,4,2024-08-13,3,2,1,349.0,147.0,0.0
3315,803,4,2024-08-13,1,1,2,349.0,147.0,0.0
3316,1687,1,2024-08-13,2,3,1,254.15,128.0,44.85
3317,1425,2,2024-08-13,5,2,1,269.1,128.0,29.9
3318,158,4,2024-08-14,3,3,1,349.0,147.0,0.0
3319,93,3,2024-08-14,3,1,1,329.0,141.0,0.0
3320,732,5,2024-08-14,3,1,1,314.1,147.0,34.9
3321,863,6,2024-08-14,4,2,1,499.0,210.0,0.0
3322,1554,5,2024-08-14,9,1,1,314.1,147.0,34.9
3323,1295,2,2024-08-14,7,1,1,269.1,128.0,29.9
3324,1657,2,2024-08-14,1,2,1,299.0,128.0,0.0
3325,1799,1,2024-08-14,8,1,1,254.15,128.0,44.85
3326,1011,5,2024-08-14,1,3,1,296.65,147.0,52.35
3327,374,5,2024-08-14,5,2,1,349.0,147.0,0.0
3328,1171,4,2024-08-14,1,3,1,349.0,147.0,0.0
3329,516,3,2024-08-14,5,2,1,329.0,141.0,0.0
3330,18,5,2024-08-14,3,3,1,349.0,147.0,0.0
3331,1588,6,2024-08-14,5,1,1,499.0,210.0,0.0
3332,1807,5,2024-08-14,2,3,1,349.0,147.0,0.0
3333,1152,6,2024-08-14,5,2,1,449.1,210.0,49.9
3334,1303,5,2024-08-14,5,1,1,349.0,147.0,0.0
3335,821,4,2024-08-14,8,2,1,349.0,147.0,0.0
3336,1914,4,2024-08-14,1,3,1,349.0,147.0,0.0
3337,1448,2,2024-08-14,2,3,1,254.15,128.0,44.85
3338,1324,2,2024-08-14,5,2,1,299.0,128.0,0.0
3339,1622,5,2024-08-14,3,5,1,314.1,147.0,34.9
3340,379,5,2024-08-15,1,4,1,349.0,147.0,0.0
3341,205,4,2024-08-15,2,5,1,349.0,147.0,0.0
3342,1788,5,2024-08-15,1,3,1,296.65,147.0,52.35
3343,502,5,2024-08-15,4,2,1,349.0,147.0,0.0
3344,719,5,2024-08-15,5,2,2,349.0,147.0,0.0
3345,134,6,2024-08-15,4,2,1,499.0,210.0,0.0
3346,212,3,2024-08-15,4,1,1,329.0,141.0,0.0
3347,395,4,2024-08-15,1,4,1,314.1,147.0,34.9
3348,192,5,2024-08-15,6,2,1,349.0,147.0,0.0
3349,156,5,2024-08-15,4,1,1,349.0,147.0,0.0
3350,655,4,2024-08-15,9,1,1,349.0,147.0,0.0
3351,1960,2,2024-08-15,3,3,1,299.0,128.0,0.0
3352,868,4,2024-08-15,1,2,1,349.0,147.0,0.0
3353,192,4,2024-08-15,6,3,1,349.0,147.0,0.0
3354,393,4,2024-08-15,1,3,1,349.0,147.0,0.0
3355,260,2,2024-08-15,1,2,1,299.0,128.0,0.0
3356,364,4,2024-08-15,1,1,1,349.0,147.0,0.0
3357,1060,4,2024-08-15,1,2,1,349.0,147.0,0.0
3358,1924,6,2024-08-15,4,3,1,499.0,210.0,0.0
3359,1040,4,2024-08-15,1,1,1,314.1,147.0,34.9
3360,1152,2,2024-08-15,3,1,2,254.15,128.0,44.85
3361,922,2,2024-08-15,3,1,1,269.1,128.0,29.9
3362,1298,6,2024-08-16,2,1,1,499.0,210.0,0.0
3363,1887,4,2024-08-16,3,4,1,349.0,147.0,0.0
3364,1240,5,2024-08-16,2,1,1,349.0,147.0,0.0
3365,1766,4,2024-08-16,1,2,1,349.0,147.0,0.0
3366,413,1,2024-08-16,2,1,1,269.1,128.0,29.9
3367,1042,6,2024-08-16,2,3,1,499.0,210.0,0.0
3368,1322,4,2024-08-16,3,2,1,296.65,147.0,52.35
3369,1252,4,2024-08-16,1,3,1,349.0,147.0,0.0
3370,1752,4,2024-08-16,3,1,1,314.1,147.0,34.9
3371,1734,2,2024-08-16,1,3,1,299.0,128.0,0.0
3372,1636,4,2024-08-16,7,2,1,296.65,147.0,52.35
3373,690,3,2024-08-16,5,1,1,329.0,141.0,0.0
3374,694,1,2024-08-16,1,1,1,299.0,128.0,0.0
3375,1007,5,2024-08-16,5,1,1,314.1,147.0,34.9
3376,1422,2,2024-08-16,4,2,2,299.0,128.0,0.0
3377,1060,3,2024-08-16,2,3,1,279.65,141.0,49.35
3378,35,4,2024-08-16,5,3,1,349.0,147.0,0.0
3379,470,4,2024-08-16,5,5,1,349.0,147.0,0.0
3380,1846,2,2024-08-16,6,2,1,299.0,128.0,0.0
3381,344,5,2024-08-16,8,4,1,349.0,147.0,0.0
3382,677,1,2024-08-16,3,4,1,269.1,128.0,29.9
3383,1005,4,2024-08-16,6,2,1,349.0,147.0,0.0
3384,1618,1,2024-08-16,3,1,1,269.1,128.0,29.9
3385,501,5,2024-08-16,1,2,1,349.0,147.0,0.0
3386,662,4,2024-08-17,1,3,1,349.0,147.0,0.0
3387,1742,5,2024-08-17,4,1,1,349.0,147.0,0.0
3388,1652,4,2024-08-17,4,2,1,314.1,147.0,34.9
3389,756,1,2024-08-17,3,2,1,299.0,128.0,0.0
3390,1555,4,2024-08-17,3,1,1,349.0,147.0,0.0
3391,398,5,2024-08-17,2,2,1,349.0,147.0,0.0
3392,529,4,2024-08-17,5,1,1,349.0,147.0,0.0
3393,215,4,2024-08-17,1,2,1,349.0,147.0,0.0
3394,864,1,2024-08-17,1,4,1,299.0,128.0,0.0
3395,1717,1,2024-08-17,2,2,1,299.0,128.0,0.0
3396,877,2,2024-08-17,1,2,1,299.0,128.0,0.0
3397,1103,3,2024-08-17,7,5,1,329.0,141.0,0.0
3398,1240,4,2024-08-17,8,4,1,314.1,147.0,34.9
3399,1256,2,2024-08-17,2,2,1,299.0,128.0,0.0
3400,685,1,2024-08-17,5,3,1,299.0,128.0,0.0
3401,1799,5,2024-08-17,1,2,1,314.1,147.0,34.9
3402,860,4,2024-08-17,1,5,1,349.0,147.0,0.0
3403,165,3,2024-08-18,1,1,1,329.0,141.0,0.0
3404,965,5,2024-08-18,4,1,1,349.0,147.0,0.0
3405,67,4,2024-08-18,5,3,1,314.1,147.0,34.9
3406,764,3,2024-08-18,5,3,1,329.0,141.0,0.0
3407,704,2,2024-08-18,4,2,2,269.1,128.0,29.9
3408,504,3,2024-08-18,4,5,1,329.0,141.0,0.0
3409,881,6,2024-08-18,4,1,1,424.15,210.0,74.85
3410,1962,1,2024-08-18,3,1,1,269.1,128.0,29.9
3411,123,5,2024-08-18,5,2,1,349.0,147.0,0.0
3412,864,1,2024-08-18,3,2,1,269.1,128.0,29.9
3413,818,5,2024-08-18,1,4,2,349.0,147.0,0.0
3414,1029,2,2024-08-18,2,2,2,269.1,128.0,29.9
3415,639,5,2024-08-18,1,2,1,349.0,147.0,0.0
3416,1327,4,2024-08-18,5,3,1,349.0,147.0,0.0
3417,843,3,2024-08-18,2,4,1,296.1,141.0,32.9
3418,1451,4,2024-08-19,2,1,1,349.0,147.0,0.0
3419,1230,4,2024-08-19,1,3,1,349.0,147.0,0.0
3420,1437,2,2024-08-19,3,1,1,299.0,128.0,0.0
3421,866,6,2024-08-19,6,3,1,499.0,210.0,0.0
3422,1277,4,2024-08-19,1,2,1,349.0,147.0,0.0
3423,443,5,2024-08-19,2,1,1,349.0,147.0,0.0
3424,1777,2,2024-08-19,1,3,1,269.1,128.0,29.9
3425,1025,3,2024-08-19,2,1,1,329.0,141.0,0.0
3426,385,3,2024-08-19,7,3,1,329.0,141.0,0.0
3427,1377,2,2024-08-19,3,1,1,269.1,128.0,29.9
3428,732,6,2024-08-19,5,4,1,499.0,210.0,0.0
3429,848,3,2024-08-19,2,1,1,329.0,141.0,0.0
3430,1986,2,2024-08-19,1,1,1,299.0,128.0,0.0
3431,1053,3,2024-08-19,3,1,1,279.65,141.0,49.35
3432,1669,1,2024-08-19,3,2,1,299.0,128.0,0.0
3433,1307,2,2024-08-19,2,4,1,299.0,128.0,0.0
3434,1653,4,2024-08-19,5,3,1,349.0,147.0,0.0
3435,1994,1,2024-08-19,8,1,1,254.15,128.0,44.85
3436,1993,5,2024-08-20,4,1,1,349.0,147.0,0.0
3437,421,6,2024-08-20,3,5,1,499.0,210.0,0.0
3438,188,4,2024-08-20,1,1,1,349.0,147.0,0.0
3439,1092,1,2024-08-20,1,3,1,299.0,128.0,0.0
3440,1673,2,2024-08-20,4,2,1,299.0,128.0,0.0
3441,949,5,2024-08-20,1,2,1,314.1,147.0,34.9
3442,1892,1,2024-08-20,3,1,1,299.0,128.0,0.0
3443,186,6,2024-08-20,1,1,1,499.0,210.0,0.0
3444,1808,4,2024-08-20,8,1,1,314.1,147.0,34.9
3445,80,2,2024-08-20,3,2,1,299.0,128.0,0.0
3446,1376,5,2024-08-20,7,2,1,349.0,147.0,0.0
3447,1258,4,2024-08-20,3,3,1,349.0,147.0,0.0
3448,1450,4,2024-08-20,9,1,1,349.0,147.0,0.0
3449,1604,4,2024-08-20,1,2,2,349.0,147.0,0.0
3450,1258,5,2024-08-20,1,1,1,349.0,147.0,0.0
3451,169,6,2024-08-20,1,5,1,449.1,210.0,49.9
3452,1880,5,2024-08-20,5,1,1,349.0,147.0,0.0
3453,121,5,2024-08-20,5,2,1,314.1,147.0,34.9
3454,328,5,2024-08-20,2,1,1,349.0,147.0,0.0
3455,1689,4,2024-08-20,4,2,1,349.0,147.0,0.0
3456,1901,4,2024-08-21,6,2,1,314.1,147.0,34.9
3457,782,6,2024-08-21,1,2,1,499.0,210.0,0.0
3458,1910,5,2024-08-21,3,1,1,349.0,147.0,0.0
3459,1638,4,2024-08-21,2,1,2,296.65,147.0,52.35
3460,272,4,2024-08-21,1,1,1,349.0,147.0,0.0
3461,1967,4,2024-08-21,3,2,1,314.1,147.0,34.9
3462,1506,1,2024-08-21,8,1,1,299.0,128.0,0.0
3463,717,1,2024-08-21,5,1,1,254.15,128.0,44.85
3464,1049,5,2024-08-21,7,5,1,349.0,147.0,0.0
3465,1941,4,2024-08-21,2,1,1,349.0,147.0,0.0
3466,1621,6,2024-08-21,5,4,1,499.0,210.0,0.0
3467,1816,4,2024-08-21,5,2,1,314.1,147.0,34.9
3468,699,1,2024-08-21,1,2,1,299.0,128.0,0.0
3469,893,3,2024-08-22,1,2,1,329.0,141.0,0.0
3470,1285,5,2024-08-22,3,2,1,349.0,147.0,0.0
3471,1042,6,2024-08-22,2,3,1,449.1,210.0,49.9
3472,1867,6,2024-08-22,1,3,1,499.0,210.0,0.0
3473,108,4,2024-08-22,6,1,1,296.65,147.0,52.35
3474,181,6,2024-08-22,3,1,1,449.1,210.0,49.9
3475,573,4,2024-08-22,3,4,1,349.0,147.0,0.0
3476,1544,4,2024-08-22,1,1,1,349.0,147.0,0.0
3477,1477,5,2024-08-22,5,3,1,349.0,147.0,0.0
3478,1495,2,2024-08-22,2,1,1,299.0,128.0,0.0
3479,1457,5,2024-08-22,5,5,1,314.1,147.0,34.9
3480,478,3,2024-08-22,2,1,1,329.0,141.0,0.0
3481,1507,4,2024-08-22,3,3,1,349.0,147.0,0.0
3482,259,5,2024-08-22,3,4,1,349.0,147.0,0.0
3483,1555,4,2024-08-22,5,4,1,349.0,147.0,0.0
3484,680,3,2024-08-22,1,3,1,329.0,141.0,0.0
3485,1924,5,2024-08-22,1,5,1,314.1,147.0,34.9
3486,1469,4,2024-08-22,3,1,1,314.1,147.0,34.9
3487,765,2,2024-08-23,2,2,1,299.0,128.0,0.0
3488,611,5,2024-08-23,3,2,1,349.0,147.0,0.0
3489,38,4,2024-08-23,3,2,1,349.0,147.0,0.0
3490,551,5,2024-08-23,3,1,1,314.1,147.0,34.9
3491,474,3,2024-08-23,2,1,1,279.65,141.0,49.35
3492,1613,5,2024-08-23,3,2,1,349.0,147.0,0.0
3493,563,4,2024-08-23,8,1,1,349.0,147.0,0.0
3494,1303,2,2024-08-23,9,1,1,299.0,128.0,0.0
3495,909,3,2024-08-23,1,2,1,329.0,141.0,0.0
3496,1010,4,2024-08-23,2,3,1,349.0,147.0,0.0
3497,148,5,2024-08-23,7,2,1,349.0,147.0,0.0
3498,903,4,2024-08-23,1,4,1,296.65,147.0,52.35
3499,1159,6,2024-08-23,1,4,1,499.0,210.0,0.0
3500,812,5,2024-08-23,5,2,1,349.0,147.0,0.0
3501,1889,2,2024-08-24,3,3,1,299.0,128.0,0.0
3502,626,5,2024-08-24,3,1,1,349.0,147.0,0.0
3503,1288,4,2024-08-24,1,1,1,349.0,147.0,0.0
3504,1298,5,2024-08-24,5,1,2,349.0,147.0,0.0
3505,615,4,2024-08-24,7,2,1,314.1,147.0,34.9
3506,496,3,2024-08-24,9,2,1,329.0,141.0,0.0
3507,1902,3,2024-08-24,1,1,1,329.0,141.0,0.0
3508,316,5,2024-08-24,3,1,1,314.1,147.0,34.9
3509,1532,5,2024-08-24,3,1,1,349.0,147.0,0.0
3510,682,5,2024-08-24,5,2,1,349.0,147.0,0.0
3511,129,1,2024-08-24,6,1,1,299.0,128.0,0.0
3512,911,5,2024-08-24,3,3,2,349.0,147.0,0.0
3513,350,6,2024-08-24,8,3,1,424.15,210.0,74.85
3514,1741,5,2024-08-24,1,1,1,349.0,147.0,0.0
3515,1019,4,2024-08-24,1,1,1,349.0,147.0,0.0
3516,374,4,2024-08-24,2,2,1,349.0,147.0,0.0
3517,547,2,2024-08-24,4,4,1,299.0,128.0,0.0
3518,1703,4,2024-08-25,7,3,1,349.0,147.0,0.0
3519,1922,1,2024-08-25,2,1,1,299.0,128.0,0.0
3520,1173,5,2024-08-25,2,3,1,349.0,147.0,0.0
3521,695,2,2024-08-25,4,1,1,254.15,128.0,44.85
3522,1556,5,2024-08-25,2,2,1,314.1,147.0,34.9
3523,558,4,2024-08-25,2,4,1,349.0,147.0,0.0
3524,986,1,2024-08-25,1,3,1,299.0,128.0,0.0
3525,431,4,2024-08-25,3,2,1,296.65,147.0,52.35
3526,1009,1,2024-08-25,1,1,1,269.1,128.0,29.9
3527,6,5,2024-08-25,7,2,1,349.0,147.0,0.0
3528,1939,6,2024-08-25,2,2,1,449.1,210.0,49.9
3529,950,4,2024-08-25,1,5,2,349.0,147.0,0.0
3530,1318,2,2024-08-25,2,5,1,299.0,128.0,0.0
3531,493,5,2024-08-25,5,2,1,349.0,147.0,0.0
3532,355,3,2024-08-25,2,1,1,279.65,141.0,49.35
3533,458,3,2024-08-25,3,1,1,329.0,141.0,0.0
3534,1094,3,2024-08-25,4,1,1,329.0,141.0,0.0
3535,752,6,2024-08-26,5,3,1,499.0,210.0,0.0
3536,1610,6,2024-08-26,2,2,1,499.0,210.0,0.0
3537,1901,4,2024-08-26,1,4,1,349.0,147.0,0.0
3538,1088,5,2024-08-26,5,2,1,349.0,147.0,0.0
3539,489,2,2024-08-26,4,2,1,269.1,128.0,29.9
3540,616,1,2024-08-26,4,5,1,299.0,128.0,0.0
3541,1298,5,2024-08-26,4,2,1,296.65,147.0,52.35
3542,1658,5,2024-08-26,1,1,1,296.65,147.0,52.35
3543,655,4,2024-08-26,1,5,2,349.0,147.0,0.0
3544,764,5,2024-08-26,1,2,1,349.0,147.0,0.0
3545,796,1,2024-08-26,4,3,1,299.0,128.0,0.0
3546,81,5,2024-08-26,2,2,1,349.0,147.0,0.0
3547,1324,2,2024-08-26,5,1,1,299.0,128.0,0.0
3548,1084,3,2024-08-26,5,1,1,329.0,141.0,0.0
3549,1635,3,2024-08-26,3,3,1,329.0,141.0,0.0
3550,1199,4,2024-08-26,9,3,1,349.0,147.0,0.0
3551,997,6,2024-08-26,2,2,1,499.0,210.0,0.0
3552,835,1,2024-08-26,3,1,1,299.0,128.0,0.0
3553,1596,1,2024-08-27,6,3,1,269.1,128.0,29.9
3554,1254,1,2024-08-27,3,4,1,299.0,128.0,0.0
3555,338,4,2024-08-27,3,4,1,349.0,147.0,0.0
3556,1891,2,2024-08-27,3,2,1,269.1,128.0,29.9
3557,1680,5,2024-08-27,8,1,2,349.0,147.0,0.0
3558,1573,5,2024-08-27,1,2,1,349.0,147.0,0.0
3559,1477,2,2024-08-27,6,2,1,299.0,128.0,0.0
3560,315,3,2024-08-27,6,1,1,329.0,141.0,0.0
3561,1371,4,2024-08-27,4,1,1,349.0,147.0,0.0
3562,1595,5,2024-08-27,5,2,1,349.0,147.0,0.0
3563,1924,4,2024-08-27,1,1,1,349.0,147.0,0.0
3564,1644,2,2024-08-27,2,1,1,299.0,128.0,0.0
3565,774,1,2024-08-27,4,2,1,299.0,128.0,0.0
3566,301,5,2024-08-27,2,3,1,314.1,147.0,34.9
3567,653,4,2024-08-27,2,2,1,349.0,147.0,0.0
3568,440,2,2024-08-27,2,1,1,299.0,128.0,0.0
3569,1067,1,2024-08-27,6,5,1,299.0,128.0,0.0
3570,702,1,2024-08-27,3,1,1,299.0,128.0,0.0
3571,693,1,2024-08-27,4,1,1,269.1,128.0,29.9
3572,1215,2,2024-08-27,3,3,1,299.0,128.0,0.0
3573,1766,4,2024-08-28,1,1,1,349.0,147.0,0.0
3574,153,2,2024-08-28,2,5,1,299.0,128.0,0.0
3575,1842,1,2024-08-28,1,2,1,299.0,128.0,0.0
3576,401,1,2024-08-28,7,2,1,269.1,128.0,29.9
3577,989,1,2024-08-28,4,2,1,254.15,128.0,44.85
3578,223,6,2024-08-28,1,2,1,499.0,210.0,0.0
3579,6,4,2024-08-28,1,2,1,349.0,147.0,0.0
3580,1963,1,2024-08-28,3,2,1,299.0,128.0,0.0
3581,1149,1,2024-08-28,5,1,1,299.0,128.0,0.0
3582,464,5,2024-08-28,2,1,1,349.0,147.0,0.0
3583,821,2,2024-08-28,3,1,1,299.0,128.0,0.0
3584,76,3,2024-08-28,4,1,1,296.1,141.0,32.9
3585,1607,6,2024-08-29,8,3,1,499.0,210.0,0.0
3586,1538,4,2024-08-29,2,3,1,349.0,147.0,0.0
3587,235,5,2024-08-29,1,1,1,349.0,147.0,0.0
3588,1769,3,2024-08-29,9,1,1,329.0,141.0,0.0
3589,802,4,2024-08-29,1,1,1,349.0,147.0,0.0
3590,506,1,2024-08-29,5,3,1,254.15,128.0,44.85
3591,699,6,2024-08-29,1,2,1,499.0,210.0,0.0
3592,1506,6,2024-08-29,3,3,1,499.0,210.0,0.0
3593,1054,1,2024-08-29,1,3,1,254.15,128.0,44.85
3594,754,4,2024-08-29,1,4,1,314.1,147.0,34.9
3595,1309,1,2024-08-29,7,1,1,299.0,128.0,0.0
3596,173,4,2024-08-29,3,3,1,349.0,147.0,0.0
3597,1446,3,2024-08-29,1,1,1,329.0,141.0,0.0
3598,1655,5,2024-08-29,1,2,1,349.0,147.0,0.0
3599,753,4,2024-08-29,3,1,1,349.0,147.0,0.0
3600,452,3,2024-08-29,1,5,1,329.0,141.0,0.0
3601,167,5,2024-08-29,2,2,1,349.0,147.0,0.0
3602,622,1,2024-08-30,2,1,1,254.15,128.0,44.85
3603,1973,3,2024-08-30,4,2,1,329.0,141.0,0.0
3604,657,2,2024-08-30,1,2,1,299.0,128.0,0.0
3605,1565,5,2024-08-30,3,1,1,314.1,147.0,34.9
3606,795,2,2024-08-30,4,3,1,254.15,128.0,44.85
3607,1203,5,2024-08-30,6,4,1,349.0,147.0,0.0
3608,1309,5,2024-08-30,1,1,1,349.0,147.0,0.0
3609,1621,4,2024-08-30,2,3,1,349.0,147.0,0.0
3610,1024,5,2024-08-30,1,1,1,314.1,147.0,34.9
3611,1112,2,2024-08-30,2,4,1,299.0,128.0,0.0
3612,899,5,2024-08-30,1,1,1,349.0,147.0,0.0
3613,41,5,2024-08-30,1,2,1,349.0,147.0,0.0
3614,1739,4,2024-08-30,5,1,2,314.1,147.0,34.9
3615,978,4,2024-08-30,3,5,1,349.0,147.0,0.0
3616,969,3,2024-08-30,4,2,1,329.0,141.0,0.0
3617,700,4,2024-08-30,1,2,1,314.1,147.0,34.9
3618,1181,2,2024-08-30,9,1,1,299.0,128.0,0.0
3619,417,4,2024-08-30,5,2,1,349.0,147.0,0.0
3620,715,5,2024-08-30,5,3,1,349.0,147.0,0.0
3621,373,6,2024-08-30,2,1,2,499.0,210.0,0.0
3622,271,6,2024-08-30,4,4,1,499.0,210.0,0.0
3623,1809,4,2024-08-30,3,3,1,349.0,147.0,0.0
3624,421,4,2024-08-30,2,2,1,349.0,147.0,0.0
3625,1207,2,2024-08-31,3,3,1,269.1,128.0,29.9
3626,175,1,2024-08-31,2,1,1,299.0,128.0,0.0
3627,1223,4,2024-08-31,2,5,1,314.1,147.0,34.9
3628,1338,6,2024-08-31,1,5,1,499.0,210.0,0.0
3629,496,1,2024-08-31,7,1,1,299.0,128.0,0.0
3630,777,1,2024-08-31,1,4,1,299.0,128.0,0.0
3631,1941,3,2024-08-31,1,5,2,329.0,141.0,0.0
3632,817,4,2024-08-31,3,4,1,349.0,147.0,0.0
3633,662,5,2024-08-31,3,1,1,349.0,147.0,0.0
3634,1466,5,2024-08-31,8,1,1,349.0,147.0,0.0
3635,1815,5,2024-08-31,5,1,1,349.0,147.0,0.0
3636,219,1,2024-08-31,5,3,1,269.1,128.0,29.9
3637,525,2,2024-08-31,1,4,1,299.0,128.0,0.0
3638,664,2,2024-08-31,2,1,1,269.1,128.0,29.9
3639,683,5,2024-08-31,8,2,1,314.1,147.0,34.9
3640,813,1,2024-09-01,3,1,1,299.0,128.0,0.0
3641,251,2,2024-09-01,7,1,1,299.0,128.0,0.0
3642,1985,5,2024-09-01,3,1,1,349.0,147.0,0.0
3643,1213,5,2024-09-01,3,2,1,349.0,147.0,0.0
3644,992,2,2024-09-01,6,3,1,299.0,128.0,0.0
3645,516,5,2024-09-01,5,1,1,349.0,147.0,0.0
3646,1675,1,2024-09-01,2,1,1,299.0,128.0,0.0
3647,18,2,2024-09-01,3,2,1,299.0,128.0,0.0
3648,40,3,2024-09-01,3,1,1,329.0,141.0,0.0
3649,163,2,2024-09-01,5,3,1,299.0,128.0,0.0
3650,8,1,2024-09-01,2,1,1,299.0,128.0,0.0
3651,816,2,2024-09-01,7,1,1,299.0,128.0,0.0
3652,1779,5,2024-09-01,3,3,1,349.0,147.0,0.0
3653,37,5,2024-09-01,4,2,1,349.0,147.0,0.0
3654,565,2,2024-09-01,2,2,1,269.1,128.0,29.9
3655,1861,5,2024-09-01,8,1,1,349.0,147.0,0.0
3656,28,4,2024-09-01,1,1,1,296.65,147.0,52.35
3657,1138,2,2024-09-02,3,3,1,299.0,128.0,0.0
3658,1771,2,2024-09-02,1,2,1,299.0,128.0,0.0
3659,155,2,2024-09-02,5,2,1,299.0,128.0,0.0
3660,943,1,2024-09-02,3,2,1,299.0,128.0,0.0
3661,1735,6,2024-09-02,1,1,1,499.0,210.0,0.0
3662,268,1,2024-09-02,5,2,1,299.0,128.0,0.0
3663,488,2,2024-09-02,6,4,1,299.0,128.0,0.0
3664,1179,4,2024-09-02,2,1,1,349.0,147.0,0.0
3665,1863,1,2024-09-02,7,5,1,254.15,128.0,44.85
3666,1661,1,2024-09-02,4,2,1,299.0,128.0,0.0
3667,579,4,2024-09-02,3,4,2,296.65,147.0,52.35
3668,942,3,2024-09-02,8,5,1,279.65,141.0,49.35
3669,613,4,2024-09-02,3,2,1,349.0,147.0,0.0
3670,709,4,2024-09-02,5,1,1,349.0,147.0,0.0
3671,1338,4,2024-09-02,3,2,2,314.1,147.0,34.9
3672,1556,6,2024-09-02,3,4,1,449.1,210.0,49.9
3673,529,2,2024-09-02,7,4,1,299.0,128.0,0.0
3674,1015,2,2024-09-03,3,1,2,299.0,128.0,0.0
3675,832,5,2024-09-03,3,3,1,349.0,147.0,0.0
3676,89,5,2024-09-03,5,1,1,349.0,147.0,0.0
3677,1901,4,2024-09-03,2,2,1,349.0,147.0,0.0
3678,858,6,2024-09-03,3,1,1,499.0,210.0,0.0
3679,135,4,2024-09-03,3,1,1,349.0,147.0,0.0
3680,344,4,2024-09-03,6,1,1,296.65,147.0,52.35
3681,536,4,2024-09-03,5,1,2,349.0,147.0,0.0
3682,1220,5,2024-09-03,6,5,1,349.0,147.0,0.0
3683,1869,1,2024-09-03,1,3,1,299.0,128.0,0.0
3684,1541,4,2024-09-03,7,1,1,349.0,147.0,0.0
3685,1967,5,2024-09-03,1,1,1,296.65,147.0,52.35
3686,135,4,2024-09-03,1,5,1,349.0,147.0,0.0
3687,1251,4,2024-09-03,2,1,1,349.0,147.0,0.0
3688,1104,4,2024-09-03,4,1,1,296.65,147.0,52.35
3689,855,5,2024-09-03,3,5,1,349.0,147.0,0.0
3690,723,2,2024-09-03,1,3,1,269.1,128.0,29.9
3691,335,5,2024-09-04,2,1,1,314.1,147.0,34.9
3692,1474,2,2024-09-04,1,5,1,299.0,128.0,0.0
3693,114,4,2024-09-04,7,2,1,349.0,147.0,0.0
3694,617,1,2024-09-04,5,1,1,299.0,128.0,0.0
3695,533,5,2024-09-04,1,1,1,296.65,147.0,52.35
3696,821,4,2024-09-04,5,3,1,349.0,147.0,0.0
3697,908,6,2024-09-04,3,2,1,499.0,210.0,0.0
3698,627,6,2024-09-04,1,1,1,499.0,210.0,0.0
3699,435,5,2024-09-04,5,3,1,314.1,147.0,34.9
3700,358,4,2024-09-04,3,1,1,349.0,147.0,0.0
3701,1635,5,2024-09-04,1,2,1,349.0,147.0,0.0
3702,568,3,2024-09-04,1,1,1,296.1,141.0,32.9
3703,472,4,2024-09-04,2,2,1,349.0,147.0,0.0
3704,520,1,2024-09-04,5,2,1,299.0,128.0,0.0
3705,113,2,2024-09-04,1,1,1,299.0,128.0,0.0
3706,510,5,2024-09-04,3,1,1,314.1,147.0,34.9
3707,1940,3,2024-09-04,5,5,1,329.0,141.0,0.0
3708,108,2,2024-09-05,5,1,1,299.0,128.0,0.0
3709,699,3,2024-09-05,1,4,1,329.0,141.0,0.0
3710,1753,1,2024-09-05,5,5,1,299.0,128.0,0.0
3711,1579,4,2024-09-05,6,3,1,314.1,147.0,34.9
3712,1815,3,2024-09-05,1,3,1,329.0,141.0,0.0
3713,1252,6,2024-09-05,4,4,2,424.15,210.0,74.85
3714,226,3,2024-09-05,2,5,1,296.1,141.0,32.9
3715,1832,6,2024-09-05,8,2,1,499.0,210.0,0.0
3716,270,6,2024-09-05,5,1,1,499.0,210.0,0.0
3717,841,1,2024-09-05,7,3,1,299.0,128.0,0.0
3718,1827,6,2024-09-05,1,3,1,499.0,210.0,0.0
3719,939,4,2024-09-05,1,1,1,349.0,147.0,0.0
3720,1152,5,2024-09-05,4,2,1,349.0,147.0,0.0
3721,944,5,2024-09-05,5,2,1,349.0,147.0,0.0
3722,1870,6,2024-09-05,1,1,1,449.1,210.0,49.9
3723,1877,2,2024-09-05,6,3,1,299.0,128.0,0.0
3724,1229,1,2024-09-05,3,2,1,299.0,128.0,0.0
3725,425,1,2024-09-05,4,2,1,269.1,128.0,29.9
3726,498,4,2024-09-06,3,2,1,296.65,147.0,52.35
3727,722,1,2024-09-06,3,2,1,299.0,128.0,0.0
3728,718,4,2024-09-06,9,3,1,349.0,147.0,0.0
3729,1099,5,2024-09-06,1,2,1,349.0,147.0,0.0
3730,320,5,2024-09-06,4,2,1,349.0,147.0,0.0
3731,1379,5,2024-09-06,4,2,1,349.0,147.0,0.0
3732,721,4,2024-09-06,5,3,1,349.0,147.0,0.0
3733,59,6,2024-09-06,4,5,1,449.1,210.0,49.9
3734,1066,5,2024-09-06,2,2,1,296.65,147.0,52.35
3735,710,6,2024-09-06,3,1,1,499.0,210.0,0.0
3736,794,4,2024-09-06,2,2,1,296.65,147.0,52.35
3737,856,4,2024-09-06,5,4,1,349.0,147.0,0.0
3738,173,4,2024-09-06,4,3,1,349.0,147.0,0.0
3739,1682,4,2024-09-06,5,2,2,349.0,147.0,0.0
3740,1877,4,2024-09-06,1,3,1,349.0,147.0,0.0
3741,276,3,2024-09-06,2,3,1,329.0,141.0,0.0
3742,492,5,2024-09-06,1,3,1,349.0,147.0,0.0
3743,204,3,2024-09-06,4,1,1,329.0,141.0,0.0
3744,852,1,2024-09-06,1,4,1,299.0,128.0,0.0
3745,295,2,2024-09-06,8,1,1,254.15,128.0,44.85
3746,658,1,2024-09-06,3,1,1,299.0,128.0,0.0
3747,1525,5,2024-09-06,3,1,1,349.0,147.0,0.0
3748,1734,4,2024-09-06,3,1,1,349.0,147.0,0.0
3749,774,1,2024-09-06,5,1,1,299.0,128.0,0.0
3750,1078,2,2024-09-06,3,1,1,299.0,128.0,0.0
3751,641,2,2024-09-06,9,2,1,254.15,128.0,44.85
3752,1995,5,2024-09-06,3,2,1,296.65,147.0,52.35
3753,644,6,2024-09-06,3,2,1,499.0,210.0,0.0
3754,399,3,2024-09-06,1,1,1,296.1,141.0,32.9
3755,828,1,2024-09-07,1,4,1,299.0,128.0,0.0
3756,588,1,2024-09-07,6,5,1,299.0,128.0,0.0
3757,210,2,2024-09-07,3,1,1,299.0,128.0,0.0
3758,538,1,2024-09-07,5,2,1,299.0,128.0,0.0
3759,1861,1,2024-09-07,1,2,1,299.0,128.0,0.0
3760,236,5,2024-09-07,3,1,1,349.0,147.0,0.0
3761,565,4,2024-09-07,2,1,1,349.0,147.0,0.0
3762,170,3,2024-09-07,6,4,1,329.0,141.0,0.0
3763,1753,5,2024-09-07,1,3,1,349.0,147.0,0.0
3764,532,5,2024-09-07,6,1,1,349.0,147.0,0.0
3765,145,2,2024-09-07,2,1,1,299.0,128.0,0.0
3766,1932,1,2024-09-07,3,3,1,299.0,128.0,0.0
3767,779,5,2024-09-07,7,3,1,314.1,147.0,34.9
3768,1238,5,2024-09-07,2,1,1,349.0,147.0,0.0
3769,931,6,2024-09-07,3,3,1,449.1,210.0,49.9
3770,1702,1,2024-09-07,1,1,1,269.1,128.0,29.9
3771,1942,3,2024-09-07,7,3,1,329.0,141.0,0.0
3772,839,4,2024-09-08,1,1,1,349.0,147.0,0.0
3773,537,1,2024-09-08,3,1,1,269.1,128.0,29.9
3774,1757,6,2024-09-08,1,5,1,499.0,210.0,0.0
3775,1888,1,2024-09-08,4,2,1,299.0,128.0,0.0
3776,1203,5,2024-09-08,3,2,1,349.0,147.0,0.0
3777,1173,5,2024-09-08,7,2,1,314.1,147.0,34.9
3778,607,5,2024-09-08,1,1,1,349.0,147.0,0.0
3779,538,5,2024-09-08,1,2,1,296.65,147.0,52.35
3780,1939,5,2024-09-08,3,1,1,349.0,147.0,0.0
3781,112,4,2024-09-08,6,5,1,349.0,147.0,0.0
3782,544,2,2024-09-08,8,2,1,299.0,128.0,0.0
3783,1238,6,2024-09-08,1,3,1,499.0,210.0,0.0
3784,1260,2,2024-09-08,8,1,1,299.0,128.0,0.0
3785,1707,3,2024-09-08,5,2,1,329.0,141.0,0.0
3786,1926,1,2024-09-08,3,5,1,299.0,128.0,0.0
3787,495,1,2024-09-08,9,2,1,299.0,128.0,0.0
3788,1319,3,2024-09-08,2,2,1,329.0,141.0,0.0
3789,796,6,2024-09-08,2,2,1,499.0,210.0,0.0
3790,951,4,2024-09-08,4,2,1,349.0,147.0,0.0
3791,1063,4,2024-09-08,3,4,1,349.0,147.0,0.0
3792,52,6,2024-09-09,3,3,2,499.0,210.0,0.0
3793,911,4,2024-09-09,4,1,2,314.1,147.0,34.9
3794,1859,3,2024-09-09,9,1,1,329.0,141.0,0.0
3795,1081,1,2024-09-09,1,3,2,299.0,128.0,0.0
3796,867,5,2024-09-09,1,5,2,349.0,147.0,0.0
3797,549,2,2024-09-09,2,4,1,254.15,128.0,44.85
3798,867,4,2024-09-09,4,1,1,349.0,147.0,0.0
3799,1157,5,2024-09-09,2,1,2,296.65,147.0,52.35
3800,1163,6,2024-09-09,6,3,1,499.0,210.0,0.0
3801,738,2,2024-09-09,1,2,1,254.15,128.0,44.85
3802,1633,4,2024-09-09,8,1,1,349.0,147.0,0.0
3803,791,5,2024-09-09,4,2,2,349.0,147.0,0.0
3804,213,6,2024-09-09,2,2,1,499.0,210.0,0.0
3805,1870,2,2024-09-09,1,5,1,299.0,128.0,0.0
3806,1624,5,2024-09-09,3,4,1,349.0,147.0,0.0
3807,1987,5,2024-09-09,3,4,1,349.0,147.0,0.0
3808,1134,4,2024-09-09,9,5,1,349.0,147.0,0.0
3809,561,4,2024-09-09,3,2,1,314.1,147.0,34.9
3810,902,6,2024-09-09,3,1,1,499.0,210.0,0.0
3811,1788,2,2024-09-10,1,3,1,299.0,128.0,0.0
3812,796,1,2024-09-10,3,2,1,299.0,128.0,0.0
3813,1914,5,2024-09-10,2,4,1,349.0,147.0,0.0
3814,1096,5,2024-09-10,2,5,1,349.0,147.0,0.0
3815,1323,3,2024-09-10,1,3,1,296.1,141.0,32.9
3816,514,5,2024-09-10,1,2,1,314.1,147.0,34.9
3817,810,3,2024-09-10,2,1,1,279.65,141.0,49.35
3818,1708,5,2024-09-10,7,2,1,349.0,147.0,0.0
3819,110,1,2024-09-10,5,1,1,269.1,128.0,29.9
3820,1579,5,2024-09-10,1,1,1,349.0,147.0,0.0
3821,1199,4,2024-09-10,8,3,1,314.1,147.0,34.9
3822,1284,4,2024-09-10,1,1,1,349.0,147.0,0.0
3823,1516,4,2024-09-10,3,1,1,314.1,147.0,34.9
3824,1990,3,2024-09-10,4,5,1,329.0,141.0,0.0
3825,1871,5,2024-09-10,1,3,1,349.0,147.0,0.0
3826,447,1,2024-09-10,1,3,1,299.0,128.0,0.0
3827,1934,6,2024-09-10,9,4,2,499.0,210.0,0.0
3828,1923,3,2024-09-10,4,1,1,329.0,141.0,0.0
3829,148,5,2024-09-10,1,2,1,349.0,147.0,0.0
3830,1538,1,2024-09-10,2,2,1,299.0,128.0,0.0
3831,130,4,2024-09-10,6,1,1,349.0,147.0,0.0
3832,847,2,2024-09-10,4,2,1,299.0,128.0,0.0
3833,388,3,2024-09-10,3,2,1,329.0,141.0,0.0
3834,561,1,2024-09-10,3,1,1,299.0,128.0,0.0
3835,1171,5,2024-09-10,1,4,1,296.65,147.0,52.35
3836,1649,4,2024-09-11,2,2,1,349.0,147.0,0.0
3837,945,4,2024-09-11,2,4,1,349.0,147.0,0.0
3838,1918,2,2024-09-11,5,1,1,299.0,128.0,0.0
3839,1401,4,2024-09-11,7,2,1,349.0,147.0,0.0
3840,1571,5,2024-09-11,7,4,1,349.0,147.0,0.0
3841,153,3,2024-09-11,3,1,2,329.0,141.0,0.0
3842,1450,4,2024-09-11,1,1,1,349.0,147.0,0.0
3843,1439,3,2024-09-11,1,2,1,296.1,141.0,32.9
3844,796,5,2024-09-11,3,2,1,349.0,147.0,0.0
3845,352,6,2024-09-11,1,3,1,499.0,210.0,0.0
3846,1955,3,2024-09-11,3,4,1,329.0,141.0,0.0
3847,1980,3,2024-09-11,1,2,1,329.0,141.0,0.0
3848,149,4,2024-09-11,2,2,1,349.0,147.0,0.0
3849,1163,6,2024-09-11,3,5,1,499.0,210.0,0.0
3850,1170,2,2024-09-11,6,1,1,254.15,128.0,44.85
3851,710,1,2024-09-11,1,2,2,269.1,128.0,29.9
3852,1398,1,2024-09-11,9,5,1,299.0,128.0,0.0
3853,934,1,2024-09-11,8,2,1,299.0,128.0,0.0
3854,1338,4,2024-09-11,2,2,1,349.0,147.0,0.0
3855,1496,5,2024-09-11,1,1,1,349.0,147.0,0.0
3856,815,6,2024-09-11,5,2,1,424.15,210.0,74.85
3857,341,4,2024-09-11,3,1,2,349.0,147.0,0.0
3858,1862,5,2024-09-11,7,3,1,349.0,147.0,0.0
3859,1069,4,2024-09-12,1,2,1,349.0,147.0,0.0
3860,724,5,2024-09-12,1,2,1,349.0,147.0,0.0
3861,14,1,2024-09-12,2,2,1,299.0,128.0,0.0
3862,519,5,2024-09-12,1,2,1,349.0,147.0,0.0
3863,881,5,2024-09-12,1,2,1,349.0,147.0,0.0
3864,1497,3,2024-09-12,1,5,1,329.0,141.0,0.0
3865,1813,1,2024-09-12,5,3,1,299.0,128.0,0.0
3866,1455,1,2024-09-12,5,1,1,299.0,128.0,0.0
3867,857,1,2024-09-12,2,1,1,299.0,128.0,0.0
3868,1340,4,2024-09-12,4,3,1,296.65,147.0,52.35
3869,1797,5,2024-09-12,2,1,1,296.65,147.0,52.35
3870,235,6,2024-09-12,8,1,1,499.0,210.0,0.0
3871,1242,1,2024-09-12,1,4,1,299.0,128.0,0.0
3872,1607,4,2024-09-12,5,1,1,349.0,147.0,0.0
3873,510,2,2024-09-12,7,1,1,299.0,128.0,0.0
3874,39,3,2024-09-12,3,1,1,329.0,141.0,0.0
3875,1120,2,2024-09-12,1,1,1,299.0,128.0,0.0
3876,1344,1,2024-09-12,8,4,1,299.0,128.0,0.0
3877,349,4,2024-09-12,1,1,1,349.0,147.0,0.0
3878,1676,1,2024-09-12,4,5,1,269.1,128.0,29.9
3879,852,1,2024-09-12,2,1,1,299.0,128.0,0.0
3880,679,3,2024-09-12,1,3,1,329.0,141.0,0.0
3881,1132,6,2024-09-12,1,2,1,449.1,210.0,49.9
3882,912,4,2024-09-12,5,5,1,296.65,147.0,52.35
3883,829,2,2024-09-13,1,2,1,269.1,128.0,29.9
3884,1581,1,2024-09-13,1,1,1,299.0,128.0,0.0
3885,1038,5,2024-09-13,5,2,1,349.0,147.0,0.0
3886,363,4,2024-09-13,2,2,1,296.65,147.0,52.35
3887,1986,2,2024-09-13,5,2,1,254.15,128.0,44.85
3888,1634,4,2024-09-13,1,2,1,349.0,147.0,0.0
3889,139,5,2024-09-13,7,1,1,349.0,147.0,0.0
3890,1829,2,2024-09-13,5,1,2,299.0,128.0,0.0
3891,1497,3,2024-09-13,5,2,1,329.0,141.0,0.0
3892,834,4,2024-09-13,9,1,1,349.0,147.0,0.0
3893,1394,2,2024-09-13,3,1,1,299.0,128.0,0.0
3894,626,5,2024-09-13,3,1,1,296.65,147.0,52.35
3895,1571,5,2024-09-13,1,2,1,296.65,147.0,52.35
3896,1828,5,2024-09-13,7,1,2,349.0,147.0,0.0
3897,1550,1,2024-09-13,1,1,1,254.15,128.0,44.85
3898,421,2,2024-09-13,2,1,1,299.0,128.0,0.0
3899,1053,2,2024-09-13,1,3,1,299.0,128.0,0.0
3900,1302,4,2024-09-13,1,3,1,349.0,147.0,0.0
3901,1886,4,2024-09-13,1,1,1,349.0,147.0,0.0
3902,1715,4,2024-09-13,7,4,1,349.0,147.0,0.0
3903,260,4,2024-09-13,5,5,1,296.65,147.0,52.35
3904,1869,5,2024-09-14,4,3,1,349.0,147.0,0.0
3905,1807,4,2024-09-14,3,3,1,314.1,147.0,34.9
3906,1973,6,2024-09-14,3,1,1,499.0,210.0,0.0
3907,1584,5,2024-09-14,3,3,1,296.65,147.0,52.35
3908,105,5,2024-09-14,1,1,1,349.0,147.0,0.0
3909,1203,2,2024-09-14,5,3,1,299.0,128.0,0.0
3910,1688,2,2024-09-14,7,3,1,299.0,128.0,0.0
3911,1781,5,2024-09-14,1,2,1,314.1,147.0,34.9
3912,1855,5,2024-09-14,4,5,1,349.0,147.0,0.0
3913,584,5,2024-09-14,2,2,1,349.0,147.0,0.0
3914,1412,3,2024-09-14,1,2,2,329.0,141.0,0.0
3915,1884,4,2024-09-14,8,2,2,349.0,147.0,0.0
3916,1766,4,2024-09-14,5,2,1,314.1,147.0,34.9
3917,879,3,2024-09-14,5,5,1,329.0,141.0,0.0
3918,1018,3,2024-09-14,1,2,1,296.1,141.0,32.9
3919,634,6,2024-09-14,1,4,1,499.0,210.0,0.0
3920,1421,2,2024-09-14,1,3,2,299.0,128.0,0.0
3921,193,5,2024-09-15,2,1,1,314.1,147.0,34.9
3922,1283,1,2024-09-15,3,1,1,299.0,128.0,0.0
3923,405,5,2024-09-15,1,1,1,349.0,147.0,0.0
3924,1192,4,2024-09-15,2,3,1,296.65,147.0,52.35
3925,1492,2,2024-09-15,1,4,1,254.15,128.0,44.85
3926,1641,3,2024-09-15,2,3,1,329.0,141.0,0.0
3927,678,5,2024-09-15,1,3,1,349.0,147.0,0.0
3928,386,1,2024-09-15,3,1,1,299.0,128.0,0.0
3929,1623,4,2024-09-15,5,1,1,349.0,147.0,0.0
3930,706,5,2024-09-15,9,1,2,349.0,147.0,0.0
3931,842,1,2024-09-15,8,1,1,299.0,128.0,0.0
3932,1912,5,2024-09-15,5,1,1,314.1,147.0,34.9
3933,328,1,2024-09-16,4,5,1,254.15,128.0,44.85
3934,303,4,2024-09-16,6,1,1,314.1,147.0,34.9
3935,897,5,2024-09-16,7,5,1,349.0,147.0,0.0
3936,1109,4,2024-09-16,2,1,1,349.0,147.0,0.0
3937,859,4,2024-09-16,8,2,1,349.0,147.0,0.0
3938,664,5,2024-09-16,1,2,1,349.0,147.0,0.0
3939,1446,3,2024-09-16,5,2,1,329.0,141.0,0.0
3940,1377,3,2024-09-16,1,2,1,329.0,141.0,0.0
3941,393,4,2024-09-16,6,1,1,349.0,147.0,0.0
3942,1065,2,2024-09-16,3,3,1,299.0,128.0,0.0
3943,1679,5,2024-09-16,7,1,2,349.0,147.0,0.0
3944,1940,5,2024-09-16,2,1,1,349.0,147.0,0.0
3945,48,4,2024-09-16,3,5,1,349.0,147.0,0.0
3946,947,1,2024-09-16,4,1,1,254.15,128.0,44.85
3947,115,2,2024-09-16,4,2,1,299.0,128.0,0.0
3948,1228,4,2024-09-16,1,1,1,349.0,147.0,0.0
3949,1330,2,2024-09-16,1,3,1,299.0,128.0,0.0
3950,1752,5,2024-09-16,7,3,1,349.0,147.0,0.0
3951,1249,1,2024-09-16,1,1,1,299.0,128.0,0.0
3952,355,6,2024-09-16,3,4,1,499.0,210.0,0.0
3953,1047,2,2024-09-16,1,3,1,299.0,128.0,0.0
3954,664,4,2024-09-17,5,4,1,314.1,147.0,34.9
3955,1912,1,2024-09-17,5,2,1,299.0,128.0,0.0
3956,1421,5,2024-09-17,9,2,1,349.0,147.0,0.0
3957,1182,4,2024-09-17,5,2,1,349.0,147.0,0.0
3958,1188,3,2024-09-17,2,4,1,329.0,141.0,0.0
3959,854,5,2024-09-17,7,5,1,349.0,147.0,0.0
3960,902,2,2024-09-17,9,1,1,254.15,128.0,44.85
3961,945,2,2024-09-17,3,2,1,299.0,128.0,0.0
3962,1099,2,2024-09-17,5,1,1,269.1,128.0,29.9
3963,652,4,2024-09-17,9,1,1,314.1,147.0,34.9
3964,1854,4,2024-09-17,7,2,1,349.0,147.0,0.0
3965,318,3,2024-09-17,3,5,1,329.0,141.0,0.0
3966,1831,4,2024-09-17,5,1,1,349.0,147.0,0.0
3967,897,1,2024-09-17,1,2,1,269.1,128.0,29.9
3968,869,1,2024-09-17,3,1,1,299.0,128.0,0.0
3969,413,1,2024-09-17,2,5,1,299.0,128.0,0.0
3970,1986,5,2024-09-17,1,2,1,349.0,147.0,0.0
3971,391,5,2024-09-18,9,1,1,314.1,147.0,34.9
3972,1403,3,2024-09-18,1,4,2,329.0,141.0,0.0
3973,1622,1,2024-09-18,4,3,1,299.0,128.0,0.0
3974,1140,1,2024-09-18,1,1,1,254.15,128.0,44.85
3975,1054,5,2024-09-18,7,2,1,349.0,147.0,0.0
3976,81,4,2024-09-18,1,4,1,349.0,147.0,0.0
3977,120,2,2024-09-18,3,3,1,254.15,128.0,44.85
3978,1223,3,2024-09-18,2,1,1,329.0,141.0,0.0
3979,110,3,2024-09-18,6,5,1,329.0,141.0,0.0
3980,105,5,2024-09-18,3,2,1,349.0,147.0,0.0
3981,1488,2,2024-09-18,4,2,1,299.0,128.0,0.0
3982,335,5,2024-09-18,5,1,2,349.0,147.0,0.0
3983,168,1,2024-09-18,7,2,1,299.0,128.0,0.0
3984,1279,5,2024-09-18,4,3,1,349.0,147.0,0.0
3985,1762,6,2024-09-18,3,2,1,449.1,210.0,49.9
3986,1533,6,2024-09-18,5,1,1,499.0,210.0,0.0
3987,786,5,2024-09-18,1,2,1,314.1,147.0,34.9
3988,116,2,2024-09-18,5,1,1,299.0,128.0,0.0
3989,598,1,2024-09-18,2,5,1,299.0,128.0,0.0
3990,385,2,2024-09-18,5,4,2,254.15,128.0,44.85
3991,1617,4,2024-09-18,5,3,1,349.0,147.0,0.0
3992,917,3,2024-09-18,2,5,1,329.0,141.0,0.0
3993,1716,4,2024-09-18,5,2,1,314.1,147.0,34.9
3994,744,4,2024-09-19,3,1,1,349.0,147.0,0.0
3995,1205,4,2024-09-19,6,1,1,349.0,147.0,0.0
3996,821,2,2024-09-19,3,1,1,299.0,128.0,0.0
3997,55,4,2024-09-19,1,2,1,349.0,147.0,0.0
3998,499,3,2024-09-19,1,5,2,329.0,141.0,0.0
3999,186,5,2024-09-19,2,3,1,349.0,147.0,0.0
4000,146,6,2024-09-19,7,2,1,499.0,210.0,0.0
4001,1369,6,2024-09-19,1,1,1,499.0,210.0,0.0
4002,1694,4,2024-09-19,1,3,1,349.0,147.0,0.0
4003,1482,5,2024-09-19,6,1,1,349.0,147.0,0.0
4004,1556,1,2024-09-19,3,1,1,299.0,128.0,0.0
4005,1262,6,2024-09-19,1,4,1,424.15,210.0,74.85
4006,608,4,2024-09-19,7,5,1,349.0,147.0,0.0
4007,1888,5,2024-09-19,1,1,1,349.0,147.0,0.0
4008,1554,5,2024-09-19,4,2,1,349.0,147.0,0.0
4009,916,3,2024-09-19,1,2,1,329.0,141.0,0.0
4010,213,4,2024-09-19,3,3,1,349.0,147.0,0.0
4011,370,1,2024-09-19,3,2,1,299.0,128.0,0.0
4012,1657,2,2024-09-20,7,2,1,299.0,128.0,0.0
4013,1771,6,2024-09-20,3,2,1,424.15,210.0,74.85
4014,1208,6,2024-09-20,2,1,1,424.15,210.0,74.85
4015,1051,2,2024-09-20,1,1,1,299.0,128.0,0.0
4016,237,6,2024-09-20,7,5,2,499.0,210.0,0.0
4017,437,4,2024-09-20,2,2,1,349.0,147.0,0.0
4018,373,5,2024-09-20,9,2,1,296.65,147.0,52.35
4019,515,3,2024-09-20,1,4,1,329.0,141.0,0.0
4020,1724,6,2024-09-20,4,2,1,499.0,210.0,0.0
4021,1615,5,2024-09-20,1,2,1,296.65,147.0,52.35
4022,1136,5,2024-09-20,7,4,1,349.0,147.0,0.0
4023,128,6,2024-09-20,3,2,1,499.0,210.0,0.0
4024,1062,1,2024-09-20,2,1,1,299.0,128.0,0.0
4025,268,4,2024-09-20,1,4,2,349.0,147.0,0.0
4026,1967,5,2024-09-20,5,5,1,296.65,147.0,52.35
4027,139,4,2024-09-20,2,4,1,349.0,147.0,0.0
4028,722,4,2024-09-20,1,2,1,314.1,147.0,34.9
4029,430,4,2024-09-20,1,5,1,349.0,147.0,0.0
4030,1106,5,2024-09-20,1,3,1,349.0,147.0,0.0
4031,1046,3,2024-09-21,3,3,1,329.0,141.0,0.0
4032,608,1,2024-09-21,6,3,2,299.0,128.0,0.0
4033,361,3,2024-09-21,4,3,1,329.0,141.0,0.0
4034,781,4,2024-09-21,6,2,1,296.65,147.0,52.35
4035,799,4,2024-09-21,2,2,1,349.0,147.0,0.0
4036,1824,2,2024-09-21,2,4,1,299.0,128.0,0.0
4037,673,2,2024-09-21,6,1,1,299.0,128.0,0.0
4038,1264,4,2024-09-21,5,3,1,349.0,147.0,0.0
4039,344,2,2024-09-21,7,5,1,299.0,128.0,0.0
4040,1072,4,2024-09-21,7,3,1,314.1,147.0,34.9
4041,1117,3,2024-09-21,4,1,1,329.0,141.0,0.0
4042,966,1,2024-09-21,1,1,1,299.0,128.0,0.0
4043,13,4,2024-09-21,1,1,1,349.0,147.0,0.0
4044,1987,1,2024-09-21,4,1,1,299.0,128.0,0.0
4045,455,2,2024-09-21,5,5,1,269.1,128.0,29.9
4046,1304,5,2024-09-21,3,1,1,349.0,147.0,0.0
4047,1332,1,2024-09-21,3,3,1,269.1,128.0,29.9
4048,75,1,2024-09-21,2,2,1,299.0,128.0,0.0
4049,448,1,2024-09-22,5,3,1,299.0,128.0,0.0
4050,260,2,2024-09-22,3,5,1,254.15,128.0,44.85
4051,640,5,2024-09-22,5,1,1,349.0,147.0,0.0
4052,701,3,2024-09-22,5,3,1,329.0,141.0,0.0
4053,457,6,2024-09-22,9,2,1,449.1,210.0,49.9
4054,601,1,2024-09-22,3,5,1,254.15,128.0,44.85
4055,737,5,2024-09-22,2,4,1,314.1,147.0,34.9
4056,943,2,2024-09-22,7,2,1,269.1,128.0,29.9
4057,21,2,2024-09-22,7,1,2,299.0,128.0,0.0
4058,1375,4,2024-09-22,5,2,1,349.0,147.0,0.0
4059,145,6,2024-09-22,2,2,1,499.0,210.0,0.0
4060,1881,5,2024-09-22,3,1,1,349.0,147.0,0.0
4061,1388,4,2024-09-22,4,4,2,349.0,147.0,0.0
4062,1964,2,2024-09-22,1,2,1,299.0,128.0,0.0
4063,662,2,2024-09-22,1,4,1,254.15,128.0,44.85
4064,502,4,2024-09-22,5,2,1,349.0,147.0,0.0
4065,187,5,2024-09-22,1,2,1,349.0,147.0,0.0
4066,1280,1,2024-09-22,9,1,1,299.0,128.0,0.0
4067,1380,1,2024-09-22,1,1,1,269.1,128.0,29.9
4068,1656,2,2024-09-22,4,2,1,299.0,128.0,0.0
4069,340,4,2024-09-22,7,2,1,296.65,147.0,52.35
4070,884,5,2024-09-22,3,4,1,349.0,147.0,0.0
4071,724,6,2024-09-22,3,5,1,499.0,210.0,0.0
4072,1837,4,2024-09-23,3,2,1,349.0,147.0,0.0
4073,908,1,2024-09-23,8,1,1,269.1,128.0,29.9
4074,153,4,2024-09-23,5,1,1,296.65,147.0,52.35
4075,1748,5,2024-09-23,1,2,1,314.1,147.0,34.9
4076,1370,5,2024-09-23,5,1,1,349.0,147.0,0.0
4077,1332,3,2024-09-23,5,1,1,329.0,141.0,0.0
4078,1705,6,2024-09-23,2,1,1,499.0,210.0,0.0
4079,419,1,2024-09-23,4,3,1,299.0,128.0,0.0
4080,1806,2,2024-09-23,5,1,1,299.0,128.0,0.0
4081,1948,1,2024-09-23,6,1,1,299.0,128.0,0.0
4082,1920,1,2024-09-23,7,1,1,254.15,128.0,44.85
4083,1509,5,2024-09-23,3,1,1,296.65,147.0,52.35
4084,1712,5,2024-09-23,1,3,1,349.0,147.0,0.0
4085,1685,4,2024-09-23,4,2,1,349.0,147.0,0.0
4086,1171,3,2024-09-23,2,4,1,329.0,141.0,0.0
4087,1245,6,2024-09-23,4,5,1,449.1,210.0,49.9
4088,666,3,2024-09-23,4,5,1,329.0,141.0,0.0
4089,1601,1,2024-09-23,5,1,1,299.0,128.0,0.0
4090,1641,4,2024-09-23,1,3,1,349.0,147.0,0.0
4091,1277,4,2024-09-23,3,1,1,349.0,147.0,0.0
4092,1011,2,2024-09-23,1,1,1,299.0,128.0,0.0
4093,339,4,2024-09-23,3,5,1,349.0,147.0,0.0
4094,81,1,2024-09-24,1,2,1,299.0,128.0,0.0
4095,1948,4,2024-09-24,5,2,1,349.0,147.0,0.0
4096,1388,4,2024-09-24,1,2,1,349.0,147.0,0.0
4097,1385,4,2024-09-24,1,1,1,349.0,147.0,0.0
4098,658,3,2024-09-24,1,2,1,296.1,141.0,32.9
4099,311,2,2024-09-24,2,1,1,269.1,128.0,29.9
4100,616,6,2024-09-24,1,2,1,499.0,210.0,0.0
4101,24,5,2024-09-24,3,2,1,349.0,147.0,0.0
4102,1819,4,2024-09-24,2,4,1,349.0,147.0,0.0
4103,230,2,2024-09-24,5,5,1,299.0,128.0,0.0
4104,558,6,2024-09-24,1,2,1,499.0,210.0,0.0
4105,525,5,2024-09-24,1,3,1,349.0,147.0,0.0
4106,930,3,2024-09-24,6,2,1,329.0,141.0,0.0
4107,464,1,2024-09-24,1,1,1,299.0,128.0,0.0
4108,402,5,2024-09-24,1,3,2,349.0,147.0,0.0
4109,1747,5,2024-09-24,5,3,2,349.0,147.0,0.0
4110,901,6,2024-09-24,5,2,2,424.15,210.0,74.85
4111,777,5,2024-09-24,7,1,1,349.0,147.0,0.0
4112,708,4,2024-09-24,6,5,1,296.65,147.0,52.35
4113,1764,5,2024-09-25,5,1,2,349.0,147.0,0.0
4114,1010,1,2024-09-25,1,1,1,299.0,128.0,0.0
4115,1015,5,2024-09-25,3,1,1,349.0,147.0,0.0
4116,374,2,2024-09-25,5,1,1,299.0,128.0,0.0
4117,1095,5,2024-09-25,3,2,1,314.1,147.0,34.9
4118,395,4,2024-09-25,2,3,1,349.0,147.0,0.0
4119,1722,4,2024-09-25,7,5,1,349.0,147.0,0.0
4120,1718,5,2024-09-25,2,1,1,349.0,147.0,0.0
4121,648,6,2024-09-25,1,2,1,499.0,210.0,0.0
4122,862,5,2024-09-25,3,1,2,296.65,147.0,52.35
4123,1539,2,2024-09-25,1,3,1,299.0,128.0,0.0
4124,401,3,2024-09-25,1,1,1,329.0,141.0,0.0
4125,35,1,2024-09-25,3,2,1,299.0,128.0,0.0
4126,847,4,2024-09-25,5,5,1,349.0,147.0,0.0
4127,545,1,2024-09-25,1,2,1,269.1,128.0,29.9
4128,217,4,2024-09-25,3,2,1,349.0,147.0,0.0
4129,250,2,2024-09-26,1,3,1,299.0,128.0,0.0
4130,552,2,2024-09-26,3,3,1,299.0,128.0,0.0
4131,1457,2,2024-09-26,3,2,1,299.0,128.0,0.0
4132,209,3,2024-09-26,7,1,1,296.1,141.0,32.9
4133,1058,4,2024-09-26,5,1,1,349.0,147.0,0.0
4134,1453,4,2024-09-26,1,3,1,349.0,147.0,0.0
4135,1026,6,2024-09-26,7,5,1,449.1,210.0,49.9
4136,1989,5,2024-09-26,9,4,1,349.0,147.0,0.0
4137,407,2,2024-09-26,5,1,1,299.0,128.0,0.0
4138,693,5,2024-09-26,3,1,1,349.0,147.0,0.0
4139,15,5,2024-09-26,4,1,1,296.65,147.0,52.35
4140,1017,5,2024-09-26,2,2,2,296.65,147.0,52.35
4141,1858,2,2024-09-26,6,5,1,299.0,128.0,0.0
4142,912,5,2024-09-26,3,2,1,349.0,147.0,0.0
4143,1348,5,2024-09-26,6,2,1,349.0,147.0,0.0
4144,44,6,2024-09-26,5,2,1,499.0,210.0,0.0
4145,175,4,2024-09-26,3,1,1,349.0,147.0,0.0
4146,844,5,2024-09-26,5,5,1,314.1,147.0,34.9
4147,493,2,2024-09-26,1,4,1,299.0,128.0,0.0
4148,1969,4,2024-09-26,3,4,1,349.0,147.0,0.0
4149,1901,4,2024-09-26,7,1,1,349.0,147.0,0.0
4150,1662,2,2024-09-26,4,2,2,299.0,128.0,0.0
4151,1711,1,2024-09-27,6,3,1,299.0,128.0,0.0
4152,725,5,2024-09-27,3,5,1,349.0,147.0,0.0
4153,230,4,2024-09-27,7,3,2,314.1,147.0,34.9
4154,137,4,2024-09-27,3,3,1,349.0,147.0,0.0
4155,583,5,2024-09-27,2,1,1,349.0,147.0,0.0
4156,839,5,2024-09-27,3,5,1,314.1,147.0,34.9
4157,1054,4,2024-09-27,5,1,1,349.0,147.0,0.0
4158,186,4,2024-09-27,1,3,1,296.65,147.0,52.35
4159,1276,2,2024-09-27,8,3,1,299.0,128.0,0.0
4160,491,1,2024-09-27,8,2,1,254.15,128.0,44.85
4161,1146,2,2024-09-27,1,3,1,269.1,128.0,29.9
4162,1305,5,2024-09-27,2,1,1,349.0,147.0,0.0
4163,1817,5,2024-09-27,3,3,1,349.0,147.0,0.0
4164,1659,4,2024-09-27,3,5,1,349.0,147.0,0.0
4165,256,5,2024-09-27,7,2,1,349.0,147.0,0.0
4166,1306,4,2024-09-27,1,2,1,349.0,147.0,0.0
4167,267,5,2024-09-27,3,5,1,349.0,147.0,0.0
4168,960,6,2024-09-28,4,1,1,499.0,210.0,0.0
4169,1478,6,2024-09-28,1,2,1,499.0,210.0,0.0
4170,156,3,2024-09-28,5,1,1,329.0,141.0,0.0
4171,212,6,2024-09-28,5,2,1,499.0,210.0,0.0
4172,1639,3,2024-09-28,7,1,1,329.0,141.0,0.0
4173,1499,5,2024-09-28,6,3,1,296.65,147.0,52.35
4174,1987,5,2024-09-28,4,5,1,296.65,147.0,52.35
4175,1146,5,2024-09-28,1,2,2,349.0,147.0,0.0
4176,1148,5,2024-09-28,1,5,1,349.0,147.0,0.0
4177,322,1,2024-09-28,6,2,1,269.1,128.0,29.9
4178,335,5,2024-09-28,3,2,1,349.0,147.0,0.0
4179,1364,4,2024-09-28,3,5,1,349.0,147.0,0.0
4180,1728,2,2024-09-28,4,2,2,269.1,128.0,29.9
4181,130,4,2024-09-28,3,5,1,314.1,147.0,34.9
4182,1574,5,2024-09-28,9,2,1,349.0,147.0,0.0
4183,1704,5,2024-09-28,3,4,1,296.65,147.0,52.35
4184,999,4,2024-09-28,5,2,1,349.0,147.0,0.0
4185,1462,5,2024-09-28,3,1,1,314.1,147.0,34.9
4186,1542,5,2024-09-29,3,1,1,314.1,147.0,34.9
4187,556,4,2024-09-29,3,1,1,349.0,147.0,0.0
4188,902,5,2024-09-29,3,1,2,349.0,147.0,0.0
4189,973,5,2024-09-29,2,1,1,349.0,147.0,0.0
4190,273,4,2024-09-29,1,2,1,349.0,147.0,0.0
4191,329,4,2024-09-29,3,2,1,349.0,147.0,0.0
4192,8,5,2024-09-29,2,1,1,349.0,147.0,0.0
4193,306,1,2024-09-29,4,5,1,299.0,128.0,0.0
4194,120,2,2024-09-29,8,1,1,299.0,128.0,0.0
4195,352,6,2024-09-29,1,2,1,499.0,210.0,0.0
4196,1466,5,2024-09-29,5,1,2,349.0,147.0,0.0
4197,1558,1,2024-09-29,3,1,1,299.0,128.0,0.0
4198,1326,1,2024-09-29,2,1,1,299.0,128.0,0.0
4199,1451,4,2024-09-30,4,1,1,349.0,147.0,0.0
4200,1475,5,2024-09-30,2,5,1,314.1,147.0,34.9
4201,836,4,2024-09-30,3,1,1,349.0,147.0,0.0
4202,529,1,2024-09-30,2,3,1,299.0,128.0,0.0
4203,1579,4,2024-09-30,6,4,1,314.1,147.0,34.9
4204,1019,5,2024-09-30,1,1,1,314.1,147.0,34.9
4205,1659,2,2024-09-30,5,4,1,269.1,128.0,29.9
4206,15,4,2024-09-30,1,5,1,349.0,147.0,0.0
4207,70,2,2024-09-30,1,4,1,299.0,128.0,0.0
4208,403,5,2024-09-30,5,1,1,349.0,147.0,0.0
4209,576,3,2024-09-30,1,2,1,279.65,141.0,49.35
4210,1825,4,2024-09-30,1,1,2,349.0,147.0,0.0
4211,1073,5,2024-09-30,7,3,1,349.0,147.0,0.0
4212,978,6,2024-09-30,1,5,1,499.0,210.0,0.0
4213,1286,3,2024-09-30,2,3,1,329.0,141.0,0.0
4214,1416,1,2024-09-30,3,1,1,299.0,128.0,0.0
4215,1272,5,2024-09-30,1,1,1,349.0,147.0,0.0
4216,1688,4,2024-09-30,4,2,1,296.65,147.0,52.35
4217,743,4,2024-09-30,3,2,1,296.65,147.0,52.35
4218,453,4,2024-10-01,7,3,1,349.0,147.0,0.0
4219,1061,5,2024-10-01,2,1,1,349.0,147.0,0.0
4220,194,4,2024-10-01,4,5,1,349.0,147.0,0.0
4221,1635,3,2024-10-01,1,1,1,329.0,141.0,0.0
4222,812,4,2024-10-01,3,2,1,349.0,147.0,0.0
4223,1572,1,2024-10-01,2,2,1,299.0,128.0,0.0
4224,192,5,2024-10-01,3,1,1,349.0,147.0,0.0
4225,1146,4,2024-10-01,5,1,1,349.0,147.0,0.0
4226,686,2,2024-10-01,1,1,1,299.0,128.0,0.0
4227,722,4,2024-10-01,3,1,1,296.65,147.0,52.35
4228,1386,6,2024-10-01,4,5,1,499.0,210.0,0.0
4229,592,1,2024-10-01,5,1,1,299.0,128.0,0.0
4230,742,4,2024-10-01,1,1,1,349.0,147.0,0.0
4231,1005,2,2024-10-01,1,3,1,299.0,128.0,0.0
4232,1508,5,2024-10-01,4,1,1,349.0,147.0,0.0
4233,1522,6,2024-10-01,5,1,1,499.0,210.0,0.0
4234,1443,5,2024-10-01,2,2,1,349.0,147.0,0.0
4235,549,4,2024-10-01,4,1,1,349.0,147.0,0.0
4236,197,4,2024-10-02,3,2,1,349.0,147.0,0.0
4237,1475,6,2024-10-02,8,3,1,499.0,210.0,0.0
4238,847,3,2024-10-02,5,4,2,329.0,141.0,0.0
4239,1287,5,2024-10-02,4,2,1,349.0,147.0,0.0
4240,573,1,2024-10-02,5,2,2,269.1,128.0,29.9
4241,48,4,2024-10-02,2,5,1,296.65,147.0,52.35
4242,1449,5,2024-10-02,1,1,1,296.65,147.0,52.35
4243,1539,4,2024-10-02,3,2,1,349.0,147.0,0.0
4244,615,2,2024-10-02,8,1,1,299.0,128.0,0.0
4245,903,5,2024-10-02,5,5,1,349.0,147.0,0.0
4246,667,1,2024-10-02,2,2,2,299.0,128.0,0.0
4247,1881,6,2024-10-02,5,1,1,499.0,210.0,0.0
4248,921,4,2024-10-02,3,1,1,296.65,147.0,52.35
4249,912,2,2024-10-02,4,2,1,299.0,128.0,0.0
4250,654,4,2024-10-02,5,1,1,349.0,147.0,0.0
4251,491,1,2024-10-02,6,2,1,299.0,128.0,0.0
4252,806,5,2024-10-02,7,1,2,349.0,147.0,0.0
4253,1083,4,2024-10-03,1,1,1,296.65,147.0,52.35
4254,729,3,2024-10-03,1,2,1,329.0,141.0,0.0
4255,93,2,2024-10-03,2,2,1,299.0,128.0,0.0
4256,1853,2,2024-10-03,2,2,1,299.0,128.0,0.0
4257,942,4,2024-10-03,5,1,1,349.0,147.0,0.0
4258,167,2,2024-10-03,9,1,1,299.0,128.0,0.0
4259,1177,5,2024-10-03,2,3,1,349.0,147.0,0.0
4260,1455,4,2024-10-03,3,2,2,349.0,147.0,0.0
4261,87,5,2024-10-03,4,1,1,349.0,147.0,0.0
4262,764,1,2024-10-03,4,1,1,299.0,128.0,0.0
4263,1669,2,2024-10-03,5,1,1,299.0,128.0,0.0
4264,1201,3,2024-10-03,3,1,1,329.0,141.0,0.0
4265,1794,5,2024-10-03,5,4,1,314.1,147.0,34.9
4266,194,6,2024-10-03,1,3,1,499.0,210.0,0.0
4267,1340,5,2024-10-03,5,1,1,349.0,147.0,0.0
4268,1871,4,2024-10-03,7,1,1,349.0,147.0,0.0
4269,1179,1,2024-10-03,1,5,1,269.1,128.0,29.9
4270,844,4,2024-10-03,4,1,1,349.0,147.0,0.0
4271,16,4,2024-10-03,1,4,1,349.0,147.0,0.0
4272,1449,2,2024-10-03,3,3,1,254.15,128.0,44.85
4273,1601,5,2024-10-03,7,3,2,349.0,147.0,0.0
4274,1230,4,2024-10-03,1,1,1,349.0,147.0,0.0
4275,1562,2,2024-10-04,1,2,1,299.0,128.0,0.0
4276,1930,5,2024-10-04,1,5,1,349.0,147.0,0.0
4277,437,4,2024-10-04,3,2,1,296.65,147.0,52.35
4278,1139,3,2024-10-04,3,2,1,329.0,141.0,0.0
4279,218,1,2024-10-04,1,2,1,254.15,128.0,44.85
4280,2000,5,2024-10-04,7,5,1,349.0,147.0,0.0
4281,1213,6,2024-10-04,2,3,1,499.0,210.0,0.0
4282,345,1,2024-10-04,4,2,1,299.0,128.0,0.0
4283,1842,1,2024-10-04,5,3,1,269.1,128.0,29.9
4284,1792,5,2024-10-04,1,1,1,296.65,147.0,52.35
4285,732,4,2024-10-04,3,5,1,314.1,147.0,34.9
4286,122,4,2024-10-04,2,3,1,349.0,147.0,0.0
4287,1229,4,2024-10-04,4,4,1,349.0,147.0,0.0
4288,216,5,2024-10-04,4,2,1,349.0,147.0,0.0
4289,829,5,2024-10-04,1,1,1,349.0,147.0,0.0
4290,134,1,2024-10-04,3,2,1,299.0,128.0,0.0
4291,830,5,2024-10-04,7,3,1,296.65,147.0,52.35
4292,519,2,2024-10-04,1,2,1,299.0,128.0,0.0
4293,1858,1,2024-10-05,6,1,1,269.1,128.0,29.9
4294,1155,3,2024-10-05,1,2,1,296.1,141.0,32.9
4295,1210,5,2024-10-05,7,2,1,349.0,147.0,0.0
4296,848,5,2024-10-05,2,2,1,349.0,147.0,0.0
4297,1142,2,2024-10-05,6,2,1,299.0,128.0,0.0
4298,84,4,2024-10-05,1,1,1,296.65,147.0,52.35
4299,1268,5,2024-10-05,7,5,1,349.0,147.0,0.0
4300,908,6,2024-10-05,4,2,1,449.1,210.0,49.9
4301,590,4,2024-10-05,7,4,1,349.0,147.0,0.0
4302,400,1,2024-10-05,2,1,1,269.1,128.0,29.9
4303,1291,4,2024-10-05,5,4,1,349.0,147.0,0.0
4304,656,4,2024-10-05,8,2,1,296.65,147.0,52.35
4305,1247,5,2024-10-05,5,2,2,349.0,147.0,0.0
4306,1575,5,2024-10-05,1,2,1,349.0,147.0,0.0
4307,262,2,2024-10-05,4,2,2,269.1,128.0,29.9
4308,1610,5,2024-10-05,2,2,1,349.0,147.0,0.0
4309,1719,4,2024-10-05,1,1,1,349.0,147.0,0.0
4310,746,5,2024-10-05,1,5,1,349.0,147.0,0.0
4311,661,1,2024-10-05,1,4,1,299.0,128.0,0.0
4312,800,5,2024-10-05,6,4,1,349.0,147.0,0.0
4313,633,4,2024-10-05,1,5,1,349.0,147.0,0.0
4314,116,3,2024-10-05,7,4,1,329.0,141.0,0.0
4315,677,2,2024-10-05,3,2,1,299.0,128.0,0.0
4316,848,1,2024-10-05,1,3,1,269.1,128.0,29.9
4317,497,1,2024-10-06,1,1,1,299.0,128.0,0.0
4318,301,6,2024-10-06,7,1,1,424.15,210.0,74.85
4319,224,5,2024-10-06,5,1,1,349.0,147.0,0.0
4320,64,5,2024-10-06,3,1,1,314.1,147.0,34.9
4321,1858,5,2024-10-06,3,4,1,314.1,147.0,34.9
4322,1212,5,2024-10-06,1,1,1,314.1,147.0,34.9
4323,1901,1,2024-10-06,1,2,2,299.0,128.0,0.0
4324,1926,4,2024-10-06,1,1,1,349.0,147.0,0.0
4325,32,6,2024-10-06,1,1,1,499.0,210.0,0.0
4326,1994,4,2024-10-06,4,4,2,349.0,147.0,0.0
4327,1661,2,2024-10-06,3,1,1,299.0,128.0,0.0
4328,1934,5,2024-10-06,5,1,1,349.0,147.0,0.0
4329,1071,6,2024-10-06,9,4,1,499.0,210.0,0.0
4330,306,3,2024-10-06,4,1,1,329.0,141.0,0.0
4331,240,1,2024-10-06,3,1,1,299.0,128.0,0.0
4332,52,3,2024-10-06,2,2,2,329.0,141.0,0.0
4333,1080,2,2024-10-06,9,2,2,299.0,128.0,0.0
4334,969,4,2024-10-06,3,2,1,349.0,147.0,0.0
4335,1987,4,2024-10-06,3,1,1,349.0,147.0,0.0
4336,1363,1,2024-10-06,1,4,1,299.0,128.0,0.0
4337,441,5,2024-10-06,1,2,1,349.0,147.0,0.0
4338,1537,5,2024-10-06,4,2,1,349.0,147.0,0.0
4339,169,2,2024-10-07,4,1,2,299.0,128.0,0.0
4340,1650,3,2024-10-07,1,3,1,329.0,141.0,0.0
4341,1224,3,2024-10-07,2,5,1,329.0,141.0,0.0
4342,438,1,2024-10-07,1,1,1,269.1,128.0,29.9
4343,1744,3,2024-10-07,2,2,1,329.0,141.0,0.0
4344,924,2,2024-10-07,1,1,1,299.0,128.0,0.0
4345,94,5,2024-10-07,2,2,1,349.0,147.0,0.0
4346,1017,3,2024-10-07,5,3,1,329.0,141.0,0.0
4347,1284,1,2024-10-07,6,2,1,299.0,128.0,0.0
4348,827,1,2024-10-07,7,1,1,254.15,128.0,44.85
4349,1173,4,2024-10-07,3,5,1,349.0,147.0,0.0
4350,450,4,2024-10-07,7,5,1,349.0,147.0,0.0
4351,432,2,2024-10-07,7,1,1,299.0,128.0,0.0
4352,1141,1,2024-10-07,3,3,1,299.0,128.0,0.0
4353,640,5,2024-10-07,3,3,1,314.1,147.0,34.9
4354,1138,4,2024-10-07,3,1,1,349.0,147.0,0.0
4355,37,2,2024-10-07,9,2,1,269.1,128.0,29.9
4356,26,1,2024-10-07,5,1,2,299.0,128.0,0.0
4357,1126,5,2024-10-08,5,2,1,296.65,147.0,52.35
4358,261,1,2024-10-08,6,2,1,299.0,128.0,0.0
4359,1963,4,2024-10-08,5,1,1,314.1,147.0,34.9
4360,536,5,2024-10-08,6,5,1,349.0,147.0,0.0
4361,1479,5,2024-10-08,3,1,1,296.65,147.0,52.35
4362,1558,1,2024-10-08,2,4,1,299.0,128.0,0.0
4363,1113,3,2024-10-08,1,5,1,329.0,141.0,0.0
4364,422,6,2024-10-08,3,5,1,499.0,210.0,0.0
4365,188,1,2024-10-08,6,2,1,299.0,128.0,0.0
4366,201,2,2024-10-08,7,3,1,299.0,128.0,0.0
4367,958,4,2024-10-08,1,2,1,314.1,147.0,34.9
4368,1487,6,2024-10-08,8,1,1,499.0,210.0,0.0
4369,1412,4,2024-10-08,2,5,1,349.0,147.0,0.0
4370,1132,5,2024-10-08,1,1,1,349.0,147.0,0.0
4371,506,4,2024-10-08,1,4,1,296.65,147.0,52.35
4372,397,6,2024-10-08,1,2,1,499.0,210.0,0.0
4373,876,4,2024-10-08,1,3,1,349.0,147.0,0.0
4374,871,1,2024-10-08,3,5,1,299.0,128.0,0.0
4375,150,4,2024-10-08,3,5,1,314.1,147.0,34.9
4376,1337,4,2024-10-08,3,1,1,349.0,147.0,0.0
4377,411,4,2024-10-08,6,1,1,314.1,147.0,34.9
4378,1774,1,2024-10-08,4,1,1,299.0,128.0,0.0
4379,1077,6,2024-10-08,1,5,1,499.0,210.0,0.0
4380,1023,4,2024-10-08,3,1,1,349.0,147.0,0.0
4381,6,5,2024-10-08,5,2,1,349.0,147.0,0.0
4382,1678,6,2024-10-08,4,1,1,499.0,210.0,0.0
4383,1235,4,2024-10-09,3,2,1,296.65,147.0,52.35
4384,1889,1,2024-10-09,2,3,1,254.15,128.0,44.85
4385,793,4,2024-10-09,2,1,2,349.0,147.0,0.0
4386,372,5,2024-10-09,1,1,1,349.0,147.0,0.0
4387,746,4,2024-10-09,8,4,1,349.0,147.0,0.0
4388,1867,3,2024-10-09,6,2,2,329.0,141.0,0.0
4389,742,6,2024-10-09,5,2,1,499.0,210.0,0.0
4390,15,1,2024-10-09,4,4,1,299.0,128.0,0.0
4391,956,5,2024-10-09,5,4,1,314.1,147.0,34.9
4392,10,5,2024-10-09,2,2,1,349.0,147.0,0.0
4393,1098,5,2024-10-09,1,5,1,349.0,147.0,0.0
4394,1073,3,2024-10-09,2,2,1,329.0,141.0,0.0
4395,1983,4,2024-10-09,4,4,1,296.65,147.0,52.35
4396,1944,5,2024-10-09,2,4,1,314.1,147.0,34.9
4397,105,2,2024-10-09,6,3,1,299.0,128.0,0.0
4398,1813,5,2024-10-09,5,3,1,349.0,147.0,0.0
4399,1507,3,2024-10-10,2,1,1,329.0,141.0,0.0
4400,1195,4,2024-10-10,2,4,2,349.0,147.0,0.0
4401,1658,5,2024-10-10,1,1,1,349.0,147.0,0.0
4402,74,5,2024-10-10,2,2,1,349.0,147.0,0.0
4403,348,4,2024-10-10,4,3,1,349.0,147.0,0.0
4404,1252,3,2024-10-10,1,4,1,329.0,141.0,0.0
4405,486,4,2024-10-10,7,1,1,349.0,147.0,0.0
4406,1983,4,2024-10-10,1,3,1,349.0,147.0,0.0
4407,762,6,2024-10-10,4,1,1,499.0,210.0,0.0
4408,1231,3,2024-10-10,5,1,2,329.0,141.0,0.0
4409,1600,1,2024-10-10,8,4,1,299.0,128.0,0.0
4410,179,3,2024-10-10,1,5,1,329.0,141.0,0.0
4411,528,5,2024-10-10,5,1,1,349.0,147.0,0.0
4412,740,4,2024-10-10,3,1,1,349.0,147.0,0.0
4413,1825,2,2024-10-10,3,3,1,299.0,128.0,0.0
4414,1616,6,2024-10-10,1,1,1,499.0,210.0,0.0
4415,995,2,2024-10-11,1,1,1,299.0,128.0,0.0
4416,301,5,2024-10-11,2,4,1,314.1,147.0,34.9
4417,110,5,2024-10-11,3,2,1,349.0,147.0,0.0
4418,1093,1,2024-10-11,2,5,1,299.0,128.0,0.0
4419,538,4,2024-10-11,3,2,1,349.0,147.0,0.0
4420,484,5,2024-10-11,1,4,1,349.0,147.0,0.0
4421,916,5,2024-10-11,3,2,1,349.0,147.0,0.0
4422,1752,3,2024-10-11,4,3,2,279.65,141.0,49.35
4423,1406,2,2024-10-11,1,2,1,269.1,128.0,29.9
4424,1082,4,2024-10-11,3,2,1,349.0,147.0,0.0
4425,1873,5,2024-10-11,1,1,1,349.0,147.0,0.0
4426,1809,5,2024-10-11,3,1,2,314.1,147.0,34.9
4427,1008,4,2024-10-11,3,1,1,349.0,147.0,0.0
4428,1377,1,2024-10-11,7,2,1,299.0,128.0,0.0
4429,1916,4,2024-10-11,3,5,1,296.65,147.0,52.35
4430,1003,4,2024-10-11,5,4,1,349.0,147.0,0.0
4431,745,1,2024-10-11,1,1,1,299.0,128.0,0.0
4432,932,4,2024-10-11,2,2,1,349.0,147.0,0.0
4433,551,4,2024-10-11,1,4,1,349.0,147.0,0.0
4434,720,4,2024-10-11,4,3,1,314.1,147.0,34.9
4435,15,5,2024-10-11,3,2,1,349.0,147.0,0.0
4436,1259,1,2024-10-12,7,2,1,299.0,128.0,0.0
4437,1622,5,2024-10-12,1,5,1,296.65,147.0,52.35
4438,877,4,2024-10-12,3,1,1,349.0,147.0,0.0
4439,535,6,2024-10-12,4,5,1,499.0,210.0,0.0
4440,1521,4,2024-10-12,8,1,1,296.65,147.0,52.35
4441,1283,5,2024-10-12,6,1,1,314.1,147.0,34.9
4442,1269,4,2024-10-12,1,4,1,349.0,147.0,0.0
4443,1330,1,2024-10-12,4,2,1,254.15,128.0,44.85
4444,402,2,2024-10-12,1,1,2,269.1,128.0,29.9
4445,1741,6,2024-10-12,8,1,1,424.15,210.0,74.85
4446,1224,4,2024-10-12,5,4,1,349.0,147.0,0.0
4447,1648,2,2024-10-12,1,1,1,254.15,128.0,44.85
4448,1997,4,2024-10-12,8,1,1,349.0,147.0,0.0
4449,46,2,2024-10-12,3,3,1,299.0,128.0,0.0
4450,1553,6,2024-10-12,1,5,1,424.15,210.0,74.85
4451,617,4,2024-10-12,3,5,1,349.0,147.0,0.0
4452,115,6,2024-10-12,5,1,1,499.0,210.0,0.0
4453,1058,3,2024-10-12,3,1,1,329.0,141.0,0.0
4454,1662,4,2024-10-12,5,2,1,349.0,147.0,0.0
4455,215,3,2024-10-13,1,3,1,329.0,141.0,0.0
4456,1567,4,2024-10-13,6,2,1,296.65,147.0,52.35
4457,1778,6,2024-10-13,2,2,1,499.0,210.0,0.0
4458,1405,4,2024-10-13,5,1,1,349.0,147.0,0.0
4459,694,4,2024-10-13,1,2,1,296.65,147.0,52.35
4460,1489,5,2024-10-13,1,2,1,314.1,147.0,34.9
4461,794,1,2024-10-13,5,1,1,299.0,128.0,0.0
4462,1136,2,2024-10-13,6,3,1,269.1,128.0,29.9
4463,1046,4,2024-10-13,5,1,1,349.0,147.0,0.0
4464,1879,3,2024-10-13,4,2,1,296.1,141.0,32.9
4465,1606,3,2024-10-13,1,4,1,296.1,141.0,32.9
4466,1042,4,2024-10-13,5,3,1,349.0,147.0,0.0
4467,915,4,2024-10-13,6,2,1,349.0,147.0,0.0
4468,1913,4,2024-10-13,2,4,1,314.1,147.0,34.9
4469,241,1,2024-10-13,2,2,1,299.0,128.0,0.0
4470,1662,2,2024-10-13,1,1,1,299.0,128.0,0.0
4471,584,5,2024-10-13,2,4,1,349.0,147.0,0.0
4472,1166,5,2024-10-13,7,4,1,314.1,147.0,34.9
4473,217,4,2024-10-14,2,2,1,349.0,147.0,0.0
4474,1732,4,2024-10-14,1,5,1,349.0,147.0,0.0
4475,1905,2,2024-10-14,4,3,1,299.0,128.0,0.0
4476,770,3,2024-10-14,9,2,1,279.65,141.0,49.35
4477,1392,4,2024-10-14,8,4,1,314.1,147.0,34.9
4478,1943,1,2024-10-14,3,5,1,299.0,128.0,0.0
4479,1678,1,2024-10-14,2,1,1,254.15,128.0,44.85
4480,594,3,2024-10-14,6,5,1,329.0,141.0,0.0
4481,1642,2,2024-10-14,8,3,1,254.15,128.0,44.85
4482,417,3,2024-10-14,5,4,2,329.0,141.0,0.0
4483,850,4,2024-10-14,4,3,1,314.1,147.0,34.9
4484,618,6,2024-10-14,3,3,1,499.0,210.0,0.0
4485,105,2,2024-10-14,7,3,1,299.0,128.0,0.0
4486,1146,3,2024-10-14,3,2,1,329.0,141.0,0.0
4487,457,3,2024-10-14,8,3,1,329.0,141.0,0.0
4488,497,5,2024-10-14,3,5,1,349.0,147.0,0.0
4489,1810,4,2024-10-14,4,5,1,349.0,147.0,0.0
4490,69,3,2024-10-14,4,1,1,329.0,141.0,0.0
4491,757,5,2024-10-14,2,1,1,349.0,147.0,0.0
4492,1451,2,2024-10-14,1,2,1,299.0,128.0,0.0
4493,498,4,2024-10-14,4,4,1,296.65,147.0,52.35
4494,1113,4,2024-10-14,4,5,1,349.0,147.0,0.0
4495,1147,4,2024-10-14,8,2,1,349.0,147.0,0.0
4496,1583,4,2024-10-15,2,4,1,349.0,147.0,0.0
4497,277,5,2024-10-15,5,1,1,349.0,147.0,0.0
4498,382,5,2024-10-15,2,3,1,349.0,147.0,0.0
4499,846,3,2024-10-15,4,1,1,329.0,141.0,0.0
4500,1402,5,2024-10-15,3,1,1,349.0,147.0,0.0
4501,1217,5,2024-10-15,5,2,1,349.0,147.0,0.0
4502,1690,5,2024-10-15,2,2,1,349.0,147.0,0.0
4503,1360,1,2024-10-15,5,1,2,299.0,128.0,0.0
4504,1625,4,2024-10-15,5,1,1,349.0,147.0,0.0
4505,896,4,2024-10-15,2,5,1,349.0,147.0,0.0
4506,1284,3,2024-10-15,6,5,1,296.1,141.0,32.9
4507,1650,3,2024-10-15,2,3,1,329.0,141.0,0.0
4508,1655,4,2024-10-15,9,1,2,349.0,147.0,0.0
4509,285,4,2024-10-15,5,2,1,349.0,147.0,0.0
4510,1805,4,2024-10-15,1,5,1,349.0,147.0,0.0
4511,464,4,2024-10-15,5,1,1,349.0,147.0,0.0
4512,793,5,2024-10-15,3,1,1,349.0,147.0,0.0
4513,1809,6,2024-10-15,1,5,2,499.0,210.0,0.0
4514,1613,3,2024-10-15,7,1,1,329.0,141.0,0.0
4515,1589,4,2024-10-15,7,5,1,314.1,147.0,34.9
4516,1691,5,2024-10-15,1,4,1,349.0,147.0,0.0
4517,691,1,2024-10-15,4,2,1,254.15,128.0,44.85
4518,870,2,2024-10-15,1,2,1,299.0,128.0,0.0
4519,460,2,2024-10-15,1,2,1,299.0,128.0,0.0
4520,396,5,2024-10-16,1,1,1,349.0,147.0,0.0
4521,1403,4,2024-10-16,1,2,1,349.0,147.0,0.0
4522,104,2,2024-10-16,3,2,1,299.0,128.0,0.0
4523,1374,6,2024-10-16,2,1,1,499.0,210.0,0.0
4524,459,3,2024-10-16,3,2,1,329.0,141.0,0.0
4525,385,6,2024-10-16,3,5,1,499.0,210.0,0.0
4526,1842,4,2024-10-16,6,3,1,349.0,147.0,0.0
4527,1417,5,2024-10-16,1,1,1,349.0,147.0,0.0
4528,824,1,2024-10-16,4,1,2,269.1,128.0,29.9
4529,1687,4,2024-10-16,4,2,1,349.0,147.0,0.0
4530,716,4,2024-10-16,7,2,1,314.1,147.0,34.9
4531,1571,4,2024-10-16,6,2,1,349.0,147.0,0.0
4532,1441,2,2024-10-16,8,4,1,299.0,128.0,0.0
4533,442,3,2024-10-16,1,5,2,296.1,141.0,32.9
4534,13,4,2024-10-16,5,1,1,314.1,147.0,34.9
4535,83,4,2024-10-16,7,5,1,314.1,147.0,34.9
4536,223,4,2024-10-16,5,1,1,349.0,147.0,0.0
4537,942,1,2024-10-16,6,1,2,299.0,128.0,0.0
4538,504,1,2024-10-16,5,1,1,299.0,128.0,0.0
4539,871,4,2024-10-16,1,2,1,349.0,147.0,0.0
4540,1853,4,2024-10-16,3,1,1,349.0,147.0,0.0
4541,930,3,2024-10-16,8,4,1,329.0,141.0,0.0
4542,1382,2,2024-10-16,1,2,1,299.0,128.0,0.0
4543,1822,6,2024-10-17,7,5,1,449.1,210.0,49.9
4544,1127,4,2024-10-17,3,1,1,349.0,147.0,0.0
4545,146,6,2024-10-17,6,2,1,499.0,210.0,0.0
4546,1410,4,2024-10-17,2,3,1,296.65,147.0,52.35
4547,1177,5,2024-10-17,1,4,1,296.65,147.0,52.35
4548,559,4,2024-10-17,8,4,1,349.0,147.0,0.0
4549,858,3,2024-10-17,3,1,1,296.1,141.0,32.9
4550,1763,1,2024-10-17,1,2,1,299.0,128.0,0.0
4551,543,4,2024-10-17,7,1,1,349.0,147.0,0.0
4552,227,4,2024-10-17,1,3,1,349.0,147.0,0.0
4553,1856,1,2024-10-17,1,1,1,299.0,128.0,0.0
4554,103,4,2024-10-17,2,1,1,349.0,147.0,0.0
4555,854,2,2024-10-17,5,2,1,299.0,128.0,0.0
4556,620,2,2024-10-17,3,2,1,299.0,128.0,0.0
4557,578,1,2024-10-17,3,2,1,299.0,128.0,0.0
4558,1311,4,2024-10-17,6,3,1,349.0,147.0,0.0
4559,903,1,2024-10-17,5,2,1,299.0,128.0,0.0
4560,1131,5,2024-10-17,1,5,1,349.0,147.0,0.0
4561,1679,4,2024-10-17,6,2,1,349.0,147.0,0.0
4562,780,4,2024-10-17,2,2,1,349.0,147.0,0.0
4563,194,4,2024-10-18,5,1,1,296.65,147.0,52.35
4564,1564,5,2024-10-18,5,4,2,349.0,147.0,0.0
4565,1208,1,2024-10-18,1,3,1,269.1,128.0,29.9
4566,151,4,2024-10-18,2,2,1,314.1,147.0,34.9
4567,1064,4,2024-10-18,1,2,1,349.0,147.0,0.0
4568,1470,5,2024-10-18,2,1,1,296.65,147.0,52.35
4569,1516,3,2024-10-18,3,3,1,296.1,141.0,32.9
4570,1746,6,2024-10-18,3,2,1,499.0,210.0,0.0
4571,1781,1,2024-10-18,3,3,1,299.0,128.0,0.0
4572,1478,2,2024-10-18,1,1,1,299.0,128.0,0.0
4573,264,6,2024-10-18,5,4,1,499.0,210.0,0.0
4574,133,1,2024-10-18,1,1,1,269.1,128.0,29.9
4575,1242,5,2024-10-18,1,2,1,349.0,147.0,0.0
4576,1208,2,2024-10-18,1,2,1,269.1,128.0,29.9
4577,101,5,2024-10-18,2,1,2,349.0,147.0,0.0
4578,50,3,2024-10-18,5,2,1,329.0,141.0,0.0
4579,1687,4,2024-10-18,2,2,1,349.0,147.0,0.0
4580,275,5,2024-10-18,1,2,1,314.1,147.0,34.9
4581,875,4,2024-10-18,2,2,1,349.0,147.0,0.0
4582,1975,4,2024-10-18,4,2,1,349.0,147.0,0.0
4583,1635,4,2024-10-18,1,1,1,349.0,147.0,0.0
4584,247,6,2024-10-19,7,4,1,499.0,210.0,0.0
4585,1913,5,2024-10-19,3,3,1,349.0,147.0,0.0
4586,358,3,2024-10-19,3,3,1,329.0,141.0,0.0
4587,1801,5,2024-10-19,1,2,1,349.0,147.0,0.0
4588,1129,1,2024-10-19,1,2,1,299.0,128.0,0.0
4589,578,4,2024-10-19,9,5,1,349.0,147.0,0.0
4590,1366,5,2024-10-19,1,1,1,349.0,147.0,0.0
4591,792,4,2024-10-19,1,1,1,314.1,147.0,34.9
4592,74,5,2024-10-19,2,1,1,349.0,147.0,0.0
4593,1312,4,2024-10-19,1,1,1,314.1,147.0,34.9
4594,861,6,2024-10-19,1,1,1,499.0,210.0,0.0
4595,1285,1,2024-10-19,1,1,1,299.0,128.0,0.0
4596,806,4,2024-10-19,5,2,1,349.0,147.0,0.0
4597,483,3,2024-10-19,1,1,1,329.0,141.0,0.0
4598,1384,2,2024-10-19,3,1,1,299.0,128.0,0.0
4599,382,4,2024-10-19,3,1,1,314.1,147.0,34.9
4600,755,1,2024-10-19,5,1,1,254.15,128.0,44.85
4601,453,1,2024-10-19,2,5,1,299.0,128.0,0.0
4602,1625,2,2024-10-19,5,2,1,299.0,128.0,0.0
4603,1714,5,2024-10-19,8,3,1,349.0,147.0,0.0
4604,1014,5,2024-10-19,3,1,1,349.0,147.0,0.0
4605,1874,1,2024-10-19,2,1,1,299.0,128.0,0.0
4606,1030,6,2024-10-19,3,1,1,499.0,210.0,0.0
4607,1204,1,2024-10-19,4,2,2,299.0,128.0,0.0
4608,1502,5,2024-10-20,2,2,1,349.0,147.0,0.0
4609,856,2,2024-10-20,3,2,1,299.0,128.0,0.0
4610,774,5,2024-10-20,5,2,1,296.65,147.0,52.35
4611,665,1,2024-10-20,5,2,1,299.0,128.0,0.0
4612,1876,2,2024-10-20,5,1,1,299.0,128.0,0.0
4613,299,5,2024-10-20,1,1,1,349.0,147.0,0.0
4614,571,5,2024-10-20,1,4,1,296.65,147.0,52.35
4615,1638,1,2024-10-20,3,4,1,299.0,128.0,0.0
4616,1275,4,2024-10-20,6,2,1,349.0,147.0,0.0
4617,503,3,2024-10-20,3,3,2,329.0,141.0,0.0
4618,1819,4,2024-10-20,3,4,1,349.0,147.0,0.0
4619,614,4,2024-10-20,7,4,1,349.0,147.0,0.0
4620,587,5,2024-10-20,1,4,1,349.0,147.0,0.0
4621,685,6,2024-10-20,1,1,1,424.15,210.0,74.85
4622,253,5,2024-10-20,2,3,1,349.0,147.0,0.0
4623,1167,2,2024-10-21,5,1,1,269.1,128.0,29.9
4624,605,2,2024-10-21,7,4,1,254.15,128.0,44.85
4625,1897,3,2024-10-21,1,3,2,329.0,141.0,0.0
4626,855,1,2024-10-21,3,5,1,254.15,128.0,44.85
4627,106,4,2024-10-21,2,1,2,349.0,147.0,0.0
4628,153,2,2024-10-21,1,5,1,299.0,128.0,0.0
4629,339,2,2024-10-21,1,2,1,299.0,128.0,0.0
4630,1855,4,2024-10-21,1,3,1,349.0,147.0,0.0
4631,1859,3,2024-10-21,1,2,1,329.0,141.0,0.0
4632,1497,5,2024-10-21,8,4,1,349.0,147.0,0.0
4633,138,3,2024-10-21,2,1,1,296.1,141.0,32.9
4634,1325,4,2024-10-21,3,2,1,349.0,147.0,0.0
4635,1442,3,2024-10-21,1,1,1,329.0,141.0,0.0
4636,1198,5,2024-10-21,2,2,1,349.0,147.0,0.0
4637,1865,4,2024-10-21,2,3,1,349.0,147.0,0.0
4638,444,5,2024-10-21,2,2,2,349.0,147.0,0.0
4639,389,4,2024-10-21,2,1,1,349.0,147.0,0.0
4640,248,5,2024-10-21,3,4,1,349.0,147.0,0.0
4641,312,1,2024-10-21,5,2,1,299.0,128.0,0.0
4642,1031,4,2024-10-21,4,2,1,349.0,147.0,0.0
4643,1416,4,2024-10-21,4,1,1,296.65,147.0,52.35
4644,790,4,2024-10-21,8,5,1,296.65,147.0,52.35
4645,640,6,2024-10-22,9,5,1,499.0,210.0,0.0
4646,392,5,2024-10-22,1,1,1,349.0,147.0,0.0
4647,391,1,2024-10-22,1,2,1,299.0,128.0,0.0
4648,1798,4,2024-10-22,2,2,1,296.65,147.0,52.35
4649,1914,5,2024-10-22,7,4,1,349.0,147.0,0.0
4650,1887,2,2024-10-22,6,2,1,299.0,128.0,0.0
4651,1599,2,2024-10-22,8,5,2,299.0,128.0,0.0
4652,1805,2,2024-10-22,5,4,1,299.0,128.0,0.0
4653,971,3,2024-10-22,7,1,1,329.0,141.0,0.0
4654,1300,6,2024-10-22,3,3,1,449.1,210.0,49.9
4655,1843,4,2024-10-22,1,2,1,349.0,147.0,0.0
4656,1796,5,2024-10-22,1,2,1,314.1,147.0,34.9
4657,693,2,2024-10-22,1,4,1,299.0,128.0,0.0
4658,1432,1,2024-10-22,1,3,1,269.1,128.0,29.9
4659,1647,5,2024-10-22,7,1,1,349.0,147.0,0.0
4660,947,5,2024-10-22,3,1,1,349.0,147.0,0.0
4661,133,4,2024-10-22,4,1,1,296.65,147.0,52.35
4662,365,4,2024-10-22,8,3,1,314.1,147.0,34.9
4663,480,4,2024-10-22,3,1,1,349.0,147.0,0.0
4664,1130,2,2024-10-22,7,2,2,299.0,128.0,0.0
4665,1988,5,2024-10-22,3,2,1,314.1,147.0,34.9
4666,44,4,2024-10-22,2,3,2,296.65,147.0,52.35
4667,476,3,2024-10-22,1,2,1,296.1,141.0,32.9
4668,1234,3,2024-10-22,5,3,1,296.1,141.0,32.9
4669,1333,2,2024-10-23,5,1,1,299.0,128.0,0.0
4670,1670,4,2024-10-23,3,2,1,349.0,147.0,0.0
4671,1482,4,2024-10-23,3,3,1,296.65,147.0,52.35
4672,1249,4,2024-10-23,2,2,1,349.0,147.0,0.0
4673,853,5,2024-10-23,1,5,1,314.1,147.0,34.9
4674,1663,3,2024-10-23,5,1,1,329.0,141.0,0.0
4675,573,5,2024-10-23,7,2,1,349.0,147.0,0.0
4676,690,1,2024-10-23,5,3,1,269.1,128.0,29.9
4677,1255,1,2024-10-23,1,3,1,299.0,128.0,0.0
4678,225,6,2024-10-23,1,2,1,424.15,210.0,74.85
4679,633,3,2024-10-23,5,2,1,279.65,141.0,49.35
4680,824,5,2024-10-23,6,3,1,349.0,147.0,0.0
4681,516,1,2024-10-23,7,1,1,269.1,128.0,29.9
4682,535,1,2024-10-23,3,4,1,299.0,128.0,0.0
4683,1779,6,2024-10-23,7,4,1,499.0,210.0,0.0
4684,354,2,2024-10-23,3,2,1,299.0,128.0,0.0
4685,1817,5,2024-10-24,5,3,1,349.0,147.0,0.0
4686,724,6,2024-10-24,5,3,1,499.0,210.0,0.0
4687,1797,1,2024-10-24,1,3,1,299.0,128.0,0.0
4688,1942,4,2024-10-24,7,1,1,314.1,147.0,34.9
4689,180,3,2024-10-24,9,1,1,329.0,141.0,0.0
4690,34,6,2024-10-24,1,4,1,499.0,210.0,0.0
4691,1500,5,2024-10-24,1,4,1,349.0,147.0,0.0
4692,55,2,2024-10-24,5,1,2,299.0,128.0,0.0
4693,856,2,2024-10-24,4,5,2,299.0,128.0,0.0
4694,265,1,2024-10-24,1,2,1,299.0,128.0,0.0
4695,917,1,2024-10-24,1,2,1,254.15,128.0,44.85
4696,964,4,2024-10-24,1,1,1,349.0,147.0,0.0
4697,1164,4,2024-10-24,1,3,1,296.65,147.0,52.35
4698,1972,1,2024-10-24,3,1,1,299.0,128.0,0.0
4699,420,3,2024-10-24,2,4,1,329.0,141.0,0.0
4700,1649,1,2024-10-24,1,1,1,299.0,128.0,0.0
4701,409,1,2024-10-24,5,2,1,299.0,128.0,0.0
4702,273,1,2024-10-24,1,3,1,254.15,128.0,44.85
4703,732,4,2024-10-25,1,1,1,349.0,147.0,0.0
4704,774,5,2024-10-25,5,4,1,349.0,147.0,0.0
4705,1146,6,2024-10-25,7,4,1,499.0,210.0,0.0
4706,1006,4,2024-10-25,7,1,1,296.65,147.0,52.35
4707,984,4,2024-10-25,4,1,1,314.1,147.0,34.9
4708,1989,4,2024-10-25,5,1,1,349.0,147.0,0.0
4709,1038,4,2024-10-25,3,1,1,349.0,147.0,0.0
4710,1515,4,2024-10-25,1,3,2,314.1,147.0,34.9
4711,935,5,2024-10-25,3,3,1,349.0,147.0,0.0
4712,1022,6,2024-10-25,2,3,1,499.0,210.0,0.0
4713,508,4,2024-10-25,3,1,1,349.0,147.0,0.0
4714,679,4,2024-10-25,9,2,1,349.0,147.0,0.0
4715,489,5,2024-10-25,7,4,1,349.0,147.0,0.0
4716,1231,2,2024-10-25,1,2,1,299.0,128.0,0.0
4717,516,1,2024-10-25,6,4,1,299.0,128.0,0.0
4718,18,1,2024-10-25,4,3,1,299.0,128.0,0.0
4719,404,4,2024-10-25,5,1,1,349.0,147.0,0.0
4720,1398,4,2024-10-25,4,1,1,314.1,147.0,34.9
4721,1919,5,2024-10-26,7,3,1,314.1,147.0,34.9
4722,1388,4,2024-10-26,7,2,1,296.65,147.0,52.35
4723,1644,4,2024-10-26,7,1,1,349.0,147.0,0.0
4724,1994,5,2024-10-26,1,3,1,349.0,147.0,0.0
4725,1391,5,2024-10-26,5,1,2,349.0,147.0,0.0
4726,1557,6,2024-10-26,2,1,2,449.1,210.0,49.9
4727,909,3,2024-10-26,7,1,1,329.0,141.0,0.0
4728,1931,5,2024-10-26,3,2,2,296.65,147.0,52.35
4729,168,4,2024-10-26,8,1,1,349.0,147.0,0.0
4730,599,3,2024-10-26,5,2,2,329.0,141.0,0.0
4731,849,4,2024-10-26,1,2,1,349.0,147.0,0.0
4732,1595,1,2024-10-26,5,3,1,299.0,128.0,0.0
4733,1351,2,2024-10-26,1,1,1,299.0,128.0,0.0
4734,771,5,2024-10-26,4,2,1,349.0,147.0,0.0
4735,1828,2,2024-10-26,5,2,1,299.0,128.0,0.0
4736,117,2,2024-10-26,1,2,2,299.0,128.0,0.0
4737,1279,4,2024-10-26,3,1,1,296.65,147.0,52.35
4738,957,1,2024-10-27,7,3,1,299.0,128.0,0.0
4739,122,1,2024-10-27,1,1,1,254.15,128.0,44.85
4740,1668,2,2024-10-27,2,2,1,299.0,128.0,0.0
4741,256,2,2024-10-27,5,1,1,299.0,128.0,0.0
4742,504,2,2024-10-27,1,4,1,299.0,128.0,0.0
4743,726,5,2024-10-27,1,4,1,349.0,147.0,0.0
4744,1982,5,2024-10-27,2,4,1,349.0,147.0,0.0
4745,1376,2,2024-10-27,1,2,1,269.1,128.0,29.9
4746,233,4,2024-10-27,1,2,2,349.0,147.0,0.0
4747,1002,1,2024-10-27,1,3,1,299.0,128.0,0.0
4748,739,5,2024-10-27,2,1,1,296.65,147.0,52.35
4749,1771,4,2024-10-27,8,3,2,349.0,147.0,0.0
4750,749,5,2024-10-27,2,2,1,349.0,147.0,0.0
4751,254,5,2024-10-27,4,2,1,349.0,147.0,0.0
4752,1466,4,2024-10-27,5,1,1,349.0,147.0,0.0
4753,564,5,2024-10-27,5,5,1,349.0,147.0,0.0
4754,649,4,2024-10-27,5,2,1,349.0,147.0,0.0
4755,123,4,2024-10-27,5,3,1,349.0,147.0,0.0
4756,1982,1,2024-10-27,2,2,1,299.0,128.0,0.0
4757,472,5,2024-10-27,8,3,1,349.0,147.0,0.0
4758,1288,3,2024-10-27,1,1,1,329.0,141.0,0.0
4759,1651,4,2024-10-28,4,1,1,349.0,147.0,0.0
4760,1406,5,2024-10-28,1,1,1,349.0,147.0,0.0
4761,1618,5,2024-10-28,2,3,1,349.0,147.0,0.0
4762,1009,4,2024-10-28,2,2,1,314.1,147.0,34.9
4763,1627,4,2024-10-28,5,1,1,349.0,147.0,0.0
4764,18,3,2024-10-28,1,1,1,329.0,141.0,0.0
4765,890,1,2024-10-28,5,4,1,299.0,128.0,0.0
4766,1018,4,2024-10-28,9,2,1,314.1,147.0,34.9
4767,1335,5,2024-10-28,3,1,1,349.0,147.0,0.0
4768,46,5,2024-10-28,6,1,1,349.0,147.0,0.0
4769,726,5,2024-10-28,5,1,1,349.0,147.0,0.0
4770,1708,6,2024-10-28,1,2,1,449.1,210.0,49.9
4771,518,4,2024-10-28,8,2,1,349.0,147.0,0.0
4772,1922,5,2024-10-28,1,3,1,349.0,147.0,0.0
4773,1585,1,2024-10-28,6,3,1,299.0,128.0,0.0
4774,1419,5,2024-10-28,4,5,1,349.0,147.0,0.0
4775,530,6,2024-10-28,3,1,2,499.0,210.0,0.0
4776,1894,2,2024-10-28,4,1,1,269.1,128.0,29.9
4777,849,5,2024-10-28,4,3,1,314.1,147.0,34.9
4778,1726,4,2024-10-29,3,1,1,349.0,147.0,0.0
4779,224,4,2024-10-29,6,4,1,349.0,147.0,0.0
4780,900,5,2024-10-29,1,3,1,349.0,147.0,0.0
4781,1848,1,2024-10-29,2,3,1,254.15,128.0,44.85
4782,265,4,2024-10-29,5,3,1,349.0,147.0,0.0
4783,1570,5,2024-10-29,7,1,2,349.0,147.0,0.0
4784,751,1,2024-10-29,3,5,1,299.0,128.0,0.0
4785,1976,1,2024-10-29,7,1,1,299.0,128.0,0.0
4786,1472,4,2024-10-29,2,2,1,314.1,147.0,34.9
4787,1204,3,2024-10-29,8,5,1,279.65,141.0,49.35
4788,906,5,2024-10-29,5,1,1,349.0,147.0,0.0
4789,1280,2,2024-10-29,5,4,1,299.0,128.0,0.0
4790,1803,4,2024-10-29,3,5,1,349.0,147.0,0.0
4791,1246,4,2024-10-29,6,1,1,349.0,147.0,0.0
4792,85,1,2024-10-29,5,1,1,299.0,128.0,0.0
4793,397,5,2024-10-29,5,2,1,296.65,147.0,52.35
4794,1797,4,2024-10-29,7,1,1,296.65,147.0,52.35
4795,1792,4,2024-10-29,1,5,1,349.0,147.0,0.0
4796,730,2,2024-10-30,1,2,1,299.0,128.0,0.0
4797,63,5,2024-10-30,3,1,1,349.0,147.0,0.0
4798,478,4,2024-10-30,1,1,1,296.65,147.0,52.35
4799,976,6,2024-10-30,1,1,1,499.0,210.0,0.0
4800,697,1,2024-10-30,5,3,2,299.0,128.0,0.0
4801,765,4,2024-10-30,3,2,1,349.0,147.0,0.0
4802,1467,1,2024-10-30,1,2,1,299.0,128.0,0.0
4803,1287,4,2024-10-30,1,2,1,296.65,147.0,52.35
4804,1542,6,2024-10-30,9,3,1,499.0,210.0,0.0
4805,1168,4,2024-10-30,1,1,1,349.0,147.0,0.0
4806,1272,6,2024-10-30,3,2,1,499.0,210.0,0.0
4807,943,3,2024-10-30,1,1,1,329.0,141.0,0.0
4808,1917,4,2024-10-30,7,4,1,314.1,147.0,34.9
4809,580,6,2024-10-30,8,3,1,499.0,210.0,0.0
4810,250,6,2024-10-30,3,2,2,499.0,210.0,0.0
4811,1011,4,2024-10-30,2,3,1,314.1,147.0,34.9
4812,693,6,2024-10-30,5,1,1,499.0,210.0,0.0
4813,89,2,2024-10-30,7,2,1,299.0,128.0,0.0
4814,1274,2,2024-10-30,3,5,1,299.0,128.0,0.0
4815,214,4,2024-10-30,1,1,1,314.1,147.0,34.9
4816,1982,6,2024-10-30,4,5,1,499.0,210.0,0.0
4817,1397,6,2024-10-30,1,4,1,499.0,210.0,0.0
4818,535,5,2024-10-30,1,2,2,349.0,147.0,0.0
4819,587,1,2024-10-30,5,4,1,254.15,128.0,44.85
4820,905,4,2024-10-31,5,2,1,349.0,147.0,0.0
4821,1507,5,2024-10-31,8,2,2,314.1,147.0,34.9
4822,915,2,2024-10-31,1,2,1,269.1,128.0,29.9
4823,1920,4,2024-10-31,2,1,1,296.65,147.0,52.35
4824,917,4,2024-10-31,4,1,1,349.0,147.0,0.0
4825,931,4,2024-10-31,3,4,1,349.0,147.0,0.0
4826,225,4,2024-10-31,4,5,1,349.0,147.0,0.0
4827,1898,5,2024-10-31,3,1,2,296.65,147.0,52.35
4828,902,1,2024-10-31,1,1,1,299.0,128.0,0.0
4829,1643,4,2024-10-31,3,5,1,349.0,147.0,0.0
4830,1844,5,2024-10-31,6,3,1,314.1,147.0,34.9
4831,1927,6,2024-10-31,1,5,1,424.15,210.0,74.85
4832,1975,3,2024-10-31,2,2,1,329.0,141.0,0.0
4833,379,6,2024-11-01,1,3,1,499.0,210.0,0.0
4834,938,5,2024-11-01,3,2,1,349.0,147.0,0.0
4835,291,5,2024-11-01,2,1,1,314.1,147.0,34.9
4836,1106,5,2024-11-01,2,2,1,314.1,147.0,34.9
4837,1102,2,2024-11-01,8,1,1,299.0,128.0,0.0
4838,1848,6,2024-11-01,1,2,1,424.15,210.0,74.85
4839,693,5,2024-11-01,3,5,1,349.0,147.0,0.0
4840,547,4,2024-11-01,3,3,1,296.65,147.0,52.35
4841,904,5,2024-11-01,1,1,1,349.0,147.0,0.0
4842,1022,2,2024-11-01,5,1,1,269.1,128.0,29.9
4843,912,1,2024-11-01,4,3,1,299.0,128.0,0.0
4844,1353,4,2024-11-01,1,2,1,296.65,147.0,52.35
4845,169,5,2024-11-01,2,2,1,314.1,147.0,34.9
4846,1439,4,2024-11-01,2,2,1,349.0,147.0,0.0
4847,1004,5,2024-11-01,1,2,1,349.0,147.0,0.0
4848,1028,4,2024-11-01,5,3,1,349.0,147.0,0.0
4849,630,1,2024-11-01,7,2,1,299.0,128.0,0.0
4850,514,1,2024-11-01,3,2,1,299.0,128.0,0.0
4851,1452,2,2024-11-01,1,1,1,299.0,128.0,0.0
4852,449,4,2024-11-01,7,4,1,314.1,147.0,34.9
4853,327,1,2024-11-01,3,4,1,299.0,128.0,0.0
4854,434,5,2024-11-01,2,1,1,349.0,147.0,0.0
4855,1048,2,2024-11-01,7,2,1,299.0,128.0,0.0
4856,745,5,2024-11-01,8,2,1,349.0,147.0,0.0
4857,778,3,2024-11-01,3,1,1,329.0,141.0,0.0
4858,174,5,2024-11-01,2,2,1,314.1,147.0,34.9
4859,821,4,2024-11-01,3,4,1,349.0,147.0,0.0
4860,1910,3,2024-11-01,2,1,1,329.0,141.0,0.0
4861,1993,3,2024-11-01,3,3,1,329.0,141.0,0.0
4862,701,5,2024-11-01,2,1,1,349.0,147.0,0.0
4863,379,1,2024-11-01,4,2,1,299.0,128.0,0.0
4864,1084,1,2024-11-01,1,2,1,299.0,128.0,0.0
4865,1517,2,2024-11-01,5,2,1,299.0,128.0,0.0
4866,1418,1,2024-11-01,6,2,1,299.0,128.0,0.0
4867,1392,2,2024-11-01,2,1,1,269.1,128.0,29.9
4868,1640,4,2024-11-01,3,2,1,314.1,147.0,34.9
4869,504,2,2024-11-01,1,1,1,299.0,128.0,0.0
4870,1681,5,2024-11-02,1,5,1,349.0,147.0,0.0
4871,1641,5,2024-11-02,2,2,1,349.0,147.0,0.0
4872,663,3,2024-11-02,5,2,1,329.0,141.0,0.0
4873,1167,3,2024-11-02,3,2,1,329.0,141.0,0.0
4874,519,3,2024-11-02,2,5,1,329.0,141.0,0.0
4875,1962,4,2024-11-02,3,5,1,349.0,147.0,0.0
4876,1345,2,2024-11-02,3,2,1,299.0,128.0,0.0
4877,1994,5,2024-11-02,6,3,1,349.0,147.0,0.0
4878,1178,3,2024-11-02,4,1,1,329.0,141.0,0.0
4879,1339,4,2024-11-02,2,1,1,296.65,147.0,52.35
4880,252,4,2024-11-02,5,5,1,296.65,147.0,52.35
4881,886,1,2024-11-02,2,2,1,254.15,128.0,44.85
4882,1442,6,2024-11-02,7,5,1,499.0,210.0,0.0
4883,582,1,2024-11-02,1,5,1,299.0,128.0,0.0
4884,938,2,2024-11-02,4,5,1,299.0,128.0,0.0
4885,186,5,2024-11-02,7,4,1,349.0,147.0,0.0
4886,1666,1,2024-11-02,9,1,1,299.0,128.0,0.0
4887,1476,5,2024-11-02,1,5,1,314.1,147.0,34.9
4888,931,2,2024-11-02,6,2,1,299.0,128.0,0.0
4889,155,4,2024-11-02,5,2,1,314.1,147.0,34.9
4890,1693,3,2024-11-02,5,1,2,329.0,141.0,0.0
4891,193,3,2024-11-02,5,2,1,329.0,141.0,0.0
4892,1389,3,2024-11-02,5,2,1,329.0,141.0,0.0
4893,662,2,2024-11-02,1,1,1,254.15,128.0,44.85
4894,1013,3,2024-11-02,3,1,2,329.0,141.0,0.0
4895,1378,2,2024-11-02,2,1,1,299.0,128.0,0.0
4896,1543,6,2024-11-02,1,5,1,499.0,210.0,0.0
4897,1230,2,2024-11-02,3,4,1,254.15,128.0,44.85
4898,1311,6,2024-11-02,1,1,1,449.1,210.0,49.9
4899,9,3,2024-11-02,7,1,1,329.0,141.0,0.0
4900,992,1,2024-11-03,2,3,1,299.0,128.0,0.0
4901,1923,6,2024-11-03,4,1,1,499.0,210.0,0.0
4902,894,3,2024-11-03,3,2,1,329.0,141.0,0.0
4903,975,6,2024-11-03,7,1,1,499.0,210.0,0.0
4904,1921,1,2024-11-03,1,4,1,299.0,128.0,0.0
4905,506,4,2024-11-03,7,2,1,349.0,147.0,0.0
4906,368,4,2024-11-03,1,1,1,349.0,147.0,0.0
4907,1315,1,2024-11-03,1,1,1,269.1,128.0,29.9
4908,104,4,2024-11-03,3,2,1,314.1,147.0,34.9
4909,1814,3,2024-11-03,3,1,1,329.0,141.0,0.0
4910,1444,5,2024-11-03,4,2,1,314.1,147.0,34.9
4911,89,2,2024-11-03,1,5,1,299.0,128.0,0.0
4912,710,4,2024-11-03,2,3,1,314.1,147.0,34.9
4913,180,6,2024-11-03,5,2,1,499.0,210.0,0.0
4914,1380,2,2024-11-03,5,4,1,269.1,128.0,29.9
4915,1478,5,2024-11-03,5,4,1,349.0,147.0,0.0
4916,389,3,2024-11-03,2,1,1,329.0,141.0,0.0
4917,329,5,2024-11-03,3,1,1,314.1,147.0,34.9
4918,321,5,2024-11-03,4,2,2,349.0,147.0,0.0
4919,308,2,2024-11-03,5,1,1,299.0,128.0,0.0
4920,322,4,2024-11-03,7,5,1,349.0,147.0,0.0
4921,1888,4,2024-11-03,4,1,1,349.0,147.0,0.0
4922,81,1,2024-11-04,4,1,1,269.1,128.0,29.9
4923,1998,1,2024-11-04,4,2,1,269.1,128.0,29.9
4924,914,5,2024-11-04,3,2,1,349.0,147.0,0.0
4925,1133,5,2024-11-04,1,1,2,349.0,147.0,0.0
4926,863,4,2024-11-04,6,2,1,349.0,147.0,0.0
4927,1616,6,2024-11-04,3,5,1,449.1,210.0,49.9
4928,1580,1,2024-11-04,1,1,1,299.0,128.0,0.0
4929,641,4,2024-11-04,1,5,1,296.65,147.0,52.35
4930,751,1,2024-11-04,2,3,1,254.15,128.0,44.85
4931,736,5,2024-11-04,2,3,1,296.65,147.0,52.35
4932,26,1,2024-11-04,7,1,2,254.15,128.0,44.85
4933,449,4,2024-11-04,6,3,1,349.0,147.0,0.0
4934,1057,2,2024-11-04,1,5,1,299.0,128.0,0.0
4935,262,3,2024-11-04,3,2,1,329.0,141.0,0.0
4936,755,5,2024-11-04,1,2,1,349.0,147.0,0.0
4937,93,2,2024-11-04,2,1,1,254.15,128.0,44.85
4938,1268,5,2024-11-04,5,1,1,349.0,147.0,0.0
4939,1210,4,2024-11-04,1,2,1,349.0,147.0,0.0
4940,305,3,2024-11-04,1,2,2,329.0,141.0,0.0
4941,757,1,2024-11-04,8,1,1,299.0,128.0,0.0
4942,808,5,2024-11-04,5,3,1,349.0,147.0,0.0
4943,1368,4,2024-11-04,7,2,1,349.0,147.0,0.0
4944,1913,2,2024-11-04,3,2,2,299.0,128.0,0.0
4945,1278,1,2024-11-04,1,1,2,299.0,128.0,0.0
4946,883,6,2024-11-04,3,2,1,499.0,210.0,0.0
4947,1402,5,2024-11-04,2,2,1,349.0,147.0,0.0
4948,1036,2,2024-11-04,5,2,1,299.0,128.0,0.0
4949,687,4,2024-11-04,1,2,1,349.0,147.0,0.0
4950,378,3,2024-11-04,1,5,1,296.1,141.0,32.9
4951,293,3,2024-11-04,1,5,1,329.0,141.0,0.0
4952,1471,5,2024-11-04,5,3,1,349.0,147.0,0.0
4953,970,6,2024-11-05,1,3,1,499.0,210.0,0.0
4954,1393,2,2024-11-05,8,2,1,269.1,128.0,29.9
4955,216,1,2024-11-05,4,3,1,254.15,128.0,44.85
4956,179,4,2024-11-05,2,2,2,314.1,147.0,34.9
4957,1125,3,2024-11-05,3,2,1,329.0,141.0,0.0
4958,1262,6,2024-11-05,7,1,1,499.0,210.0,0.0
4959,39,5,2024-11-05,4,5,1,314.1,147.0,34.9
4960,738,1,2024-11-05,2,4,2,299.0,128.0,0.0
4961,471,5,2024-11-05,8,1,1,314.1,147.0,34.9
4962,1344,2,2024-11-05,1,2,1,299.0,128.0,0.0
4963,1518,2,2024-11-05,5,2,1,299.0,128.0,0.0
4964,1618,6,2024-11-05,8,1,1,499.0,210.0,0.0
4965,1987,4,2024-11-05,4,1,1,349.0,147.0,0.0
4966,1906,5,2024-11-05,3,2,1,349.0,147.0,0.0
4967,64,1,2024-11-05,2,1,1,299.0,128.0,0.0
4968,1901,2,2024-11-05,5,1,1,299.0,128.0,0.0
4969,137,2,2024-11-05,1,2,1,299.0,128.0,0.0
4970,376,2,2024-11-05,3,1,1,254.15,128.0,44.85
4971,231,2,2024-11-05,6,1,1,299.0,128.0,0.0
4972,1359,5,2024-11-05,7,3,1,349.0,147.0,0.0
4973,29,1,2024-11-05,3,5,1,299.0,128.0,0.0
4974,1534,1,2024-11-05,6,4,1,269.1,128.0,29.9
4975,1682,5,2024-11-05,3,1,2,314.1,147.0,34.9
4976,448,5,2024-11-05,1,5,1,314.1,147.0,34.9
4977,641,2,2024-11-05,1,2,1,299.0,128.0,0.0
4978,1283,1,2024-11-05,1,2,1,299.0,128.0,0.0
4979,1092,6,2024-11-05,1,2,1,449.1,210.0,49.9
4980,1346,6,2024-11-05,7,5,1,499.0,210.0,0.0
4981,414,2,2024-11-05,1,1,1,299.0,128.0,0.0
4982,232,3,2024-11-05,6,4,1,329.0,141.0,0.0
4983,440,2,2024-11-05,1,3,1,299.0,128.0,0.0
4984,718,2,2024-11-05,1,4,1,299.0,128.0,0.0
4985,1811,2,2024-11-05,3,1,1,299.0,128.0,0.0
4986,1855,5,2024-11-06,4,1,1,349.0,147.0,0.0
4987,1552,1,2024-11-06,5,5,1,299.0,128.0,0.0
4988,960,5,2024-11-06,1,2,1,349.0,147.0,0.0
4989,368,3,2024-11-06,7,3,1,329.0,141.0,0.0
4990,886,4,2024-11-06,1,2,1,349.0,147.0,0.0
4991,172,4,2024-11-06,1,4,1,296.65,147.0,52.35
4992,580,6,2024-11-06,1,2,1,449.1,210.0,49.9
4993,1597,1,2024-11-06,2,1,1,299.0,128.0,0.0
4994,1081,2,2024-11-06,3,2,1,299.0,128.0,0.0
4995,128,2,2024-11-06,3,2,1,299.0,128.0,0.0
4996,1503,1,2024-11-06,1,2,1,299.0,128.0,0.0
4997,559,5,2024-11-06,3,1,1,349.0,147.0,0.0
4998,1471,5,2024-11-06,3,2,1,296.65,147.0,52.35
4999,1219,6,2024-11-06,3,2,1,499.0,210.0,0.0
5000,242,5,2024-11-06,1,1,1,349.0,147.0,0.0
5001,1539,2,2024-11-06,3,1,1,299.0,128.0,0.0
5002,786,4,2024-11-06,1,1,1,349.0,147.0,0.0
5003,621,1,2024-11-06,3,3,1,299.0,128.0,0.0
5004,560,5,2024-11-06,1,1,1,349.0,147.0,0.0
5005,805,2,2024-11-06,3,2,1,269.1,128.0,29.9
5006,1045,4,2024-11-06,1,4,2,349.0,147.0,0.0
5007,1609,5,2024-11-06,4,1,1,349.0,147.0,0.0
5008,1300,2,2024-11-06,3,3,1,254.15,128.0,44.85
5009,247,4,2024-11-06,5,4,1,349.0,147.0,0.0
5010,1682,6,2024-11-06,5,2,1,499.0,210.0,0.0
5011,853,6,2024-11-06,1,2,1,499.0,210.0,0.0
5012,60,1,2024-11-06,1,2,1,299.0,128.0,0.0
5013,679,1,2024-11-06,3,3,1,269.1,128.0,29.9
5014,265,5,2024-11-06,1,5,1,349.0,147.0,0.0
5015,1961,2,2024-11-06,3,3,1,269.1,128.0,29.9
5016,661,5,2024-11-06,7,2,1,349.0,147.0,0.0
5017,1320,5,2024-11-06,3,3,1,349.0,147.0,0.0
5018,739,5,2024-11-06,8,2,1,296.65,147.0,52.35
5019,1795,6,2024-11-07,5,4,1,499.0,210.0,0.0
5020,1285,1,2024-11-07,7,2,1,299.0,128.0,0.0
5021,1179,4,2024-11-07,4,2,1,349.0,147.0,0.0
5022,1569,3,2024-11-07,4,1,1,329.0,141.0,0.0
5023,1142,2,2024-11-07,4,1,1,299.0,128.0,0.0
5024,492,4,2024-11-07,4,2,1,349.0,147.0,0.0
5025,1616,6,2024-11-07,8,1,1,499.0,210.0,0.0
5026,481,5,2024-11-07,4,1,1,296.65,147.0,52.35
5027,214,4,2024-11-07,1,1,1,349.0,147.0,0.0
5028,1798,1,2024-11-07,1,3,1,299.0,128.0,0.0
5029,704,2,2024-11-07,1,4,1,299.0,128.0,0.0
5030,1140,4,2024-11-07,3,1,1,349.0,147.0,0.0
5031,546,3,2024-11-07,7,3,1,329.0,141.0,0.0
5032,628,2,2024-11-07,1,1,1,254.15,128.0,44.85
5033,696,2,2024-11-07,3,2,1,299.0,128.0,0.0
5034,592,2,2024-11-07,3,1,1,299.0,128.0,0.0
5035,1754,4,2024-11-07,1,2,1,349.0,147.0,0.0
5036,331,4,2024-11-07,2,2,1,296.65,147.0,52.35
5037,1251,2,2024-11-07,1,2,1,299.0,128.0,0.0
5038,1027,6,2024-11-07,1,1,1,499.0,210.0,0.0
5039,1859,4,2024-11-07,5,2,1,349.0,147.0,0.0
5040,243,3,2024-11-07,2,1,1,329.0,141.0,0.0
5041,755,6,2024-11-07,1,1,1,449.1,210.0,49.9
5042,1810,4,2024-11-07,1,5,1,314.1,147.0,34.9
5043,1665,5,2024-11-07,1,1,1,349.0,147.0,0.0
5044,1484,4,2024-11-07,2,5,1,349.0,147.0,0.0
5045,1522,4,2024-11-07,2,1,1,314.1,147.0,34.9
5046,422,5,2024-11-07,7,2,2,349.0,147.0,0.0
5047,28,4,2024-11-07,1,1,1,349.0,147.0,0.0
5048,1657,5,2024-11-07,3,1,1,349.0,147.0,0.0
5049,210,5,2024-11-07,1,5,1,314.1,147.0,34.9
5050,1225,6,2024-11-07,1,1,1,499.0,210.0,0.0
5051,1583,2,2024-11-07,1,5,1,299.0,128.0,0.0
5052,653,1,2024-11-07,3,1,1,299.0,128.0,0.0
5053,521,5,2024-11-07,1,5,1,296.65,147.0,52.35
5054,1272,4,2024-11-07,3,1,1,296.65,147.0,52.35
5055,274,1,2024-11-07,7,1,1,299.0,128.0,0.0
5056,1438,4,2024-11-07,6,2,1,349.0,147.0,0.0
5057,1668,4,2024-11-08,1,1,2,349.0,147.0,0.0
5058,127,4,2024-11-08,1,1,1,349.0,147.0,0.0
5059,29,4,2024-11-08,1,4,1,349.0,147.0,0.0
5060,1879,4,2024-11-08,2,2,1,349.0,147.0,0.0
5061,1898,5,2024-11-08,4,2,1,349.0,147.0,0.0
5062,663,5,2024-11-08,5,2,1,349.0,147.0,0.0
5063,1567,4,2024-11-08,2,2,1,349.0,147.0,0.0
5064,1178,4,2024-11-08,6,1,1,349.0,147.0,0.0
5065,909,4,2024-11-08,1,2,1,349.0,147.0,0.0
5066,448,4,2024-11-08,2,3,1,349.0,147.0,0.0
5067,1674,5,2024-11-08,2,4,1,296.65,147.0,52.35
5068,1520,1,2024-11-08,3,2,1,299.0,128.0,0.0
5069,1296,6,2024-11-08,4,1,1,499.0,210.0,0.0
5070,630,5,2024-11-08,7,1,1,349.0,147.0,0.0
5071,168,5,2024-11-08,2,2,1,349.0,147.0,0.0
5072,1359,1,2024-11-08,7,2,1,299.0,128.0,0.0
5073,1795,5,2024-11-08,2,2,1,349.0,147.0,0.0
5074,1611,4,2024-11-08,1,1,1,349.0,147.0,0.0
5075,567,4,2024-11-08,5,2,1,349.0,147.0,0.0
5076,78,5,2024-11-08,4,2,1,349.0,147.0,0.0
5077,1586,3,2024-11-08,6,2,1,329.0,141.0,0.0
5078,1535,5,2024-11-08,1,1,1,296.65,147.0,52.35
5079,350,6,2024-11-08,6,2,2,499.0,210.0,0.0
5080,1625,4,2024-11-08,3,1,1,349.0,147.0,0.0
5081,348,5,2024-11-08,4,1,1,349.0,147.0,0.0
5082,561,4,2024-11-08,2,1,1,296.65,147.0,52.35
5083,1611,4,2024-11-08,3,5,1,349.0,147.0,0.0
5084,1263,1,2024-11-08,3,1,1,299.0,128.0,0.0
5085,897,1,2024-11-08,2,3,1,269.1,128.0,29.9
5086,1928,1,2024-11-08,2,4,1,299.0,128.0,0.0
5087,454,5,2024-11-08,9,3,1,349.0,147.0,0.0
5088,1246,5,2024-11-08,1,1,1,349.0,147.0,0.0
5089,145,3,2024-11-08,1,1,1,329.0,141.0,0.0
5090,726,1,2024-11-08,1,2,1,299.0,128.0,0.0
5091,142,4,2024-11-08,3,2,1,349.0,147.0,0.0
5092,1333,3,2024-11-09,6,3,1,329.0,141.0,0.0
5093,1417,4,2024-11-09,4,2,1,349.0,147.0,0.0
5094,1648,5,2024-11-09,1,4,1,296.65,147.0,52.35
5095,1646,5,2024-11-09,2,1,1,314.1,147.0,34.9
5096,1332,3,2024-11-09,3,3,1,296.1,141.0,32.9
5097,1387,1,2024-11-09,1,5,1,299.0,128.0,0.0
5098,1107,1,2024-11-09,1,1,1,254.15,128.0,44.85
5099,851,4,2024-11-09,3,2,2,296.65,147.0,52.35
5100,950,4,2024-11-09,8,2,1,349.0,147.0,0.0
5101,732,3,2024-11-09,1,4,1,296.1,141.0,32.9
5102,1033,1,2024-11-09,1,2,1,269.1,128.0,29.9
5103,1514,5,2024-11-09,2,1,1,349.0,147.0,0.0
5104,646,3,2024-11-09,4,3,1,329.0,141.0,0.0
5105,394,5,2024-11-09,1,2,1,296.65,147.0,52.35
5106,1527,6,2024-11-09,2,3,1,499.0,210.0,0.0
5107,59,4,2024-11-09,3,4,1,349.0,147.0,0.0
5108,866,1,2024-11-09,2,5,1,299.0,128.0,0.0
5109,1529,5,2024-11-09,3,1,1,349.0,147.0,0.0
5110,1918,6,2024-11-09,9,3,1,499.0,210.0,0.0
5111,523,5,2024-11-09,7,2,1,314.1,147.0,34.9
5112,112,2,2024-11-09,2,2,1,299.0,128.0,0.0
5113,346,3,2024-11-09,5,3,1,329.0,141.0,0.0
5114,740,4,2024-11-09,1,2,1,349.0,147.0,0.0
5115,371,4,2024-11-09,4,1,1,314.1,147.0,34.9
5116,1372,5,2024-11-09,2,2,1,296.65,147.0,52.35
5117,1950,1,2024-11-09,3,3,1,299.0,128.0,0.0
5118,1435,4,2024-11-09,4,1,1,314.1,147.0,34.9
5119,612,4,2024-11-09,6,1,1,349.0,147.0,0.0
5120,529,1,2024-11-09,1,4,1,299.0,128.0,0.0
5121,1749,5,2024-11-09,2,2,1,349.0,147.0,0.0
5122,1205,4,2024-11-10,5,1,1,349.0,147.0,0.0
5123,1403,3,2024-11-10,7,3,1,329.0,141.0,0.0
5124,468,4,2024-11-10,2,1,1,349.0,147.0,0.0
5125,263,6,2024-11-10,5,3,1,499.0,210.0,0.0
5126,946,4,2024-11-10,3,1,1,314.1,147.0,34.9
5127,1743,4,2024-11-10,1,3,1,349.0,147.0,0.0
5128,26,5,2024-11-10,5,1,1,349.0,147.0,0.0
5129,1813,2,2024-11-10,3,1,1,269.1,128.0,29.9
5130,367,5,2024-11-10,1,1,1,349.0,147.0,0.0
5131,1151,5,2024-11-10,2,1,1,314.1,147.0,34.9
5132,728,5,2024-11-10,3,2,1,314.1,147.0,34.9
5133,712,3,2024-11-10,2,2,1,329.0,141.0,0.0
5134,853,1,2024-11-10,3,1,1,299.0,128.0,0.0
5135,89,4,2024-11-10,2,2,1,349.0,147.0,0.0
5136,29,3,2024-11-10,5,1,1,329.0,141.0,0.0
5137,1857,1,2024-11-10,9,1,1,299.0,128.0,0.0
5138,535,6,2024-11-10,2,2,2,499.0,210.0,0.0
5139,138,4,2024-11-10,5,5,1,349.0,147.0,0.0
5140,924,5,2024-11-10,5,4,1,349.0,147.0,0.0
5141,1188,4,2024-11-10,5,2,1,349.0,147.0,0.0
5142,1243,6,2024-11-10,3,1,1,499.0,210.0,0.0
5143,712,2,2024-11-10,1,2,1,299.0,128.0,0.0
5144,1702,6,2024-11-10,3,1,1,499.0,210.0,0.0
5145,513,1,2024-11-10,3,2,1,299.0,128.0,0.0
5146,1878,5,2024-11-10,1,1,1,349.0,147.0,0.0
5147,1241,1,2024-11-10,1,5,1,269.1,128.0,29.9
5148,1335,1,2024-11-10,1,2,1,299.0,128.0,0.0
5149,861,5,2024-11-10,1,2,1,349.0,147.0,0.0
5150,423,4,2024-11-10,2,3,1,349.0,147.0,0.0
5151,341,5,2024-11-10,1,1,1,314.1,147.0,34.9
5152,18,5,2024-11-10,5,2,1,349.0,147.0,0.0
5153,38,2,2024-11-10,1,2,1,269.1,128.0,29.9
5154,1772,5,2024-11-10,2,3,1,349.0,147.0,0.0
5155,470,5,2024-11-10,3,3,1,349.0,147.0,0.0
5156,310,1,2024-11-10,1,4,1,254.15,128.0,44.85
5157,1756,5,2024-11-11,3,5,1,349.0,147.0,0.0
5158,1980,1,2024-11-11,7,5,1,299.0,128.0,0.0
5159,1792,1,2024-11-11,1,3,1,299.0,128.0,0.0
5160,956,4,2024-11-11,1,2,1,314.1,147.0,34.9
5161,789,3,2024-11-11,4,2,1,329.0,141.0,0.0
5162,1039,1,2024-11-11,6,2,1,299.0,128.0,0.0
5163,574,3,2024-11-11,3,1,1,279.65,141.0,49.35
5164,355,5,2024-11-11,1,1,1,296.65,147.0,52.35
5165,740,2,2024-11-11,5,3,1,299.0,128.0,0.0
5166,319,5,2024-11-11,5,5,1,349.0,147.0,0.0
5167,676,4,2024-11-11,2,4,1,349.0,147.0,0.0
5168,1697,5,2024-11-11,3,2,1,349.0,147.0,0.0
5169,935,5,2024-11-11,2,1,1,314.1,147.0,34.9
5170,1740,5,2024-11-11,1,2,1,349.0,147.0,0.0
5171,1638,5,2024-11-11,3,1,2,349.0,147.0,0.0
5172,9,6,2024-11-11,3,2,1,499.0,210.0,0.0
5173,848,2,2024-11-11,1,4,1,299.0,128.0,0.0
5174,903,4,2024-11-11,9,5,1,349.0,147.0,0.0
5175,1441,6,2024-11-11,3,1,1,499.0,210.0,0.0
5176,551,5,2024-11-11,7,5,1,314.1,147.0,34.9
5177,1153,3,2024-11-11,2,3,1,329.0,141.0,0.0
5178,1526,5,2024-11-11,3,4,1,349.0,147.0,0.0
5179,839,5,2024-11-11,7,2,1,314.1,147.0,34.9
5180,895,3,2024-11-11,8,5,1,296.1,141.0,32.9
5181,1449,5,2024-11-11,4,3,1,349.0,147.0,0.0
5182,1526,4,2024-11-11,3,3,1,296.65,147.0,52.35
5183,1519,5,2024-11-11,4,1,1,296.65,147.0,52.35
5184,1653,1,2024-11-11,1,2,1,269.1,128.0,29.9
5185,63,4,2024-11-11,4,2,1,314.1,147.0,34.9
5186,1445,4,2024-11-11,3,1,1,296.65,147.0,52.35
5187,287,1,2024-11-11,4,1,1,299.0,128.0,0.0
5188,1925,4,2024-11-11,5,2,2,349.0,147.0,0.0
5189,875,3,2024-11-11,3,5,1,279.65,141.0,49.35
5190,409,4,2024-11-11,3,5,1,314.1,147.0,34.9
5191,2,4,2024-11-12,1,2,1,349.0,147.0,0.0
5192,1756,3,2024-11-12,6,2,1,296.1,141.0,32.9
5193,1002,4,2024-11-12,3,2,1,349.0,147.0,0.0
5194,156,3,2024-11-12,8,5,1,329.0,141.0,0.0
5195,555,6,2024-11-12,3,5,1,499.0,210.0,0.0
5196,1472,5,2024-11-12,3,2,1,349.0,147.0,0.0
5197,120,5,2024-11-12,1,2,1,296.65,147.0,52.35
5198,361,4,2024-11-12,1,2,1,349.0,147.0,0.0
5199,1042,5,2024-11-12,3,1,1,349.0,147.0,0.0
5200,1740,1,2024-11-12,2,3,1,299.0,128.0,0.0
5201,1575,5,2024-11-12,3,1,1,349.0,147.0,0.0
5202,1821,6,2024-11-12,8,1,1,499.0,210.0,0.0
5203,904,6,2024-11-12,5,1,1,499.0,210.0,0.0
5204,1730,4,2024-11-12,4,1,1,314.1,147.0,34.9
5205,1238,2,2024-11-12,2,2,1,299.0,128.0,0.0
5206,1020,1,2024-11-12,8,2,1,299.0,128.0,0.0
5207,258,6,2024-11-12,5,1,1,499.0,210.0,0.0
5208,1291,1,2024-11-12,4,1,1,254.15,128.0,44.85
5209,724,4,2024-11-12,2,3,1,349.0,147.0,0.0
5210,579,1,2024-11-12,4,3,1,299.0,128.0,0.0
5211,1208,1,2024-11-12,1,2,1,269.1,128.0,29.9
5212,1454,4,2024-11-12,6,1,1,349.0,147.0,0.0
5213,1296,3,2024-11-12,3,1,1,329.0,141.0,0.0
5214,1716,1,2024-11-12,2,2,1,254.15,128.0,44.85
5215,1156,4,2024-11-12,3,1,2,349.0,147.0,0.0
5216,1371,5,2024-11-12,3,2,1,349.0,147.0,0.0
5217,330,5,2024-11-12,4,3,1,349.0,147.0,0.0
5218,917,5,2024-11-12,1,1,1,314.1,147.0,34.9
5219,10,4,2024-11-12,1,1,1,349.0,147.0,0.0
5220,456,2,2024-11-12,3,2,1,299.0,128.0,0.0
5221,699,4,2024-11-12,3,2,1,314.1,147.0,34.9
5222,1443,5,2024-11-12,4,3,1,349.0,147.0,0.0
5223,1792,2,2024-11-13,9,2,2,299.0,128.0,0.0
5224,1647,4,2024-11-13,5,1,1,349.0,147.0,0.0
5225,1392,5,2024-11-13,3,2,1,349.0,147.0,0.0
5226,227,4,2024-11-13,4,3,1,349.0,147.0,0.0
5227,359,3,2024-11-13,1,5,1,296.1,141.0,32.9
5228,578,4,2024-11-13,5,1,1,296.65,147.0,52.35
5229,1526,3,2024-11-13,1,2,1,329.0,141.0,0.0
5230,616,6,2024-11-13,6,2,1,449.1,210.0,49.9
5231,1754,3,2024-11-13,8,2,1,329.0,141.0,0.0
5232,100,5,2024-11-13,1,5,1,349.0,147.0,0.0
5233,1678,1,2024-11-13,1,1,1,299.0,128.0,0.0
5234,1771,3,2024-11-13,5,2,1,329.0,141.0,0.0
5235,76,4,2024-11-13,7,5,1,349.0,147.0,0.0
5236,19,6,2024-11-13,1,1,1,499.0,210.0,0.0
5237,1194,2,2024-11-13,1,2,1,299.0,128.0,0.0
5238,1043,6,2024-11-13,2,3,1,424.15,210.0,74.85
5239,705,3,2024-11-13,5,2,1,296.1,141.0,32.9
5240,501,3,2024-11-13,2,1,2,329.0,141.0,0.0
5241,110,3,2024-11-13,2,2,1,296.1,141.0,32.9
5242,1087,6,2024-11-13,3,1,1,499.0,210.0,0.0
5243,1311,2,2024-11-13,4,4,1,299.0,128.0,0.0
5244,298,4,2024-11-13,5,2,1,349.0,147.0,0.0
5245,330,5,2024-11-13,2,5,1,296.65,147.0,52.35
5246,1964,5,2024-11-13,1,4,1,349.0,147.0,0.0
5247,442,4,2024-11-13,2,5,1,349.0,147.0,0.0
5248,962,4,2024-11-13,1,2,1,314.1,147.0,34.9
5249,1169,6,2024-11-13,4,1,1,499.0,210.0,0.0
5250,1172,6,2024-11-13,8,5,1,449.1,210.0,49.9
5251,1438,2,2024-11-13,7,3,1,299.0,128.0,0.0
5252,1752,3,2024-11-13,1,3,1,329.0,141.0,0.0
5253,1867,4,2024-11-13,1,2,1,349.0,147.0,0.0
5254,337,3,2024-11-13,7,1,1,296.1,141.0,32.9
5255,1569,1,2024-11-13,1,1,1,299.0,128.0,0.0
5256,1874,2,2024-11-13,2,1,1,299.0,128.0,0.0
5257,1255,1,2024-11-13,5,5,2,299.0,128.0,0.0
5258,738,4,2024-11-13,3,2,1,314.1,147.0,34.9
5259,1597,5,2024-11-14,1,2,1,349.0,147.0,0.0
5260,1858,4,2024-11-14,1,2,1,296.65,147.0,52.35
5261,104,5,2024-11-14,3,1,1,314.1,147.0,34.9
5262,1181,2,2024-11-14,3,3,1,299.0,128.0,0.0
5263,1311,2,2024-11-14,1,1,1,269.1,128.0,29.9
5264,813,2,2024-11-14,2,1,1,299.0,128.0,0.0
5265,323,5,2024-11-14,5,1,2,349.0,147.0,0.0
5266,425,5,2024-11-14,3,4,1,349.0,147.0,0.0
5267,1604,5,2024-11-14,4,2,1,349.0,147.0,0.0
5268,491,2,2024-11-14,9,1,1,299.0,128.0,0.0
5269,1931,1,2024-11-14,2,1,1,299.0,128.0,0.0
5270,769,4,2024-11-14,3,2,2,296.65,147.0,52.35
5271,652,3,2024-11-14,4,2,1,329.0,141.0,0.0
5272,1872,6,2024-11-14,7,2,2,499.0,210.0,0.0
5273,1565,5,2024-11-14,3,1,1,349.0,147.0,0.0
5274,784,5,2024-11-14,5,3,1,349.0,147.0,0.0
5275,375,5,2024-11-14,4,2,1,349.0,147.0,0.0
5276,906,2,2024-11-14,6,2,1,299.0,128.0,0.0
5277,1862,5,2024-11-14,7,1,1,314.1,147.0,34.9
5278,1976,1,2024-11-14,3,1,1,299.0,128.0,0.0
5279,964,5,2024-11-14,7,2,1,314.1,147.0,34.9
5280,115,5,2024-11-14,7,3,1,349.0,147.0,0.0
5281,1172,2,2024-11-14,6,2,1,299.0,128.0,0.0
5282,1639,1,2024-11-14,5,2,2,299.0,128.0,0.0
5283,768,1,2024-11-14,9,2,1,299.0,128.0,0.0
5284,1535,1,2024-11-14,1,1,1,299.0,128.0,0.0
5285,1905,2,2024-11-14,5,1,1,299.0,128.0,0.0
5286,1178,5,2024-11-14,1,2,1,349.0,147.0,0.0
5287,1638,5,2024-11-14,5,1,1,349.0,147.0,0.0
5288,12,5,2024-11-14,7,1,1,296.65,147.0,52.35
5289,1611,5,2024-11-14,9,2,1,349.0,147.0,0.0
5290,227,5,2024-11-14,1,4,1,349.0,147.0,0.0
5291,855,4,2024-11-14,6,3,1,296.65,147.0,52.35
5292,978,5,2024-11-14,5,2,2,349.0,147.0,0.0
5293,475,5,2024-11-14,6,3,1,349.0,147.0,0.0
5294,346,3,2024-11-15,1,2,1,329.0,141.0,0.0
5295,312,5,2024-11-15,8,1,1,349.0,147.0,0.0
5296,1554,6,2024-11-15,6,2,2,424.15,210.0,74.85
5297,805,3,2024-11-15,1,4,1,329.0,141.0,0.0
5298,1152,5,2024-11-15,1,1,1,349.0,147.0,0.0
5299,842,4,2024-11-15,3,1,1,349.0,147.0,0.0
5300,263,4,2024-11-15,1,5,1,349.0,147.0,0.0
5301,1545,5,2024-11-15,3,1,2,349.0,147.0,0.0
5302,1198,1,2024-11-15,7,2,1,299.0,128.0,0.0
5303,349,1,2024-11-15,2,2,1,299.0,128.0,0.0
5304,1415,2,2024-11-15,1,5,1,299.0,128.0,0.0
5305,1750,5,2024-11-15,2,2,1,349.0,147.0,0.0
5306,1823,4,2024-11-15,2,3,1,296.65,147.0,52.35
5307,997,5,2024-11-15,4,2,1,314.1,147.0,34.9
5308,1937,1,2024-11-15,5,3,1,299.0,128.0,0.0
5309,1744,5,2024-11-15,1,1,1,349.0,147.0,0.0
5310,4,2,2024-11-15,4,2,1,299.0,128.0,0.0
5311,1757,1,2024-11-15,4,1,1,254.15,128.0,44.85
5312,443,4,2024-11-15,1,2,1,349.0,147.0,0.0
5313,1586,5,2024-11-15,1,5,1,349.0,147.0,0.0
5314,858,4,2024-11-15,1,3,2,296.65,147.0,52.35
5315,876,2,2024-11-15,2,1,1,299.0,128.0,0.0
5316,1327,4,2024-11-15,2,1,1,349.0,147.0,0.0
5317,1249,5,2024-11-15,4,1,2,349.0,147.0,0.0
5318,1959,4,2024-11-15,2,3,2,349.0,147.0,0.0
5319,1808,5,2024-11-15,8,1,1,349.0,147.0,0.0
5320,1229,5,2024-11-15,2,4,1,314.1,147.0,34.9
5321,191,1,2024-11-15,6,1,1,299.0,128.0,0.0
5322,674,2,2024-11-15,4,4,1,299.0,128.0,0.0
5323,76,2,2024-11-15,3,2,1,299.0,128.0,0.0
5324,1094,1,2024-11-15,2,4,1,269.1,128.0,29.9
5325,1178,4,2024-11-15,1,5,1,349.0,147.0,0.0
5326,1359,2,2024-11-15,3,5,1,299.0,128.0,0.0
5327,823,4,2024-11-15,7,2,1,349.0,147.0,0.0
5328,1528,1,2024-11-15,3,4,1,299.0,128.0,0.0
5329,880,4,2024-11-15,3,3,1,349.0,147.0,0.0
5330,1403,4,2024-11-16,3,1,1,349.0,147.0,0.0
5331,1473,4,2024-11-16,2,2,2,349.0,147.0,0.0
5332,371,2,2024-11-16,1,1,1,269.1,128.0,29.9
5333,1760,3,2024-11-16,3,5,2,279.65,141.0,49.35
5334,227,6,2024-11-16,5,2,1,449.1,210.0,49.9
5335,137,4,2024-11-16,6,1,1,314.1,147.0,34.9
5336,1005,5,2024-11-16,3,5,1,314.1,147.0,34.9
5337,338,2,2024-11-16,4,2,2,299.0,128.0,0.0
5338,1307,4,2024-11-16,4,2,1,349.0,147.0,0.0
5339,686,5,2024-11-16,1,3,1,349.0,147.0,0.0
5340,440,4,2024-11-16,2,2,1,349.0,147.0,0.0
5341,1989,4,2024-11-16,5,4,1,349.0,147.0,0.0
5342,523,4,2024-11-16,5,1,2,349.0,147.0,0.0
5343,122,5,2024-11-16,2,1,1,314.1,147.0,34.9
5344,489,5,2024-11-16,3,5,2,349.0,147.0,0.0
5345,83,4,2024-11-16,3,2,2,349.0,147.0,0.0
5346,331,2,2024-11-16,2,3,1,299.0,128.0,0.0
5347,316,4,2024-11-16,9,3,1,349.0,147.0,0.0
5348,1180,5,2024-11-16,2,3,1,314.1,147.0,34.9
5349,1315,6,2024-11-16,3,2,1,499.0,210.0,0.0
5350,1797,3,2024-11-16,2,5,1,329.0,141.0,0.0
5351,946,5,2024-11-16,8,1,1,296.65,147.0,52.35
5352,1366,4,2024-11-16,5,1,1,349.0,147.0,0.0
5353,1203,5,2024-11-16,3,3,1,349.0,147.0,0.0
5354,1420,5,2024-11-16,1,2,1,349.0,147.0,0.0
5355,1573,4,2024-11-16,5,1,1,296.65,147.0,52.35
5356,1973,6,2024-11-16,1,1,1,424.15,210.0,74.85
5357,412,6,2024-11-16,3,2,1,499.0,210.0,0.0
5358,984,5,2024-11-16,1,2,1,349.0,147.0,0.0
5359,1448,5,2024-11-16,1,5,1,349.0,147.0,0.0
5360,19,4,2024-11-16,9,2,1,349.0,147.0,0.0
5361,1167,5,2024-11-16,1,2,1,349.0,147.0,0.0
5362,207,4,2024-11-16,1,4,1,349.0,147.0,0.0
5363,1738,5,2024-11-16,2,5,1,349.0,147.0,0.0
5364,812,4,2024-11-16,2,1,2,349.0,147.0,0.0
5365,863,2,2024-11-17,1,1,1,299.0,128.0,0.0
5366,1653,4,2024-11-17,4,3,1,349.0,147.0,0.0
5367,893,4,2024-11-17,2,3,1,296.65,147.0,52.35
5368,719,1,2024-11-17,1,1,1,299.0,128.0,0.0
5369,1437,4,2024-11-17,7,1,2,349.0,147.0,0.0
5370,1579,5,2024-11-17,2,2,1,349.0,147.0,0.0
5371,1987,3,2024-11-17,5,1,1,329.0,141.0,0.0
5372,322,4,2024-11-17,3,2,1,349.0,147.0,0.0
5373,454,3,2024-11-17,3,2,1,279.65,141.0,49.35
5374,151,4,2024-11-17,7,1,1,349.0,147.0,0.0
5375,1981,4,2024-11-17,1,1,2,349.0,147.0,0.0
5376,1589,5,2024-11-17,7,2,1,314.1,147.0,34.9
5377,608,3,2024-11-17,1,1,1,329.0,141.0,0.0
5378,903,1,2024-11-17,8,1,1,299.0,128.0,0.0
5379,1975,6,2024-11-17,3,2,1,499.0,210.0,0.0
5380,1822,5,2024-11-17,1,5,1,349.0,147.0,0.0
5381,1202,4,2024-11-17,3,3,1,349.0,147.0,0.0
5382,1911,6,2024-11-17,7,1,1,499.0,210.0,0.0
5383,883,1,2024-11-17,4,1,1,299.0,128.0,0.0
5384,179,4,2024-11-17,5,3,1,349.0,147.0,0.0
5385,744,1,2024-11-17,3,2,1,299.0,128.0,0.0
5386,447,1,2024-11-17,1,3,2,299.0,128.0,0.0
5387,515,5,2024-11-17,4,2,1,349.0,147.0,0.0
5388,1009,4,2024-11-17,1,3,1,349.0,147.0,0.0
5389,813,2,2024-11-17,8,4,1,299.0,128.0,0.0
5390,884,5,2024-11-17,1,3,1,314.1,147.0,34.9
5391,536,6,2024-11-17,4,1,1,499.0,210.0,0.0
5392,5,1,2024-11-17,3,2,1,299.0,128.0,0.0
5393,1261,4,2024-11-17,3,4,1,314.1,147.0,34.9
5394,1349,2,2024-11-17,2,3,1,269.1,128.0,29.9
5395,1879,5,2024-11-17,1,1,1,349.0,147.0,0.0
5396,823,4,2024-11-17,1,3,1,296.65,147.0,52.35
5397,1068,5,2024-11-17,4,4,1,349.0,147.0,0.0
5398,676,5,2024-11-17,3,1,1,349.0,147.0,0.0
5399,395,2,2024-11-17,9,2,1,299.0,128.0,0.0
5400,1830,1,2024-11-18,1,5,1,254.15,128.0,44.85
5401,1062,5,2024-11-18,4,1,1,314.1,147.0,34.9
5402,378,6,2024-11-18,1,3,1,424.15,210.0,74.85
5403,1165,3,2024-11-18,4,1,1,329.0,141.0,0.0
5404,1958,5,2024-11-18,6,3,1,296.65,147.0,52.35
5405,296,4,2024-11-18,5,2,1,349.0,147.0,0.0
5406,1770,2,2024-11-18,6,1,1,299.0,128.0,0.0
5407,1043,5,2024-11-18,7,3,1,349.0,147.0,0.0
5408,1227,1,2024-11-18,3,1,1,299.0,128.0,0.0
5409,459,1,2024-11-18,2,5,1,299.0,128.0,0.0
5410,725,4,2024-11-18,3,2,1,349.0,147.0,0.0
5411,1743,5,2024-11-18,1,5,1,349.0,147.0,0.0
5412,1278,3,2024-11-18,3,3,1,329.0,141.0,0.0
5413,812,2,2024-11-18,1,2,1,299.0,128.0,0.0
5414,1794,5,2024-11-18,1,4,2,314.1,147.0,34.9
5415,1575,1,2024-11-18,1,1,1,299.0,128.0,0.0
5416,1490,6,2024-11-18,1,5,1,499.0,210.0,0.0
5417,847,1,2024-11-18,2,4,1,269.1,128.0,29.9
5418,1596,3,2024-11-18,1,3,1,329.0,141.0,0.0
5419,1409,3,2024-11-18,2,5,1,329.0,141.0,0.0
5420,1062,2,2024-11-18,2,1,1,269.1,128.0,29.9
5421,1309,4,2024-11-18,7,1,1,349.0,147.0,0.0
5422,353,1,2024-11-18,4,1,1,299.0,128.0,0.0
5423,1361,6,2024-11-18,3,3,1,499.0,210.0,0.0
5424,285,2,2024-11-18,1,1,1,299.0,128.0,0.0
5425,1856,2,2024-11-18,4,3,1,299.0,128.0,0.0
5426,706,6,2024-11-18,3,3,1,499.0,210.0,0.0
5427,1948,1,2024-11-18,6,4,1,269.1,128.0,29.9
5428,1831,4,2024-11-18,1,5,1,349.0,147.0,0.0
5429,862,1,2024-11-18,1,3,1,269.1,128.0,29.9
5430,1353,5,2024-11-18,5,3,1,349.0,147.0,0.0
5431,569,1,2024-11-18,5,2,1,299.0,128.0,0.0
5432,63,5,2024-11-18,5,4,1,349.0,147.0,0.0
5433,884,5,2024-11-18,6,2,1,296.65,147.0,52.35
5434,1820,4,2024-11-19,1,2,1,296.65,147.0,52.35
5435,1300,1,2024-11-19,1,4,1,254.15,128.0,44.85
5436,605,1,2024-11-19,5,4,1,299.0,128.0,0.0
5437,356,3,2024-11-19,3,3,1,329.0,141.0,0.0
5438,1610,4,2024-11-19,7,3,1,349.0,147.0,0.0
5439,579,1,2024-11-19,8,1,1,299.0,128.0,0.0
5440,541,1,2024-11-19,3,1,1,299.0,128.0,0.0
5441,935,2,2024-11-19,1,1,1,299.0,128.0,0.0
5442,1648,4,2024-11-19,1,5,1,349.0,147.0,0.0
5443,1078,3,2024-11-19,2,2,2,329.0,141.0,0.0
5444,1193,5,2024-11-19,3,2,1,349.0,147.0,0.0
5445,610,2,2024-11-19,5,1,1,269.1,128.0,29.9
5446,679,6,2024-11-19,5,1,1,449.1,210.0,49.9
5447,1359,4,2024-11-19,3,4,1,349.0,147.0,0.0
5448,1181,5,2024-11-19,3,2,1,349.0,147.0,0.0
5449,495,1,2024-11-19,8,1,1,299.0,128.0,0.0
5450,835,1,2024-11-19,4,2,1,299.0,128.0,0.0
5451,594,4,2024-11-19,3,3,2,349.0,147.0,0.0
5452,1065,6,2024-11-19,1,2,1,449.1,210.0,49.9
5453,1884,1,2024-11-19,4,1,1,299.0,128.0,0.0
5454,1306,3,2024-11-19,8,1,1,329.0,141.0,0.0
5455,1148,3,2024-11-19,4,5,1,329.0,141.0,0.0
5456,106,1,2024-11-19,3,2,1,299.0,128.0,0.0
5457,822,5,2024-11-19,2,4,1,314.1,147.0,34.9
5458,599,5,2024-11-19,3,2,1,349.0,147.0,0.0
5459,176,5,2024-11-19,5,3,1,349.0,147.0,0.0
5460,42,1,2024-11-19,5,1,1,299.0,128.0,0.0
5461,524,2,2024-11-19,4,2,1,299.0,128.0,0.0
5462,655,1,2024-11-19,1,4,1,299.0,128.0,0.0
5463,1572,5,2024-11-19,3,2,1,349.0,147.0,0.0
5464,29,5,2024-11-20,4,2,1,349.0,147.0,0.0
5465,1423,4,2024-11-20,1,4,1,349.0,147.0,0.0
5466,1843,4,2024-11-20,3,2,1,349.0,147.0,0.0
5467,716,5,2024-11-20,3,4,1,349.0,147.0,0.0
5468,1946,6,2024-11-20,3,3,1,499.0,210.0,0.0
5469,131,2,2024-11-20,1,5,1,254.15,128.0,44.85
5470,671,2,2024-11-20,3,2,1,299.0,128.0,0.0
5471,910,2,2024-11-20,1,3,1,269.1,128.0,29.9
5472,1575,3,2024-11-20,1,1,1,329.0,141.0,0.0
5473,614,5,2024-11-20,1,2,1,349.0,147.0,0.0
5474,978,1,2024-11-20,7,1,1,299.0,128.0,0.0
5475,1615,4,2024-11-20,4,2,2,296.65,147.0,52.35
5476,542,6,2024-11-20,3,3,1,499.0,210.0,0.0
5477,1706,5,2024-11-20,7,3,1,314.1,147.0,34.9
5478,941,1,2024-11-20,1,2,2,299.0,128.0,0.0
5479,1025,5,2024-11-20,1,1,1,296.65,147.0,52.35
5480,1551,2,2024-11-20,3,3,2,269.1,128.0,29.9
5481,1810,3,2024-11-20,7,2,1,329.0,141.0,0.0
5482,656,5,2024-11-20,1,1,1,349.0,147.0,0.0
5483,1023,2,2024-11-20,2,2,1,299.0,128.0,0.0
5484,791,2,2024-11-20,8,1,1,299.0,128.0,0.0
5485,1393,3,2024-11-20,5,1,1,329.0,141.0,0.0
5486,830,5,2024-11-20,2,4,1,314.1,147.0,34.9
5487,1878,4,2024-11-20,1,4,1,349.0,147.0,0.0
5488,79,4,2024-11-20,2,4,1,349.0,147.0,0.0
5489,822,2,2024-11-20,1,1,1,299.0,128.0,0.0
5490,1896,1,2024-11-20,1,1,2,299.0,128.0,0.0
5491,913,4,2024-11-20,5,4,1,296.65,147.0,52.35
5492,114,5,2024-11-20,1,3,1,349.0,147.0,0.0
5493,746,5,2024-11-20,7,3,1,349.0,147.0,0.0
5494,1534,4,2024-11-20,3,5,1,349.0,147.0,0.0
5495,989,6,2024-11-20,4,2,1,449.1,210.0,49.9
5496,1115,3,2024-11-20,2,1,1,329.0,141.0,0.0
5497,1214,4,2024-11-20,9,3,1,349.0,147.0,0.0
5498,1885,4,2024-11-20,1,1,1,349.0,147.0,0.0
5499,1125,2,2024-11-20,1,1,1,299.0,128.0,0.0
5500,507,2,2024-11-21,8,2,1,299.0,128.0,0.0
5501,1172,2,2024-11-21,1,1,1,299.0,128.0,0.0
5502,1553,4,2024-11-21,3,1,1,349.0,147.0,0.0
5503,278,5,2024-11-21,1,2,2,349.0,147.0,0.0
5504,767,1,2024-11-21,5,2,1,269.1,128.0,29.9
5505,1365,6,2024-11-21,1,1,1,499.0,210.0,0.0
5506,755,3,2024-11-21,3,3,1,329.0,141.0,0.0
5507,1781,6,2024-11-21,4,3,1,499.0,210.0,0.0
5508,1121,5,2024-11-21,1,1,1,349.0,147.0,0.0
5509,1947,1,2024-11-21,3,2,1,299.0,128.0,0.0
5510,1831,2,2024-11-21,3,2,1,299.0,128.0,0.0
5511,321,4,2024-11-21,3,2,1,314.1,147.0,34.9
5512,1385,3,2024-11-21,7,1,1,329.0,141.0,0.0
5513,1553,1,2024-11-21,8,3,2,254.15,128.0,44.85
5514,101,4,2024-11-21,2,3,1,349.0,147.0,0.0
5515,1677,6,2024-11-21,4,2,1,499.0,210.0,0.0
5516,1333,1,2024-11-21,3,2,1,299.0,128.0,0.0
5517,1823,5,2024-11-21,5,1,1,349.0,147.0,0.0
5518,1024,4,2024-11-21,5,3,1,349.0,147.0,0.0
5519,1956,4,2024-11-21,4,2,1,349.0,147.0,0.0
5520,677,2,2024-11-21,3,1,1,299.0,128.0,0.0
5521,1176,4,2024-11-21,3,4,1,296.65,147.0,52.35
5522,320,5,2024-11-21,7,2,2,349.0,147.0,0.0
5523,1262,6,2024-11-21,3,1,1,499.0,210.0,0.0
5524,1815,4,2024-11-21,1,5,1,296.65,147.0,52.35
5525,655,6,2024-11-22,5,1,1,499.0,210.0,0.0
5526,980,5,2024-11-22,4,1,1,349.0,147.0,0.0
5527,1945,4,2024-11-22,3,1,1,296.65,147.0,52.35
5528,1091,5,2024-11-22,4,1,2,349.0,147.0,0.0
5529,1539,2,2024-11-22,3,1,2,299.0,128.0,0.0
5530,904,4,2024-11-22,5,2,1,349.0,147.0,0.0
5531,1220,5,2024-11-22,2,1,1,349.0,147.0,0.0
5532,232,5,2024-11-22,1,5,1,349.0,147.0,0.0
5533,1481,4,2024-11-22,1,2,1,296.65,147.0,52.35
5534,371,3,2024-11-22,2,2,1,329.0,141.0,0.0
5535,324,1,2024-11-22,3,2,1,299.0,128.0,0.0
5536,1849,5,2024-11-22,1,2,1,296.65,147.0,52.35
5537,1153,5,2024-11-22,4,3,1,349.0,147.0,0.0
5538,1738,6,2024-11-22,4,2,1,499.0,210.0,0.0
5539,59,6,2024-11-22,2,3,1,499.0,210.0,0.0
5540,898,2,2024-11-22,1,3,1,299.0,128.0,0.0
5541,138,4,2024-11-22,2,1,1,296.65,147.0,52.35
5542,1347,5,2024-11-22,1,1,1,296.65,147.0,52.35
5543,1921,5,2024-11-22,2,1,1,296.65,147.0,52.35
5544,762,5,2024-11-22,4,2,1,349.0,147.0,0.0
5545,1911,6,2024-11-22,3,5,1,499.0,210.0,0.0
5546,321,4,2024-11-22,2,1,1,349.0,147.0,0.0
5547,1004,4,2024-11-22,3,3,1,349.0,147.0,0.0
5548,1131,1,2024-11-22,1,4,1,299.0,128.0,0.0
5549,871,2,2024-11-22,1,2,1,299.0,128.0,0.0
5550,1056,5,2024-11-22,3,2,1,314.1,147.0,34.9
5551,1347,4,2024-11-22,7,5,1,314.1,147.0,34.9
5552,1620,5,2024-11-22,2,2,1,349.0,147.0,0.0
5553,95,4,2024-11-22,8,4,1,349.0,147.0,0.0
5554,1494,6,2024-11-22,1,5,1,499.0,210.0,0.0
5555,1254,2,2024-11-22,2,1,1,254.15,128.0,44.85
5556,1059,2,2024-11-22,2,1,1,299.0,128.0,0.0
5557,161,5,2024-11-22,3,1,1,349.0,147.0,0.0
5558,1197,4,2024-11-22,5,1,1,349.0,147.0,0.0
5559,1642,4,2024-11-22,3,4,1,349.0,147.0,0.0
5560,1133,4,2024-11-22,3,1,1,349.0,147.0,0.0
5561,675,5,2024-11-23,5,2,1,349.0,147.0,0.0
5562,1519,3,2024-11-23,3,1,1,329.0,141.0,0.0
5563,1269,6,2024-11-23,5,1,1,499.0,210.0,0.0
5564,169,5,2024-11-23,3,1,1,349.0,147.0,0.0
5565,1597,1,2024-11-23,1,2,1,299.0,128.0,0.0
5566,58,5,2024-11-23,3,1,1,314.1,147.0,34.9
5567,922,4,2024-11-23,1,5,1,314.1,147.0,34.9
5568,1485,4,2024-11-23,1,1,1,349.0,147.0,0.0
5569,1784,5,2024-11-23,6,2,1,349.0,147.0,0.0
5570,1087,2,2024-11-23,7,1,1,299.0,128.0,0.0
5571,1763,4,2024-11-23,1,2,2,349.0,147.0,0.0
5572,408,4,2024-11-23,1,2,1,349.0,147.0,0.0
5573,985,3,2024-11-23,3,1,2,329.0,141.0,0.0
5574,1872,5,2024-11-23,1,5,1,349.0,147.0,0.0
5575,1551,4,2024-11-23,4,2,1,349.0,147.0,0.0
5576,25,2,2024-11-23,5,2,1,299.0,128.0,0.0
5577,1260,5,2024-11-23,3,1,1,349.0,147.0,0.0
5578,667,4,2024-11-23,3,3,1,349.0,147.0,0.0
5579,1607,4,2024-11-23,1,5,1,349.0,147.0,0.0
5580,34,5,2024-11-23,3,5,1,349.0,147.0,0.0
5581,1563,3,2024-11-23,1,3,1,329.0,141.0,0.0
5582,877,5,2024-11-23,4,2,1,349.0,147.0,0.0
5583,1985,4,2024-11-23,5,2,1,349.0,147.0,0.0
5584,1341,3,2024-11-23,2,2,1,296.1,141.0,32.9
5585,70,6,2024-11-23,4,1,1,499.0,210.0,0.0
5586,1791,5,2024-11-23,4,1,1,349.0,147.0,0.0
5587,1618,3,2024-11-23,2,3,1,329.0,141.0,0.0
5588,1835,4,2024-11-23,4,3,1,349.0,147.0,0.0
5589,807,2,2024-11-23,1,1,1,299.0,128.0,0.0
5590,744,3,2024-11-23,3,2,1,329.0,141.0,0.0
5591,453,2,2024-11-23,2,2,1,269.1,128.0,29.9
5592,377,2,2024-11-23,4,4,1,269.1,128.0,29.9
5593,834,4,2024-11-23,5,3,1,349.0,147.0,0.0
5594,533,3,2024-11-23,3,1,1,279.65,141.0,49.35
5595,1993,5,2024-11-23,3,3,1,314.1,147.0,34.9
5596,1016,4,2024-11-23,1,2,1,349.0,147.0,0.0
5597,1157,4,2024-11-24,3,1,2,349.0,147.0,0.0
5598,1209,4,2024-11-24,2,2,1,349.0,147.0,0.0
5599,1149,1,2024-11-24,4,1,1,299.0,128.0,0.0
5600,1235,1,2024-11-24,1,2,1,299.0,128.0,0.0
5601,667,2,2024-11-24,2,1,1,254.15,128.0,44.85
5602,318,5,2024-11-24,3,2,1,349.0,147.0,0.0
5603,927,3,2024-11-24,5,4,1,329.0,141.0,0.0
5604,727,6,2024-11-24,8,2,1,499.0,210.0,0.0
5605,746,1,2024-11-24,3,3,1,299.0,128.0,0.0
5606,246,4,2024-11-24,5,3,1,349.0,147.0,0.0
5607,193,6,2024-11-24,2,5,1,499.0,210.0,0.0
5608,169,2,2024-11-24,1,2,1,299.0,128.0,0.0
5609,76,5,2024-11-24,1,1,1,349.0,147.0,0.0
5610,1984,3,2024-11-24,1,5,1,329.0,141.0,0.0
5611,849,5,2024-11-24,1,3,1,296.65,147.0,52.35
5612,1719,4,2024-11-24,7,4,1,314.1,147.0,34.9
5613,1143,1,2024-11-24,3,1,1,299.0,128.0,0.0
5614,388,5,2024-11-24,4,5,1,349.0,147.0,0.0
5615,1508,2,2024-11-24,4,1,1,269.1,128.0,29.9
5616,1642,4,2024-11-24,3,4,1,349.0,147.0,0.0
5617,1830,2,2024-11-24,1,2,1,299.0,128.0,0.0
5618,579,2,2024-11-24,3,1,1,299.0,128.0,0.0
5619,1935,4,2024-11-24,3,5,1,349.0,147.0,0.0
5620,1768,5,2024-11-24,3,2,1,314.1,147.0,34.9
5621,1905,1,2024-11-24,1,2,2,299.0,128.0,0.0
5622,14,3,2024-11-24,1,5,1,329.0,141.0,0.0
5623,1326,5,2024-11-24,3,2,2,349.0,147.0,0.0
5624,310,3,2024-11-24,4,3,1,329.0,141.0,0.0
5625,434,4,2024-11-24,1,2,2,349.0,147.0,0.0
5626,325,4,2024-11-24,1,2,1,314.1,147.0,34.9
5627,1477,4,2024-11-24,2,2,1,314.1,147.0,34.9
5628,1042,5,2024-11-24,5,2,1,314.1,147.0,34.9
5629,915,4,2024-11-24,5,5,1,349.0,147.0,0.0
5630,593,2,2024-11-24,1,2,1,269.1,128.0,29.9
5631,1305,5,2024-11-24,5,4,1,314.1,147.0,34.9
5632,838,4,2024-11-24,7,5,1,349.0,147.0,0.0
5633,677,2,2024-11-24,4,1,1,269.1,128.0,29.9
5634,383,1,2024-11-25,5,3,1,299.0,128.0,0.0
5635,1791,1,2024-11-25,1,1,1,299.0,128.0,0.0
5636,425,4,2024-11-25,1,1,1,349.0,147.0,0.0
5637,1993,5,2024-11-25,1,2,1,349.0,147.0,0.0
5638,573,4,2024-11-25,1,1,1,349.0,147.0,0.0
5639,245,5,2024-11-25,5,5,1,349.0,147.0,0.0
5640,1320,5,2024-11-25,2,3,2,349.0,147.0,0.0
5641,1369,5,2024-11-25,1,2,1,349.0,147.0,0.0
5642,533,5,2024-11-25,1,3,1,349.0,147.0,0.0
5643,1587,4,2024-11-25,1,2,1,314.1,147.0,34.9
5644,123,2,2024-11-25,7,3,1,299.0,128.0,0.0
5645,1659,1,2024-11-25,4,1,1,299.0,128.0,0.0
5646,1911,6,2024-11-25,3,3,1,499.0,210.0,0.0
5647,1780,6,2024-11-25,8,3,1,499.0,210.0,0.0
5648,691,1,2024-11-25,3,1,1,299.0,128.0,0.0
5649,662,5,2024-11-25,3,3,1,314.1,147.0,34.9
5650,809,1,2024-11-25,1,5,1,299.0,128.0,0.0
5651,979,4,2024-11-25,3,2,1,296.65,147.0,52.35
5652,767,1,2024-11-25,1,2,1,299.0,128.0,0.0
5653,1905,5,2024-11-25,1,5,2,349.0,147.0,0.0
5654,965,6,2024-11-25,3,5,1,499.0,210.0,0.0
5655,1546,2,2024-11-25,4,5,1,299.0,128.0,0.0
5656,54,6,2024-11-25,4,1,1,449.1,210.0,49.9
5657,1631,1,2024-11-25,4,1,1,299.0,128.0,0.0
5658,585,4,2024-11-25,4,3,1,349.0,147.0,0.0
5659,1727,4,2024-11-25,3,2,1,349.0,147.0,0.0
5660,1823,3,2024-11-25,6,1,1,329.0,141.0,0.0
5661,1178,4,2024-11-25,2,1,1,296.65,147.0,52.35
5662,608,4,2024-11-25,5,4,1,349.0,147.0,0.0
5663,606,4,2024-11-25,4,2,1,349.0,147.0,0.0
5664,823,5,2024-11-25,3,1,1,349.0,147.0,0.0
5665,1668,4,2024-11-25,9,3,1,349.0,147.0,0.0
5666,444,3,2024-11-25,1,4,2,296.1,141.0,32.9
5667,737,6,2024-11-25,2,5,1,499.0,210.0,0.0
5668,1115,2,2024-11-25,7,2,1,299.0,128.0,0.0
5669,952,6,2024-11-25,1,2,1,499.0,210.0,0.0
5670,160,5,2024-11-26,5,1,1,296.65,147.0,52.35
5671,396,2,2024-11-26,4,2,1,269.1,128.0,29.9
5672,542,1,2024-11-26,1,4,1,299.0,128.0,0.0
5673,1387,2,2024-11-26,1,4,2,299.0,128.0,0.0
5674,891,2,2024-11-26,1,2,1,254.15,128.0,44.85
5675,159,6,2024-11-26,2,4,1,499.0,210.0,0.0
5676,465,2,2024-11-26,7,5,1,299.0,128.0,0.0
5677,390,1,2024-11-26,3,2,1,299.0,128.0,0.0
5678,1193,2,2024-11-26,1,3,1,299.0,128.0,0.0
5679,1237,5,2024-11-26,1,4,1,349.0,147.0,0.0
5680,24,1,2024-11-26,3,2,1,269.1,128.0,29.9
5681,1657,2,2024-11-26,9,2,1,269.1,128.0,29.9
5682,756,1,2024-11-26,1,1,1,299.0,128.0,0.0
5683,1336,6,2024-11-26,7,2,1,499.0,210.0,0.0
5684,1551,3,2024-11-26,3,3,2,329.0,141.0,0.0
5685,45,2,2024-11-26,2,2,1,254.15,128.0,44.85
5686,909,2,2024-11-26,2,1,1,299.0,128.0,0.0
5687,691,2,2024-11-26,5,5,1,299.0,128.0,0.0
5688,1735,5,2024-11-26,2,2,1,349.0,147.0,0.0
5689,250,3,2024-11-26,4,5,1,279.65,141.0,49.35
5690,1894,4,2024-11-26,5,2,1,349.0,147.0,0.0
5691,511,1,2024-11-26,8,1,2,299.0,128.0,0.0
5692,529,2,2024-11-26,5,2,1,299.0,128.0,0.0
5693,747,5,2024-11-26,1,3,2,349.0,147.0,0.0
5694,418,4,2024-11-26,6,3,2,349.0,147.0,0.0
5695,190,4,2024-11-26,2,1,2,349.0,147.0,0.0
5696,1853,6,2024-11-26,3,4,1,499.0,210.0,0.0
5697,394,2,2024-11-26,5,5,1,299.0,128.0,0.0
5698,826,5,2024-11-26,1,3,1,349.0,147.0,0.0
5699,76,1,2024-11-26,3,4,1,299.0,128.0,0.0
5700,1362,6,2024-11-26,3,1,1,499.0,210.0,0.0
5701,501,6,2024-11-26,8,2,1,499.0,210.0,0.0
5702,26,1,2024-11-26,6,5,1,299.0,128.0,0.0
5703,1866,3,2024-11-26,5,3,1,296.1,141.0,32.9
5704,1789,4,2024-11-26,2,1,1,349.0,147.0,0.0
5705,1782,2,2024-11-26,2,3,1,299.0,128.0,0.0
5706,1726,1,2024-11-26,3,4,1,269.1,128.0,29.9
5707,1350,3,2024-11-27,5,1,1,329.0,141.0,0.0
5708,469,6,2024-11-27,9,1,1,499.0,210.0,0.0
5709,1521,1,2024-11-27,1,1,1,254.15,128.0,44.85
5710,1062,5,2024-11-27,1,3,2,314.1,147.0,34.9
5711,1257,1,2024-11-27,2,1,1,299.0,128.0,0.0
5712,1732,5,2024-11-27,1,5,1,349.0,147.0,0.0
5713,202,6,2024-11-27,5,1,1,499.0,210.0,0.0
5714,70,5,2024-11-27,1,4,1,349.0,147.0,0.0
5715,975,6,2024-11-27,1,3,2,499.0,210.0,0.0
5716,1313,4,2024-11-27,1,3,1,349.0,147.0,0.0
5717,1939,4,2024-11-27,4,2,1,349.0,147.0,0.0
5718,1181,5,2024-11-27,2,1,1,349.0,147.0,0.0
5719,1640,5,2024-11-27,1,3,1,349.0,147.0,0.0
5720,1299,5,2024-11-27,2,2,1,349.0,147.0,0.0
5721,488,2,2024-11-27,6,4,1,254.15,128.0,44.85
5722,961,2,2024-11-27,1,2,1,299.0,128.0,0.0
5723,1581,3,2024-11-27,1,3,1,329.0,141.0,0.0
5724,1724,5,2024-11-27,1,1,1,349.0,147.0,0.0
5725,1155,2,2024-11-27,1,1,1,254.15,128.0,44.85
5726,815,4,2024-11-27,1,2,1,349.0,147.0,0.0
5727,347,4,2024-11-27,8,1,1,314.1,147.0,34.9
5728,718,4,2024-11-27,3,2,1,349.0,147.0,0.0
5729,314,3,2024-11-27,1,4,1,329.0,141.0,0.0
5730,1241,4,2024-11-27,8,1,1,349.0,147.0,0.0
5731,1223,3,2024-11-27,5,5,1,296.1,141.0,32.9
5732,1304,5,2024-11-27,3,2,1,349.0,147.0,0.0
5733,1828,4,2024-11-27,5,3,1,349.0,147.0,0.0
5734,807,4,2024-11-27,1,3,1,314.1,147.0,34.9
5735,242,4,2024-11-27,7,1,1,349.0,147.0,0.0
5736,1692,5,2024-11-27,1,2,1,296.65,147.0,52.35
5737,1021,1,2024-11-27,6,2,1,299.0,128.0,0.0
5738,705,6,2024-11-27,1,2,1,499.0,210.0,0.0
5739,238,6,2024-11-27,5,2,1,499.0,210.0,0.0
5740,1451,4,2024-11-27,3,3,1,349.0,147.0,0.0
5741,1768,2,2024-11-27,7,3,1,299.0,128.0,0.0
5742,25,4,2024-11-27,1,2,1,349.0,147.0,0.0
5743,230,3,2024-11-27,5,1,1,329.0,141.0,0.0
5744,702,1,2024-11-27,3,3,1,299.0,128.0,0.0
5745,1951,5,2024-11-28,6,2,1,296.65,147.0,52.35
5746,736,5,2024-11-28,3,4,1,349.0,147.0,0.0
5747,1447,4,2024-11-28,1,1,1,349.0,147.0,0.0
5748,1199,3,2024-11-28,4,2,1,329.0,141.0,0.0
5749,1395,5,2024-11-28,1,1,1,349.0,147.0,0.0
5750,209,5,2024-11-28,1,1,1,349.0,147.0,0.0
5751,974,3,2024-11-28,1,4,1,296.1,141.0,32.9
5752,830,6,2024-11-28,5,1,1,499.0,210.0,0.0
5753,1499,5,2024-11-28,5,1,1,349.0,147.0,0.0
5754,1754,2,2024-11-28,1,3,1,299.0,128.0,0.0
5755,1816,5,2024-11-28,5,3,1,349.0,147.0,0.0
5756,1179,3,2024-11-28,1,1,1,296.1,141.0,32.9
5757,1079,6,2024-11-28,3,2,1,499.0,210.0,0.0
5758,348,1,2024-11-28,5,3,2,299.0,128.0,0.0
5759,381,1,2024-11-28,4,4,1,299.0,128.0,0.0
5760,429,4,2024-11-28,1,2,1,349.0,147.0,0.0
5761,1113,3,2024-11-28,5,4,1,329.0,141.0,0.0
5762,1107,1,2024-11-28,4,4,1,299.0,128.0,0.0
5763,1647,2,2024-11-28,1,1,1,299.0,128.0,0.0
5764,513,4,2024-11-28,2,1,1,349.0,147.0,0.0
5765,901,5,2024-11-28,2,1,1,349.0,147.0,0.0
5766,730,3,2024-11-28,6,5,2,329.0,141.0,0.0
5767,1131,5,2024-11-28,1,2,1,314.1,147.0,34.9
5768,367,4,2024-11-28,2,4,1,349.0,147.0,0.0
5769,280,5,2024-11-28,4,2,1,349.0,147.0,0.0
5770,340,6,2024-11-28,1,1,1,499.0,210.0,0.0
5771,761,4,2024-11-28,6,5,1,349.0,147.0,0.0
5772,444,5,2024-11-28,3,3,1,349.0,147.0,0.0
5773,1011,1,2024-11-28,1,5,1,299.0,128.0,0.0
5774,186,1,2024-11-28,3,1,1,299.0,128.0,0.0
5775,214,6,2024-11-28,1,2,1,499.0,210.0,0.0
5776,1004,2,2024-11-28,5,1,1,299.0,128.0,0.0
5777,1010,4,2024-11-28,8,2,2,349.0,147.0,0.0
5778,1293,5,2024-11-28,3,1,1,349.0,147.0,0.0
5779,105,5,2024-11-28,3,1,1,296.65,147.0,52.35
5780,295,5,2024-11-28,3,3,1,314.1,147.0,34.9
5781,261,2,2024-11-29,1,2,1,254.15,128.0,44.85
5782,1617,6,2024-11-29,2,1,1,499.0,210.0,0.0
5783,1353,4,2024-11-29,2,5,1,314.1,147.0,34.9
5784,904,4,2024-11-29,3,1,1,349.0,147.0,0.0
5785,1838,5,2024-11-29,3,3,1,349.0,147.0,0.0
5786,1240,1,2024-11-29,5,1,1,299.0,128.0,0.0
5787,1101,1,2024-11-29,8,2,1,269.1,128.0,29.9
5788,1761,5,2024-11-29,2,1,2,349.0,147.0,0.0
5789,1442,4,2024-11-29,3,1,2,349.0,147.0,0.0
5790,1494,4,2024-11-29,8,1,1,349.0,147.0,0.0
5791,1898,6,2024-11-29,7,2,1,499.0,210.0,0.0
5792,1415,5,2024-11-29,2,2,1,314.1,147.0,34.9
5793,357,1,2024-11-29,5,2,1,299.0,128.0,0.0
5794,1223,5,2024-11-29,1,4,1,296.65,147.0,52.35
5795,1770,4,2024-11-29,5,2,1,349.0,147.0,0.0
5796,794,4,2024-11-29,1,3,1,349.0,147.0,0.0
5797,1953,4,2024-11-29,8,1,1,349.0,147.0,0.0
5798,1822,2,2024-11-29,1,2,1,299.0,128.0,0.0
5799,1277,4,2024-11-29,5,2,1,349.0,147.0,0.0
5800,903,3,2024-11-29,9,2,1,329.0,141.0,0.0
5801,1240,1,2024-11-29,2,2,1,299.0,128.0,0.0
5802,171,6,2024-11-29,4,3,1,499.0,210.0,0.0
5803,183,6,2024-11-29,1,4,1,499.0,210.0,0.0
5804,723,2,2024-11-29,4,2,1,299.0,128.0,0.0
5805,676,4,2024-11-29,8,2,1,349.0,147.0,0.0
5806,1717,6,2024-11-29,1,2,1,499.0,210.0,0.0
5807,563,4,2024-11-29,8,3,1,314.1,147.0,34.9
5808,1799,2,2024-11-29,4,3,1,269.1,128.0,29.9
5809,1829,2,2024-11-29,1,2,1,299.0,128.0,0.0
5810,967,1,2024-11-29,1,2,1,254.15,128.0,44.85
5811,1886,2,2024-11-29,2,5,1,299.0,128.0,0.0
5812,1035,4,2024-11-29,2,5,1,349.0,147.0,0.0
5813,1833,5,2024-11-30,5,4,1,314.1,147.0,34.9
5814,1296,1,2024-11-30,2,2,2,299.0,128.0,0.0
5815,1459,4,2024-11-30,3,3,1,314.1,147.0,34.9
5816,1177,1,2024-11-30,2,2,1,254.15,128.0,44.85
5817,1886,4,2024-11-30,3,1,1,314.1,147.0,34.9
5818,696,5,2024-11-30,2,4,1,349.0,147.0,0.0
5819,1630,4,2024-11-30,5,4,1,349.0,147.0,0.0
5820,1013,4,2024-11-30,1,2,1,349.0,147.0,0.0
5821,1308,5,2024-11-30,6,2,1,314.1,147.0,34.9
5822,422,4,2024-11-30,6,2,1,349.0,147.0,0.0
5823,1153,1,2024-11-30,1,2,1,299.0,128.0,0.0
5824,915,3,2024-11-30,3,5,1,329.0,141.0,0.0
5825,1544,1,2024-11-30,4,4,1,299.0,128.0,0.0
5826,336,3,2024-11-30,4,2,1,329.0,141.0,0.0
5827,232,4,2024-11-30,7,1,1,349.0,147.0,0.0
5828,1626,3,2024-11-30,3,1,1,329.0,141.0,0.0
5829,768,5,2024-11-30,5,3,1,314.1,147.0,34.9
5830,1336,5,2024-11-30,4,4,2,349.0,147.0,0.0
5831,1608,4,2024-11-30,9,1,2,296.65,147.0,52.35
5832,728,5,2024-11-30,7,1,1,349.0,147.0,0.0
5833,748,6,2024-11-30,2,5,1,499.0,210.0,0.0
5834,525,4,2024-11-30,4,2,1,314.1,147.0,34.9
5835,1103,3,2024-11-30,2,2,1,329.0,141.0,0.0
5836,1005,2,2024-11-30,3,2,1,254.15,128.0,44.85
5837,1501,3,2024-11-30,8,5,1,329.0,141.0,0.0
5838,1379,4,2024-11-30,1,1,1,349.0,147.0,0.0
5839,1452,6,2024-11-30,7,5,1,424.15,210.0,74.85
5840,1599,1,2024-11-30,5,1,1,299.0,128.0,0.0
5841,1281,5,2024-11-30,3,3,1,349.0,147.0,0.0
5842,1804,4,2024-11-30,3,1,1,349.0,147.0,0.0
5843,1922,5,2024-11-30,3,2,1,349.0,147.0,0.0
5844,481,4,2024-11-30,1,2,1,349.0,147.0,0.0
5845,1594,4,2024-12-01,3,2,1,349.0,147.0,0.0
5846,1578,4,2024-12-01,1,2,1,296.65,147.0,52.35
5847,116,6,2024-12-01,1,2,1,499.0,210.0,0.0
5848,980,4,2024-12-01,1,1,1,349.0,147.0,0.0
5849,218,4,2024-12-01,3,2,1,296.65,147.0,52.35
5850,1936,5,2024-12-01,6,2,1,349.0,147.0,0.0
5851,356,3,2024-12-01,2,1,1,329.0,141.0,0.0
5852,875,4,2024-12-01,3,1,1,349.0,147.0,0.0
5853,980,5,2024-12-01,1,4,1,349.0,147.0,0.0
5854,631,5,2024-12-01,8,2,1,349.0,147.0,0.0
5855,475,2,2024-12-01,5,3,2,299.0,128.0,0.0
5856,571,4,2024-12-01,5,3,1,349.0,147.0,0.0
5857,1309,3,2024-12-01,4,1,1,329.0,141.0,0.0
5858,1735,3,2024-12-01,1,1,1,329.0,141.0,0.0
5859,319,4,2024-12-01,1,5,2,296.65,147.0,52.35
5860,1209,3,2024-12-01,1,1,2,329.0,141.0,0.0
5861,473,4,2024-12-01,9,2,1,296.65,147.0,52.35
5862,789,6,2024-12-01,1,1,1,499.0,210.0,0.0
5863,1941,6,2024-12-01,1,2,1,499.0,210.0,0.0
5864,1804,5,2024-12-01,7,2,1,296.65,147.0,52.35
5865,615,3,2024-12-01,2,2,1,329.0,141.0,0.0
5866,1594,3,2024-12-01,8,1,1,329.0,141.0,0.0
5867,919,4,2024-12-01,9,2,1,314.1,147.0,34.9
5868,1668,1,2024-12-01,6,2,1,299.0,128.0,0.0
5869,324,4,2024-12-01,6,3,1,349.0,147.0,0.0
5870,626,5,2024-12-01,3,2,1,349.0,147.0,0.0
5871,1144,5,2024-12-01,7,3,1,349.0,147.0,0.0
5872,1802,5,2024-12-01,4,4,1,349.0,147.0,0.0
5873,1752,4,2024-12-01,3,1,1,349.0,147.0,0.0
5874,1615,4,2024-12-01,2,2,1,349.0,147.0,0.0
5875,1444,5,2024-12-01,7,5,1,349.0,147.0,0.0
5876,781,3,2024-12-01,5,2,1,329.0,141.0,0.0
5877,153,5,2024-12-01,1,1,1,349.0,147.0,0.0
5878,1835,1,2024-12-01,1,3,1,299.0,128.0,0.0
5879,574,2,2024-12-01,9,1,1,299.0,128.0,0.0
5880,747,4,2024-12-01,2,4,2,349.0,147.0,0.0
5881,430,3,2024-12-02,1,1,1,329.0,141.0,0.0
5882,663,4,2024-12-02,1,4,1,349.0,147.0,0.0
5883,1665,2,2024-12-02,5,1,1,299.0,128.0,0.0
5884,1361,5,2024-12-02,7,2,1,349.0,147.0,0.0
5885,850,6,2024-12-02,1,5,1,424.15,210.0,74.85
5886,1446,6,2024-12-02,3,2,2,449.1,210.0,49.9
5887,484,5,2024-12-02,1,4,1,349.0,147.0,0.0
5888,1792,1,2024-12-02,3,2,1,254.15,128.0,44.85
5889,158,5,2024-12-02,1,4,2,349.0,147.0,0.0
5890,1945,5,2024-12-02,1,1,1,349.0,147.0,0.0
5891,1074,3,2024-12-02,3,2,1,329.0,141.0,0.0
5892,351,6,2024-12-02,8,1,1,499.0,210.0,0.0
5893,1112,5,2024-12-02,1,4,1,314.1,147.0,34.9
5894,1457,5,2024-12-02,2,1,2,349.0,147.0,0.0
5895,1832,3,2024-12-02,1,5,1,329.0,141.0,0.0
5896,1252,6,2024-12-02,4,1,1,424.15,210.0,74.85
5897,1975,2,2024-12-02,5,3,1,269.1,128.0,29.9
5898,562,5,2024-12-02,3,2,2,349.0,147.0,0.0
5899,102,5,2024-12-02,7,2,1,349.0,147.0,0.0
5900,649,4,2024-12-02,1,2,1,349.0,147.0,0.0
5901,535,5,2024-12-02,4,3,1,314.1,147.0,34.9
5902,850,5,2024-12-02,2,1,1,314.1,147.0,34.9
5903,217,5,2024-12-02,1,1,1,314.1,147.0,34.9
5904,1151,4,2024-12-02,2,2,1,349.0,147.0,0.0
5905,1940,1,2024-12-02,2,5,1,269.1,128.0,29.9
5906,87,4,2024-12-02,2,5,1,349.0,147.0,0.0
5907,1818,1,2024-12-02,7,5,1,299.0,128.0,0.0
5908,572,5,2024-12-02,5,3,1,296.65,147.0,52.35
5909,1012,5,2024-12-02,5,4,1,349.0,147.0,0.0
5910,133,3,2024-12-02,3,2,1,329.0,141.0,0.0
5911,1579,5,2024-12-02,4,5,1,349.0,147.0,0.0
5912,89,2,2024-12-02,3,2,1,299.0,128.0,0.0
5913,604,1,2024-12-02,8,3,1,299.0,128.0,0.0
5914,161,4,2024-12-02,1,1,1,349.0,147.0,0.0
5915,873,3,2024-12-02,1,3,1,329.0,141.0,0.0
5916,1612,4,2024-12-02,1,1,1,349.0,147.0,0.0
5917,1773,4,2024-12-03,5,2,1,349.0,147.0,0.0
5918,165,5,2024-12-03,8,3,1,349.0,147.0,0.0
5919,1100,5,2024-12-03,3,1,1,349.0,147.0,0.0
5920,1039,2,2024-12-03,1,2,1,299.0,128.0,0.0
5921,1887,4,2024-12-03,3,3,1,349.0,147.0,0.0
5922,1238,5,2024-12-03,5,1,1,349.0,147.0,0.0
5923,1770,1,2024-12-03,4,1,1,254.15,128.0,44.85
5924,743,2,2024-12-03,4,2,2,299.0,128.0,0.0
5925,402,4,2024-12-03,2,3,1,296.65,147.0,52.35
5926,1834,4,2024-12-03,5,1,1,349.0,147.0,0.0
5927,1197,5,2024-12-03,4,3,1,349.0,147.0,0.0
5928,1211,5,2024-12-03,1,1,1,314.1,147.0,34.9
5929,1586,2,2024-12-03,1,1,1,269.1,128.0,29.9
5930,197,5,2024-12-03,1,2,1,349.0,147.0,0.0
5931,1348,1,2024-12-03,4,3,1,299.0,128.0,0.0
5932,1506,5,2024-12-03,1,2,1,349.0,147.0,0.0
5933,691,4,2024-12-03,2,2,1,349.0,147.0,0.0
5934,1842,3,2024-12-03,1,2,1,329.0,141.0,0.0
5935,1794,5,2024-12-03,7,3,1,314.1,147.0,34.9
5936,791,5,2024-12-03,1,4,1,314.1,147.0,34.9
5937,1052,4,2024-12-03,4,1,2,314.1,147.0,34.9
5938,1789,2,2024-12-03,8,1,1,299.0,128.0,0.0
5939,1259,2,2024-12-03,7,4,1,299.0,128.0,0.0
5940,1685,6,2024-12-03,7,4,1,499.0,210.0,0.0
5941,1098,6,2024-12-03,1,1,1,499.0,210.0,0.0
5942,105,4,2024-12-03,2,1,1,349.0,147.0,0.0
5943,1967,6,2024-12-03,5,2,1,499.0,210.0,0.0
5944,1956,1,2024-12-03,1,4,1,299.0,128.0,0.0
5945,1714,5,2024-12-03,4,4,1,349.0,147.0,0.0
5946,1288,4,2024-12-03,6,3,1,349.0,147.0,0.0
5947,964,3,2024-12-03,3,2,1,329.0,141.0,0.0
5948,105,4,2024-12-03,6,1,2,349.0,147.0,0.0
5949,963,1,2024-12-03,1,4,1,299.0,128.0,0.0
5950,872,2,2024-12-03,5,3,1,299.0,128.0,0.0
5951,657,6,2024-12-03,1,2,1,449.1,210.0,49.9
5952,1900,6,2024-12-03,3,5,1,499.0,210.0,0.0
5953,1041,5,2024-12-03,2,2,1,349.0,147.0,0.0
5954,1606,1,2024-12-04,1,2,1,299.0,128.0,0.0
5955,287,6,2024-12-04,2,1,1,499.0,210.0,0.0
5956,387,3,2024-12-04,5,2,1,329.0,141.0,0.0
5957,971,5,2024-12-04,5,1,2,349.0,147.0,0.0
5958,1773,4,2024-12-04,4,1,1,314.1,147.0,34.9
5959,51,3,2024-12-04,1,5,1,329.0,141.0,0.0
5960,1918,5,2024-12-04,1,1,1,349.0,147.0,0.0
5961,766,1,2024-12-04,6,1,1,299.0,128.0,0.0
5962,1581,2,2024-12-04,5,2,1,299.0,128.0,0.0
5963,1171,5,2024-12-04,3,4,1,349.0,147.0,0.0
5964,416,1,2024-12-04,1,1,2,299.0,128.0,0.0
5965,100,3,2024-12-04,3,1,1,329.0,141.0,0.0
5966,166,1,2024-12-04,1,1,1,269.1,128.0,29.9
5967,1732,2,2024-12-04,3,4,1,299.0,128.0,0.0
5968,1163,2,2024-12-04,7,2,1,299.0,128.0,0.0
5969,426,6,2024-12-04,1,1,1,499.0,210.0,0.0
5970,1514,6,2024-12-04,5,2,1,499.0,210.0,0.0
5971,862,4,2024-12-04,3,1,1,349.0,147.0,0.0
5972,223,6,2024-12-04,4,5,1,499.0,210.0,0.0
5973,1094,4,2024-12-04,3,1,1,349.0,147.0,0.0
5974,1999,5,2024-12-04,2,4,1,349.0,147.0,0.0
5975,431,2,2024-12-04,4,1,1,299.0,128.0,0.0
5976,1355,4,2024-12-04,1,3,1,349.0,147.0,0.0
5977,1350,2,2024-12-04,5,1,1,299.0,128.0,0.0
5978,1711,4,2024-12-04,3,2,1,349.0,147.0,0.0
5979,1663,4,2024-12-04,1,1,1,349.0,147.0,0.0
5980,1503,4,2024-12-04,3,1,1,349.0,147.0,0.0
5981,421,6,2024-12-04,6,3,1,499.0,210.0,0.0
5982,2000,6,2024-12-04,1,2,1,449.1,210.0,49.9
5983,192,4,2024-12-04,2,2,2,349.0,147.0,0.0
5984,1293,5,2024-12-04,7,1,1,349.0,147.0,0.0
5985,7,4,2024-12-04,4,5,1,314.1,147.0,34.9
5986,1720,2,2024-12-04,5,2,1,254.15,128.0,44.85
5987,1332,1,2024-12-05,2,1,1,254.15,128.0,44.85
5988,1588,5,2024-12-05,4,2,1,314.1,147.0,34.9
5989,1793,6,2024-12-05,5,1,1,499.0,210.0,0.0
5990,352,4,2024-12-05,7,2,1,349.0,147.0,0.0
5991,1590,1,2024-12-05,4,1,1,299.0,128.0,0.0
5992,1252,4,2024-12-05,1,1,1,349.0,147.0,0.0
5993,1142,1,2024-12-05,1,2,1,299.0,128.0,0.0
5994,1742,3,2024-12-05,3,2,1,329.0,141.0,0.0
5995,1175,1,2024-12-05,7,2,1,254.15,128.0,44.85
5996,395,2,2024-12-05,2,3,1,299.0,128.0,0.0
5997,1876,5,2024-12-05,1,1,1,349.0,147.0,0.0
5998,1033,5,2024-12-05,5,1,1,349.0,147.0,0.0
5999,656,6,2024-12-05,4,1,1,499.0,210.0,0.0
6000,1312,1,2024-12-05,6,1,1,299.0,128.0,0.0
6001,1074,2,2024-12-05,5,4,2,269.1,128.0,29.9
6002,899,1,2024-12-05,3,2,1,269.1,128.0,29.9
6003,589,6,2024-12-05,2,2,1,449.1,210.0,49.9
6004,1304,1,2024-12-05,5,1,1,299.0,128.0,0.0
6005,343,6,2024-12-05,2,5,1,499.0,210.0,0.0
6006,554,4,2024-12-05,1,1,1,296.65,147.0,52.35
6007,228,4,2024-12-05,5,1,1,349.0,147.0,0.0
6008,1330,5,2024-12-05,1,1,1,349.0,147.0,0.0
6009,29,6,2024-12-05,7,1,1,499.0,210.0,0.0
6010,28,5,2024-12-05,2,2,1,349.0,147.0,0.0
6011,240,4,2024-12-05,2,2,1,349.0,147.0,0.0
6012,1293,1,2024-12-05,2,1,1,299.0,128.0,0.0
6013,1152,5,2024-12-05,1,2,1,349.0,147.0,0.0
6014,949,2,2024-12-05,4,1,2,299.0,128.0,0.0
6015,1365,1,2024-12-05,1,2,1,269.1,128.0,29.9
6016,898,5,2024-12-05,4,2,2,349.0,147.0,0.0
6017,485,4,2024-12-05,4,2,1,314.1,147.0,34.9
6018,800,1,2024-12-05,3,2,1,269.1,128.0,29.9
6019,863,2,2024-12-05,1,1,1,299.0,128.0,0.0
6020,823,3,2024-12-05,3,1,1,329.0,141.0,0.0
6021,1005,5,2024-12-05,5,1,1,349.0,147.0,0.0
6022,299,4,2024-12-05,2,1,1,349.0,147.0,0.0
6023,845,5,2024-12-06,1,3,1,349.0,147.0,0.0
6024,155,2,2024-12-06,6,1,1,299.0,128.0,0.0
6025,1224,1,2024-12-06,4,1,1,269.1,128.0,29.9
6026,696,6,2024-12-06,1,2,2,499.0,210.0,0.0
6027,1063,5,2024-12-06,5,2,1,349.0,147.0,0.0
6028,611,5,2024-12-06,6,5,1,349.0,147.0,0.0
6029,645,2,2024-12-06,4,2,1,299.0,128.0,0.0
6030,1913,5,2024-12-06,1,3,1,314.1,147.0,34.9
6031,407,2,2024-12-06,6,5,1,299.0,128.0,0.0
6032,1167,5,2024-12-06,4,3,1,349.0,147.0,0.0
6033,828,5,2024-12-06,3,1,1,349.0,147.0,0.0
6034,1870,2,2024-12-06,8,2,1,299.0,128.0,0.0
6035,361,1,2024-12-06,5,1,1,299.0,128.0,0.0
6036,1705,4,2024-12-06,2,5,1,349.0,147.0,0.0
6037,1380,5,2024-12-06,8,1,1,314.1,147.0,34.9
6038,1821,4,2024-12-06,9,1,1,349.0,147.0,0.0
6039,1042,3,2024-12-06,5,5,1,329.0,141.0,0.0
6040,1954,4,2024-12-06,4,5,1,349.0,147.0,0.0
6041,1011,6,2024-12-06,1,3,1,499.0,210.0,0.0
6042,1379,3,2024-12-06,8,3,1,279.65,141.0,49.35
6043,1722,6,2024-12-06,6,2,1,499.0,210.0,0.0
6044,1929,2,2024-12-06,1,5,1,254.15,128.0,44.85
6045,275,4,2024-12-06,2,3,1,349.0,147.0,0.0
6046,466,2,2024-12-06,5,1,1,299.0,128.0,0.0
6047,936,4,2024-12-06,5,3,2,296.65,147.0,52.35
6048,1799,5,2024-12-06,3,2,1,314.1,147.0,34.9
6049,537,4,2024-12-06,7,2,1,349.0,147.0,0.0
6050,1612,5,2024-12-06,4,1,1,349.0,147.0,0.0
6051,1153,5,2024-12-06,5,4,1,349.0,147.0,0.0
6052,45,1,2024-12-06,2,1,1,299.0,128.0,0.0
6053,1041,2,2024-12-06,4,1,1,299.0,128.0,0.0
6054,264,4,2024-12-06,8,2,1,349.0,147.0,0.0
6055,1587,1,2024-12-06,2,2,1,269.1,128.0,29.9
6056,4,3,2024-12-06,3,2,1,329.0,141.0,0.0
6057,1738,5,2024-12-06,4,2,1,349.0,147.0,0.0
6058,776,3,2024-12-06,5,1,1,329.0,141.0,0.0
6059,1883,2,2024-12-06,5,2,1,269.1,128.0,29.9
6060,42,4,2024-12-06,5,2,1,349.0,147.0,0.0
6061,1250,4,2024-12-06,3,3,1,296.65,147.0,52.35
6062,1877,2,2024-12-06,3,5,1,299.0,128.0,0.0
6063,1492,5,2024-12-06,4,3,1,349.0,147.0,0.0
6064,374,3,2024-12-07,4,1,1,329.0,141.0,0.0
6065,525,2,2024-12-07,3,3,1,299.0,128.0,0.0
6066,1302,6,2024-12-07,6,2,1,499.0,210.0,0.0
6067,1274,3,2024-12-07,2,1,1,329.0,141.0,0.0
6068,1370,2,2024-12-07,1,3,1,299.0,128.0,0.0
6069,1563,5,2024-12-07,3,1,1,349.0,147.0,0.0
6070,1575,4,2024-12-07,3,2,1,349.0,147.0,0.0
6071,1273,6,2024-12-07,3,5,1,499.0,210.0,0.0
6072,1022,4,2024-12-07,4,2,1,349.0,147.0,0.0
6073,1274,4,2024-12-07,5,4,1,349.0,147.0,0.0
6074,616,3,2024-12-07,5,2,1,296.1,141.0,32.9
6075,460,6,2024-12-07,5,2,1,499.0,210.0,0.0
6076,1080,2,2024-12-07,1,2,1,299.0,128.0,0.0
6077,1880,3,2024-12-07,2,2,1,329.0,141.0,0.0
6078,582,4,2024-12-07,9,5,1,314.1,147.0,34.9
6079,740,4,2024-12-07,1,5,1,349.0,147.0,0.0
6080,914,4,2024-12-07,4,2,1,349.0,147.0,0.0
6081,1674,4,2024-12-07,4,2,1,314.1,147.0,34.9
6082,195,5,2024-12-07,1,4,1,349.0,147.0,0.0
6083,1643,1,2024-12-07,3,3,1,299.0,128.0,0.0
6084,1580,4,2024-12-07,4,3,1,314.1,147.0,34.9
6085,1798,4,2024-12-07,4,5,1,349.0,147.0,0.0
6086,466,4,2024-12-07,5,1,1,314.1,147.0,34.9
6087,1258,5,2024-12-07,3,4,1,349.0,147.0,0.0
6088,1225,2,2024-12-07,3,4,1,299.0,128.0,0.0
6089,344,5,2024-12-07,4,3,2,349.0,147.0,0.0
6090,1587,2,2024-12-07,4,1,1,299.0,128.0,0.0
6091,182,1,2024-12-07,1,3,1,299.0,128.0,0.0
6092,1104,4,2024-12-07,2,2,1,349.0,147.0,0.0
6093,1501,1,2024-12-07,4,1,1,299.0,128.0,0.0
6094,1604,5,2024-12-07,4,1,1,349.0,147.0,0.0
6095,1390,4,2024-12-07,2,2,2,314.1,147.0,34.9
6096,1371,2,2024-12-07,8,3,1,254.15,128.0,44.85
6097,289,5,2024-12-07,6,2,1,349.0,147.0,0.0
6098,1892,2,2024-12-07,1,2,1,299.0,128.0,0.0
6099,657,5,2024-12-07,1,5,1,349.0,147.0,0.0
6100,1619,1,2024-12-07,3,1,1,299.0,128.0,0.0
6101,39,4,2024-12-07,6,2,1,349.0,147.0,0.0
6102,880,6,2024-12-07,2,2,1,499.0,210.0,0.0
6103,189,5,2024-12-08,1,1,1,349.0,147.0,0.0
6104,167,1,2024-12-08,2,2,1,299.0,128.0,0.0
6105,623,4,2024-12-08,5,5,1,349.0,147.0,0.0
6106,743,5,2024-12-08,3,2,1,349.0,147.0,0.0
6107,1996,3,2024-12-08,3,1,1,329.0,141.0,0.0
6108,44,5,2024-12-08,1,2,1,349.0,147.0,0.0
6109,609,5,2024-12-08,1,3,1,349.0,147.0,0.0
6110,1304,1,2024-12-08,2,4,1,299.0,128.0,0.0
6111,452,5,2024-12-08,6,1,1,349.0,147.0,0.0
6112,418,5,2024-12-08,4,5,1,349.0,147.0,0.0
6113,1453,4,2024-12-08,1,1,1,314.1,147.0,34.9
6114,1914,4,2024-12-08,7,2,1,349.0,147.0,0.0
6115,1759,5,2024-12-08,4,1,1,349.0,147.0,0.0
6116,1736,5,2024-12-08,1,1,1,349.0,147.0,0.0
6117,1346,5,2024-12-08,3,2,1,349.0,147.0,0.0
6118,416,1,2024-12-08,3,2,1,299.0,128.0,0.0
6119,1274,3,2024-12-08,4,4,1,329.0,141.0,0.0
6120,1768,1,2024-12-08,1,2,1,254.15,128.0,44.85
6121,1538,4,2024-12-08,3,2,1,349.0,147.0,0.0
6122,1042,6,2024-12-08,3,2,1,449.1,210.0,49.9
6123,1088,5,2024-12-08,1,5,1,349.0,147.0,0.0
6124,1886,4,2024-12-08,7,5,2,349.0,147.0,0.0
6125,1168,5,2024-12-08,3,1,1,349.0,147.0,0.0
6126,727,1,2024-12-08,5,5,1,299.0,128.0,0.0
6127,788,4,2024-12-08,1,1,1,349.0,147.0,0.0
6128,914,5,2024-12-08,1,1,1,349.0,147.0,0.0
6129,1096,2,2024-12-08,2,2,1,269.1,128.0,29.9
6130,1700,5,2024-12-08,1,1,1,349.0,147.0,0.0
6131,1623,3,2024-12-08,1,4,1,329.0,141.0,0.0
6132,444,5,2024-12-08,4,2,1,349.0,147.0,0.0
6133,1104,1,2024-12-08,6,1,1,269.1,128.0,29.9
6134,218,4,2024-12-08,5,4,1,349.0,147.0,0.0
6135,54,2,2024-12-08,3,1,1,299.0,128.0,0.0
6136,1226,2,2024-12-08,3,1,1,299.0,128.0,0.0
6137,1239,5,2024-12-08,3,2,1,296.65,147.0,52.35
6138,191,6,2024-12-08,4,3,1,424.15,210.0,74.85
6139,889,5,2024-12-09,4,4,1,349.0,147.0,0.0
6140,873,6,2024-12-09,7,1,1,499.0,210.0,0.0
6141,1969,5,2024-12-09,7,2,1,349.0,147.0,0.0
6142,1480,3,2024-12-09,5,4,1,296.1,141.0,32.9
6143,570,2,2024-12-09,3,2,1,269.1,128.0,29.9
6144,62,3,2024-12-09,3,1,1,279.65,141.0,49.35
6145,1390,1,2024-12-09,5,2,1,299.0,128.0,0.0
6146,1439,3,2024-12-09,1,1,1,329.0,141.0,0.0
6147,405,1,2024-12-09,7,1,1,269.1,128.0,29.9
6148,712,4,2024-12-09,1,1,1,349.0,147.0,0.0
6149,623,4,2024-12-09,8,2,1,349.0,147.0,0.0
6150,1208,6,2024-12-09,1,5,1,499.0,210.0,0.0
6151,155,4,2024-12-09,6,4,1,349.0,147.0,0.0
6152,476,2,2024-12-09,9,2,2,269.1,128.0,29.9
6153,1540,4,2024-12-09,2,1,1,349.0,147.0,0.0
6154,1391,2,2024-12-09,4,2,1,299.0,128.0,0.0
6155,760,2,2024-12-09,5,1,1,299.0,128.0,0.0
6156,1071,4,2024-12-09,6,2,1,349.0,147.0,0.0
6157,1233,2,2024-12-09,7,1,1,254.15,128.0,44.85
6158,1276,4,2024-12-09,5,1,1,296.65,147.0,52.35
6159,1855,6,2024-12-09,5,2,1,499.0,210.0,0.0
6160,497,1,2024-12-09,2,3,1,299.0,128.0,0.0
6161,1470,2,2024-12-09,1,3,1,299.0,128.0,0.0
6162,1166,3,2024-12-09,7,1,1,296.1,141.0,32.9
6163,896,2,2024-12-09,1,1,1,299.0,128.0,0.0
6164,861,5,2024-12-09,2,2,1,349.0,147.0,0.0
6165,1830,3,2024-12-09,2,2,1,329.0,141.0,0.0
6166,1391,4,2024-12-09,5,2,1,349.0,147.0,0.0
6167,1533,2,2024-12-09,3,3,1,299.0,128.0,0.0
6168,1796,5,2024-12-09,3,2,1,349.0,147.0,0.0
6169,446,3,2024-12-09,3,4,1,329.0,141.0,0.0
6170,279,4,2024-12-09,4,5,1,296.65,147.0,52.35
6171,943,3,2024-12-09,1,1,1,329.0,141.0,0.0
6172,1928,4,2024-12-09,6,3,1,314.1,147.0,34.9
6173,1699,6,2024-12-09,3,1,1,424.15,210.0,74.85
6174,778,5,2024-12-09,3,3,1,349.0,147.0,0.0
6175,184,2,2024-12-09,3,1,1,299.0,128.0,0.0
6176,1989,5,2024-12-10,7,2,1,349.0,147.0,0.0
6177,155,5,2024-12-10,5,5,1,349.0,147.0,0.0
6178,1780,4,2024-12-10,5,2,1,349.0,147.0,0.0
6179,400,5,2024-12-10,1,1,1,314.1,147.0,34.9
6180,234,2,2024-12-10,8,1,1,299.0,128.0,0.0
6181,1110,6,2024-12-10,5,4,1,449.1,210.0,49.9
6182,1386,2,2024-12-10,5,2,2,299.0,128.0,0.0
6183,430,4,2024-12-10,7,2,1,349.0,147.0,0.0
6184,1876,5,2024-12-10,1,2,1,314.1,147.0,34.9
6185,697,1,2024-12-10,3,2,2,299.0,128.0,0.0
6186,312,4,2024-12-10,3,5,1,349.0,147.0,0.0
6187,774,1,2024-12-10,2,2,1,299.0,128.0,0.0
6188,1636,1,2024-12-10,1,1,1,299.0,128.0,0.0
6189,772,4,2024-12-10,3,1,1,349.0,147.0,0.0
6190,1284,1,2024-12-10,1,1,1,299.0,128.0,0.0
6191,345,4,2024-12-10,5,1,1,349.0,147.0,0.0
6192,1979,6,2024-12-10,3,2,1,449.1,210.0,49.9
6193,64,4,2024-12-10,3,1,1,314.1,147.0,34.9
6194,1525,2,2024-12-10,1,3,2,299.0,128.0,0.0
6195,848,4,2024-12-10,3,2,1,349.0,147.0,0.0
6196,535,5,2024-12-10,3,3,1,314.1,147.0,34.9
6197,1722,2,2024-12-10,5,5,1,269.1,128.0,29.9
6198,1749,4,2024-12-10,1,5,1,314.1,147.0,34.9
6199,1465,4,2024-12-10,5,1,1,349.0,147.0,0.0
6200,1827,2,2024-12-10,9,2,1,269.1,128.0,29.9
6201,1000,3,2024-12-10,5,1,1,329.0,141.0,0.0
6202,1138,1,2024-12-10,5,4,1,299.0,128.0,0.0
6203,968,2,2024-12-10,8,4,1,299.0,128.0,0.0
6204,215,1,2024-12-10,5,1,2,299.0,128.0,0.0
6205,16,2,2024-12-10,1,2,1,299.0,128.0,0.0
6206,233,4,2024-12-10,5,4,1,349.0,147.0,0.0
6207,1012,5,2024-12-10,7,2,1,349.0,147.0,0.0
6208,1252,5,2024-12-10,6,1,1,349.0,147.0,0.0
6209,705,1,2024-12-10,1,4,1,269.1,128.0,29.9
6210,211,1,2024-12-10,1,5,1,299.0,128.0,0.0
6211,1691,1,2024-12-10,5,1,1,269.1,128.0,29.9
6212,813,5,2024-12-10,4,1,1,349.0,147.0,0.0
6213,1357,4,2024-12-10,3,4,1,349.0,147.0,0.0
6214,1818,5,2024-12-10,1,5,1,349.0,147.0,0.0
6215,568,3,2024-12-10,1,2,1,296.1,141.0,32.9
6216,1917,4,2024-12-10,1,3,1,349.0,147.0,0.0
6217,747,1,2024-12-10,1,3,1,254.15,128.0,44.85
6218,1836,2,2024-12-11,1,5,1,269.1,128.0,29.9
6219,743,1,2024-12-11,3,1,2,299.0,128.0,0.0
6220,140,1,2024-12-11,2,1,1,299.0,128.0,0.0
6221,501,1,2024-12-11,5,5,1,299.0,128.0,0.0
6222,206,2,2024-12-11,2,1,1,299.0,128.0,0.0
6223,1772,5,2024-12-11,5,1,1,296.65,147.0,52.35
6224,1,4,2024-12-11,2,2,1,314.1,147.0,34.9
6225,860,4,2024-12-11,1,2,1,349.0,147.0,0.0
6226,1354,6,2024-12-11,2,1,2,499.0,210.0,0.0
6227,208,4,2024-12-11,1,3,1,349.0,147.0,0.0
6228,612,1,2024-12-11,2,1,1,299.0,128.0,0.0
6229,636,4,2024-12-11,2,1,1,349.0,147.0,0.0
6230,1701,5,2024-12-11,4,5,1,349.0,147.0,0.0
6231,1777,5,2024-12-11,5,1,1,349.0,147.0,0.0
6232,1762,5,2024-12-11,3,3,1,349.0,147.0,0.0
6233,1874,4,2024-12-11,1,5,1,349.0,147.0,0.0
6234,216,4,2024-12-11,2,1,1,349.0,147.0,0.0
6235,1217,1,2024-12-11,3,1,1,299.0,128.0,0.0
6236,1883,6,2024-12-11,5,2,1,499.0,210.0,0.0
6237,1299,3,2024-12-11,7,2,1,329.0,141.0,0.0
6238,1356,1,2024-12-11,8,5,1,299.0,128.0,0.0
6239,1502,4,2024-12-11,7,4,1,349.0,147.0,0.0
6240,1143,5,2024-12-11,1,1,1,314.1,147.0,34.9
6241,8,2,2024-12-11,3,4,2,299.0,128.0,0.0
6242,1697,2,2024-12-11,2,2,1,299.0,128.0,0.0
6243,605,1,2024-12-11,8,4,1,299.0,128.0,0.0
6244,961,1,2024-12-11,8,1,1,254.15,128.0,44.85
6245,132,5,2024-12-11,1,2,1,349.0,147.0,0.0
6246,105,1,2024-12-11,8,3,1,269.1,128.0,29.9
6247,717,3,2024-12-11,7,1,1,329.0,141.0,0.0
6248,1662,4,2024-12-11,3,1,1,349.0,147.0,0.0
6249,1954,5,2024-12-11,1,1,1,349.0,147.0,0.0
6250,1321,4,2024-12-11,2,1,1,349.0,147.0,0.0
6251,1713,2,2024-12-11,3,3,1,299.0,128.0,0.0
6252,27,2,2024-12-11,7,1,1,299.0,128.0,0.0
6253,1349,1,2024-12-11,3,5,1,299.0,128.0,0.0
6254,1119,1,2024-12-11,1,2,1,299.0,128.0,0.0
6255,507,6,2024-12-12,5,1,1,499.0,210.0,0.0
6256,338,4,2024-12-12,1,4,1,349.0,147.0,0.0
6257,1522,4,2024-12-12,5,5,1,349.0,147.0,0.0
6258,1822,6,2024-12-12,4,5,1,499.0,210.0,0.0
6259,889,6,2024-12-12,6,2,1,499.0,210.0,0.0
6260,792,2,2024-12-12,3,1,1,254.15,128.0,44.85
6261,1137,5,2024-12-12,1,1,1,349.0,147.0,0.0
6262,723,1,2024-12-12,9,5,1,299.0,128.0,0.0
6263,508,5,2024-12-12,3,2,1,349.0,147.0,0.0
6264,1808,1,2024-12-12,3,1,1,269.1,128.0,29.9
6265,296,4,2024-12-12,1,1,1,314.1,147.0,34.9
6266,1385,5,2024-12-12,1,1,1,349.0,147.0,0.0
6267,1896,5,2024-12-12,2,2,1,314.1,147.0,34.9
6268,1100,5,2024-12-12,5,2,1,314.1,147.0,34.9
6269,1596,3,2024-12-12,4,5,1,329.0,141.0,0.0
6270,88,5,2024-12-12,3,1,1,349.0,147.0,0.0
6271,31,5,2024-12-12,1,5,1,314.1,147.0,34.9
6272,593,1,2024-12-12,3,2,1,299.0,128.0,0.0
6273,292,5,2024-12-12,4,3,1,349.0,147.0,0.0
6274,673,1,2024-12-12,3,2,1,299.0,128.0,0.0
6275,994,2,2024-12-12,7,1,1,299.0,128.0,0.0
6276,1741,4,2024-12-12,7,1,2,296.65,147.0,52.35
6277,932,5,2024-12-12,2,1,1,349.0,147.0,0.0
6278,1417,6,2024-12-12,3,2,1,449.1,210.0,49.9
6279,645,4,2024-12-12,2,3,1,349.0,147.0,0.0
6280,465,2,2024-12-12,1,1,1,299.0,128.0,0.0
6281,1549,1,2024-12-12,1,3,1,299.0,128.0,0.0
6282,83,3,2024-12-12,5,1,1,329.0,141.0,0.0
6283,1918,2,2024-12-12,1,2,1,299.0,128.0,0.0
6284,1062,5,2024-12-12,5,2,1,296.65,147.0,52.35
6285,1661,5,2024-12-12,3,5,1,349.0,147.0,0.0
6286,1660,5,2024-12-12,5,1,1,349.0,147.0,0.0
6287,549,2,2024-12-12,3,3,1,299.0,128.0,0.0
6288,441,4,2024-12-12,8,2,1,349.0,147.0,0.0
6289,539,2,2024-12-12,4,3,1,299.0,128.0,0.0
6290,1649,4,2024-12-12,1,3,1,349.0,147.0,0.0
6291,588,4,2024-12-13,3,1,2,349.0,147.0,0.0
6292,1104,4,2024-12-13,2,1,1,349.0,147.0,0.0
6293,1690,6,2024-12-13,3,1,2,449.1,210.0,49.9
6294,1849,6,2024-12-13,5,2,1,499.0,210.0,0.0
6295,670,4,2024-12-13,4,1,1,349.0,147.0,0.0
6296,1118,5,2024-12-13,1,1,1,349.0,147.0,0.0
6297,256,2,2024-12-13,5,4,1,299.0,128.0,0.0
6298,829,3,2024-12-13,8,4,1,329.0,141.0,0.0
6299,1623,6,2024-12-13,4,3,1,499.0,210.0,0.0
6300,1375,1,2024-12-13,5,2,1,299.0,128.0,0.0
6301,1602,2,2024-12-13,5,1,1,299.0,128.0,0.0
6302,1924,5,2024-12-13,3,1,1,314.1,147.0,34.9
6303,537,4,2024-12-13,1,5,1,349.0,147.0,0.0
6304,1563,2,2024-12-13,9,1,1,299.0,128.0,0.0
6305,14,4,2024-12-13,3,3,1,314.1,147.0,34.9
6306,568,4,2024-12-13,3,1,1,349.0,147.0,0.0
6307,379,5,2024-12-13,2,4,1,349.0,147.0,0.0
6308,417,5,2024-12-13,1,3,2,349.0,147.0,0.0
6309,1302,4,2024-12-13,3,2,1,349.0,147.0,0.0
6310,1840,2,2024-12-13,3,1,1,299.0,128.0,0.0
6311,1910,2,2024-12-13,2,3,1,299.0,128.0,0.0
6312,501,4,2024-12-13,5,2,1,349.0,147.0,0.0
6313,28,2,2024-12-13,1,1,1,299.0,128.0,0.0
6314,1871,5,2024-12-13,1,3,1,349.0,147.0,0.0
6315,509,4,2024-12-13,1,2,1,349.0,147.0,0.0
6316,499,4,2024-12-13,3,5,1,349.0,147.0,0.0
6317,1162,2,2024-12-13,3,1,1,299.0,128.0,0.0
6318,1967,5,2024-12-13,3,1,1,349.0,147.0,0.0
6319,1172,3,2024-12-13,5,2,1,329.0,141.0,0.0
6320,1494,1,2024-12-13,1,1,2,269.1,128.0,29.9
6321,616,5,2024-12-13,1,2,1,314.1,147.0,34.9
6322,1822,5,2024-12-13,1,1,1,314.1,147.0,34.9
6323,1424,3,2024-12-13,3,2,1,329.0,141.0,0.0
6324,77,6,2024-12-13,6,2,1,424.15,210.0,74.85
6325,2,2,2024-12-13,7,1,1,254.15,128.0,44.85
6326,860,1,2024-12-14,2,1,1,299.0,128.0,0.0
6327,1672,4,2024-12-14,5,2,1,349.0,147.0,0.0
6328,454,5,2024-12-14,8,1,1,349.0,147.0,0.0
6329,852,6,2024-12-14,5,2,1,449.1,210.0,49.9
6330,1446,2,2024-12-14,1,2,1,269.1,128.0,29.9
6331,972,2,2024-12-14,1,1,1,299.0,128.0,0.0
6332,1819,4,2024-12-14,1,3,2,349.0,147.0,0.0
6333,1706,3,2024-12-14,3,2,1,279.65,141.0,49.35
6334,702,4,2024-12-14,3,2,1,349.0,147.0,0.0
6335,1410,4,2024-12-14,3,2,2,349.0,147.0,0.0
6336,1395,6,2024-12-14,3,1,1,499.0,210.0,0.0
6337,1795,4,2024-12-14,7,2,1,314.1,147.0,34.9
6338,578,1,2024-12-14,2,4,1,299.0,128.0,0.0
6339,1017,4,2024-12-14,5,1,1,296.65,147.0,52.35
6340,682,5,2024-12-14,1,2,1,349.0,147.0,0.0
6341,223,5,2024-12-14,3,3,2,349.0,147.0,0.0
6342,1207,2,2024-12-14,9,3,1,269.1,128.0,29.9
6343,64,3,2024-12-14,1,2,1,329.0,141.0,0.0
6344,1684,4,2024-12-14,2,4,1,349.0,147.0,0.0
6345,32,4,2024-12-14,6,2,1,349.0,147.0,0.0
6346,7,5,2024-12-14,1,3,1,349.0,147.0,0.0
6347,1390,1,2024-12-14,1,2,1,299.0,128.0,0.0
6348,752,4,2024-12-14,1,5,1,296.65,147.0,52.35
6349,765,4,2024-12-14,3,1,1,349.0,147.0,0.0
6350,305,4,2024-12-14,4,3,2,349.0,147.0,0.0
6351,1546,1,2024-12-14,7,5,1,299.0,128.0,0.0
6352,981,2,2024-12-14,6,1,1,269.1,128.0,29.9
6353,1172,4,2024-12-14,7,4,1,349.0,147.0,0.0
6354,836,5,2024-12-14,4,1,1,314.1,147.0,34.9
6355,163,4,2024-12-14,1,1,1,314.1,147.0,34.9
6356,768,3,2024-12-14,3,1,1,329.0,141.0,0.0
6357,472,5,2024-12-14,7,5,1,314.1,147.0,34.9
6358,673,4,2024-12-14,2,1,1,349.0,147.0,0.0
6359,1140,2,2024-12-14,1,1,1,299.0,128.0,0.0
6360,1784,4,2024-12-14,4,2,1,349.0,147.0,0.0
6361,892,4,2024-12-14,5,4,1,349.0,147.0,0.0
6362,1487,5,2024-12-14,2,2,1,349.0,147.0,0.0
6363,591,1,2024-12-14,8,5,1,299.0,128.0,0.0
6364,1079,4,2024-12-15,5,1,1,349.0,147.0,0.0
6365,1155,5,2024-12-15,7,1,1,349.0,147.0,0.0
6366,1521,5,2024-12-15,4,1,1,349.0,147.0,0.0
6367,442,6,2024-12-15,5,1,1,499.0,210.0,0.0
6368,1741,5,2024-12-15,4,1,1,349.0,147.0,0.0
6369,84,4,2024-12-15,6,3,1,349.0,147.0,0.0
6370,994,1,2024-12-15,1,2,1,299.0,128.0,0.0
6371,915,5,2024-12-15,1,3,2,349.0,147.0,0.0
6372,224,6,2024-12-15,2,2,1,499.0,210.0,0.0
6373,1955,3,2024-12-15,3,3,1,329.0,141.0,0.0
6374,414,5,2024-12-15,7,2,1,349.0,147.0,0.0
6375,447,4,2024-12-15,2,2,1,349.0,147.0,0.0
6376,243,5,2024-12-15,2,3,1,349.0,147.0,0.0
6377,1890,2,2024-12-15,2,1,1,269.1,128.0,29.9
6378,1147,6,2024-12-15,3,2,1,499.0,210.0,0.0
6379,572,6,2024-12-15,3,3,1,499.0,210.0,0.0
6380,1067,4,2024-12-15,2,4,1,296.65,147.0,52.35
6381,1064,5,2024-12-15,7,5,1,349.0,147.0,0.0
6382,609,1,2024-12-15,1,3,1,299.0,128.0,0.0
6383,1277,2,2024-12-15,2,2,1,299.0,128.0,0.0
6384,382,4,2024-12-15,1,3,1,349.0,147.0,0.0
6385,984,4,2024-12-15,1,4,1,349.0,147.0,0.0
6386,335,4,2024-12-15,2,1,1,349.0,147.0,0.0
6387,1257,2,2024-12-15,5,1,1,299.0,128.0,0.0
6388,1119,2,2024-12-15,1,2,1,269.1,128.0,29.9
6389,1945,4,2024-12-15,1,3,1,349.0,147.0,0.0
6390,763,4,2024-12-15,5,2,1,349.0,147.0,0.0
6391,218,2,2024-12-15,6,2,1,299.0,128.0,0.0
6392,356,6,2024-12-15,6,5,1,424.15,210.0,74.85
6393,980,5,2024-12-15,2,1,1,349.0,147.0,0.0
6394,1563,6,2024-12-15,2,2,1,499.0,210.0,0.0
6395,1498,4,2024-12-15,1,5,1,349.0,147.0,0.0
6396,1630,2,2024-12-15,3,1,1,299.0,128.0,0.0
6397,1922,2,2024-12-15,2,4,1,299.0,128.0,0.0
6398,1057,4,2024-12-15,2,4,1,349.0,147.0,0.0
6399,567,4,2024-12-15,1,1,1,314.1,147.0,34.9
6400,1674,2,2024-12-16,1,1,1,299.0,128.0,0.0
6401,953,3,2024-12-16,1,1,1,329.0,141.0,0.0
6402,362,5,2024-12-16,7,1,1,314.1,147.0,34.9
6403,19,6,2024-12-16,6,2,1,499.0,210.0,0.0
6404,1759,3,2024-12-16,2,2,1,329.0,141.0,0.0
6405,858,4,2024-12-16,1,1,1,349.0,147.0,0.0
6406,184,5,2024-12-16,1,1,1,314.1,147.0,34.9
6407,1952,1,2024-12-16,3,1,1,299.0,128.0,0.0
6408,1642,1,2024-12-16,6,3,1,299.0,128.0,0.0
6409,358,4,2024-12-16,6,3,1,349.0,147.0,0.0
6410,405,5,2024-12-16,3,4,1,314.1,147.0,34.9
6411,637,6,2024-12-16,1,1,1,499.0,210.0,0.0
6412,807,6,2024-12-16,5,5,1,449.1,210.0,49.9
6413,1811,4,2024-12-16,2,3,1,349.0,147.0,0.0
6414,577,1,2024-12-16,1,3,1,299.0,128.0,0.0
6415,1799,6,2024-12-16,4,2,1,499.0,210.0,0.0
6416,288,2,2024-12-16,5,4,1,299.0,128.0,0.0
6417,577,4,2024-12-16,5,1,1,314.1,147.0,34.9
6418,1556,4,2024-12-16,4,2,1,349.0,147.0,0.0
6419,620,5,2024-12-16,6,2,1,349.0,147.0,0.0
6420,355,5,2024-12-16,7,3,1,349.0,147.0,0.0
6421,1695,3,2024-12-16,4,4,1,296.1,141.0,32.9
6422,703,4,2024-12-16,6,2,2,349.0,147.0,0.0
6423,1769,4,2024-12-16,5,2,1,349.0,147.0,0.0
6424,1712,5,2024-12-16,2,3,1,296.65,147.0,52.35
6425,1629,3,2024-12-16,1,1,1,329.0,141.0,0.0
6426,1378,2,2024-12-16,2,2,1,269.1,128.0,29.9
6427,1796,4,2024-12-16,1,1,2,349.0,147.0,0.0
6428,1913,3,2024-12-16,1,1,1,329.0,141.0,0.0
6429,1264,1,2024-12-16,1,5,1,299.0,128.0,0.0
6430,1479,3,2024-12-16,3,1,1,329.0,141.0,0.0
6431,1620,1,2024-12-16,2,1,1,299.0,128.0,0.0
6432,1565,4,2024-12-16,5,2,1,314.1,147.0,34.9
6433,1409,3,2024-12-16,9,3,1,329.0,141.0,0.0
6434,1498,5,2024-12-16,7,5,1,349.0,147.0,0.0
6435,1148,4,2024-12-16,5,2,1,314.1,147.0,34.9
6436,1740,1,2024-12-16,5,1,1,299.0,128.0,0.0
6437,382,5,2024-12-16,1,1,1,349.0,147.0,0.0
6438,747,5,2024-12-16,7,5,1,349.0,147.0,0.0
6439,1678,1,2024-12-16,2,3,1,299.0,128.0,0.0
6440,1502,6,2024-12-16,9,1,1,499.0,210.0,0.0
6441,498,4,2024-12-16,1,3,1,349.0,147.0,0.0
6442,163,6,2024-12-17,3,2,1,499.0,210.0,0.0
6443,1887,2,2024-12-17,1,4,1,254.15,128.0,44.85
6444,697,4,2024-12-17,1,2,1,314.1,147.0,34.9
6445,407,1,2024-12-17,3,4,1,299.0,128.0,0.0
6446,1293,4,2024-12-17,2,3,1,349.0,147.0,0.0
6447,1301,5,2024-12-17,2,4,1,349.0,147.0,0.0
6448,323,5,2024-12-17,3,4,1,349.0,147.0,0.0
6449,1869,2,2024-12-17,4,2,1,299.0,128.0,0.0
6450,1066,4,2024-12-17,3,1,1,314.1,147.0,34.9
6451,271,1,2024-12-17,7,1,1,254.15,128.0,44.85
6452,820,5,2024-12-17,3,1,1,349.0,147.0,0.0
6453,1190,1,2024-12-17,3,2,1,299.0,128.0,0.0
6454,1014,2,2024-12-17,4,1,1,299.0,128.0,0.0
6455,1836,5,2024-12-17,4,2,1,349.0,147.0,0.0
6456,166,6,2024-12-17,1,1,1,499.0,210.0,0.0
6457,119,5,2024-12-17,1,3,1,349.0,147.0,0.0
6458,1330,1,2024-12-17,1,1,1,269.1,128.0,29.9
6459,888,1,2024-12-17,3,2,1,254.15,128.0,44.85
6460,991,1,2024-12-17,1,1,1,299.0,128.0,0.0
6461,700,4,2024-12-17,1,1,1,349.0,147.0,0.0
6462,1954,5,2024-12-17,1,1,1,314.1,147.0,34.9
6463,1509,3,2024-12-17,1,1,1,329.0,141.0,0.0
6464,1165,6,2024-12-17,2,4,1,424.15,210.0,74.85
6465,785,5,2024-12-17,8,2,1,349.0,147.0,0.0
6466,50,5,2024-12-17,1,2,1,314.1,147.0,34.9
6467,288,2,2024-12-17,6,1,1,299.0,128.0,0.0
6468,576,4,2024-12-17,2,2,1,349.0,147.0,0.0
6469,1965,4,2024-12-17,3,2,1,349.0,147.0,0.0
6470,149,2,2024-12-17,3,4,1,299.0,128.0,0.0
6471,53,4,2024-12-17,8,2,1,349.0,147.0,0.0
6472,96,5,2024-12-17,5,3,1,349.0,147.0,0.0
6473,556,4,2024-12-17,2,2,1,349.0,147.0,0.0
6474,931,5,2024-12-17,1,3,1,349.0,147.0,0.0
6475,817,4,2024-12-17,3,3,1,349.0,147.0,0.0
6476,573,5,2024-12-17,6,1,2,296.65,147.0,52.35
6477,1268,4,2024-12-18,8,2,1,349.0,147.0,0.0
6478,1106,5,2024-12-18,5,2,1,349.0,147.0,0.0
6479,592,3,2024-12-18,1,1,1,329.0,141.0,0.0
6480,1675,4,2024-12-18,1,1,1,349.0,147.0,0.0
6481,805,6,2024-12-18,3,1,1,499.0,210.0,0.0
6482,1452,5,2024-12-18,5,5,1,349.0,147.0,0.0
6483,432,4,2024-12-18,6,1,1,349.0,147.0,0.0
6484,1300,2,2024-12-18,3,1,1,269.1,128.0,29.9
6485,1642,6,2024-12-18,5,4,2,424.15,210.0,74.85
6486,1115,5,2024-12-18,7,2,1,296.65,147.0,52.35
6487,1994,5,2024-12-18,3,3,1,349.0,147.0,0.0
6488,1462,4,2024-12-18,5,2,1,349.0,147.0,0.0
6489,620,3,2024-12-18,8,3,1,329.0,141.0,0.0
6490,1596,4,2024-12-18,1,1,1,349.0,147.0,0.0
6491,829,4,2024-12-18,1,5,1,349.0,147.0,0.0
6492,1351,5,2024-12-18,8,5,2,296.65,147.0,52.35
6493,264,1,2024-12-18,1,3,1,299.0,128.0,0.0
6494,235,1,2024-12-18,2,2,1,299.0,128.0,0.0
6495,1321,4,2024-12-18,2,1,1,349.0,147.0,0.0
6496,1816,2,2024-12-18,3,2,1,269.1,128.0,29.9
6497,393,4,2024-12-18,1,2,1,349.0,147.0,0.0
6498,1896,3,2024-12-18,5,3,1,329.0,141.0,0.0
6499,1662,5,2024-12-18,1,2,1,349.0,147.0,0.0
6500,791,1,2024-12-18,4,3,1,254.15,128.0,44.85
6501,1515,5,2024-12-18,1,2,1,349.0,147.0,0.0
6502,1460,4,2024-12-18,4,1,1,349.0,147.0,0.0
6503,1320,6,2024-12-18,2,3,1,499.0,210.0,0.0
6504,1511,2,2024-12-18,3,2,1,299.0,128.0,0.0
6505,690,5,2024-12-18,2,5,1,349.0,147.0,0.0
6506,1247,6,2024-12-18,6,1,1,499.0,210.0,0.0
6507,1593,4,2024-12-18,7,5,1,349.0,147.0,0.0
6508,1672,4,2024-12-18,1,1,2,296.65,147.0,52.35
6509,1506,5,2024-12-18,5,2,1,349.0,147.0,0.0
6510,1356,5,2024-12-19,7,2,1,349.0,147.0,0.0
6511,720,6,2024-12-19,7,1,1,499.0,210.0,0.0
6512,1163,2,2024-12-19,1,5,1,299.0,128.0,0.0
6513,1070,4,2024-12-19,8,1,1,296.65,147.0,52.35
6514,998,1,2024-12-19,5,2,1,299.0,128.0,0.0
6515,296,1,2024-12-19,1,2,1,299.0,128.0,0.0
6516,586,4,2024-12-19,1,2,1,349.0,147.0,0.0
6517,1494,3,2024-12-19,8,1,1,329.0,141.0,0.0
6518,1738,3,2024-12-19,5,1,1,329.0,141.0,0.0
6519,640,3,2024-12-19,1,2,1,329.0,141.0,0.0
6520,422,2,2024-12-19,3,1,1,299.0,128.0,0.0
6521,1574,6,2024-12-19,9,1,1,499.0,210.0,0.0
6522,15,2,2024-12-19,7,1,1,299.0,128.0,0.0
6523,1885,6,2024-12-19,6,1,1,499.0,210.0,0.0
6524,822,5,2024-12-19,8,1,1,314.1,147.0,34.9
6525,1214,2,2024-12-19,1,2,1,299.0,128.0,0.0
6526,1346,1,2024-12-19,4,1,1,299.0,128.0,0.0
6527,1283,5,2024-12-19,5,2,1,349.0,147.0,0.0
6528,1399,3,2024-12-19,3,1,1,329.0,141.0,0.0
6529,942,4,2024-12-19,1,1,1,349.0,147.0,0.0
6530,893,1,2024-12-19,2,1,1,299.0,128.0,0.0
6531,362,4,2024-12-19,1,1,1,349.0,147.0,0.0
6532,1692,6,2024-12-19,2,1,1,499.0,210.0,0.0
6533,388,5,2024-12-19,3,3,1,349.0,147.0,0.0
6534,723,3,2024-12-19,1,3,1,329.0,141.0,0.0
6535,1344,1,2024-12-19,5,4,1,299.0,128.0,0.0
6536,1164,4,2024-12-19,1,2,1,349.0,147.0,0.0
6537,1679,5,2024-12-19,1,2,2,349.0,147.0,0.0
6538,1834,5,2024-12-19,3,1,1,349.0,147.0,0.0
6539,907,6,2024-12-19,2,2,1,424.15,210.0,74.85
6540,693,2,2024-12-19,3,3,1,299.0,128.0,0.0
6541,578,2,2024-12-19,1,2,1,254.15,128.0,44.85
6542,1346,2,2024-12-19,5,2,1,254.15,128.0,44.85
6543,328,2,2024-12-19,1,1,1,269.1,128.0,29.9
6544,1139,5,2024-12-20,1,2,1,349.0,147.0,0.0
6545,660,1,2024-12-20,3,1,1,299.0,128.0,0.0
6546,30,6,2024-12-20,2,1,1,449.1,210.0,49.9
6547,848,1,2024-12-20,3,1,1,299.0,128.0,0.0
6548,1780,1,2024-12-20,1,3,1,299.0,128.0,0.0
6549,1,1,2024-12-20,1,5,2,299.0,128.0,0.0
6550,1773,4,2024-12-20,5,4,1,349.0,147.0,0.0
6551,317,1,2024-12-20,3,1,1,299.0,128.0,0.0
6552,1759,4,2024-12-20,5,5,1,349.0,147.0,0.0
6553,420,5,2024-12-20,4,1,1,349.0,147.0,0.0
6554,751,2,2024-12-20,1,2,1,254.15,128.0,44.85
6555,1150,1,2024-12-20,7,2,1,269.1,128.0,29.9
6556,275,4,2024-12-20,4,4,1,314.1,147.0,34.9
6557,1910,2,2024-12-20,3,4,1,299.0,128.0,0.0
6558,628,4,2024-12-20,3,3,1,349.0,147.0,0.0
6559,1305,5,2024-12-20,4,2,1,349.0,147.0,0.0
6560,182,1,2024-12-20,1,1,1,269.1,128.0,29.9
6561,744,5,2024-12-20,8,4,1,349.0,147.0,0.0
6562,1331,2,2024-12-20,3,2,1,299.0,128.0,0.0
6563,1818,4,2024-12-20,2,5,1,349.0,147.0,0.0
6564,1000,3,2024-12-20,3,1,1,329.0,141.0,0.0
6565,1474,4,2024-12-20,5,3,1,349.0,147.0,0.0
6566,1688,6,2024-12-20,3,2,1,499.0,210.0,0.0
6567,322,5,2024-12-20,7,2,1,349.0,147.0,0.0
6568,1497,5,2024-12-20,7,1,1,314.1,147.0,34.9
6569,146,4,2024-12-20,4,2,1,349.0,147.0,0.0
6570,691,5,2024-12-20,1,1,1,349.0,147.0,0.0
6571,1724,1,2024-12-20,3,3,1,299.0,128.0,0.0
6572,1987,3,2024-12-20,8,2,1,296.1,141.0,32.9
6573,380,6,2024-12-20,4,2,1,499.0,210.0,0.0
6574,1643,1,2024-12-20,7,5,1,299.0,128.0,0.0
6575,1347,5,2024-12-20,1,5,1,349.0,147.0,0.0
6576,264,3,2024-12-20,5,4,2,279.65,141.0,49.35
6577,864,4,2024-12-20,3,2,1,349.0,147.0,0.0
6578,28,1,2024-12-21,1,3,1,299.0,128.0,0.0
6579,779,5,2024-12-21,4,5,1,349.0,147.0,0.0
6580,585,5,2024-12-21,8,1,1,349.0,147.0,0.0
6581,1172,5,2024-12-21,7,1,1,349.0,147.0,0.0
6582,552,5,2024-12-21,5,2,1,296.65,147.0,52.35
6583,993,5,2024-12-21,3,2,1,349.0,147.0,0.0
6584,498,6,2024-12-21,3,1,2,424.15,210.0,74.85
6585,271,5,2024-12-21,1,3,1,296.65,147.0,52.35
6586,117,1,2024-12-21,1,2,1,299.0,128.0,0.0
6587,1286,5,2024-12-21,1,3,1,349.0,147.0,0.0
6588,94,5,2024-12-21,5,2,1,349.0,147.0,0.0
6589,1794,3,2024-12-21,6,5,1,279.65,141.0,49.35
6590,1587,5,2024-12-21,3,1,1,349.0,147.0,0.0
6591,921,3,2024-12-21,3,2,1,329.0,141.0,0.0
6592,1927,3,2024-12-21,8,3,1,329.0,141.0,0.0
6593,548,6,2024-12-21,4,1,1,499.0,210.0,0.0
6594,1994,4,2024-12-21,1,1,1,349.0,147.0,0.0
6595,535,4,2024-12-21,1,2,1,314.1,147.0,34.9
6596,1044,3,2024-12-21,8,1,1,329.0,141.0,0.0
6597,933,1,2024-12-21,2,1,1,299.0,128.0,0.0
6598,1365,5,2024-12-21,1,2,1,349.0,147.0,0.0
6599,686,4,2024-12-21,3,2,1,349.0,147.0,0.0
6600,406,4,2024-12-21,4,1,1,314.1,147.0,34.9
6601,1155,2,2024-12-21,1,1,1,299.0,128.0,0.0
6602,1812,6,2024-12-21,4,2,1,499.0,210.0,0.0
6603,1970,5,2024-12-21,1,1,1,349.0,147.0,0.0
6604,1421,3,2024-12-21,8,1,1,329.0,141.0,0.0
6605,106,5,2024-12-21,7,2,1,296.65,147.0,52.35
6606,1237,2,2024-12-21,5,2,1,299.0,128.0,0.0
6607,556,4,2024-12-21,4,3,2,349.0,147.0,0.0
6608,800,5,2024-12-21,5,2,1,349.0,147.0,0.0
6609,801,4,2024-12-21,4,4,1,296.65,147.0,52.35
6610,785,3,2024-12-21,1,1,1,329.0,141.0,0.0
6611,167,5,2024-12-21,5,5,1,349.0,147.0,0.0
6612,75,4,2024-12-22,4,1,1,349.0,147.0,0.0
6613,860,1,2024-12-22,2,1,1,269.1,128.0,29.9
6614,1287,6,2024-12-22,7,2,1,424.15,210.0,74.85
6615,1102,5,2024-12-22,2,2,2,349.0,147.0,0.0
6616,1721,1,2024-12-22,1,2,1,299.0,128.0,0.0
6617,496,4,2024-12-22,5,1,1,314.1,147.0,34.9
6618,1191,6,2024-12-22,5,5,1,499.0,210.0,0.0
6619,672,4,2024-12-22,2,2,1,349.0,147.0,0.0
6620,1976,5,2024-12-22,3,5,1,349.0,147.0,0.0
6621,1569,3,2024-12-22,1,1,1,329.0,141.0,0.0
6622,211,6,2024-12-22,6,1,1,499.0,210.0,0.0
6623,1016,5,2024-12-22,1,5,1,349.0,147.0,0.0
6624,69,1,2024-12-22,2,3,1,299.0,128.0,0.0
6625,1748,4,2024-12-22,1,1,1,349.0,147.0,0.0
6626,851,1,2024-12-22,5,5,1,254.15,128.0,44.85
6627,427,2,2024-12-22,5,2,1,299.0,128.0,0.0
6628,1214,5,2024-12-22,5,1,1,349.0,147.0,0.0
6629,194,3,2024-12-22,4,5,1,329.0,141.0,0.0
6630,467,6,2024-12-22,1,1,1,499.0,210.0,0.0
6631,781,6,2024-12-22,5,3,1,499.0,210.0,0.0
6632,1098,3,2024-12-22,5,4,1,329.0,141.0,0.0
6633,504,3,2024-12-22,1,1,1,329.0,141.0,0.0
6634,655,6,2024-12-22,7,1,2,449.1,210.0,49.9
6635,831,5,2024-12-22,4,1,2,296.65,147.0,52.35
6636,749,5,2024-12-22,2,2,1,349.0,147.0,0.0
6637,403,2,2024-12-22,2,2,1,299.0,128.0,0.0
6638,1849,6,2024-12-22,2,2,1,499.0,210.0,0.0
6639,492,4,2024-12-22,5,2,1,349.0,147.0,0.0
6640,1809,2,2024-12-22,3,2,1,299.0,128.0,0.0
6641,1148,1,2024-12-22,3,5,1,299.0,128.0,0.0
6642,1691,5,2024-12-22,3,5,1,349.0,147.0,0.0
6643,1986,1,2024-12-22,4,1,1,299.0,128.0,0.0
6644,516,4,2024-12-22,3,1,1,349.0,147.0,0.0
6645,683,4,2024-12-23,2,2,1,349.0,147.0,0.0
6646,1254,4,2024-12-23,2,5,1,349.0,147.0,0.0
6647,1777,4,2024-12-23,5,1,1,349.0,147.0,0.0
6648,347,2,2024-12-23,1,1,1,299.0,128.0,0.0
6649,132,4,2024-12-23,6,2,1,314.1,147.0,34.9
6650,1733,1,2024-12-23,1,2,1,299.0,128.0,0.0
6651,1561,5,2024-12-23,9,1,1,314.1,147.0,34.9
6652,102,6,2024-12-23,1,1,1,499.0,210.0,0.0
6653,324,4,2024-12-23,5,1,1,296.65,147.0,52.35
6654,1466,5,2024-12-23,2,1,1,296.65,147.0,52.35
6655,1512,4,2024-12-23,1,3,1,349.0,147.0,0.0
6656,1586,5,2024-12-23,1,2,1,349.0,147.0,0.0
6657,1237,2,2024-12-23,4,1,1,299.0,128.0,0.0
6658,1313,4,2024-12-23,7,1,1,349.0,147.0,0.0
6659,1555,2,2024-12-23,4,2,1,299.0,128.0,0.0
6660,842,2,2024-12-23,3,2,1,299.0,128.0,0.0
6661,1000,5,2024-12-23,3,5,1,314.1,147.0,34.9
6662,1763,4,2024-12-23,2,2,1,349.0,147.0,0.0
6663,1854,2,2024-12-23,3,2,1,299.0,128.0,0.0
6664,804,2,2024-12-23,1,5,2,299.0,128.0,0.0
6665,1864,1,2024-12-23,6,1,2,299.0,128.0,0.0
6666,142,4,2024-12-23,3,2,2,314.1,147.0,34.9
6667,597,3,2024-12-23,3,2,1,329.0,141.0,0.0
6668,932,2,2024-12-23,2,5,1,299.0,128.0,0.0
6669,320,1,2024-12-23,1,5,1,299.0,128.0,0.0
6670,1938,4,2024-12-23,5,1,1,349.0,147.0,0.0
6671,1923,6,2024-12-23,2,5,1,499.0,210.0,0.0
6672,789,1,2024-12-23,6,1,1,269.1,128.0,29.9
6673,1676,5,2024-12-23,9,1,1,349.0,147.0,0.0
6674,352,3,2024-12-23,9,1,2,329.0,141.0,0.0
6675,758,3,2024-12-23,6,2,1,329.0,141.0,0.0
6676,1179,5,2024-12-23,2,1,1,349.0,147.0,0.0
6677,1862,2,2024-12-23,1,5,2,299.0,128.0,0.0
6678,571,1,2024-12-23,3,4,2,269.1,128.0,29.9
6679,1813,6,2024-12-23,3,2,1,499.0,210.0,0.0
6680,1193,3,2024-12-23,5,2,1,329.0,141.0,0.0
6681,698,2,2024-12-23,1,2,1,299.0,128.0,0.0
6682,741,4,2024-12-23,1,4,1,349.0,147.0,0.0
6683,1518,5,2024-12-24,1,2,1,349.0,147.0,0.0
6684,1820,1,2024-12-24,3,1,1,269.1,128.0,29.9
6685,1396,4,2024-12-24,2,3,1,349.0,147.0,0.0
6686,201,2,2024-12-24,4,4,1,299.0,128.0,0.0
6687,85,4,2024-12-24,4,1,1,349.0,147.0,0.0
6688,1730,6,2024-12-24,1,4,2,499.0,210.0,0.0
6689,1388,5,2024-12-24,5,4,1,349.0,147.0,0.0
6690,212,5,2024-12-24,5,2,1,349.0,147.0,0.0
6691,1514,4,2024-12-24,1,3,1,296.65,147.0,52.35
6692,913,4,2024-12-24,4,2,1,349.0,147.0,0.0
6693,544,6,2024-12-24,2,1,1,499.0,210.0,0.0
6694,411,4,2024-12-24,6,1,1,314.1,147.0,34.9
6695,407,6,2024-12-24,1,3,1,499.0,210.0,0.0
6696,461,1,2024-12-24,9,1,1,299.0,128.0,0.0
6697,121,5,2024-12-24,9,1,1,314.1,147.0,34.9
6698,146,3,2024-12-24,1,1,1,329.0,141.0,0.0
6699,1247,1,2024-12-24,3,3,1,254.15,128.0,44.85
6700,62,4,2024-12-24,5,5,1,349.0,147.0,0.0
6701,1531,6,2024-12-24,5,3,1,499.0,210.0,0.0
6702,565,4,2024-12-24,1,2,1,349.0,147.0,0.0
6703,1283,5,2024-12-24,3,5,1,349.0,147.0,0.0
6704,477,1,2024-12-24,3,1,2,299.0,128.0,0.0
6705,82,5,2024-12-24,2,4,1,349.0,147.0,0.0
6706,594,4,2024-12-24,4,5,1,349.0,147.0,0.0
6707,215,1,2024-12-24,3,1,1,299.0,128.0,0.0
6708,573,2,2024-12-24,8,3,1,299.0,128.0,0.0
6709,900,2,2024-12-24,6,1,1,299.0,128.0,0.0
6710,1168,2,2024-12-24,1,3,1,299.0,128.0,0.0
6711,849,2,2024-12-24,1,2,1,299.0,128.0,0.0
6712,1375,5,2024-12-24,1,1,1,349.0,147.0,0.0
6713,1610,1,2024-12-24,3,2,1,299.0,128.0,0.0
6714,80,3,2024-12-24,8,2,1,329.0,141.0,0.0
6715,238,2,2024-12-24,8,1,1,299.0,128.0,0.0
6716,44,4,2024-12-24,7,2,1,349.0,147.0,0.0
6717,1404,2,2024-12-25,2,1,1,299.0,128.0,0.0
6718,686,1,2024-12-25,1,3,1,299.0,128.0,0.0
6719,1733,1,2024-12-25,1,1,1,299.0,128.0,0.0
6720,805,1,2024-12-25,1,1,1,254.15,128.0,44.85
6721,1429,5,2024-12-25,1,4,1,349.0,147.0,0.0
6722,74,4,2024-12-25,1,2,1,349.0,147.0,0.0
6723,660,5,2024-12-25,2,3,1,296.65,147.0,52.35
6724,363,3,2024-12-25,5,1,1,329.0,141.0,0.0
6725,1249,4,2024-12-25,8,4,1,349.0,147.0,0.0
6726,835,1,2024-12-25,3,3,1,254.15,128.0,44.85
6727,1178,2,2024-12-25,9,5,1,269.1,128.0,29.9
6728,1445,5,2024-12-25,4,3,1,349.0,147.0,0.0
6729,235,2,2024-12-25,8,1,1,299.0,128.0,0.0
6730,1621,4,2024-12-25,4,2,1,314.1,147.0,34.9
6731,917,5,2024-12-25,5,4,1,349.0,147.0,0.0
6732,527,4,2024-12-25,1,3,1,349.0,147.0,0.0
6733,1682,1,2024-12-25,1,1,1,299.0,128.0,0.0
6734,1919,5,2024-12-25,6,4,1,314.1,147.0,34.9
6735,1124,1,2024-12-25,8,1,1,299.0,128.0,0.0
6736,1312,5,2024-12-25,6,1,1,349.0,147.0,0.0
6737,1508,4,2024-12-25,1,2,1,349.0,147.0,0.0
6738,940,4,2024-12-25,5,1,1,349.0,147.0,0.0
6739,1968,1,2024-12-25,2,3,1,299.0,128.0,0.0
6740,1764,5,2024-12-25,9,2,1,314.1,147.0,34.9
6741,366,1,2024-12-25,3,1,1,299.0,128.0,0.0
6742,1456,3,2024-12-25,6,5,1,329.0,141.0,0.0
6743,1208,5,2024-12-25,1,2,1,349.0,147.0,0.0
6744,1790,4,2024-12-25,6,5,1,349.0,147.0,0.0
6745,867,5,2024-12-25,1,1,2,314.1,147.0,34.9
6746,1380,2,2024-12-25,4,3,1,299.0,128.0,0.0
6747,978,3,2024-12-25,1,2,1,296.1,141.0,32.9
6748,469,5,2024-12-25,4,5,1,314.1,147.0,34.9
6749,91,3,2024-12-25,3,1,1,329.0,141.0,0.0
6750,1467,3,2024-12-25,4,1,1,329.0,141.0,0.0
6751,1888,1,2024-12-25,1,2,1,299.0,128.0,0.0
6752,383,3,2024-12-25,3,1,1,329.0,141.0,0.0
6753,2000,6,2024-12-25,2,1,1,424.15,210.0,74.85
6754,139,5,2024-12-26,2,2,1,349.0,147.0,0.0
6755,1432,2,2024-12-26,4,1,1,254.15,128.0,44.85
6756,818,1,2024-12-26,1,4,1,299.0,128.0,0.0
6757,636,4,2024-12-26,3,2,1,349.0,147.0,0.0
6758,486,1,2024-12-26,2,4,2,299.0,128.0,0.0
6759,1425,1,2024-12-26,3,2,1,299.0,128.0,0.0
6760,1985,5,2024-12-26,1,2,1,349.0,147.0,0.0
6761,1315,5,2024-12-26,6,2,1,349.0,147.0,0.0
6762,1925,5,2024-12-26,2,3,1,349.0,147.0,0.0
6763,508,5,2024-12-26,8,1,1,296.65,147.0,52.35
6764,870,4,2024-12-26,2,2,1,349.0,147.0,0.0
6765,1949,3,2024-12-26,8,4,1,296.1,141.0,32.9
6766,509,2,2024-12-26,2,2,1,254.15,128.0,44.85
6767,280,4,2024-12-26,3,1,1,349.0,147.0,0.0
6768,1693,5,2024-12-26,6,1,1,349.0,147.0,0.0
6769,511,4,2024-12-26,1,1,1,349.0,147.0,0.0
6770,1857,1,2024-12-26,5,1,1,299.0,128.0,0.0
6771,951,3,2024-12-26,5,1,1,329.0,141.0,0.0
6772,821,3,2024-12-26,2,1,1,329.0,141.0,0.0
6773,1835,4,2024-12-26,2,3,1,314.1,147.0,34.9
6774,1827,5,2024-12-26,4,1,1,349.0,147.0,0.0
6775,346,6,2024-12-26,1,1,1,449.1,210.0,49.9
6776,698,2,2024-12-26,1,3,1,269.1,128.0,29.9
6777,40,5,2024-12-26,6,2,1,349.0,147.0,0.0
6778,1477,3,2024-12-26,3,1,1,329.0,141.0,0.0
6779,1108,4,2024-12-26,8,2,1,349.0,147.0,0.0
6780,445,5,2024-12-26,2,1,1,349.0,147.0,0.0
6781,1243,6,2024-12-26,3,2,1,499.0,210.0,0.0
6782,841,1,2024-12-26,1,3,1,299.0,128.0,0.0
6783,460,5,2024-12-26,2,2,1,296.65,147.0,52.35
6784,76,4,2024-12-26,3,1,1,349.0,147.0,0.0
6785,1512,4,2024-12-26,1,2,1,349.0,147.0,0.0
6786,447,5,2024-12-26,1,1,1,349.0,147.0,0.0
6787,1216,2,2024-12-26,2,4,1,254.15,128.0,44.85
6788,605,3,2024-12-27,1,5,2,329.0,141.0,0.0
6789,1966,2,2024-12-27,2,1,1,299.0,128.0,0.0
6790,1072,6,2024-12-27,2,4,1,499.0,210.0,0.0
6791,1790,3,2024-12-27,4,3,1,329.0,141.0,0.0
6792,266,5,2024-12-27,1,2,1,349.0,147.0,0.0
6793,1141,5,2024-12-27,1,3,1,349.0,147.0,0.0
6794,1479,2,2024-12-27,7,2,1,299.0,128.0,0.0
6795,397,4,2024-12-27,2,5,1,349.0,147.0,0.0
6796,799,4,2024-12-27,1,2,1,349.0,147.0,0.0
6797,802,6,2024-12-27,5,5,1,499.0,210.0,0.0
6798,376,5,2024-12-27,1,3,1,349.0,147.0,0.0
6799,413,1,2024-12-27,5,1,1,269.1,128.0,29.9
6800,87,5,2024-12-27,3,5,1,349.0,147.0,0.0
6801,156,3,2024-12-27,5,5,1,296.1,141.0,32.9
6802,489,6,2024-12-27,1,2,1,499.0,210.0,0.0
6803,1235,6,2024-12-27,5,2,1,499.0,210.0,0.0
6804,409,5,2024-12-27,4,3,1,349.0,147.0,0.0
6805,1451,3,2024-12-27,5,1,1,329.0,141.0,0.0
6806,1078,5,2024-12-27,2,3,1,349.0,147.0,0.0
6807,1332,5,2024-12-27,3,4,1,349.0,147.0,0.0
6808,685,1,2024-12-27,5,2,1,299.0,128.0,0.0
6809,1860,5,2024-12-27,5,3,1,314.1,147.0,34.9
6810,804,5,2024-12-27,1,1,1,296.65,147.0,52.35
6811,519,4,2024-12-27,6,4,1,349.0,147.0,0.0
6812,1505,2,2024-12-27,5,2,1,299.0,128.0,0.0
6813,1042,5,2024-12-27,8,1,1,349.0,147.0,0.0
6814,496,4,2024-12-27,3,3,1,349.0,147.0,0.0
6815,1396,3,2024-12-27,5,1,1,329.0,141.0,0.0
6816,1783,6,2024-12-27,1,1,1,499.0,210.0,0.0
6817,774,3,2024-12-27,6,2,1,329.0,141.0,0.0
6818,671,4,2024-12-27,6,1,1,349.0,147.0,0.0
6819,1230,5,2024-12-27,3,2,1,349.0,147.0,0.0
6820,1975,4,2024-12-27,1,1,1,349.0,147.0,0.0
6821,610,6,2024-12-27,2,4,1,499.0,210.0,0.0
6822,926,2,2024-12-27,3,3,1,269.1,128.0,29.9
6823,1666,4,2024-12-28,3,5,1,349.0,147.0,0.0
6824,771,4,2024-12-28,5,1,1,349.0,147.0,0.0
6825,1690,2,2024-12-28,4,2,1,299.0,128.0,0.0
6826,1988,4,2024-12-28,2,1,1,349.0,147.0,0.0
6827,1345,2,2024-12-28,1,2,2,299.0,128.0,0.0
6828,898,1,2024-12-28,7,2,1,299.0,128.0,0.0
6829,1795,5,2024-12-28,5,4,1,349.0,147.0,0.0
6830,23,1,2024-12-28,2,3,1,299.0,128.0,0.0
6831,1243,2,2024-12-28,1,2,1,299.0,128.0,0.0
6832,1853,5,2024-12-28,1,4,1,349.0,147.0,0.0
6833,1576,5,2024-12-28,4,1,1,349.0,147.0,0.0
6834,51,1,2024-12-28,3,3,1,299.0,128.0,0.0
6835,1125,3,2024-12-28,5,1,1,296.1,141.0,32.9
6836,1261,5,2024-12-28,3,1,1,314.1,147.0,34.9
6837,1432,4,2024-12-28,7,2,1,349.0,147.0,0.0
6838,1962,4,2024-12-28,3,1,1,349.0,147.0,0.0
6839,1838,5,2024-12-28,1,2,2,349.0,147.0,0.0
6840,954,1,2024-12-28,1,3,1,299.0,128.0,0.0
6841,1100,1,2024-12-28,7,1,1,299.0,128.0,0.0
6842,1517,4,2024-12-28,1,3,1,349.0,147.0,0.0
6843,1480,4,2024-12-28,4,1,1,349.0,147.0,0.0
6844,155,4,2024-12-28,3,3,1,349.0,147.0,0.0
6845,247,4,2024-12-28,2,3,1,349.0,147.0,0.0
6846,1071,5,2024-12-28,7,2,1,349.0,147.0,0.0
6847,1917,5,2024-12-28,3,5,1,349.0,147.0,0.0
6848,1291,2,2024-12-28,8,5,1,299.0,128.0,0.0
6849,868,4,2024-12-28,2,2,2,349.0,147.0,0.0
6850,1307,2,2024-12-28,4,1,1,299.0,128.0,0.0
6851,1100,3,2024-12-28,9,2,1,279.65,141.0,49.35
6852,113,6,2024-12-28,2,1,1,499.0,210.0,0.0
6853,1592,4,2024-12-28,9,2,1,349.0,147.0,0.0
6854,1786,5,2024-12-28,7,2,1,349.0,147.0,0.0
6855,381,5,2024-12-28,6,1,2,349.0,147.0,0.0
6856,911,1,2024-12-28,6,2,1,299.0,128.0,0.0
6857,967,5,2024-12-29,6,1,2,349.0,147.0,0.0
6858,200,5,2024-12-29,2,2,1,314.1,147.0,34.9
6859,396,4,2024-12-29,9,4,1,349.0,147.0,0.0
6860,1969,3,2024-12-29,5,5,1,279.65,141.0,49.35
6861,1670,5,2024-12-29,8,3,1,349.0,147.0,0.0
6862,924,3,2024-12-29,3,3,1,329.0,141.0,0.0
6863,734,5,2024-12-29,3,1,1,314.1,147.0,34.9
6864,1440,5,2024-12-29,4,1,1,349.0,147.0,0.0
6865,1131,2,2024-12-29,5,1,1,269.1,128.0,29.9
6866,628,3,2024-12-29,5,4,1,296.1,141.0,32.9
6867,1262,4,2024-12-29,1,2,1,296.65,147.0,52.35
6868,482,4,2024-12-29,4,3,1,349.0,147.0,0.0
6869,1839,4,2024-12-29,2,5,1,349.0,147.0,0.0
6870,1540,1,2024-12-29,1,1,1,299.0,128.0,0.0
6871,56,3,2024-12-29,1,5,1,329.0,141.0,0.0
6872,604,1,2024-12-29,1,2,1,299.0,128.0,0.0
6873,359,2,2024-12-29,5,2,1,299.0,128.0,0.0
6874,103,4,2024-12-29,1,2,1,349.0,147.0,0.0
6875,1512,2,2024-12-29,1,5,1,269.1,128.0,29.9
6876,442,4,2024-12-29,1,3,1,349.0,147.0,0.0
6877,1991,4,2024-12-29,2,1,1,349.0,147.0,0.0
6878,1365,6,2024-12-29,2,1,1,499.0,210.0,0.0
6879,873,1,2024-12-29,5,5,1,269.1,128.0,29.9
6880,1051,1,2024-12-29,8,1,1,299.0,128.0,0.0
6881,1771,6,2024-12-29,7,2,1,499.0,210.0,0.0
6882,163,5,2024-12-29,7,1,1,349.0,147.0,0.0
6883,1880,2,2024-12-29,1,1,1,299.0,128.0,0.0
6884,1507,5,2024-12-29,1,1,1,296.65,147.0,52.35
6885,1294,5,2024-12-29,1,3,1,349.0,147.0,0.0
6886,1220,5,2024-12-29,9,4,1,349.0,147.0,0.0
6887,1638,5,2024-12-29,2,1,1,349.0,147.0,0.0
6888,1318,4,2024-12-29,1,4,2,349.0,147.0,0.0
6889,755,6,2024-12-29,5,1,1,499.0,210.0,0.0
6890,1168,6,2024-12-29,3,2,1,424.15,210.0,74.85
6891,220,5,2024-12-29,4,5,1,296.65,147.0,52.35
6892,853,1,2024-12-29,2,2,1,299.0,128.0,0.0
6893,401,5,2024-12-29,1,1,1,349.0,147.0,0.0
6894,1195,4,2024-12-29,2,4,2,349.0,147.0,0.0
6895,735,2,2024-12-30,3,1,1,299.0,128.0,0.0
6896,632,5,2024-12-30,6,2,2,349.0,147.0,0.0
6897,1410,5,2024-12-30,2,2,1,314.1,147.0,34.9
6898,89,2,2024-12-30,2,2,1,269.1,128.0,29.9
6899,200,5,2024-12-30,5,1,1,349.0,147.0,0.0
6900,682,5,2024-12-30,5,5,1,349.0,147.0,0.0
6901,593,1,2024-12-30,2,2,1,299.0,128.0,0.0
6902,1284,1,2024-12-30,1,2,1,269.1,128.0,29.9
6903,1576,4,2024-12-30,7,5,1,349.0,147.0,0.0
6904,318,1,2024-12-30,4,4,1,269.1,128.0,29.9
6905,776,4,2024-12-30,9,2,1,349.0,147.0,0.0
6906,296,4,2024-12-30,4,2,1,314.1,147.0,34.9
6907,293,3,2024-12-30,4,2,1,329.0,141.0,0.0
6908,1620,2,2024-12-30,1,2,1,254.15,128.0,44.85
6909,439,4,2024-12-30,1,5,1,349.0,147.0,0.0
6910,1619,4,2024-12-30,3,1,1,349.0,147.0,0.0
6911,127,4,2024-12-30,1,1,1,296.65,147.0,52.35
6912,1997,1,2024-12-30,1,1,1,299.0,128.0,0.0
6913,655,1,2024-12-30,5,3,1,299.0,128.0,0.0
6914,154,4,2024-12-30,2,4,1,349.0,147.0,0.0
6915,624,5,2024-12-30,8,1,1,314.1,147.0,34.9
6916,394,5,2024-12-30,7,2,1,349.0,147.0,0.0
6917,1390,3,2024-12-30,5,2,1,296.1,141.0,32.9
6918,662,5,2024-12-30,1,1,1,349.0,147.0,0.0
6919,1969,5,2024-12-30,3,2,1,349.0,147.0,0.0
6920,129,6,2024-12-30,1,1,1,499.0,210.0,0.0
6921,1206,2,2024-12-30,1,4,1,299.0,128.0,0.0
6922,631,4,2024-12-30,5,2,1,349.0,147.0,0.0
6923,1535,3,2024-12-30,3,1,1,279.65,141.0,49.35
6924,253,3,2024-12-30,3,2,1,279.65,141.0,49.35
6925,1878,5,2024-12-30,1,3,1,349.0,147.0,0.0
6926,450,6,2024-12-30,3,2,1,499.0,210.0,0.0
6927,756,4,2024-12-30,1,1,1,349.0,147.0,0.0
6928,1489,4,2024-12-30,3,1,2,349.0,147.0,0.0
6929,494,3,2024-12-30,5,1,1,329.0,141.0,0.0
6930,997,2,2024-12-30,8,2,1,299.0,128.0,0.0
6931,1761,5,2024-12-30,5,2,1,349.0,147.0,0.0
6932,1260,5,2024-12-30,1,2,2,296.65,147.0,52.35
6933,893,4,2024-12-30,3,1,1,349.0,147.0,0.0
6934,54,5,2024-12-30,8,1,1,349.0,147.0,0.0
6935,104,5,2024-12-30,8,1,1,349.0,147.0,0.0
6936,944,6,2024-12-30,5,1,1,499.0,210.0,0.0
6937,696,3,2024-12-31,5,3,1,329.0,141.0,0.0
6938,343,4,2024-12-31,1,1,1,349.0,147.0,0.0
6939,407,1,2024-12-31,3,5,1,299.0,128.0,0.0
6940,1373,2,2024-12-31,1,1,1,299.0,128.0,0.0
6941,156,4,2024-12-31,2,1,1,349.0,147.0,0.0
6942,1327,2,2024-12-31,4,4,1,299.0,128.0,0.0
6943,1057,5,2024-12-31,2,5,2,349.0,147.0,0.0
6944,1769,3,2024-12-31,1,4,1,329.0,141.0,0.0
6945,575,5,2024-12-31,1,1,1,349.0,147.0,0.0
6946,869,3,2024-12-31,1,2,1,329.0,141.0,0.0
6947,1029,5,2024-12-31,2,3,1,296.65,147.0,52.35
6948,1264,1,2024-12-31,3,5,1,299.0,128.0,0.0
6949,260,4,2024-12-31,2,5,1,349.0,147.0,0.0
6950,969,4,2024-12-31,3,1,1,349.0,147.0,0.0
6951,826,5,2024-12-31,1,1,1,314.1,147.0,34.9
6952,32,5,2024-12-31,4,2,1,314.1,147.0,34.9
6953,344,5,2024-12-31,3,2,1,349.0,147.0,0.0
6954,1937,1,2024-12-31,6,2,1,299.0,128.0,0.0
6955,98,5,2024-12-31,1,1,1,349.0,147.0,0.0
6956,295,5,2024-12-31,5,1,1,349.0,147.0,0.0
6957,578,1,2024-12-31,3,1,2,299.0,128.0,0.0
6958,1330,5,2024-12-31,1,1,1,314.1,147.0,34.9
6959,435,1,2024-12-31,3,2,1,254.15,128.0,44.85
6960,1767,4,2024-12-31,2,4,1,349.0,147.0,0.0
6961,1193,4,2024-12-31,9,4,1,349.0,147.0,0.0
6962,1188,3,2024-12-31,2,2,1,329.0,141.0,0.0
6963,930,1,2024-12-31,3,1,1,254.15,128.0,44.85
6964,756,6,2024-12-31,2,1,1,499.0,210.0,0.0
6965,826,5,2024-12-31,5,2,1,349.0,147.0,0.0
6966,585,5,2024-12-31,3,4,1,314.1,147.0,34.9
6967,946,4,2024-12-31,3,1,1,314.1,147.0,34.9
6968,1324,5,2024-12-31,8,4,1,349.0,147.0,0.0
6969,1083,2,2024-12-31,1,2,1,299.0,128.0,0.0
6970,534,5,2024-12-31,2,1,1,349.0,147.0,0.0
6971,1245,5,2024-12-31,1,1,1,349.0,147.0,0.0
6972,1548,3,2024-12-31,1,2,2,329.0,141.0,0.0
6973,1516,4,2025-01-01,6,2,1,349.0,147.0,0.0
6974,1205,4,2025-01-01,2,1,2,349.0,147.0,0.0
6975,1835,2,2025-01-01,4,2,2,299.0,128.0,0.0
6976,1699,5,2025-01-01,3,4,1,349.0,147.0,0.0
6977,248,5,2025-01-01,5,2,1,349.0,147.0,0.0
6978,704,5,2025-01-01,1,2,1,349.0,147.0,0.0
6979,1605,5,2025-01-01,1,1,1,349.0,147.0,0.0
6980,1311,3,2025-01-01,1,2,2,329.0,141.0,0.0
6981,213,5,2025-01-01,1,2,1,349.0,147.0,0.0
6982,360,1,2025-01-01,2,2,1,299.0,128.0,0.0
6983,261,2,2025-01-01,4,2,1,299.0,128.0,0.0
6984,669,5,2025-01-01,4,2,1,349.0,147.0,0.0
6985,657,2,2025-01-01,1,4,1,299.0,128.0,0.0
6986,553,2,2025-01-01,1,1,1,299.0,128.0,0.0
6987,379,1,2025-01-01,2,2,1,299.0,128.0,0.0
6988,86,4,2025-01-01,1,4,1,349.0,147.0,0.0
6989,1407,1,2025-01-01,1,2,1,299.0,128.0,0.0
6990,1947,2,2025-01-01,3,5,1,299.0,128.0,0.0
6991,1996,1,2025-01-01,6,2,1,299.0,128.0,0.0
6992,1617,2,2025-01-01,5,1,1,299.0,128.0,0.0
6993,1831,4,2025-01-01,5,5,1,349.0,147.0,0.0
6994,1875,4,2025-01-02,1,2,1,349.0,147.0,0.0
6995,1189,6,2025-01-02,1,1,1,424.15,210.0,74.85
6996,1820,5,2025-01-02,3,3,1,349.0,147.0,0.0
6997,610,1,2025-01-02,8,1,1,299.0,128.0,0.0
6998,743,1,2025-01-02,1,2,2,299.0,128.0,0.0
6999,1209,5,2025-01-02,2,2,1,349.0,147.0,0.0
7000,480,1,2025-01-02,1,1,1,269.1,128.0,29.9
7001,68,4,2025-01-02,1,3,1,349.0,147.0,0.0
7002,1909,4,2025-01-02,3,2,1,349.0,147.0,0.0
7003,1945,4,2025-01-02,1,2,1,349.0,147.0,0.0
7004,1910,2,2025-01-02,1,3,1,299.0,128.0,0.0
7005,1816,5,2025-01-02,3,1,1,314.1,147.0,34.9
7006,1030,5,2025-01-02,1,1,1,349.0,147.0,0.0
7007,1338,3,2025-01-02,8,2,1,329.0,141.0,0.0
7008,746,6,2025-01-02,3,1,1,499.0,210.0,0.0
7009,587,5,2025-01-02,1,1,1,349.0,147.0,0.0
7010,571,4,2025-01-02,3,1,1,349.0,147.0,0.0
7011,225,6,2025-01-02,2,3,1,499.0,210.0,0.0
7012,666,4,2025-01-02,1,2,1,349.0,147.0,0.0
7013,961,1,2025-01-02,4,1,1,269.1,128.0,29.9
7014,790,4,2025-01-02,3,2,1,349.0,147.0,0.0
7015,104,1,2025-01-02,5,2,1,299.0,128.0,0.0
7016,752,2,2025-01-02,5,1,1,299.0,128.0,0.0
7017,1003,4,2025-01-02,3,5,1,349.0,147.0,0.0
7018,68,3,2025-01-02,6,1,1,329.0,141.0,0.0
7019,1945,4,2025-01-02,2,1,1,314.1,147.0,34.9
7020,814,1,2025-01-03,2,1,1,269.1,128.0,29.9
7021,1199,4,2025-01-03,2,1,1,349.0,147.0,0.0
7022,1765,2,2025-01-03,5,1,1,299.0,128.0,0.0
7023,1007,4,2025-01-03,5,3,1,349.0,147.0,0.0
7024,366,5,2025-01-03,2,1,1,349.0,147.0,0.0
7025,299,1,2025-01-03,2,2,1,299.0,128.0,0.0
7026,145,4,2025-01-03,8,2,1,314.1,147.0,34.9
7027,1004,4,2025-01-03,4,4,1,349.0,147.0,0.0
7028,1903,3,2025-01-03,8,4,1,296.1,141.0,32.9
7029,893,4,2025-01-03,1,3,1,349.0,147.0,0.0
7030,98,4,2025-01-03,3,1,1,314.1,147.0,34.9
7031,1742,4,2025-01-03,1,2,1,349.0,147.0,0.0
7032,1070,4,2025-01-03,8,2,1,349.0,147.0,0.0
7033,757,4,2025-01-03,1,1,1,349.0,147.0,0.0
7034,747,1,2025-01-03,5,1,1,299.0,128.0,0.0
7035,1790,1,2025-01-03,7,2,1,299.0,128.0,0.0
7036,179,2,2025-01-03,3,2,1,299.0,128.0,0.0
7037,362,4,2025-01-03,4,3,1,349.0,147.0,0.0
7038,1483,5,2025-01-03,2,1,1,314.1,147.0,34.9
7039,1686,4,2025-01-03,5,3,1,349.0,147.0,0.0
7040,1925,3,2025-01-04,1,3,1,279.65,141.0,49.35
7041,61,5,2025-01-04,1,5,1,296.65,147.0,52.35
7042,1698,3,2025-01-04,4,5,1,329.0,141.0,0.0
7043,1362,4,2025-01-04,5,2,1,349.0,147.0,0.0
7044,1150,5,2025-01-04,1,3,1,349.0,147.0,0.0
7045,897,1,2025-01-04,6,1,1,299.0,128.0,0.0
7046,737,4,2025-01-04,5,3,1,349.0,147.0,0.0
7047,1456,5,2025-01-04,1,1,1,314.1,147.0,34.9
7048,714,2,2025-01-04,2,4,1,269.1,128.0,29.9
7049,385,5,2025-01-04,3,2,1,296.65,147.0,52.35
7050,175,5,2025-01-04,9,3,1,314.1,147.0,34.9
7051,865,1,2025-01-04,2,2,1,269.1,128.0,29.9
7052,666,5,2025-01-04,3,3,1,349.0,147.0,0.0
7053,1945,5,2025-01-04,6,2,1,349.0,147.0,0.0
7054,832,3,2025-01-04,1,3,1,279.65,141.0,49.35
7055,1049,1,2025-01-04,1,1,1,299.0,128.0,0.0
7056,1510,4,2025-01-04,1,2,1,349.0,147.0,0.0
7057,1898,3,2025-01-04,1,2,1,329.0,141.0,0.0
7058,1361,5,2025-01-04,1,2,1,296.65,147.0,52.35
7059,1807,5,2025-01-04,2,2,1,314.1,147.0,34.9
7060,1541,4,2025-01-04,9,2,2,349.0,147.0,0.0
7061,907,4,2025-01-04,2,5,1,349.0,147.0,0.0
7062,1172,5,2025-01-04,1,1,1,349.0,147.0,0.0
7063,923,5,2025-01-04,4,5,1,349.0,147.0,0.0
7064,608,4,2025-01-04,1,2,1,349.0,147.0,0.0
7065,962,5,2025-01-04,1,1,1,349.0,147.0,0.0
7066,381,5,2025-01-04,5,3,1,349.0,147.0,0.0
7067,1724,4,2025-01-04,5,4,2,349.0,147.0,0.0
7068,1181,1,2025-01-04,1,1,1,299.0,128.0,0.0
7069,65,5,2025-01-04,1,2,1,349.0,147.0,0.0
7070,31,4,2025-01-04,1,1,1,349.0,147.0,0.0
7071,425,5,2025-01-04,2,2,1,296.65,147.0,52.35
7072,604,6,2025-01-05,1,3,1,499.0,210.0,0.0
7073,1296,6,2025-01-05,7,1,1,499.0,210.0,0.0
7074,714,2,2025-01-05,7,4,1,299.0,128.0,0.0
7075,433,2,2025-01-05,7,1,1,299.0,128.0,0.0
7076,221,4,2025-01-05,1,3,1,349.0,147.0,0.0
7077,67,3,2025-01-05,4,5,1,329.0,141.0,0.0
7078,522,3,2025-01-05,7,5,1,329.0,141.0,0.0
7079,710,4,2025-01-05,8,5,1,349.0,147.0,0.0
7080,1550,4,2025-01-05,3,1,1,296.65,147.0,52.35
7081,1929,2,2025-01-05,2,1,1,299.0,128.0,0.0
7082,857,3,2025-01-05,8,1,1,279.65,141.0,49.35
7083,457,4,2025-01-05,1,1,1,314.1,147.0,34.9
7084,1692,1,2025-01-05,5,2,1,299.0,128.0,0.0
7085,1369,5,2025-01-05,1,2,1,349.0,147.0,0.0
7086,532,4,2025-01-05,6,5,1,314.1,147.0,34.9
7087,1648,1,2025-01-05,5,2,1,269.1,128.0,29.9
7088,1754,1,2025-01-05,3,5,1,299.0,128.0,0.0
7089,873,4,2025-01-05,1,2,1,349.0,147.0,0.0
7090,1256,2,2025-01-05,4,4,1,254.15,128.0,44.85
7091,1131,6,2025-01-05,5,2,1,499.0,210.0,0.0
7092,1414,2,2025-01-05,5,1,2,299.0,128.0,0.0
7093,1681,1,2025-01-05,1,5,1,299.0,128.0,0.0
7094,669,5,2025-01-05,3,1,1,314.1,147.0,34.9
7095,480,4,2025-01-05,1,2,1,296.65,147.0,52.35
7096,955,1,2025-01-05,2,2,1,299.0,128.0,0.0
7097,1207,4,2025-01-06,1,5,1,349.0,147.0,0.0
7098,1541,1,2025-01-06,4,1,1,299.0,128.0,0.0
7099,1044,3,2025-01-06,3,1,1,329.0,141.0,0.0
7100,1927,2,2025-01-06,3,1,1,254.15,128.0,44.85
7101,1686,5,2025-01-06,5,3,1,349.0,147.0,0.0
7102,1265,4,2025-01-06,5,2,1,349.0,147.0,0.0
7103,1050,3,2025-01-06,4,1,2,329.0,141.0,0.0
7104,685,5,2025-01-06,3,2,1,349.0,147.0,0.0
7105,863,4,2025-01-06,3,1,1,349.0,147.0,0.0
7106,1655,4,2025-01-06,2,3,1,296.65,147.0,52.35
7107,711,6,2025-01-06,5,2,1,424.15,210.0,74.85
7108,1164,4,2025-01-06,1,1,1,314.1,147.0,34.9
7109,846,2,2025-01-06,5,3,1,299.0,128.0,0.0
7110,1067,3,2025-01-06,3,1,1,329.0,141.0,0.0
7111,1706,5,2025-01-06,2,2,1,349.0,147.0,0.0
7112,244,2,2025-01-06,2,4,1,299.0,128.0,0.0
7113,1791,1,2025-01-06,1,5,1,269.1,128.0,29.9
7114,1127,6,2025-01-06,2,5,1,499.0,210.0,0.0
7115,758,2,2025-01-06,5,5,1,299.0,128.0,0.0
7116,1619,1,2025-01-06,3,5,1,254.15,128.0,44.85
7117,1639,5,2025-01-06,8,4,1,349.0,147.0,0.0
7118,1169,5,2025-01-06,4,2,1,349.0,147.0,0.0
7119,810,5,2025-01-06,7,2,1,314.1,147.0,34.9
7120,580,1,2025-01-06,1,5,1,269.1,128.0,29.9
7121,836,1,2025-01-06,5,1,1,299.0,128.0,0.0
7122,103,4,2025-01-06,3,4,1,349.0,147.0,0.0
7123,181,5,2025-01-06,1,3,1,349.0,147.0,0.0
7124,92,1,2025-01-06,1,3,1,299.0,128.0,0.0
7125,1172,1,2025-01-07,1,2,1,299.0,128.0,0.0
7126,385,5,2025-01-07,7,1,1,349.0,147.0,0.0
7127,1439,5,2025-01-07,2,1,1,296.65,147.0,52.35
7128,783,2,2025-01-07,5,4,1,254.15,128.0,44.85
7129,1143,4,2025-01-07,3,1,1,349.0,147.0,0.0
7130,1882,1,2025-01-07,5,2,1,299.0,128.0,0.0
7131,604,1,2025-01-07,1,3,1,299.0,128.0,0.0
7132,1618,2,2025-01-07,3,1,1,299.0,128.0,0.0
7133,1309,5,2025-01-07,7,1,1,296.65,147.0,52.35
7134,994,5,2025-01-07,1,1,1,349.0,147.0,0.0
7135,1408,5,2025-01-07,1,3,2,349.0,147.0,0.0
7136,1709,6,2025-01-07,5,4,1,499.0,210.0,0.0
7137,205,4,2025-01-07,2,1,1,349.0,147.0,0.0
7138,889,5,2025-01-07,1,5,1,296.65,147.0,52.35
7139,945,6,2025-01-07,1,4,1,499.0,210.0,0.0
7140,56,4,2025-01-07,7,1,2,349.0,147.0,0.0
7141,1110,4,2025-01-07,4,5,1,296.65,147.0,52.35
7142,1578,5,2025-01-07,2,2,1,349.0,147.0,0.0
7143,649,2,2025-01-07,4,5,1,299.0,128.0,0.0
7144,1241,5,2025-01-07,5,3,1,349.0,147.0,0.0
7145,1072,3,2025-01-07,2,1,1,329.0,141.0,0.0
7146,35,5,2025-01-07,8,1,1,349.0,147.0,0.0
7147,462,1,2025-01-07,1,1,1,299.0,128.0,0.0
7148,91,4,2025-01-07,4,3,1,349.0,147.0,0.0
7149,284,4,2025-01-07,2,2,1,349.0,147.0,0.0
7150,1310,5,2025-01-08,2,3,1,349.0,147.0,0.0
7151,464,2,2025-01-08,2,5,1,299.0,128.0,0.0
7152,1680,2,2025-01-08,1,1,1,299.0,128.0,0.0
7153,615,4,2025-01-08,5,1,1,349.0,147.0,0.0
7154,1142,3,2025-01-08,1,1,1,329.0,141.0,0.0
7155,1393,6,2025-01-08,7,5,2,499.0,210.0,0.0
7156,1393,3,2025-01-08,3,1,1,296.1,141.0,32.9
7157,1218,1,2025-01-08,1,3,1,299.0,128.0,0.0
7158,1416,4,2025-01-08,1,1,2,349.0,147.0,0.0
7159,211,5,2025-01-08,4,1,1,349.0,147.0,0.0
7160,1593,2,2025-01-08,9,1,1,299.0,128.0,0.0
7161,153,1,2025-01-08,5,1,2,299.0,128.0,0.0
7162,107,2,2025-01-08,1,5,1,299.0,128.0,0.0
7163,1862,5,2025-01-08,2,4,1,349.0,147.0,0.0
7164,670,6,2025-01-08,3,2,1,499.0,210.0,0.0
7165,1319,1,2025-01-08,7,3,1,299.0,128.0,0.0
7166,434,2,2025-01-08,2,2,1,299.0,128.0,0.0
7167,880,4,2025-01-08,1,1,1,349.0,147.0,0.0
7168,586,4,2025-01-08,2,2,1,349.0,147.0,0.0
7169,1469,3,2025-01-08,2,2,1,329.0,141.0,0.0
7170,718,3,2025-01-08,4,3,1,279.65,141.0,49.35
7171,1731,4,2025-01-08,2,1,1,349.0,147.0,0.0
7172,1882,2,2025-01-09,5,3,1,269.1,128.0,29.9
7173,1858,5,2025-01-09,3,1,1,349.0,147.0,0.0
7174,1041,3,2025-01-09,3,2,1,329.0,141.0,0.0
7175,734,5,2025-01-09,5,1,1,349.0,147.0,0.0
7176,1149,4,2025-01-09,2,2,1,314.1,147.0,34.9
7177,1586,4,2025-01-09,1,2,2,314.1,147.0,34.9
7178,1314,1,2025-01-09,6,2,1,269.1,128.0,29.9
7179,935,1,2025-01-09,2,2,1,299.0,128.0,0.0
7180,1265,3,2025-01-09,5,1,1,329.0,141.0,0.0
7181,814,4,2025-01-09,2,2,1,296.65,147.0,52.35
7182,1602,5,2025-01-09,5,1,1,349.0,147.0,0.0
7183,292,5,2025-01-09,4,1,1,314.1,147.0,34.9
7184,1310,4,2025-01-09,1,3,1,349.0,147.0,0.0
7185,460,4,2025-01-09,5,1,1,314.1,147.0,34.9
7186,1680,3,2025-01-09,7,2,2,296.1,141.0,32.9
7187,664,6,2025-01-09,3,1,1,449.1,210.0,49.9
7188,1747,4,2025-01-09,1,2,1,349.0,147.0,0.0
7189,674,2,2025-01-09,1,5,1,299.0,128.0,0.0
7190,642,2,2025-01-09,2,4,1,269.1,128.0,29.9
7191,601,4,2025-01-09,4,3,1,349.0,147.0,0.0
7192,888,4,2025-01-09,5,2,1,349.0,147.0,0.0
7193,1459,3,2025-01-09,4,1,1,329.0,141.0,0.0
7194,266,6,2025-01-09,3,2,1,499.0,210.0,0.0
7195,619,5,2025-01-09,1,1,1,314.1,147.0,34.9
7196,1244,4,2025-01-10,3,2,1,314.1,147.0,34.9
7197,198,6,2025-01-10,2,5,1,499.0,210.0,0.0
7198,660,4,2025-01-10,4,2,1,314.1,147.0,34.9
7199,1329,6,2025-01-10,2,2,1,449.1,210.0,49.9
7200,1591,4,2025-01-10,2,2,1,349.0,147.0,0.0
7201,559,2,2025-01-10,1,2,1,299.0,128.0,0.0
7202,603,5,2025-01-10,4,5,1,349.0,147.0,0.0
7203,657,2,2025-01-10,3,1,1,299.0,128.0,0.0
7204,72,5,2025-01-10,7,2,1,349.0,147.0,0.0
7205,1176,2,2025-01-10,3,1,1,299.0,128.0,0.0
7206,1713,5,2025-01-10,2,5,1,349.0,147.0,0.0
7207,1757,5,2025-01-10,3,1,1,349.0,147.0,0.0
7208,1558,3,2025-01-10,1,4,1,296.1,141.0,32.9
7209,420,3,2025-01-10,5,2,1,279.65,141.0,49.35
7210,747,4,2025-01-10,1,2,1,349.0,147.0,0.0
7211,1269,5,2025-01-10,6,1,1,349.0,147.0,0.0
7212,768,3,2025-01-10,4,2,1,296.1,141.0,32.9
7213,43,5,2025-01-10,1,1,1,349.0,147.0,0.0
7214,1458,2,2025-01-10,1,2,1,299.0,128.0,0.0
7215,1778,2,2025-01-10,2,1,2,299.0,128.0,0.0
7216,1442,2,2025-01-11,2,2,1,299.0,128.0,0.0
7217,867,2,2025-01-11,3,3,1,299.0,128.0,0.0
7218,1213,5,2025-01-11,3,3,1,349.0,147.0,0.0
7219,1020,5,2025-01-11,4,3,1,349.0,147.0,0.0
7220,1752,5,2025-01-11,1,2,1,349.0,147.0,0.0
7221,668,5,2025-01-11,1,1,2,349.0,147.0,0.0
7222,565,1,2025-01-11,3,3,1,299.0,128.0,0.0
7223,202,1,2025-01-11,3,1,1,269.1,128.0,29.9
7224,1045,4,2025-01-11,6,3,1,349.0,147.0,0.0
7225,394,5,2025-01-11,6,5,1,349.0,147.0,0.0
7226,371,5,2025-01-11,4,3,1,349.0,147.0,0.0
7227,1765,3,2025-01-11,7,2,1,329.0,141.0,0.0
7228,851,5,2025-01-11,5,1,1,349.0,147.0,0.0
7229,596,6,2025-01-11,4,1,1,499.0,210.0,0.0
7230,1441,5,2025-01-11,1,1,1,349.0,147.0,0.0
7231,200,4,2025-01-11,5,4,1,349.0,147.0,0.0
7232,458,5,2025-01-11,3,1,1,349.0,147.0,0.0
7233,528,1,2025-01-11,6,3,2,254.15,128.0,44.85
7234,969,4,2025-01-11,1,1,1,314.1,147.0,34.9
7235,504,6,2025-01-11,3,3,1,499.0,210.0,0.0
7236,97,1,2025-01-11,4,5,1,269.1,128.0,29.9
7237,997,4,2025-01-11,2,1,1,296.65,147.0,52.35
7238,790,6,2025-01-11,1,2,1,499.0,210.0,0.0
7239,1936,1,2025-01-11,6,3,1,299.0,128.0,0.0
7240,887,2,2025-01-11,5,2,1,299.0,128.0,0.0
7241,1697,4,2025-01-11,7,1,1,349.0,147.0,0.0
7242,1297,5,2025-01-11,7,2,1,349.0,147.0,0.0
7243,1883,5,2025-01-12,2,2,2,314.1,147.0,34.9
7244,1680,4,2025-01-12,3,2,1,349.0,147.0,0.0
7245,1216,2,2025-01-12,3,3,1,254.15,128.0,44.85
7246,900,1,2025-01-12,4,3,1,269.1,128.0,29.9
7247,592,4,2025-01-12,1,1,1,349.0,147.0,0.0
7248,1714,3,2025-01-12,1,1,1,329.0,141.0,0.0
7249,787,3,2025-01-12,2,3,1,329.0,141.0,0.0
7250,744,4,2025-01-12,5,1,1,314.1,147.0,34.9
7251,276,5,2025-01-12,4,2,1,349.0,147.0,0.0
7252,777,3,2025-01-12,1,1,1,329.0,141.0,0.0
7253,488,6,2025-01-12,1,1,1,499.0,210.0,0.0
7254,1221,1,2025-01-12,4,2,1,299.0,128.0,0.0
7255,534,4,2025-01-12,3,5,1,349.0,147.0,0.0
7256,1533,5,2025-01-12,2,4,1,349.0,147.0,0.0
7257,335,2,2025-01-12,5,3,1,299.0,128.0,0.0
7258,1468,2,2025-01-12,5,1,1,299.0,128.0,0.0
7259,973,1,2025-01-12,3,1,1,269.1,128.0,29.9
7260,911,2,2025-01-12,1,2,1,299.0,128.0,0.0
7261,1932,5,2025-01-12,1,5,1,349.0,147.0,0.0
7262,1238,4,2025-01-12,8,1,1,296.65,147.0,52.35
7263,1958,3,2025-01-12,2,2,1,329.0,141.0,0.0
7264,1982,4,2025-01-12,3,3,1,349.0,147.0,0.0
7265,368,6,2025-01-12,1,2,2,499.0,210.0,0.0
7266,757,5,2025-01-13,2,2,1,349.0,147.0,0.0
7267,1446,5,2025-01-13,1,1,1,349.0,147.0,0.0
7268,205,5,2025-01-13,3,2,1,349.0,147.0,0.0
7269,1821,5,2025-01-13,4,2,1,349.0,147.0,0.0
7270,389,2,2025-01-13,7,1,1,299.0,128.0,0.0
7271,386,5,2025-01-13,4,3,1,349.0,147.0,0.0
7272,1575,4,2025-01-13,1,5,1,349.0,147.0,0.0
7273,1158,5,2025-01-13,2,1,1,349.0,147.0,0.0
7274,1284,6,2025-01-13,1,2,1,499.0,210.0,0.0
7275,1395,5,2025-01-13,2,1,1,349.0,147.0,0.0
7276,601,4,2025-01-13,5,2,1,349.0,147.0,0.0
7277,1968,2,2025-01-13,6,3,1,299.0,128.0,0.0
7278,1890,4,2025-01-13,7,2,1,349.0,147.0,0.0
7279,1269,5,2025-01-13,4,1,2,349.0,147.0,0.0
7280,301,3,2025-01-13,6,3,1,279.65,141.0,49.35
7281,965,5,2025-01-13,4,1,2,349.0,147.0,0.0
7282,77,4,2025-01-13,1,1,1,349.0,147.0,0.0
7283,1856,4,2025-01-13,3,2,1,296.65,147.0,52.35
7284,1181,3,2025-01-13,7,5,1,329.0,141.0,0.0
7285,1801,4,2025-01-13,8,3,1,349.0,147.0,0.0
7286,956,4,2025-01-13,1,1,1,349.0,147.0,0.0
7287,282,3,2025-01-13,9,1,1,329.0,141.0,0.0
7288,791,5,2025-01-13,6,1,1,349.0,147.0,0.0
7289,1595,6,2025-01-13,3,4,1,499.0,210.0,0.0
7290,924,6,2025-01-13,5,1,1,499.0,210.0,0.0
7291,1864,3,2025-01-13,6,5,1,329.0,141.0,0.0
7292,220,2,2025-01-14,1,1,1,299.0,128.0,0.0
7293,1748,4,2025-01-14,1,2,1,314.1,147.0,34.9
7294,1068,6,2025-01-14,5,1,1,499.0,210.0,0.0
7295,316,3,2025-01-14,1,3,1,329.0,141.0,0.0
7296,1380,2,2025-01-14,2,4,1,299.0,128.0,0.0
7297,313,4,2025-01-14,5,1,1,314.1,147.0,34.9
7298,1673,5,2025-01-14,1,1,1,349.0,147.0,0.0
7299,1233,1,2025-01-14,8,1,1,269.1,128.0,29.9
7300,789,3,2025-01-14,6,1,1,329.0,141.0,0.0
7301,1707,6,2025-01-14,1,2,1,424.15,210.0,74.85
7302,1776,3,2025-01-14,7,2,1,329.0,141.0,0.0
7303,152,4,2025-01-14,2,2,1,349.0,147.0,0.0
7304,1540,3,2025-01-14,5,1,1,329.0,141.0,0.0
7305,89,3,2025-01-14,9,2,1,329.0,141.0,0.0
7306,1238,4,2025-01-14,3,2,1,349.0,147.0,0.0
7307,1931,6,2025-01-14,4,1,2,499.0,210.0,0.0
7308,1538,5,2025-01-14,1,1,1,296.65,147.0,52.35
7309,96,1,2025-01-14,7,2,1,299.0,128.0,0.0
7310,759,2,2025-01-14,4,5,1,269.1,128.0,29.9
7311,523,1,2025-01-15,1,4,1,299.0,128.0,0.0
7312,953,4,2025-01-15,3,2,1,349.0,147.0,0.0
7313,1088,5,2025-01-15,5,4,1,349.0,147.0,0.0
7314,1030,4,2025-01-15,2,2,2,349.0,147.0,0.0
7315,919,3,2025-01-15,5,3,1,329.0,141.0,0.0
7316,533,1,2025-01-15,4,2,1,254.15,128.0,44.85
7317,119,5,2025-01-15,3,3,1,349.0,147.0,0.0
7318,669,4,2025-01-15,7,2,1,296.65,147.0,52.35
7319,127,5,2025-01-15,6,4,1,349.0,147.0,0.0
7320,1859,5,2025-01-15,1,3,2,314.1,147.0,34.9
7321,220,3,2025-01-15,8,2,1,296.1,141.0,32.9
7322,1593,6,2025-01-15,1,5,1,499.0,210.0,0.0
7323,1234,6,2025-01-15,5,2,1,449.1,210.0,49.9
7324,146,4,2025-01-15,1,1,1,349.0,147.0,0.0
7325,444,4,2025-01-15,5,3,1,314.1,147.0,34.9
7326,1276,6,2025-01-15,2,1,1,499.0,210.0,0.0
7327,1642,5,2025-01-15,1,1,1,349.0,147.0,0.0
7328,371,1,2025-01-15,1,2,1,299.0,128.0,0.0
7329,134,2,2025-01-15,8,2,1,299.0,128.0,0.0
7330,988,2,2025-01-15,2,3,1,254.15,128.0,44.85
7331,433,4,2025-01-15,2,3,1,296.65,147.0,52.35
7332,455,2,2025-01-15,3,2,1,269.1,128.0,29.9
7333,82,1,2025-01-16,1,1,1,299.0,128.0,0.0
7334,509,6,2025-01-16,1,1,1,499.0,210.0,0.0
7335,1708,4,2025-01-16,5,1,1,349.0,147.0,0.0
7336,443,6,2025-01-16,3,1,1,499.0,210.0,0.0
7337,707,4,2025-01-16,1,1,1,349.0,147.0,0.0
7338,1986,3,2025-01-16,3,1,1,329.0,141.0,0.0
7339,4,4,2025-01-16,1,2,1,349.0,147.0,0.0
7340,1384,5,2025-01-16,1,1,1,349.0,147.0,0.0
7341,193,1,2025-01-16,5,1,1,269.1,128.0,29.9
7342,1024,1,2025-01-16,1,1,1,299.0,128.0,0.0
7343,1485,1,2025-01-16,1,5,1,299.0,128.0,0.0
7344,1258,1,2025-01-16,1,5,1,299.0,128.0,0.0
7345,157,5,2025-01-16,5,2,1,296.65,147.0,52.35
7346,1618,2,2025-01-16,2,2,1,299.0,128.0,0.0
7347,1262,4,2025-01-16,6,1,1,349.0,147.0,0.0
7348,1258,3,2025-01-16,5,2,1,296.1,141.0,32.9
7349,1713,2,2025-01-16,1,2,1,299.0,128.0,0.0
7350,1584,1,2025-01-16,2,2,2,299.0,128.0,0.0
7351,249,4,2025-01-16,7,1,1,349.0,147.0,0.0
7352,1604,2,2025-01-16,5,2,1,269.1,128.0,29.9
7353,648,3,2025-01-16,7,1,2,329.0,141.0,0.0
7354,1467,1,2025-01-16,1,1,1,254.15,128.0,44.85
7355,1638,2,2025-01-16,3,1,1,299.0,128.0,0.0
7356,1715,6,2025-01-16,2,5,1,449.1,210.0,49.9
7357,1333,5,2025-01-16,2,1,1,349.0,147.0,0.0
7358,1351,4,2025-01-16,3,1,1,349.0,147.0,0.0
7359,1406,6,2025-01-16,2,3,1,499.0,210.0,0.0
7360,1261,5,2025-01-16,5,2,1,349.0,147.0,0.0
7361,872,5,2025-01-16,2,4,1,349.0,147.0,0.0
7362,1136,1,2025-01-17,1,4,1,299.0,128.0,0.0
7363,613,4,2025-01-17,7,2,1,349.0,147.0,0.0
7364,1776,4,2025-01-17,2,2,1,349.0,147.0,0.0
7365,1941,5,2025-01-17,4,4,1,349.0,147.0,0.0
7366,1226,1,2025-01-17,5,2,2,299.0,128.0,0.0
7367,850,2,2025-01-17,1,4,2,299.0,128.0,0.0
7368,657,4,2025-01-17,7,1,1,349.0,147.0,0.0
7369,946,5,2025-01-17,7,2,1,349.0,147.0,0.0
7370,706,2,2025-01-17,3,2,1,299.0,128.0,0.0
7371,358,4,2025-01-17,1,3,1,314.1,147.0,34.9
7372,356,5,2025-01-17,2,3,1,349.0,147.0,0.0
7373,1095,4,2025-01-17,5,3,1,314.1,147.0,34.9
7374,594,6,2025-01-17,2,1,1,499.0,210.0,0.0
7375,1828,5,2025-01-17,1,1,1,349.0,147.0,0.0
7376,788,4,2025-01-17,3,2,1,314.1,147.0,34.9
7377,1875,2,2025-01-17,8,1,2,299.0,128.0,0.0
7378,510,3,2025-01-17,1,2,2,329.0,141.0,0.0
7379,1055,5,2025-01-17,3,5,2,314.1,147.0,34.9
7380,1568,4,2025-01-17,2,2,1,349.0,147.0,0.0
7381,1300,1,2025-01-17,1,3,1,269.1,128.0,29.9
7382,1121,1,2025-01-17,3,2,1,269.1,128.0,29.9
7383,1623,4,2025-01-17,3,1,1,349.0,147.0,0.0
7384,1873,3,2025-01-17,2,3,1,279.65,141.0,49.35
7385,222,4,2025-01-17,2,2,1,349.0,147.0,0.0
7386,329,4,2025-01-17,7,5,1,349.0,147.0,0.0
7387,692,1,2025-01-17,7,2,1,299.0,128.0,0.0
7388,1306,3,2025-01-18,5,3,1,329.0,141.0,0.0
7389,1556,1,2025-01-18,1,5,1,299.0,128.0,0.0
7390,1141,5,2025-01-18,6,1,1,349.0,147.0,0.0
7391,31,1,2025-01-18,5,3,1,299.0,128.0,0.0
7392,688,3,2025-01-18,3,1,1,329.0,141.0,0.0
7393,18,5,2025-01-18,1,1,1,349.0,147.0,0.0
7394,807,5,2025-01-18,4,1,1,349.0,147.0,0.0
7395,505,1,2025-01-18,6,2,1,299.0,128.0,0.0
7396,1748,5,2025-01-18,1,4,1,349.0,147.0,0.0
7397,1976,2,2025-01-18,4,1,1,299.0,128.0,0.0
7398,771,5,2025-01-18,7,1,1,349.0,147.0,0.0
7399,408,4,2025-01-18,3,3,1,296.65,147.0,52.35
7400,846,4,2025-01-18,3,2,1,349.0,147.0,0.0
7401,641,6,2025-01-18,2,2,1,499.0,210.0,0.0
7402,505,4,2025-01-18,2,3,1,349.0,147.0,0.0
7403,1943,4,2025-01-18,2,4,1,349.0,147.0,0.0
7404,939,6,2025-01-18,1,5,1,499.0,210.0,0.0
7405,590,3,2025-01-18,4,1,1,329.0,141.0,0.0
7406,251,1,2025-01-18,4,1,1,299.0,128.0,0.0
7407,1559,5,2025-01-18,5,2,1,349.0,147.0,0.0
7408,1159,5,2025-01-18,3,2,1,349.0,147.0,0.0
7409,779,3,2025-01-18,4,4,1,329.0,141.0,0.0
7410,441,2,2025-01-18,7,4,1,299.0,128.0,0.0
7411,67,5,2025-01-18,2,2,1,349.0,147.0,0.0
7412,401,4,2025-01-18,4,2,1,349.0,147.0,0.0
7413,423,4,2025-01-18,1,1,1,349.0,147.0,0.0
7414,735,2,2025-01-18,3,1,1,299.0,128.0,0.0
7415,453,6,2025-01-18,3,1,1,499.0,210.0,0.0
7416,1142,2,2025-01-19,3,1,1,299.0,128.0,0.0
7417,690,1,2025-01-19,1,2,1,299.0,128.0,0.0
7418,1122,4,2025-01-19,2,3,1,349.0,147.0,0.0
7419,1247,2,2025-01-19,4,1,1,299.0,128.0,0.0
7420,116,6,2025-01-19,7,3,1,499.0,210.0,0.0
7421,357,3,2025-01-19,1,2,1,279.65,141.0,49.35
7422,575,2,2025-01-19,3,3,1,269.1,128.0,29.9
7423,1,4,2025-01-19,3,2,1,296.65,147.0,52.35
7424,1480,5,2025-01-19,5,2,1,349.0,147.0,0.0
7425,211,3,2025-01-19,1,3,1,329.0,141.0,0.0
7426,901,5,2025-01-19,6,2,1,349.0,147.0,0.0
7427,1215,1,2025-01-19,5,1,2,299.0,128.0,0.0
7428,1752,5,2025-01-19,2,1,1,349.0,147.0,0.0
7429,585,5,2025-01-19,7,1,1,349.0,147.0,0.0
7430,782,5,2025-01-19,8,1,1,349.0,147.0,0.0
7431,1533,5,2025-01-19,5,3,1,349.0,147.0,0.0
7432,21,5,2025-01-19,1,3,1,349.0,147.0,0.0
7433,1515,1,2025-01-19,4,1,1,299.0,128.0,0.0
7434,1678,3,2025-01-19,1,2,1,329.0,141.0,0.0
7435,1663,2,2025-01-19,1,3,1,254.15,128.0,44.85
7436,1047,2,2025-01-19,7,1,1,299.0,128.0,0.0
7437,9,4,2025-01-19,4,4,1,349.0,147.0,0.0
7438,924,5,2025-01-19,4,1,1,349.0,147.0,0.0
7439,861,5,2025-01-19,7,2,1,314.1,147.0,34.9
7440,199,4,2025-01-20,2,4,1,349.0,147.0,0.0
7441,1949,5,2025-01-20,2,3,1,349.0,147.0,0.0
7442,949,5,2025-01-20,1,5,1,349.0,147.0,0.0
7443,383,5,2025-01-20,5,2,1,349.0,147.0,0.0
7444,874,1,2025-01-20,2,2,1,299.0,128.0,0.0
7445,740,5,2025-01-20,3,2,1,296.65,147.0,52.35
7446,763,3,2025-01-20,2,5,1,329.0,141.0,0.0
7447,1017,2,2025-01-20,1,3,1,299.0,128.0,0.0
7448,29,5,2025-01-20,3,1,1,349.0,147.0,0.0
7449,1729,2,2025-01-20,1,1,1,269.1,128.0,29.9
7450,138,4,2025-01-20,3,1,1,349.0,147.0,0.0
7451,1295,2,2025-01-20,1,3,1,299.0,128.0,0.0
7452,1294,4,2025-01-20,3,2,1,349.0,147.0,0.0
7453,452,4,2025-01-20,3,4,1,296.65,147.0,52.35
7454,264,1,2025-01-20,3,1,1,299.0,128.0,0.0
7455,1510,3,2025-01-20,3,5,1,329.0,141.0,0.0
7456,883,5,2025-01-20,1,2,1,349.0,147.0,0.0
7457,628,4,2025-01-20,3,1,1,349.0,147.0,0.0
7458,1046,1,2025-01-20,7,1,1,269.1,128.0,29.9
7459,1535,1,2025-01-20,1,4,2,299.0,128.0,0.0
7460,1573,5,2025-01-20,1,1,1,349.0,147.0,0.0
7461,1461,6,2025-01-20,3,1,1,499.0,210.0,0.0
7462,1642,3,2025-01-20,3,2,1,279.65,141.0,49.35
7463,191,5,2025-01-20,5,2,1,349.0,147.0,0.0
7464,1586,3,2025-01-20,3,2,1,329.0,141.0,0.0
7465,1572,3,2025-01-20,1,1,1,329.0,141.0,0.0
7466,589,1,2025-01-21,1,2,1,299.0,128.0,0.0
7467,1462,4,2025-01-21,4,2,2,349.0,147.0,0.0
7468,668,4,2025-01-21,5,1,1,349.0,147.0,0.0
7469,519,4,2025-01-21,6,2,1,314.1,147.0,34.9
7470,1260,6,2025-01-21,1,1,1,499.0,210.0,0.0
7471,668,4,2025-01-21,2,1,2,296.65,147.0,52.35
7472,1596,3,2025-01-21,1,1,1,329.0,141.0,0.0
7473,1363,3,2025-01-21,3,3,1,329.0,141.0,0.0
7474,1270,4,2025-01-21,3,3,1,349.0,147.0,0.0
7475,601,4,2025-01-21,1,1,1,349.0,147.0,0.0
7476,489,4,2025-01-21,7,2,1,349.0,147.0,0.0
7477,540,5,2025-01-21,5,4,1,349.0,147.0,0.0
7478,278,4,2025-01-21,8,2,1,296.65,147.0,52.35
7479,784,3,2025-01-21,5,4,1,279.65,141.0,49.35
7480,1676,4,2025-01-21,4,1,1,349.0,147.0,0.0
7481,770,4,2025-01-21,2,1,1,349.0,147.0,0.0
7482,1767,5,2025-01-21,1,2,2,349.0,147.0,0.0
7483,250,5,2025-01-21,9,1,1,349.0,147.0,0.0
7484,26,2,2025-01-21,4,1,1,299.0,128.0,0.0
7485,1510,5,2025-01-21,1,4,1,349.0,147.0,0.0
7486,406,5,2025-01-21,7,1,2,314.1,147.0,34.9
7487,1361,1,2025-01-21,3,2,1,299.0,128.0,0.0
7488,1726,6,2025-01-21,5,2,2,499.0,210.0,0.0
7489,1856,4,2025-01-22,9,1,1,349.0,147.0,0.0
7490,1026,4,2025-01-22,7,2,1,349.0,147.0,0.0
7491,1190,4,2025-01-22,1,5,1,314.1,147.0,34.9
7492,1233,5,2025-01-22,4,5,1,349.0,147.0,0.0
7493,1207,5,2025-01-22,4,2,2,314.1,147.0,34.9
7494,726,1,2025-01-22,6,3,1,299.0,128.0,0.0
7495,1868,2,2025-01-22,3,2,1,299.0,128.0,0.0
7496,1066,5,2025-01-22,4,2,1,349.0,147.0,0.0
7497,300,1,2025-01-22,8,1,1,254.15,128.0,44.85
7498,1314,2,2025-01-22,1,1,1,299.0,128.0,0.0
7499,559,5,2025-01-22,2,4,1,349.0,147.0,0.0
7500,1652,2,2025-01-22,2,2,1,269.1,128.0,29.9
7501,896,1,2025-01-22,3,4,1,299.0,128.0,0.0
7502,145,6,2025-01-22,8,3,1,449.1,210.0,49.9
7503,338,5,2025-01-22,5,1,1,349.0,147.0,0.0
7504,1960,4,2025-01-22,5,2,1,349.0,147.0,0.0
7505,843,4,2025-01-22,8,1,1,296.65,147.0,52.35
7506,1538,1,2025-01-23,6,1,1,299.0,128.0,0.0
7507,405,6,2025-01-23,5,1,1,499.0,210.0,0.0
7508,1686,5,2025-01-23,7,1,1,349.0,147.0,0.0
7509,1905,1,2025-01-23,1,3,1,254.15,128.0,44.85
7510,1182,6,2025-01-23,1,1,1,424.15,210.0,74.85
7511,213,6,2025-01-23,5,1,1,499.0,210.0,0.0
7512,499,5,2025-01-23,1,4,1,349.0,147.0,0.0
7513,306,3,2025-01-23,1,2,1,329.0,141.0,0.0
7514,1841,4,2025-01-23,1,2,1,349.0,147.0,0.0
7515,1808,4,2025-01-23,5,5,1,349.0,147.0,0.0
7516,1491,1,2025-01-23,1,4,2,299.0,128.0,0.0
7517,1014,1,2025-01-23,1,3,1,299.0,128.0,0.0
7518,1830,1,2025-01-23,1,5,1,299.0,128.0,0.0
7519,1401,4,2025-01-23,2,1,1,349.0,147.0,0.0
7520,1775,5,2025-01-23,1,5,1,349.0,147.0,0.0
7521,1432,4,2025-01-23,2,1,1,349.0,147.0,0.0
7522,189,2,2025-01-23,2,3,1,254.15,128.0,44.85
7523,1847,5,2025-01-23,6,5,1,349.0,147.0,0.0
7524,439,4,2025-01-23,3,3,1,314.1,147.0,34.9
7525,1992,4,2025-01-23,3,1,1,349.0,147.0,0.0
7526,1422,5,2025-01-23,2,3,1,349.0,147.0,0.0
7527,3,5,2025-01-23,1,1,1,349.0,147.0,0.0
7528,1325,4,2025-01-23,5,1,1,314.1,147.0,34.9
7529,375,4,2025-01-24,1,3,2,349.0,147.0,0.0
7530,22,2,2025-01-24,5,2,1,299.0,128.0,0.0
7531,1604,6,2025-01-24,6,1,1,424.15,210.0,74.85
7532,1223,1,2025-01-24,3,3,1,299.0,128.0,0.0
7533,1705,3,2025-01-24,1,3,1,329.0,141.0,0.0
7534,1432,2,2025-01-24,1,2,1,299.0,128.0,0.0
7535,1908,4,2025-01-24,1,2,1,349.0,147.0,0.0
7536,1987,6,2025-01-24,5,1,1,499.0,210.0,0.0
7537,992,5,2025-01-24,1,2,1,314.1,147.0,34.9
7538,534,5,2025-01-24,7,1,1,349.0,147.0,0.0
7539,265,2,2025-01-24,1,1,1,299.0,128.0,0.0
7540,336,4,2025-01-24,5,3,1,349.0,147.0,0.0
7541,7,4,2025-01-24,8,2,1,349.0,147.0,0.0
7542,909,2,2025-01-24,4,2,1,299.0,128.0,0.0
7543,364,1,2025-01-24,3,1,1,299.0,128.0,0.0
7544,1138,2,2025-01-24,3,1,1,299.0,128.0,0.0
7545,101,1,2025-01-24,5,3,1,269.1,128.0,29.9
7546,878,2,2025-01-24,1,2,1,299.0,128.0,0.0
7547,797,4,2025-01-24,5,3,1,349.0,147.0,0.0
7548,459,5,2025-01-24,3,3,1,349.0,147.0,0.0
7549,1080,4,2025-01-24,3,3,1,349.0,147.0,0.0
7550,1070,4,2025-01-24,1,2,1,349.0,147.0,0.0
7551,1142,5,2025-01-24,7,2,1,349.0,147.0,0.0
7552,370,5,2025-01-24,5,2,1,349.0,147.0,0.0
7553,1708,5,2025-01-24,8,1,1,349.0,147.0,0.0
7554,1294,3,2025-01-24,1,5,1,329.0,141.0,0.0
7555,524,6,2025-01-24,1,1,1,499.0,210.0,0.0
7556,1716,5,2025-01-25,2,1,1,349.0,147.0,0.0
7557,1474,2,2025-01-25,3,4,1,299.0,128.0,0.0
7558,921,4,2025-01-25,5,2,1,296.65,147.0,52.35
7559,847,6,2025-01-25,4,1,1,499.0,210.0,0.0
7560,139,6,2025-01-25,3,5,1,499.0,210.0,0.0
7561,1027,6,2025-01-25,1,2,1,499.0,210.0,0.0
7562,1418,4,2025-01-25,8,1,1,349.0,147.0,0.0
7563,241,1,2025-01-25,9,3,1,299.0,128.0,0.0
7564,1021,2,2025-01-25,2,2,1,299.0,128.0,0.0
7565,1258,4,2025-01-25,1,2,1,349.0,147.0,0.0
7566,44,4,2025-01-25,1,2,2,296.65,147.0,52.35
7567,1738,2,2025-01-25,1,2,1,299.0,128.0,0.0
7568,1433,4,2025-01-25,3,3,1,349.0,147.0,0.0
7569,613,5,2025-01-25,2,3,1,349.0,147.0,0.0
7570,1623,1,2025-01-25,7,2,1,269.1,128.0,29.9
7571,1842,5,2025-01-25,5,1,1,349.0,147.0,0.0
7572,1634,5,2025-01-25,2,4,1,349.0,147.0,0.0
7573,1263,1,2025-01-25,1,3,1,299.0,128.0,0.0
7574,999,3,2025-01-25,5,1,1,329.0,141.0,0.0
7575,782,5,2025-01-25,5,2,1,349.0,147.0,0.0
7576,1478,6,2025-01-25,1,1,1,499.0,210.0,0.0
7577,1429,4,2025-01-25,4,3,1,349.0,147.0,0.0
7578,664,6,2025-01-25,1,1,1,499.0,210.0,0.0
7579,943,5,2025-01-26,3,2,1,314.1,147.0,34.9
7580,1789,6,2025-01-26,5,3,1,449.1,210.0,49.9
7581,499,5,2025-01-26,1,2,1,314.1,147.0,34.9
7582,1784,4,2025-01-26,1,2,1,349.0,147.0,0.0
7583,1825,5,2025-01-26,1,1,1,296.65,147.0,52.35
7584,14,1,2025-01-26,7,3,1,269.1,128.0,29.9
7585,1948,3,2025-01-26,7,1,1,279.65,141.0,49.35
7586,1199,5,2025-01-26,1,1,1,349.0,147.0,0.0
7587,1934,4,2025-01-26,1,3,1,349.0,147.0,0.0
7588,1098,6,2025-01-26,1,4,1,449.1,210.0,49.9
7589,1172,4,2025-01-26,2,2,1,296.65,147.0,52.35
7590,428,6,2025-01-26,3,1,1,499.0,210.0,0.0
7591,1869,1,2025-01-26,4,2,1,299.0,128.0,0.0
7592,757,5,2025-01-26,5,2,1,349.0,147.0,0.0
7593,230,5,2025-01-26,6,1,1,349.0,147.0,0.0
7594,1444,5,2025-01-26,6,5,1,349.0,147.0,0.0
7595,1407,3,2025-01-26,3,1,1,329.0,141.0,0.0
7596,644,1,2025-01-26,3,2,1,254.15,128.0,44.85
7597,1189,5,2025-01-26,8,1,1,349.0,147.0,0.0
7598,1600,4,2025-01-26,1,2,1,349.0,147.0,0.0
7599,97,3,2025-01-26,1,1,1,329.0,141.0,0.0
7600,197,1,2025-01-26,5,2,1,299.0,128.0,0.0
7601,1082,4,2025-01-26,3,2,1,349.0,147.0,0.0
7602,557,2,2025-01-26,3,5,1,269.1,128.0,29.9
7603,877,3,2025-01-26,5,5,1,329.0,141.0,0.0
7604,1314,5,2025-01-26,1,2,1,296.65,147.0,52.35
7605,1085,4,2025-01-26,1,4,1,349.0,147.0,0.0
7606,1898,5,2025-01-26,1,2,1,349.0,147.0,0.0
7607,1786,1,2025-01-27,6,5,1,299.0,128.0,0.0
7608,1378,5,2025-01-27,3,2,1,349.0,147.0,0.0
7609,1761,3,2025-01-27,6,1,1,296.1,141.0,32.9
7610,715,4,2025-01-27,4,3,1,314.1,147.0,34.9
7611,877,3,2025-01-27,6,2,1,329.0,141.0,0.0
7612,1433,6,2025-01-27,2,1,1,424.15,210.0,74.85
7613,946,2,2025-01-27,5,1,1,299.0,128.0,0.0
7614,313,1,2025-01-27,5,5,1,269.1,128.0,29.9
7615,1655,5,2025-01-27,3,5,1,349.0,147.0,0.0
7616,558,4,2025-01-27,2,1,1,314.1,147.0,34.9
7617,1336,2,2025-01-27,4,1,1,299.0,128.0,0.0
7618,895,4,2025-01-27,3,1,1,349.0,147.0,0.0
7619,1296,6,2025-01-27,6,1,1,499.0,210.0,0.0
7620,1254,6,2025-01-27,1,5,1,499.0,210.0,0.0
7621,512,4,2025-01-27,1,2,2,314.1,147.0,34.9
7622,1639,2,2025-01-27,1,1,1,299.0,128.0,0.0
7623,747,4,2025-01-27,3,2,1,314.1,147.0,34.9
7624,1089,1,2025-01-27,3,1,1,299.0,128.0,0.0
7625,1466,3,2025-01-27,7,3,1,329.0,141.0,0.0
7626,441,4,2025-01-27,7,1,1,314.1,147.0,34.9
7627,190,5,2025-01-27,9,3,1,349.0,147.0,0.0
7628,1991,3,2025-01-27,1,2,1,329.0,141.0,0.0
7629,1272,6,2025-01-28,7,5,1,499.0,210.0,0.0
7630,1637,2,2025-01-28,5,1,1,299.0,128.0,0.0
7631,1552,5,2025-01-28,8,1,2,314.1,147.0,34.9
7632,833,1,2025-01-28,1,2,1,299.0,128.0,0.0
7633,73,1,2025-01-28,3,1,1,254.15,128.0,44.85
7634,811,3,2025-01-28,6,1,1,329.0,141.0,0.0
7635,682,2,2025-01-28,1,5,1,299.0,128.0,0.0
7636,1017,4,2025-01-28,2,2,1,349.0,147.0,0.0
7637,346,5,2025-01-28,5,1,1,296.65,147.0,52.35
7638,1643,4,2025-01-28,2,5,1,349.0,147.0,0.0
7639,1046,5,2025-01-28,4,1,1,349.0,147.0,0.0
7640,789,5,2025-01-28,1,1,1,349.0,147.0,0.0
7641,1927,1,2025-01-28,1,2,1,299.0,128.0,0.0
7642,1291,2,2025-01-28,3,4,1,299.0,128.0,0.0
7643,1938,4,2025-01-28,2,1,1,349.0,147.0,0.0
7644,629,4,2025-01-28,3,3,1,314.1,147.0,34.9
7645,465,5,2025-01-28,3,2,1,349.0,147.0,0.0
7646,1250,5,2025-01-28,7,1,1,349.0,147.0,0.0
7647,1119,3,2025-01-28,7,1,2,279.65,141.0,49.35
7648,404,1,2025-01-28,5,3,1,269.1,128.0,29.9
7649,624,1,2025-01-28,1,2,1,299.0,128.0,0.0
7650,1250,4,2025-01-28,5,1,1,349.0,147.0,0.0
7651,700,4,2025-01-28,1,1,1,314.1,147.0,34.9
7652,1840,2,2025-01-28,1,2,1,299.0,128.0,0.0
7653,1224,3,2025-01-28,7,3,1,329.0,141.0,0.0
7654,593,1,2025-01-28,3,1,2,299.0,128.0,0.0
7655,515,1,2025-01-28,1,2,2,269.1,128.0,29.9
7656,1825,5,2025-01-28,7,1,1,349.0,147.0,0.0
7657,1009,5,2025-01-29,1,2,1,349.0,147.0,0.0
7658,1256,1,2025-01-29,2,5,1,299.0,128.0,0.0
7659,157,3,2025-01-29,3,5,1,329.0,141.0,0.0
7660,554,1,2025-01-29,1,2,1,299.0,128.0,0.0
7661,141,1,2025-01-29,2,2,1,299.0,128.0,0.0
7662,1346,6,2025-01-29,3,1,1,499.0,210.0,0.0
7663,1193,5,2025-01-29,5,2,1,349.0,147.0,0.0
7664,1757,2,2025-01-29,3,2,1,254.15,128.0,44.85
7665,874,5,2025-01-29,3,1,1,349.0,147.0,0.0
7666,1066,4,2025-01-29,2,1,1,314.1,147.0,34.9
7667,960,5,2025-01-29,1,2,2,349.0,147.0,0.0
7668,65,4,2025-01-29,8,1,1,349.0,147.0,0.0
7669,698,1,2025-01-29,4,1,1,299.0,128.0,0.0
7670,1461,5,2025-01-29,3,4,1,349.0,147.0,0.0
7671,982,2,2025-01-29,4,2,1,299.0,128.0,0.0
7672,1464,6,2025-01-29,1,3,1,499.0,210.0,0.0
7673,455,5,2025-01-29,1,1,1,349.0,147.0,0.0
7674,1878,4,2025-01-29,1,2,1,349.0,147.0,0.0
7675,731,2,2025-01-29,5,3,1,299.0,128.0,0.0
7676,750,2,2025-01-30,5,1,1,254.15,128.0,44.85
7677,429,6,2025-01-30,5,4,1,449.1,210.0,49.9
7678,198,2,2025-01-30,3,1,1,269.1,128.0,29.9
7679,862,1,2025-01-30,1,2,1,299.0,128.0,0.0
7680,1448,4,2025-01-30,5,1,1,314.1,147.0,34.9
7681,1341,5,2025-01-30,2,3,1,314.1,147.0,34.9
7682,1246,4,2025-01-30,2,1,1,349.0,147.0,0.0
7683,102,6,2025-01-30,2,1,2,499.0,210.0,0.0
7684,1693,2,2025-01-30,3,2,1,299.0,128.0,0.0
7685,1350,2,2025-01-30,2,2,1,299.0,128.0,0.0
7686,1871,4,2025-01-30,7,1,1,349.0,147.0,0.0
7687,1795,6,2025-01-30,1,2,1,499.0,210.0,0.0
7688,1777,4,2025-01-30,3,2,1,349.0,147.0,0.0
7689,751,3,2025-01-30,5,3,1,296.1,141.0,32.9
7690,1266,5,2025-01-30,1,2,2,349.0,147.0,0.0
7691,868,3,2025-01-30,5,1,1,329.0,141.0,0.0
7692,262,4,2025-01-30,7,5,1,349.0,147.0,0.0
7693,1010,3,2025-01-30,5,1,1,296.1,141.0,32.9
7694,618,2,2025-01-30,2,3,1,269.1,128.0,29.9
7695,1553,3,2025-01-30,3,3,1,329.0,141.0,0.0
7696,474,4,2025-01-30,3,1,1,296.65,147.0,52.35
7697,309,3,2025-01-30,6,5,1,329.0,141.0,0.0
7698,1412,2,2025-01-30,1,1,1,299.0,128.0,0.0
7699,401,5,2025-01-30,8,1,1,349.0,147.0,0.0
7700,1611,4,2025-01-30,3,3,1,349.0,147.0,0.0
7701,311,6,2025-01-30,2,3,1,499.0,210.0,0.0
7702,851,5,2025-01-30,7,1,1,349.0,147.0,0.0
7703,437,5,2025-01-30,5,1,1,314.1,147.0,34.9
7704,693,6,2025-01-30,5,2,1,499.0,210.0,0.0
7705,460,1,2025-01-30,1,1,1,299.0,128.0,0.0
7706,260,6,2025-01-30,1,3,1,499.0,210.0,0.0
7707,1529,1,2025-01-30,7,1,1,299.0,128.0,0.0
7708,1324,1,2025-01-30,2,2,1,269.1,128.0,29.9
7709,903,4,2025-01-30,6,1,1,349.0,147.0,0.0
7710,1241,1,2025-01-31,1,5,1,299.0,128.0,0.0
7711,1447,5,2025-01-31,1,2,1,349.0,147.0,0.0
7712,84,2,2025-01-31,3,1,1,269.1,128.0,29.9
7713,72,5,2025-01-31,3,1,1,349.0,147.0,0.0
7714,411,5,2025-01-31,2,2,1,349.0,147.0,0.0
7715,1924,4,2025-01-31,1,2,1,349.0,147.0,0.0
7716,1802,2,2025-01-31,1,3,1,299.0,128.0,0.0
7717,477,1,2025-01-31,3,2,1,299.0,128.0,0.0
7718,161,4,2025-01-31,3,2,1,349.0,147.0,0.0
7719,1166,6,2025-01-31,1,2,1,499.0,210.0,0.0
7720,222,6,2025-01-31,7,2,2,499.0,210.0,0.0
7721,1151,6,2025-01-31,2,1,1,499.0,210.0,0.0
7722,1973,5,2025-01-31,1,1,1,349.0,147.0,0.0
7723,742,3,2025-01-31,3,2,1,279.65,141.0,49.35
7724,446,5,2025-01-31,1,1,2,349.0,147.0,0.0
7725,970,1,2025-01-31,4,2,1,269.1,128.0,29.9
7726,890,4,2025-01-31,2,2,1,296.65,147.0,52.35
7727,1528,2,2025-01-31,7,1,1,299.0,128.0,0.0
7728,1375,5,2025-01-31,1,3,1,314.1,147.0,34.9
7729,519,5,2025-01-31,2,2,1,349.0,147.0,0.0
7730,1619,2,2025-01-31,2,2,1,299.0,128.0,0.0
7731,1358,1,2025-01-31,4,1,1,299.0,128.0,0.0
7732,677,4,2025-01-31,3,2,1,296.65,147.0,52.35
7733,678,4,2025-01-31,9,4,1,349.0,147.0,0.0
7734,614,2,2025-01-31,1,1,1,299.0,128.0,0.0
7735,683,2,2025-01-31,7,5,1,299.0,128.0,0.0
7736,888,1,2025-02-01,1,2,1,254.15,128.0,44.85
7737,1049,1,2025-02-01,4,4,1,299.0,128.0,0.0
7738,1476,5,2025-02-01,2,3,1,349.0,147.0,0.0
7739,619,5,2025-02-01,1,1,1,349.0,147.0,0.0
7740,1363,1,2025-02-01,4,3,1,299.0,128.0,0.0
7741,1988,4,2025-02-01,3,1,1,349.0,147.0,0.0
7742,375,2,2025-02-01,2,1,1,299.0,128.0,0.0
7743,449,5,2025-02-01,2,2,1,349.0,147.0,0.0
7744,1483,3,2025-02-01,1,5,1,329.0,141.0,0.0
7745,929,2,2025-02-01,4,5,1,299.0,128.0,0.0
7746,1433,5,2025-02-01,3,1,1,314.1,147.0,34.9
7747,1282,2,2025-02-01,3,4,1,254.15,128.0,44.85
7748,40,4,2025-02-01,1,1,1,349.0,147.0,0.0
7749,1576,3,2025-02-01,1,3,1,329.0,141.0,0.0
7750,81,4,2025-02-01,4,4,1,349.0,147.0,0.0
7751,1203,5,2025-02-01,2,5,1,349.0,147.0,0.0
7752,1702,5,2025-02-01,3,2,1,349.0,147.0,0.0
7753,483,1,2025-02-01,2,1,1,299.0,128.0,0.0
7754,1022,4,2025-02-01,2,2,1,349.0,147.0,0.0
7755,958,5,2025-02-01,1,2,2,349.0,147.0,0.0
7756,957,1,2025-02-01,2,1,1,299.0,128.0,0.0
7757,51,1,2025-02-01,8,2,2,299.0,128.0,0.0
7758,1655,4,2025-02-01,7,1,1,349.0,147.0,0.0
7759,1856,2,2025-02-01,4,2,2,299.0,128.0,0.0
7760,1250,2,2025-02-01,2,1,1,269.1,128.0,29.9
7761,1344,4,2025-02-01,1,2,1,349.0,147.0,0.0
7762,1708,4,2025-02-01,4,1,2,349.0,147.0,0.0
7763,729,5,2025-02-02,6,2,1,349.0,147.0,0.0
7764,1017,1,2025-02-02,7,1,1,299.0,128.0,0.0
7765,171,5,2025-02-02,3,2,1,349.0,147.0,0.0
7766,436,1,2025-02-02,2,3,1,299.0,128.0,0.0
7767,1486,2,2025-02-02,4,1,1,299.0,128.0,0.0
7768,524,4,2025-02-02,3,2,1,296.65,147.0,52.35
7769,1314,2,2025-02-02,3,5,1,299.0,128.0,0.0
7770,794,2,2025-02-02,1,5,2,299.0,128.0,0.0
7771,1936,5,2025-02-02,1,1,1,349.0,147.0,0.0
7772,943,4,2025-02-02,7,1,1,296.65,147.0,52.35
7773,819,2,2025-02-02,1,1,1,299.0,128.0,0.0
7774,236,2,2025-02-02,1,5,1,299.0,128.0,0.0
7775,1288,3,2025-02-02,2,2,1,329.0,141.0,0.0
7776,313,5,2025-02-02,8,1,1,314.1,147.0,34.9
7777,642,6,2025-02-02,3,5,1,499.0,210.0,0.0
7778,986,4,2025-02-02,2,2,1,349.0,147.0,0.0
7779,1899,2,2025-02-02,1,4,1,299.0,128.0,0.0
7780,183,5,2025-02-02,4,2,1,349.0,147.0,0.0
7781,1644,6,2025-02-02,1,2,1,499.0,210.0,0.0
7782,351,4,2025-02-02,1,2,1,314.1,147.0,34.9
7783,145,2,2025-02-02,6,2,1,299.0,128.0,0.0
7784,632,5,2025-02-02,8,3,1,296.65,147.0,52.35
7785,1631,2,2025-02-02,8,1,1,254.15,128.0,44.85
7786,60,5,2025-02-03,1,2,1,349.0,147.0,0.0
7787,1160,3,2025-02-03,1,1,1,329.0,141.0,0.0
7788,1872,3,2025-02-03,4,2,1,279.65,141.0,49.35
7789,390,2,2025-02-03,3,1,1,254.15,128.0,44.85
7790,1121,4,2025-02-03,3,1,1,349.0,147.0,0.0
7791,1667,5,2025-02-03,5,2,1,349.0,147.0,0.0
7792,1715,5,2025-02-03,1,1,2,349.0,147.0,0.0
7793,961,2,2025-02-03,7,4,1,299.0,128.0,0.0
7794,1281,5,2025-02-03,2,4,1,349.0,147.0,0.0
7795,200,5,2025-02-03,8,1,1,349.0,147.0,0.0
7796,313,1,2025-02-03,2,2,1,299.0,128.0,0.0
7797,456,2,2025-02-03,1,3,1,299.0,128.0,0.0
7798,1961,2,2025-02-03,3,3,1,299.0,128.0,0.0
7799,1883,5,2025-02-03,4,2,1,349.0,147.0,0.0
7800,959,3,2025-02-03,1,2,1,329.0,141.0,0.0
7801,1301,4,2025-02-03,5,4,1,349.0,147.0,0.0
7802,1553,5,2025-02-03,1,1,1,349.0,147.0,0.0
7803,1043,3,2025-02-03,7,1,1,329.0,141.0,0.0
7804,48,3,2025-02-03,8,2,1,329.0,141.0,0.0
7805,612,5,2025-02-03,3,2,1,349.0,147.0,0.0
7806,104,2,2025-02-03,1,3,1,299.0,128.0,0.0
7807,1061,2,2025-02-03,1,1,2,299.0,128.0,0.0
7808,173,4,2025-02-03,1,5,1,314.1,147.0,34.9
7809,898,4,2025-02-03,4,5,1,349.0,147.0,0.0
7810,573,4,2025-02-04,2,4,1,314.1,147.0,34.9
7811,350,4,2025-02-04,3,4,1,349.0,147.0,0.0
7812,1976,1,2025-02-04,8,1,1,299.0,128.0,0.0
7813,1897,1,2025-02-04,2,1,1,299.0,128.0,0.0
7814,1401,6,2025-02-04,1,3,1,499.0,210.0,0.0
7815,1571,3,2025-02-04,4,2,1,279.65,141.0,49.35
7816,272,2,2025-02-04,8,3,1,299.0,128.0,0.0
7817,989,5,2025-02-04,3,5,1,349.0,147.0,0.0
7818,359,4,2025-02-04,1,1,1,349.0,147.0,0.0
7819,738,6,2025-02-04,2,4,1,499.0,210.0,0.0
7820,480,3,2025-02-04,1,1,1,279.65,141.0,49.35
7821,1590,2,2025-02-04,2,2,1,269.1,128.0,29.9
7822,1686,2,2025-02-04,5,1,1,299.0,128.0,0.0
7823,121,5,2025-02-04,8,2,1,349.0,147.0,0.0
7824,1760,6,2025-02-04,1,1,1,499.0,210.0,0.0
7825,753,4,2025-02-04,1,1,1,314.1,147.0,34.9
7826,94,1,2025-02-04,7,2,1,299.0,128.0,0.0
7827,1213,6,2025-02-04,1,3,1,499.0,210.0,0.0
7828,1970,1,2025-02-04,1,2,1,299.0,128.0,0.0
7829,1664,1,2025-02-04,1,2,1,299.0,128.0,0.0
7830,814,4,2025-02-04,4,2,1,349.0,147.0,0.0
7831,1784,4,2025-02-04,8,2,1,314.1,147.0,34.9
7832,1749,4,2025-02-04,2,3,1,349.0,147.0,0.0
7833,909,5,2025-02-04,4,3,1,349.0,147.0,0.0
7834,1468,2,2025-02-04,4,1,1,299.0,128.0,0.0
7835,1060,2,2025-02-04,1,1,1,299.0,128.0,0.0
7836,1047,2,2025-02-04,6,1,1,269.1,128.0,29.9
7837,480,1,2025-02-04,3,2,1,299.0,128.0,0.0
7838,1206,2,2025-02-04,1,2,1,299.0,128.0,0.0
7839,1713,5,2025-02-04,3,2,1,296.65,147.0,52.35
7840,1475,5,2025-02-05,1,1,1,349.0,147.0,0.0
7841,1267,3,2025-02-05,1,1,1,329.0,141.0,0.0
7842,1590,3,2025-02-05,2,5,1,329.0,141.0,0.0
7843,795,5,2025-02-05,6,1,1,349.0,147.0,0.0
7844,1414,4,2025-02-05,8,5,1,314.1,147.0,34.9
7845,1070,4,2025-02-05,7,4,1,314.1,147.0,34.9
7846,1049,1,2025-02-05,1,3,1,299.0,128.0,0.0
7847,522,5,2025-02-05,1,5,1,349.0,147.0,0.0
7848,1021,5,2025-02-05,5,2,1,314.1,147.0,34.9
7849,402,5,2025-02-05,8,1,1,349.0,147.0,0.0
7850,16,6,2025-02-05,7,5,2,499.0,210.0,0.0
7851,978,5,2025-02-05,7,1,1,349.0,147.0,0.0
7852,899,1,2025-02-05,6,5,1,299.0,128.0,0.0
7853,498,5,2025-02-05,5,3,1,349.0,147.0,0.0
7854,1180,2,2025-02-05,5,5,1,254.15,128.0,44.85
7855,1342,1,2025-02-05,5,5,1,299.0,128.0,0.0
7856,1421,4,2025-02-05,6,1,1,314.1,147.0,34.9
7857,1969,3,2025-02-05,1,2,1,329.0,141.0,0.0
7858,810,3,2025-02-05,5,5,1,329.0,141.0,0.0
7859,1989,1,2025-02-05,3,1,1,299.0,128.0,0.0
7860,1411,5,2025-02-05,5,1,1,349.0,147.0,0.0
7861,753,4,2025-02-05,1,5,1,349.0,147.0,0.0
7862,839,2,2025-02-05,2,2,1,299.0,128.0,0.0
7863,716,1,2025-02-05,7,1,1,269.1,128.0,29.9
7864,1786,5,2025-02-05,1,1,1,349.0,147.0,0.0
7865,883,5,2025-02-06,5,1,1,349.0,147.0,0.0
7866,21,5,2025-02-06,1,2,1,296.65,147.0,52.35
7867,1363,5,2025-02-06,6,1,1,349.0,147.0,0.0
7868,1413,1,2025-02-06,3,2,1,299.0,128.0,0.0
7869,445,1,2025-02-06,1,5,1,299.0,128.0,0.0
7870,1792,4,2025-02-06,7,3,1,314.1,147.0,34.9
7871,1355,5,2025-02-06,7,2,1,349.0,147.0,0.0
7872,1507,1,2025-02-06,3,3,1,299.0,128.0,0.0
7873,1673,5,2025-02-06,1,3,1,349.0,147.0,0.0
7874,945,5,2025-02-06,1,2,1,349.0,147.0,0.0
7875,140,5,2025-02-06,3,1,1,296.65,147.0,52.35
7876,1069,4,2025-02-06,1,1,1,314.1,147.0,34.9
7877,1202,6,2025-02-06,1,5,1,499.0,210.0,0.0
7878,1376,6,2025-02-06,5,1,1,499.0,210.0,0.0
7879,1225,4,2025-02-06,2,3,2,349.0,147.0,0.0
7880,369,5,2025-02-06,1,2,1,349.0,147.0,0.0
7881,1258,4,2025-02-06,4,1,1,349.0,147.0,0.0
7882,1414,1,2025-02-06,3,4,1,299.0,128.0,0.0
7883,73,3,2025-02-06,3,5,1,296.1,141.0,32.9
7884,84,3,2025-02-06,6,1,1,329.0,141.0,0.0
7885,1522,6,2025-02-06,8,2,1,449.1,210.0,49.9
7886,1682,6,2025-02-06,5,4,1,424.15,210.0,74.85
7887,208,2,2025-02-06,1,2,1,254.15,128.0,44.85
7888,898,6,2025-02-06,7,1,1,499.0,210.0,0.0
7889,494,2,2025-02-07,3,1,1,299.0,128.0,0.0
7890,1131,6,2025-02-07,5,1,1,499.0,210.0,0.0
7891,1838,3,2025-02-07,3,2,1,329.0,141.0,0.0
7892,1491,2,2025-02-07,5,1,1,299.0,128.0,0.0
7893,1359,2,2025-02-07,3,2,1,299.0,128.0,0.0
7894,496,3,2025-02-07,4,1,1,329.0,141.0,0.0
7895,1850,2,2025-02-07,8,5,1,269.1,128.0,29.9
7896,87,5,2025-02-07,4,2,1,349.0,147.0,0.0
7897,209,4,2025-02-07,1,5,1,349.0,147.0,0.0
7898,1160,6,2025-02-07,7,2,1,499.0,210.0,0.0
7899,1313,6,2025-02-07,6,4,1,449.1,210.0,49.9
7900,1688,6,2025-02-07,1,1,1,499.0,210.0,0.0
7901,1177,3,2025-02-07,5,2,1,329.0,141.0,0.0
7902,1494,6,2025-02-07,1,1,1,499.0,210.0,0.0
7903,1488,4,2025-02-07,2,3,1,349.0,147.0,0.0
7904,1763,4,2025-02-07,1,1,1,349.0,147.0,0.0
7905,526,2,2025-02-07,6,3,1,299.0,128.0,0.0
7906,1393,2,2025-02-07,3,1,2,299.0,128.0,0.0
7907,764,4,2025-02-07,1,1,1,296.65,147.0,52.35
7908,924,3,2025-02-07,3,2,1,296.1,141.0,32.9
7909,45,3,2025-02-07,1,2,1,329.0,141.0,0.0
7910,804,5,2025-02-07,3,1,1,296.65,147.0,52.35
7911,1707,2,2025-02-07,8,1,1,299.0,128.0,0.0
7912,1590,1,2025-02-07,3,2,1,269.1,128.0,29.9
7913,1007,4,2025-02-07,2,2,2,296.65,147.0,52.35
7914,240,6,2025-02-08,3,5,1,499.0,210.0,0.0
7915,1238,4,2025-02-08,3,2,1,349.0,147.0,0.0
7916,1779,4,2025-02-08,3,3,1,314.1,147.0,34.9
7917,900,4,2025-02-08,1,3,1,349.0,147.0,0.0
7918,368,2,2025-02-08,2,3,1,299.0,128.0,0.0
7919,1736,5,2025-02-08,1,1,1,296.65,147.0,52.35
7920,376,5,2025-02-08,2,1,1,314.1,147.0,34.9
7921,957,4,2025-02-08,4,1,1,349.0,147.0,0.0
7922,1147,6,2025-02-08,3,2,1,499.0,210.0,0.0
7923,404,4,2025-02-08,8,1,1,349.0,147.0,0.0
7924,138,4,2025-02-08,9,4,1,314.1,147.0,34.9
7925,1019,4,2025-02-08,1,2,1,349.0,147.0,0.0
7926,1105,4,2025-02-08,4,3,1,349.0,147.0,0.0
7927,1496,6,2025-02-08,5,3,2,499.0,210.0,0.0
7928,1724,3,2025-02-08,1,4,1,329.0,141.0,0.0
7929,830,2,2025-02-08,3,2,1,299.0,128.0,0.0
7930,652,5,2025-02-08,1,4,1,349.0,147.0,0.0
7931,1386,5,2025-02-08,4,2,1,349.0,147.0,0.0
7932,992,4,2025-02-08,3,2,1,314.1,147.0,34.9
7933,645,5,2025-02-08,6,4,2,349.0,147.0,0.0
7934,1605,5,2025-02-08,5,2,1,314.1,147.0,34.9
7935,1258,4,2025-02-08,5,1,1,296.65,147.0,52.35
7936,1418,5,2025-02-08,5,1,1,349.0,147.0,0.0
7937,791,6,2025-02-08,4,3,1,499.0,210.0,0.0
7938,740,5,2025-02-08,8,1,1,296.65,147.0,52.35
7939,650,1,2025-02-08,8,1,1,299.0,128.0,0.0
7940,1635,5,2025-02-09,4,2,1,349.0,147.0,0.0
7941,123,1,2025-02-09,1,3,1,299.0,128.0,0.0
7942,1998,4,2025-02-09,5,1,1,349.0,147.0,0.0
7943,915,5,2025-02-09,1,2,1,349.0,147.0,0.0
7944,469,5,2025-02-09,4,5,1,349.0,147.0,0.0
7945,1126,5,2025-02-09,3,3,1,349.0,147.0,0.0
7946,538,4,2025-02-09,4,2,1,349.0,147.0,0.0
7947,799,4,2025-02-09,1,5,1,349.0,147.0,0.0
7948,929,5,2025-02-09,3,2,1,314.1,147.0,34.9
7949,1845,4,2025-02-09,1,1,1,349.0,147.0,0.0
7950,1740,4,2025-02-09,8,3,1,349.0,147.0,0.0
7951,1233,1,2025-02-09,3,2,1,269.1,128.0,29.9
7952,407,6,2025-02-09,6,1,1,499.0,210.0,0.0
7953,1476,6,2025-02-09,3,2,1,499.0,210.0,0.0
7954,364,6,2025-02-09,7,5,1,499.0,210.0,0.0
7955,169,1,2025-02-09,1,5,1,299.0,128.0,0.0
7956,1187,6,2025-02-09,5,4,1,499.0,210.0,0.0
7957,1207,4,2025-02-09,1,5,1,349.0,147.0,0.0
7958,152,3,2025-02-09,5,2,1,329.0,141.0,0.0
7959,431,3,2025-02-09,6,3,1,329.0,141.0,0.0
7960,1371,3,2025-02-09,1,2,2,329.0,141.0,0.0
7961,1856,4,2025-02-09,1,1,1,349.0,147.0,0.0
7962,361,2,2025-02-09,1,3,1,299.0,128.0,0.0
7963,951,4,2025-02-09,3,1,1,349.0,147.0,0.0
7964,1090,3,2025-02-09,1,1,1,329.0,141.0,0.0
7965,1650,6,2025-02-09,3,3,1,424.15,210.0,74.85
7966,725,5,2025-02-09,8,2,1,349.0,147.0,0.0
7967,703,4,2025-02-10,5,3,1,349.0,147.0,0.0
7968,1234,6,2025-02-10,1,1,1,499.0,210.0,0.0
7969,279,5,2025-02-10,8,2,1,349.0,147.0,0.0
7970,1027,4,2025-02-10,1,1,1,349.0,147.0,0.0
7971,978,4,2025-02-10,5,1,1,349.0,147.0,0.0
7972,43,5,2025-02-10,3,2,1,349.0,147.0,0.0
7973,1382,5,2025-02-10,1,4,1,314.1,147.0,34.9
7974,520,5,2025-02-10,6,2,1,349.0,147.0,0.0
7975,1340,4,2025-02-10,6,2,1,349.0,147.0,0.0
7976,1546,5,2025-02-10,3,1,1,349.0,147.0,0.0
7977,85,1,2025-02-10,2,3,1,269.1,128.0,29.9
7978,880,5,2025-02-10,3,1,1,349.0,147.0,0.0
7979,1052,2,2025-02-10,3,1,1,299.0,128.0,0.0
7980,710,4,2025-02-10,1,1,1,349.0,147.0,0.0
7981,384,5,2025-02-10,1,2,1,349.0,147.0,0.0
7982,1241,2,2025-02-10,1,1,1,299.0,128.0,0.0
7983,1600,4,2025-02-10,8,2,1,314.1,147.0,34.9
7984,1001,2,2025-02-10,7,3,2,254.15,128.0,44.85
7985,630,4,2025-02-10,4,1,1,349.0,147.0,0.0
7986,1455,4,2025-02-10,1,4,1,349.0,147.0,0.0
7987,1358,4,2025-02-10,9,1,1,349.0,147.0,0.0
7988,848,1,2025-02-10,1,4,1,269.1,128.0,29.9
7989,1766,1,2025-02-10,1,1,2,299.0,128.0,0.0
7990,9,1,2025-02-10,9,2,1,299.0,128.0,0.0
7991,269,5,2025-02-10,3,2,1,349.0,147.0,0.0
7992,1570,1,2025-02-10,3,1,1,299.0,128.0,0.0
7993,916,1,2025-02-10,2,4,1,269.1,128.0,29.9
7994,372,2,2025-02-10,3,3,1,299.0,128.0,0.0
7995,1575,1,2025-02-11,5,2,1,299.0,128.0,0.0
7996,120,5,2025-02-11,3,2,1,349.0,147.0,0.0
7997,880,5,2025-02-11,1,2,1,296.65,147.0,52.35
7998,489,5,2025-02-11,2,4,1,349.0,147.0,0.0
7999,32,3,2025-02-11,5,3,2,329.0,141.0,0.0
8000,1949,1,2025-02-11,1,5,1,299.0,128.0,0.0
8001,1874,1,2025-02-11,5,3,2,299.0,128.0,0.0
8002,1302,5,2025-02-11,3,2,1,349.0,147.0,0.0
8003,813,5,2025-02-11,1,2,2,349.0,147.0,0.0
8004,1921,1,2025-02-11,1,1,1,299.0,128.0,0.0
8005,1852,5,2025-02-11,5,5,1,349.0,147.0,0.0
8006,539,2,2025-02-11,1,3,1,299.0,128.0,0.0
8007,493,4,2025-02-11,1,4,1,296.65,147.0,52.35
8008,1929,5,2025-02-11,3,3,1,349.0,147.0,0.0
8009,1851,2,2025-02-11,1,1,1,269.1,128.0,29.9
8010,675,1,2025-02-11,3,2,1,299.0,128.0,0.0
8011,1104,6,2025-02-11,1,3,2,499.0,210.0,0.0
8012,74,1,2025-02-11,9,2,1,299.0,128.0,0.0
8013,781,2,2025-02-11,5,2,1,299.0,128.0,0.0
8014,1282,6,2025-02-11,3,1,2,499.0,210.0,0.0
8015,263,3,2025-02-11,8,4,1,329.0,141.0,0.0
8016,177,6,2025-02-11,2,2,2,499.0,210.0,0.0
8017,1329,1,2025-02-11,2,1,1,299.0,128.0,0.0
8018,1940,5,2025-02-11,1,3,1,296.65,147.0,52.35
8019,279,6,2025-02-11,3,1,1,499.0,210.0,0.0
8020,795,4,2025-02-11,4,2,1,349.0,147.0,0.0
8021,1465,6,2025-02-12,3,1,1,449.1,210.0,49.9
8022,1262,2,2025-02-12,9,2,2,299.0,128.0,0.0
8023,135,4,2025-02-12,3,1,1,296.65,147.0,52.35
8024,1783,4,2025-02-12,2,2,1,349.0,147.0,0.0
8025,709,2,2025-02-12,1,2,1,299.0,128.0,0.0
8026,478,1,2025-02-12,2,2,1,299.0,128.0,0.0
8027,985,4,2025-02-12,5,2,1,314.1,147.0,34.9
8028,1258,5,2025-02-12,1,2,1,349.0,147.0,0.0
8029,1681,3,2025-02-12,2,4,1,329.0,141.0,0.0
8030,174,5,2025-02-12,3,4,1,349.0,147.0,0.0
8031,1447,1,2025-02-12,2,2,1,299.0,128.0,0.0
8032,1657,2,2025-02-12,9,3,1,299.0,128.0,0.0
8033,406,1,2025-02-12,8,2,1,269.1,128.0,29.9
8034,1212,4,2025-02-12,2,3,1,349.0,147.0,0.0
8035,655,4,2025-02-12,7,3,1,349.0,147.0,0.0
8036,1636,4,2025-02-12,5,1,1,349.0,147.0,0.0
8037,853,5,2025-02-12,3,1,1,314.1,147.0,34.9
8038,1585,3,2025-02-12,1,4,1,329.0,141.0,0.0
8039,1096,1,2025-02-12,3,2,1,299.0,128.0,0.0
8040,1954,2,2025-02-12,5,4,1,299.0,128.0,0.0
8041,1039,4,2025-02-12,3,2,1,349.0,147.0,0.0
8042,1887,1,2025-02-12,1,3,1,269.1,128.0,29.9
8043,336,6,2025-02-12,3,3,1,449.1,210.0,49.9
8044,591,1,2025-02-12,5,1,1,299.0,128.0,0.0
8045,1961,4,2025-02-12,4,1,2,349.0,147.0,0.0
8046,1996,4,2025-02-12,1,1,1,349.0,147.0,0.0
8047,110,6,2025-02-12,1,1,1,499.0,210.0,0.0
8048,932,5,2025-02-12,4,2,1,349.0,147.0,0.0
8049,1309,4,2025-02-13,5,4,1,349.0,147.0,0.0
8050,185,2,2025-02-13,4,3,1,269.1,128.0,29.9
8051,566,5,2025-02-13,1,1,1,349.0,147.0,0.0
8052,1682,5,2025-02-13,3,1,1,314.1,147.0,34.9
8053,1353,4,2025-02-13,3,2,1,314.1,147.0,34.9
8054,1008,6,2025-02-13,3,2,1,499.0,210.0,0.0
8055,592,3,2025-02-13,5,5,1,329.0,141.0,0.0
8056,874,4,2025-02-13,5,2,1,349.0,147.0,0.0
8057,1697,2,2025-02-13,4,2,1,254.15,128.0,44.85
8058,999,5,2025-02-13,3,1,2,349.0,147.0,0.0
8059,945,5,2025-02-13,5,2,1,349.0,147.0,0.0
8060,31,5,2025-02-13,3,1,1,349.0,147.0,0.0
8061,1528,3,2025-02-13,3,4,1,329.0,141.0,0.0
8062,1190,3,2025-02-13,2,3,1,329.0,141.0,0.0
8063,1189,1,2025-02-13,3,1,1,299.0,128.0,0.0
8064,1469,6,2025-02-13,4,2,1,499.0,210.0,0.0
8065,1299,4,2025-02-13,7,3,1,349.0,147.0,0.0
8066,1898,4,2025-02-13,3,3,1,314.1,147.0,34.9
8067,655,4,2025-02-13,3,3,1,349.0,147.0,0.0
8068,1623,5,2025-02-13,3,1,1,349.0,147.0,0.0
8069,1670,4,2025-02-13,1,2,1,349.0,147.0,0.0
8070,1716,6,2025-02-13,5,3,1,499.0,210.0,0.0
8071,1898,5,2025-02-13,3,4,1,349.0,147.0,0.0
8072,920,1,2025-02-13,7,2,1,269.1,128.0,29.9
8073,1721,4,2025-02-13,1,5,1,314.1,147.0,34.9
8074,1798,6,2025-02-13,1,1,1,499.0,210.0,0.0
8075,1635,4,2025-02-13,4,2,1,349.0,147.0,0.0
8076,1463,5,2025-02-14,5,1,2,349.0,147.0,0.0
8077,1540,5,2025-02-14,1,2,1,349.0,147.0,0.0
8078,1101,2,2025-02-14,4,2,1,299.0,128.0,0.0
8079,141,5,2025-02-14,1,1,1,314.1,147.0,34.9
8080,1403,5,2025-02-14,1,1,1,349.0,147.0,0.0
8081,1280,1,2025-02-14,6,1,1,299.0,128.0,0.0
8082,1119,6,2025-02-14,3,1,1,499.0,210.0,0.0
8083,901,5,2025-02-14,4,4,1,349.0,147.0,0.0
8084,773,2,2025-02-14,5,3,1,299.0,128.0,0.0
8085,97,6,2025-02-14,1,3,1,499.0,210.0,0.0
8086,1422,5,2025-02-14,1,2,2,349.0,147.0,0.0
8087,336,4,2025-02-14,5,1,1,349.0,147.0,0.0
8088,207,3,2025-02-14,1,3,1,329.0,141.0,0.0
8089,1270,1,2025-02-14,1,3,1,299.0,128.0,0.0
8090,1466,4,2025-02-14,7,2,1,349.0,147.0,0.0
8091,161,6,2025-02-14,4,1,1,499.0,210.0,0.0
8092,354,1,2025-02-14,4,1,1,299.0,128.0,0.0
8093,72,2,2025-02-14,7,1,1,299.0,128.0,0.0
8094,488,2,2025-02-14,5,5,2,299.0,128.0,0.0
8095,572,4,2025-02-14,2,4,2,349.0,147.0,0.0
8096,376,6,2025-02-14,2,2,1,424.15,210.0,74.85
8097,850,5,2025-02-14,1,3,1,349.0,147.0,0.0
8098,832,2,2025-02-14,1,2,1,299.0,128.0,0.0
8099,631,4,2025-02-14,8,1,1,349.0,147.0,0.0
8100,667,2,2025-02-14,1,5,1,269.1,128.0,29.9
8101,180,4,2025-02-14,1,2,1,349.0,147.0,0.0
8102,892,4,2025-02-14,4,2,1,349.0,147.0,0.0
8103,1281,1,2025-02-15,2,1,1,299.0,128.0,0.0
8104,562,6,2025-02-15,2,2,1,424.15,210.0,74.85
8105,1404,5,2025-02-15,3,3,1,296.65,147.0,52.35
8106,403,6,2025-02-15,3,1,1,499.0,210.0,0.0
8107,1818,3,2025-02-15,5,2,1,329.0,141.0,0.0
8108,828,3,2025-02-15,7,1,1,329.0,141.0,0.0
8109,71,2,2025-02-15,1,3,1,299.0,128.0,0.0
8110,1852,5,2025-02-15,3,3,2,349.0,147.0,0.0
8111,1457,1,2025-02-15,5,2,1,299.0,128.0,0.0
8112,743,1,2025-02-15,6,1,1,254.15,128.0,44.85
8113,1385,5,2025-02-15,8,2,1,349.0,147.0,0.0
8114,651,4,2025-02-15,3,2,1,314.1,147.0,34.9
8115,1609,1,2025-02-15,4,3,2,269.1,128.0,29.9
8116,1176,5,2025-02-15,7,1,1,314.1,147.0,34.9
8117,1811,1,2025-02-15,3,2,1,299.0,128.0,0.0
8118,1867,6,2025-02-15,2,2,1,499.0,210.0,0.0
8119,1169,1,2025-02-15,5,2,1,299.0,128.0,0.0
8120,1007,4,2025-02-15,4,5,1,349.0,147.0,0.0
8121,306,2,2025-02-15,3,1,2,299.0,128.0,0.0
8122,430,3,2025-02-15,2,1,1,329.0,141.0,0.0
8123,1545,4,2025-02-15,2,2,1,349.0,147.0,0.0
8124,1698,4,2025-02-15,9,3,1,349.0,147.0,0.0
8125,1177,2,2025-02-15,3,3,1,299.0,128.0,0.0
8126,879,4,2025-02-15,1,2,1,349.0,147.0,0.0
8127,264,2,2025-02-15,7,2,1,299.0,128.0,0.0
8128,769,1,2025-02-15,3,2,1,299.0,128.0,0.0
8129,1826,5,2025-02-16,1,3,1,314.1,147.0,34.9
8130,446,6,2025-02-16,6,1,2,499.0,210.0,0.0
8131,1784,4,2025-02-16,1,1,1,349.0,147.0,0.0
8132,214,2,2025-02-16,5,5,2,254.15,128.0,44.85
8133,1109,2,2025-02-16,1,1,1,299.0,128.0,0.0
8134,185,4,2025-02-16,1,1,1,349.0,147.0,0.0
8135,1201,2,2025-02-16,2,3,1,299.0,128.0,0.0
8136,445,2,2025-02-16,2,1,1,299.0,128.0,0.0
8137,1102,5,2025-02-16,3,2,1,349.0,147.0,0.0
8138,654,6,2025-02-16,4,2,1,499.0,210.0,0.0
8139,1889,5,2025-02-16,5,3,1,349.0,147.0,0.0
8140,1370,4,2025-02-16,2,3,1,349.0,147.0,0.0
8141,213,5,2025-02-16,2,3,2,349.0,147.0,0.0
8142,919,4,2025-02-16,2,5,1,349.0,147.0,0.0
8143,338,2,2025-02-16,3,1,1,254.15,128.0,44.85
8144,1896,4,2025-02-16,1,1,1,296.65,147.0,52.35
8145,871,4,2025-02-16,3,1,1,314.1,147.0,34.9
8146,360,1,2025-02-16,1,2,1,299.0,128.0,0.0
8147,1839,2,2025-02-16,1,1,2,299.0,128.0,0.0
8148,236,1,2025-02-16,5,1,1,299.0,128.0,0.0
8149,708,5,2025-02-16,1,1,1,349.0,147.0,0.0
8150,1773,5,2025-02-16,3,1,1,314.1,147.0,34.9
8151,178,1,2025-02-16,1,2,1,254.15,128.0,44.85
8152,1894,5,2025-02-17,3,3,1,314.1,147.0,34.9
8153,1697,4,2025-02-17,4,4,1,349.0,147.0,0.0
8154,1367,2,2025-02-17,1,1,1,299.0,128.0,0.0
8155,350,2,2025-02-17,3,2,1,269.1,128.0,29.9
8156,26,2,2025-02-17,1,1,1,299.0,128.0,0.0
8157,1836,3,2025-02-17,1,2,1,329.0,141.0,0.0
8158,1152,5,2025-02-17,8,1,1,349.0,147.0,0.0
8159,669,1,2025-02-17,1,4,1,269.1,128.0,29.9
8160,854,6,2025-02-17,3,2,2,499.0,210.0,0.0
8161,936,6,2025-02-17,1,3,1,499.0,210.0,0.0
8162,226,3,2025-02-17,2,4,1,329.0,141.0,0.0
8163,1026,5,2025-02-17,2,3,1,349.0,147.0,0.0
8164,1358,5,2025-02-17,4,2,1,349.0,147.0,0.0
8165,572,4,2025-02-17,5,5,1,314.1,147.0,34.9
8166,1908,5,2025-02-17,3,2,1,296.65,147.0,52.35
8167,687,3,2025-02-17,1,4,2,329.0,141.0,0.0
8168,1684,4,2025-02-17,4,4,1,349.0,147.0,0.0
8169,1555,5,2025-02-17,3,2,1,349.0,147.0,0.0
8170,1781,5,2025-02-17,1,4,1,349.0,147.0,0.0
8171,1520,4,2025-02-17,2,1,1,349.0,147.0,0.0
8172,1669,2,2025-02-17,4,2,1,299.0,128.0,0.0
8173,414,2,2025-02-17,1,1,2,269.1,128.0,29.9
8174,1323,6,2025-02-18,1,3,1,449.1,210.0,49.9
8175,558,5,2025-02-18,1,1,1,349.0,147.0,0.0
8176,299,5,2025-02-18,7,2,2,349.0,147.0,0.0
8177,1025,4,2025-02-18,5,1,1,349.0,147.0,0.0
8178,303,5,2025-02-18,2,2,1,349.0,147.0,0.0
8179,477,3,2025-02-18,1,1,1,329.0,141.0,0.0
8180,447,5,2025-02-18,5,1,1,349.0,147.0,0.0
8181,191,4,2025-02-18,1,4,1,349.0,147.0,0.0
8182,508,4,2025-02-18,1,2,1,314.1,147.0,34.9
8183,1584,2,2025-02-18,2,3,1,269.1,128.0,29.9
8184,1245,4,2025-02-18,3,3,1,349.0,147.0,0.0
8185,677,5,2025-02-18,1,1,1,349.0,147.0,0.0
8186,489,4,2025-02-18,7,4,1,314.1,147.0,34.9
8187,553,3,2025-02-18,4,1,1,329.0,141.0,0.0
8188,581,4,2025-02-18,7,1,1,349.0,147.0,0.0
8189,12,4,2025-02-18,1,2,1,349.0,147.0,0.0
8190,443,2,2025-02-18,1,2,2,269.1,128.0,29.9
8191,1965,5,2025-02-18,1,5,1,349.0,147.0,0.0
8192,1434,2,2025-02-18,2,4,1,299.0,128.0,0.0
8193,1161,1,2025-02-18,3,1,2,299.0,128.0,0.0
8194,917,1,2025-02-18,2,1,1,299.0,128.0,0.0
8195,1648,5,2025-02-18,6,2,1,349.0,147.0,0.0
8196,673,2,2025-02-18,2,2,1,299.0,128.0,0.0
8197,1092,2,2025-02-18,7,3,1,299.0,128.0,0.0
8198,789,5,2025-02-18,8,1,1,314.1,147.0,34.9
8199,947,6,2025-02-18,9,2,1,499.0,210.0,0.0
8200,1053,5,2025-02-18,5,3,1,349.0,147.0,0.0
8201,1789,3,2025-02-18,1,1,2,329.0,141.0,0.0
8202,1226,4,2025-02-18,3,3,1,349.0,147.0,0.0
8203,248,4,2025-02-18,5,1,1,349.0,147.0,0.0
8204,1880,4,2025-02-18,5,2,1,349.0,147.0,0.0
8205,239,2,2025-02-18,7,4,1,299.0,128.0,0.0
8206,1118,1,2025-02-19,2,1,2,269.1,128.0,29.9
8207,960,4,2025-02-19,1,4,1,296.65,147.0,52.35
8208,1931,1,2025-02-19,7,1,2,299.0,128.0,0.0
8209,190,2,2025-02-19,3,3,1,269.1,128.0,29.9
8210,903,4,2025-02-19,4,1,2,349.0,147.0,0.0
8211,1175,5,2025-02-19,1,4,1,296.65,147.0,52.35
8212,1442,2,2025-02-19,1,1,1,299.0,128.0,0.0
8213,1321,3,2025-02-19,4,5,1,329.0,141.0,0.0
8214,297,5,2025-02-19,7,2,1,349.0,147.0,0.0
8215,1673,5,2025-02-19,3,4,1,349.0,147.0,0.0
8216,1864,5,2025-02-19,5,2,1,349.0,147.0,0.0
8217,1437,2,2025-02-19,1,4,1,299.0,128.0,0.0
8218,213,5,2025-02-19,4,1,1,349.0,147.0,0.0
8219,1887,6,2025-02-19,9,1,1,499.0,210.0,0.0
8220,1551,1,2025-02-19,3,1,1,299.0,128.0,0.0
8221,1384,5,2025-02-19,7,2,1,349.0,147.0,0.0
8222,300,4,2025-02-19,1,4,1,349.0,147.0,0.0
8223,1244,4,2025-02-19,1,2,1,296.65,147.0,52.35
8224,1289,6,2025-02-19,2,1,1,499.0,210.0,0.0
8225,1838,2,2025-02-19,1,3,1,299.0,128.0,0.0
8226,533,6,2025-02-19,7,1,1,424.15,210.0,74.85
8227,1989,5,2025-02-19,5,1,1,349.0,147.0,0.0
8228,1286,6,2025-02-19,7,1,1,499.0,210.0,0.0
8229,565,5,2025-02-19,5,1,1,349.0,147.0,0.0
8230,1580,6,2025-02-20,1,1,1,499.0,210.0,0.0
8231,827,2,2025-02-20,3,5,1,299.0,128.0,0.0
8232,1922,5,2025-02-20,5,3,1,349.0,147.0,0.0
8233,530,4,2025-02-20,2,2,2,349.0,147.0,0.0
8234,227,3,2025-02-20,3,1,1,296.1,141.0,32.9
8235,1949,4,2025-02-20,1,2,1,349.0,147.0,0.0
8236,1472,1,2025-02-20,3,5,2,299.0,128.0,0.0
8237,1461,5,2025-02-20,3,4,1,349.0,147.0,0.0
8238,172,5,2025-02-20,2,2,1,314.1,147.0,34.9
8239,1985,5,2025-02-20,8,3,1,314.1,147.0,34.9
8240,206,2,2025-02-20,7,1,1,299.0,128.0,0.0
8241,32,5,2025-02-20,1,5,1,349.0,147.0,0.0
8242,546,6,2025-02-20,7,4,1,499.0,210.0,0.0
8243,1510,3,2025-02-20,1,1,1,329.0,141.0,0.0
8244,925,5,2025-02-20,1,1,1,349.0,147.0,0.0
8245,1998,3,2025-02-20,1,5,2,329.0,141.0,0.0
8246,911,3,2025-02-20,4,5,1,296.1,141.0,32.9
8247,427,6,2025-02-20,2,1,1,499.0,210.0,0.0
8248,474,6,2025-02-20,2,1,1,499.0,210.0,0.0
8249,445,5,2025-02-20,8,2,1,314.1,147.0,34.9
8250,174,5,2025-02-20,5,5,1,349.0,147.0,0.0
8251,136,1,2025-02-20,1,3,1,254.15,128.0,44.85
8252,18,5,2025-02-21,3,3,2,296.65,147.0,52.35
8253,864,5,2025-02-21,1,5,1,349.0,147.0,0.0
8254,1431,5,2025-02-21,7,4,1,349.0,147.0,0.0
8255,1768,6,2025-02-21,4,1,1,499.0,210.0,0.0
8256,1958,5,2025-02-21,6,1,1,349.0,147.0,0.0
8257,1892,1,2025-02-21,7,2,1,269.1,128.0,29.9
8258,821,5,2025-02-21,6,2,1,349.0,147.0,0.0
8259,968,5,2025-02-21,5,2,1,349.0,147.0,0.0
8260,1692,4,2025-02-21,1,3,1,349.0,147.0,0.0
8261,372,3,2025-02-21,7,2,1,329.0,141.0,0.0
8262,839,4,2025-02-21,3,3,1,349.0,147.0,0.0
8263,645,3,2025-02-21,8,2,1,279.65,141.0,49.35
8264,205,2,2025-02-21,7,3,1,299.0,128.0,0.0
8265,702,5,2025-02-21,5,5,1,349.0,147.0,0.0
8266,1776,1,2025-02-21,3,3,1,299.0,128.0,0.0
8267,954,4,2025-02-21,1,1,2,349.0,147.0,0.0
8268,1462,2,2025-02-21,2,2,1,299.0,128.0,0.0
8269,1648,5,2025-02-21,2,3,1,349.0,147.0,0.0
8270,1594,4,2025-02-21,8,1,1,349.0,147.0,0.0
8271,538,2,2025-02-21,4,2,1,299.0,128.0,0.0
8272,526,1,2025-02-21,1,3,1,299.0,128.0,0.0
8273,175,2,2025-02-21,2,1,1,299.0,128.0,0.0
8274,813,1,2025-02-21,4,1,1,299.0,128.0,0.0
8275,752,5,2025-02-21,7,3,2,296.65,147.0,52.35
8276,1594,1,2025-02-21,8,4,1,299.0,128.0,0.0
8277,1627,4,2025-02-21,1,2,1,349.0,147.0,0.0
8278,1386,4,2025-02-21,4,1,1,314.1,147.0,34.9
8279,105,5,2025-02-22,1,1,1,296.65,147.0,52.35
8280,1228,1,2025-02-22,8,2,1,299.0,128.0,0.0
8281,324,4,2025-02-22,3,3,1,314.1,147.0,34.9
8282,1810,6,2025-02-22,4,1,1,499.0,210.0,0.0
8283,1308,6,2025-02-22,2,1,1,499.0,210.0,0.0
8284,193,5,2025-02-22,8,1,1,349.0,147.0,0.0
8285,1577,6,2025-02-22,7,3,1,499.0,210.0,0.0
8286,805,6,2025-02-22,1,1,1,449.1,210.0,49.9
8287,1036,5,2025-02-22,7,2,2,349.0,147.0,0.0
8288,1691,6,2025-02-22,1,2,1,449.1,210.0,49.9
8289,703,2,2025-02-22,2,1,1,299.0,128.0,0.0
8290,1115,2,2025-02-22,1,1,1,299.0,128.0,0.0
8291,292,1,2025-02-22,5,2,1,254.15,128.0,44.85
8292,1030,2,2025-02-22,8,5,1,299.0,128.0,0.0
8293,1795,4,2025-02-22,4,1,1,349.0,147.0,0.0
8294,1159,5,2025-02-22,5,1,1,349.0,147.0,0.0
8295,1955,6,2025-02-22,3,5,1,449.1,210.0,49.9
8296,1213,4,2025-02-22,4,4,1,296.65,147.0,52.35
8297,413,5,2025-02-22,5,2,1,349.0,147.0,0.0
8298,124,5,2025-02-22,8,3,1,349.0,147.0,0.0
8299,999,2,2025-02-22,4,1,1,299.0,128.0,0.0
8300,1364,5,2025-02-22,1,1,1,349.0,147.0,0.0
8301,746,3,2025-02-22,2,1,1,329.0,141.0,0.0
8302,407,4,2025-02-23,1,1,1,349.0,147.0,0.0
8303,974,4,2025-02-23,1,2,1,349.0,147.0,0.0
8304,549,4,2025-02-23,5,5,1,349.0,147.0,0.0
8305,677,6,2025-02-23,1,4,1,499.0,210.0,0.0
8306,768,3,2025-02-23,5,5,1,329.0,141.0,0.0
8307,1510,4,2025-02-23,6,4,1,314.1,147.0,34.9
8308,721,3,2025-02-23,4,3,1,296.1,141.0,32.9
8309,29,3,2025-02-23,2,2,1,329.0,141.0,0.0
8310,305,6,2025-02-23,3,5,1,449.1,210.0,49.9
8311,1188,1,2025-02-23,8,3,1,299.0,128.0,0.0
8312,1458,4,2025-02-23,1,1,1,349.0,147.0,0.0
8313,1296,5,2025-02-23,5,2,2,314.1,147.0,34.9
8314,584,6,2025-02-23,1,1,1,499.0,210.0,0.0
8315,871,1,2025-02-23,1,4,1,254.15,128.0,44.85
8316,1911,6,2025-02-23,4,2,1,499.0,210.0,0.0
8317,534,5,2025-02-23,8,4,1,349.0,147.0,0.0
8318,1306,5,2025-02-23,2,3,1,349.0,147.0,0.0
8319,1816,6,2025-02-23,4,2,1,424.15,210.0,74.85
8320,1504,4,2025-02-23,1,2,1,349.0,147.0,0.0
8321,206,6,2025-02-23,2,1,1,499.0,210.0,0.0
8322,1807,5,2025-02-23,2,1,1,349.0,147.0,0.0
8323,215,5,2025-02-23,1,2,1,349.0,147.0,0.0
8324,1551,6,2025-02-23,3,1,1,499.0,210.0,0.0
8325,1610,1,2025-02-23,3,1,1,299.0,128.0,0.0
8326,1212,1,2025-02-23,5,1,1,299.0,128.0,0.0
8327,130,3,2025-02-23,2,2,1,329.0,141.0,0.0
8328,827,5,2025-02-23,5,5,1,314.1,147.0,34.9
8329,1222,1,2025-02-24,9,2,1,299.0,128.0,0.0
8330,1572,6,2025-02-24,7,5,1,499.0,210.0,0.0
8331,1005,5,2025-02-24,2,3,1,349.0,147.0,0.0
8332,574,6,2025-02-24,3,1,1,449.1,210.0,49.9
8333,859,2,2025-02-24,1,1,1,299.0,128.0,0.0
8334,1446,1,2025-02-24,2,4,2,269.1,128.0,29.9
8335,1800,1,2025-02-24,3,2,1,299.0,128.0,0.0
8336,1005,4,2025-02-24,2,3,1,349.0,147.0,0.0
8337,355,3,2025-02-24,1,3,1,296.1,141.0,32.9
8338,1647,6,2025-02-24,5,2,1,499.0,210.0,0.0
8339,1584,1,2025-02-24,5,1,1,299.0,128.0,0.0
8340,168,4,2025-02-24,5,1,1,349.0,147.0,0.0
8341,642,5,2025-02-24,3,4,1,349.0,147.0,0.0
8342,1815,1,2025-02-24,5,1,1,299.0,128.0,0.0
8343,660,5,2025-02-24,5,3,1,349.0,147.0,0.0
8344,1043,6,2025-02-24,1,2,1,499.0,210.0,0.0
8345,1611,3,2025-02-24,5,1,1,329.0,141.0,0.0
8346,563,2,2025-02-24,8,2,1,299.0,128.0,0.0
8347,1799,1,2025-02-24,2,2,1,269.1,128.0,29.9
8348,1243,4,2025-02-24,5,1,2,349.0,147.0,0.0
8349,941,1,2025-02-24,5,3,1,269.1,128.0,29.9
8350,1072,4,2025-02-24,3,3,2,349.0,147.0,0.0
8351,427,5,2025-02-24,2,2,1,349.0,147.0,0.0
8352,1938,3,2025-02-24,3,3,1,329.0,141.0,0.0
8353,1410,2,2025-02-25,2,4,1,254.15,128.0,44.85
8354,1028,1,2025-02-25,1,5,1,299.0,128.0,0.0
8355,924,4,2025-02-25,2,5,1,349.0,147.0,0.0
8356,1470,6,2025-02-25,5,3,1,499.0,210.0,0.0
8357,601,5,2025-02-25,2,1,1,349.0,147.0,0.0
8358,710,2,2025-02-25,2,2,1,299.0,128.0,0.0
8359,1714,5,2025-02-25,5,1,1,349.0,147.0,0.0
8360,1400,4,2025-02-25,1,2,1,349.0,147.0,0.0
8361,1217,4,2025-02-25,5,2,1,349.0,147.0,0.0
8362,1282,2,2025-02-25,1,1,1,299.0,128.0,0.0
8363,371,6,2025-02-25,1,2,1,499.0,210.0,0.0
8364,420,5,2025-02-25,1,5,1,349.0,147.0,0.0
8365,358,5,2025-02-25,1,1,1,349.0,147.0,0.0
8366,284,2,2025-02-25,6,2,1,269.1,128.0,29.9
8367,1140,4,2025-02-25,5,2,1,349.0,147.0,0.0
8368,1219,2,2025-02-25,4,1,2,299.0,128.0,0.0
8369,1957,2,2025-02-25,2,3,1,254.15,128.0,44.85
8370,810,1,2025-02-25,1,3,1,299.0,128.0,0.0
8371,1569,4,2025-02-25,7,1,1,296.65,147.0,52.35
8372,465,4,2025-02-25,8,4,1,349.0,147.0,0.0
8373,166,5,2025-02-25,2,2,1,349.0,147.0,0.0
8374,317,4,2025-02-25,9,5,1,314.1,147.0,34.9
8375,1881,5,2025-02-25,1,1,1,349.0,147.0,0.0
8376,1861,2,2025-02-25,3,1,1,299.0,128.0,0.0
8377,1007,2,2025-02-25,1,1,1,299.0,128.0,0.0
8378,897,5,2025-02-25,1,5,1,349.0,147.0,0.0
8379,107,4,2025-02-25,3,1,1,349.0,147.0,0.0
8380,1948,4,2025-02-25,4,2,1,349.0,147.0,0.0
8381,745,6,2025-02-25,7,5,1,499.0,210.0,0.0
8382,1490,5,2025-02-25,1,1,1,349.0,147.0,0.0
8383,1022,5,2025-02-26,1,3,1,349.0,147.0,0.0
8384,1533,4,2025-02-26,1,2,2,314.1,147.0,34.9
8385,1498,2,2025-02-26,1,2,1,299.0,128.0,0.0
8386,949,6,2025-02-26,5,5,1,499.0,210.0,0.0
8387,945,4,2025-02-26,1,2,1,349.0,147.0,0.0
8388,1257,3,2025-02-26,5,1,1,329.0,141.0,0.0
8389,238,5,2025-02-26,3,1,1,314.1,147.0,34.9
8390,975,5,2025-02-26,1,2,1,296.65,147.0,52.35
8391,1307,3,2025-02-26,7,2,1,329.0,141.0,0.0
8392,755,1,2025-02-26,2,1,1,299.0,128.0,0.0
8393,1417,4,2025-02-26,9,3,1,349.0,147.0,0.0
8394,1006,6,2025-02-26,3,4,1,499.0,210.0,0.0
8395,1513,5,2025-02-26,1,1,1,349.0,147.0,0.0
8396,1539,4,2025-02-26,5,5,1,349.0,147.0,0.0
8397,20,4,2025-02-26,3,4,1,349.0,147.0,0.0
8398,247,5,2025-02-26,1,4,1,314.1,147.0,34.9
8399,1264,4,2025-02-26,3,4,1,314.1,147.0,34.9
8400,21,2,2025-02-26,6,1,1,299.0,128.0,0.0
8401,1507,2,2025-02-26,2,3,1,299.0,128.0,0.0
8402,1628,5,2025-02-26,6,5,1,349.0,147.0,0.0
8403,1118,1,2025-02-26,2,4,1,299.0,128.0,0.0
8404,1160,4,2025-02-26,3,4,1,349.0,147.0,0.0
8405,986,4,2025-02-26,3,4,1,349.0,147.0,0.0
8406,1435,5,2025-02-26,7,1,1,349.0,147.0,0.0
8407,80,4,2025-02-26,6,2,1,296.65,147.0,52.35
8408,1866,2,2025-02-26,1,2,1,299.0,128.0,0.0
8409,139,6,2025-02-26,3,2,1,499.0,210.0,0.0
8410,778,5,2025-02-26,6,4,2,349.0,147.0,0.0
8411,559,5,2025-02-26,2,1,1,349.0,147.0,0.0
8412,703,2,2025-02-27,1,1,1,269.1,128.0,29.9
8413,941,2,2025-02-27,5,2,1,254.15,128.0,44.85
8414,278,3,2025-02-27,1,1,1,296.1,141.0,32.9
8415,1499,4,2025-02-27,3,5,2,314.1,147.0,34.9
8416,763,2,2025-02-27,1,3,1,269.1,128.0,29.9
8417,1495,6,2025-02-27,1,1,1,499.0,210.0,0.0
8418,546,2,2025-02-27,8,1,1,299.0,128.0,0.0
8419,325,4,2025-02-27,3,1,1,349.0,147.0,0.0
8420,903,4,2025-02-27,2,1,1,349.0,147.0,0.0
8421,387,5,2025-02-27,5,2,1,349.0,147.0,0.0
8422,902,2,2025-02-27,2,2,1,299.0,128.0,0.0
8423,532,5,2025-02-27,4,2,1,349.0,147.0,0.0
8424,193,4,2025-02-27,5,2,1,296.65,147.0,52.35
8425,1157,1,2025-02-27,2,1,1,269.1,128.0,29.9
8426,495,5,2025-02-27,9,5,1,296.65,147.0,52.35
8427,175,5,2025-02-27,5,2,1,349.0,147.0,0.0
8428,1993,5,2025-02-27,8,3,2,349.0,147.0,0.0
8429,417,4,2025-02-27,3,3,1,349.0,147.0,0.0
8430,426,6,2025-02-27,3,2,1,499.0,210.0,0.0
8431,473,4,2025-02-27,7,2,1,349.0,147.0,0.0
8432,1790,3,2025-02-27,8,3,1,329.0,141.0,0.0
8433,1869,4,2025-02-27,3,2,1,349.0,147.0,0.0
8434,358,2,2025-02-27,5,2,1,269.1,128.0,29.9
8435,1671,1,2025-02-27,2,2,1,299.0,128.0,0.0
8436,1165,5,2025-02-27,1,3,1,349.0,147.0,0.0
8437,1248,6,2025-02-28,2,4,1,499.0,210.0,0.0
8438,269,3,2025-02-28,6,1,1,296.1,141.0,32.9
8439,61,4,2025-02-28,3,2,1,314.1,147.0,34.9
8440,363,4,2025-02-28,8,4,1,296.65,147.0,52.35
8441,445,3,2025-02-28,3,2,1,329.0,141.0,0.0
8442,980,1,2025-02-28,1,3,1,254.15,128.0,44.85
8443,1549,5,2025-02-28,2,1,1,349.0,147.0,0.0
8444,1982,5,2025-02-28,3,1,1,349.0,147.0,0.0
8445,1109,2,2025-02-28,5,1,1,299.0,128.0,0.0
8446,344,3,2025-02-28,1,1,1,329.0,141.0,0.0
8447,1153,6,2025-02-28,4,1,1,499.0,210.0,0.0
8448,987,6,2025-02-28,7,3,1,499.0,210.0,0.0
8449,1051,2,2025-02-28,1,3,1,299.0,128.0,0.0
8450,103,4,2025-02-28,2,1,1,296.65,147.0,52.35
8451,852,5,2025-02-28,1,1,1,296.65,147.0,52.35
8452,1509,5,2025-02-28,3,2,1,349.0,147.0,0.0
8453,1988,1,2025-02-28,4,1,1,299.0,128.0,0.0
8454,1479,6,2025-02-28,2,3,2,499.0,210.0,0.0
8455,689,1,2025-02-28,7,2,1,299.0,128.0,0.0
8456,1544,5,2025-02-28,6,3,1,296.65,147.0,52.35
8457,112,6,2025-02-28,2,1,1,449.1,210.0,49.9
8458,928,5,2025-02-28,1,4,2,349.0,147.0,0.0
8459,1821,3,2025-02-28,2,1,1,329.0,141.0,0.0
8460,358,3,2025-02-28,1,1,1,329.0,141.0,0.0
8461,1568,2,2025-02-28,7,3,1,299.0,128.0,0.0
8462,1168,5,2025-02-28,1,1,2,349.0,147.0,0.0
8463,1181,3,2025-02-28,3,5,1,329.0,141.0,0.0
8464,305,2,2025-02-28,3,2,1,299.0,128.0,0.0
8465,1966,4,2025-03-01,3,2,1,349.0,147.0,0.0
8466,371,4,2025-03-01,1,3,1,296.65,147.0,52.35
8467,1713,5,2025-03-01,5,1,1,349.0,147.0,0.0
8468,1972,5,2025-03-01,1,2,1,349.0,147.0,0.0
8469,586,4,2025-03-01,1,3,1,349.0,147.0,0.0
8470,1219,1,2025-03-01,2,3,2,299.0,128.0,0.0
8471,666,5,2025-03-01,8,1,1,349.0,147.0,0.0
8472,368,5,2025-03-01,5,1,1,314.1,147.0,34.9
8473,274,1,2025-03-01,7,1,1,254.15,128.0,44.85
8474,999,5,2025-03-01,4,1,1,296.65,147.0,52.35
8475,1274,2,2025-03-01,3,2,1,299.0,128.0,0.0
8476,69,4,2025-03-01,1,1,1,314.1,147.0,34.9
8477,1430,1,2025-03-01,3,2,1,299.0,128.0,0.0
8478,1781,1,2025-03-01,6,1,2,299.0,128.0,0.0
8479,412,6,2025-03-01,3,2,1,449.1,210.0,49.9
8480,814,1,2025-03-01,3,3,1,299.0,128.0,0.0
8481,1240,4,2025-03-01,2,4,2,349.0,147.0,0.0
8482,1210,4,2025-03-01,3,1,1,349.0,147.0,0.0
8483,1457,4,2025-03-01,2,1,1,349.0,147.0,0.0
8484,1125,6,2025-03-01,2,1,1,499.0,210.0,0.0
8485,973,2,2025-03-01,3,2,1,299.0,128.0,0.0
8486,662,2,2025-03-01,7,2,1,269.1,128.0,29.9
8487,813,1,2025-03-01,5,2,1,269.1,128.0,29.9
8488,1040,5,2025-03-01,6,1,1,314.1,147.0,34.9
8489,1934,5,2025-03-01,5,1,2,314.1,147.0,34.9
8490,1995,6,2025-03-01,2,2,1,499.0,210.0,0.0
8491,105,6,2025-03-01,8,2,2,499.0,210.0,0.0
8492,799,4,2025-03-01,1,1,1,349.0,147.0,0.0
8493,753,1,2025-03-01,1,2,2,299.0,128.0,0.0
8494,209,4,2025-03-02,5,2,1,349.0,147.0,0.0
8495,819,6,2025-03-02,5,4,1,499.0,210.0,0.0
8496,489,4,2025-03-02,1,2,1,314.1,147.0,34.9
8497,1487,5,2025-03-02,3,3,1,349.0,147.0,0.0
8498,733,5,2025-03-02,5,2,1,296.65,147.0,52.35
8499,1917,6,2025-03-02,8,2,1,499.0,210.0,0.0
8500,891,3,2025-03-02,7,3,1,329.0,141.0,0.0
8501,72,4,2025-03-02,7,1,1,314.1,147.0,34.9
8502,41,2,2025-03-02,3,1,1,299.0,128.0,0.0
8503,1149,1,2025-03-02,5,1,1,269.1,128.0,29.9
8504,1280,6,2025-03-02,8,1,1,499.0,210.0,0.0
8505,1013,5,2025-03-02,1,3,1,349.0,147.0,0.0
8506,1563,2,2025-03-02,5,1,1,299.0,128.0,0.0
8507,1665,5,2025-03-02,2,2,1,296.65,147.0,52.35
8508,1200,6,2025-03-02,8,2,1,499.0,210.0,0.0
8509,810,5,2025-03-02,2,2,1,349.0,147.0,0.0
8510,1611,2,2025-03-02,4,3,1,299.0,128.0,0.0
8511,972,5,2025-03-02,5,5,1,349.0,147.0,0.0
8512,632,3,2025-03-02,3,2,1,329.0,141.0,0.0
8513,1177,1,2025-03-02,3,4,1,299.0,128.0,0.0
8514,415,1,2025-03-02,1,1,1,299.0,128.0,0.0
8515,1398,2,2025-03-02,1,2,1,299.0,128.0,0.0
8516,147,4,2025-03-02,1,1,1,296.65,147.0,52.35
8517,611,1,2025-03-02,2,2,1,299.0,128.0,0.0
8518,1404,4,2025-03-02,4,2,1,296.65,147.0,52.35
8519,1787,5,2025-03-02,3,1,2,349.0,147.0,0.0
8520,1664,4,2025-03-02,5,2,1,296.65,147.0,52.35
8521,1817,3,2025-03-03,9,1,2,329.0,141.0,0.0
8522,136,5,2025-03-03,1,5,1,349.0,147.0,0.0
8523,1213,5,2025-03-03,7,1,1,349.0,147.0,0.0
8524,749,2,2025-03-03,2,1,1,269.1,128.0,29.9
8525,1496,4,2025-03-03,6,5,1,296.65,147.0,52.35
8526,739,5,2025-03-03,2,3,1,349.0,147.0,0.0
8527,145,1,2025-03-03,3,3,1,269.1,128.0,29.9
8528,4,4,2025-03-03,4,1,1,314.1,147.0,34.9
8529,590,6,2025-03-03,1,4,1,424.15,210.0,74.85
8530,70,2,2025-03-03,2,1,1,299.0,128.0,0.0
8531,1839,1,2025-03-03,2,1,1,299.0,128.0,0.0
8532,1929,3,2025-03-03,2,1,1,329.0,141.0,0.0
8533,339,4,2025-03-03,5,1,2,349.0,147.0,0.0
8534,194,4,2025-03-03,2,1,1,296.65,147.0,52.35
8535,1500,1,2025-03-03,4,3,1,269.1,128.0,29.9
8536,1711,1,2025-03-03,1,2,2,269.1,128.0,29.9
8537,1009,1,2025-03-03,8,5,1,269.1,128.0,29.9
8538,1553,5,2025-03-03,3,4,2,349.0,147.0,0.0
8539,1814,3,2025-03-03,1,1,1,329.0,141.0,0.0
8540,990,1,2025-03-03,1,5,1,299.0,128.0,0.0
8541,801,1,2025-03-03,2,1,1,269.1,128.0,29.9
8542,323,4,2025-03-03,1,3,1,349.0,147.0,0.0
8543,809,5,2025-03-03,1,4,1,349.0,147.0,0.0
8544,427,3,2025-03-03,5,3,1,329.0,141.0,0.0
8545,1834,6,2025-03-03,7,2,1,499.0,210.0,0.0
8546,869,4,2025-03-03,1,1,2,296.65,147.0,52.35
8547,1234,6,2025-03-03,1,1,1,449.1,210.0,49.9
8548,339,1,2025-03-03,1,5,1,299.0,128.0,0.0
8549,1418,6,2025-03-03,1,2,1,499.0,210.0,0.0
8550,1675,4,2025-03-04,1,3,1,349.0,147.0,0.0
8551,1718,4,2025-03-04,7,4,1,349.0,147.0,0.0
8552,828,4,2025-03-04,2,3,1,349.0,147.0,0.0
8553,319,2,2025-03-04,2,2,1,299.0,128.0,0.0
8554,688,3,2025-03-04,2,5,1,296.1,141.0,32.9
8555,1191,2,2025-03-04,4,1,1,299.0,128.0,0.0
8556,737,1,2025-03-04,4,1,1,299.0,128.0,0.0
8557,384,5,2025-03-04,1,5,1,349.0,147.0,0.0
8558,728,2,2025-03-04,2,2,1,299.0,128.0,0.0
8559,156,5,2025-03-04,7,1,1,349.0,147.0,0.0
8560,652,4,2025-03-04,1,1,1,349.0,147.0,0.0
8561,594,4,2025-03-04,1,1,1,349.0,147.0,0.0
8562,470,6,2025-03-04,2,1,1,499.0,210.0,0.0
8563,957,2,2025-03-04,3,2,1,299.0,128.0,0.0
8564,128,5,2025-03-04,8,2,1,349.0,147.0,0.0
8565,293,4,2025-03-04,2,4,1,296.65,147.0,52.35
8566,1629,3,2025-03-04,9,1,2,329.0,141.0,0.0
8567,1305,5,2025-03-04,1,1,1,349.0,147.0,0.0
8568,1007,5,2025-03-04,7,5,2,296.65,147.0,52.35
8569,1371,5,2025-03-04,4,1,1,349.0,147.0,0.0
8570,1161,4,2025-03-04,3,1,1,349.0,147.0,0.0
8571,44,4,2025-03-04,1,3,1,349.0,147.0,0.0
8572,1941,5,2025-03-04,3,1,1,349.0,147.0,0.0
8573,1219,4,2025-03-04,5,2,1,349.0,147.0,0.0
8574,781,5,2025-03-04,4,1,1,349.0,147.0,0.0
8575,148,5,2025-03-04,3,1,1,349.0,147.0,0.0
8576,163,5,2025-03-04,4,2,1,349.0,147.0,0.0
8577,832,2,2025-03-04,2,2,1,299.0,128.0,0.0
8578,1795,6,2025-03-04,5,2,1,499.0,210.0,0.0
8579,1250,1,2025-03-04,1,2,1,299.0,128.0,0.0
8580,1130,5,2025-03-04,4,4,1,314.1,147.0,34.9
8581,1455,4,2025-03-05,1,1,1,349.0,147.0,0.0
8582,1018,5,2025-03-05,3,1,1,314.1,147.0,34.9
8583,697,6,2025-03-05,1,1,1,449.1,210.0,49.9
8584,1663,1,2025-03-05,3,2,2,269.1,128.0,29.9
8585,1687,4,2025-03-05,8,1,1,349.0,147.0,0.0
8586,1988,5,2025-03-05,1,1,1,314.1,147.0,34.9
8587,1340,2,2025-03-05,5,3,2,299.0,128.0,0.0
8588,1076,5,2025-03-05,7,3,1,349.0,147.0,0.0
8589,1160,4,2025-03-05,2,3,1,314.1,147.0,34.9
8590,617,6,2025-03-05,3,1,1,499.0,210.0,0.0
8591,195,1,2025-03-05,8,2,1,299.0,128.0,0.0
8592,1024,2,2025-03-05,4,4,1,299.0,128.0,0.0
8593,1910,3,2025-03-05,6,1,1,329.0,141.0,0.0
8594,1813,4,2025-03-05,2,1,1,314.1,147.0,34.9
8595,1203,2,2025-03-05,1,1,1,299.0,128.0,0.0
8596,683,6,2025-03-05,2,3,2,449.1,210.0,49.9
8597,1595,4,2025-03-05,6,3,1,349.0,147.0,0.0
8598,1742,2,2025-03-05,3,1,1,299.0,128.0,0.0
8599,618,1,2025-03-05,3,2,1,299.0,128.0,0.0
8600,12,1,2025-03-05,5,4,1,299.0,128.0,0.0
8601,260,3,2025-03-05,5,4,1,329.0,141.0,0.0
8602,522,6,2025-03-05,5,2,1,424.15,210.0,74.85
8603,831,4,2025-03-05,5,1,1,349.0,147.0,0.0
8604,1553,6,2025-03-05,5,1,1,499.0,210.0,0.0
8605,1709,5,2025-03-05,3,1,1,349.0,147.0,0.0
8606,911,5,2025-03-05,1,1,2,296.65,147.0,52.35
8607,489,3,2025-03-05,3,5,1,329.0,141.0,0.0
8608,1069,4,2025-03-05,8,3,1,349.0,147.0,0.0
8609,331,5,2025-03-06,1,1,1,314.1,147.0,34.9
8610,1961,6,2025-03-06,4,2,1,499.0,210.0,0.0
8611,16,2,2025-03-06,1,5,1,299.0,128.0,0.0
8612,1817,1,2025-03-06,5,2,1,299.0,128.0,0.0
8613,687,1,2025-03-06,5,2,1,299.0,128.0,0.0
8614,329,6,2025-03-06,2,2,1,499.0,210.0,0.0
8615,440,5,2025-03-06,9,1,1,296.65,147.0,52.35
8616,1389,5,2025-03-06,2,5,1,349.0,147.0,0.0
8617,1728,2,2025-03-06,1,1,1,269.1,128.0,29.9
8618,1491,4,2025-03-06,3,1,1,349.0,147.0,0.0
8619,1548,2,2025-03-06,5,5,1,299.0,128.0,0.0
8620,1263,1,2025-03-06,7,4,1,299.0,128.0,0.0
8621,234,5,2025-03-06,2,1,1,314.1,147.0,34.9
8622,657,2,2025-03-06,3,2,1,299.0,128.0,0.0
8623,646,4,2025-03-06,1,2,1,349.0,147.0,0.0
8624,1114,4,2025-03-06,3,1,1,349.0,147.0,0.0
8625,1667,2,2025-03-06,4,1,1,269.1,128.0,29.9
8626,532,5,2025-03-06,4,2,1,349.0,147.0,0.0
8627,12,5,2025-03-06,3,1,1,349.0,147.0,0.0
8628,1382,6,2025-03-06,7,2,1,499.0,210.0,0.0
8629,554,6,2025-03-06,1,5,1,499.0,210.0,0.0
8630,989,5,2025-03-06,8,4,1,349.0,147.0,0.0
8631,939,3,2025-03-06,3,1,1,329.0,141.0,0.0
8632,749,4,2025-03-06,2,2,1,349.0,147.0,0.0
8633,865,5,2025-03-06,1,3,1,349.0,147.0,0.0
8634,1813,2,2025-03-06,2,2,1,269.1,128.0,29.9
8635,701,4,2025-03-06,6,3,1,296.65,147.0,52.35
8636,887,1,2025-03-06,5,1,1,254.15,128.0,44.85
8637,1887,2,2025-03-06,5,4,1,299.0,128.0,0.0
8638,1191,5,2025-03-07,1,3,1,349.0,147.0,0.0
8639,1737,4,2025-03-07,1,2,1,349.0,147.0,0.0
8640,437,5,2025-03-07,4,2,1,349.0,147.0,0.0
8641,461,1,2025-03-07,5,2,1,299.0,128.0,0.0
8642,917,5,2025-03-07,6,2,1,349.0,147.0,0.0
8643,895,5,2025-03-07,1,1,1,349.0,147.0,0.0
8644,178,6,2025-03-07,6,3,1,499.0,210.0,0.0
8645,294,3,2025-03-07,4,2,1,279.65,141.0,49.35
8646,1562,4,2025-03-07,1,2,1,349.0,147.0,0.0
8647,1379,4,2025-03-07,5,1,2,349.0,147.0,0.0
8648,133,4,2025-03-07,2,4,1,349.0,147.0,0.0
8649,1233,4,2025-03-07,6,5,1,314.1,147.0,34.9
8650,592,2,2025-03-07,7,1,1,299.0,128.0,0.0
8651,608,3,2025-03-07,3,1,2,296.1,141.0,32.9
8652,1726,5,2025-03-07,7,2,1,349.0,147.0,0.0
8653,62,4,2025-03-07,3,1,1,349.0,147.0,0.0
8654,1861,1,2025-03-07,1,2,1,299.0,128.0,0.0
8655,1193,6,2025-03-07,5,4,1,499.0,210.0,0.0
8656,1973,2,2025-03-07,4,2,1,299.0,128.0,0.0
8657,1633,6,2025-03-07,5,1,1,499.0,210.0,0.0
8658,1336,3,2025-03-07,3,2,1,329.0,141.0,0.0
8659,109,2,2025-03-07,3,4,1,299.0,128.0,0.0
8660,920,4,2025-03-07,4,4,2,349.0,147.0,0.0
8661,794,2,2025-03-07,1,2,1,299.0,128.0,0.0
8662,1738,4,2025-03-07,3,5,1,349.0,147.0,0.0
8663,1358,1,2025-03-07,8,5,1,299.0,128.0,0.0
8664,360,1,2025-03-08,1,2,1,299.0,128.0,0.0
8665,1318,2,2025-03-08,1,1,1,299.0,128.0,0.0
8666,685,1,2025-03-08,1,1,1,254.15,128.0,44.85
8667,504,5,2025-03-08,3,1,2,314.1,147.0,34.9
8668,657,4,2025-03-08,6,2,1,349.0,147.0,0.0
8669,1019,5,2025-03-08,8,3,1,349.0,147.0,0.0
8670,108,4,2025-03-08,2,2,1,349.0,147.0,0.0
8671,1054,2,2025-03-08,7,2,1,299.0,128.0,0.0
8672,1480,1,2025-03-08,2,5,1,299.0,128.0,0.0
8673,848,4,2025-03-08,2,3,1,349.0,147.0,0.0
8674,629,4,2025-03-08,4,1,1,314.1,147.0,34.9
8675,1314,3,2025-03-08,3,1,1,329.0,141.0,0.0
8676,1499,1,2025-03-08,5,2,1,254.15,128.0,44.85
8677,229,4,2025-03-08,5,1,1,314.1,147.0,34.9
8678,272,5,2025-03-08,7,2,1,349.0,147.0,0.0
8679,921,5,2025-03-08,1,1,1,349.0,147.0,0.0
8680,888,3,2025-03-08,2,2,1,329.0,141.0,0.0
8681,239,5,2025-03-08,2,1,1,314.1,147.0,34.9
8682,651,4,2025-03-08,5,2,1,349.0,147.0,0.0
8683,1998,5,2025-03-08,7,1,1,349.0,147.0,0.0
8684,1352,5,2025-03-08,1,1,1,349.0,147.0,0.0
8685,1548,2,2025-03-08,5,5,1,299.0,128.0,0.0
8686,1125,5,2025-03-08,3,2,1,349.0,147.0,0.0
8687,1468,5,2025-03-08,5,1,1,349.0,147.0,0.0
8688,412,3,2025-03-08,5,3,1,329.0,141.0,0.0
8689,1516,4,2025-03-08,4,1,1,349.0,147.0,0.0
8690,1230,1,2025-03-09,4,4,1,299.0,128.0,0.0
8691,140,2,2025-03-09,2,2,1,299.0,128.0,0.0
8692,548,5,2025-03-09,1,3,1,314.1,147.0,34.9
8693,968,5,2025-03-09,8,5,1,349.0,147.0,0.0
8694,1237,2,2025-03-09,3,2,1,269.1,128.0,29.9
8695,640,4,2025-03-09,3,1,1,349.0,147.0,0.0
8696,489,4,2025-03-09,1,1,1,349.0,147.0,0.0
8697,405,5,2025-03-09,5,4,1,349.0,147.0,0.0
8698,407,6,2025-03-09,8,1,1,499.0,210.0,0.0
8699,1379,4,2025-03-09,7,2,1,314.1,147.0,34.9
8700,1856,5,2025-03-09,1,1,1,349.0,147.0,0.0
8701,816,5,2025-03-09,7,3,1,349.0,147.0,0.0
8702,1831,5,2025-03-09,1,2,1,296.65,147.0,52.35
8703,1523,4,2025-03-09,5,2,1,314.1,147.0,34.9
8704,1190,2,2025-03-09,7,1,1,299.0,128.0,0.0
8705,1393,4,2025-03-09,7,2,1,349.0,147.0,0.0
8706,471,1,2025-03-09,7,3,1,299.0,128.0,0.0
8707,1674,4,2025-03-09,1,1,2,349.0,147.0,0.0
8708,1280,5,2025-03-09,3,2,1,349.0,147.0,0.0
8709,629,5,2025-03-09,1,1,1,349.0,147.0,0.0
8710,547,4,2025-03-09,3,2,1,314.1,147.0,34.9
8711,974,5,2025-03-09,1,3,1,349.0,147.0,0.0
8712,389,1,2025-03-09,7,2,1,299.0,128.0,0.0
8713,192,1,2025-03-09,3,2,1,299.0,128.0,0.0
8714,1660,2,2025-03-09,7,1,2,254.15,128.0,44.85
8715,1742,3,2025-03-10,5,1,1,329.0,141.0,0.0
8716,115,6,2025-03-10,3,1,1,499.0,210.0,0.0
8717,136,6,2025-03-10,5,4,1,449.1,210.0,49.9
8718,1887,4,2025-03-10,7,2,1,349.0,147.0,0.0
8719,897,5,2025-03-10,5,1,1,349.0,147.0,0.0
8720,349,5,2025-03-10,3,1,1,314.1,147.0,34.9
8721,1944,1,2025-03-10,1,1,2,299.0,128.0,0.0
8722,1490,6,2025-03-10,1,1,1,499.0,210.0,0.0
8723,706,1,2025-03-10,6,1,1,299.0,128.0,0.0
8724,244,3,2025-03-10,3,1,1,296.1,141.0,32.9
8725,87,3,2025-03-10,6,1,1,279.65,141.0,49.35
8726,1155,1,2025-03-10,4,2,1,299.0,128.0,0.0
8727,685,5,2025-03-10,1,1,1,349.0,147.0,0.0
8728,1654,1,2025-03-10,1,2,1,299.0,128.0,0.0
8729,902,4,2025-03-10,1,1,1,349.0,147.0,0.0
8730,339,5,2025-03-10,1,1,1,349.0,147.0,0.0
8731,394,3,2025-03-10,5,1,1,296.1,141.0,32.9
8732,442,4,2025-03-10,1,1,1,349.0,147.0,0.0
8733,1112,1,2025-03-10,1,1,1,269.1,128.0,29.9
8734,636,5,2025-03-10,2,4,1,314.1,147.0,34.9
8735,1831,4,2025-03-10,1,2,1,314.1,147.0,34.9
8736,806,5,2025-03-10,2,1,1,349.0,147.0,0.0
8737,573,2,2025-03-10,1,3,1,299.0,128.0,0.0
8738,1445,4,2025-03-10,2,1,1,349.0,147.0,0.0
8739,1494,2,2025-03-10,1,5,1,299.0,128.0,0.0
8740,116,2,2025-03-10,1,3,1,254.15,128.0,44.85
8741,1881,5,2025-03-10,1,3,1,349.0,147.0,0.0
8742,717,2,2025-03-11,1,1,1,269.1,128.0,29.9
8743,1948,5,2025-03-11,4,2,1,349.0,147.0,0.0
8744,1254,1,2025-03-11,1,1,1,269.1,128.0,29.9
8745,1915,2,2025-03-11,9,2,1,299.0,128.0,0.0
8746,420,5,2025-03-11,2,2,1,314.1,147.0,34.9
8747,1130,3,2025-03-11,7,1,1,296.1,141.0,32.9
8748,1089,1,2025-03-11,5,5,1,299.0,128.0,0.0
8749,1381,5,2025-03-11,4,1,1,349.0,147.0,0.0
8750,1759,2,2025-03-11,2,2,1,299.0,128.0,0.0
8751,1400,3,2025-03-11,3,2,2,329.0,141.0,0.0
8752,92,1,2025-03-11,3,2,1,299.0,128.0,0.0
8753,463,2,2025-03-11,5,4,1,269.1,128.0,29.9
8754,1336,4,2025-03-11,3,4,1,349.0,147.0,0.0
8755,452,5,2025-03-11,1,4,1,349.0,147.0,0.0
8756,1488,4,2025-03-11,2,3,1,349.0,147.0,0.0
8757,494,5,2025-03-11,2,1,1,314.1,147.0,34.9
8758,671,1,2025-03-11,2,3,2,269.1,128.0,29.9
8759,1916,5,2025-03-11,7,3,1,349.0,147.0,0.0
8760,68,1,2025-03-11,5,4,1,299.0,128.0,0.0
8761,172,4,2025-03-11,1,2,1,349.0,147.0,0.0
8762,1953,5,2025-03-11,4,2,1,349.0,147.0,0.0
8763,1322,4,2025-03-11,7,5,1,349.0,147.0,0.0
8764,710,1,2025-03-11,5,1,1,299.0,128.0,0.0
8765,889,3,2025-03-11,1,2,1,329.0,141.0,0.0
8766,1046,2,2025-03-11,7,1,1,299.0,128.0,0.0
8767,1212,6,2025-03-12,4,4,1,499.0,210.0,0.0
8768,1524,5,2025-03-12,1,1,1,314.1,147.0,34.9
8769,1698,1,2025-03-12,4,1,2,299.0,128.0,0.0
8770,515,5,2025-03-12,5,1,1,349.0,147.0,0.0
8771,449,2,2025-03-12,7,2,1,299.0,128.0,0.0
8772,1048,5,2025-03-12,2,1,1,349.0,147.0,0.0
8773,1379,4,2025-03-12,1,5,2,349.0,147.0,0.0
8774,293,4,2025-03-12,3,3,1,349.0,147.0,0.0
8775,1631,1,2025-03-12,4,1,1,299.0,128.0,0.0
8776,706,3,2025-03-12,3,1,1,329.0,141.0,0.0
8777,853,6,2025-03-12,5,1,1,499.0,210.0,0.0
8778,1924,1,2025-03-12,7,2,1,254.15,128.0,44.85
8779,981,6,2025-03-12,3,4,1,499.0,210.0,0.0
8780,1136,1,2025-03-12,7,1,1,299.0,128.0,0.0
8781,1941,4,2025-03-12,5,2,1,314.1,147.0,34.9
8782,1584,1,2025-03-12,1,2,1,269.1,128.0,29.9
8783,630,3,2025-03-12,3,2,1,329.0,141.0,0.0
8784,1065,5,2025-03-12,5,3,1,296.65,147.0,52.35
8785,1113,4,2025-03-12,1,2,1,296.65,147.0,52.35
8786,1566,2,2025-03-12,4,1,1,299.0,128.0,0.0
8787,1806,1,2025-03-12,1,2,2,299.0,128.0,0.0
8788,1126,3,2025-03-12,7,1,1,329.0,141.0,0.0
8789,1477,5,2025-03-12,3,2,1,349.0,147.0,0.0
8790,1477,4,2025-03-12,4,1,1,349.0,147.0,0.0
8791,483,5,2025-03-12,1,2,1,349.0,147.0,0.0
8792,1714,2,2025-03-12,1,1,1,299.0,128.0,0.0
8793,187,4,2025-03-13,7,4,2,349.0,147.0,0.0
8794,1479,2,2025-03-13,1,1,1,299.0,128.0,0.0
8795,147,5,2025-03-13,1,1,2,349.0,147.0,0.0
8796,388,5,2025-03-13,6,1,1,349.0,147.0,0.0
8797,711,5,2025-03-13,2,2,1,349.0,147.0,0.0
8798,1847,2,2025-03-13,3,2,1,299.0,128.0,0.0
8799,227,6,2025-03-13,1,1,1,499.0,210.0,0.0
8800,1540,5,2025-03-13,4,2,2,314.1,147.0,34.9
8801,739,1,2025-03-13,4,1,1,299.0,128.0,0.0
8802,1,4,2025-03-13,8,1,1,349.0,147.0,0.0
8803,1347,4,2025-03-13,7,3,1,349.0,147.0,0.0
8804,1238,2,2025-03-13,7,5,1,299.0,128.0,0.0
8805,973,5,2025-03-13,6,1,1,349.0,147.0,0.0
8806,1548,6,2025-03-13,2,1,1,499.0,210.0,0.0
8807,1023,1,2025-03-13,2,1,1,299.0,128.0,0.0
8808,43,2,2025-03-13,7,2,1,269.1,128.0,29.9
8809,306,2,2025-03-13,5,5,1,299.0,128.0,0.0
8810,1019,2,2025-03-13,1,2,1,299.0,128.0,0.0
8811,467,3,2025-03-13,3,1,1,329.0,141.0,0.0
8812,342,6,2025-03-13,2,1,1,499.0,210.0,0.0
8813,434,5,2025-03-13,7,2,1,349.0,147.0,0.0
8814,1794,5,2025-03-13,4,1,1,314.1,147.0,34.9
8815,449,4,2025-03-13,2,4,1,349.0,147.0,0.0
8816,1520,3,2025-03-13,1,2,1,296.1,141.0,32.9
8817,1732,1,2025-03-13,4,1,1,299.0,128.0,0.0
8818,839,5,2025-03-13,1,1,1,349.0,147.0,0.0
8819,794,4,2025-03-13,5,2,1,349.0,147.0,0.0
8820,1330,5,2025-03-13,2,1,1,349.0,147.0,0.0
8821,544,4,2025-03-13,2,1,1,349.0,147.0,0.0
8822,459,6,2025-03-13,3,5,1,449.1,210.0,49.9
8823,282,4,2025-03-14,1,2,1,314.1,147.0,34.9
8824,1855,1,2025-03-14,9,2,1,299.0,128.0,0.0
8825,1942,6,2025-03-14,5,3,1,499.0,210.0,0.0
8826,1192,5,2025-03-14,1,2,1,349.0,147.0,0.0
8827,1769,4,2025-03-14,3,2,1,349.0,147.0,0.0
8828,1839,5,2025-03-14,4,4,1,349.0,147.0,0.0
8829,1078,4,2025-03-14,1,1,1,349.0,147.0,0.0
8830,1731,5,2025-03-14,1,1,1,349.0,147.0,0.0
8831,1843,4,2025-03-14,1,1,1,296.65,147.0,52.35
8832,1263,5,2025-03-14,7,1,1,349.0,147.0,0.0
8833,480,5,2025-03-14,6,1,1,296.65,147.0,52.35
8834,1752,4,2025-03-14,8,5,1,349.0,147.0,0.0
8835,1116,4,2025-03-14,2,5,1,349.0,147.0,0.0
8836,785,2,2025-03-14,5,2,1,299.0,128.0,0.0
8837,876,2,2025-03-14,2,2,1,299.0,128.0,0.0
8838,826,1,2025-03-14,2,1,1,299.0,128.0,0.0
8839,1334,4,2025-03-14,3,3,1,349.0,147.0,0.0
8840,1175,1,2025-03-14,1,2,1,299.0,128.0,0.0
8841,269,1,2025-03-14,4,5,2,299.0,128.0,0.0
8842,990,5,2025-03-14,5,2,1,349.0,147.0,0.0
8843,824,1,2025-03-14,5,2,1,299.0,128.0,0.0
8844,535,1,2025-03-14,1,5,1,299.0,128.0,0.0
8845,54,1,2025-03-14,2,4,1,299.0,128.0,0.0
8846,888,1,2025-03-15,3,4,1,299.0,128.0,0.0
8847,1151,4,2025-03-15,2,5,1,349.0,147.0,0.0
8848,1668,1,2025-03-15,3,1,1,299.0,128.0,0.0
8849,1170,2,2025-03-15,3,1,2,299.0,128.0,0.0
8850,1184,5,2025-03-15,4,2,1,349.0,147.0,0.0
8851,1570,2,2025-03-15,8,1,1,299.0,128.0,0.0
8852,910,2,2025-03-15,1,1,1,299.0,128.0,0.0
8853,1397,5,2025-03-15,5,1,1,349.0,147.0,0.0
8854,960,2,2025-03-15,1,4,1,299.0,128.0,0.0
8855,1409,3,2025-03-15,3,2,1,279.65,141.0,49.35
8856,515,6,2025-03-15,8,3,1,499.0,210.0,0.0
8857,840,4,2025-03-15,1,5,1,314.1,147.0,34.9
8858,59,6,2025-03-15,3,2,1,499.0,210.0,0.0
8859,1370,1,2025-03-15,4,1,1,299.0,128.0,0.0
8860,1435,4,2025-03-15,1,1,1,349.0,147.0,0.0
8861,655,2,2025-03-15,1,1,1,299.0,128.0,0.0
8862,689,5,2025-03-15,1,3,1,349.0,147.0,0.0
8863,1832,1,2025-03-15,4,1,1,254.15,128.0,44.85
8864,518,1,2025-03-15,2,1,1,299.0,128.0,0.0
8865,327,3,2025-03-15,2,2,1,329.0,141.0,0.0
8866,1257,4,2025-03-15,8,1,1,314.1,147.0,34.9
8867,1228,5,2025-03-15,7,4,1,349.0,147.0,0.0
8868,760,5,2025-03-15,5,3,1,349.0,147.0,0.0
8869,1458,5,2025-03-15,1,1,1,349.0,147.0,0.0
8870,1025,6,2025-03-16,2,1,2,499.0,210.0,0.0
8871,1350,4,2025-03-16,3,3,2,349.0,147.0,0.0
8872,233,4,2025-03-16,3,1,1,314.1,147.0,34.9
8873,622,4,2025-03-16,1,2,1,349.0,147.0,0.0
8874,869,4,2025-03-16,2,2,1,314.1,147.0,34.9
8875,1081,4,2025-03-16,1,1,1,296.65,147.0,52.35
8876,1320,5,2025-03-16,5,1,1,349.0,147.0,0.0
8877,1970,5,2025-03-16,5,2,1,349.0,147.0,0.0
8878,1705,4,2025-03-16,8,5,1,314.1,147.0,34.9
8879,1183,4,2025-03-16,5,2,2,349.0,147.0,0.0
8880,1560,5,2025-03-16,1,1,1,296.65,147.0,52.35
8881,1853,1,2025-03-16,1,5,1,269.1,128.0,29.9
8882,1587,5,2025-03-16,4,1,1,349.0,147.0,0.0
8883,617,1,2025-03-16,1,1,1,299.0,128.0,0.0
8884,289,6,2025-03-16,7,2,1,424.15,210.0,74.85
8885,793,3,2025-03-16,5,5,1,329.0,141.0,0.0
8886,532,4,2025-03-16,2,1,1,349.0,147.0,0.0
8887,191,1,2025-03-16,2,1,1,299.0,128.0,0.0
8888,1839,4,2025-03-16,5,1,1,349.0,147.0,0.0
8889,683,5,2025-03-16,7,1,1,296.65,147.0,52.35
8890,464,1,2025-03-16,8,1,1,299.0,128.0,0.0
8891,971,5,2025-03-16,3,1,1,296.65,147.0,52.35
8892,671,4,2025-03-16,5,5,1,349.0,147.0,0.0
8893,1067,6,2025-03-16,3,1,1,499.0,210.0,0.0
8894,801,4,2025-03-16,1,1,1,314.1,147.0,34.9
8895,1585,2,2025-03-16,7,4,1,299.0,128.0,0.0
8896,1915,1,2025-03-16,1,5,1,299.0,128.0,0.0
8897,1940,4,2025-03-17,3,1,1,349.0,147.0,0.0
8898,311,1,2025-03-17,3,1,1,299.0,128.0,0.0
8899,660,5,2025-03-17,3,5,1,349.0,147.0,0.0
8900,1017,2,2025-03-17,1,2,1,299.0,128.0,0.0
8901,1581,2,2025-03-17,6,2,1,299.0,128.0,0.0
8902,1381,5,2025-03-17,2,2,1,349.0,147.0,0.0
8903,1279,5,2025-03-17,1,5,1,296.65,147.0,52.35
8904,969,4,2025-03-17,2,5,1,349.0,147.0,0.0
8905,1670,4,2025-03-17,8,3,1,349.0,147.0,0.0
8906,273,4,2025-03-17,2,4,1,296.65,147.0,52.35
8907,714,6,2025-03-17,1,1,1,499.0,210.0,0.0
8908,1686,4,2025-03-17,6,1,1,349.0,147.0,0.0
8909,1658,3,2025-03-17,4,3,1,329.0,141.0,0.0
8910,433,2,2025-03-17,1,1,1,254.15,128.0,44.85
8911,1099,5,2025-03-17,1,1,1,349.0,147.0,0.0
8912,1290,5,2025-03-17,4,1,1,349.0,147.0,0.0
8913,1709,3,2025-03-17,3,1,2,329.0,141.0,0.0
8914,1108,4,2025-03-17,6,5,1,349.0,147.0,0.0
8915,1295,5,2025-03-17,1,1,1,349.0,147.0,0.0
8916,1607,4,2025-03-17,4,2,1,349.0,147.0,0.0
8917,1273,4,2025-03-17,5,4,1,314.1,147.0,34.9
8918,811,1,2025-03-17,7,2,1,299.0,128.0,0.0
8919,750,4,2025-03-17,1,5,1,349.0,147.0,0.0
8920,1079,4,2025-03-17,5,2,1,296.65,147.0,52.35
8921,1022,2,2025-03-17,7,1,1,269.1,128.0,29.9
8922,41,2,2025-03-17,8,3,1,299.0,128.0,0.0
8923,953,4,2025-03-17,3,2,1,349.0,147.0,0.0
8924,1108,3,2025-03-17,6,2,1,329.0,141.0,0.0
8925,1295,1,2025-03-17,7,1,1,299.0,128.0,0.0
8926,1043,5,2025-03-18,5,1,1,314.1,147.0,34.9
8927,162,4,2025-03-18,1,3,1,349.0,147.0,0.0
8928,230,1,2025-03-18,2,3,1,269.1,128.0,29.9
8929,635,4,2025-03-18,1,1,1,349.0,147.0,0.0
8930,835,5,2025-03-18,2,2,1,349.0,147.0,0.0
8931,1803,1,2025-03-18,3,2,1,269.1,128.0,29.9
8932,1524,4,2025-03-18,4,5,1,349.0,147.0,0.0
8933,1445,3,2025-03-18,3,4,2,329.0,141.0,0.0
8934,353,1,2025-03-18,8,3,1,299.0,128.0,0.0
8935,19,2,2025-03-18,1,2,2,299.0,128.0,0.0
8936,1956,4,2025-03-18,7,5,1,349.0,147.0,0.0
8937,1550,3,2025-03-18,2,1,1,329.0,141.0,0.0
8938,321,4,2025-03-18,1,5,1,349.0,147.0,0.0
8939,1099,5,2025-03-18,2,2,1,349.0,147.0,0.0
8940,1250,6,2025-03-18,1,1,1,449.1,210.0,49.9
8941,1564,6,2025-03-18,5,2,1,499.0,210.0,0.0
8942,1719,3,2025-03-18,3,2,1,329.0,141.0,0.0
8943,1409,4,2025-03-18,1,1,2,314.1,147.0,34.9
8944,232,6,2025-03-18,5,3,1,424.15,210.0,74.85
8945,976,5,2025-03-18,1,2,1,349.0,147.0,0.0
8946,1103,5,2025-03-18,5,1,1,296.65,147.0,52.35
8947,684,5,2025-03-18,1,1,1,349.0,147.0,0.0
8948,543,4,2025-03-18,3,2,1,314.1,147.0,34.9
8949,625,6,2025-03-18,3,5,1,499.0,210.0,0.0
8950,511,4,2025-03-19,5,1,1,314.1,147.0,34.9
8951,340,4,2025-03-19,8,5,1,349.0,147.0,0.0
8952,148,4,2025-03-19,2,2,1,349.0,147.0,0.0
8953,1206,5,2025-03-19,7,1,1,349.0,147.0,0.0
8954,751,5,2025-03-19,3,2,1,349.0,147.0,0.0
8955,1857,5,2025-03-19,1,5,1,349.0,147.0,0.0
8956,1288,5,2025-03-19,5,2,1,349.0,147.0,0.0
8957,97,2,2025-03-19,4,1,1,299.0,128.0,0.0
8958,893,1,2025-03-19,1,1,1,299.0,128.0,0.0
8959,300,5,2025-03-19,3,4,1,349.0,147.0,0.0
8960,113,2,2025-03-19,5,2,1,299.0,128.0,0.0
8961,626,4,2025-03-19,5,5,1,349.0,147.0,0.0
8962,732,5,2025-03-19,4,2,1,314.1,147.0,34.9
8963,1084,2,2025-03-19,5,2,1,299.0,128.0,0.0
8964,460,4,2025-03-19,1,3,1,296.65,147.0,52.35
8965,361,5,2025-03-19,5,1,1,349.0,147.0,0.0
8966,1734,4,2025-03-19,7,3,1,349.0,147.0,0.0
8967,274,5,2025-03-19,1,1,1,349.0,147.0,0.0
8968,1463,4,2025-03-19,3,2,1,349.0,147.0,0.0
8969,1729,2,2025-03-19,1,1,2,269.1,128.0,29.9
8970,1750,1,2025-03-19,6,1,1,299.0,128.0,0.0
8971,1974,1,2025-03-19,3,2,1,254.15,128.0,44.85
8972,385,1,2025-03-19,3,1,1,254.15,128.0,44.85
8973,147,1,2025-03-19,1,5,1,299.0,128.0,0.0
8974,712,6,2025-03-19,5,3,1,499.0,210.0,0.0
8975,1097,5,2025-03-19,1,1,1,349.0,147.0,0.0
8976,228,3,2025-03-19,3,2,1,329.0,141.0,0.0
8977,1538,2,2025-03-19,3,2,1,299.0,128.0,0.0
8978,284,6,2025-03-19,1,2,1,499.0,210.0,0.0
8979,1007,6,2025-03-19,4,1,1,449.1,210.0,49.9
8980,1664,4,2025-03-19,5,5,1,296.65,147.0,52.35
8981,749,4,2025-03-20,1,2,1,349.0,147.0,0.0
8982,1638,4,2025-03-20,2,2,1,349.0,147.0,0.0
8983,746,1,2025-03-20,6,1,1,299.0,128.0,0.0
8984,1696,3,2025-03-20,1,2,1,296.1,141.0,32.9
8985,781,5,2025-03-20,1,1,1,349.0,147.0,0.0
8986,321,4,2025-03-20,4,1,1,349.0,147.0,0.0
8987,1079,4,2025-03-20,2,2,1,349.0,147.0,0.0
8988,346,1,2025-03-20,2,3,1,299.0,128.0,0.0
8989,89,2,2025-03-20,5,2,1,299.0,128.0,0.0
8990,1746,1,2025-03-20,7,4,1,299.0,128.0,0.0
8991,1762,5,2025-03-20,5,2,1,349.0,147.0,0.0
8992,1956,5,2025-03-20,1,3,1,349.0,147.0,0.0
8993,1431,2,2025-03-20,5,1,1,299.0,128.0,0.0
8994,1143,2,2025-03-20,4,3,2,299.0,128.0,0.0
8995,584,4,2025-03-20,1,1,1,349.0,147.0,0.0
8996,1317,1,2025-03-20,5,1,2,299.0,128.0,0.0
8997,699,5,2025-03-20,1,3,1,296.65,147.0,52.35
8998,1912,3,2025-03-20,2,1,1,329.0,141.0,0.0
8999,785,3,2025-03-20,3,2,1,329.0,141.0,0.0
9000,57,5,2025-03-20,7,1,1,349.0,147.0,0.0
9001,1946,4,2025-03-20,2,2,1,314.1,147.0,34.9
9002,466,1,2025-03-20,1,2,1,299.0,128.0,0.0
9003,1020,5,2025-03-20,7,1,1,296.65,147.0,52.35
9004,230,5,2025-03-20,5,2,1,349.0,147.0,0.0
9005,810,5,2025-03-21,1,1,1,314.1,147.0,34.9
9006,762,5,2025-03-21,5,2,1,349.0,147.0,0.0
9007,401,5,2025-03-21,2,1,1,349.0,147.0,0.0
9008,1142,1,2025-03-21,1,1,1,299.0,128.0,0.0
9009,955,5,2025-03-21,5,4,1,349.0,147.0,0.0
9010,1636,5,2025-03-21,2,2,1,314.1,147.0,34.9
9011,926,4,2025-03-21,1,1,1,349.0,147.0,0.0
9012,1905,4,2025-03-21,9,2,1,349.0,147.0,0.0
9013,1755,2,2025-03-21,1,4,1,254.15,128.0,44.85
9014,808,5,2025-03-21,4,1,1,349.0,147.0,0.0
9015,1580,5,2025-03-21,4,2,1,349.0,147.0,0.0
9016,1195,6,2025-03-21,1,3,1,449.1,210.0,49.9
9017,165,5,2025-03-21,1,2,1,296.65,147.0,52.35
9018,221,6,2025-03-21,3,2,1,499.0,210.0,0.0
9019,705,1,2025-03-21,8,4,1,299.0,128.0,0.0
9020,580,5,2025-03-21,1,2,1,349.0,147.0,0.0
9021,1816,3,2025-03-21,4,2,1,329.0,141.0,0.0
9022,860,6,2025-03-21,5,2,1,449.1,210.0,49.9
9023,1709,5,2025-03-21,5,2,1,349.0,147.0,0.0
9024,426,6,2025-03-21,5,1,1,499.0,210.0,0.0
9025,397,4,2025-03-21,1,1,1,349.0,147.0,0.0
9026,882,4,2025-03-21,3,1,1,349.0,147.0,0.0
9027,759,6,2025-03-21,5,2,1,499.0,210.0,0.0
9028,1981,1,2025-03-21,3,5,1,269.1,128.0,29.9
9029,1573,4,2025-03-21,2,4,1,349.0,147.0,0.0
9030,783,2,2025-03-21,2,1,1,299.0,128.0,0.0
9031,1311,5,2025-03-21,3,5,1,296.65,147.0,52.35
9032,103,1,2025-03-21,4,4,1,299.0,128.0,0.0
9033,1094,5,2025-03-21,1,1,1,349.0,147.0,0.0
9034,1514,6,2025-03-21,5,3,1,499.0,210.0,0.0
9035,1278,6,2025-03-21,1,1,1,499.0,210.0,0.0
9036,1308,1,2025-03-21,1,1,1,254.15,128.0,44.85
9037,1503,6,2025-03-22,1,2,1,424.15,210.0,74.85
9038,575,5,2025-03-22,3,3,1,349.0,147.0,0.0
9039,1965,5,2025-03-22,1,2,1,349.0,147.0,0.0
9040,795,1,2025-03-22,1,1,1,299.0,128.0,0.0
9041,544,3,2025-03-22,7,4,1,329.0,141.0,0.0
9042,1237,4,2025-03-22,4,1,1,349.0,147.0,0.0
9043,1373,4,2025-03-22,6,2,1,349.0,147.0,0.0
9044,835,5,2025-03-22,8,4,1,296.65,147.0,52.35
9045,79,4,2025-03-22,1,1,1,349.0,147.0,0.0
9046,43,5,2025-03-22,7,4,1,314.1,147.0,34.9
9047,1234,4,2025-03-22,2,2,1,349.0,147.0,0.0
9048,1424,2,2025-03-22,5,1,1,299.0,128.0,0.0
9049,1426,4,2025-03-22,3,4,1,349.0,147.0,0.0
9050,1896,2,2025-03-22,4,2,1,269.1,128.0,29.9
9051,756,3,2025-03-22,8,2,1,329.0,141.0,0.0
9052,180,2,2025-03-22,7,2,2,299.0,128.0,0.0
9053,21,1,2025-03-22,3,2,1,269.1,128.0,29.9
9054,82,5,2025-03-22,2,4,1,349.0,147.0,0.0
9055,1447,1,2025-03-22,4,3,1,299.0,128.0,0.0
9056,1788,5,2025-03-22,4,4,1,349.0,147.0,0.0
9057,1097,2,2025-03-22,1,2,1,299.0,128.0,0.0
9058,180,3,2025-03-22,4,1,1,296.1,141.0,32.9
9059,1930,2,2025-03-22,1,5,1,269.1,128.0,29.9
9060,749,4,2025-03-22,1,1,1,349.0,147.0,0.0
9061,1127,4,2025-03-22,3,1,1,314.1,147.0,34.9
9062,563,1,2025-03-22,5,3,1,254.15,128.0,44.85
9063,1968,5,2025-03-22,8,2,1,349.0,147.0,0.0
9064,1649,5,2025-03-22,1,1,2,349.0,147.0,0.0
9065,1199,2,2025-03-22,6,1,1,299.0,128.0,0.0
9066,1521,3,2025-03-22,6,2,2,279.65,141.0,49.35
9067,363,5,2025-03-23,3,2,1,314.1,147.0,34.9
9068,1383,2,2025-03-23,1,5,1,299.0,128.0,0.0
9069,345,3,2025-03-23,1,1,1,329.0,141.0,0.0
9070,1649,1,2025-03-23,2,2,1,299.0,128.0,0.0
9071,125,5,2025-03-23,3,1,1,349.0,147.0,0.0
9072,848,1,2025-03-23,1,2,2,254.15,128.0,44.85
9073,228,2,2025-03-23,2,4,1,299.0,128.0,0.0
9074,307,6,2025-03-23,7,5,1,499.0,210.0,0.0
9075,951,1,2025-03-23,5,2,1,299.0,128.0,0.0
9076,648,4,2025-03-23,7,4,1,349.0,147.0,0.0
9077,1521,4,2025-03-23,5,3,1,349.0,147.0,0.0
9078,1952,5,2025-03-23,7,4,1,314.1,147.0,34.9
9079,1820,5,2025-03-23,1,5,1,349.0,147.0,0.0
9080,984,1,2025-03-23,2,1,1,299.0,128.0,0.0
9081,1867,5,2025-03-23,1,3,1,349.0,147.0,0.0
9082,163,1,2025-03-23,1,1,1,299.0,128.0,0.0
9083,1126,2,2025-03-23,8,2,1,269.1,128.0,29.9
9084,623,5,2025-03-23,1,4,1,314.1,147.0,34.9
9085,1840,2,2025-03-23,6,5,1,299.0,128.0,0.0
9086,1388,1,2025-03-23,1,2,1,299.0,128.0,0.0
9087,474,1,2025-03-23,3,2,1,299.0,128.0,0.0
9088,368,4,2025-03-23,7,5,2,349.0,147.0,0.0
9089,84,3,2025-03-23,4,2,1,329.0,141.0,0.0
9090,47,5,2025-03-23,3,3,1,349.0,147.0,0.0
9091,940,4,2025-03-23,7,3,1,349.0,147.0,0.0
9092,1242,5,2025-03-23,2,4,1,349.0,147.0,0.0
9093,1574,4,2025-03-23,3,4,2,349.0,147.0,0.0
9094,1943,1,2025-03-23,4,1,1,299.0,128.0,0.0
9095,1101,5,2025-03-23,5,2,1,349.0,147.0,0.0
9096,576,6,2025-03-23,1,1,1,499.0,210.0,0.0
9097,1470,4,2025-03-23,2,1,1,349.0,147.0,0.0
9098,1298,5,2025-03-24,7,3,1,296.65,147.0,52.35
9099,561,4,2025-03-24,6,3,1,349.0,147.0,0.0
9100,1776,5,2025-03-24,2,1,1,349.0,147.0,0.0
9101,1527,4,2025-03-24,1,4,1,314.1,147.0,34.9
9102,1994,4,2025-03-24,9,1,1,349.0,147.0,0.0
9103,922,5,2025-03-24,1,2,1,349.0,147.0,0.0
9104,164,5,2025-03-24,7,5,1,349.0,147.0,0.0
9105,1625,4,2025-03-24,3,3,1,349.0,147.0,0.0
9106,524,5,2025-03-24,9,1,1,349.0,147.0,0.0
9107,1147,5,2025-03-24,6,1,1,314.1,147.0,34.9
9108,1383,1,2025-03-24,4,2,1,299.0,128.0,0.0
9109,1295,2,2025-03-24,5,1,1,299.0,128.0,0.0
9110,1180,5,2025-03-24,5,2,1,349.0,147.0,0.0
9111,1742,5,2025-03-24,4,3,1,349.0,147.0,0.0
9112,1963,6,2025-03-24,2,1,2,499.0,210.0,0.0
9113,838,5,2025-03-24,1,2,2,349.0,147.0,0.0
9114,1871,6,2025-03-24,3,1,1,449.1,210.0,49.9
9115,1188,1,2025-03-24,2,3,1,299.0,128.0,0.0
9116,1147,2,2025-03-24,2,2,1,254.15,128.0,44.85
9117,1840,5,2025-03-24,8,1,2,296.65,147.0,52.35
9118,391,2,2025-03-24,5,2,1,254.15,128.0,44.85
9119,550,2,2025-03-24,3,2,1,299.0,128.0,0.0
9120,253,4,2025-03-24,1,5,1,349.0,147.0,0.0
9121,1664,5,2025-03-25,1,1,1,349.0,147.0,0.0
9122,1153,6,2025-03-25,3,1,1,499.0,210.0,0.0
9123,954,5,2025-03-25,3,2,1,349.0,147.0,0.0
9124,1903,3,2025-03-25,6,1,1,296.1,141.0,32.9
9125,535,1,2025-03-25,3,2,1,299.0,128.0,0.0
9126,614,5,2025-03-25,2,2,1,296.65,147.0,52.35
9127,1061,6,2025-03-25,2,1,1,499.0,210.0,0.0
9128,387,3,2025-03-25,8,1,1,296.1,141.0,32.9
9129,201,4,2025-03-25,1,1,1,349.0,147.0,0.0
9130,1114,5,2025-03-25,1,1,1,296.65,147.0,52.35
9131,725,6,2025-03-25,7,1,1,499.0,210.0,0.0
9132,416,4,2025-03-25,1,2,1,349.0,147.0,0.0
9133,880,1,2025-03-25,8,3,1,269.1,128.0,29.9
9134,1899,5,2025-03-25,4,5,2,314.1,147.0,34.9
9135,1414,4,2025-03-25,5,2,1,349.0,147.0,0.0
9136,1867,1,2025-03-25,4,5,1,299.0,128.0,0.0
9137,495,3,2025-03-25,5,1,1,329.0,141.0,0.0
9138,943,5,2025-03-25,1,2,1,349.0,147.0,0.0
9139,727,4,2025-03-25,8,2,2,349.0,147.0,0.0
9140,1691,5,2025-03-25,7,1,1,296.65,147.0,52.35
9141,301,5,2025-03-25,4,3,1,349.0,147.0,0.0
9142,1823,1,2025-03-25,3,1,1,299.0,128.0,0.0
9143,57,5,2025-03-25,3,2,1,349.0,147.0,0.0
9144,721,6,2025-03-25,9,2,1,499.0,210.0,0.0
9145,860,5,2025-03-25,1,5,1,349.0,147.0,0.0
9146,73,4,2025-03-25,5,2,1,349.0,147.0,0.0
9147,1488,2,2025-03-26,5,4,1,299.0,128.0,0.0
9148,666,4,2025-03-26,6,5,1,349.0,147.0,0.0
9149,1737,4,2025-03-26,1,3,1,296.65,147.0,52.35
9150,558,4,2025-03-26,7,1,1,349.0,147.0,0.0
9151,1336,2,2025-03-26,1,1,1,299.0,128.0,0.0
9152,258,4,2025-03-26,4,1,1,314.1,147.0,34.9
9153,8,1,2025-03-26,1,3,1,299.0,128.0,0.0
9154,1030,1,2025-03-26,1,2,1,299.0,128.0,0.0
9155,853,5,2025-03-26,3,2,1,349.0,147.0,0.0
9156,1572,5,2025-03-26,5,2,1,349.0,147.0,0.0
9157,753,1,2025-03-26,6,2,1,254.15,128.0,44.85
9158,539,4,2025-03-26,3,3,1,349.0,147.0,0.0
9159,939,5,2025-03-26,4,1,1,349.0,147.0,0.0
9160,1858,6,2025-03-26,7,1,1,499.0,210.0,0.0
9161,316,3,2025-03-26,1,1,1,329.0,141.0,0.0
9162,198,4,2025-03-26,7,1,1,349.0,147.0,0.0
9163,637,6,2025-03-26,2,1,2,449.1,210.0,49.9
9164,513,3,2025-03-26,4,1,1,329.0,141.0,0.0
9165,774,5,2025-03-26,8,2,1,314.1,147.0,34.9
9166,878,6,2025-03-26,2,1,1,499.0,210.0,0.0
9167,168,5,2025-03-26,1,1,1,349.0,147.0,0.0
9168,1289,1,2025-03-26,4,4,1,299.0,128.0,0.0
9169,350,1,2025-03-26,1,1,1,299.0,128.0,0.0
9170,1213,3,2025-03-26,3,1,1,329.0,141.0,0.0
9171,1977,5,2025-03-26,4,2,1,349.0,147.0,0.0
9172,1490,4,2025-03-26,5,5,1,349.0,147.0,0.0
9173,306,2,2025-03-26,2,1,1,299.0,128.0,0.0
9174,435,3,2025-03-26,1,2,1,329.0,141.0,0.0
9175,1864,5,2025-03-26,7,2,1,349.0,147.0,0.0
9176,1905,2,2025-03-26,5,1,1,269.1,128.0,29.9
9177,1510,4,2025-03-27,1,1,1,349.0,147.0,0.0
9178,863,6,2025-03-27,1,1,1,499.0,210.0,0.0
9179,5,6,2025-03-27,2,1,1,499.0,210.0,0.0
9180,1744,2,2025-03-27,2,1,1,254.15,128.0,44.85
9181,1529,5,2025-03-27,4,2,1,349.0,147.0,0.0
9182,509,5,2025-03-27,5,1,1,349.0,147.0,0.0
9183,1959,3,2025-03-27,7,1,1,329.0,141.0,0.0
9184,696,4,2025-03-27,4,4,1,349.0,147.0,0.0
9185,1353,4,2025-03-27,2,2,2,349.0,147.0,0.0
9186,1734,5,2025-03-27,3,1,1,349.0,147.0,0.0
9187,1133,3,2025-03-27,7,1,1,329.0,141.0,0.0
9188,201,5,2025-03-27,1,2,1,349.0,147.0,0.0
9189,743,2,2025-03-27,7,1,1,299.0,128.0,0.0
9190,1882,4,2025-03-27,3,1,1,349.0,147.0,0.0
9191,1114,2,2025-03-27,1,1,1,269.1,128.0,29.9
9192,611,5,2025-03-27,6,3,1,349.0,147.0,0.0
9193,590,3,2025-03-27,2,2,1,329.0,141.0,0.0
9194,43,4,2025-03-27,7,1,1,349.0,147.0,0.0
9195,255,4,2025-03-27,2,2,1,349.0,147.0,0.0
9196,390,5,2025-03-27,2,1,1,349.0,147.0,0.0
9197,853,6,2025-03-27,4,2,1,499.0,210.0,0.0
9198,1606,2,2025-03-27,5,2,1,299.0,128.0,0.0
9199,241,5,2025-03-27,3,1,2,349.0,147.0,0.0
9200,1489,6,2025-03-27,1,2,1,499.0,210.0,0.0
9201,1023,5,2025-03-27,3,4,1,314.1,147.0,34.9
9202,1416,4,2025-03-27,1,5,1,349.0,147.0,0.0
9203,1044,5,2025-03-28,1,1,1,349.0,147.0,0.0
9204,657,1,2025-03-28,3,3,1,299.0,128.0,0.0
9205,1005,1,2025-03-28,1,5,1,299.0,128.0,0.0
9206,112,3,2025-03-28,2,5,1,329.0,141.0,0.0
9207,1059,4,2025-03-28,3,1,1,349.0,147.0,0.0
9208,1214,3,2025-03-28,8,3,1,329.0,141.0,0.0
9209,26,1,2025-03-28,4,2,1,269.1,128.0,29.9
9210,577,4,2025-03-28,1,4,1,349.0,147.0,0.0
9211,73,2,2025-03-28,1,3,1,299.0,128.0,0.0
9212,1966,6,2025-03-28,3,2,1,449.1,210.0,49.9
9213,663,5,2025-03-28,1,2,1,349.0,147.0,0.0
9214,1691,5,2025-03-28,7,5,1,314.1,147.0,34.9
9215,188,3,2025-03-28,2,1,1,329.0,141.0,0.0
9216,1013,4,2025-03-28,4,3,1,314.1,147.0,34.9
9217,178,1,2025-03-28,1,4,1,299.0,128.0,0.0
9218,1830,2,2025-03-28,4,2,1,254.15,128.0,44.85
9219,1731,6,2025-03-28,2,1,1,499.0,210.0,0.0
9220,308,4,2025-03-28,3,2,1,349.0,147.0,0.0
9221,144,1,2025-03-28,9,2,1,299.0,128.0,0.0
9222,789,2,2025-03-28,1,4,1,299.0,128.0,0.0
9223,1120,4,2025-03-28,5,4,1,349.0,147.0,0.0
9224,64,6,2025-03-28,7,1,1,499.0,210.0,0.0
9225,272,4,2025-03-28,8,5,1,349.0,147.0,0.0
9226,273,3,2025-03-28,3,2,1,279.65,141.0,49.35
9227,611,1,2025-03-28,3,1,1,299.0,128.0,0.0
9228,992,6,2025-03-28,1,5,1,449.1,210.0,49.9
9229,1293,1,2025-03-28,1,3,2,299.0,128.0,0.0
9230,589,6,2025-03-28,6,3,1,499.0,210.0,0.0
9231,415,4,2025-03-28,3,5,1,349.0,147.0,0.0
9232,1556,4,2025-03-28,7,2,1,349.0,147.0,0.0
9233,155,4,2025-03-28,3,4,1,349.0,147.0,0.0
9234,925,5,2025-03-28,4,3,1,349.0,147.0,0.0
9235,7,4,2025-03-29,1,1,1,314.1,147.0,34.9
9236,1889,4,2025-03-29,3,3,1,314.1,147.0,34.9
9237,1723,2,2025-03-29,1,1,1,299.0,128.0,0.0
9238,1260,4,2025-03-29,7,5,1,349.0,147.0,0.0
9239,799,5,2025-03-29,1,1,1,349.0,147.0,0.0
9240,888,5,2025-03-29,1,1,1,349.0,147.0,0.0
9241,1593,3,2025-03-29,8,2,1,329.0,141.0,0.0
9242,192,3,2025-03-29,3,1,1,329.0,141.0,0.0
9243,401,4,2025-03-29,3,1,2,349.0,147.0,0.0
9244,1346,4,2025-03-29,8,1,1,349.0,147.0,0.0
9245,505,5,2025-03-29,2,1,1,349.0,147.0,0.0
9246,1398,5,2025-03-29,1,2,1,349.0,147.0,0.0
9247,1350,1,2025-03-29,9,3,1,269.1,128.0,29.9
9248,1702,2,2025-03-29,1,2,1,269.1,128.0,29.9
9249,600,1,2025-03-29,2,5,1,299.0,128.0,0.0
9250,1452,3,2025-03-29,2,3,1,296.1,141.0,32.9
9251,1923,4,2025-03-29,1,1,2,314.1,147.0,34.9
9252,694,5,2025-03-29,2,2,1,349.0,147.0,0.0
9253,186,6,2025-03-29,3,5,1,499.0,210.0,0.0
9254,1984,5,2025-03-29,7,3,1,349.0,147.0,0.0
9255,298,5,2025-03-29,5,2,1,349.0,147.0,0.0
9256,1825,1,2025-03-29,3,4,1,299.0,128.0,0.0
9257,1383,1,2025-03-30,5,1,2,269.1,128.0,29.9
9258,1938,1,2025-03-30,1,1,1,269.1,128.0,29.9
9259,596,5,2025-03-30,5,1,1,349.0,147.0,0.0
9260,22,1,2025-03-30,5,4,1,299.0,128.0,0.0
9261,1362,5,2025-03-30,5,4,1,349.0,147.0,0.0
9262,1559,4,2025-03-30,4,4,1,349.0,147.0,0.0
9263,1261,4,2025-03-30,2,2,1,349.0,147.0,0.0
9264,164,2,2025-03-30,1,4,1,269.1,128.0,29.9
9265,1891,4,2025-03-30,3,1,1,349.0,147.0,0.0
9266,1198,6,2025-03-30,1,4,1,449.1,210.0,49.9
9267,888,4,2025-03-30,3,2,1,349.0,147.0,0.0
9268,1701,4,2025-03-30,3,1,1,349.0,147.0,0.0
9269,1977,4,2025-03-30,4,2,2,349.0,147.0,0.0
9270,1254,2,2025-03-30,2,5,1,269.1,128.0,29.9
9271,1912,5,2025-03-30,2,3,1,296.65,147.0,52.35
9272,1142,3,2025-03-30,1,2,1,329.0,141.0,0.0
9273,1605,5,2025-03-30,3,1,1,314.1,147.0,34.9
9274,114,4,2025-03-30,4,2,1,349.0,147.0,0.0
9275,843,4,2025-03-30,8,2,1,349.0,147.0,0.0
9276,595,1,2025-03-30,8,3,1,254.15,128.0,44.85
9277,589,6,2025-03-30,4,3,1,499.0,210.0,0.0
9278,784,4,2025-03-30,1,4,1,349.0,147.0,0.0
9279,1299,4,2025-03-30,1,2,1,349.0,147.0,0.0
9280,599,3,2025-03-30,1,2,1,329.0,141.0,0.0
9281,128,2,2025-03-30,7,2,1,299.0,128.0,0.0
9282,1958,2,2025-03-30,2,2,1,299.0,128.0,0.0
9283,1941,5,2025-03-30,7,4,1,349.0,147.0,0.0
9284,1511,6,2025-03-30,1,1,1,499.0,210.0,0.0
9285,1945,4,2025-03-31,3,1,2,349.0,147.0,0.0
9286,1756,1,2025-03-31,1,3,1,269.1,128.0,29.9
9287,266,4,2025-03-31,3,2,1,296.65,147.0,52.35
9288,1987,2,2025-03-31,8,2,1,299.0,128.0,0.0
9289,1973,1,2025-03-31,3,1,1,299.0,128.0,0.0
9290,1615,5,2025-03-31,5,2,1,296.65,147.0,52.35
9291,9,5,2025-03-31,1,1,1,349.0,147.0,0.0
9292,906,6,2025-03-31,5,2,1,424.15,210.0,74.85
9293,1196,2,2025-03-31,1,2,1,299.0,128.0,0.0
9294,144,4,2025-03-31,3,2,2,296.65,147.0,52.35
9295,1599,6,2025-03-31,3,1,1,449.1,210.0,49.9
9296,1419,5,2025-03-31,1,1,2,349.0,147.0,0.0
9297,907,4,2025-03-31,5,5,1,349.0,147.0,0.0
9298,902,4,2025-03-31,1,3,1,349.0,147.0,0.0
9299,1406,2,2025-03-31,1,5,1,299.0,128.0,0.0
9300,1272,4,2025-03-31,7,5,1,349.0,147.0,0.0
9301,967,5,2025-03-31,3,5,1,349.0,147.0,0.0
9302,698,5,2025-03-31,3,3,1,349.0,147.0,0.0
9303,1055,2,2025-03-31,1,2,1,299.0,128.0,0.0
9304,486,5,2025-03-31,1,4,1,296.65,147.0,52.35
9305,1603,4,2025-03-31,2,5,1,349.0,147.0,0.0
9306,708,1,2025-03-31,7,2,1,299.0,128.0,0.0
9307,1405,5,2025-03-31,3,5,1,349.0,147.0,0.0
9308,199,4,2025-03-31,4,3,1,349.0,147.0,0.0
9309,853,5,2025-03-31,1,1,1,314.1,147.0,34.9
9310,1101,3,2025-03-31,2,1,2,329.0,141.0,0.0
9311,1909,5,2025-04-01,3,1,1,349.0,147.0,0.0
9312,742,5,2025-04-01,2,1,1,314.1,147.0,34.9
9313,835,4,2025-04-01,2,1,1,349.0,147.0,0.0
9314,887,5,2025-04-01,4,3,1,349.0,147.0,0.0
9315,235,5,2025-04-01,1,2,1,349.0,147.0,0.0
9316,1516,1,2025-04-01,4,5,1,269.1,128.0,29.9
9317,334,4,2025-04-01,1,1,1,349.0,147.0,0.0
9318,39,2,2025-04-01,2,4,1,299.0,128.0,0.0
9319,1881,4,2025-04-01,3,3,1,349.0,147.0,0.0
9320,609,1,2025-04-01,3,2,1,299.0,128.0,0.0
9321,304,6,2025-04-01,5,2,1,499.0,210.0,0.0
9322,1571,2,2025-04-01,5,4,2,299.0,128.0,0.0
9323,1383,2,2025-04-01,3,2,1,299.0,128.0,0.0
9324,98,3,2025-04-01,3,5,1,329.0,141.0,0.0
9325,1499,3,2025-04-01,4,3,1,329.0,141.0,0.0
9326,410,2,2025-04-01,1,5,1,299.0,128.0,0.0
9327,204,2,2025-04-01,1,1,1,299.0,128.0,0.0
9328,895,5,2025-04-01,6,1,1,349.0,147.0,0.0
9329,118,2,2025-04-01,2,2,1,269.1,128.0,29.9
9330,1742,5,2025-04-01,3,2,1,349.0,147.0,0.0
9331,1843,2,2025-04-01,6,1,1,299.0,128.0,0.0
9332,912,5,2025-04-01,7,1,1,349.0,147.0,0.0
9333,58,2,2025-04-01,3,4,1,254.15,128.0,44.85
9334,540,1,2025-04-01,6,3,1,299.0,128.0,0.0
9335,1421,3,2025-04-01,1,2,1,279.65,141.0,49.35
9336,1667,4,2025-04-01,7,2,1,349.0,147.0,0.0
9337,494,3,2025-04-01,3,3,2,329.0,141.0,0.0
9338,1269,2,2025-04-01,3,2,1,269.1,128.0,29.9
9339,776,5,2025-04-02,3,1,1,349.0,147.0,0.0
9340,1178,5,2025-04-02,1,5,1,349.0,147.0,0.0
9341,1566,6,2025-04-02,1,1,1,499.0,210.0,0.0
9342,1595,1,2025-04-02,1,2,1,254.15,128.0,44.85
9343,1438,1,2025-04-02,2,2,1,299.0,128.0,0.0
9344,246,3,2025-04-02,3,1,1,329.0,141.0,0.0
9345,1935,4,2025-04-02,3,3,1,349.0,147.0,0.0
9346,1960,4,2025-04-02,2,2,1,349.0,147.0,0.0
9347,661,4,2025-04-02,3,2,1,296.65,147.0,52.35
9348,1269,4,2025-04-02,3,2,1,349.0,147.0,0.0
9349,1568,2,2025-04-02,2,5,1,299.0,128.0,0.0
9350,1210,3,2025-04-02,9,1,1,279.65,141.0,49.35
9351,1971,3,2025-04-02,2,1,1,329.0,141.0,0.0
9352,1431,4,2025-04-02,1,4,1,296.65,147.0,52.35
9353,1363,5,2025-04-02,8,5,1,349.0,147.0,0.0
9354,205,1,2025-04-02,2,5,1,269.1,128.0,29.9
9355,731,4,2025-04-02,3,1,1,349.0,147.0,0.0
9356,549,1,2025-04-02,2,1,1,299.0,128.0,0.0
9357,1642,2,2025-04-02,1,2,1,299.0,128.0,0.0
9358,1572,1,2025-04-02,1,3,1,299.0,128.0,0.0
9359,412,4,2025-04-02,1,4,1,314.1,147.0,34.9
9360,1452,4,2025-04-02,1,2,1,349.0,147.0,0.0
9361,151,3,2025-04-02,7,1,1,329.0,141.0,0.0
9362,1943,5,2025-04-02,3,1,1,349.0,147.0,0.0
9363,237,1,2025-04-02,1,1,1,299.0,128.0,0.0
9364,1706,5,2025-04-02,1,1,1,349.0,147.0,0.0
9365,1197,4,2025-04-02,1,1,2,349.0,147.0,0.0
9366,241,2,2025-04-02,8,4,1,269.1,128.0,29.9
9367,379,3,2025-04-02,2,2,1,329.0,141.0,0.0
9368,1697,4,2025-04-02,5,5,2,296.65,147.0,52.35
9369,161,3,2025-04-02,1,3,1,279.65,141.0,49.35
9370,5,1,2025-04-02,1,1,2,299.0,128.0,0.0
9371,564,4,2025-04-03,2,2,1,296.65,147.0,52.35
9372,872,6,2025-04-03,1,1,1,499.0,210.0,0.0
9373,1404,2,2025-04-03,1,2,1,254.15,128.0,44.85
9374,1274,2,2025-04-03,3,3,1,299.0,128.0,0.0
9375,919,5,2025-04-03,2,1,1,349.0,147.0,0.0
9376,1046,5,2025-04-03,8,5,1,349.0,147.0,0.0
9377,1658,3,2025-04-03,4,3,1,296.1,141.0,32.9
9378,997,4,2025-04-03,5,1,2,349.0,147.0,0.0
9379,1511,4,2025-04-03,1,3,1,349.0,147.0,0.0
9380,1084,3,2025-04-03,3,2,2,329.0,141.0,0.0
9381,201,6,2025-04-03,2,1,1,499.0,210.0,0.0
9382,1064,3,2025-04-03,2,2,1,329.0,141.0,0.0
9383,242,5,2025-04-03,6,2,1,349.0,147.0,0.0
9384,1690,5,2025-04-03,3,1,1,349.0,147.0,0.0
9385,912,6,2025-04-03,1,3,1,499.0,210.0,0.0
9386,1817,4,2025-04-03,2,2,1,314.1,147.0,34.9
9387,1655,3,2025-04-03,4,1,1,329.0,141.0,0.0
9388,943,4,2025-04-03,1,1,1,349.0,147.0,0.0
9389,1024,4,2025-04-03,3,1,2,349.0,147.0,0.0
9390,1772,5,2025-04-03,2,1,2,349.0,147.0,0.0
9391,1119,4,2025-04-03,3,1,1,349.0,147.0,0.0
9392,1698,5,2025-04-03,2,1,1,349.0,147.0,0.0
9393,865,2,2025-04-03,1,1,1,299.0,128.0,0.0
9394,606,4,2025-04-03,4,1,1,349.0,147.0,0.0
9395,1619,2,2025-04-04,5,1,1,299.0,128.0,0.0
9396,394,5,2025-04-04,3,2,1,314.1,147.0,34.9
9397,1691,3,2025-04-04,6,4,1,329.0,141.0,0.0
9398,1897,4,2025-04-04,4,1,1,349.0,147.0,0.0
9399,1989,6,2025-04-04,1,2,1,424.15,210.0,74.85
9400,1160,5,2025-04-04,4,2,1,349.0,147.0,0.0
9401,1203,2,2025-04-04,2,3,1,299.0,128.0,0.0
9402,965,2,2025-04-04,9,4,1,299.0,128.0,0.0
9403,89,5,2025-04-04,5,1,1,349.0,147.0,0.0
9404,363,6,2025-04-04,2,2,1,499.0,210.0,0.0
9405,294,3,2025-04-04,4,1,1,329.0,141.0,0.0
9406,538,6,2025-04-04,1,4,1,499.0,210.0,0.0
9407,1733,1,2025-04-04,1,1,1,299.0,128.0,0.0
9408,1112,5,2025-04-04,1,2,1,349.0,147.0,0.0
9409,1381,6,2025-04-04,4,1,1,449.1,210.0,49.9
9410,909,6,2025-04-04,5,2,2,449.1,210.0,49.9
9411,255,5,2025-04-04,1,2,1,314.1,147.0,34.9
9412,1453,2,2025-04-04,4,1,1,269.1,128.0,29.9
9413,47,3,2025-04-04,8,1,1,329.0,141.0,0.0
9414,1903,2,2025-04-04,1,1,1,299.0,128.0,0.0
9415,1579,6,2025-04-04,9,3,1,499.0,210.0,0.0
9416,170,4,2025-04-04,8,2,1,296.65,147.0,52.35
9417,1439,2,2025-04-04,2,2,1,299.0,128.0,0.0
9418,356,2,2025-04-04,5,2,1,299.0,128.0,0.0
9419,1366,4,2025-04-04,5,2,1,296.65,147.0,52.35
9420,1739,2,2025-04-04,5,1,1,299.0,128.0,0.0
9421,1292,4,2025-04-04,5,5,1,349.0,147.0,0.0
9422,1725,2,2025-04-04,2,5,1,299.0,128.0,0.0
9423,1486,6,2025-04-04,7,2,2,449.1,210.0,49.9
9424,381,4,2025-04-04,3,2,1,314.1,147.0,34.9
9425,509,5,2025-04-04,3,4,1,349.0,147.0,0.0
9426,878,5,2025-04-04,4,2,1,349.0,147.0,0.0
9427,1247,6,2025-04-04,2,4,1,424.15,210.0,74.85
9428,1628,4,2025-04-04,4,1,1,314.1,147.0,34.9
9429,1749,4,2025-04-04,3,4,1,349.0,147.0,0.0
9430,969,2,2025-04-04,3,4,1,299.0,128.0,0.0
9431,436,4,2025-04-05,3,3,1,314.1,147.0,34.9
9432,262,3,2025-04-05,4,1,1,296.1,141.0,32.9
9433,1030,2,2025-04-05,8,1,2,299.0,128.0,0.0
9434,1284,4,2025-04-05,1,2,1,349.0,147.0,0.0
9435,961,3,2025-04-05,1,2,1,329.0,141.0,0.0
9436,22,2,2025-04-05,2,2,1,299.0,128.0,0.0
9437,1631,4,2025-04-05,6,2,1,349.0,147.0,0.0
9438,977,1,2025-04-05,5,2,1,299.0,128.0,0.0
9439,694,1,2025-04-05,3,2,2,299.0,128.0,0.0
9440,1943,5,2025-04-05,5,3,1,314.1,147.0,34.9
9441,148,4,2025-04-05,2,2,1,349.0,147.0,0.0
9442,199,3,2025-04-05,1,4,1,329.0,141.0,0.0
9443,1290,1,2025-04-05,5,3,1,299.0,128.0,0.0
9444,111,1,2025-04-05,7,4,1,299.0,128.0,0.0
9445,1996,5,2025-04-05,1,3,1,349.0,147.0,0.0
9446,1306,4,2025-04-05,1,4,1,314.1,147.0,34.9
9447,301,5,2025-04-05,2,3,2,349.0,147.0,0.0
9448,1704,5,2025-04-05,5,2,1,349.0,147.0,0.0
9449,154,6,2025-04-05,8,2,1,499.0,210.0,0.0
9450,1655,4,2025-04-05,1,3,1,349.0,147.0,0.0
9451,877,1,2025-04-05,5,1,1,269.1,128.0,29.9
9452,727,1,2025-04-05,5,1,1,299.0,128.0,0.0
9453,1429,5,2025-04-05,1,2,1,349.0,147.0,0.0
9454,560,2,2025-04-05,5,1,1,299.0,128.0,0.0
9455,462,1,2025-04-05,2,1,1,299.0,128.0,0.0
9456,1848,5,2025-04-05,5,1,1,349.0,147.0,0.0
9457,1908,2,2025-04-05,7,1,1,299.0,128.0,0.0
9458,1500,4,2025-04-05,2,3,1,314.1,147.0,34.9
9459,672,6,2025-04-05,1,5,1,499.0,210.0,0.0
9460,1332,6,2025-04-05,2,1,1,499.0,210.0,0.0
9461,1897,4,2025-04-05,2,2,1,349.0,147.0,0.0
9462,1289,5,2025-04-05,6,4,1,296.65,147.0,52.35
9463,1269,3,2025-04-05,2,1,1,329.0,141.0,0.0
9464,1978,4,2025-04-06,1,4,1,349.0,147.0,0.0
9465,1328,5,2025-04-06,1,3,1,349.0,147.0,0.0
9466,1133,3,2025-04-06,1,2,1,296.1,141.0,32.9
9467,1474,1,2025-04-06,1,2,1,269.1,128.0,29.9
9468,1793,4,2025-04-06,4,4,1,314.1,147.0,34.9
9469,1886,5,2025-04-06,1,2,1,349.0,147.0,0.0
9470,1720,1,2025-04-06,2,2,1,299.0,128.0,0.0
9471,138,1,2025-04-06,3,2,1,254.15,128.0,44.85
9472,200,5,2025-04-06,1,1,1,349.0,147.0,0.0
9473,584,4,2025-04-06,2,3,1,349.0,147.0,0.0
9474,523,3,2025-04-06,6,1,1,296.1,141.0,32.9
9475,832,4,2025-04-06,5,2,1,314.1,147.0,34.9
9476,1609,3,2025-04-06,3,2,2,329.0,141.0,0.0
9477,1406,5,2025-04-06,5,2,1,349.0,147.0,0.0
9478,272,1,2025-04-06,5,1,1,299.0,128.0,0.0
9479,1799,5,2025-04-06,9,2,1,349.0,147.0,0.0
9480,1068,5,2025-04-06,2,3,1,349.0,147.0,0.0
9481,632,2,2025-04-06,1,2,1,299.0,128.0,0.0
9482,1930,6,2025-04-06,5,1,1,424.15,210.0,74.85
9483,1548,2,2025-04-06,3,3,1,299.0,128.0,0.0
9484,1477,6,2025-04-06,6,5,1,499.0,210.0,0.0
9485,1744,1,2025-04-06,1,2,1,299.0,128.0,0.0
9486,966,4,2025-04-06,1,4,1,349.0,147.0,0.0
9487,1414,5,2025-04-06,2,5,1,296.65,147.0,52.35
9488,450,2,2025-04-06,5,1,2,299.0,128.0,0.0
9489,140,4,2025-04-06,1,1,1,349.0,147.0,0.0
9490,1680,4,2025-04-06,3,3,1,349.0,147.0,0.0
9491,1665,5,2025-04-06,1,2,2,349.0,147.0,0.0
9492,1034,1,2025-04-06,1,2,1,299.0,128.0,0.0
9493,1583,5,2025-04-06,5,5,1,349.0,147.0,0.0
9494,1298,5,2025-04-07,1,2,1,314.1,147.0,34.9
9495,1418,4,2025-04-07,9,2,1,349.0,147.0,0.0
9496,512,1,2025-04-07,2,1,1,299.0,128.0,0.0
9497,1677,6,2025-04-07,4,1,1,499.0,210.0,0.0
9498,1542,5,2025-04-07,1,2,1,349.0,147.0,0.0
9499,1999,2,2025-04-07,8,4,1,269.1,128.0,29.9
9500,893,2,2025-04-07,3,3,1,269.1,128.0,29.9
9501,372,4,2025-04-07,7,3,1,349.0,147.0,0.0
9502,544,2,2025-04-07,2,2,1,299.0,128.0,0.0
9503,7,4,2025-04-07,2,2,1,296.65,147.0,52.35
9504,1177,3,2025-04-07,5,1,1,329.0,141.0,0.0
9505,299,1,2025-04-07,5,1,1,269.1,128.0,29.9
9506,65,6,2025-04-07,4,5,1,499.0,210.0,0.0
9507,614,6,2025-04-07,1,2,1,499.0,210.0,0.0
9508,29,2,2025-04-07,6,1,1,299.0,128.0,0.0
9509,1569,5,2025-04-07,1,5,1,296.65,147.0,52.35
9510,188,4,2025-04-07,2,3,1,349.0,147.0,0.0
9511,1728,1,2025-04-07,1,2,1,299.0,128.0,0.0
9512,527,6,2025-04-07,1,1,1,499.0,210.0,0.0
9513,1864,1,2025-04-07,1,4,1,299.0,128.0,0.0
9514,1551,4,2025-04-07,2,2,1,349.0,147.0,0.0
9515,14,5,2025-04-07,1,2,1,349.0,147.0,0.0
9516,1026,5,2025-04-07,1,1,1,349.0,147.0,0.0
9517,128,4,2025-04-07,3,3,1,296.65,147.0,52.35
9518,1785,4,2025-04-07,3,5,1,314.1,147.0,34.9
9519,802,6,2025-04-07,7,2,1,499.0,210.0,0.0
9520,1968,5,2025-04-07,2,1,2,349.0,147.0,0.0
9521,1084,3,2025-04-07,3,3,1,296.1,141.0,32.9
9522,1413,3,2025-04-07,5,2,1,296.1,141.0,32.9
9523,1965,1,2025-04-07,8,1,1,299.0,128.0,0.0
9524,832,1,2025-04-07,1,2,1,299.0,128.0,0.0
9525,1035,2,2025-04-08,3,4,1,299.0,128.0,0.0
9526,139,5,2025-04-08,2,1,1,349.0,147.0,0.0
9527,161,2,2025-04-08,1,2,1,299.0,128.0,0.0
9528,836,2,2025-04-08,1,1,1,299.0,128.0,0.0
9529,1394,6,2025-04-08,1,2,1,499.0,210.0,0.0
9530,1885,3,2025-04-08,8,2,1,329.0,141.0,0.0
9531,1234,5,2025-04-08,5,1,1,349.0,147.0,0.0
9532,1104,4,2025-04-08,1,5,1,296.65,147.0,52.35
9533,775,1,2025-04-08,8,5,1,299.0,128.0,0.0
9534,1440,1,2025-04-08,1,2,1,299.0,128.0,0.0
9535,1084,4,2025-04-08,3,1,1,349.0,147.0,0.0
9536,877,6,2025-04-08,1,1,1,499.0,210.0,0.0
9537,147,4,2025-04-08,8,4,1,314.1,147.0,34.9
9538,617,5,2025-04-08,1,1,1,349.0,147.0,0.0
9539,341,5,2025-04-08,7,5,1,349.0,147.0,0.0
9540,1885,4,2025-04-08,2,1,1,349.0,147.0,0.0
9541,1463,2,2025-04-08,5,2,1,269.1,128.0,29.9
9542,1619,5,2025-04-08,1,2,1,349.0,147.0,0.0
9543,1632,2,2025-04-08,3,2,1,254.15,128.0,44.85
9544,1603,6,2025-04-08,3,5,1,499.0,210.0,0.0
9545,753,4,2025-04-08,4,1,1,349.0,147.0,0.0
9546,211,1,2025-04-08,1,2,1,299.0,128.0,0.0
9547,1984,5,2025-04-08,1,2,1,349.0,147.0,0.0
9548,537,4,2025-04-08,1,1,1,349.0,147.0,0.0
9549,1215,4,2025-04-08,2,1,1,349.0,147.0,0.0
9550,1879,1,2025-04-08,7,3,1,299.0,128.0,0.0
9551,699,6,2025-04-09,7,3,2,499.0,210.0,0.0
9552,1509,2,2025-04-09,5,4,1,299.0,128.0,0.0
9553,482,2,2025-04-09,1,2,1,299.0,128.0,0.0
9554,1653,5,2025-04-09,1,3,1,349.0,147.0,0.0
9555,500,4,2025-04-09,7,2,2,349.0,147.0,0.0
9556,1469,5,2025-04-09,8,5,1,349.0,147.0,0.0
9557,1519,5,2025-04-09,7,1,1,349.0,147.0,0.0
9558,241,1,2025-04-09,3,1,1,299.0,128.0,0.0
9559,1497,1,2025-04-09,7,1,1,299.0,128.0,0.0
9560,1232,5,2025-04-09,4,1,1,349.0,147.0,0.0
9561,1321,4,2025-04-09,6,1,2,314.1,147.0,34.9
9562,37,5,2025-04-09,3,2,1,349.0,147.0,0.0
9563,1884,5,2025-04-09,1,1,1,349.0,147.0,0.0
9564,1566,3,2025-04-09,7,2,2,296.1,141.0,32.9
9565,1111,2,2025-04-09,3,2,2,299.0,128.0,0.0
9566,1112,4,2025-04-09,8,2,1,349.0,147.0,0.0
9567,1025,1,2025-04-09,1,1,1,299.0,128.0,0.0
9568,858,2,2025-04-09,2,2,1,299.0,128.0,0.0
9569,1480,6,2025-04-09,2,3,1,499.0,210.0,0.0
9570,1939,5,2025-04-09,1,1,1,314.1,147.0,34.9
9571,83,5,2025-04-09,1,4,1,349.0,147.0,0.0
9572,314,6,2025-04-09,3,1,1,499.0,210.0,0.0
9573,950,3,2025-04-09,5,4,1,296.1,141.0,32.9
9574,390,4,2025-04-09,7,2,1,349.0,147.0,0.0
9575,1566,4,2025-04-09,8,1,1,349.0,147.0,0.0
9576,1598,2,2025-04-09,7,5,1,269.1,128.0,29.9
9577,665,2,2025-04-09,6,3,1,269.1,128.0,29.9
9578,353,6,2025-04-09,5,1,1,499.0,210.0,0.0
9579,1372,1,2025-04-09,6,2,2,299.0,128.0,0.0
9580,836,5,2025-04-10,4,2,2,349.0,147.0,0.0
9581,1064,5,2025-04-10,5,4,2,349.0,147.0,0.0
9582,1459,3,2025-04-10,2,1,1,329.0,141.0,0.0
9583,1780,1,2025-04-10,6,1,1,299.0,128.0,0.0
9584,1719,6,2025-04-10,2,1,1,499.0,210.0,0.0
9585,721,2,2025-04-10,5,2,1,299.0,128.0,0.0
9586,1220,5,2025-04-10,5,1,1,349.0,147.0,0.0
9587,1053,5,2025-04-10,5,2,1,349.0,147.0,0.0
9588,1562,1,2025-04-10,3,1,1,299.0,128.0,0.0
9589,825,4,2025-04-10,5,2,1,349.0,147.0,0.0
9590,1392,1,2025-04-10,4,5,1,299.0,128.0,0.0
9591,1950,2,2025-04-10,2,2,1,299.0,128.0,0.0
9592,1763,5,2025-04-10,3,5,1,349.0,147.0,0.0
9593,441,2,2025-04-10,5,1,2,299.0,128.0,0.0
9594,693,3,2025-04-10,4,1,1,329.0,141.0,0.0
9595,399,5,2025-04-10,7,1,2,349.0,147.0,0.0
9596,183,6,2025-04-10,5,3,1,499.0,210.0,0.0
9597,1275,6,2025-04-10,8,2,1,499.0,210.0,0.0
9598,1526,2,2025-04-10,1,3,1,299.0,128.0,0.0
9599,251,3,2025-04-10,7,2,1,329.0,141.0,0.0
9600,1850,2,2025-04-10,5,3,1,299.0,128.0,0.0
9601,1738,5,2025-04-10,3,2,1,349.0,147.0,0.0
9602,858,1,2025-04-10,1,3,1,269.1,128.0,29.9
9603,180,1,2025-04-10,1,1,1,269.1,128.0,29.9
9604,465,5,2025-04-10,3,1,1,314.1,147.0,34.9
9605,898,5,2025-04-10,3,1,1,349.0,147.0,0.0
9606,1031,5,2025-04-10,2,5,1,349.0,147.0,0.0
9607,397,5,2025-04-11,5,2,1,349.0,147.0,0.0
9608,288,4,2025-04-11,5,1,1,349.0,147.0,0.0
9609,478,3,2025-04-11,5,2,1,329.0,141.0,0.0
9610,1305,4,2025-04-11,3,1,1,296.65,147.0,52.35
9611,956,2,2025-04-11,5,3,1,299.0,128.0,0.0
9612,379,4,2025-04-11,4,1,2,349.0,147.0,0.0
9613,1794,5,2025-04-11,3,1,1,349.0,147.0,0.0
9614,390,4,2025-04-11,5,1,1,349.0,147.0,0.0
9615,554,6,2025-04-11,3,2,1,449.1,210.0,49.9
9616,1212,4,2025-04-11,1,1,1,296.65,147.0,52.35
9617,1705,5,2025-04-11,7,1,1,349.0,147.0,0.0
9618,809,2,2025-04-11,5,5,1,299.0,128.0,0.0
9619,67,3,2025-04-11,3,3,1,329.0,141.0,0.0
9620,1931,2,2025-04-11,6,1,2,299.0,128.0,0.0
9621,139,5,2025-04-11,4,2,2,314.1,147.0,34.9
9622,1426,4,2025-04-11,1,3,1,349.0,147.0,0.0
9623,832,5,2025-04-11,5,2,1,296.65,147.0,52.35
9624,1685,4,2025-04-11,3,5,1,349.0,147.0,0.0
9625,796,4,2025-04-11,6,2,1,314.1,147.0,34.9
9626,1064,4,2025-04-11,5,5,1,349.0,147.0,0.0
9627,1940,4,2025-04-11,4,3,1,349.0,147.0,0.0
9628,1048,6,2025-04-11,3,4,2,499.0,210.0,0.0
9629,222,6,2025-04-11,2,2,1,449.1,210.0,49.9
9630,392,1,2025-04-11,5,3,1,299.0,128.0,0.0
9631,535,5,2025-04-11,7,2,1,314.1,147.0,34.9
9632,1813,2,2025-04-11,7,5,1,299.0,128.0,0.0
9633,674,1,2025-04-11,5,4,1,299.0,128.0,0.0
9634,1700,5,2025-04-11,6,1,1,349.0,147.0,0.0
9635,1700,5,2025-04-11,2,1,1,349.0,147.0,0.0
9636,262,4,2025-04-12,2,5,1,349.0,147.0,0.0
9637,1356,4,2025-04-12,7,4,2,296.65,147.0,52.35
9638,583,2,2025-04-12,5,1,1,299.0,128.0,0.0
9639,1476,4,2025-04-12,4,2,1,349.0,147.0,0.0
9640,1775,2,2025-04-12,3,2,1,299.0,128.0,0.0
9641,859,3,2025-04-12,2,2,1,329.0,141.0,0.0
9642,645,5,2025-04-12,1,1,1,296.65,147.0,52.35
9643,1689,5,2025-04-12,4,1,1,349.0,147.0,0.0
9644,787,1,2025-04-12,3,1,1,299.0,128.0,0.0
9645,346,4,2025-04-12,5,3,2,349.0,147.0,0.0
9646,391,4,2025-04-12,2,1,1,349.0,147.0,0.0
9647,1262,5,2025-04-12,3,1,1,296.65,147.0,52.35
9648,1956,5,2025-04-12,4,1,1,349.0,147.0,0.0
9649,1598,6,2025-04-12,5,2,1,499.0,210.0,0.0
9650,1348,1,2025-04-12,5,2,1,299.0,128.0,0.0
9651,451,1,2025-04-12,3,1,1,299.0,128.0,0.0
9652,1658,4,2025-04-12,2,1,1,349.0,147.0,0.0
9653,1543,5,2025-04-12,6,5,1,349.0,147.0,0.0
9654,254,4,2025-04-12,1,3,1,349.0,147.0,0.0
9655,339,5,2025-04-12,1,1,1,349.0,147.0,0.0
9656,399,5,2025-04-12,5,1,1,296.65,147.0,52.35
9657,1184,4,2025-04-12,2,4,1,349.0,147.0,0.0
9658,1039,5,2025-04-12,1,1,1,349.0,147.0,0.0
9659,282,1,2025-04-12,4,2,1,254.15,128.0,44.85
9660,191,1,2025-04-12,6,1,1,299.0,128.0,0.0
9661,1398,1,2025-04-12,3,2,1,299.0,128.0,0.0
9662,1357,5,2025-04-12,4,1,1,314.1,147.0,34.9
9663,506,4,2025-04-13,4,1,1,349.0,147.0,0.0
9664,1447,1,2025-04-13,4,2,1,299.0,128.0,0.0
9665,178,4,2025-04-13,4,3,1,349.0,147.0,0.0
9666,1745,5,2025-04-13,5,1,1,349.0,147.0,0.0
9667,234,5,2025-04-13,1,1,1,296.65,147.0,52.35
9668,1933,6,2025-04-13,4,5,2,424.15,210.0,74.85
9669,1147,4,2025-04-13,4,2,1,349.0,147.0,0.0
9670,299,4,2025-04-13,3,2,1,349.0,147.0,0.0
9671,1445,4,2025-04-13,4,3,1,349.0,147.0,0.0
9672,1994,2,2025-04-13,4,3,1,299.0,128.0,0.0
9673,106,5,2025-04-13,3,3,1,349.0,147.0,0.0
9674,1268,5,2025-04-13,8,1,1,349.0,147.0,0.0
9675,292,4,2025-04-13,2,1,1,314.1,147.0,34.9
9676,39,1,2025-04-13,3,1,1,254.15,128.0,44.85
9677,414,2,2025-04-13,4,2,1,299.0,128.0,0.0
9678,90,4,2025-04-13,3,2,1,349.0,147.0,0.0
9679,968,6,2025-04-13,3,5,1,449.1,210.0,49.9
9680,1691,1,2025-04-13,6,1,1,269.1,128.0,29.9
9681,1437,3,2025-04-13,2,1,1,329.0,141.0,0.0
9682,1770,3,2025-04-13,2,1,2,329.0,141.0,0.0
9683,654,5,2025-04-13,2,2,1,349.0,147.0,0.0
9684,1062,1,2025-04-13,2,4,1,299.0,128.0,0.0
9685,1533,4,2025-04-13,1,5,1,349.0,147.0,0.0
9686,1999,1,2025-04-13,4,2,1,299.0,128.0,0.0
9687,197,5,2025-04-13,2,2,1,349.0,147.0,0.0
9688,643,5,2025-04-13,2,1,1,296.65,147.0,52.35
9689,610,5,2025-04-13,3,2,1,349.0,147.0,0.0
9690,1045,5,2025-04-14,5,5,1,349.0,147.0,0.0
9691,1931,1,2025-04-14,4,2,1,299.0,128.0,0.0
9692,693,4,2025-04-14,1,1,1,349.0,147.0,0.0
9693,1655,3,2025-04-14,2,2,1,329.0,141.0,0.0
9694,965,5,2025-04-14,5,5,1,314.1,147.0,34.9
9695,515,6,2025-04-14,4,3,1,499.0,210.0,0.0
9696,1776,5,2025-04-14,7,1,2,349.0,147.0,0.0
9697,1406,1,2025-04-14,1,2,1,299.0,128.0,0.0
9698,374,5,2025-04-14,5,4,1,314.1,147.0,34.9
9699,1169,5,2025-04-14,7,5,2,349.0,147.0,0.0
9700,377,5,2025-04-14,3,3,1,349.0,147.0,0.0
9701,1824,4,2025-04-14,8,5,1,349.0,147.0,0.0
9702,1824,4,2025-04-14,1,1,1,349.0,147.0,0.0
9703,1758,3,2025-04-14,8,4,1,329.0,141.0,0.0
9704,1992,4,2025-04-14,2,4,1,349.0,147.0,0.0
9705,404,4,2025-04-14,7,1,1,349.0,147.0,0.0
9706,1477,6,2025-04-14,1,1,1,499.0,210.0,0.0
9707,215,1,2025-04-14,7,2,1,299.0,128.0,0.0
9708,502,6,2025-04-14,7,2,2,499.0,210.0,0.0
9709,1839,5,2025-04-14,3,1,1,314.1,147.0,34.9
9710,100,6,2025-04-14,1,1,1,499.0,210.0,0.0
9711,1747,5,2025-04-14,2,2,1,349.0,147.0,0.0
9712,1835,4,2025-04-14,5,2,1,314.1,147.0,34.9
9713,1740,1,2025-04-14,7,5,2,254.15,128.0,44.85
9714,697,4,2025-04-14,1,3,2,349.0,147.0,0.0
9715,1261,3,2025-04-14,7,1,1,296.1,141.0,32.9
9716,208,5,2025-04-14,3,4,1,314.1,147.0,34.9
9717,853,5,2025-04-14,2,1,1,296.65,147.0,52.35
9718,436,2,2025-04-14,1,1,1,299.0,128.0,0.0
9719,115,4,2025-04-14,2,1,1,349.0,147.0,0.0
9720,1814,6,2025-04-14,2,1,1,499.0,210.0,0.0
9721,638,2,2025-04-14,3,1,1,254.15,128.0,44.85
9722,706,4,2025-04-14,3,3,1,349.0,147.0,0.0
9723,142,4,2025-04-15,3,5,1,349.0,147.0,0.0
9724,238,1,2025-04-15,3,2,1,299.0,128.0,0.0
9725,1400,1,2025-04-15,2,1,1,299.0,128.0,0.0
9726,1907,4,2025-04-15,3,3,1,296.65,147.0,52.35
9727,1359,5,2025-04-15,7,2,2,349.0,147.0,0.0
9728,1306,1,2025-04-15,6,2,1,299.0,128.0,0.0
9729,1136,5,2025-04-15,3,5,1,349.0,147.0,0.0
9730,1753,4,2025-04-15,6,1,1,349.0,147.0,0.0
9731,770,5,2025-04-15,2,2,1,349.0,147.0,0.0
9732,883,4,2025-04-15,4,2,1,349.0,147.0,0.0
9733,179,4,2025-04-15,2,2,1,349.0,147.0,0.0
9734,937,2,2025-04-15,4,4,1,299.0,128.0,0.0
9735,1908,4,2025-04-15,5,5,1,349.0,147.0,0.0
9736,1365,2,2025-04-15,1,1,1,299.0,128.0,0.0
9737,1431,4,2025-04-15,9,2,1,314.1,147.0,34.9
9738,243,4,2025-04-15,2,5,1,349.0,147.0,0.0
9739,1351,5,2025-04-15,6,2,1,349.0,147.0,0.0
9740,523,5,2025-04-15,1,1,1,349.0,147.0,0.0
9741,179,4,2025-04-15,1,1,1,349.0,147.0,0.0
9742,1639,4,2025-04-15,7,1,1,349.0,147.0,0.0
9743,1322,4,2025-04-15,1,2,1,296.65,147.0,52.35
9744,1559,1,2025-04-15,1,1,2,299.0,128.0,0.0
9745,807,5,2025-04-15,1,1,2,349.0,147.0,0.0
9746,1710,5,2025-04-15,4,1,1,349.0,147.0,0.0
9747,1387,3,2025-04-15,1,5,1,329.0,141.0,0.0
9748,1122,6,2025-04-16,1,1,1,499.0,210.0,0.0
9749,398,1,2025-04-16,3,2,1,254.15,128.0,44.85
9750,789,2,2025-04-16,7,1,1,269.1,128.0,29.9
9751,608,5,2025-04-16,2,2,1,349.0,147.0,0.0
9752,1383,1,2025-04-16,2,2,1,299.0,128.0,0.0
9753,397,4,2025-04-16,5,4,1,349.0,147.0,0.0
9754,27,2,2025-04-16,3,1,1,299.0,128.0,0.0
9755,1731,5,2025-04-16,4,2,1,296.65,147.0,52.35
9756,1458,4,2025-04-16,5,4,1,296.65,147.0,52.35
9757,347,3,2025-04-16,1,1,1,329.0,141.0,0.0
9758,1229,4,2025-04-16,1,3,1,349.0,147.0,0.0
9759,1549,5,2025-04-16,5,2,1,349.0,147.0,0.0
9760,1534,5,2025-04-16,5,5,1,349.0,147.0,0.0
9761,415,5,2025-04-16,4,1,2,349.0,147.0,0.0
9762,154,5,2025-04-16,3,2,1,314.1,147.0,34.9
9763,1700,2,2025-04-16,1,1,1,299.0,128.0,0.0
9764,735,1,2025-04-16,1,2,1,299.0,128.0,0.0
9765,1199,4,2025-04-16,1,3,1,296.65,147.0,52.35
9766,407,6,2025-04-16,3,1,1,499.0,210.0,0.0
9767,1170,5,2025-04-16,5,4,1,349.0,147.0,0.0
9768,1625,1,2025-04-16,1,1,1,269.1,128.0,29.9
9769,1739,4,2025-04-16,2,1,1,349.0,147.0,0.0
9770,1747,2,2025-04-16,8,1,1,299.0,128.0,0.0
9771,1632,2,2025-04-16,2,1,1,299.0,128.0,0.0
9772,142,2,2025-04-16,3,2,1,299.0,128.0,0.0
9773,924,5,2025-04-16,3,1,1,349.0,147.0,0.0
9774,517,3,2025-04-16,7,1,1,329.0,141.0,0.0
9775,245,5,2025-04-16,3,1,1,349.0,147.0,0.0
9776,61,1,2025-04-16,1,2,2,299.0,128.0,0.0
9777,953,3,2025-04-16,9,2,1,279.65,141.0,49.35
9778,1342,6,2025-04-17,4,5,2,499.0,210.0,0.0
9779,743,5,2025-04-17,1,1,1,349.0,147.0,0.0
9780,1391,6,2025-04-17,1,1,1,499.0,210.0,0.0
9781,336,2,2025-04-17,7,2,1,299.0,128.0,0.0
9782,876,4,2025-04-17,1,1,1,296.65,147.0,52.35
9783,1218,6,2025-04-17,5,1,1,499.0,210.0,0.0
9784,263,1,2025-04-17,2,2,1,299.0,128.0,0.0
9785,19,2,2025-04-17,2,5,1,254.15,128.0,44.85
9786,205,4,2025-04-17,3,1,1,349.0,147.0,0.0
9787,328,1,2025-04-17,1,2,1,299.0,128.0,0.0
9788,1128,3,2025-04-17,5,3,1,329.0,141.0,0.0
9789,542,3,2025-04-17,3,3,2,279.65,141.0,49.35
9790,1088,1,2025-04-17,5,1,1,254.15,128.0,44.85
9791,30,2,2025-04-17,3,4,1,299.0,128.0,0.0
9792,1739,6,2025-04-17,1,2,1,499.0,210.0,0.0
9793,343,3,2025-04-17,7,3,1,329.0,141.0,0.0
9794,1599,3,2025-04-17,4,2,1,329.0,141.0,0.0
9795,982,4,2025-04-17,1,4,1,349.0,147.0,0.0
9796,92,3,2025-04-17,6,2,1,296.1,141.0,32.9
9797,1491,2,2025-04-17,1,1,1,299.0,128.0,0.0
9798,1558,5,2025-04-17,1,3,1,296.65,147.0,52.35
9799,753,5,2025-04-17,1,3,2,296.65,147.0,52.35
9800,1209,4,2025-04-17,5,5,1,349.0,147.0,0.0
9801,1605,1,2025-04-17,1,2,1,269.1,128.0,29.9
9802,1209,4,2025-04-17,8,1,1,349.0,147.0,0.0
9803,1693,5,2025-04-17,7,2,1,349.0,147.0,0.0
9804,1397,5,2025-04-17,9,5,1,349.0,147.0,0.0
9805,752,2,2025-04-17,3,5,1,299.0,128.0,0.0
9806,163,6,2025-04-17,1,3,1,499.0,210.0,0.0
9807,1592,6,2025-04-18,9,1,1,499.0,210.0,0.0
9808,1291,5,2025-04-18,5,2,1,349.0,147.0,0.0
9809,760,4,2025-04-18,2,1,2,349.0,147.0,0.0
9810,918,2,2025-04-18,3,1,1,299.0,128.0,0.0
9811,1587,5,2025-04-18,2,2,1,314.1,147.0,34.9
9812,1654,4,2025-04-18,3,1,1,349.0,147.0,0.0
9813,170,3,2025-04-18,1,2,1,329.0,141.0,0.0
9814,1130,5,2025-04-18,5,3,1,296.65,147.0,52.35
9815,62,3,2025-04-18,3,1,1,296.1,141.0,32.9
9816,567,4,2025-04-18,8,1,2,349.0,147.0,0.0
9817,1544,5,2025-04-18,5,1,1,349.0,147.0,0.0
9818,477,3,2025-04-18,3,1,1,329.0,141.0,0.0
9819,1718,5,2025-04-18,1,2,1,349.0,147.0,0.0
9820,1469,2,2025-04-18,2,1,1,299.0,128.0,0.0
9821,1252,4,2025-04-18,7,3,1,314.1,147.0,34.9
9822,208,4,2025-04-18,3,1,1,349.0,147.0,0.0
9823,325,4,2025-04-18,6,4,1,349.0,147.0,0.0
9824,1092,4,2025-04-18,1,1,1,349.0,147.0,0.0
9825,766,4,2025-04-18,1,2,1,349.0,147.0,0.0
9826,42,2,2025-04-18,7,3,1,299.0,128.0,0.0
9827,376,1,2025-04-18,3,1,1,254.15,128.0,44.85
9828,1107,5,2025-04-18,1,2,1,349.0,147.0,0.0
9829,1883,5,2025-04-18,3,1,1,314.1,147.0,34.9
9830,755,1,2025-04-18,3,2,1,254.15,128.0,44.85
9831,245,3,2025-04-18,8,2,1,329.0,141.0,0.0
9832,1217,5,2025-04-18,3,3,1,349.0,147.0,0.0
9833,1804,5,2025-04-18,1,1,1,349.0,147.0,0.0
9834,473,5,2025-04-18,5,1,1,314.1,147.0,34.9
9835,1715,1,2025-04-18,4,4,1,269.1,128.0,29.9
9836,461,3,2025-04-18,5,2,1,329.0,141.0,0.0
9837,1299,4,2025-04-18,6,5,1,349.0,147.0,0.0
9838,1909,4,2025-04-19,4,2,1,349.0,147.0,0.0
9839,515,6,2025-04-19,7,3,1,499.0,210.0,0.0
9840,888,4,2025-04-19,2,2,1,349.0,147.0,0.0
9841,639,6,2025-04-19,4,1,2,499.0,210.0,0.0
9842,629,5,2025-04-19,1,4,2,296.65,147.0,52.35
9843,1001,2,2025-04-19,4,4,1,254.15,128.0,44.85
9844,1066,1,2025-04-19,3,5,1,299.0,128.0,0.0
9845,1573,6,2025-04-19,5,1,1,499.0,210.0,0.0
9846,1250,4,2025-04-19,2,5,1,349.0,147.0,0.0
9847,1039,4,2025-04-19,5,4,2,349.0,147.0,0.0
9848,335,4,2025-04-19,1,5,1,314.1,147.0,34.9
9849,304,5,2025-04-19,1,1,1,349.0,147.0,0.0
9850,324,6,2025-04-19,1,5,1,449.1,210.0,49.9
9851,1287,5,2025-04-19,2,1,1,349.0,147.0,0.0
9852,449,4,2025-04-19,8,3,1,314.1,147.0,34.9
9853,1880,1,2025-04-19,2,2,1,299.0,128.0,0.0
9854,1317,6,2025-04-19,7,2,1,499.0,210.0,0.0
9855,99,4,2025-04-19,7,5,1,349.0,147.0,0.0
9856,1887,3,2025-04-19,5,2,1,329.0,141.0,0.0
9857,1861,4,2025-04-19,9,3,1,349.0,147.0,0.0
9858,928,4,2025-04-19,8,2,1,349.0,147.0,0.0
9859,1578,1,2025-04-19,3,4,1,269.1,128.0,29.9
9860,1427,4,2025-04-19,5,2,1,349.0,147.0,0.0
9861,1681,4,2025-04-19,2,3,1,349.0,147.0,0.0
9862,1560,1,2025-04-19,3,5,1,269.1,128.0,29.9
9863,285,2,2025-04-19,1,2,1,299.0,128.0,0.0
9864,139,4,2025-04-20,2,4,1,349.0,147.0,0.0
9865,363,5,2025-04-20,1,5,1,349.0,147.0,0.0
9866,1448,5,2025-04-20,1,3,1,314.1,147.0,34.9
9867,1835,4,2025-04-20,5,1,1,349.0,147.0,0.0
9868,910,6,2025-04-20,9,4,1,424.15,210.0,74.85
9869,1897,6,2025-04-20,1,1,1,499.0,210.0,0.0
9870,1763,4,2025-04-20,5,2,1,349.0,147.0,0.0
9871,914,6,2025-04-20,1,4,1,424.15,210.0,74.85
9872,564,4,2025-04-20,2,1,2,296.65,147.0,52.35
9873,759,5,2025-04-20,9,5,1,349.0,147.0,0.0
9874,264,4,2025-04-20,2,1,1,314.1,147.0,34.9
9875,193,6,2025-04-20,1,3,1,499.0,210.0,0.0
9876,1678,4,2025-04-20,4,2,1,349.0,147.0,0.0
9877,269,6,2025-04-20,1,2,1,499.0,210.0,0.0
9878,1409,4,2025-04-20,1,3,1,349.0,147.0,0.0
9879,1897,4,2025-04-20,7,3,1,349.0,147.0,0.0
9880,915,4,2025-04-20,7,1,1,349.0,147.0,0.0
9881,1404,4,2025-04-20,3,3,1,349.0,147.0,0.0
9882,437,4,2025-04-20,5,2,1,349.0,147.0,0.0
9883,324,4,2025-04-20,5,2,1,349.0,147.0,0.0
9884,628,1,2025-04-20,1,5,1,299.0,128.0,0.0
9885,585,5,2025-04-20,5,2,1,296.65,147.0,52.35
9886,721,2,2025-04-20,1,5,1,299.0,128.0,0.0
9887,1269,1,2025-04-20,1,2,1,269.1,128.0,29.9
9888,1196,4,2025-04-20,1,2,1,349.0,147.0,0.0
9889,201,4,2025-04-20,3,3,1,349.0,147.0,0.0
9890,1515,2,2025-04-20,2,3,1,299.0,128.0,0.0
9891,642,5,2025-04-20,2,2,1,349.0,147.0,0.0
9892,932,2,2025-04-21,5,4,1,269.1,128.0,29.9
9893,412,4,2025-04-21,8,3,1,349.0,147.0,0.0
9894,247,2,2025-04-21,2,1,1,254.15,128.0,44.85
9895,1330,5,2025-04-21,1,4,1,349.0,147.0,0.0
9896,124,4,2025-04-21,5,2,1,296.65,147.0,52.35
9897,483,5,2025-04-21,4,5,1,349.0,147.0,0.0
9898,1041,6,2025-04-21,5,2,1,499.0,210.0,0.0
9899,46,6,2025-04-21,1,4,1,499.0,210.0,0.0
9900,552,4,2025-04-21,5,2,1,349.0,147.0,0.0
9901,456,6,2025-04-21,2,1,1,499.0,210.0,0.0
9902,1475,6,2025-04-21,1,5,1,499.0,210.0,0.0
9903,604,5,2025-04-21,9,1,1,349.0,147.0,0.0
9904,1633,5,2025-04-21,2,1,1,314.1,147.0,34.9
9905,27,4,2025-04-21,3,3,1,296.65,147.0,52.35
9906,331,4,2025-04-21,1,2,1,349.0,147.0,0.0
9907,120,6,2025-04-21,1,5,1,499.0,210.0,0.0
9908,1288,3,2025-04-21,1,2,1,329.0,141.0,0.0
9909,1529,2,2025-04-21,2,2,1,299.0,128.0,0.0
9910,745,5,2025-04-21,1,3,1,349.0,147.0,0.0
9911,595,3,2025-04-21,2,3,2,329.0,141.0,0.0
9912,1413,4,2025-04-21,1,4,1,349.0,147.0,0.0
9913,1711,4,2025-04-21,1,1,1,349.0,147.0,0.0
9914,1672,4,2025-04-21,5,3,1,314.1,147.0,34.9
9915,1455,6,2025-04-21,7,2,1,499.0,210.0,0.0
9916,1110,4,2025-04-21,5,1,1,349.0,147.0,0.0
9917,900,3,2025-04-21,6,2,2,296.1,141.0,32.9
9918,1332,1,2025-04-22,1,3,1,299.0,128.0,0.0
9919,1712,1,2025-04-22,7,1,1,299.0,128.0,0.0
9920,836,2,2025-04-22,3,1,1,299.0,128.0,0.0
9921,1993,4,2025-04-22,4,3,1,349.0,147.0,0.0
9922,1482,5,2025-04-22,4,5,1,349.0,147.0,0.0
9923,1223,4,2025-04-22,1,2,1,349.0,147.0,0.0
9924,1552,4,2025-04-22,7,2,1,349.0,147.0,0.0
9925,473,1,2025-04-22,1,2,1,269.1,128.0,29.9
9926,1316,5,2025-04-22,3,2,1,314.1,147.0,34.9
9927,1322,4,2025-04-22,3,5,1,349.0,147.0,0.0
9928,1088,1,2025-04-22,1,4,1,299.0,128.0,0.0
9929,284,4,2025-04-22,3,1,1,349.0,147.0,0.0
9930,380,6,2025-04-22,1,2,1,499.0,210.0,0.0
9931,1690,6,2025-04-22,1,1,1,424.15,210.0,74.85
9932,179,1,2025-04-22,5,3,1,299.0,128.0,0.0
9933,851,3,2025-04-22,1,1,1,296.1,141.0,32.9
9934,1644,4,2025-04-22,1,1,1,296.65,147.0,52.35
9935,105,1,2025-04-22,4,3,1,299.0,128.0,0.0
9936,240,3,2025-04-22,4,1,1,296.1,141.0,32.9
9937,1421,1,2025-04-22,2,3,1,254.15,128.0,44.85
9938,621,1,2025-04-22,2,4,1,299.0,128.0,0.0
9939,233,6,2025-04-22,5,1,1,499.0,210.0,0.0
9940,1068,2,2025-04-22,3,2,1,299.0,128.0,0.0
9941,505,4,2025-04-22,2,5,1,349.0,147.0,0.0
9942,1010,6,2025-04-22,1,2,2,499.0,210.0,0.0
9943,621,1,2025-04-22,5,1,1,299.0,128.0,0.0
9944,1014,3,2025-04-22,2,1,1,329.0,141.0,0.0
9945,1986,2,2025-04-22,4,4,1,299.0,128.0,0.0
9946,958,3,2025-04-22,1,5,1,329.0,141.0,0.0
9947,969,4,2025-04-22,1,1,1,349.0,147.0,0.0
9948,396,6,2025-04-22,2,4,1,499.0,210.0,0.0
9949,144,5,2025-04-23,3,5,1,349.0,147.0,0.0
9950,773,6,2025-04-23,4,2,1,499.0,210.0,0.0
9951,756,4,2025-04-23,1,2,1,349.0,147.0,0.0
9952,923,4,2025-04-23,6,2,1,349.0,147.0,0.0
9953,873,6,2025-04-23,7,1,1,499.0,210.0,0.0
9954,1743,5,2025-04-23,2,3,1,296.65,147.0,52.35
9955,68,2,2025-04-23,5,1,1,254.15,128.0,44.85
9956,800,4,2025-04-23,4,5,1,349.0,147.0,0.0
9957,1099,1,2025-04-23,4,2,1,254.15,128.0,44.85
9958,1823,1,2025-04-23,1,2,1,299.0,128.0,0.0
9959,503,2,2025-04-23,5,1,1,299.0,128.0,0.0
9960,1075,1,2025-04-23,5,1,1,299.0,128.0,0.0
9961,842,5,2025-04-23,3,1,1,349.0,147.0,0.0
9962,1831,3,2025-04-23,1,4,1,329.0,141.0,0.0
9963,1095,5,2025-04-23,5,2,1,349.0,147.0,0.0
9964,624,6,2025-04-23,1,3,1,499.0,210.0,0.0
9965,1743,4,2025-04-23,4,1,1,349.0,147.0,0.0
9966,757,4,2025-04-23,3,5,1,314.1,147.0,34.9
9967,804,1,2025-04-23,1,5,1,299.0,128.0,0.0
9968,1868,5,2025-04-23,1,5,1,349.0,147.0,0.0
9969,966,5,2025-04-23,3,4,1,349.0,147.0,0.0
9970,340,4,2025-04-23,7,2,1,349.0,147.0,0.0
9971,967,1,2025-04-23,5,1,1,299.0,128.0,0.0
9972,1314,1,2025-04-23,2,2,1,299.0,128.0,0.0
9973,1578,2,2025-04-23,1,4,1,299.0,128.0,0.0
9974,1773,1,2025-04-23,5,1,1,299.0,128.0,0.0
9975,745,5,2025-04-23,3,3,1,314.1,147.0,34.9
9976,933,2,2025-04-23,3,1,1,299.0,128.0,0.0
9977,1810,1,2025-04-23,6,2,1,254.15,128.0,44.85
9978,1391,5,2025-04-24,1,5,1,349.0,147.0,0.0
9979,1168,4,2025-04-24,6,1,1,349.0,147.0,0.0
9980,460,5,2025-04-24,4,1,1,349.0,147.0,0.0
9981,255,5,2025-04-24,3,1,1,349.0,147.0,0.0
9982,764,5,2025-04-24,1,3,1,349.0,147.0,0.0
9983,1988,6,2025-04-24,1,2,1,499.0,210.0,0.0
9984,1752,3,2025-04-24,6,1,1,329.0,141.0,0.0
9985,1979,5,2025-04-24,1,2,1,349.0,147.0,0.0
9986,1825,4,2025-04-24,1,1,1,349.0,147.0,0.0
9987,296,5,2025-04-24,2,1,1,349.0,147.0,0.0
9988,1918,5,2025-04-24,4,2,1,349.0,147.0,0.0
9989,967,4,2025-04-24,4,1,1,349.0,147.0,0.0
9990,1550,4,2025-04-24,3,2,1,314.1,147.0,34.9
9991,1653,1,2025-04-24,3,5,1,299.0,128.0,0.0
9992,1055,4,2025-04-24,1,3,1,349.0,147.0,0.0
9993,1745,5,2025-04-24,1,1,1,349.0,147.0,0.0
9994,1893,6,2025-04-24,3,1,1,449.1,210.0,49.9
9995,468,3,2025-04-24,1,3,1,279.65,141.0,49.35
9996,1419,5,2025-04-24,9,2,1,349.0,147.0,0.0
9997,1039,1,2025-04-24,6,4,1,269.1,128.0,29.9
9998,1709,3,2025-04-24,5,1,1,329.0,141.0,0.0
9999,1950,3,2025-04-24,2,1,1,296.1,141.0,32.9
10000,401,4,2025-04-24,3,4,1,349.0,147.0,0.0
10001,1828,4,2025-04-24,8,1,2,314.1,147.0,34.9
10002,1355,2,2025-04-24,7,2,1,299.0,128.0,0.0
10003,1216,4,2025-04-25,3,2,1,349.0,147.0,0.0
10004,1699,4,2025-04-25,3,1,1,349.0,147.0,0.0
10005,399,5,2025-04-25,5,1,1,349.0,147.0,0.0
10006,125,1,2025-04-25,5,2,2,299.0,128.0,0.0
10007,1819,2,2025-04-25,1,2,1,299.0,128.0,0.0
10008,1219,4,2025-04-25,1,1,1,349.0,147.0,0.0
10009,1885,4,2025-04-25,4,1,1,349.0,147.0,0.0
10010,1096,4,2025-04-25,1,1,1,349.0,147.0,0.0
10011,1462,4,2025-04-25,2,1,2,349.0,147.0,0.0
10012,253,6,2025-04-25,8,3,1,499.0,210.0,0.0
10013,688,1,2025-04-25,1,2,1,299.0,128.0,0.0
10014,839,4,2025-04-25,6,2,1,349.0,147.0,0.0
10015,513,1,2025-04-25,7,1,1,299.0,128.0,0.0
10016,128,2,2025-04-25,3,2,1,299.0,128.0,0.0
10017,744,4,2025-04-25,1,1,2,349.0,147.0,0.0
10018,1246,4,2025-04-25,7,1,1,349.0,147.0,0.0
10019,721,4,2025-04-25,4,1,1,349.0,147.0,0.0
10020,508,6,2025-04-25,4,1,2,499.0,210.0,0.0
10021,776,4,2025-04-25,5,1,1,349.0,147.0,0.0
10022,1613,5,2025-04-25,3,1,1,349.0,147.0,0.0
10023,1586,1,2025-04-25,7,1,1,299.0,128.0,0.0
10024,1939,3,2025-04-25,1,2,1,329.0,141.0,0.0
10025,1539,5,2025-04-25,4,2,1,349.0,147.0,0.0
10026,422,4,2025-04-25,1,5,1,349.0,147.0,0.0
10027,680,4,2025-04-25,2,4,2,349.0,147.0,0.0
10028,556,4,2025-04-25,3,5,2,349.0,147.0,0.0
10029,1407,4,2025-04-26,1,2,1,296.65,147.0,52.35
10030,980,4,2025-04-26,3,5,1,349.0,147.0,0.0
10031,1707,2,2025-04-26,3,2,1,299.0,128.0,0.0
10032,437,6,2025-04-26,7,1,1,499.0,210.0,0.0
10033,1198,5,2025-04-26,8,3,2,296.65,147.0,52.35
10034,556,6,2025-04-26,1,2,1,499.0,210.0,0.0
10035,1971,1,2025-04-26,2,2,1,299.0,128.0,0.0
10036,553,1,2025-04-26,4,2,1,299.0,128.0,0.0
10037,987,6,2025-04-26,3,2,1,424.15,210.0,74.85
10038,1183,1,2025-04-26,4,1,1,254.15,128.0,44.85
10039,1029,4,2025-04-26,4,3,2,349.0,147.0,0.0
10040,1051,2,2025-04-26,7,3,1,299.0,128.0,0.0
10041,137,5,2025-04-26,5,2,1,314.1,147.0,34.9
10042,94,5,2025-04-26,4,2,1,314.1,147.0,34.9
10043,544,4,2025-04-26,5,1,1,349.0,147.0,0.0
10044,1740,1,2025-04-26,3,1,1,299.0,128.0,0.0
10045,262,1,2025-04-26,1,1,1,299.0,128.0,0.0
10046,586,4,2025-04-26,4,3,2,296.65,147.0,52.35
10047,975,3,2025-04-26,5,1,1,329.0,141.0,0.0
10048,931,3,2025-04-26,1,2,1,329.0,141.0,0.0
10049,236,2,2025-04-26,3,1,1,299.0,128.0,0.0
10050,1628,5,2025-04-26,3,2,1,296.65,147.0,52.35
10051,277,5,2025-04-26,4,5,1,349.0,147.0,0.0
10052,254,5,2025-04-27,3,4,1,349.0,147.0,0.0
10053,1630,1,2025-04-27,5,2,1,299.0,128.0,0.0
10054,1099,6,2025-04-27,8,3,1,499.0,210.0,0.0
10055,788,1,2025-04-27,2,2,1,269.1,128.0,29.9
10056,284,4,2025-04-27,6,1,1,349.0,147.0,0.0
10057,284,2,2025-04-27,1,4,1,254.15,128.0,44.85
10058,1315,2,2025-04-27,4,1,1,299.0,128.0,0.0
10059,1815,6,2025-04-27,1,2,1,499.0,210.0,0.0
10060,769,1,2025-04-27,7,2,1,254.15,128.0,44.85
10061,626,5,2025-04-27,3,1,1,349.0,147.0,0.0
10062,1665,5,2025-04-27,5,2,1,349.0,147.0,0.0
10063,171,5,2025-04-27,1,3,1,296.65,147.0,52.35
10064,1769,5,2025-04-27,1,2,1,314.1,147.0,34.9
10065,464,3,2025-04-27,1,3,1,329.0,141.0,0.0
10066,467,1,2025-04-27,3,1,1,299.0,128.0,0.0
10067,1121,1,2025-04-27,1,1,1,269.1,128.0,29.9
10068,907,4,2025-04-27,8,1,1,349.0,147.0,0.0
10069,1578,5,2025-04-27,2,3,1,349.0,147.0,0.0
10070,1230,6,2025-04-27,1,2,1,499.0,210.0,0.0
10071,336,5,2025-04-27,3,1,1,314.1,147.0,34.9
10072,1380,3,2025-04-27,4,4,2,329.0,141.0,0.0
10073,449,4,2025-04-27,4,5,1,349.0,147.0,0.0
10074,157,1,2025-04-27,1,1,1,299.0,128.0,0.0
10075,1879,4,2025-04-27,5,2,1,349.0,147.0,0.0
10076,1865,3,2025-04-27,1,4,1,329.0,141.0,0.0
10077,192,3,2025-04-27,1,1,1,329.0,141.0,0.0
10078,1850,2,2025-04-27,4,3,1,299.0,128.0,0.0
10079,690,1,2025-04-27,2,3,1,269.1,128.0,29.9
10080,113,5,2025-04-27,1,1,1,349.0,147.0,0.0
10081,395,5,2025-04-27,4,1,1,296.65,147.0,52.35
10082,66,1,2025-04-28,6,5,2,299.0,128.0,0.0
10083,1741,1,2025-04-28,8,2,1,254.15,128.0,44.85
10084,807,4,2025-04-28,5,2,1,349.0,147.0,0.0
10085,472,1,2025-04-28,8,4,1,299.0,128.0,0.0
10086,1114,6,2025-04-28,4,2,1,499.0,210.0,0.0
10087,1752,4,2025-04-28,1,1,2,349.0,147.0,0.0
10088,1166,5,2025-04-28,1,1,1,296.65,147.0,52.35
10089,1267,6,2025-04-28,3,1,1,499.0,210.0,0.0
10090,30,5,2025-04-28,2,1,1,296.65,147.0,52.35
10091,1473,3,2025-04-28,2,4,1,329.0,141.0,0.0
10092,1353,1,2025-04-28,1,5,1,299.0,128.0,0.0
10093,27,5,2025-04-28,1,1,1,314.1,147.0,34.9
10094,1416,6,2025-04-28,1,1,1,424.15,210.0,74.85
10095,1143,3,2025-04-28,1,1,1,329.0,141.0,0.0
10096,191,6,2025-04-28,5,4,1,449.1,210.0,49.9
10097,1894,4,2025-04-28,1,2,1,314.1,147.0,34.9
10098,768,6,2025-04-28,3,1,1,499.0,210.0,0.0
10099,1080,1,2025-04-28,1,2,1,299.0,128.0,0.0
10100,1522,1,2025-04-28,3,4,1,269.1,128.0,29.9
10101,1352,2,2025-04-28,9,2,1,299.0,128.0,0.0
10102,503,1,2025-04-28,2,2,1,299.0,128.0,0.0
10103,1084,4,2025-04-28,1,3,1,349.0,147.0,0.0
10104,637,5,2025-04-28,7,4,1,349.0,147.0,0.0
10105,488,5,2025-04-28,1,3,1,349.0,147.0,0.0
10106,1273,6,2025-04-28,3,2,1,424.15,210.0,74.85
10107,141,1,2025-04-29,1,5,1,299.0,128.0,0.0
10108,1551,1,2025-04-29,6,2,1,254.15,128.0,44.85
10109,1655,4,2025-04-29,2,3,1,349.0,147.0,0.0
10110,317,5,2025-04-29,8,4,1,349.0,147.0,0.0
10111,831,5,2025-04-29,1,1,1,314.1,147.0,34.9
10112,1236,6,2025-04-29,5,3,1,499.0,210.0,0.0
10113,1452,4,2025-04-29,2,3,1,296.65,147.0,52.35
10114,489,2,2025-04-29,3,3,1,269.1,128.0,29.9
10115,1319,5,2025-04-29,5,1,1,296.65,147.0,52.35
10116,1679,1,2025-04-29,2,2,1,254.15,128.0,44.85
10117,560,6,2025-04-29,3,1,1,424.15,210.0,74.85
10118,1913,6,2025-04-29,2,2,1,499.0,210.0,0.0
10119,1743,2,2025-04-29,1,1,1,269.1,128.0,29.9
10120,1464,4,2025-04-29,5,1,2,314.1,147.0,34.9
10121,64,6,2025-04-29,6,3,1,499.0,210.0,0.0
10122,986,3,2025-04-29,1,1,1,329.0,141.0,0.0
10123,1689,1,2025-04-29,4,2,1,269.1,128.0,29.9
10124,13,1,2025-04-29,3,1,1,299.0,128.0,0.0
10125,1378,2,2025-04-29,6,4,2,299.0,128.0,0.0
10126,690,4,2025-04-29,6,3,1,349.0,147.0,0.0
10127,467,5,2025-04-29,3,1,1,349.0,147.0,0.0
10128,250,2,2025-04-29,1,1,1,269.1,128.0,29.9
10129,781,5,2025-04-29,3,1,1,314.1,147.0,34.9
10130,1567,4,2025-04-29,9,2,1,349.0,147.0,0.0
10131,488,3,2025-04-29,1,2,1,329.0,141.0,0.0
10132,1706,4,2025-04-29,8,1,1,349.0,147.0,0.0
10133,1444,1,2025-04-29,3,2,1,299.0,128.0,0.0
10134,1569,6,2025-04-29,7,2,1,499.0,210.0,0.0
10135,598,5,2025-04-29,1,4,1,349.0,147.0,0.0
10136,869,5,2025-04-29,1,1,2,349.0,147.0,0.0
10137,1960,5,2025-04-30,9,1,1,296.65,147.0,52.35
10138,1415,4,2025-04-30,3,1,1,349.0,147.0,0.0
10139,887,3,2025-04-30,1,2,1,329.0,141.0,0.0
10140,328,4,2025-04-30,3,5,2,349.0,147.0,0.0
10141,569,6,2025-04-30,2,1,1,499.0,210.0,0.0
10142,777,2,2025-04-30,3,1,1,299.0,128.0,0.0
10143,98,1,2025-04-30,1,5,1,299.0,128.0,0.0
10144,1769,2,2025-04-30,1,2,1,299.0,128.0,0.0
10145,1384,2,2025-04-30,2,3,1,299.0,128.0,0.0
10146,466,6,2025-04-30,3,1,1,499.0,210.0,0.0
10147,692,5,2025-04-30,5,2,1,349.0,147.0,0.0
10148,1128,2,2025-04-30,1,3,1,269.1,128.0,29.9
10149,394,1,2025-04-30,5,2,1,299.0,128.0,0.0
10150,1721,1,2025-04-30,7,4,1,299.0,128.0,0.0
10151,1806,2,2025-04-30,1,2,1,299.0,128.0,0.0
10152,694,3,2025-04-30,6,2,1,296.1,141.0,32.9
10153,1142,1,2025-04-30,3,1,1,299.0,128.0,0.0
10154,1528,4,2025-04-30,5,1,1,349.0,147.0,0.0
10155,1982,4,2025-04-30,8,3,1,314.1,147.0,34.9
10156,2000,5,2025-04-30,2,1,1,349.0,147.0,0.0
10157,822,3,2025-04-30,6,2,1,279.65,141.0,49.35
10158,559,2,2025-04-30,1,1,1,269.1,128.0,29.9
10159,1137,4,2025-04-30,3,1,2,314.1,147.0,34.9
10160,56,1,2025-04-30,2,2,1,299.0,128.0,0.0
10161,1224,2,2025-04-30,1,1,1,299.0,128.0,0.0
10162,1767,5,2025-04-30,6,5,1,314.1,147.0,34.9
10163,1940,2,2025-04-30,1,2,2,299.0,128.0,0.0
10164,12,2,2025-04-30,4,1,2,299.0,128.0,0.0
10165,1021,1,2025-04-30,2,4,1,299.0,128.0,0.0
10166,89,2,2025-04-30,3,1,1,299.0,128.0,0.0
10167,1464,4,2025-04-30,3,1,1,349.0,147.0,0.0
10168,687,4,2025-04-30,3,2,1,349.0,147.0,0.0
10169,1256,5,2025-05-01,1,2,1,349.0,147.0,0.0
10170,383,5,2025-05-01,7,2,1,349.0,147.0,0.0
10171,355,1,2025-05-01,3,1,1,254.15,128.0,44.85
10172,1595,1,2025-05-01,9,5,1,299.0,128.0,0.0
10173,90,4,2025-05-01,2,1,2,349.0,147.0,0.0
10174,478,2,2025-05-01,5,4,1,299.0,128.0,0.0
10175,161,6,2025-05-01,7,4,1,499.0,210.0,0.0
10176,509,3,2025-05-01,1,1,1,296.1,141.0,32.9
10177,1364,2,2025-05-01,1,1,1,269.1,128.0,29.9
10178,767,5,2025-05-01,8,2,1,349.0,147.0,0.0
10179,197,5,2025-05-01,3,1,1,349.0,147.0,0.0
10180,2000,6,2025-05-01,2,3,1,499.0,210.0,0.0
10181,1291,4,2025-05-01,1,3,1,349.0,147.0,0.0
10182,1813,4,2025-05-01,4,5,1,349.0,147.0,0.0
10183,204,1,2025-05-01,1,3,1,299.0,128.0,0.0
10184,1088,5,2025-05-01,3,4,2,349.0,147.0,0.0
10185,897,1,2025-05-01,3,2,1,254.15,128.0,44.85
10186,1671,3,2025-05-01,5,3,2,296.1,141.0,32.9
10187,374,5,2025-05-01,4,5,1,349.0,147.0,0.0
10188,1546,5,2025-05-01,1,1,1,349.0,147.0,0.0
10189,1141,4,2025-05-01,2,1,1,349.0,147.0,0.0
10190,894,4,2025-05-01,2,1,1,296.65,147.0,52.35
10191,762,1,2025-05-01,3,2,1,269.1,128.0,29.9
10192,359,3,2025-05-01,7,1,1,296.1,141.0,32.9
10193,312,5,2025-05-01,3,2,2,349.0,147.0,0.0
10194,997,4,2025-05-01,8,1,1,349.0,147.0,0.0
10195,562,5,2025-05-01,1,2,1,349.0,147.0,0.0
10196,1860,3,2025-05-01,1,2,1,329.0,141.0,0.0
10197,275,6,2025-05-01,4,2,1,449.1,210.0,49.9
10198,547,1,2025-05-01,4,5,1,254.15,128.0,44.85
10199,710,4,2025-05-01,1,5,2,349.0,147.0,0.0
10200,1959,3,2025-05-02,2,4,1,279.65,141.0,49.35
10201,1427,2,2025-05-02,2,1,1,254.15,128.0,44.85
10202,57,4,2025-05-02,4,5,1,349.0,147.0,0.0
10203,1904,1,2025-05-02,3,1,2,299.0,128.0,0.0
10204,275,2,2025-05-02,1,5,1,299.0,128.0,0.0
10205,1738,2,2025-05-02,2,4,1,269.1,128.0,29.9
10206,1192,5,2025-05-02,1,4,1,314.1,147.0,34.9
10207,1500,4,2025-05-02,3,3,1,349.0,147.0,0.0
10208,467,1,2025-05-02,1,3,1,254.15,128.0,44.85
10209,644,5,2025-05-02,2,3,1,314.1,147.0,34.9
10210,342,6,2025-05-02,1,1,1,449.1,210.0,49.9
10211,1224,5,2025-05-02,5,5,1,349.0,147.0,0.0
10212,554,2,2025-05-02,7,1,1,299.0,128.0,0.0
10213,1081,4,2025-05-02,1,4,1,349.0,147.0,0.0
10214,1198,2,2025-05-02,3,2,1,299.0,128.0,0.0
10215,1807,5,2025-05-02,4,1,1,349.0,147.0,0.0
10216,1538,4,2025-05-02,1,1,1,349.0,147.0,0.0
10217,1045,6,2025-05-02,5,5,1,499.0,210.0,0.0
10218,951,2,2025-05-02,5,2,1,299.0,128.0,0.0
10219,752,4,2025-05-02,3,1,1,349.0,147.0,0.0
10220,1916,5,2025-05-02,3,4,1,349.0,147.0,0.0
10221,1317,1,2025-05-02,2,1,1,299.0,128.0,0.0
10222,1836,6,2025-05-02,5,2,1,499.0,210.0,0.0
10223,844,1,2025-05-02,2,3,1,299.0,128.0,0.0
10224,1752,4,2025-05-02,4,3,1,314.1,147.0,34.9
10225,1290,5,2025-05-02,2,2,1,349.0,147.0,0.0
10226,1810,2,2025-05-02,7,2,1,299.0,128.0,0.0
10227,1181,2,2025-05-02,1,1,2,299.0,128.0,0.0
10228,1936,2,2025-05-02,1,3,1,254.15,128.0,44.85
10229,1130,4,2025-05-02,6,3,1,349.0,147.0,0.0
10230,239,4,2025-05-02,1,1,1,349.0,147.0,0.0
10231,1175,2,2025-05-02,1,2,2,269.1,128.0,29.9
10232,736,5,2025-05-03,4,5,1,314.1,147.0,34.9
10233,679,4,2025-05-03,1,1,1,349.0,147.0,0.0
10234,857,5,2025-05-03,3,3,1,349.0,147.0,0.0
10235,1768,5,2025-05-03,4,2,1,349.0,147.0,0.0
10236,305,5,2025-05-03,5,1,1,314.1,147.0,34.9
10237,1931,2,2025-05-03,1,1,1,299.0,128.0,0.0
10238,737,1,2025-05-03,4,2,2,299.0,128.0,0.0
10239,358,4,2025-05-03,5,1,1,349.0,147.0,0.0
10240,1898,6,2025-05-03,1,1,1,499.0,210.0,0.0
10241,669,6,2025-05-03,5,1,1,499.0,210.0,0.0
10242,1209,1,2025-05-03,5,4,1,299.0,128.0,0.0
10243,1189,2,2025-05-03,7,2,1,299.0,128.0,0.0
10244,1069,5,2025-05-03,2,2,1,349.0,147.0,0.0
10245,1902,1,2025-05-03,1,4,1,299.0,128.0,0.0
10246,1392,1,2025-05-03,2,2,1,299.0,128.0,0.0
10247,1782,5,2025-05-03,5,1,1,349.0,147.0,0.0
10248,143,3,2025-05-03,5,5,1,296.1,141.0,32.9
10249,1616,4,2025-05-03,1,2,1,349.0,147.0,0.0
10250,380,4,2025-05-03,2,1,1,314.1,147.0,34.9
10251,1588,5,2025-05-03,7,1,2,349.0,147.0,0.0
10252,1824,1,2025-05-03,3,2,1,299.0,128.0,0.0
10253,1444,4,2025-05-03,2,5,1,349.0,147.0,0.0
10254,560,4,2025-05-03,2,1,2,349.0,147.0,0.0
10255,201,5,2025-05-03,6,2,1,314.1,147.0,34.9
10256,565,4,2025-05-03,5,1,1,349.0,147.0,0.0
10257,1325,4,2025-05-03,6,5,2,349.0,147.0,0.0
10258,1672,2,2025-05-03,2,3,1,299.0,128.0,0.0
10259,1786,4,2025-05-03,5,1,1,349.0,147.0,0.0
10260,1666,5,2025-05-03,5,5,1,296.65,147.0,52.35
10261,1477,1,2025-05-04,3,1,1,254.15,128.0,44.85
10262,902,1,2025-05-04,1,1,1,299.0,128.0,0.0
10263,1718,5,2025-05-04,2,1,1,349.0,147.0,0.0
10264,1414,4,2025-05-04,1,2,1,349.0,147.0,0.0
10265,989,5,2025-05-04,1,1,1,349.0,147.0,0.0
10266,1044,2,2025-05-04,1,1,1,299.0,128.0,0.0
10267,1466,4,2025-05-04,1,4,1,349.0,147.0,0.0
10268,1817,2,2025-05-04,3,2,1,269.1,128.0,29.9
10269,1628,2,2025-05-04,3,2,1,299.0,128.0,0.0
10270,1246,6,2025-05-04,3,1,1,424.15,210.0,74.85
10271,5,5,2025-05-04,5,4,1,349.0,147.0,0.0
10272,1727,4,2025-05-04,4,1,1,349.0,147.0,0.0
10273,1237,5,2025-05-04,5,3,1,349.0,147.0,0.0
10274,1945,5,2025-05-04,8,1,1,349.0,147.0,0.0
10275,1355,4,2025-05-04,2,4,1,349.0,147.0,0.0
10276,941,2,2025-05-04,2,3,1,269.1,128.0,29.9
10277,370,3,2025-05-04,2,5,1,329.0,141.0,0.0
10278,596,3,2025-05-04,7,1,1,329.0,141.0,0.0
10279,1527,3,2025-05-04,3,1,1,329.0,141.0,0.0
10280,483,6,2025-05-04,1,1,1,499.0,210.0,0.0
10281,882,1,2025-05-04,5,3,1,299.0,128.0,0.0
10282,1997,2,2025-05-04,5,5,1,299.0,128.0,0.0
10283,1685,1,2025-05-04,4,2,1,299.0,128.0,0.0
10284,210,5,2025-05-04,1,3,1,349.0,147.0,0.0
10285,1141,1,2025-05-04,3,3,2,254.15,128.0,44.85
10286,149,3,2025-05-04,5,2,1,329.0,141.0,0.0
10287,1501,6,2025-05-04,6,4,2,499.0,210.0,0.0
10288,1640,5,2025-05-05,1,1,1,349.0,147.0,0.0
10289,794,2,2025-05-05,6,3,1,299.0,128.0,0.0
10290,1191,5,2025-05-05,7,3,1,349.0,147.0,0.0
10291,1617,1,2025-05-05,3,1,1,299.0,128.0,0.0
10292,1543,5,2025-05-05,1,2,1,349.0,147.0,0.0
10293,1958,6,2025-05-05,3,2,1,499.0,210.0,0.0
10294,822,3,2025-05-05,3,2,1,329.0,141.0,0.0
10295,834,5,2025-05-05,1,1,1,349.0,147.0,0.0
10296,331,6,2025-05-05,1,1,1,424.15,210.0,74.85
10297,1488,6,2025-05-05,5,4,1,499.0,210.0,0.0
10298,1822,5,2025-05-05,5,2,1,314.1,147.0,34.9
10299,224,5,2025-05-05,8,2,1,314.1,147.0,34.9
10300,1135,5,2025-05-05,3,1,1,349.0,147.0,0.0
10301,917,4,2025-05-05,3,5,1,349.0,147.0,0.0
10302,1332,1,2025-05-05,5,2,1,299.0,128.0,0.0
10303,976,5,2025-05-05,1,3,1,349.0,147.0,0.0
10304,1995,5,2025-05-05,5,2,1,349.0,147.0,0.0
10305,1328,5,2025-05-05,5,5,1,314.1,147.0,34.9
10306,1958,4,2025-05-05,1,2,1,296.65,147.0,52.35
10307,1037,2,2025-05-05,3,2,1,299.0,128.0,0.0
10308,1818,5,2025-05-05,3,4,1,349.0,147.0,0.0
10309,326,1,2025-05-05,1,4,1,254.15,128.0,44.85
10310,137,6,2025-05-05,1,3,1,499.0,210.0,0.0
10311,982,4,2025-05-05,1,2,1,296.65,147.0,52.35
10312,1148,5,2025-05-05,4,2,2,349.0,147.0,0.0
10313,1921,5,2025-05-05,2,5,1,314.1,147.0,34.9
10314,893,5,2025-05-05,1,1,1,349.0,147.0,0.0
10315,273,5,2025-05-05,4,3,1,349.0,147.0,0.0
10316,491,2,2025-05-05,5,4,2,299.0,128.0,0.0
10317,832,1,2025-05-05,1,2,1,299.0,128.0,0.0
10318,1766,5,2025-05-05,2,1,1,349.0,147.0,0.0
10319,1987,1,2025-05-06,2,5,1,299.0,128.0,0.0
10320,91,5,2025-05-06,1,1,1,314.1,147.0,34.9
10321,241,2,2025-05-06,1,2,1,269.1,128.0,29.9
10322,156,5,2025-05-06,3,1,1,349.0,147.0,0.0
10323,879,4,2025-05-06,2,1,1,314.1,147.0,34.9
10324,418,4,2025-05-06,1,1,1,349.0,147.0,0.0
10325,465,4,2025-05-06,6,1,1,296.65,147.0,52.35
10326,316,6,2025-05-06,1,2,1,499.0,210.0,0.0
10327,1839,3,2025-05-06,6,2,1,329.0,141.0,0.0
10328,1410,4,2025-05-06,4,5,2,314.1,147.0,34.9
10329,1469,3,2025-05-06,5,1,1,329.0,141.0,0.0
10330,38,4,2025-05-06,2,1,1,349.0,147.0,0.0
10331,1518,1,2025-05-06,2,2,1,299.0,128.0,0.0
10332,1251,3,2025-05-06,4,2,1,329.0,141.0,0.0
10333,560,5,2025-05-06,8,2,1,314.1,147.0,34.9
10334,1834,1,2025-05-06,1,2,1,254.15,128.0,44.85
10335,1283,2,2025-05-06,2,3,1,299.0,128.0,0.0
10336,1168,3,2025-05-06,7,4,1,329.0,141.0,0.0
10337,1570,2,2025-05-06,1,5,1,299.0,128.0,0.0
10338,1459,6,2025-05-06,1,1,1,499.0,210.0,0.0
10339,875,5,2025-05-06,3,4,2,296.65,147.0,52.35
10340,1268,2,2025-05-06,6,5,1,299.0,128.0,0.0
10341,1493,5,2025-05-06,9,1,1,314.1,147.0,34.9
10342,619,4,2025-05-06,5,2,1,349.0,147.0,0.0
10343,1970,5,2025-05-06,2,2,2,349.0,147.0,0.0
10344,1346,6,2025-05-06,1,2,1,499.0,210.0,0.0
10345,1676,5,2025-05-06,3,5,1,314.1,147.0,34.9
10346,350,6,2025-05-06,3,3,1,499.0,210.0,0.0
10347,547,3,2025-05-06,2,1,1,329.0,141.0,0.0
10348,131,2,2025-05-06,3,2,1,299.0,128.0,0.0
10349,836,1,2025-05-06,5,1,1,269.1,128.0,29.9
10350,1435,3,2025-05-06,3,2,1,329.0,141.0,0.0
10351,1893,1,2025-05-06,5,1,1,299.0,128.0,0.0
10352,687,2,2025-05-07,5,1,1,299.0,128.0,0.0
10353,338,5,2025-05-07,8,1,1,349.0,147.0,0.0
10354,1151,5,2025-05-07,7,1,1,314.1,147.0,34.9
10355,1775,5,2025-05-07,3,3,1,349.0,147.0,0.0
10356,141,1,2025-05-07,1,1,1,299.0,128.0,0.0
10357,70,2,2025-05-07,6,2,1,299.0,128.0,0.0
10358,1627,2,2025-05-07,5,3,1,254.15,128.0,44.85
10359,187,4,2025-05-07,7,1,1,349.0,147.0,0.0
10360,1068,4,2025-05-07,3,2,1,349.0,147.0,0.0
10361,1652,6,2025-05-07,1,2,1,499.0,210.0,0.0
10362,657,2,2025-05-07,1,3,1,299.0,128.0,0.0
10363,1028,6,2025-05-07,2,5,1,499.0,210.0,0.0
10364,1776,2,2025-05-07,1,1,1,269.1,128.0,29.9
10365,428,1,2025-05-07,8,2,1,299.0,128.0,0.0
10366,1033,1,2025-05-07,7,1,1,299.0,128.0,0.0
10367,1972,4,2025-05-07,4,2,1,296.65,147.0,52.35
10368,675,5,2025-05-07,2,4,2,314.1,147.0,34.9
10369,1002,1,2025-05-07,3,1,1,299.0,128.0,0.0
10370,1766,6,2025-05-07,4,1,1,449.1,210.0,49.9
10371,1908,5,2025-05-07,1,4,1,349.0,147.0,0.0
10372,1983,4,2025-05-07,5,3,1,349.0,147.0,0.0
10373,1812,5,2025-05-07,1,3,1,349.0,147.0,0.0
10374,18,6,2025-05-07,4,4,1,499.0,210.0,0.0
10375,1405,1,2025-05-07,4,5,1,254.15,128.0,44.85
10376,1895,4,2025-05-07,5,2,1,349.0,147.0,0.0
10377,1402,3,2025-05-07,5,1,2,329.0,141.0,0.0
10378,284,6,2025-05-07,3,1,1,499.0,210.0,0.0
10379,837,5,2025-05-07,2,1,1,349.0,147.0,0.0
10380,1045,5,2025-05-07,9,3,1,349.0,147.0,0.0
10381,1187,3,2025-05-07,6,2,1,329.0,141.0,0.0
10382,1222,4,2025-05-07,1,1,2,349.0,147.0,0.0
10383,263,3,2025-05-08,6,3,1,329.0,141.0,0.0
10384,697,5,2025-05-08,6,1,1,349.0,147.0,0.0
10385,959,5,2025-05-08,8,1,1,349.0,147.0,0.0
10386,992,6,2025-05-08,3,3,1,499.0,210.0,0.0
10387,1887,5,2025-05-08,2,1,1,349.0,147.0,0.0
10388,110,6,2025-05-08,1,3,1,424.15,210.0,74.85
10389,1837,4,2025-05-08,1,3,1,349.0,147.0,0.0
10390,1080,3,2025-05-08,3,5,1,296.1,141.0,32.9
10391,529,2,2025-05-08,3,4,1,299.0,128.0,0.0
10392,1360,1,2025-05-08,2,2,1,299.0,128.0,0.0
10393,1282,1,2025-05-08,1,5,1,299.0,128.0,0.0
10394,1630,3,2025-05-08,4,1,1,329.0,141.0,0.0
10395,768,1,2025-05-08,8,1,1,269.1,128.0,29.9
10396,1277,5,2025-05-08,2,1,1,349.0,147.0,0.0
10397,1915,4,2025-05-08,1,3,1,296.65,147.0,52.35
10398,1990,1,2025-05-08,1,1,1,299.0,128.0,0.0
10399,818,3,2025-05-08,2,3,1,279.65,141.0,49.35
10400,1704,6,2025-05-08,5,2,1,499.0,210.0,0.0
10401,758,1,2025-05-08,7,1,1,299.0,128.0,0.0
10402,290,3,2025-05-08,1,2,1,279.65,141.0,49.35
10403,76,1,2025-05-08,5,1,1,299.0,128.0,0.0
10404,1587,1,2025-05-08,2,1,1,299.0,128.0,0.0
10405,1924,4,2025-05-08,2,1,1,349.0,147.0,0.0
10406,136,1,2025-05-08,5,2,1,269.1,128.0,29.9
10407,1283,2,2025-05-08,1,1,1,299.0,128.0,0.0
10408,1204,4,2025-05-08,4,2,1,314.1,147.0,34.9
10409,493,4,2025-05-09,3,5,1,349.0,147.0,0.0
10410,880,2,2025-05-09,1,3,1,299.0,128.0,0.0
10411,968,5,2025-05-09,2,2,1,349.0,147.0,0.0
10412,1479,4,2025-05-09,1,2,1,349.0,147.0,0.0
10413,427,4,2025-05-09,8,1,1,349.0,147.0,0.0
10414,131,5,2025-05-09,1,1,2,349.0,147.0,0.0
10415,1891,1,2025-05-09,1,2,1,299.0,128.0,0.0
10416,557,1,2025-05-09,1,2,1,299.0,128.0,0.0
10417,286,5,2025-05-09,1,2,1,296.65,147.0,52.35
10418,964,3,2025-05-09,4,2,1,329.0,141.0,0.0
10419,1246,5,2025-05-09,1,1,1,349.0,147.0,0.0
10420,1033,5,2025-05-09,5,3,1,349.0,147.0,0.0
10421,1515,1,2025-05-09,1,1,1,299.0,128.0,0.0
10422,25,5,2025-05-09,1,2,1,314.1,147.0,34.9
10423,1197,6,2025-05-09,3,1,1,499.0,210.0,0.0
10424,297,1,2025-05-09,6,2,1,299.0,128.0,0.0
10425,1816,6,2025-05-09,1,1,1,449.1,210.0,49.9
10426,124,3,2025-05-09,1,5,1,329.0,141.0,0.0
10427,332,1,2025-05-09,3,1,1,299.0,128.0,0.0
10428,319,4,2025-05-09,5,3,1,349.0,147.0,0.0
10429,1789,1,2025-05-09,7,1,2,299.0,128.0,0.0
10430,870,5,2025-05-09,1,4,2,349.0,147.0,0.0
10431,310,5,2025-05-09,4,3,1,349.0,147.0,0.0
10432,323,4,2025-05-09,2,1,1,349.0,147.0,0.0
10433,1557,3,2025-05-09,5,2,1,279.65,141.0,49.35
10434,799,1,2025-05-09,2,2,1,299.0,128.0,0.0
10435,1109,4,2025-05-09,5,4,2,349.0,147.0,0.0
10436,1085,4,2025-05-09,1,2,1,349.0,147.0,0.0
10437,1911,2,2025-05-09,5,5,1,299.0,128.0,0.0
10438,685,2,2025-05-09,1,3,1,269.1,128.0,29.9
10439,1632,5,2025-05-10,3,1,1,349.0,147.0,0.0
10440,1509,5,2025-05-10,6,3,1,349.0,147.0,0.0
10441,208,5,2025-05-10,4,2,1,314.1,147.0,34.9
10442,286,3,2025-05-10,3,4,1,296.1,141.0,32.9
10443,205,4,2025-05-10,4,2,1,349.0,147.0,0.0
10444,509,2,2025-05-10,7,1,1,299.0,128.0,0.0
10445,1026,1,2025-05-10,2,4,2,254.15,128.0,44.85
10446,1792,4,2025-05-10,3,4,1,349.0,147.0,0.0
10447,730,2,2025-05-10,1,5,1,299.0,128.0,0.0
10448,1139,5,2025-05-10,3,1,1,296.65,147.0,52.35
10449,1956,5,2025-05-10,1,5,1,349.0,147.0,0.0
10450,319,1,2025-05-10,7,5,1,269.1,128.0,29.9
10451,789,2,2025-05-10,3,1,1,299.0,128.0,0.0
10452,1898,3,2025-05-10,6,1,2,329.0,141.0,0.0
10453,616,4,2025-05-10,7,1,1,349.0,147.0,0.0
10454,949,4,2025-05-10,4,1,1,349.0,147.0,0.0
10455,985,5,2025-05-10,2,1,1,349.0,147.0,0.0
10456,265,1,2025-05-10,1,5,1,299.0,128.0,0.0
10457,1817,1,2025-05-10,1,3,1,299.0,128.0,0.0
10458,26,5,2025-05-10,8,2,1,349.0,147.0,0.0
10459,330,1,2025-05-10,3,2,1,299.0,128.0,0.0
10460,459,5,2025-05-10,3,2,1,314.1,147.0,34.9
10461,1355,6,2025-05-10,2,2,1,499.0,210.0,0.0
10462,1865,4,2025-05-10,7,3,1,349.0,147.0,0.0
10463,1792,4,2025-05-10,3,2,1,349.0,147.0,0.0
10464,974,5,2025-05-10,2,4,1,349.0,147.0,0.0
10465,1453,6,2025-05-10,5,3,2,499.0,210.0,0.0
10466,1692,1,2025-05-10,3,1,1,254.15,128.0,44.85
10467,358,2,2025-05-10,4,2,1,254.15,128.0,44.85
10468,75,6,2025-05-10,1,1,1,499.0,210.0,0.0
10469,755,5,2025-05-10,1,4,1,349.0,147.0,0.0
10470,1298,2,2025-05-11,1,2,1,299.0,128.0,0.0
10471,777,4,2025-05-11,6,5,1,349.0,147.0,0.0
10472,1074,6,2025-05-11,1,1,1,499.0,210.0,0.0
10473,1226,3,2025-05-11,7,2,1,329.0,141.0,0.0
10474,728,6,2025-05-11,2,3,1,499.0,210.0,0.0
10475,1231,6,2025-05-11,8,1,1,449.1,210.0,49.9
10476,1876,3,2025-05-11,1,2,1,296.1,141.0,32.9
10477,1411,5,2025-05-11,3,2,2,296.65,147.0,52.35
10478,1357,2,2025-05-11,8,5,2,299.0,128.0,0.0
10479,512,1,2025-05-11,2,5,1,269.1,128.0,29.9
10480,1584,2,2025-05-11,5,2,1,299.0,128.0,0.0
10481,1047,5,2025-05-11,3,1,1,314.1,147.0,34.9
10482,1966,4,2025-05-11,4,2,1,349.0,147.0,0.0
10483,495,3,2025-05-11,1,5,1,329.0,141.0,0.0
10484,1500,6,2025-05-11,1,2,1,424.15,210.0,74.85
10485,1463,6,2025-05-11,5,2,2,499.0,210.0,0.0
10486,1382,5,2025-05-11,2,4,1,349.0,147.0,0.0
10487,477,1,2025-05-11,1,2,1,269.1,128.0,29.9
10488,411,5,2025-05-11,5,3,1,349.0,147.0,0.0
10489,1516,2,2025-05-11,6,1,2,299.0,128.0,0.0
10490,1987,5,2025-05-11,1,2,1,314.1,147.0,34.9
10491,1232,2,2025-05-11,6,1,1,299.0,128.0,0.0
10492,1050,5,2025-05-11,7,1,1,349.0,147.0,0.0
10493,1470,1,2025-05-11,2,2,1,299.0,128.0,0.0
10494,1069,6,2025-05-11,1,1,1,499.0,210.0,0.0
10495,423,4,2025-05-11,2,1,1,349.0,147.0,0.0
10496,97,1,2025-05-11,4,2,1,254.15,128.0,44.85
10497,1778,1,2025-05-11,1,2,1,299.0,128.0,0.0
10498,733,6,2025-05-11,2,1,1,499.0,210.0,0.0
10499,1228,1,2025-05-11,7,2,1,299.0,128.0,0.0
10500,1959,3,2025-05-11,1,2,1,296.1,141.0,32.9
10501,1191,5,2025-05-12,1,3,1,349.0,147.0,0.0
10502,1926,6,2025-05-12,5,2,1,499.0,210.0,0.0
10503,136,5,2025-05-12,5,1,1,349.0,147.0,0.0
10504,1496,4,2025-05-12,4,2,1,296.65,147.0,52.35
10505,1799,4,2025-05-12,1,1,1,314.1,147.0,34.9
10506,1693,1,2025-05-12,1,2,1,299.0,128.0,0.0
10507,1254,4,2025-05-12,2,4,1,349.0,147.0,0.0
10508,164,6,2025-05-12,1,1,1,499.0,210.0,0.0
10509,430,6,2025-05-12,5,1,2,449.1,210.0,49.9
10510,941,5,2025-05-12,3,1,1,314.1,147.0,34.9
10511,1693,5,2025-05-12,1,1,1,349.0,147.0,0.0
10512,765,2,2025-05-12,1,3,1,269.1,128.0,29.9
10513,1532,4,2025-05-12,2,3,1,349.0,147.0,0.0
10514,1493,2,2025-05-12,4,1,1,299.0,128.0,0.0
10515,1703,1,2025-05-12,1,1,1,299.0,128.0,0.0
10516,448,5,2025-05-12,2,1,1,349.0,147.0,0.0
10517,47,3,2025-05-12,7,5,1,296.1,141.0,32.9
10518,1532,6,2025-05-12,8,1,2,499.0,210.0,0.0
10519,51,5,2025-05-12,1,1,1,349.0,147.0,0.0
10520,736,1,2025-05-12,5,1,1,299.0,128.0,0.0
10521,1604,4,2025-05-12,3,2,1,349.0,147.0,0.0
10522,1659,4,2025-05-12,4,1,1,296.65,147.0,52.35
10523,1507,5,2025-05-12,3,1,1,296.65,147.0,52.35
10524,1129,4,2025-05-12,9,2,1,314.1,147.0,34.9
10525,1586,1,2025-05-12,5,2,1,299.0,128.0,0.0
10526,1749,1,2025-05-12,7,5,1,299.0,128.0,0.0
10527,276,2,2025-05-12,1,3,1,299.0,128.0,0.0
10528,1556,1,2025-05-13,8,1,1,299.0,128.0,0.0
10529,1932,5,2025-05-13,1,4,1,349.0,147.0,0.0
10530,1353,1,2025-05-13,5,1,1,299.0,128.0,0.0
10531,1413,1,2025-05-13,3,5,1,299.0,128.0,0.0
10532,966,2,2025-05-13,3,2,1,299.0,128.0,0.0
10533,397,2,2025-05-13,5,3,1,299.0,128.0,0.0
10534,441,5,2025-05-13,2,1,1,349.0,147.0,0.0
10535,61,4,2025-05-13,3,2,1,296.65,147.0,52.35
10536,220,3,2025-05-13,5,1,1,329.0,141.0,0.0
10537,313,2,2025-05-13,2,1,1,299.0,128.0,0.0
10538,1094,6,2025-05-13,4,2,1,424.15,210.0,74.85
10539,1202,4,2025-05-13,1,1,1,349.0,147.0,0.0
10540,402,1,2025-05-13,5,2,1,299.0,128.0,0.0
10541,516,1,2025-05-13,1,3,1,299.0,128.0,0.0
10542,1106,1,2025-05-13,4,2,1,299.0,128.0,0.0
10543,1520,2,2025-05-13,3,1,1,299.0,128.0,0.0
10544,333,3,2025-05-13,3,5,2,279.65,141.0,49.35
10545,1244,5,2025-05-13,6,2,1,349.0,147.0,0.0
10546,389,1,2025-05-13,1,2,1,299.0,128.0,0.0
10547,1936,4,2025-05-13,7,1,1,349.0,147.0,0.0
10548,937,2,2025-05-13,3,5,1,299.0,128.0,0.0
10549,1612,5,2025-05-13,1,2,1,349.0,147.0,0.0
10550,1985,6,2025-05-13,5,3,2,499.0,210.0,0.0
10551,696,5,2025-05-13,1,1,1,349.0,147.0,0.0
10552,1420,5,2025-05-13,1,3,2,314.1,147.0,34.9
10553,1010,1,2025-05-13,2,2,2,299.0,128.0,0.0
10554,1797,5,2025-05-13,6,1,1,349.0,147.0,0.0
10555,658,5,2025-05-13,3,3,1,349.0,147.0,0.0
10556,107,4,2025-05-14,7,3,1,349.0,147.0,0.0
10557,504,5,2025-05-14,3,2,1,349.0,147.0,0.0
10558,1426,1,2025-05-14,7,5,1,299.0,128.0,0.0
10559,1495,1,2025-05-14,1,2,1,299.0,128.0,0.0
10560,307,5,2025-05-14,1,2,1,314.1,147.0,34.9
10561,366,1,2025-05-14,5,1,2,299.0,128.0,0.0
10562,257,2,2025-05-14,1,2,1,299.0,128.0,0.0
10563,1956,5,2025-05-14,1,1,1,349.0,147.0,0.0
10564,298,2,2025-05-14,1,3,1,269.1,128.0,29.9
10565,1381,5,2025-05-14,8,5,1,349.0,147.0,0.0
10566,836,5,2025-05-14,6,4,1,349.0,147.0,0.0
10567,75,5,2025-05-14,2,5,1,349.0,147.0,0.0
10568,100,5,2025-05-14,5,1,1,349.0,147.0,0.0
10569,1815,4,2025-05-14,4,4,1,349.0,147.0,0.0
10570,974,5,2025-05-14,1,2,1,349.0,147.0,0.0
10571,1666,2,2025-05-14,1,5,1,299.0,128.0,0.0
10572,266,2,2025-05-14,1,2,1,299.0,128.0,0.0
10573,76,3,2025-05-14,5,5,1,279.65,141.0,49.35
10574,1118,4,2025-05-14,3,2,1,314.1,147.0,34.9
10575,1442,5,2025-05-14,1,2,1,314.1,147.0,34.9
10576,1928,5,2025-05-14,6,1,1,349.0,147.0,0.0
10577,1657,2,2025-05-14,7,2,1,269.1,128.0,29.9
10578,1086,4,2025-05-14,5,4,1,314.1,147.0,34.9
10579,1163,2,2025-05-14,1,1,1,299.0,128.0,0.0
10580,394,3,2025-05-14,4,5,1,329.0,141.0,0.0
10581,388,5,2025-05-14,2,4,1,349.0,147.0,0.0
10582,1492,4,2025-05-14,1,4,1,349.0,147.0,0.0
10583,1499,4,2025-05-14,1,3,1,296.65,147.0,52.35
10584,997,2,2025-05-14,3,1,1,299.0,128.0,0.0
10585,1850,4,2025-05-14,3,2,1,314.1,147.0,34.9
10586,1415,3,2025-05-14,8,2,1,329.0,141.0,0.0
10587,137,3,2025-05-15,2,4,1,329.0,141.0,0.0
10588,1800,2,2025-05-15,1,1,1,299.0,128.0,0.0
10589,79,2,2025-05-15,6,2,1,299.0,128.0,0.0
10590,1283,1,2025-05-15,7,2,1,299.0,128.0,0.0
10591,1237,1,2025-05-15,3,1,1,299.0,128.0,0.0
10592,1302,5,2025-05-15,7,2,1,349.0,147.0,0.0
10593,1905,2,2025-05-15,1,1,1,299.0,128.0,0.0
10594,930,4,2025-05-15,1,4,1,349.0,147.0,0.0
10595,1511,4,2025-05-15,2,2,1,349.0,147.0,0.0
10596,1732,5,2025-05-15,1,1,1,349.0,147.0,0.0
10597,1523,1,2025-05-15,6,1,1,299.0,128.0,0.0
10598,651,3,2025-05-15,3,1,1,329.0,141.0,0.0
10599,263,1,2025-05-15,3,2,1,269.1,128.0,29.9
10600,1313,6,2025-05-15,7,4,1,499.0,210.0,0.0
10601,30,4,2025-05-15,3,5,1,349.0,147.0,0.0
10602,1016,2,2025-05-15,3,3,1,254.15,128.0,44.85
10603,1958,5,2025-05-15,1,2,1,349.0,147.0,0.0
10604,1978,4,2025-05-15,8,1,1,349.0,147.0,0.0
10605,1495,5,2025-05-15,3,1,1,349.0,147.0,0.0
10606,375,5,2025-05-15,1,3,1,314.1,147.0,34.9
10607,136,5,2025-05-15,7,4,1,349.0,147.0,0.0
10608,554,3,2025-05-15,3,1,1,296.1,141.0,32.9
10609,962,6,2025-05-15,2,3,1,499.0,210.0,0.0
10610,661,5,2025-05-15,1,3,1,349.0,147.0,0.0
10611,1216,4,2025-05-15,1,3,1,349.0,147.0,0.0
10612,374,4,2025-05-15,3,2,1,314.1,147.0,34.9
10613,1760,5,2025-05-15,1,3,1,296.65,147.0,52.35
10614,1082,6,2025-05-15,1,2,1,424.15,210.0,74.85
10615,395,5,2025-05-16,3,3,1,349.0,147.0,0.0
10616,1039,1,2025-05-16,4,1,1,299.0,128.0,0.0
10617,385,3,2025-05-16,2,1,2,329.0,141.0,0.0
10618,1538,1,2025-05-16,8,3,1,299.0,128.0,0.0
10619,693,4,2025-05-16,8,1,1,349.0,147.0,0.0
10620,124,3,2025-05-16,3,1,1,329.0,141.0,0.0
10621,1806,3,2025-05-16,4,1,1,329.0,141.0,0.0
10622,1390,4,2025-05-16,1,2,1,349.0,147.0,0.0
10623,1695,2,2025-05-16,1,2,1,254.15,128.0,44.85
10624,1534,4,2025-05-16,1,1,1,349.0,147.0,0.0
10625,1708,1,2025-05-16,2,5,1,299.0,128.0,0.0
10626,20,2,2025-05-16,2,5,1,254.15,128.0,44.85
10627,100,6,2025-05-16,2,1,1,499.0,210.0,0.0
10628,1261,2,2025-05-16,3,4,1,269.1,128.0,29.9
10629,1412,4,2025-05-16,1,4,1,349.0,147.0,0.0
10630,464,2,2025-05-16,2,1,1,299.0,128.0,0.0
10631,41,1,2025-05-16,1,2,1,269.1,128.0,29.9
10632,893,5,2025-05-16,2,1,1,349.0,147.0,0.0
10633,1438,6,2025-05-16,5,1,1,449.1,210.0,49.9
10634,1067,5,2025-05-16,3,1,1,349.0,147.0,0.0
10635,1140,2,2025-05-16,3,1,1,299.0,128.0,0.0
10636,1030,4,2025-05-16,1,2,1,349.0,147.0,0.0
10637,569,4,2025-05-16,1,2,1,349.0,147.0,0.0
10638,1296,5,2025-05-16,2,1,1,349.0,147.0,0.0
10639,878,3,2025-05-16,5,2,1,279.65,141.0,49.35
10640,238,2,2025-05-16,8,2,1,299.0,128.0,0.0
10641,1921,1,2025-05-16,4,2,1,299.0,128.0,0.0
10642,694,6,2025-05-16,2,1,1,449.1,210.0,49.9
10643,1107,4,2025-05-16,5,1,1,349.0,147.0,0.0
10644,1878,5,2025-05-16,1,3,1,349.0,147.0,0.0
10645,1065,5,2025-05-16,2,3,1,349.0,147.0,0.0
10646,584,4,2025-05-16,3,4,1,314.1,147.0,34.9
10647,625,2,2025-05-16,2,3,1,299.0,128.0,0.0
10648,608,5,2025-05-16,3,4,2,314.1,147.0,34.9
10649,1685,2,2025-05-17,3,5,1,269.1,128.0,29.9
10650,1442,2,2025-05-17,8,4,1,299.0,128.0,0.0
10651,725,3,2025-05-17,2,2,1,329.0,141.0,0.0
10652,706,5,2025-05-17,3,1,1,349.0,147.0,0.0
10653,1839,4,2025-05-17,1,2,1,314.1,147.0,34.9
10654,1165,1,2025-05-17,5,1,1,299.0,128.0,0.0
10655,381,1,2025-05-17,3,3,1,299.0,128.0,0.0
10656,1347,2,2025-05-17,1,2,1,299.0,128.0,0.0
10657,1094,4,2025-05-17,1,3,1,349.0,147.0,0.0
10658,889,1,2025-05-17,3,3,1,299.0,128.0,0.0
10659,63,5,2025-05-17,1,4,1,349.0,147.0,0.0
10660,1559,4,2025-05-17,5,2,1,349.0,147.0,0.0
10661,386,5,2025-05-17,4,2,1,349.0,147.0,0.0
10662,421,6,2025-05-17,3,1,1,499.0,210.0,0.0
10663,1789,5,2025-05-17,3,3,1,314.1,147.0,34.9
10664,40,5,2025-05-17,2,1,1,349.0,147.0,0.0
10665,1979,5,2025-05-17,1,5,2,349.0,147.0,0.0
10666,1554,6,2025-05-17,1,5,1,499.0,210.0,0.0
10667,1071,1,2025-05-17,3,1,1,299.0,128.0,0.0
10668,1438,1,2025-05-17,1,4,1,299.0,128.0,0.0
10669,1821,1,2025-05-17,1,1,2,254.15,128.0,44.85
10670,1733,3,2025-05-17,8,1,1,329.0,141.0,0.0
10671,1805,4,2025-05-17,1,2,1,349.0,147.0,0.0
10672,477,5,2025-05-17,5,5,1,349.0,147.0,0.0
10673,876,5,2025-05-17,3,1,1,314.1,147.0,34.9
10674,155,4,2025-05-17,3,1,1,349.0,147.0,0.0
10675,1231,1,2025-05-17,2,2,1,299.0,128.0,0.0
10676,24,3,2025-05-17,3,4,1,329.0,141.0,0.0
10677,1804,2,2025-05-17,3,2,1,299.0,128.0,0.0
10678,549,4,2025-05-17,5,3,1,296.65,147.0,52.35
10679,1255,2,2025-05-17,1,2,1,299.0,128.0,0.0
10680,813,1,2025-05-17,3,1,1,299.0,128.0,0.0
10681,1896,5,2025-05-18,1,5,1,314.1,147.0,34.9
10682,1677,6,2025-05-18,5,3,1,449.1,210.0,49.9
10683,1585,3,2025-05-18,8,2,2,329.0,141.0,0.0
10684,757,2,2025-05-18,3,5,1,299.0,128.0,0.0
10685,1101,4,2025-05-18,5,2,1,349.0,147.0,0.0
10686,1209,5,2025-05-18,1,3,1,314.1,147.0,34.9
10687,1198,5,2025-05-18,2,1,1,314.1,147.0,34.9
10688,431,1,2025-05-18,2,1,1,299.0,128.0,0.0
10689,1343,5,2025-05-18,1,2,1,349.0,147.0,0.0
10690,1305,4,2025-05-18,2,2,1,349.0,147.0,0.0
10691,1315,5,2025-05-18,1,2,1,349.0,147.0,0.0
10692,635,3,2025-05-18,6,1,1,279.65,141.0,49.35
10693,215,4,2025-05-18,2,1,1,296.65,147.0,52.35
10694,876,3,2025-05-18,1,2,1,329.0,141.0,0.0
10695,601,5,2025-05-18,3,2,1,349.0,147.0,0.0
10696,999,4,2025-05-18,2,1,2,314.1,147.0,34.9
10697,424,2,2025-05-18,3,4,1,299.0,128.0,0.0
10698,1710,5,2025-05-18,5,2,1,349.0,147.0,0.0
10699,836,5,2025-05-18,3,1,1,296.65,147.0,52.35
10700,1955,1,2025-05-18,4,2,1,299.0,128.0,0.0
10701,840,4,2025-05-18,1,1,1,296.65,147.0,52.35
10702,714,6,2025-05-18,7,2,1,449.1,210.0,49.9
10703,715,5,2025-05-18,4,1,1,349.0,147.0,0.0
10704,711,5,2025-05-18,5,1,1,296.65,147.0,52.35
10705,1762,1,2025-05-18,1,1,1,299.0,128.0,0.0
10706,1396,4,2025-05-18,3,5,1,349.0,147.0,0.0
10707,449,6,2025-05-18,5,1,1,499.0,210.0,0.0
10708,1281,6,2025-05-18,8,3,1,424.15,210.0,74.85
10709,790,2,2025-05-18,7,1,1,299.0,128.0,0.0
10710,1523,6,2025-05-18,3,5,1,449.1,210.0,49.9
10711,642,1,2025-05-18,6,1,1,299.0,128.0,0.0
10712,1569,4,2025-05-18,1,2,1,296.65,147.0,52.35
10713,932,6,2025-05-19,8,2,1,499.0,210.0,0.0
10714,237,3,2025-05-19,8,3,1,329.0,141.0,0.0
10715,1574,2,2025-05-19,3,1,1,299.0,128.0,0.0
10716,128,3,2025-05-19,1,4,1,329.0,141.0,0.0
10717,867,5,2025-05-19,5,2,1,349.0,147.0,0.0
10718,797,5,2025-05-19,1,1,1,349.0,147.0,0.0
10719,465,2,2025-05-19,4,1,1,299.0,128.0,0.0
10720,820,1,2025-05-19,3,1,1,299.0,128.0,0.0
10721,753,2,2025-05-19,1,1,1,299.0,128.0,0.0
10722,338,4,2025-05-19,6,2,1,349.0,147.0,0.0
10723,29,2,2025-05-19,4,3,1,299.0,128.0,0.0
10724,679,2,2025-05-19,8,2,1,299.0,128.0,0.0
10725,1702,3,2025-05-19,3,3,1,329.0,141.0,0.0
10726,22,2,2025-05-19,1,5,1,299.0,128.0,0.0
10727,272,5,2025-05-19,3,1,1,296.65,147.0,52.35
10728,205,6,2025-05-19,3,1,1,499.0,210.0,0.0
10729,187,1,2025-05-19,1,3,1,299.0,128.0,0.0
10730,1382,4,2025-05-19,3,1,1,349.0,147.0,0.0
10731,1489,3,2025-05-19,2,3,1,329.0,141.0,0.0
10732,1951,5,2025-05-19,2,4,1,349.0,147.0,0.0
10733,639,5,2025-05-19,3,2,1,349.0,147.0,0.0
10734,60,5,2025-05-19,1,3,1,349.0,147.0,0.0
10735,1579,4,2025-05-19,5,4,1,349.0,147.0,0.0
10736,706,2,2025-05-19,2,3,1,299.0,128.0,0.0
10737,231,4,2025-05-19,3,1,1,296.65,147.0,52.35
10738,1114,5,2025-05-19,2,3,2,349.0,147.0,0.0
10739,1322,3,2025-05-19,3,4,1,329.0,141.0,0.0
10740,931,5,2025-05-19,6,2,1,349.0,147.0,0.0
10741,1095,4,2025-05-20,2,3,1,296.65,147.0,52.35
10742,1349,6,2025-05-20,8,4,1,499.0,210.0,0.0
10743,448,6,2025-05-20,3,5,1,499.0,210.0,0.0
10744,776,5,2025-05-20,3,1,2,296.65,147.0,52.35
10745,676,6,2025-05-20,5,1,1,499.0,210.0,0.0
10746,1526,5,2025-05-20,1,1,2,349.0,147.0,0.0
10747,1812,1,2025-05-20,6,1,1,299.0,128.0,0.0
10748,976,5,2025-05-20,1,1,1,349.0,147.0,0.0
10749,1755,2,2025-05-20,7,5,2,299.0,128.0,0.0
10750,370,4,2025-05-20,5,2,2,349.0,147.0,0.0
10751,815,1,2025-05-20,1,3,2,254.15,128.0,44.85
10752,1495,5,2025-05-20,1,2,1,349.0,147.0,0.0
10753,1449,4,2025-05-20,2,2,2,349.0,147.0,0.0
10754,124,5,2025-05-20,5,1,1,349.0,147.0,0.0
10755,1507,2,2025-05-20,2,1,1,254.15,128.0,44.85
10756,524,5,2025-05-20,3,3,2,349.0,147.0,0.0
10757,439,1,2025-05-20,6,1,1,299.0,128.0,0.0
10758,951,2,2025-05-20,1,1,1,299.0,128.0,0.0
10759,1387,4,2025-05-20,9,2,1,314.1,147.0,34.9
10760,1353,4,2025-05-20,6,2,1,349.0,147.0,0.0
10761,688,4,2025-05-20,3,1,1,349.0,147.0,0.0
10762,286,3,2025-05-20,1,2,1,329.0,141.0,0.0
10763,1215,6,2025-05-20,8,4,1,424.15,210.0,74.85
10764,1211,1,2025-05-20,4,2,1,299.0,128.0,0.0
10765,432,4,2025-05-20,1,4,1,349.0,147.0,0.0
10766,56,1,2025-05-20,1,3,1,299.0,128.0,0.0
10767,1542,5,2025-05-20,5,5,1,349.0,147.0,0.0
10768,1598,5,2025-05-20,4,3,1,349.0,147.0,0.0
10769,510,3,2025-05-20,1,1,1,329.0,141.0,0.0
10770,1211,2,2025-05-20,4,2,2,299.0,128.0,0.0
10771,905,3,2025-05-20,7,1,1,296.1,141.0,32.9
10772,1583,4,2025-05-20,1,1,1,349.0,147.0,0.0
10773,1621,5,2025-05-20,1,1,1,349.0,147.0,0.0
10774,1397,5,2025-05-20,5,1,1,296.65,147.0,52.35
10775,492,3,2025-05-21,1,1,1,329.0,141.0,0.0
10776,172,3,2025-05-21,7,2,1,329.0,141.0,0.0
10777,1719,6,2025-05-21,4,2,1,499.0,210.0,0.0
10778,1687,4,2025-05-21,1,1,1,296.65,147.0,52.35
10779,1611,4,2025-05-21,2,4,1,349.0,147.0,0.0
10780,128,2,2025-05-21,1,2,1,299.0,128.0,0.0
10781,1871,6,2025-05-21,7,1,1,499.0,210.0,0.0
10782,837,4,2025-05-21,1,1,1,349.0,147.0,0.0
10783,133,1,2025-05-21,2,1,1,299.0,128.0,0.0
10784,846,4,2025-05-21,8,2,1,314.1,147.0,34.9
10785,1882,5,2025-05-21,7,5,1,349.0,147.0,0.0
10786,1312,2,2025-05-21,5,3,1,299.0,128.0,0.0
10787,911,2,2025-05-21,1,2,1,299.0,128.0,0.0
10788,34,5,2025-05-21,1,2,1,349.0,147.0,0.0
10789,1886,4,2025-05-21,5,3,1,314.1,147.0,34.9
10790,1181,6,2025-05-21,8,1,1,499.0,210.0,0.0
10791,1393,4,2025-05-21,3,5,1,349.0,147.0,0.0
10792,460,6,2025-05-21,3,5,1,499.0,210.0,0.0
10793,723,5,2025-05-21,5,3,1,296.65,147.0,52.35
10794,1908,1,2025-05-21,1,1,1,254.15,128.0,44.85
10795,243,1,2025-05-21,3,2,1,299.0,128.0,0.0
10796,42,5,2025-05-21,1,4,1,349.0,147.0,0.0
10797,1472,4,2025-05-21,5,3,1,349.0,147.0,0.0
10798,348,3,2025-05-21,1,5,1,329.0,141.0,0.0
10799,719,5,2025-05-21,1,3,1,349.0,147.0,0.0
10800,1497,5,2025-05-21,2,2,1,349.0,147.0,0.0
10801,323,2,2025-05-21,5,5,1,299.0,128.0,0.0
10802,306,5,2025-05-21,6,3,1,349.0,147.0,0.0
10803,1259,5,2025-05-21,9,1,1,349.0,147.0,0.0
10804,1091,2,2025-05-21,1,3,1,299.0,128.0,0.0
10805,1611,3,2025-05-21,3,2,1,329.0,141.0,0.0
10806,1207,6,2025-05-21,3,4,1,424.15,210.0,74.85
10807,1253,3,2025-05-22,1,3,1,279.65,141.0,49.35
10808,1417,5,2025-05-22,7,2,1,349.0,147.0,0.0
10809,1391,5,2025-05-22,2,5,1,349.0,147.0,0.0
10810,1787,5,2025-05-22,1,1,1,349.0,147.0,0.0
10811,260,5,2025-05-22,3,1,1,349.0,147.0,0.0
10812,332,5,2025-05-22,3,2,1,349.0,147.0,0.0
10813,1813,3,2025-05-22,1,2,1,329.0,141.0,0.0
10814,909,5,2025-05-22,1,2,1,349.0,147.0,0.0
10815,785,1,2025-05-22,1,5,1,299.0,128.0,0.0
10816,1094,5,2025-05-22,4,2,1,349.0,147.0,0.0
10817,890,4,2025-05-22,4,2,1,296.65,147.0,52.35
10818,1549,5,2025-05-22,7,1,1,349.0,147.0,0.0
10819,1086,6,2025-05-22,2,1,2,499.0,210.0,0.0
10820,944,4,2025-05-22,4,2,1,349.0,147.0,0.0
10821,1526,4,2025-05-22,1,3,1,296.65,147.0,52.35
10822,604,4,2025-05-22,4,1,1,349.0,147.0,0.0
10823,1910,2,2025-05-22,6,3,2,299.0,128.0,0.0
10824,1315,5,2025-05-22,1,5,1,314.1,147.0,34.9
10825,470,2,2025-05-22,5,4,1,299.0,128.0,0.0
10826,1655,1,2025-05-22,2,4,1,299.0,128.0,0.0
10827,23,6,2025-05-22,1,5,2,499.0,210.0,0.0
10828,1050,5,2025-05-22,8,5,1,349.0,147.0,0.0
10829,1815,6,2025-05-22,1,4,1,499.0,210.0,0.0
10830,690,4,2025-05-22,2,1,2,296.65,147.0,52.35
10831,212,5,2025-05-22,9,3,1,314.1,147.0,34.9
10832,287,4,2025-05-22,4,1,1,314.1,147.0,34.9
10833,1730,4,2025-05-22,2,4,1,314.1,147.0,34.9
10834,975,2,2025-05-22,5,1,1,299.0,128.0,0.0
10835,1231,3,2025-05-22,4,3,1,329.0,141.0,0.0
10836,1996,2,2025-05-22,3,1,1,299.0,128.0,0.0
10837,384,5,2025-05-23,3,1,1,349.0,147.0,0.0
10838,1211,2,2025-05-23,3,4,1,269.1,128.0,29.9
10839,1256,5,2025-05-23,5,1,1,349.0,147.0,0.0
10840,1636,4,2025-05-23,2,3,1,349.0,147.0,0.0
10841,907,3,2025-05-23,2,1,1,329.0,141.0,0.0
10842,385,4,2025-05-23,1,3,1,296.65,147.0,52.35
10843,1673,1,2025-05-23,5,1,1,299.0,128.0,0.0
10844,546,4,2025-05-23,1,2,2,314.1,147.0,34.9
10845,1366,4,2025-05-23,5,2,1,349.0,147.0,0.0
10846,138,1,2025-05-23,1,1,1,299.0,128.0,0.0
10847,456,3,2025-05-23,3,4,1,329.0,141.0,0.0
10848,62,6,2025-05-23,1,5,1,499.0,210.0,0.0
10849,1516,4,2025-05-23,6,2,1,349.0,147.0,0.0
10850,1899,4,2025-05-23,5,2,1,349.0,147.0,0.0
10851,540,1,2025-05-23,3,1,1,269.1,128.0,29.9
10852,1881,4,2025-05-23,7,1,1,314.1,147.0,34.9
10853,60,3,2025-05-23,1,2,1,279.65,141.0,49.35
10854,1726,2,2025-05-23,5,1,2,299.0,128.0,0.0
10855,1347,1,2025-05-23,3,1,1,299.0,128.0,0.0
10856,1670,6,2025-05-23,3,4,1,499.0,210.0,0.0
10857,1266,1,2025-05-23,3,2,2,299.0,128.0,0.0
10858,1250,2,2025-05-23,5,2,1,299.0,128.0,0.0
10859,205,4,2025-05-23,1,2,1,349.0,147.0,0.0
10860,114,5,2025-05-23,5,2,1,296.65,147.0,52.35
10861,1971,2,2025-05-23,5,2,1,299.0,128.0,0.0
10862,265,1,2025-05-23,1,5,1,299.0,128.0,0.0
10863,1756,2,2025-05-23,1,2,1,299.0,128.0,0.0
10864,330,4,2025-05-23,5,2,2,349.0,147.0,0.0
10865,1896,5,2025-05-23,1,2,1,349.0,147.0,0.0
10866,1544,4,2025-05-23,9,1,1,349.0,147.0,0.0
10867,1010,5,2025-05-24,9,3,1,296.65,147.0,52.35
10868,1730,1,2025-05-24,7,1,1,269.1,128.0,29.9
10869,22,2,2025-05-24,1,2,1,299.0,128.0,0.0
10870,447,1,2025-05-24,4,4,1,299.0,128.0,0.0
10871,1778,2,2025-05-24,4,1,1,299.0,128.0,0.0
10872,980,4,2025-05-24,1,1,1,349.0,147.0,0.0
10873,1601,1,2025-05-24,6,3,1,299.0,128.0,0.0
10874,1119,1,2025-05-24,2,1,1,299.0,128.0,0.0
10875,1813,2,2025-05-24,4,2,1,299.0,128.0,0.0
10876,1138,5,2025-05-24,1,2,1,349.0,147.0,0.0
10877,1294,4,2025-05-24,2,2,1,349.0,147.0,0.0
10878,1113,4,2025-05-24,6,2,1,349.0,147.0,0.0
10879,1306,6,2025-05-24,1,1,1,424.15,210.0,74.85
10880,1917,5,2025-05-24,1,1,1,349.0,147.0,0.0
10881,1165,5,2025-05-24,4,3,1,296.65,147.0,52.35
10882,508,2,2025-05-24,2,2,1,299.0,128.0,0.0
10883,578,3,2025-05-24,3,2,1,329.0,141.0,0.0
10884,1076,1,2025-05-24,1,1,1,269.1,128.0,29.9
10885,1414,1,2025-05-24,2,3,1,299.0,128.0,0.0
10886,1592,5,2025-05-24,4,3,1,349.0,147.0,0.0
10887,511,5,2025-05-24,3,3,1,349.0,147.0,0.0
10888,1800,5,2025-05-24,3,5,1,349.0,147.0,0.0
10889,1909,5,2025-05-24,3,2,1,296.65,147.0,52.35
10890,68,4,2025-05-24,5,1,1,349.0,147.0,0.0
10891,124,4,2025-05-24,1,2,1,349.0,147.0,0.0
10892,1377,1,2025-05-24,5,2,1,269.1,128.0,29.9
10893,501,1,2025-05-24,2,1,1,269.1,128.0,29.9
10894,146,1,2025-05-24,6,1,1,299.0,128.0,0.0
10895,360,4,2025-05-24,3,2,1,349.0,147.0,0.0
10896,213,5,2025-05-24,4,2,1,349.0,147.0,0.0
10897,525,5,2025-05-24,7,3,2,349.0,147.0,0.0
10898,1392,1,2025-05-24,8,1,1,299.0,128.0,0.0
10899,363,1,2025-05-24,4,2,1,299.0,128.0,0.0
10900,208,5,2025-05-24,3,2,1,349.0,147.0,0.0
10901,320,3,2025-05-24,1,3,1,329.0,141.0,0.0
10902,1834,2,2025-05-24,4,3,1,299.0,128.0,0.0
10903,111,4,2025-05-25,1,1,1,349.0,147.0,0.0
10904,853,5,2025-05-25,3,1,1,314.1,147.0,34.9
10905,514,5,2025-05-25,2,2,1,349.0,147.0,0.0
10906,819,3,2025-05-25,1,1,1,296.1,141.0,32.9
10907,1232,4,2025-05-25,1,3,1,349.0,147.0,0.0
10908,373,4,2025-05-25,1,1,1,349.0,147.0,0.0
10909,1480,5,2025-05-25,1,1,1,349.0,147.0,0.0
10910,854,1,2025-05-25,2,1,1,299.0,128.0,0.0
10911,910,3,2025-05-25,2,4,1,329.0,141.0,0.0
10912,517,4,2025-05-25,3,5,2,349.0,147.0,0.0
10913,615,4,2025-05-25,7,2,1,349.0,147.0,0.0
10914,1685,5,2025-05-25,1,5,1,349.0,147.0,0.0
10915,299,2,2025-05-25,3,1,2,269.1,128.0,29.9
10916,973,3,2025-05-25,5,1,1,296.1,141.0,32.9
10917,357,2,2025-05-25,3,1,1,299.0,128.0,0.0
10918,1306,6,2025-05-25,5,4,1,449.1,210.0,49.9
10919,1294,5,2025-05-25,2,4,1,349.0,147.0,0.0
10920,1317,4,2025-05-25,5,4,1,349.0,147.0,0.0
10921,54,5,2025-05-25,5,2,1,349.0,147.0,0.0
10922,1593,5,2025-05-25,3,1,1,314.1,147.0,34.9
10923,839,4,2025-05-25,1,2,1,314.1,147.0,34.9
10924,410,1,2025-05-25,5,5,1,299.0,128.0,0.0
10925,1650,5,2025-05-25,1,4,1,296.65,147.0,52.35
10926,870,5,2025-05-25,3,2,2,296.65,147.0,52.35
10927,1201,1,2025-05-25,4,3,1,299.0,128.0,0.0
10928,892,3,2025-05-25,3,2,1,329.0,141.0,0.0
10929,1346,5,2025-05-25,1,1,1,349.0,147.0,0.0
10930,951,3,2025-05-25,3,1,1,329.0,141.0,0.0
10931,1667,5,2025-05-25,2,1,1,314.1,147.0,34.9
10932,873,4,2025-05-25,2,3,1,314.1,147.0,34.9
10933,149,4,2025-05-25,1,3,1,349.0,147.0,0.0
10934,1180,4,2025-05-25,1,4,1,349.0,147.0,0.0
10935,1577,1,2025-05-25,4,2,1,269.1,128.0,29.9
10936,1231,5,2025-05-25,1,3,1,296.65,147.0,52.35
10937,995,2,2025-05-26,3,5,1,254.15,128.0,44.85
10938,1103,5,2025-05-26,1,2,1,349.0,147.0,0.0
10939,430,4,2025-05-26,1,4,1,349.0,147.0,0.0
10940,1777,5,2025-05-26,8,1,1,349.0,147.0,0.0
10941,475,6,2025-05-26,4,4,1,424.15,210.0,74.85
10942,703,5,2025-05-26,1,4,1,296.65,147.0,52.35
10943,1560,6,2025-05-26,2,5,2,424.15,210.0,74.85
10944,1708,4,2025-05-26,8,2,1,349.0,147.0,0.0
10945,1149,4,2025-05-26,3,1,1,349.0,147.0,0.0
10946,1519,5,2025-05-26,1,2,1,349.0,147.0,0.0
10947,627,5,2025-05-26,3,2,1,349.0,147.0,0.0
10948,1591,6,2025-05-26,2,2,1,499.0,210.0,0.0
10949,1170,6,2025-05-26,5,1,1,424.15,210.0,74.85
10950,1067,6,2025-05-26,2,4,1,499.0,210.0,0.0
10951,1237,2,2025-05-26,5,1,1,299.0,128.0,0.0
10952,1211,2,2025-05-26,4,2,1,299.0,128.0,0.0
10953,1262,4,2025-05-26,8,5,1,349.0,147.0,0.0
10954,147,4,2025-05-26,1,2,1,314.1,147.0,34.9
10955,1863,1,2025-05-26,8,2,1,299.0,128.0,0.0
10956,418,5,2025-05-26,1,1,2,349.0,147.0,0.0
10957,313,4,2025-05-26,2,1,1,349.0,147.0,0.0
10958,1438,5,2025-05-26,1,2,1,349.0,147.0,0.0
10959,1322,4,2025-05-26,3,3,1,349.0,147.0,0.0
10960,1622,4,2025-05-26,4,3,1,349.0,147.0,0.0
10961,273,5,2025-05-26,3,5,1,314.1,147.0,34.9
10962,1254,2,2025-05-26,6,1,2,299.0,128.0,0.0
10963,1388,4,2025-05-26,3,5,1,349.0,147.0,0.0
10964,659,1,2025-05-26,7,2,1,299.0,128.0,0.0
10965,690,4,2025-05-26,1,5,2,349.0,147.0,0.0
10966,60,2,2025-05-26,5,2,1,299.0,128.0,0.0
10967,115,5,2025-05-26,3,3,1,314.1,147.0,34.9
10968,1560,4,2025-05-27,1,5,1,349.0,147.0,0.0
10969,37,1,2025-05-27,6,2,1,299.0,128.0,0.0
10970,1879,1,2025-05-27,5,2,1,254.15,128.0,44.85
10971,480,4,2025-05-27,1,2,1,296.65,147.0,52.35
10972,1947,1,2025-05-27,7,3,1,299.0,128.0,0.0
10973,928,2,2025-05-27,5,1,1,299.0,128.0,0.0
10974,14,5,2025-05-27,3,1,1,314.1,147.0,34.9
10975,1114,1,2025-05-27,1,1,1,299.0,128.0,0.0
10976,967,5,2025-05-27,2,2,1,349.0,147.0,0.0
10977,165,4,2025-05-27,1,3,1,349.0,147.0,0.0
10978,1923,3,2025-05-27,7,3,1,329.0,141.0,0.0
10979,924,6,2025-05-27,1,1,1,424.15,210.0,74.85
10980,384,4,2025-05-27,1,1,1,349.0,147.0,0.0
10981,543,5,2025-05-27,4,3,1,349.0,147.0,0.0
10982,432,2,2025-05-27,4,1,1,254.15,128.0,44.85
10983,15,1,2025-05-27,1,3,1,299.0,128.0,0.0
10984,447,3,2025-05-27,9,4,1,329.0,141.0,0.0
10985,1504,4,2025-05-27,4,2,1,314.1,147.0,34.9
10986,1342,2,2025-05-27,1,2,1,299.0,128.0,0.0
10987,1477,4,2025-05-27,5,5,1,349.0,147.0,0.0
10988,1477,4,2025-05-27,3,4,1,314.1,147.0,34.9
10989,985,4,2025-05-27,1,2,1,296.65,147.0,52.35
10990,392,5,2025-05-27,3,1,1,314.1,147.0,34.9
10991,81,5,2025-05-27,8,1,1,349.0,147.0,0.0
10992,406,5,2025-05-27,2,2,1,349.0,147.0,0.0
10993,669,1,2025-05-27,1,3,1,299.0,128.0,0.0
10994,767,1,2025-05-27,2,3,2,269.1,128.0,29.9
10995,1490,5,2025-05-28,6,5,1,314.1,147.0,34.9
10996,725,5,2025-05-28,3,4,1,296.65,147.0,52.35
10997,720,5,2025-05-28,4,1,1,349.0,147.0,0.0
10998,887,5,2025-05-28,1,5,1,349.0,147.0,0.0
10999,823,5,2025-05-28,3,2,1,296.65,147.0,52.35
11000,951,1,2025-05-28,1,2,1,299.0,128.0,0.0
11001,1002,3,2025-05-28,5,2,1,329.0,141.0,0.0
11002,1240,4,2025-05-28,3,3,1,296.65,147.0,52.35
11003,846,3,2025-05-28,3,2,1,296.1,141.0,32.9
11004,778,2,2025-05-28,4,2,1,299.0,128.0,0.0
11005,188,5,2025-05-28,7,1,1,349.0,147.0,0.0
11006,1829,4,2025-05-28,1,1,1,349.0,147.0,0.0
11007,435,4,2025-05-28,1,1,1,349.0,147.0,0.0
11008,1697,2,2025-05-28,1,3,1,299.0,128.0,0.0
11009,340,4,2025-05-28,5,2,1,349.0,147.0,0.0
11010,1398,1,2025-05-28,4,1,1,299.0,128.0,0.0
11011,49,5,2025-05-28,6,1,1,349.0,147.0,0.0
11012,732,3,2025-05-28,3,2,1,329.0,141.0,0.0
11013,332,2,2025-05-28,1,2,1,299.0,128.0,0.0
11014,618,2,2025-05-28,1,2,1,299.0,128.0,0.0
11015,860,1,2025-05-28,1,2,1,299.0,128.0,0.0
11016,1965,4,2025-05-28,4,1,1,296.65,147.0,52.35
11017,938,5,2025-05-28,3,3,1,296.65,147.0,52.35
11018,1126,4,2025-05-28,2,4,1,349.0,147.0,0.0
11019,474,6,2025-05-28,8,1,1,499.0,210.0,0.0
11020,634,2,2025-05-28,1,2,1,299.0,128.0,0.0
11021,966,5,2025-05-28,2,3,1,296.65,147.0,52.35
11022,414,5,2025-05-28,3,4,1,349.0,147.0,0.0
11023,1542,2,2025-05-28,3,2,1,299.0,128.0,0.0
11024,1564,5,2025-05-28,4,2,1,349.0,147.0,0.0
11025,375,5,2025-05-28,1,1,1,349.0,147.0,0.0
11026,1689,2,2025-05-28,3,4,1,299.0,128.0,0.0
11027,737,5,2025-05-28,3,2,1,349.0,147.0,0.0
11028,1107,6,2025-05-28,6,5,1,499.0,210.0,0.0
11029,1061,4,2025-05-28,1,3,1,349.0,147.0,0.0
11030,1059,2,2025-05-29,2,1,1,299.0,128.0,0.0
11031,277,5,2025-05-29,5,5,1,349.0,147.0,0.0
11032,1131,1,2025-05-29,5,5,1,299.0,128.0,0.0
11033,1763,1,2025-05-29,5,5,1,299.0,128.0,0.0
11034,684,3,2025-05-29,4,1,1,329.0,141.0,0.0
11035,1662,5,2025-05-29,1,2,1,349.0,147.0,0.0
11036,945,2,2025-05-29,7,3,1,299.0,128.0,0.0
11037,957,1,2025-05-29,7,5,1,299.0,128.0,0.0
11038,774,1,2025-05-29,1,3,1,299.0,128.0,0.0
11039,588,6,2025-05-29,3,3,1,499.0,210.0,0.0
11040,630,1,2025-05-29,2,1,1,299.0,128.0,0.0
11041,1039,4,2025-05-29,8,2,1,349.0,147.0,0.0
11042,134,1,2025-05-29,1,3,1,299.0,128.0,0.0
11043,1591,2,2025-05-29,3,2,2,299.0,128.0,0.0
11044,1652,4,2025-05-29,5,2,1,349.0,147.0,0.0
11045,1729,6,2025-05-29,4,1,1,499.0,210.0,0.0
11046,1407,6,2025-05-29,1,1,1,499.0,210.0,0.0
11047,1468,2,2025-05-29,8,2,1,299.0,128.0,0.0
11048,1271,1,2025-05-29,5,2,1,299.0,128.0,0.0
11049,325,5,2025-05-29,5,2,1,314.1,147.0,34.9
11050,882,4,2025-05-29,7,2,1,349.0,147.0,0.0
11051,990,3,2025-05-29,2,1,1,329.0,141.0,0.0
11052,1821,4,2025-05-29,6,3,1,349.0,147.0,0.0
11053,716,3,2025-05-29,7,5,1,279.65,141.0,49.35
11054,1578,4,2025-05-29,2,2,1,349.0,147.0,0.0
11055,233,4,2025-05-29,1,2,1,296.65,147.0,52.35
11056,1101,5,2025-05-29,5,3,1,349.0,147.0,0.0
11057,907,5,2025-05-29,3,1,1,349.0,147.0,0.0
11058,135,3,2025-05-29,2,1,1,329.0,141.0,0.0
11059,1418,3,2025-05-29,6,5,1,279.65,141.0,49.35
11060,1104,2,2025-05-29,2,5,1,299.0,128.0,0.0
11061,1820,3,2025-05-30,6,1,1,329.0,141.0,0.0
11062,504,6,2025-05-30,7,1,1,499.0,210.0,0.0
11063,265,2,2025-05-30,5,1,1,299.0,128.0,0.0
11064,168,5,2025-05-30,6,5,1,349.0,147.0,0.0
11065,701,5,2025-05-30,1,1,1,349.0,147.0,0.0
11066,1912,1,2025-05-30,5,5,1,299.0,128.0,0.0
11067,1238,5,2025-05-30,2,1,1,296.65,147.0,52.35
11068,515,5,2025-05-30,5,2,1,349.0,147.0,0.0
11069,1615,5,2025-05-30,1,2,1,296.65,147.0,52.35
11070,312,4,2025-05-30,7,1,1,314.1,147.0,34.9
11071,125,4,2025-05-30,4,1,1,349.0,147.0,0.0
11072,1705,4,2025-05-30,9,1,1,349.0,147.0,0.0
11073,1811,5,2025-05-30,1,1,1,314.1,147.0,34.9
11074,465,2,2025-05-30,3,5,2,254.15,128.0,44.85
11075,1579,2,2025-05-30,4,2,1,299.0,128.0,0.0
11076,74,3,2025-05-30,2,2,1,296.1,141.0,32.9
11077,194,2,2025-05-30,1,1,1,299.0,128.0,0.0
11078,1377,4,2025-05-30,5,2,1,349.0,147.0,0.0
11079,1178,2,2025-05-30,1,3,2,299.0,128.0,0.0
11080,1245,5,2025-05-30,3,2,1,349.0,147.0,0.0
11081,854,5,2025-05-30,2,4,1,349.0,147.0,0.0
11082,754,4,2025-05-30,2,5,1,349.0,147.0,0.0
11083,791,4,2025-05-30,5,2,1,349.0,147.0,0.0
11084,793,1,2025-05-30,1,2,1,254.15,128.0,44.85
11085,791,6,2025-05-30,3,1,1,499.0,210.0,0.0
11086,349,4,2025-05-30,8,2,1,349.0,147.0,0.0
11087,157,5,2025-05-30,7,2,1,349.0,147.0,0.0
11088,1991,1,2025-05-31,5,3,1,299.0,128.0,0.0
11089,1002,5,2025-05-31,2,2,1,314.1,147.0,34.9
11090,1802,4,2025-05-31,3,3,2,314.1,147.0,34.9
11091,1718,1,2025-05-31,5,1,1,299.0,128.0,0.0
11092,82,5,2025-05-31,4,2,1,349.0,147.0,0.0
11093,1993,4,2025-05-31,3,2,1,349.0,147.0,0.0
11094,1599,4,2025-05-31,1,1,1,349.0,147.0,0.0
11095,1545,3,2025-05-31,4,1,1,296.1,141.0,32.9
11096,26,3,2025-05-31,1,1,1,329.0,141.0,0.0
11097,1143,4,2025-05-31,1,2,1,349.0,147.0,0.0
11098,1764,5,2025-05-31,2,5,1,349.0,147.0,0.0
11099,499,6,2025-05-31,1,2,1,499.0,210.0,0.0
11100,371,5,2025-05-31,1,1,1,349.0,147.0,0.0
11101,422,2,2025-05-31,2,1,1,254.15,128.0,44.85
11102,981,4,2025-05-31,6,1,1,349.0,147.0,0.0
11103,1421,1,2025-05-31,1,1,1,299.0,128.0,0.0
11104,1221,4,2025-05-31,3,2,1,349.0,147.0,0.0
11105,523,1,2025-05-31,3,4,1,299.0,128.0,0.0
11106,889,4,2025-05-31,9,1,1,314.1,147.0,34.9
11107,300,5,2025-05-31,1,1,1,349.0,147.0,0.0
11108,572,4,2025-05-31,5,2,1,349.0,147.0,0.0
11109,1803,1,2025-05-31,3,2,2,254.15,128.0,44.85
11110,948,4,2025-05-31,1,2,1,314.1,147.0,34.9
11111,1991,2,2025-05-31,9,2,1,299.0,128.0,0.0
11112,29,4,2025-05-31,3,1,1,314.1,147.0,34.9
11113,1585,5,2025-05-31,4,1,1,349.0,147.0,0.0
11114,491,3,2025-05-31,3,1,1,329.0,141.0,0.0
11115,1418,1,2025-05-31,2,3,1,269.1,128.0,29.9
11116,1945,4,2025-05-31,3,1,1,314.1,147.0,34.9
11117,1264,4,2025-06-01,3,2,1,314.1,147.0,34.9
11118,1931,5,2025-06-01,5,2,1,349.0,147.0,0.0
11119,389,5,2025-06-01,8,1,1,349.0,147.0,0.0
11120,1017,1,2025-06-01,3,1,1,299.0,128.0,0.0
11121,686,4,2025-06-01,2,1,1,296.65,147.0,52.35
11122,1930,5,2025-06-01,2,4,1,296.65,147.0,52.35
11123,1309,1,2025-06-01,6,2,1,299.0,128.0,0.0
11124,734,1,2025-06-01,5,1,1,299.0,128.0,0.0
11125,115,2,2025-06-01,1,4,1,299.0,128.0,0.0
11126,144,3,2025-06-01,2,2,1,329.0,141.0,0.0
11127,760,5,2025-06-01,4,2,1,349.0,147.0,0.0
11128,1610,2,2025-06-01,7,5,1,299.0,128.0,0.0
11129,1505,4,2025-06-01,8,3,1,349.0,147.0,0.0
11130,799,1,2025-06-01,1,3,1,299.0,128.0,0.0
11131,979,5,2025-06-01,5,2,1,349.0,147.0,0.0
11132,1426,5,2025-06-01,1,3,1,314.1,147.0,34.9
11133,834,5,2025-06-01,3,1,1,314.1,147.0,34.9
11134,1467,2,2025-06-01,1,4,1,299.0,128.0,0.0
11135,1383,5,2025-06-01,7,3,1,296.65,147.0,52.35
11136,1489,5,2025-06-01,5,3,1,349.0,147.0,0.0
11137,484,5,2025-06-01,7,2,1,296.65,147.0,52.35
11138,1458,3,2025-06-01,2,2,1,329.0,141.0,0.0
11139,155,2,2025-06-01,3,1,1,299.0,128.0,0.0
11140,1565,5,2025-06-01,7,2,1,349.0,147.0,0.0
11141,212,6,2025-06-01,3,1,1,499.0,210.0,0.0
11142,202,5,2025-06-01,2,1,1,349.0,147.0,0.0
11143,415,2,2025-06-01,7,1,1,299.0,128.0,0.0
11144,1565,3,2025-06-01,1,1,1,329.0,141.0,0.0
11145,572,5,2025-06-01,7,2,1,349.0,147.0,0.0
11146,1033,4,2025-06-01,2,2,1,296.65,147.0,52.35
11147,1217,5,2025-06-01,4,2,1,349.0,147.0,0.0
11148,1114,3,2025-06-01,2,3,1,279.65,141.0,49.35
11149,768,5,2025-06-01,5,5,1,349.0,147.0,0.0
11150,1701,2,2025-06-01,3,2,1,299.0,128.0,0.0
11151,1234,5,2025-06-02,1,1,1,349.0,147.0,0.0
11152,892,5,2025-06-02,3,3,1,314.1,147.0,34.9
11153,972,2,2025-06-02,1,4,1,269.1,128.0,29.9
11154,376,4,2025-06-02,2,2,1,349.0,147.0,0.0
11155,1841,1,2025-06-02,3,2,1,299.0,128.0,0.0
11156,35,3,2025-06-02,2,1,1,329.0,141.0,0.0
11157,47,1,2025-06-02,2,2,2,299.0,128.0,0.0
11158,1046,2,2025-06-02,1,1,1,299.0,128.0,0.0
11159,368,2,2025-06-02,3,4,1,254.15,128.0,44.85
11160,1907,4,2025-06-02,2,1,1,314.1,147.0,34.9
11161,1406,5,2025-06-02,8,2,1,349.0,147.0,0.0
11162,1992,5,2025-06-02,5,3,2,349.0,147.0,0.0
11163,1680,5,2025-06-02,5,1,2,349.0,147.0,0.0
11164,142,4,2025-06-02,2,1,1,349.0,147.0,0.0
11165,1455,5,2025-06-02,5,1,2,349.0,147.0,0.0
11166,661,2,2025-06-02,5,1,1,299.0,128.0,0.0
11167,1980,5,2025-06-02,5,5,1,349.0,147.0,0.0
11168,138,3,2025-06-02,1,4,1,296.1,141.0,32.9
11169,897,4,2025-06-02,3,1,2,349.0,147.0,0.0
11170,1975,2,2025-06-02,6,2,1,299.0,128.0,0.0
11171,288,3,2025-06-02,8,4,1,329.0,141.0,0.0
11172,683,4,2025-06-02,3,2,1,349.0,147.0,0.0
11173,1230,6,2025-06-02,6,2,1,499.0,210.0,0.0
11174,36,5,2025-06-02,3,3,1,349.0,147.0,0.0
11175,1291,1,2025-06-02,3,2,1,299.0,128.0,0.0
11176,658,1,2025-06-02,5,4,1,269.1,128.0,29.9
11177,505,6,2025-06-02,6,2,1,499.0,210.0,0.0
11178,1767,2,2025-06-02,5,2,1,299.0,128.0,0.0
11179,1620,1,2025-06-02,2,1,1,299.0,128.0,0.0
11180,705,1,2025-06-02,1,1,1,299.0,128.0,0.0
11181,536,1,2025-06-03,3,1,1,299.0,128.0,0.0
11182,250,3,2025-06-03,8,2,1,296.1,141.0,32.9
11183,1303,2,2025-06-03,5,1,1,254.15,128.0,44.85
11184,1153,1,2025-06-03,2,1,1,299.0,128.0,0.0
11185,1106,1,2025-06-03,2,1,1,299.0,128.0,0.0
11186,1544,4,2025-06-03,6,1,1,296.65,147.0,52.35
11187,322,3,2025-06-03,1,2,1,296.1,141.0,32.9
11188,1364,5,2025-06-03,1,2,1,349.0,147.0,0.0
11189,1121,2,2025-06-03,5,5,1,299.0,128.0,0.0
11190,579,3,2025-06-03,1,2,1,329.0,141.0,0.0
11191,649,5,2025-06-03,1,4,1,349.0,147.0,0.0
11192,458,1,2025-06-03,1,1,1,254.15,128.0,44.85
11193,244,4,2025-06-03,5,1,1,314.1,147.0,34.9
11194,263,3,2025-06-03,1,2,1,329.0,141.0,0.0
11195,1290,4,2025-06-03,2,3,1,349.0,147.0,0.0
11196,1363,6,2025-06-03,5,1,1,499.0,210.0,0.0
11197,42,2,2025-06-03,2,1,1,299.0,128.0,0.0
11198,994,5,2025-06-03,2,5,1,314.1,147.0,34.9
11199,1197,5,2025-06-03,3,4,1,349.0,147.0,0.0
11200,235,5,2025-06-03,1,2,1,349.0,147.0,0.0
11201,891,3,2025-06-03,5,1,1,329.0,141.0,0.0
11202,301,3,2025-06-03,2,2,1,329.0,141.0,0.0
11203,152,6,2025-06-03,7,2,1,449.1,210.0,49.9
11204,118,5,2025-06-03,5,2,1,349.0,147.0,0.0
11205,26,1,2025-06-03,7,5,1,299.0,128.0,0.0
11206,236,3,2025-06-03,6,1,1,329.0,141.0,0.0
11207,236,6,2025-06-03,5,1,1,499.0,210.0,0.0
11208,526,5,2025-06-03,7,1,1,314.1,147.0,34.9
11209,890,6,2025-06-03,7,2,1,499.0,210.0,0.0
11210,1634,3,2025-06-03,3,2,1,329.0,141.0,0.0
11211,1934,3,2025-06-03,1,1,2,296.1,141.0,32.9
11212,44,4,2025-06-04,1,3,1,349.0,147.0,0.0
11213,1599,4,2025-06-04,1,1,1,349.0,147.0,0.0
11214,383,6,2025-06-04,4,3,1,499.0,210.0,0.0
11215,274,4,2025-06-04,3,1,1,314.1,147.0,34.9
11216,1173,3,2025-06-04,7,1,1,329.0,141.0,0.0
11217,1046,3,2025-06-04,1,1,1,329.0,141.0,0.0
11218,1330,2,2025-06-04,7,5,1,299.0,128.0,0.0
11219,507,4,2025-06-04,7,2,1,349.0,147.0,0.0
11220,970,1,2025-06-04,1,1,1,299.0,128.0,0.0
11221,1716,5,2025-06-04,8,3,1,349.0,147.0,0.0
11222,1912,2,2025-06-04,1,1,1,299.0,128.0,0.0
11223,54,5,2025-06-04,3,1,1,314.1,147.0,34.9
11224,1619,5,2025-06-04,5,1,1,314.1,147.0,34.9
11225,815,2,2025-06-04,2,3,2,299.0,128.0,0.0
11226,733,3,2025-06-04,2,2,1,296.1,141.0,32.9
11227,1920,2,2025-06-04,5,2,1,299.0,128.0,0.0
11228,138,2,2025-06-04,8,4,1,299.0,128.0,0.0
11229,1155,6,2025-06-04,1,4,1,499.0,210.0,0.0
11230,1078,2,2025-06-04,5,2,1,299.0,128.0,0.0
11231,689,4,2025-06-04,3,4,1,296.65,147.0,52.35
11232,895,1,2025-06-04,5,3,1,299.0,128.0,0.0
11233,1490,2,2025-06-04,2,1,1,269.1,128.0,29.9
11234,1941,5,2025-06-04,7,5,1,349.0,147.0,0.0
11235,1785,4,2025-06-04,1,1,1,296.65,147.0,52.35
11236,1104,5,2025-06-04,5,5,1,296.65,147.0,52.35
11237,1262,5,2025-06-04,2,2,1,349.0,147.0,0.0
11238,388,3,2025-06-04,3,3,1,329.0,141.0,0.0
11239,1960,3,2025-06-04,1,1,1,329.0,141.0,0.0
11240,884,6,2025-06-04,1,3,1,499.0,210.0,0.0
11241,729,4,2025-06-04,1,1,1,314.1,147.0,34.9
11242,116,2,2025-06-05,1,3,1,299.0,128.0,0.0
11243,523,4,2025-06-05,5,1,1,349.0,147.0,0.0
11244,67,6,2025-06-05,2,1,2,499.0,210.0,0.0
11245,1694,5,2025-06-05,1,4,1,296.65,147.0,52.35
11246,1718,1,2025-06-05,3,2,1,254.15,128.0,44.85
11247,522,5,2025-06-05,7,2,1,349.0,147.0,0.0
11248,1783,4,2025-06-05,1,2,1,349.0,147.0,0.0
11249,1039,2,2025-06-05,1,2,1,299.0,128.0,0.0
11250,719,4,2025-06-05,1,2,1,296.65,147.0,52.35
11251,241,5,2025-06-05,6,2,1,349.0,147.0,0.0
11252,469,6,2025-06-05,8,1,1,449.1,210.0,49.9
11253,1730,6,2025-06-05,1,3,1,499.0,210.0,0.0
11254,1791,5,2025-06-05,2,4,1,349.0,147.0,0.0
11255,1042,2,2025-06-05,2,2,1,299.0,128.0,0.0
11256,825,1,2025-06-05,2,2,1,299.0,128.0,0.0
11257,1689,3,2025-06-05,5,1,1,329.0,141.0,0.0
11258,1254,1,2025-06-05,6,2,1,299.0,128.0,0.0
11259,85,1,2025-06-05,8,2,1,254.15,128.0,44.85
11260,615,1,2025-06-05,4,5,1,299.0,128.0,0.0
11261,962,2,2025-06-05,1,3,1,299.0,128.0,0.0
11262,949,5,2025-06-05,1,4,1,349.0,147.0,0.0
11263,1573,6,2025-06-05,1,1,1,499.0,210.0,0.0
11264,266,4,2025-06-05,1,5,1,349.0,147.0,0.0
11265,981,1,2025-06-05,3,4,1,254.15,128.0,44.85
11266,1943,2,2025-06-05,6,2,1,299.0,128.0,0.0
11267,1123,3,2025-06-05,5,2,1,329.0,141.0,0.0
11268,1338,2,2025-06-05,4,1,1,299.0,128.0,0.0
11269,120,6,2025-06-05,3,1,1,499.0,210.0,0.0
11270,726,2,2025-06-05,5,1,1,254.15,128.0,44.85
11271,353,4,2025-06-05,3,5,1,349.0,147.0,0.0
11272,911,6,2025-06-05,2,1,1,499.0,210.0,0.0
11273,553,1,2025-06-05,1,1,1,299.0,128.0,0.0
11274,162,2,2025-06-05,3,2,2,254.15,128.0,44.85
11275,49,5,2025-06-05,8,2,1,349.0,147.0,0.0
11276,699,4,2025-06-05,3,1,1,349.0,147.0,0.0
11277,753,5,2025-06-05,5,2,1,296.65,147.0,52.35
11278,620,2,2025-06-06,4,2,1,299.0,128.0,0.0
11279,1065,4,2025-06-06,1,1,1,349.0,147.0,0.0
11280,430,3,2025-06-06,1,2,1,279.65,141.0,49.35
11281,1786,4,2025-06-06,4,1,1,349.0,147.0,0.0
11282,1124,2,2025-06-06,1,2,2,299.0,128.0,0.0
11283,711,4,2025-06-06,1,3,1,349.0,147.0,0.0
11284,770,6,2025-06-06,1,5,1,499.0,210.0,0.0
11285,377,6,2025-06-06,7,3,1,499.0,210.0,0.0
11286,1616,2,2025-06-06,1,3,1,299.0,128.0,0.0
11287,1635,4,2025-06-06,3,1,1,314.1,147.0,34.9
11288,1472,2,2025-06-06,1,4,1,299.0,128.0,0.0
11289,1291,2,2025-06-06,5,1,1,299.0,128.0,0.0
11290,1364,5,2025-06-06,2,5,1,349.0,147.0,0.0
11291,806,5,2025-06-06,2,1,1,314.1,147.0,34.9
11292,209,2,2025-06-06,1,3,1,269.1,128.0,29.9
11293,968,4,2025-06-06,4,1,1,349.0,147.0,0.0
11294,551,5,2025-06-06,2,2,1,349.0,147.0,0.0
11295,1214,4,2025-06-06,2,1,1,314.1,147.0,34.9
11296,1896,4,2025-06-06,3,4,1,349.0,147.0,0.0
11297,556,4,2025-06-06,5,1,1,349.0,147.0,0.0
11298,927,4,2025-06-06,3,2,1,349.0,147.0,0.0
11299,1272,5,2025-06-06,8,1,1,349.0,147.0,0.0
11300,50,6,2025-06-06,7,1,1,449.1,210.0,49.9
11301,1019,4,2025-06-06,3,2,1,349.0,147.0,0.0
11302,1996,4,2025-06-06,1,2,1,349.0,147.0,0.0
11303,1868,1,2025-06-06,1,5,1,299.0,128.0,0.0
11304,192,1,2025-06-06,5,4,1,299.0,128.0,0.0
11305,1238,3,2025-06-06,2,1,1,279.65,141.0,49.35
11306,1929,6,2025-06-07,5,2,1,499.0,210.0,0.0
11307,1817,3,2025-06-07,3,3,1,329.0,141.0,0.0
11308,1526,4,2025-06-07,1,5,1,349.0,147.0,0.0
11309,1860,4,2025-06-07,1,2,1,349.0,147.0,0.0
11310,1318,1,2025-06-07,7,2,1,254.15,128.0,44.85
11311,1404,1,2025-06-07,4,3,1,299.0,128.0,0.0
11312,1071,5,2025-06-07,7,4,1,349.0,147.0,0.0
11313,1312,6,2025-06-07,3,2,2,499.0,210.0,0.0
11314,1461,5,2025-06-07,2,1,1,349.0,147.0,0.0
11315,83,5,2025-06-07,1,1,1,349.0,147.0,0.0
11316,1605,5,2025-06-07,3,4,1,349.0,147.0,0.0
11317,1039,6,2025-06-07,3,1,1,499.0,210.0,0.0
11318,572,4,2025-06-07,3,1,1,349.0,147.0,0.0
11319,1300,5,2025-06-07,3,3,1,314.1,147.0,34.9
11320,553,2,2025-06-07,2,1,1,299.0,128.0,0.0
11321,1181,2,2025-06-07,2,1,1,269.1,128.0,29.9
11322,833,4,2025-06-07,1,2,1,349.0,147.0,0.0
11323,865,2,2025-06-07,5,4,1,299.0,128.0,0.0
11324,766,5,2025-06-07,1,3,1,349.0,147.0,0.0
11325,970,2,2025-06-07,8,1,1,299.0,128.0,0.0
11326,1728,2,2025-06-07,7,2,1,299.0,128.0,0.0
11327,964,1,2025-06-07,7,4,1,299.0,128.0,0.0
11328,1050,3,2025-06-07,1,2,1,279.65,141.0,49.35
11329,213,2,2025-06-07,4,1,1,299.0,128.0,0.0
11330,992,3,2025-06-07,8,2,2,329.0,141.0,0.0
11331,576,4,2025-06-07,5,1,1,349.0,147.0,0.0
11332,241,2,2025-06-07,1,1,1,299.0,128.0,0.0
11333,428,2,2025-06-07,2,1,1,299.0,128.0,0.0
11334,1053,1,2025-06-07,2,1,1,299.0,128.0,0.0
11335,1586,3,2025-06-07,1,3,1,329.0,141.0,0.0
11336,1767,3,2025-06-07,3,1,1,329.0,141.0,0.0
11337,1572,5,2025-06-07,2,4,1,296.65,147.0,52.35
11338,929,2,2025-06-07,1,2,1,299.0,128.0,0.0
11339,232,2,2025-06-07,8,2,1,299.0,128.0,0.0
11340,25,2,2025-06-08,1,2,1,299.0,128.0,0.0
11341,1391,2,2025-06-08,7,5,1,299.0,128.0,0.0
11342,1553,5,2025-06-08,1,2,1,349.0,147.0,0.0
11343,513,1,2025-06-08,1,1,1,299.0,128.0,0.0
11344,919,4,2025-06-08,3,2,1,349.0,147.0,0.0
11345,1471,6,2025-06-08,7,2,1,449.1,210.0,49.9
11346,1767,6,2025-06-08,5,5,1,499.0,210.0,0.0
11347,1820,2,2025-06-08,1,2,1,299.0,128.0,0.0
11348,384,4,2025-06-08,1,4,1,349.0,147.0,0.0
11349,838,4,2025-06-08,7,2,1,349.0,147.0,0.0
11350,1941,5,2025-06-08,3,1,1,349.0,147.0,0.0
11351,1139,6,2025-06-08,4,1,1,449.1,210.0,49.9
11352,705,5,2025-06-08,2,1,1,349.0,147.0,0.0
11353,445,5,2025-06-08,5,4,2,349.0,147.0,0.0
11354,1673,5,2025-06-08,7,5,1,349.0,147.0,0.0
11355,984,6,2025-06-08,3,2,1,499.0,210.0,0.0
11356,147,2,2025-06-08,5,3,1,299.0,128.0,0.0
11357,926,5,2025-06-08,3,3,1,314.1,147.0,34.9
11358,34,4,2025-06-08,1,2,1,314.1,147.0,34.9
11359,857,6,2025-06-08,1,3,1,499.0,210.0,0.0
11360,442,4,2025-06-08,5,2,1,349.0,147.0,0.0
11361,1359,3,2025-06-08,1,4,1,329.0,141.0,0.0
11362,335,1,2025-06-08,1,4,1,254.15,128.0,44.85
11363,532,6,2025-06-08,7,4,1,499.0,210.0,0.0
11364,1631,6,2025-06-08,1,2,1,499.0,210.0,0.0
11365,408,5,2025-06-08,1,3,1,349.0,147.0,0.0
11366,1424,5,2025-06-08,4,2,1,349.0,147.0,0.0
11367,1647,1,2025-06-08,2,4,1,299.0,128.0,0.0
11368,1139,6,2025-06-08,9,4,1,449.1,210.0,49.9
11369,512,4,2025-06-08,1,1,2,314.1,147.0,34.9
11370,86,5,2025-06-08,5,3,1,296.65,147.0,52.35
11371,1347,4,2025-06-09,3,2,1,349.0,147.0,0.0
11372,76,2,2025-06-09,1,1,1,299.0,128.0,0.0
11373,1050,1,2025-06-09,1,1,1,299.0,128.0,0.0
11374,301,5,2025-06-09,3,3,1,349.0,147.0,0.0
11375,142,5,2025-06-09,2,3,1,349.0,147.0,0.0
11376,697,5,2025-06-09,8,3,1,349.0,147.0,0.0
11377,1863,3,2025-06-09,4,1,1,329.0,141.0,0.0
11378,158,3,2025-06-09,6,1,1,329.0,141.0,0.0
11379,476,4,2025-06-09,1,1,1,349.0,147.0,0.0
11380,752,5,2025-06-09,7,2,1,349.0,147.0,0.0
11381,1971,2,2025-06-09,1,2,1,299.0,128.0,0.0
11382,1835,4,2025-06-09,3,4,1,349.0,147.0,0.0
11383,341,4,2025-06-09,6,5,1,296.65,147.0,52.35
11384,12,4,2025-06-09,7,1,1,349.0,147.0,0.0
11385,588,4,2025-06-09,5,3,1,349.0,147.0,0.0
11386,728,5,2025-06-09,5,5,1,349.0,147.0,0.0
11387,1522,6,2025-06-09,7,2,2,499.0,210.0,0.0
11388,1938,1,2025-06-09,7,1,1,299.0,128.0,0.0
11389,450,2,2025-06-09,4,1,1,299.0,128.0,0.0
11390,681,4,2025-06-09,1,1,1,349.0,147.0,0.0
11391,1509,5,2025-06-09,3,1,1,349.0,147.0,0.0
11392,26,2,2025-06-09,4,1,1,299.0,128.0,0.0
11393,634,2,2025-06-09,2,1,1,299.0,128.0,0.0
11394,1216,5,2025-06-09,3,1,1,349.0,147.0,0.0
11395,109,6,2025-06-09,1,2,1,499.0,210.0,0.0
11396,833,5,2025-06-09,2,1,1,349.0,147.0,0.0
11397,193,4,2025-06-09,9,1,1,349.0,147.0,0.0
11398,281,4,2025-06-09,3,3,1,314.1,147.0,34.9
11399,608,3,2025-06-10,3,4,1,296.1,141.0,32.9
11400,1669,2,2025-06-10,7,1,1,299.0,128.0,0.0
11401,1458,4,2025-06-10,1,1,1,349.0,147.0,0.0
11402,133,1,2025-06-10,9,2,2,299.0,128.0,0.0
11403,991,4,2025-06-10,5,4,1,296.65,147.0,52.35
11404,1852,6,2025-06-10,8,1,1,499.0,210.0,0.0
11405,1933,1,2025-06-10,5,2,1,299.0,128.0,0.0
11406,348,5,2025-06-10,5,5,1,349.0,147.0,0.0
11407,1190,2,2025-06-10,2,2,1,269.1,128.0,29.9
11408,1818,2,2025-06-10,5,3,1,299.0,128.0,0.0
11409,1485,1,2025-06-10,2,2,1,254.15,128.0,44.85
11410,938,4,2025-06-10,2,1,1,349.0,147.0,0.0
11411,49,1,2025-06-10,3,1,1,299.0,128.0,0.0
11412,535,6,2025-06-10,3,2,1,499.0,210.0,0.0
11413,1047,5,2025-06-10,1,3,1,349.0,147.0,0.0
11414,345,5,2025-06-10,5,2,1,314.1,147.0,34.9
11415,1070,5,2025-06-10,3,3,1,349.0,147.0,0.0
11416,1558,2,2025-06-10,1,3,1,269.1,128.0,29.9
11417,1226,5,2025-06-10,2,1,1,349.0,147.0,0.0
11418,365,6,2025-06-10,2,1,1,499.0,210.0,0.0
11419,929,6,2025-06-10,8,3,1,499.0,210.0,0.0
11420,1067,5,2025-06-10,7,2,1,349.0,147.0,0.0
11421,1293,1,2025-06-10,3,3,1,299.0,128.0,0.0
11422,1328,5,2025-06-10,5,1,1,349.0,147.0,0.0
11423,680,4,2025-06-10,3,2,1,349.0,147.0,0.0
11424,48,1,2025-06-10,5,4,2,299.0,128.0,0.0
11425,1142,2,2025-06-10,2,1,1,299.0,128.0,0.0
11426,1321,4,2025-06-10,1,3,1,349.0,147.0,0.0
11427,82,1,2025-06-10,1,5,1,299.0,128.0,0.0
11428,1644,2,2025-06-10,4,3,1,299.0,128.0,0.0
11429,1635,2,2025-06-10,1,3,1,299.0,128.0,0.0
11430,739,5,2025-06-10,4,4,1,349.0,147.0,0.0
11431,1738,3,2025-06-10,1,2,1,279.65,141.0,49.35
11432,1937,2,2025-06-10,1,1,1,299.0,128.0,0.0
11433,748,1,2025-06-11,3,1,1,254.15,128.0,44.85
11434,1340,4,2025-06-11,1,3,1,349.0,147.0,0.0
11435,1816,1,2025-06-11,2,1,1,299.0,128.0,0.0
11436,1237,5,2025-06-11,1,4,1,349.0,147.0,0.0
11437,1447,5,2025-06-11,1,2,1,349.0,147.0,0.0
11438,1542,6,2025-06-11,1,1,1,499.0,210.0,0.0
11439,743,4,2025-06-11,3,4,1,349.0,147.0,0.0
11440,913,5,2025-06-11,2,4,1,349.0,147.0,0.0
11441,1919,1,2025-06-11,4,1,1,299.0,128.0,0.0
11442,279,2,2025-06-11,2,1,2,299.0,128.0,0.0
11443,408,5,2025-06-11,1,2,1,349.0,147.0,0.0
11444,1734,3,2025-06-11,3,1,1,329.0,141.0,0.0
11445,205,5,2025-06-11,8,1,1,349.0,147.0,0.0
11446,644,4,2025-06-11,8,1,1,349.0,147.0,0.0
11447,1272,4,2025-06-11,3,1,1,349.0,147.0,0.0
11448,1172,4,2025-06-11,4,2,1,349.0,147.0,0.0
11449,1430,1,2025-06-11,7,1,1,299.0,128.0,0.0
11450,1950,1,2025-06-11,1,4,1,299.0,128.0,0.0
11451,1919,6,2025-06-11,6,2,1,499.0,210.0,0.0
11452,1416,5,2025-06-11,2,3,1,349.0,147.0,0.0
11453,1585,3,2025-06-11,1,3,2,329.0,141.0,0.0
11454,350,4,2025-06-11,1,1,1,349.0,147.0,0.0
11455,1237,3,2025-06-11,8,3,1,329.0,141.0,0.0
11456,1399,4,2025-06-11,3,4,1,349.0,147.0,0.0
11457,1888,4,2025-06-11,4,3,2,349.0,147.0,0.0
11458,1192,2,2025-06-11,2,2,1,299.0,128.0,0.0
11459,820,5,2025-06-11,3,2,1,349.0,147.0,0.0
11460,412,5,2025-06-11,3,1,1,349.0,147.0,0.0
11461,379,5,2025-06-11,1,1,1,349.0,147.0,0.0
11462,656,3,2025-06-11,5,3,1,279.65,141.0,49.35
11463,1266,2,2025-06-11,6,1,1,299.0,128.0,0.0
11464,691,3,2025-06-12,5,3,1,329.0,141.0,0.0
11465,1217,1,2025-06-12,3,2,1,299.0,128.0,0.0
11466,1767,2,2025-06-12,1,2,1,299.0,128.0,0.0
11467,40,2,2025-06-12,1,2,1,299.0,128.0,0.0
11468,99,1,2025-06-12,2,3,1,269.1,128.0,29.9
11469,1536,5,2025-06-12,7,2,1,314.1,147.0,34.9
11470,1362,5,2025-06-12,3,2,1,349.0,147.0,0.0
11471,1277,2,2025-06-12,3,1,1,299.0,128.0,0.0
11472,1688,6,2025-06-12,6,4,1,499.0,210.0,0.0
11473,1477,2,2025-06-12,2,2,1,299.0,128.0,0.0
11474,550,2,2025-06-12,1,2,1,299.0,128.0,0.0
11475,617,1,2025-06-12,5,1,1,299.0,128.0,0.0
11476,965,5,2025-06-12,2,1,1,296.65,147.0,52.35
11477,1126,5,2025-06-12,2,1,1,349.0,147.0,0.0
11478,768,6,2025-06-12,1,1,1,499.0,210.0,0.0
11479,1598,5,2025-06-12,2,1,1,314.1,147.0,34.9
11480,1329,4,2025-06-12,1,1,1,349.0,147.0,0.0
11481,287,5,2025-06-12,4,1,1,349.0,147.0,0.0
11482,1024,2,2025-06-12,3,5,2,299.0,128.0,0.0
11483,432,1,2025-06-12,6,2,1,269.1,128.0,29.9
11484,370,5,2025-06-12,7,3,1,296.65,147.0,52.35
11485,1026,5,2025-06-12,7,2,1,296.65,147.0,52.35
11486,1618,3,2025-06-12,3,2,1,329.0,141.0,0.0
11487,484,5,2025-06-12,3,1,1,349.0,147.0,0.0
11488,1740,1,2025-06-12,5,1,1,299.0,128.0,0.0
11489,770,2,2025-06-12,1,3,1,299.0,128.0,0.0
11490,1122,5,2025-06-12,6,2,1,349.0,147.0,0.0
11491,492,2,2025-06-12,4,2,1,299.0,128.0,0.0
11492,1932,5,2025-06-12,4,5,2,349.0,147.0,0.0
11493,1676,2,2025-06-12,4,1,1,299.0,128.0,0.0
11494,404,5,2025-06-13,3,2,1,349.0,147.0,0.0
11495,595,5,2025-06-13,4,1,1,349.0,147.0,0.0
11496,1848,2,2025-06-13,1,5,1,299.0,128.0,0.0
11497,10,5,2025-06-13,2,2,1,349.0,147.0,0.0
11498,1316,6,2025-06-13,5,2,1,449.1,210.0,49.9
11499,1224,2,2025-06-13,5,1,1,299.0,128.0,0.0
11500,984,5,2025-06-13,3,1,1,349.0,147.0,0.0
11501,115,3,2025-06-13,8,5,2,329.0,141.0,0.0
11502,1018,1,2025-06-13,2,1,1,254.15,128.0,44.85
11503,839,5,2025-06-13,1,1,1,349.0,147.0,0.0
11504,1888,2,2025-06-13,8,1,2,299.0,128.0,0.0
11505,1245,3,2025-06-13,1,4,1,329.0,141.0,0.0
11506,1582,4,2025-06-13,4,5,1,349.0,147.0,0.0
11507,1375,1,2025-06-13,2,1,1,299.0,128.0,0.0
11508,350,5,2025-06-13,2,3,1,349.0,147.0,0.0
11509,2000,1,2025-06-13,4,2,1,299.0,128.0,0.0
11510,464,6,2025-06-13,5,2,1,499.0,210.0,0.0
11511,598,5,2025-06-13,6,1,1,349.0,147.0,0.0
11512,1012,4,2025-06-13,2,2,1,349.0,147.0,0.0
11513,519,3,2025-06-13,2,1,1,329.0,141.0,0.0
11514,176,3,2025-06-13,3,3,1,329.0,141.0,0.0
11515,894,4,2025-06-13,1,1,1,349.0,147.0,0.0
11516,272,4,2025-06-13,3,1,1,349.0,147.0,0.0
11517,740,5,2025-06-13,5,1,1,314.1,147.0,34.9
11518,1402,4,2025-06-13,3,1,1,296.65,147.0,52.35
11519,820,2,2025-06-13,1,2,1,299.0,128.0,0.0
11520,466,6,2025-06-13,7,3,1,499.0,210.0,0.0
11521,1099,4,2025-06-13,5,3,1,314.1,147.0,34.9
11522,957,3,2025-06-13,3,1,1,279.65,141.0,49.35
11523,726,6,2025-06-13,5,2,1,449.1,210.0,49.9
11524,777,1,2025-06-13,1,2,1,299.0,128.0,0.0
11525,1869,2,2025-06-13,3,1,1,254.15,128.0,44.85
11526,533,6,2025-06-14,1,1,1,499.0,210.0,0.0
11527,448,5,2025-06-14,1,4,1,349.0,147.0,0.0
11528,664,1,2025-06-14,1,4,1,299.0,128.0,0.0
11529,814,6,2025-06-14,1,1,1,499.0,210.0,0.0
11530,1451,1,2025-06-14,7,3,1,299.0,128.0,0.0
11531,1,3,2025-06-14,6,2,1,329.0,141.0,0.0
11532,914,5,2025-06-14,3,3,1,349.0,147.0,0.0
11533,1139,4,2025-06-14,6,2,1,349.0,147.0,0.0
11534,889,2,2025-06-14,5,2,1,299.0,128.0,0.0
11535,1188,5,2025-06-14,3,2,1,349.0,147.0,0.0
11536,899,5,2025-06-14,3,2,1,349.0,147.0,0.0
11537,1411,2,2025-06-14,5,5,1,299.0,128.0,0.0
11538,1734,1,2025-06-14,3,1,1,299.0,128.0,0.0
11539,1943,2,2025-06-14,2,5,1,299.0,128.0,0.0
11540,218,1,2025-06-14,1,5,1,269.1,128.0,29.9
11541,915,4,2025-06-14,5,3,1,296.65,147.0,52.35
11542,751,2,2025-06-14,3,1,1,269.1,128.0,29.9
11543,180,3,2025-06-14,1,1,1,296.1,141.0,32.9
11544,290,4,2025-06-14,4,1,1,296.65,147.0,52.35
11545,1618,6,2025-06-14,7,2,1,449.1,210.0,49.9
11546,1007,5,2025-06-14,8,1,1,349.0,147.0,0.0
11547,1989,2,2025-06-14,1,5,1,299.0,128.0,0.0
11548,1296,5,2025-06-14,5,2,1,349.0,147.0,0.0
11549,1687,4,2025-06-14,1,1,1,296.65,147.0,52.35
11550,309,5,2025-06-14,3,4,1,349.0,147.0,0.0
11551,1899,1,2025-06-14,2,1,1,299.0,128.0,0.0
11552,1538,4,2025-06-14,1,1,1,349.0,147.0,0.0
11553,1103,2,2025-06-14,1,2,1,299.0,128.0,0.0
11554,705,4,2025-06-14,5,2,1,314.1,147.0,34.9
11555,1464,2,2025-06-14,1,3,1,299.0,128.0,0.0
11556,592,6,2025-06-15,1,1,1,499.0,210.0,0.0
11557,1546,1,2025-06-15,4,1,1,299.0,128.0,0.0
11558,533,4,2025-06-15,2,2,1,296.65,147.0,52.35
11559,1100,5,2025-06-15,2,1,1,314.1,147.0,34.9
11560,1450,5,2025-06-15,8,4,1,349.0,147.0,0.0
11561,1448,4,2025-06-15,2,2,1,349.0,147.0,0.0
11562,934,1,2025-06-15,4,2,1,299.0,128.0,0.0
11563,248,4,2025-06-15,3,3,1,349.0,147.0,0.0
11564,172,4,2025-06-15,2,1,1,349.0,147.0,0.0
11565,1134,5,2025-06-15,3,2,1,349.0,147.0,0.0
11566,1168,6,2025-06-15,1,1,1,499.0,210.0,0.0
11567,503,5,2025-06-15,4,4,1,349.0,147.0,0.0
11568,1233,4,2025-06-15,8,2,1,349.0,147.0,0.0
11569,1141,2,2025-06-15,1,3,1,299.0,128.0,0.0
11570,927,5,2025-06-15,7,5,1,314.1,147.0,34.9
11571,946,2,2025-06-15,1,1,1,299.0,128.0,0.0
11572,1385,3,2025-06-15,3,1,2,296.1,141.0,32.9
11573,89,2,2025-06-15,5,1,1,299.0,128.0,0.0
11574,1699,5,2025-06-15,5,1,1,314.1,147.0,34.9
11575,305,3,2025-06-15,3,1,1,279.65,141.0,49.35
11576,1755,4,2025-06-15,3,5,1,349.0,147.0,0.0
11577,404,2,2025-06-15,1,4,1,299.0,128.0,0.0
11578,448,4,2025-06-15,3,1,1,296.65,147.0,52.35
11579,814,4,2025-06-15,1,2,1,349.0,147.0,0.0
11580,590,2,2025-06-15,2,1,1,299.0,128.0,0.0
11581,917,4,2025-06-15,8,1,1,349.0,147.0,0.0
11582,145,6,2025-06-15,4,1,2,499.0,210.0,0.0
11583,631,5,2025-06-15,3,1,1,349.0,147.0,0.0
11584,803,2,2025-06-15,7,2,1,299.0,128.0,0.0
11585,1080,1,2025-06-15,1,5,1,299.0,128.0,0.0
11586,804,3,2025-06-16,1,1,1,329.0,141.0,0.0
11587,758,4,2025-06-16,5,2,1,349.0,147.0,0.0
11588,226,5,2025-06-16,9,1,1,349.0,147.0,0.0
11589,502,3,2025-06-16,3,2,1,329.0,141.0,0.0
11590,1454,2,2025-06-16,3,2,1,299.0,128.0,0.0
11591,306,5,2025-06-16,7,4,1,349.0,147.0,0.0
11592,904,4,2025-06-16,3,3,1,314.1,147.0,34.9
11593,663,4,2025-06-16,4,1,2,349.0,147.0,0.0
11594,1207,5,2025-06-16,3,5,1,314.1,147.0,34.9
11595,1204,5,2025-06-16,1,2,1,296.65,147.0,52.35
11596,483,2,2025-06-16,1,1,2,299.0,128.0,0.0
11597,1610,1,2025-06-16,4,1,1,299.0,128.0,0.0
11598,843,1,2025-06-16,1,4,1,299.0,128.0,0.0
11599,1498,5,2025-06-16,3,2,1,349.0,147.0,0.0
11600,1950,5,2025-06-16,1,2,1,314.1,147.0,34.9
11601,926,1,2025-06-16,1,2,1,299.0,128.0,0.0
11602,810,6,2025-06-16,3,1,1,499.0,210.0,0.0
11603,311,1,2025-06-16,3,2,2,299.0,128.0,0.0
11604,344,1,2025-06-16,1,3,1,299.0,128.0,0.0
11605,1518,2,2025-06-16,1,2,1,299.0,128.0,0.0
11606,1605,2,2025-06-16,3,1,1,299.0,128.0,0.0
11607,990,3,2025-06-16,2,3,1,329.0,141.0,0.0
11608,1789,2,2025-06-16,2,2,1,269.1,128.0,29.9
11609,906,2,2025-06-16,5,1,1,299.0,128.0,0.0
11610,787,3,2025-06-16,4,3,2,329.0,141.0,0.0
11611,849,1,2025-06-16,3,5,1,254.15,128.0,44.85
11612,751,4,2025-06-16,3,1,1,349.0,147.0,0.0
11613,1146,1,2025-06-16,4,1,1,299.0,128.0,0.0
11614,1176,2,2025-06-16,1,1,1,299.0,128.0,0.0
11615,742,6,2025-06-16,5,3,1,499.0,210.0,0.0
11616,1590,6,2025-06-16,1,4,1,499.0,210.0,0.0
11617,909,5,2025-06-17,1,4,1,349.0,147.0,0.0
11618,907,4,2025-06-17,7,2,2,349.0,147.0,0.0
11619,783,5,2025-06-17,3,3,1,349.0,147.0,0.0
11620,1733,6,2025-06-17,1,3,1,499.0,210.0,0.0
11621,1523,4,2025-06-17,2,1,1,349.0,147.0,0.0
11622,1363,2,2025-06-17,1,3,1,299.0,128.0,0.0
11623,1765,6,2025-06-17,5,2,1,499.0,210.0,0.0
11624,532,3,2025-06-17,4,1,1,329.0,141.0,0.0
11625,1957,2,2025-06-17,1,2,1,299.0,128.0,0.0
11626,735,5,2025-06-17,7,1,1,349.0,147.0,0.0
11627,1451,2,2025-06-17,9,2,1,299.0,128.0,0.0
11628,1334,4,2025-06-17,7,4,1,349.0,147.0,0.0
11629,1196,4,2025-06-17,5,1,1,349.0,147.0,0.0
11630,1108,5,2025-06-17,3,1,1,349.0,147.0,0.0
11631,1568,6,2025-06-17,1,5,1,499.0,210.0,0.0
11632,951,2,2025-06-17,9,1,1,299.0,128.0,0.0
11633,435,3,2025-06-17,2,1,1,296.1,141.0,32.9
11634,1830,5,2025-06-17,1,1,1,349.0,147.0,0.0
11635,654,4,2025-06-17,1,2,1,349.0,147.0,0.0
11636,1987,1,2025-06-17,7,1,1,299.0,128.0,0.0
11637,388,2,2025-06-17,1,4,1,269.1,128.0,29.9
11638,1896,4,2025-06-17,1,5,1,349.0,147.0,0.0
11639,467,5,2025-06-17,1,2,1,349.0,147.0,0.0
11640,589,6,2025-06-18,3,1,1,499.0,210.0,0.0
11641,1873,4,2025-06-18,2,2,1,349.0,147.0,0.0
11642,321,2,2025-06-18,6,3,1,269.1,128.0,29.9
11643,641,4,2025-06-18,1,1,1,349.0,147.0,0.0
11644,104,5,2025-06-18,5,2,1,349.0,147.0,0.0
11645,574,1,2025-06-18,7,5,2,299.0,128.0,0.0
11646,285,1,2025-06-18,9,1,1,299.0,128.0,0.0
11647,90,4,2025-06-18,4,2,1,349.0,147.0,0.0
11648,1897,1,2025-06-18,5,4,1,299.0,128.0,0.0
11649,701,3,2025-06-18,1,2,1,329.0,141.0,0.0
11650,201,3,2025-06-18,7,4,1,296.1,141.0,32.9
11651,804,1,2025-06-18,1,3,1,299.0,128.0,0.0
11652,537,4,2025-06-18,4,3,1,349.0,147.0,0.0
11653,355,1,2025-06-18,4,2,1,299.0,128.0,0.0
11654,1187,4,2025-06-18,2,1,1,349.0,147.0,0.0
11655,810,4,2025-06-18,4,2,1,349.0,147.0,0.0
11656,1533,5,2025-06-18,2,3,1,296.65,147.0,52.35
11657,856,2,2025-06-18,4,5,1,299.0,128.0,0.0
11658,1691,5,2025-06-18,4,1,1,349.0,147.0,0.0
11659,567,3,2025-06-18,7,1,1,296.1,141.0,32.9
11660,1186,4,2025-06-18,1,5,1,349.0,147.0,0.0
11661,1696,4,2025-06-18,5,1,1,349.0,147.0,0.0
11662,408,3,2025-06-18,8,1,2,279.65,141.0,49.35
11663,236,1,2025-06-18,7,3,1,254.15,128.0,44.85
11664,786,1,2025-06-18,2,5,1,299.0,128.0,0.0
11665,51,3,2025-06-18,5,2,1,329.0,141.0,0.0
11666,1499,5,2025-06-18,1,2,1,296.65,147.0,52.35
11667,558,4,2025-06-18,4,1,2,349.0,147.0,0.0
11668,838,4,2025-06-18,4,1,1,349.0,147.0,0.0
11669,1432,4,2025-06-19,3,1,2,349.0,147.0,0.0
11670,1155,6,2025-06-19,1,1,1,499.0,210.0,0.0
11671,1023,5,2025-06-19,3,1,1,296.65,147.0,52.35
11672,860,3,2025-06-19,4,5,1,329.0,141.0,0.0
11673,511,1,2025-06-19,3,4,1,299.0,128.0,0.0
11674,326,3,2025-06-19,1,5,1,329.0,141.0,0.0
11675,773,3,2025-06-19,2,2,1,329.0,141.0,0.0
11676,798,1,2025-06-19,1,4,1,299.0,128.0,0.0
11677,1950,1,2025-06-19,2,2,1,299.0,128.0,0.0
11678,1402,4,2025-06-19,1,2,1,349.0,147.0,0.0
11679,764,5,2025-06-19,7,1,1,349.0,147.0,0.0
11680,1908,2,2025-06-19,1,4,1,299.0,128.0,0.0
11681,1074,4,2025-06-19,3,2,2,349.0,147.0,0.0
11682,1695,5,2025-06-19,3,3,1,349.0,147.0,0.0
11683,1268,6,2025-06-19,3,4,1,499.0,210.0,0.0
11684,630,1,2025-06-19,7,2,2,299.0,128.0,0.0
11685,1027,5,2025-06-19,1,2,1,296.65,147.0,52.35
11686,1004,4,2025-06-19,3,2,1,349.0,147.0,0.0
11687,902,5,2025-06-19,4,1,1,349.0,147.0,0.0
11688,254,4,2025-06-19,1,2,1,349.0,147.0,0.0
11689,948,5,2025-06-19,1,2,1,296.65,147.0,52.35
11690,1622,5,2025-06-19,1,2,1,349.0,147.0,0.0
11691,740,4,2025-06-19,1,1,1,349.0,147.0,0.0
11692,1894,4,2025-06-19,3,4,1,349.0,147.0,0.0
11693,486,1,2025-06-19,5,1,1,299.0,128.0,0.0
11694,1362,4,2025-06-19,2,2,2,314.1,147.0,34.9
11695,1665,2,2025-06-19,3,2,1,299.0,128.0,0.0
11696,1010,2,2025-06-19,6,2,1,299.0,128.0,0.0
11697,955,5,2025-06-19,7,2,1,349.0,147.0,0.0
11698,1706,5,2025-06-19,5,1,1,349.0,147.0,0.0
11699,1671,5,2025-06-19,3,1,1,349.0,147.0,0.0
11700,1627,2,2025-06-19,3,1,2,269.1,128.0,29.9
11701,964,2,2025-06-19,7,5,1,299.0,128.0,0.0
11702,1105,5,2025-06-20,5,1,1,349.0,147.0,0.0
11703,17,6,2025-06-20,4,1,2,499.0,210.0,0.0
11704,1549,3,2025-06-20,1,3,1,329.0,141.0,0.0
11705,656,4,2025-06-20,5,1,2,349.0,147.0,0.0
11706,64,6,2025-06-20,7,1,1,499.0,210.0,0.0
11707,1455,2,2025-06-20,1,2,1,254.15,128.0,44.85
11708,59,2,2025-06-20,5,1,1,269.1,128.0,29.9
11709,136,1,2025-06-20,1,3,1,299.0,128.0,0.0
11710,1594,3,2025-06-20,1,2,1,329.0,141.0,0.0
11711,1839,4,2025-06-20,3,3,1,349.0,147.0,0.0
11712,703,5,2025-06-20,1,1,1,296.65,147.0,52.35
11713,126,4,2025-06-20,1,3,1,296.65,147.0,52.35
11714,857,6,2025-06-20,8,1,1,499.0,210.0,0.0
11715,1236,1,2025-06-20,3,1,1,299.0,128.0,0.0
11716,1498,4,2025-06-20,1,1,1,314.1,147.0,34.9
11717,838,5,2025-06-20,2,2,1,349.0,147.0,0.0
11718,694,1,2025-06-20,5,2,1,269.1,128.0,29.9
11719,602,5,2025-06-20,1,1,1,314.1,147.0,34.9
11720,129,6,2025-06-20,5,1,1,449.1,210.0,49.9
11721,1681,4,2025-06-20,1,2,1,349.0,147.0,0.0
11722,312,3,2025-06-20,3,4,2,279.65,141.0,49.35
11723,415,5,2025-06-20,2,4,1,349.0,147.0,0.0
11724,984,3,2025-06-20,7,1,1,329.0,141.0,0.0
11725,587,5,2025-06-20,4,2,1,349.0,147.0,0.0
11726,1432,4,2025-06-20,1,2,1,349.0,147.0,0.0
11727,1325,4,2025-06-20,1,3,1,296.65,147.0,52.35
11728,770,4,2025-06-20,2,4,1,314.1,147.0,34.9
11729,132,5,2025-06-20,2,3,1,349.0,147.0,0.0
11730,1881,1,2025-06-20,1,1,1,269.1,128.0,29.9
11731,34,5,2025-06-20,1,1,1,349.0,147.0,0.0
11732,1938,1,2025-06-21,3,1,1,299.0,128.0,0.0
11733,246,5,2025-06-21,2,2,1,349.0,147.0,0.0
11734,186,4,2025-06-21,4,3,1,349.0,147.0,0.0
11735,1482,3,2025-06-21,2,1,1,279.65,141.0,49.35
11736,1540,1,2025-06-21,4,1,1,299.0,128.0,0.0
11737,1705,5,2025-06-21,3,1,1,314.1,147.0,34.9
11738,1351,2,2025-06-21,1,2,1,299.0,128.0,0.0
11739,650,4,2025-06-21,1,1,1,349.0,147.0,0.0
11740,685,5,2025-06-21,9,3,1,349.0,147.0,0.0
11741,873,2,2025-06-21,5,2,1,299.0,128.0,0.0
11742,980,1,2025-06-21,3,2,1,299.0,128.0,0.0
11743,397,4,2025-06-21,2,2,1,349.0,147.0,0.0
11744,161,6,2025-06-21,4,3,1,499.0,210.0,0.0
11745,590,4,2025-06-21,4,2,1,349.0,147.0,0.0
11746,917,3,2025-06-21,3,4,1,329.0,141.0,0.0
11747,320,2,2025-06-21,1,1,1,299.0,128.0,0.0
11748,1029,6,2025-06-21,3,4,1,424.15,210.0,74.85
11749,1847,2,2025-06-21,3,2,1,299.0,128.0,0.0
11750,903,3,2025-06-21,2,4,2,279.65,141.0,49.35
11751,954,4,2025-06-21,2,3,1,349.0,147.0,0.0
11752,224,3,2025-06-21,6,1,1,329.0,141.0,0.0
11753,1285,4,2025-06-21,2,2,1,349.0,147.0,0.0
11754,460,3,2025-06-21,3,3,1,329.0,141.0,0.0
11755,1030,2,2025-06-21,1,4,1,299.0,128.0,0.0
11756,529,5,2025-06-21,3,4,1,349.0,147.0,0.0
11757,1811,4,2025-06-21,1,2,1,349.0,147.0,0.0
11758,642,1,2025-06-21,5,5,1,299.0,128.0,0.0
11759,1517,4,2025-06-21,4,1,1,296.65,147.0,52.35
11760,407,1,2025-06-21,1,3,1,299.0,128.0,0.0
11761,665,6,2025-06-21,2,1,1,499.0,210.0,0.0
11762,1279,3,2025-06-21,5,2,1,329.0,141.0,0.0
11763,1835,2,2025-06-21,5,1,1,254.15,128.0,44.85
11764,303,4,2025-06-21,2,2,1,349.0,147.0,0.0
11765,1115,2,2025-06-21,2,1,1,299.0,128.0,0.0
11766,1790,6,2025-06-21,1,2,1,449.1,210.0,49.9
11767,240,2,2025-06-21,1,2,1,269.1,128.0,29.9
11768,269,5,2025-06-21,4,2,1,349.0,147.0,0.0
11769,1104,6,2025-06-21,1,2,1,499.0,210.0,0.0
11770,926,2,2025-06-22,2,1,2,299.0,128.0,0.0
11771,1449,4,2025-06-22,3,1,1,349.0,147.0,0.0
11772,1715,4,2025-06-22,6,3,1,349.0,147.0,0.0
11773,1030,6,2025-06-22,8,1,1,424.15,210.0,74.85
11774,1569,2,2025-06-22,5,1,1,299.0,128.0,0.0
11775,587,1,2025-06-22,1,2,1,299.0,128.0,0.0
11776,1456,5,2025-06-22,1,4,1,349.0,147.0,0.0
11777,1661,2,2025-06-22,7,2,1,299.0,128.0,0.0
11778,1594,4,2025-06-22,5,2,1,296.65,147.0,52.35
11779,873,1,2025-06-22,1,2,1,299.0,128.0,0.0
11780,1115,5,2025-06-22,5,2,1,349.0,147.0,0.0
11781,113,1,2025-06-22,4,1,1,299.0,128.0,0.0
11782,1185,4,2025-06-22,1,3,1,349.0,147.0,0.0
11783,1463,4,2025-06-22,4,1,1,296.65,147.0,52.35
11784,195,6,2025-06-22,3,3,2,499.0,210.0,0.0
11785,6,6,2025-06-22,3,1,1,449.1,210.0,49.9
11786,916,6,2025-06-22,4,3,1,499.0,210.0,0.0
11787,1870,4,2025-06-22,8,2,1,349.0,147.0,0.0
11788,1173,4,2025-06-22,1,2,1,296.65,147.0,52.35
11789,1195,4,2025-06-22,3,3,1,349.0,147.0,0.0
11790,1787,1,2025-06-22,1,1,1,299.0,128.0,0.0
11791,338,3,2025-06-22,1,2,1,296.1,141.0,32.9
11792,1221,5,2025-06-22,3,2,1,349.0,147.0,0.0
11793,667,3,2025-06-22,1,1,1,329.0,141.0,0.0
11794,522,1,2025-06-22,2,1,1,299.0,128.0,0.0
11795,1098,3,2025-06-22,2,3,1,329.0,141.0,0.0
11796,1881,2,2025-06-22,6,4,1,269.1,128.0,29.9
11797,1407,2,2025-06-22,1,4,1,269.1,128.0,29.9
11798,699,3,2025-06-22,3,1,1,329.0,141.0,0.0
11799,468,5,2025-06-22,3,3,1,349.0,147.0,0.0
11800,1529,6,2025-06-22,5,2,1,499.0,210.0,0.0
11801,869,5,2025-06-22,4,1,1,349.0,147.0,0.0
11802,425,5,2025-06-23,3,2,1,349.0,147.0,0.0
11803,1771,1,2025-06-23,3,2,1,269.1,128.0,29.9
11804,411,6,2025-06-23,8,2,1,499.0,210.0,0.0
11805,1474,5,2025-06-23,1,5,1,349.0,147.0,0.0
11806,1350,4,2025-06-23,6,2,1,314.1,147.0,34.9
11807,1735,6,2025-06-23,3,1,1,499.0,210.0,0.0
11808,1066,4,2025-06-23,3,3,1,349.0,147.0,0.0
11809,707,1,2025-06-23,4,2,1,299.0,128.0,0.0
11810,1831,2,2025-06-23,3,2,1,299.0,128.0,0.0
11811,14,2,2025-06-23,1,2,1,299.0,128.0,0.0
11812,1971,1,2025-06-23,1,1,1,299.0,128.0,0.0
11813,250,1,2025-06-23,3,5,1,254.15,128.0,44.85
11814,247,6,2025-06-23,7,2,1,499.0,210.0,0.0
11815,1116,3,2025-06-23,7,4,1,329.0,141.0,0.0
11816,1405,5,2025-06-23,3,4,1,314.1,147.0,34.9
11817,513,1,2025-06-23,2,5,1,299.0,128.0,0.0
11818,566,4,2025-06-23,4,1,1,314.1,147.0,34.9
11819,614,3,2025-06-23,4,1,1,279.65,141.0,49.35
11820,1359,2,2025-06-23,7,5,1,299.0,128.0,0.0
11821,1798,1,2025-06-23,2,5,1,299.0,128.0,0.0
11822,392,1,2025-06-23,7,1,1,299.0,128.0,0.0
11823,987,2,2025-06-23,4,2,1,299.0,128.0,0.0
11824,1805,4,2025-06-23,3,5,1,314.1,147.0,34.9
11825,121,5,2025-06-23,1,2,1,349.0,147.0,0.0
11826,402,6,2025-06-23,5,1,1,499.0,210.0,0.0
11827,1849,5,2025-06-23,5,1,1,314.1,147.0,34.9
11828,318,3,2025-06-23,1,3,1,296.1,141.0,32.9
11829,1226,6,2025-06-23,4,1,1,449.1,210.0,49.9
11830,627,4,2025-06-23,7,1,1,349.0,147.0,0.0
11831,57,5,2025-06-23,5,2,1,314.1,147.0,34.9
11832,1437,4,2025-06-23,1,5,1,349.0,147.0,0.0
11833,1668,4,2025-06-23,5,1,1,314.1,147.0,34.9
11834,403,6,2025-06-23,8,1,1,499.0,210.0,0.0
11835,654,2,2025-06-23,2,2,1,299.0,128.0,0.0
11836,1054,6,2025-06-24,3,1,1,499.0,210.0,0.0
11837,1227,1,2025-06-24,7,5,2,299.0,128.0,0.0
11838,1170,4,2025-06-24,1,3,1,349.0,147.0,0.0
11839,367,5,2025-06-24,3,2,1,349.0,147.0,0.0
11840,1494,4,2025-06-24,1,1,1,349.0,147.0,0.0
11841,1844,5,2025-06-24,5,2,1,349.0,147.0,0.0
11842,614,3,2025-06-24,3,1,1,329.0,141.0,0.0
11843,1438,2,2025-06-24,5,1,1,299.0,128.0,0.0
11844,1424,2,2025-06-24,2,1,1,299.0,128.0,0.0
11845,1076,4,2025-06-24,2,1,1,349.0,147.0,0.0
11846,1077,5,2025-06-24,1,2,2,296.65,147.0,52.35
11847,262,4,2025-06-24,7,1,2,349.0,147.0,0.0
11848,1184,2,2025-06-24,1,4,1,299.0,128.0,0.0
11849,1721,2,2025-06-24,1,5,1,299.0,128.0,0.0
11850,1388,4,2025-06-24,3,4,1,349.0,147.0,0.0
11851,1640,3,2025-06-24,8,1,1,329.0,141.0,0.0
11852,1626,4,2025-06-24,2,2,1,349.0,147.0,0.0
11853,452,3,2025-06-24,2,2,1,329.0,141.0,0.0
11854,838,4,2025-06-24,4,5,1,349.0,147.0,0.0
11855,844,4,2025-06-24,3,5,1,349.0,147.0,0.0
11856,426,1,2025-06-24,2,1,1,299.0,128.0,0.0
11857,167,3,2025-06-24,8,2,1,329.0,141.0,0.0
11858,628,4,2025-06-24,2,2,1,349.0,147.0,0.0
11859,1510,2,2025-06-24,5,5,1,299.0,128.0,0.0
11860,1817,5,2025-06-24,5,1,1,349.0,147.0,0.0
11861,1739,1,2025-06-24,4,1,1,299.0,128.0,0.0
11862,14,4,2025-06-24,1,3,1,349.0,147.0,0.0
11863,1440,2,2025-06-24,3,5,1,299.0,128.0,0.0
11864,1992,1,2025-06-24,1,4,1,299.0,128.0,0.0
11865,1067,5,2025-06-24,1,5,1,349.0,147.0,0.0
11866,1141,4,2025-06-24,3,2,1,314.1,147.0,34.9
11867,212,3,2025-06-24,5,2,1,329.0,141.0,0.0
11868,1166,4,2025-06-25,1,3,1,349.0,147.0,0.0
11869,340,5,2025-06-25,4,1,1,296.65,147.0,52.35
11870,419,1,2025-06-25,7,2,1,299.0,128.0,0.0
11871,1501,6,2025-06-25,1,1,1,499.0,210.0,0.0
11872,140,2,2025-06-25,1,3,2,299.0,128.0,0.0
11873,1475,4,2025-06-25,2,4,1,349.0,147.0,0.0
11874,995,2,2025-06-25,3,1,2,299.0,128.0,0.0
11875,1772,1,2025-06-25,4,3,1,299.0,128.0,0.0
11876,46,1,2025-06-25,1,2,1,299.0,128.0,0.0
11877,1968,4,2025-06-25,7,5,1,349.0,147.0,0.0
11878,1313,5,2025-06-25,1,3,1,349.0,147.0,0.0
11879,1398,1,2025-06-25,1,2,1,299.0,128.0,0.0
11880,1501,2,2025-06-25,7,1,2,299.0,128.0,0.0
11881,1057,4,2025-06-25,4,3,1,349.0,147.0,0.0
11882,739,5,2025-06-25,4,5,1,314.1,147.0,34.9
11883,1215,4,2025-06-25,2,5,1,349.0,147.0,0.0
11884,985,2,2025-06-25,3,1,2,299.0,128.0,0.0
11885,1575,3,2025-06-25,5,1,1,329.0,141.0,0.0
11886,1322,6,2025-06-25,6,2,1,499.0,210.0,0.0
11887,144,6,2025-06-25,7,2,1,499.0,210.0,0.0
11888,949,2,2025-06-25,5,1,1,254.15,128.0,44.85
11889,577,2,2025-06-25,3,2,1,299.0,128.0,0.0
11890,1077,5,2025-06-25,7,3,1,349.0,147.0,0.0
11891,16,2,2025-06-25,3,3,1,299.0,128.0,0.0
11892,1440,6,2025-06-25,3,5,1,499.0,210.0,0.0
11893,716,1,2025-06-25,1,4,1,299.0,128.0,0.0
11894,741,5,2025-06-25,4,5,1,349.0,147.0,0.0
11895,1699,6,2025-06-25,7,4,1,499.0,210.0,0.0
11896,271,5,2025-06-25,1,1,1,349.0,147.0,0.0
11897,1479,4,2025-06-25,1,5,1,296.65,147.0,52.35
11898,1192,5,2025-06-26,1,1,1,349.0,147.0,0.0
11899,241,4,2025-06-26,6,3,2,349.0,147.0,0.0
11900,1322,6,2025-06-26,6,4,1,499.0,210.0,0.0
11901,1491,1,2025-06-26,3,3,2,299.0,128.0,0.0
11902,843,5,2025-06-26,8,1,1,296.65,147.0,52.35
11903,180,1,2025-06-26,3,3,1,299.0,128.0,0.0
11904,541,1,2025-06-26,1,2,1,299.0,128.0,0.0
11905,907,5,2025-06-26,2,2,2,349.0,147.0,0.0
11906,243,5,2025-06-26,3,1,2,349.0,147.0,0.0
11907,819,5,2025-06-26,3,3,1,349.0,147.0,0.0
11908,540,5,2025-06-26,3,1,1,296.65,147.0,52.35
11909,769,1,2025-06-26,4,1,1,269.1,128.0,29.9
11910,1026,4,2025-06-26,8,1,2,349.0,147.0,0.0
11911,319,3,2025-06-26,1,1,2,329.0,141.0,0.0
11912,1844,3,2025-06-26,1,1,1,329.0,141.0,0.0
11913,142,5,2025-06-26,1,1,2,349.0,147.0,0.0
11914,151,2,2025-06-26,4,2,1,299.0,128.0,0.0
11915,286,1,2025-06-26,7,2,1,254.15,128.0,44.85
11916,1519,6,2025-06-26,7,5,1,449.1,210.0,49.9
11917,502,2,2025-06-26,1,5,1,254.15,128.0,44.85
11918,1847,5,2025-06-26,3,1,1,349.0,147.0,0.0
11919,246,1,2025-06-26,1,1,1,299.0,128.0,0.0
11920,990,6,2025-06-26,1,1,1,499.0,210.0,0.0
11921,1751,4,2025-06-26,1,3,1,349.0,147.0,0.0
11922,1248,1,2025-06-26,1,3,1,299.0,128.0,0.0
11923,950,4,2025-06-26,6,4,1,349.0,147.0,0.0
11924,1839,3,2025-06-26,1,2,1,329.0,141.0,0.0
11925,348,5,2025-06-26,9,1,1,349.0,147.0,0.0
11926,1129,2,2025-06-26,7,4,1,299.0,128.0,0.0
11927,438,4,2025-06-26,2,1,1,296.65,147.0,52.35
11928,546,1,2025-06-26,1,2,1,299.0,128.0,0.0
11929,1872,6,2025-06-26,2,1,1,499.0,210.0,0.0
11930,20,4,2025-06-27,8,1,2,296.65,147.0,52.35
11931,299,6,2025-06-27,3,5,1,449.1,210.0,49.9
11932,1990,4,2025-06-27,2,3,1,349.0,147.0,0.0
11933,1585,3,2025-06-27,3,1,1,329.0,141.0,0.0
11934,242,2,2025-06-27,2,5,1,299.0,128.0,0.0
11935,854,2,2025-06-27,8,3,1,299.0,128.0,0.0
11936,1379,4,2025-06-27,5,1,1,349.0,147.0,0.0
11937,1443,4,2025-06-27,5,1,1,349.0,147.0,0.0
11938,1593,1,2025-06-27,2,2,1,254.15,128.0,44.85
11939,1008,2,2025-06-27,8,2,1,299.0,128.0,0.0
11940,1573,3,2025-06-27,5,3,1,329.0,141.0,0.0
11941,1437,3,2025-06-27,4,1,1,329.0,141.0,0.0
11942,86,1,2025-06-27,1,3,2,299.0,128.0,0.0
11943,1798,5,2025-06-27,9,3,1,349.0,147.0,0.0
11944,1199,3,2025-06-27,7,4,1,329.0,141.0,0.0
11945,1002,1,2025-06-27,1,3,1,299.0,128.0,0.0
11946,477,4,2025-06-27,1,3,1,296.65,147.0,52.35
11947,447,4,2025-06-27,3,1,1,349.0,147.0,0.0
11948,1947,2,2025-06-27,5,5,1,299.0,128.0,0.0
11949,405,5,2025-06-27,3,1,1,296.65,147.0,52.35
11950,235,5,2025-06-27,6,2,1,349.0,147.0,0.0
11951,585,6,2025-06-27,7,1,1,449.1,210.0,49.9
11952,577,5,2025-06-27,7,2,1,296.65,147.0,52.35
11953,455,4,2025-06-27,3,1,1,349.0,147.0,0.0
11954,620,2,2025-06-27,5,1,2,254.15,128.0,44.85
11955,1125,5,2025-06-27,1,1,2,349.0,147.0,0.0
11956,768,6,2025-06-27,1,2,1,499.0,210.0,0.0
11957,440,2,2025-06-27,7,2,1,254.15,128.0,44.85
11958,119,3,2025-06-27,1,1,1,329.0,141.0,0.0
11959,49,5,2025-06-27,2,3,1,349.0,147.0,0.0
11960,201,6,2025-06-27,1,2,2,499.0,210.0,0.0
11961,53,5,2025-06-27,5,1,1,349.0,147.0,0.0
11962,560,1,2025-06-27,1,1,2,254.15,128.0,44.85
11963,1032,5,2025-06-27,1,1,1,349.0,147.0,0.0
11964,730,1,2025-06-28,7,3,1,269.1,128.0,29.9
11965,1920,5,2025-06-28,4,1,2,349.0,147.0,0.0
11966,172,5,2025-06-28,3,4,1,314.1,147.0,34.9
11967,20,3,2025-06-28,5,2,1,279.65,141.0,49.35
11968,217,5,2025-06-28,3,2,1,349.0,147.0,0.0
11969,990,3,2025-06-28,3,1,1,296.1,141.0,32.9
11970,261,5,2025-06-28,5,4,1,349.0,147.0,0.0
11971,292,2,2025-06-28,3,2,1,299.0,128.0,0.0
11972,1992,5,2025-06-28,2,1,1,314.1,147.0,34.9
11973,1214,3,2025-06-28,5,1,1,329.0,141.0,0.0
11974,656,2,2025-06-28,1,2,1,299.0,128.0,0.0
11975,909,1,2025-06-28,2,4,1,269.1,128.0,29.9
11976,1759,5,2025-06-28,6,1,1,349.0,147.0,0.0
11977,88,4,2025-06-28,7,2,1,349.0,147.0,0.0
11978,78,4,2025-06-28,6,5,2,349.0,147.0,0.0
11979,1153,3,2025-06-28,3,1,1,329.0,141.0,0.0
11980,475,2,2025-06-28,3,2,1,299.0,128.0,0.0
11981,1974,4,2025-06-28,1,3,1,314.1,147.0,34.9
11982,1139,4,2025-06-28,5,2,1,349.0,147.0,0.0
11983,727,6,2025-06-28,7,3,1,499.0,210.0,0.0
11984,1607,3,2025-06-28,1,5,1,329.0,141.0,0.0
11985,399,1,2025-06-28,2,2,1,299.0,128.0,0.0
11986,1356,4,2025-06-28,1,4,1,349.0,147.0,0.0
11987,131,4,2025-06-28,3,1,1,296.65,147.0,52.35
11988,1204,6,2025-06-28,1,2,1,449.1,210.0,49.9
11989,371,4,2025-06-28,7,3,1,349.0,147.0,0.0
11990,1511,3,2025-06-28,7,5,1,329.0,141.0,0.0
11991,540,6,2025-06-28,3,2,1,499.0,210.0,0.0
11992,1670,1,2025-06-28,1,1,1,299.0,128.0,0.0
11993,1723,4,2025-06-28,8,3,2,349.0,147.0,0.0
11994,1946,5,2025-06-28,2,1,1,296.65,147.0,52.35
11995,101,5,2025-06-29,1,4,1,349.0,147.0,0.0
11996,31,4,2025-06-29,1,5,1,349.0,147.0,0.0
11997,949,4,2025-06-29,4,1,2,349.0,147.0,0.0
11998,1543,1,2025-06-29,4,5,1,299.0,128.0,0.0
11999,1934,5,2025-06-29,3,2,1,349.0,147.0,0.0
12000,883,6,2025-06-29,3,3,1,499.0,210.0,0.0
12001,1269,4,2025-06-29,2,4,1,349.0,147.0,0.0
12002,690,4,2025-06-29,3,4,2,349.0,147.0,0.0
12003,1952,3,2025-06-29,5,1,2,329.0,141.0,0.0
12004,1543,5,2025-06-29,4,2,1,349.0,147.0,0.0
12005,209,3,2025-06-29,7,3,1,329.0,141.0,0.0
12006,1853,3,2025-06-29,1,1,1,329.0,141.0,0.0
12007,31,6,2025-06-29,2,2,1,499.0,210.0,0.0
12008,1330,2,2025-06-29,1,1,2,299.0,128.0,0.0
12009,1772,5,2025-06-29,5,3,1,349.0,147.0,0.0
12010,1123,5,2025-06-29,2,2,1,349.0,147.0,0.0
12011,1412,4,2025-06-29,7,1,1,349.0,147.0,0.0
12012,135,5,2025-06-29,4,1,2,349.0,147.0,0.0
12013,1567,1,2025-06-29,1,2,1,299.0,128.0,0.0
12014,1197,3,2025-06-29,1,1,1,329.0,141.0,0.0
12015,15,5,2025-06-29,1,2,1,349.0,147.0,0.0
12016,233,3,2025-06-29,5,2,1,329.0,141.0,0.0
12017,1588,4,2025-06-29,1,1,1,349.0,147.0,0.0
12018,1010,5,2025-06-29,5,3,1,349.0,147.0,0.0
12019,1833,2,2025-06-29,5,1,1,299.0,128.0,0.0
12020,1004,2,2025-06-29,4,2,1,299.0,128.0,0.0
12021,337,2,2025-06-29,4,3,1,269.1,128.0,29.9
12022,663,5,2025-06-29,1,1,1,349.0,147.0,0.0
12023,772,5,2025-06-29,3,1,1,349.0,147.0,0.0
12024,1128,1,2025-06-29,2,4,1,269.1,128.0,29.9
12025,1408,4,2025-06-29,4,1,1,349.0,147.0,0.0
12026,1041,5,2025-06-29,5,5,1,349.0,147.0,0.0
12027,788,5,2025-06-29,1,1,1,349.0,147.0,0.0
12028,561,5,2025-06-29,5,2,1,314.1,147.0,34.9
12029,1489,5,2025-06-30,1,5,1,349.0,147.0,0.0
12030,584,5,2025-06-30,5,5,1,314.1,147.0,34.9
12031,1319,5,2025-06-30,1,5,1,349.0,147.0,0.0
12032,1638,4,2025-06-30,6,4,1,349.0,147.0,0.0
12033,1570,1,2025-06-30,1,1,1,299.0,128.0,0.0
12034,395,4,2025-06-30,4,1,1,349.0,147.0,0.0
12035,741,3,2025-06-30,4,1,1,329.0,141.0,0.0
12036,31,2,2025-06-30,1,1,1,299.0,128.0,0.0
12037,923,2,2025-06-30,6,3,1,254.15,128.0,44.85
12038,97,4,2025-06-30,4,2,2,314.1,147.0,34.9
12039,298,4,2025-06-30,6,1,1,349.0,147.0,0.0
12040,1538,1,2025-06-30,4,2,1,299.0,128.0,0.0
12041,1935,5,2025-06-30,1,3,1,314.1,147.0,34.9
12042,620,1,2025-06-30,6,1,1,269.1,128.0,29.9
12043,1507,3,2025-06-30,5,2,1,296.1,141.0,32.9
12044,726,5,2025-06-30,2,1,1,349.0,147.0,0.0
12045,1911,5,2025-06-30,9,4,1,349.0,147.0,0.0
12046,1678,6,2025-06-30,1,3,1,499.0,210.0,0.0
12047,1657,5,2025-06-30,1,3,1,349.0,147.0,0.0
12048,1511,4,2025-06-30,3,1,1,349.0,147.0,0.0
12049,655,4,2025-06-30,3,1,1,349.0,147.0,0.0
12050,1761,4,2025-06-30,7,5,1,314.1,147.0,34.9
12051,986,5,2025-06-30,5,5,1,314.1,147.0,34.9
12052,1384,6,2025-06-30,1,1,1,499.0,210.0,0.0
12053,538,2,2025-06-30,4,2,1,269.1,128.0,29.9
12054,616,5,2025-06-30,5,4,1,296.65,147.0,52.35
12055,739,4,2025-06-30,7,2,1,296.65,147.0,52.35
12056,1910,2,2025-06-30,3,2,1,299.0,128.0,0.0
12057,669,6,2025-06-30,1,4,1,449.1,210.0,49.9
12058,410,5,2025-06-30,5,4,2,349.0,147.0,0.0
12059,1368,4,2025-06-30,7,3,1,349.0,147.0,0.0
12060,1268,2,2025-07-01,5,1,1,254.15,128.0,44.85
12061,138,5,2025-07-01,1,3,1,349.0,147.0,0.0
12062,1820,4,2025-07-01,3,5,1,314.1,147.0,34.9
12063,1281,3,2025-07-01,4,3,1,279.65,141.0,49.35
12064,569,5,2025-07-01,5,1,1,349.0,147.0,0.0
12065,1547,5,2025-07-01,5,2,1,349.0,147.0,0.0
12066,1493,6,2025-07-01,4,2,2,499.0,210.0,0.0
12067,604,5,2025-07-01,7,1,1,349.0,147.0,0.0
12068,1463,1,2025-07-01,3,3,1,299.0,128.0,0.0
12069,744,4,2025-07-01,1,4,1,349.0,147.0,0.0
12070,1831,1,2025-07-01,8,1,1,299.0,128.0,0.0
12071,667,4,2025-07-01,2,5,1,349.0,147.0,0.0
12072,530,6,2025-07-01,4,1,1,449.1,210.0,49.9
12073,1045,4,2025-07-01,1,3,1,349.0,147.0,0.0
12074,1499,3,2025-07-01,5,4,1,329.0,141.0,0.0
12075,1294,1,2025-07-01,2,1,1,299.0,128.0,0.0
12076,634,1,2025-07-01,5,4,1,299.0,128.0,0.0
12077,1411,6,2025-07-01,3,2,1,499.0,210.0,0.0
12078,1201,5,2025-07-01,1,3,2,349.0,147.0,0.0
12079,1689,6,2025-07-01,3,1,1,499.0,210.0,0.0
12080,1037,4,2025-07-01,1,1,1,349.0,147.0,0.0
12081,324,1,2025-07-01,3,2,1,299.0,128.0,0.0
12082,546,4,2025-07-01,2,1,1,314.1,147.0,34.9
12083,355,1,2025-07-01,5,1,1,299.0,128.0,0.0
12084,1441,1,2025-07-01,1,2,1,299.0,128.0,0.0
12085,1922,6,2025-07-01,1,1,1,499.0,210.0,0.0
12086,529,1,2025-07-01,6,2,1,299.0,128.0,0.0
12087,123,5,2025-07-01,4,2,1,349.0,147.0,0.0
12088,1166,2,2025-07-01,5,1,1,299.0,128.0,0.0
12089,1870,5,2025-07-01,3,4,1,349.0,147.0,0.0
12090,789,4,2025-07-01,7,4,1,314.1,147.0,34.9
12091,468,5,2025-07-01,3,1,1,349.0,147.0,0.0
12092,1341,4,2025-07-01,1,1,1,349.0,147.0,0.0
12093,1518,2,2025-07-01,8,1,1,299.0,128.0,0.0
12094,612,4,2025-07-01,2,1,2,349.0,147.0,0.0
12095,973,3,2025-07-01,3,2,1,296.1,141.0,32.9
12096,1220,4,2025-07-01,5,1,1,349.0,147.0,0.0
12097,1201,5,2025-07-02,1,1,1,349.0,147.0,0.0
12098,912,4,2025-07-02,5,2,1,314.1,147.0,34.9
12099,402,4,2025-07-02,7,1,1,349.0,147.0,0.0
12100,75,1,2025-07-02,3,1,1,254.15,128.0,44.85
12101,1697,4,2025-07-02,1,2,2,349.0,147.0,0.0
12102,1027,1,2025-07-02,1,1,1,299.0,128.0,0.0
12103,644,1,2025-07-02,1,2,1,299.0,128.0,0.0
12104,1125,1,2025-07-02,1,5,1,299.0,128.0,0.0
12105,937,1,2025-07-02,3,5,1,299.0,128.0,0.0
12106,1930,4,2025-07-02,7,3,1,314.1,147.0,34.9
12107,407,4,2025-07-02,5,2,2,349.0,147.0,0.0
12108,1272,5,2025-07-02,1,5,1,296.65,147.0,52.35
12109,1987,3,2025-07-02,1,4,1,329.0,141.0,0.0
12110,197,2,2025-07-02,3,1,1,299.0,128.0,0.0
12111,1444,1,2025-07-02,3,2,1,269.1,128.0,29.9
12112,927,5,2025-07-02,2,3,1,349.0,147.0,0.0
12113,1424,3,2025-07-02,8,2,1,329.0,141.0,0.0
12114,497,2,2025-07-02,4,3,1,299.0,128.0,0.0
12115,84,3,2025-07-02,3,1,1,329.0,141.0,0.0
12116,155,5,2025-07-02,3,4,1,349.0,147.0,0.0
12117,1793,1,2025-07-02,8,3,1,299.0,128.0,0.0
12118,1235,6,2025-07-02,1,5,1,499.0,210.0,0.0
12119,202,2,2025-07-02,1,3,1,299.0,128.0,0.0
12120,185,3,2025-07-02,5,5,1,329.0,141.0,0.0
12121,1885,2,2025-07-02,3,2,2,299.0,128.0,0.0
12122,125,5,2025-07-02,1,2,1,349.0,147.0,0.0
12123,1794,1,2025-07-02,3,2,1,254.15,128.0,44.85
12124,841,4,2025-07-02,3,1,1,349.0,147.0,0.0
12125,110,4,2025-07-02,7,5,1,349.0,147.0,0.0
12126,1389,3,2025-07-02,5,2,1,329.0,141.0,0.0
12127,1695,4,2025-07-02,5,3,1,314.1,147.0,34.9
12128,1237,1,2025-07-02,1,2,1,299.0,128.0,0.0
12129,765,4,2025-07-03,1,1,1,296.65,147.0,52.35
12130,105,1,2025-07-03,1,1,1,299.0,128.0,0.0
12131,1064,5,2025-07-03,7,1,1,349.0,147.0,0.0
12132,900,5,2025-07-03,3,4,1,296.65,147.0,52.35
12133,1272,6,2025-07-03,3,2,1,499.0,210.0,0.0
12134,1709,6,2025-07-03,1,5,1,499.0,210.0,0.0
12135,247,5,2025-07-03,6,2,1,296.65,147.0,52.35
12136,727,5,2025-07-03,1,2,1,349.0,147.0,0.0
12137,47,5,2025-07-03,2,1,1,349.0,147.0,0.0
12138,44,5,2025-07-03,5,5,1,314.1,147.0,34.9
12139,1644,5,2025-07-03,3,3,1,314.1,147.0,34.9
12140,888,1,2025-07-03,2,1,1,299.0,128.0,0.0
12141,793,1,2025-07-03,7,2,1,299.0,128.0,0.0
12142,1637,4,2025-07-03,3,1,1,349.0,147.0,0.0
12143,1075,6,2025-07-03,2,2,1,449.1,210.0,49.9
12144,1919,2,2025-07-03,1,1,1,299.0,128.0,0.0
12145,1467,1,2025-07-03,5,1,1,299.0,128.0,0.0
12146,1093,5,2025-07-03,2,4,1,296.65,147.0,52.35
12147,651,5,2025-07-03,3,2,1,296.65,147.0,52.35
12148,1417,5,2025-07-03,2,4,1,349.0,147.0,0.0
12149,717,5,2025-07-03,5,2,2,314.1,147.0,34.9
12150,1286,4,2025-07-03,2,1,1,314.1,147.0,34.9
12151,1908,5,2025-07-03,1,1,1,296.65,147.0,52.35
12152,899,1,2025-07-03,4,2,2,299.0,128.0,0.0
12153,1896,5,2025-07-03,5,2,1,349.0,147.0,0.0
12154,153,5,2025-07-03,1,1,1,314.1,147.0,34.9
12155,112,5,2025-07-03,1,1,1,349.0,147.0,0.0
12156,281,3,2025-07-03,5,2,2,296.1,141.0,32.9
12157,313,2,2025-07-03,6,1,1,299.0,128.0,0.0
12158,1170,6,2025-07-03,2,5,1,449.1,210.0,49.9
12159,32,5,2025-07-03,3,1,1,296.65,147.0,52.35
12160,1354,6,2025-07-03,5,1,1,499.0,210.0,0.0
12161,1427,2,2025-07-03,5,1,1,299.0,128.0,0.0
12162,768,1,2025-07-04,2,1,1,269.1,128.0,29.9
12163,1273,4,2025-07-04,1,3,1,349.0,147.0,0.0
12164,1700,2,2025-07-04,3,3,2,299.0,128.0,0.0
12165,1667,1,2025-07-04,1,1,1,299.0,128.0,0.0
12166,712,1,2025-07-04,7,5,1,269.1,128.0,29.9
12167,207,5,2025-07-04,7,2,1,349.0,147.0,0.0
12168,1647,3,2025-07-04,1,1,1,329.0,141.0,0.0
12169,1543,4,2025-07-04,2,1,1,349.0,147.0,0.0
12170,1679,3,2025-07-04,1,2,1,329.0,141.0,0.0
12171,1774,1,2025-07-04,4,1,1,269.1,128.0,29.9
12172,1265,6,2025-07-04,2,2,1,499.0,210.0,0.0
12173,327,3,2025-07-04,2,3,2,329.0,141.0,0.0
12174,1467,4,2025-07-04,1,2,1,349.0,147.0,0.0
12175,768,5,2025-07-04,1,1,1,349.0,147.0,0.0
12176,1609,1,2025-07-04,1,5,1,299.0,128.0,0.0
12177,1402,4,2025-07-04,2,1,1,349.0,147.0,0.0
12178,1039,1,2025-07-04,1,2,1,299.0,128.0,0.0
12179,109,4,2025-07-04,5,1,1,314.1,147.0,34.9
12180,1872,2,2025-07-04,8,1,1,254.15,128.0,44.85
12181,1358,2,2025-07-04,1,2,1,269.1,128.0,29.9
12182,496,2,2025-07-04,2,2,1,299.0,128.0,0.0
12183,854,4,2025-07-04,2,2,1,296.65,147.0,52.35
12184,1781,3,2025-07-04,5,1,1,329.0,141.0,0.0
12185,345,5,2025-07-04,1,5,1,349.0,147.0,0.0
12186,1347,6,2025-07-04,3,1,1,499.0,210.0,0.0
12187,487,4,2025-07-04,5,1,1,349.0,147.0,0.0
12188,1539,5,2025-07-04,1,1,1,314.1,147.0,34.9
12189,136,5,2025-07-04,4,2,1,349.0,147.0,0.0
12190,1949,3,2025-07-04,1,3,1,329.0,141.0,0.0
12191,1619,4,2025-07-04,8,2,1,349.0,147.0,0.0
12192,68,2,2025-07-05,7,1,1,299.0,128.0,0.0
12193,1554,6,2025-07-05,3,2,1,499.0,210.0,0.0
12194,289,4,2025-07-05,2,1,1,349.0,147.0,0.0
12195,1290,4,2025-07-05,5,5,2,349.0,147.0,0.0
12196,694,4,2025-07-05,3,1,2,349.0,147.0,0.0
12197,1979,6,2025-07-05,3,3,1,499.0,210.0,0.0
12198,1855,5,2025-07-05,1,3,2,349.0,147.0,0.0
12199,1159,5,2025-07-05,2,2,2,349.0,147.0,0.0
12200,51,5,2025-07-05,1,2,1,349.0,147.0,0.0
12201,1454,4,2025-07-05,3,5,1,349.0,147.0,0.0
12202,1929,5,2025-07-05,4,3,1,314.1,147.0,34.9
12203,1453,4,2025-07-05,7,4,1,349.0,147.0,0.0
12204,1806,4,2025-07-05,4,3,1,314.1,147.0,34.9
12205,216,5,2025-07-05,6,1,1,349.0,147.0,0.0
12206,48,4,2025-07-05,2,2,1,349.0,147.0,0.0
12207,1104,1,2025-07-05,6,1,1,299.0,128.0,0.0
12208,241,5,2025-07-05,3,5,1,314.1,147.0,34.9
12209,1953,3,2025-07-05,3,1,1,329.0,141.0,0.0
12210,812,5,2025-07-05,1,3,1,296.65,147.0,52.35
12211,1274,1,2025-07-05,3,1,1,269.1,128.0,29.9
12212,1604,2,2025-07-05,8,2,1,299.0,128.0,0.0
12213,1095,5,2025-07-05,5,2,1,314.1,147.0,34.9
12214,595,1,2025-07-05,5,3,1,299.0,128.0,0.0
12215,151,6,2025-07-05,1,1,2,499.0,210.0,0.0
12216,939,3,2025-07-05,4,1,1,329.0,141.0,0.0
12217,1844,5,2025-07-05,1,3,2,349.0,147.0,0.0
12218,780,4,2025-07-05,1,1,1,296.65,147.0,52.35
12219,1308,6,2025-07-05,1,5,1,449.1,210.0,49.9
12220,1233,5,2025-07-05,5,2,1,296.65,147.0,52.35
12221,1841,4,2025-07-05,3,1,1,349.0,147.0,0.0
12222,958,4,2025-07-05,2,5,1,296.65,147.0,52.35
12223,536,1,2025-07-05,5,2,1,299.0,128.0,0.0
12224,1374,1,2025-07-05,6,1,1,254.15,128.0,44.85
12225,1130,2,2025-07-05,7,1,1,299.0,128.0,0.0
12226,730,4,2025-07-05,1,1,1,349.0,147.0,0.0
12227,1040,3,2025-07-06,5,5,1,329.0,141.0,0.0
12228,773,1,2025-07-06,7,5,1,299.0,128.0,0.0
12229,51,1,2025-07-06,5,3,1,299.0,128.0,0.0
12230,263,2,2025-07-06,2,1,1,299.0,128.0,0.0
12231,766,4,2025-07-06,3,5,1,349.0,147.0,0.0
12232,516,4,2025-07-06,1,1,1,349.0,147.0,0.0
12233,799,6,2025-07-06,4,3,1,499.0,210.0,0.0
12234,984,2,2025-07-06,4,1,1,299.0,128.0,0.0
12235,1162,3,2025-07-06,3,5,1,329.0,141.0,0.0
12236,840,2,2025-07-06,2,3,1,299.0,128.0,0.0
12237,1315,5,2025-07-06,2,2,1,349.0,147.0,0.0
12238,699,1,2025-07-06,3,1,1,299.0,128.0,0.0
12239,643,5,2025-07-06,3,2,1,349.0,147.0,0.0
12240,830,1,2025-07-06,5,1,2,299.0,128.0,0.0
12241,900,5,2025-07-06,6,1,1,349.0,147.0,0.0
12242,84,4,2025-07-06,8,4,1,349.0,147.0,0.0
12243,1508,6,2025-07-06,5,2,1,499.0,210.0,0.0
12244,1149,2,2025-07-06,3,3,1,299.0,128.0,0.0
12245,1426,1,2025-07-06,2,1,1,299.0,128.0,0.0
12246,1056,1,2025-07-06,1,3,1,299.0,128.0,0.0
12247,777,5,2025-07-06,2,4,1,349.0,147.0,0.0
12248,1895,4,2025-07-06,9,3,1,349.0,147.0,0.0
12249,620,4,2025-07-06,2,3,1,349.0,147.0,0.0
12250,1396,4,2025-07-06,3,1,1,314.1,147.0,34.9
12251,1031,4,2025-07-06,2,2,1,349.0,147.0,0.0
12252,1877,4,2025-07-06,1,2,1,349.0,147.0,0.0
12253,1301,4,2025-07-06,7,2,1,314.1,147.0,34.9
12254,1899,3,2025-07-06,1,3,1,329.0,141.0,0.0
12255,1291,4,2025-07-06,1,1,1,349.0,147.0,0.0
12256,441,4,2025-07-06,1,1,1,349.0,147.0,0.0
12257,913,3,2025-07-06,4,1,1,329.0,141.0,0.0
12258,1402,5,2025-07-06,2,1,1,314.1,147.0,34.9
12259,1662,1,2025-07-06,8,2,1,299.0,128.0,0.0
12260,427,5,2025-07-06,1,1,1,314.1,147.0,34.9
12261,1308,6,2025-07-06,7,2,1,499.0,210.0,0.0
12262,477,3,2025-07-06,5,1,1,329.0,141.0,0.0
12263,488,1,2025-07-06,1,2,2,299.0,128.0,0.0
12264,597,3,2025-07-06,1,2,1,296.1,141.0,32.9
12265,605,4,2025-07-07,3,1,1,314.1,147.0,34.9
12266,224,6,2025-07-07,4,2,1,499.0,210.0,0.0
12267,573,6,2025-07-07,3,2,1,499.0,210.0,0.0
12268,969,5,2025-07-07,8,1,1,349.0,147.0,0.0
12269,351,5,2025-07-07,5,2,1,314.1,147.0,34.9
12270,412,5,2025-07-07,2,5,1,349.0,147.0,0.0
12271,1272,6,2025-07-07,1,2,1,449.1,210.0,49.9
12272,269,5,2025-07-07,7,5,1,296.65,147.0,52.35
12273,909,4,2025-07-07,8,1,1,349.0,147.0,0.0
12274,179,5,2025-07-07,5,4,1,349.0,147.0,0.0
12275,702,5,2025-07-07,1,2,1,349.0,147.0,0.0
12276,1222,4,2025-07-07,1,2,1,349.0,147.0,0.0
12277,887,4,2025-07-07,1,1,1,349.0,147.0,0.0
12278,813,5,2025-07-07,1,1,1,314.1,147.0,34.9
12279,630,6,2025-07-07,1,2,1,449.1,210.0,49.9
12280,1251,3,2025-07-07,2,3,1,329.0,141.0,0.0
12281,1022,6,2025-07-07,5,5,1,449.1,210.0,49.9
12282,846,2,2025-07-07,7,1,1,254.15,128.0,44.85
12283,25,3,2025-07-07,1,1,1,329.0,141.0,0.0
12284,648,4,2025-07-07,9,2,1,349.0,147.0,0.0
12285,192,4,2025-07-07,5,1,1,296.65,147.0,52.35
12286,1586,1,2025-07-07,2,3,1,299.0,128.0,0.0
12287,1302,5,2025-07-07,5,3,1,349.0,147.0,0.0
12288,1849,5,2025-07-07,5,1,1,349.0,147.0,0.0
12289,1044,1,2025-07-07,5,2,2,269.1,128.0,29.9
12290,1770,2,2025-07-07,3,2,1,269.1,128.0,29.9
12291,440,4,2025-07-07,3,1,1,296.65,147.0,52.35
12292,93,2,2025-07-07,3,4,1,299.0,128.0,0.0
12293,251,6,2025-07-07,4,5,1,499.0,210.0,0.0
12294,486,5,2025-07-07,3,1,1,349.0,147.0,0.0
12295,900,4,2025-07-07,5,3,1,314.1,147.0,34.9
12296,1291,3,2025-07-07,3,1,1,329.0,141.0,0.0
12297,976,5,2025-07-08,7,3,1,349.0,147.0,0.0
12298,195,4,2025-07-08,2,4,1,349.0,147.0,0.0
12299,1356,6,2025-07-08,7,1,1,499.0,210.0,0.0
12300,134,4,2025-07-08,7,5,1,349.0,147.0,0.0
12301,1849,3,2025-07-08,6,1,1,329.0,141.0,0.0
12302,1811,4,2025-07-08,7,1,1,349.0,147.0,0.0
12303,585,6,2025-07-08,9,2,1,449.1,210.0,49.9
12304,913,5,2025-07-08,1,3,1,296.65,147.0,52.35
12305,431,2,2025-07-08,3,1,1,299.0,128.0,0.0
12306,51,1,2025-07-08,2,4,1,299.0,128.0,0.0
12307,379,5,2025-07-08,5,4,1,349.0,147.0,0.0
12308,1025,1,2025-07-08,5,1,1,299.0,128.0,0.0
12309,958,4,2025-07-08,7,3,1,349.0,147.0,0.0
12310,540,2,2025-07-08,2,4,2,299.0,128.0,0.0
12311,1307,4,2025-07-08,3,1,1,349.0,147.0,0.0
12312,1142,2,2025-07-08,3,2,1,269.1,128.0,29.9
12313,747,3,2025-07-08,7,2,1,329.0,141.0,0.0
12314,1924,5,2025-07-08,1,1,1,349.0,147.0,0.0
12315,51,1,2025-07-08,5,1,1,299.0,128.0,0.0
12316,865,1,2025-07-08,1,2,1,299.0,128.0,0.0
12317,1567,1,2025-07-08,5,4,1,269.1,128.0,29.9
12318,567,5,2025-07-08,3,4,1,349.0,147.0,0.0
12319,818,5,2025-07-08,2,3,1,349.0,147.0,0.0
12320,24,2,2025-07-08,1,3,1,299.0,128.0,0.0
12321,641,1,2025-07-08,3,1,1,299.0,128.0,0.0
12322,1543,1,2025-07-08,3,1,1,299.0,128.0,0.0
12323,985,5,2025-07-08,4,1,1,349.0,147.0,0.0
12324,1141,2,2025-07-08,4,2,1,299.0,128.0,0.0
12325,655,2,2025-07-08,7,2,2,299.0,128.0,0.0
12326,1268,2,2025-07-08,1,1,1,299.0,128.0,0.0
12327,1365,1,2025-07-08,2,3,1,299.0,128.0,0.0
12328,1514,3,2025-07-09,8,2,2,329.0,141.0,0.0
12329,154,3,2025-07-09,7,2,1,329.0,141.0,0.0
12330,232,3,2025-07-09,3,2,1,329.0,141.0,0.0
12331,1661,3,2025-07-09,1,1,1,296.1,141.0,32.9
12332,1034,5,2025-07-09,3,2,1,314.1,147.0,34.9
12333,28,5,2025-07-09,5,1,1,314.1,147.0,34.9
12334,523,4,2025-07-09,9,1,1,349.0,147.0,0.0
12335,1593,5,2025-07-09,8,1,1,349.0,147.0,0.0
12336,658,2,2025-07-09,2,1,1,299.0,128.0,0.0
12337,381,5,2025-07-09,5,1,1,349.0,147.0,0.0
12338,1232,3,2025-07-09,5,5,1,279.65,141.0,49.35
12339,278,1,2025-07-09,1,1,1,299.0,128.0,0.0
12340,849,5,2025-07-09,4,2,1,349.0,147.0,0.0
12341,1509,4,2025-07-09,8,1,1,296.65,147.0,52.35
12342,1286,4,2025-07-09,2,2,1,314.1,147.0,34.9
12343,62,3,2025-07-09,2,2,1,296.1,141.0,32.9
12344,1561,5,2025-07-09,5,5,1,349.0,147.0,0.0
12345,1673,4,2025-07-09,5,5,2,349.0,147.0,0.0
12346,1361,1,2025-07-09,3,4,1,299.0,128.0,0.0
12347,848,5,2025-07-09,1,4,1,349.0,147.0,0.0
12348,1199,6,2025-07-09,3,1,1,499.0,210.0,0.0
12349,910,3,2025-07-09,1,1,1,329.0,141.0,0.0
12350,1767,1,2025-07-09,2,3,1,269.1,128.0,29.9
12351,191,4,2025-07-09,2,2,1,314.1,147.0,34.9
12352,1501,4,2025-07-09,3,5,1,314.1,147.0,34.9
12353,1480,3,2025-07-09,1,5,1,329.0,141.0,0.0
12354,620,1,2025-07-09,2,1,1,299.0,128.0,0.0
12355,628,6,2025-07-09,5,1,1,499.0,210.0,0.0
12356,108,5,2025-07-09,1,4,1,349.0,147.0,0.0
12357,68,2,2025-07-09,1,1,1,299.0,128.0,0.0
12358,1957,3,2025-07-09,3,1,2,329.0,141.0,0.0
12359,1224,5,2025-07-09,2,2,1,349.0,147.0,0.0
12360,1946,5,2025-07-09,3,1,1,349.0,147.0,0.0
12361,809,1,2025-07-09,1,1,1,269.1,128.0,29.9
12362,1467,3,2025-07-09,1,2,1,329.0,141.0,0.0
12363,10,2,2025-07-10,7,5,1,299.0,128.0,0.0
12364,1595,1,2025-07-10,4,1,1,299.0,128.0,0.0
12365,1195,5,2025-07-10,1,1,1,296.65,147.0,52.35
12366,1510,2,2025-07-10,7,3,1,254.15,128.0,44.85
12367,1496,4,2025-07-10,1,3,1,314.1,147.0,34.9
12368,1010,3,2025-07-10,3,3,1,329.0,141.0,0.0
12369,1882,4,2025-07-10,4,2,1,349.0,147.0,0.0
12370,145,1,2025-07-10,1,3,1,299.0,128.0,0.0
12371,529,3,2025-07-10,1,2,1,329.0,141.0,0.0
12372,1366,5,2025-07-10,4,2,1,349.0,147.0,0.0
12373,1683,4,2025-07-10,5,1,1,349.0,147.0,0.0
12374,759,4,2025-07-10,1,2,1,314.1,147.0,34.9
12375,374,6,2025-07-10,5,1,1,499.0,210.0,0.0
12376,1045,5,2025-07-10,6,5,1,349.0,147.0,0.0
12377,1609,1,2025-07-10,1,4,2,299.0,128.0,0.0
12378,365,1,2025-07-10,1,1,1,299.0,128.0,0.0
12379,1061,1,2025-07-10,7,1,1,299.0,128.0,0.0
12380,571,1,2025-07-10,7,5,1,299.0,128.0,0.0
12381,1566,2,2025-07-10,8,3,1,254.15,128.0,44.85
12382,1083,4,2025-07-10,3,4,1,349.0,147.0,0.0
12383,1322,2,2025-07-10,6,2,1,254.15,128.0,44.85
12384,1390,5,2025-07-10,9,1,1,349.0,147.0,0.0
12385,1832,4,2025-07-10,5,1,1,349.0,147.0,0.0
12386,645,5,2025-07-10,1,1,1,349.0,147.0,0.0
12387,226,2,2025-07-10,5,2,1,299.0,128.0,0.0
12388,693,3,2025-07-10,4,1,1,329.0,141.0,0.0
12389,180,4,2025-07-10,6,1,1,349.0,147.0,0.0
12390,1026,1,2025-07-10,8,1,1,254.15,128.0,44.85
12391,44,5,2025-07-10,5,2,1,349.0,147.0,0.0
12392,1366,5,2025-07-10,3,4,1,349.0,147.0,0.0
12393,1283,5,2025-07-10,7,1,1,349.0,147.0,0.0
12394,206,1,2025-07-11,4,1,1,299.0,128.0,0.0
12395,1657,1,2025-07-11,1,2,1,299.0,128.0,0.0
12396,1410,1,2025-07-11,4,4,1,299.0,128.0,0.0
12397,186,2,2025-07-11,5,1,1,269.1,128.0,29.9
12398,1758,1,2025-07-11,6,3,1,299.0,128.0,0.0
12399,293,4,2025-07-11,1,3,1,296.65,147.0,52.35
12400,953,3,2025-07-11,9,4,1,329.0,141.0,0.0
12401,234,3,2025-07-11,5,2,1,329.0,141.0,0.0
12402,1844,3,2025-07-11,7,2,1,329.0,141.0,0.0
12403,1944,4,2025-07-11,2,1,1,349.0,147.0,0.0
12404,1535,5,2025-07-11,7,1,1,349.0,147.0,0.0
12405,1327,2,2025-07-11,1,5,1,299.0,128.0,0.0
12406,1475,2,2025-07-11,8,1,1,299.0,128.0,0.0
12407,1378,1,2025-07-11,1,3,2,299.0,128.0,0.0
12408,510,4,2025-07-11,6,1,1,314.1,147.0,34.9
12409,654,5,2025-07-11,1,1,2,349.0,147.0,0.0
12410,949,6,2025-07-11,6,4,2,499.0,210.0,0.0
12411,1577,5,2025-07-11,7,2,1,349.0,147.0,0.0
12412,316,4,2025-07-11,5,1,1,296.65,147.0,52.35
12413,98,5,2025-07-11,7,2,1,349.0,147.0,0.0
12414,581,4,2025-07-11,3,1,1,349.0,147.0,0.0
12415,1266,3,2025-07-11,8,3,1,279.65,141.0,49.35
12416,1205,3,2025-07-11,2,1,1,329.0,141.0,0.0
12417,320,2,2025-07-11,4,1,2,299.0,128.0,0.0
12418,217,3,2025-07-11,1,1,1,329.0,141.0,0.0
12419,1428,1,2025-07-11,4,5,1,299.0,128.0,0.0
12420,1162,4,2025-07-11,1,3,1,349.0,147.0,0.0
12421,1186,1,2025-07-11,7,2,1,299.0,128.0,0.0
12422,683,1,2025-07-11,3,2,1,299.0,128.0,0.0
12423,206,1,2025-07-11,1,2,2,299.0,128.0,0.0
12424,1153,3,2025-07-11,3,2,1,329.0,141.0,0.0
12425,147,6,2025-07-11,3,3,1,449.1,210.0,49.9
12426,1029,1,2025-07-11,2,1,1,299.0,128.0,0.0
12427,1669,4,2025-07-11,3,1,1,349.0,147.0,0.0
12428,494,4,2025-07-12,5,2,1,349.0,147.0,0.0
12429,1672,1,2025-07-12,1,5,1,299.0,128.0,0.0
12430,1826,1,2025-07-12,1,1,1,299.0,128.0,0.0
12431,1418,5,2025-07-12,7,5,1,349.0,147.0,0.0
12432,1622,6,2025-07-12,3,2,1,449.1,210.0,49.9
12433,1085,5,2025-07-12,1,5,1,314.1,147.0,34.9
12434,570,2,2025-07-12,4,2,1,269.1,128.0,29.9
12435,57,5,2025-07-12,1,2,1,349.0,147.0,0.0
12436,503,6,2025-07-12,8,3,1,449.1,210.0,49.9
12437,344,5,2025-07-12,7,2,1,349.0,147.0,0.0
12438,763,4,2025-07-12,3,2,1,349.0,147.0,0.0
12439,1691,3,2025-07-12,5,1,1,329.0,141.0,0.0
12440,1271,3,2025-07-12,2,3,1,329.0,141.0,0.0
12441,1092,3,2025-07-12,6,5,1,279.65,141.0,49.35
12442,1920,4,2025-07-12,3,5,1,349.0,147.0,0.0
12443,1955,4,2025-07-12,2,5,1,349.0,147.0,0.0
12444,1743,1,2025-07-12,1,1,1,269.1,128.0,29.9
12445,1089,4,2025-07-12,5,1,1,349.0,147.0,0.0
12446,997,1,2025-07-12,8,1,1,254.15,128.0,44.85
12447,67,1,2025-07-12,2,2,1,299.0,128.0,0.0
12448,75,5,2025-07-12,7,1,1,314.1,147.0,34.9
12449,907,5,2025-07-12,4,2,1,349.0,147.0,0.0
12450,1375,4,2025-07-12,1,5,1,296.65,147.0,52.35
12451,290,5,2025-07-12,9,1,1,349.0,147.0,0.0
12452,678,2,2025-07-12,7,1,1,299.0,128.0,0.0
12453,1226,4,2025-07-12,2,2,1,349.0,147.0,0.0
12454,1480,2,2025-07-12,1,2,1,299.0,128.0,0.0
12455,372,1,2025-07-12,1,4,1,299.0,128.0,0.0
12456,1410,3,2025-07-12,3,3,1,329.0,141.0,0.0
12457,264,5,2025-07-12,1,1,1,296.65,147.0,52.35
12458,254,5,2025-07-12,1,4,2,349.0,147.0,0.0
12459,1179,5,2025-07-12,2,2,1,314.1,147.0,34.9
12460,1282,5,2025-07-12,6,2,1,349.0,147.0,0.0
12461,678,5,2025-07-12,3,2,1,296.65,147.0,52.35
12462,545,5,2025-07-12,3,1,1,349.0,147.0,0.0
12463,1813,6,2025-07-13,2,3,1,499.0,210.0,0.0
12464,395,4,2025-07-13,8,1,1,349.0,147.0,0.0
12465,1036,1,2025-07-13,1,1,1,299.0,128.0,0.0
12466,1766,6,2025-07-13,3,1,1,499.0,210.0,0.0
12467,1741,4,2025-07-13,3,4,1,349.0,147.0,0.0
12468,1322,1,2025-07-13,5,1,1,299.0,128.0,0.0
12469,1690,4,2025-07-13,5,3,2,349.0,147.0,0.0
12470,48,5,2025-07-13,3,3,1,349.0,147.0,0.0
12471,567,6,2025-07-13,1,1,1,499.0,210.0,0.0
12472,311,4,2025-07-13,5,1,1,349.0,147.0,0.0
12473,1271,4,2025-07-13,9,1,1,296.65,147.0,52.35
12474,668,5,2025-07-13,1,1,1,349.0,147.0,0.0
12475,1319,2,2025-07-13,3,2,1,254.15,128.0,44.85
12476,1847,4,2025-07-13,3,2,1,349.0,147.0,0.0
12477,795,1,2025-07-13,1,3,1,299.0,128.0,0.0
12478,577,4,2025-07-13,8,1,1,349.0,147.0,0.0
12479,533,2,2025-07-13,7,1,1,299.0,128.0,0.0
12480,525,5,2025-07-13,3,2,1,349.0,147.0,0.0
12481,1433,1,2025-07-13,5,2,1,269.1,128.0,29.9
12482,1160,5,2025-07-13,5,4,1,349.0,147.0,0.0
12483,259,6,2025-07-13,5,2,1,499.0,210.0,0.0
12484,1777,4,2025-07-13,1,2,1,296.65,147.0,52.35
12485,1472,5,2025-07-13,2,1,1,349.0,147.0,0.0
12486,138,3,2025-07-13,3,1,1,329.0,141.0,0.0
12487,1470,3,2025-07-13,1,5,2,329.0,141.0,0.0
12488,1861,6,2025-07-13,1,3,1,499.0,210.0,0.0
12489,1895,1,2025-07-13,3,3,1,299.0,128.0,0.0
12490,1727,6,2025-07-13,1,3,1,499.0,210.0,0.0
12491,841,5,2025-07-13,5,2,1,314.1,147.0,34.9
12492,401,5,2025-07-13,2,3,1,349.0,147.0,0.0
12493,1955,5,2025-07-13,4,3,1,349.0,147.0,0.0
12494,1691,4,2025-07-13,3,1,2,349.0,147.0,0.0
12495,608,6,2025-07-13,1,1,1,499.0,210.0,0.0
12496,1459,1,2025-07-13,7,1,1,299.0,128.0,0.0
12497,642,5,2025-07-13,1,1,1,349.0,147.0,0.0
12498,1232,5,2025-07-13,9,2,1,349.0,147.0,0.0
12499,1060,2,2025-07-13,1,2,1,254.15,128.0,44.85
12500,439,4,2025-07-13,1,2,1,349.0,147.0,0.0
12501,700,5,2025-07-14,5,4,1,349.0,147.0,0.0
12502,713,6,2025-07-14,3,2,1,499.0,210.0,0.0
12503,1018,6,2025-07-14,5,1,1,499.0,210.0,0.0
12504,623,1,2025-07-14,6,4,2,299.0,128.0,0.0
12505,1803,1,2025-07-14,7,1,1,299.0,128.0,0.0
12506,1141,6,2025-07-14,7,3,1,499.0,210.0,0.0
12507,1420,4,2025-07-14,4,5,1,349.0,147.0,0.0
12508,668,5,2025-07-14,5,5,1,349.0,147.0,0.0
12509,1665,4,2025-07-14,4,1,1,349.0,147.0,0.0
12510,245,5,2025-07-14,1,1,1,349.0,147.0,0.0
12511,1261,5,2025-07-14,1,2,2,314.1,147.0,34.9
12512,36,3,2025-07-14,1,2,1,329.0,141.0,0.0
12513,1213,1,2025-07-14,3,2,1,299.0,128.0,0.0
12514,1571,6,2025-07-14,1,2,1,499.0,210.0,0.0
12515,1570,4,2025-07-14,3,1,1,349.0,147.0,0.0
12516,223,5,2025-07-14,2,1,1,314.1,147.0,34.9
12517,1015,1,2025-07-14,4,2,1,299.0,128.0,0.0
12518,1015,3,2025-07-14,2,1,1,329.0,141.0,0.0
12519,196,4,2025-07-14,5,2,1,349.0,147.0,0.0
12520,1784,4,2025-07-14,7,2,1,349.0,147.0,0.0
12521,288,5,2025-07-14,1,4,1,349.0,147.0,0.0
12522,1288,6,2025-07-14,6,1,1,499.0,210.0,0.0
12523,1628,5,2025-07-14,3,3,1,314.1,147.0,34.9
12524,1809,6,2025-07-14,5,2,1,499.0,210.0,0.0
12525,913,1,2025-07-14,4,3,2,299.0,128.0,0.0
12526,988,5,2025-07-14,3,5,2,314.1,147.0,34.9
12527,1315,4,2025-07-14,7,1,1,314.1,147.0,34.9
12528,22,3,2025-07-14,5,3,1,329.0,141.0,0.0
12529,547,5,2025-07-14,5,4,1,349.0,147.0,0.0
12530,1002,3,2025-07-14,1,3,1,296.1,141.0,32.9
12531,356,2,2025-07-14,9,3,1,299.0,128.0,0.0
12532,513,2,2025-07-14,4,2,1,299.0,128.0,0.0
12533,1356,2,2025-07-14,1,3,2,269.1,128.0,29.9
12534,739,4,2025-07-14,3,1,1,349.0,147.0,0.0
12535,1042,4,2025-07-14,5,2,1,349.0,147.0,0.0
12536,284,4,2025-07-14,4,1,1,349.0,147.0,0.0
12537,1390,4,2025-07-15,7,2,1,349.0,147.0,0.0
12538,611,4,2025-07-15,2,2,1,314.1,147.0,34.9
12539,1493,2,2025-07-15,7,1,1,299.0,128.0,0.0
12540,1038,4,2025-07-15,3,2,1,349.0,147.0,0.0
12541,1454,2,2025-07-15,2,2,1,299.0,128.0,0.0
12542,1626,6,2025-07-15,5,4,1,499.0,210.0,0.0
12543,1379,5,2025-07-15,3,1,1,349.0,147.0,0.0
12544,254,2,2025-07-15,1,3,1,299.0,128.0,0.0
12545,981,4,2025-07-15,5,1,1,349.0,147.0,0.0
12546,64,5,2025-07-15,2,3,1,349.0,147.0,0.0
12547,1021,1,2025-07-15,3,1,1,299.0,128.0,0.0
12548,1915,2,2025-07-15,1,3,2,299.0,128.0,0.0
12549,419,1,2025-07-15,3,4,1,269.1,128.0,29.9
12550,44,1,2025-07-15,7,1,1,299.0,128.0,0.0
12551,9,4,2025-07-15,4,1,1,349.0,147.0,0.0
12552,417,2,2025-07-15,7,1,1,299.0,128.0,0.0
12553,1373,2,2025-07-15,1,2,2,299.0,128.0,0.0
12554,714,4,2025-07-15,4,5,2,349.0,147.0,0.0
12555,1713,2,2025-07-15,5,1,1,299.0,128.0,0.0
12556,1078,4,2025-07-15,3,1,1,349.0,147.0,0.0
12557,974,4,2025-07-15,3,2,1,349.0,147.0,0.0
12558,1323,1,2025-07-15,1,2,2,299.0,128.0,0.0
12559,1339,2,2025-07-15,3,5,2,299.0,128.0,0.0
12560,1404,1,2025-07-15,5,4,1,269.1,128.0,29.9
12561,201,4,2025-07-15,1,5,1,349.0,147.0,0.0
12562,1221,5,2025-07-15,3,4,1,349.0,147.0,0.0
12563,1139,4,2025-07-15,7,1,1,349.0,147.0,0.0
12564,1321,5,2025-07-15,3,4,1,349.0,147.0,0.0
12565,1292,4,2025-07-15,1,2,1,314.1,147.0,34.9
12566,1137,5,2025-07-15,5,5,2,349.0,147.0,0.0
12567,859,5,2025-07-16,4,3,1,349.0,147.0,0.0
12568,1097,1,2025-07-16,8,4,1,299.0,128.0,0.0
12569,514,5,2025-07-16,3,2,2,349.0,147.0,0.0
12570,1101,4,2025-07-16,3,1,1,349.0,147.0,0.0
12571,1184,4,2025-07-16,9,1,1,349.0,147.0,0.0
12572,298,1,2025-07-16,1,5,2,299.0,128.0,0.0
12573,1904,2,2025-07-16,2,1,1,269.1,128.0,29.9
12574,1455,5,2025-07-16,7,1,1,349.0,147.0,0.0
12575,917,6,2025-07-16,3,1,1,499.0,210.0,0.0
12576,628,1,2025-07-16,1,1,2,299.0,128.0,0.0
12577,810,1,2025-07-16,6,2,1,254.15,128.0,44.85
12578,1971,4,2025-07-16,9,5,1,349.0,147.0,0.0
12579,1472,2,2025-07-16,5,5,1,299.0,128.0,0.0
12580,833,5,2025-07-16,1,3,2,349.0,147.0,0.0
12581,247,5,2025-07-16,8,2,1,349.0,147.0,0.0
12582,1617,2,2025-07-16,2,2,1,299.0,128.0,0.0
12583,1364,4,2025-07-16,2,5,1,349.0,147.0,0.0
12584,877,4,2025-07-16,2,2,1,349.0,147.0,0.0
12585,1428,3,2025-07-16,5,1,1,329.0,141.0,0.0
12586,1293,5,2025-07-16,3,1,1,296.65,147.0,52.35
12587,1095,5,2025-07-16,2,4,1,296.65,147.0,52.35
12588,1009,2,2025-07-16,1,2,1,299.0,128.0,0.0
12589,312,5,2025-07-16,1,5,1,349.0,147.0,0.0
12590,978,1,2025-07-16,2,3,1,254.15,128.0,44.85
12591,1100,4,2025-07-16,7,1,2,314.1,147.0,34.9
12592,1402,5,2025-07-16,5,3,1,349.0,147.0,0.0
12593,1546,1,2025-07-16,7,2,1,299.0,128.0,0.0
12594,351,5,2025-07-16,3,1,1,349.0,147.0,0.0
12595,1897,2,2025-07-16,5,3,1,269.1,128.0,29.9
12596,1837,6,2025-07-16,2,2,1,449.1,210.0,49.9
12597,1655,5,2025-07-16,5,2,1,349.0,147.0,0.0
12598,1278,4,2025-07-16,1,5,1,349.0,147.0,0.0
12599,318,3,2025-07-16,3,1,1,329.0,141.0,0.0
12600,951,2,2025-07-16,5,5,1,299.0,128.0,0.0
12601,1909,4,2025-07-16,1,4,1,349.0,147.0,0.0
12602,575,3,2025-07-17,6,2,1,329.0,141.0,0.0
12603,749,2,2025-07-17,1,3,1,269.1,128.0,29.9
12604,119,6,2025-07-17,3,2,1,499.0,210.0,0.0
12605,1462,2,2025-07-17,1,1,1,254.15,128.0,44.85
12606,504,1,2025-07-17,1,2,1,299.0,128.0,0.0
12607,1103,4,2025-07-17,4,2,1,349.0,147.0,0.0
12608,1468,2,2025-07-17,1,1,1,299.0,128.0,0.0
12609,783,1,2025-07-17,4,4,1,299.0,128.0,0.0
12610,535,1,2025-07-17,4,3,2,269.1,128.0,29.9
12611,694,4,2025-07-17,8,1,1,349.0,147.0,0.0
12612,198,2,2025-07-17,7,3,1,299.0,128.0,0.0
12613,771,2,2025-07-17,5,3,1,299.0,128.0,0.0
12614,976,1,2025-07-17,9,3,1,254.15,128.0,44.85
12615,856,5,2025-07-17,1,1,1,296.65,147.0,52.35
12616,421,4,2025-07-17,8,3,1,349.0,147.0,0.0
12617,1633,2,2025-07-17,2,1,2,299.0,128.0,0.0
12618,1946,6,2025-07-17,1,2,1,499.0,210.0,0.0
12619,1286,2,2025-07-17,6,2,1,299.0,128.0,0.0
12620,612,2,2025-07-17,1,1,1,299.0,128.0,0.0
12621,227,6,2025-07-17,1,2,1,449.1,210.0,49.9
12622,556,6,2025-07-17,7,2,1,424.15,210.0,74.85
12623,525,4,2025-07-17,1,5,1,349.0,147.0,0.0
12624,534,5,2025-07-17,3,1,1,349.0,147.0,0.0
12625,768,1,2025-07-17,9,2,1,299.0,128.0,0.0
12626,1995,3,2025-07-17,1,2,1,329.0,141.0,0.0
12627,1929,4,2025-07-17,5,3,1,349.0,147.0,0.0
12628,1280,2,2025-07-17,7,1,1,269.1,128.0,29.9
12629,1254,4,2025-07-17,1,2,1,349.0,147.0,0.0
12630,1674,5,2025-07-17,6,2,1,349.0,147.0,0.0
12631,801,1,2025-07-17,1,1,1,299.0,128.0,0.0
12632,1189,5,2025-07-17,5,1,1,349.0,147.0,0.0
12633,1893,1,2025-07-18,1,4,1,254.15,128.0,44.85
12634,374,4,2025-07-18,1,4,1,349.0,147.0,0.0
12635,395,5,2025-07-18,1,2,1,349.0,147.0,0.0
12636,178,3,2025-07-18,5,3,1,296.1,141.0,32.9
12637,1570,4,2025-07-18,3,4,1,349.0,147.0,0.0
12638,80,1,2025-07-18,1,3,1,269.1,128.0,29.9
12639,1254,4,2025-07-18,6,3,1,314.1,147.0,34.9
12640,1806,5,2025-07-18,4,3,2,314.1,147.0,34.9
12641,126,3,2025-07-18,1,3,2,329.0,141.0,0.0
12642,1234,4,2025-07-18,5,2,1,349.0,147.0,0.0
12643,2000,4,2025-07-18,7,1,1,349.0,147.0,0.0
12644,119,4,2025-07-18,5,1,1,349.0,147.0,0.0
12645,681,6,2025-07-18,1,3,1,499.0,210.0,0.0
12646,1696,1,2025-07-18,1,2,2,269.1,128.0,29.9
12647,1203,4,2025-07-18,2,1,1,349.0,147.0,0.0
12648,1820,5,2025-07-18,6,2,1,296.65,147.0,52.35
12649,1316,4,2025-07-18,7,2,1,349.0,147.0,0.0
12650,1377,2,2025-07-18,2,1,1,299.0,128.0,0.0
12651,1351,4,2025-07-18,8,2,1,349.0,147.0,0.0
12652,858,2,2025-07-18,1,3,1,299.0,128.0,0.0
12653,713,5,2025-07-18,2,2,1,349.0,147.0,0.0
12654,1358,2,2025-07-18,1,3,1,269.1,128.0,29.9
12655,1024,5,2025-07-18,3,1,1,349.0,147.0,0.0
12656,1584,5,2025-07-18,3,1,1,314.1,147.0,34.9
12657,1157,2,2025-07-18,7,1,1,254.15,128.0,44.85
12658,1849,5,2025-07-18,9,3,1,314.1,147.0,34.9
12659,1512,3,2025-07-18,1,2,1,329.0,141.0,0.0
12660,503,4,2025-07-18,3,2,1,349.0,147.0,0.0
12661,1241,1,2025-07-18,2,1,1,299.0,128.0,0.0
12662,444,1,2025-07-18,1,1,1,299.0,128.0,0.0
12663,79,1,2025-07-18,4,3,2,299.0,128.0,0.0
12664,1517,1,2025-07-18,1,1,1,299.0,128.0,0.0
12665,1550,5,2025-07-18,3,1,1,349.0,147.0,0.0
12666,1924,3,2025-07-18,2,1,1,329.0,141.0,0.0
12667,788,3,2025-07-18,5,2,1,329.0,141.0,0.0
12668,892,3,2025-07-19,7,1,1,296.1,141.0,32.9
12669,191,5,2025-07-19,4,2,2,349.0,147.0,0.0
12670,607,5,2025-07-19,8,1,1,349.0,147.0,0.0
12671,230,4,2025-07-19,3,1,2,314.1,147.0,34.9
12672,1043,4,2025-07-19,3,2,1,349.0,147.0,0.0
12673,716,3,2025-07-19,3,5,1,329.0,141.0,0.0
12674,731,4,2025-07-19,3,5,2,349.0,147.0,0.0
12675,345,1,2025-07-19,2,4,1,299.0,128.0,0.0
12676,420,5,2025-07-19,3,2,1,349.0,147.0,0.0
12677,925,2,2025-07-19,1,2,1,299.0,128.0,0.0
12678,757,3,2025-07-19,1,5,2,329.0,141.0,0.0
12679,1110,5,2025-07-19,5,5,1,349.0,147.0,0.0
12680,1862,3,2025-07-19,1,1,1,329.0,141.0,0.0
12681,1263,4,2025-07-19,1,3,1,314.1,147.0,34.9
12682,907,1,2025-07-19,1,1,1,299.0,128.0,0.0
12683,1513,5,2025-07-19,3,1,1,349.0,147.0,0.0
12684,298,6,2025-07-19,2,3,1,499.0,210.0,0.0
12685,1914,1,2025-07-19,1,1,2,254.15,128.0,44.85
12686,1748,4,2025-07-19,1,1,2,349.0,147.0,0.0
12687,695,1,2025-07-19,2,2,1,299.0,128.0,0.0
12688,918,1,2025-07-19,3,1,1,269.1,128.0,29.9
12689,959,5,2025-07-19,5,2,1,314.1,147.0,34.9
12690,520,3,2025-07-19,5,2,1,279.65,141.0,49.35
12691,332,5,2025-07-19,5,4,1,296.65,147.0,52.35
12692,716,2,2025-07-19,7,3,1,299.0,128.0,0.0
12693,443,2,2025-07-19,3,1,1,299.0,128.0,0.0
12694,1940,5,2025-07-19,2,5,1,349.0,147.0,0.0
12695,112,4,2025-07-19,1,1,1,349.0,147.0,0.0
12696,131,2,2025-07-19,2,2,1,299.0,128.0,0.0
12697,126,3,2025-07-19,3,4,1,296.1,141.0,32.9
12698,404,1,2025-07-19,5,1,1,299.0,128.0,0.0
12699,1361,2,2025-07-19,9,4,1,254.15,128.0,44.85
12700,1811,3,2025-07-19,2,3,1,329.0,141.0,0.0
12701,1609,4,2025-07-19,1,1,1,349.0,147.0,0.0
12702,1463,4,2025-07-19,8,1,1,349.0,147.0,0.0
12703,419,2,2025-07-19,1,1,1,269.1,128.0,29.9
12704,1184,4,2025-07-19,2,2,1,349.0,147.0,0.0
12705,30,1,2025-07-19,5,1,1,269.1,128.0,29.9
12706,501,3,2025-07-20,8,1,1,329.0,141.0,0.0
12707,1945,4,2025-07-20,1,1,1,296.65,147.0,52.35
12708,1176,4,2025-07-20,3,1,1,349.0,147.0,0.0
12709,468,2,2025-07-20,1,3,1,299.0,128.0,0.0
12710,771,5,2025-07-20,9,1,2,314.1,147.0,34.9
12711,1737,2,2025-07-20,6,3,1,299.0,128.0,0.0
12712,197,6,2025-07-20,3,4,1,499.0,210.0,0.0
12713,1023,5,2025-07-20,7,4,1,349.0,147.0,0.0
12714,1394,4,2025-07-20,5,1,2,349.0,147.0,0.0
12715,1896,4,2025-07-20,6,1,1,349.0,147.0,0.0
12716,791,4,2025-07-20,3,2,1,314.1,147.0,34.9
12717,1425,1,2025-07-20,2,3,1,299.0,128.0,0.0
12718,1616,1,2025-07-20,1,5,1,254.15,128.0,44.85
12719,885,4,2025-07-20,4,1,1,349.0,147.0,0.0
12720,979,2,2025-07-20,5,2,1,299.0,128.0,0.0
12721,1403,6,2025-07-20,1,3,1,449.1,210.0,49.9
12722,1818,4,2025-07-20,2,1,1,349.0,147.0,0.0
12723,1059,3,2025-07-20,7,3,1,329.0,141.0,0.0
12724,1342,2,2025-07-20,1,2,1,269.1,128.0,29.9
12725,959,5,2025-07-20,1,1,1,296.65,147.0,52.35
12726,519,1,2025-07-20,4,5,1,254.15,128.0,44.85
12727,224,1,2025-07-20,7,5,1,299.0,128.0,0.0
12728,1982,5,2025-07-20,6,1,1,349.0,147.0,0.0
12729,746,4,2025-07-20,5,1,1,349.0,147.0,0.0
12730,1017,4,2025-07-20,3,1,1,349.0,147.0,0.0
12731,1578,1,2025-07-20,3,2,1,254.15,128.0,44.85
12732,592,4,2025-07-20,5,4,1,349.0,147.0,0.0
12733,462,6,2025-07-20,1,3,1,499.0,210.0,0.0
12734,277,5,2025-07-20,5,1,1,349.0,147.0,0.0
12735,348,4,2025-07-20,3,2,1,349.0,147.0,0.0
12736,1287,5,2025-07-20,1,1,1,349.0,147.0,0.0
12737,1638,4,2025-07-20,3,4,1,349.0,147.0,0.0
12738,1777,5,2025-07-20,5,3,1,349.0,147.0,0.0
12739,1089,2,2025-07-21,2,1,1,299.0,128.0,0.0
12740,420,4,2025-07-21,8,1,1,314.1,147.0,34.9
12741,1236,3,2025-07-21,5,1,1,329.0,141.0,0.0
12742,1776,5,2025-07-21,8,1,1,349.0,147.0,0.0
12743,1112,4,2025-07-21,3,3,1,296.65,147.0,52.35
12744,1688,2,2025-07-21,8,1,1,254.15,128.0,44.85
12745,1455,4,2025-07-21,5,1,1,349.0,147.0,0.0
12746,1799,5,2025-07-21,4,3,1,349.0,147.0,0.0
12747,439,6,2025-07-21,2,1,1,499.0,210.0,0.0
12748,700,4,2025-07-21,3,2,1,349.0,147.0,0.0
12749,1303,2,2025-07-21,5,2,1,299.0,128.0,0.0
12750,1966,3,2025-07-21,1,2,1,329.0,141.0,0.0
12751,1628,1,2025-07-21,5,1,1,269.1,128.0,29.9
12752,437,4,2025-07-21,8,2,1,349.0,147.0,0.0
12753,410,2,2025-07-21,9,2,1,299.0,128.0,0.0
12754,925,3,2025-07-21,3,1,1,296.1,141.0,32.9
12755,844,4,2025-07-21,8,3,1,349.0,147.0,0.0
12756,589,1,2025-07-21,3,5,1,299.0,128.0,0.0
12757,960,3,2025-07-21,5,2,1,329.0,141.0,0.0
12758,628,6,2025-07-21,5,1,1,499.0,210.0,0.0
12759,696,5,2025-07-21,1,2,1,349.0,147.0,0.0
12760,1798,5,2025-07-21,6,2,1,349.0,147.0,0.0
12761,1712,2,2025-07-21,7,2,1,299.0,128.0,0.0
12762,984,1,2025-07-21,4,3,1,269.1,128.0,29.9
12763,719,1,2025-07-21,5,1,1,299.0,128.0,0.0
12764,1270,1,2025-07-21,2,3,1,299.0,128.0,0.0
12765,1933,4,2025-07-21,1,2,1,349.0,147.0,0.0
12766,1274,3,2025-07-21,2,1,1,329.0,141.0,0.0
12767,1751,1,2025-07-21,5,1,1,299.0,128.0,0.0
12768,1192,3,2025-07-21,7,1,1,329.0,141.0,0.0
12769,1987,3,2025-07-21,4,1,1,279.65,141.0,49.35
12770,1844,1,2025-07-21,3,1,1,254.15,128.0,44.85
12771,7,4,2025-07-21,2,3,1,349.0,147.0,0.0
12772,1585,5,2025-07-21,3,5,2,349.0,147.0,0.0
12773,26,5,2025-07-22,7,4,1,349.0,147.0,0.0
12774,1460,4,2025-07-22,5,3,1,349.0,147.0,0.0
12775,1480,6,2025-07-22,3,1,1,499.0,210.0,0.0
12776,750,4,2025-07-22,6,4,1,349.0,147.0,0.0
12777,1209,3,2025-07-22,5,1,1,296.1,141.0,32.9
12778,1823,5,2025-07-22,3,3,1,314.1,147.0,34.9
12779,1608,2,2025-07-22,8,1,1,269.1,128.0,29.9
12780,1881,2,2025-07-22,3,2,1,299.0,128.0,0.0
12781,937,4,2025-07-22,1,3,1,349.0,147.0,0.0
12782,1782,1,2025-07-22,1,5,1,299.0,128.0,0.0
12783,1631,5,2025-07-22,6,2,1,349.0,147.0,0.0
12784,579,6,2025-07-22,9,1,1,499.0,210.0,0.0
12785,65,2,2025-07-22,3,1,1,299.0,128.0,0.0
12786,1667,3,2025-07-22,3,5,1,329.0,141.0,0.0
12787,1349,5,2025-07-22,3,4,1,349.0,147.0,0.0
12788,1903,1,2025-07-22,1,2,1,299.0,128.0,0.0
12789,805,2,2025-07-22,2,1,1,254.15,128.0,44.85
12790,353,1,2025-07-22,3,5,1,269.1,128.0,29.9
12791,917,5,2025-07-22,1,1,2,349.0,147.0,0.0
12792,1346,5,2025-07-22,1,4,2,349.0,147.0,0.0
12793,574,6,2025-07-22,3,2,1,424.15,210.0,74.85
12794,728,1,2025-07-22,7,2,1,299.0,128.0,0.0
12795,1829,3,2025-07-22,7,3,1,329.0,141.0,0.0
12796,118,5,2025-07-22,3,1,1,349.0,147.0,0.0
12797,1537,4,2025-07-22,1,2,1,349.0,147.0,0.0
12798,697,1,2025-07-22,3,1,2,299.0,128.0,0.0
12799,221,2,2025-07-22,2,2,1,299.0,128.0,0.0
12800,543,4,2025-07-22,3,2,1,349.0,147.0,0.0
12801,1785,1,2025-07-22,7,2,1,299.0,128.0,0.0
12802,306,4,2025-07-22,5,2,1,349.0,147.0,0.0
12803,1941,5,2025-07-22,4,1,1,349.0,147.0,0.0
12804,323,6,2025-07-22,4,3,1,424.15,210.0,74.85
12805,950,3,2025-07-22,6,1,1,329.0,141.0,0.0
12806,937,5,2025-07-22,3,3,1,314.1,147.0,34.9
12807,386,1,2025-07-22,4,3,1,299.0,128.0,0.0
12808,1712,5,2025-07-23,5,3,2,314.1,147.0,34.9
12809,1337,2,2025-07-23,3,2,1,299.0,128.0,0.0
12810,582,1,2025-07-23,3,1,1,299.0,128.0,0.0
12811,149,6,2025-07-23,1,3,1,424.15,210.0,74.85
12812,1263,5,2025-07-23,5,1,1,349.0,147.0,0.0
12813,20,5,2025-07-23,5,2,1,349.0,147.0,0.0
12814,50,4,2025-07-23,1,2,1,349.0,147.0,0.0
12815,175,2,2025-07-23,5,3,1,299.0,128.0,0.0
12816,1200,6,2025-07-23,5,3,1,499.0,210.0,0.0
12817,1985,5,2025-07-23,2,2,1,349.0,147.0,0.0
12818,808,5,2025-07-23,1,5,1,349.0,147.0,0.0
12819,435,5,2025-07-23,2,1,1,349.0,147.0,0.0
12820,2,4,2025-07-23,2,1,1,314.1,147.0,34.9
12821,476,2,2025-07-23,1,1,1,299.0,128.0,0.0
12822,35,6,2025-07-23,2,5,1,499.0,210.0,0.0
12823,1727,4,2025-07-23,9,5,1,349.0,147.0,0.0
12824,27,1,2025-07-23,5,2,1,254.15,128.0,44.85
12825,1910,4,2025-07-23,1,2,1,314.1,147.0,34.9
12826,1832,2,2025-07-23,3,3,1,299.0,128.0,0.0
12827,1859,5,2025-07-23,7,1,2,349.0,147.0,0.0
12828,985,2,2025-07-23,1,4,1,299.0,128.0,0.0
12829,1931,5,2025-07-23,4,1,1,349.0,147.0,0.0
12830,674,1,2025-07-23,7,1,2,299.0,128.0,0.0
12831,1070,5,2025-07-23,6,1,1,349.0,147.0,0.0
12832,1392,1,2025-07-23,5,4,1,299.0,128.0,0.0
12833,1174,4,2025-07-23,6,5,2,349.0,147.0,0.0
12834,138,5,2025-07-23,5,1,1,349.0,147.0,0.0
12835,1070,2,2025-07-23,2,2,1,299.0,128.0,0.0
12836,238,5,2025-07-23,4,3,1,349.0,147.0,0.0
12837,1192,6,2025-07-23,3,3,1,499.0,210.0,0.0
12838,1950,4,2025-07-23,1,1,1,314.1,147.0,34.9
12839,1747,5,2025-07-24,4,1,1,349.0,147.0,0.0
12840,1374,4,2025-07-24,7,2,1,349.0,147.0,0.0
12841,514,4,2025-07-24,1,2,1,349.0,147.0,0.0
12842,1882,4,2025-07-24,1,2,1,349.0,147.0,0.0
12843,1870,1,2025-07-24,1,5,2,269.1,128.0,29.9
12844,1286,5,2025-07-24,3,1,1,349.0,147.0,0.0
12845,79,1,2025-07-24,4,2,1,299.0,128.0,0.0
12846,912,1,2025-07-24,1,1,1,299.0,128.0,0.0
12847,472,6,2025-07-24,1,5,1,449.1,210.0,49.9
12848,1680,1,2025-07-24,1,1,1,254.15,128.0,44.85
12849,1328,5,2025-07-24,7,2,1,349.0,147.0,0.0
12850,93,2,2025-07-24,1,3,2,269.1,128.0,29.9
12851,484,6,2025-07-24,3,2,1,449.1,210.0,49.9
12852,1211,6,2025-07-24,3,1,1,499.0,210.0,0.0
12853,1678,4,2025-07-24,3,4,1,296.65,147.0,52.35
12854,985,5,2025-07-24,1,2,1,349.0,147.0,0.0
12855,1948,1,2025-07-24,4,1,1,299.0,128.0,0.0
12856,1637,1,2025-07-24,3,1,1,299.0,128.0,0.0
12857,25,2,2025-07-24,1,1,1,299.0,128.0,0.0
12858,290,4,2025-07-24,1,5,1,349.0,147.0,0.0
12859,1980,3,2025-07-24,3,2,1,279.65,141.0,49.35
12860,1167,4,2025-07-24,1,5,1,349.0,147.0,0.0
12861,989,1,2025-07-24,3,5,1,254.15,128.0,44.85
12862,1274,4,2025-07-24,3,3,1,349.0,147.0,0.0
12863,269,5,2025-07-24,1,2,1,349.0,147.0,0.0
12864,1046,1,2025-07-24,9,5,1,299.0,128.0,0.0
12865,390,5,2025-07-24,4,5,1,349.0,147.0,0.0
12866,1058,6,2025-07-24,4,5,1,424.15,210.0,74.85
12867,1449,4,2025-07-24,3,1,1,349.0,147.0,0.0
12868,1872,5,2025-07-24,5,1,1,314.1,147.0,34.9
12869,1451,2,2025-07-24,1,3,1,269.1,128.0,29.9
12870,1197,6,2025-07-24,5,1,1,499.0,210.0,0.0
12871,128,4,2025-07-24,1,2,1,349.0,147.0,0.0
12872,919,5,2025-07-24,2,2,1,349.0,147.0,0.0
12873,634,4,2025-07-24,2,4,1,349.0,147.0,0.0
12874,623,6,2025-07-25,7,2,1,499.0,210.0,0.0
12875,1351,5,2025-07-25,3,1,1,349.0,147.0,0.0
12876,10,3,2025-07-25,1,1,1,329.0,141.0,0.0
12877,129,2,2025-07-25,2,1,2,269.1,128.0,29.9
12878,443,2,2025-07-25,3,5,1,254.15,128.0,44.85
12879,1013,1,2025-07-25,4,3,2,299.0,128.0,0.0
12880,1960,2,2025-07-25,1,5,1,299.0,128.0,0.0
12881,780,1,2025-07-25,3,2,1,299.0,128.0,0.0
12882,69,4,2025-07-25,2,2,1,349.0,147.0,0.0
12883,746,4,2025-07-25,1,1,1,349.0,147.0,0.0
12884,1592,5,2025-07-25,5,4,1,349.0,147.0,0.0
12885,1598,2,2025-07-25,4,5,1,254.15,128.0,44.85
12886,1287,5,2025-07-25,2,1,1,296.65,147.0,52.35
12887,1194,4,2025-07-25,1,1,1,349.0,147.0,0.0
12888,1125,1,2025-07-25,9,1,1,299.0,128.0,0.0
12889,158,2,2025-07-25,2,5,1,299.0,128.0,0.0
12890,1007,1,2025-07-25,8,1,1,299.0,128.0,0.0
12891,1153,6,2025-07-25,5,2,1,449.1,210.0,49.9
12892,399,1,2025-07-25,3,3,1,299.0,128.0,0.0
12893,938,6,2025-07-25,3,1,1,499.0,210.0,0.0
12894,1520,3,2025-07-25,1,4,1,296.1,141.0,32.9
12895,876,5,2025-07-25,1,2,1,349.0,147.0,0.0
12896,394,1,2025-07-25,4,5,1,299.0,128.0,0.0
12897,1325,1,2025-07-25,1,2,1,269.1,128.0,29.9
12898,552,3,2025-07-25,3,5,1,329.0,141.0,0.0
12899,736,3,2025-07-25,7,4,1,329.0,141.0,0.0
12900,1390,5,2025-07-25,1,3,1,349.0,147.0,0.0
12901,1168,1,2025-07-25,8,3,1,299.0,128.0,0.0
12902,130,2,2025-07-25,1,3,1,299.0,128.0,0.0
12903,1404,4,2025-07-25,8,3,1,349.0,147.0,0.0
12904,782,3,2025-07-25,3,2,1,329.0,141.0,0.0
12905,527,2,2025-07-25,3,5,1,254.15,128.0,44.85
12906,334,4,2025-07-25,4,1,1,349.0,147.0,0.0
12907,1977,3,2025-07-25,1,3,1,329.0,141.0,0.0
12908,1586,1,2025-07-25,6,4,1,254.15,128.0,44.85
12909,1581,3,2025-07-26,4,2,1,329.0,141.0,0.0
12910,1629,3,2025-07-26,4,4,1,279.65,141.0,49.35
12911,595,1,2025-07-26,1,1,1,254.15,128.0,44.85
12912,1726,4,2025-07-26,3,2,1,349.0,147.0,0.0
12913,1594,3,2025-07-26,3,1,1,329.0,141.0,0.0
12914,552,5,2025-07-26,5,1,1,296.65,147.0,52.35
12915,1704,1,2025-07-26,1,1,1,299.0,128.0,0.0
12916,1145,5,2025-07-26,7,1,1,296.65,147.0,52.35
12917,1922,6,2025-07-26,3,1,1,449.1,210.0,49.9
12918,1448,5,2025-07-26,6,1,1,314.1,147.0,34.9
12919,114,5,2025-07-26,3,4,2,349.0,147.0,0.0
12920,302,5,2025-07-26,5,2,1,349.0,147.0,0.0
12921,937,4,2025-07-26,7,2,1,349.0,147.0,0.0
12922,604,4,2025-07-26,1,1,1,296.65,147.0,52.35
12923,637,5,2025-07-26,1,2,1,349.0,147.0,0.0
12924,1899,1,2025-07-26,3,1,1,299.0,128.0,0.0
12925,459,5,2025-07-26,6,1,1,349.0,147.0,0.0
12926,934,4,2025-07-26,3,2,1,296.65,147.0,52.35
12927,302,2,2025-07-26,1,1,1,299.0,128.0,0.0
12928,876,4,2025-07-26,1,1,1,349.0,147.0,0.0
12929,1822,1,2025-07-26,2,2,1,299.0,128.0,0.0
12930,1686,4,2025-07-26,4,1,1,349.0,147.0,0.0
12931,1034,5,2025-07-26,5,1,1,349.0,147.0,0.0
12932,1055,6,2025-07-26,2,2,1,499.0,210.0,0.0
12933,1331,2,2025-07-26,3,2,1,299.0,128.0,0.0
12934,48,5,2025-07-26,8,5,1,349.0,147.0,0.0
12935,1014,4,2025-07-26,4,1,1,296.65,147.0,52.35
12936,1653,2,2025-07-26,1,3,1,254.15,128.0,44.85
12937,1901,2,2025-07-26,3,5,1,269.1,128.0,29.9
12938,1983,4,2025-07-27,1,3,1,349.0,147.0,0.0
12939,1330,3,2025-07-27,3,3,1,329.0,141.0,0.0
12940,164,5,2025-07-27,5,5,1,349.0,147.0,0.0
12941,807,5,2025-07-27,1,2,1,349.0,147.0,0.0
12942,1291,2,2025-07-27,7,2,1,299.0,128.0,0.0
12943,283,3,2025-07-27,3,5,1,329.0,141.0,0.0
12944,780,5,2025-07-27,5,4,1,349.0,147.0,0.0
12945,1663,1,2025-07-27,7,1,1,269.1,128.0,29.9
12946,283,5,2025-07-27,8,5,1,296.65,147.0,52.35
12947,641,4,2025-07-27,7,5,1,349.0,147.0,0.0
12948,505,2,2025-07-27,5,1,1,299.0,128.0,0.0
12949,1254,6,2025-07-27,7,2,1,499.0,210.0,0.0
12950,1618,5,2025-07-27,1,2,1,349.0,147.0,0.0
12951,954,2,2025-07-27,7,4,1,299.0,128.0,0.0
12952,1787,3,2025-07-27,1,4,1,329.0,141.0,0.0
12953,773,4,2025-07-27,1,2,1,296.65,147.0,52.35
12954,208,5,2025-07-27,5,2,1,349.0,147.0,0.0
12955,1614,1,2025-07-27,5,1,1,269.1,128.0,29.9
12956,1233,2,2025-07-27,1,1,1,299.0,128.0,0.0
12957,288,5,2025-07-27,5,2,2,349.0,147.0,0.0
12958,1637,3,2025-07-27,3,5,1,296.1,141.0,32.9
12959,1,4,2025-07-27,2,1,1,349.0,147.0,0.0
12960,1740,6,2025-07-27,1,4,1,499.0,210.0,0.0
12961,849,5,2025-07-27,1,5,1,349.0,147.0,0.0
12962,79,1,2025-07-27,1,1,1,269.1,128.0,29.9
12963,910,2,2025-07-27,6,2,1,269.1,128.0,29.9
12964,753,5,2025-07-27,1,2,1,349.0,147.0,0.0
12965,1350,5,2025-07-27,1,3,1,349.0,147.0,0.0
12966,1388,4,2025-07-27,4,2,2,349.0,147.0,0.0
12967,557,1,2025-07-27,4,3,2,299.0,128.0,0.0
12968,1403,4,2025-07-27,3,1,1,349.0,147.0,0.0
12969,1426,5,2025-07-27,5,1,1,349.0,147.0,0.0
12970,627,6,2025-07-27,3,2,1,499.0,210.0,0.0
12971,1796,4,2025-07-27,4,1,1,314.1,147.0,34.9
12972,225,6,2025-07-28,3,2,1,499.0,210.0,0.0
12973,938,4,2025-07-28,3,2,1,349.0,147.0,0.0
12974,1975,4,2025-07-28,1,2,1,349.0,147.0,0.0
12975,912,1,2025-07-28,2,4,1,299.0,128.0,0.0
12976,459,1,2025-07-28,1,1,1,299.0,128.0,0.0
12977,1714,1,2025-07-28,2,5,1,299.0,128.0,0.0
12978,571,5,2025-07-28,5,1,2,349.0,147.0,0.0
12979,1699,6,2025-07-28,4,1,1,499.0,210.0,0.0
12980,1840,5,2025-07-28,5,1,1,349.0,147.0,0.0
12981,1061,4,2025-07-28,3,4,1,314.1,147.0,34.9
12982,1227,4,2025-07-28,9,4,1,349.0,147.0,0.0
12983,1608,1,2025-07-28,4,2,1,299.0,128.0,0.0
12984,1656,2,2025-07-28,1,5,1,299.0,128.0,0.0
12985,1729,5,2025-07-28,1,5,1,314.1,147.0,34.9
12986,237,1,2025-07-28,1,1,1,299.0,128.0,0.0
12987,1871,4,2025-07-28,2,2,2,349.0,147.0,0.0
12988,1049,4,2025-07-28,2,4,1,349.0,147.0,0.0
12989,257,3,2025-07-28,1,3,1,329.0,141.0,0.0
12990,1875,3,2025-07-28,5,2,1,329.0,141.0,0.0
12991,957,1,2025-07-28,3,2,1,299.0,128.0,0.0
12992,1912,4,2025-07-28,3,1,1,349.0,147.0,0.0
12993,397,4,2025-07-28,1,2,1,349.0,147.0,0.0
12994,1180,3,2025-07-28,1,3,1,279.65,141.0,49.35
12995,1812,5,2025-07-28,6,2,1,349.0,147.0,0.0
12996,218,3,2025-07-28,5,2,1,329.0,141.0,0.0
12997,997,5,2025-07-28,1,2,1,349.0,147.0,0.0
12998,1443,5,2025-07-28,1,4,1,349.0,147.0,0.0
12999,267,2,2025-07-28,4,5,1,299.0,128.0,0.0
13000,1474,4,2025-07-28,1,3,1,314.1,147.0,34.9
13001,1839,1,2025-07-28,1,1,1,299.0,128.0,0.0
13002,1788,5,2025-07-28,1,4,1,349.0,147.0,0.0
13003,452,1,2025-07-29,7,2,1,254.15,128.0,44.85
13004,520,5,2025-07-29,8,5,1,349.0,147.0,0.0
13005,1367,4,2025-07-29,4,1,2,349.0,147.0,0.0
13006,1042,2,2025-07-29,3,2,1,299.0,128.0,0.0
13007,511,1,2025-07-29,3,1,1,254.15,128.0,44.85
13008,1297,2,2025-07-29,3,4,1,299.0,128.0,0.0
13009,1703,2,2025-07-29,3,3,1,269.1,128.0,29.9
13010,1704,2,2025-07-29,5,2,1,299.0,128.0,0.0
13011,909,2,2025-07-29,6,3,1,299.0,128.0,0.0
13012,850,3,2025-07-29,3,3,1,329.0,141.0,0.0
13013,56,4,2025-07-29,7,1,1,296.65,147.0,52.35
13014,1267,4,2025-07-29,1,2,2,349.0,147.0,0.0
13015,713,4,2025-07-29,1,1,1,349.0,147.0,0.0
13016,1833,5,2025-07-29,5,3,1,349.0,147.0,0.0
13017,303,3,2025-07-29,3,2,1,329.0,141.0,0.0
13018,1046,1,2025-07-29,2,1,1,299.0,128.0,0.0
13019,436,4,2025-07-29,5,5,1,314.1,147.0,34.9
13020,1267,5,2025-07-29,1,1,1,349.0,147.0,0.0
13021,221,5,2025-07-29,9,2,1,296.65,147.0,52.35
13022,1440,4,2025-07-29,5,2,1,349.0,147.0,0.0
13023,485,4,2025-07-29,2,3,1,296.65,147.0,52.35
13024,715,5,2025-07-29,5,2,1,296.65,147.0,52.35
13025,967,4,2025-07-29,3,4,1,296.65,147.0,52.35
13026,1084,5,2025-07-29,2,4,1,349.0,147.0,0.0
13027,435,6,2025-07-29,4,2,1,499.0,210.0,0.0
13028,577,5,2025-07-29,1,1,1,314.1,147.0,34.9
13029,339,4,2025-07-29,4,5,1,349.0,147.0,0.0
13030,57,4,2025-07-29,7,2,1,296.65,147.0,52.35
13031,3,6,2025-07-29,8,2,1,499.0,210.0,0.0
13032,1293,2,2025-07-29,1,3,1,269.1,128.0,29.9
13033,274,4,2025-07-29,1,3,1,349.0,147.0,0.0
13034,1600,4,2025-07-29,2,1,1,314.1,147.0,34.9
13035,1334,2,2025-07-29,5,1,1,299.0,128.0,0.0
13036,1441,5,2025-07-29,5,2,1,349.0,147.0,0.0
13037,112,2,2025-07-30,3,5,1,269.1,128.0,29.9
13038,1389,6,2025-07-30,1,3,1,499.0,210.0,0.0
13039,1912,4,2025-07-30,2,3,1,349.0,147.0,0.0
13040,1320,3,2025-07-30,5,3,1,329.0,141.0,0.0
13041,1492,5,2025-07-30,1,1,1,349.0,147.0,0.0
13042,210,4,2025-07-30,3,3,1,349.0,147.0,0.0
13043,828,5,2025-07-30,2,2,1,296.65,147.0,52.35
13044,1900,1,2025-07-30,2,3,1,299.0,128.0,0.0
13045,297,6,2025-07-30,5,5,2,499.0,210.0,0.0
13046,856,2,2025-07-30,2,5,1,299.0,128.0,0.0
13047,846,4,2025-07-30,1,1,1,314.1,147.0,34.9
13048,1108,5,2025-07-30,4,3,1,349.0,147.0,0.0
13049,710,4,2025-07-30,2,3,1,314.1,147.0,34.9
13050,1202,5,2025-07-30,4,3,1,349.0,147.0,0.0
13051,1873,2,2025-07-30,1,3,1,299.0,128.0,0.0
13052,236,5,2025-07-30,7,2,1,349.0,147.0,0.0
13053,1030,5,2025-07-30,3,1,1,349.0,147.0,0.0
13054,1560,6,2025-07-30,2,2,1,499.0,210.0,0.0
13055,541,4,2025-07-30,1,1,1,349.0,147.0,0.0
13056,574,2,2025-07-30,3,3,1,299.0,128.0,0.0
13057,1688,4,2025-07-30,5,4,1,349.0,147.0,0.0
13058,166,3,2025-07-30,5,1,1,329.0,141.0,0.0
13059,1290,5,2025-07-30,3,2,1,349.0,147.0,0.0
13060,359,2,2025-07-30,5,1,1,269.1,128.0,29.9
13061,187,1,2025-07-30,1,4,1,299.0,128.0,0.0
13062,145,4,2025-07-30,7,2,1,296.65,147.0,52.35
13063,1666,4,2025-07-30,4,5,1,314.1,147.0,34.9
13064,1369,1,2025-07-30,3,2,1,299.0,128.0,0.0
13065,481,4,2025-07-30,3,1,1,349.0,147.0,0.0
13066,1335,5,2025-07-30,8,5,1,349.0,147.0,0.0
13067,462,6,2025-07-30,1,1,1,499.0,210.0,0.0
13068,893,4,2025-07-30,7,2,1,349.0,147.0,0.0
13069,1957,6,2025-07-31,1,1,1,499.0,210.0,0.0
13070,1425,3,2025-07-31,1,2,1,329.0,141.0,0.0
13071,509,1,2025-07-31,1,4,1,299.0,128.0,0.0
13072,338,4,2025-07-31,3,4,1,349.0,147.0,0.0
13073,885,5,2025-07-31,7,1,1,349.0,147.0,0.0
13074,649,5,2025-07-31,3,3,1,349.0,147.0,0.0
13075,1691,5,2025-07-31,2,2,1,296.65,147.0,52.35
13076,1121,1,2025-07-31,2,1,1,299.0,128.0,0.0
13077,1741,3,2025-07-31,7,1,2,329.0,141.0,0.0
13078,760,3,2025-07-31,2,1,1,329.0,141.0,0.0
13079,400,4,2025-07-31,8,3,1,314.1,147.0,34.9
13080,148,6,2025-07-31,6,5,1,499.0,210.0,0.0
13081,561,4,2025-07-31,3,1,2,349.0,147.0,0.0
13082,874,5,2025-07-31,1,1,1,349.0,147.0,0.0
13083,662,3,2025-07-31,4,4,2,329.0,141.0,0.0
13084,396,2,2025-07-31,2,2,1,299.0,128.0,0.0
13085,634,4,2025-07-31,1,2,1,349.0,147.0,0.0
13086,1844,4,2025-07-31,7,5,1,349.0,147.0,0.0
13087,377,2,2025-07-31,1,5,1,269.1,128.0,29.9
13088,623,5,2025-07-31,4,1,1,314.1,147.0,34.9
13089,947,2,2025-07-31,5,2,1,299.0,128.0,0.0
13090,1157,3,2025-07-31,1,3,1,296.1,141.0,32.9
13091,230,4,2025-07-31,6,2,1,314.1,147.0,34.9
13092,250,2,2025-07-31,3,4,1,299.0,128.0,0.0
13093,898,4,2025-07-31,7,4,1,349.0,147.0,0.0
13094,48,4,2025-07-31,7,2,1,314.1,147.0,34.9
13095,636,4,2025-07-31,4,1,1,314.1,147.0,34.9
13096,1816,4,2025-07-31,4,5,1,314.1,147.0,34.9
13097,1186,6,2025-07-31,1,1,1,424.15,210.0,74.85
13098,1255,5,2025-07-31,5,3,1,349.0,147.0,0.0
13099,1107,4,2025-07-31,1,4,1,296.65,147.0,52.35
13100,721,5,2025-07-31,3,3,1,349.0,147.0,0.0
13101,971,1,2025-07-31,7,5,1,269.1,128.0,29.9
13102,1883,4,2025-07-31,4,5,1,349.0,147.0,0.0
13103,783,1,2025-07-31,2,1,1,299.0,128.0,0.0
13104,1856,5,2025-08-01,3,5,1,349.0,147.0,0.0
13105,516,2,2025-08-01,4,2,1,299.0,128.0,0.0
13106,515,3,2025-08-01,6,1,1,329.0,141.0,0.0
13107,359,5,2025-08-01,5,3,1,349.0,147.0,0.0
13108,27,1,2025-08-01,1,1,1,299.0,128.0,0.0
13109,962,1,2025-08-01,1,5,1,299.0,128.0,0.0
13110,1577,2,2025-08-01,9,1,2,299.0,128.0,0.0
13111,528,3,2025-08-01,3,2,1,329.0,141.0,0.0
13112,883,1,2025-08-01,1,2,1,299.0,128.0,0.0
13113,205,5,2025-08-01,1,2,1,349.0,147.0,0.0
13114,807,1,2025-08-01,7,1,1,299.0,128.0,0.0
13115,785,3,2025-08-01,5,2,1,329.0,141.0,0.0
13116,511,2,2025-08-01,1,2,1,254.15,128.0,44.85
13117,317,3,2025-08-01,2,4,1,329.0,141.0,0.0
13118,1627,5,2025-08-01,3,1,1,349.0,147.0,0.0
13119,968,2,2025-08-01,4,1,2,299.0,128.0,0.0
13120,1254,2,2025-08-01,2,2,1,299.0,128.0,0.0
13121,1953,5,2025-08-01,3,1,1,296.65,147.0,52.35
13122,1028,5,2025-08-01,4,4,1,349.0,147.0,0.0
13123,1006,4,2025-08-01,1,2,1,349.0,147.0,0.0
13124,537,4,2025-08-01,6,1,1,349.0,147.0,0.0
13125,230,5,2025-08-01,9,1,1,314.1,147.0,34.9
13126,1011,3,2025-08-01,1,5,2,296.1,141.0,32.9
13127,546,2,2025-08-01,5,2,1,254.15,128.0,44.85
13128,961,5,2025-08-01,5,1,1,314.1,147.0,34.9
13129,1251,5,2025-08-01,1,3,1,314.1,147.0,34.9
13130,348,5,2025-08-01,8,1,1,349.0,147.0,0.0
13131,526,4,2025-08-01,5,5,2,349.0,147.0,0.0
13132,1769,1,2025-08-01,2,4,1,299.0,128.0,0.0
13133,1939,5,2025-08-01,8,2,1,349.0,147.0,0.0
13134,1802,1,2025-08-01,1,2,1,299.0,128.0,0.0
13135,1041,6,2025-08-01,3,3,1,499.0,210.0,0.0
13136,220,1,2025-08-01,3,3,1,299.0,128.0,0.0
13137,1891,5,2025-08-01,4,2,1,349.0,147.0,0.0
13138,1103,1,2025-08-02,1,3,2,299.0,128.0,0.0
13139,541,3,2025-08-02,3,1,1,329.0,141.0,0.0
13140,1758,5,2025-08-02,5,5,1,314.1,147.0,34.9
13141,257,2,2025-08-02,2,1,1,299.0,128.0,0.0
13142,1819,4,2025-08-02,2,1,1,349.0,147.0,0.0
13143,1023,5,2025-08-02,2,3,1,349.0,147.0,0.0
13144,201,4,2025-08-02,3,2,1,296.65,147.0,52.35
13145,1276,1,2025-08-02,4,2,1,299.0,128.0,0.0
13146,1843,6,2025-08-02,6,4,1,499.0,210.0,0.0
13147,392,4,2025-08-02,3,1,1,349.0,147.0,0.0
13148,390,1,2025-08-02,9,2,1,299.0,128.0,0.0
13149,1518,2,2025-08-02,1,1,1,269.1,128.0,29.9
13150,906,5,2025-08-02,5,1,1,349.0,147.0,0.0
13151,1003,1,2025-08-02,2,3,1,299.0,128.0,0.0
13152,1189,1,2025-08-02,8,1,1,254.15,128.0,44.85
13153,419,3,2025-08-02,3,2,1,329.0,141.0,0.0
13154,533,2,2025-08-02,6,2,2,299.0,128.0,0.0
13155,1350,5,2025-08-02,2,1,1,314.1,147.0,34.9
13156,244,1,2025-08-02,4,2,1,299.0,128.0,0.0
13157,1735,1,2025-08-02,1,3,1,299.0,128.0,0.0
13158,298,6,2025-08-02,1,2,1,499.0,210.0,0.0
13159,1067,4,2025-08-02,1,1,1,349.0,147.0,0.0
13160,1825,1,2025-08-02,5,5,1,254.15,128.0,44.85
13161,591,5,2025-08-02,3,1,2,349.0,147.0,0.0
13162,1983,6,2025-08-02,4,3,1,499.0,210.0,0.0
13163,918,4,2025-08-02,3,1,1,314.1,147.0,34.9
13164,1114,5,2025-08-02,1,2,1,349.0,147.0,0.0
13165,807,3,2025-08-02,3,2,1,329.0,141.0,0.0
13166,1938,3,2025-08-02,3,1,1,279.65,141.0,49.35
13167,868,2,2025-08-02,1,4,1,269.1,128.0,29.9
13168,746,4,2025-08-02,1,2,1,349.0,147.0,0.0
13169,369,4,2025-08-02,3,1,1,349.0,147.0,0.0
13170,795,2,2025-08-02,5,3,1,299.0,128.0,0.0
13171,191,5,2025-08-02,1,2,1,349.0,147.0,0.0
13172,806,3,2025-08-02,4,5,1,329.0,141.0,0.0
13173,700,5,2025-08-03,1,4,1,349.0,147.0,0.0
13174,412,4,2025-08-03,4,1,1,349.0,147.0,0.0
13175,829,5,2025-08-03,1,2,1,314.1,147.0,34.9
13176,225,5,2025-08-03,8,1,1,296.65,147.0,52.35
13177,977,5,2025-08-03,2,1,1,349.0,147.0,0.0
13178,744,5,2025-08-03,3,1,1,314.1,147.0,34.9
13179,313,1,2025-08-03,3,4,1,299.0,128.0,0.0
13180,795,6,2025-08-03,1,1,1,499.0,210.0,0.0
13181,1404,4,2025-08-03,5,2,2,296.65,147.0,52.35
13182,1636,3,2025-08-03,1,2,1,329.0,141.0,0.0
13183,494,5,2025-08-03,5,2,2,349.0,147.0,0.0
13184,1937,2,2025-08-03,2,3,1,299.0,128.0,0.0
13185,1368,1,2025-08-03,1,4,1,299.0,128.0,0.0
13186,1536,5,2025-08-03,2,1,1,296.65,147.0,52.35
13187,812,5,2025-08-03,8,4,1,296.65,147.0,52.35
13188,649,2,2025-08-03,1,3,1,299.0,128.0,0.0
13189,1699,4,2025-08-03,4,1,2,349.0,147.0,0.0
13190,1960,2,2025-08-03,9,1,1,299.0,128.0,0.0
13191,480,3,2025-08-03,4,2,1,329.0,141.0,0.0
13192,435,2,2025-08-03,2,1,1,254.15,128.0,44.85
13193,715,5,2025-08-03,1,1,1,349.0,147.0,0.0
13194,408,2,2025-08-03,5,5,1,269.1,128.0,29.9
13195,217,6,2025-08-03,1,3,1,449.1,210.0,49.9
13196,1793,4,2025-08-03,3,5,1,314.1,147.0,34.9
13197,1274,1,2025-08-03,2,2,1,299.0,128.0,0.0
13198,1694,6,2025-08-03,6,3,1,499.0,210.0,0.0
13199,1253,2,2025-08-03,4,2,1,299.0,128.0,0.0
13200,1614,5,2025-08-03,4,4,1,349.0,147.0,0.0
13201,1003,4,2025-08-03,1,5,1,296.65,147.0,52.35
13202,1163,2,2025-08-03,3,1,1,299.0,128.0,0.0
13203,185,5,2025-08-03,8,3,1,349.0,147.0,0.0
13204,772,4,2025-08-03,3,2,1,314.1,147.0,34.9
13205,1571,2,2025-08-03,6,1,2,299.0,128.0,0.0
13206,1414,2,2025-08-03,3,4,1,299.0,128.0,0.0
13207,711,6,2025-08-04,1,2,2,499.0,210.0,0.0
13208,1955,5,2025-08-04,7,3,1,349.0,147.0,0.0
13209,838,4,2025-08-04,1,1,1,349.0,147.0,0.0
13210,372,2,2025-08-04,1,1,1,269.1,128.0,29.9
13211,1335,3,2025-08-04,5,4,1,296.1,141.0,32.9
13212,773,1,2025-08-04,3,1,1,299.0,128.0,0.0
13213,318,2,2025-08-04,5,3,1,269.1,128.0,29.9
13214,1331,5,2025-08-04,3,2,1,349.0,147.0,0.0
13215,1733,4,2025-08-04,1,5,1,349.0,147.0,0.0
13216,30,3,2025-08-04,3,3,1,296.1,141.0,32.9
13217,1816,4,2025-08-04,1,2,1,349.0,147.0,0.0
13218,814,4,2025-08-04,1,2,1,349.0,147.0,0.0
13219,1153,1,2025-08-04,3,1,1,299.0,128.0,0.0
13220,1147,5,2025-08-04,3,2,1,349.0,147.0,0.0
13221,1096,2,2025-08-04,5,3,1,299.0,128.0,0.0
13222,476,2,2025-08-04,3,1,1,269.1,128.0,29.9
13223,733,4,2025-08-04,6,5,1,349.0,147.0,0.0
13224,604,2,2025-08-04,1,3,1,299.0,128.0,0.0
13225,991,1,2025-08-04,2,2,1,299.0,128.0,0.0
13226,1838,6,2025-08-04,1,2,1,499.0,210.0,0.0
13227,985,1,2025-08-04,1,2,1,299.0,128.0,0.0
13228,1086,4,2025-08-04,6,1,1,296.65,147.0,52.35
13229,136,5,2025-08-04,3,2,1,349.0,147.0,0.0
13230,746,5,2025-08-04,4,2,1,349.0,147.0,0.0
13231,116,5,2025-08-04,2,1,2,349.0,147.0,0.0
13232,1866,6,2025-08-04,1,4,1,424.15,210.0,74.85
13233,226,5,2025-08-04,2,4,1,349.0,147.0,0.0
13234,59,5,2025-08-04,8,5,1,349.0,147.0,0.0
13235,1456,5,2025-08-04,1,5,2,349.0,147.0,0.0
13236,1167,2,2025-08-04,7,3,1,299.0,128.0,0.0
13237,160,3,2025-08-04,3,1,1,329.0,141.0,0.0
13238,1372,1,2025-08-04,3,1,1,299.0,128.0,0.0
13239,566,5,2025-08-04,3,2,1,349.0,147.0,0.0
13240,851,4,2025-08-04,4,2,1,314.1,147.0,34.9
13241,826,6,2025-08-04,5,3,1,424.15,210.0,74.85
13242,460,1,2025-08-04,3,2,1,254.15,128.0,44.85
13243,1458,1,2025-08-04,1,1,1,299.0,128.0,0.0
13244,1665,3,2025-08-04,2,2,1,279.65,141.0,49.35
13245,1740,5,2025-08-05,2,2,2,349.0,147.0,0.0
13246,1189,4,2025-08-05,1,3,1,314.1,147.0,34.9
13247,71,1,2025-08-05,7,1,1,299.0,128.0,0.0
13248,526,2,2025-08-05,1,1,1,269.1,128.0,29.9
13249,1563,5,2025-08-05,7,3,1,314.1,147.0,34.9
13250,124,5,2025-08-05,2,1,1,349.0,147.0,0.0
13251,1601,6,2025-08-05,4,1,1,499.0,210.0,0.0
13252,828,5,2025-08-05,7,4,1,349.0,147.0,0.0
13253,892,4,2025-08-05,3,2,1,349.0,147.0,0.0
13254,75,1,2025-08-05,2,2,1,299.0,128.0,0.0
13255,1088,2,2025-08-05,3,1,1,299.0,128.0,0.0
13256,316,4,2025-08-05,8,1,1,349.0,147.0,0.0
13257,452,3,2025-08-05,3,2,1,329.0,141.0,0.0
13258,1980,1,2025-08-05,2,5,2,299.0,128.0,0.0
13259,657,5,2025-08-05,5,4,1,349.0,147.0,0.0
13260,586,4,2025-08-05,4,4,1,314.1,147.0,34.9
13261,1298,3,2025-08-05,4,1,1,329.0,141.0,0.0
13262,1814,3,2025-08-05,1,2,1,329.0,141.0,0.0
13263,1584,5,2025-08-05,7,1,1,314.1,147.0,34.9
13264,1682,2,2025-08-05,3,2,1,299.0,128.0,0.0
13265,371,4,2025-08-05,4,5,2,349.0,147.0,0.0
13266,1440,1,2025-08-05,4,2,2,299.0,128.0,0.0
13267,1676,6,2025-08-05,6,2,1,449.1,210.0,49.9
13268,180,4,2025-08-05,6,1,1,349.0,147.0,0.0
13269,538,5,2025-08-05,1,1,1,349.0,147.0,0.0
13270,1077,5,2025-08-05,7,3,1,349.0,147.0,0.0
13271,1625,2,2025-08-05,8,4,1,269.1,128.0,29.9
13272,1612,2,2025-08-05,2,2,1,299.0,128.0,0.0
13273,169,4,2025-08-05,4,1,1,296.65,147.0,52.35
13274,954,2,2025-08-05,5,2,1,299.0,128.0,0.0
13275,403,1,2025-08-05,4,2,1,299.0,128.0,0.0
13276,1376,4,2025-08-05,1,1,1,349.0,147.0,0.0
13277,1457,3,2025-08-05,3,2,1,329.0,141.0,0.0
13278,703,4,2025-08-05,3,5,1,349.0,147.0,0.0
13279,1028,2,2025-08-05,1,1,1,299.0,128.0,0.0
13280,615,3,2025-08-05,5,4,2,329.0,141.0,0.0
13281,910,2,2025-08-05,1,1,1,299.0,128.0,0.0
13282,1402,5,2025-08-06,4,2,1,349.0,147.0,0.0
13283,320,4,2025-08-06,5,4,1,349.0,147.0,0.0
13284,142,4,2025-08-06,3,3,1,349.0,147.0,0.0
13285,337,1,2025-08-06,2,1,1,299.0,128.0,0.0
13286,687,3,2025-08-06,2,1,1,329.0,141.0,0.0
13287,1498,5,2025-08-06,6,2,1,349.0,147.0,0.0
13288,1038,4,2025-08-06,1,5,1,349.0,147.0,0.0
13289,1755,2,2025-08-06,1,3,1,299.0,128.0,0.0
13290,1663,1,2025-08-06,4,1,1,299.0,128.0,0.0
13291,1316,1,2025-08-06,1,5,1,299.0,128.0,0.0
13292,507,2,2025-08-06,9,2,1,269.1,128.0,29.9
13293,366,5,2025-08-06,1,2,1,314.1,147.0,34.9
13294,1760,2,2025-08-06,8,2,1,299.0,128.0,0.0
13295,1343,2,2025-08-06,1,2,1,299.0,128.0,0.0
13296,1571,5,2025-08-06,8,3,1,349.0,147.0,0.0
13297,1437,1,2025-08-06,9,5,1,254.15,128.0,44.85
13298,1045,5,2025-08-06,3,2,1,314.1,147.0,34.9
13299,1244,2,2025-08-06,3,5,1,299.0,128.0,0.0
13300,1606,5,2025-08-06,3,2,1,314.1,147.0,34.9
13301,992,5,2025-08-06,7,3,1,349.0,147.0,0.0
13302,1796,3,2025-08-06,5,1,2,296.1,141.0,32.9
13303,604,5,2025-08-06,3,1,1,349.0,147.0,0.0
13304,1715,2,2025-08-06,2,1,1,299.0,128.0,0.0
13305,1638,1,2025-08-06,7,2,1,299.0,128.0,0.0
13306,1661,6,2025-08-06,3,1,1,449.1,210.0,49.9
13307,1562,5,2025-08-06,1,1,1,349.0,147.0,0.0
13308,735,1,2025-08-06,1,3,1,299.0,128.0,0.0
13309,1492,4,2025-08-06,2,4,1,314.1,147.0,34.9
13310,1700,3,2025-08-06,1,4,1,296.1,141.0,32.9
13311,1096,3,2025-08-06,8,1,1,329.0,141.0,0.0
13312,75,4,2025-08-06,1,1,1,349.0,147.0,0.0
13313,1958,2,2025-08-06,3,1,1,299.0,128.0,0.0
13314,1292,1,2025-08-06,2,2,1,269.1,128.0,29.9
13315,184,4,2025-08-06,3,1,1,349.0,147.0,0.0
13316,27,4,2025-08-06,3,1,1,296.65,147.0,52.35
13317,1721,6,2025-08-06,2,3,1,499.0,210.0,0.0
13318,1658,5,2025-08-06,3,4,1,349.0,147.0,0.0
13319,381,1,2025-08-06,1,1,1,269.1,128.0,29.9
13320,1613,5,2025-08-07,5,5,1,314.1,147.0,34.9
13321,1020,5,2025-08-07,1,2,1,314.1,147.0,34.9
13322,370,5,2025-08-07,9,2,2,349.0,147.0,0.0
13323,808,4,2025-08-07,7,2,1,349.0,147.0,0.0
13324,967,5,2025-08-07,2,2,1,349.0,147.0,0.0
13325,1924,2,2025-08-07,1,2,1,299.0,128.0,0.0
13326,1965,6,2025-08-07,2,1,1,449.1,210.0,49.9
13327,844,1,2025-08-07,1,1,1,299.0,128.0,0.0
13328,721,5,2025-08-07,2,5,1,349.0,147.0,0.0
13329,1461,3,2025-08-07,3,1,1,279.65,141.0,49.35
13330,1974,2,2025-08-07,2,3,1,299.0,128.0,0.0
13331,1923,2,2025-08-07,1,5,1,299.0,128.0,0.0
13332,1775,4,2025-08-07,4,4,1,314.1,147.0,34.9
13333,566,1,2025-08-07,1,2,1,299.0,128.0,0.0
13334,637,5,2025-08-07,2,1,1,349.0,147.0,0.0
13335,1143,2,2025-08-07,1,2,1,299.0,128.0,0.0
13336,1439,3,2025-08-07,1,5,1,329.0,141.0,0.0
13337,557,1,2025-08-07,5,2,1,299.0,128.0,0.0
13338,599,4,2025-08-07,7,1,1,349.0,147.0,0.0
13339,398,4,2025-08-07,1,2,1,296.65,147.0,52.35
13340,1523,6,2025-08-07,2,4,1,424.15,210.0,74.85
13341,1877,3,2025-08-07,5,5,1,279.65,141.0,49.35
13342,307,5,2025-08-07,7,3,1,296.65,147.0,52.35
13343,1292,2,2025-08-07,3,1,1,299.0,128.0,0.0
13344,588,6,2025-08-07,7,2,1,499.0,210.0,0.0
13345,1166,4,2025-08-07,4,1,2,349.0,147.0,0.0
13346,425,2,2025-08-07,3,2,1,299.0,128.0,0.0
13347,37,4,2025-08-07,4,2,1,349.0,147.0,0.0
13348,371,2,2025-08-07,4,3,1,299.0,128.0,0.0
13349,1499,1,2025-08-07,3,2,1,299.0,128.0,0.0
13350,657,2,2025-08-07,4,1,1,254.15,128.0,44.85
13351,1958,5,2025-08-07,3,3,1,349.0,147.0,0.0
13352,314,5,2025-08-07,7,2,1,314.1,147.0,34.9
13353,522,4,2025-08-07,3,1,1,349.0,147.0,0.0
13354,1079,2,2025-08-07,3,3,1,254.15,128.0,44.85
13355,1067,5,2025-08-07,4,3,1,349.0,147.0,0.0
13356,1589,6,2025-08-07,3,2,1,449.1,210.0,49.9
13357,1839,4,2025-08-07,4,1,1,349.0,147.0,0.0
13358,1210,1,2025-08-07,3,1,1,299.0,128.0,0.0
13359,751,4,2025-08-08,3,1,1,349.0,147.0,0.0
13360,20,1,2025-08-08,7,3,1,299.0,128.0,0.0
13361,237,5,2025-08-08,3,3,1,349.0,147.0,0.0
13362,1043,6,2025-08-08,1,2,2,499.0,210.0,0.0
13363,1714,4,2025-08-08,1,2,1,349.0,147.0,0.0
13364,1565,5,2025-08-08,1,1,1,349.0,147.0,0.0
13365,1047,4,2025-08-08,1,1,1,349.0,147.0,0.0
13366,574,6,2025-08-08,9,1,1,449.1,210.0,49.9
13367,1050,3,2025-08-08,1,4,1,329.0,141.0,0.0
13368,1760,5,2025-08-08,8,5,1,296.65,147.0,52.35
13369,1372,3,2025-08-08,2,3,2,329.0,141.0,0.0
13370,17,2,2025-08-08,4,1,1,299.0,128.0,0.0
13371,1590,3,2025-08-08,3,2,1,296.1,141.0,32.9
13372,753,5,2025-08-08,3,4,1,349.0,147.0,0.0
13373,849,4,2025-08-08,7,2,1,349.0,147.0,0.0
13374,217,4,2025-08-08,2,1,1,349.0,147.0,0.0
13375,345,1,2025-08-08,4,1,1,254.15,128.0,44.85
13376,1833,4,2025-08-08,2,1,1,314.1,147.0,34.9
13377,804,5,2025-08-08,4,3,1,314.1,147.0,34.9
13378,1850,2,2025-08-08,8,2,1,299.0,128.0,0.0
13379,281,5,2025-08-08,3,4,1,349.0,147.0,0.0
13380,1779,6,2025-08-08,2,1,1,499.0,210.0,0.0
13381,883,4,2025-08-08,1,4,1,349.0,147.0,0.0
13382,560,4,2025-08-08,4,2,1,349.0,147.0,0.0
13383,74,2,2025-08-08,1,1,1,299.0,128.0,0.0
13384,583,5,2025-08-08,2,1,1,349.0,147.0,0.0
13385,370,3,2025-08-08,7,1,1,329.0,141.0,0.0
13386,1372,4,2025-08-08,1,5,2,314.1,147.0,34.9
13387,106,4,2025-08-08,1,5,1,349.0,147.0,0.0
13388,1045,1,2025-08-08,1,2,1,299.0,128.0,0.0
13389,1383,4,2025-08-08,3,2,1,349.0,147.0,0.0
13390,1527,4,2025-08-08,5,3,1,349.0,147.0,0.0
13391,1616,1,2025-08-08,1,1,2,299.0,128.0,0.0
13392,177,1,2025-08-09,7,5,1,299.0,128.0,0.0
13393,1315,4,2025-08-09,3,2,1,349.0,147.0,0.0
13394,1316,5,2025-08-09,4,4,2,296.65,147.0,52.35
13395,1842,4,2025-08-09,7,5,1,349.0,147.0,0.0
13396,1801,3,2025-08-09,6,1,1,329.0,141.0,0.0
13397,1807,1,2025-08-09,5,3,1,269.1,128.0,29.9
13398,551,6,2025-08-09,8,2,1,499.0,210.0,0.0
13399,1567,6,2025-08-09,2,1,1,424.15,210.0,74.85
13400,1910,2,2025-08-09,1,1,1,299.0,128.0,0.0
13401,703,5,2025-08-09,3,3,1,349.0,147.0,0.0
13402,1192,4,2025-08-09,3,2,1,314.1,147.0,34.9
13403,1759,3,2025-08-09,7,2,1,329.0,141.0,0.0
13404,1936,2,2025-08-09,5,5,1,269.1,128.0,29.9
13405,425,6,2025-08-09,4,3,1,449.1,210.0,49.9
13406,870,5,2025-08-09,8,1,1,349.0,147.0,0.0
13407,245,5,2025-08-09,1,1,1,296.65,147.0,52.35
13408,1508,1,2025-08-09,1,1,1,299.0,128.0,0.0
13409,1764,3,2025-08-09,5,5,1,296.1,141.0,32.9
13410,961,5,2025-08-09,1,2,1,349.0,147.0,0.0
13411,1667,2,2025-08-09,1,1,1,299.0,128.0,0.0
13412,559,5,2025-08-09,5,3,1,349.0,147.0,0.0
13413,1566,4,2025-08-09,8,3,1,349.0,147.0,0.0
13414,903,3,2025-08-09,8,2,1,329.0,141.0,0.0
13415,1139,2,2025-08-09,3,1,1,269.1,128.0,29.9
13416,803,4,2025-08-09,5,2,1,296.65,147.0,52.35
13417,1475,5,2025-08-09,1,1,1,349.0,147.0,0.0
13418,351,3,2025-08-09,4,3,1,279.65,141.0,49.35
13419,73,1,2025-08-09,6,3,1,299.0,128.0,0.0
13420,1416,6,2025-08-09,3,1,1,499.0,210.0,0.0
13421,337,2,2025-08-09,6,2,1,299.0,128.0,0.0
13422,1914,4,2025-08-09,6,3,1,314.1,147.0,34.9
13423,518,1,2025-08-09,3,2,1,299.0,128.0,0.0
13424,1545,5,2025-08-09,1,1,1,349.0,147.0,0.0
13425,396,5,2025-08-09,5,2,1,349.0,147.0,0.0
13426,945,4,2025-08-09,3,5,1,349.0,147.0,0.0
13427,420,5,2025-08-10,3,2,1,349.0,147.0,0.0
13428,688,2,2025-08-10,4,2,1,299.0,128.0,0.0
13429,1207,4,2025-08-10,7,5,1,349.0,147.0,0.0
13430,1792,5,2025-08-10,2,1,2,349.0,147.0,0.0
13431,117,3,2025-08-10,2,5,1,329.0,141.0,0.0
13432,379,3,2025-08-10,3,3,2,329.0,141.0,0.0
13433,1049,5,2025-08-10,6,2,1,314.1,147.0,34.9
13434,1224,4,2025-08-10,3,5,1,349.0,147.0,0.0
13435,935,5,2025-08-10,5,1,1,349.0,147.0,0.0
13436,411,3,2025-08-10,1,5,1,329.0,141.0,0.0
13437,1260,3,2025-08-10,1,4,1,329.0,141.0,0.0
13438,1161,4,2025-08-10,5,2,1,349.0,147.0,0.0
13439,1482,4,2025-08-10,7,2,1,349.0,147.0,0.0
13440,1979,3,2025-08-10,5,1,1,329.0,141.0,0.0
13441,188,1,2025-08-10,2,3,1,299.0,128.0,0.0
13442,687,4,2025-08-10,1,1,1,349.0,147.0,0.0
13443,614,5,2025-08-10,3,1,1,296.65,147.0,52.35
13444,572,4,2025-08-10,3,1,1,296.65,147.0,52.35
13445,668,5,2025-08-10,4,5,1,349.0,147.0,0.0
13446,1780,3,2025-08-10,2,2,1,329.0,141.0,0.0
13447,1489,1,2025-08-10,3,5,1,254.15,128.0,44.85
13448,1658,5,2025-08-10,3,2,1,296.65,147.0,52.35
13449,1649,6,2025-08-10,8,3,1,499.0,210.0,0.0
13450,1425,4,2025-08-10,3,1,1,349.0,147.0,0.0
13451,1517,4,2025-08-10,4,5,1,349.0,147.0,0.0
13452,17,2,2025-08-10,1,1,1,299.0,128.0,0.0
13453,216,4,2025-08-10,2,1,1,314.1,147.0,34.9
13454,971,2,2025-08-10,1,1,1,299.0,128.0,0.0
13455,1228,6,2025-08-10,1,1,1,449.1,210.0,49.9
13456,205,1,2025-08-10,7,2,1,254.15,128.0,44.85
13457,445,1,2025-08-10,1,1,1,299.0,128.0,0.0
13458,1255,1,2025-08-10,6,3,1,299.0,128.0,0.0
13459,1564,1,2025-08-10,7,2,1,299.0,128.0,0.0
13460,858,5,2025-08-10,1,4,1,349.0,147.0,0.0
13461,1580,2,2025-08-11,3,5,1,299.0,128.0,0.0
13462,1245,1,2025-08-11,2,1,2,299.0,128.0,0.0
13463,460,4,2025-08-11,1,1,1,296.65,147.0,52.35
13464,1321,5,2025-08-11,4,3,1,349.0,147.0,0.0
13465,854,6,2025-08-11,2,1,1,424.15,210.0,74.85
13466,1906,4,2025-08-11,5,4,1,314.1,147.0,34.9
13467,425,3,2025-08-11,6,2,1,296.1,141.0,32.9
13468,939,2,2025-08-11,3,2,1,299.0,128.0,0.0
13469,1570,5,2025-08-11,7,3,1,314.1,147.0,34.9
13470,654,5,2025-08-11,7,2,1,349.0,147.0,0.0
13471,1305,5,2025-08-11,2,4,1,349.0,147.0,0.0
13472,928,6,2025-08-11,5,1,1,424.15,210.0,74.85
13473,984,2,2025-08-11,3,2,1,269.1,128.0,29.9
13474,153,1,2025-08-11,4,4,1,254.15,128.0,44.85
13475,1707,1,2025-08-11,1,2,1,299.0,128.0,0.0
13476,1965,1,2025-08-11,8,1,1,299.0,128.0,0.0
13477,1259,4,2025-08-11,3,1,1,349.0,147.0,0.0
13478,1683,5,2025-08-11,5,3,1,349.0,147.0,0.0
13479,825,2,2025-08-11,8,2,2,254.15,128.0,44.85
13480,1063,5,2025-08-11,3,2,1,349.0,147.0,0.0
13481,1485,1,2025-08-11,1,2,1,299.0,128.0,0.0
13482,1538,4,2025-08-11,4,1,1,296.65,147.0,52.35
13483,1047,4,2025-08-11,6,1,1,349.0,147.0,0.0
13484,864,6,2025-08-11,1,2,1,499.0,210.0,0.0
13485,1937,1,2025-08-11,7,1,1,299.0,128.0,0.0
13486,1949,2,2025-08-11,3,2,1,299.0,128.0,0.0
13487,1254,6,2025-08-11,3,3,1,424.15,210.0,74.85
13488,1184,3,2025-08-11,5,2,1,329.0,141.0,0.0
13489,425,1,2025-08-11,2,1,1,269.1,128.0,29.9
13490,1457,3,2025-08-11,3,1,1,329.0,141.0,0.0
13491,1944,5,2025-08-11,2,5,1,349.0,147.0,0.0
13492,286,3,2025-08-11,3,1,1,329.0,141.0,0.0
13493,1398,3,2025-08-11,3,1,1,329.0,141.0,0.0
13494,1172,6,2025-08-11,1,3,1,449.1,210.0,49.9
13495,1955,4,2025-08-11,1,2,2,349.0,147.0,0.0
13496,1463,5,2025-08-11,2,1,1,349.0,147.0,0.0
13497,1578,2,2025-08-12,3,2,1,299.0,128.0,0.0
13498,1863,6,2025-08-12,3,1,1,424.15,210.0,74.85
13499,1371,6,2025-08-12,8,1,1,499.0,210.0,0.0
13500,1090,5,2025-08-12,3,5,1,349.0,147.0,0.0
13501,553,1,2025-08-12,8,2,1,299.0,128.0,0.0
13502,799,6,2025-08-12,5,2,1,499.0,210.0,0.0
13503,404,4,2025-08-12,1,1,1,349.0,147.0,0.0
13504,515,2,2025-08-12,8,2,1,254.15,128.0,44.85
13505,313,4,2025-08-12,3,1,1,296.65,147.0,52.35
13506,479,4,2025-08-12,2,3,2,349.0,147.0,0.0
13507,1244,5,2025-08-12,1,2,1,314.1,147.0,34.9
13508,683,6,2025-08-12,7,1,1,499.0,210.0,0.0
13509,1063,3,2025-08-12,5,4,1,329.0,141.0,0.0
13510,210,6,2025-08-12,8,1,1,499.0,210.0,0.0
13511,1656,5,2025-08-12,3,3,2,349.0,147.0,0.0
13512,996,1,2025-08-12,2,5,1,269.1,128.0,29.9
13513,122,5,2025-08-12,9,1,1,349.0,147.0,0.0
13514,1727,5,2025-08-12,1,5,1,349.0,147.0,0.0
13515,1101,2,2025-08-12,1,4,1,269.1,128.0,29.9
13516,32,4,2025-08-12,8,3,1,296.65,147.0,52.35
13517,1782,4,2025-08-12,2,2,1,349.0,147.0,0.0
13518,736,3,2025-08-12,6,1,1,296.1,141.0,32.9
13519,1032,4,2025-08-12,5,3,2,349.0,147.0,0.0
13520,1495,6,2025-08-12,2,5,1,499.0,210.0,0.0
13521,1084,4,2025-08-12,5,2,1,349.0,147.0,0.0
13522,1642,5,2025-08-12,1,2,1,314.1,147.0,34.9
13523,1135,4,2025-08-12,1,2,1,314.1,147.0,34.9
13524,708,6,2025-08-12,1,2,1,499.0,210.0,0.0
13525,601,5,2025-08-12,6,1,1,314.1,147.0,34.9
13526,1761,6,2025-08-12,1,1,1,499.0,210.0,0.0
13527,1710,5,2025-08-12,1,2,2,349.0,147.0,0.0
13528,1163,5,2025-08-12,7,3,1,314.1,147.0,34.9
13529,954,4,2025-08-12,1,3,1,296.65,147.0,52.35
13530,93,2,2025-08-12,5,2,1,299.0,128.0,0.0
13531,252,2,2025-08-13,2,1,1,299.0,128.0,0.0
13532,1691,4,2025-08-13,9,2,1,349.0,147.0,0.0
13533,1558,4,2025-08-13,2,5,1,314.1,147.0,34.9
13534,1421,1,2025-08-13,1,1,1,299.0,128.0,0.0
13535,1617,5,2025-08-13,3,1,1,314.1,147.0,34.9
13536,521,6,2025-08-13,2,4,1,449.1,210.0,49.9
13537,1523,5,2025-08-13,6,3,2,349.0,147.0,0.0
13538,1505,4,2025-08-13,2,3,1,296.65,147.0,52.35
13539,1455,3,2025-08-13,5,4,2,329.0,141.0,0.0
13540,1500,5,2025-08-13,1,4,1,349.0,147.0,0.0
13541,1435,6,2025-08-13,7,1,1,499.0,210.0,0.0
13542,1005,4,2025-08-13,1,2,1,349.0,147.0,0.0
13543,1526,6,2025-08-13,1,2,1,499.0,210.0,0.0
13544,548,1,2025-08-13,2,1,1,299.0,128.0,0.0
13545,948,2,2025-08-13,1,3,1,299.0,128.0,0.0
13546,531,1,2025-08-13,5,3,1,299.0,128.0,0.0
13547,1793,2,2025-08-13,1,4,1,254.15,128.0,44.85
13548,1392,5,2025-08-13,5,1,1,349.0,147.0,0.0
13549,1223,4,2025-08-13,1,2,1,349.0,147.0,0.0
13550,1923,4,2025-08-13,5,1,1,314.1,147.0,34.9
13551,295,5,2025-08-13,1,5,1,349.0,147.0,0.0
13552,1558,3,2025-08-13,1,4,1,329.0,141.0,0.0
13553,1305,4,2025-08-13,1,4,1,296.65,147.0,52.35
13554,1559,4,2025-08-13,1,2,1,349.0,147.0,0.0
13555,1676,5,2025-08-13,3,1,1,349.0,147.0,0.0
13556,364,1,2025-08-13,3,1,1,299.0,128.0,0.0
13557,767,3,2025-08-13,5,4,1,329.0,141.0,0.0
13558,1030,4,2025-08-13,3,5,1,349.0,147.0,0.0
13559,282,1,2025-08-13,1,1,1,299.0,128.0,0.0
13560,845,5,2025-08-13,1,2,1,296.65,147.0,52.35
13561,228,5,2025-08-13,1,2,1,349.0,147.0,0.0
13562,1037,2,2025-08-13,1,2,1,299.0,128.0,0.0
13563,1712,1,2025-08-13,5,1,1,299.0,128.0,0.0
13564,2000,4,2025-08-13,1,2,1,349.0,147.0,0.0
13565,316,4,2025-08-14,5,2,1,296.65,147.0,52.35
13566,1665,5,2025-08-14,3,4,1,349.0,147.0,0.0
13567,1211,1,2025-08-14,5,3,1,299.0,128.0,0.0
13568,265,5,2025-08-14,5,1,1,314.1,147.0,34.9
13569,1877,3,2025-08-14,8,5,1,329.0,141.0,0.0
13570,1400,4,2025-08-14,1,5,1,349.0,147.0,0.0
13571,338,1,2025-08-14,1,2,1,299.0,128.0,0.0
13572,302,2,2025-08-14,5,1,1,299.0,128.0,0.0
13573,627,5,2025-08-14,6,5,1,296.65,147.0,52.35
13574,1499,5,2025-08-14,3,5,1,349.0,147.0,0.0
13575,41,5,2025-08-14,5,1,1,349.0,147.0,0.0
13576,1864,2,2025-08-14,4,2,1,299.0,128.0,0.0
13577,1620,4,2025-08-14,1,1,1,314.1,147.0,34.9
13578,584,4,2025-08-14,1,2,1,296.65,147.0,52.35
13579,385,2,2025-08-14,2,4,1,299.0,128.0,0.0
13580,1371,1,2025-08-14,3,1,1,299.0,128.0,0.0
13581,1370,5,2025-08-14,5,1,1,349.0,147.0,0.0
13582,599,1,2025-08-14,8,2,1,299.0,128.0,0.0
13583,587,5,2025-08-14,8,1,1,349.0,147.0,0.0
13584,357,5,2025-08-14,3,1,1,349.0,147.0,0.0
13585,776,3,2025-08-14,4,1,1,329.0,141.0,0.0
13586,909,4,2025-08-14,2,4,1,349.0,147.0,0.0
13587,1547,6,2025-08-14,5,1,1,499.0,210.0,0.0
13588,541,2,2025-08-14,3,4,1,299.0,128.0,0.0
13589,101,1,2025-08-14,4,4,2,254.15,128.0,44.85
13590,838,1,2025-08-14,4,2,1,254.15,128.0,44.85
13591,1311,3,2025-08-14,3,4,1,329.0,141.0,0.0
13592,1356,5,2025-08-14,7,1,1,296.65,147.0,52.35
13593,137,1,2025-08-14,4,3,1,299.0,128.0,0.0
13594,316,5,2025-08-14,6,2,2,349.0,147.0,0.0
13595,776,4,2025-08-14,1,2,1,296.65,147.0,52.35
13596,217,6,2025-08-14,1,1,1,499.0,210.0,0.0
13597,497,1,2025-08-14,7,2,1,299.0,128.0,0.0
13598,197,6,2025-08-14,8,2,1,449.1,210.0,49.9
13599,1965,1,2025-08-14,7,2,1,299.0,128.0,0.0
13600,142,2,2025-08-14,7,2,1,299.0,128.0,0.0
13601,11,2,2025-08-14,7,5,1,299.0,128.0,0.0
13602,753,3,2025-08-14,3,1,1,329.0,141.0,0.0
13603,140,3,2025-08-14,1,3,2,329.0,141.0,0.0
13604,1273,1,2025-08-14,6,2,1,254.15,128.0,44.85
13605,573,3,2025-08-14,4,1,1,329.0,141.0,0.0
13606,1552,4,2025-08-15,5,2,1,349.0,147.0,0.0
13607,819,5,2025-08-15,3,4,1,314.1,147.0,34.9
13608,1457,3,2025-08-15,1,2,1,329.0,141.0,0.0
13609,1356,4,2025-08-15,4,2,1,349.0,147.0,0.0
13610,1786,5,2025-08-15,9,2,1,349.0,147.0,0.0
13611,1854,2,2025-08-15,3,1,1,299.0,128.0,0.0
13612,1424,5,2025-08-15,8,2,1,349.0,147.0,0.0
13613,1901,4,2025-08-15,8,4,1,349.0,147.0,0.0
13614,1823,2,2025-08-15,5,2,1,299.0,128.0,0.0
13615,136,2,2025-08-15,1,1,1,299.0,128.0,0.0
13616,1068,1,2025-08-15,2,2,2,299.0,128.0,0.0
13617,302,1,2025-08-15,2,2,1,299.0,128.0,0.0
13618,552,1,2025-08-15,4,1,1,299.0,128.0,0.0
13619,1115,5,2025-08-15,3,3,1,296.65,147.0,52.35
13620,708,4,2025-08-15,3,4,1,349.0,147.0,0.0
13621,50,4,2025-08-15,5,1,1,349.0,147.0,0.0
13622,14,4,2025-08-15,3,3,1,314.1,147.0,34.9
13623,877,1,2025-08-15,5,4,1,299.0,128.0,0.0
13624,1233,5,2025-08-15,6,1,2,296.65,147.0,52.35
13625,1565,4,2025-08-15,9,2,1,349.0,147.0,0.0
13626,198,3,2025-08-15,1,1,1,296.1,141.0,32.9
13627,1309,4,2025-08-15,4,1,1,349.0,147.0,0.0
13628,193,2,2025-08-15,3,5,2,299.0,128.0,0.0
13629,1542,3,2025-08-15,2,5,1,329.0,141.0,0.0
13630,867,4,2025-08-15,1,3,1,349.0,147.0,0.0
13631,615,5,2025-08-15,4,3,1,349.0,147.0,0.0
13632,1087,4,2025-08-15,7,2,1,349.0,147.0,0.0
13633,138,4,2025-08-15,3,3,1,314.1,147.0,34.9
13634,1749,4,2025-08-15,1,2,1,349.0,147.0,0.0
13635,22,5,2025-08-15,7,1,1,349.0,147.0,0.0
13636,1925,1,2025-08-15,2,3,1,299.0,128.0,0.0
13637,1943,5,2025-08-16,6,2,2,349.0,147.0,0.0
13638,1334,5,2025-08-16,8,3,1,349.0,147.0,0.0
13639,1596,5,2025-08-16,7,1,1,349.0,147.0,0.0
13640,1038,2,2025-08-16,8,1,1,254.15,128.0,44.85
13641,997,4,2025-08-16,3,3,1,296.65,147.0,52.35
13642,1751,1,2025-08-16,1,5,1,299.0,128.0,0.0
13643,1015,4,2025-08-16,2,1,2,349.0,147.0,0.0
13644,1782,3,2025-08-16,2,1,1,329.0,141.0,0.0
13645,125,3,2025-08-16,3,2,1,296.1,141.0,32.9
13646,1109,4,2025-08-16,3,1,2,314.1,147.0,34.9
13647,303,5,2025-08-16,3,2,2,349.0,147.0,0.0
13648,1785,1,2025-08-16,5,2,1,269.1,128.0,29.9
13649,1423,3,2025-08-16,1,2,1,329.0,141.0,0.0
13650,1171,2,2025-08-16,3,2,2,269.1,128.0,29.9
13651,507,4,2025-08-16,1,2,1,349.0,147.0,0.0
13652,353,4,2025-08-16,6,2,1,349.0,147.0,0.0
13653,1741,1,2025-08-16,5,2,1,254.15,128.0,44.85
13654,1168,2,2025-08-16,3,1,1,299.0,128.0,0.0
13655,801,1,2025-08-16,7,2,1,299.0,128.0,0.0
13656,424,5,2025-08-16,1,2,1,314.1,147.0,34.9
13657,921,5,2025-08-16,4,2,1,349.0,147.0,0.0
13658,800,4,2025-08-16,2,2,2,314.1,147.0,34.9
13659,776,1,2025-08-16,6,2,1,269.1,128.0,29.9
13660,721,5,2025-08-16,1,2,1,349.0,147.0,0.0
13661,1626,1,2025-08-16,1,1,1,269.1,128.0,29.9
13662,482,6,2025-08-16,7,4,1,424.15,210.0,74.85
13663,907,6,2025-08-16,2,5,1,499.0,210.0,0.0
13664,990,4,2025-08-16,3,2,1,296.65,147.0,52.35
13665,648,6,2025-08-16,1,2,1,499.0,210.0,0.0
13666,274,4,2025-08-16,7,1,1,349.0,147.0,0.0
13667,1682,3,2025-08-16,2,1,1,329.0,141.0,0.0
13668,467,4,2025-08-16,7,1,1,296.65,147.0,52.35
13669,1499,2,2025-08-16,2,5,1,269.1,128.0,29.9
13670,1618,4,2025-08-16,3,1,1,314.1,147.0,34.9
13671,1614,4,2025-08-16,7,3,1,349.0,147.0,0.0
13672,1323,6,2025-08-17,4,2,1,499.0,210.0,0.0
13673,1378,5,2025-08-17,3,1,1,314.1,147.0,34.9
13674,355,5,2025-08-17,6,1,1,349.0,147.0,0.0
13675,1850,5,2025-08-17,2,5,1,314.1,147.0,34.9
13676,1078,4,2025-08-17,1,5,2,314.1,147.0,34.9
13677,1008,5,2025-08-17,2,1,1,349.0,147.0,0.0
13678,719,5,2025-08-17,5,1,1,349.0,147.0,0.0
13679,1969,6,2025-08-17,9,2,2,424.15,210.0,74.85
13680,1094,3,2025-08-17,3,2,1,329.0,141.0,0.0
13681,585,1,2025-08-17,3,1,1,299.0,128.0,0.0
13682,1534,2,2025-08-17,1,2,1,299.0,128.0,0.0
13683,958,2,2025-08-17,5,2,1,299.0,128.0,0.0
13684,1154,2,2025-08-17,3,1,2,299.0,128.0,0.0
13685,470,6,2025-08-17,1,1,1,449.1,210.0,49.9
13686,1851,2,2025-08-17,6,1,1,299.0,128.0,0.0
13687,821,4,2025-08-17,6,2,1,296.65,147.0,52.35
13688,1789,6,2025-08-17,1,1,1,499.0,210.0,0.0
13689,551,5,2025-08-17,4,1,1,349.0,147.0,0.0
13690,1315,2,2025-08-17,1,1,1,299.0,128.0,0.0
13691,573,1,2025-08-17,3,4,1,299.0,128.0,0.0
13692,778,4,2025-08-17,5,1,1,349.0,147.0,0.0
13693,690,1,2025-08-17,8,4,1,299.0,128.0,0.0
13694,307,5,2025-08-17,4,5,1,349.0,147.0,0.0
13695,224,5,2025-08-17,3,2,1,349.0,147.0,0.0
13696,77,4,2025-08-17,1,1,1,349.0,147.0,0.0
13697,526,4,2025-08-17,3,4,1,314.1,147.0,34.9
13698,1221,5,2025-08-17,3,2,1,314.1,147.0,34.9
13699,1686,5,2025-08-17,1,4,1,349.0,147.0,0.0
13700,1586,6,2025-08-17,5,3,1,499.0,210.0,0.0
13701,801,1,2025-08-17,1,4,1,299.0,128.0,0.0
13702,1014,1,2025-08-18,1,2,2,299.0,128.0,0.0
13703,428,5,2025-08-18,4,1,1,349.0,147.0,0.0
13704,1746,4,2025-08-18,3,2,1,349.0,147.0,0.0
13705,1295,1,2025-08-18,2,1,1,299.0,128.0,0.0
13706,1918,5,2025-08-18,4,5,1,349.0,147.0,0.0
13707,1481,4,2025-08-18,1,1,1,296.65,147.0,52.35
13708,209,1,2025-08-18,6,2,1,299.0,128.0,0.0
13709,731,4,2025-08-18,5,2,1,349.0,147.0,0.0
13710,1809,1,2025-08-18,4,2,1,299.0,128.0,0.0
13711,1211,2,2025-08-18,1,2,1,254.15,128.0,44.85
13712,1624,5,2025-08-18,3,1,1,314.1,147.0,34.9
13713,14,2,2025-08-18,1,4,2,299.0,128.0,0.0
13714,127,4,2025-08-18,2,1,1,349.0,147.0,0.0
13715,1486,4,2025-08-18,7,1,1,349.0,147.0,0.0
13716,1961,3,2025-08-18,9,3,1,296.1,141.0,32.9
13717,1262,1,2025-08-18,2,1,1,254.15,128.0,44.85
13718,738,1,2025-08-18,8,2,1,299.0,128.0,0.0
13719,1659,2,2025-08-18,2,4,1,299.0,128.0,0.0
13720,579,2,2025-08-18,5,5,2,299.0,128.0,0.0
13721,1776,2,2025-08-18,7,1,1,299.0,128.0,0.0
13722,559,5,2025-08-18,3,3,1,314.1,147.0,34.9
13723,839,5,2025-08-18,2,3,1,349.0,147.0,0.0
13724,1727,4,2025-08-18,7,1,1,349.0,147.0,0.0
13725,795,2,2025-08-18,2,1,1,299.0,128.0,0.0
13726,1056,1,2025-08-18,2,3,1,254.15,128.0,44.85
13727,1571,5,2025-08-18,5,5,1,349.0,147.0,0.0
13728,1646,3,2025-08-18,3,1,1,296.1,141.0,32.9
13729,1953,4,2025-08-18,4,5,1,349.0,147.0,0.0
13730,1221,6,2025-08-18,1,4,1,424.15,210.0,74.85
13731,232,4,2025-08-18,3,2,2,349.0,147.0,0.0
13732,1856,1,2025-08-18,9,2,1,299.0,128.0,0.0
13733,613,5,2025-08-18,1,2,1,349.0,147.0,0.0
13734,686,4,2025-08-18,3,5,1,349.0,147.0,0.0
13735,738,4,2025-08-18,5,2,1,349.0,147.0,0.0
13736,1859,1,2025-08-18,5,5,1,299.0,128.0,0.0
13737,1248,5,2025-08-19,1,2,1,349.0,147.0,0.0
13738,326,3,2025-08-19,1,1,1,296.1,141.0,32.9
13739,1536,5,2025-08-19,3,5,1,349.0,147.0,0.0
13740,1695,2,2025-08-19,1,1,1,269.1,128.0,29.9
13741,905,6,2025-08-19,2,3,1,499.0,210.0,0.0
13742,1412,6,2025-08-19,4,2,1,499.0,210.0,0.0
13743,283,1,2025-08-19,1,3,1,299.0,128.0,0.0
13744,778,5,2025-08-19,1,4,1,349.0,147.0,0.0
13745,1128,5,2025-08-19,6,2,1,349.0,147.0,0.0
13746,1435,3,2025-08-19,7,5,2,329.0,141.0,0.0
13747,169,4,2025-08-19,1,3,1,296.65,147.0,52.35
13748,413,1,2025-08-19,1,4,1,254.15,128.0,44.85
13749,1458,5,2025-08-19,4,2,1,349.0,147.0,0.0
13750,1419,1,2025-08-19,7,3,1,299.0,128.0,0.0
13751,1164,4,2025-08-19,1,4,1,349.0,147.0,0.0
13752,1856,3,2025-08-19,4,1,1,329.0,141.0,0.0
13753,1314,6,2025-08-19,3,1,1,424.15,210.0,74.85
13754,746,1,2025-08-19,2,1,1,254.15,128.0,44.85
13755,489,2,2025-08-19,7,4,1,299.0,128.0,0.0
13756,504,2,2025-08-19,2,1,1,299.0,128.0,0.0
13757,1026,5,2025-08-19,3,2,1,349.0,147.0,0.0
13758,435,3,2025-08-19,1,1,1,329.0,141.0,0.0
13759,902,5,2025-08-19,3,4,1,349.0,147.0,0.0
13760,1128,3,2025-08-19,2,5,1,279.65,141.0,49.35
13761,400,2,2025-08-19,3,2,1,299.0,128.0,0.0
13762,1948,1,2025-08-19,7,4,1,299.0,128.0,0.0
13763,1002,2,2025-08-19,3,3,1,299.0,128.0,0.0
13764,1788,4,2025-08-19,2,1,1,349.0,147.0,0.0
13765,487,5,2025-08-19,8,2,1,349.0,147.0,0.0
13766,1128,6,2025-08-19,1,2,1,449.1,210.0,49.9
13767,1833,4,2025-08-19,1,4,1,349.0,147.0,0.0
13768,1034,4,2025-08-19,1,5,1,349.0,147.0,0.0
13769,1481,5,2025-08-19,3,1,1,349.0,147.0,0.0
13770,1787,3,2025-08-19,1,3,1,329.0,141.0,0.0
13771,1975,6,2025-08-19,5,5,1,424.15,210.0,74.85
13772,1164,5,2025-08-19,8,1,1,349.0,147.0,0.0
13773,507,6,2025-08-19,3,2,1,499.0,210.0,0.0
13774,737,5,2025-08-19,5,2,1,349.0,147.0,0.0
13775,873,2,2025-08-20,5,2,1,299.0,128.0,0.0
13776,285,5,2025-08-20,2,1,1,349.0,147.0,0.0
13777,657,6,2025-08-20,8,2,2,499.0,210.0,0.0
13778,448,2,2025-08-20,4,2,1,299.0,128.0,0.0
13779,639,5,2025-08-20,3,2,1,314.1,147.0,34.9
13780,909,5,2025-08-20,1,1,1,349.0,147.0,0.0
13781,1606,3,2025-08-20,5,3,1,329.0,141.0,0.0
13782,1006,5,2025-08-20,7,1,1,349.0,147.0,0.0
13783,1966,2,2025-08-20,3,2,1,299.0,128.0,0.0
13784,991,4,2025-08-20,7,2,1,314.1,147.0,34.9
13785,1431,5,2025-08-20,3,3,1,349.0,147.0,0.0
13786,236,2,2025-08-20,3,2,1,269.1,128.0,29.9
13787,1430,5,2025-08-20,3,2,1,349.0,147.0,0.0
13788,206,1,2025-08-20,9,1,1,299.0,128.0,0.0
13789,1379,1,2025-08-20,1,4,1,299.0,128.0,0.0
13790,994,4,2025-08-20,4,2,1,349.0,147.0,0.0
13791,751,4,2025-08-20,7,1,1,349.0,147.0,0.0
13792,106,4,2025-08-20,5,1,1,296.65,147.0,52.35
13793,1616,6,2025-08-20,7,1,1,499.0,210.0,0.0
13794,1411,1,2025-08-20,8,3,1,299.0,128.0,0.0
13795,313,3,2025-08-20,5,4,1,329.0,141.0,0.0
13796,915,5,2025-08-20,3,3,1,349.0,147.0,0.0
13797,996,1,2025-08-20,2,1,1,299.0,128.0,0.0
13798,625,4,2025-08-20,4,2,1,349.0,147.0,0.0
13799,1538,5,2025-08-20,1,1,1,314.1,147.0,34.9
13800,1418,4,2025-08-20,7,2,1,349.0,147.0,0.0
13801,1235,4,2025-08-20,4,3,1,349.0,147.0,0.0
13802,485,1,2025-08-20,4,2,1,299.0,128.0,0.0
13803,1324,4,2025-08-20,7,1,1,349.0,147.0,0.0
13804,1772,5,2025-08-20,1,1,1,296.65,147.0,52.35
13805,1490,5,2025-08-20,1,2,1,296.65,147.0,52.35
13806,219,3,2025-08-20,5,1,1,329.0,141.0,0.0
13807,1860,1,2025-08-20,7,1,1,299.0,128.0,0.0
13808,1569,4,2025-08-21,1,3,1,349.0,147.0,0.0
13809,595,2,2025-08-21,1,1,1,299.0,128.0,0.0
13810,1383,4,2025-08-21,3,1,1,349.0,147.0,0.0
13811,1253,2,2025-08-21,8,2,1,299.0,128.0,0.0
13812,801,2,2025-08-21,1,1,1,299.0,128.0,0.0
13813,1302,4,2025-08-21,7,1,1,296.65,147.0,52.35
13814,556,5,2025-08-21,1,4,2,349.0,147.0,0.0
13815,1195,5,2025-08-21,4,2,1,349.0,147.0,0.0
13816,1196,1,2025-08-21,5,1,1,254.15,128.0,44.85
13817,64,4,2025-08-21,3,3,1,349.0,147.0,0.0
13818,1210,5,2025-08-21,2,1,2,349.0,147.0,0.0
13819,701,1,2025-08-21,2,1,1,269.1,128.0,29.9
13820,1706,5,2025-08-21,1,4,1,349.0,147.0,0.0
13821,1963,4,2025-08-21,1,2,1,349.0,147.0,0.0
13822,1564,6,2025-08-21,3,1,2,449.1,210.0,49.9
13823,1099,5,2025-08-21,1,1,2,349.0,147.0,0.0
13824,1277,6,2025-08-21,3,1,1,499.0,210.0,0.0
13825,1782,4,2025-08-21,4,1,1,296.65,147.0,52.35
13826,1747,4,2025-08-21,2,2,1,349.0,147.0,0.0
13827,435,1,2025-08-21,1,3,1,299.0,128.0,0.0
13828,1823,1,2025-08-21,4,2,1,299.0,128.0,0.0
13829,478,6,2025-08-21,1,2,1,424.15,210.0,74.85
13830,1583,5,2025-08-21,2,1,1,349.0,147.0,0.0
13831,1929,6,2025-08-21,2,4,1,499.0,210.0,0.0
13832,1897,3,2025-08-21,1,3,1,329.0,141.0,0.0
13833,98,1,2025-08-21,2,2,1,299.0,128.0,0.0
13834,1903,2,2025-08-21,2,1,1,299.0,128.0,0.0
13835,900,5,2025-08-21,2,3,1,349.0,147.0,0.0
13836,1343,2,2025-08-21,3,2,1,299.0,128.0,0.0
13837,672,1,2025-08-21,5,1,1,299.0,128.0,0.0
13838,442,5,2025-08-21,1,1,1,349.0,147.0,0.0
13839,321,4,2025-08-21,4,1,1,314.1,147.0,34.9
13840,1399,4,2025-08-21,1,1,1,349.0,147.0,0.0
13841,1598,1,2025-08-21,1,1,1,299.0,128.0,0.0
13842,1515,6,2025-08-21,8,5,1,424.15,210.0,74.85
13843,1948,5,2025-08-21,6,1,1,349.0,147.0,0.0
13844,1416,4,2025-08-21,3,1,1,314.1,147.0,34.9
13845,1011,6,2025-08-21,8,2,1,499.0,210.0,0.0
13846,930,5,2025-08-22,4,3,1,314.1,147.0,34.9
13847,1234,1,2025-08-22,1,1,2,299.0,128.0,0.0
13848,686,5,2025-08-22,7,5,1,349.0,147.0,0.0
13849,469,5,2025-08-22,1,2,1,349.0,147.0,0.0
13850,1402,1,2025-08-22,3,4,2,254.15,128.0,44.85
13851,1902,1,2025-08-22,2,1,2,299.0,128.0,0.0
13852,1294,4,2025-08-22,8,1,1,349.0,147.0,0.0
13853,76,4,2025-08-22,1,2,1,349.0,147.0,0.0
13854,1287,1,2025-08-22,3,1,1,299.0,128.0,0.0
13855,316,5,2025-08-22,9,1,1,349.0,147.0,0.0
13856,959,4,2025-08-22,2,1,1,349.0,147.0,0.0
13857,1347,1,2025-08-22,1,3,1,269.1,128.0,29.9
13858,186,2,2025-08-22,1,1,1,299.0,128.0,0.0
13859,510,2,2025-08-22,2,1,1,299.0,128.0,0.0
13860,838,5,2025-08-22,1,3,1,349.0,147.0,0.0
13861,1682,4,2025-08-22,1,3,1,349.0,147.0,0.0
13862,1991,4,2025-08-22,7,1,1,314.1,147.0,34.9
13863,975,5,2025-08-22,8,2,1,349.0,147.0,0.0
13864,1397,5,2025-08-22,2,2,2,349.0,147.0,0.0
13865,700,1,2025-08-22,2,2,1,254.15,128.0,44.85
13866,605,4,2025-08-22,5,1,1,296.65,147.0,52.35
13867,294,4,2025-08-22,3,2,1,349.0,147.0,0.0
13868,1107,4,2025-08-22,8,2,1,349.0,147.0,0.0
13869,1269,1,2025-08-22,6,1,2,299.0,128.0,0.0
13870,1044,6,2025-08-22,1,2,1,499.0,210.0,0.0
13871,1340,4,2025-08-22,1,2,2,314.1,147.0,34.9
13872,1463,4,2025-08-22,2,2,1,314.1,147.0,34.9
13873,444,1,2025-08-22,4,2,2,269.1,128.0,29.9
13874,1763,5,2025-08-22,3,3,1,349.0,147.0,0.0
13875,920,4,2025-08-22,8,5,1,349.0,147.0,0.0
13876,1795,6,2025-08-22,1,1,1,424.15,210.0,74.85
13877,618,3,2025-08-22,4,4,1,296.1,141.0,32.9
13878,401,5,2025-08-22,1,2,1,349.0,147.0,0.0
13879,211,4,2025-08-22,1,1,1,349.0,147.0,0.0
13880,373,5,2025-08-22,5,2,2,349.0,147.0,0.0
13881,1672,2,2025-08-22,1,3,1,299.0,128.0,0.0
13882,1615,3,2025-08-22,2,2,1,329.0,141.0,0.0
13883,794,4,2025-08-22,4,1,1,349.0,147.0,0.0
13884,1149,2,2025-08-22,5,2,2,299.0,128.0,0.0
13885,669,3,2025-08-23,1,1,1,329.0,141.0,0.0
13886,1353,5,2025-08-23,1,5,1,349.0,147.0,0.0
13887,1579,2,2025-08-23,5,2,1,299.0,128.0,0.0
13888,1952,6,2025-08-23,4,2,1,449.1,210.0,49.9
13889,1310,5,2025-08-23,1,5,1,349.0,147.0,0.0
13890,1272,5,2025-08-23,3,4,1,349.0,147.0,0.0
13891,1212,4,2025-08-23,1,2,1,314.1,147.0,34.9
13892,933,5,2025-08-23,2,1,1,349.0,147.0,0.0
13893,543,5,2025-08-23,2,4,2,314.1,147.0,34.9
13894,83,3,2025-08-23,6,2,1,329.0,141.0,0.0
13895,689,1,2025-08-23,1,1,1,299.0,128.0,0.0
13896,1384,1,2025-08-23,1,1,1,299.0,128.0,0.0
13897,309,4,2025-08-23,3,3,1,349.0,147.0,0.0
13898,1232,1,2025-08-23,2,3,1,299.0,128.0,0.0
13899,758,2,2025-08-23,7,1,2,299.0,128.0,0.0
13900,1613,4,2025-08-23,3,5,1,314.1,147.0,34.9
13901,1379,1,2025-08-23,2,3,1,299.0,128.0,0.0
13902,1697,5,2025-08-23,3,1,1,349.0,147.0,0.0
13903,952,5,2025-08-23,4,1,1,349.0,147.0,0.0
13904,914,5,2025-08-23,3,1,1,349.0,147.0,0.0
13905,280,5,2025-08-23,3,1,1,314.1,147.0,34.9
13906,309,5,2025-08-23,2,2,1,349.0,147.0,0.0
13907,141,5,2025-08-23,2,1,2,349.0,147.0,0.0
13908,671,1,2025-08-23,1,4,1,299.0,128.0,0.0
13909,1782,5,2025-08-23,5,3,1,349.0,147.0,0.0
13910,990,4,2025-08-23,2,3,1,314.1,147.0,34.9
13911,970,2,2025-08-23,8,1,1,299.0,128.0,0.0
13912,733,6,2025-08-23,7,2,1,499.0,210.0,0.0
13913,1162,2,2025-08-23,7,2,1,299.0,128.0,0.0
13914,1508,5,2025-08-23,8,5,1,314.1,147.0,34.9
13915,431,2,2025-08-23,3,1,1,269.1,128.0,29.9
13916,630,6,2025-08-23,4,3,1,499.0,210.0,0.0
13917,1212,4,2025-08-23,2,3,1,349.0,147.0,0.0
13918,320,4,2025-08-23,2,3,1,349.0,147.0,0.0
13919,780,3,2025-08-23,7,5,1,329.0,141.0,0.0
13920,1724,2,2025-08-23,7,4,1,299.0,128.0,0.0
13921,1297,1,2025-08-24,2,1,1,299.0,128.0,0.0
13922,376,5,2025-08-24,8,4,1,349.0,147.0,0.0
13923,1630,6,2025-08-24,7,1,1,499.0,210.0,0.0
13924,1467,4,2025-08-24,2,1,1,314.1,147.0,34.9
13925,372,4,2025-08-24,3,1,1,349.0,147.0,0.0
13926,1814,5,2025-08-24,1,4,1,349.0,147.0,0.0
13927,226,1,2025-08-24,2,4,1,299.0,128.0,0.0
13928,716,5,2025-08-24,1,3,1,349.0,147.0,0.0
13929,287,6,2025-08-24,3,4,1,499.0,210.0,0.0
13930,1409,1,2025-08-24,1,1,1,299.0,128.0,0.0
13931,946,1,2025-08-24,9,1,1,299.0,128.0,0.0
13932,30,5,2025-08-24,2,1,1,349.0,147.0,0.0
13933,187,5,2025-08-24,3,4,1,349.0,147.0,0.0
13934,1449,4,2025-08-24,1,4,1,349.0,147.0,0.0
13935,980,6,2025-08-24,3,1,2,424.15,210.0,74.85
13936,441,5,2025-08-24,1,1,1,349.0,147.0,0.0
13937,626,3,2025-08-24,9,4,1,329.0,141.0,0.0
13938,1096,5,2025-08-24,5,2,1,349.0,147.0,0.0
13939,1192,5,2025-08-24,4,2,1,349.0,147.0,0.0
13940,369,6,2025-08-24,1,5,1,499.0,210.0,0.0
13941,1457,2,2025-08-24,3,1,1,299.0,128.0,0.0
13942,1344,6,2025-08-24,5,2,1,499.0,210.0,0.0
13943,1389,3,2025-08-24,3,2,1,329.0,141.0,0.0
13944,1509,3,2025-08-24,5,2,1,329.0,141.0,0.0
13945,1726,3,2025-08-24,2,1,1,329.0,141.0,0.0
13946,1065,4,2025-08-24,5,2,2,296.65,147.0,52.35
13947,1361,5,2025-08-24,1,5,1,349.0,147.0,0.0
13948,1841,6,2025-08-24,4,1,1,499.0,210.0,0.0
13949,1205,5,2025-08-24,3,4,1,349.0,147.0,0.0
13950,1587,1,2025-08-24,3,2,1,269.1,128.0,29.9
13951,1643,6,2025-08-24,3,1,1,499.0,210.0,0.0
13952,556,6,2025-08-24,7,5,1,499.0,210.0,0.0
13953,537,6,2025-08-25,5,2,1,499.0,210.0,0.0
13954,1269,3,2025-08-25,3,4,1,296.1,141.0,32.9
13955,1089,5,2025-08-25,9,3,1,349.0,147.0,0.0
13956,1070,4,2025-08-25,4,1,1,349.0,147.0,0.0
13957,1106,3,2025-08-25,5,2,1,329.0,141.0,0.0
13958,1885,5,2025-08-25,4,2,2,349.0,147.0,0.0
13959,1109,6,2025-08-25,6,4,1,499.0,210.0,0.0
13960,1230,3,2025-08-25,2,1,1,329.0,141.0,0.0
13961,1746,4,2025-08-25,1,2,1,349.0,147.0,0.0
13962,225,1,2025-08-25,1,2,1,299.0,128.0,0.0
13963,1534,1,2025-08-25,1,1,1,299.0,128.0,0.0
13964,96,4,2025-08-25,5,3,1,349.0,147.0,0.0
13965,622,5,2025-08-25,1,5,1,314.1,147.0,34.9
13966,331,6,2025-08-25,2,1,1,449.1,210.0,49.9
13967,790,2,2025-08-25,1,2,1,299.0,128.0,0.0
13968,466,2,2025-08-25,2,2,1,299.0,128.0,0.0
13969,852,5,2025-08-25,2,1,1,349.0,147.0,0.0
13970,231,6,2025-08-25,4,5,1,499.0,210.0,0.0
13971,1161,1,2025-08-25,1,5,1,299.0,128.0,0.0
13972,1960,4,2025-08-25,2,1,1,349.0,147.0,0.0
13973,1805,2,2025-08-25,1,2,1,299.0,128.0,0.0
13974,1394,5,2025-08-25,1,2,1,349.0,147.0,0.0
13975,188,2,2025-08-25,5,2,1,269.1,128.0,29.9
13976,494,4,2025-08-25,1,5,1,349.0,147.0,0.0
13977,1682,1,2025-08-25,5,3,1,299.0,128.0,0.0
13978,1667,5,2025-08-25,9,1,1,349.0,147.0,0.0
13979,1484,4,2025-08-25,5,2,1,349.0,147.0,0.0
13980,336,5,2025-08-25,3,4,1,314.1,147.0,34.9
13981,89,4,2025-08-25,2,5,1,296.65,147.0,52.35
13982,175,5,2025-08-25,3,2,1,349.0,147.0,0.0
13983,1212,4,2025-08-25,5,2,1,349.0,147.0,0.0
13984,1418,6,2025-08-25,1,5,1,499.0,210.0,0.0
13985,8,4,2025-08-25,4,5,1,296.65,147.0,52.35
13986,1479,4,2025-08-25,5,1,1,349.0,147.0,0.0
13987,1290,5,2025-08-26,5,5,1,349.0,147.0,0.0
13988,292,1,2025-08-26,5,2,1,299.0,128.0,0.0
13989,1159,1,2025-08-26,3,3,1,299.0,128.0,0.0
13990,1314,6,2025-08-26,1,1,1,499.0,210.0,0.0
13991,624,6,2025-08-26,2,4,1,499.0,210.0,0.0
13992,296,5,2025-08-26,3,5,1,296.65,147.0,52.35
13993,587,6,2025-08-26,7,1,1,449.1,210.0,49.9
13994,314,5,2025-08-26,6,1,1,296.65,147.0,52.35
13995,1305,4,2025-08-26,8,4,1,349.0,147.0,0.0
13996,77,4,2025-08-26,1,5,1,349.0,147.0,0.0
13997,1557,3,2025-08-26,3,2,1,329.0,141.0,0.0
13998,1443,6,2025-08-26,4,1,1,499.0,210.0,0.0
13999,17,4,2025-08-26,2,3,1,349.0,147.0,0.0
14000,309,6,2025-08-26,5,1,1,499.0,210.0,0.0
14001,762,4,2025-08-26,8,3,1,349.0,147.0,0.0
14002,89,5,2025-08-26,3,1,1,349.0,147.0,0.0
14003,1695,5,2025-08-26,5,4,1,349.0,147.0,0.0
14004,928,1,2025-08-26,1,4,1,299.0,128.0,0.0
14005,749,1,2025-08-26,8,5,1,299.0,128.0,0.0
14006,999,6,2025-08-26,6,1,1,449.1,210.0,49.9
14007,313,2,2025-08-26,5,5,1,269.1,128.0,29.9
14008,927,3,2025-08-26,7,1,1,329.0,141.0,0.0
14009,1794,4,2025-08-26,1,3,1,314.1,147.0,34.9
14010,325,3,2025-08-26,1,2,1,329.0,141.0,0.0
14011,246,4,2025-08-26,5,3,1,349.0,147.0,0.0
14012,1590,5,2025-08-26,4,2,1,349.0,147.0,0.0
14013,1820,2,2025-08-26,1,2,1,269.1,128.0,29.9
14014,1171,6,2025-08-26,5,1,1,499.0,210.0,0.0
14015,1952,5,2025-08-26,1,4,1,349.0,147.0,0.0
14016,114,4,2025-08-26,7,1,1,349.0,147.0,0.0
14017,75,4,2025-08-26,1,1,1,349.0,147.0,0.0
14018,180,4,2025-08-26,3,1,1,296.65,147.0,52.35
14019,1869,5,2025-08-26,1,1,1,314.1,147.0,34.9
14020,1749,1,2025-08-26,1,1,1,269.1,128.0,29.9
14021,1785,4,2025-08-26,1,2,1,349.0,147.0,0.0
14022,486,5,2025-08-27,2,1,1,349.0,147.0,0.0
14023,581,2,2025-08-27,4,1,1,299.0,128.0,0.0
14024,566,5,2025-08-27,8,2,1,349.0,147.0,0.0
14025,1119,2,2025-08-27,2,2,1,269.1,128.0,29.9
14026,642,2,2025-08-27,2,5,1,299.0,128.0,0.0
14027,1416,2,2025-08-27,1,2,1,299.0,128.0,0.0
14028,1580,1,2025-08-27,3,1,1,299.0,128.0,0.0
14029,1366,4,2025-08-27,4,1,1,296.65,147.0,52.35
14030,1949,2,2025-08-27,2,1,1,299.0,128.0,0.0
14031,1450,1,2025-08-27,1,5,1,269.1,128.0,29.9
14032,62,6,2025-08-27,8,2,1,499.0,210.0,0.0
14033,629,5,2025-08-27,1,2,1,296.65,147.0,52.35
14034,869,5,2025-08-27,5,3,1,349.0,147.0,0.0
14035,1268,4,2025-08-27,2,3,1,296.65,147.0,52.35
14036,1274,4,2025-08-27,3,2,1,296.65,147.0,52.35
14037,29,4,2025-08-27,3,1,1,349.0,147.0,0.0
14038,653,4,2025-08-27,6,1,1,314.1,147.0,34.9
14039,1258,3,2025-08-27,5,1,1,329.0,141.0,0.0
14040,627,4,2025-08-27,1,2,1,349.0,147.0,0.0
14041,1776,5,2025-08-27,7,2,1,349.0,147.0,0.0
14042,1954,3,2025-08-27,4,1,1,329.0,141.0,0.0
14043,178,4,2025-08-27,5,1,1,314.1,147.0,34.9
14044,1269,5,2025-08-27,7,2,1,349.0,147.0,0.0
14045,1429,1,2025-08-27,8,5,1,269.1,128.0,29.9
14046,1254,2,2025-08-27,4,2,1,299.0,128.0,0.0
14047,933,4,2025-08-27,2,5,1,349.0,147.0,0.0
14048,1086,4,2025-08-27,1,1,1,349.0,147.0,0.0
14049,1918,4,2025-08-27,1,5,1,349.0,147.0,0.0
14050,211,1,2025-08-27,7,1,1,269.1,128.0,29.9
14051,555,5,2025-08-27,4,1,1,349.0,147.0,0.0
14052,938,5,2025-08-27,6,3,1,314.1,147.0,34.9
14053,1967,2,2025-08-27,2,5,1,269.1,128.0,29.9
14054,927,5,2025-08-27,1,1,1,349.0,147.0,0.0
14055,392,5,2025-08-27,1,2,1,349.0,147.0,0.0
14056,1939,2,2025-08-27,8,2,1,299.0,128.0,0.0
14057,972,4,2025-08-28,3,4,1,314.1,147.0,34.9
14058,209,2,2025-08-28,2,5,1,269.1,128.0,29.9
14059,526,5,2025-08-28,5,1,1,349.0,147.0,0.0
14060,124,5,2025-08-28,6,1,1,349.0,147.0,0.0
14061,1994,1,2025-08-28,7,1,1,299.0,128.0,0.0
14062,791,5,2025-08-28,5,1,1,314.1,147.0,34.9
14063,1436,4,2025-08-28,5,2,1,349.0,147.0,0.0
14064,1666,5,2025-08-28,1,1,1,349.0,147.0,0.0
14065,162,5,2025-08-28,1,5,1,349.0,147.0,0.0
14066,683,4,2025-08-28,1,4,1,349.0,147.0,0.0
14067,671,3,2025-08-28,1,5,1,329.0,141.0,0.0
14068,1886,5,2025-08-28,3,4,1,349.0,147.0,0.0
14069,88,4,2025-08-28,4,3,1,349.0,147.0,0.0
14070,110,5,2025-08-28,7,1,1,349.0,147.0,0.0
14071,1484,5,2025-08-28,3,2,1,349.0,147.0,0.0
14072,1008,1,2025-08-28,1,1,1,299.0,128.0,0.0
14073,1761,5,2025-08-28,3,3,1,349.0,147.0,0.0
14074,634,2,2025-08-28,3,2,1,299.0,128.0,0.0
14075,1124,5,2025-08-28,4,1,1,349.0,147.0,0.0
14076,469,1,2025-08-28,1,2,1,299.0,128.0,0.0
14077,1834,3,2025-08-28,3,1,1,329.0,141.0,0.0
14078,47,3,2025-08-28,5,2,1,329.0,141.0,0.0
14079,1482,4,2025-08-28,1,5,2,314.1,147.0,34.9
14080,627,1,2025-08-28,5,1,1,254.15,128.0,44.85
14081,582,5,2025-08-28,3,5,1,349.0,147.0,0.0
14082,1801,4,2025-08-28,4,1,1,349.0,147.0,0.0
14083,1747,3,2025-08-28,6,1,1,329.0,141.0,0.0
14084,839,5,2025-08-28,2,1,1,349.0,147.0,0.0
14085,547,5,2025-08-28,5,3,1,349.0,147.0,0.0
14086,983,4,2025-08-28,5,5,1,349.0,147.0,0.0
14087,1322,4,2025-08-28,4,4,1,296.65,147.0,52.35
14088,1356,2,2025-08-28,5,1,1,299.0,128.0,0.0
14089,900,3,2025-08-28,1,2,2,296.1,141.0,32.9
14090,225,3,2025-08-29,1,2,1,296.1,141.0,32.9
14091,1949,2,2025-08-29,1,1,1,299.0,128.0,0.0
14092,1285,3,2025-08-29,1,4,1,329.0,141.0,0.0
14093,603,1,2025-08-29,1,1,1,299.0,128.0,0.0
14094,313,5,2025-08-29,4,1,1,349.0,147.0,0.0
14095,713,4,2025-08-29,1,3,1,349.0,147.0,0.0
14096,447,1,2025-08-29,1,4,1,299.0,128.0,0.0
14097,590,6,2025-08-29,3,1,1,449.1,210.0,49.9
14098,17,4,2025-08-29,5,2,1,349.0,147.0,0.0
14099,734,5,2025-08-29,2,2,1,349.0,147.0,0.0
14100,1661,4,2025-08-29,1,4,1,349.0,147.0,0.0
14101,1196,2,2025-08-29,3,2,1,299.0,128.0,0.0
14102,745,3,2025-08-29,7,1,1,329.0,141.0,0.0
14103,1477,4,2025-08-29,1,4,1,314.1,147.0,34.9
14104,672,4,2025-08-29,1,4,1,349.0,147.0,0.0
14105,1137,3,2025-08-29,2,1,1,329.0,141.0,0.0
14106,1276,1,2025-08-29,1,2,1,299.0,128.0,0.0
14107,1341,4,2025-08-29,7,2,2,349.0,147.0,0.0
14108,1523,1,2025-08-29,2,3,1,299.0,128.0,0.0
14109,803,1,2025-08-29,2,1,1,299.0,128.0,0.0
14110,1575,1,2025-08-29,3,2,1,299.0,128.0,0.0
14111,511,5,2025-08-29,1,2,1,349.0,147.0,0.0
14112,1741,1,2025-08-29,1,1,1,299.0,128.0,0.0
14113,1334,5,2025-08-29,2,5,1,314.1,147.0,34.9
14114,1725,2,2025-08-29,5,2,1,299.0,128.0,0.0
14115,1168,5,2025-08-29,5,4,2,349.0,147.0,0.0
14116,1957,2,2025-08-29,5,2,1,269.1,128.0,29.9
14117,1170,3,2025-08-29,3,2,1,329.0,141.0,0.0
14118,1938,4,2025-08-29,7,1,1,349.0,147.0,0.0
14119,1063,4,2025-08-29,1,1,1,349.0,147.0,0.0
14120,1864,4,2025-08-29,1,5,1,349.0,147.0,0.0
14121,1687,5,2025-08-29,1,2,1,314.1,147.0,34.9
14122,1481,4,2025-08-29,4,2,1,349.0,147.0,0.0
14123,1363,1,2025-08-29,2,3,1,269.1,128.0,29.9
14124,657,4,2025-08-30,5,4,1,349.0,147.0,0.0
14125,1280,5,2025-08-30,6,1,1,314.1,147.0,34.9
14126,1348,2,2025-08-30,3,5,1,299.0,128.0,0.0
14127,1136,2,2025-08-30,1,2,1,299.0,128.0,0.0
14128,709,5,2025-08-30,2,2,1,349.0,147.0,0.0
14129,1498,5,2025-08-30,2,2,1,296.65,147.0,52.35
14130,1342,4,2025-08-30,2,5,1,349.0,147.0,0.0
14131,790,6,2025-08-30,5,2,1,499.0,210.0,0.0
14132,131,1,2025-08-30,3,3,1,299.0,128.0,0.0
14133,249,5,2025-08-30,3,2,1,349.0,147.0,0.0
14134,1508,5,2025-08-30,3,2,1,349.0,147.0,0.0
14135,1860,5,2025-08-30,1,2,2,349.0,147.0,0.0
14136,585,1,2025-08-30,3,3,1,254.15,128.0,44.85
14137,561,5,2025-08-30,1,2,1,349.0,147.0,0.0
14138,1911,6,2025-08-30,4,1,1,424.15,210.0,74.85
14139,906,2,2025-08-30,5,1,1,269.1,128.0,29.9
14140,1142,4,2025-08-30,4,2,1,314.1,147.0,34.9
14141,1673,4,2025-08-30,1,2,1,349.0,147.0,0.0
14142,59,6,2025-08-30,5,4,1,499.0,210.0,0.0
14143,1908,2,2025-08-30,1,2,1,299.0,128.0,0.0
14144,1645,5,2025-08-30,1,5,1,349.0,147.0,0.0
14145,1888,4,2025-08-30,1,2,1,349.0,147.0,0.0
14146,1314,5,2025-08-30,3,2,1,349.0,147.0,0.0
14147,103,4,2025-08-30,4,1,1,296.65,147.0,52.35
14148,1355,5,2025-08-30,3,2,1,296.65,147.0,52.35
14149,122,1,2025-08-30,1,1,1,299.0,128.0,0.0
14150,1783,5,2025-08-30,3,4,1,314.1,147.0,34.9
14151,1308,2,2025-08-30,1,1,1,299.0,128.0,0.0
14152,112,6,2025-08-30,4,5,1,499.0,210.0,0.0
14153,1724,5,2025-08-30,1,3,1,349.0,147.0,0.0
14154,628,6,2025-08-30,3,3,1,499.0,210.0,0.0
14155,1460,5,2025-08-30,3,5,1,296.65,147.0,52.35
14156,735,1,2025-08-30,4,3,2,299.0,128.0,0.0
14157,643,6,2025-08-30,5,3,1,499.0,210.0,0.0
14158,1763,6,2025-08-30,1,1,1,499.0,210.0,0.0
14159,1346,4,2025-08-30,3,3,1,349.0,147.0,0.0
14160,1139,5,2025-08-30,9,2,1,349.0,147.0,0.0
14161,1727,1,2025-08-31,2,1,1,299.0,128.0,0.0
14162,921,2,2025-08-31,3,4,1,299.0,128.0,0.0
14163,900,4,2025-08-31,5,1,1,349.0,147.0,0.0
14164,606,4,2025-08-31,1,1,1,296.65,147.0,52.35
14165,1081,2,2025-08-31,3,1,1,269.1,128.0,29.9
14166,776,1,2025-08-31,5,1,1,299.0,128.0,0.0
14167,381,5,2025-08-31,1,2,1,349.0,147.0,0.0
14168,1874,1,2025-08-31,8,1,1,299.0,128.0,0.0
14169,1525,1,2025-08-31,4,1,1,269.1,128.0,29.9
14170,1244,2,2025-08-31,2,2,1,254.15,128.0,44.85
14171,467,5,2025-08-31,3,2,1,349.0,147.0,0.0
14172,1148,1,2025-08-31,4,3,1,299.0,128.0,0.0
14173,327,4,2025-08-31,1,2,1,349.0,147.0,0.0
14174,1730,1,2025-08-31,1,1,1,299.0,128.0,0.0
14175,444,2,2025-08-31,1,2,1,299.0,128.0,0.0
14176,200,1,2025-08-31,1,1,1,269.1,128.0,29.9
14177,1417,1,2025-08-31,8,1,1,269.1,128.0,29.9
14178,1533,6,2025-08-31,2,2,1,499.0,210.0,0.0
14179,1812,6,2025-08-31,3,1,1,499.0,210.0,0.0
14180,1845,6,2025-08-31,5,1,2,499.0,210.0,0.0
14181,927,1,2025-08-31,3,1,1,299.0,128.0,0.0
14182,1574,1,2025-08-31,1,4,1,299.0,128.0,0.0
14183,1813,3,2025-08-31,5,1,1,279.65,141.0,49.35
14184,1291,5,2025-08-31,4,2,2,349.0,147.0,0.0
14185,1708,3,2025-08-31,2,1,1,329.0,141.0,0.0
14186,338,5,2025-08-31,1,1,1,314.1,147.0,34.9
14187,1255,1,2025-08-31,3,1,1,254.15,128.0,44.85
14188,451,3,2025-08-31,1,1,2,296.1,141.0,32.9
14189,613,4,2025-08-31,3,1,1,314.1,147.0,34.9
14190,328,5,2025-08-31,1,1,1,296.65,147.0,52.35
14191,1727,4,2025-08-31,7,1,1,349.0,147.0,0.0
14192,88,4,2025-08-31,3,4,1,314.1,147.0,34.9
14193,1504,3,2025-08-31,3,4,1,329.0,141.0,0.0
14194,203,5,2025-08-31,1,1,1,349.0,147.0,0.0
14195,86,5,2025-08-31,1,5,1,349.0,147.0,0.0
14196,1110,5,2025-08-31,3,2,1,349.0,147.0,0.0
14197,149,4,2025-08-31,1,2,1,349.0,147.0,0.0
14198,1576,2,2025-09-01,3,3,1,299.0,128.0,0.0
14199,128,2,2025-09-01,4,1,1,299.0,128.0,0.0
14200,1382,1,2025-09-01,1,5,1,299.0,128.0,0.0
14201,1582,6,2025-09-01,1,1,1,449.1,210.0,49.9
14202,1950,4,2025-09-01,6,2,1,349.0,147.0,0.0
14203,874,3,2025-09-01,2,2,1,329.0,141.0,0.0
14204,450,1,2025-09-01,2,2,1,299.0,128.0,0.0
14205,176,1,2025-09-01,7,4,1,299.0,128.0,0.0
14206,753,2,2025-09-01,3,4,1,299.0,128.0,0.0
14207,146,5,2025-09-01,1,1,1,349.0,147.0,0.0
14208,41,4,2025-09-01,1,1,1,296.65,147.0,52.35
14209,1852,2,2025-09-01,6,3,1,269.1,128.0,29.9
14210,1667,3,2025-09-01,4,2,1,329.0,141.0,0.0
14211,271,4,2025-09-01,5,5,1,349.0,147.0,0.0
14212,972,5,2025-09-01,3,1,1,296.65,147.0,52.35
14213,229,3,2025-09-01,1,2,1,329.0,141.0,0.0
14214,604,5,2025-09-01,1,1,1,349.0,147.0,0.0
14215,969,4,2025-09-01,2,4,1,349.0,147.0,0.0
14216,532,5,2025-09-01,2,2,1,349.0,147.0,0.0
14217,1569,5,2025-09-01,5,2,1,349.0,147.0,0.0
14218,430,2,2025-09-01,2,1,1,299.0,128.0,0.0
14219,198,2,2025-09-01,1,1,1,269.1,128.0,29.9
14220,1991,4,2025-09-01,3,5,1,349.0,147.0,0.0
14221,1663,2,2025-09-01,4,2,1,299.0,128.0,0.0
14222,412,1,2025-09-01,3,3,1,269.1,128.0,29.9
14223,1270,5,2025-09-01,3,5,1,314.1,147.0,34.9
14224,1990,5,2025-09-01,4,5,1,349.0,147.0,0.0
14225,949,4,2025-09-01,2,1,1,349.0,147.0,0.0
14226,1665,1,2025-09-01,8,1,1,299.0,128.0,0.0
14227,511,4,2025-09-01,7,4,1,349.0,147.0,0.0
14228,811,1,2025-09-01,1,2,1,269.1,128.0,29.9
14229,947,2,2025-09-02,2,1,1,299.0,128.0,0.0
14230,460,3,2025-09-02,1,1,1,329.0,141.0,0.0
14231,1703,3,2025-09-02,2,1,1,329.0,141.0,0.0
14232,1505,5,2025-09-02,2,1,1,349.0,147.0,0.0
14233,1343,4,2025-09-02,4,2,1,349.0,147.0,0.0
14234,204,6,2025-09-02,2,4,1,499.0,210.0,0.0
14235,1023,5,2025-09-02,3,4,1,314.1,147.0,34.9
14236,800,3,2025-09-02,1,2,1,329.0,141.0,0.0
14237,582,2,2025-09-02,8,3,1,299.0,128.0,0.0
14238,1246,4,2025-09-02,7,2,1,349.0,147.0,0.0
14239,1989,1,2025-09-02,1,2,1,299.0,128.0,0.0
14240,1352,1,2025-09-02,1,3,1,254.15,128.0,44.85
14241,43,1,2025-09-02,6,4,1,299.0,128.0,0.0
14242,1926,1,2025-09-02,5,2,1,254.15,128.0,44.85
14243,1821,6,2025-09-02,2,4,1,499.0,210.0,0.0
14244,1255,5,2025-09-02,1,2,1,349.0,147.0,0.0
14245,1362,2,2025-09-02,2,2,1,299.0,128.0,0.0
14246,1279,4,2025-09-02,4,5,1,349.0,147.0,0.0
14247,1404,5,2025-09-02,2,1,1,296.65,147.0,52.35
14248,1182,6,2025-09-02,8,2,1,499.0,210.0,0.0
14249,655,5,2025-09-02,7,1,1,349.0,147.0,0.0
14250,417,6,2025-09-02,3,3,1,499.0,210.0,0.0
14251,1921,2,2025-09-02,2,2,1,269.1,128.0,29.9
14252,1192,4,2025-09-02,5,2,1,349.0,147.0,0.0
14253,309,3,2025-09-02,1,3,1,279.65,141.0,49.35
14254,985,3,2025-09-02,3,4,1,329.0,141.0,0.0
14255,1030,2,2025-09-02,3,2,1,299.0,128.0,0.0
14256,1079,2,2025-09-02,1,4,1,299.0,128.0,0.0
14257,503,5,2025-09-02,4,2,2,349.0,147.0,0.0
14258,945,1,2025-09-02,1,2,2,299.0,128.0,0.0
14259,1593,3,2025-09-02,1,5,2,329.0,141.0,0.0
14260,1949,4,2025-09-02,1,1,1,349.0,147.0,0.0
14261,1935,5,2025-09-02,3,1,1,349.0,147.0,0.0
14262,181,6,2025-09-02,2,1,2,499.0,210.0,0.0
14263,1279,2,2025-09-02,5,1,1,299.0,128.0,0.0
14264,654,5,2025-09-02,2,2,1,314.1,147.0,34.9
14265,722,5,2025-09-02,1,3,1,349.0,147.0,0.0
14266,374,1,2025-09-02,2,1,2,299.0,128.0,0.0
14267,33,2,2025-09-03,2,5,1,299.0,128.0,0.0
14268,969,4,2025-09-03,1,2,1,349.0,147.0,0.0
14269,59,2,2025-09-03,2,1,1,299.0,128.0,0.0
14270,869,3,2025-09-03,4,1,2,329.0,141.0,0.0
14271,1462,2,2025-09-03,2,2,1,299.0,128.0,0.0
14272,1326,2,2025-09-03,4,5,1,299.0,128.0,0.0
14273,1914,3,2025-09-03,2,1,1,329.0,141.0,0.0
14274,724,1,2025-09-03,3,1,1,299.0,128.0,0.0
14275,1376,4,2025-09-03,6,4,1,349.0,147.0,0.0
14276,1032,6,2025-09-03,5,1,1,499.0,210.0,0.0
14277,811,3,2025-09-03,1,1,1,329.0,141.0,0.0
14278,879,3,2025-09-03,2,2,1,329.0,141.0,0.0
14279,1860,4,2025-09-03,5,1,1,314.1,147.0,34.9
14280,792,3,2025-09-03,5,2,1,296.1,141.0,32.9
14281,1640,5,2025-09-03,1,4,1,296.65,147.0,52.35
14282,1718,1,2025-09-03,1,3,1,269.1,128.0,29.9
14283,729,2,2025-09-03,4,1,2,269.1,128.0,29.9
14284,172,4,2025-09-03,5,5,1,349.0,147.0,0.0
14285,1655,2,2025-09-03,5,2,1,299.0,128.0,0.0
14286,1845,4,2025-09-03,3,1,1,349.0,147.0,0.0
14287,1041,3,2025-09-03,1,3,1,329.0,141.0,0.0
14288,450,5,2025-09-03,2,1,1,314.1,147.0,34.9
14289,517,1,2025-09-03,2,4,1,299.0,128.0,0.0
14290,1645,5,2025-09-03,1,2,1,349.0,147.0,0.0
14291,1382,6,2025-09-03,1,3,1,499.0,210.0,0.0
14292,655,2,2025-09-03,4,2,2,299.0,128.0,0.0
14293,585,4,2025-09-03,2,2,2,349.0,147.0,0.0
14294,755,5,2025-09-03,1,2,1,349.0,147.0,0.0
14295,553,5,2025-09-03,3,2,1,314.1,147.0,34.9
14296,1744,4,2025-09-03,7,3,1,349.0,147.0,0.0
14297,406,5,2025-09-03,5,1,1,314.1,147.0,34.9
14298,1543,4,2025-09-03,1,2,1,296.65,147.0,52.35
14299,352,6,2025-09-03,3,5,1,499.0,210.0,0.0
14300,1291,3,2025-09-03,3,1,2,329.0,141.0,0.0
14301,242,2,2025-09-03,6,2,1,299.0,128.0,0.0
14302,954,3,2025-09-03,4,5,1,329.0,141.0,0.0
14303,1511,5,2025-09-03,2,4,1,314.1,147.0,34.9
14304,315,4,2025-09-04,1,2,1,349.0,147.0,0.0
14305,773,5,2025-09-04,8,2,1,349.0,147.0,0.0
14306,1328,1,2025-09-04,1,2,1,299.0,128.0,0.0
14307,1731,2,2025-09-04,8,1,1,269.1,128.0,29.9
14308,1225,5,2025-09-04,2,2,1,349.0,147.0,0.0
14309,767,6,2025-09-04,1,1,1,449.1,210.0,49.9
14310,1040,2,2025-09-04,3,5,1,299.0,128.0,0.0
14311,1080,2,2025-09-04,1,4,1,299.0,128.0,0.0
14312,752,5,2025-09-04,5,1,1,349.0,147.0,0.0
14313,1951,5,2025-09-04,2,2,1,349.0,147.0,0.0
14314,308,1,2025-09-04,8,1,1,299.0,128.0,0.0
14315,63,4,2025-09-04,1,2,1,349.0,147.0,0.0
14316,1397,4,2025-09-04,3,5,1,314.1,147.0,34.9
14317,202,4,2025-09-04,2,1,1,349.0,147.0,0.0
14318,1256,4,2025-09-04,3,1,1,349.0,147.0,0.0
14319,549,4,2025-09-04,6,2,1,349.0,147.0,0.0
14320,400,2,2025-09-04,7,1,1,269.1,128.0,29.9
14321,1143,5,2025-09-04,4,4,1,349.0,147.0,0.0
14322,520,3,2025-09-04,5,1,1,329.0,141.0,0.0
14323,1149,2,2025-09-04,2,2,1,299.0,128.0,0.0
14324,881,5,2025-09-04,3,3,1,349.0,147.0,0.0
14325,450,5,2025-09-04,4,1,1,349.0,147.0,0.0
14326,476,5,2025-09-04,1,2,1,314.1,147.0,34.9
14327,1119,1,2025-09-04,5,4,1,299.0,128.0,0.0
14328,231,5,2025-09-04,3,2,1,349.0,147.0,0.0
14329,1384,3,2025-09-04,4,1,1,329.0,141.0,0.0
14330,1079,4,2025-09-04,1,2,1,349.0,147.0,0.0
14331,1934,1,2025-09-04,5,5,1,299.0,128.0,0.0
14332,782,2,2025-09-04,5,5,1,269.1,128.0,29.9
14333,212,5,2025-09-04,4,1,1,349.0,147.0,0.0
14334,833,5,2025-09-04,1,1,1,296.65,147.0,52.35
14335,1133,4,2025-09-04,2,1,1,349.0,147.0,0.0
14336,88,1,2025-09-04,3,1,1,299.0,128.0,0.0
14337,600,1,2025-09-04,3,1,1,299.0,128.0,0.0
14338,663,5,2025-09-04,7,1,1,349.0,147.0,0.0
14339,1482,3,2025-09-04,1,2,1,329.0,141.0,0.0
14340,1132,5,2025-09-04,4,3,1,349.0,147.0,0.0
14341,97,6,2025-09-04,1,2,1,499.0,210.0,0.0
14342,765,1,2025-09-04,1,5,1,269.1,128.0,29.9
14343,256,1,2025-09-05,5,1,1,299.0,128.0,0.0
14344,1701,4,2025-09-05,2,1,1,349.0,147.0,0.0
14345,1679,2,2025-09-05,1,3,1,299.0,128.0,0.0
14346,539,5,2025-09-05,1,1,1,349.0,147.0,0.0
14347,1001,1,2025-09-05,4,5,1,254.15,128.0,44.85
14348,1954,1,2025-09-05,3,5,1,299.0,128.0,0.0
14349,1558,1,2025-09-05,1,1,1,269.1,128.0,29.9
14350,27,5,2025-09-05,4,1,1,349.0,147.0,0.0
14351,1530,5,2025-09-05,2,1,1,349.0,147.0,0.0
14352,242,3,2025-09-05,3,2,1,329.0,141.0,0.0
14353,1213,5,2025-09-05,6,5,1,349.0,147.0,0.0
14354,85,4,2025-09-05,2,2,1,349.0,147.0,0.0
14355,111,1,2025-09-05,3,2,1,299.0,128.0,0.0
14356,754,1,2025-09-05,1,2,1,299.0,128.0,0.0
14357,287,4,2025-09-05,1,1,1,349.0,147.0,0.0
14358,1193,4,2025-09-05,4,2,1,349.0,147.0,0.0
14359,948,1,2025-09-05,1,3,1,299.0,128.0,0.0
14360,78,5,2025-09-05,6,2,1,314.1,147.0,34.9
14361,31,4,2025-09-05,1,1,1,349.0,147.0,0.0
14362,1135,2,2025-09-05,5,1,1,269.1,128.0,29.9
14363,1749,4,2025-09-05,1,4,2,349.0,147.0,0.0
14364,1239,5,2025-09-05,3,1,1,349.0,147.0,0.0
14365,1528,1,2025-09-05,2,4,1,299.0,128.0,0.0
14366,407,4,2025-09-05,2,2,2,349.0,147.0,0.0
14367,773,2,2025-09-05,2,3,1,254.15,128.0,44.85
14368,1624,4,2025-09-05,1,2,1,314.1,147.0,34.9
14369,267,5,2025-09-05,5,2,1,349.0,147.0,0.0
14370,391,6,2025-09-05,1,1,1,424.15,210.0,74.85
14371,1111,3,2025-09-05,5,5,1,329.0,141.0,0.0
14372,42,1,2025-09-05,5,1,1,269.1,128.0,29.9
14373,155,1,2025-09-05,1,4,1,254.15,128.0,44.85
14374,1041,5,2025-09-05,1,1,1,349.0,147.0,0.0
14375,747,4,2025-09-05,5,3,1,296.65,147.0,52.35
14376,980,4,2025-09-05,8,2,1,349.0,147.0,0.0
14377,1605,5,2025-09-05,1,3,1,349.0,147.0,0.0
14378,794,2,2025-09-05,4,2,1,299.0,128.0,0.0
14379,379,5,2025-09-05,1,3,1,296.65,147.0,52.35
14380,1692,2,2025-09-06,2,4,1,299.0,128.0,0.0
14381,92,6,2025-09-06,6,3,1,499.0,210.0,0.0
14382,1485,6,2025-09-06,2,1,1,499.0,210.0,0.0
14383,202,3,2025-09-06,4,1,1,296.1,141.0,32.9
14384,1991,4,2025-09-06,7,5,1,349.0,147.0,0.0
14385,716,5,2025-09-06,3,1,1,296.65,147.0,52.35
14386,1235,5,2025-09-06,4,1,1,349.0,147.0,0.0
14387,1140,4,2025-09-06,2,2,2,296.65,147.0,52.35
14388,786,1,2025-09-06,1,4,1,299.0,128.0,0.0
14389,1454,6,2025-09-06,1,4,1,424.15,210.0,74.85
14390,273,4,2025-09-06,1,1,1,349.0,147.0,0.0
14391,1538,5,2025-09-06,8,2,1,349.0,147.0,0.0
14392,1788,2,2025-09-06,3,2,1,269.1,128.0,29.9
14393,291,1,2025-09-06,6,5,1,254.15,128.0,44.85
14394,129,1,2025-09-06,2,2,1,299.0,128.0,0.0
14395,899,5,2025-09-06,2,3,1,296.65,147.0,52.35
14396,888,5,2025-09-06,1,3,1,349.0,147.0,0.0
14397,1638,2,2025-09-06,3,5,1,269.1,128.0,29.9
14398,1281,2,2025-09-06,5,2,1,299.0,128.0,0.0
14399,919,4,2025-09-06,1,1,1,349.0,147.0,0.0
14400,126,4,2025-09-06,1,3,1,349.0,147.0,0.0
14401,141,6,2025-09-06,2,3,1,499.0,210.0,0.0
14402,539,4,2025-09-06,4,1,1,349.0,147.0,0.0
14403,1852,5,2025-09-06,1,4,1,296.65,147.0,52.35
14404,1335,4,2025-09-06,7,2,1,349.0,147.0,0.0
14405,145,2,2025-09-06,1,2,1,299.0,128.0,0.0
14406,1741,1,2025-09-06,5,1,1,299.0,128.0,0.0
14407,1499,3,2025-09-06,5,3,1,329.0,141.0,0.0
14408,1125,5,2025-09-06,2,1,1,349.0,147.0,0.0
14409,1658,6,2025-09-06,1,1,1,499.0,210.0,0.0
14410,819,5,2025-09-06,4,2,1,349.0,147.0,0.0
14411,384,6,2025-09-06,5,4,1,499.0,210.0,0.0
14412,371,6,2025-09-06,6,2,1,499.0,210.0,0.0
14413,1852,5,2025-09-06,7,1,1,349.0,147.0,0.0
14414,291,4,2025-09-06,1,1,1,349.0,147.0,0.0
14415,993,3,2025-09-07,3,1,1,279.65,141.0,49.35
14416,779,1,2025-09-07,2,2,1,299.0,128.0,0.0
14417,1784,1,2025-09-07,7,1,1,299.0,128.0,0.0
14418,1581,4,2025-09-07,1,2,1,349.0,147.0,0.0
14419,558,4,2025-09-07,4,1,1,349.0,147.0,0.0
14420,1012,1,2025-09-07,3,5,1,299.0,128.0,0.0
14421,1041,1,2025-09-07,3,2,1,299.0,128.0,0.0
14422,609,2,2025-09-07,3,1,1,299.0,128.0,0.0
14423,695,5,2025-09-07,3,5,1,296.65,147.0,52.35
14424,1973,4,2025-09-07,5,1,1,349.0,147.0,0.0
14425,1797,3,2025-09-07,3,1,1,296.1,141.0,32.9
14426,1144,5,2025-09-07,3,1,1,349.0,147.0,0.0
14427,64,5,2025-09-07,9,2,1,349.0,147.0,0.0
14428,1711,1,2025-09-07,3,1,1,269.1,128.0,29.9
14429,1096,6,2025-09-07,5,2,1,499.0,210.0,0.0
14430,572,5,2025-09-07,1,1,1,349.0,147.0,0.0
14431,509,4,2025-09-07,1,2,1,349.0,147.0,0.0
14432,329,5,2025-09-07,1,1,1,349.0,147.0,0.0
14433,1308,2,2025-09-07,4,3,1,299.0,128.0,0.0
14434,432,4,2025-09-07,4,1,1,349.0,147.0,0.0
14435,1700,4,2025-09-07,1,2,1,349.0,147.0,0.0
14436,1835,5,2025-09-07,7,1,1,349.0,147.0,0.0
14437,26,3,2025-09-07,5,1,1,329.0,141.0,0.0
14438,1213,4,2025-09-07,7,1,1,349.0,147.0,0.0
14439,397,6,2025-09-07,2,1,1,449.1,210.0,49.9
14440,1082,2,2025-09-07,1,1,1,299.0,128.0,0.0
14441,1535,4,2025-09-07,5,3,1,349.0,147.0,0.0
14442,1722,3,2025-09-07,1,4,1,329.0,141.0,0.0
14443,978,4,2025-09-07,1,5,1,349.0,147.0,0.0
14444,729,2,2025-09-07,5,1,1,299.0,128.0,0.0
14445,1916,2,2025-09-07,5,5,1,299.0,128.0,0.0
14446,1678,4,2025-09-07,1,2,1,349.0,147.0,0.0
14447,469,1,2025-09-07,4,1,2,269.1,128.0,29.9
14448,1145,5,2025-09-07,1,4,1,349.0,147.0,0.0
14449,1748,5,2025-09-07,3,1,1,349.0,147.0,0.0
14450,1939,6,2025-09-07,8,2,1,449.1,210.0,49.9
14451,559,5,2025-09-07,1,1,1,349.0,147.0,0.0
14452,467,6,2025-09-07,1,2,1,499.0,210.0,0.0
14453,961,5,2025-09-08,5,3,1,349.0,147.0,0.0
14454,1344,4,2025-09-08,5,2,2,349.0,147.0,0.0
14455,1831,1,2025-09-08,2,3,1,299.0,128.0,0.0
14456,927,6,2025-09-08,1,5,1,499.0,210.0,0.0
14457,1298,4,2025-09-08,5,1,1,296.65,147.0,52.35
14458,72,5,2025-09-08,3,2,1,314.1,147.0,34.9
14459,220,4,2025-09-08,2,2,1,349.0,147.0,0.0
14460,675,5,2025-09-08,5,1,1,349.0,147.0,0.0
14461,1243,3,2025-09-08,1,3,1,296.1,141.0,32.9
14462,506,3,2025-09-08,1,2,1,296.1,141.0,32.9
14463,821,1,2025-09-08,3,2,1,299.0,128.0,0.0
14464,1140,1,2025-09-08,1,4,1,299.0,128.0,0.0
14465,1137,4,2025-09-08,2,2,1,349.0,147.0,0.0
14466,343,2,2025-09-08,1,2,1,269.1,128.0,29.9
14467,1782,2,2025-09-08,2,3,1,269.1,128.0,29.9
14468,264,4,2025-09-08,3,1,1,349.0,147.0,0.0
14469,1571,4,2025-09-08,6,1,1,349.0,147.0,0.0
14470,649,2,2025-09-08,1,1,2,299.0,128.0,0.0
14471,599,5,2025-09-08,1,1,1,349.0,147.0,0.0
14472,496,3,2025-09-08,1,3,1,329.0,141.0,0.0
14473,1497,6,2025-09-08,5,2,1,499.0,210.0,0.0
14474,223,5,2025-09-08,5,3,1,296.65,147.0,52.35
14475,1991,3,2025-09-08,7,1,1,329.0,141.0,0.0
14476,1172,2,2025-09-08,4,1,1,299.0,128.0,0.0
14477,1745,2,2025-09-08,2,1,1,299.0,128.0,0.0
14478,481,4,2025-09-08,7,1,1,314.1,147.0,34.9
14479,757,4,2025-09-08,8,5,1,349.0,147.0,0.0
14480,209,1,2025-09-08,3,5,1,299.0,128.0,0.0
14481,877,6,2025-09-08,3,5,1,499.0,210.0,0.0
14482,1378,4,2025-09-08,3,2,1,349.0,147.0,0.0
14483,1892,5,2025-09-08,4,1,1,349.0,147.0,0.0
14484,1713,5,2025-09-08,5,3,1,349.0,147.0,0.0
14485,151,1,2025-09-08,5,1,1,299.0,128.0,0.0
14486,298,2,2025-09-08,1,1,2,299.0,128.0,0.0
14487,1193,1,2025-09-08,5,1,1,299.0,128.0,0.0
14488,189,5,2025-09-08,4,3,1,349.0,147.0,0.0
14489,1607,3,2025-09-08,5,3,1,296.1,141.0,32.9
14490,1495,1,2025-09-08,6,5,1,299.0,128.0,0.0
14491,1131,5,2025-09-09,1,1,1,349.0,147.0,0.0
14492,383,4,2025-09-09,1,2,1,349.0,147.0,0.0
14493,1972,2,2025-09-09,1,1,1,299.0,128.0,0.0
14494,499,5,2025-09-09,9,4,1,349.0,147.0,0.0
14495,1554,5,2025-09-09,5,2,1,314.1,147.0,34.9
14496,910,5,2025-09-09,1,2,1,349.0,147.0,0.0
14497,853,1,2025-09-09,5,2,1,254.15,128.0,44.85
14498,1711,5,2025-09-09,2,2,1,349.0,147.0,0.0
14499,880,1,2025-09-09,1,1,2,299.0,128.0,0.0
14500,1499,5,2025-09-09,5,5,1,349.0,147.0,0.0
14501,557,4,2025-09-09,3,5,1,314.1,147.0,34.9
14502,1891,1,2025-09-09,1,5,1,269.1,128.0,29.9
14503,1947,5,2025-09-09,3,3,1,296.65,147.0,52.35
14504,832,5,2025-09-09,3,2,1,349.0,147.0,0.0
14505,1390,2,2025-09-09,2,3,1,254.15,128.0,44.85
14506,1560,4,2025-09-09,1,2,2,349.0,147.0,0.0
14507,1900,4,2025-09-09,1,2,2,349.0,147.0,0.0
14508,1132,2,2025-09-09,9,4,1,299.0,128.0,0.0
14509,1422,2,2025-09-09,1,1,1,299.0,128.0,0.0
14510,1741,4,2025-09-09,5,3,1,349.0,147.0,0.0
14511,1926,2,2025-09-09,7,2,1,299.0,128.0,0.0
14512,1307,5,2025-09-09,7,5,1,349.0,147.0,0.0
14513,379,4,2025-09-09,1,1,1,296.65,147.0,52.35
14514,1725,5,2025-09-09,1,5,1,296.65,147.0,52.35
14515,187,5,2025-09-09,3,1,1,349.0,147.0,0.0
14516,248,6,2025-09-09,3,2,1,424.15,210.0,74.85
14517,978,1,2025-09-09,4,3,1,254.15,128.0,44.85
14518,1320,2,2025-09-09,1,2,1,254.15,128.0,44.85
14519,984,5,2025-09-09,8,3,1,349.0,147.0,0.0
14520,1727,3,2025-09-09,5,1,1,329.0,141.0,0.0
14521,1060,1,2025-09-09,6,1,1,299.0,128.0,0.0
14522,1949,1,2025-09-09,7,1,1,299.0,128.0,0.0
14523,1173,3,2025-09-09,3,5,1,329.0,141.0,0.0
14524,1059,4,2025-09-09,3,5,1,349.0,147.0,0.0
14525,699,4,2025-09-09,3,2,1,349.0,147.0,0.0
14526,520,5,2025-09-10,2,5,1,349.0,147.0,0.0
14527,707,5,2025-09-10,1,2,1,349.0,147.0,0.0
14528,1957,3,2025-09-10,3,1,1,329.0,141.0,0.0
14529,1091,1,2025-09-10,1,2,1,299.0,128.0,0.0
14530,1970,6,2025-09-10,2,2,1,499.0,210.0,0.0
14531,1294,1,2025-09-10,4,2,1,269.1,128.0,29.9
14532,839,4,2025-09-10,1,3,1,349.0,147.0,0.0
14533,238,2,2025-09-10,1,1,1,299.0,128.0,0.0
14534,1064,1,2025-09-10,7,5,1,299.0,128.0,0.0
14535,1972,4,2025-09-10,1,5,1,349.0,147.0,0.0
14536,36,6,2025-09-10,4,4,1,499.0,210.0,0.0
14537,923,2,2025-09-10,3,1,2,254.15,128.0,44.85
14538,847,5,2025-09-10,4,1,1,314.1,147.0,34.9
14539,975,5,2025-09-10,2,2,1,349.0,147.0,0.0
14540,1686,5,2025-09-10,1,2,1,349.0,147.0,0.0
14541,1648,6,2025-09-10,1,4,1,449.1,210.0,49.9
14542,1275,4,2025-09-10,7,1,1,314.1,147.0,34.9
14543,783,3,2025-09-10,4,2,1,296.1,141.0,32.9
14544,1010,5,2025-09-10,2,5,1,314.1,147.0,34.9
14545,465,1,2025-09-10,5,3,2,299.0,128.0,0.0
14546,1834,5,2025-09-10,1,3,1,349.0,147.0,0.0
14547,1069,1,2025-09-10,3,2,1,299.0,128.0,0.0
14548,851,3,2025-09-10,4,1,1,329.0,141.0,0.0
14549,1660,6,2025-09-10,2,2,1,499.0,210.0,0.0
14550,1161,1,2025-09-10,7,1,1,299.0,128.0,0.0
14551,1537,3,2025-09-10,1,1,1,329.0,141.0,0.0
14552,969,4,2025-09-10,1,4,1,349.0,147.0,0.0
14553,192,5,2025-09-10,1,4,1,349.0,147.0,0.0
14554,1849,2,2025-09-10,1,2,1,299.0,128.0,0.0
14555,453,1,2025-09-10,4,1,1,254.15,128.0,44.85
14556,627,5,2025-09-10,1,4,1,349.0,147.0,0.0
14557,501,5,2025-09-10,2,3,1,349.0,147.0,0.0
14558,74,4,2025-09-10,1,4,1,349.0,147.0,0.0
14559,218,2,2025-09-10,3,2,1,299.0,128.0,0.0
14560,549,1,2025-09-10,1,2,1,269.1,128.0,29.9
14561,495,1,2025-09-10,1,3,1,299.0,128.0,0.0
14562,1398,6,2025-09-10,1,1,2,424.15,210.0,74.85
14563,1801,5,2025-09-10,2,2,1,349.0,147.0,0.0
14564,20,5,2025-09-10,4,1,1,349.0,147.0,0.0
14565,518,5,2025-09-10,3,4,1,349.0,147.0,0.0
14566,147,5,2025-09-10,1,1,1,349.0,147.0,0.0
14567,185,1,2025-09-11,1,1,1,299.0,128.0,0.0
14568,944,1,2025-09-11,1,1,1,299.0,128.0,0.0
14569,1974,3,2025-09-11,5,3,1,329.0,141.0,0.0
14570,1081,2,2025-09-11,3,2,1,299.0,128.0,0.0
14571,463,3,2025-09-11,4,1,1,296.1,141.0,32.9
14572,536,4,2025-09-11,1,1,1,349.0,147.0,0.0
14573,853,5,2025-09-11,3,3,1,349.0,147.0,0.0
14574,883,5,2025-09-11,3,1,1,349.0,147.0,0.0
14575,1926,4,2025-09-11,2,2,1,314.1,147.0,34.9
14576,1951,1,2025-09-11,5,3,1,299.0,128.0,0.0
14577,439,3,2025-09-11,3,3,1,296.1,141.0,32.9
14578,216,1,2025-09-11,7,2,1,299.0,128.0,0.0
14579,1538,4,2025-09-11,7,3,1,349.0,147.0,0.0
14580,821,4,2025-09-11,6,2,1,296.65,147.0,52.35
14581,1377,3,2025-09-11,3,2,1,329.0,141.0,0.0
14582,564,5,2025-09-11,3,2,1,314.1,147.0,34.9
14583,1768,5,2025-09-11,2,3,1,349.0,147.0,0.0
14584,82,6,2025-09-11,3,3,1,499.0,210.0,0.0
14585,1459,3,2025-09-11,1,5,1,329.0,141.0,0.0
14586,1291,4,2025-09-11,5,3,1,349.0,147.0,0.0
14587,1944,4,2025-09-11,1,1,1,349.0,147.0,0.0
14588,1375,6,2025-09-11,5,3,1,499.0,210.0,0.0
14589,1810,5,2025-09-11,5,4,1,349.0,147.0,0.0
14590,877,4,2025-09-11,3,1,1,349.0,147.0,0.0
14591,796,2,2025-09-11,5,1,1,254.15,128.0,44.85
14592,528,5,2025-09-11,3,1,1,349.0,147.0,0.0
14593,610,4,2025-09-11,7,1,1,349.0,147.0,0.0
14594,649,5,2025-09-11,5,1,2,349.0,147.0,0.0
14595,1644,2,2025-09-11,5,1,1,299.0,128.0,0.0
14596,359,5,2025-09-11,1,2,1,349.0,147.0,0.0
14597,967,5,2025-09-11,3,1,1,349.0,147.0,0.0
14598,1800,5,2025-09-11,1,1,1,314.1,147.0,34.9
14599,36,2,2025-09-11,2,1,1,299.0,128.0,0.0
14600,81,6,2025-09-11,5,1,1,424.15,210.0,74.85
14601,1677,5,2025-09-11,4,1,1,349.0,147.0,0.0
14602,772,2,2025-09-11,1,1,1,299.0,128.0,0.0
14603,976,3,2025-09-11,7,5,1,279.65,141.0,49.35
14604,1930,5,2025-09-11,2,2,1,349.0,147.0,0.0
14605,1555,3,2025-09-11,5,3,1,329.0,141.0,0.0
14606,1517,2,2025-09-11,6,5,1,299.0,128.0,0.0
14607,170,5,2025-09-11,3,4,1,349.0,147.0,0.0
14608,1379,2,2025-09-12,3,2,2,299.0,128.0,0.0
14609,1624,3,2025-09-12,1,2,1,329.0,141.0,0.0
14610,1466,5,2025-09-12,7,1,1,349.0,147.0,0.0
14611,1362,4,2025-09-12,2,4,1,349.0,147.0,0.0
14612,1705,4,2025-09-12,1,3,1,349.0,147.0,0.0
14613,102,2,2025-09-12,2,1,1,299.0,128.0,0.0
14614,1076,5,2025-09-12,2,5,1,349.0,147.0,0.0
14615,1895,5,2025-09-12,3,1,1,349.0,147.0,0.0
14616,519,4,2025-09-12,2,5,1,349.0,147.0,0.0
14617,1918,4,2025-09-12,5,4,1,349.0,147.0,0.0
14618,636,1,2025-09-12,4,2,1,299.0,128.0,0.0
14619,130,6,2025-09-12,2,2,1,449.1,210.0,49.9
14620,1768,4,2025-09-12,1,2,1,314.1,147.0,34.9
14621,1575,6,2025-09-12,5,5,1,499.0,210.0,0.0
14622,1721,4,2025-09-12,1,5,1,349.0,147.0,0.0
14623,1604,6,2025-09-12,5,1,1,499.0,210.0,0.0
14624,733,4,2025-09-12,3,3,2,349.0,147.0,0.0
14625,1199,5,2025-09-12,9,5,1,314.1,147.0,34.9
14626,1926,1,2025-09-12,2,5,1,269.1,128.0,29.9
14627,816,2,2025-09-12,2,2,1,299.0,128.0,0.0
14628,671,2,2025-09-12,2,1,2,254.15,128.0,44.85
14629,922,4,2025-09-12,1,1,1,349.0,147.0,0.0
14630,787,6,2025-09-12,3,1,1,499.0,210.0,0.0
14631,1018,5,2025-09-12,4,1,1,349.0,147.0,0.0
14632,1558,1,2025-09-12,5,2,1,269.1,128.0,29.9
14633,1367,2,2025-09-12,3,1,1,254.15,128.0,44.85
14634,1007,4,2025-09-12,1,1,1,349.0,147.0,0.0
14635,330,5,2025-09-12,3,3,1,349.0,147.0,0.0
14636,386,1,2025-09-12,1,2,1,299.0,128.0,0.0
14637,828,4,2025-09-12,5,2,2,349.0,147.0,0.0
14638,149,1,2025-09-12,6,1,1,299.0,128.0,0.0
14639,816,6,2025-09-12,3,2,1,499.0,210.0,0.0
14640,411,1,2025-09-12,2,3,2,299.0,128.0,0.0
14641,1389,1,2025-09-12,3,1,1,269.1,128.0,29.9
14642,1791,2,2025-09-12,8,1,1,299.0,128.0,0.0
14643,817,2,2025-09-12,4,5,1,299.0,128.0,0.0
14644,1228,1,2025-09-12,1,1,1,299.0,128.0,0.0
14645,596,5,2025-09-12,1,3,1,349.0,147.0,0.0
14646,676,3,2025-09-12,1,1,1,329.0,141.0,0.0
14647,1745,1,2025-09-12,1,5,1,299.0,128.0,0.0
14648,1643,1,2025-09-13,4,1,1,254.15,128.0,44.85
14649,1745,4,2025-09-13,5,2,1,296.65,147.0,52.35
14650,508,1,2025-09-13,5,1,2,299.0,128.0,0.0
14651,1416,2,2025-09-13,1,1,1,299.0,128.0,0.0
14652,1863,4,2025-09-13,3,2,1,349.0,147.0,0.0
14653,1541,5,2025-09-13,3,2,1,349.0,147.0,0.0
14654,1512,4,2025-09-13,1,4,1,349.0,147.0,0.0
14655,1580,1,2025-09-13,5,2,1,299.0,128.0,0.0
14656,1468,1,2025-09-13,4,2,1,299.0,128.0,0.0
14657,191,3,2025-09-13,1,2,1,329.0,141.0,0.0
14658,318,1,2025-09-13,2,2,1,254.15,128.0,44.85
14659,1300,4,2025-09-13,4,1,1,349.0,147.0,0.0
14660,1888,4,2025-09-13,1,1,1,349.0,147.0,0.0
14661,172,3,2025-09-13,1,5,1,329.0,141.0,0.0
14662,1119,4,2025-09-13,3,2,1,296.65,147.0,52.35
14663,907,2,2025-09-13,1,2,1,299.0,128.0,0.0
14664,1533,1,2025-09-13,2,3,1,299.0,128.0,0.0
14665,1905,3,2025-09-13,1,5,1,329.0,141.0,0.0
14666,36,4,2025-09-13,3,1,1,314.1,147.0,34.9
14667,1533,4,2025-09-13,8,5,1,349.0,147.0,0.0
14668,390,5,2025-09-13,2,5,2,349.0,147.0,0.0
14669,608,4,2025-09-13,5,2,1,349.0,147.0,0.0
14670,1183,1,2025-09-13,3,4,1,269.1,128.0,29.9
14671,503,1,2025-09-13,1,2,1,299.0,128.0,0.0
14672,1766,4,2025-09-13,9,2,1,314.1,147.0,34.9
14673,767,4,2025-09-13,5,3,1,349.0,147.0,0.0
14674,503,2,2025-09-13,5,2,1,299.0,128.0,0.0
14675,73,4,2025-09-13,3,3,1,314.1,147.0,34.9
14676,618,4,2025-09-13,1,1,1,349.0,147.0,0.0
14677,1549,3,2025-09-13,2,2,1,329.0,141.0,0.0
14678,691,5,2025-09-13,1,1,1,349.0,147.0,0.0
14679,1180,4,2025-09-13,5,5,1,349.0,147.0,0.0
14680,909,4,2025-09-13,8,2,2,349.0,147.0,0.0
14681,393,4,2025-09-13,5,4,1,349.0,147.0,0.0
14682,560,4,2025-09-13,1,1,1,296.65,147.0,52.35
14683,1779,4,2025-09-14,1,1,1,349.0,147.0,0.0
14684,133,5,2025-09-14,1,3,1,349.0,147.0,0.0
14685,404,3,2025-09-14,3,4,1,329.0,141.0,0.0
14686,215,4,2025-09-14,1,1,1,349.0,147.0,0.0
14687,1374,3,2025-09-14,3,3,1,296.1,141.0,32.9
14688,146,3,2025-09-14,7,2,1,296.1,141.0,32.9
14689,696,4,2025-09-14,1,1,1,296.65,147.0,52.35
14690,1362,4,2025-09-14,5,4,1,314.1,147.0,34.9
14691,1530,1,2025-09-14,1,4,1,299.0,128.0,0.0
14692,494,6,2025-09-14,7,1,1,499.0,210.0,0.0
14693,334,4,2025-09-14,1,1,1,349.0,147.0,0.0
14694,1817,5,2025-09-14,7,5,1,349.0,147.0,0.0
14695,934,4,2025-09-14,3,3,2,349.0,147.0,0.0
14696,1202,1,2025-09-14,3,2,1,269.1,128.0,29.9
14697,918,2,2025-09-14,3,1,1,299.0,128.0,0.0
14698,867,3,2025-09-14,2,5,1,329.0,141.0,0.0
14699,1018,2,2025-09-14,4,3,1,299.0,128.0,0.0
14700,643,5,2025-09-14,4,1,1,349.0,147.0,0.0
14701,1129,4,2025-09-14,1,4,1,349.0,147.0,0.0
14702,363,2,2025-09-14,1,1,2,254.15,128.0,44.85
14703,1859,5,2025-09-14,4,3,2,349.0,147.0,0.0
14704,1377,4,2025-09-14,5,5,1,349.0,147.0,0.0
14705,1522,4,2025-09-14,3,1,1,314.1,147.0,34.9
14706,706,5,2025-09-14,8,4,1,296.65,147.0,52.35
14707,435,5,2025-09-14,2,2,1,314.1,147.0,34.9
14708,1460,5,2025-09-14,7,1,1,349.0,147.0,0.0
14709,1546,4,2025-09-14,7,2,2,349.0,147.0,0.0
14710,75,3,2025-09-14,1,4,1,329.0,141.0,0.0
14711,415,2,2025-09-14,1,4,1,254.15,128.0,44.85
14712,501,1,2025-09-14,1,4,1,269.1,128.0,29.9
14713,22,4,2025-09-14,7,1,1,314.1,147.0,34.9
14714,630,2,2025-09-14,7,2,1,254.15,128.0,44.85
14715,971,2,2025-09-14,6,1,1,299.0,128.0,0.0
14716,803,3,2025-09-14,3,1,1,329.0,141.0,0.0
14717,816,5,2025-09-14,3,1,1,349.0,147.0,0.0
14718,655,2,2025-09-15,3,2,1,299.0,128.0,0.0
14719,753,4,2025-09-15,8,4,1,349.0,147.0,0.0
14720,431,1,2025-09-15,5,3,1,269.1,128.0,29.9
14721,61,4,2025-09-15,8,2,1,349.0,147.0,0.0
14722,550,4,2025-09-15,1,1,1,349.0,147.0,0.0
14723,205,2,2025-09-15,4,4,1,299.0,128.0,0.0
14724,557,2,2025-09-15,5,4,2,299.0,128.0,0.0
14725,179,4,2025-09-15,2,4,1,349.0,147.0,0.0
14726,1102,4,2025-09-15,1,1,1,349.0,147.0,0.0
14727,675,6,2025-09-15,3,2,1,449.1,210.0,49.9
14728,1491,1,2025-09-15,5,4,1,299.0,128.0,0.0
14729,187,4,2025-09-15,2,3,1,349.0,147.0,0.0
14730,1017,3,2025-09-15,1,5,1,329.0,141.0,0.0
14731,372,4,2025-09-15,3,3,1,349.0,147.0,0.0
14732,679,1,2025-09-15,3,1,1,254.15,128.0,44.85
14733,1972,5,2025-09-15,2,4,1,349.0,147.0,0.0
14734,1902,3,2025-09-15,3,1,1,296.1,141.0,32.9
14735,1553,1,2025-09-15,4,2,1,299.0,128.0,0.0
14736,1282,2,2025-09-15,1,1,1,269.1,128.0,29.9
14737,1516,5,2025-09-15,1,3,1,349.0,147.0,0.0
14738,433,4,2025-09-15,3,1,1,349.0,147.0,0.0
14739,1783,5,2025-09-15,2,1,2,349.0,147.0,0.0
14740,61,4,2025-09-15,1,1,1,314.1,147.0,34.9
14741,1470,5,2025-09-15,2,5,1,349.0,147.0,0.0
14742,864,3,2025-09-15,7,2,1,329.0,141.0,0.0
14743,903,4,2025-09-15,3,1,1,314.1,147.0,34.9
14744,1178,6,2025-09-15,5,1,1,499.0,210.0,0.0
14745,976,1,2025-09-15,8,3,1,299.0,128.0,0.0
14746,1638,5,2025-09-15,1,2,1,349.0,147.0,0.0
14747,60,1,2025-09-15,1,3,1,299.0,128.0,0.0
14748,347,4,2025-09-15,4,1,1,349.0,147.0,0.0
14749,227,6,2025-09-15,3,1,1,499.0,210.0,0.0
14750,720,5,2025-09-15,5,1,1,349.0,147.0,0.0
14751,922,4,2025-09-15,3,4,1,296.65,147.0,52.35
14752,729,2,2025-09-15,1,4,1,299.0,128.0,0.0
14753,113,1,2025-09-15,1,5,1,299.0,128.0,0.0
14754,1023,1,2025-09-15,2,1,1,299.0,128.0,0.0
14755,198,1,2025-09-16,2,2,1,299.0,128.0,0.0
14756,1949,5,2025-09-16,3,1,1,349.0,147.0,0.0
14757,550,4,2025-09-16,5,4,1,349.0,147.0,0.0
14758,302,1,2025-09-16,4,2,1,299.0,128.0,0.0
14759,35,5,2025-09-16,4,1,1,349.0,147.0,0.0
14760,1156,2,2025-09-16,4,3,1,299.0,128.0,0.0
14761,1995,1,2025-09-16,3,2,1,299.0,128.0,0.0
14762,1470,2,2025-09-16,3,2,1,254.15,128.0,44.85
14763,1000,4,2025-09-16,1,1,1,349.0,147.0,0.0
14764,1802,1,2025-09-16,1,5,1,299.0,128.0,0.0
14765,1433,3,2025-09-16,4,5,1,279.65,141.0,49.35
14766,1790,4,2025-09-16,2,1,1,349.0,147.0,0.0
14767,537,5,2025-09-16,3,2,1,349.0,147.0,0.0
14768,1816,6,2025-09-16,5,1,1,499.0,210.0,0.0
14769,974,2,2025-09-16,5,1,1,299.0,128.0,0.0
14770,600,5,2025-09-16,5,5,1,349.0,147.0,0.0
14771,1642,5,2025-09-16,1,2,1,349.0,147.0,0.0
14772,71,2,2025-09-16,2,3,1,299.0,128.0,0.0
14773,1577,5,2025-09-16,1,1,1,314.1,147.0,34.9
14774,1516,6,2025-09-16,2,5,1,499.0,210.0,0.0
14775,106,4,2025-09-16,1,1,1,349.0,147.0,0.0
14776,1257,4,2025-09-16,1,1,1,349.0,147.0,0.0
14777,1739,5,2025-09-16,3,2,1,314.1,147.0,34.9
14778,837,2,2025-09-16,4,1,1,299.0,128.0,0.0
14779,305,2,2025-09-16,1,2,1,299.0,128.0,0.0
14780,724,3,2025-09-16,3,1,1,329.0,141.0,0.0
14781,1836,3,2025-09-16,4,2,1,329.0,141.0,0.0
14782,1792,6,2025-09-16,2,3,1,449.1,210.0,49.9
14783,1798,5,2025-09-16,1,3,1,349.0,147.0,0.0
14784,700,5,2025-09-16,5,1,1,296.65,147.0,52.35
14785,932,4,2025-09-16,3,2,1,349.0,147.0,0.0
14786,1136,2,2025-09-16,7,4,1,269.1,128.0,29.9
14787,756,5,2025-09-16,3,4,1,349.0,147.0,0.0
14788,1260,5,2025-09-16,1,1,1,349.0,147.0,0.0
14789,704,5,2025-09-16,3,4,1,349.0,147.0,0.0
14790,1046,1,2025-09-16,5,2,2,269.1,128.0,29.9
14791,203,5,2025-09-16,5,1,1,349.0,147.0,0.0
14792,1209,1,2025-09-16,3,4,1,269.1,128.0,29.9
14793,521,1,2025-09-17,3,2,1,254.15,128.0,44.85
14794,1094,5,2025-09-17,1,4,1,349.0,147.0,0.0
14795,1002,5,2025-09-17,5,5,1,296.65,147.0,52.35
14796,1003,2,2025-09-17,3,3,1,269.1,128.0,29.9
14797,1029,5,2025-09-17,4,2,1,314.1,147.0,34.9
14798,1208,4,2025-09-17,5,1,1,349.0,147.0,0.0
14799,59,2,2025-09-17,2,2,1,254.15,128.0,44.85
14800,248,2,2025-09-17,5,2,1,299.0,128.0,0.0
14801,505,1,2025-09-17,6,4,1,299.0,128.0,0.0
14802,835,5,2025-09-17,5,1,1,314.1,147.0,34.9
14803,969,4,2025-09-17,3,5,1,349.0,147.0,0.0
14804,1451,2,2025-09-17,3,1,1,299.0,128.0,0.0
14805,797,1,2025-09-17,5,5,1,299.0,128.0,0.0
14806,1227,5,2025-09-17,2,5,1,296.65,147.0,52.35
14807,107,5,2025-09-17,7,2,1,314.1,147.0,34.9
14808,508,5,2025-09-17,3,1,1,314.1,147.0,34.9
14809,1416,3,2025-09-17,3,4,1,329.0,141.0,0.0
14810,1187,3,2025-09-17,1,5,1,329.0,141.0,0.0
14811,827,5,2025-09-17,1,2,1,314.1,147.0,34.9
14812,302,4,2025-09-17,4,4,1,349.0,147.0,0.0
14813,652,2,2025-09-17,3,2,1,299.0,128.0,0.0
14814,1143,5,2025-09-17,5,1,1,349.0,147.0,0.0
14815,1399,5,2025-09-17,7,2,1,349.0,147.0,0.0
14816,1244,4,2025-09-17,1,3,1,296.65,147.0,52.35
14817,691,1,2025-09-17,4,1,1,299.0,128.0,0.0
14818,1250,5,2025-09-17,1,5,1,349.0,147.0,0.0
14819,1635,4,2025-09-17,1,2,1,349.0,147.0,0.0
14820,658,4,2025-09-17,2,2,1,349.0,147.0,0.0
14821,604,2,2025-09-17,1,3,1,299.0,128.0,0.0
14822,1242,4,2025-09-17,4,3,1,296.65,147.0,52.35
14823,623,5,2025-09-17,5,3,1,349.0,147.0,0.0
14824,644,2,2025-09-17,2,2,1,299.0,128.0,0.0
14825,851,2,2025-09-17,2,1,1,299.0,128.0,0.0
14826,1308,4,2025-09-17,1,1,1,349.0,147.0,0.0
14827,784,1,2025-09-17,6,4,1,299.0,128.0,0.0
14828,1826,4,2025-09-18,5,2,1,349.0,147.0,0.0
14829,323,3,2025-09-18,1,1,1,329.0,141.0,0.0
14830,923,2,2025-09-18,2,5,1,269.1,128.0,29.9
14831,1004,2,2025-09-18,4,4,1,299.0,128.0,0.0
14832,536,4,2025-09-18,2,1,2,349.0,147.0,0.0
14833,491,5,2025-09-18,4,1,1,296.65,147.0,52.35
14834,1071,1,2025-09-18,3,5,1,299.0,128.0,0.0
14835,1022,4,2025-09-18,8,2,1,349.0,147.0,0.0
14836,805,2,2025-09-18,1,1,1,299.0,128.0,0.0
14837,1637,6,2025-09-18,5,3,1,449.1,210.0,49.9
14838,1531,5,2025-09-18,2,3,1,314.1,147.0,34.9
14839,376,2,2025-09-18,1,1,1,299.0,128.0,0.0
14840,890,4,2025-09-18,3,5,1,349.0,147.0,0.0
14841,1518,6,2025-09-18,5,2,1,499.0,210.0,0.0
14842,1364,5,2025-09-18,1,3,1,349.0,147.0,0.0
14843,450,4,2025-09-18,1,4,1,296.65,147.0,52.35
14844,1670,4,2025-09-18,4,1,1,349.0,147.0,0.0
14845,993,2,2025-09-18,4,2,1,254.15,128.0,44.85
14846,781,5,2025-09-18,4,2,1,349.0,147.0,0.0
14847,1460,2,2025-09-18,2,1,2,299.0,128.0,0.0
14848,158,1,2025-09-18,6,2,2,269.1,128.0,29.9
14849,979,4,2025-09-18,1,4,2,349.0,147.0,0.0
14850,483,2,2025-09-18,2,2,1,299.0,128.0,0.0
14851,669,2,2025-09-18,5,4,2,299.0,128.0,0.0
14852,656,2,2025-09-18,2,2,1,299.0,128.0,0.0
14853,382,3,2025-09-18,7,2,2,329.0,141.0,0.0
14854,1858,4,2025-09-18,3,1,1,349.0,147.0,0.0
14855,792,6,2025-09-18,7,5,1,499.0,210.0,0.0
14856,469,3,2025-09-18,7,1,1,329.0,141.0,0.0
14857,600,2,2025-09-18,1,3,1,254.15,128.0,44.85
14858,1010,4,2025-09-18,1,1,1,349.0,147.0,0.0
14859,1627,2,2025-09-18,5,2,1,299.0,128.0,0.0
14860,1875,5,2025-09-18,1,2,1,349.0,147.0,0.0
14861,338,2,2025-09-18,1,1,1,299.0,128.0,0.0
14862,1296,4,2025-09-18,1,1,2,349.0,147.0,0.0
14863,1743,3,2025-09-18,3,2,1,329.0,141.0,0.0
14864,880,1,2025-09-18,7,1,1,269.1,128.0,29.9
14865,564,2,2025-09-18,5,1,1,269.1,128.0,29.9
14866,1571,1,2025-09-19,5,2,1,299.0,128.0,0.0
14867,432,5,2025-09-19,1,5,1,349.0,147.0,0.0
14868,911,4,2025-09-19,5,4,1,349.0,147.0,0.0
14869,1231,1,2025-09-19,8,2,1,269.1,128.0,29.9
14870,1965,3,2025-09-19,4,4,1,329.0,141.0,0.0
14871,1946,2,2025-09-19,8,4,1,299.0,128.0,0.0
14872,245,5,2025-09-19,1,1,1,349.0,147.0,0.0
14873,539,1,2025-09-19,8,1,1,299.0,128.0,0.0
14874,1580,5,2025-09-19,2,5,1,349.0,147.0,0.0
14875,1325,4,2025-09-19,3,1,1,314.1,147.0,34.9
14876,290,2,2025-09-19,4,3,1,254.15,128.0,44.85
14877,951,1,2025-09-19,4,2,1,299.0,128.0,0.0
14878,1230,6,2025-09-19,2,3,1,499.0,210.0,0.0
14879,1830,5,2025-09-19,1,1,1,349.0,147.0,0.0
14880,1892,3,2025-09-19,2,2,1,329.0,141.0,0.0
14881,1606,4,2025-09-19,4,1,1,349.0,147.0,0.0
14882,1449,4,2025-09-19,5,4,1,349.0,147.0,0.0
14883,877,1,2025-09-19,1,2,1,254.15,128.0,44.85
14884,180,1,2025-09-19,4,1,1,299.0,128.0,0.0
14885,996,5,2025-09-19,1,1,1,349.0,147.0,0.0
14886,964,5,2025-09-19,1,1,1,349.0,147.0,0.0
14887,527,4,2025-09-19,3,1,1,349.0,147.0,0.0
14888,333,4,2025-09-19,1,5,1,349.0,147.0,0.0
14889,453,1,2025-09-19,1,1,1,299.0,128.0,0.0
14890,1117,3,2025-09-19,6,2,1,329.0,141.0,0.0
14891,1744,2,2025-09-19,7,2,1,299.0,128.0,0.0
14892,749,5,2025-09-19,4,1,1,296.65,147.0,52.35
14893,1432,4,2025-09-19,9,2,1,349.0,147.0,0.0
14894,1707,1,2025-09-19,3,1,1,254.15,128.0,44.85
14895,1531,6,2025-09-19,8,2,1,499.0,210.0,0.0
14896,927,3,2025-09-19,2,3,1,329.0,141.0,0.0
14897,1279,5,2025-09-19,5,2,1,349.0,147.0,0.0
14898,1210,1,2025-09-19,1,1,1,299.0,128.0,0.0
14899,1930,2,2025-09-19,2,5,1,299.0,128.0,0.0
14900,272,6,2025-09-19,7,2,1,499.0,210.0,0.0
14901,504,1,2025-09-19,1,2,1,299.0,128.0,0.0
14902,789,4,2025-09-19,3,1,1,314.1,147.0,34.9
14903,1228,2,2025-09-20,1,4,1,254.15,128.0,44.85
14904,48,5,2025-09-20,4,2,1,349.0,147.0,0.0
14905,322,4,2025-09-20,4,1,1,349.0,147.0,0.0
14906,1105,1,2025-09-20,1,1,1,269.1,128.0,29.9
14907,1880,5,2025-09-20,7,1,1,349.0,147.0,0.0
14908,1309,6,2025-09-20,2,3,1,499.0,210.0,0.0
14909,1280,3,2025-09-20,9,1,2,329.0,141.0,0.0
14910,799,2,2025-09-20,3,2,1,254.15,128.0,44.85
14911,985,1,2025-09-20,3,3,1,299.0,128.0,0.0
14912,842,4,2025-09-20,1,3,1,314.1,147.0,34.9
14913,1131,4,2025-09-20,4,4,1,349.0,147.0,0.0
14914,1233,5,2025-09-20,2,2,1,349.0,147.0,0.0
14915,1822,4,2025-09-20,1,1,1,349.0,147.0,0.0
14916,936,5,2025-09-20,3,1,2,349.0,147.0,0.0
14917,1613,4,2025-09-20,3,4,1,296.65,147.0,52.35
14918,1991,2,2025-09-20,3,2,1,299.0,128.0,0.0
14919,1948,6,2025-09-20,3,1,1,499.0,210.0,0.0
14920,1353,5,2025-09-20,9,2,1,296.65,147.0,52.35
14921,412,6,2025-09-20,5,1,1,499.0,210.0,0.0
14922,1968,3,2025-09-20,5,2,1,329.0,141.0,0.0
14923,346,4,2025-09-20,1,4,1,349.0,147.0,0.0
14924,1869,4,2025-09-20,1,2,2,314.1,147.0,34.9
14925,1804,3,2025-09-20,5,2,2,329.0,141.0,0.0
14926,483,5,2025-09-20,7,1,1,349.0,147.0,0.0
14927,1988,6,2025-09-20,4,1,1,499.0,210.0,0.0
14928,923,4,2025-09-20,1,1,1,349.0,147.0,0.0
14929,1495,5,2025-09-20,1,4,1,349.0,147.0,0.0
14930,344,2,2025-09-20,4,3,1,299.0,128.0,0.0
14931,1329,4,2025-09-20,2,4,1,349.0,147.0,0.0
14932,599,1,2025-09-20,1,1,1,254.15,128.0,44.85
14933,1145,6,2025-09-20,2,1,1,499.0,210.0,0.0
14934,540,4,2025-09-20,3,2,1,349.0,147.0,0.0
14935,812,2,2025-09-20,5,1,1,299.0,128.0,0.0
14936,887,4,2025-09-20,3,5,2,349.0,147.0,0.0
14937,298,5,2025-09-20,7,2,1,349.0,147.0,0.0
14938,984,2,2025-09-20,1,2,1,299.0,128.0,0.0
14939,1328,4,2025-09-20,3,5,1,314.1,147.0,34.9
14940,697,5,2025-09-20,1,5,1,296.65,147.0,52.35
14941,262,4,2025-09-20,3,2,1,349.0,147.0,0.0
14942,698,2,2025-09-20,4,3,1,299.0,128.0,0.0
14943,1053,1,2025-09-21,1,2,1,299.0,128.0,0.0
14944,846,4,2025-09-21,6,3,1,349.0,147.0,0.0
14945,1636,5,2025-09-21,3,2,1,349.0,147.0,0.0
14946,397,2,2025-09-21,1,2,1,299.0,128.0,0.0
14947,469,5,2025-09-21,1,2,1,349.0,147.0,0.0
14948,582,5,2025-09-21,3,1,1,349.0,147.0,0.0
14949,1961,5,2025-09-21,4,5,1,349.0,147.0,0.0
14950,654,3,2025-09-21,3,3,1,329.0,141.0,0.0
14951,1370,5,2025-09-21,2,5,1,349.0,147.0,0.0
14952,1584,4,2025-09-21,3,2,1,349.0,147.0,0.0
14953,525,4,2025-09-21,1,1,1,349.0,147.0,0.0
14954,988,2,2025-09-21,1,1,1,299.0,128.0,0.0
14955,1145,5,2025-09-21,3,5,1,296.65,147.0,52.35
14956,1509,5,2025-09-21,3,2,1,349.0,147.0,0.0
14957,898,6,2025-09-21,8,1,1,499.0,210.0,0.0
14958,1064,5,2025-09-21,5,5,1,349.0,147.0,0.0
14959,721,4,2025-09-21,2,2,1,349.0,147.0,0.0
14960,1787,3,2025-09-21,1,3,1,329.0,141.0,0.0
14961,494,5,2025-09-21,2,1,1,314.1,147.0,34.9
14962,1319,5,2025-09-21,5,3,1,349.0,147.0,0.0
14963,1253,4,2025-09-21,6,4,1,314.1,147.0,34.9
14964,406,4,2025-09-21,4,4,2,349.0,147.0,0.0
14965,393,3,2025-09-21,2,5,1,329.0,141.0,0.0
14966,1324,4,2025-09-21,4,3,1,349.0,147.0,0.0
14967,1191,3,2025-09-21,5,2,1,296.1,141.0,32.9
14968,1618,3,2025-09-21,5,2,1,329.0,141.0,0.0
14969,78,2,2025-09-21,3,3,1,299.0,128.0,0.0
14970,106,5,2025-09-21,1,5,1,314.1,147.0,34.9
14971,656,6,2025-09-21,8,2,2,499.0,210.0,0.0
14972,299,4,2025-09-21,1,1,1,296.65,147.0,52.35
14973,597,2,2025-09-21,1,2,1,299.0,128.0,0.0
14974,1964,2,2025-09-21,1,3,1,299.0,128.0,0.0
14975,1161,5,2025-09-21,6,1,1,349.0,147.0,0.0
14976,1382,3,2025-09-21,5,3,1,279.65,141.0,49.35
14977,929,1,2025-09-21,3,2,1,299.0,128.0,0.0
14978,1265,5,2025-09-21,7,4,1,349.0,147.0,0.0
14979,1887,5,2025-09-21,5,2,1,296.65,147.0,52.35
14980,1425,5,2025-09-21,8,1,1,296.65,147.0,52.35
14981,1449,2,2025-09-21,4,2,1,299.0,128.0,0.0
14982,262,1,2025-09-21,3,2,1,299.0,128.0,0.0
14983,18,2,2025-09-21,3,4,1,299.0,128.0,0.0
14984,863,1,2025-09-22,6,5,2,299.0,128.0,0.0
14985,1445,5,2025-09-22,2,2,2,349.0,147.0,0.0
14986,1430,5,2025-09-22,2,5,1,349.0,147.0,0.0
14987,1586,4,2025-09-22,4,3,1,349.0,147.0,0.0
14988,318,2,2025-09-22,4,4,1,269.1,128.0,29.9
14989,298,1,2025-09-22,1,1,1,269.1,128.0,29.9
14990,830,5,2025-09-22,1,1,1,349.0,147.0,0.0
14991,663,5,2025-09-22,7,2,1,314.1,147.0,34.9
14992,1824,4,2025-09-22,4,1,1,349.0,147.0,0.0
14993,1484,2,2025-09-22,1,2,2,299.0,128.0,0.0
14994,1215,6,2025-09-22,5,1,1,499.0,210.0,0.0
14995,1062,2,2025-09-22,6,1,1,299.0,128.0,0.0
14996,549,6,2025-09-22,1,1,1,449.1,210.0,49.9
14997,685,1,2025-09-22,3,2,2,299.0,128.0,0.0
14998,1300,1,2025-09-22,7,2,1,269.1,128.0,29.9
14999,1361,1,2025-09-22,2,5,1,269.1,128.0,29.9
15000,1459,1,2025-09-22,1,1,1,299.0,128.0,0.0
15001,299,6,2025-09-22,2,5,1,499.0,210.0,0.0
15002,540,4,2025-09-22,4,2,1,349.0,147.0,0.0
15003,1092,4,2025-09-22,4,1,1,349.0,147.0,0.0
15004,1959,5,2025-09-22,5,2,1,349.0,147.0,0.0
15005,179,6,2025-09-22,4,2,1,499.0,210.0,0.0
15006,456,2,2025-09-22,1,1,1,299.0,128.0,0.0
15007,888,6,2025-09-22,2,2,1,499.0,210.0,0.0
15008,314,5,2025-09-22,1,2,1,349.0,147.0,0.0
15009,441,2,2025-09-22,2,1,1,269.1,128.0,29.9
15010,1639,4,2025-09-22,1,1,1,314.1,147.0,34.9
15011,309,4,2025-09-22,3,1,1,349.0,147.0,0.0
15012,989,2,2025-09-22,3,2,1,299.0,128.0,0.0
15013,145,4,2025-09-22,1,5,1,296.65,147.0,52.35
15014,22,4,2025-09-22,9,2,2,349.0,147.0,0.0
15015,452,1,2025-09-22,1,4,1,299.0,128.0,0.0
15016,600,4,2025-09-22,5,2,2,314.1,147.0,34.9
15017,763,4,2025-09-22,4,5,1,296.65,147.0,52.35
15018,607,4,2025-09-22,1,2,1,349.0,147.0,0.0
15019,1602,1,2025-09-23,1,3,1,299.0,128.0,0.0
15020,565,4,2025-09-23,4,3,1,314.1,147.0,34.9
15021,796,5,2025-09-23,1,1,2,349.0,147.0,0.0
15022,814,4,2025-09-23,3,2,1,349.0,147.0,0.0
15023,1743,1,2025-09-23,1,1,1,299.0,128.0,0.0
15024,363,4,2025-09-23,4,1,1,314.1,147.0,34.9
15025,800,5,2025-09-23,2,1,1,349.0,147.0,0.0
15026,641,4,2025-09-23,5,2,1,349.0,147.0,0.0
15027,464,1,2025-09-23,2,2,1,299.0,128.0,0.0
15028,955,5,2025-09-23,3,5,1,349.0,147.0,0.0
15029,956,5,2025-09-23,3,3,1,349.0,147.0,0.0
15030,609,1,2025-09-23,6,2,1,299.0,128.0,0.0
15031,630,5,2025-09-23,9,2,1,349.0,147.0,0.0
15032,435,3,2025-09-23,2,1,1,329.0,141.0,0.0
15033,1349,4,2025-09-23,1,1,1,296.65,147.0,52.35
15034,496,2,2025-09-23,1,1,1,299.0,128.0,0.0
15035,1384,5,2025-09-23,1,1,1,314.1,147.0,34.9
15036,200,3,2025-09-23,7,3,1,296.1,141.0,32.9
15037,1250,1,2025-09-23,7,5,1,299.0,128.0,0.0
15038,1950,5,2025-09-23,3,1,1,314.1,147.0,34.9
15039,413,5,2025-09-23,9,2,1,296.65,147.0,52.35
15040,1031,3,2025-09-23,7,4,1,296.1,141.0,32.9
15041,1684,5,2025-09-23,2,2,1,296.65,147.0,52.35
15042,1935,4,2025-09-23,3,5,1,349.0,147.0,0.0
15043,339,5,2025-09-23,3,2,1,349.0,147.0,0.0
15044,933,4,2025-09-23,9,1,1,349.0,147.0,0.0
15045,111,5,2025-09-23,9,2,1,349.0,147.0,0.0
15046,23,1,2025-09-23,1,3,1,299.0,128.0,0.0
15047,783,5,2025-09-23,1,2,1,349.0,147.0,0.0
15048,529,2,2025-09-23,1,1,1,299.0,128.0,0.0
15049,1719,1,2025-09-23,1,5,1,299.0,128.0,0.0
15050,1687,1,2025-09-23,1,5,1,299.0,128.0,0.0
15051,1757,6,2025-09-23,1,1,1,499.0,210.0,0.0
15052,836,6,2025-09-23,3,1,1,424.15,210.0,74.85
15053,746,4,2025-09-23,1,2,2,349.0,147.0,0.0
15054,685,2,2025-09-24,2,5,1,299.0,128.0,0.0
15055,951,5,2025-09-24,1,1,1,349.0,147.0,0.0
15056,419,5,2025-09-24,1,2,1,349.0,147.0,0.0
15057,1565,6,2025-09-24,9,1,1,499.0,210.0,0.0
15058,1267,4,2025-09-24,7,2,1,314.1,147.0,34.9
15059,1906,4,2025-09-24,5,5,2,296.65,147.0,52.35
15060,266,4,2025-09-24,9,4,1,349.0,147.0,0.0
15061,556,3,2025-09-24,5,4,1,329.0,141.0,0.0
15062,73,2,2025-09-24,2,2,1,254.15,128.0,44.85
15063,1132,4,2025-09-24,2,2,1,314.1,147.0,34.9
15064,1019,4,2025-09-24,3,2,1,349.0,147.0,0.0
15065,1696,4,2025-09-24,3,1,1,314.1,147.0,34.9
15066,515,6,2025-09-24,4,1,1,499.0,210.0,0.0
15067,1139,4,2025-09-24,4,4,1,349.0,147.0,0.0
15068,981,4,2025-09-24,1,2,1,349.0,147.0,0.0
15069,1315,6,2025-09-24,1,1,1,499.0,210.0,0.0
15070,374,5,2025-09-24,2,2,1,349.0,147.0,0.0
15071,1058,5,2025-09-24,7,1,1,349.0,147.0,0.0
15072,1388,5,2025-09-24,5,1,1,349.0,147.0,0.0
15073,1315,2,2025-09-24,7,2,1,269.1,128.0,29.9
15074,613,4,2025-09-24,1,1,1,349.0,147.0,0.0
15075,1177,2,2025-09-24,5,4,1,299.0,128.0,0.0
15076,634,2,2025-09-24,1,3,1,269.1,128.0,29.9
15077,330,2,2025-09-24,1,2,1,299.0,128.0,0.0
15078,1589,2,2025-09-24,5,2,1,299.0,128.0,0.0
15079,1833,1,2025-09-24,1,1,1,254.15,128.0,44.85
15080,133,2,2025-09-24,3,2,1,254.15,128.0,44.85
15081,675,5,2025-09-24,3,1,1,349.0,147.0,0.0
15082,482,5,2025-09-24,4,1,1,349.0,147.0,0.0
15083,410,4,2025-09-24,5,1,1,296.65,147.0,52.35
15084,1711,1,2025-09-24,5,2,1,299.0,128.0,0.0
15085,1883,6,2025-09-24,1,1,1,499.0,210.0,0.0
15086,1240,3,2025-09-24,7,2,2,329.0,141.0,0.0
15087,1673,2,2025-09-24,1,2,1,299.0,128.0,0.0
15088,1748,6,2025-09-24,6,1,1,424.15,210.0,74.85
15089,1230,6,2025-09-24,2,1,1,499.0,210.0,0.0
15090,746,1,2025-09-24,1,1,1,299.0,128.0,0.0
15091,1524,4,2025-09-25,7,3,1,296.65,147.0,52.35
15092,314,5,2025-09-25,6,2,1,349.0,147.0,0.0
15093,1344,4,2025-09-25,2,5,1,349.0,147.0,0.0
15094,1415,4,2025-09-25,1,1,1,349.0,147.0,0.0
15095,557,6,2025-09-25,1,2,1,499.0,210.0,0.0
15096,575,2,2025-09-25,1,1,1,269.1,128.0,29.9
15097,1051,5,2025-09-25,5,1,2,314.1,147.0,34.9
15098,75,5,2025-09-25,5,2,1,349.0,147.0,0.0
15099,426,5,2025-09-25,5,2,1,349.0,147.0,0.0
15100,1777,3,2025-09-25,3,5,1,329.0,141.0,0.0
15101,278,2,2025-09-25,1,5,1,299.0,128.0,0.0
15102,1509,1,2025-09-25,6,2,1,299.0,128.0,0.0
15103,606,1,2025-09-25,7,2,1,299.0,128.0,0.0
15104,1389,2,2025-09-25,4,1,1,299.0,128.0,0.0
15105,387,4,2025-09-25,1,3,2,349.0,147.0,0.0
15106,913,5,2025-09-25,3,1,1,349.0,147.0,0.0
15107,18,6,2025-09-25,3,4,1,449.1,210.0,49.9
15108,1508,2,2025-09-25,1,2,1,299.0,128.0,0.0
15109,1084,4,2025-09-25,9,1,1,349.0,147.0,0.0
15110,1436,1,2025-09-25,8,2,1,299.0,128.0,0.0
15111,335,4,2025-09-25,1,5,1,349.0,147.0,0.0
15112,808,1,2025-09-25,2,5,1,254.15,128.0,44.85
15113,459,6,2025-09-25,3,2,1,449.1,210.0,49.9
15114,575,4,2025-09-25,1,2,1,349.0,147.0,0.0
15115,493,5,2025-09-25,3,3,1,349.0,147.0,0.0
15116,1630,6,2025-09-25,5,1,1,499.0,210.0,0.0
15117,1580,4,2025-09-25,7,4,1,349.0,147.0,0.0
15118,211,6,2025-09-25,2,3,1,424.15,210.0,74.85
15119,57,5,2025-09-25,4,1,1,349.0,147.0,0.0
15120,1417,5,2025-09-25,5,2,2,349.0,147.0,0.0
15121,348,4,2025-09-25,4,1,1,349.0,147.0,0.0
15122,1413,3,2025-09-25,1,1,2,296.1,141.0,32.9
15123,249,6,2025-09-25,5,4,1,499.0,210.0,0.0
15124,1485,4,2025-09-25,1,2,1,296.65,147.0,52.35
15125,805,5,2025-09-25,2,5,1,349.0,147.0,0.0
15126,1590,2,2025-09-25,1,1,2,299.0,128.0,0.0
15127,405,4,2025-09-25,2,1,2,349.0,147.0,0.0
15128,1324,6,2025-09-26,1,1,1,499.0,210.0,0.0
15129,66,4,2025-09-26,1,4,1,296.65,147.0,52.35
15130,601,5,2025-09-26,2,1,1,349.0,147.0,0.0
15131,731,4,2025-09-26,4,1,1,349.0,147.0,0.0
15132,703,2,2025-09-26,1,3,1,299.0,128.0,0.0
15133,1000,4,2025-09-26,1,3,1,349.0,147.0,0.0
15134,1541,5,2025-09-26,4,1,1,349.0,147.0,0.0
15135,394,3,2025-09-26,1,1,1,329.0,141.0,0.0
15136,1394,5,2025-09-26,5,2,1,349.0,147.0,0.0
15137,790,4,2025-09-26,5,1,2,349.0,147.0,0.0
15138,440,2,2025-09-26,1,2,1,269.1,128.0,29.9
15139,1689,2,2025-09-26,3,1,2,299.0,128.0,0.0
15140,811,3,2025-09-26,1,5,1,329.0,141.0,0.0
15141,1015,5,2025-09-26,1,1,1,349.0,147.0,0.0
15142,1536,5,2025-09-26,5,2,1,349.0,147.0,0.0
15143,138,5,2025-09-26,8,1,1,349.0,147.0,0.0
15144,613,1,2025-09-26,5,4,1,269.1,128.0,29.9
15145,393,4,2025-09-26,2,1,1,349.0,147.0,0.0
15146,1830,1,2025-09-26,5,2,2,254.15,128.0,44.85
15147,1036,5,2025-09-26,7,4,1,296.65,147.0,52.35
15148,425,3,2025-09-26,1,2,1,329.0,141.0,0.0
15149,1290,4,2025-09-26,3,1,2,349.0,147.0,0.0
15150,1017,1,2025-09-26,3,1,1,299.0,128.0,0.0
15151,247,2,2025-09-26,8,2,1,299.0,128.0,0.0
15152,1010,6,2025-09-26,1,4,1,499.0,210.0,0.0
15153,1833,4,2025-09-26,5,2,1,296.65,147.0,52.35
15154,1761,5,2025-09-26,3,4,1,349.0,147.0,0.0
15155,1803,4,2025-09-26,3,3,1,349.0,147.0,0.0
15156,403,2,2025-09-26,2,2,1,299.0,128.0,0.0
15157,514,1,2025-09-26,5,1,1,299.0,128.0,0.0
15158,352,2,2025-09-26,1,2,1,299.0,128.0,0.0
15159,676,1,2025-09-26,9,1,1,269.1,128.0,29.9
15160,698,3,2025-09-26,4,1,2,329.0,141.0,0.0
15161,1615,5,2025-09-26,2,2,1,349.0,147.0,0.0
15162,1643,3,2025-09-26,1,3,1,329.0,141.0,0.0
15163,6,1,2025-09-26,4,1,1,299.0,128.0,0.0
15164,385,5,2025-09-26,6,4,1,349.0,147.0,0.0
15165,324,2,2025-09-27,3,3,1,299.0,128.0,0.0
15166,625,4,2025-09-27,5,1,1,349.0,147.0,0.0
15167,1835,5,2025-09-27,1,4,1,349.0,147.0,0.0
15168,1441,4,2025-09-27,1,1,1,349.0,147.0,0.0
15169,1293,2,2025-09-27,1,2,1,299.0,128.0,0.0
15170,484,5,2025-09-27,1,2,1,314.1,147.0,34.9
15171,1933,4,2025-09-27,8,3,2,314.1,147.0,34.9
15172,1384,5,2025-09-27,7,5,1,349.0,147.0,0.0
15173,132,6,2025-09-27,3,3,1,499.0,210.0,0.0
15174,11,5,2025-09-27,1,1,1,314.1,147.0,34.9
15175,528,5,2025-09-27,1,2,1,349.0,147.0,0.0
15176,1243,2,2025-09-27,3,2,1,299.0,128.0,0.0
15177,1476,5,2025-09-27,1,1,1,349.0,147.0,0.0
15178,1616,4,2025-09-27,1,1,1,349.0,147.0,0.0
15179,1447,5,2025-09-27,5,1,1,349.0,147.0,0.0
15180,1711,5,2025-09-27,3,1,1,314.1,147.0,34.9
15181,1665,6,2025-09-27,1,1,1,499.0,210.0,0.0
15182,571,2,2025-09-27,3,1,1,299.0,128.0,0.0
15183,953,5,2025-09-27,1,1,1,349.0,147.0,0.0
15184,924,5,2025-09-27,3,1,1,349.0,147.0,0.0
15185,248,4,2025-09-27,5,2,2,349.0,147.0,0.0
15186,1378,1,2025-09-27,7,1,1,269.1,128.0,29.9
15187,449,4,2025-09-27,3,3,1,349.0,147.0,0.0
15188,1525,6,2025-09-27,5,2,1,499.0,210.0,0.0
15189,1928,4,2025-09-27,5,2,1,349.0,147.0,0.0
15190,1819,2,2025-09-27,8,1,1,254.15,128.0,44.85
15191,1422,2,2025-09-27,7,1,1,299.0,128.0,0.0
15192,187,5,2025-09-27,1,1,1,314.1,147.0,34.9
15193,412,2,2025-09-27,8,1,1,299.0,128.0,0.0
15194,1648,4,2025-09-27,1,5,1,314.1,147.0,34.9
15195,1076,5,2025-09-27,3,2,1,349.0,147.0,0.0
15196,386,5,2025-09-27,1,1,1,349.0,147.0,0.0
15197,1170,2,2025-09-27,4,1,1,299.0,128.0,0.0
15198,704,5,2025-09-27,2,2,1,349.0,147.0,0.0
15199,1753,4,2025-09-27,2,1,1,349.0,147.0,0.0
15200,1188,2,2025-09-27,1,2,1,299.0,128.0,0.0
15201,604,5,2025-09-27,7,2,1,349.0,147.0,0.0
15202,1167,5,2025-09-27,7,3,1,349.0,147.0,0.0
15203,981,4,2025-09-27,4,1,1,349.0,147.0,0.0
15204,736,4,2025-09-27,7,2,1,349.0,147.0,0.0
15205,685,4,2025-09-27,3,2,1,349.0,147.0,0.0
15206,183,4,2025-09-28,2,1,1,349.0,147.0,0.0
15207,1937,2,2025-09-28,1,5,1,299.0,128.0,0.0
15208,1244,4,2025-09-28,8,1,1,349.0,147.0,0.0
15209,1719,5,2025-09-28,1,1,1,349.0,147.0,0.0
15210,1023,1,2025-09-28,2,4,1,299.0,128.0,0.0
15211,130,2,2025-09-28,2,1,1,299.0,128.0,0.0
15212,228,4,2025-09-28,1,1,1,349.0,147.0,0.0
15213,1680,5,2025-09-28,8,4,1,349.0,147.0,0.0
15214,970,3,2025-09-28,1,1,1,329.0,141.0,0.0
15215,973,6,2025-09-28,5,4,1,499.0,210.0,0.0
15216,571,5,2025-09-28,1,2,1,349.0,147.0,0.0
15217,294,4,2025-09-28,3,4,1,349.0,147.0,0.0
15218,1452,3,2025-09-28,8,3,1,329.0,141.0,0.0
15219,487,4,2025-09-28,3,1,1,349.0,147.0,0.0
15220,1244,4,2025-09-28,2,1,1,349.0,147.0,0.0
15221,635,6,2025-09-28,3,2,2,449.1,210.0,49.9
15222,1231,5,2025-09-28,5,5,1,349.0,147.0,0.0
15223,82,5,2025-09-28,4,3,1,349.0,147.0,0.0
15224,1814,2,2025-09-28,1,2,1,254.15,128.0,44.85
15225,396,1,2025-09-28,6,1,1,299.0,128.0,0.0
15226,1922,3,2025-09-28,1,5,1,329.0,141.0,0.0
15227,1978,5,2025-09-28,4,4,1,314.1,147.0,34.9
15228,405,6,2025-09-28,7,4,1,449.1,210.0,49.9
15229,1001,4,2025-09-28,3,2,1,349.0,147.0,0.0
15230,1775,4,2025-09-28,3,1,1,296.65,147.0,52.35
15231,607,1,2025-09-28,1,2,1,299.0,128.0,0.0
15232,902,1,2025-09-28,1,2,1,254.15,128.0,44.85
15233,1943,4,2025-09-28,1,1,1,349.0,147.0,0.0
15234,837,1,2025-09-28,2,2,1,299.0,128.0,0.0
15235,1502,5,2025-09-28,1,4,1,349.0,147.0,0.0
15236,1453,6,2025-09-28,8,1,1,499.0,210.0,0.0
15237,225,5,2025-09-28,3,5,1,349.0,147.0,0.0
15238,818,2,2025-09-28,2,2,1,299.0,128.0,0.0
15239,498,2,2025-09-28,8,1,1,299.0,128.0,0.0
15240,1799,4,2025-09-28,7,1,1,349.0,147.0,0.0
15241,348,6,2025-09-28,1,5,1,499.0,210.0,0.0
15242,1552,4,2025-09-28,2,3,1,349.0,147.0,0.0
15243,1485,3,2025-09-29,2,1,1,329.0,141.0,0.0
15244,746,1,2025-09-29,3,3,1,299.0,128.0,0.0
15245,851,5,2025-09-29,1,1,1,349.0,147.0,0.0
15246,1183,4,2025-09-29,1,1,1,349.0,147.0,0.0
15247,262,4,2025-09-29,1,2,1,349.0,147.0,0.0
15248,196,1,2025-09-29,3,1,1,299.0,128.0,0.0
15249,1368,2,2025-09-29,1,2,1,299.0,128.0,0.0
15250,1124,5,2025-09-29,2,4,1,349.0,147.0,0.0
15251,1726,4,2025-09-29,3,4,1,296.65,147.0,52.35
15252,302,4,2025-09-29,1,1,1,349.0,147.0,0.0
15253,160,5,2025-09-29,1,2,1,349.0,147.0,0.0
15254,1127,4,2025-09-29,2,2,1,314.1,147.0,34.9
15255,1279,2,2025-09-29,3,2,2,299.0,128.0,0.0
15256,475,2,2025-09-29,2,1,1,299.0,128.0,0.0
15257,449,1,2025-09-29,1,1,1,299.0,128.0,0.0
15258,1632,5,2025-09-29,7,4,2,314.1,147.0,34.9
15259,1290,5,2025-09-29,1,2,1,349.0,147.0,0.0
15260,40,3,2025-09-29,5,1,2,296.1,141.0,32.9
15261,1073,4,2025-09-29,7,2,1,349.0,147.0,0.0
15262,1539,1,2025-09-29,5,1,1,299.0,128.0,0.0
15263,1282,2,2025-09-29,5,1,1,299.0,128.0,0.0
15264,526,5,2025-09-29,3,2,1,296.65,147.0,52.35
15265,566,5,2025-09-29,8,2,1,349.0,147.0,0.0
15266,619,4,2025-09-29,1,4,1,349.0,147.0,0.0
15267,1699,2,2025-09-29,3,1,1,299.0,128.0,0.0
15268,1959,1,2025-09-29,5,3,1,299.0,128.0,0.0
15269,1063,1,2025-09-29,6,1,2,299.0,128.0,0.0
15270,1624,1,2025-09-29,1,2,1,299.0,128.0,0.0
15271,1014,5,2025-09-29,1,1,1,349.0,147.0,0.0
15272,1136,5,2025-09-29,2,1,1,349.0,147.0,0.0
15273,34,2,2025-09-29,1,2,1,299.0,128.0,0.0
15274,306,4,2025-09-29,2,2,1,296.65,147.0,52.35
15275,837,4,2025-09-29,2,2,1,349.0,147.0,0.0
15276,1894,1,2025-09-29,1,2,1,299.0,128.0,0.0
15277,1535,4,2025-09-29,4,2,1,349.0,147.0,0.0
15278,1651,6,2025-09-30,3,5,1,424.15,210.0,74.85
15279,468,6,2025-09-30,2,1,1,499.0,210.0,0.0
15280,1060,4,2025-09-30,2,1,1,349.0,147.0,0.0
15281,1908,4,2025-09-30,3,2,1,296.65,147.0,52.35
15282,788,3,2025-09-30,1,2,1,296.1,141.0,32.9
15283,1409,4,2025-09-30,6,1,1,349.0,147.0,0.0
15284,864,4,2025-09-30,2,1,1,349.0,147.0,0.0
15285,183,6,2025-09-30,5,1,1,449.1,210.0,49.9
15286,127,4,2025-09-30,4,1,1,349.0,147.0,0.0
15287,1447,1,2025-09-30,5,5,1,299.0,128.0,0.0
15288,1030,6,2025-09-30,2,2,1,499.0,210.0,0.0
15289,1166,5,2025-09-30,5,2,1,349.0,147.0,0.0
15290,956,4,2025-09-30,1,2,2,349.0,147.0,0.0
15291,370,4,2025-09-30,6,4,1,296.65,147.0,52.35
15292,251,2,2025-09-30,1,2,1,299.0,128.0,0.0
15293,1854,4,2025-09-30,7,1,1,349.0,147.0,0.0
15294,1543,5,2025-09-30,1,1,1,349.0,147.0,0.0
15295,233,2,2025-09-30,1,3,1,299.0,128.0,0.0
15296,1495,1,2025-09-30,5,5,2,299.0,128.0,0.0
15297,862,2,2025-09-30,2,2,1,254.15,128.0,44.85
15298,1393,6,2025-09-30,2,1,2,499.0,210.0,0.0
15299,1284,4,2025-09-30,5,5,1,296.65,147.0,52.35
15300,132,5,2025-09-30,2,1,1,296.65,147.0,52.35
15301,1526,1,2025-09-30,7,3,1,269.1,128.0,29.9
15302,811,4,2025-09-30,6,2,1,296.65,147.0,52.35
15303,759,2,2025-09-30,7,1,1,254.15,128.0,44.85
15304,1860,2,2025-09-30,1,4,1,269.1,128.0,29.9
15305,586,1,2025-09-30,5,1,1,299.0,128.0,0.0
15306,413,4,2025-09-30,1,4,2,349.0,147.0,0.0
15307,739,4,2025-09-30,1,2,1,349.0,147.0,0.0
15308,1543,4,2025-09-30,2,2,1,349.0,147.0,0.0
15309,1972,4,2025-09-30,5,2,1,349.0,147.0,0.0
15310,336,6,2025-09-30,1,2,1,499.0,210.0,0.0
15311,860,4,2025-09-30,5,3,1,296.65,147.0,52.35
15312,1565,3,2025-09-30,1,4,1,279.65,141.0,49.35
15313,380,6,2025-09-30,1,2,1,424.15,210.0,74.85
15314,1940,2,2025-09-30,3,1,1,299.0,128.0,0.0
15315,624,4,2025-09-30,2,2,1,349.0,147.0,0.0
15316,1303,6,2025-09-30,1,1,1,499.0,210.0,0.0
15317,131,5,2025-09-30,2,4,1,314.1,147.0,34.9
15318,795,2,2025-09-30,6,1,1,299.0,128.0,0.0
15319,799,5,2025-10-01,4,4,1,349.0,147.0,0.0
15320,1591,4,2025-10-01,3,2,1,349.0,147.0,0.0
15321,55,5,2025-10-01,1,4,1,314.1,147.0,34.9
15322,1312,5,2025-10-01,3,2,2,349.0,147.0,0.0
15323,355,5,2025-10-01,3,4,2,349.0,147.0,0.0
15324,544,1,2025-10-01,2,4,2,254.15,128.0,44.85
15325,1388,1,2025-10-01,6,1,1,299.0,128.0,0.0
15326,846,1,2025-10-01,1,1,1,269.1,128.0,29.9
15327,1314,4,2025-10-01,2,1,1,349.0,147.0,0.0
15328,223,4,2025-10-01,1,1,1,296.65,147.0,52.35
15329,181,6,2025-10-01,7,2,1,499.0,210.0,0.0
15330,1317,4,2025-10-01,5,2,1,296.65,147.0,52.35
15331,124,2,2025-10-01,4,5,1,299.0,128.0,0.0
15332,1295,4,2025-10-01,4,2,2,349.0,147.0,0.0
15333,1759,4,2025-10-01,1,3,1,349.0,147.0,0.0
15334,168,2,2025-10-01,6,4,1,299.0,128.0,0.0
15335,945,5,2025-10-01,7,1,1,314.1,147.0,34.9
15336,479,4,2025-10-01,4,4,2,349.0,147.0,0.0
15337,1567,5,2025-10-01,8,1,1,349.0,147.0,0.0
15338,413,3,2025-10-01,3,1,1,329.0,141.0,0.0
15339,957,6,2025-10-01,1,1,1,499.0,210.0,0.0
15340,1547,3,2025-10-01,7,2,1,296.1,141.0,32.9
15341,1020,4,2025-10-01,1,3,1,349.0,147.0,0.0
15342,1753,5,2025-10-01,2,4,1,349.0,147.0,0.0
15343,466,4,2025-10-01,8,5,1,349.0,147.0,0.0
15344,1768,1,2025-10-01,5,2,1,299.0,128.0,0.0
15345,426,5,2025-10-01,2,1,2,349.0,147.0,0.0
15346,1212,4,2025-10-01,1,1,1,349.0,147.0,0.0
15347,1248,4,2025-10-01,1,2,1,296.65,147.0,52.35
15348,1719,5,2025-10-01,3,1,1,349.0,147.0,0.0
15349,23,6,2025-10-01,2,1,1,499.0,210.0,0.0
15350,1849,5,2025-10-01,3,3,1,349.0,147.0,0.0
15351,1395,3,2025-10-01,1,2,1,296.1,141.0,32.9
15352,954,5,2025-10-01,5,1,1,349.0,147.0,0.0
15353,185,2,2025-10-01,1,3,1,269.1,128.0,29.9
15354,1577,1,2025-10-01,7,1,1,299.0,128.0,0.0
15355,707,6,2025-10-01,2,3,1,449.1,210.0,49.9
15356,1289,4,2025-10-01,1,1,1,349.0,147.0,0.0
15357,1959,2,2025-10-01,1,2,1,299.0,128.0,0.0
15358,1696,4,2025-10-02,4,2,1,296.65,147.0,52.35
15359,1046,6,2025-10-02,5,1,1,499.0,210.0,0.0
15360,1088,4,2025-10-02,1,1,1,349.0,147.0,0.0
15361,443,2,2025-10-02,7,2,1,299.0,128.0,0.0
15362,1130,5,2025-10-02,1,1,1,296.65,147.0,52.35
15363,1762,1,2025-10-02,4,4,1,299.0,128.0,0.0
15364,1396,3,2025-10-02,5,3,1,329.0,141.0,0.0
15365,1377,5,2025-10-02,7,2,1,349.0,147.0,0.0
15366,1609,6,2025-10-02,2,1,1,424.15,210.0,74.85
15367,1032,1,2025-10-02,1,1,1,299.0,128.0,0.0
15368,443,2,2025-10-02,1,4,1,299.0,128.0,0.0
15369,1051,3,2025-10-02,3,1,1,329.0,141.0,0.0
15370,660,3,2025-10-02,2,3,1,329.0,141.0,0.0
15371,660,1,2025-10-02,6,1,1,254.15,128.0,44.85
15372,1581,3,2025-10-02,5,5,1,329.0,141.0,0.0
15373,125,5,2025-10-02,5,1,1,296.65,147.0,52.35
15374,13,3,2025-10-02,7,1,1,329.0,141.0,0.0
15375,289,3,2025-10-02,2,1,1,329.0,141.0,0.0
15376,1815,5,2025-10-02,5,1,1,349.0,147.0,0.0
15377,946,1,2025-10-02,3,1,1,299.0,128.0,0.0
15378,1770,4,2025-10-02,7,1,1,349.0,147.0,0.0
15379,1149,4,2025-10-02,1,2,1,314.1,147.0,34.9
15380,1612,2,2025-10-02,2,4,1,299.0,128.0,0.0
15381,1669,4,2025-10-02,3,2,1,349.0,147.0,0.0
15382,747,2,2025-10-02,8,3,1,299.0,128.0,0.0
15383,162,5,2025-10-02,1,1,1,349.0,147.0,0.0
15384,385,4,2025-10-02,3,1,1,349.0,147.0,0.0
15385,377,6,2025-10-02,2,2,1,449.1,210.0,49.9
15386,753,5,2025-10-02,5,3,1,349.0,147.0,0.0
15387,579,4,2025-10-02,3,3,2,349.0,147.0,0.0
15388,1435,4,2025-10-02,2,3,1,296.65,147.0,52.35
15389,1737,4,2025-10-02,1,1,1,349.0,147.0,0.0
15390,1599,3,2025-10-02,1,2,1,279.65,141.0,49.35
15391,1507,5,2025-10-02,3,4,1,349.0,147.0,0.0
15392,1560,1,2025-10-02,7,1,1,254.15,128.0,44.85
15393,240,2,2025-10-02,4,1,1,299.0,128.0,0.0
15394,1765,2,2025-10-02,1,2,1,299.0,128.0,0.0
15395,766,3,2025-10-02,1,2,1,329.0,141.0,0.0
15396,179,4,2025-10-02,1,5,1,349.0,147.0,0.0
15397,470,2,2025-10-02,1,1,1,299.0,128.0,0.0
15398,871,1,2025-10-02,8,2,1,299.0,128.0,0.0
15399,750,5,2025-10-03,3,4,1,349.0,147.0,0.0
15400,1195,4,2025-10-03,3,2,1,314.1,147.0,34.9
15401,926,1,2025-10-03,5,2,1,299.0,128.0,0.0
15402,187,1,2025-10-03,3,5,1,299.0,128.0,0.0
15403,124,5,2025-10-03,2,1,1,349.0,147.0,0.0
15404,1629,5,2025-10-03,3,1,1,349.0,147.0,0.0
15405,617,6,2025-10-03,1,1,1,499.0,210.0,0.0
15406,1606,5,2025-10-03,6,2,1,349.0,147.0,0.0
15407,1902,3,2025-10-03,7,2,1,329.0,141.0,0.0
15408,735,5,2025-10-03,2,3,1,349.0,147.0,0.0
15409,1505,1,2025-10-03,1,2,1,299.0,128.0,0.0
15410,315,6,2025-10-03,1,3,1,499.0,210.0,0.0
15411,1370,5,2025-10-03,1,5,2,349.0,147.0,0.0
15412,591,4,2025-10-03,2,5,1,349.0,147.0,0.0
15413,185,1,2025-10-03,3,5,1,269.1,128.0,29.9
15414,153,6,2025-10-03,2,1,1,499.0,210.0,0.0
15415,1362,6,2025-10-03,2,1,1,499.0,210.0,0.0
15416,896,1,2025-10-03,2,1,1,299.0,128.0,0.0
15417,980,3,2025-10-03,3,2,1,329.0,141.0,0.0
15418,865,4,2025-10-03,5,1,1,349.0,147.0,0.0
15419,664,1,2025-10-03,5,1,1,269.1,128.0,29.9
15420,1428,2,2025-10-03,2,1,1,299.0,128.0,0.0
15421,243,4,2025-10-03,7,4,2,349.0,147.0,0.0
15422,943,1,2025-10-03,2,3,1,299.0,128.0,0.0
15423,889,4,2025-10-03,5,2,2,349.0,147.0,0.0
15424,451,3,2025-10-03,1,2,1,329.0,141.0,0.0
15425,1364,4,2025-10-03,1,3,1,349.0,147.0,0.0
15426,1473,4,2025-10-03,3,1,1,314.1,147.0,34.9
15427,614,5,2025-10-03,8,1,1,349.0,147.0,0.0
15428,1053,2,2025-10-03,4,1,1,299.0,128.0,0.0
15429,1199,4,2025-10-03,8,2,1,349.0,147.0,0.0
15430,521,2,2025-10-03,2,2,1,299.0,128.0,0.0
15431,305,1,2025-10-03,7,2,1,299.0,128.0,0.0
15432,134,4,2025-10-03,3,4,1,296.65,147.0,52.35
15433,1503,4,2025-10-03,1,2,1,349.0,147.0,0.0
15434,1934,2,2025-10-03,3,2,1,269.1,128.0,29.9
15435,1778,5,2025-10-03,3,3,1,349.0,147.0,0.0
15436,170,2,2025-10-03,1,3,1,299.0,128.0,0.0
15437,1675,5,2025-10-03,1,5,1,349.0,147.0,0.0
15438,76,2,2025-10-03,2,4,1,299.0,128.0,0.0
15439,1652,1,2025-10-04,9,3,1,299.0,128.0,0.0
15440,1189,5,2025-10-04,9,1,1,349.0,147.0,0.0
15441,1810,5,2025-10-04,1,2,1,296.65,147.0,52.35
15442,977,6,2025-10-04,1,2,1,499.0,210.0,0.0
15443,590,3,2025-10-04,1,3,1,329.0,141.0,0.0
15444,1965,3,2025-10-04,1,2,1,329.0,141.0,0.0
15445,1882,4,2025-10-04,1,4,1,349.0,147.0,0.0
15446,383,1,2025-10-04,6,3,1,299.0,128.0,0.0
15447,684,1,2025-10-04,5,2,1,254.15,128.0,44.85
15448,577,3,2025-10-04,1,2,1,296.1,141.0,32.9
15449,957,2,2025-10-04,3,2,1,254.15,128.0,44.85
15450,171,4,2025-10-04,4,2,1,296.65,147.0,52.35
15451,748,4,2025-10-04,1,4,1,349.0,147.0,0.0
15452,1681,1,2025-10-04,3,2,1,299.0,128.0,0.0
15453,612,3,2025-10-04,6,4,1,329.0,141.0,0.0
15454,116,1,2025-10-04,8,1,1,299.0,128.0,0.0
15455,1417,1,2025-10-04,7,2,1,269.1,128.0,29.9
15456,1053,4,2025-10-04,2,3,1,349.0,147.0,0.0
15457,1156,1,2025-10-04,4,4,1,299.0,128.0,0.0
15458,1762,4,2025-10-04,2,3,1,349.0,147.0,0.0
15459,1989,5,2025-10-04,3,2,1,349.0,147.0,0.0
15460,1469,5,2025-10-04,5,3,1,314.1,147.0,34.9
15461,951,5,2025-10-04,7,1,1,349.0,147.0,0.0
15462,1504,5,2025-10-04,3,1,1,349.0,147.0,0.0
15463,460,1,2025-10-04,1,1,1,299.0,128.0,0.0
15464,535,1,2025-10-04,1,2,1,299.0,128.0,0.0
15465,1449,5,2025-10-04,2,5,1,349.0,147.0,0.0
15466,56,3,2025-10-04,4,3,1,296.1,141.0,32.9
15467,860,5,2025-10-04,2,2,1,296.65,147.0,52.35
15468,1007,6,2025-10-04,8,2,1,499.0,210.0,0.0
15469,1061,5,2025-10-04,1,3,1,349.0,147.0,0.0
15470,578,2,2025-10-04,1,2,1,299.0,128.0,0.0
15471,1357,2,2025-10-04,5,5,1,269.1,128.0,29.9
15472,498,5,2025-10-04,7,2,2,314.1,147.0,34.9
15473,216,3,2025-10-04,1,3,1,296.1,141.0,32.9
15474,27,1,2025-10-04,2,4,1,299.0,128.0,0.0
15475,121,2,2025-10-04,1,2,2,299.0,128.0,0.0
15476,543,5,2025-10-04,3,1,1,349.0,147.0,0.0
15477,195,5,2025-10-04,4,1,1,349.0,147.0,0.0
15478,1448,5,2025-10-04,3,1,1,314.1,147.0,34.9
15479,1915,5,2025-10-04,1,1,1,349.0,147.0,0.0
15480,148,2,2025-10-04,2,1,1,299.0,128.0,0.0
15481,538,5,2025-10-04,5,5,1,349.0,147.0,0.0
15482,174,1,2025-10-05,4,2,1,299.0,128.0,0.0
15483,623,5,2025-10-05,7,1,1,349.0,147.0,0.0
15484,1322,4,2025-10-05,1,2,1,296.65,147.0,52.35
15485,1224,5,2025-10-05,1,1,1,349.0,147.0,0.0
15486,909,6,2025-10-05,3,5,1,499.0,210.0,0.0
15487,702,5,2025-10-05,4,1,1,349.0,147.0,0.0
15488,811,3,2025-10-05,1,2,1,296.1,141.0,32.9
15489,1770,4,2025-10-05,6,1,1,349.0,147.0,0.0
15490,31,5,2025-10-05,4,2,1,349.0,147.0,0.0
15491,886,6,2025-10-05,5,3,1,499.0,210.0,0.0
15492,268,5,2025-10-05,6,2,1,349.0,147.0,0.0
15493,81,4,2025-10-05,2,2,1,349.0,147.0,0.0
15494,317,6,2025-10-05,3,1,1,499.0,210.0,0.0
15495,1992,3,2025-10-05,1,1,1,329.0,141.0,0.0
15496,1480,2,2025-10-05,1,1,1,254.15,128.0,44.85
15497,566,5,2025-10-05,1,4,1,349.0,147.0,0.0
15498,164,6,2025-10-05,4,5,1,499.0,210.0,0.0
15499,993,4,2025-10-05,1,2,2,349.0,147.0,0.0
15500,719,2,2025-10-05,2,1,1,299.0,128.0,0.0
15501,1965,2,2025-10-05,1,5,1,299.0,128.0,0.0
15502,113,4,2025-10-05,3,3,1,314.1,147.0,34.9
15503,79,5,2025-10-05,2,1,1,349.0,147.0,0.0
15504,1516,4,2025-10-05,6,3,1,349.0,147.0,0.0
15505,1260,3,2025-10-05,4,2,1,329.0,141.0,0.0
15506,402,1,2025-10-05,3,1,1,269.1,128.0,29.9
15507,231,1,2025-10-05,1,1,2,299.0,128.0,0.0
15508,572,4,2025-10-05,6,5,1,349.0,147.0,0.0
15509,872,4,2025-10-05,4,2,1,349.0,147.0,0.0
15510,1679,2,2025-10-05,3,1,1,269.1,128.0,29.9
15511,369,4,2025-10-05,6,4,1,349.0,147.0,0.0
15512,227,3,2025-10-05,1,2,1,296.1,141.0,32.9
15513,1859,3,2025-10-05,1,1,1,329.0,141.0,0.0
15514,422,1,2025-10-05,2,1,1,299.0,128.0,0.0
15515,273,5,2025-10-05,5,4,2,314.1,147.0,34.9
15516,177,4,2025-10-05,2,1,1,349.0,147.0,0.0
15517,921,5,2025-10-05,2,4,1,349.0,147.0,0.0
15518,1771,2,2025-10-05,3,1,1,299.0,128.0,0.0
15519,1914,4,2025-10-05,1,3,1,349.0,147.0,0.0
15520,935,1,2025-10-05,1,3,1,269.1,128.0,29.9
15521,1991,4,2025-10-05,6,4,1,349.0,147.0,0.0
15522,1062,5,2025-10-06,2,1,1,349.0,147.0,0.0
15523,178,5,2025-10-06,1,1,1,296.65,147.0,52.35
15524,427,4,2025-10-06,1,5,1,349.0,147.0,0.0
15525,1703,1,2025-10-06,5,1,1,254.15,128.0,44.85
15526,1989,5,2025-10-06,1,5,1,349.0,147.0,0.0
15527,1276,5,2025-10-06,5,3,1,349.0,147.0,0.0
15528,1988,5,2025-10-06,5,1,1,349.0,147.0,0.0
15529,1708,1,2025-10-06,3,5,1,299.0,128.0,0.0
15530,1280,4,2025-10-06,1,2,1,349.0,147.0,0.0
15531,60,1,2025-10-06,2,3,1,299.0,128.0,0.0
15532,1914,2,2025-10-06,3,1,1,299.0,128.0,0.0
15533,228,6,2025-10-06,7,1,1,499.0,210.0,0.0
15534,503,5,2025-10-06,3,1,1,349.0,147.0,0.0
15535,1833,2,2025-10-06,1,2,1,269.1,128.0,29.9
15536,1044,5,2025-10-06,7,1,1,296.65,147.0,52.35
15537,1172,6,2025-10-06,2,2,1,499.0,210.0,0.0
15538,999,2,2025-10-06,1,3,1,299.0,128.0,0.0
15539,1843,4,2025-10-06,4,2,1,314.1,147.0,34.9
15540,686,6,2025-10-06,3,1,1,449.1,210.0,49.9
15541,1535,1,2025-10-06,4,1,1,299.0,128.0,0.0
15542,801,5,2025-10-06,6,3,1,296.65,147.0,52.35
15543,814,6,2025-10-06,3,4,2,499.0,210.0,0.0
15544,500,2,2025-10-06,3,4,1,269.1,128.0,29.9
15545,31,2,2025-10-06,5,2,1,299.0,128.0,0.0
15546,1673,5,2025-10-06,1,3,1,349.0,147.0,0.0
15547,1143,2,2025-10-06,1,1,1,299.0,128.0,0.0
15548,1516,6,2025-10-06,1,1,1,499.0,210.0,0.0
15549,1598,1,2025-10-06,7,2,1,269.1,128.0,29.9
15550,1202,1,2025-10-06,5,5,1,299.0,128.0,0.0
15551,1990,6,2025-10-06,5,2,1,449.1,210.0,49.9
15552,1914,2,2025-10-06,7,2,1,299.0,128.0,0.0
15553,355,3,2025-10-06,1,1,1,296.1,141.0,32.9
15554,1230,2,2025-10-06,2,2,2,269.1,128.0,29.9
15555,1236,2,2025-10-06,2,5,1,299.0,128.0,0.0
15556,1479,5,2025-10-06,7,1,1,349.0,147.0,0.0
15557,175,4,2025-10-07,5,1,1,349.0,147.0,0.0
15558,1877,5,2025-10-07,7,5,1,349.0,147.0,0.0
15559,394,4,2025-10-07,6,2,1,296.65,147.0,52.35
15560,334,6,2025-10-07,1,5,1,424.15,210.0,74.85
15561,1414,1,2025-10-07,1,4,1,299.0,128.0,0.0
15562,1472,5,2025-10-07,1,1,1,349.0,147.0,0.0
15563,1968,5,2025-10-07,4,2,1,349.0,147.0,0.0
15564,1773,3,2025-10-07,1,2,1,329.0,141.0,0.0
15565,117,3,2025-10-07,1,1,2,329.0,141.0,0.0
15566,310,1,2025-10-07,3,1,2,299.0,128.0,0.0
15567,1717,5,2025-10-07,1,2,1,349.0,147.0,0.0
15568,45,5,2025-10-07,1,2,1,349.0,147.0,0.0
15569,1280,3,2025-10-07,1,1,1,329.0,141.0,0.0
15570,1211,4,2025-10-07,2,1,1,349.0,147.0,0.0
15571,529,4,2025-10-07,2,2,1,349.0,147.0,0.0
15572,63,1,2025-10-07,4,1,1,299.0,128.0,0.0
15573,20,4,2025-10-07,7,2,1,349.0,147.0,0.0
15574,737,6,2025-10-07,5,1,1,499.0,210.0,0.0
15575,1166,6,2025-10-07,1,3,1,424.15,210.0,74.85
15576,1803,5,2025-10-07,5,1,1,349.0,147.0,0.0
15577,1913,1,2025-10-07,2,3,1,299.0,128.0,0.0
15578,1003,5,2025-10-07,3,1,1,349.0,147.0,0.0
15579,1040,1,2025-10-07,1,2,1,299.0,128.0,0.0
15580,1327,5,2025-10-07,3,1,1,349.0,147.0,0.0
15581,1675,3,2025-10-07,9,1,1,329.0,141.0,0.0
15582,97,2,2025-10-07,1,2,1,254.15,128.0,44.85
15583,853,3,2025-10-07,1,2,1,279.65,141.0,49.35
15584,299,4,2025-10-07,2,2,1,349.0,147.0,0.0
15585,73,5,2025-10-07,3,1,1,349.0,147.0,0.0
15586,66,5,2025-10-07,1,1,1,349.0,147.0,0.0
15587,170,5,2025-10-07,4,1,1,349.0,147.0,0.0
15588,308,4,2025-10-07,6,3,1,314.1,147.0,34.9
15589,1302,4,2025-10-07,9,3,1,349.0,147.0,0.0
15590,584,5,2025-10-07,3,1,1,349.0,147.0,0.0
15591,1037,2,2025-10-07,8,1,1,299.0,128.0,0.0
15592,1689,4,2025-10-07,7,1,1,349.0,147.0,0.0
15593,1748,1,2025-10-07,7,3,1,254.15,128.0,44.85
15594,1220,5,2025-10-07,1,2,1,349.0,147.0,0.0
15595,1591,4,2025-10-07,1,1,1,314.1,147.0,34.9
15596,1245,3,2025-10-07,8,5,1,329.0,141.0,0.0
15597,939,6,2025-10-07,1,1,1,499.0,210.0,0.0
15598,114,4,2025-10-08,4,4,2,349.0,147.0,0.0
15599,976,1,2025-10-08,1,4,1,269.1,128.0,29.9
15600,1157,1,2025-10-08,3,4,1,299.0,128.0,0.0
15601,330,6,2025-10-08,1,4,1,499.0,210.0,0.0
15602,1620,5,2025-10-08,4,2,1,314.1,147.0,34.9
15603,336,6,2025-10-08,1,5,1,499.0,210.0,0.0
15604,1154,5,2025-10-08,1,1,1,349.0,147.0,0.0
15605,572,6,2025-10-08,1,3,1,499.0,210.0,0.0
15606,397,4,2025-10-08,4,4,1,296.65,147.0,52.35
15607,1533,5,2025-10-08,1,1,1,349.0,147.0,0.0
15608,1063,4,2025-10-08,1,4,1,296.65,147.0,52.35
15609,718,4,2025-10-08,1,2,1,296.65,147.0,52.35
15610,1560,2,2025-10-08,1,1,1,299.0,128.0,0.0
15611,469,3,2025-10-08,2,5,1,296.1,141.0,32.9
15612,1646,2,2025-10-08,5,2,1,299.0,128.0,0.0
15613,1827,2,2025-10-08,1,2,1,299.0,128.0,0.0
15614,718,4,2025-10-08,1,2,1,349.0,147.0,0.0
15615,608,5,2025-10-08,3,2,1,349.0,147.0,0.0
15616,286,2,2025-10-08,8,1,1,254.15,128.0,44.85
15617,1908,1,2025-10-08,5,2,1,299.0,128.0,0.0
15618,1969,2,2025-10-08,3,5,1,299.0,128.0,0.0
15619,1738,5,2025-10-08,2,2,2,349.0,147.0,0.0
15620,818,2,2025-10-08,1,1,1,299.0,128.0,0.0
15621,641,2,2025-10-08,3,1,1,299.0,128.0,0.0
15622,445,6,2025-10-08,5,5,1,449.1,210.0,49.9
15623,134,5,2025-10-08,3,1,1,349.0,147.0,0.0
15624,1726,4,2025-10-08,5,4,1,349.0,147.0,0.0
15625,882,4,2025-10-08,4,3,1,314.1,147.0,34.9
15626,396,4,2025-10-08,5,1,1,349.0,147.0,0.0
15627,1557,5,2025-10-08,4,1,1,349.0,147.0,0.0
15628,1976,6,2025-10-08,8,1,2,499.0,210.0,0.0
15629,583,3,2025-10-08,5,4,1,329.0,141.0,0.0
15630,430,3,2025-10-08,3,2,1,329.0,141.0,0.0
15631,805,5,2025-10-08,3,5,1,314.1,147.0,34.9
15632,840,5,2025-10-08,3,2,1,296.65,147.0,52.35
15633,1963,5,2025-10-08,1,2,2,349.0,147.0,0.0
15634,298,2,2025-10-08,9,2,1,299.0,128.0,0.0
15635,1710,4,2025-10-08,4,4,2,349.0,147.0,0.0
15636,304,2,2025-10-08,3,2,1,299.0,128.0,0.0
15637,14,4,2025-10-08,1,4,1,349.0,147.0,0.0
15638,1567,1,2025-10-08,3,4,1,269.1,128.0,29.9
15639,906,3,2025-10-08,4,1,1,329.0,141.0,0.0
15640,1246,2,2025-10-09,3,3,1,299.0,128.0,0.0
15641,123,4,2025-10-09,2,5,1,314.1,147.0,34.9
15642,631,4,2025-10-09,4,1,1,314.1,147.0,34.9
15643,1175,2,2025-10-09,7,1,1,299.0,128.0,0.0
15644,338,4,2025-10-09,1,1,1,349.0,147.0,0.0
15645,896,4,2025-10-09,1,1,1,349.0,147.0,0.0
15646,1469,3,2025-10-09,5,4,1,329.0,141.0,0.0
15647,1648,3,2025-10-09,1,5,1,329.0,141.0,0.0
15648,1352,4,2025-10-09,6,1,1,349.0,147.0,0.0
15649,1208,4,2025-10-09,4,4,1,349.0,147.0,0.0
15650,1512,1,2025-10-09,3,5,1,299.0,128.0,0.0
15651,749,3,2025-10-09,5,2,1,329.0,141.0,0.0
15652,134,6,2025-10-09,1,1,1,499.0,210.0,0.0
15653,1671,2,2025-10-09,5,5,1,299.0,128.0,0.0
15654,1609,1,2025-10-09,6,1,1,299.0,128.0,0.0
15655,116,5,2025-10-09,7,1,1,349.0,147.0,0.0
15656,1902,4,2025-10-09,1,3,2,349.0,147.0,0.0
15657,1444,4,2025-10-09,2,2,1,349.0,147.0,0.0
15658,1413,4,2025-10-09,1,3,1,349.0,147.0,0.0
15659,1746,5,2025-10-09,3,1,1,296.65,147.0,52.35
15660,831,2,2025-10-09,3,2,1,269.1,128.0,29.9
15661,1019,2,2025-10-09,1,3,1,299.0,128.0,0.0
15662,1589,4,2025-10-09,1,1,1,296.65,147.0,52.35
15663,1215,5,2025-10-09,7,4,1,349.0,147.0,0.0
15664,1820,5,2025-10-09,3,2,2,314.1,147.0,34.9
15665,40,3,2025-10-09,3,2,1,329.0,141.0,0.0
15666,1820,3,2025-10-09,4,2,1,279.65,141.0,49.35
15667,1744,4,2025-10-09,5,1,1,349.0,147.0,0.0
15668,292,3,2025-10-09,4,1,1,329.0,141.0,0.0
15669,1416,5,2025-10-09,2,3,1,296.65,147.0,52.35
15670,410,5,2025-10-09,2,4,1,349.0,147.0,0.0
15671,765,4,2025-10-09,1,2,1,349.0,147.0,0.0
15672,1419,3,2025-10-09,2,1,1,329.0,141.0,0.0
15673,756,5,2025-10-09,1,4,1,349.0,147.0,0.0
15674,1175,1,2025-10-09,6,3,1,299.0,128.0,0.0
15675,871,1,2025-10-09,2,1,1,269.1,128.0,29.9
15676,1171,1,2025-10-09,9,2,1,269.1,128.0,29.9
15677,1331,4,2025-10-09,1,5,1,349.0,147.0,0.0
15678,1265,5,2025-10-09,3,2,1,349.0,147.0,0.0
15679,770,4,2025-10-09,6,1,1,349.0,147.0,0.0
15680,1573,4,2025-10-09,4,5,1,349.0,147.0,0.0
15681,511,2,2025-10-09,3,3,1,299.0,128.0,0.0
15682,1289,6,2025-10-10,1,1,1,499.0,210.0,0.0
15683,140,4,2025-10-10,2,4,1,314.1,147.0,34.9
15684,1155,2,2025-10-10,2,1,1,299.0,128.0,0.0
15685,1134,3,2025-10-10,1,1,1,279.65,141.0,49.35
15686,1518,4,2025-10-10,7,3,2,314.1,147.0,34.9
15687,1342,3,2025-10-10,3,3,1,329.0,141.0,0.0
15688,1347,4,2025-10-10,2,1,1,296.65,147.0,52.35
15689,1901,2,2025-10-10,1,1,1,299.0,128.0,0.0
15690,1635,3,2025-10-10,9,2,1,296.1,141.0,32.9
15691,1760,5,2025-10-10,4,3,1,349.0,147.0,0.0
15692,1057,2,2025-10-10,7,2,1,269.1,128.0,29.9
15693,1815,1,2025-10-10,1,5,1,299.0,128.0,0.0
15694,1785,3,2025-10-10,7,3,1,329.0,141.0,0.0
15695,1419,5,2025-10-10,2,2,1,349.0,147.0,0.0
15696,878,2,2025-10-10,4,5,1,299.0,128.0,0.0
15697,210,4,2025-10-10,6,4,1,349.0,147.0,0.0
15698,1826,5,2025-10-10,4,1,1,349.0,147.0,0.0
15699,1989,2,2025-10-10,2,3,1,254.15,128.0,44.85
15700,1483,4,2025-10-10,2,3,2,349.0,147.0,0.0
15701,846,3,2025-10-10,1,5,1,329.0,141.0,0.0
15702,1576,1,2025-10-10,1,2,1,299.0,128.0,0.0
15703,7,3,2025-10-10,5,3,1,329.0,141.0,0.0
15704,1330,2,2025-10-10,5,2,1,299.0,128.0,0.0
15705,1524,2,2025-10-10,1,1,1,269.1,128.0,29.9
15706,1281,2,2025-10-10,8,1,1,299.0,128.0,0.0
15707,114,5,2025-10-10,5,5,1,349.0,147.0,0.0
15708,1753,1,2025-10-10,4,3,1,299.0,128.0,0.0
15709,459,2,2025-10-10,1,3,1,299.0,128.0,0.0
15710,1928,1,2025-10-10,2,2,1,299.0,128.0,0.0
15711,1659,1,2025-10-10,4,2,1,299.0,128.0,0.0
15712,1483,2,2025-10-10,4,1,1,299.0,128.0,0.0
15713,659,6,2025-10-10,2,2,1,499.0,210.0,0.0
15714,1189,2,2025-10-10,1,3,1,299.0,128.0,0.0
15715,340,5,2025-10-10,3,5,1,349.0,147.0,0.0
15716,867,5,2025-10-10,1,1,1,349.0,147.0,0.0
15717,516,2,2025-10-10,2,2,1,269.1,128.0,29.9
15718,1521,4,2025-10-10,1,4,1,349.0,147.0,0.0
15719,811,1,2025-10-11,7,4,2,299.0,128.0,0.0
15720,1216,1,2025-10-11,7,1,1,299.0,128.0,0.0
15721,4,1,2025-10-11,7,1,1,269.1,128.0,29.9
15722,684,5,2025-10-11,8,3,1,349.0,147.0,0.0
15723,621,2,2025-10-11,5,1,1,299.0,128.0,0.0
15724,1571,5,2025-10-11,2,2,1,314.1,147.0,34.9
15725,579,4,2025-10-11,3,3,2,296.65,147.0,52.35
15726,1706,5,2025-10-11,5,1,1,349.0,147.0,0.0
15727,881,5,2025-10-11,6,1,1,349.0,147.0,0.0
15728,1138,3,2025-10-11,5,1,1,296.1,141.0,32.9
15729,719,6,2025-10-11,6,3,1,499.0,210.0,0.0
15730,77,1,2025-10-11,1,1,1,299.0,128.0,0.0
15731,1902,1,2025-10-11,1,1,1,299.0,128.0,0.0
15732,1707,2,2025-10-11,3,3,1,299.0,128.0,0.0
15733,1631,2,2025-10-11,6,5,1,299.0,128.0,0.0
15734,1647,4,2025-10-11,4,3,2,349.0,147.0,0.0
15735,17,1,2025-10-11,2,1,1,299.0,128.0,0.0
15736,1657,5,2025-10-11,5,2,1,349.0,147.0,0.0
15737,233,5,2025-10-11,5,1,1,296.65,147.0,52.35
15738,1455,2,2025-10-11,2,4,1,269.1,128.0,29.9
15739,1620,6,2025-10-11,1,4,1,449.1,210.0,49.9
15740,1272,5,2025-10-11,1,1,1,349.0,147.0,0.0
15741,1001,3,2025-10-11,2,2,1,296.1,141.0,32.9
15742,1327,1,2025-10-11,4,1,1,299.0,128.0,0.0
15743,1076,2,2025-10-11,1,1,1,269.1,128.0,29.9
15744,548,6,2025-10-11,1,1,1,499.0,210.0,0.0
15745,1687,1,2025-10-11,1,2,1,299.0,128.0,0.0
15746,1331,4,2025-10-11,4,1,1,349.0,147.0,0.0
15747,392,6,2025-10-11,1,3,1,449.1,210.0,49.9
15748,1521,5,2025-10-11,4,3,1,296.65,147.0,52.35
15749,576,1,2025-10-11,5,1,1,269.1,128.0,29.9
15750,1792,3,2025-10-11,7,1,1,329.0,141.0,0.0
15751,540,6,2025-10-11,3,3,1,499.0,210.0,0.0
15752,1296,2,2025-10-11,1,4,1,299.0,128.0,0.0
15753,8,1,2025-10-11,4,3,1,299.0,128.0,0.0
15754,672,3,2025-10-11,2,4,1,329.0,141.0,0.0
15755,1920,3,2025-10-11,1,3,1,296.1,141.0,32.9
15756,819,4,2025-10-11,5,1,2,349.0,147.0,0.0
15757,1058,1,2025-10-11,7,2,1,299.0,128.0,0.0
15758,1477,5,2025-10-11,1,4,1,349.0,147.0,0.0
15759,330,1,2025-10-11,5,1,1,299.0,128.0,0.0
15760,219,3,2025-10-11,5,2,1,329.0,141.0,0.0
15761,1325,5,2025-10-11,3,3,1,296.65,147.0,52.35
15762,1388,3,2025-10-11,3,3,1,329.0,141.0,0.0
15763,1391,1,2025-10-12,5,1,1,299.0,128.0,0.0
15764,111,1,2025-10-12,5,1,1,299.0,128.0,0.0
15765,68,5,2025-10-12,1,1,1,314.1,147.0,34.9
15766,1541,4,2025-10-12,7,3,1,296.65,147.0,52.35
15767,1674,4,2025-10-12,2,3,1,314.1,147.0,34.9
15768,592,4,2025-10-12,3,2,1,349.0,147.0,0.0
15769,893,4,2025-10-12,1,1,1,349.0,147.0,0.0
15770,488,2,2025-10-12,1,1,2,299.0,128.0,0.0
15771,599,4,2025-10-12,1,4,2,349.0,147.0,0.0
15772,1632,2,2025-10-12,1,3,1,299.0,128.0,0.0
15773,504,3,2025-10-12,3,3,1,296.1,141.0,32.9
15774,739,4,2025-10-12,4,2,1,349.0,147.0,0.0
15775,1239,4,2025-10-12,5,2,1,349.0,147.0,0.0
15776,1207,5,2025-10-12,1,1,1,349.0,147.0,0.0
15777,171,4,2025-10-12,5,1,1,314.1,147.0,34.9
15778,113,4,2025-10-12,7,2,1,349.0,147.0,0.0
15779,1538,2,2025-10-12,1,3,1,254.15,128.0,44.85
15780,411,1,2025-10-12,5,1,1,299.0,128.0,0.0
15781,190,6,2025-10-12,2,5,1,449.1,210.0,49.9
15782,73,1,2025-10-12,1,1,1,299.0,128.0,0.0
15783,1589,5,2025-10-12,1,2,1,349.0,147.0,0.0
15784,1834,5,2025-10-12,5,3,1,349.0,147.0,0.0
15785,1947,4,2025-10-12,2,2,1,314.1,147.0,34.9
15786,1554,5,2025-10-12,5,2,1,349.0,147.0,0.0
15787,1810,5,2025-10-12,4,2,2,314.1,147.0,34.9
15788,1964,2,2025-10-12,7,5,1,299.0,128.0,0.0
15789,1234,5,2025-10-12,1,4,1,349.0,147.0,0.0
15790,308,5,2025-10-12,7,2,1,349.0,147.0,0.0
15791,1293,5,2025-10-12,8,2,1,349.0,147.0,0.0
15792,104,4,2025-10-12,5,1,1,349.0,147.0,0.0
15793,757,2,2025-10-12,3,2,1,299.0,128.0,0.0
15794,364,4,2025-10-12,1,1,1,349.0,147.0,0.0
15795,1423,6,2025-10-12,2,4,1,499.0,210.0,0.0
15796,1297,5,2025-10-12,5,5,1,314.1,147.0,34.9
15797,1177,2,2025-10-12,4,5,1,299.0,128.0,0.0
15798,29,5,2025-10-12,8,4,1,349.0,147.0,0.0
15799,1364,4,2025-10-12,1,1,1,349.0,147.0,0.0
15800,274,3,2025-10-12,2,2,1,296.1,141.0,32.9
15801,309,5,2025-10-12,2,3,1,349.0,147.0,0.0
15802,1281,4,2025-10-12,3,2,1,349.0,147.0,0.0
15803,937,6,2025-10-12,5,1,1,499.0,210.0,0.0
15804,1408,4,2025-10-12,1,1,1,349.0,147.0,0.0
15805,1744,1,2025-10-12,5,3,1,269.1,128.0,29.9
15806,706,5,2025-10-12,1,4,1,349.0,147.0,0.0
15807,91,5,2025-10-13,7,1,1,314.1,147.0,34.9
15808,1852,4,2025-10-13,3,3,1,349.0,147.0,0.0
15809,1384,6,2025-10-13,5,1,1,499.0,210.0,0.0
15810,1586,4,2025-10-13,3,5,1,349.0,147.0,0.0
15811,1085,2,2025-10-13,1,1,1,299.0,128.0,0.0
15812,110,4,2025-10-13,1,1,1,349.0,147.0,0.0
15813,955,3,2025-10-13,7,2,1,329.0,141.0,0.0
15814,1889,5,2025-10-13,2,3,1,349.0,147.0,0.0
15815,1944,4,2025-10-13,6,5,1,314.1,147.0,34.9
15816,1861,4,2025-10-13,1,2,1,349.0,147.0,0.0
15817,740,4,2025-10-13,3,1,1,349.0,147.0,0.0
15818,1529,5,2025-10-13,2,1,1,314.1,147.0,34.9
15819,1711,6,2025-10-13,7,3,1,499.0,210.0,0.0
15820,486,3,2025-10-13,7,2,1,329.0,141.0,0.0
15821,849,4,2025-10-13,7,4,1,349.0,147.0,0.0
15822,1041,2,2025-10-13,5,2,1,299.0,128.0,0.0
15823,600,5,2025-10-13,1,1,1,349.0,147.0,0.0
15824,1226,3,2025-10-13,3,2,1,279.65,141.0,49.35
15825,1760,1,2025-10-13,2,1,1,299.0,128.0,0.0
15826,1830,1,2025-10-13,5,4,1,299.0,128.0,0.0
15827,294,4,2025-10-13,1,2,1,349.0,147.0,0.0
15828,1114,3,2025-10-13,4,1,1,329.0,141.0,0.0
15829,301,1,2025-10-13,1,2,1,299.0,128.0,0.0
15830,914,5,2025-10-13,3,2,1,314.1,147.0,34.9
15831,9,4,2025-10-13,3,1,1,349.0,147.0,0.0
15832,1508,5,2025-10-13,1,2,1,314.1,147.0,34.9
15833,1828,1,2025-10-13,4,4,1,299.0,128.0,0.0
15834,1711,5,2025-10-13,8,1,1,349.0,147.0,0.0
15835,1271,5,2025-10-13,2,3,1,349.0,147.0,0.0
15836,289,2,2025-10-13,1,2,1,299.0,128.0,0.0
15837,461,5,2025-10-13,1,1,1,314.1,147.0,34.9
15838,1668,4,2025-10-13,1,1,1,349.0,147.0,0.0
15839,180,1,2025-10-13,5,2,1,269.1,128.0,29.9
15840,182,3,2025-10-13,5,1,2,329.0,141.0,0.0
15841,1061,4,2025-10-13,3,3,2,349.0,147.0,0.0
15842,1262,3,2025-10-13,6,4,1,296.1,141.0,32.9
15843,1682,4,2025-10-13,1,4,1,349.0,147.0,0.0
15844,1092,4,2025-10-13,4,2,1,349.0,147.0,0.0
15845,1923,5,2025-10-13,1,1,1,349.0,147.0,0.0
15846,1968,4,2025-10-13,2,3,1,349.0,147.0,0.0
15847,1003,1,2025-10-13,8,3,1,299.0,128.0,0.0
15848,350,5,2025-10-13,1,2,1,349.0,147.0,0.0
15849,701,1,2025-10-13,4,4,1,299.0,128.0,0.0
15850,883,1,2025-10-14,3,2,1,254.15,128.0,44.85
15851,867,5,2025-10-14,5,2,1,296.65,147.0,52.35
15852,844,1,2025-10-14,2,2,1,299.0,128.0,0.0
15853,730,4,2025-10-14,2,3,1,349.0,147.0,0.0
15854,1634,6,2025-10-14,1,2,1,499.0,210.0,0.0
15855,1700,2,2025-10-14,5,1,1,299.0,128.0,0.0
15856,169,6,2025-10-14,5,1,1,499.0,210.0,0.0
15857,1840,4,2025-10-14,7,5,1,349.0,147.0,0.0
15858,1686,1,2025-10-14,1,3,1,299.0,128.0,0.0
15859,1476,5,2025-10-14,3,3,2,349.0,147.0,0.0
15860,1734,2,2025-10-14,7,1,1,299.0,128.0,0.0
15861,1609,6,2025-10-14,4,3,1,499.0,210.0,0.0
15862,79,4,2025-10-14,2,2,1,296.65,147.0,52.35
15863,157,3,2025-10-14,2,4,1,296.1,141.0,32.9
15864,1407,1,2025-10-14,6,3,1,254.15,128.0,44.85
15865,1631,4,2025-10-14,3,3,1,349.0,147.0,0.0
15866,1444,5,2025-10-14,3,1,1,296.65,147.0,52.35
15867,798,4,2025-10-14,5,1,1,349.0,147.0,0.0
15868,340,6,2025-10-14,5,3,1,499.0,210.0,0.0
15869,184,1,2025-10-14,6,1,1,299.0,128.0,0.0
15870,908,1,2025-10-14,2,1,1,299.0,128.0,0.0
15871,367,6,2025-10-14,1,5,2,499.0,210.0,0.0
15872,1537,6,2025-10-14,1,2,1,499.0,210.0,0.0
15873,61,5,2025-10-14,8,1,2,349.0,147.0,0.0
15874,213,1,2025-10-14,7,3,1,299.0,128.0,0.0
15875,1236,5,2025-10-14,1,2,1,349.0,147.0,0.0
15876,462,2,2025-10-14,3,3,1,299.0,128.0,0.0
15877,1555,5,2025-10-14,3,5,1,349.0,147.0,0.0
15878,1984,5,2025-10-14,1,1,1,349.0,147.0,0.0
15879,45,4,2025-10-14,2,1,2,349.0,147.0,0.0
15880,870,2,2025-10-14,5,1,1,269.1,128.0,29.9
15881,495,5,2025-10-14,1,2,1,349.0,147.0,0.0
15882,1070,3,2025-10-14,1,1,1,329.0,141.0,0.0
15883,1316,1,2025-10-14,7,2,1,269.1,128.0,29.9
15884,1444,4,2025-10-14,4,4,1,349.0,147.0,0.0
15885,66,2,2025-10-14,1,2,1,299.0,128.0,0.0
15886,971,2,2025-10-14,5,2,1,299.0,128.0,0.0
15887,1955,2,2025-10-14,5,1,1,299.0,128.0,0.0
15888,751,3,2025-10-14,7,1,1,329.0,141.0,0.0
15889,1912,2,2025-10-14,3,3,1,299.0,128.0,0.0
15890,658,5,2025-10-14,2,2,1,349.0,147.0,0.0
15891,775,5,2025-10-14,1,2,1,349.0,147.0,0.0
15892,442,4,2025-10-15,1,2,1,349.0,147.0,0.0
15893,1086,6,2025-10-15,2,2,1,499.0,210.0,0.0
15894,5,4,2025-10-15,5,2,1,349.0,147.0,0.0
15895,1852,3,2025-10-15,1,2,1,329.0,141.0,0.0
15896,532,2,2025-10-15,4,2,2,299.0,128.0,0.0
15897,1882,1,2025-10-15,1,2,1,299.0,128.0,0.0
15898,835,4,2025-10-15,2,1,1,349.0,147.0,0.0
15899,1705,4,2025-10-15,2,1,1,349.0,147.0,0.0
15900,1376,6,2025-10-15,8,2,1,499.0,210.0,0.0
15901,921,1,2025-10-15,5,1,1,299.0,128.0,0.0
15902,132,4,2025-10-15,3,2,1,349.0,147.0,0.0
15903,1847,4,2025-10-15,4,5,1,349.0,147.0,0.0
15904,1471,3,2025-10-15,3,2,1,329.0,141.0,0.0
15905,1602,5,2025-10-15,2,2,1,349.0,147.0,0.0
15906,657,4,2025-10-15,5,1,2,296.65,147.0,52.35
15907,1575,4,2025-10-15,1,1,1,314.1,147.0,34.9
15908,430,5,2025-10-15,5,3,1,349.0,147.0,0.0
15909,1057,3,2025-10-15,2,5,1,296.1,141.0,32.9
15910,241,1,2025-10-15,7,1,1,254.15,128.0,44.85
15911,925,4,2025-10-15,3,2,1,296.65,147.0,52.35
15912,1241,4,2025-10-15,1,1,1,349.0,147.0,0.0
15913,141,1,2025-10-15,2,2,1,254.15,128.0,44.85
15914,497,2,2025-10-15,8,2,1,269.1,128.0,29.9
15915,539,1,2025-10-15,7,1,1,269.1,128.0,29.9
15916,1745,5,2025-10-15,2,1,1,349.0,147.0,0.0
15917,1789,5,2025-10-15,5,2,1,349.0,147.0,0.0
15918,1660,4,2025-10-15,3,3,1,296.65,147.0,52.35
15919,262,1,2025-10-15,2,2,1,299.0,128.0,0.0
15920,1604,5,2025-10-15,7,2,1,349.0,147.0,0.0
15921,1874,6,2025-10-15,5,1,1,499.0,210.0,0.0
15922,1220,5,2025-10-15,5,1,1,349.0,147.0,0.0
15923,1122,2,2025-10-15,5,2,1,299.0,128.0,0.0
15924,235,2,2025-10-15,5,2,1,299.0,128.0,0.0
15925,1936,1,2025-10-15,1,3,1,299.0,128.0,0.0
15926,570,4,2025-10-15,3,2,1,349.0,147.0,0.0
15927,85,5,2025-10-15,4,1,1,349.0,147.0,0.0
15928,1683,1,2025-10-15,3,2,1,269.1,128.0,29.9
15929,1665,4,2025-10-15,2,1,1,349.0,147.0,0.0
15930,834,5,2025-10-15,6,4,1,349.0,147.0,0.0
15931,1116,3,2025-10-15,2,3,1,329.0,141.0,0.0
15932,891,4,2025-10-15,2,1,1,349.0,147.0,0.0
15933,557,4,2025-10-15,4,3,1,349.0,147.0,0.0
15934,606,4,2025-10-15,1,3,1,349.0,147.0,0.0
15935,531,5,2025-10-15,1,5,1,349.0,147.0,0.0
15936,477,5,2025-10-15,5,4,1,349.0,147.0,0.0
15937,949,2,2025-10-15,1,2,1,299.0,128.0,0.0
15938,807,4,2025-10-16,2,1,1,349.0,147.0,0.0
15939,1719,5,2025-10-16,9,2,1,314.1,147.0,34.9
15940,1995,4,2025-10-16,2,2,1,349.0,147.0,0.0
15941,496,4,2025-10-16,2,1,1,296.65,147.0,52.35
15942,1581,4,2025-10-16,4,1,1,349.0,147.0,0.0
15943,699,5,2025-10-16,1,2,1,349.0,147.0,0.0
15944,1911,2,2025-10-16,1,2,1,299.0,128.0,0.0
15945,707,4,2025-10-16,1,3,1,349.0,147.0,0.0
15946,1417,6,2025-10-16,6,2,1,449.1,210.0,49.9
15947,961,4,2025-10-16,4,1,1,314.1,147.0,34.9
15948,336,4,2025-10-16,1,1,1,349.0,147.0,0.0
15949,1307,4,2025-10-16,1,2,1,349.0,147.0,0.0
15950,156,4,2025-10-16,7,3,1,349.0,147.0,0.0
15951,528,4,2025-10-16,1,2,1,349.0,147.0,0.0
15952,1295,3,2025-10-16,5,5,2,329.0,141.0,0.0
15953,1200,2,2025-10-16,1,2,1,299.0,128.0,0.0
15954,1937,4,2025-10-16,4,3,1,349.0,147.0,0.0
15955,1537,3,2025-10-16,4,3,1,329.0,141.0,0.0
15956,1804,5,2025-10-16,3,3,1,349.0,147.0,0.0
15957,1365,2,2025-10-16,9,1,1,299.0,128.0,0.0
15958,1203,4,2025-10-16,2,2,1,349.0,147.0,0.0
15959,571,3,2025-10-16,4,3,1,329.0,141.0,0.0
15960,325,6,2025-10-16,1,3,1,499.0,210.0,0.0
15961,858,4,2025-10-16,5,3,1,349.0,147.0,0.0
15962,1387,5,2025-10-16,5,4,1,349.0,147.0,0.0
15963,1426,1,2025-10-16,5,3,1,254.15,128.0,44.85
15964,469,3,2025-10-16,3,1,1,329.0,141.0,0.0
15965,1172,1,2025-10-16,9,4,1,269.1,128.0,29.9
15966,199,4,2025-10-16,3,2,1,349.0,147.0,0.0
15967,1229,4,2025-10-16,1,1,1,349.0,147.0,0.0
15968,1867,5,2025-10-16,5,4,1,349.0,147.0,0.0
15969,1499,2,2025-10-16,6,4,1,269.1,128.0,29.9
15970,846,6,2025-10-16,1,1,2,424.15,210.0,74.85
15971,989,5,2025-10-16,3,2,1,349.0,147.0,0.0
15972,599,3,2025-10-16,1,5,1,329.0,141.0,0.0
15973,720,3,2025-10-16,6,4,2,329.0,141.0,0.0
15974,474,1,2025-10-17,7,1,1,299.0,128.0,0.0
15975,1614,3,2025-10-17,2,1,1,279.65,141.0,49.35
15976,586,6,2025-10-17,2,1,1,499.0,210.0,0.0
15977,1962,2,2025-10-17,4,2,1,269.1,128.0,29.9
15978,127,6,2025-10-17,1,1,1,499.0,210.0,0.0
15979,452,5,2025-10-17,8,3,1,349.0,147.0,0.0
15980,1099,4,2025-10-17,7,2,1,314.1,147.0,34.9
15981,593,2,2025-10-17,1,4,1,299.0,128.0,0.0
15982,1697,5,2025-10-17,6,3,1,314.1,147.0,34.9
15983,369,4,2025-10-17,1,1,1,349.0,147.0,0.0
15984,1005,1,2025-10-17,5,1,1,299.0,128.0,0.0
15985,848,2,2025-10-17,3,3,1,299.0,128.0,0.0
15986,1089,5,2025-10-17,5,1,1,349.0,147.0,0.0
15987,1655,2,2025-10-17,4,4,1,299.0,128.0,0.0
15988,647,5,2025-10-17,5,4,1,349.0,147.0,0.0
15989,844,5,2025-10-17,3,2,1,296.65,147.0,52.35
15990,152,4,2025-10-17,1,4,1,349.0,147.0,0.0
15991,1992,4,2025-10-17,8,4,1,349.0,147.0,0.0
15992,1659,6,2025-10-17,3,4,1,499.0,210.0,0.0
15993,1994,5,2025-10-17,4,2,1,349.0,147.0,0.0
15994,27,5,2025-10-17,1,1,1,349.0,147.0,0.0
15995,1657,4,2025-10-17,1,1,2,349.0,147.0,0.0
15996,593,4,2025-10-17,7,1,1,349.0,147.0,0.0
15997,517,2,2025-10-17,5,1,1,299.0,128.0,0.0
15998,1710,4,2025-10-17,1,2,1,349.0,147.0,0.0
15999,653,4,2025-10-17,1,4,1,349.0,147.0,0.0
16000,247,5,2025-10-17,1,4,1,349.0,147.0,0.0
16001,1372,5,2025-10-17,1,1,1,296.65,147.0,52.35
16002,238,3,2025-10-17,1,3,1,329.0,141.0,0.0
16003,1753,1,2025-10-17,5,2,1,299.0,128.0,0.0
16004,256,2,2025-10-17,4,1,1,299.0,128.0,0.0
16005,1488,6,2025-10-17,9,1,2,499.0,210.0,0.0
16006,810,5,2025-10-17,8,1,1,349.0,147.0,0.0
16007,1307,2,2025-10-17,1,5,1,299.0,128.0,0.0
16008,140,4,2025-10-17,1,3,1,314.1,147.0,34.9
16009,1194,1,2025-10-17,1,4,1,299.0,128.0,0.0
16010,306,5,2025-10-17,3,3,1,349.0,147.0,0.0
16011,1812,5,2025-10-17,5,5,1,349.0,147.0,0.0
16012,212,5,2025-10-17,6,2,1,349.0,147.0,0.0
16013,1820,1,2025-10-17,1,2,1,269.1,128.0,29.9
16014,1533,1,2025-10-18,1,2,1,269.1,128.0,29.9
16015,631,1,2025-10-18,6,1,1,299.0,128.0,0.0
16016,1152,4,2025-10-18,6,1,1,314.1,147.0,34.9
16017,1733,3,2025-10-18,5,1,1,329.0,141.0,0.0
16018,984,6,2025-10-18,4,1,1,499.0,210.0,0.0
16019,1485,3,2025-10-18,1,3,1,329.0,141.0,0.0
16020,570,2,2025-10-18,6,3,1,269.1,128.0,29.9
16021,1685,1,2025-10-18,5,3,1,299.0,128.0,0.0
16022,611,5,2025-10-18,5,1,2,349.0,147.0,0.0
16023,1785,1,2025-10-18,1,3,1,299.0,128.0,0.0
16024,794,4,2025-10-18,3,2,1,349.0,147.0,0.0
16025,158,5,2025-10-18,4,2,1,314.1,147.0,34.9
16026,551,5,2025-10-18,3,2,1,349.0,147.0,0.0
16027,1659,1,2025-10-18,1,4,1,299.0,128.0,0.0
16028,755,1,2025-10-18,7,3,2,299.0,128.0,0.0
16029,853,5,2025-10-18,3,2,1,314.1,147.0,34.9
16030,833,6,2025-10-18,1,1,1,424.15,210.0,74.85
16031,1501,4,2025-10-18,7,3,1,314.1,147.0,34.9
16032,812,4,2025-10-18,5,2,1,349.0,147.0,0.0
16033,675,2,2025-10-18,6,5,1,299.0,128.0,0.0
16034,68,4,2025-10-18,1,3,1,349.0,147.0,0.0
16035,745,5,2025-10-18,2,4,1,349.0,147.0,0.0
16036,564,1,2025-10-18,8,1,1,299.0,128.0,0.0
16037,1894,4,2025-10-18,7,4,1,349.0,147.0,0.0
16038,1338,3,2025-10-18,5,2,1,329.0,141.0,0.0
16039,952,2,2025-10-18,1,2,1,299.0,128.0,0.0
16040,1463,1,2025-10-18,5,4,1,299.0,128.0,0.0
16041,1699,4,2025-10-18,1,2,1,349.0,147.0,0.0
16042,1338,6,2025-10-18,1,1,2,499.0,210.0,0.0
16043,1596,4,2025-10-18,7,4,1,314.1,147.0,34.9
16044,578,2,2025-10-18,6,2,1,299.0,128.0,0.0
16045,1761,5,2025-10-18,1,3,1,349.0,147.0,0.0
16046,1496,5,2025-10-18,1,3,1,314.1,147.0,34.9
16047,964,2,2025-10-18,2,2,1,269.1,128.0,29.9
16048,920,2,2025-10-18,1,1,1,299.0,128.0,0.0
16049,588,6,2025-10-18,4,1,1,499.0,210.0,0.0
16050,194,5,2025-10-18,3,2,1,349.0,147.0,0.0
16051,1127,4,2025-10-18,3,2,1,349.0,147.0,0.0
16052,1963,5,2025-10-19,2,3,1,349.0,147.0,0.0
16053,460,5,2025-10-19,1,2,1,349.0,147.0,0.0
16054,1398,5,2025-10-19,1,5,1,296.65,147.0,52.35
16055,1572,5,2025-10-19,6,4,2,349.0,147.0,0.0
16056,1406,5,2025-10-19,1,2,1,349.0,147.0,0.0
16057,329,4,2025-10-19,7,2,1,349.0,147.0,0.0
16058,804,5,2025-10-19,4,1,1,296.65,147.0,52.35
16059,154,1,2025-10-19,6,5,2,299.0,128.0,0.0
16060,1207,5,2025-10-19,6,3,1,349.0,147.0,0.0
16061,301,3,2025-10-19,3,1,1,329.0,141.0,0.0
16062,1199,5,2025-10-19,7,2,1,349.0,147.0,0.0
16063,1568,1,2025-10-19,2,3,1,299.0,128.0,0.0
16064,1679,5,2025-10-19,4,1,2,349.0,147.0,0.0
16065,1769,5,2025-10-19,2,5,1,349.0,147.0,0.0
16066,1419,6,2025-10-19,3,1,1,499.0,210.0,0.0
16067,187,5,2025-10-19,3,5,1,349.0,147.0,0.0
16068,1889,5,2025-10-19,9,5,2,349.0,147.0,0.0
16069,1158,3,2025-10-19,6,1,1,329.0,141.0,0.0
16070,1045,5,2025-10-19,2,5,1,349.0,147.0,0.0
16071,1256,2,2025-10-19,3,2,1,299.0,128.0,0.0
16072,1988,4,2025-10-19,2,2,1,314.1,147.0,34.9
16073,1921,1,2025-10-19,1,1,1,299.0,128.0,0.0
16074,1169,2,2025-10-19,5,1,2,299.0,128.0,0.0
16075,1947,2,2025-10-19,6,1,1,299.0,128.0,0.0
16076,617,4,2025-10-19,3,1,1,314.1,147.0,34.9
16077,1443,3,2025-10-19,1,2,1,329.0,141.0,0.0
16078,1348,1,2025-10-19,5,2,1,254.15,128.0,44.85
16079,202,1,2025-10-19,5,4,1,299.0,128.0,0.0
16080,1771,5,2025-10-19,1,3,1,349.0,147.0,0.0
16081,1626,5,2025-10-19,3,1,1,349.0,147.0,0.0
16082,1858,6,2025-10-19,1,2,1,499.0,210.0,0.0
16083,1578,1,2025-10-19,2,4,1,299.0,128.0,0.0
16084,1255,3,2025-10-19,6,2,1,296.1,141.0,32.9
16085,1301,4,2025-10-19,6,1,1,296.65,147.0,52.35
16086,215,2,2025-10-19,1,5,1,299.0,128.0,0.0
16087,1172,4,2025-10-19,4,1,1,314.1,147.0,34.9
16088,1339,3,2025-10-19,1,5,1,329.0,141.0,0.0
16089,903,1,2025-10-19,8,2,1,299.0,128.0,0.0
16090,869,4,2025-10-19,1,3,1,349.0,147.0,0.0
16091,1923,2,2025-10-19,1,2,1,269.1,128.0,29.9
16092,498,5,2025-10-20,1,2,1,349.0,147.0,0.0
16093,5,3,2025-10-20,1,1,1,329.0,141.0,0.0
16094,51,2,2025-10-20,2,5,1,299.0,128.0,0.0
16095,1737,4,2025-10-20,5,1,1,349.0,147.0,0.0
16096,1954,3,2025-10-20,3,1,1,329.0,141.0,0.0
16097,445,5,2025-10-20,1,5,1,314.1,147.0,34.9
16098,431,2,2025-10-20,4,2,1,299.0,128.0,0.0
16099,81,1,2025-10-20,8,3,1,299.0,128.0,0.0
16100,1533,4,2025-10-20,3,2,1,314.1,147.0,34.9
16101,1301,1,2025-10-20,3,5,1,269.1,128.0,29.9
16102,1580,3,2025-10-20,4,5,1,329.0,141.0,0.0
16103,320,4,2025-10-20,7,1,2,314.1,147.0,34.9
16104,157,4,2025-10-20,5,3,2,349.0,147.0,0.0
16105,1823,6,2025-10-20,3,3,1,449.1,210.0,49.9
16106,1703,1,2025-10-20,1,2,1,299.0,128.0,0.0
16107,809,4,2025-10-20,4,3,1,314.1,147.0,34.9
16108,1303,5,2025-10-20,1,1,1,349.0,147.0,0.0
16109,891,5,2025-10-20,4,1,1,349.0,147.0,0.0
16110,365,1,2025-10-20,1,1,1,299.0,128.0,0.0
16111,483,2,2025-10-20,1,1,1,254.15,128.0,44.85
16112,1104,2,2025-10-20,6,3,1,299.0,128.0,0.0
16113,521,1,2025-10-20,3,1,1,299.0,128.0,0.0
16114,1694,1,2025-10-20,2,2,2,299.0,128.0,0.0
16115,91,1,2025-10-20,1,5,1,299.0,128.0,0.0
16116,1423,4,2025-10-20,5,2,1,349.0,147.0,0.0
16117,1507,1,2025-10-20,9,3,2,299.0,128.0,0.0
16118,310,1,2025-10-20,1,2,1,254.15,128.0,44.85
16119,1593,3,2025-10-20,3,2,1,329.0,141.0,0.0
16120,575,2,2025-10-20,4,5,1,299.0,128.0,0.0
16121,1453,5,2025-10-20,2,1,1,349.0,147.0,0.0
16122,1561,5,2025-10-20,1,3,1,349.0,147.0,0.0
16123,476,3,2025-10-20,1,1,1,329.0,141.0,0.0
16124,571,1,2025-10-20,1,2,1,299.0,128.0,0.0
16125,1020,5,2025-10-20,1,1,1,349.0,147.0,0.0
16126,1704,4,2025-10-20,5,2,2,349.0,147.0,0.0
16127,1548,4,2025-10-20,7,4,1,349.0,147.0,0.0
16128,1986,4,2025-10-20,3,2,1,314.1,147.0,34.9
16129,1067,1,2025-10-20,1,3,1,269.1,128.0,29.9
16130,1813,2,2025-10-20,3,1,1,299.0,128.0,0.0
16131,1040,2,2025-10-20,3,1,1,299.0,128.0,0.0
16132,1213,3,2025-10-21,1,1,1,329.0,141.0,0.0
16133,720,5,2025-10-21,5,2,1,349.0,147.0,0.0
16134,914,2,2025-10-21,1,1,1,299.0,128.0,0.0
16135,718,5,2025-10-21,3,3,1,349.0,147.0,0.0
16136,825,2,2025-10-21,1,3,1,254.15,128.0,44.85
16137,1716,5,2025-10-21,1,2,1,349.0,147.0,0.0
16138,1954,5,2025-10-21,5,3,1,349.0,147.0,0.0
16139,1726,5,2025-10-21,7,5,1,349.0,147.0,0.0
16140,743,6,2025-10-21,7,3,2,499.0,210.0,0.0
16141,332,5,2025-10-21,1,2,1,349.0,147.0,0.0
16142,793,4,2025-10-21,1,1,1,349.0,147.0,0.0
16143,1147,5,2025-10-21,4,2,2,314.1,147.0,34.9
16144,411,5,2025-10-21,6,1,1,349.0,147.0,0.0
16145,1152,2,2025-10-21,4,4,1,299.0,128.0,0.0
16146,1808,2,2025-10-21,3,1,1,299.0,128.0,0.0
16147,1767,2,2025-10-21,5,4,1,299.0,128.0,0.0
16148,1655,5,2025-10-21,1,3,1,349.0,147.0,0.0
16149,1134,4,2025-10-21,3,3,1,314.1,147.0,34.9
16150,1489,5,2025-10-21,6,4,1,349.0,147.0,0.0
16151,1609,5,2025-10-21,1,3,1,314.1,147.0,34.9
16152,571,1,2025-10-21,2,4,1,299.0,128.0,0.0
16153,1592,1,2025-10-21,1,3,1,299.0,128.0,0.0
16154,1325,2,2025-10-21,6,5,1,299.0,128.0,0.0
16155,893,4,2025-10-21,7,2,1,349.0,147.0,0.0
16156,1400,2,2025-10-21,1,3,1,269.1,128.0,29.9
16157,1102,3,2025-10-21,4,1,1,296.1,141.0,32.9
16158,1350,1,2025-10-21,3,3,1,299.0,128.0,0.0
16159,1673,4,2025-10-21,3,3,1,349.0,147.0,0.0
16160,1197,2,2025-10-21,6,2,1,299.0,128.0,0.0
16161,842,2,2025-10-21,1,2,1,299.0,128.0,0.0
16162,1148,1,2025-10-21,3,5,1,299.0,128.0,0.0
16163,995,6,2025-10-21,7,3,1,499.0,210.0,0.0
16164,525,5,2025-10-21,3,2,1,349.0,147.0,0.0
16165,139,2,2025-10-21,1,3,2,269.1,128.0,29.9
16166,1909,6,2025-10-21,4,1,1,449.1,210.0,49.9
16167,1327,3,2025-10-21,4,3,1,329.0,141.0,0.0
16168,1835,1,2025-10-21,1,1,1,299.0,128.0,0.0
16169,476,6,2025-10-21,4,2,1,449.1,210.0,49.9
16170,1489,4,2025-10-21,1,5,1,296.65,147.0,52.35
16171,1760,4,2025-10-21,3,1,1,314.1,147.0,34.9
16172,1048,5,2025-10-21,2,3,1,349.0,147.0,0.0
16173,766,2,2025-10-21,2,1,1,299.0,128.0,0.0
16174,748,2,2025-10-21,5,5,1,269.1,128.0,29.9
16175,1852,1,2025-10-21,1,1,1,269.1,128.0,29.9
16176,1387,5,2025-10-22,1,1,2,349.0,147.0,0.0
16177,1054,3,2025-10-22,8,3,1,329.0,141.0,0.0
16178,330,3,2025-10-22,1,3,1,329.0,141.0,0.0
16179,696,4,2025-10-22,1,5,1,349.0,147.0,0.0
16180,1553,4,2025-10-22,1,2,1,349.0,147.0,0.0
16181,1532,6,2025-10-22,4,3,1,499.0,210.0,0.0
16182,78,4,2025-10-22,1,1,1,296.65,147.0,52.35
16183,68,1,2025-10-22,1,5,1,299.0,128.0,0.0
16184,799,1,2025-10-22,5,1,1,299.0,128.0,0.0
16185,843,6,2025-10-22,3,2,1,424.15,210.0,74.85
16186,84,5,2025-10-22,1,1,1,296.65,147.0,52.35
16187,90,5,2025-10-22,4,2,1,349.0,147.0,0.0
16188,935,4,2025-10-22,5,1,1,349.0,147.0,0.0
16189,458,4,2025-10-22,6,3,1,296.65,147.0,52.35
16190,1366,3,2025-10-22,3,1,1,329.0,141.0,0.0
16191,1682,1,2025-10-22,4,3,1,299.0,128.0,0.0
16192,68,5,2025-10-22,6,1,1,349.0,147.0,0.0
16193,10,5,2025-10-22,3,1,1,349.0,147.0,0.0
16194,49,5,2025-10-22,1,1,1,349.0,147.0,0.0
16195,1982,3,2025-10-22,1,2,1,329.0,141.0,0.0
16196,1814,1,2025-10-22,2,4,1,299.0,128.0,0.0
16197,1883,5,2025-10-22,1,3,2,349.0,147.0,0.0
16198,1183,1,2025-10-22,1,1,1,269.1,128.0,29.9
16199,133,4,2025-10-22,7,1,1,349.0,147.0,0.0
16200,1598,2,2025-10-22,7,5,1,299.0,128.0,0.0
16201,1713,1,2025-10-22,4,1,1,299.0,128.0,0.0
16202,1551,5,2025-10-22,5,2,1,349.0,147.0,0.0
16203,1936,2,2025-10-22,1,2,1,299.0,128.0,0.0
16204,240,2,2025-10-22,1,5,1,299.0,128.0,0.0
16205,839,4,2025-10-22,1,1,1,349.0,147.0,0.0
16206,255,5,2025-10-22,8,1,1,349.0,147.0,0.0
16207,1345,4,2025-10-22,1,1,1,296.65,147.0,52.35
16208,1255,5,2025-10-22,1,1,1,296.65,147.0,52.35
16209,1173,2,2025-10-22,5,2,1,254.15,128.0,44.85
16210,1656,5,2025-10-22,7,4,1,349.0,147.0,0.0
16211,888,4,2025-10-22,5,2,1,349.0,147.0,0.0
16212,1431,1,2025-10-22,4,1,2,299.0,128.0,0.0
16213,139,1,2025-10-22,1,3,1,299.0,128.0,0.0
16214,318,4,2025-10-23,7,2,1,296.65,147.0,52.35
16215,17,5,2025-10-23,5,3,1,349.0,147.0,0.0
16216,1192,4,2025-10-23,3,1,1,349.0,147.0,0.0
16217,1960,6,2025-10-23,1,5,1,499.0,210.0,0.0
16218,1815,1,2025-10-23,7,1,1,269.1,128.0,29.9
16219,1956,1,2025-10-23,6,1,1,299.0,128.0,0.0
16220,1923,1,2025-10-23,5,2,1,269.1,128.0,29.9
16221,1116,6,2025-10-23,1,4,1,449.1,210.0,49.9
16222,1283,5,2025-10-23,5,3,1,349.0,147.0,0.0
16223,1847,4,2025-10-23,7,1,1,296.65,147.0,52.35
16224,1659,1,2025-10-23,5,1,2,299.0,128.0,0.0
16225,1238,1,2025-10-23,3,1,1,299.0,128.0,0.0
16226,1821,4,2025-10-23,5,1,1,349.0,147.0,0.0
16227,177,1,2025-10-23,4,2,1,299.0,128.0,0.0
16228,1331,1,2025-10-23,2,2,1,254.15,128.0,44.85
16229,236,2,2025-10-23,9,2,1,254.15,128.0,44.85
16230,2,4,2025-10-23,7,2,1,349.0,147.0,0.0
16231,375,4,2025-10-23,4,1,1,349.0,147.0,0.0
16232,226,5,2025-10-23,1,1,1,349.0,147.0,0.0
16233,1228,4,2025-10-23,1,3,1,349.0,147.0,0.0
16234,1435,5,2025-10-23,2,1,1,349.0,147.0,0.0
16235,1647,5,2025-10-23,2,4,1,349.0,147.0,0.0
16236,899,4,2025-10-23,1,3,1,349.0,147.0,0.0
16237,1230,2,2025-10-23,3,1,1,299.0,128.0,0.0
16238,1752,5,2025-10-23,1,1,1,349.0,147.0,0.0
16239,1956,4,2025-10-23,7,1,1,349.0,147.0,0.0
16240,468,4,2025-10-23,1,1,1,349.0,147.0,0.0
16241,1157,4,2025-10-23,5,5,1,349.0,147.0,0.0
16242,1378,4,2025-10-23,6,2,1,314.1,147.0,34.9
16243,1453,5,2025-10-23,1,1,1,349.0,147.0,0.0
16244,996,4,2025-10-23,1,1,1,349.0,147.0,0.0
16245,1391,5,2025-10-23,1,2,1,349.0,147.0,0.0
16246,1730,5,2025-10-23,6,2,1,314.1,147.0,34.9
16247,1011,5,2025-10-23,1,2,1,349.0,147.0,0.0
16248,1699,1,2025-10-23,5,4,1,299.0,128.0,0.0
16249,559,5,2025-10-23,7,1,1,349.0,147.0,0.0
16250,991,2,2025-10-23,1,1,1,299.0,128.0,0.0
16251,1705,5,2025-10-23,1,1,1,349.0,147.0,0.0
16252,1556,4,2025-10-23,5,2,1,349.0,147.0,0.0
16253,1755,4,2025-10-23,8,1,1,314.1,147.0,34.9
16254,1460,5,2025-10-23,4,1,1,349.0,147.0,0.0
16255,1847,1,2025-10-24,3,1,1,299.0,128.0,0.0
16256,1557,3,2025-10-24,4,1,1,329.0,141.0,0.0
16257,377,2,2025-10-24,2,5,2,299.0,128.0,0.0
16258,437,2,2025-10-24,4,5,1,269.1,128.0,29.9
16259,1103,5,2025-10-24,8,1,1,349.0,147.0,0.0
16260,1841,2,2025-10-24,3,2,1,299.0,128.0,0.0
16261,250,5,2025-10-24,6,3,1,349.0,147.0,0.0
16262,1462,3,2025-10-24,9,3,1,329.0,141.0,0.0
16263,1494,5,2025-10-24,1,2,1,349.0,147.0,0.0
16264,521,1,2025-10-24,6,3,1,269.1,128.0,29.9
16265,1029,4,2025-10-24,5,2,1,349.0,147.0,0.0
16266,552,3,2025-10-24,3,1,1,329.0,141.0,0.0
16267,301,5,2025-10-24,7,1,2,349.0,147.0,0.0
16268,588,5,2025-10-24,3,4,1,349.0,147.0,0.0
16269,1209,5,2025-10-24,4,5,1,349.0,147.0,0.0
16270,326,4,2025-10-24,4,3,1,349.0,147.0,0.0
16271,356,1,2025-10-24,7,1,1,299.0,128.0,0.0
16272,503,2,2025-10-24,5,1,1,299.0,128.0,0.0
16273,159,5,2025-10-24,1,5,1,349.0,147.0,0.0
16274,1983,6,2025-10-24,1,4,1,449.1,210.0,49.9
16275,1092,2,2025-10-24,1,3,1,299.0,128.0,0.0
16276,1710,3,2025-10-24,8,3,1,296.1,141.0,32.9
16277,1027,1,2025-10-24,1,3,1,254.15,128.0,44.85
16278,1397,5,2025-10-24,1,2,1,349.0,147.0,0.0
16279,1099,2,2025-10-24,2,5,1,254.15,128.0,44.85
16280,29,5,2025-10-24,3,3,1,349.0,147.0,0.0
16281,503,2,2025-10-24,1,5,1,299.0,128.0,0.0
16282,1949,4,2025-10-24,5,1,1,296.65,147.0,52.35
16283,1318,5,2025-10-24,1,2,1,349.0,147.0,0.0
16284,127,6,2025-10-24,1,1,1,499.0,210.0,0.0
16285,166,3,2025-10-24,5,2,1,296.1,141.0,32.9
16286,1862,3,2025-10-24,8,3,1,279.65,141.0,49.35
16287,1635,4,2025-10-24,1,5,1,349.0,147.0,0.0
16288,682,2,2025-10-24,3,4,1,299.0,128.0,0.0
16289,128,2,2025-10-24,5,1,2,269.1,128.0,29.9
16290,389,5,2025-10-24,3,1,1,349.0,147.0,0.0
16291,867,1,2025-10-24,1,2,1,269.1,128.0,29.9
16292,460,4,2025-10-24,4,3,1,349.0,147.0,0.0
16293,1019,4,2025-10-24,5,3,1,349.0,147.0,0.0
16294,1128,1,2025-10-24,6,2,1,299.0,128.0,0.0
16295,1895,1,2025-10-24,1,1,1,269.1,128.0,29.9
16296,811,4,2025-10-24,2,2,1,349.0,147.0,0.0
16297,1186,2,2025-10-24,5,1,1,299.0,128.0,0.0
16298,1469,6,2025-10-24,5,2,1,449.1,210.0,49.9
16299,1166,1,2025-10-25,1,2,1,299.0,128.0,0.0
16300,815,4,2025-10-25,3,4,1,314.1,147.0,34.9
16301,397,2,2025-10-25,3,3,1,299.0,128.0,0.0
16302,391,5,2025-10-25,8,1,1,296.65,147.0,52.35
16303,880,2,2025-10-25,6,5,1,299.0,128.0,0.0
16304,449,2,2025-10-25,1,2,1,299.0,128.0,0.0
16305,434,5,2025-10-25,5,1,1,349.0,147.0,0.0
16306,1939,3,2025-10-25,5,4,1,329.0,141.0,0.0
16307,403,4,2025-10-25,5,1,1,314.1,147.0,34.9
16308,1551,4,2025-10-25,3,1,1,349.0,147.0,0.0
16309,697,3,2025-10-25,1,1,1,329.0,141.0,0.0
16310,1345,5,2025-10-25,5,2,1,349.0,147.0,0.0
16311,954,5,2025-10-25,4,5,1,314.1,147.0,34.9
16312,1123,2,2025-10-25,7,1,1,254.15,128.0,44.85
16313,464,4,2025-10-25,4,1,1,296.65,147.0,52.35
16314,502,5,2025-10-25,7,1,1,349.0,147.0,0.0
16315,1160,1,2025-10-25,1,1,1,299.0,128.0,0.0
16316,1395,6,2025-10-25,2,5,1,424.15,210.0,74.85
16317,142,1,2025-10-25,1,3,1,299.0,128.0,0.0
16318,1582,3,2025-10-25,1,1,2,329.0,141.0,0.0
16319,1376,4,2025-10-25,6,2,1,314.1,147.0,34.9
16320,1856,5,2025-10-25,1,2,1,349.0,147.0,0.0
16321,1003,2,2025-10-25,5,1,1,299.0,128.0,0.0
16322,344,5,2025-10-25,2,3,1,349.0,147.0,0.0
16323,951,6,2025-10-25,3,1,1,499.0,210.0,0.0
16324,1255,1,2025-10-25,2,2,2,299.0,128.0,0.0
16325,1822,1,2025-10-25,2,1,1,299.0,128.0,0.0
16326,127,4,2025-10-25,7,2,1,349.0,147.0,0.0
16327,963,6,2025-10-25,1,4,1,499.0,210.0,0.0
16328,711,1,2025-10-25,4,3,1,299.0,128.0,0.0
16329,403,2,2025-10-25,1,3,1,299.0,128.0,0.0
16330,1283,1,2025-10-25,1,3,1,299.0,128.0,0.0
16331,700,5,2025-10-25,1,2,1,314.1,147.0,34.9
16332,1834,2,2025-10-25,1,2,1,299.0,128.0,0.0
16333,343,1,2025-10-25,2,4,1,299.0,128.0,0.0
16334,719,4,2025-10-25,1,2,1,349.0,147.0,0.0
16335,1525,5,2025-10-25,1,5,1,349.0,147.0,0.0
16336,464,2,2025-10-25,5,1,1,269.1,128.0,29.9
16337,71,5,2025-10-25,5,2,1,349.0,147.0,0.0
16338,1345,6,2025-10-25,8,3,1,499.0,210.0,0.0
16339,1199,1,2025-10-25,1,1,1,299.0,128.0,0.0
16340,766,5,2025-10-25,3,1,2,349.0,147.0,0.0
16341,939,5,2025-10-25,4,2,1,349.0,147.0,0.0
16342,231,4,2025-10-25,4,2,1,349.0,147.0,0.0
16343,872,2,2025-10-25,1,2,1,299.0,128.0,0.0
16344,323,3,2025-10-25,5,2,1,329.0,141.0,0.0
16345,1631,5,2025-10-26,4,1,1,349.0,147.0,0.0
16346,611,1,2025-10-26,3,1,1,299.0,128.0,0.0
16347,461,5,2025-10-26,5,1,1,349.0,147.0,0.0
16348,1288,5,2025-10-26,7,2,1,296.65,147.0,52.35
16349,985,2,2025-10-26,7,3,1,299.0,128.0,0.0
16350,627,5,2025-10-26,1,2,2,349.0,147.0,0.0
16351,231,2,2025-10-26,7,2,1,299.0,128.0,0.0
16352,1922,3,2025-10-26,5,5,1,296.1,141.0,32.9
16353,1004,5,2025-10-26,6,4,1,349.0,147.0,0.0
16354,1351,2,2025-10-26,1,1,1,299.0,128.0,0.0
16355,1573,3,2025-10-26,4,2,1,296.1,141.0,32.9
16356,1650,4,2025-10-26,5,1,1,349.0,147.0,0.0
16357,411,4,2025-10-26,6,2,1,349.0,147.0,0.0
16358,774,4,2025-10-26,3,2,1,349.0,147.0,0.0
16359,1415,5,2025-10-26,1,1,1,314.1,147.0,34.9
16360,1114,5,2025-10-26,1,1,1,314.1,147.0,34.9
16361,8,4,2025-10-26,2,2,1,349.0,147.0,0.0
16362,1627,5,2025-10-26,1,2,1,296.65,147.0,52.35
16363,1390,2,2025-10-26,2,1,1,299.0,128.0,0.0
16364,1392,5,2025-10-26,7,5,1,314.1,147.0,34.9
16365,370,6,2025-10-26,1,4,1,449.1,210.0,49.9
16366,1477,3,2025-10-26,4,4,1,329.0,141.0,0.0
16367,1358,5,2025-10-26,1,5,1,296.65,147.0,52.35
16368,955,2,2025-10-26,4,5,1,299.0,128.0,0.0
16369,1617,4,2025-10-26,4,1,1,349.0,147.0,0.0
16370,75,6,2025-10-26,1,1,1,499.0,210.0,0.0
16371,1639,6,2025-10-26,2,1,1,499.0,210.0,0.0
16372,623,3,2025-10-26,3,2,1,279.65,141.0,49.35
16373,1344,2,2025-10-26,8,2,1,299.0,128.0,0.0
16374,1144,4,2025-10-26,7,5,2,349.0,147.0,0.0
16375,115,1,2025-10-26,6,1,1,299.0,128.0,0.0
16376,616,2,2025-10-26,5,2,1,299.0,128.0,0.0
16377,1558,2,2025-10-26,4,5,1,299.0,128.0,0.0
16378,396,6,2025-10-26,1,3,1,499.0,210.0,0.0
16379,1940,4,2025-10-26,6,3,2,349.0,147.0,0.0
16380,850,3,2025-10-26,3,3,1,329.0,141.0,0.0
16381,1561,4,2025-10-26,5,2,1,349.0,147.0,0.0
16382,1596,3,2025-10-26,3,2,1,296.1,141.0,32.9
16383,377,5,2025-10-27,1,1,1,349.0,147.0,0.0
16384,903,1,2025-10-27,6,3,1,299.0,128.0,0.0
16385,1997,4,2025-10-27,5,1,2,349.0,147.0,0.0
16386,993,2,2025-10-27,2,4,1,299.0,128.0,0.0
16387,6,4,2025-10-27,1,2,1,349.0,147.0,0.0
16388,625,2,2025-10-27,5,1,1,299.0,128.0,0.0
16389,1104,6,2025-10-27,1,2,1,499.0,210.0,0.0
16390,46,4,2025-10-27,6,2,1,349.0,147.0,0.0
16391,1140,4,2025-10-27,3,4,1,349.0,147.0,0.0
16392,1225,3,2025-10-27,3,2,2,329.0,141.0,0.0
16393,1342,2,2025-10-27,2,2,1,299.0,128.0,0.0
16394,1799,4,2025-10-27,8,1,1,349.0,147.0,0.0
16395,658,5,2025-10-27,7,2,1,349.0,147.0,0.0
16396,891,3,2025-10-27,3,3,2,296.1,141.0,32.9
16397,1861,2,2025-10-27,1,5,1,299.0,128.0,0.0
16398,1531,5,2025-10-27,3,1,1,349.0,147.0,0.0
16399,1614,5,2025-10-27,2,3,1,349.0,147.0,0.0
16400,603,5,2025-10-27,5,1,2,314.1,147.0,34.9
16401,1577,5,2025-10-27,5,1,2,296.65,147.0,52.35
16402,1732,5,2025-10-27,1,2,1,349.0,147.0,0.0
16403,1482,1,2025-10-27,5,1,1,269.1,128.0,29.9
16404,1764,5,2025-10-27,4,3,1,349.0,147.0,0.0
16405,1441,2,2025-10-27,1,5,1,299.0,128.0,0.0
16406,141,5,2025-10-27,2,3,1,314.1,147.0,34.9
16407,987,4,2025-10-27,3,1,1,296.65,147.0,52.35
16408,982,4,2025-10-27,2,2,1,314.1,147.0,34.9
16409,1804,3,2025-10-27,7,2,1,329.0,141.0,0.0
16410,1281,2,2025-10-27,1,1,1,299.0,128.0,0.0
16411,656,4,2025-10-27,5,3,1,296.65,147.0,52.35
16412,333,5,2025-10-27,3,2,1,314.1,147.0,34.9
16413,836,4,2025-10-27,5,5,1,349.0,147.0,0.0
16414,1457,1,2025-10-27,1,1,2,299.0,128.0,0.0
16415,1143,6,2025-10-27,5,2,1,424.15,210.0,74.85
16416,1508,5,2025-10-27,4,2,1,349.0,147.0,0.0
16417,1692,1,2025-10-27,3,2,1,299.0,128.0,0.0
16418,668,4,2025-10-27,2,2,1,349.0,147.0,0.0
16419,1118,2,2025-10-27,1,4,1,299.0,128.0,0.0
16420,567,2,2025-10-27,3,3,1,299.0,128.0,0.0
16421,1306,6,2025-10-27,3,1,1,449.1,210.0,49.9
16422,44,5,2025-10-27,2,3,1,349.0,147.0,0.0
16423,727,4,2025-10-28,3,3,1,349.0,147.0,0.0
16424,1369,5,2025-10-28,4,2,1,349.0,147.0,0.0
16425,1827,5,2025-10-28,5,2,1,349.0,147.0,0.0
16426,556,5,2025-10-28,5,5,1,349.0,147.0,0.0
16427,447,6,2025-10-28,3,3,1,424.15,210.0,74.85
16428,1601,5,2025-10-28,5,1,1,349.0,147.0,0.0
16429,890,5,2025-10-28,6,2,1,349.0,147.0,0.0
16430,1614,5,2025-10-28,7,1,1,296.65,147.0,52.35
16431,9,1,2025-10-28,1,1,1,299.0,128.0,0.0
16432,892,4,2025-10-28,1,2,1,349.0,147.0,0.0
16433,188,3,2025-10-28,3,1,1,329.0,141.0,0.0
16434,1006,3,2025-10-28,3,1,1,329.0,141.0,0.0
16435,498,2,2025-10-28,5,1,1,299.0,128.0,0.0
16436,565,3,2025-10-28,1,2,1,279.65,141.0,49.35
16437,397,4,2025-10-28,4,2,1,314.1,147.0,34.9
16438,1970,1,2025-10-28,1,1,1,299.0,128.0,0.0
16439,1130,4,2025-10-28,5,2,1,314.1,147.0,34.9
16440,1636,3,2025-10-28,1,5,1,329.0,141.0,0.0
16441,493,4,2025-10-28,1,1,1,349.0,147.0,0.0
16442,556,1,2025-10-28,7,2,1,299.0,128.0,0.0
16443,1659,4,2025-10-28,2,3,1,314.1,147.0,34.9
16444,1851,3,2025-10-28,4,1,1,296.1,141.0,32.9
16445,1822,2,2025-10-28,9,2,2,299.0,128.0,0.0
16446,1177,2,2025-10-28,7,4,1,299.0,128.0,0.0
16447,737,4,2025-10-28,1,2,1,349.0,147.0,0.0
16448,1706,1,2025-10-28,5,1,1,299.0,128.0,0.0
16449,1511,1,2025-10-28,3,1,1,299.0,128.0,0.0
16450,1836,3,2025-10-28,3,5,1,329.0,141.0,0.0
16451,1597,1,2025-10-28,7,5,1,299.0,128.0,0.0
16452,1335,3,2025-10-28,3,1,1,329.0,141.0,0.0
16453,1783,2,2025-10-28,5,2,1,299.0,128.0,0.0
16454,319,1,2025-10-28,3,1,1,299.0,128.0,0.0
16455,1962,2,2025-10-28,3,5,1,299.0,128.0,0.0
16456,1379,2,2025-10-28,6,1,1,299.0,128.0,0.0
16457,1096,5,2025-10-28,1,2,1,296.65,147.0,52.35
16458,1504,5,2025-10-28,1,2,1,296.65,147.0,52.35
16459,831,5,2025-10-28,6,3,1,314.1,147.0,34.9
16460,293,1,2025-10-28,5,5,1,269.1,128.0,29.9
16461,652,3,2025-10-28,1,3,1,329.0,141.0,0.0
16462,1,4,2025-10-28,7,3,1,349.0,147.0,0.0
16463,1414,4,2025-10-29,1,1,1,349.0,147.0,0.0
16464,2,4,2025-10-29,4,2,1,349.0,147.0,0.0
16465,481,2,2025-10-29,7,3,1,299.0,128.0,0.0
16466,623,5,2025-10-29,2,2,1,314.1,147.0,34.9
16467,1853,1,2025-10-29,2,1,1,299.0,128.0,0.0
16468,1583,2,2025-10-29,1,1,1,299.0,128.0,0.0
16469,1679,1,2025-10-29,1,4,1,299.0,128.0,0.0
16470,887,5,2025-10-29,5,4,1,349.0,147.0,0.0
16471,1269,5,2025-10-29,6,5,1,296.65,147.0,52.35
16472,112,4,2025-10-29,4,4,2,349.0,147.0,0.0
16473,1218,5,2025-10-29,4,2,1,349.0,147.0,0.0
16474,168,4,2025-10-29,9,1,1,314.1,147.0,34.9
16475,125,1,2025-10-29,6,3,1,299.0,128.0,0.0
16476,787,4,2025-10-29,1,4,1,349.0,147.0,0.0
16477,1040,5,2025-10-29,3,1,1,349.0,147.0,0.0
16478,1897,4,2025-10-29,1,1,1,296.65,147.0,52.35
16479,1615,6,2025-10-29,4,2,1,499.0,210.0,0.0
16480,924,4,2025-10-29,2,1,1,349.0,147.0,0.0
16481,390,4,2025-10-29,7,5,1,349.0,147.0,0.0
16482,830,4,2025-10-29,2,2,1,349.0,147.0,0.0
16483,1109,3,2025-10-29,5,3,1,329.0,141.0,0.0
16484,316,5,2025-10-29,2,2,1,349.0,147.0,0.0
16485,1032,1,2025-10-29,1,2,1,299.0,128.0,0.0
16486,226,2,2025-10-29,1,3,1,254.15,128.0,44.85
16487,1701,3,2025-10-29,2,3,1,329.0,141.0,0.0
16488,1858,2,2025-10-29,6,3,1,299.0,128.0,0.0
16489,60,4,2025-10-29,6,3,1,349.0,147.0,0.0
16490,828,4,2025-10-29,7,1,1,349.0,147.0,0.0
16491,695,5,2025-10-29,4,1,2,349.0,147.0,0.0
16492,842,4,2025-10-29,1,4,1,349.0,147.0,0.0
16493,1502,5,2025-10-29,1,2,1,349.0,147.0,0.0
16494,788,3,2025-10-29,5,2,1,329.0,141.0,0.0
16495,1958,6,2025-10-29,1,1,1,449.1,210.0,49.9
16496,483,3,2025-10-29,5,5,1,296.1,141.0,32.9
16497,1614,2,2025-10-29,1,2,1,269.1,128.0,29.9
16498,450,1,2025-10-30,2,2,1,299.0,128.0,0.0
16499,336,4,2025-10-30,3,1,1,349.0,147.0,0.0
16500,612,4,2025-10-30,5,2,1,349.0,147.0,0.0
16501,431,1,2025-10-30,3,3,1,269.1,128.0,29.9
16502,690,4,2025-10-30,5,4,1,314.1,147.0,34.9
16503,437,4,2025-10-30,2,5,1,349.0,147.0,0.0
16504,1417,4,2025-10-30,7,5,1,349.0,147.0,0.0
16505,73,4,2025-10-30,1,1,2,349.0,147.0,0.0
16506,65,5,2025-10-30,1,2,1,349.0,147.0,0.0
16507,1685,2,2025-10-30,3,1,1,299.0,128.0,0.0
16508,661,6,2025-10-30,5,1,1,449.1,210.0,49.9
16509,1771,5,2025-10-30,3,3,1,349.0,147.0,0.0
16510,439,2,2025-10-30,4,1,1,254.15,128.0,44.85
16511,1809,4,2025-10-30,3,3,1,349.0,147.0,0.0
16512,784,3,2025-10-30,3,1,1,329.0,141.0,0.0
16513,758,2,2025-10-30,2,1,1,254.15,128.0,44.85
16514,362,6,2025-10-30,1,1,1,499.0,210.0,0.0
16515,748,6,2025-10-30,2,2,1,449.1,210.0,49.9
16516,1307,5,2025-10-30,3,3,1,349.0,147.0,0.0
16517,1908,2,2025-10-30,3,2,1,299.0,128.0,0.0
16518,1220,1,2025-10-30,1,1,1,299.0,128.0,0.0
16519,1194,2,2025-10-30,1,3,1,299.0,128.0,0.0
16520,110,4,2025-10-30,1,1,1,349.0,147.0,0.0
16521,1785,5,2025-10-30,7,3,1,349.0,147.0,0.0
16522,1461,5,2025-10-30,2,3,1,296.65,147.0,52.35
16523,243,5,2025-10-30,8,3,1,349.0,147.0,0.0
16524,1312,2,2025-10-30,3,2,1,299.0,128.0,0.0
16525,1187,5,2025-10-30,1,1,1,314.1,147.0,34.9
16526,1381,4,2025-10-30,2,5,1,349.0,147.0,0.0
16527,1796,5,2025-10-30,1,3,1,296.65,147.0,52.35
16528,1059,5,2025-10-30,3,2,1,296.65,147.0,52.35
16529,1013,1,2025-10-30,3,4,1,299.0,128.0,0.0
16530,1598,5,2025-10-30,6,1,1,349.0,147.0,0.0
16531,1990,1,2025-10-30,1,2,1,269.1,128.0,29.9
16532,704,4,2025-10-30,5,5,1,349.0,147.0,0.0
16533,1525,5,2025-10-30,2,3,1,349.0,147.0,0.0
16534,153,4,2025-10-30,8,1,1,349.0,147.0,0.0
16535,1225,4,2025-10-30,1,5,1,349.0,147.0,0.0
16536,1590,4,2025-10-31,2,4,2,349.0,147.0,0.0
16537,1739,5,2025-10-31,4,4,1,349.0,147.0,0.0
16538,1743,5,2025-10-31,7,1,1,349.0,147.0,0.0
16539,1074,5,2025-10-31,1,1,1,349.0,147.0,0.0
16540,1875,5,2025-10-31,8,1,1,349.0,147.0,0.0
16541,2000,5,2025-10-31,7,1,1,349.0,147.0,0.0
16542,789,5,2025-10-31,1,1,1,314.1,147.0,34.9
16543,496,2,2025-10-31,5,2,1,299.0,128.0,0.0
16544,1443,2,2025-10-31,7,3,1,299.0,128.0,0.0
16545,592,1,2025-10-31,1,1,1,299.0,128.0,0.0
16546,1,3,2025-10-31,3,2,2,329.0,141.0,0.0
16547,1977,5,2025-10-31,5,2,1,349.0,147.0,0.0
16548,677,4,2025-10-31,1,1,1,349.0,147.0,0.0
16549,1378,4,2025-10-31,3,1,1,349.0,147.0,0.0
16550,468,2,2025-10-31,5,1,1,299.0,128.0,0.0
16551,1566,2,2025-10-31,6,1,1,299.0,128.0,0.0
16552,1773,6,2025-10-31,5,2,1,499.0,210.0,0.0
16553,941,1,2025-10-31,7,3,1,299.0,128.0,0.0
16554,471,5,2025-10-31,1,3,1,314.1,147.0,34.9
16555,1488,4,2025-10-31,3,2,1,349.0,147.0,0.0
16556,963,3,2025-10-31,8,2,1,329.0,141.0,0.0
16557,1430,2,2025-10-31,3,1,1,269.1,128.0,29.9
16558,397,3,2025-10-31,1,1,1,329.0,141.0,0.0
16559,536,3,2025-10-31,2,1,1,279.65,141.0,49.35
16560,1331,6,2025-10-31,8,2,1,449.1,210.0,49.9
16561,713,2,2025-10-31,1,2,1,299.0,128.0,0.0
16562,1169,6,2025-10-31,3,1,1,499.0,210.0,0.0
16563,1089,2,2025-10-31,4,2,1,299.0,128.0,0.0
16564,244,5,2025-10-31,2,1,1,349.0,147.0,0.0
16565,1825,1,2025-10-31,1,2,1,254.15,128.0,44.85
16566,826,6,2025-10-31,3,2,1,449.1,210.0,49.9
16567,973,5,2025-10-31,8,1,1,349.0,147.0,0.0
16568,742,5,2025-10-31,8,2,1,349.0,147.0,0.0
16569,863,4,2025-10-31,1,3,1,349.0,147.0,0.0
16570,257,5,2025-10-31,2,3,1,296.65,147.0,52.35
16571,299,5,2025-10-31,4,1,1,349.0,147.0,0.0
16572,1827,1,2025-10-31,6,5,1,299.0,128.0,0.0
16573,1628,3,2025-11-01,3,2,1,279.65,141.0,49.35
16574,993,2,2025-11-01,4,4,1,254.15,128.0,44.85
16575,1326,5,2025-11-01,3,5,1,349.0,147.0,0.0
16576,1852,5,2025-11-01,1,1,1,349.0,147.0,0.0
16577,1655,2,2025-11-01,3,2,1,299.0,128.0,0.0
16578,1257,2,2025-11-01,1,5,1,299.0,128.0,0.0
16579,528,5,2025-11-01,7,2,1,349.0,147.0,0.0
16580,28,6,2025-11-01,2,3,1,499.0,210.0,0.0
16581,741,5,2025-11-01,1,5,1,349.0,147.0,0.0
16582,1041,6,2025-11-01,2,1,1,424.15,210.0,74.85
16583,1499,4,2025-11-01,3,2,1,349.0,147.0,0.0
16584,526,1,2025-11-01,3,1,1,299.0,128.0,0.0
16585,438,5,2025-11-01,2,2,1,349.0,147.0,0.0
16586,106,2,2025-11-01,4,1,1,299.0,128.0,0.0
16587,804,5,2025-11-01,7,2,1,349.0,147.0,0.0
16588,920,1,2025-11-01,1,5,2,299.0,128.0,0.0
16589,1863,1,2025-11-01,6,2,1,299.0,128.0,0.0
16590,825,5,2025-11-01,3,2,1,314.1,147.0,34.9
16591,1026,4,2025-11-01,2,2,1,349.0,147.0,0.0
16592,932,5,2025-11-01,1,4,1,349.0,147.0,0.0
16593,637,1,2025-11-01,5,2,1,254.15,128.0,44.85
16594,1144,4,2025-11-01,2,2,1,349.0,147.0,0.0
16595,1282,2,2025-11-01,1,3,1,299.0,128.0,0.0
16596,188,3,2025-11-01,2,5,1,329.0,141.0,0.0
16597,666,5,2025-11-01,3,3,1,349.0,147.0,0.0
16598,1502,4,2025-11-01,3,2,1,314.1,147.0,34.9
16599,455,4,2025-11-01,1,3,1,314.1,147.0,34.9
16600,1919,4,2025-11-01,1,2,1,349.0,147.0,0.0
16601,855,4,2025-11-01,5,2,1,349.0,147.0,0.0
16602,1126,5,2025-11-01,7,2,1,349.0,147.0,0.0
16603,1442,5,2025-11-01,4,2,1,296.65,147.0,52.35
16604,613,4,2025-11-01,1,1,1,349.0,147.0,0.0
16605,69,4,2025-11-01,4,3,1,296.65,147.0,52.35
16606,1571,6,2025-11-01,3,5,1,424.15,210.0,74.85
16607,724,1,2025-11-01,3,4,2,299.0,128.0,0.0
16608,1253,5,2025-11-01,1,1,1,349.0,147.0,0.0
16609,1056,6,2025-11-01,5,2,1,499.0,210.0,0.0
16610,1769,5,2025-11-01,7,3,1,349.0,147.0,0.0
16611,1405,6,2025-11-01,1,1,1,424.15,210.0,74.85
16612,497,4,2025-11-01,7,2,1,314.1,147.0,34.9
16613,821,6,2025-11-01,1,1,1,499.0,210.0,0.0
16614,1231,2,2025-11-01,3,5,1,299.0,128.0,0.0
16615,716,4,2025-11-01,3,1,1,349.0,147.0,0.0
16616,1615,5,2025-11-01,3,2,1,349.0,147.0,0.0
16617,684,5,2025-11-01,1,1,2,349.0,147.0,0.0
16618,986,5,2025-11-01,5,2,1,349.0,147.0,0.0
16619,665,1,2025-11-01,2,5,1,299.0,128.0,0.0
16620,341,5,2025-11-01,3,2,1,314.1,147.0,34.9
16621,493,6,2025-11-01,1,2,1,424.15,210.0,74.85
16622,1477,4,2025-11-01,7,2,1,314.1,147.0,34.9
16623,831,5,2025-11-01,3,2,1,349.0,147.0,0.0
16624,1741,4,2025-11-01,2,1,1,349.0,147.0,0.0
16625,7,6,2025-11-01,5,1,1,499.0,210.0,0.0
16626,1186,5,2025-11-01,6,3,1,349.0,147.0,0.0
16627,215,1,2025-11-01,7,2,1,299.0,128.0,0.0
16628,879,4,2025-11-01,5,2,1,314.1,147.0,34.9
16629,1012,4,2025-11-01,1,1,1,349.0,147.0,0.0
16630,1628,5,2025-11-01,2,1,1,349.0,147.0,0.0
16631,1299,1,2025-11-01,2,2,1,254.15,128.0,44.85
16632,212,6,2025-11-01,1,2,1,449.1,210.0,49.9
16633,1155,4,2025-11-01,2,1,1,349.0,147.0,0.0
16634,290,2,2025-11-01,8,3,1,299.0,128.0,0.0
16635,256,4,2025-11-01,2,2,1,349.0,147.0,0.0
16636,1886,1,2025-11-01,5,2,1,269.1,128.0,29.9
16637,702,3,2025-11-01,1,1,1,329.0,141.0,0.0
16638,1861,5,2025-11-01,1,4,1,349.0,147.0,0.0
16639,1794,1,2025-11-01,2,2,2,299.0,128.0,0.0
16640,832,5,2025-11-01,5,1,1,349.0,147.0,0.0
16641,1581,5,2025-11-02,2,2,1,296.65,147.0,52.35
16642,1260,2,2025-11-02,5,2,1,269.1,128.0,29.9
16643,324,3,2025-11-02,5,3,1,329.0,141.0,0.0
16644,746,4,2025-11-02,2,1,1,349.0,147.0,0.0
16645,656,4,2025-11-02,4,1,1,349.0,147.0,0.0
16646,1676,4,2025-11-02,6,1,1,349.0,147.0,0.0
16647,1636,5,2025-11-02,3,2,1,349.0,147.0,0.0
16648,623,1,2025-11-02,1,2,1,269.1,128.0,29.9
16649,1187,5,2025-11-02,3,5,1,349.0,147.0,0.0
16650,1408,4,2025-11-02,3,4,1,296.65,147.0,52.35
16651,1202,1,2025-11-02,7,4,2,299.0,128.0,0.0
16652,1105,6,2025-11-02,2,4,1,499.0,210.0,0.0
16653,506,4,2025-11-02,2,1,1,314.1,147.0,34.9
16654,1608,5,2025-11-02,7,4,1,314.1,147.0,34.9
16655,230,1,2025-11-02,1,5,1,299.0,128.0,0.0
16656,149,1,2025-11-02,3,2,1,269.1,128.0,29.9
16657,966,1,2025-11-02,9,1,1,299.0,128.0,0.0
16658,119,2,2025-11-02,3,4,1,299.0,128.0,0.0
16659,1704,3,2025-11-02,3,1,1,329.0,141.0,0.0
16660,297,3,2025-11-02,3,4,1,279.65,141.0,49.35
16661,683,1,2025-11-02,4,1,1,269.1,128.0,29.9
16662,123,4,2025-11-02,5,2,1,349.0,147.0,0.0
16663,866,4,2025-11-02,3,3,1,314.1,147.0,34.9
16664,1610,5,2025-11-02,1,1,1,349.0,147.0,0.0
16665,1291,4,2025-11-02,3,3,1,296.65,147.0,52.35
16666,1861,5,2025-11-02,2,4,1,349.0,147.0,0.0
16667,219,3,2025-11-02,5,2,1,329.0,141.0,0.0
16668,642,2,2025-11-02,9,4,1,299.0,128.0,0.0
16669,258,3,2025-11-02,2,1,1,329.0,141.0,0.0
16670,1050,2,2025-11-02,4,1,1,299.0,128.0,0.0
16671,1895,3,2025-11-02,5,1,1,329.0,141.0,0.0
16672,1345,5,2025-11-02,7,2,1,349.0,147.0,0.0
16673,1123,2,2025-11-02,2,4,1,299.0,128.0,0.0
16674,743,3,2025-11-02,1,2,1,329.0,141.0,0.0
16675,430,4,2025-11-02,2,1,1,349.0,147.0,0.0
16676,68,3,2025-11-02,2,1,1,329.0,141.0,0.0
16677,64,4,2025-11-02,5,2,1,296.65,147.0,52.35
16678,569,4,2025-11-02,1,3,1,349.0,147.0,0.0
16679,928,6,2025-11-02,5,2,1,499.0,210.0,0.0
16680,989,1,2025-11-02,3,1,1,299.0,128.0,0.0
16681,1562,4,2025-11-02,1,1,1,349.0,147.0,0.0
16682,1231,1,2025-11-02,3,5,1,299.0,128.0,0.0
16683,1881,1,2025-11-02,3,2,1,254.15,128.0,44.85
16684,1137,5,2025-11-02,3,2,1,349.0,147.0,0.0
16685,1677,2,2025-11-02,5,1,1,299.0,128.0,0.0
16686,1390,4,2025-11-02,5,2,1,349.0,147.0,0.0
16687,771,4,2025-11-02,7,2,1,349.0,147.0,0.0
16688,1985,5,2025-11-02,5,1,1,349.0,147.0,0.0
16689,905,4,2025-11-02,3,2,1,296.65,147.0,52.35
16690,670,3,2025-11-02,7,2,1,329.0,141.0,0.0
16691,324,2,2025-11-02,5,2,2,299.0,128.0,0.0
16692,1863,3,2025-11-02,3,2,1,329.0,141.0,0.0
16693,385,6,2025-11-02,1,1,1,449.1,210.0,49.9
16694,1266,3,2025-11-02,1,2,1,296.1,141.0,32.9
16695,407,5,2025-11-02,3,2,2,349.0,147.0,0.0
16696,427,6,2025-11-02,4,1,1,424.15,210.0,74.85
16697,102,5,2025-11-02,3,1,1,349.0,147.0,0.0
16698,209,5,2025-11-02,1,4,2,349.0,147.0,0.0
16699,659,2,2025-11-02,4,2,1,299.0,128.0,0.0
16700,354,5,2025-11-02,1,3,1,349.0,147.0,0.0
16701,484,6,2025-11-02,3,1,1,499.0,210.0,0.0
16702,402,4,2025-11-02,1,3,1,349.0,147.0,0.0
16703,296,2,2025-11-02,5,1,1,299.0,128.0,0.0
16704,1189,3,2025-11-02,5,2,1,329.0,141.0,0.0
16705,1059,6,2025-11-02,2,2,1,449.1,210.0,49.9
16706,616,4,2025-11-02,5,2,1,349.0,147.0,0.0
16707,1632,4,2025-11-02,6,1,1,349.0,147.0,0.0
16708,426,4,2025-11-02,5,4,1,349.0,147.0,0.0
16709,1410,4,2025-11-02,1,2,1,349.0,147.0,0.0
16710,1850,5,2025-11-02,1,3,1,349.0,147.0,0.0
16711,1445,4,2025-11-03,1,2,1,349.0,147.0,0.0
16712,866,4,2025-11-03,3,3,2,349.0,147.0,0.0
16713,1609,5,2025-11-03,1,4,1,314.1,147.0,34.9
16714,1337,2,2025-11-03,1,1,1,254.15,128.0,44.85
16715,1566,6,2025-11-03,1,2,1,499.0,210.0,0.0
16716,1443,4,2025-11-03,6,2,2,349.0,147.0,0.0
16717,1821,2,2025-11-03,5,2,1,299.0,128.0,0.0
16718,940,1,2025-11-03,4,2,1,299.0,128.0,0.0
16719,578,5,2025-11-03,1,2,1,314.1,147.0,34.9
16720,1727,5,2025-11-03,3,5,1,349.0,147.0,0.0
16721,72,4,2025-11-03,1,1,1,349.0,147.0,0.0
16722,1727,1,2025-11-03,1,5,1,299.0,128.0,0.0
16723,158,1,2025-11-03,1,5,1,269.1,128.0,29.9
16724,224,4,2025-11-03,3,1,1,296.65,147.0,52.35
16725,1559,3,2025-11-03,1,2,1,329.0,141.0,0.0
16726,137,6,2025-11-03,4,2,1,424.15,210.0,74.85
16727,551,5,2025-11-03,5,1,2,314.1,147.0,34.9
16728,1012,2,2025-11-03,1,4,1,299.0,128.0,0.0
16729,1329,1,2025-11-03,1,4,1,299.0,128.0,0.0
16730,733,3,2025-11-03,8,2,1,329.0,141.0,0.0
16731,1564,6,2025-11-03,6,2,1,499.0,210.0,0.0
16732,1130,6,2025-11-03,5,2,1,499.0,210.0,0.0
16733,810,4,2025-11-03,1,1,1,349.0,147.0,0.0
16734,1377,5,2025-11-03,1,1,1,349.0,147.0,0.0
16735,449,4,2025-11-03,3,2,1,296.65,147.0,52.35
16736,480,4,2025-11-03,3,1,1,349.0,147.0,0.0
16737,303,6,2025-11-03,6,1,2,499.0,210.0,0.0
16738,1947,1,2025-11-03,8,4,1,299.0,128.0,0.0
16739,1236,4,2025-11-03,3,1,1,349.0,147.0,0.0
16740,1232,6,2025-11-03,3,2,1,499.0,210.0,0.0
16741,528,5,2025-11-03,1,1,1,349.0,147.0,0.0
16742,1269,4,2025-11-03,7,3,1,296.65,147.0,52.35
16743,1978,2,2025-11-03,3,2,1,299.0,128.0,0.0
16744,1612,5,2025-11-03,1,4,1,349.0,147.0,0.0
16745,1147,2,2025-11-03,1,5,1,299.0,128.0,0.0
16746,1916,2,2025-11-03,8,4,1,299.0,128.0,0.0
16747,1853,3,2025-11-03,7,1,1,329.0,141.0,0.0
16748,1367,5,2025-11-03,1,4,1,296.65,147.0,52.35
16749,1234,2,2025-11-03,1,4,1,299.0,128.0,0.0
16750,1481,2,2025-11-03,3,1,1,299.0,128.0,0.0
16751,1920,4,2025-11-03,5,3,2,349.0,147.0,0.0
16752,1823,5,2025-11-03,1,1,1,349.0,147.0,0.0
16753,26,2,2025-11-03,3,4,1,299.0,128.0,0.0
16754,432,1,2025-11-03,2,2,1,299.0,128.0,0.0
16755,1567,4,2025-11-03,7,2,1,314.1,147.0,34.9
16756,1370,4,2025-11-03,1,1,1,314.1,147.0,34.9
16757,597,2,2025-11-03,1,2,1,299.0,128.0,0.0
16758,72,1,2025-11-03,5,5,1,299.0,128.0,0.0
16759,1347,5,2025-11-03,2,3,1,349.0,147.0,0.0
16760,75,2,2025-11-03,5,5,1,299.0,128.0,0.0
16761,1867,1,2025-11-03,1,1,1,299.0,128.0,0.0
16762,872,4,2025-11-03,1,2,1,349.0,147.0,0.0
16763,439,5,2025-11-03,2,2,1,314.1,147.0,34.9
16764,783,5,2025-11-03,1,3,1,349.0,147.0,0.0
16765,1781,3,2025-11-03,1,3,1,329.0,141.0,0.0
16766,1244,1,2025-11-03,2,1,1,269.1,128.0,29.9
16767,383,4,2025-11-03,1,2,1,349.0,147.0,0.0
16768,1486,4,2025-11-03,7,2,1,349.0,147.0,0.0
16769,1333,4,2025-11-03,3,1,1,314.1,147.0,34.9
16770,570,4,2025-11-03,2,3,1,349.0,147.0,0.0
16771,1237,2,2025-11-03,1,3,1,299.0,128.0,0.0
16772,1740,5,2025-11-03,2,1,1,349.0,147.0,0.0
16773,567,5,2025-11-03,9,1,1,349.0,147.0,0.0
16774,780,4,2025-11-03,2,1,1,296.65,147.0,52.35
16775,780,5,2025-11-03,1,2,1,349.0,147.0,0.0
16776,1176,5,2025-11-03,1,3,1,349.0,147.0,0.0
16777,395,1,2025-11-04,3,3,1,254.15,128.0,44.85
16778,1847,4,2025-11-04,7,3,2,296.65,147.0,52.35
16779,1523,4,2025-11-04,1,1,1,349.0,147.0,0.0
16780,874,1,2025-11-04,3,1,1,269.1,128.0,29.9
16781,1471,2,2025-11-04,3,1,1,299.0,128.0,0.0
16782,1966,2,2025-11-04,1,5,1,269.1,128.0,29.9
16783,1395,5,2025-11-04,2,1,1,349.0,147.0,0.0
16784,1073,1,2025-11-04,6,2,1,254.15,128.0,44.85
16785,1667,6,2025-11-04,3,1,1,499.0,210.0,0.0
16786,287,4,2025-11-04,9,2,1,349.0,147.0,0.0
16787,1523,5,2025-11-04,1,5,1,349.0,147.0,0.0
16788,629,4,2025-11-04,2,5,1,349.0,147.0,0.0
16789,842,1,2025-11-04,1,1,1,269.1,128.0,29.9
16790,749,2,2025-11-04,5,5,1,299.0,128.0,0.0
16791,390,5,2025-11-04,5,1,1,296.65,147.0,52.35
16792,1194,3,2025-11-04,1,2,2,279.65,141.0,49.35
16793,1124,1,2025-11-04,2,5,1,299.0,128.0,0.0
16794,1150,3,2025-11-04,1,1,1,329.0,141.0,0.0
16795,1609,4,2025-11-04,5,1,1,296.65,147.0,52.35
16796,868,1,2025-11-04,2,5,1,299.0,128.0,0.0
16797,698,6,2025-11-04,1,4,1,499.0,210.0,0.0
16798,1231,5,2025-11-04,2,1,1,349.0,147.0,0.0
16799,567,4,2025-11-04,1,4,1,349.0,147.0,0.0
16800,1088,4,2025-11-04,3,1,1,296.65,147.0,52.35
16801,962,5,2025-11-04,3,1,1,349.0,147.0,0.0
16802,1668,5,2025-11-04,1,2,1,349.0,147.0,0.0
16803,184,6,2025-11-04,3,1,1,499.0,210.0,0.0
16804,542,3,2025-11-04,6,1,1,329.0,141.0,0.0
16805,1084,3,2025-11-04,5,3,1,329.0,141.0,0.0
16806,369,4,2025-11-04,5,1,1,349.0,147.0,0.0
16807,204,4,2025-11-04,1,2,1,349.0,147.0,0.0
16808,1177,3,2025-11-04,1,1,1,329.0,141.0,0.0
16809,1864,2,2025-11-04,5,1,1,299.0,128.0,0.0
16810,70,4,2025-11-04,2,2,1,349.0,147.0,0.0
16811,1116,2,2025-11-04,5,3,1,299.0,128.0,0.0
16812,1112,2,2025-11-04,5,2,2,269.1,128.0,29.9
16813,1655,4,2025-11-04,2,2,1,349.0,147.0,0.0
16814,1806,2,2025-11-04,6,1,1,299.0,128.0,0.0
16815,190,4,2025-11-04,6,2,1,349.0,147.0,0.0
16816,1026,6,2025-11-04,2,4,1,449.1,210.0,49.9
16817,597,4,2025-11-04,1,1,1,314.1,147.0,34.9
16818,260,4,2025-11-04,2,2,1,296.65,147.0,52.35
16819,839,4,2025-11-04,2,1,1,296.65,147.0,52.35
16820,1543,6,2025-11-04,5,1,1,499.0,210.0,0.0
16821,680,2,2025-11-04,1,2,1,299.0,128.0,0.0
16822,1520,6,2025-11-04,1,4,1,449.1,210.0,49.9
16823,432,5,2025-11-04,5,2,1,349.0,147.0,0.0
16824,1572,5,2025-11-04,2,1,1,349.0,147.0,0.0
16825,875,5,2025-11-04,5,1,1,349.0,147.0,0.0
16826,950,5,2025-11-04,3,2,1,349.0,147.0,0.0
16827,1948,2,2025-11-04,2,1,1,299.0,128.0,0.0
16828,1600,2,2025-11-04,3,4,1,299.0,128.0,0.0
16829,827,1,2025-11-04,1,1,1,299.0,128.0,0.0
16830,1579,4,2025-11-04,5,2,2,349.0,147.0,0.0
16831,50,6,2025-11-04,3,3,1,499.0,210.0,0.0
16832,1998,3,2025-11-04,1,4,1,329.0,141.0,0.0
16833,1847,2,2025-11-04,1,1,2,299.0,128.0,0.0
16834,665,4,2025-11-04,3,4,1,349.0,147.0,0.0
16835,1816,4,2025-11-04,1,2,1,349.0,147.0,0.0
16836,104,4,2025-11-04,3,3,1,349.0,147.0,0.0
16837,472,3,2025-11-04,7,1,1,329.0,141.0,0.0
16838,256,5,2025-11-04,7,2,1,349.0,147.0,0.0
16839,163,4,2025-11-04,3,2,1,349.0,147.0,0.0
16840,961,4,2025-11-04,1,2,1,349.0,147.0,0.0
16841,1847,5,2025-11-04,6,3,1,349.0,147.0,0.0
16842,1764,4,2025-11-04,1,2,1,349.0,147.0,0.0
16843,1350,2,2025-11-04,4,1,1,299.0,128.0,0.0
16844,190,1,2025-11-04,3,3,1,299.0,128.0,0.0
16845,176,6,2025-11-04,3,5,1,499.0,210.0,0.0
16846,1364,2,2025-11-04,4,2,1,299.0,128.0,0.0
16847,82,1,2025-11-04,1,1,1,299.0,128.0,0.0
16848,1074,6,2025-11-04,4,4,1,499.0,210.0,0.0
16849,1204,2,2025-11-05,1,1,1,299.0,128.0,0.0
16850,1406,2,2025-11-05,1,1,1,299.0,128.0,0.0
16851,1455,2,2025-11-05,3,2,2,254.15,128.0,44.85
16852,463,5,2025-11-05,1,5,1,349.0,147.0,0.0
16853,674,2,2025-11-05,1,1,1,299.0,128.0,0.0
16854,707,4,2025-11-05,7,2,2,349.0,147.0,0.0
16855,849,2,2025-11-05,3,1,1,299.0,128.0,0.0
16856,795,5,2025-11-05,1,3,1,349.0,147.0,0.0
16857,1776,2,2025-11-05,2,2,1,299.0,128.0,0.0
16858,1446,1,2025-11-05,3,2,1,299.0,128.0,0.0
16859,1810,5,2025-11-05,2,3,1,296.65,147.0,52.35
16860,1902,2,2025-11-05,5,3,1,299.0,128.0,0.0
16861,1748,5,2025-11-05,5,2,1,349.0,147.0,0.0
16862,1827,5,2025-11-05,1,3,1,314.1,147.0,34.9
16863,980,3,2025-11-05,6,3,1,329.0,141.0,0.0
16864,1953,4,2025-11-05,1,1,1,349.0,147.0,0.0
16865,1802,4,2025-11-05,1,4,1,349.0,147.0,0.0
16866,1353,1,2025-11-05,1,5,1,269.1,128.0,29.9
16867,90,4,2025-11-05,1,2,1,349.0,147.0,0.0
16868,1448,5,2025-11-05,3,3,1,349.0,147.0,0.0
16869,380,3,2025-11-05,7,1,1,329.0,141.0,0.0
16870,159,1,2025-11-05,5,1,1,299.0,128.0,0.0
16871,1391,3,2025-11-05,6,2,1,329.0,141.0,0.0
16872,1620,2,2025-11-05,4,2,1,299.0,128.0,0.0
16873,1522,4,2025-11-05,1,4,1,349.0,147.0,0.0
16874,948,3,2025-11-05,5,3,1,329.0,141.0,0.0
16875,1595,3,2025-11-05,1,2,2,329.0,141.0,0.0
16876,37,2,2025-11-05,7,3,1,299.0,128.0,0.0
16877,669,4,2025-11-05,3,2,1,349.0,147.0,0.0
16878,1388,2,2025-11-05,1,3,1,299.0,128.0,0.0
16879,1269,2,2025-11-05,2,1,1,269.1,128.0,29.9
16880,1258,1,2025-11-05,7,1,1,299.0,128.0,0.0
16881,1886,6,2025-11-05,1,3,1,449.1,210.0,49.9
16882,1798,5,2025-11-05,2,1,1,349.0,147.0,0.0
16883,886,5,2025-11-05,4,2,2,349.0,147.0,0.0
16884,600,3,2025-11-05,1,1,1,279.65,141.0,49.35
16885,949,6,2025-11-05,7,1,1,499.0,210.0,0.0
16886,922,6,2025-11-05,2,1,2,499.0,210.0,0.0
16887,1317,1,2025-11-05,3,1,2,299.0,128.0,0.0
16888,1401,2,2025-11-05,4,5,1,299.0,128.0,0.0
16889,948,2,2025-11-05,5,1,1,299.0,128.0,0.0
16890,67,5,2025-11-05,3,1,1,349.0,147.0,0.0
16891,1236,1,2025-11-05,5,3,1,299.0,128.0,0.0
16892,660,4,2025-11-05,3,1,1,349.0,147.0,0.0
16893,86,1,2025-11-05,7,2,1,299.0,128.0,0.0
16894,1424,5,2025-11-05,7,5,1,314.1,147.0,34.9
16895,781,5,2025-11-05,1,1,1,314.1,147.0,34.9
16896,574,4,2025-11-05,7,4,1,349.0,147.0,0.0
16897,1365,4,2025-11-05,5,2,1,349.0,147.0,0.0
16898,1224,5,2025-11-05,8,1,1,314.1,147.0,34.9
16899,1027,4,2025-11-05,1,2,1,349.0,147.0,0.0
16900,1289,4,2025-11-05,1,2,1,349.0,147.0,0.0
16901,1526,2,2025-11-05,7,3,1,299.0,128.0,0.0
16902,685,3,2025-11-05,1,2,1,279.65,141.0,49.35
16903,1016,4,2025-11-05,7,4,1,349.0,147.0,0.0
16904,1180,4,2025-11-05,1,3,2,349.0,147.0,0.0
16905,17,4,2025-11-05,1,4,1,349.0,147.0,0.0
16906,849,2,2025-11-05,3,2,1,299.0,128.0,0.0
16907,496,3,2025-11-05,1,1,1,296.1,141.0,32.9
16908,1274,5,2025-11-05,3,5,1,314.1,147.0,34.9
16909,157,5,2025-11-05,1,1,1,349.0,147.0,0.0
16910,1986,4,2025-11-05,9,2,1,314.1,147.0,34.9
16911,147,3,2025-11-05,5,2,1,329.0,141.0,0.0
16912,1668,5,2025-11-05,5,2,1,314.1,147.0,34.9
16913,1129,1,2025-11-05,3,2,1,254.15,128.0,44.85
16914,60,4,2025-11-05,4,2,1,349.0,147.0,0.0
16915,1899,5,2025-11-05,1,1,1,349.0,147.0,0.0
16916,619,4,2025-11-06,3,5,1,349.0,147.0,0.0
16917,27,4,2025-11-06,5,1,1,349.0,147.0,0.0
16918,1081,1,2025-11-06,4,2,2,269.1,128.0,29.9
16919,95,2,2025-11-06,5,1,1,269.1,128.0,29.9
16920,375,2,2025-11-06,5,2,1,299.0,128.0,0.0
16921,289,1,2025-11-06,5,1,1,299.0,128.0,0.0
16922,78,5,2025-11-06,7,2,1,296.65,147.0,52.35
16923,1328,6,2025-11-06,3,2,1,499.0,210.0,0.0
16924,468,6,2025-11-06,2,5,1,499.0,210.0,0.0
16925,266,2,2025-11-06,8,2,1,299.0,128.0,0.0
16926,91,1,2025-11-06,1,4,1,299.0,128.0,0.0
16927,181,6,2025-11-06,7,2,1,449.1,210.0,49.9
16928,487,4,2025-11-06,3,1,1,349.0,147.0,0.0
16929,748,3,2025-11-06,7,2,2,329.0,141.0,0.0
16930,183,4,2025-11-06,3,1,1,349.0,147.0,0.0
16931,728,2,2025-11-06,3,3,1,299.0,128.0,0.0
16932,1118,4,2025-11-06,7,1,1,349.0,147.0,0.0
16933,254,4,2025-11-06,7,1,1,349.0,147.0,0.0
16934,604,2,2025-11-06,1,1,1,254.15,128.0,44.85
16935,880,1,2025-11-06,1,5,1,299.0,128.0,0.0
16936,326,2,2025-11-06,6,3,1,299.0,128.0,0.0
16937,106,1,2025-11-06,1,1,1,299.0,128.0,0.0
16938,1694,3,2025-11-06,3,3,1,279.65,141.0,49.35
16939,1797,1,2025-11-06,4,1,1,299.0,128.0,0.0
16940,436,3,2025-11-06,6,2,1,329.0,141.0,0.0
16941,561,1,2025-11-06,1,1,1,299.0,128.0,0.0
16942,1292,4,2025-11-06,4,3,1,349.0,147.0,0.0
16943,1782,4,2025-11-06,2,5,1,349.0,147.0,0.0
16944,1227,4,2025-11-06,1,3,1,314.1,147.0,34.9
16945,148,2,2025-11-06,7,2,1,299.0,128.0,0.0
16946,1043,6,2025-11-06,7,2,1,449.1,210.0,49.9
16947,527,1,2025-11-06,8,1,1,299.0,128.0,0.0
16948,1958,4,2025-11-06,2,4,1,349.0,147.0,0.0
16949,462,5,2025-11-06,1,3,1,296.65,147.0,52.35
16950,647,5,2025-11-06,1,1,1,349.0,147.0,0.0
16951,1526,4,2025-11-06,4,3,1,349.0,147.0,0.0
16952,1358,3,2025-11-06,1,1,1,329.0,141.0,0.0
16953,971,3,2025-11-06,6,1,1,329.0,141.0,0.0
16954,1736,1,2025-11-06,1,2,1,299.0,128.0,0.0
16955,1409,1,2025-11-06,3,1,1,299.0,128.0,0.0
16956,1157,4,2025-11-06,2,4,1,349.0,147.0,0.0
16957,1501,4,2025-11-06,3,5,1,314.1,147.0,34.9
16958,1229,6,2025-11-06,3,2,1,424.15,210.0,74.85
16959,814,4,2025-11-06,4,2,1,349.0,147.0,0.0
16960,1032,3,2025-11-06,5,3,1,329.0,141.0,0.0
16961,797,4,2025-11-06,1,1,1,349.0,147.0,0.0
16962,1313,4,2025-11-06,3,1,1,296.65,147.0,52.35
16963,606,5,2025-11-06,6,5,1,349.0,147.0,0.0
16964,364,2,2025-11-06,3,2,1,254.15,128.0,44.85
16965,566,3,2025-11-06,1,1,1,329.0,141.0,0.0
16966,1111,4,2025-11-06,1,5,1,349.0,147.0,0.0
16967,281,1,2025-11-06,5,3,1,299.0,128.0,0.0
16968,77,1,2025-11-06,7,1,1,299.0,128.0,0.0
16969,1644,5,2025-11-06,1,2,2,314.1,147.0,34.9
16970,1354,5,2025-11-06,1,2,1,349.0,147.0,0.0
16971,120,3,2025-11-06,4,4,1,329.0,141.0,0.0
16972,1175,1,2025-11-06,1,1,1,269.1,128.0,29.9
16973,832,1,2025-11-06,9,4,2,299.0,128.0,0.0
16974,1111,5,2025-11-06,1,4,1,349.0,147.0,0.0
16975,1550,5,2025-11-06,7,4,1,314.1,147.0,34.9
16976,910,5,2025-11-06,1,1,1,349.0,147.0,0.0
16977,513,3,2025-11-06,1,4,1,329.0,141.0,0.0
16978,568,1,2025-11-06,1,1,1,299.0,128.0,0.0
16979,290,4,2025-11-06,6,5,1,349.0,147.0,0.0
16980,772,2,2025-11-06,4,3,1,269.1,128.0,29.9
16981,302,5,2025-11-06,2,3,1,349.0,147.0,0.0
16982,495,5,2025-11-06,3,1,1,349.0,147.0,0.0
16983,1950,1,2025-11-06,5,5,1,299.0,128.0,0.0
16984,1280,3,2025-11-07,4,4,1,329.0,141.0,0.0
16985,854,4,2025-11-07,5,2,1,349.0,147.0,0.0
16986,227,2,2025-11-07,1,1,1,299.0,128.0,0.0
16987,1129,1,2025-11-07,3,2,1,299.0,128.0,0.0
16988,935,6,2025-11-07,1,2,1,424.15,210.0,74.85
16989,646,3,2025-11-07,5,4,1,296.1,141.0,32.9
16990,950,2,2025-11-07,3,2,1,254.15,128.0,44.85
16991,143,4,2025-11-07,5,4,1,349.0,147.0,0.0
16992,518,5,2025-11-07,6,3,1,349.0,147.0,0.0
16993,378,2,2025-11-07,3,1,1,254.15,128.0,44.85
16994,1780,1,2025-11-07,3,5,1,269.1,128.0,29.9
16995,1366,4,2025-11-07,1,2,1,296.65,147.0,52.35
16996,562,1,2025-11-07,7,1,1,299.0,128.0,0.0
16997,1176,1,2025-11-07,1,3,1,299.0,128.0,0.0
16998,1111,4,2025-11-07,1,3,1,349.0,147.0,0.0
16999,1132,1,2025-11-07,1,3,1,269.1,128.0,29.9
17000,70,5,2025-11-07,2,3,1,349.0,147.0,0.0
17001,1798,2,2025-11-07,4,1,1,254.15,128.0,44.85
17002,349,1,2025-11-07,3,3,1,299.0,128.0,0.0
17003,209,1,2025-11-07,1,1,1,254.15,128.0,44.85
17004,1860,5,2025-11-07,3,2,1,349.0,147.0,0.0
17005,404,1,2025-11-07,5,2,1,269.1,128.0,29.9
17006,1568,4,2025-11-07,4,5,1,349.0,147.0,0.0
17007,1578,1,2025-11-07,1,5,1,299.0,128.0,0.0
17008,56,4,2025-11-07,1,3,1,314.1,147.0,34.9
17009,999,5,2025-11-07,1,5,1,349.0,147.0,0.0
17010,1246,3,2025-11-07,5,1,1,329.0,141.0,0.0
17011,968,1,2025-11-07,1,2,1,299.0,128.0,0.0
17012,1477,2,2025-11-07,4,3,1,299.0,128.0,0.0
17013,1919,2,2025-11-07,6,5,1,299.0,128.0,0.0
17014,1194,6,2025-11-07,7,5,1,449.1,210.0,49.9
17015,1528,3,2025-11-07,1,3,1,329.0,141.0,0.0
17016,349,4,2025-11-07,7,2,1,349.0,147.0,0.0
17017,982,1,2025-11-07,4,1,1,299.0,128.0,0.0
17018,1940,2,2025-11-07,1,2,1,299.0,128.0,0.0
17019,1728,5,2025-11-07,4,1,1,349.0,147.0,0.0
17020,1213,5,2025-11-07,5,1,1,314.1,147.0,34.9
17021,1424,3,2025-11-07,2,2,1,279.65,141.0,49.35
17022,119,2,2025-11-07,1,5,1,299.0,128.0,0.0
17023,1766,3,2025-11-07,3,5,1,329.0,141.0,0.0
17024,568,4,2025-11-07,5,1,1,349.0,147.0,0.0
17025,682,1,2025-11-07,6,2,1,299.0,128.0,0.0
17026,117,5,2025-11-07,1,1,1,349.0,147.0,0.0
17027,1720,1,2025-11-07,1,4,2,299.0,128.0,0.0
17028,362,4,2025-11-07,5,2,1,349.0,147.0,0.0
17029,186,2,2025-11-07,3,1,1,299.0,128.0,0.0
17030,161,2,2025-11-07,1,1,1,299.0,128.0,0.0
17031,519,5,2025-11-07,1,3,1,349.0,147.0,0.0
17032,810,1,2025-11-07,4,3,1,299.0,128.0,0.0
17033,879,4,2025-11-07,1,1,1,349.0,147.0,0.0
17034,1200,4,2025-11-07,2,1,1,349.0,147.0,0.0
17035,1058,4,2025-11-07,7,4,1,349.0,147.0,0.0
17036,1952,5,2025-11-07,5,2,1,349.0,147.0,0.0
17037,761,4,2025-11-07,4,2,1,349.0,147.0,0.0
17038,1815,4,2025-11-07,1,2,1,349.0,147.0,0.0
17039,1308,1,2025-11-07,2,3,1,299.0,128.0,0.0
17040,1569,2,2025-11-07,4,1,1,269.1,128.0,29.9
17041,741,4,2025-11-07,3,5,1,296.65,147.0,52.35
17042,621,1,2025-11-07,1,1,1,299.0,128.0,0.0
17043,973,2,2025-11-07,4,1,1,299.0,128.0,0.0
17044,715,6,2025-11-07,9,1,1,499.0,210.0,0.0
17045,168,2,2025-11-07,2,1,1,299.0,128.0,0.0
17046,229,3,2025-11-07,2,1,1,329.0,141.0,0.0
17047,263,2,2025-11-07,5,3,1,269.1,128.0,29.9
17048,1432,4,2025-11-07,1,1,1,349.0,147.0,0.0
17049,1741,5,2025-11-07,3,1,1,349.0,147.0,0.0
17050,1472,3,2025-11-07,3,4,1,329.0,141.0,0.0
17051,1209,3,2025-11-07,2,2,1,329.0,141.0,0.0
17052,1168,5,2025-11-07,6,4,1,349.0,147.0,0.0
17053,1419,2,2025-11-07,1,5,1,269.1,128.0,29.9
17054,1443,1,2025-11-07,1,5,1,254.15,128.0,44.85
17055,785,3,2025-11-08,4,1,1,329.0,141.0,0.0
17056,1230,3,2025-11-08,1,2,1,329.0,141.0,0.0
17057,592,3,2025-11-08,5,1,1,296.1,141.0,32.9
17058,1355,4,2025-11-08,1,2,1,349.0,147.0,0.0
17059,39,1,2025-11-08,2,1,2,299.0,128.0,0.0
17060,1922,5,2025-11-08,5,3,1,349.0,147.0,0.0
17061,278,5,2025-11-08,5,5,1,349.0,147.0,0.0
17062,1061,5,2025-11-08,7,4,1,349.0,147.0,0.0
17063,29,5,2025-11-08,2,1,1,314.1,147.0,34.9
17064,1411,4,2025-11-08,4,2,1,349.0,147.0,0.0
17065,1289,4,2025-11-08,3,2,1,314.1,147.0,34.9
17066,740,1,2025-11-08,1,2,1,299.0,128.0,0.0
17067,1857,2,2025-11-08,1,2,1,269.1,128.0,29.9
17068,458,5,2025-11-08,8,2,1,349.0,147.0,0.0
17069,1290,4,2025-11-08,2,1,2,349.0,147.0,0.0
17070,54,2,2025-11-08,2,4,1,269.1,128.0,29.9
17071,485,4,2025-11-08,5,2,2,349.0,147.0,0.0
17072,1831,4,2025-11-08,1,2,1,349.0,147.0,0.0
17073,120,1,2025-11-08,1,5,1,299.0,128.0,0.0
17074,1394,2,2025-11-08,5,2,1,299.0,128.0,0.0
17075,1241,2,2025-11-08,7,4,1,299.0,128.0,0.0
17076,1578,6,2025-11-08,7,1,1,499.0,210.0,0.0
17077,1503,4,2025-11-08,1,1,1,349.0,147.0,0.0
17078,533,4,2025-11-08,3,2,1,349.0,147.0,0.0
17079,1418,3,2025-11-08,1,1,1,329.0,141.0,0.0
17080,814,2,2025-11-08,3,1,1,299.0,128.0,0.0
17081,1431,2,2025-11-08,5,2,1,269.1,128.0,29.9
17082,1569,5,2025-11-08,1,2,1,349.0,147.0,0.0
17083,974,5,2025-11-08,3,1,1,314.1,147.0,34.9
17084,754,4,2025-11-08,1,4,1,296.65,147.0,52.35
17085,1145,4,2025-11-08,5,2,1,349.0,147.0,0.0
17086,1321,1,2025-11-08,4,2,1,299.0,128.0,0.0
17087,140,2,2025-11-08,1,1,1,299.0,128.0,0.0
17088,722,6,2025-11-08,3,1,1,499.0,210.0,0.0
17089,296,2,2025-11-08,5,3,1,269.1,128.0,29.9
17090,1955,4,2025-11-08,7,1,1,349.0,147.0,0.0
17091,1397,6,2025-11-08,1,2,1,499.0,210.0,0.0
17092,932,6,2025-11-08,3,5,1,499.0,210.0,0.0
17093,28,6,2025-11-08,7,2,1,499.0,210.0,0.0
17094,308,6,2025-11-08,2,2,1,499.0,210.0,0.0
17095,1232,3,2025-11-08,1,3,2,329.0,141.0,0.0
17096,1725,1,2025-11-08,5,4,1,269.1,128.0,29.9
17097,1924,4,2025-11-08,2,2,1,349.0,147.0,0.0
17098,301,5,2025-11-08,1,2,1,349.0,147.0,0.0
17099,1616,3,2025-11-08,1,5,1,329.0,141.0,0.0
17100,204,3,2025-11-08,5,3,1,329.0,141.0,0.0
17101,281,4,2025-11-08,4,1,1,349.0,147.0,0.0
17102,1619,4,2025-11-08,5,1,1,349.0,147.0,0.0
17103,771,4,2025-11-08,4,5,1,349.0,147.0,0.0
17104,2000,1,2025-11-08,3,4,1,254.15,128.0,44.85
17105,183,5,2025-11-08,3,1,1,314.1,147.0,34.9
17106,510,2,2025-11-08,1,2,2,299.0,128.0,0.0
17107,1926,3,2025-11-08,1,1,1,279.65,141.0,49.35
17108,1310,5,2025-11-08,5,3,1,349.0,147.0,0.0
17109,147,5,2025-11-08,6,2,1,349.0,147.0,0.0
17110,726,4,2025-11-08,2,2,1,349.0,147.0,0.0
17111,425,4,2025-11-08,1,5,1,349.0,147.0,0.0
17112,1285,1,2025-11-08,7,1,1,269.1,128.0,29.9
17113,1707,2,2025-11-08,3,1,1,299.0,128.0,0.0
17114,314,4,2025-11-08,1,1,1,349.0,147.0,0.0
17115,386,6,2025-11-08,4,2,1,449.1,210.0,49.9
17116,1962,3,2025-11-08,2,1,1,329.0,141.0,0.0
17117,1526,1,2025-11-08,1,4,1,299.0,128.0,0.0
17118,1173,1,2025-11-08,4,1,1,299.0,128.0,0.0
17119,1946,6,2025-11-08,3,5,1,499.0,210.0,0.0
17120,298,2,2025-11-08,9,1,1,299.0,128.0,0.0
17121,1041,4,2025-11-08,5,2,1,349.0,147.0,0.0
17122,1404,1,2025-11-08,1,4,1,269.1,128.0,29.9
17123,1885,2,2025-11-08,1,2,1,299.0,128.0,0.0
17124,1250,5,2025-11-08,5,5,1,296.65,147.0,52.35
17125,352,4,2025-11-08,3,3,1,349.0,147.0,0.0
17126,1696,6,2025-11-08,1,3,1,499.0,210.0,0.0
17127,1597,5,2025-11-08,1,4,1,349.0,147.0,0.0
17128,541,5,2025-11-08,5,2,2,296.65,147.0,52.35
17129,126,5,2025-11-09,1,3,1,349.0,147.0,0.0
17130,777,1,2025-11-09,2,3,1,299.0,128.0,0.0
17131,1028,2,2025-11-09,1,5,1,299.0,128.0,0.0
17132,1803,4,2025-11-09,5,2,1,314.1,147.0,34.9
17133,1400,1,2025-11-09,1,1,1,299.0,128.0,0.0
17134,601,5,2025-11-09,5,2,1,314.1,147.0,34.9
17135,206,5,2025-11-09,3,1,1,314.1,147.0,34.9
17136,1557,4,2025-11-09,1,1,1,314.1,147.0,34.9
17137,1231,2,2025-11-09,1,1,1,299.0,128.0,0.0
17138,523,2,2025-11-09,1,4,1,299.0,128.0,0.0
17139,1294,4,2025-11-09,2,1,1,349.0,147.0,0.0
17140,1864,2,2025-11-09,2,3,1,299.0,128.0,0.0
17141,480,5,2025-11-09,6,3,1,349.0,147.0,0.0
17142,654,5,2025-11-09,3,1,1,349.0,147.0,0.0
17143,2,5,2025-11-09,8,3,1,296.65,147.0,52.35
17144,1561,5,2025-11-09,3,2,2,349.0,147.0,0.0
17145,1836,3,2025-11-09,3,2,1,329.0,141.0,0.0
17146,542,2,2025-11-09,3,3,1,299.0,128.0,0.0
17147,510,1,2025-11-09,1,2,1,299.0,128.0,0.0
17148,842,4,2025-11-09,2,2,2,296.65,147.0,52.35
17149,952,1,2025-11-09,1,2,1,299.0,128.0,0.0
17150,870,2,2025-11-09,3,3,1,299.0,128.0,0.0
17151,136,2,2025-11-09,1,2,1,269.1,128.0,29.9
17152,1219,1,2025-11-09,1,5,1,299.0,128.0,0.0
17153,1984,1,2025-11-09,2,3,1,299.0,128.0,0.0
17154,1701,2,2025-11-09,5,1,1,269.1,128.0,29.9
17155,718,5,2025-11-09,5,3,1,349.0,147.0,0.0
17156,396,4,2025-11-09,9,2,1,314.1,147.0,34.9
17157,465,1,2025-11-09,2,1,1,299.0,128.0,0.0
17158,1695,5,2025-11-09,2,1,1,296.65,147.0,52.35
17159,1535,2,2025-11-09,5,1,1,299.0,128.0,0.0
17160,241,5,2025-11-09,5,5,1,349.0,147.0,0.0
17161,1028,5,2025-11-09,6,5,1,349.0,147.0,0.0
17162,1713,5,2025-11-09,2,3,1,349.0,147.0,0.0
17163,1351,4,2025-11-09,3,3,1,349.0,147.0,0.0
17164,655,4,2025-11-09,5,1,1,349.0,147.0,0.0
17165,517,5,2025-11-09,3,3,1,349.0,147.0,0.0
17166,1974,2,2025-11-09,1,5,1,254.15,128.0,44.85
17167,418,2,2025-11-09,3,5,1,299.0,128.0,0.0
17168,1557,2,2025-11-09,3,2,1,299.0,128.0,0.0
17169,1486,4,2025-11-09,3,2,1,349.0,147.0,0.0
17170,924,1,2025-11-09,1,2,2,299.0,128.0,0.0
17171,1481,4,2025-11-09,6,2,1,314.1,147.0,34.9
17172,1487,6,2025-11-09,2,1,1,499.0,210.0,0.0
17173,1607,5,2025-11-09,3,4,1,349.0,147.0,0.0
17174,1721,4,2025-11-09,1,2,1,349.0,147.0,0.0
17175,1367,5,2025-11-09,3,2,1,349.0,147.0,0.0
17176,1946,2,2025-11-09,1,3,1,299.0,128.0,0.0
17177,372,4,2025-11-09,5,1,1,349.0,147.0,0.0
17178,1972,6,2025-11-09,1,5,1,424.15,210.0,74.85
17179,143,2,2025-11-09,1,1,1,299.0,128.0,0.0
17180,752,2,2025-11-09,3,5,1,299.0,128.0,0.0
17181,539,5,2025-11-09,1,5,1,349.0,147.0,0.0
17182,1736,4,2025-11-09,1,2,1,349.0,147.0,0.0
17183,369,1,2025-11-09,1,5,1,299.0,128.0,0.0
17184,492,2,2025-11-09,1,2,1,299.0,128.0,0.0
17185,390,5,2025-11-09,4,1,1,349.0,147.0,0.0
17186,1177,4,2025-11-09,3,4,1,349.0,147.0,0.0
17187,1335,3,2025-11-09,1,4,2,329.0,141.0,0.0
17188,1799,5,2025-11-09,1,1,1,349.0,147.0,0.0
17189,1879,4,2025-11-09,1,1,1,314.1,147.0,34.9
17190,18,1,2025-11-09,3,2,1,299.0,128.0,0.0
17191,1227,5,2025-11-09,1,5,1,349.0,147.0,0.0
17192,58,6,2025-11-09,5,1,1,449.1,210.0,49.9
17193,316,1,2025-11-09,3,4,2,299.0,128.0,0.0
17194,320,4,2025-11-09,4,2,1,349.0,147.0,0.0
17195,546,5,2025-11-09,1,3,1,349.0,147.0,0.0
17196,1736,5,2025-11-09,8,1,1,314.1,147.0,34.9
17197,606,3,2025-11-09,3,5,1,329.0,141.0,0.0
17198,1784,1,2025-11-09,5,3,1,299.0,128.0,0.0
17199,365,5,2025-11-10,1,3,1,314.1,147.0,34.9
17200,1076,5,2025-11-10,1,1,1,349.0,147.0,0.0
17201,696,4,2025-11-10,1,1,1,349.0,147.0,0.0
17202,790,4,2025-11-10,3,4,1,349.0,147.0,0.0
17203,1559,1,2025-11-10,1,3,1,299.0,128.0,0.0
17204,1658,4,2025-11-10,3,1,2,296.65,147.0,52.35
17205,457,1,2025-11-10,3,5,1,254.15,128.0,44.85
17206,1059,3,2025-11-10,1,4,1,329.0,141.0,0.0
17207,1915,4,2025-11-10,2,1,1,349.0,147.0,0.0
17208,1254,2,2025-11-10,2,1,1,299.0,128.0,0.0
17209,1738,1,2025-11-10,1,1,1,299.0,128.0,0.0
17210,975,5,2025-11-10,3,1,1,349.0,147.0,0.0
17211,1015,4,2025-11-10,6,1,1,349.0,147.0,0.0
17212,1922,5,2025-11-10,3,2,1,349.0,147.0,0.0
17213,1252,2,2025-11-10,3,2,1,299.0,128.0,0.0
17214,234,6,2025-11-10,3,1,1,499.0,210.0,0.0
17215,265,3,2025-11-10,4,2,1,329.0,141.0,0.0
17216,166,4,2025-11-10,5,2,1,314.1,147.0,34.9
17217,308,2,2025-11-10,2,2,1,299.0,128.0,0.0
17218,1335,5,2025-11-10,1,2,1,349.0,147.0,0.0
17219,1893,4,2025-11-10,1,3,2,349.0,147.0,0.0
17220,1980,4,2025-11-10,3,2,1,349.0,147.0,0.0
17221,1074,1,2025-11-10,3,2,1,299.0,128.0,0.0
17222,1774,1,2025-11-10,4,3,1,299.0,128.0,0.0
17223,1989,1,2025-11-10,1,2,1,269.1,128.0,29.9
17224,208,3,2025-11-10,3,1,1,329.0,141.0,0.0
17225,1895,5,2025-11-10,5,1,1,349.0,147.0,0.0
17226,657,5,2025-11-10,4,5,1,349.0,147.0,0.0
17227,1601,4,2025-11-10,4,1,2,296.65,147.0,52.35
17228,1440,6,2025-11-10,4,1,1,499.0,210.0,0.0
17229,1263,4,2025-11-10,2,5,1,349.0,147.0,0.0
17230,565,4,2025-11-10,2,3,1,349.0,147.0,0.0
17231,1405,6,2025-11-10,5,2,2,499.0,210.0,0.0
17232,1450,4,2025-11-10,2,4,1,349.0,147.0,0.0
17233,1553,1,2025-11-10,5,1,1,269.1,128.0,29.9
17234,699,5,2025-11-10,5,2,1,349.0,147.0,0.0
17235,1315,6,2025-11-10,7,2,1,449.1,210.0,49.9
17236,1118,5,2025-11-10,3,1,1,296.65,147.0,52.35
17237,1772,4,2025-11-10,5,2,1,349.0,147.0,0.0
17238,448,3,2025-11-10,1,2,1,279.65,141.0,49.35
17239,1604,1,2025-11-10,5,2,1,299.0,128.0,0.0
17240,1351,5,2025-11-10,7,2,1,349.0,147.0,0.0
17241,1542,2,2025-11-10,1,4,1,299.0,128.0,0.0
17242,876,1,2025-11-10,8,3,1,299.0,128.0,0.0
17243,1129,4,2025-11-10,7,1,1,349.0,147.0,0.0
17244,1089,5,2025-11-10,1,1,1,349.0,147.0,0.0
17245,159,5,2025-11-10,5,2,1,349.0,147.0,0.0
17246,1552,6,2025-11-10,8,2,1,499.0,210.0,0.0
17247,322,4,2025-11-10,2,2,1,296.65,147.0,52.35
17248,1380,5,2025-11-10,1,2,1,349.0,147.0,0.0
17249,156,4,2025-11-10,5,4,2,314.1,147.0,34.9
17250,1523,2,2025-11-10,1,1,1,254.15,128.0,44.85
17251,1591,3,2025-11-10,5,2,1,329.0,141.0,0.0
17252,639,5,2025-11-10,1,1,1,349.0,147.0,0.0
17253,1746,3,2025-11-10,2,5,1,329.0,141.0,0.0
17254,1430,5,2025-11-10,1,1,1,349.0,147.0,0.0
17255,42,6,2025-11-10,2,2,1,499.0,210.0,0.0
17256,598,6,2025-11-10,4,1,1,449.1,210.0,49.9
17257,513,6,2025-11-10,2,1,1,499.0,210.0,0.0
17258,26,1,2025-11-10,6,1,2,269.1,128.0,29.9
17259,806,5,2025-11-10,3,3,1,349.0,147.0,0.0
17260,977,4,2025-11-10,1,3,2,349.0,147.0,0.0
17261,1847,5,2025-11-10,1,5,1,349.0,147.0,0.0
17262,447,3,2025-11-10,2,3,1,329.0,141.0,0.0
17263,250,4,2025-11-10,8,1,1,349.0,147.0,0.0
17264,248,4,2025-11-10,3,1,1,349.0,147.0,0.0
17265,351,4,2025-11-10,5,2,1,296.65,147.0,52.35
17266,491,1,2025-11-10,9,1,1,299.0,128.0,0.0
17267,1846,4,2025-11-10,7,3,1,349.0,147.0,0.0
17268,632,4,2025-11-10,1,5,1,349.0,147.0,0.0
17269,719,2,2025-11-10,5,2,1,299.0,128.0,0.0
17270,112,4,2025-11-10,4,2,1,349.0,147.0,0.0
17271,1742,1,2025-11-10,4,1,1,299.0,128.0,0.0
17272,945,5,2025-11-10,7,2,1,296.65,147.0,52.35
17273,1536,4,2025-11-11,2,1,1,296.65,147.0,52.35
17274,641,2,2025-11-11,7,1,1,299.0,128.0,0.0
17275,1088,2,2025-11-11,8,1,1,299.0,128.0,0.0
17276,1391,4,2025-11-11,3,3,1,349.0,147.0,0.0
17277,988,5,2025-11-11,5,3,1,349.0,147.0,0.0
17278,835,1,2025-11-11,2,2,1,269.1,128.0,29.9
17279,1623,5,2025-11-11,4,1,1,349.0,147.0,0.0
17280,1739,5,2025-11-11,5,2,1,349.0,147.0,0.0
17281,706,4,2025-11-11,5,5,1,349.0,147.0,0.0
17282,848,4,2025-11-11,1,1,1,349.0,147.0,0.0
17283,252,6,2025-11-11,5,2,1,499.0,210.0,0.0
17284,1992,6,2025-11-11,5,2,1,499.0,210.0,0.0
17285,1009,4,2025-11-11,1,2,1,296.65,147.0,52.35
17286,1906,4,2025-11-11,2,1,1,349.0,147.0,0.0
17287,41,5,2025-11-11,3,2,1,349.0,147.0,0.0
17288,1020,3,2025-11-11,5,1,1,329.0,141.0,0.0
17289,704,5,2025-11-11,1,1,1,349.0,147.0,0.0
17290,371,5,2025-11-11,1,2,1,349.0,147.0,0.0
17291,966,5,2025-11-11,6,2,2,314.1,147.0,34.9
17292,1897,1,2025-11-11,6,2,2,299.0,128.0,0.0
17293,1596,2,2025-11-11,5,5,1,299.0,128.0,0.0
17294,986,5,2025-11-11,8,5,1,349.0,147.0,0.0
17295,1805,6,2025-11-11,1,3,1,499.0,210.0,0.0
17296,184,4,2025-11-11,1,1,1,349.0,147.0,0.0
17297,907,6,2025-11-11,4,1,1,499.0,210.0,0.0
17298,1392,6,2025-11-11,3,3,1,499.0,210.0,0.0
17299,1124,2,2025-11-11,2,2,1,269.1,128.0,29.9
17300,1667,5,2025-11-11,3,1,1,349.0,147.0,0.0
17301,188,6,2025-11-11,1,4,2,499.0,210.0,0.0
17302,1048,4,2025-11-11,2,4,1,349.0,147.0,0.0
17303,1890,4,2025-11-11,1,3,1,349.0,147.0,0.0
17304,1839,1,2025-11-11,3,1,1,254.15,128.0,44.85
17305,1219,4,2025-11-11,3,1,1,349.0,147.0,0.0
17306,499,5,2025-11-11,3,1,1,349.0,147.0,0.0
17307,930,5,2025-11-11,6,4,1,349.0,147.0,0.0
17308,9,3,2025-11-11,5,4,1,329.0,141.0,0.0
17309,820,6,2025-11-11,5,2,1,499.0,210.0,0.0
17310,848,2,2025-11-11,4,1,1,299.0,128.0,0.0
17311,27,5,2025-11-11,5,2,1,349.0,147.0,0.0
17312,304,1,2025-11-11,1,3,1,299.0,128.0,0.0
17313,1634,2,2025-11-11,1,1,1,299.0,128.0,0.0
17314,769,4,2025-11-11,3,5,1,314.1,147.0,34.9
17315,1740,4,2025-11-11,1,5,1,349.0,147.0,0.0
17316,1997,5,2025-11-11,3,5,1,349.0,147.0,0.0
17317,1955,2,2025-11-11,2,2,1,299.0,128.0,0.0
17318,259,3,2025-11-11,2,1,1,296.1,141.0,32.9
17319,1093,1,2025-11-11,3,2,1,299.0,128.0,0.0
17320,433,1,2025-11-11,2,3,1,299.0,128.0,0.0
17321,1940,4,2025-11-11,4,1,1,349.0,147.0,0.0
17322,1165,1,2025-11-11,3,3,1,299.0,128.0,0.0
17323,350,5,2025-11-11,1,2,1,349.0,147.0,0.0
17324,1525,2,2025-11-11,6,2,1,299.0,128.0,0.0
17325,1903,5,2025-11-11,4,3,1,314.1,147.0,34.9
17326,881,5,2025-11-11,2,1,1,349.0,147.0,0.0
17327,1256,5,2025-11-11,3,1,1,349.0,147.0,0.0
17328,291,2,2025-11-11,5,1,1,299.0,128.0,0.0
17329,1682,2,2025-11-11,1,5,1,299.0,128.0,0.0
17330,1732,4,2025-11-11,3,1,1,296.65,147.0,52.35
17331,2,5,2025-11-11,1,1,1,349.0,147.0,0.0
17332,1893,5,2025-11-11,8,2,1,349.0,147.0,0.0
17333,989,1,2025-11-11,2,2,1,299.0,128.0,0.0
17334,1663,6,2025-11-11,1,1,2,449.1,210.0,49.9
17335,862,4,2025-11-11,5,2,1,296.65,147.0,52.35
17336,1613,4,2025-11-11,5,2,1,349.0,147.0,0.0
17337,393,5,2025-11-11,3,1,1,296.65,147.0,52.35
17338,832,4,2025-11-11,1,2,1,349.0,147.0,0.0
17339,1674,4,2025-11-11,7,2,2,349.0,147.0,0.0
17340,1223,5,2025-11-11,3,1,1,349.0,147.0,0.0
17341,725,2,2025-11-11,4,2,1,299.0,128.0,0.0
17342,606,6,2025-11-11,1,1,1,499.0,210.0,0.0
17343,685,1,2025-11-11,1,1,2,269.1,128.0,29.9
17344,1744,6,2025-11-11,5,1,2,424.15,210.0,74.85
17345,927,1,2025-11-12,4,3,1,269.1,128.0,29.9
17346,1788,4,2025-11-12,8,2,2,349.0,147.0,0.0
17347,1971,2,2025-11-12,4,1,2,299.0,128.0,0.0
17348,1957,1,2025-11-12,2,2,1,299.0,128.0,0.0
17349,145,3,2025-11-12,2,2,1,296.1,141.0,32.9
17350,965,2,2025-11-12,9,2,1,299.0,128.0,0.0
17351,85,1,2025-11-12,3,2,1,254.15,128.0,44.85
17352,1032,2,2025-11-12,5,2,1,299.0,128.0,0.0
17353,1622,4,2025-11-12,3,5,1,314.1,147.0,34.9
17354,1206,2,2025-11-12,2,2,1,299.0,128.0,0.0
17355,193,5,2025-11-12,3,2,1,349.0,147.0,0.0
17356,518,3,2025-11-12,5,1,2,329.0,141.0,0.0
17357,281,1,2025-11-12,2,2,1,254.15,128.0,44.85
17358,1862,5,2025-11-12,3,1,1,349.0,147.0,0.0
17359,553,5,2025-11-12,3,5,1,314.1,147.0,34.9
17360,913,2,2025-11-12,3,5,1,299.0,128.0,0.0
17361,1431,4,2025-11-12,2,1,2,349.0,147.0,0.0
17362,1877,1,2025-11-12,3,4,1,299.0,128.0,0.0
17363,1714,4,2025-11-12,3,1,1,349.0,147.0,0.0
17364,1097,5,2025-11-12,5,2,1,349.0,147.0,0.0
17365,1800,4,2025-11-12,1,2,1,349.0,147.0,0.0
17366,1157,4,2025-11-12,5,2,1,349.0,147.0,0.0
17367,148,5,2025-11-12,7,2,1,349.0,147.0,0.0
17368,1102,4,2025-11-12,2,2,1,349.0,147.0,0.0
17369,1325,4,2025-11-12,1,4,1,349.0,147.0,0.0
17370,890,3,2025-11-12,4,1,1,296.1,141.0,32.9
17371,1765,4,2025-11-12,7,1,1,296.65,147.0,52.35
17372,541,4,2025-11-12,1,1,1,349.0,147.0,0.0
17373,1665,3,2025-11-12,1,1,1,329.0,141.0,0.0
17374,527,3,2025-11-12,1,2,1,296.1,141.0,32.9
17375,1872,2,2025-11-12,2,2,1,269.1,128.0,29.9
17376,1550,5,2025-11-12,1,3,1,349.0,147.0,0.0
17377,1338,5,2025-11-12,6,3,1,349.0,147.0,0.0
17378,1420,4,2025-11-12,7,5,1,349.0,147.0,0.0
17379,196,1,2025-11-12,2,3,1,299.0,128.0,0.0
17380,1185,5,2025-11-12,4,4,1,349.0,147.0,0.0
17381,590,5,2025-11-12,1,5,1,349.0,147.0,0.0
17382,1580,4,2025-11-12,4,1,1,349.0,147.0,0.0
17383,990,5,2025-11-12,6,3,1,349.0,147.0,0.0
17384,807,5,2025-11-12,5,2,1,349.0,147.0,0.0
17385,97,5,2025-11-12,2,5,1,349.0,147.0,0.0
17386,1963,4,2025-11-12,2,1,1,296.65,147.0,52.35
17387,639,3,2025-11-12,3,1,1,329.0,141.0,0.0
17388,1428,1,2025-11-12,4,1,1,299.0,128.0,0.0
17389,1642,3,2025-11-12,5,2,1,329.0,141.0,0.0
17390,307,5,2025-11-12,1,1,1,349.0,147.0,0.0
17391,513,1,2025-11-12,5,1,1,299.0,128.0,0.0
17392,1544,6,2025-11-12,9,1,1,499.0,210.0,0.0
17393,1875,4,2025-11-12,2,2,1,349.0,147.0,0.0
17394,289,4,2025-11-12,8,4,1,296.65,147.0,52.35
17395,577,4,2025-11-12,7,1,1,314.1,147.0,34.9
17396,168,1,2025-11-12,1,1,2,299.0,128.0,0.0
17397,314,4,2025-11-12,6,4,1,349.0,147.0,0.0
17398,1414,4,2025-11-12,8,1,1,349.0,147.0,0.0
17399,1539,3,2025-11-12,7,3,1,329.0,141.0,0.0
17400,633,6,2025-11-12,4,1,1,499.0,210.0,0.0
17401,950,2,2025-11-12,1,2,2,299.0,128.0,0.0
17402,276,5,2025-11-12,1,4,1,349.0,147.0,0.0
17403,108,5,2025-11-12,2,1,1,349.0,147.0,0.0
17404,490,6,2025-11-12,3,4,1,499.0,210.0,0.0
17405,1542,3,2025-11-12,1,1,1,329.0,141.0,0.0
17406,1444,2,2025-11-12,9,1,1,299.0,128.0,0.0
17407,17,5,2025-11-12,3,1,1,349.0,147.0,0.0
17408,1985,2,2025-11-12,1,2,1,299.0,128.0,0.0
17409,1355,1,2025-11-12,1,3,1,299.0,128.0,0.0
17410,1861,3,2025-11-12,1,2,1,279.65,141.0,49.35
17411,1747,4,2025-11-12,2,3,1,349.0,147.0,0.0
17412,787,1,2025-11-12,4,2,1,299.0,128.0,0.0
17413,1900,3,2025-11-12,4,4,1,329.0,141.0,0.0
17414,101,6,2025-11-12,3,1,1,449.1,210.0,49.9
17415,143,1,2025-11-12,6,1,1,299.0,128.0,0.0
17416,1160,1,2025-11-13,2,5,1,299.0,128.0,0.0
17417,1017,5,2025-11-13,7,2,1,349.0,147.0,0.0
17418,365,5,2025-11-13,2,1,1,349.0,147.0,0.0
17419,479,2,2025-11-13,2,5,1,299.0,128.0,0.0
17420,851,5,2025-11-13,2,5,1,349.0,147.0,0.0
17421,961,3,2025-11-13,1,2,1,329.0,141.0,0.0
17422,584,1,2025-11-13,2,5,1,269.1,128.0,29.9
17423,1234,2,2025-11-13,1,2,1,299.0,128.0,0.0
17424,1405,5,2025-11-13,1,5,1,349.0,147.0,0.0
17425,251,4,2025-11-13,2,1,1,349.0,147.0,0.0
17426,1693,2,2025-11-13,1,1,1,299.0,128.0,0.0
17427,1517,6,2025-11-13,2,1,1,499.0,210.0,0.0
17428,229,4,2025-11-13,4,3,1,349.0,147.0,0.0
17429,1260,4,2025-11-13,2,3,1,349.0,147.0,0.0
17430,216,3,2025-11-13,1,1,1,329.0,141.0,0.0
17431,395,4,2025-11-13,5,1,1,349.0,147.0,0.0
17432,940,3,2025-11-13,4,1,1,329.0,141.0,0.0
17433,882,5,2025-11-13,5,2,1,349.0,147.0,0.0
17434,1376,2,2025-11-13,1,1,1,299.0,128.0,0.0
17435,1030,4,2025-11-13,2,1,1,349.0,147.0,0.0
17436,204,3,2025-11-13,3,2,1,329.0,141.0,0.0
17437,234,3,2025-11-13,1,3,1,329.0,141.0,0.0
17438,1710,6,2025-11-13,3,2,1,499.0,210.0,0.0
17439,669,2,2025-11-13,2,5,1,299.0,128.0,0.0
17440,1363,6,2025-11-13,1,1,1,499.0,210.0,0.0
17441,622,1,2025-11-13,5,2,2,299.0,128.0,0.0
17442,99,5,2025-11-13,5,4,1,296.65,147.0,52.35
17443,377,1,2025-11-13,1,2,1,299.0,128.0,0.0
17444,1563,6,2025-11-13,1,2,1,499.0,210.0,0.0
17445,1348,1,2025-11-13,4,4,1,299.0,128.0,0.0
17446,1879,5,2025-11-13,8,3,1,349.0,147.0,0.0
17447,663,5,2025-11-13,5,2,1,314.1,147.0,34.9
17448,1937,5,2025-11-13,3,1,1,349.0,147.0,0.0
17449,1049,4,2025-11-13,1,1,1,349.0,147.0,0.0
17450,931,5,2025-11-13,9,3,1,349.0,147.0,0.0
17451,407,2,2025-11-13,7,2,1,269.1,128.0,29.9
17452,617,6,2025-11-13,5,5,1,499.0,210.0,0.0
17453,927,4,2025-11-13,1,2,1,349.0,147.0,0.0
17454,1579,1,2025-11-13,6,4,1,299.0,128.0,0.0
17455,988,6,2025-11-13,6,2,1,424.15,210.0,74.85
17456,343,6,2025-11-13,7,3,1,499.0,210.0,0.0
17457,1709,3,2025-11-13,1,2,1,329.0,141.0,0.0
17458,807,4,2025-11-13,5,1,1,349.0,147.0,0.0
17459,1967,3,2025-11-13,2,4,1,329.0,141.0,0.0
17460,661,6,2025-11-13,2,1,1,499.0,210.0,0.0
17461,1285,4,2025-11-13,7,5,1,349.0,147.0,0.0
17462,1008,5,2025-11-13,1,5,1,349.0,147.0,0.0
17463,1443,1,2025-11-13,2,2,1,299.0,128.0,0.0
17464,1436,4,2025-11-13,1,5,2,314.1,147.0,34.9
17465,1682,4,2025-11-13,1,3,1,349.0,147.0,0.0
17466,247,4,2025-11-13,4,5,1,349.0,147.0,0.0
17467,1607,6,2025-11-13,7,1,1,499.0,210.0,0.0
17468,765,4,2025-11-13,1,2,1,349.0,147.0,0.0
17469,1030,3,2025-11-13,6,3,1,329.0,141.0,0.0
17470,130,2,2025-11-13,4,5,1,299.0,128.0,0.0
17471,1845,5,2025-11-13,2,3,1,349.0,147.0,0.0
17472,1266,5,2025-11-13,4,5,2,296.65,147.0,52.35
17473,575,6,2025-11-13,5,2,1,499.0,210.0,0.0
17474,153,2,2025-11-13,7,2,1,299.0,128.0,0.0
17475,186,3,2025-11-13,4,2,1,296.1,141.0,32.9
17476,1474,5,2025-11-13,1,1,1,349.0,147.0,0.0
17477,582,5,2025-11-13,1,4,1,349.0,147.0,0.0
17478,611,1,2025-11-13,7,1,1,299.0,128.0,0.0
17479,826,2,2025-11-13,1,1,1,254.15,128.0,44.85
17480,36,1,2025-11-13,2,4,1,299.0,128.0,0.0
17481,777,4,2025-11-13,5,2,1,349.0,147.0,0.0
17482,219,2,2025-11-13,1,2,1,299.0,128.0,0.0
17483,1051,6,2025-11-13,3,5,1,499.0,210.0,0.0
17484,272,5,2025-11-14,1,2,1,349.0,147.0,0.0
17485,166,4,2025-11-14,1,5,1,314.1,147.0,34.9
17486,801,2,2025-11-14,5,2,1,299.0,128.0,0.0
17487,29,2,2025-11-14,2,1,1,299.0,128.0,0.0
17488,1122,1,2025-11-14,2,1,1,299.0,128.0,0.0
17489,1390,6,2025-11-14,4,2,1,424.15,210.0,74.85
17490,450,5,2025-11-14,1,2,1,349.0,147.0,0.0
17491,369,1,2025-11-14,9,1,1,254.15,128.0,44.85
17492,1837,5,2025-11-14,3,3,1,349.0,147.0,0.0
17493,1941,2,2025-11-14,1,4,1,299.0,128.0,0.0
17494,1623,4,2025-11-14,1,1,1,349.0,147.0,0.0
17495,300,4,2025-11-14,3,1,1,349.0,147.0,0.0
17496,1442,2,2025-11-14,1,3,1,299.0,128.0,0.0
17497,1563,4,2025-11-14,2,4,1,349.0,147.0,0.0
17498,651,2,2025-11-14,1,3,1,254.15,128.0,44.85
17499,364,5,2025-11-14,1,3,1,349.0,147.0,0.0
17500,758,5,2025-11-14,6,5,1,349.0,147.0,0.0
17501,1534,3,2025-11-14,4,3,1,296.1,141.0,32.9
17502,1172,5,2025-11-14,3,2,1,349.0,147.0,0.0
17503,1845,4,2025-11-14,1,2,1,314.1,147.0,34.9
17504,123,3,2025-11-14,3,3,1,329.0,141.0,0.0
17505,113,3,2025-11-14,1,2,1,329.0,141.0,0.0
17506,1056,5,2025-11-14,2,3,1,349.0,147.0,0.0
17507,465,4,2025-11-14,2,2,1,349.0,147.0,0.0
17508,996,5,2025-11-14,5,2,1,296.65,147.0,52.35
17509,1549,4,2025-11-14,7,5,1,349.0,147.0,0.0
17510,1293,4,2025-11-14,2,2,2,349.0,147.0,0.0
17511,340,5,2025-11-14,5,1,1,349.0,147.0,0.0
17512,790,4,2025-11-14,1,2,1,349.0,147.0,0.0
17513,1323,4,2025-11-14,3,3,1,314.1,147.0,34.9
17514,532,2,2025-11-14,4,4,2,299.0,128.0,0.0
17515,994,6,2025-11-14,4,3,1,449.1,210.0,49.9
17516,354,4,2025-11-14,6,1,1,349.0,147.0,0.0
17517,679,2,2025-11-14,1,3,1,299.0,128.0,0.0
17518,1654,6,2025-11-14,4,1,1,499.0,210.0,0.0
17519,1169,3,2025-11-14,8,4,1,329.0,141.0,0.0
17520,287,5,2025-11-14,1,2,1,349.0,147.0,0.0
17521,302,5,2025-11-14,5,1,2,314.1,147.0,34.9
17522,1518,4,2025-11-14,2,2,1,349.0,147.0,0.0
17523,1258,6,2025-11-14,5,1,1,499.0,210.0,0.0
17524,553,5,2025-11-14,2,1,1,314.1,147.0,34.9
17525,153,3,2025-11-14,1,2,1,329.0,141.0,0.0
17526,505,1,2025-11-14,5,1,2,299.0,128.0,0.0
17527,1770,5,2025-11-14,2,2,1,349.0,147.0,0.0
17528,1552,4,2025-11-14,6,1,1,296.65,147.0,52.35
17529,94,2,2025-11-14,8,2,1,269.1,128.0,29.9
17530,676,3,2025-11-14,3,5,1,329.0,141.0,0.0
17531,1225,1,2025-11-14,5,1,1,254.15,128.0,44.85
17532,850,2,2025-11-14,7,3,1,299.0,128.0,0.0
17533,1587,4,2025-11-14,7,3,1,349.0,147.0,0.0
17534,731,4,2025-11-14,1,2,1,349.0,147.0,0.0
17535,1417,4,2025-11-14,3,2,1,349.0,147.0,0.0
17536,116,2,2025-11-14,8,1,1,299.0,128.0,0.0
17537,1467,5,2025-11-14,2,3,2,314.1,147.0,34.9
17538,1826,4,2025-11-14,3,1,1,314.1,147.0,34.9
17539,1084,5,2025-11-14,5,5,1,296.65,147.0,52.35
17540,768,4,2025-11-14,7,3,1,314.1,147.0,34.9
17541,120,4,2025-11-14,8,1,2,314.1,147.0,34.9
17542,1867,2,2025-11-14,1,3,1,299.0,128.0,0.0
17543,120,5,2025-11-14,3,3,1,314.1,147.0,34.9
17544,1103,1,2025-11-14,4,2,1,269.1,128.0,29.9
17545,477,5,2025-11-14,1,1,1,349.0,147.0,0.0
17546,931,4,2025-11-14,6,3,2,349.0,147.0,0.0
17547,146,1,2025-11-14,1,2,1,269.1,128.0,29.9
17548,851,4,2025-11-14,1,5,1,349.0,147.0,0.0
17549,913,1,2025-11-14,3,1,1,299.0,128.0,0.0
17550,1400,2,2025-11-14,1,2,1,299.0,128.0,0.0
17551,1697,1,2025-11-14,3,1,2,299.0,128.0,0.0
17552,635,2,2025-11-14,6,1,2,299.0,128.0,0.0
17553,516,5,2025-11-14,1,1,1,349.0,147.0,0.0
17554,1378,4,2025-11-14,7,2,1,314.1,147.0,34.9
17555,186,2,2025-11-14,2,5,1,269.1,128.0,29.9
17556,1403,2,2025-11-15,3,1,1,299.0,128.0,0.0
17557,640,6,2025-11-15,1,4,2,424.15,210.0,74.85
17558,1466,6,2025-11-15,1,3,1,499.0,210.0,0.0
17559,678,3,2025-11-15,2,1,1,329.0,141.0,0.0
17560,1204,3,2025-11-15,3,1,1,329.0,141.0,0.0
17561,1199,5,2025-11-15,3,3,1,349.0,147.0,0.0
17562,269,5,2025-11-15,1,5,1,314.1,147.0,34.9
17563,962,2,2025-11-15,3,5,1,299.0,128.0,0.0
17564,910,3,2025-11-15,5,2,1,329.0,141.0,0.0
17565,636,1,2025-11-15,3,2,1,269.1,128.0,29.9
17566,1925,4,2025-11-15,2,1,1,349.0,147.0,0.0
17567,390,1,2025-11-15,1,3,1,299.0,128.0,0.0
17568,718,5,2025-11-15,2,1,1,349.0,147.0,0.0
17569,85,2,2025-11-15,3,3,1,269.1,128.0,29.9
17570,922,2,2025-11-15,1,2,1,299.0,128.0,0.0
17571,725,4,2025-11-15,3,5,1,349.0,147.0,0.0
17572,293,5,2025-11-15,1,1,1,349.0,147.0,0.0
17573,760,1,2025-11-15,5,2,1,299.0,128.0,0.0
17574,1006,5,2025-11-15,1,1,1,349.0,147.0,0.0
17575,928,4,2025-11-15,2,2,2,349.0,147.0,0.0
17576,1963,3,2025-11-15,3,1,1,329.0,141.0,0.0
17577,368,4,2025-11-15,2,5,1,314.1,147.0,34.9
17578,488,1,2025-11-15,4,1,1,299.0,128.0,0.0
17579,967,4,2025-11-15,1,5,1,349.0,147.0,0.0
17580,1895,1,2025-11-15,1,5,1,269.1,128.0,29.9
17581,735,6,2025-11-15,7,2,1,449.1,210.0,49.9
17582,998,6,2025-11-15,4,2,1,499.0,210.0,0.0
17583,379,5,2025-11-15,1,1,1,314.1,147.0,34.9
17584,294,4,2025-11-15,3,4,1,314.1,147.0,34.9
17585,580,6,2025-11-15,7,1,1,449.1,210.0,49.9
17586,1081,3,2025-11-15,1,3,1,329.0,141.0,0.0
17587,257,3,2025-11-15,3,2,1,279.65,141.0,49.35
17588,769,5,2025-11-15,1,2,1,349.0,147.0,0.0
17589,1261,5,2025-11-15,8,1,1,349.0,147.0,0.0
17590,545,3,2025-11-15,5,3,1,329.0,141.0,0.0
17591,155,3,2025-11-15,3,4,1,279.65,141.0,49.35
17592,860,1,2025-11-15,1,1,2,254.15,128.0,44.85
17593,598,5,2025-11-15,8,2,1,349.0,147.0,0.0
17594,517,2,2025-11-15,3,4,1,299.0,128.0,0.0
17595,699,4,2025-11-15,7,1,1,349.0,147.0,0.0
17596,829,2,2025-11-15,5,4,1,254.15,128.0,44.85
17597,362,1,2025-11-15,4,3,1,299.0,128.0,0.0
17598,1942,3,2025-11-15,7,4,1,329.0,141.0,0.0
17599,87,2,2025-11-15,1,3,1,269.1,128.0,29.9
17600,1994,5,2025-11-15,1,1,1,349.0,147.0,0.0
17601,216,6,2025-11-15,5,1,1,499.0,210.0,0.0
17602,1630,4,2025-11-15,5,3,1,314.1,147.0,34.9
17603,1264,1,2025-11-15,2,5,1,254.15,128.0,44.85
17604,1188,4,2025-11-15,2,5,1,349.0,147.0,0.0
17605,1790,4,2025-11-15,2,4,1,349.0,147.0,0.0
17606,956,4,2025-11-15,8,2,1,296.65,147.0,52.35
17607,463,4,2025-11-15,8,2,1,314.1,147.0,34.9
17608,1529,5,2025-11-15,8,5,1,349.0,147.0,0.0
17609,952,4,2025-11-15,3,1,1,349.0,147.0,0.0
17610,1812,2,2025-11-15,3,1,1,269.1,128.0,29.9
17611,698,2,2025-11-15,1,5,1,299.0,128.0,0.0
17612,322,2,2025-11-15,3,4,1,299.0,128.0,0.0
17613,1025,5,2025-11-15,7,2,1,349.0,147.0,0.0
17614,1991,5,2025-11-15,4,4,1,349.0,147.0,0.0
17615,823,5,2025-11-15,3,2,1,349.0,147.0,0.0
17616,582,2,2025-11-15,5,1,1,269.1,128.0,29.9
17617,1191,5,2025-11-15,2,2,1,349.0,147.0,0.0
17618,1438,5,2025-11-15,1,1,1,349.0,147.0,0.0
17619,1144,1,2025-11-15,1,1,2,254.15,128.0,44.85
17620,1682,2,2025-11-16,5,1,1,299.0,128.0,0.0
17621,1308,2,2025-11-16,4,3,1,299.0,128.0,0.0
17622,1034,1,2025-11-16,5,1,1,299.0,128.0,0.0
17623,1207,4,2025-11-16,7,5,1,349.0,147.0,0.0
17624,931,5,2025-11-16,7,1,1,349.0,147.0,0.0
17625,1360,2,2025-11-16,8,3,1,254.15,128.0,44.85
17626,1129,5,2025-11-16,7,2,1,349.0,147.0,0.0
17627,208,4,2025-11-16,7,2,1,349.0,147.0,0.0
17628,1695,5,2025-11-16,5,5,1,349.0,147.0,0.0
17629,1700,5,2025-11-16,1,2,1,349.0,147.0,0.0
17630,252,4,2025-11-16,3,1,1,349.0,147.0,0.0
17631,1670,4,2025-11-16,5,4,2,349.0,147.0,0.0
17632,301,1,2025-11-16,1,5,1,299.0,128.0,0.0
17633,107,4,2025-11-16,1,1,1,314.1,147.0,34.9
17634,515,4,2025-11-16,1,2,1,349.0,147.0,0.0
17635,482,4,2025-11-16,1,1,1,349.0,147.0,0.0
17636,1152,1,2025-11-16,5,5,1,299.0,128.0,0.0
17637,1121,1,2025-11-16,2,1,1,299.0,128.0,0.0
17638,178,5,2025-11-16,4,3,1,349.0,147.0,0.0
17639,1610,6,2025-11-16,3,2,1,499.0,210.0,0.0
17640,959,3,2025-11-16,5,2,1,296.1,141.0,32.9
17641,675,5,2025-11-16,8,3,1,349.0,147.0,0.0
17642,1063,5,2025-11-16,2,3,1,349.0,147.0,0.0
17643,1322,6,2025-11-16,3,2,2,499.0,210.0,0.0
17644,915,2,2025-11-16,3,2,1,269.1,128.0,29.9
17645,753,5,2025-11-16,1,5,1,349.0,147.0,0.0
17646,39,2,2025-11-16,3,2,1,299.0,128.0,0.0
17647,631,5,2025-11-16,4,1,1,314.1,147.0,34.9
17648,1163,4,2025-11-16,6,1,1,349.0,147.0,0.0
17649,1156,3,2025-11-16,3,1,1,329.0,141.0,0.0
17650,1620,5,2025-11-16,3,1,1,296.65,147.0,52.35
17651,1209,3,2025-11-16,1,3,1,329.0,141.0,0.0
17652,1476,1,2025-11-16,3,3,1,299.0,128.0,0.0
17653,1804,3,2025-11-16,2,3,1,329.0,141.0,0.0
17654,858,2,2025-11-16,1,1,1,299.0,128.0,0.0
17655,1500,4,2025-11-16,1,5,1,349.0,147.0,0.0
17656,1587,5,2025-11-16,4,2,1,349.0,147.0,0.0
17657,643,4,2025-11-16,2,5,1,349.0,147.0,0.0
17658,1446,4,2025-11-16,1,2,1,349.0,147.0,0.0
17659,1629,5,2025-11-16,2,2,1,349.0,147.0,0.0
17660,89,6,2025-11-16,4,4,1,499.0,210.0,0.0
17661,1543,2,2025-11-16,2,1,1,254.15,128.0,44.85
17662,135,4,2025-11-16,7,2,1,349.0,147.0,0.0
17663,1380,6,2025-11-16,1,2,1,449.1,210.0,49.9
17664,67,4,2025-11-16,7,1,1,349.0,147.0,0.0
17665,1021,2,2025-11-16,1,5,1,299.0,128.0,0.0
17666,1841,2,2025-11-16,5,1,1,269.1,128.0,29.9
17667,1378,4,2025-11-16,4,1,1,349.0,147.0,0.0
17668,1014,6,2025-11-16,6,1,2,499.0,210.0,0.0
17669,565,2,2025-11-16,1,3,1,299.0,128.0,0.0
17670,602,2,2025-11-16,1,3,1,299.0,128.0,0.0
17671,1891,1,2025-11-16,1,2,1,254.15,128.0,44.85
17672,199,4,2025-11-16,2,5,1,349.0,147.0,0.0
17673,1740,4,2025-11-16,9,2,1,349.0,147.0,0.0
17674,1412,5,2025-11-16,4,5,1,349.0,147.0,0.0
17675,62,4,2025-11-16,4,5,1,349.0,147.0,0.0
17676,175,1,2025-11-16,5,2,1,269.1,128.0,29.9
17677,1336,3,2025-11-16,4,1,1,296.1,141.0,32.9
17678,315,1,2025-11-16,1,1,1,269.1,128.0,29.9
17679,1532,5,2025-11-16,1,4,1,349.0,147.0,0.0
17680,850,5,2025-11-16,7,2,2,314.1,147.0,34.9
17681,355,4,2025-11-16,2,1,1,349.0,147.0,0.0
17682,647,4,2025-11-16,1,2,1,349.0,147.0,0.0
17683,1422,2,2025-11-16,1,2,1,299.0,128.0,0.0
17684,1327,3,2025-11-16,1,4,1,329.0,141.0,0.0
17685,1325,4,2025-11-16,1,4,1,314.1,147.0,34.9
17686,1305,5,2025-11-16,1,1,1,296.65,147.0,52.35
17687,830,6,2025-11-17,8,4,1,499.0,210.0,0.0
17688,490,5,2025-11-17,1,2,1,349.0,147.0,0.0
17689,447,5,2025-11-17,2,2,1,349.0,147.0,0.0
17690,1998,3,2025-11-17,2,1,1,296.1,141.0,32.9
17691,1635,5,2025-11-17,3,1,1,314.1,147.0,34.9
17692,1077,5,2025-11-17,5,5,1,296.65,147.0,52.35
17693,161,5,2025-11-17,1,3,1,349.0,147.0,0.0
17694,1792,5,2025-11-17,4,2,1,349.0,147.0,0.0
17695,1895,6,2025-11-17,1,1,1,424.15,210.0,74.85
17696,10,3,2025-11-17,6,4,1,329.0,141.0,0.0
17697,787,2,2025-11-17,2,5,1,299.0,128.0,0.0
17698,393,2,2025-11-17,3,5,1,299.0,128.0,0.0
17699,379,4,2025-11-17,1,1,1,349.0,147.0,0.0
17700,277,4,2025-11-17,3,2,1,349.0,147.0,0.0
17701,294,1,2025-11-17,5,1,1,299.0,128.0,0.0
17702,463,1,2025-11-17,7,2,1,269.1,128.0,29.9
17703,1841,5,2025-11-17,1,5,1,349.0,147.0,0.0
17704,795,5,2025-11-17,1,1,1,349.0,147.0,0.0
17705,118,6,2025-11-17,9,1,1,499.0,210.0,0.0
17706,767,2,2025-11-17,7,4,1,269.1,128.0,29.9
17707,1640,4,2025-11-17,2,4,1,349.0,147.0,0.0
17708,1426,2,2025-11-17,1,1,1,299.0,128.0,0.0
17709,1325,5,2025-11-17,1,3,1,349.0,147.0,0.0
17710,1237,5,2025-11-17,4,2,1,349.0,147.0,0.0
17711,705,4,2025-11-17,1,3,1,349.0,147.0,0.0
17712,582,5,2025-11-17,1,1,1,349.0,147.0,0.0
17713,1248,4,2025-11-17,1,3,1,349.0,147.0,0.0
17714,1594,5,2025-11-17,8,1,2,349.0,147.0,0.0
17715,78,4,2025-11-17,2,1,1,349.0,147.0,0.0
17716,695,5,2025-11-17,3,2,1,349.0,147.0,0.0
17717,1946,2,2025-11-17,1,3,1,299.0,128.0,0.0
17718,507,6,2025-11-17,9,1,1,424.15,210.0,74.85
17719,1478,5,2025-11-17,3,1,2,296.65,147.0,52.35
17720,1617,4,2025-11-17,1,1,1,349.0,147.0,0.0
17721,1934,3,2025-11-17,2,2,1,329.0,141.0,0.0
17722,690,4,2025-11-17,5,1,1,349.0,147.0,0.0
17723,1672,1,2025-11-17,3,2,1,299.0,128.0,0.0
17724,1433,5,2025-11-17,1,3,1,349.0,147.0,0.0
17725,1338,4,2025-11-17,2,1,1,349.0,147.0,0.0
17726,1133,1,2025-11-17,1,1,1,299.0,128.0,0.0
17727,507,2,2025-11-17,2,1,1,269.1,128.0,29.9
17728,1287,2,2025-11-17,3,1,1,299.0,128.0,0.0
17729,283,2,2025-11-17,5,2,1,299.0,128.0,0.0
17730,1764,6,2025-11-17,5,1,1,499.0,210.0,0.0
17731,1973,1,2025-11-17,3,2,1,299.0,128.0,0.0
17732,1198,2,2025-11-17,1,1,1,269.1,128.0,29.9
17733,1773,5,2025-11-17,7,5,1,349.0,147.0,0.0
17734,15,2,2025-11-17,6,2,1,269.1,128.0,29.9
17735,337,4,2025-11-17,3,3,1,349.0,147.0,0.0
17736,29,4,2025-11-17,2,3,1,349.0,147.0,0.0
17737,1316,2,2025-11-17,1,1,1,299.0,128.0,0.0
17738,194,5,2025-11-17,3,1,1,349.0,147.0,0.0
17739,1592,2,2025-11-17,5,2,1,299.0,128.0,0.0
17740,226,2,2025-11-17,1,2,1,299.0,128.0,0.0
17741,1290,4,2025-11-17,5,1,1,296.65,147.0,52.35
17742,424,5,2025-11-17,4,3,1,349.0,147.0,0.0
17743,1693,5,2025-11-17,2,4,1,349.0,147.0,0.0
17744,1741,1,2025-11-17,6,1,1,254.15,128.0,44.85
17745,775,2,2025-11-17,4,2,1,269.1,128.0,29.9
17746,1304,5,2025-11-17,2,1,1,349.0,147.0,0.0
17747,1953,4,2025-11-17,7,2,1,349.0,147.0,0.0
17748,253,4,2025-11-17,5,1,1,349.0,147.0,0.0
17749,1405,3,2025-11-17,3,1,1,329.0,141.0,0.0
17750,1323,4,2025-11-17,1,2,2,349.0,147.0,0.0
17751,1248,4,2025-11-17,2,1,1,349.0,147.0,0.0
17752,314,5,2025-11-17,2,1,1,296.65,147.0,52.35
17753,1966,5,2025-11-17,2,1,1,296.65,147.0,52.35
17754,921,1,2025-11-17,1,2,1,299.0,128.0,0.0
17755,1564,5,2025-11-18,3,4,1,349.0,147.0,0.0
17756,1355,6,2025-11-18,7,5,1,424.15,210.0,74.85
17757,785,5,2025-11-18,1,1,1,349.0,147.0,0.0
17758,377,1,2025-11-18,7,2,1,299.0,128.0,0.0
17759,107,3,2025-11-18,3,5,2,329.0,141.0,0.0
17760,105,2,2025-11-18,7,2,1,299.0,128.0,0.0
17761,1665,1,2025-11-18,5,2,1,299.0,128.0,0.0
17762,1366,5,2025-11-18,3,2,1,296.65,147.0,52.35
17763,1000,6,2025-11-18,2,4,1,499.0,210.0,0.0
17764,660,2,2025-11-18,4,1,1,269.1,128.0,29.9
17765,903,5,2025-11-18,5,2,1,314.1,147.0,34.9
17766,772,4,2025-11-18,1,2,1,349.0,147.0,0.0
17767,1622,5,2025-11-18,4,4,1,349.0,147.0,0.0
17768,120,2,2025-11-18,2,3,1,299.0,128.0,0.0
17769,786,6,2025-11-18,3,3,1,499.0,210.0,0.0
17770,1175,2,2025-11-18,1,2,1,299.0,128.0,0.0
17771,63,1,2025-11-18,5,2,1,254.15,128.0,44.85
17772,1557,5,2025-11-18,2,1,1,349.0,147.0,0.0
17773,335,6,2025-11-18,1,5,1,499.0,210.0,0.0
17774,1808,1,2025-11-18,1,2,1,299.0,128.0,0.0
17775,1936,4,2025-11-18,7,2,1,349.0,147.0,0.0
17776,695,5,2025-11-18,8,1,1,349.0,147.0,0.0
17777,1802,4,2025-11-18,8,1,1,349.0,147.0,0.0
17778,438,4,2025-11-18,2,1,1,314.1,147.0,34.9
17779,186,6,2025-11-18,3,2,1,424.15,210.0,74.85
17780,1900,2,2025-11-18,1,2,1,299.0,128.0,0.0
17781,39,2,2025-11-18,1,3,1,299.0,128.0,0.0
17782,65,1,2025-11-18,5,1,1,299.0,128.0,0.0
17783,1390,4,2025-11-18,3,4,2,349.0,147.0,0.0
17784,1169,5,2025-11-18,1,2,2,349.0,147.0,0.0
17785,1672,5,2025-11-18,5,2,1,349.0,147.0,0.0
17786,1197,4,2025-11-18,1,2,1,349.0,147.0,0.0
17787,1644,1,2025-11-18,3,2,1,299.0,128.0,0.0
17788,989,4,2025-11-18,1,2,1,349.0,147.0,0.0
17789,1790,1,2025-11-18,4,5,1,299.0,128.0,0.0
17790,281,5,2025-11-18,2,1,1,349.0,147.0,0.0
17791,759,4,2025-11-18,2,3,1,349.0,147.0,0.0
17792,703,4,2025-11-18,1,2,1,349.0,147.0,0.0
17793,1834,4,2025-11-18,2,5,1,349.0,147.0,0.0
17794,453,4,2025-11-18,3,1,1,349.0,147.0,0.0
17795,1585,5,2025-11-18,3,1,1,314.1,147.0,34.9
17796,82,6,2025-11-18,7,1,1,499.0,210.0,0.0
17797,175,2,2025-11-18,1,2,1,299.0,128.0,0.0
17798,438,4,2025-11-18,6,4,1,349.0,147.0,0.0
17799,1288,5,2025-11-18,8,1,1,314.1,147.0,34.9
17800,164,3,2025-11-18,3,1,1,329.0,141.0,0.0
17801,1479,4,2025-11-18,1,5,1,349.0,147.0,0.0
17802,404,5,2025-11-18,1,2,2,349.0,147.0,0.0
17803,1033,5,2025-11-18,6,2,1,296.65,147.0,52.35
17804,1838,5,2025-11-18,1,2,1,349.0,147.0,0.0
17805,1721,6,2025-11-18,3,3,1,449.1,210.0,49.9
17806,941,6,2025-11-18,3,4,2,424.15,210.0,74.85
17807,1011,4,2025-11-18,4,2,1,349.0,147.0,0.0
17808,1325,4,2025-11-18,1,5,1,349.0,147.0,0.0
17809,1210,6,2025-11-18,3,3,1,499.0,210.0,0.0
17810,668,5,2025-11-18,3,2,1,349.0,147.0,0.0
17811,1337,1,2025-11-18,9,2,1,299.0,128.0,0.0
17812,1498,4,2025-11-18,3,3,1,349.0,147.0,0.0
17813,527,6,2025-11-18,4,2,1,499.0,210.0,0.0
17814,348,4,2025-11-18,1,1,1,296.65,147.0,52.35
17815,1228,1,2025-11-18,2,5,1,299.0,128.0,0.0
17816,75,4,2025-11-18,1,2,1,314.1,147.0,34.9
17817,647,2,2025-11-18,1,3,1,299.0,128.0,0.0
17818,1651,6,2025-11-18,7,2,1,449.1,210.0,49.9
17819,635,1,2025-11-18,5,2,1,269.1,128.0,29.9
17820,1072,4,2025-11-18,1,2,1,314.1,147.0,34.9
17821,546,3,2025-11-18,4,5,1,329.0,141.0,0.0
17822,280,5,2025-11-18,4,4,1,349.0,147.0,0.0
17823,1979,4,2025-11-18,2,1,1,349.0,147.0,0.0
17824,1123,1,2025-11-18,3,1,1,254.15,128.0,44.85
17825,1509,6,2025-11-19,1,1,1,499.0,210.0,0.0
17826,618,4,2025-11-19,2,1,1,349.0,147.0,0.0
17827,432,3,2025-11-19,5,4,1,329.0,141.0,0.0
17828,1354,4,2025-11-19,1,1,1,314.1,147.0,34.9
17829,1381,4,2025-11-19,2,3,1,349.0,147.0,0.0
17830,182,2,2025-11-19,3,5,1,299.0,128.0,0.0
17831,591,3,2025-11-19,3,2,2,279.65,141.0,49.35
17832,756,2,2025-11-19,3,3,1,299.0,128.0,0.0
17833,41,5,2025-11-19,4,2,1,349.0,147.0,0.0
17834,1649,6,2025-11-19,1,2,1,449.1,210.0,49.9
17835,1070,4,2025-11-19,4,3,1,349.0,147.0,0.0
17836,1187,4,2025-11-19,3,3,1,349.0,147.0,0.0
17837,1250,1,2025-11-19,7,2,1,299.0,128.0,0.0
17838,908,2,2025-11-19,1,1,1,299.0,128.0,0.0
17839,1146,4,2025-11-19,5,1,1,349.0,147.0,0.0
17840,94,1,2025-11-19,6,3,1,299.0,128.0,0.0
17841,746,5,2025-11-19,4,5,1,349.0,147.0,0.0
17842,266,5,2025-11-19,1,1,1,349.0,147.0,0.0
17843,723,4,2025-11-19,2,1,2,349.0,147.0,0.0
17844,937,2,2025-11-19,2,5,1,299.0,128.0,0.0
17845,1345,6,2025-11-19,7,5,1,499.0,210.0,0.0
17846,155,4,2025-11-19,3,4,2,349.0,147.0,0.0
17847,561,4,2025-11-19,1,1,1,296.65,147.0,52.35
17848,1884,5,2025-11-19,4,3,1,349.0,147.0,0.0
17849,1443,3,2025-11-19,3,3,1,329.0,141.0,0.0
17850,987,1,2025-11-19,8,4,2,299.0,128.0,0.0
17851,1504,4,2025-11-19,5,2,1,349.0,147.0,0.0
17852,712,5,2025-11-19,1,1,1,349.0,147.0,0.0
17853,695,6,2025-11-19,1,5,2,499.0,210.0,0.0
17854,505,5,2025-11-19,7,2,1,349.0,147.0,0.0
17855,1731,3,2025-11-19,6,5,1,329.0,141.0,0.0
17856,430,3,2025-11-19,4,2,1,329.0,141.0,0.0
17857,1957,1,2025-11-19,1,1,1,269.1,128.0,29.9
17858,556,4,2025-11-19,4,1,1,314.1,147.0,34.9
17859,793,1,2025-11-19,1,3,2,299.0,128.0,0.0
17860,1634,2,2025-11-19,1,4,1,299.0,128.0,0.0
17861,1234,2,2025-11-19,1,3,1,299.0,128.0,0.0
17862,1245,4,2025-11-19,3,2,1,296.65,147.0,52.35
17863,768,4,2025-11-19,1,1,1,349.0,147.0,0.0
17864,1292,5,2025-11-19,2,4,1,314.1,147.0,34.9
17865,1161,5,2025-11-19,9,4,1,349.0,147.0,0.0
17866,683,1,2025-11-19,4,4,1,299.0,128.0,0.0
17867,1320,1,2025-11-19,1,4,1,269.1,128.0,29.9
17868,1026,4,2025-11-19,4,2,1,349.0,147.0,0.0
17869,1995,1,2025-11-19,5,1,1,299.0,128.0,0.0
17870,1328,2,2025-11-19,6,2,1,299.0,128.0,0.0
17871,1188,1,2025-11-19,1,2,1,299.0,128.0,0.0
17872,1804,5,2025-11-19,5,2,1,349.0,147.0,0.0
17873,1169,4,2025-11-19,4,1,1,349.0,147.0,0.0
17874,1173,5,2025-11-19,1,5,1,349.0,147.0,0.0
17875,1641,2,2025-11-19,2,2,1,299.0,128.0,0.0
17876,688,2,2025-11-19,1,1,1,299.0,128.0,0.0
17877,1170,5,2025-11-19,3,1,2,349.0,147.0,0.0
17878,1539,4,2025-11-19,5,2,1,349.0,147.0,0.0
17879,1050,3,2025-11-19,1,2,1,296.1,141.0,32.9
17880,1388,6,2025-11-19,2,3,1,499.0,210.0,0.0
17881,511,5,2025-11-19,2,3,2,349.0,147.0,0.0
17882,993,3,2025-11-19,1,1,1,279.65,141.0,49.35
17883,1746,1,2025-11-19,5,1,1,299.0,128.0,0.0
17884,687,3,2025-11-19,2,3,1,329.0,141.0,0.0
17885,1224,6,2025-11-19,7,5,2,499.0,210.0,0.0
17886,643,5,2025-11-19,2,2,2,296.65,147.0,52.35
17887,1660,5,2025-11-19,4,3,1,314.1,147.0,34.9
17888,664,3,2025-11-19,2,2,1,296.1,141.0,32.9
17889,1043,4,2025-11-19,5,2,1,349.0,147.0,0.0
17890,1967,5,2025-11-19,5,1,1,349.0,147.0,0.0
17891,397,3,2025-11-20,2,1,1,329.0,141.0,0.0
17892,1322,4,2025-11-20,2,3,1,349.0,147.0,0.0
17893,199,2,2025-11-20,6,4,1,269.1,128.0,29.9
17894,1688,4,2025-11-20,5,1,1,314.1,147.0,34.9
17895,304,2,2025-11-20,5,5,1,299.0,128.0,0.0
17896,1697,1,2025-11-20,3,4,1,299.0,128.0,0.0
17897,432,4,2025-11-20,6,4,1,349.0,147.0,0.0
17898,55,4,2025-11-20,2,3,1,349.0,147.0,0.0
17899,1788,4,2025-11-20,8,1,1,349.0,147.0,0.0
17900,1039,5,2025-11-20,7,1,1,349.0,147.0,0.0
17901,1795,2,2025-11-20,1,1,1,299.0,128.0,0.0
17902,411,3,2025-11-20,4,2,2,329.0,141.0,0.0
17903,222,5,2025-11-20,5,1,1,349.0,147.0,0.0
17904,1833,2,2025-11-20,7,1,1,299.0,128.0,0.0
17905,26,4,2025-11-20,3,3,1,349.0,147.0,0.0
17906,644,5,2025-11-20,2,1,1,349.0,147.0,0.0
17907,1423,4,2025-11-20,2,4,1,349.0,147.0,0.0
17908,643,4,2025-11-20,5,1,1,349.0,147.0,0.0
17909,1284,1,2025-11-20,5,1,1,299.0,128.0,0.0
17910,1228,4,2025-11-20,2,4,1,349.0,147.0,0.0
17911,739,5,2025-11-20,6,3,1,349.0,147.0,0.0
17912,580,2,2025-11-20,4,5,1,269.1,128.0,29.9
17913,1413,1,2025-11-20,8,2,2,299.0,128.0,0.0
17914,705,2,2025-11-20,2,4,1,299.0,128.0,0.0
17915,1676,2,2025-11-20,2,1,1,269.1,128.0,29.9
17916,553,1,2025-11-20,1,1,1,299.0,128.0,0.0
17917,1004,5,2025-11-20,1,2,1,349.0,147.0,0.0
17918,1849,2,2025-11-20,3,1,1,254.15,128.0,44.85
17919,1687,6,2025-11-20,5,1,2,449.1,210.0,49.9
17920,1794,2,2025-11-20,2,5,1,269.1,128.0,29.9
17921,1938,1,2025-11-20,5,3,1,269.1,128.0,29.9
17922,843,1,2025-11-20,7,1,1,299.0,128.0,0.0
17923,726,5,2025-11-20,3,2,1,349.0,147.0,0.0
17924,544,4,2025-11-20,1,4,1,296.65,147.0,52.35
17925,716,1,2025-11-20,7,4,2,269.1,128.0,29.9
17926,1373,4,2025-11-20,4,1,1,349.0,147.0,0.0
17927,351,2,2025-11-20,7,3,1,299.0,128.0,0.0
17928,1888,5,2025-11-20,2,3,1,349.0,147.0,0.0
17929,1065,5,2025-11-20,7,2,1,349.0,147.0,0.0
17930,330,4,2025-11-20,8,1,1,349.0,147.0,0.0
17931,576,5,2025-11-20,5,3,1,314.1,147.0,34.9
17932,1212,2,2025-11-20,4,5,1,299.0,128.0,0.0
17933,19,4,2025-11-20,6,1,1,314.1,147.0,34.9
17934,862,5,2025-11-20,3,4,1,349.0,147.0,0.0
17935,589,2,2025-11-20,3,1,1,299.0,128.0,0.0
17936,154,6,2025-11-20,3,1,1,499.0,210.0,0.0
17937,624,2,2025-11-20,9,2,1,299.0,128.0,0.0
17938,964,4,2025-11-20,1,4,1,349.0,147.0,0.0
17939,1052,6,2025-11-20,1,1,1,449.1,210.0,49.9
17940,1236,5,2025-11-20,1,4,2,349.0,147.0,0.0
17941,409,5,2025-11-20,5,5,1,314.1,147.0,34.9
17942,651,2,2025-11-20,1,1,1,254.15,128.0,44.85
17943,606,4,2025-11-20,5,2,1,349.0,147.0,0.0
17944,843,1,2025-11-20,1,2,1,254.15,128.0,44.85
17945,1484,2,2025-11-20,1,1,1,254.15,128.0,44.85
17946,871,4,2025-11-20,5,1,1,349.0,147.0,0.0
17947,781,4,2025-11-20,2,1,1,314.1,147.0,34.9
17948,1842,4,2025-11-20,5,1,1,349.0,147.0,0.0
17949,1965,2,2025-11-20,4,1,1,299.0,128.0,0.0
17950,383,2,2025-11-20,4,1,1,269.1,128.0,29.9
17951,801,1,2025-11-20,3,4,1,269.1,128.0,29.9
17952,291,2,2025-11-20,3,4,1,299.0,128.0,0.0
17953,1007,4,2025-11-20,1,3,1,349.0,147.0,0.0
17954,438,5,2025-11-20,1,3,1,349.0,147.0,0.0
17955,1263,1,2025-11-20,6,1,1,299.0,128.0,0.0
17956,895,2,2025-11-20,5,1,1,299.0,128.0,0.0
17957,837,1,2025-11-20,2,2,1,299.0,128.0,0.0
17958,22,5,2025-11-20,3,2,1,349.0,147.0,0.0
17959,1622,1,2025-11-20,1,1,1,254.15,128.0,44.85
17960,1864,4,2025-11-20,4,5,1,349.0,147.0,0.0
17961,1400,4,2025-11-20,8,2,1,349.0,147.0,0.0
17962,1058,3,2025-11-20,1,1,1,329.0,141.0,0.0
17963,1486,5,2025-11-21,2,1,1,349.0,147.0,0.0
17964,709,4,2025-11-21,3,4,1,349.0,147.0,0.0
17965,592,5,2025-11-21,1,1,2,314.1,147.0,34.9
17966,1262,2,2025-11-21,3,1,1,254.15,128.0,44.85
17967,1789,3,2025-11-21,4,2,1,329.0,141.0,0.0
17968,1323,2,2025-11-21,1,3,1,299.0,128.0,0.0
17969,435,4,2025-11-21,3,1,1,349.0,147.0,0.0
17970,1634,4,2025-11-21,8,2,1,349.0,147.0,0.0
17971,1169,5,2025-11-21,7,1,1,296.65,147.0,52.35
17972,1301,5,2025-11-21,1,5,1,349.0,147.0,0.0
17973,695,4,2025-11-21,7,1,1,349.0,147.0,0.0
17974,1765,1,2025-11-21,2,3,1,299.0,128.0,0.0
17975,750,5,2025-11-21,5,2,1,349.0,147.0,0.0
17976,268,2,2025-11-21,3,4,1,299.0,128.0,0.0
17977,988,3,2025-11-21,1,1,1,329.0,141.0,0.0
17978,1452,6,2025-11-21,1,5,1,449.1,210.0,49.9
17979,436,4,2025-11-21,1,2,1,349.0,147.0,0.0
17980,678,4,2025-11-21,4,4,1,296.65,147.0,52.35
17981,575,3,2025-11-21,3,2,1,329.0,141.0,0.0
17982,1078,5,2025-11-21,3,1,1,349.0,147.0,0.0
17983,798,5,2025-11-21,3,2,1,349.0,147.0,0.0
17984,1770,3,2025-11-21,8,1,2,329.0,141.0,0.0
17985,447,4,2025-11-21,5,5,1,314.1,147.0,34.9
17986,1786,5,2025-11-21,1,2,1,296.65,147.0,52.35
17987,1175,3,2025-11-21,5,1,1,329.0,141.0,0.0
17988,1521,5,2025-11-21,4,2,2,349.0,147.0,0.0
17989,813,5,2025-11-21,3,3,1,349.0,147.0,0.0
17990,1655,4,2025-11-21,1,3,1,296.65,147.0,52.35
17991,238,5,2025-11-21,1,2,1,349.0,147.0,0.0
17992,292,2,2025-11-21,3,1,1,254.15,128.0,44.85
17993,30,3,2025-11-21,1,2,1,279.65,141.0,49.35
17994,1277,1,2025-11-21,4,2,1,299.0,128.0,0.0
17995,1316,5,2025-11-21,1,1,1,314.1,147.0,34.9
17996,1418,4,2025-11-21,1,1,1,349.0,147.0,0.0
17997,1662,1,2025-11-21,6,5,1,254.15,128.0,44.85
17998,1071,5,2025-11-21,4,3,1,349.0,147.0,0.0
17999,1478,4,2025-11-21,1,3,1,349.0,147.0,0.0
18000,1168,5,2025-11-21,7,1,1,349.0,147.0,0.0
18001,639,2,2025-11-21,5,1,1,299.0,128.0,0.0
18002,1819,4,2025-11-21,5,1,1,314.1,147.0,34.9
18003,470,4,2025-11-21,2,2,1,349.0,147.0,0.0
18004,1996,4,2025-11-21,2,4,1,296.65,147.0,52.35
18005,1519,1,2025-11-21,1,1,1,254.15,128.0,44.85
18006,1016,1,2025-11-21,5,1,1,299.0,128.0,0.0
18007,453,5,2025-11-21,2,1,1,296.65,147.0,52.35
18008,1797,2,2025-11-21,3,2,1,299.0,128.0,0.0
18009,1771,5,2025-11-21,3,1,1,349.0,147.0,0.0
18010,1911,2,2025-11-21,3,2,1,254.15,128.0,44.85
18011,883,6,2025-11-21,6,1,1,499.0,210.0,0.0
18012,1458,4,2025-11-21,2,2,1,314.1,147.0,34.9
18013,988,3,2025-11-21,2,4,1,329.0,141.0,0.0
18014,527,5,2025-11-21,5,3,1,349.0,147.0,0.0
18015,1448,2,2025-11-21,8,2,1,299.0,128.0,0.0
18016,1874,6,2025-11-21,5,1,1,424.15,210.0,74.85
18017,1923,1,2025-11-21,3,2,1,254.15,128.0,44.85
18018,1382,6,2025-11-21,2,2,1,499.0,210.0,0.0
18019,1493,2,2025-11-21,2,2,1,299.0,128.0,0.0
18020,18,5,2025-11-21,1,2,1,349.0,147.0,0.0
18021,1203,3,2025-11-21,3,1,1,329.0,141.0,0.0
18022,525,5,2025-11-21,1,3,1,349.0,147.0,0.0
18023,931,1,2025-11-21,7,1,1,269.1,128.0,29.9
18024,1678,5,2025-11-21,1,4,2,314.1,147.0,34.9
18025,708,5,2025-11-21,7,5,1,349.0,147.0,0.0
18026,1844,2,2025-11-21,7,2,1,299.0,128.0,0.0
18027,1010,1,2025-11-21,3,1,1,299.0,128.0,0.0
18028,854,6,2025-11-21,5,2,1,499.0,210.0,0.0
18029,253,6,2025-11-21,7,1,1,499.0,210.0,0.0
18030,109,4,2025-11-21,2,2,1,349.0,147.0,0.0
18031,1694,3,2025-11-21,5,1,1,296.1,141.0,32.9
18032,207,1,2025-11-21,5,5,1,299.0,128.0,0.0
18033,916,2,2025-11-21,3,1,1,299.0,128.0,0.0
18034,1997,4,2025-11-22,3,2,1,314.1,147.0,34.9
18035,1628,1,2025-11-22,3,3,1,269.1,128.0,29.9
18036,537,4,2025-11-22,1,2,1,349.0,147.0,0.0
18037,5,3,2025-11-22,2,3,1,329.0,141.0,0.0
18038,174,4,2025-11-22,3,1,1,349.0,147.0,0.0
18039,838,1,2025-11-22,7,1,2,299.0,128.0,0.0
18040,1265,1,2025-11-22,5,1,1,299.0,128.0,0.0
18041,1286,2,2025-11-22,4,1,1,299.0,128.0,0.0
18042,1517,5,2025-11-22,8,5,1,349.0,147.0,0.0
18043,515,5,2025-11-22,9,1,1,349.0,147.0,0.0
18044,924,4,2025-11-22,1,3,1,296.65,147.0,52.35
18045,801,6,2025-11-22,1,1,1,499.0,210.0,0.0
18046,622,5,2025-11-22,1,2,1,314.1,147.0,34.9
18047,286,6,2025-11-22,4,3,1,499.0,210.0,0.0
18048,697,4,2025-11-22,3,1,1,314.1,147.0,34.9
18049,1819,5,2025-11-22,5,1,1,314.1,147.0,34.9
18050,1755,6,2025-11-22,1,2,1,499.0,210.0,0.0
18051,530,5,2025-11-22,1,5,1,296.65,147.0,52.35
18052,1290,5,2025-11-22,1,2,1,349.0,147.0,0.0
18053,1692,5,2025-11-22,3,2,1,349.0,147.0,0.0
18054,576,4,2025-11-22,4,5,1,314.1,147.0,34.9
18055,1840,5,2025-11-22,7,2,2,349.0,147.0,0.0
18056,1571,2,2025-11-22,2,2,1,299.0,128.0,0.0
18057,1879,3,2025-11-22,2,5,1,329.0,141.0,0.0
18058,1478,6,2025-11-22,1,1,1,499.0,210.0,0.0
18059,1896,4,2025-11-22,4,2,1,296.65,147.0,52.35
18060,1193,6,2025-11-22,4,2,1,449.1,210.0,49.9
18061,835,4,2025-11-22,9,2,1,349.0,147.0,0.0
18062,204,6,2025-11-22,3,2,1,499.0,210.0,0.0
18063,1484,5,2025-11-22,6,2,1,349.0,147.0,0.0
18064,730,5,2025-11-22,3,1,1,349.0,147.0,0.0
18065,1684,4,2025-11-22,5,3,1,349.0,147.0,0.0
18066,1973,4,2025-11-22,5,2,1,349.0,147.0,0.0
18067,1711,1,2025-11-22,1,5,1,299.0,128.0,0.0
18068,598,4,2025-11-22,1,1,1,314.1,147.0,34.9
18069,1274,4,2025-11-22,1,2,2,349.0,147.0,0.0
18070,150,4,2025-11-22,2,3,1,349.0,147.0,0.0
18071,1167,2,2025-11-22,1,2,1,269.1,128.0,29.9
18072,1602,6,2025-11-22,7,2,1,499.0,210.0,0.0
18073,1186,2,2025-11-22,6,1,1,299.0,128.0,0.0
18074,350,6,2025-11-22,5,1,1,449.1,210.0,49.9
18075,537,6,2025-11-22,3,3,1,499.0,210.0,0.0
18076,563,3,2025-11-22,1,1,1,279.65,141.0,49.35
18077,1791,1,2025-11-22,3,3,2,299.0,128.0,0.0
18078,256,2,2025-11-22,1,2,1,299.0,128.0,0.0
18079,1878,6,2025-11-22,1,1,1,499.0,210.0,0.0
18080,927,5,2025-11-22,5,2,1,314.1,147.0,34.9
18081,1679,5,2025-11-22,1,4,1,349.0,147.0,0.0
18082,171,6,2025-11-22,6,5,1,499.0,210.0,0.0
18083,1007,4,2025-11-22,1,2,1,314.1,147.0,34.9
18084,290,4,2025-11-22,5,1,1,349.0,147.0,0.0
18085,422,1,2025-11-22,1,2,1,299.0,128.0,0.0
18086,521,1,2025-11-22,1,2,1,299.0,128.0,0.0
18087,1283,2,2025-11-22,3,4,1,269.1,128.0,29.9
18088,1194,4,2025-11-22,7,1,1,314.1,147.0,34.9
18089,510,4,2025-11-22,3,5,1,349.0,147.0,0.0
18090,713,6,2025-11-22,1,2,1,499.0,210.0,0.0
18091,1770,1,2025-11-22,1,1,1,299.0,128.0,0.0
18092,692,4,2025-11-22,6,1,1,349.0,147.0,0.0
18093,431,3,2025-11-22,4,2,1,329.0,141.0,0.0
18094,483,4,2025-11-22,1,3,1,296.65,147.0,52.35
18095,1776,2,2025-11-22,5,2,1,299.0,128.0,0.0
18096,241,1,2025-11-22,5,3,1,299.0,128.0,0.0
18097,408,2,2025-11-22,6,3,1,299.0,128.0,0.0
18098,1745,2,2025-11-22,5,2,1,299.0,128.0,0.0
18099,1284,4,2025-11-22,1,1,1,314.1,147.0,34.9
18100,190,3,2025-11-22,1,3,1,329.0,141.0,0.0
18101,1501,1,2025-11-22,8,2,1,254.15,128.0,44.85
18102,35,2,2025-11-22,1,2,2,299.0,128.0,0.0
18103,5,4,2025-11-22,2,1,1,349.0,147.0,0.0
18104,163,1,2025-11-23,3,1,1,299.0,128.0,0.0
18105,1898,5,2025-11-23,6,3,1,349.0,147.0,0.0
18106,194,5,2025-11-23,2,1,1,314.1,147.0,34.9
18107,1117,5,2025-11-23,5,4,1,349.0,147.0,0.0
18108,1054,3,2025-11-23,1,5,1,296.1,141.0,32.9
18109,105,3,2025-11-23,1,2,1,329.0,141.0,0.0
18110,619,3,2025-11-23,5,1,2,329.0,141.0,0.0
18111,120,3,2025-11-23,5,1,1,329.0,141.0,0.0
18112,119,5,2025-11-23,7,1,1,349.0,147.0,0.0
18113,363,3,2025-11-23,6,5,1,329.0,141.0,0.0
18114,464,1,2025-11-23,1,1,1,269.1,128.0,29.9
18115,1284,4,2025-11-23,2,1,1,349.0,147.0,0.0
18116,1032,5,2025-11-23,6,1,1,349.0,147.0,0.0
18117,1732,5,2025-11-23,1,4,1,349.0,147.0,0.0
18118,156,4,2025-11-23,1,1,1,349.0,147.0,0.0
18119,78,4,2025-11-23,3,1,1,349.0,147.0,0.0
18120,1887,5,2025-11-23,1,3,2,349.0,147.0,0.0
18121,1529,5,2025-11-23,3,2,1,349.0,147.0,0.0
18122,1855,1,2025-11-23,5,3,1,269.1,128.0,29.9
18123,543,6,2025-11-23,6,3,2,499.0,210.0,0.0
18124,1365,2,2025-11-23,6,1,1,299.0,128.0,0.0
18125,151,5,2025-11-23,1,4,1,314.1,147.0,34.9
18126,1338,4,2025-11-23,1,2,1,349.0,147.0,0.0
18127,1020,6,2025-11-23,4,4,1,424.15,210.0,74.85
18128,1282,5,2025-11-23,3,3,1,349.0,147.0,0.0
18129,1807,1,2025-11-23,5,2,1,269.1,128.0,29.9
18130,1005,6,2025-11-23,7,1,1,499.0,210.0,0.0
18131,1396,2,2025-11-23,2,4,2,299.0,128.0,0.0
18132,583,1,2025-11-23,5,1,1,299.0,128.0,0.0
18133,1207,1,2025-11-23,9,5,1,269.1,128.0,29.9
18134,1591,6,2025-11-23,1,1,1,449.1,210.0,49.9
18135,32,1,2025-11-23,1,1,1,254.15,128.0,44.85
18136,1082,2,2025-11-23,1,3,1,299.0,128.0,0.0
18137,251,1,2025-11-23,4,2,1,299.0,128.0,0.0
18138,971,3,2025-11-23,1,4,2,329.0,141.0,0.0
18139,97,5,2025-11-23,3,2,1,349.0,147.0,0.0
18140,644,3,2025-11-23,7,1,1,329.0,141.0,0.0
18141,174,5,2025-11-23,3,1,1,296.65,147.0,52.35
18142,752,4,2025-11-23,1,5,1,349.0,147.0,0.0
18143,1465,6,2025-11-23,1,2,1,499.0,210.0,0.0
18144,1277,6,2025-11-23,1,4,1,499.0,210.0,0.0
18145,228,5,2025-11-23,2,2,1,349.0,147.0,0.0
18146,582,3,2025-11-23,3,1,1,296.1,141.0,32.9
18147,1246,4,2025-11-23,1,1,1,349.0,147.0,0.0
18148,1505,3,2025-11-23,4,1,1,329.0,141.0,0.0
18149,1841,4,2025-11-23,2,4,1,349.0,147.0,0.0
18150,37,4,2025-11-23,6,4,1,349.0,147.0,0.0
18151,614,4,2025-11-23,2,1,1,349.0,147.0,0.0
18152,1954,5,2025-11-23,1,2,1,349.0,147.0,0.0
18153,1715,6,2025-11-23,1,4,1,424.15,210.0,74.85
18154,246,2,2025-11-23,7,4,1,299.0,128.0,0.0
18155,876,5,2025-11-23,1,1,2,314.1,147.0,34.9
18156,1912,3,2025-11-23,4,2,1,329.0,141.0,0.0
18157,125,4,2025-11-23,4,1,1,349.0,147.0,0.0
18158,1025,6,2025-11-23,3,1,1,499.0,210.0,0.0
18159,1458,4,2025-11-23,3,4,1,349.0,147.0,0.0
18160,1079,3,2025-11-23,1,5,1,329.0,141.0,0.0
18161,171,6,2025-11-23,8,3,2,499.0,210.0,0.0
18162,891,4,2025-11-23,3,2,1,349.0,147.0,0.0
18163,290,2,2025-11-23,7,1,1,269.1,128.0,29.9
18164,233,6,2025-11-23,3,1,1,499.0,210.0,0.0
18165,445,4,2025-11-23,6,2,1,314.1,147.0,34.9
18166,542,5,2025-11-23,2,5,1,296.65,147.0,52.35
18167,1316,4,2025-11-23,3,2,1,349.0,147.0,0.0
18168,1130,2,2025-11-23,2,3,1,299.0,128.0,0.0
18169,326,5,2025-11-23,3,2,1,314.1,147.0,34.9
18170,1742,5,2025-11-23,5,2,1,349.0,147.0,0.0
18171,1620,2,2025-11-23,4,2,1,269.1,128.0,29.9
18172,475,6,2025-11-23,1,2,1,499.0,210.0,0.0
18173,1906,2,2025-11-24,3,4,1,299.0,128.0,0.0
18174,832,5,2025-11-24,1,2,1,314.1,147.0,34.9
18175,70,4,2025-11-24,3,2,1,314.1,147.0,34.9
18176,873,1,2025-11-24,7,5,1,299.0,128.0,0.0
18177,749,5,2025-11-24,7,2,1,349.0,147.0,0.0
18178,194,1,2025-11-24,1,1,1,299.0,128.0,0.0
18179,1022,2,2025-11-24,3,2,1,269.1,128.0,29.9
18180,1106,2,2025-11-24,3,2,1,269.1,128.0,29.9
18181,1004,5,2025-11-24,7,3,1,296.65,147.0,52.35
18182,1943,4,2025-11-24,5,1,1,349.0,147.0,0.0
18183,667,6,2025-11-24,2,4,1,424.15,210.0,74.85
18184,630,3,2025-11-24,8,1,1,329.0,141.0,0.0
18185,1316,6,2025-11-24,4,4,1,499.0,210.0,0.0
18186,1209,1,2025-11-24,1,2,1,299.0,128.0,0.0
18187,785,5,2025-11-24,3,1,1,349.0,147.0,0.0
18188,196,2,2025-11-24,2,2,1,299.0,128.0,0.0
18189,1761,3,2025-11-24,4,1,1,329.0,141.0,0.0
18190,415,3,2025-11-24,1,1,1,329.0,141.0,0.0
18191,314,2,2025-11-24,4,1,1,299.0,128.0,0.0
18192,1260,4,2025-11-24,2,2,1,349.0,147.0,0.0
18193,731,2,2025-11-24,3,4,1,299.0,128.0,0.0
18194,134,5,2025-11-24,1,2,1,349.0,147.0,0.0
18195,550,4,2025-11-24,7,4,1,349.0,147.0,0.0
18196,1590,1,2025-11-24,8,4,1,299.0,128.0,0.0
18197,250,6,2025-11-24,3,3,1,424.15,210.0,74.85
18198,525,3,2025-11-24,1,2,1,329.0,141.0,0.0
18199,1853,4,2025-11-24,7,3,1,349.0,147.0,0.0
18200,631,6,2025-11-24,5,4,1,499.0,210.0,0.0
18201,602,3,2025-11-24,8,4,1,329.0,141.0,0.0
18202,1798,1,2025-11-24,1,2,1,299.0,128.0,0.0
18203,1512,2,2025-11-24,5,2,1,299.0,128.0,0.0
18204,396,5,2025-11-24,2,5,1,349.0,147.0,0.0
18205,506,3,2025-11-24,3,2,1,329.0,141.0,0.0
18206,936,5,2025-11-24,3,1,1,349.0,147.0,0.0
18207,1707,4,2025-11-24,8,1,1,349.0,147.0,0.0
18208,497,1,2025-11-24,5,1,1,299.0,128.0,0.0
18209,1407,6,2025-11-24,6,4,1,499.0,210.0,0.0
18210,1120,1,2025-11-24,5,1,1,299.0,128.0,0.0
18211,560,2,2025-11-24,2,1,1,299.0,128.0,0.0
18212,1934,2,2025-11-24,3,5,1,299.0,128.0,0.0
18213,1897,2,2025-11-24,3,1,1,254.15,128.0,44.85
18214,334,5,2025-11-24,1,4,1,349.0,147.0,0.0
18215,1750,2,2025-11-24,1,4,2,299.0,128.0,0.0
18216,1106,6,2025-11-24,4,1,2,499.0,210.0,0.0
18217,961,5,2025-11-24,3,3,1,349.0,147.0,0.0
18218,1924,4,2025-11-24,1,3,1,349.0,147.0,0.0
18219,1133,4,2025-11-24,8,4,1,349.0,147.0,0.0
18220,1189,1,2025-11-24,7,3,1,299.0,128.0,0.0
18221,447,5,2025-11-24,3,1,1,349.0,147.0,0.0
18222,1727,5,2025-11-24,1,2,1,349.0,147.0,0.0
18223,636,5,2025-11-24,1,3,1,296.65,147.0,52.35
18224,1354,1,2025-11-24,1,4,1,299.0,128.0,0.0
18225,42,6,2025-11-24,1,1,2,499.0,210.0,0.0
18226,1369,6,2025-11-24,4,2,2,449.1,210.0,49.9
18227,107,2,2025-11-24,4,2,1,299.0,128.0,0.0
18228,1935,4,2025-11-24,3,2,1,349.0,147.0,0.0
18229,1343,3,2025-11-24,1,2,1,329.0,141.0,0.0
18230,289,4,2025-11-24,1,5,1,349.0,147.0,0.0
18231,188,3,2025-11-24,4,5,1,329.0,141.0,0.0
18232,163,6,2025-11-24,5,1,1,499.0,210.0,0.0
18233,1337,4,2025-11-24,1,3,1,349.0,147.0,0.0
18234,1039,4,2025-11-24,4,1,1,349.0,147.0,0.0
18235,111,3,2025-11-24,1,2,1,329.0,141.0,0.0
18236,810,5,2025-11-24,2,3,1,349.0,147.0,0.0
18237,1,6,2025-11-24,3,1,1,499.0,210.0,0.0
18238,495,4,2025-11-24,3,5,1,296.65,147.0,52.35
18239,1658,4,2025-11-24,7,1,1,349.0,147.0,0.0
18240,1250,2,2025-11-24,7,2,1,299.0,128.0,0.0
18241,1347,5,2025-11-24,2,3,1,296.65,147.0,52.35
18242,575,6,2025-11-24,8,1,2,499.0,210.0,0.0
18243,1450,5,2025-11-25,1,3,1,349.0,147.0,0.0
18244,303,3,2025-11-25,4,3,1,296.1,141.0,32.9
18245,193,4,2025-11-25,1,3,2,349.0,147.0,0.0
18246,877,1,2025-11-25,1,4,1,299.0,128.0,0.0
18247,475,5,2025-11-25,1,2,1,349.0,147.0,0.0
18248,1160,6,2025-11-25,1,1,1,499.0,210.0,0.0
18249,1207,2,2025-11-25,1,2,1,299.0,128.0,0.0
18250,729,5,2025-11-25,2,3,2,349.0,147.0,0.0
18251,300,2,2025-11-25,1,2,1,299.0,128.0,0.0
18252,1140,4,2025-11-25,3,1,2,349.0,147.0,0.0
18253,1525,6,2025-11-25,2,5,1,499.0,210.0,0.0
18254,426,1,2025-11-25,1,1,1,299.0,128.0,0.0
18255,928,3,2025-11-25,4,2,1,329.0,141.0,0.0
18256,1233,4,2025-11-25,5,1,2,349.0,147.0,0.0
18257,1982,1,2025-11-25,5,1,1,299.0,128.0,0.0
18258,967,3,2025-11-25,1,2,1,329.0,141.0,0.0
18259,780,6,2025-11-25,3,2,1,449.1,210.0,49.9
18260,1688,5,2025-11-25,5,5,1,349.0,147.0,0.0
18261,788,4,2025-11-25,3,2,2,349.0,147.0,0.0
18262,538,3,2025-11-25,1,4,1,296.1,141.0,32.9
18263,1993,2,2025-11-25,5,1,1,299.0,128.0,0.0
18264,172,4,2025-11-25,3,2,1,349.0,147.0,0.0
18265,860,5,2025-11-25,3,1,1,349.0,147.0,0.0
18266,307,3,2025-11-25,2,1,1,296.1,141.0,32.9
18267,704,2,2025-11-25,3,1,1,299.0,128.0,0.0
18268,869,6,2025-11-25,1,2,1,499.0,210.0,0.0
18269,1329,2,2025-11-25,3,3,1,299.0,128.0,0.0
18270,1611,3,2025-11-25,2,1,1,329.0,141.0,0.0
18271,150,5,2025-11-25,5,5,1,349.0,147.0,0.0
18272,1721,1,2025-11-25,6,2,1,299.0,128.0,0.0
18273,1729,4,2025-11-25,2,1,1,349.0,147.0,0.0
18274,915,5,2025-11-25,4,1,1,349.0,147.0,0.0
18275,1166,4,2025-11-25,1,5,2,349.0,147.0,0.0
18276,1985,4,2025-11-25,3,3,1,349.0,147.0,0.0
18277,1273,6,2025-11-25,5,3,1,499.0,210.0,0.0
18278,1644,2,2025-11-25,2,1,1,299.0,128.0,0.0
18279,1077,2,2025-11-25,1,1,1,269.1,128.0,29.9
18280,1017,6,2025-11-25,7,4,1,449.1,210.0,49.9
18281,1491,5,2025-11-25,7,1,1,314.1,147.0,34.9
18282,526,5,2025-11-25,3,1,1,349.0,147.0,0.0
18283,109,3,2025-11-25,2,4,1,329.0,141.0,0.0
18284,628,3,2025-11-25,2,2,1,329.0,141.0,0.0
18285,174,5,2025-11-25,3,5,2,349.0,147.0,0.0
18286,779,5,2025-11-25,7,2,1,314.1,147.0,34.9
18287,1289,5,2025-11-25,5,3,1,349.0,147.0,0.0
18288,588,3,2025-11-25,1,1,2,329.0,141.0,0.0
18289,559,2,2025-11-25,5,1,1,254.15,128.0,44.85
18290,1197,1,2025-11-25,3,2,1,269.1,128.0,29.9
18291,320,4,2025-11-25,1,4,1,296.65,147.0,52.35
18292,1122,2,2025-11-25,4,4,1,299.0,128.0,0.0
18293,152,2,2025-11-25,7,4,1,299.0,128.0,0.0
18294,388,3,2025-11-25,1,2,1,329.0,141.0,0.0
18295,1704,6,2025-11-25,2,1,1,499.0,210.0,0.0
18296,537,5,2025-11-25,7,5,1,349.0,147.0,0.0
18297,1241,1,2025-11-25,3,5,1,299.0,128.0,0.0
18298,1704,3,2025-11-25,3,1,1,296.1,141.0,32.9
18299,388,4,2025-11-25,7,1,1,349.0,147.0,0.0
18300,1467,2,2025-11-25,6,2,1,299.0,128.0,0.0
18301,99,3,2025-11-25,3,2,1,329.0,141.0,0.0
18302,1558,1,2025-11-25,5,2,1,299.0,128.0,0.0
18303,249,1,2025-11-25,5,5,2,299.0,128.0,0.0
18304,547,2,2025-11-25,1,2,1,299.0,128.0,0.0
18305,1703,5,2025-11-25,8,3,1,349.0,147.0,0.0
18306,1561,4,2025-11-25,3,2,1,349.0,147.0,0.0
18307,707,6,2025-11-25,1,2,1,499.0,210.0,0.0
18308,709,4,2025-11-25,3,1,2,314.1,147.0,34.9
18309,210,5,2025-11-25,1,2,1,349.0,147.0,0.0
18310,1520,4,2025-11-26,3,2,1,314.1,147.0,34.9
18311,99,5,2025-11-26,1,5,1,349.0,147.0,0.0
18312,3,4,2025-11-26,7,1,1,296.65,147.0,52.35
18313,1300,5,2025-11-26,7,1,1,314.1,147.0,34.9
18314,1157,4,2025-11-26,2,1,1,349.0,147.0,0.0
18315,1136,3,2025-11-26,7,1,1,329.0,141.0,0.0
18316,1477,4,2025-11-26,4,5,1,349.0,147.0,0.0
18317,546,1,2025-11-26,1,2,1,269.1,128.0,29.9
18318,937,5,2025-11-26,1,2,1,349.0,147.0,0.0
18319,920,5,2025-11-26,4,3,1,349.0,147.0,0.0
18320,22,4,2025-11-26,8,1,1,349.0,147.0,0.0
18321,254,6,2025-11-26,7,2,1,449.1,210.0,49.9
18322,390,3,2025-11-26,1,2,1,329.0,141.0,0.0
18323,1009,5,2025-11-26,3,1,1,349.0,147.0,0.0
18324,684,6,2025-11-26,1,2,1,499.0,210.0,0.0
18325,927,2,2025-11-26,1,4,1,299.0,128.0,0.0
18326,1062,4,2025-11-26,3,3,1,349.0,147.0,0.0
18327,1534,4,2025-11-26,1,1,1,349.0,147.0,0.0
18328,570,4,2025-11-26,1,5,1,349.0,147.0,0.0
18329,1134,1,2025-11-26,3,3,1,299.0,128.0,0.0
18330,1353,4,2025-11-26,2,1,1,314.1,147.0,34.9
18331,153,4,2025-11-26,3,1,2,349.0,147.0,0.0
18332,980,1,2025-11-26,8,1,1,299.0,128.0,0.0
18333,1780,2,2025-11-26,1,4,1,299.0,128.0,0.0
18334,162,4,2025-11-26,5,2,1,349.0,147.0,0.0
18335,1472,1,2025-11-26,3,3,1,299.0,128.0,0.0
18336,40,1,2025-11-26,4,3,1,299.0,128.0,0.0
18337,1246,1,2025-11-26,2,1,1,254.15,128.0,44.85
18338,1785,4,2025-11-26,3,2,1,349.0,147.0,0.0
18339,632,5,2025-11-26,7,5,1,349.0,147.0,0.0
18340,1776,1,2025-11-26,4,1,1,254.15,128.0,44.85
18341,1182,2,2025-11-26,4,3,1,299.0,128.0,0.0
18342,310,6,2025-11-26,2,1,1,499.0,210.0,0.0
18343,1954,5,2025-11-26,7,5,1,349.0,147.0,0.0
18344,470,3,2025-11-26,5,3,1,279.65,141.0,49.35
18345,1528,6,2025-11-26,2,1,1,424.15,210.0,74.85
18346,884,6,2025-11-26,2,4,1,499.0,210.0,0.0
18347,1351,2,2025-11-26,1,1,1,299.0,128.0,0.0
18348,737,6,2025-11-26,5,2,1,449.1,210.0,49.9
18349,499,2,2025-11-26,1,2,1,269.1,128.0,29.9
18350,1614,1,2025-11-26,3,2,1,299.0,128.0,0.0
18351,1644,3,2025-11-26,7,2,1,329.0,141.0,0.0
18352,1419,5,2025-11-26,8,1,1,349.0,147.0,0.0
18353,300,2,2025-11-26,3,1,1,299.0,128.0,0.0
18354,682,1,2025-11-26,5,3,1,299.0,128.0,0.0
18355,1785,2,2025-11-26,7,5,1,299.0,128.0,0.0
18356,264,5,2025-11-26,3,1,2,349.0,147.0,0.0
18357,1368,1,2025-11-26,5,1,1,299.0,128.0,0.0
18358,1373,5,2025-11-26,4,2,1,349.0,147.0,0.0
18359,961,1,2025-11-26,3,1,1,254.15,128.0,44.85
18360,264,2,2025-11-26,1,1,1,299.0,128.0,0.0
18361,800,3,2025-11-26,3,2,1,329.0,141.0,0.0
18362,562,6,2025-11-26,1,5,1,499.0,210.0,0.0
18363,1915,5,2025-11-26,9,1,1,349.0,147.0,0.0
18364,39,4,2025-11-26,1,5,1,349.0,147.0,0.0
18365,489,1,2025-11-26,1,3,1,269.1,128.0,29.9
18366,1454,2,2025-11-26,2,1,1,299.0,128.0,0.0
18367,1468,4,2025-11-26,8,2,1,349.0,147.0,0.0
18368,511,2,2025-11-26,4,5,1,299.0,128.0,0.0
18369,906,5,2025-11-26,2,2,1,349.0,147.0,0.0
18370,1011,1,2025-11-26,5,2,1,299.0,128.0,0.0
18371,67,5,2025-11-26,9,1,1,349.0,147.0,0.0
18372,1279,4,2025-11-26,3,1,1,349.0,147.0,0.0
18373,1741,2,2025-11-26,6,2,1,299.0,128.0,0.0
18374,1070,5,2025-11-26,9,2,1,349.0,147.0,0.0
18375,1486,4,2025-11-26,3,2,1,349.0,147.0,0.0
18376,1187,1,2025-11-26,8,1,1,269.1,128.0,29.9
18377,404,4,2025-11-26,1,1,1,349.0,147.0,0.0
18378,378,5,2025-11-27,3,1,1,349.0,147.0,0.0
18379,537,5,2025-11-27,4,2,1,314.1,147.0,34.9
18380,809,5,2025-11-27,3,2,1,349.0,147.0,0.0
18381,1594,4,2025-11-27,1,4,1,349.0,147.0,0.0
18382,189,3,2025-11-27,2,1,1,296.1,141.0,32.9
18383,1788,2,2025-11-27,1,4,1,299.0,128.0,0.0
18384,645,6,2025-11-27,1,4,1,499.0,210.0,0.0
18385,665,4,2025-11-27,8,1,1,314.1,147.0,34.9
18386,697,5,2025-11-27,8,5,1,349.0,147.0,0.0
18387,1563,4,2025-11-27,3,4,1,314.1,147.0,34.9
18388,1759,4,2025-11-27,5,3,1,349.0,147.0,0.0
18389,1344,5,2025-11-27,5,5,1,349.0,147.0,0.0
18390,244,2,2025-11-27,2,2,1,299.0,128.0,0.0
18391,1116,6,2025-11-27,4,4,1,449.1,210.0,49.9
18392,164,6,2025-11-27,3,2,2,499.0,210.0,0.0
18393,1104,4,2025-11-27,7,2,2,349.0,147.0,0.0
18394,846,1,2025-11-27,1,1,1,254.15,128.0,44.85
18395,1437,4,2025-11-27,6,1,1,349.0,147.0,0.0
18396,448,4,2025-11-27,2,1,1,349.0,147.0,0.0
18397,1463,5,2025-11-27,3,2,1,349.0,147.0,0.0
18398,662,5,2025-11-27,8,4,1,349.0,147.0,0.0
18399,1366,4,2025-11-27,8,1,1,296.65,147.0,52.35
18400,484,1,2025-11-27,1,1,1,299.0,128.0,0.0
18401,1173,4,2025-11-27,7,1,1,349.0,147.0,0.0
18402,1420,5,2025-11-27,2,1,1,349.0,147.0,0.0
18403,1545,4,2025-11-27,5,4,1,349.0,147.0,0.0
18404,1508,2,2025-11-27,3,1,1,299.0,128.0,0.0
18405,1484,1,2025-11-27,3,2,2,299.0,128.0,0.0
18406,1421,3,2025-11-27,1,2,1,329.0,141.0,0.0
18407,1667,6,2025-11-27,4,5,1,424.15,210.0,74.85
18408,381,4,2025-11-27,3,2,1,349.0,147.0,0.0
18409,291,3,2025-11-27,3,1,1,329.0,141.0,0.0
18410,835,1,2025-11-27,3,2,1,254.15,128.0,44.85
18411,940,1,2025-11-27,3,4,1,299.0,128.0,0.0
18412,1606,5,2025-11-27,2,3,1,349.0,147.0,0.0
18413,1585,5,2025-11-27,2,5,1,349.0,147.0,0.0
18414,666,3,2025-11-27,3,2,1,279.65,141.0,49.35
18415,1412,2,2025-11-27,3,2,1,269.1,128.0,29.9
18416,1849,4,2025-11-27,3,5,2,349.0,147.0,0.0
18417,942,5,2025-11-27,3,2,1,349.0,147.0,0.0
18418,1581,2,2025-11-27,5,1,1,269.1,128.0,29.9
18419,1107,4,2025-11-27,3,1,1,349.0,147.0,0.0
18420,1616,5,2025-11-27,1,2,1,349.0,147.0,0.0
18421,1995,1,2025-11-27,5,1,1,254.15,128.0,44.85
18422,1253,5,2025-11-27,2,1,1,349.0,147.0,0.0
18423,673,6,2025-11-27,7,2,1,424.15,210.0,74.85
18424,668,2,2025-11-27,7,2,1,269.1,128.0,29.9
18425,567,5,2025-11-27,1,2,1,314.1,147.0,34.9
18426,620,5,2025-11-27,3,4,1,349.0,147.0,0.0
18427,187,6,2025-11-27,1,2,1,499.0,210.0,0.0
18428,719,5,2025-11-27,5,1,1,349.0,147.0,0.0
18429,579,6,2025-11-27,5,1,1,499.0,210.0,0.0
18430,1671,4,2025-11-27,3,2,1,349.0,147.0,0.0
18431,157,5,2025-11-27,2,3,1,349.0,147.0,0.0
18432,1831,4,2025-11-27,3,3,1,349.0,147.0,0.0
18433,70,2,2025-11-27,7,3,1,299.0,128.0,0.0
18434,1187,5,2025-11-27,7,1,1,349.0,147.0,0.0
18435,1291,4,2025-11-27,1,3,1,349.0,147.0,0.0
18436,1883,1,2025-11-27,6,1,1,299.0,128.0,0.0
18437,752,4,2025-11-27,1,3,1,349.0,147.0,0.0
18438,1584,4,2025-11-27,3,4,1,349.0,147.0,0.0
18439,1658,5,2025-11-27,1,4,1,349.0,147.0,0.0
18440,158,1,2025-11-27,1,2,1,299.0,128.0,0.0
18441,755,5,2025-11-27,4,4,1,314.1,147.0,34.9
18442,1719,5,2025-11-27,1,1,1,349.0,147.0,0.0
18443,1083,5,2025-11-27,1,1,1,349.0,147.0,0.0
18444,194,6,2025-11-27,5,2,1,499.0,210.0,0.0
18445,1336,2,2025-11-27,1,2,1,299.0,128.0,0.0
18446,1004,1,2025-11-27,9,1,1,299.0,128.0,0.0
18447,1888,4,2025-11-27,1,2,1,314.1,147.0,34.9
18448,696,6,2025-11-28,1,2,1,449.1,210.0,49.9
18449,1046,5,2025-11-28,2,2,1,349.0,147.0,0.0
18450,1846,4,2025-11-28,3,4,1,349.0,147.0,0.0
18451,502,3,2025-11-28,1,3,1,296.1,141.0,32.9
18452,1311,6,2025-11-28,1,5,1,499.0,210.0,0.0
18453,1012,4,2025-11-28,6,1,1,349.0,147.0,0.0
18454,1904,5,2025-11-28,7,1,2,349.0,147.0,0.0
18455,539,5,2025-11-28,2,2,1,314.1,147.0,34.9
18456,1767,5,2025-11-28,1,1,1,349.0,147.0,0.0
18457,1662,5,2025-11-28,3,1,2,349.0,147.0,0.0
18458,116,2,2025-11-28,8,1,1,299.0,128.0,0.0
18459,377,2,2025-11-28,2,2,1,299.0,128.0,0.0
18460,1928,4,2025-11-28,7,5,1,296.65,147.0,52.35
18461,1714,5,2025-11-28,3,2,1,349.0,147.0,0.0
18462,1911,4,2025-11-28,6,1,1,349.0,147.0,0.0
18463,131,6,2025-11-28,4,5,1,499.0,210.0,0.0
18464,710,4,2025-11-28,4,3,1,349.0,147.0,0.0
18465,763,5,2025-11-28,7,1,1,314.1,147.0,34.9
18466,418,5,2025-11-28,2,1,1,349.0,147.0,0.0
18467,817,1,2025-11-28,1,1,1,299.0,128.0,0.0
18468,796,4,2025-11-28,2,3,1,314.1,147.0,34.9
18469,796,2,2025-11-28,1,5,1,299.0,128.0,0.0
18470,1776,3,2025-11-28,1,2,1,329.0,141.0,0.0
18471,299,4,2025-11-28,5,1,1,349.0,147.0,0.0
18472,963,2,2025-11-28,2,3,2,269.1,128.0,29.9
18473,71,4,2025-11-28,3,2,1,349.0,147.0,0.0
18474,1417,1,2025-11-28,8,1,1,299.0,128.0,0.0
18475,522,5,2025-11-28,2,1,1,314.1,147.0,34.9
18476,758,1,2025-11-28,1,2,1,269.1,128.0,29.9
18477,27,4,2025-11-28,4,1,1,296.65,147.0,52.35
18478,569,3,2025-11-28,3,2,1,329.0,141.0,0.0
18479,663,4,2025-11-28,2,2,1,349.0,147.0,0.0
18480,1185,3,2025-11-28,3,3,2,329.0,141.0,0.0
18481,509,5,2025-11-28,3,2,1,349.0,147.0,0.0
18482,939,4,2025-11-28,1,2,1,314.1,147.0,34.9
18483,951,4,2025-11-28,8,4,1,349.0,147.0,0.0
18484,60,4,2025-11-28,1,4,1,349.0,147.0,0.0
18485,754,2,2025-11-28,1,2,1,269.1,128.0,29.9
18486,324,4,2025-11-28,5,2,1,349.0,147.0,0.0
18487,1095,2,2025-11-28,8,1,1,254.15,128.0,44.85
18488,187,5,2025-11-28,6,3,1,349.0,147.0,0.0
18489,1871,4,2025-11-28,2,1,1,314.1,147.0,34.9
18490,1925,1,2025-11-28,1,1,1,299.0,128.0,0.0
18491,831,5,2025-11-28,6,2,2,349.0,147.0,0.0
18492,116,4,2025-11-28,3,2,1,314.1,147.0,34.9
18493,1972,4,2025-11-28,5,2,1,349.0,147.0,0.0
18494,1436,6,2025-11-28,1,3,1,499.0,210.0,0.0
18495,1185,1,2025-11-28,1,3,1,299.0,128.0,0.0
18496,1273,4,2025-11-28,7,1,1,349.0,147.0,0.0
18497,709,2,2025-11-28,2,2,1,299.0,128.0,0.0
18498,1005,2,2025-11-28,6,2,1,299.0,128.0,0.0
18499,1758,2,2025-11-28,1,2,1,299.0,128.0,0.0
18500,162,4,2025-11-28,4,1,1,349.0,147.0,0.0
18501,658,2,2025-11-28,1,4,1,299.0,128.0,0.0
18502,840,5,2025-11-28,5,2,1,349.0,147.0,0.0
18503,296,5,2025-11-28,7,1,1,349.0,147.0,0.0
18504,1009,4,2025-11-28,3,1,1,349.0,147.0,0.0
18505,90,4,2025-11-28,1,1,1,349.0,147.0,0.0
18506,846,3,2025-11-28,3,2,1,329.0,141.0,0.0
18507,1123,3,2025-11-28,5,1,2,329.0,141.0,0.0
18508,1476,6,2025-11-28,1,1,1,424.15,210.0,74.85
18509,929,4,2025-11-28,5,2,1,349.0,147.0,0.0
18510,41,4,2025-11-28,1,3,1,349.0,147.0,0.0
18511,1887,3,2025-11-28,1,2,1,329.0,141.0,0.0
18512,1893,1,2025-11-28,5,4,1,299.0,128.0,0.0
18513,1852,5,2025-11-28,1,1,1,349.0,147.0,0.0
18514,1449,3,2025-11-28,3,3,1,329.0,141.0,0.0
18515,602,2,2025-11-28,4,2,2,269.1,128.0,29.9
18516,528,1,2025-11-28,3,1,1,299.0,128.0,0.0
18517,1407,4,2025-11-28,1,3,2,349.0,147.0,0.0
18518,1400,1,2025-11-28,2,1,1,269.1,128.0,29.9
18519,1316,1,2025-11-28,1,1,1,299.0,128.0,0.0
18520,251,5,2025-11-28,1,1,1,349.0,147.0,0.0
18521,902,5,2025-11-28,3,2,1,349.0,147.0,0.0
18522,1652,4,2025-11-28,1,1,1,349.0,147.0,0.0
18523,1539,4,2025-11-28,5,2,1,296.65,147.0,52.35
18524,844,5,2025-11-28,3,1,2,349.0,147.0,0.0
18525,219,2,2025-11-29,5,2,1,299.0,128.0,0.0
18526,1561,1,2025-11-29,3,2,1,269.1,128.0,29.9
18527,688,6,2025-11-29,1,1,1,449.1,210.0,49.9
18528,134,4,2025-11-29,6,1,1,349.0,147.0,0.0
18529,102,5,2025-11-29,5,1,1,349.0,147.0,0.0
18530,1287,4,2025-11-29,2,5,1,314.1,147.0,34.9
18531,1600,4,2025-11-29,1,3,1,349.0,147.0,0.0
18532,185,5,2025-11-29,3,3,1,296.65,147.0,52.35
18533,1220,4,2025-11-29,5,5,1,349.0,147.0,0.0
18534,1239,4,2025-11-29,2,3,1,349.0,147.0,0.0
18535,613,2,2025-11-29,7,5,1,299.0,128.0,0.0
18536,1606,3,2025-11-29,1,1,1,329.0,141.0,0.0
18537,1217,2,2025-11-29,1,2,1,299.0,128.0,0.0
18538,1348,4,2025-11-29,1,1,1,349.0,147.0,0.0
18539,1079,6,2025-11-29,5,2,1,499.0,210.0,0.0
18540,1679,2,2025-11-29,2,2,2,269.1,128.0,29.9
18541,1334,6,2025-11-29,1,5,1,499.0,210.0,0.0
18542,1083,3,2025-11-29,4,4,1,329.0,141.0,0.0
18543,1996,1,2025-11-29,4,1,1,299.0,128.0,0.0
18544,1678,1,2025-11-29,5,2,1,254.15,128.0,44.85
18545,1147,4,2025-11-29,3,1,1,349.0,147.0,0.0
18546,945,5,2025-11-29,5,1,1,296.65,147.0,52.35
18547,497,4,2025-11-29,3,1,1,349.0,147.0,0.0
18548,1354,1,2025-11-29,5,1,1,299.0,128.0,0.0
18549,1265,5,2025-11-29,5,1,1,296.65,147.0,52.35
18550,1155,4,2025-11-29,6,2,1,349.0,147.0,0.0
18551,593,4,2025-11-29,2,1,1,349.0,147.0,0.0
18552,725,1,2025-11-29,8,2,1,299.0,128.0,0.0
18553,496,4,2025-11-29,1,1,1,314.1,147.0,34.9
18554,324,4,2025-11-29,3,1,1,349.0,147.0,0.0
18555,1417,5,2025-11-29,1,1,1,349.0,147.0,0.0
18556,127,5,2025-11-29,3,5,1,349.0,147.0,0.0
18557,184,1,2025-11-29,1,1,1,299.0,128.0,0.0
18558,1874,5,2025-11-29,3,5,2,349.0,147.0,0.0
18559,349,6,2025-11-29,9,3,1,424.15,210.0,74.85
18560,720,4,2025-11-29,1,2,1,314.1,147.0,34.9
18561,1973,5,2025-11-29,5,4,1,349.0,147.0,0.0
18562,1122,5,2025-11-29,1,1,1,349.0,147.0,0.0
18563,96,1,2025-11-29,1,2,1,299.0,128.0,0.0
18564,1576,4,2025-11-29,1,3,1,349.0,147.0,0.0
18565,1027,5,2025-11-29,7,1,1,349.0,147.0,0.0
18566,1568,3,2025-11-29,1,4,1,329.0,141.0,0.0
18567,1512,5,2025-11-29,3,4,1,349.0,147.0,0.0
18568,254,5,2025-11-29,2,1,1,349.0,147.0,0.0
18569,1037,5,2025-11-29,4,4,1,349.0,147.0,0.0
18570,269,2,2025-11-29,1,5,2,299.0,128.0,0.0
18571,1868,6,2025-11-29,2,2,1,499.0,210.0,0.0
18572,811,4,2025-11-29,2,2,1,349.0,147.0,0.0
18573,1229,5,2025-11-29,1,3,1,314.1,147.0,34.9
18574,648,4,2025-11-29,3,1,2,349.0,147.0,0.0
18575,251,2,2025-11-29,2,5,2,299.0,128.0,0.0
18576,1500,4,2025-11-29,2,3,1,314.1,147.0,34.9
18577,575,1,2025-11-29,1,3,1,299.0,128.0,0.0
18578,1940,2,2025-11-29,5,2,1,299.0,128.0,0.0
18579,268,5,2025-11-29,9,3,2,349.0,147.0,0.0
18580,1613,6,2025-11-29,7,2,1,499.0,210.0,0.0
18581,1657,5,2025-11-29,3,2,1,349.0,147.0,0.0
18582,1910,5,2025-11-29,1,4,1,349.0,147.0,0.0
18583,1215,6,2025-11-29,3,2,1,449.1,210.0,49.9
18584,1518,3,2025-11-29,4,1,1,329.0,141.0,0.0
18585,411,1,2025-11-29,7,1,1,299.0,128.0,0.0
18586,1704,5,2025-11-29,2,5,1,314.1,147.0,34.9
18587,1301,5,2025-11-29,1,4,1,349.0,147.0,0.0
18588,470,5,2025-11-29,4,1,1,349.0,147.0,0.0
18589,878,4,2025-11-29,1,2,1,296.65,147.0,52.35
18590,1123,4,2025-11-29,4,1,1,349.0,147.0,0.0
18591,1048,5,2025-11-29,1,2,1,349.0,147.0,0.0
18592,563,4,2025-11-29,9,1,1,349.0,147.0,0.0
18593,1114,1,2025-11-29,9,2,1,299.0,128.0,0.0
18594,230,3,2025-11-29,1,3,1,279.65,141.0,49.35
18595,1496,5,2025-11-29,8,5,1,349.0,147.0,0.0
18596,1967,5,2025-11-30,3,2,1,349.0,147.0,0.0
18597,561,1,2025-11-30,3,1,1,269.1,128.0,29.9
18598,1434,5,2025-11-30,3,1,2,349.0,147.0,0.0
18599,387,5,2025-11-30,1,3,1,349.0,147.0,0.0
18600,1071,4,2025-11-30,1,1,1,349.0,147.0,0.0
18601,882,1,2025-11-30,5,5,1,269.1,128.0,29.9
18602,368,5,2025-11-30,4,2,1,349.0,147.0,0.0
18603,895,6,2025-11-30,3,2,1,499.0,210.0,0.0
18604,1691,4,2025-11-30,2,3,1,349.0,147.0,0.0
18605,845,1,2025-11-30,9,1,1,254.15,128.0,44.85
18606,717,2,2025-11-30,4,1,1,299.0,128.0,0.0
18607,1844,1,2025-11-30,2,1,1,299.0,128.0,0.0
18608,1876,1,2025-11-30,3,4,1,269.1,128.0,29.9
18609,1230,4,2025-11-30,9,2,1,349.0,147.0,0.0
18610,780,1,2025-11-30,1,3,2,299.0,128.0,0.0
18611,1673,1,2025-11-30,2,2,1,299.0,128.0,0.0
18612,547,2,2025-11-30,8,5,1,299.0,128.0,0.0
18613,1620,4,2025-11-30,2,2,1,349.0,147.0,0.0
18614,1714,5,2025-11-30,3,3,1,349.0,147.0,0.0
18615,1354,4,2025-11-30,1,2,1,296.65,147.0,52.35
18616,479,4,2025-11-30,3,1,1,349.0,147.0,0.0
18617,209,2,2025-11-30,1,1,1,299.0,128.0,0.0
18618,450,6,2025-11-30,3,5,2,424.15,210.0,74.85
18619,1457,4,2025-11-30,5,4,1,296.65,147.0,52.35
18620,28,2,2025-11-30,1,4,1,299.0,128.0,0.0
18621,1117,5,2025-11-30,2,3,1,349.0,147.0,0.0
18622,1365,3,2025-11-30,9,2,1,329.0,141.0,0.0
18623,1659,2,2025-11-30,3,1,1,299.0,128.0,0.0
18624,1896,6,2025-11-30,7,2,1,499.0,210.0,0.0
18625,1992,4,2025-11-30,8,1,1,349.0,147.0,0.0
18626,939,5,2025-11-30,2,1,1,349.0,147.0,0.0
18627,631,1,2025-11-30,4,1,1,299.0,128.0,0.0
18628,473,2,2025-11-30,4,1,1,269.1,128.0,29.9
18629,1021,4,2025-11-30,1,1,1,349.0,147.0,0.0
18630,213,6,2025-11-30,6,4,1,499.0,210.0,0.0
18631,1237,5,2025-11-30,3,1,1,349.0,147.0,0.0
18632,915,2,2025-11-30,2,3,1,299.0,128.0,0.0
18633,447,5,2025-11-30,2,1,1,349.0,147.0,0.0
18634,1892,5,2025-11-30,9,2,1,349.0,147.0,0.0
18635,1221,4,2025-11-30,1,1,1,314.1,147.0,34.9
18636,880,1,2025-11-30,1,1,1,299.0,128.0,0.0
18637,1540,6,2025-11-30,1,1,1,499.0,210.0,0.0
18638,1386,6,2025-11-30,3,3,1,499.0,210.0,0.0
18639,942,2,2025-11-30,2,1,1,299.0,128.0,0.0
18640,1739,1,2025-11-30,3,3,1,299.0,128.0,0.0
18641,317,2,2025-11-30,1,2,1,269.1,128.0,29.9
18642,1104,1,2025-11-30,1,2,1,299.0,128.0,0.0
18643,109,2,2025-11-30,8,1,1,254.15,128.0,44.85
18644,164,6,2025-11-30,1,2,1,499.0,210.0,0.0
18645,1648,1,2025-11-30,3,5,1,299.0,128.0,0.0
18646,1678,3,2025-11-30,3,1,1,329.0,141.0,0.0
18647,1421,2,2025-11-30,2,4,1,299.0,128.0,0.0
18648,1607,4,2025-11-30,1,1,1,349.0,147.0,0.0
18649,200,4,2025-11-30,1,1,1,349.0,147.0,0.0
18650,847,4,2025-11-30,3,2,1,349.0,147.0,0.0
18651,1112,4,2025-11-30,2,3,1,349.0,147.0,0.0
18652,794,4,2025-11-30,5,2,1,314.1,147.0,34.9
18653,1713,3,2025-11-30,5,2,1,329.0,141.0,0.0
18654,563,5,2025-11-30,7,1,1,314.1,147.0,34.9
18655,1204,6,2025-11-30,5,5,1,499.0,210.0,0.0
18656,441,3,2025-11-30,3,2,1,329.0,141.0,0.0
18657,479,5,2025-11-30,1,1,2,349.0,147.0,0.0
18658,1046,6,2025-11-30,5,1,1,499.0,210.0,0.0
18659,715,5,2025-11-30,1,1,1,349.0,147.0,0.0
18660,1672,6,2025-11-30,7,2,1,449.1,210.0,49.9
18661,373,3,2025-11-30,2,1,1,279.65,141.0,49.35
18662,1155,1,2025-11-30,8,5,1,299.0,128.0,0.0
18663,64,5,2025-12-01,1,2,1,349.0,147.0,0.0
18664,666,5,2025-12-01,2,1,1,314.1,147.0,34.9
18665,656,5,2025-12-01,3,2,1,296.65,147.0,52.35
18666,1768,4,2025-12-01,9,2,1,349.0,147.0,0.0
18667,395,2,2025-12-01,4,4,1,299.0,128.0,0.0
18668,293,2,2025-12-01,1,2,1,299.0,128.0,0.0
18669,655,5,2025-12-01,1,2,1,296.65,147.0,52.35
18670,191,4,2025-12-01,5,2,2,349.0,147.0,0.0
18671,1814,4,2025-12-01,3,1,1,314.1,147.0,34.9
18672,1002,1,2025-12-01,4,4,1,299.0,128.0,0.0
18673,1598,3,2025-12-01,1,2,1,329.0,141.0,0.0
18674,555,5,2025-12-01,7,2,1,349.0,147.0,0.0
18675,505,1,2025-12-01,5,1,1,299.0,128.0,0.0
18676,506,1,2025-12-01,3,5,1,299.0,128.0,0.0
18677,277,5,2025-12-01,5,4,1,349.0,147.0,0.0
18678,329,1,2025-12-01,6,5,1,299.0,128.0,0.0
18679,288,1,2025-12-01,5,1,1,254.15,128.0,44.85
18680,1211,4,2025-12-01,2,1,1,314.1,147.0,34.9
18681,1403,5,2025-12-01,3,3,1,349.0,147.0,0.0
18682,1754,5,2025-12-01,1,4,1,296.65,147.0,52.35
18683,1378,3,2025-12-01,4,1,1,329.0,141.0,0.0
18684,129,5,2025-12-01,5,2,1,314.1,147.0,34.9
18685,399,6,2025-12-01,7,1,1,499.0,210.0,0.0
18686,52,4,2025-12-01,3,3,2,349.0,147.0,0.0
18687,1082,2,2025-12-01,4,5,1,299.0,128.0,0.0
18688,1467,4,2025-12-01,3,1,2,349.0,147.0,0.0
18689,1088,5,2025-12-01,3,4,1,349.0,147.0,0.0
18690,260,2,2025-12-01,1,2,1,299.0,128.0,0.0
18691,771,5,2025-12-01,8,1,1,349.0,147.0,0.0
18692,1707,5,2025-12-01,5,1,1,349.0,147.0,0.0
18693,750,6,2025-12-01,1,3,1,499.0,210.0,0.0
18694,1513,4,2025-12-01,1,2,1,349.0,147.0,0.0
18695,626,6,2025-12-01,6,2,1,499.0,210.0,0.0
18696,1738,4,2025-12-01,2,2,1,349.0,147.0,0.0
18697,1996,2,2025-12-01,2,2,1,299.0,128.0,0.0
18698,708,4,2025-12-01,5,1,1,349.0,147.0,0.0
18699,1424,2,2025-12-01,1,1,1,299.0,128.0,0.0
18700,8,2,2025-12-01,4,5,1,299.0,128.0,0.0
18701,1882,1,2025-12-01,9,1,1,269.1,128.0,29.9
18702,194,3,2025-12-01,1,2,1,329.0,141.0,0.0
18703,577,4,2025-12-01,3,1,1,349.0,147.0,0.0
18704,1535,2,2025-12-01,2,4,1,299.0,128.0,0.0
18705,621,1,2025-12-01,1,2,1,299.0,128.0,0.0
18706,1618,1,2025-12-01,8,4,1,299.0,128.0,0.0
18707,1161,6,2025-12-01,5,3,2,499.0,210.0,0.0
18708,373,1,2025-12-01,6,3,1,299.0,128.0,0.0
18709,153,5,2025-12-01,5,2,1,296.65,147.0,52.35
18710,611,2,2025-12-01,3,1,1,299.0,128.0,0.0
18711,743,1,2025-12-01,1,3,1,299.0,128.0,0.0
18712,140,4,2025-12-01,1,5,1,349.0,147.0,0.0
18713,426,3,2025-12-01,1,2,1,329.0,141.0,0.0
18714,463,2,2025-12-01,3,2,1,299.0,128.0,0.0
18715,1932,3,2025-12-01,1,1,1,329.0,141.0,0.0
18716,1888,1,2025-12-01,3,2,1,299.0,128.0,0.0
18717,1258,4,2025-12-01,5,3,1,349.0,147.0,0.0
18718,364,2,2025-12-01,4,2,1,269.1,128.0,29.9
18719,1969,4,2025-12-01,2,5,1,314.1,147.0,34.9
18720,572,2,2025-12-01,8,2,1,299.0,128.0,0.0
18721,124,4,2025-12-01,2,5,1,349.0,147.0,0.0
18722,541,2,2025-12-01,5,4,1,299.0,128.0,0.0
18723,704,2,2025-12-01,1,5,2,254.15,128.0,44.85
18724,605,4,2025-12-01,2,2,1,349.0,147.0,0.0
18725,1728,2,2025-12-01,7,3,1,299.0,128.0,0.0
18726,1177,4,2025-12-01,3,2,1,349.0,147.0,0.0
18727,1800,3,2025-12-01,2,2,1,329.0,141.0,0.0
18728,1253,3,2025-12-01,1,1,1,329.0,141.0,0.0
18729,1,5,2025-12-01,1,3,1,349.0,147.0,0.0
18730,340,2,2025-12-01,3,1,1,299.0,128.0,0.0
18731,291,5,2025-12-01,1,2,1,349.0,147.0,0.0
18732,1823,4,2025-12-02,7,1,1,349.0,147.0,0.0
18733,1781,1,2025-12-02,5,2,1,269.1,128.0,29.9
18734,1738,4,2025-12-02,1,2,1,349.0,147.0,0.0
18735,1162,5,2025-12-02,4,4,1,349.0,147.0,0.0
18736,460,1,2025-12-02,1,2,1,299.0,128.0,0.0
18737,271,5,2025-12-02,1,1,1,349.0,147.0,0.0
18738,636,1,2025-12-02,1,4,1,269.1,128.0,29.9
18739,257,2,2025-12-02,1,3,1,299.0,128.0,0.0
18740,308,4,2025-12-02,5,4,1,296.65,147.0,52.35
18741,455,4,2025-12-02,5,3,1,349.0,147.0,0.0
18742,1098,6,2025-12-02,2,5,1,449.1,210.0,49.9
18743,975,5,2025-12-02,7,1,1,349.0,147.0,0.0
18744,688,4,2025-12-02,7,1,1,349.0,147.0,0.0
18745,1278,4,2025-12-02,2,3,1,349.0,147.0,0.0
18746,1806,5,2025-12-02,1,2,1,349.0,147.0,0.0
18747,1180,5,2025-12-02,1,2,1,349.0,147.0,0.0
18748,1401,6,2025-12-02,7,3,1,499.0,210.0,0.0
18749,1120,6,2025-12-02,3,3,2,499.0,210.0,0.0
18750,726,1,2025-12-02,2,2,1,269.1,128.0,29.9
18751,793,5,2025-12-02,1,4,1,349.0,147.0,0.0
18752,585,1,2025-12-02,6,3,1,269.1,128.0,29.9
18753,1790,2,2025-12-02,3,2,1,299.0,128.0,0.0
18754,975,5,2025-12-02,5,2,1,349.0,147.0,0.0
18755,1114,2,2025-12-02,6,1,1,299.0,128.0,0.0
18756,476,1,2025-12-02,2,1,2,299.0,128.0,0.0
18757,327,4,2025-12-02,2,1,1,296.65,147.0,52.35
18758,615,4,2025-12-02,1,2,1,349.0,147.0,0.0
18759,230,6,2025-12-02,3,2,1,424.15,210.0,74.85
18760,1643,5,2025-12-02,3,1,1,349.0,147.0,0.0
18761,1826,4,2025-12-02,1,4,1,349.0,147.0,0.0
18762,886,4,2025-12-02,1,5,1,349.0,147.0,0.0
18763,884,6,2025-12-02,5,2,1,499.0,210.0,0.0
18764,1491,3,2025-12-02,1,3,1,329.0,141.0,0.0
18765,222,3,2025-12-02,1,3,2,296.1,141.0,32.9
18766,830,4,2025-12-02,8,4,1,314.1,147.0,34.9
18767,298,5,2025-12-02,3,2,1,314.1,147.0,34.9
18768,1464,4,2025-12-02,5,3,1,349.0,147.0,0.0
18769,1944,4,2025-12-02,1,2,1,349.0,147.0,0.0
18770,59,6,2025-12-02,5,2,1,499.0,210.0,0.0
18771,408,5,2025-12-02,2,4,1,349.0,147.0,0.0
18772,1392,4,2025-12-02,1,1,2,314.1,147.0,34.9
18773,402,6,2025-12-02,1,1,1,424.15,210.0,74.85
18774,79,4,2025-12-02,3,2,1,296.65,147.0,52.35
18775,1390,5,2025-12-02,3,2,1,349.0,147.0,0.0
18776,87,3,2025-12-02,6,5,1,329.0,141.0,0.0
18777,54,2,2025-12-02,2,2,1,299.0,128.0,0.0
18778,1945,4,2025-12-02,3,5,1,349.0,147.0,0.0
18779,1008,5,2025-12-02,6,1,1,296.65,147.0,52.35
18780,1478,5,2025-12-02,5,1,1,349.0,147.0,0.0
18781,1733,1,2025-12-02,5,3,1,269.1,128.0,29.9
18782,1605,5,2025-12-02,1,1,1,296.65,147.0,52.35
18783,1446,4,2025-12-02,1,1,1,349.0,147.0,0.0
18784,1104,2,2025-12-02,4,2,1,269.1,128.0,29.9
18785,1995,3,2025-12-02,4,2,1,329.0,141.0,0.0
18786,986,5,2025-12-02,1,2,2,296.65,147.0,52.35
18787,1580,4,2025-12-02,1,2,1,349.0,147.0,0.0
18788,643,6,2025-12-02,1,5,1,424.15,210.0,74.85
18789,1706,3,2025-12-02,1,1,1,329.0,141.0,0.0
18790,1917,5,2025-12-02,3,4,1,314.1,147.0,34.9
18791,141,1,2025-12-02,2,2,1,299.0,128.0,0.0
18792,46,4,2025-12-02,3,5,1,296.65,147.0,52.35
18793,1601,3,2025-12-02,1,1,1,329.0,141.0,0.0
18794,306,4,2025-12-02,6,2,2,296.65,147.0,52.35
18795,1437,4,2025-12-02,5,5,1,349.0,147.0,0.0
18796,530,1,2025-12-02,5,1,1,269.1,128.0,29.9
18797,810,5,2025-12-02,5,1,1,296.65,147.0,52.35
18798,813,4,2025-12-02,5,5,1,314.1,147.0,34.9
18799,1298,5,2025-12-02,5,2,1,314.1,147.0,34.9
18800,1538,3,2025-12-02,2,1,1,296.1,141.0,32.9
18801,1773,4,2025-12-02,3,2,1,296.65,147.0,52.35
18802,1710,4,2025-12-02,3,2,1,349.0,147.0,0.0
18803,197,6,2025-12-02,7,1,1,499.0,210.0,0.0
18804,594,6,2025-12-02,1,1,1,499.0,210.0,0.0
18805,1644,5,2025-12-02,3,1,1,349.0,147.0,0.0
18806,162,4,2025-12-02,1,3,1,349.0,147.0,0.0
18807,1891,5,2025-12-02,1,3,1,314.1,147.0,34.9
18808,67,4,2025-12-03,5,1,1,349.0,147.0,0.0
18809,1066,3,2025-12-03,5,1,1,329.0,141.0,0.0
18810,410,1,2025-12-03,2,3,1,299.0,128.0,0.0
18811,620,1,2025-12-03,5,1,1,254.15,128.0,44.85
18812,1637,1,2025-12-03,4,1,1,269.1,128.0,29.9
18813,546,6,2025-12-03,7,1,1,499.0,210.0,0.0
18814,111,5,2025-12-03,4,2,1,349.0,147.0,0.0
18815,277,1,2025-12-03,1,4,1,254.15,128.0,44.85
18816,659,2,2025-12-03,2,1,1,299.0,128.0,0.0
18817,1046,5,2025-12-03,2,4,2,349.0,147.0,0.0
18818,54,5,2025-12-03,1,3,1,349.0,147.0,0.0
18819,1504,6,2025-12-03,2,1,1,424.15,210.0,74.85
18820,616,2,2025-12-03,3,1,1,299.0,128.0,0.0
18821,688,5,2025-12-03,4,1,1,349.0,147.0,0.0
18822,1658,5,2025-12-03,4,3,2,349.0,147.0,0.0
18823,688,6,2025-12-03,2,1,1,499.0,210.0,0.0
18824,1979,2,2025-12-03,5,2,1,299.0,128.0,0.0
18825,1885,4,2025-12-03,3,5,1,349.0,147.0,0.0
18826,1664,5,2025-12-03,2,3,1,349.0,147.0,0.0
18827,1743,5,2025-12-03,7,4,1,349.0,147.0,0.0
18828,1427,2,2025-12-03,3,1,1,299.0,128.0,0.0
18829,1419,5,2025-12-03,6,5,1,349.0,147.0,0.0
18830,1738,3,2025-12-03,3,4,1,329.0,141.0,0.0
18831,835,5,2025-12-03,3,1,1,296.65,147.0,52.35
18832,1932,3,2025-12-03,4,4,1,329.0,141.0,0.0
18833,84,3,2025-12-03,5,2,1,329.0,141.0,0.0
18834,1903,1,2025-12-03,6,1,1,299.0,128.0,0.0
18835,442,3,2025-12-03,4,5,1,329.0,141.0,0.0
18836,2,3,2025-12-03,4,4,1,329.0,141.0,0.0
18837,1291,4,2025-12-03,7,1,1,349.0,147.0,0.0
18838,190,4,2025-12-03,2,4,1,349.0,147.0,0.0
18839,996,1,2025-12-03,5,2,1,299.0,128.0,0.0
18840,589,5,2025-12-03,1,1,1,349.0,147.0,0.0
18841,398,4,2025-12-03,5,3,2,349.0,147.0,0.0
18842,1961,1,2025-12-03,7,5,1,299.0,128.0,0.0
18843,215,4,2025-12-03,2,3,2,349.0,147.0,0.0
18844,796,5,2025-12-03,6,4,1,349.0,147.0,0.0
18845,267,4,2025-12-03,4,5,1,349.0,147.0,0.0
18846,176,5,2025-12-03,4,4,1,349.0,147.0,0.0
18847,1337,6,2025-12-03,5,1,2,499.0,210.0,0.0
18848,817,1,2025-12-03,1,2,1,299.0,128.0,0.0
18849,513,2,2025-12-03,6,1,1,299.0,128.0,0.0
18850,692,4,2025-12-03,2,1,1,349.0,147.0,0.0
18851,1154,5,2025-12-03,4,1,1,349.0,147.0,0.0
18852,1081,4,2025-12-03,4,3,1,349.0,147.0,0.0
18853,640,2,2025-12-03,7,1,1,299.0,128.0,0.0
18854,399,2,2025-12-03,6,1,1,299.0,128.0,0.0
18855,163,6,2025-12-03,2,3,1,499.0,210.0,0.0
18856,1966,4,2025-12-03,2,2,1,349.0,147.0,0.0
18857,427,6,2025-12-03,7,1,1,499.0,210.0,0.0
18858,1999,5,2025-12-03,5,1,1,349.0,147.0,0.0
18859,269,2,2025-12-03,5,1,1,299.0,128.0,0.0
18860,1257,6,2025-12-03,1,1,1,449.1,210.0,49.9
18861,1475,4,2025-12-03,4,1,1,349.0,147.0,0.0
18862,4,5,2025-12-03,5,3,1,349.0,147.0,0.0
18863,1911,1,2025-12-03,5,1,2,269.1,128.0,29.9
18864,1665,6,2025-12-03,5,1,1,499.0,210.0,0.0
18865,1062,3,2025-12-03,3,2,1,329.0,141.0,0.0
18866,619,4,2025-12-03,6,2,1,349.0,147.0,0.0
18867,1848,4,2025-12-03,7,2,1,296.65,147.0,52.35
18868,1360,5,2025-12-03,5,3,1,349.0,147.0,0.0
18869,783,4,2025-12-03,8,2,1,349.0,147.0,0.0
18870,862,4,2025-12-03,3,4,1,349.0,147.0,0.0
18871,300,4,2025-12-03,4,4,1,349.0,147.0,0.0
18872,105,1,2025-12-03,3,2,1,299.0,128.0,0.0
18873,1288,2,2025-12-03,3,2,1,299.0,128.0,0.0
18874,34,5,2025-12-03,1,1,1,349.0,147.0,0.0
18875,1059,3,2025-12-03,7,5,1,329.0,141.0,0.0
18876,1247,5,2025-12-03,1,2,1,349.0,147.0,0.0
18877,595,1,2025-12-03,6,2,1,254.15,128.0,44.85
18878,436,6,2025-12-03,4,4,1,424.15,210.0,74.85
18879,1993,5,2025-12-03,1,4,1,349.0,147.0,0.0
18880,993,4,2025-12-04,6,1,1,349.0,147.0,0.0
18881,1500,2,2025-12-04,1,2,1,299.0,128.0,0.0
18882,75,6,2025-12-04,3,1,1,499.0,210.0,0.0
18883,546,3,2025-12-04,9,1,1,329.0,141.0,0.0
18884,1731,4,2025-12-04,7,2,1,314.1,147.0,34.9
18885,184,4,2025-12-04,3,2,1,349.0,147.0,0.0
18886,801,1,2025-12-04,4,1,1,299.0,128.0,0.0
18887,315,5,2025-12-04,6,2,1,349.0,147.0,0.0
18888,524,2,2025-12-04,5,1,1,299.0,128.0,0.0
18889,1922,5,2025-12-04,4,2,2,349.0,147.0,0.0
18890,331,6,2025-12-04,2,4,1,499.0,210.0,0.0
18891,830,5,2025-12-04,4,3,1,296.65,147.0,52.35
18892,704,4,2025-12-04,7,2,1,314.1,147.0,34.9
18893,423,2,2025-12-04,5,4,1,299.0,128.0,0.0
18894,1958,1,2025-12-04,2,4,1,299.0,128.0,0.0
18895,129,3,2025-12-04,5,5,2,329.0,141.0,0.0
18896,845,4,2025-12-04,3,2,1,349.0,147.0,0.0
18897,1373,4,2025-12-04,6,2,1,349.0,147.0,0.0
18898,1276,4,2025-12-04,2,1,1,349.0,147.0,0.0
18899,1945,5,2025-12-04,1,1,1,349.0,147.0,0.0
18900,587,1,2025-12-04,4,1,1,299.0,128.0,0.0
18901,603,5,2025-12-04,3,3,1,349.0,147.0,0.0
18902,234,1,2025-12-04,1,2,1,299.0,128.0,0.0
18903,647,3,2025-12-04,3,2,1,329.0,141.0,0.0
18904,70,4,2025-12-04,1,4,1,349.0,147.0,0.0
18905,1401,4,2025-12-04,1,2,1,349.0,147.0,0.0
18906,215,3,2025-12-04,6,1,1,329.0,141.0,0.0
18907,134,6,2025-12-04,1,5,1,499.0,210.0,0.0
18908,1,1,2025-12-04,1,1,1,254.15,128.0,44.85
18909,916,6,2025-12-04,6,1,1,499.0,210.0,0.0
18910,1245,2,2025-12-04,7,1,2,299.0,128.0,0.0
18911,1637,5,2025-12-04,1,1,1,349.0,147.0,0.0
18912,695,5,2025-12-04,4,3,1,349.0,147.0,0.0
18913,1195,4,2025-12-04,2,1,1,349.0,147.0,0.0
18914,816,4,2025-12-04,1,3,1,314.1,147.0,34.9
18915,939,4,2025-12-04,1,1,1,349.0,147.0,0.0
18916,1343,1,2025-12-04,2,2,1,299.0,128.0,0.0
18917,588,5,2025-12-04,2,1,1,349.0,147.0,0.0
18918,1847,5,2025-12-04,2,2,1,314.1,147.0,34.9
18919,509,5,2025-12-04,5,2,1,349.0,147.0,0.0
18920,1391,4,2025-12-04,5,2,1,349.0,147.0,0.0
18921,167,4,2025-12-04,5,1,1,314.1,147.0,34.9
18922,1331,4,2025-12-04,1,5,1,296.65,147.0,52.35
18923,400,4,2025-12-04,5,4,1,349.0,147.0,0.0
18924,1258,5,2025-12-04,6,1,1,314.1,147.0,34.9
18925,1480,4,2025-12-04,7,1,1,296.65,147.0,52.35
18926,389,4,2025-12-04,2,5,1,349.0,147.0,0.0
18927,1069,6,2025-12-04,3,4,1,499.0,210.0,0.0
18928,1981,1,2025-12-04,3,2,1,299.0,128.0,0.0
18929,712,5,2025-12-04,6,5,1,349.0,147.0,0.0
18930,1012,4,2025-12-04,1,3,1,349.0,147.0,0.0
18931,1207,5,2025-12-04,9,1,1,349.0,147.0,0.0
18932,187,1,2025-12-04,4,4,1,254.15,128.0,44.85
18933,1128,2,2025-12-04,2,4,1,299.0,128.0,0.0
18934,13,5,2025-12-04,5,2,1,349.0,147.0,0.0
18935,823,4,2025-12-04,2,5,1,349.0,147.0,0.0
18936,1542,6,2025-12-04,4,5,1,499.0,210.0,0.0
18937,1761,5,2025-12-04,4,1,1,314.1,147.0,34.9
18938,572,5,2025-12-04,8,3,1,349.0,147.0,0.0
18939,329,4,2025-12-04,1,2,1,349.0,147.0,0.0
18940,950,3,2025-12-04,3,4,1,329.0,141.0,0.0
18941,1992,2,2025-12-04,3,4,1,299.0,128.0,0.0
18942,1802,2,2025-12-04,1,1,1,299.0,128.0,0.0
18943,745,4,2025-12-04,1,1,1,349.0,147.0,0.0
18944,240,2,2025-12-04,5,2,1,299.0,128.0,0.0
18945,1327,5,2025-12-04,3,2,1,349.0,147.0,0.0
18946,501,1,2025-12-04,3,1,1,299.0,128.0,0.0
18947,435,5,2025-12-04,1,1,1,349.0,147.0,0.0
18948,350,1,2025-12-04,1,5,1,254.15,128.0,44.85
18949,1665,4,2025-12-04,1,1,1,349.0,147.0,0.0
18950,496,5,2025-12-04,2,3,1,349.0,147.0,0.0
18951,816,2,2025-12-05,1,4,2,299.0,128.0,0.0
18952,1003,1,2025-12-05,7,3,1,299.0,128.0,0.0
18953,606,1,2025-12-05,8,4,1,299.0,128.0,0.0
18954,561,2,2025-12-05,2,2,1,299.0,128.0,0.0
18955,932,3,2025-12-05,5,1,1,329.0,141.0,0.0
18956,904,6,2025-12-05,6,4,1,424.15,210.0,74.85
18957,1347,3,2025-12-05,5,2,1,329.0,141.0,0.0
18958,1140,4,2025-12-05,1,2,1,349.0,147.0,0.0
18959,526,6,2025-12-05,7,2,1,499.0,210.0,0.0
18960,1253,3,2025-12-05,2,4,1,329.0,141.0,0.0
18961,145,2,2025-12-05,5,2,1,254.15,128.0,44.85
18962,1091,1,2025-12-05,7,1,1,299.0,128.0,0.0
18963,958,4,2025-12-05,3,1,1,349.0,147.0,0.0
18964,415,6,2025-12-05,6,2,1,499.0,210.0,0.0
18965,1895,4,2025-12-05,5,4,1,349.0,147.0,0.0
18966,1317,5,2025-12-05,3,1,1,296.65,147.0,52.35
18967,418,4,2025-12-05,3,2,1,349.0,147.0,0.0
18968,1539,4,2025-12-05,2,1,1,296.65,147.0,52.35
18969,746,5,2025-12-05,2,3,2,349.0,147.0,0.0
18970,289,6,2025-12-05,3,3,1,449.1,210.0,49.9
18971,57,5,2025-12-05,7,5,1,296.65,147.0,52.35
18972,1377,3,2025-12-05,1,5,1,329.0,141.0,0.0
18973,588,5,2025-12-05,4,1,1,349.0,147.0,0.0
18974,1271,4,2025-12-05,5,1,1,296.65,147.0,52.35
18975,1111,3,2025-12-05,2,1,1,329.0,141.0,0.0
18976,1771,5,2025-12-05,7,2,1,349.0,147.0,0.0
18977,1604,3,2025-12-05,9,1,1,329.0,141.0,0.0
18978,1472,1,2025-12-05,3,3,2,299.0,128.0,0.0
18979,1157,4,2025-12-05,5,1,1,349.0,147.0,0.0
18980,1748,6,2025-12-05,8,2,1,499.0,210.0,0.0
18981,1061,5,2025-12-05,1,1,1,296.65,147.0,52.35
18982,232,6,2025-12-05,1,3,2,499.0,210.0,0.0
18983,540,4,2025-12-05,1,1,1,349.0,147.0,0.0
18984,429,4,2025-12-05,2,1,1,349.0,147.0,0.0
18985,1268,5,2025-12-05,3,1,1,349.0,147.0,0.0
18986,501,5,2025-12-05,8,2,1,349.0,147.0,0.0
18987,1844,4,2025-12-05,5,1,1,349.0,147.0,0.0
18988,1884,2,2025-12-05,1,3,1,299.0,128.0,0.0
18989,968,2,2025-12-05,4,1,1,299.0,128.0,0.0
18990,594,4,2025-12-05,3,5,1,349.0,147.0,0.0
18991,1821,4,2025-12-05,3,1,1,349.0,147.0,0.0
18992,1599,5,2025-12-05,5,2,1,349.0,147.0,0.0
18993,1426,1,2025-12-05,1,3,1,299.0,128.0,0.0
18994,1206,1,2025-12-05,3,1,1,299.0,128.0,0.0
18995,631,1,2025-12-05,1,1,1,299.0,128.0,0.0
18996,655,2,2025-12-05,1,2,2,299.0,128.0,0.0
18997,1601,4,2025-12-05,3,2,1,296.65,147.0,52.35
18998,1397,2,2025-12-05,1,1,2,299.0,128.0,0.0
18999,212,3,2025-12-05,8,1,1,296.1,141.0,32.9
19000,1892,3,2025-12-05,1,2,1,329.0,141.0,0.0
19001,1260,2,2025-12-05,4,1,1,269.1,128.0,29.9
19002,1553,4,2025-12-05,8,3,1,314.1,147.0,34.9
19003,1773,5,2025-12-05,2,4,1,349.0,147.0,0.0
19004,133,4,2025-12-05,2,1,1,349.0,147.0,0.0
19005,629,6,2025-12-05,2,1,1,499.0,210.0,0.0
19006,1513,5,2025-12-05,3,1,1,314.1,147.0,34.9
19007,168,2,2025-12-05,6,5,1,269.1,128.0,29.9
19008,366,1,2025-12-05,1,1,1,299.0,128.0,0.0
19009,554,5,2025-12-05,4,3,2,296.65,147.0,52.35
19010,59,1,2025-12-05,3,1,1,299.0,128.0,0.0
19011,425,5,2025-12-05,1,1,1,349.0,147.0,0.0
19012,1967,4,2025-12-05,5,2,1,349.0,147.0,0.0
19013,392,6,2025-12-05,3,1,1,449.1,210.0,49.9
19014,744,1,2025-12-05,2,2,1,299.0,128.0,0.0
19015,489,4,2025-12-05,1,1,1,349.0,147.0,0.0
19016,732,5,2025-12-05,8,2,1,349.0,147.0,0.0
19017,1798,1,2025-12-05,7,4,2,299.0,128.0,0.0
19018,1587,4,2025-12-05,6,1,1,296.65,147.0,52.35
19019,1232,2,2025-12-05,3,4,1,299.0,128.0,0.0
19020,160,4,2025-12-05,3,1,1,349.0,147.0,0.0
19021,873,4,2025-12-05,2,1,1,349.0,147.0,0.0
19022,1792,1,2025-12-05,4,1,1,299.0,128.0,0.0
19023,1310,1,2025-12-05,1,2,1,299.0,128.0,0.0
19024,605,4,2025-12-05,5,3,1,349.0,147.0,0.0
19025,789,1,2025-12-06,2,1,1,269.1,128.0,29.9
19026,603,1,2025-12-06,7,5,1,299.0,128.0,0.0
19027,593,3,2025-12-06,5,4,1,329.0,141.0,0.0
19028,1954,1,2025-12-06,8,3,1,299.0,128.0,0.0
19029,1076,4,2025-12-06,6,2,1,314.1,147.0,34.9
19030,119,5,2025-12-06,4,1,1,314.1,147.0,34.9
19031,1460,4,2025-12-06,7,2,1,349.0,147.0,0.0
19032,1067,3,2025-12-06,1,1,1,296.1,141.0,32.9
19033,1445,1,2025-12-06,5,2,1,269.1,128.0,29.9
19034,174,2,2025-12-06,1,1,1,299.0,128.0,0.0
19035,1358,4,2025-12-06,1,2,1,349.0,147.0,0.0
19036,476,4,2025-12-06,3,4,1,349.0,147.0,0.0
19037,605,1,2025-12-06,1,2,1,299.0,128.0,0.0
19038,15,1,2025-12-06,1,1,1,299.0,128.0,0.0
19039,1852,5,2025-12-06,3,5,1,349.0,147.0,0.0
19040,1895,1,2025-12-06,2,1,1,299.0,128.0,0.0
19041,1891,5,2025-12-06,1,2,1,349.0,147.0,0.0
19042,1818,5,2025-12-06,2,4,1,349.0,147.0,0.0
19043,1835,1,2025-12-06,4,4,1,299.0,128.0,0.0
19044,258,6,2025-12-06,1,3,1,499.0,210.0,0.0
19045,1631,5,2025-12-06,3,1,1,349.0,147.0,0.0
19046,373,5,2025-12-06,8,1,1,296.65,147.0,52.35
19047,1485,4,2025-12-06,1,1,1,349.0,147.0,0.0
19048,1875,6,2025-12-06,1,1,1,449.1,210.0,49.9
19049,505,3,2025-12-06,5,2,1,329.0,141.0,0.0
19050,375,1,2025-12-06,1,2,1,269.1,128.0,29.9
19051,1435,6,2025-12-06,2,4,1,499.0,210.0,0.0
19052,169,6,2025-12-06,5,2,1,499.0,210.0,0.0
19053,975,4,2025-12-06,4,1,1,349.0,147.0,0.0
19054,279,3,2025-12-06,6,2,1,329.0,141.0,0.0
19055,642,4,2025-12-06,1,3,1,349.0,147.0,0.0
19056,160,3,2025-12-06,3,2,1,329.0,141.0,0.0
19057,1722,5,2025-12-06,1,4,1,314.1,147.0,34.9
19058,1358,3,2025-12-06,1,2,1,329.0,141.0,0.0
19059,88,6,2025-12-06,4,2,1,499.0,210.0,0.0
19060,436,6,2025-12-06,3,2,1,499.0,210.0,0.0
19061,1294,5,2025-12-06,2,1,1,349.0,147.0,0.0
19062,1647,1,2025-12-06,5,1,1,299.0,128.0,0.0
19063,1101,1,2025-12-06,6,1,1,299.0,128.0,0.0
19064,303,6,2025-12-06,3,1,2,499.0,210.0,0.0
19065,43,4,2025-12-06,6,1,1,349.0,147.0,0.0
19066,1416,6,2025-12-06,1,3,2,499.0,210.0,0.0
19067,813,2,2025-12-06,3,1,1,299.0,128.0,0.0
19068,1487,5,2025-12-06,5,5,1,349.0,147.0,0.0
19069,1339,2,2025-12-06,1,3,1,299.0,128.0,0.0
19070,1826,6,2025-12-06,4,2,1,499.0,210.0,0.0
19071,960,1,2025-12-06,5,2,1,299.0,128.0,0.0
19072,1108,5,2025-12-06,1,4,1,349.0,147.0,0.0
19073,958,1,2025-12-06,5,5,1,269.1,128.0,29.9
19074,1334,4,2025-12-06,2,3,1,349.0,147.0,0.0
19075,820,6,2025-12-06,5,4,1,499.0,210.0,0.0
19076,1378,5,2025-12-06,6,2,1,296.65,147.0,52.35
19077,1032,5,2025-12-06,3,1,1,349.0,147.0,0.0
19078,784,5,2025-12-06,1,2,1,349.0,147.0,0.0
19079,110,1,2025-12-06,5,1,1,299.0,128.0,0.0
19080,825,4,2025-12-06,2,1,1,349.0,147.0,0.0
19081,346,2,2025-12-06,1,2,1,254.15,128.0,44.85
19082,1597,5,2025-12-06,7,1,1,349.0,147.0,0.0
19083,991,3,2025-12-06,3,3,1,329.0,141.0,0.0
19084,1219,5,2025-12-06,1,1,1,314.1,147.0,34.9
19085,1607,6,2025-12-06,5,1,2,499.0,210.0,0.0
19086,1731,2,2025-12-06,4,1,2,299.0,128.0,0.0
19087,1222,5,2025-12-06,1,1,1,349.0,147.0,0.0
19088,696,1,2025-12-06,5,4,2,299.0,128.0,0.0
19089,1382,5,2025-12-06,1,1,1,349.0,147.0,0.0
19090,388,2,2025-12-06,3,1,1,299.0,128.0,0.0
19091,683,1,2025-12-06,1,1,1,299.0,128.0,0.0
19092,566,4,2025-12-06,1,1,1,349.0,147.0,0.0
19093,1825,2,2025-12-06,1,1,1,299.0,128.0,0.0
19094,1122,1,2025-12-06,3,3,1,299.0,128.0,0.0
19095,466,5,2025-12-06,1,2,1,349.0,147.0,0.0
19096,1209,1,2025-12-06,3,1,1,299.0,128.0,0.0
19097,676,4,2025-12-06,2,1,1,349.0,147.0,0.0
19098,420,1,2025-12-06,1,1,1,299.0,128.0,0.0
19099,1289,5,2025-12-07,1,2,1,349.0,147.0,0.0
19100,937,1,2025-12-07,1,1,1,299.0,128.0,0.0
19101,65,4,2025-12-07,6,3,1,314.1,147.0,34.9
19102,130,4,2025-12-07,4,1,1,349.0,147.0,0.0
19103,150,6,2025-12-07,2,1,1,499.0,210.0,0.0
19104,1528,4,2025-12-07,3,2,1,349.0,147.0,0.0
19105,395,6,2025-12-07,1,1,1,499.0,210.0,0.0
19106,801,2,2025-12-07,3,3,1,299.0,128.0,0.0
19107,43,4,2025-12-07,6,5,1,349.0,147.0,0.0
19108,1393,1,2025-12-07,2,1,1,299.0,128.0,0.0
19109,830,1,2025-12-07,3,2,1,254.15,128.0,44.85
19110,174,2,2025-12-07,7,3,1,299.0,128.0,0.0
19111,1960,3,2025-12-07,3,2,1,329.0,141.0,0.0
19112,1477,4,2025-12-07,5,3,2,296.65,147.0,52.35
19113,371,4,2025-12-07,7,4,1,349.0,147.0,0.0
19114,1021,2,2025-12-07,5,5,1,299.0,128.0,0.0
19115,1847,6,2025-12-07,8,2,1,499.0,210.0,0.0
19116,498,2,2025-12-07,4,3,1,299.0,128.0,0.0
19117,1525,6,2025-12-07,1,2,1,499.0,210.0,0.0
19118,1749,5,2025-12-07,1,1,1,349.0,147.0,0.0
19119,716,4,2025-12-07,3,1,1,314.1,147.0,34.9
19120,1650,6,2025-12-07,2,3,1,499.0,210.0,0.0
19121,992,4,2025-12-07,3,1,1,314.1,147.0,34.9
19122,468,2,2025-12-07,5,5,1,299.0,128.0,0.0
19123,564,2,2025-12-07,4,1,1,299.0,128.0,0.0
19124,164,3,2025-12-07,2,1,1,279.65,141.0,49.35
19125,249,4,2025-12-07,1,3,1,349.0,147.0,0.0
19126,1457,1,2025-12-07,1,2,1,269.1,128.0,29.9
19127,354,1,2025-12-07,7,1,1,299.0,128.0,0.0
19128,998,2,2025-12-07,5,3,1,269.1,128.0,29.9
19129,356,4,2025-12-07,2,2,1,349.0,147.0,0.0
19130,1481,5,2025-12-07,1,4,1,349.0,147.0,0.0
19131,1261,1,2025-12-07,1,5,1,254.15,128.0,44.85
19132,1136,5,2025-12-07,8,2,1,349.0,147.0,0.0
19133,1240,2,2025-12-07,6,1,1,269.1,128.0,29.9
19134,588,4,2025-12-07,1,2,1,314.1,147.0,34.9
19135,1858,4,2025-12-07,1,1,2,349.0,147.0,0.0
19136,1639,4,2025-12-07,1,1,1,349.0,147.0,0.0
19137,1276,5,2025-12-07,5,2,1,349.0,147.0,0.0
19138,1704,3,2025-12-07,3,4,1,329.0,141.0,0.0
19139,1814,3,2025-12-07,7,5,2,329.0,141.0,0.0
19140,1931,1,2025-12-07,7,3,1,299.0,128.0,0.0
19141,1185,2,2025-12-07,6,1,1,299.0,128.0,0.0
19142,1876,4,2025-12-07,7,5,1,296.65,147.0,52.35
19143,127,5,2025-12-07,3,2,1,349.0,147.0,0.0
19144,1425,2,2025-12-07,3,1,1,254.15,128.0,44.85
19145,1706,5,2025-12-07,7,1,1,314.1,147.0,34.9
19146,1862,5,2025-12-07,2,3,1,314.1,147.0,34.9
19147,1495,2,2025-12-07,1,2,1,299.0,128.0,0.0
19148,1580,4,2025-12-07,1,1,1,349.0,147.0,0.0
19149,1309,4,2025-12-07,3,4,1,349.0,147.0,0.0
19150,1157,6,2025-12-07,8,1,1,499.0,210.0,0.0
19151,297,4,2025-12-07,2,1,1,349.0,147.0,0.0
19152,1447,6,2025-12-07,1,2,1,499.0,210.0,0.0
19153,1172,2,2025-12-07,1,2,1,299.0,128.0,0.0
19154,66,1,2025-12-07,5,5,1,299.0,128.0,0.0
19155,1394,4,2025-12-07,2,2,1,314.1,147.0,34.9
19156,1449,4,2025-12-07,6,1,1,296.65,147.0,52.35
19157,1676,5,2025-12-07,1,3,1,314.1,147.0,34.9
19158,971,3,2025-12-07,4,4,1,329.0,141.0,0.0
19159,253,2,2025-12-07,1,2,1,269.1,128.0,29.9
19160,304,4,2025-12-07,5,4,1,349.0,147.0,0.0
19161,448,5,2025-12-07,3,2,1,349.0,147.0,0.0
19162,1966,4,2025-12-07,6,4,1,349.0,147.0,0.0
19163,599,2,2025-12-07,1,2,1,299.0,128.0,0.0
19164,1683,3,2025-12-07,2,1,1,296.1,141.0,32.9
19165,36,3,2025-12-07,2,4,1,329.0,141.0,0.0
19166,1463,3,2025-12-07,1,4,1,329.0,141.0,0.0
19167,625,4,2025-12-07,2,1,1,349.0,147.0,0.0
19168,5,1,2025-12-07,2,1,1,299.0,128.0,0.0
19169,1792,4,2025-12-07,1,2,1,349.0,147.0,0.0
19170,1005,1,2025-12-07,2,2,1,299.0,128.0,0.0
19171,1270,5,2025-12-07,6,1,1,349.0,147.0,0.0
19172,1280,5,2025-12-08,1,1,2,349.0,147.0,0.0
19173,1097,5,2025-12-08,1,2,1,349.0,147.0,0.0
19174,944,4,2025-12-08,5,1,1,296.65,147.0,52.35
19175,61,1,2025-12-08,5,2,1,299.0,128.0,0.0
19176,1918,3,2025-12-08,2,3,1,329.0,141.0,0.0
19177,78,4,2025-12-08,3,3,1,349.0,147.0,0.0
19178,1414,6,2025-12-08,1,5,1,499.0,210.0,0.0
19179,99,3,2025-12-08,2,1,1,296.1,141.0,32.9
19180,483,3,2025-12-08,3,5,1,296.1,141.0,32.9
19181,1024,4,2025-12-08,2,1,1,349.0,147.0,0.0
19182,1064,4,2025-12-08,1,2,1,314.1,147.0,34.9
19183,1906,5,2025-12-08,7,1,1,349.0,147.0,0.0
19184,1575,5,2025-12-08,1,3,1,349.0,147.0,0.0
19185,59,3,2025-12-08,3,2,1,329.0,141.0,0.0
19186,1763,2,2025-12-08,5,2,1,299.0,128.0,0.0
19187,1171,6,2025-12-08,7,1,1,424.15,210.0,74.85
19188,760,5,2025-12-08,3,1,1,349.0,147.0,0.0
19189,1556,1,2025-12-08,1,2,1,299.0,128.0,0.0
19190,795,5,2025-12-08,4,2,1,349.0,147.0,0.0
19191,1958,1,2025-12-08,7,2,1,299.0,128.0,0.0
19192,1623,2,2025-12-08,1,1,1,299.0,128.0,0.0
19193,34,6,2025-12-08,2,4,1,499.0,210.0,0.0
19194,1809,4,2025-12-08,1,2,1,296.65,147.0,52.35
19195,1341,5,2025-12-08,1,1,1,314.1,147.0,34.9
19196,120,4,2025-12-08,3,4,2,349.0,147.0,0.0
19197,185,4,2025-12-08,1,4,1,296.65,147.0,52.35
19198,1712,5,2025-12-08,3,4,1,349.0,147.0,0.0
19199,661,3,2025-12-08,1,2,1,329.0,141.0,0.0
19200,456,4,2025-12-08,1,5,1,314.1,147.0,34.9
19201,757,4,2025-12-08,2,4,2,349.0,147.0,0.0
19202,22,2,2025-12-08,7,2,1,299.0,128.0,0.0
19203,86,3,2025-12-08,6,3,1,329.0,141.0,0.0
19204,1837,3,2025-12-08,9,4,2,329.0,141.0,0.0
19205,266,5,2025-12-08,1,2,1,296.65,147.0,52.35
19206,1304,1,2025-12-08,2,5,1,299.0,128.0,0.0
19207,1422,5,2025-12-08,2,2,1,296.65,147.0,52.35
19208,1841,3,2025-12-08,1,5,1,329.0,141.0,0.0
19209,1052,6,2025-12-08,3,1,1,449.1,210.0,49.9
19210,741,2,2025-12-08,7,5,1,269.1,128.0,29.9
19211,517,2,2025-12-08,5,5,1,299.0,128.0,0.0
19212,1251,5,2025-12-08,9,3,1,349.0,147.0,0.0
19213,1285,3,2025-12-08,1,1,1,329.0,141.0,0.0
19214,456,4,2025-12-08,3,1,1,349.0,147.0,0.0
19215,1632,2,2025-12-08,1,2,1,299.0,128.0,0.0
19216,1964,2,2025-12-08,5,3,1,254.15,128.0,44.85
19217,1751,4,2025-12-08,5,1,1,349.0,147.0,0.0
19218,1759,4,2025-12-08,7,1,2,314.1,147.0,34.9
19219,36,4,2025-12-08,4,4,1,349.0,147.0,0.0
19220,1554,1,2025-12-08,4,2,1,269.1,128.0,29.9
19221,1624,5,2025-12-08,2,2,1,349.0,147.0,0.0
19222,589,5,2025-12-08,5,4,1,314.1,147.0,34.9
19223,293,3,2025-12-08,7,5,1,329.0,141.0,0.0
19224,418,2,2025-12-08,4,1,2,299.0,128.0,0.0
19225,1310,4,2025-12-08,2,3,2,349.0,147.0,0.0
19226,1981,5,2025-12-08,2,3,1,349.0,147.0,0.0
19227,1839,2,2025-12-08,2,2,1,299.0,128.0,0.0
19228,947,5,2025-12-08,4,3,1,349.0,147.0,0.0
19229,1406,5,2025-12-08,5,1,2,349.0,147.0,0.0
19230,1950,3,2025-12-08,5,3,1,279.65,141.0,49.35
19231,825,4,2025-12-08,5,3,1,349.0,147.0,0.0
19232,998,2,2025-12-08,1,1,1,299.0,128.0,0.0
19233,1156,3,2025-12-08,3,5,1,329.0,141.0,0.0
19234,883,2,2025-12-08,7,3,1,299.0,128.0,0.0
19235,1716,5,2025-12-08,1,2,1,349.0,147.0,0.0
19236,1583,6,2025-12-08,5,3,1,499.0,210.0,0.0
19237,666,5,2025-12-08,5,2,2,349.0,147.0,0.0
19238,54,4,2025-12-08,3,2,1,314.1,147.0,34.9
19239,538,4,2025-12-08,3,2,1,349.0,147.0,0.0
19240,1133,6,2025-12-08,2,5,1,499.0,210.0,0.0
19241,366,4,2025-12-08,1,2,2,349.0,147.0,0.0
19242,211,5,2025-12-09,2,1,2,349.0,147.0,0.0
19243,1944,6,2025-12-09,7,1,1,499.0,210.0,0.0
19244,531,1,2025-12-09,4,3,1,269.1,128.0,29.9
19245,1964,5,2025-12-09,3,2,1,314.1,147.0,34.9
19246,344,1,2025-12-09,6,2,1,299.0,128.0,0.0
19247,952,4,2025-12-09,1,4,1,296.65,147.0,52.35
19248,1104,3,2025-12-09,3,2,1,329.0,141.0,0.0
19249,1094,3,2025-12-09,7,1,1,329.0,141.0,0.0
19250,44,3,2025-12-09,5,1,1,296.1,141.0,32.9
19251,1194,4,2025-12-09,3,1,1,314.1,147.0,34.9
19252,281,2,2025-12-09,6,2,1,269.1,128.0,29.9
19253,415,5,2025-12-09,3,1,1,349.0,147.0,0.0
19254,576,6,2025-12-09,5,1,1,499.0,210.0,0.0
19255,375,2,2025-12-09,1,3,1,299.0,128.0,0.0
19256,1547,1,2025-12-09,3,2,2,254.15,128.0,44.85
19257,745,1,2025-12-09,5,2,1,299.0,128.0,0.0
19258,664,1,2025-12-09,1,3,1,299.0,128.0,0.0
19259,599,1,2025-12-09,3,1,2,269.1,128.0,29.9
19260,1659,1,2025-12-09,1,1,1,269.1,128.0,29.9
19261,1444,4,2025-12-09,2,5,1,349.0,147.0,0.0
19262,318,1,2025-12-09,3,4,1,254.15,128.0,44.85
19263,1141,3,2025-12-09,1,3,1,329.0,141.0,0.0
19264,909,4,2025-12-09,1,4,1,314.1,147.0,34.9
19265,1222,5,2025-12-09,1,1,1,349.0,147.0,0.0
19266,420,4,2025-12-09,3,3,1,349.0,147.0,0.0
19267,1605,4,2025-12-09,1,3,1,314.1,147.0,34.9
19268,37,3,2025-12-09,4,1,1,329.0,141.0,0.0
19269,1853,2,2025-12-09,5,1,1,299.0,128.0,0.0
19270,1450,5,2025-12-09,3,1,1,349.0,147.0,0.0
19271,1926,6,2025-12-09,1,4,1,449.1,210.0,49.9
19272,553,4,2025-12-09,2,5,1,296.65,147.0,52.35
19273,1401,2,2025-12-09,3,1,1,299.0,128.0,0.0
19274,375,5,2025-12-09,3,3,1,349.0,147.0,0.0
19275,843,4,2025-12-09,2,2,1,349.0,147.0,0.0
19276,619,4,2025-12-09,5,4,2,314.1,147.0,34.9
19277,517,4,2025-12-09,3,3,2,349.0,147.0,0.0
19278,28,1,2025-12-09,2,2,1,299.0,128.0,0.0
19279,160,2,2025-12-09,4,1,1,299.0,128.0,0.0
19280,900,6,2025-12-09,7,5,1,499.0,210.0,0.0
19281,397,4,2025-12-09,3,5,1,349.0,147.0,0.0
19282,600,5,2025-12-09,7,2,1,349.0,147.0,0.0
19283,270,2,2025-12-09,3,3,1,299.0,128.0,0.0
19284,818,1,2025-12-09,5,2,1,299.0,128.0,0.0
19285,461,5,2025-12-09,8,4,1,349.0,147.0,0.0
19286,54,2,2025-12-09,2,3,1,299.0,128.0,0.0
19287,741,6,2025-12-09,2,5,1,499.0,210.0,0.0
19288,1796,2,2025-12-09,5,5,1,299.0,128.0,0.0
19289,511,5,2025-12-09,2,5,1,349.0,147.0,0.0
19290,840,1,2025-12-09,3,1,1,299.0,128.0,0.0
19291,1887,5,2025-12-09,7,4,1,349.0,147.0,0.0
19292,1419,5,2025-12-09,5,1,1,349.0,147.0,0.0
19293,787,3,2025-12-09,1,2,1,279.65,141.0,49.35
19294,1508,1,2025-12-09,1,2,1,299.0,128.0,0.0
19295,1457,5,2025-12-09,7,4,1,314.1,147.0,34.9
19296,1422,2,2025-12-09,1,4,1,299.0,128.0,0.0
19297,323,4,2025-12-09,3,1,1,296.65,147.0,52.35
19298,1299,4,2025-12-09,2,1,1,314.1,147.0,34.9
19299,1511,5,2025-12-09,7,1,1,349.0,147.0,0.0
19300,1465,1,2025-12-09,3,4,1,299.0,128.0,0.0
19301,616,5,2025-12-09,5,5,1,349.0,147.0,0.0
19302,11,6,2025-12-09,6,2,2,424.15,210.0,74.85
19303,880,5,2025-12-09,1,1,2,349.0,147.0,0.0
19304,464,3,2025-12-09,4,1,1,296.1,141.0,32.9
19305,727,5,2025-12-09,7,4,1,349.0,147.0,0.0
19306,1974,2,2025-12-09,9,2,1,299.0,128.0,0.0
19307,300,3,2025-12-09,1,3,2,329.0,141.0,0.0
19308,872,4,2025-12-09,3,2,1,349.0,147.0,0.0
19309,163,4,2025-12-09,7,2,1,314.1,147.0,34.9
19310,692,5,2025-12-09,2,2,1,349.0,147.0,0.0
19311,988,1,2025-12-09,1,4,1,299.0,128.0,0.0
19312,1441,1,2025-12-09,2,2,1,299.0,128.0,0.0
19313,158,3,2025-12-09,6,1,1,279.65,141.0,49.35
19314,462,2,2025-12-09,1,2,1,299.0,128.0,0.0
19315,148,5,2025-12-09,8,2,1,296.65,147.0,52.35
19316,1131,5,2025-12-09,3,4,1,349.0,147.0,0.0
19317,638,5,2025-12-09,1,1,1,349.0,147.0,0.0
19318,1633,2,2025-12-10,1,2,1,299.0,128.0,0.0
19319,1753,4,2025-12-10,1,1,1,349.0,147.0,0.0
19320,1701,3,2025-12-10,1,2,1,329.0,141.0,0.0
19321,1559,4,2025-12-10,6,3,1,314.1,147.0,34.9
19322,793,5,2025-12-10,3,2,1,349.0,147.0,0.0
19323,1182,6,2025-12-10,8,3,1,499.0,210.0,0.0
19324,1846,1,2025-12-10,2,4,1,254.15,128.0,44.85
19325,1910,6,2025-12-10,1,3,1,499.0,210.0,0.0
19326,717,1,2025-12-10,7,1,1,299.0,128.0,0.0
19327,1001,4,2025-12-10,1,4,1,314.1,147.0,34.9
19328,550,6,2025-12-10,2,1,1,499.0,210.0,0.0
19329,1254,5,2025-12-10,1,2,1,349.0,147.0,0.0
19330,250,2,2025-12-10,4,1,1,299.0,128.0,0.0
19331,962,4,2025-12-10,9,1,1,349.0,147.0,0.0
19332,1748,6,2025-12-10,5,3,2,449.1,210.0,49.9
19333,1101,6,2025-12-10,5,1,1,499.0,210.0,0.0
19334,1083,1,2025-12-10,7,5,1,269.1,128.0,29.9
19335,818,3,2025-12-10,5,1,1,329.0,141.0,0.0
19336,796,4,2025-12-10,7,2,1,349.0,147.0,0.0
19337,476,5,2025-12-10,1,2,1,349.0,147.0,0.0
19338,1793,3,2025-12-10,4,3,1,329.0,141.0,0.0
19339,1960,6,2025-12-10,1,1,1,449.1,210.0,49.9
19340,893,5,2025-12-10,5,1,1,349.0,147.0,0.0
19341,1558,1,2025-12-10,1,1,1,299.0,128.0,0.0
19342,1938,5,2025-12-10,1,3,1,349.0,147.0,0.0
19343,1924,4,2025-12-10,5,2,2,349.0,147.0,0.0
19344,924,5,2025-12-10,8,1,1,349.0,147.0,0.0
19345,1614,2,2025-12-10,1,3,1,299.0,128.0,0.0
19346,1002,5,2025-12-10,6,1,1,296.65,147.0,52.35
19347,765,2,2025-12-10,1,2,1,299.0,128.0,0.0
19348,866,2,2025-12-10,2,5,1,299.0,128.0,0.0
19349,1023,6,2025-12-10,3,1,1,499.0,210.0,0.0
19350,716,1,2025-12-10,1,3,2,299.0,128.0,0.0
19351,1933,6,2025-12-10,1,5,1,499.0,210.0,0.0
19352,1811,4,2025-12-10,7,2,2,314.1,147.0,34.9
19353,441,5,2025-12-10,1,2,1,349.0,147.0,0.0
19354,400,5,2025-12-10,5,1,1,349.0,147.0,0.0
19355,590,4,2025-12-10,5,2,1,349.0,147.0,0.0
19356,1393,5,2025-12-10,7,3,1,349.0,147.0,0.0
19357,69,5,2025-12-10,3,1,1,314.1,147.0,34.9
19358,931,4,2025-12-10,3,2,1,349.0,147.0,0.0
19359,865,1,2025-12-10,7,1,1,299.0,128.0,0.0
19360,1252,6,2025-12-10,5,2,1,499.0,210.0,0.0
19361,1254,4,2025-12-10,2,1,1,314.1,147.0,34.9
19362,251,4,2025-12-10,5,2,1,349.0,147.0,0.0
19363,1566,6,2025-12-10,2,3,1,499.0,210.0,0.0
19364,643,2,2025-12-10,7,1,1,299.0,128.0,0.0
19365,1611,2,2025-12-10,4,2,1,299.0,128.0,0.0
19366,1788,4,2025-12-10,3,2,1,349.0,147.0,0.0
19367,1862,4,2025-12-10,5,1,1,349.0,147.0,0.0
19368,1516,4,2025-12-10,2,4,1,314.1,147.0,34.9
19369,344,1,2025-12-10,5,3,1,299.0,128.0,0.0
19370,1781,5,2025-12-10,2,2,1,349.0,147.0,0.0
19371,1474,3,2025-12-10,7,1,1,296.1,141.0,32.9
19372,185,6,2025-12-10,4,1,1,499.0,210.0,0.0
19373,1940,4,2025-12-10,8,5,1,349.0,147.0,0.0
19374,1046,5,2025-12-10,5,4,1,349.0,147.0,0.0
19375,845,5,2025-12-10,1,2,1,349.0,147.0,0.0
19376,760,1,2025-12-10,5,2,1,299.0,128.0,0.0
19377,164,4,2025-12-10,5,2,1,349.0,147.0,0.0
19378,1420,4,2025-12-10,2,1,1,349.0,147.0,0.0
19379,60,5,2025-12-10,3,2,2,349.0,147.0,0.0
19380,826,1,2025-12-10,7,1,1,299.0,128.0,0.0
19381,1523,5,2025-12-10,4,5,1,349.0,147.0,0.0
19382,1889,6,2025-12-10,5,3,2,424.15,210.0,74.85
19383,604,1,2025-12-10,7,2,1,299.0,128.0,0.0
19384,167,3,2025-12-10,3,1,1,329.0,141.0,0.0
19385,1468,6,2025-12-11,3,5,1,449.1,210.0,49.9
19386,1658,6,2025-12-11,2,2,1,499.0,210.0,0.0
19387,1242,6,2025-12-11,2,1,1,499.0,210.0,0.0
19388,865,2,2025-12-11,1,2,1,299.0,128.0,0.0
19389,1016,4,2025-12-11,5,1,1,349.0,147.0,0.0
19390,1665,1,2025-12-11,1,5,1,254.15,128.0,44.85
19391,1730,4,2025-12-11,3,1,1,349.0,147.0,0.0
19392,1539,5,2025-12-11,4,2,1,349.0,147.0,0.0
19393,97,4,2025-12-11,1,1,1,349.0,147.0,0.0
19394,1152,4,2025-12-11,8,3,1,349.0,147.0,0.0
19395,1189,5,2025-12-11,1,5,2,349.0,147.0,0.0
19396,1521,2,2025-12-11,2,1,1,269.1,128.0,29.9
19397,1526,1,2025-12-11,4,1,1,299.0,128.0,0.0
19398,1885,3,2025-12-11,1,2,1,279.65,141.0,49.35
19399,1969,4,2025-12-11,1,5,1,349.0,147.0,0.0
19400,170,2,2025-12-11,1,1,1,299.0,128.0,0.0
19401,729,5,2025-12-11,1,3,1,314.1,147.0,34.9
19402,874,5,2025-12-11,7,2,1,349.0,147.0,0.0
19403,147,5,2025-12-11,6,1,1,349.0,147.0,0.0
19404,516,5,2025-12-11,5,2,1,314.1,147.0,34.9
19405,293,4,2025-12-11,3,1,1,349.0,147.0,0.0
19406,1682,2,2025-12-11,2,3,1,299.0,128.0,0.0
19407,119,5,2025-12-11,1,2,1,349.0,147.0,0.0
19408,1850,2,2025-12-11,1,2,1,299.0,128.0,0.0
19409,1279,6,2025-12-11,5,1,1,449.1,210.0,49.9
19410,70,5,2025-12-11,9,3,1,349.0,147.0,0.0
19411,1701,5,2025-12-11,5,2,1,349.0,147.0,0.0
19412,1574,4,2025-12-11,1,2,1,349.0,147.0,0.0
19413,1180,1,2025-12-11,4,5,1,299.0,128.0,0.0
19414,378,6,2025-12-11,3,1,1,499.0,210.0,0.0
19415,34,4,2025-12-11,2,2,1,314.1,147.0,34.9
19416,539,5,2025-12-11,2,1,1,349.0,147.0,0.0
19417,1363,6,2025-12-11,5,3,1,449.1,210.0,49.9
19418,899,4,2025-12-11,7,1,1,349.0,147.0,0.0
19419,1871,6,2025-12-11,1,2,1,499.0,210.0,0.0
19420,299,5,2025-12-11,1,1,1,349.0,147.0,0.0
19421,1702,5,2025-12-11,5,2,1,349.0,147.0,0.0
19422,934,1,2025-12-11,1,4,1,299.0,128.0,0.0
19423,1018,5,2025-12-11,4,2,1,349.0,147.0,0.0
19424,1107,5,2025-12-11,1,2,1,314.1,147.0,34.9
19425,1045,1,2025-12-11,1,2,1,299.0,128.0,0.0
19426,844,6,2025-12-11,2,1,1,499.0,210.0,0.0
19427,152,2,2025-12-11,2,2,1,299.0,128.0,0.0
19428,321,2,2025-12-11,4,2,1,269.1,128.0,29.9
19429,1309,5,2025-12-11,1,1,1,349.0,147.0,0.0
19430,1296,5,2025-12-11,5,2,1,296.65,147.0,52.35
19431,1036,6,2025-12-11,4,1,1,499.0,210.0,0.0
19432,1818,2,2025-12-11,3,2,1,299.0,128.0,0.0
19433,862,4,2025-12-11,5,2,1,349.0,147.0,0.0
19434,1019,3,2025-12-11,4,1,1,329.0,141.0,0.0
19435,515,4,2025-12-11,1,4,1,349.0,147.0,0.0
19436,43,2,2025-12-11,8,2,2,299.0,128.0,0.0
19437,1492,1,2025-12-11,3,2,1,269.1,128.0,29.9
19438,710,4,2025-12-11,3,5,1,349.0,147.0,0.0
19439,463,2,2025-12-11,2,4,1,254.15,128.0,44.85
19440,426,5,2025-12-11,9,1,1,349.0,147.0,0.0
19441,1702,4,2025-12-11,5,2,1,349.0,147.0,0.0
19442,746,1,2025-12-11,3,2,1,299.0,128.0,0.0
19443,111,4,2025-12-11,3,3,2,349.0,147.0,0.0
19444,977,3,2025-12-11,6,2,1,329.0,141.0,0.0
19445,1498,1,2025-12-11,8,2,1,299.0,128.0,0.0
19446,47,5,2025-12-11,4,4,1,349.0,147.0,0.0
19447,923,2,2025-12-11,4,2,1,299.0,128.0,0.0
19448,1527,2,2025-12-11,4,4,1,299.0,128.0,0.0
19449,1947,4,2025-12-11,1,1,1,349.0,147.0,0.0
19450,1914,2,2025-12-11,3,2,1,299.0,128.0,0.0
19451,1018,2,2025-12-11,1,2,1,299.0,128.0,0.0
19452,1417,2,2025-12-11,2,2,1,269.1,128.0,29.9
19453,1133,1,2025-12-11,6,3,1,299.0,128.0,0.0
19454,1980,5,2025-12-11,2,1,1,314.1,147.0,34.9
19455,519,5,2025-12-12,3,4,1,349.0,147.0,0.0
19456,333,4,2025-12-12,1,2,1,349.0,147.0,0.0
19457,1824,6,2025-12-12,2,3,1,499.0,210.0,0.0
19458,1754,2,2025-12-12,3,5,1,299.0,128.0,0.0
19459,275,5,2025-12-12,6,5,1,349.0,147.0,0.0
19460,343,4,2025-12-12,1,4,1,349.0,147.0,0.0
19461,446,5,2025-12-12,2,3,1,349.0,147.0,0.0
19462,1457,1,2025-12-12,8,2,1,254.15,128.0,44.85
19463,1287,4,2025-12-12,1,5,1,349.0,147.0,0.0
19464,287,5,2025-12-12,9,2,1,349.0,147.0,0.0
19465,1201,2,2025-12-12,8,2,1,299.0,128.0,0.0
19466,1922,5,2025-12-12,6,3,1,349.0,147.0,0.0
19467,893,3,2025-12-12,3,4,1,329.0,141.0,0.0
19468,344,5,2025-12-12,3,1,1,349.0,147.0,0.0
19469,1817,1,2025-12-12,1,5,1,299.0,128.0,0.0
19470,1111,2,2025-12-12,2,4,1,299.0,128.0,0.0
19471,600,4,2025-12-12,3,3,1,349.0,147.0,0.0
19472,1098,4,2025-12-12,2,1,1,314.1,147.0,34.9
19473,1450,5,2025-12-12,5,1,1,349.0,147.0,0.0
19474,974,4,2025-12-12,2,4,1,314.1,147.0,34.9
19475,1207,2,2025-12-12,2,1,1,269.1,128.0,29.9
19476,662,6,2025-12-12,5,3,1,449.1,210.0,49.9
19477,106,6,2025-12-12,1,2,1,499.0,210.0,0.0
19478,1613,4,2025-12-12,2,1,1,349.0,147.0,0.0
19479,818,2,2025-12-12,3,4,1,299.0,128.0,0.0
19480,235,3,2025-12-12,3,1,1,329.0,141.0,0.0
19481,949,2,2025-12-12,2,4,1,299.0,128.0,0.0
19482,1718,5,2025-12-12,3,5,2,349.0,147.0,0.0
19483,985,1,2025-12-12,3,3,1,299.0,128.0,0.0
19484,319,3,2025-12-12,5,2,1,329.0,141.0,0.0
19485,288,2,2025-12-12,1,1,1,299.0,128.0,0.0
19486,64,2,2025-12-12,1,1,1,269.1,128.0,29.9
19487,1019,5,2025-12-12,3,1,1,314.1,147.0,34.9
19488,764,4,2025-12-12,1,1,1,314.1,147.0,34.9
19489,1787,2,2025-12-12,5,4,1,299.0,128.0,0.0
19490,1498,3,2025-12-12,2,1,1,279.65,141.0,49.35
19491,931,4,2025-12-12,1,1,1,349.0,147.0,0.0
19492,387,4,2025-12-12,8,2,1,314.1,147.0,34.9
19493,617,1,2025-12-12,2,1,1,254.15,128.0,44.85
19494,1416,2,2025-12-12,5,5,1,299.0,128.0,0.0
19495,1702,5,2025-12-12,5,1,2,349.0,147.0,0.0
19496,1446,1,2025-12-12,1,2,1,269.1,128.0,29.9
19497,1909,6,2025-12-12,3,2,1,499.0,210.0,0.0
19498,373,1,2025-12-12,1,1,1,299.0,128.0,0.0
19499,1262,4,2025-12-12,6,4,1,349.0,147.0,0.0
19500,24,1,2025-12-12,3,3,1,299.0,128.0,0.0
19501,1199,4,2025-12-12,1,4,1,349.0,147.0,0.0
19502,67,2,2025-12-12,5,4,1,299.0,128.0,0.0
19503,1906,1,2025-12-12,5,5,1,299.0,128.0,0.0
19504,187,5,2025-12-12,3,4,1,349.0,147.0,0.0
19505,152,5,2025-12-12,1,1,1,349.0,147.0,0.0
19506,1820,6,2025-12-12,1,1,1,449.1,210.0,49.9
19507,1481,1,2025-12-12,1,5,1,299.0,128.0,0.0
19508,867,4,2025-12-12,5,1,1,349.0,147.0,0.0
19509,503,1,2025-12-12,1,2,1,299.0,128.0,0.0
19510,1045,5,2025-12-12,9,2,1,349.0,147.0,0.0
19511,856,1,2025-12-12,5,3,1,299.0,128.0,0.0
19512,662,5,2025-12-12,1,1,1,349.0,147.0,0.0
19513,1792,4,2025-12-12,8,2,2,349.0,147.0,0.0
19514,1306,1,2025-12-12,1,3,1,299.0,128.0,0.0
19515,522,3,2025-12-12,7,4,2,329.0,141.0,0.0
19516,235,1,2025-12-12,1,4,1,299.0,128.0,0.0
19517,1120,5,2025-12-12,6,2,1,349.0,147.0,0.0
19518,109,5,2025-12-12,7,2,1,349.0,147.0,0.0
19519,1589,5,2025-12-12,3,3,1,349.0,147.0,0.0
19520,1679,2,2025-12-12,4,2,1,269.1,128.0,29.9
19521,1765,5,2025-12-12,3,1,1,314.1,147.0,34.9
19522,1309,2,2025-12-12,6,1,1,299.0,128.0,0.0
19523,1237,4,2025-12-12,1,1,1,349.0,147.0,0.0
19524,1952,1,2025-12-12,1,1,1,254.15,128.0,44.85
19525,1263,3,2025-12-12,3,2,1,329.0,141.0,0.0
19526,1008,6,2025-12-12,5,5,1,424.15,210.0,74.85
19527,1466,5,2025-12-12,1,2,1,314.1,147.0,34.9
19528,1831,5,2025-12-12,3,4,1,349.0,147.0,0.0
19529,343,1,2025-12-13,5,3,1,299.0,128.0,0.0
19530,13,6,2025-12-13,7,2,1,499.0,210.0,0.0
19531,1776,5,2025-12-13,1,5,1,296.65,147.0,52.35
19532,515,6,2025-12-13,2,3,1,499.0,210.0,0.0
19533,1019,2,2025-12-13,5,1,1,299.0,128.0,0.0
19534,847,3,2025-12-13,4,3,1,329.0,141.0,0.0
19535,480,4,2025-12-13,2,2,1,349.0,147.0,0.0
19536,253,2,2025-12-13,1,2,1,254.15,128.0,44.85
19537,426,6,2025-12-13,1,4,1,499.0,210.0,0.0
19538,1113,5,2025-12-13,3,1,1,349.0,147.0,0.0
19539,833,2,2025-12-13,2,3,1,299.0,128.0,0.0
19540,1560,1,2025-12-13,3,5,2,299.0,128.0,0.0
19541,629,4,2025-12-13,6,1,1,349.0,147.0,0.0
19542,1357,6,2025-12-13,4,2,1,424.15,210.0,74.85
19543,1655,5,2025-12-13,2,5,1,349.0,147.0,0.0
19544,1546,1,2025-12-13,8,2,1,254.15,128.0,44.85
19545,1717,5,2025-12-13,4,1,1,349.0,147.0,0.0
19546,1848,4,2025-12-13,1,5,1,349.0,147.0,0.0
19547,206,2,2025-12-13,2,1,1,299.0,128.0,0.0
19548,884,5,2025-12-13,4,5,1,349.0,147.0,0.0
19549,1887,4,2025-12-13,3,2,1,349.0,147.0,0.0
19550,416,1,2025-12-13,5,1,1,299.0,128.0,0.0
19551,1466,5,2025-12-13,5,2,1,349.0,147.0,0.0
19552,803,6,2025-12-13,5,3,1,424.15,210.0,74.85
19553,288,1,2025-12-13,7,3,1,299.0,128.0,0.0
19554,456,2,2025-12-13,1,2,1,269.1,128.0,29.9
19555,762,5,2025-12-13,3,2,1,349.0,147.0,0.0
19556,920,4,2025-12-13,3,3,1,349.0,147.0,0.0
19557,610,3,2025-12-13,3,2,1,296.1,141.0,32.9
19558,621,1,2025-12-13,3,3,1,299.0,128.0,0.0
19559,1843,1,2025-12-13,1,5,1,299.0,128.0,0.0
19560,942,5,2025-12-13,1,2,1,349.0,147.0,0.0
19561,1615,4,2025-12-13,2,1,1,314.1,147.0,34.9
19562,1475,2,2025-12-13,6,1,1,254.15,128.0,44.85
19563,1584,5,2025-12-13,1,2,1,349.0,147.0,0.0
19564,1967,2,2025-12-13,3,1,1,299.0,128.0,0.0
19565,1709,5,2025-12-13,4,1,2,349.0,147.0,0.0
19566,1732,4,2025-12-13,6,5,1,296.65,147.0,52.35
19567,821,1,2025-12-13,3,5,1,299.0,128.0,0.0
19568,976,2,2025-12-13,2,5,1,299.0,128.0,0.0
19569,1767,3,2025-12-13,7,2,1,329.0,141.0,0.0
19570,161,3,2025-12-13,2,1,1,296.1,141.0,32.9
19571,380,2,2025-12-13,2,1,1,299.0,128.0,0.0
19572,1239,2,2025-12-13,1,2,1,299.0,128.0,0.0
19573,1726,6,2025-12-13,1,1,1,499.0,210.0,0.0
19574,605,2,2025-12-13,4,2,1,269.1,128.0,29.9
19575,834,1,2025-12-13,1,1,1,299.0,128.0,0.0
19576,936,1,2025-12-13,7,3,1,299.0,128.0,0.0
19577,30,5,2025-12-13,2,5,1,349.0,147.0,0.0
19578,1856,3,2025-12-13,1,1,1,279.65,141.0,49.35
19579,1380,5,2025-12-13,6,1,1,349.0,147.0,0.0
19580,928,5,2025-12-13,3,1,1,314.1,147.0,34.9
19581,399,1,2025-12-13,3,1,1,254.15,128.0,44.85
19582,1032,2,2025-12-13,4,4,1,299.0,128.0,0.0
19583,270,5,2025-12-13,2,2,1,349.0,147.0,0.0
19584,785,2,2025-12-13,1,4,2,299.0,128.0,0.0
19585,290,6,2025-12-13,1,5,1,499.0,210.0,0.0
19586,1362,4,2025-12-13,1,4,1,349.0,147.0,0.0
19587,451,3,2025-12-13,5,4,1,279.65,141.0,49.35
19588,775,2,2025-12-13,3,5,1,269.1,128.0,29.9
19589,724,1,2025-12-13,5,3,1,299.0,128.0,0.0
19590,91,1,2025-12-13,1,3,1,299.0,128.0,0.0
19591,1676,6,2025-12-13,5,1,2,499.0,210.0,0.0
19592,231,4,2025-12-13,5,2,1,349.0,147.0,0.0
19593,1859,4,2025-12-13,2,2,1,349.0,147.0,0.0
19594,1885,5,2025-12-13,4,2,2,349.0,147.0,0.0
19595,1980,1,2025-12-13,4,1,1,299.0,128.0,0.0
19596,1172,1,2025-12-13,3,2,1,299.0,128.0,0.0
19597,681,3,2025-12-13,7,2,1,329.0,141.0,0.0
19598,51,1,2025-12-13,5,2,1,254.15,128.0,44.85
19599,805,3,2025-12-13,2,4,1,329.0,141.0,0.0
19600,874,4,2025-12-13,4,5,1,349.0,147.0,0.0
19601,863,5,2025-12-13,2,1,2,349.0,147.0,0.0
19602,1167,5,2025-12-13,2,3,1,349.0,147.0,0.0
19603,1672,3,2025-12-13,1,2,1,329.0,141.0,0.0
19604,840,5,2025-12-14,3,1,1,349.0,147.0,0.0
19605,1215,5,2025-12-14,1,1,2,314.1,147.0,34.9
19606,1300,1,2025-12-14,1,1,1,299.0,128.0,0.0
19607,1815,2,2025-12-14,3,4,1,299.0,128.0,0.0
19608,1948,5,2025-12-14,1,5,1,349.0,147.0,0.0
19609,260,2,2025-12-14,2,1,1,299.0,128.0,0.0
19610,1773,4,2025-12-14,1,3,1,349.0,147.0,0.0
19611,224,4,2025-12-14,6,3,2,349.0,147.0,0.0
19612,884,4,2025-12-14,4,1,1,349.0,147.0,0.0
19613,86,2,2025-12-14,3,2,1,299.0,128.0,0.0
19614,242,2,2025-12-14,3,3,1,299.0,128.0,0.0
19615,622,5,2025-12-14,2,2,1,296.65,147.0,52.35
19616,1559,4,2025-12-14,3,2,1,314.1,147.0,34.9
19617,1119,6,2025-12-14,3,2,1,499.0,210.0,0.0
19618,1610,1,2025-12-14,3,1,1,299.0,128.0,0.0
19619,34,6,2025-12-14,8,2,2,499.0,210.0,0.0
19620,690,6,2025-12-14,7,3,1,424.15,210.0,74.85
19621,1513,4,2025-12-14,8,4,1,349.0,147.0,0.0
19622,1522,2,2025-12-14,4,5,1,299.0,128.0,0.0
19623,1476,4,2025-12-14,5,1,1,349.0,147.0,0.0
19624,726,5,2025-12-14,5,2,1,349.0,147.0,0.0
19625,1850,5,2025-12-14,2,4,1,349.0,147.0,0.0
19626,580,2,2025-12-14,7,5,1,299.0,128.0,0.0
19627,1390,5,2025-12-14,2,2,2,349.0,147.0,0.0
19628,665,2,2025-12-14,5,2,1,299.0,128.0,0.0
19629,588,1,2025-12-14,2,1,1,299.0,128.0,0.0
19630,922,2,2025-12-14,7,1,1,299.0,128.0,0.0
19631,974,6,2025-12-14,3,5,1,499.0,210.0,0.0
19632,188,4,2025-12-14,4,4,1,349.0,147.0,0.0
19633,1164,4,2025-12-14,2,1,1,349.0,147.0,0.0
19634,1791,4,2025-12-14,2,1,1,349.0,147.0,0.0
19635,1877,4,2025-12-14,5,1,1,349.0,147.0,0.0
19636,1883,4,2025-12-14,7,2,1,349.0,147.0,0.0
19637,1109,2,2025-12-14,7,5,1,299.0,128.0,0.0
19638,560,4,2025-12-14,5,3,1,296.65,147.0,52.35
19639,626,4,2025-12-14,5,2,1,349.0,147.0,0.0
19640,701,5,2025-12-14,3,1,1,314.1,147.0,34.9
19641,1994,1,2025-12-14,3,2,1,299.0,128.0,0.0
19642,1615,3,2025-12-14,8,1,1,329.0,141.0,0.0
19643,1405,4,2025-12-14,1,1,1,349.0,147.0,0.0
19644,1292,5,2025-12-14,5,1,2,349.0,147.0,0.0
19645,789,2,2025-12-14,4,1,1,299.0,128.0,0.0
19646,921,5,2025-12-14,2,2,1,349.0,147.0,0.0
19647,1033,5,2025-12-14,5,1,1,349.0,147.0,0.0
19648,59,2,2025-12-14,7,1,1,299.0,128.0,0.0
19649,777,3,2025-12-14,8,3,1,329.0,141.0,0.0
19650,1995,4,2025-12-14,7,1,2,349.0,147.0,0.0
19651,1819,2,2025-12-14,2,1,1,299.0,128.0,0.0
19652,70,5,2025-12-14,1,1,1,349.0,147.0,0.0
19653,1834,5,2025-12-14,7,2,1,296.65,147.0,52.35
19654,1519,4,2025-12-14,2,3,1,349.0,147.0,0.0
19655,1005,3,2025-12-14,1,1,2,329.0,141.0,0.0
19656,42,4,2025-12-14,3,2,2,314.1,147.0,34.9
19657,1038,3,2025-12-14,4,4,1,329.0,141.0,0.0
19658,301,1,2025-12-14,5,1,2,269.1,128.0,29.9
19659,1922,5,2025-12-14,3,1,1,314.1,147.0,34.9
19660,586,1,2025-12-14,1,4,1,299.0,128.0,0.0
19661,33,5,2025-12-14,6,1,1,349.0,147.0,0.0
19662,92,3,2025-12-14,7,4,1,329.0,141.0,0.0
19663,294,4,2025-12-14,1,1,1,349.0,147.0,0.0
19664,1994,5,2025-12-14,4,1,1,314.1,147.0,34.9
19665,775,6,2025-12-14,4,5,1,499.0,210.0,0.0
19666,1237,6,2025-12-14,3,5,1,499.0,210.0,0.0
19667,1897,5,2025-12-14,8,3,1,349.0,147.0,0.0
19668,631,5,2025-12-14,5,1,1,296.65,147.0,52.35
19669,30,5,2025-12-14,2,1,1,349.0,147.0,0.0
19670,1444,1,2025-12-14,1,1,2,299.0,128.0,0.0
19671,1462,5,2025-12-14,8,3,1,349.0,147.0,0.0
19672,675,1,2025-12-14,4,2,1,299.0,128.0,0.0
19673,757,5,2025-12-14,1,3,1,349.0,147.0,0.0
19674,361,1,2025-12-14,4,5,1,299.0,128.0,0.0
19675,1189,4,2025-12-14,8,3,2,349.0,147.0,0.0
19676,7,2,2025-12-14,1,2,1,299.0,128.0,0.0
19677,1076,4,2025-12-14,7,2,1,314.1,147.0,34.9
19678,908,4,2025-12-15,1,1,1,349.0,147.0,0.0
19679,471,3,2025-12-15,1,3,1,329.0,141.0,0.0
19680,1341,6,2025-12-15,1,3,1,499.0,210.0,0.0
19681,1127,5,2025-12-15,5,1,2,349.0,147.0,0.0
19682,119,2,2025-12-15,8,2,1,299.0,128.0,0.0
19683,987,4,2025-12-15,3,1,1,314.1,147.0,34.9
19684,984,2,2025-12-15,4,3,1,299.0,128.0,0.0
19685,19,4,2025-12-15,3,1,1,349.0,147.0,0.0
19686,1317,2,2025-12-15,7,2,1,299.0,128.0,0.0
19687,1479,1,2025-12-15,6,3,1,299.0,128.0,0.0
19688,129,2,2025-12-15,1,5,1,299.0,128.0,0.0
19689,50,2,2025-12-15,4,4,2,299.0,128.0,0.0
19690,572,1,2025-12-15,3,5,1,299.0,128.0,0.0
19691,797,2,2025-12-15,3,2,1,299.0,128.0,0.0
19692,641,6,2025-12-15,4,3,1,499.0,210.0,0.0
19693,1005,5,2025-12-15,4,5,1,349.0,147.0,0.0
19694,177,4,2025-12-15,1,1,1,349.0,147.0,0.0
19695,915,5,2025-12-15,2,3,1,349.0,147.0,0.0
19696,311,4,2025-12-15,1,3,1,296.65,147.0,52.35
19697,472,5,2025-12-15,3,2,1,349.0,147.0,0.0
19698,1183,1,2025-12-15,4,3,1,269.1,128.0,29.9
19699,496,5,2025-12-15,3,1,2,349.0,147.0,0.0
19700,786,5,2025-12-15,1,4,2,349.0,147.0,0.0
19701,478,6,2025-12-15,5,5,1,499.0,210.0,0.0
19702,1748,4,2025-12-15,1,5,1,349.0,147.0,0.0
19703,1477,4,2025-12-15,4,3,1,349.0,147.0,0.0
19704,1683,5,2025-12-15,1,3,1,349.0,147.0,0.0
19705,398,1,2025-12-15,3,3,2,269.1,128.0,29.9
19706,1939,5,2025-12-15,2,3,1,349.0,147.0,0.0
19707,153,1,2025-12-15,1,4,2,299.0,128.0,0.0
19708,1472,1,2025-12-15,4,3,1,299.0,128.0,0.0
19709,449,2,2025-12-15,7,5,1,299.0,128.0,0.0
19710,734,4,2025-12-15,5,2,1,349.0,147.0,0.0
19711,1780,2,2025-12-15,1,2,1,299.0,128.0,0.0
19712,1363,1,2025-12-15,3,1,1,299.0,128.0,0.0
19713,1369,5,2025-12-15,3,4,1,349.0,147.0,0.0
19714,814,5,2025-12-15,5,4,1,314.1,147.0,34.9
19715,884,5,2025-12-15,3,2,1,314.1,147.0,34.9
19716,1012,1,2025-12-15,3,2,1,254.15,128.0,44.85
19717,124,5,2025-12-15,4,5,1,314.1,147.0,34.9
19718,513,6,2025-12-15,3,1,1,499.0,210.0,0.0
19719,118,2,2025-12-15,3,1,2,299.0,128.0,0.0
19720,143,5,2025-12-15,3,1,1,296.65,147.0,52.35
19721,583,4,2025-12-15,7,2,1,314.1,147.0,34.9
19722,163,2,2025-12-15,8,1,1,299.0,128.0,0.0
19723,1516,4,2025-12-15,8,2,1,314.1,147.0,34.9
19724,83,2,2025-12-15,7,4,1,299.0,128.0,0.0
19725,696,3,2025-12-15,8,1,1,329.0,141.0,0.0
19726,1814,5,2025-12-15,5,3,1,349.0,147.0,0.0
19727,835,6,2025-12-15,2,1,1,499.0,210.0,0.0
19728,1102,4,2025-12-15,5,3,1,349.0,147.0,0.0
19729,1832,2,2025-12-15,7,2,1,299.0,128.0,0.0
19730,168,2,2025-12-15,2,5,1,299.0,128.0,0.0
19731,854,2,2025-12-15,2,2,1,269.1,128.0,29.9
19732,1946,5,2025-12-15,6,4,1,349.0,147.0,0.0
19733,1015,1,2025-12-15,4,4,1,269.1,128.0,29.9
19734,1924,2,2025-12-15,4,1,1,299.0,128.0,0.0
19735,715,2,2025-12-15,3,1,1,269.1,128.0,29.9
19736,1302,6,2025-12-15,4,1,1,499.0,210.0,0.0
19737,564,5,2025-12-15,3,5,1,349.0,147.0,0.0
19738,1332,1,2025-12-15,2,1,1,299.0,128.0,0.0
19739,416,5,2025-12-15,1,1,1,349.0,147.0,0.0
19740,1757,4,2025-12-15,1,4,1,349.0,147.0,0.0
19741,524,6,2025-12-15,1,5,1,499.0,210.0,0.0
19742,31,5,2025-12-15,1,4,1,296.65,147.0,52.35
19743,575,4,2025-12-15,3,1,1,314.1,147.0,34.9
19744,8,4,2025-12-15,6,5,1,349.0,147.0,0.0
19745,93,3,2025-12-15,6,2,1,329.0,141.0,0.0
19746,1597,1,2025-12-15,2,2,1,299.0,128.0,0.0
19747,1732,6,2025-12-15,2,2,1,424.15,210.0,74.85
19748,862,2,2025-12-15,2,1,1,299.0,128.0,0.0
19749,1861,5,2025-12-15,4,3,1,349.0,147.0,0.0
19750,413,5,2025-12-16,3,2,1,349.0,147.0,0.0
19751,323,5,2025-12-16,2,1,1,349.0,147.0,0.0
19752,1132,6,2025-12-16,2,4,1,499.0,210.0,0.0
19753,1627,1,2025-12-16,8,1,1,299.0,128.0,0.0
19754,1665,4,2025-12-16,3,1,1,349.0,147.0,0.0
19755,1768,3,2025-12-16,1,3,1,329.0,141.0,0.0
19756,651,1,2025-12-16,1,1,1,299.0,128.0,0.0
19757,203,5,2025-12-16,1,1,1,349.0,147.0,0.0
19758,950,1,2025-12-16,6,1,1,269.1,128.0,29.9
19759,1607,4,2025-12-16,5,1,2,296.65,147.0,52.35
19760,1491,1,2025-12-16,4,1,1,299.0,128.0,0.0
19761,1097,5,2025-12-16,7,3,1,349.0,147.0,0.0
19762,367,5,2025-12-16,5,1,1,314.1,147.0,34.9
19763,787,5,2025-12-16,3,1,1,314.1,147.0,34.9
19764,1013,5,2025-12-16,3,1,1,349.0,147.0,0.0
19765,1811,6,2025-12-16,5,3,1,424.15,210.0,74.85
19766,225,4,2025-12-16,5,1,1,349.0,147.0,0.0
19767,230,3,2025-12-16,5,1,1,296.1,141.0,32.9
19768,676,5,2025-12-16,1,3,1,314.1,147.0,34.9
19769,176,6,2025-12-16,2,3,1,499.0,210.0,0.0
19770,1829,4,2025-12-16,5,2,1,349.0,147.0,0.0
19771,1650,6,2025-12-16,6,1,2,449.1,210.0,49.9
19772,877,3,2025-12-16,2,4,1,296.1,141.0,32.9
19773,28,2,2025-12-16,6,4,1,299.0,128.0,0.0
19774,244,1,2025-12-16,7,1,1,299.0,128.0,0.0
19775,1517,5,2025-12-16,3,3,1,349.0,147.0,0.0
19776,125,1,2025-12-16,2,2,1,299.0,128.0,0.0
19777,784,4,2025-12-16,5,4,1,349.0,147.0,0.0
19778,417,4,2025-12-16,1,1,1,349.0,147.0,0.0
19779,1799,3,2025-12-16,1,1,1,329.0,141.0,0.0
19780,1070,2,2025-12-16,3,4,1,299.0,128.0,0.0
19781,1424,5,2025-12-16,2,1,1,349.0,147.0,0.0
19782,862,2,2025-12-16,3,3,1,254.15,128.0,44.85
19783,907,5,2025-12-16,1,5,1,349.0,147.0,0.0
19784,1622,6,2025-12-16,3,1,2,499.0,210.0,0.0
19785,1076,6,2025-12-16,1,3,1,499.0,210.0,0.0
19786,1488,2,2025-12-16,8,3,1,299.0,128.0,0.0
19787,169,5,2025-12-16,7,2,1,349.0,147.0,0.0
19788,1290,4,2025-12-16,1,2,1,314.1,147.0,34.9
19789,1724,3,2025-12-16,4,1,1,296.1,141.0,32.9
19790,997,2,2025-12-16,2,2,1,299.0,128.0,0.0
19791,389,2,2025-12-16,1,1,1,269.1,128.0,29.9
19792,710,2,2025-12-16,1,1,2,299.0,128.0,0.0
19793,87,4,2025-12-16,2,3,1,349.0,147.0,0.0
19794,608,2,2025-12-16,5,4,1,299.0,128.0,0.0
19795,401,5,2025-12-16,1,5,1,349.0,147.0,0.0
19796,324,3,2025-12-16,4,4,1,329.0,141.0,0.0
19797,418,1,2025-12-16,1,1,1,299.0,128.0,0.0
19798,1893,2,2025-12-16,4,2,1,299.0,128.0,0.0
19799,847,3,2025-12-16,5,1,1,296.1,141.0,32.9
19800,1840,2,2025-12-16,9,2,1,299.0,128.0,0.0
19801,978,2,2025-12-16,3,1,1,254.15,128.0,44.85
19802,283,2,2025-12-16,5,2,1,299.0,128.0,0.0
19803,1617,5,2025-12-16,8,2,1,349.0,147.0,0.0
19804,1304,5,2025-12-16,4,2,1,349.0,147.0,0.0
19805,1587,1,2025-12-16,1,2,1,254.15,128.0,44.85
19806,756,4,2025-12-16,5,5,1,296.65,147.0,52.35
19807,150,5,2025-12-16,2,5,1,349.0,147.0,0.0
19808,482,3,2025-12-16,5,4,1,329.0,141.0,0.0
19809,1328,4,2025-12-16,5,2,1,349.0,147.0,0.0
19810,701,3,2025-12-16,1,1,1,279.65,141.0,49.35
19811,930,4,2025-12-16,1,1,1,349.0,147.0,0.0
19812,1507,1,2025-12-16,3,2,1,299.0,128.0,0.0
19813,397,2,2025-12-16,1,1,1,299.0,128.0,0.0
19814,760,5,2025-12-16,1,1,1,349.0,147.0,0.0
19815,184,5,2025-12-16,2,2,2,349.0,147.0,0.0
19816,1209,4,2025-12-16,2,1,1,314.1,147.0,34.9
19817,1781,1,2025-12-16,3,5,2,299.0,128.0,0.0
19818,54,4,2025-12-16,2,1,1,349.0,147.0,0.0
19819,1952,4,2025-12-16,3,1,1,349.0,147.0,0.0
19820,1007,4,2025-12-16,1,4,1,349.0,147.0,0.0
19821,17,5,2025-12-16,4,2,1,296.65,147.0,52.35
19822,1538,4,2025-12-16,5,1,2,349.0,147.0,0.0
19823,1510,2,2025-12-16,3,3,1,254.15,128.0,44.85
19824,466,4,2025-12-17,1,3,1,296.65,147.0,52.35
19825,1611,4,2025-12-17,3,1,1,349.0,147.0,0.0
19826,1485,5,2025-12-17,1,1,1,349.0,147.0,0.0
19827,971,3,2025-12-17,2,2,1,329.0,141.0,0.0
19828,1838,5,2025-12-17,6,1,1,349.0,147.0,0.0
19829,1061,1,2025-12-17,1,2,1,269.1,128.0,29.9
19830,1908,5,2025-12-17,4,1,2,349.0,147.0,0.0
19831,1962,2,2025-12-17,2,1,1,269.1,128.0,29.9
19832,1971,2,2025-12-17,3,2,1,299.0,128.0,0.0
19833,440,1,2025-12-17,8,1,1,299.0,128.0,0.0
19834,447,4,2025-12-17,9,4,1,349.0,147.0,0.0
19835,1788,5,2025-12-17,3,3,1,314.1,147.0,34.9
19836,1281,4,2025-12-17,1,2,1,349.0,147.0,0.0
19837,939,5,2025-12-17,6,4,1,349.0,147.0,0.0
19838,493,6,2025-12-17,2,2,1,499.0,210.0,0.0
19839,1825,5,2025-12-17,4,1,1,349.0,147.0,0.0
19840,1697,5,2025-12-17,1,5,1,349.0,147.0,0.0
19841,1983,1,2025-12-17,2,2,1,299.0,128.0,0.0
19842,180,5,2025-12-17,1,3,1,349.0,147.0,0.0
19843,1923,5,2025-12-17,7,5,1,349.0,147.0,0.0
19844,1680,6,2025-12-17,2,3,1,499.0,210.0,0.0
19845,1526,5,2025-12-17,1,1,1,349.0,147.0,0.0
19846,655,5,2025-12-17,5,3,2,349.0,147.0,0.0
19847,609,5,2025-12-17,2,1,1,296.65,147.0,52.35
19848,1208,4,2025-12-17,2,1,1,349.0,147.0,0.0
19849,622,1,2025-12-17,3,3,1,254.15,128.0,44.85
19850,673,5,2025-12-17,1,3,1,349.0,147.0,0.0
19851,1206,5,2025-12-17,1,1,1,296.65,147.0,52.35
19852,1188,4,2025-12-17,5,2,1,349.0,147.0,0.0
19853,924,5,2025-12-17,1,1,1,349.0,147.0,0.0
19854,1757,5,2025-12-17,1,5,1,349.0,147.0,0.0
19855,1984,5,2025-12-17,5,4,2,314.1,147.0,34.9
19856,653,4,2025-12-17,2,1,1,349.0,147.0,0.0
19857,1359,1,2025-12-17,7,2,1,254.15,128.0,44.85
19858,1746,6,2025-12-17,3,1,2,499.0,210.0,0.0
19859,249,3,2025-12-17,9,2,1,329.0,141.0,0.0
19860,1118,3,2025-12-17,7,1,1,329.0,141.0,0.0
19861,1227,1,2025-12-17,3,4,1,299.0,128.0,0.0
19862,1006,4,2025-12-17,1,5,1,296.65,147.0,52.35
19863,290,1,2025-12-17,3,2,1,299.0,128.0,0.0
19864,358,3,2025-12-17,5,1,1,296.1,141.0,32.9
19865,610,2,2025-12-17,5,2,1,299.0,128.0,0.0
19866,713,3,2025-12-17,7,1,1,279.65,141.0,49.35
19867,1773,1,2025-12-17,5,1,1,299.0,128.0,0.0
19868,1717,6,2025-12-17,1,3,1,449.1,210.0,49.9
19869,1462,3,2025-12-17,7,2,1,329.0,141.0,0.0
19870,981,3,2025-12-17,2,5,1,329.0,141.0,0.0
19871,1966,6,2025-12-17,1,5,1,449.1,210.0,49.9
19872,608,4,2025-12-17,7,2,1,349.0,147.0,0.0
19873,1377,2,2025-12-17,4,2,2,269.1,128.0,29.9
19874,179,5,2025-12-17,6,3,1,314.1,147.0,34.9
19875,1458,4,2025-12-17,5,1,2,349.0,147.0,0.0
19876,536,5,2025-12-17,1,1,1,314.1,147.0,34.9
19877,1129,3,2025-12-17,3,2,1,329.0,141.0,0.0
19878,695,3,2025-12-17,7,2,1,279.65,141.0,49.35
19879,715,4,2025-12-17,5,1,1,314.1,147.0,34.9
19880,1147,5,2025-12-17,1,2,1,349.0,147.0,0.0
19881,1868,4,2025-12-17,1,1,1,349.0,147.0,0.0
19882,1757,3,2025-12-17,7,1,1,329.0,141.0,0.0
19883,946,1,2025-12-17,4,2,1,269.1,128.0,29.9
19884,1149,4,2025-12-17,1,1,1,349.0,147.0,0.0
19885,924,4,2025-12-17,1,3,1,296.65,147.0,52.35
19886,1244,5,2025-12-17,3,2,1,349.0,147.0,0.0
19887,369,4,2025-12-17,6,3,1,349.0,147.0,0.0
19888,1996,4,2025-12-17,3,4,1,349.0,147.0,0.0
19889,1123,1,2025-12-17,2,1,1,299.0,128.0,0.0
19890,1944,5,2025-12-17,3,3,1,314.1,147.0,34.9
19891,739,4,2025-12-17,4,3,1,349.0,147.0,0.0
19892,443,5,2025-12-17,5,1,1,349.0,147.0,0.0
19893,1155,4,2025-12-17,2,1,1,349.0,147.0,0.0
19894,1908,5,2025-12-17,1,1,1,349.0,147.0,0.0
19895,1889,3,2025-12-17,2,4,1,329.0,141.0,0.0
19896,467,6,2025-12-17,2,1,1,449.1,210.0,49.9
19897,768,4,2025-12-17,3,1,1,349.0,147.0,0.0
19898,123,2,2025-12-17,3,1,1,299.0,128.0,0.0
19899,321,2,2025-12-17,6,2,1,299.0,128.0,0.0
19900,1814,3,2025-12-18,3,1,1,329.0,141.0,0.0
19901,1057,5,2025-12-18,1,2,2,349.0,147.0,0.0
19902,299,5,2025-12-18,7,2,1,349.0,147.0,0.0
19903,1036,5,2025-12-18,4,1,1,349.0,147.0,0.0
19904,883,5,2025-12-18,3,2,1,349.0,147.0,0.0
19905,1440,2,2025-12-18,3,2,1,269.1,128.0,29.9
19906,590,4,2025-12-18,3,3,1,349.0,147.0,0.0
19907,1388,4,2025-12-18,7,5,1,296.65,147.0,52.35
19908,926,4,2025-12-18,2,1,1,349.0,147.0,0.0
19909,1988,2,2025-12-18,4,1,1,299.0,128.0,0.0
19910,1796,5,2025-12-18,5,3,2,349.0,147.0,0.0
19911,1093,6,2025-12-18,1,5,1,499.0,210.0,0.0
19912,4,3,2025-12-18,5,1,1,329.0,141.0,0.0
19913,114,6,2025-12-18,5,1,1,499.0,210.0,0.0
19914,1826,6,2025-12-18,1,1,1,499.0,210.0,0.0
19915,724,1,2025-12-18,5,1,1,299.0,128.0,0.0
19916,1017,4,2025-12-18,7,2,1,349.0,147.0,0.0
19917,1629,1,2025-12-18,8,3,1,299.0,128.0,0.0
19918,1651,1,2025-12-18,1,2,1,269.1,128.0,29.9
19919,642,2,2025-12-18,2,4,1,299.0,128.0,0.0
19920,314,4,2025-12-18,3,1,1,349.0,147.0,0.0
19921,1036,5,2025-12-18,4,4,1,349.0,147.0,0.0
19922,598,4,2025-12-18,5,2,1,314.1,147.0,34.9
19923,1225,3,2025-12-18,2,1,1,329.0,141.0,0.0
19924,1769,6,2025-12-18,3,1,1,449.1,210.0,49.9
19925,892,5,2025-12-18,1,4,1,349.0,147.0,0.0
19926,589,4,2025-12-18,6,4,1,349.0,147.0,0.0
19927,1376,1,2025-12-18,1,1,2,299.0,128.0,0.0
19928,905,1,2025-12-18,3,5,1,299.0,128.0,0.0
19929,1283,3,2025-12-18,3,2,1,296.1,141.0,32.9
19930,67,2,2025-12-18,7,2,1,299.0,128.0,0.0
19931,1189,1,2025-12-18,7,2,1,299.0,128.0,0.0
19932,1189,1,2025-12-18,1,1,1,299.0,128.0,0.0
19933,122,5,2025-12-18,3,1,1,349.0,147.0,0.0
19934,1066,5,2025-12-18,9,2,1,296.65,147.0,52.35
19935,998,1,2025-12-18,7,1,1,299.0,128.0,0.0
19936,631,5,2025-12-18,1,5,1,349.0,147.0,0.0
19937,1213,5,2025-12-18,2,2,1,349.0,147.0,0.0
19938,387,5,2025-12-18,1,1,1,349.0,147.0,0.0
19939,785,6,2025-12-18,2,5,1,424.15,210.0,74.85
19940,1308,5,2025-12-18,8,2,1,349.0,147.0,0.0
19941,191,3,2025-12-18,1,3,1,296.1,141.0,32.9
19942,864,5,2025-12-18,3,3,1,314.1,147.0,34.9
19943,836,2,2025-12-18,1,5,1,269.1,128.0,29.9
19944,705,2,2025-12-18,1,5,1,299.0,128.0,0.0
19945,723,2,2025-12-18,7,2,1,299.0,128.0,0.0
19946,1306,2,2025-12-18,7,2,1,299.0,128.0,0.0
19947,13,5,2025-12-18,3,5,1,349.0,147.0,0.0
19948,1362,5,2025-12-18,5,3,1,296.65,147.0,52.35
19949,945,4,2025-12-18,2,4,1,349.0,147.0,0.0
19950,818,2,2025-12-18,1,3,1,299.0,128.0,0.0
19951,1911,4,2025-12-18,2,1,1,349.0,147.0,0.0
19952,540,4,2025-12-18,7,2,1,349.0,147.0,0.0
19953,605,2,2025-12-18,1,3,1,299.0,128.0,0.0
19954,1540,5,2025-12-18,8,2,1,349.0,147.0,0.0
19955,1323,6,2025-12-18,3,1,1,499.0,210.0,0.0
19956,1368,2,2025-12-18,4,5,1,299.0,128.0,0.0
19957,1854,2,2025-12-18,5,2,1,299.0,128.0,0.0
19958,1005,6,2025-12-18,3,2,1,424.15,210.0,74.85
19959,353,4,2025-12-18,1,3,1,349.0,147.0,0.0
19960,807,1,2025-12-18,4,2,1,269.1,128.0,29.9
19961,1149,4,2025-12-18,5,3,1,296.65,147.0,52.35
19962,1809,1,2025-12-18,2,1,1,299.0,128.0,0.0
19963,1084,1,2025-12-18,1,3,1,299.0,128.0,0.0
19964,813,4,2025-12-18,8,3,1,314.1,147.0,34.9
19965,949,2,2025-12-18,7,1,1,299.0,128.0,0.0
19966,1993,4,2025-12-19,3,1,1,349.0,147.0,0.0
19967,1476,1,2025-12-19,3,1,1,299.0,128.0,0.0
19968,487,5,2025-12-19,3,2,1,349.0,147.0,0.0
19969,527,5,2025-12-19,3,3,1,349.0,147.0,0.0
19970,876,1,2025-12-19,2,1,1,254.15,128.0,44.85
19971,1316,5,2025-12-19,1,1,1,314.1,147.0,34.9
19972,545,5,2025-12-19,6,4,1,349.0,147.0,0.0
19973,203,5,2025-12-19,2,1,1,349.0,147.0,0.0
19974,1905,5,2025-12-19,1,4,1,349.0,147.0,0.0
19975,610,1,2025-12-19,3,2,1,299.0,128.0,0.0
19976,182,2,2025-12-19,3,2,1,299.0,128.0,0.0
19977,1807,2,2025-12-19,3,1,1,299.0,128.0,0.0
19978,926,4,2025-12-19,3,5,2,349.0,147.0,0.0
19979,1199,3,2025-12-19,3,5,1,329.0,141.0,0.0
19980,154,1,2025-12-19,7,2,1,299.0,128.0,0.0
19981,1972,4,2025-12-19,1,5,1,314.1,147.0,34.9
19982,77,3,2025-12-19,3,2,1,296.1,141.0,32.9
19983,1826,5,2025-12-19,5,2,1,349.0,147.0,0.0
19984,1344,2,2025-12-19,1,1,1,299.0,128.0,0.0
19985,1105,4,2025-12-19,3,1,1,349.0,147.0,0.0
19986,443,5,2025-12-19,5,2,1,296.65,147.0,52.35
19987,1122,2,2025-12-19,4,2,1,299.0,128.0,0.0
19988,4,1,2025-12-19,5,2,1,299.0,128.0,0.0
19989,1464,5,2025-12-19,1,3,1,314.1,147.0,34.9
19990,343,4,2025-12-19,2,2,1,349.0,147.0,0.0
19991,654,3,2025-12-19,1,2,1,329.0,141.0,0.0
19992,383,5,2025-12-19,3,1,1,349.0,147.0,0.0
19993,796,6,2025-12-19,1,5,1,499.0,210.0,0.0
19994,341,4,2025-12-19,2,2,1,349.0,147.0,0.0
19995,381,5,2025-12-19,3,5,1,349.0,147.0,0.0
19996,569,3,2025-12-19,4,3,1,329.0,141.0,0.0
19997,866,2,2025-12-19,3,2,1,254.15,128.0,44.85
19998,805,3,2025-12-19,5,2,1,329.0,141.0,0.0
19999,1027,4,2025-12-19,1,2,1,349.0,147.0,0.0
20000,488,4,2025-12-19,1,4,1,314.1,147.0,34.9
20001,860,4,2025-12-19,4,2,1,314.1,147.0,34.9
20002,353,2,2025-12-19,2,2,1,299.0,128.0,0.0
20003,1093,3,2025-12-19,2,1,1,329.0,141.0,0.0
20004,182,2,2025-12-19,1,1,1,299.0,128.0,0.0
20005,715,2,2025-12-19,5,3,1,299.0,128.0,0.0
20006,1073,6,2025-12-19,5,5,1,449.1,210.0,49.9
20007,1335,2,2025-12-19,3,1,1,299.0,128.0,0.0
20008,826,5,2025-12-19,6,1,1,349.0,147.0,0.0
20009,530,6,2025-12-19,3,3,1,499.0,210.0,0.0
20010,165,4,2025-12-19,3,2,1,349.0,147.0,0.0
20011,1588,5,2025-12-19,4,1,1,349.0,147.0,0.0
20012,1949,1,2025-12-19,4,1,1,299.0,128.0,0.0
20013,1622,4,2025-12-19,4,1,1,314.1,147.0,34.9
20014,98,6,2025-12-19,4,1,1,499.0,210.0,0.0
20015,1121,5,2025-12-19,3,5,2,349.0,147.0,0.0
20016,1944,4,2025-12-19,2,4,1,349.0,147.0,0.0
20017,948,1,2025-12-19,6,2,1,299.0,128.0,0.0
20018,1466,2,2025-12-19,1,4,1,299.0,128.0,0.0
20019,1050,1,2025-12-19,1,1,1,299.0,128.0,0.0
20020,424,6,2025-12-19,6,2,1,499.0,210.0,0.0
20021,898,5,2025-12-19,1,2,1,349.0,147.0,0.0
20022,1597,5,2025-12-19,5,2,1,349.0,147.0,0.0
20023,5,1,2025-12-19,3,4,1,299.0,128.0,0.0
20024,1662,5,2025-12-19,7,3,1,349.0,147.0,0.0
20025,17,2,2025-12-19,5,1,1,299.0,128.0,0.0
20026,1917,3,2025-12-19,2,1,1,279.65,141.0,49.35
20027,1741,1,2025-12-19,4,5,1,269.1,128.0,29.9
20028,1736,6,2025-12-19,2,4,1,499.0,210.0,0.0
20029,776,1,2025-12-19,5,5,1,269.1,128.0,29.9
20030,941,4,2025-12-19,3,2,1,349.0,147.0,0.0
20031,666,5,2025-12-19,7,1,1,349.0,147.0,0.0
20032,1386,5,2025-12-19,7,1,1,349.0,147.0,0.0
20033,1067,2,2025-12-19,1,1,1,299.0,128.0,0.0
20034,1517,2,2025-12-19,7,2,1,299.0,128.0,0.0
20035,1249,6,2025-12-19,4,3,1,449.1,210.0,49.9
20036,906,5,2025-12-19,2,1,1,349.0,147.0,0.0
20037,697,5,2025-12-20,3,3,1,349.0,147.0,0.0
20038,1111,2,2025-12-20,3,4,1,299.0,128.0,0.0
20039,1458,6,2025-12-20,7,2,1,449.1,210.0,49.9
20040,883,1,2025-12-20,3,2,1,269.1,128.0,29.9
20041,582,2,2025-12-20,6,1,1,254.15,128.0,44.85
20042,1697,5,2025-12-20,6,1,1,349.0,147.0,0.0
20043,1629,6,2025-12-20,5,2,1,499.0,210.0,0.0
20044,1433,5,2025-12-20,1,1,1,349.0,147.0,0.0
20045,550,5,2025-12-20,1,2,1,349.0,147.0,0.0
20046,1484,2,2025-12-20,7,1,1,299.0,128.0,0.0
20047,1312,5,2025-12-20,1,1,1,296.65,147.0,52.35
20048,584,2,2025-12-20,7,1,1,299.0,128.0,0.0
20049,1136,2,2025-12-20,2,1,1,299.0,128.0,0.0
20050,982,5,2025-12-20,3,3,1,349.0,147.0,0.0
20051,115,5,2025-12-20,2,2,1,314.1,147.0,34.9
20052,1922,1,2025-12-20,3,1,1,269.1,128.0,29.9
20053,1149,2,2025-12-20,3,4,1,299.0,128.0,0.0
20054,1318,1,2025-12-20,5,2,1,254.15,128.0,44.85
20055,1788,1,2025-12-20,5,2,1,254.15,128.0,44.85
20056,561,3,2025-12-20,6,4,1,329.0,141.0,0.0
20057,1621,3,2025-12-20,3,4,2,329.0,141.0,0.0
20058,235,4,2025-12-20,5,1,2,349.0,147.0,0.0
20059,750,5,2025-12-20,1,1,1,349.0,147.0,0.0
20060,1229,6,2025-12-20,3,1,1,499.0,210.0,0.0
20061,1394,6,2025-12-20,1,3,1,499.0,210.0,0.0
20062,713,2,2025-12-20,1,2,1,299.0,128.0,0.0
20063,302,4,2025-12-20,4,3,1,296.65,147.0,52.35
20064,1221,1,2025-12-20,3,3,1,299.0,128.0,0.0
20065,1813,5,2025-12-20,5,3,1,349.0,147.0,0.0
20066,1569,6,2025-12-20,2,1,1,499.0,210.0,0.0
20067,1188,4,2025-12-20,4,4,1,349.0,147.0,0.0
20068,673,4,2025-12-20,3,2,1,349.0,147.0,0.0
20069,199,5,2025-12-20,7,5,1,349.0,147.0,0.0
20070,300,1,2025-12-20,7,4,1,299.0,128.0,0.0
20071,1219,1,2025-12-20,5,3,1,299.0,128.0,0.0
20072,698,1,2025-12-20,7,2,1,299.0,128.0,0.0
20073,737,3,2025-12-20,3,1,1,329.0,141.0,0.0
20074,473,1,2025-12-20,3,5,1,299.0,128.0,0.0
20075,399,4,2025-12-20,3,2,1,349.0,147.0,0.0
20076,1272,5,2025-12-20,2,2,1,349.0,147.0,0.0
20077,1678,4,2025-12-20,3,1,1,314.1,147.0,34.9
20078,1932,5,2025-12-20,3,3,1,349.0,147.0,0.0
20079,1782,2,2025-12-20,4,5,1,299.0,128.0,0.0
20080,984,4,2025-12-20,5,3,1,296.65,147.0,52.35
20081,1572,4,2025-12-20,6,1,1,349.0,147.0,0.0
20082,986,4,2025-12-20,2,2,1,349.0,147.0,0.0
20083,1254,1,2025-12-20,5,3,1,299.0,128.0,0.0
20084,856,2,2025-12-20,1,4,1,299.0,128.0,0.0
20085,1707,2,2025-12-20,9,4,1,269.1,128.0,29.9
20086,894,4,2025-12-20,1,2,1,349.0,147.0,0.0
20087,1353,2,2025-12-20,8,1,1,299.0,128.0,0.0
20088,707,6,2025-12-20,2,4,1,499.0,210.0,0.0
20089,1221,2,2025-12-20,5,3,1,299.0,128.0,0.0
20090,558,1,2025-12-20,5,2,1,269.1,128.0,29.9
20091,319,3,2025-12-20,7,1,2,279.65,141.0,49.35
20092,1855,4,2025-12-20,3,1,1,349.0,147.0,0.0
20093,1008,1,2025-12-20,1,4,1,269.1,128.0,29.9
20094,118,1,2025-12-20,2,1,1,299.0,128.0,0.0
20095,76,5,2025-12-20,4,5,1,349.0,147.0,0.0
20096,205,1,2025-12-20,1,1,1,269.1,128.0,29.9
20097,1482,4,2025-12-20,2,2,1,349.0,147.0,0.0
20098,758,5,2025-12-20,1,1,1,314.1,147.0,34.9
20099,1933,4,2025-12-20,3,5,1,349.0,147.0,0.0
20100,874,5,2025-12-20,3,1,1,349.0,147.0,0.0
20101,806,6,2025-12-20,9,4,1,499.0,210.0,0.0
20102,60,5,2025-12-20,1,1,1,349.0,147.0,0.0
20103,710,2,2025-12-20,1,3,1,299.0,128.0,0.0
20104,1715,1,2025-12-20,4,1,1,299.0,128.0,0.0
20105,1512,6,2025-12-20,4,1,1,499.0,210.0,0.0
20106,1831,1,2025-12-21,2,3,1,299.0,128.0,0.0
20107,1069,5,2025-12-21,2,1,1,349.0,147.0,0.0
20108,1405,6,2025-12-21,3,2,1,499.0,210.0,0.0
20109,238,5,2025-12-21,1,1,1,296.65,147.0,52.35
20110,448,1,2025-12-21,5,1,1,299.0,128.0,0.0
20111,1824,5,2025-12-21,3,1,1,349.0,147.0,0.0
20112,950,5,2025-12-21,1,5,1,349.0,147.0,0.0
20113,166,3,2025-12-21,7,2,1,329.0,141.0,0.0
20114,1860,4,2025-12-21,1,2,1,349.0,147.0,0.0
20115,1027,1,2025-12-21,8,2,1,299.0,128.0,0.0
20116,324,5,2025-12-21,8,3,1,349.0,147.0,0.0
20117,1151,5,2025-12-21,2,1,1,349.0,147.0,0.0
20118,613,5,2025-12-21,1,5,1,349.0,147.0,0.0
20119,1818,4,2025-12-21,6,3,1,296.65,147.0,52.35
20120,990,6,2025-12-21,2,1,1,499.0,210.0,0.0
20121,1687,6,2025-12-21,4,1,2,499.0,210.0,0.0
20122,1060,1,2025-12-21,5,1,2,299.0,128.0,0.0
20123,420,6,2025-12-21,8,1,1,499.0,210.0,0.0
20124,1264,4,2025-12-21,1,1,1,349.0,147.0,0.0
20125,731,6,2025-12-21,3,2,1,449.1,210.0,49.9
20126,63,2,2025-12-21,1,2,1,299.0,128.0,0.0
20127,1506,5,2025-12-21,6,2,1,349.0,147.0,0.0
20128,405,5,2025-12-21,1,3,1,349.0,147.0,0.0
20129,34,4,2025-12-21,1,1,1,349.0,147.0,0.0
20130,1072,6,2025-12-21,5,1,1,499.0,210.0,0.0
20131,1482,3,2025-12-21,2,3,2,329.0,141.0,0.0
20132,1912,5,2025-12-21,2,1,2,349.0,147.0,0.0
20133,1747,4,2025-12-21,1,3,1,349.0,147.0,0.0
20134,368,5,2025-12-21,1,1,1,349.0,147.0,0.0
20135,291,5,2025-12-21,4,4,1,349.0,147.0,0.0
20136,1646,5,2025-12-21,3,1,1,349.0,147.0,0.0
20137,255,4,2025-12-21,1,1,1,349.0,147.0,0.0
20138,507,5,2025-12-21,1,4,1,314.1,147.0,34.9
20139,1056,2,2025-12-21,1,2,1,299.0,128.0,0.0
20140,1378,5,2025-12-21,1,5,2,349.0,147.0,0.0
20141,1942,4,2025-12-21,1,1,1,314.1,147.0,34.9
20142,965,3,2025-12-21,6,1,1,296.1,141.0,32.9
20143,1477,1,2025-12-21,2,2,1,299.0,128.0,0.0
20144,1679,4,2025-12-21,1,2,2,349.0,147.0,0.0
20145,663,1,2025-12-21,5,1,1,299.0,128.0,0.0
20146,1533,1,2025-12-21,3,3,1,299.0,128.0,0.0
20147,844,2,2025-12-21,1,2,1,299.0,128.0,0.0
20148,995,5,2025-12-21,4,2,1,296.65,147.0,52.35
20149,611,4,2025-12-21,1,1,1,349.0,147.0,0.0
20150,507,4,2025-12-21,7,5,1,349.0,147.0,0.0
20151,1167,1,2025-12-21,1,3,2,299.0,128.0,0.0
20152,441,4,2025-12-21,2,2,1,349.0,147.0,0.0
20153,848,2,2025-12-21,1,3,1,299.0,128.0,0.0
20154,1056,2,2025-12-21,5,1,1,254.15,128.0,44.85
20155,1069,4,2025-12-21,1,3,1,314.1,147.0,34.9
20156,344,3,2025-12-21,5,5,1,296.1,141.0,32.9
20157,400,4,2025-12-21,1,2,1,349.0,147.0,0.0
20158,1215,2,2025-12-21,5,2,1,269.1,128.0,29.9
20159,1279,3,2025-12-21,8,2,1,329.0,141.0,0.0
20160,1151,3,2025-12-21,5,1,1,329.0,141.0,0.0
20161,1915,2,2025-12-21,8,3,1,299.0,128.0,0.0
20162,435,1,2025-12-21,3,4,1,299.0,128.0,0.0
20163,829,5,2025-12-21,1,1,1,349.0,147.0,0.0
20164,1951,5,2025-12-21,1,4,1,296.65,147.0,52.35
20165,1683,4,2025-12-21,1,2,1,349.0,147.0,0.0
20166,95,2,2025-12-21,3,2,1,269.1,128.0,29.9
20167,1044,3,2025-12-21,1,5,1,329.0,141.0,0.0
20168,605,1,2025-12-21,1,1,1,299.0,128.0,0.0
20169,714,5,2025-12-21,1,2,1,349.0,147.0,0.0
20170,234,5,2025-12-21,1,1,1,314.1,147.0,34.9
20171,1560,1,2025-12-21,1,5,1,299.0,128.0,0.0
20172,1244,1,2025-12-21,1,2,1,299.0,128.0,0.0
20173,517,6,2025-12-21,6,1,1,499.0,210.0,0.0
20174,1472,4,2025-12-21,3,1,1,349.0,147.0,0.0
20175,168,4,2025-12-22,3,1,1,349.0,147.0,0.0
20176,714,5,2025-12-22,3,1,1,296.65,147.0,52.35
20177,1827,5,2025-12-22,1,1,1,349.0,147.0,0.0
20178,862,5,2025-12-22,4,2,1,314.1,147.0,34.9
20179,1298,4,2025-12-22,8,2,1,349.0,147.0,0.0
20180,1970,2,2025-12-22,5,4,1,299.0,128.0,0.0
20181,828,4,2025-12-22,1,4,1,314.1,147.0,34.9
20182,1923,4,2025-12-22,5,2,1,349.0,147.0,0.0
20183,1821,4,2025-12-22,5,2,1,349.0,147.0,0.0
20184,1849,2,2025-12-22,5,4,1,254.15,128.0,44.85
20185,796,6,2025-12-22,1,3,1,499.0,210.0,0.0
20186,1770,4,2025-12-22,1,1,1,349.0,147.0,0.0
20187,195,5,2025-12-22,5,1,1,349.0,147.0,0.0
20188,1407,3,2025-12-22,4,1,1,279.65,141.0,49.35
20189,573,6,2025-12-22,6,1,1,499.0,210.0,0.0
20190,1391,1,2025-12-22,2,2,1,299.0,128.0,0.0
20191,1942,2,2025-12-22,5,3,1,299.0,128.0,0.0
20192,1626,4,2025-12-22,7,2,1,349.0,147.0,0.0
20193,1062,4,2025-12-22,7,2,1,296.65,147.0,52.35
20194,1221,5,2025-12-22,3,2,1,349.0,147.0,0.0
20195,853,1,2025-12-22,1,3,1,269.1,128.0,29.9
20196,579,4,2025-12-22,4,2,1,296.65,147.0,52.35
20197,1374,5,2025-12-22,1,3,1,349.0,147.0,0.0
20198,628,2,2025-12-22,2,2,1,299.0,128.0,0.0
20199,1322,4,2025-12-22,9,4,1,349.0,147.0,0.0
20200,184,6,2025-12-22,6,2,1,499.0,210.0,0.0
20201,1346,3,2025-12-22,5,2,1,329.0,141.0,0.0
20202,346,4,2025-12-22,2,2,1,349.0,147.0,0.0
20203,1924,5,2025-12-22,1,5,1,349.0,147.0,0.0
20204,1424,5,2025-12-22,1,1,1,349.0,147.0,0.0
20205,309,6,2025-12-22,5,2,1,499.0,210.0,0.0
20206,85,1,2025-12-22,1,1,1,299.0,128.0,0.0
20207,403,5,2025-12-22,2,2,1,349.0,147.0,0.0
20208,951,4,2025-12-22,2,1,1,349.0,147.0,0.0
20209,1717,2,2025-12-22,3,1,1,299.0,128.0,0.0
20210,274,4,2025-12-22,6,2,1,349.0,147.0,0.0
20211,103,4,2025-12-22,2,4,1,349.0,147.0,0.0
20212,1133,1,2025-12-22,1,2,1,269.1,128.0,29.9
20213,1714,2,2025-12-22,1,1,1,254.15,128.0,44.85
20214,1918,5,2025-12-22,5,5,1,349.0,147.0,0.0
20215,1460,5,2025-12-22,1,3,1,349.0,147.0,0.0
20216,823,4,2025-12-22,4,1,1,349.0,147.0,0.0
20217,720,4,2025-12-22,1,2,1,349.0,147.0,0.0
20218,1011,6,2025-12-22,5,3,1,499.0,210.0,0.0
20219,102,4,2025-12-22,7,4,1,349.0,147.0,0.0
20220,1959,1,2025-12-22,5,1,1,299.0,128.0,0.0
20221,1050,5,2025-12-22,1,1,1,349.0,147.0,0.0
20222,1025,4,2025-12-22,4,1,1,296.65,147.0,52.35
20223,1239,6,2025-12-22,6,3,1,424.15,210.0,74.85
20224,1810,3,2025-12-22,3,1,1,329.0,141.0,0.0
20225,422,4,2025-12-22,9,3,1,349.0,147.0,0.0
20226,341,5,2025-12-22,5,2,1,349.0,147.0,0.0
20227,1995,2,2025-12-22,2,1,1,254.15,128.0,44.85
20228,1399,1,2025-12-22,3,2,1,254.15,128.0,44.85
20229,518,5,2025-12-22,3,5,1,296.65,147.0,52.35
20230,1976,1,2025-12-22,6,1,1,299.0,128.0,0.0
20231,557,3,2025-12-22,1,1,1,329.0,141.0,0.0
20232,344,2,2025-12-22,3,2,1,299.0,128.0,0.0
20233,1223,4,2025-12-22,3,1,1,349.0,147.0,0.0
20234,498,4,2025-12-22,7,3,1,314.1,147.0,34.9
20235,1289,4,2025-12-22,1,3,1,349.0,147.0,0.0
20236,565,4,2025-12-22,4,2,1,349.0,147.0,0.0
20237,493,5,2025-12-22,3,1,2,349.0,147.0,0.0
20238,1994,5,2025-12-22,4,2,1,314.1,147.0,34.9
20239,1723,2,2025-12-22,7,2,1,299.0,128.0,0.0
20240,1364,6,2025-12-22,1,4,1,499.0,210.0,0.0
20241,663,1,2025-12-22,3,1,1,299.0,128.0,0.0
20242,2000,4,2025-12-22,3,2,2,314.1,147.0,34.9
20243,1344,5,2025-12-22,7,1,1,296.65,147.0,52.35
20244,147,1,2025-12-22,7,3,1,299.0,128.0,0.0
20245,1253,1,2025-12-22,1,1,1,299.0,128.0,0.0
20246,94,5,2025-12-22,3,4,1,349.0,147.0,0.0
20247,1856,4,2025-12-22,6,4,1,349.0,147.0,0.0
20248,1918,4,2025-12-23,5,4,1,349.0,147.0,0.0
20249,311,2,2025-12-23,1,5,1,269.1,128.0,29.9
20250,955,4,2025-12-23,3,2,1,349.0,147.0,0.0
20251,1284,2,2025-12-23,1,2,2,299.0,128.0,0.0
20252,243,2,2025-12-23,2,2,1,299.0,128.0,0.0
20253,1116,5,2025-12-23,8,1,1,349.0,147.0,0.0
20254,1349,2,2025-12-23,2,3,1,299.0,128.0,0.0
20255,1136,4,2025-12-23,1,2,1,349.0,147.0,0.0
20256,1691,6,2025-12-23,3,2,1,499.0,210.0,0.0
20257,987,2,2025-12-23,7,2,2,299.0,128.0,0.0
20258,1817,3,2025-12-23,6,1,1,296.1,141.0,32.9
20259,1126,5,2025-12-23,4,1,1,349.0,147.0,0.0
20260,656,4,2025-12-23,5,4,1,349.0,147.0,0.0
20261,1887,2,2025-12-23,5,4,1,254.15,128.0,44.85
20262,633,5,2025-12-23,6,1,1,314.1,147.0,34.9
20263,1904,1,2025-12-23,4,2,1,299.0,128.0,0.0
20264,1098,3,2025-12-23,5,4,1,329.0,141.0,0.0
20265,1143,4,2025-12-23,2,1,1,349.0,147.0,0.0
20266,790,5,2025-12-23,2,2,1,349.0,147.0,0.0
20267,1423,2,2025-12-23,1,5,1,299.0,128.0,0.0
20268,496,6,2025-12-23,1,2,1,499.0,210.0,0.0
20269,1340,1,2025-12-23,5,3,1,299.0,128.0,0.0
20270,319,4,2025-12-23,2,5,1,296.65,147.0,52.35
20271,132,3,2025-12-23,3,1,1,329.0,141.0,0.0
20272,1276,4,2025-12-23,6,1,1,349.0,147.0,0.0
20273,427,2,2025-12-23,6,1,1,299.0,128.0,0.0
20274,656,1,2025-12-23,3,1,1,299.0,128.0,0.0
20275,23,4,2025-12-23,5,1,1,296.65,147.0,52.35
20276,1177,2,2025-12-23,5,2,1,299.0,128.0,0.0
20277,984,2,2025-12-23,2,2,1,299.0,128.0,0.0
20278,1216,2,2025-12-23,3,5,2,299.0,128.0,0.0
20279,1035,4,2025-12-23,2,2,1,349.0,147.0,0.0
20280,1052,4,2025-12-23,2,4,1,349.0,147.0,0.0
20281,1120,5,2025-12-23,2,1,2,349.0,147.0,0.0
20282,1583,6,2025-12-23,1,1,1,499.0,210.0,0.0
20283,287,4,2025-12-23,7,5,1,349.0,147.0,0.0
20284,354,4,2025-12-23,7,3,1,314.1,147.0,34.9
20285,1668,2,2025-12-23,1,5,1,299.0,128.0,0.0
20286,860,5,2025-12-23,3,1,1,349.0,147.0,0.0
20287,1236,4,2025-12-23,4,2,1,314.1,147.0,34.9
20288,636,2,2025-12-23,1,1,1,299.0,128.0,0.0
20289,492,6,2025-12-23,7,2,1,499.0,210.0,0.0
20290,889,4,2025-12-23,2,1,1,349.0,147.0,0.0
20291,1816,1,2025-12-23,3,1,1,299.0,128.0,0.0
20292,174,2,2025-12-23,8,4,1,269.1,128.0,29.9
20293,1593,4,2025-12-23,7,2,1,349.0,147.0,0.0
20294,274,1,2025-12-23,8,3,1,299.0,128.0,0.0
20295,1255,2,2025-12-23,1,2,1,299.0,128.0,0.0
20296,1812,4,2025-12-23,1,2,1,314.1,147.0,34.9
20297,561,5,2025-12-23,5,1,1,349.0,147.0,0.0
20298,438,4,2025-12-23,1,3,1,349.0,147.0,0.0
20299,1335,4,2025-12-23,1,1,1,349.0,147.0,0.0
20300,823,5,2025-12-23,5,3,1,349.0,147.0,0.0
20301,827,6,2025-12-23,2,5,1,424.15,210.0,74.85
20302,223,4,2025-12-23,3,3,1,349.0,147.0,0.0
20303,48,4,2025-12-23,8,2,1,349.0,147.0,0.0
20304,113,6,2025-12-23,4,1,1,499.0,210.0,0.0
20305,644,3,2025-12-23,3,5,1,329.0,141.0,0.0
20306,164,1,2025-12-23,8,2,1,269.1,128.0,29.9
20307,1260,1,2025-12-23,7,3,1,299.0,128.0,0.0
20308,1008,5,2025-12-23,3,4,1,349.0,147.0,0.0
20309,1524,2,2025-12-23,8,3,1,299.0,128.0,0.0
20310,682,5,2025-12-23,1,2,1,349.0,147.0,0.0
20311,1462,5,2025-12-23,7,3,1,349.0,147.0,0.0
20312,436,4,2025-12-23,1,1,1,349.0,147.0,0.0
20313,1014,3,2025-12-23,2,2,1,329.0,141.0,0.0
20314,1609,6,2025-12-23,1,3,1,499.0,210.0,0.0
20315,53,1,2025-12-23,2,1,1,254.15,128.0,44.85
20316,1317,4,2025-12-23,1,1,1,349.0,147.0,0.0
20317,21,5,2025-12-23,1,2,1,349.0,147.0,0.0
20318,1892,1,2025-12-23,5,2,1,269.1,128.0,29.9
20319,1884,4,2025-12-23,5,3,2,349.0,147.0,0.0
20320,1803,4,2025-12-23,4,5,1,349.0,147.0,0.0
20321,339,1,2025-12-23,4,3,1,299.0,128.0,0.0
20322,426,2,2025-12-24,3,2,1,299.0,128.0,0.0
20323,991,2,2025-12-24,1,1,1,299.0,128.0,0.0
20324,1942,5,2025-12-24,8,2,1,349.0,147.0,0.0
20325,1369,5,2025-12-24,3,1,1,314.1,147.0,34.9
20326,518,1,2025-12-24,7,2,1,299.0,128.0,0.0
20327,99,5,2025-12-24,1,5,2,349.0,147.0,0.0
20328,291,2,2025-12-24,1,2,1,299.0,128.0,0.0
20329,520,4,2025-12-24,1,2,1,349.0,147.0,0.0
20330,1170,2,2025-12-24,2,5,1,299.0,128.0,0.0
20331,651,6,2025-12-24,8,4,1,424.15,210.0,74.85
20332,1338,1,2025-12-24,8,5,1,299.0,128.0,0.0
20333,290,4,2025-12-24,8,1,1,349.0,147.0,0.0
20334,935,6,2025-12-24,8,3,1,449.1,210.0,49.9
20335,834,4,2025-12-24,1,1,1,349.0,147.0,0.0
20336,94,2,2025-12-24,5,2,1,299.0,128.0,0.0
20337,1838,1,2025-12-24,5,2,1,299.0,128.0,0.0
20338,640,5,2025-12-24,1,3,1,349.0,147.0,0.0
20339,1007,4,2025-12-24,1,2,1,349.0,147.0,0.0
20340,207,3,2025-12-24,7,2,1,296.1,141.0,32.9
20341,486,1,2025-12-24,3,2,1,299.0,128.0,0.0
20342,307,2,2025-12-24,3,3,1,299.0,128.0,0.0
20343,289,5,2025-12-24,2,1,1,349.0,147.0,0.0
20344,78,2,2025-12-24,3,1,1,254.15,128.0,44.85
20345,1303,3,2025-12-24,3,1,1,279.65,141.0,49.35
20346,1108,2,2025-12-24,1,2,1,299.0,128.0,0.0
20347,318,4,2025-12-24,4,2,1,349.0,147.0,0.0
20348,1202,6,2025-12-24,5,3,1,499.0,210.0,0.0
20349,336,4,2025-12-24,2,1,1,314.1,147.0,34.9
20350,356,2,2025-12-24,3,1,1,269.1,128.0,29.9
20351,594,3,2025-12-24,3,4,1,329.0,141.0,0.0
20352,1034,1,2025-12-24,1,2,2,299.0,128.0,0.0
20353,25,4,2025-12-24,5,1,1,349.0,147.0,0.0
20354,1922,4,2025-12-24,1,3,1,314.1,147.0,34.9
20355,1814,1,2025-12-24,2,1,1,299.0,128.0,0.0
20356,263,2,2025-12-24,1,1,1,299.0,128.0,0.0
20357,182,1,2025-12-24,5,2,1,269.1,128.0,29.9
20358,353,5,2025-12-24,1,2,2,349.0,147.0,0.0
20359,1541,4,2025-12-24,1,1,1,349.0,147.0,0.0
20360,845,1,2025-12-24,1,1,2,299.0,128.0,0.0
20361,1747,4,2025-12-24,1,3,1,314.1,147.0,34.9
20362,1662,2,2025-12-24,1,5,1,254.15,128.0,44.85
20363,731,6,2025-12-24,3,3,1,499.0,210.0,0.0
20364,1758,4,2025-12-24,1,1,1,296.65,147.0,52.35
20365,1117,5,2025-12-24,8,5,1,349.0,147.0,0.0
20366,703,5,2025-12-24,1,4,1,349.0,147.0,0.0
20367,1344,1,2025-12-24,1,3,1,254.15,128.0,44.85
20368,1680,1,2025-12-24,1,1,1,299.0,128.0,0.0
20369,792,1,2025-12-24,3,1,1,299.0,128.0,0.0
20370,879,2,2025-12-24,3,1,1,299.0,128.0,0.0
20371,1790,6,2025-12-24,1,5,1,499.0,210.0,0.0
20372,674,5,2025-12-24,5,5,1,349.0,147.0,0.0
20373,577,3,2025-12-24,3,1,1,296.1,141.0,32.9
20374,1021,4,2025-12-24,3,1,1,349.0,147.0,0.0
20375,290,1,2025-12-24,1,1,1,299.0,128.0,0.0
20376,216,5,2025-12-24,1,2,1,314.1,147.0,34.9
20377,60,5,2025-12-24,8,2,1,349.0,147.0,0.0
20378,192,3,2025-12-24,4,1,1,329.0,141.0,0.0
20379,1919,5,2025-12-24,5,1,1,349.0,147.0,0.0
20380,1606,5,2025-12-24,4,4,1,349.0,147.0,0.0
20381,477,3,2025-12-24,5,5,1,279.65,141.0,49.35
20382,1650,6,2025-12-24,1,1,1,499.0,210.0,0.0
20383,560,5,2025-12-24,3,2,1,349.0,147.0,0.0
20384,1463,6,2025-12-24,2,3,1,499.0,210.0,0.0
20385,902,4,2025-12-24,2,1,1,349.0,147.0,0.0
20386,613,4,2025-12-24,3,5,1,349.0,147.0,0.0
20387,1301,6,2025-12-24,1,1,1,449.1,210.0,49.9
20388,657,4,2025-12-24,5,1,1,349.0,147.0,0.0
20389,1429,5,2025-12-24,1,1,1,349.0,147.0,0.0
20390,1379,5,2025-12-24,5,1,1,349.0,147.0,0.0
20391,1177,6,2025-12-24,1,3,1,449.1,210.0,49.9
20392,1557,5,2025-12-24,5,2,1,349.0,147.0,0.0
20393,218,3,2025-12-24,7,1,1,329.0,141.0,0.0
20394,368,1,2025-12-24,1,2,1,254.15,128.0,44.85
20395,535,4,2025-12-24,1,2,1,349.0,147.0,0.0
20396,1423,3,2025-12-25,1,2,1,329.0,141.0,0.0
20397,1763,4,2025-12-25,3,3,1,314.1,147.0,34.9
20398,1330,3,2025-12-25,3,3,2,329.0,141.0,0.0
20399,1588,4,2025-12-25,1,2,1,349.0,147.0,0.0
20400,382,2,2025-12-25,2,2,1,299.0,128.0,0.0
20401,1106,4,2025-12-25,1,1,1,314.1,147.0,34.9
20402,1614,5,2025-12-25,1,2,1,349.0,147.0,0.0
20403,1054,4,2025-12-25,5,2,2,349.0,147.0,0.0
20404,1933,4,2025-12-25,3,5,1,349.0,147.0,0.0
20405,456,2,2025-12-25,7,3,1,299.0,128.0,0.0
20406,1458,1,2025-12-25,1,2,1,299.0,128.0,0.0
20407,807,5,2025-12-25,5,4,1,349.0,147.0,0.0
20408,1013,4,2025-12-25,2,1,1,349.0,147.0,0.0
20409,944,6,2025-12-25,2,1,1,499.0,210.0,0.0
20410,658,4,2025-12-25,4,1,1,314.1,147.0,34.9
20411,531,1,2025-12-25,8,3,1,299.0,128.0,0.0
20412,762,1,2025-12-25,1,1,1,269.1,128.0,29.9
20413,479,1,2025-12-25,3,2,1,299.0,128.0,0.0
20414,1286,3,2025-12-25,5,1,1,329.0,141.0,0.0
20415,1421,2,2025-12-25,3,1,1,269.1,128.0,29.9
20416,606,4,2025-12-25,1,2,2,349.0,147.0,0.0
20417,1404,5,2025-12-25,1,3,1,349.0,147.0,0.0
20418,1617,2,2025-12-25,6,1,1,254.15,128.0,44.85
20419,72,3,2025-12-25,4,3,1,329.0,141.0,0.0
20420,188,4,2025-12-25,4,3,1,349.0,147.0,0.0
20421,753,4,2025-12-25,5,2,1,349.0,147.0,0.0
20422,351,5,2025-12-25,3,5,1,296.65,147.0,52.35
20423,1738,4,2025-12-25,7,1,1,296.65,147.0,52.35
20424,103,4,2025-12-25,3,2,1,314.1,147.0,34.9
20425,1837,2,2025-12-25,1,5,1,299.0,128.0,0.0
20426,261,6,2025-12-25,1,2,1,499.0,210.0,0.0
20427,1721,2,2025-12-25,1,5,1,299.0,128.0,0.0
20428,797,1,2025-12-25,7,3,1,269.1,128.0,29.9
20429,1511,2,2025-12-25,9,1,1,269.1,128.0,29.9
20430,81,6,2025-12-25,1,5,1,499.0,210.0,0.0
20431,631,4,2025-12-25,3,2,1,349.0,147.0,0.0
20432,397,4,2025-12-25,1,1,1,349.0,147.0,0.0
20433,1897,5,2025-12-25,6,1,1,314.1,147.0,34.9
20434,107,5,2025-12-25,2,3,2,349.0,147.0,0.0
20435,857,4,2025-12-25,5,1,1,349.0,147.0,0.0
20436,999,4,2025-12-25,5,3,1,296.65,147.0,52.35
20437,829,5,2025-12-25,5,3,2,349.0,147.0,0.0
20438,539,4,2025-12-25,1,5,1,349.0,147.0,0.0
20439,1784,4,2025-12-25,5,2,1,349.0,147.0,0.0
20440,1920,5,2025-12-25,3,2,2,349.0,147.0,0.0
20441,429,1,2025-12-25,9,1,1,269.1,128.0,29.9
20442,1273,4,2025-12-25,6,1,1,349.0,147.0,0.0
20443,663,5,2025-12-25,2,3,1,296.65,147.0,52.35
20444,1240,1,2025-12-25,7,2,2,299.0,128.0,0.0
20445,74,4,2025-12-25,3,2,1,296.65,147.0,52.35
20446,125,6,2025-12-25,1,2,1,499.0,210.0,0.0
20447,1344,2,2025-12-25,5,1,1,299.0,128.0,0.0
20448,1899,5,2025-12-25,7,2,2,349.0,147.0,0.0
20449,1181,4,2025-12-25,2,3,1,314.1,147.0,34.9
20450,79,1,2025-12-25,4,2,1,299.0,128.0,0.0
20451,1494,4,2025-12-25,1,3,1,349.0,147.0,0.0
20452,1617,1,2025-12-25,3,4,1,299.0,128.0,0.0
20453,609,5,2025-12-25,2,1,1,349.0,147.0,0.0
20454,1872,3,2025-12-25,5,2,1,329.0,141.0,0.0
20455,82,5,2025-12-25,1,2,2,349.0,147.0,0.0
20456,604,5,2025-12-25,4,1,1,349.0,147.0,0.0
20457,1332,4,2025-12-25,5,1,1,349.0,147.0,0.0
20458,633,5,2025-12-25,9,1,1,349.0,147.0,0.0
20459,1217,2,2025-12-25,2,1,1,269.1,128.0,29.9
20460,92,1,2025-12-25,3,1,1,299.0,128.0,0.0
20461,1803,2,2025-12-25,3,4,1,299.0,128.0,0.0
20462,1347,5,2025-12-25,3,1,1,296.65,147.0,52.35
20463,505,5,2025-12-25,3,3,2,349.0,147.0,0.0
20464,297,3,2025-12-25,3,5,1,329.0,141.0,0.0
20465,145,3,2025-12-25,2,5,1,296.1,141.0,32.9
20466,1158,5,2025-12-25,5,1,1,349.0,147.0,0.0
20467,1831,4,2025-12-26,2,3,1,349.0,147.0,0.0
20468,298,1,2025-12-26,5,1,1,254.15,128.0,44.85
20469,668,2,2025-12-26,3,2,1,299.0,128.0,0.0
20470,1669,4,2025-12-26,4,1,1,314.1,147.0,34.9
20471,271,2,2025-12-26,3,1,1,299.0,128.0,0.0
20472,1599,4,2025-12-26,4,1,1,349.0,147.0,0.0
20473,203,5,2025-12-26,3,2,1,349.0,147.0,0.0
20474,1305,5,2025-12-26,7,1,2,349.0,147.0,0.0
20475,387,4,2025-12-26,1,5,1,349.0,147.0,0.0
20476,1121,4,2025-12-26,1,1,1,349.0,147.0,0.0
20477,752,5,2025-12-26,1,3,1,349.0,147.0,0.0
20478,967,4,2025-12-26,1,3,1,349.0,147.0,0.0
20479,80,4,2025-12-26,1,1,1,349.0,147.0,0.0
20480,841,5,2025-12-26,2,2,1,349.0,147.0,0.0
20481,1845,5,2025-12-26,5,2,1,296.65,147.0,52.35
20482,970,4,2025-12-26,8,1,1,349.0,147.0,0.0
20483,985,4,2025-12-26,4,1,1,349.0,147.0,0.0
20484,324,6,2025-12-26,3,4,1,499.0,210.0,0.0
20485,576,5,2025-12-26,3,2,1,349.0,147.0,0.0
20486,935,5,2025-12-26,1,1,1,349.0,147.0,0.0
20487,466,1,2025-12-26,1,1,1,299.0,128.0,0.0
20488,221,3,2025-12-26,2,1,1,329.0,141.0,0.0
20489,631,4,2025-12-26,1,2,1,349.0,147.0,0.0
20490,821,2,2025-12-26,2,2,2,299.0,128.0,0.0
20491,1483,5,2025-12-26,6,1,1,349.0,147.0,0.0
20492,358,4,2025-12-26,1,2,1,314.1,147.0,34.9
20493,1122,5,2025-12-26,3,2,1,349.0,147.0,0.0
20494,1538,6,2025-12-26,2,1,1,449.1,210.0,49.9
20495,1213,6,2025-12-26,1,3,1,424.15,210.0,74.85
20496,34,3,2025-12-26,3,2,1,329.0,141.0,0.0
20497,30,4,2025-12-26,5,2,1,349.0,147.0,0.0
20498,768,5,2025-12-26,5,1,1,349.0,147.0,0.0
20499,730,2,2025-12-26,8,1,2,299.0,128.0,0.0
20500,1091,1,2025-12-26,7,2,2,269.1,128.0,29.9
20501,1313,4,2025-12-26,2,1,1,296.65,147.0,52.35
20502,1079,3,2025-12-26,4,5,1,296.1,141.0,32.9
20503,1882,5,2025-12-26,6,3,1,349.0,147.0,0.0
20504,547,1,2025-12-26,6,2,1,299.0,128.0,0.0
20505,812,5,2025-12-26,2,2,2,296.65,147.0,52.35
20506,768,6,2025-12-26,3,4,1,499.0,210.0,0.0
20507,72,1,2025-12-26,1,4,1,299.0,128.0,0.0
20508,345,1,2025-12-26,7,4,1,269.1,128.0,29.9
20509,138,1,2025-12-26,1,1,1,299.0,128.0,0.0
20510,696,5,2025-12-26,1,1,1,314.1,147.0,34.9
20511,10,2,2025-12-26,7,2,1,269.1,128.0,29.9
20512,1060,2,2025-12-26,1,5,1,269.1,128.0,29.9
20513,2,6,2025-12-26,5,4,1,424.15,210.0,74.85
20514,118,3,2025-12-26,5,2,1,329.0,141.0,0.0
20515,707,5,2025-12-26,4,4,1,314.1,147.0,34.9
20516,722,4,2025-12-26,1,1,1,314.1,147.0,34.9
20517,1963,4,2025-12-26,5,4,2,349.0,147.0,0.0
20518,320,5,2025-12-26,2,3,1,349.0,147.0,0.0
20519,649,5,2025-12-26,3,2,1,349.0,147.0,0.0
20520,882,6,2025-12-26,5,3,1,499.0,210.0,0.0
20521,440,6,2025-12-26,8,1,1,499.0,210.0,0.0
20522,725,5,2025-12-26,5,1,1,349.0,147.0,0.0
20523,1677,4,2025-12-26,5,2,1,349.0,147.0,0.0
20524,1892,4,2025-12-26,7,2,1,349.0,147.0,0.0
20525,369,2,2025-12-26,1,2,1,299.0,128.0,0.0
20526,1045,4,2025-12-26,7,2,1,349.0,147.0,0.0
20527,368,2,2025-12-26,5,4,1,269.1,128.0,29.9
20528,269,4,2025-12-26,6,2,1,314.1,147.0,34.9
20529,1690,5,2025-12-26,4,1,2,349.0,147.0,0.0
20530,1204,1,2025-12-26,7,2,1,299.0,128.0,0.0
20531,846,2,2025-12-26,1,5,1,299.0,128.0,0.0
20532,1307,4,2025-12-26,3,2,1,349.0,147.0,0.0
20533,914,4,2025-12-26,3,2,1,349.0,147.0,0.0
20534,295,5,2025-12-26,4,4,1,349.0,147.0,0.0
20535,1442,4,2025-12-26,4,1,1,349.0,147.0,0.0
20536,616,4,2025-12-26,7,2,1,296.65,147.0,52.35
20537,287,2,2025-12-27,3,1,1,299.0,128.0,0.0
20538,1530,2,2025-12-27,1,1,1,299.0,128.0,0.0
20539,1127,3,2025-12-27,1,5,1,329.0,141.0,0.0
20540,883,5,2025-12-27,1,1,1,349.0,147.0,0.0
20541,769,1,2025-12-27,1,2,1,299.0,128.0,0.0
20542,1373,4,2025-12-27,1,2,1,349.0,147.0,0.0
20543,1248,6,2025-12-27,5,1,1,499.0,210.0,0.0
20544,196,3,2025-12-27,1,3,1,329.0,141.0,0.0
20545,471,4,2025-12-27,2,1,1,349.0,147.0,0.0
20546,1452,4,2025-12-27,5,1,1,349.0,147.0,0.0
20547,1805,4,2025-12-27,7,2,1,349.0,147.0,0.0
20548,3,1,2025-12-27,2,1,1,269.1,128.0,29.9
20549,348,1,2025-12-27,5,5,1,299.0,128.0,0.0
20550,576,5,2025-12-27,3,1,1,349.0,147.0,0.0
20551,1744,4,2025-12-27,6,3,1,349.0,147.0,0.0
20552,1132,5,2025-12-27,3,1,1,349.0,147.0,0.0
20553,1599,2,2025-12-27,3,3,1,254.15,128.0,44.85
20554,1819,1,2025-12-27,1,1,1,299.0,128.0,0.0
20555,947,6,2025-12-27,3,2,1,499.0,210.0,0.0
20556,239,2,2025-12-27,8,2,1,269.1,128.0,29.9
20557,389,4,2025-12-27,2,2,2,349.0,147.0,0.0
20558,1851,2,2025-12-27,4,2,1,299.0,128.0,0.0
20559,454,5,2025-12-27,1,1,1,296.65,147.0,52.35
20560,865,2,2025-12-27,1,3,1,299.0,128.0,0.0
20561,1934,3,2025-12-27,5,2,1,329.0,141.0,0.0
20562,1169,2,2025-12-27,2,2,1,254.15,128.0,44.85
20563,75,4,2025-12-27,3,5,1,296.65,147.0,52.35
20564,681,5,2025-12-27,1,4,1,314.1,147.0,34.9
20565,481,2,2025-12-27,1,5,1,269.1,128.0,29.9
20566,1622,1,2025-12-27,7,1,1,299.0,128.0,0.0
20567,768,5,2025-12-27,5,1,1,349.0,147.0,0.0
20568,469,5,2025-12-27,3,3,1,314.1,147.0,34.9
20569,1445,2,2025-12-27,8,5,1,299.0,128.0,0.0
20570,1982,3,2025-12-27,3,4,1,279.65,141.0,49.35
20571,151,2,2025-12-27,2,1,1,299.0,128.0,0.0
20572,749,3,2025-12-27,2,1,1,329.0,141.0,0.0
20573,117,5,2025-12-27,2,1,1,349.0,147.0,0.0
20574,1024,5,2025-12-27,3,1,1,314.1,147.0,34.9
20575,1254,5,2025-12-27,1,1,1,349.0,147.0,0.0
20576,1757,2,2025-12-27,1,1,1,299.0,128.0,0.0
20577,1044,3,2025-12-27,1,3,1,329.0,141.0,0.0
20578,474,2,2025-12-27,1,2,1,269.1,128.0,29.9
20579,191,6,2025-12-27,5,2,1,499.0,210.0,0.0
20580,361,5,2025-12-27,2,2,1,349.0,147.0,0.0
20581,1163,4,2025-12-27,6,2,1,349.0,147.0,0.0
20582,200,2,2025-12-27,3,2,1,299.0,128.0,0.0
20583,259,3,2025-12-27,1,1,1,329.0,141.0,0.0
20584,248,2,2025-12-27,7,2,1,299.0,128.0,0.0
20585,1157,4,2025-12-27,4,2,1,349.0,147.0,0.0
20586,764,2,2025-12-27,5,3,1,299.0,128.0,0.0
20587,894,4,2025-12-27,3,5,1,349.0,147.0,0.0
20588,524,2,2025-12-27,3,5,1,299.0,128.0,0.0
20589,1787,5,2025-12-27,3,1,1,349.0,147.0,0.0
20590,447,4,2025-12-27,2,2,1,349.0,147.0,0.0
20591,502,5,2025-12-27,9,4,1,349.0,147.0,0.0
20592,1160,6,2025-12-27,5,1,1,499.0,210.0,0.0
20593,39,4,2025-12-27,2,2,1,349.0,147.0,0.0
20594,553,4,2025-12-27,1,1,1,314.1,147.0,34.9
20595,1611,5,2025-12-27,3,2,1,349.0,147.0,0.0
20596,1821,4,2025-12-27,4,1,1,349.0,147.0,0.0
20597,1901,1,2025-12-27,4,1,1,299.0,128.0,0.0
20598,985,5,2025-12-27,1,1,1,349.0,147.0,0.0
20599,1871,4,2025-12-27,8,1,1,349.0,147.0,0.0
20600,856,4,2025-12-27,1,1,1,349.0,147.0,0.0
20601,1934,1,2025-12-27,1,1,1,299.0,128.0,0.0
20602,451,5,2025-12-27,5,2,1,349.0,147.0,0.0
20603,1937,5,2025-12-27,2,2,1,349.0,147.0,0.0
20604,1055,2,2025-12-27,3,1,1,299.0,128.0,0.0
20605,1326,4,2025-12-27,1,1,1,349.0,147.0,0.0
20606,1882,2,2025-12-27,4,3,2,299.0,128.0,0.0
20607,335,3,2025-12-27,5,1,1,279.65,141.0,49.35
20608,737,1,2025-12-27,1,2,1,269.1,128.0,29.9
20609,1501,6,2025-12-27,2,1,1,499.0,210.0,0.0
20610,1351,3,2025-12-28,1,4,1,329.0,141.0,0.0
20611,1607,2,2025-12-28,2,1,1,299.0,128.0,0.0
20612,443,4,2025-12-28,7,1,1,349.0,147.0,0.0
20613,1043,2,2025-12-28,5,3,1,299.0,128.0,0.0
20614,70,4,2025-12-28,1,4,1,349.0,147.0,0.0
20615,1779,4,2025-12-28,3,2,1,349.0,147.0,0.0
20616,967,6,2025-12-28,7,2,1,499.0,210.0,0.0
20617,710,2,2025-12-28,5,2,2,299.0,128.0,0.0
20618,499,3,2025-12-28,4,1,1,329.0,141.0,0.0
20619,679,5,2025-12-28,1,1,1,296.65,147.0,52.35
20620,502,2,2025-12-28,3,1,1,299.0,128.0,0.0
20621,1832,2,2025-12-28,3,1,1,299.0,128.0,0.0
20622,59,3,2025-12-28,4,1,1,279.65,141.0,49.35
20623,1580,4,2025-12-28,5,1,2,314.1,147.0,34.9
20624,711,2,2025-12-28,1,2,1,254.15,128.0,44.85
20625,1339,4,2025-12-28,2,2,1,349.0,147.0,0.0
20626,332,6,2025-12-28,5,2,1,499.0,210.0,0.0
20627,344,4,2025-12-28,7,1,1,349.0,147.0,0.0
20628,883,3,2025-12-28,2,2,1,329.0,141.0,0.0
20629,1140,2,2025-12-28,4,3,1,299.0,128.0,0.0
20630,833,6,2025-12-28,7,3,1,449.1,210.0,49.9
20631,1491,1,2025-12-28,3,2,1,269.1,128.0,29.9
20632,1099,2,2025-12-28,3,5,1,299.0,128.0,0.0
20633,1681,3,2025-12-28,1,2,1,329.0,141.0,0.0
20634,1434,5,2025-12-28,7,1,1,349.0,147.0,0.0
20635,655,4,2025-12-28,1,2,1,296.65,147.0,52.35
20636,1387,4,2025-12-28,5,1,1,314.1,147.0,34.9
20637,981,4,2025-12-28,5,2,1,349.0,147.0,0.0
20638,433,3,2025-12-28,1,3,2,329.0,141.0,0.0
20639,986,6,2025-12-28,1,1,1,499.0,210.0,0.0
20640,378,2,2025-12-28,1,4,1,299.0,128.0,0.0
20641,1850,4,2025-12-28,7,1,1,314.1,147.0,34.9
20642,1935,1,2025-12-28,2,1,1,254.15,128.0,44.85
20643,1164,3,2025-12-28,3,4,1,329.0,141.0,0.0
20644,1093,4,2025-12-28,6,2,1,314.1,147.0,34.9
20645,143,2,2025-12-28,2,2,1,299.0,128.0,0.0
20646,1339,1,2025-12-28,1,2,1,299.0,128.0,0.0
20647,969,3,2025-12-28,1,4,2,329.0,141.0,0.0
20648,1756,3,2025-12-28,1,3,1,329.0,141.0,0.0
20649,639,2,2025-12-28,1,3,1,299.0,128.0,0.0
20650,533,4,2025-12-28,1,4,1,349.0,147.0,0.0
20651,153,5,2025-12-28,3,1,1,296.65,147.0,52.35
20652,404,2,2025-12-28,1,1,1,269.1,128.0,29.9
20653,1896,2,2025-12-28,3,2,1,299.0,128.0,0.0
20654,723,5,2025-12-28,6,3,1,349.0,147.0,0.0
20655,1550,3,2025-12-28,1,4,1,279.65,141.0,49.35
20656,157,4,2025-12-28,1,1,1,349.0,147.0,0.0
20657,1467,2,2025-12-28,1,1,1,299.0,128.0,0.0
20658,455,1,2025-12-28,6,5,1,254.15,128.0,44.85
20659,1735,4,2025-12-28,6,1,1,314.1,147.0,34.9
20660,1275,3,2025-12-28,3,2,1,329.0,141.0,0.0
20661,681,4,2025-12-28,5,5,1,314.1,147.0,34.9
20662,1179,6,2025-12-28,2,4,1,499.0,210.0,0.0
20663,969,3,2025-12-28,1,4,1,329.0,141.0,0.0
20664,750,1,2025-12-28,5,3,1,299.0,128.0,0.0
20665,875,5,2025-12-28,2,1,1,349.0,147.0,0.0
20666,1350,5,2025-12-28,6,1,1,349.0,147.0,0.0
20667,89,5,2025-12-28,3,1,1,349.0,147.0,0.0
20668,1660,4,2025-12-28,2,5,2,349.0,147.0,0.0
20669,1502,1,2025-12-28,3,1,1,269.1,128.0,29.9
20670,808,4,2025-12-28,2,1,1,349.0,147.0,0.0
20671,440,6,2025-12-28,2,2,1,499.0,210.0,0.0
20672,1479,1,2025-12-28,1,2,2,269.1,128.0,29.9
20673,1531,1,2025-12-28,5,2,1,299.0,128.0,0.0
20674,1932,2,2025-12-28,1,5,1,254.15,128.0,44.85
20675,781,4,2025-12-28,4,2,1,349.0,147.0,0.0
20676,1866,4,2025-12-28,3,3,1,296.65,147.0,52.35
20677,1327,6,2025-12-28,3,1,1,499.0,210.0,0.0
20678,343,4,2025-12-28,4,1,1,349.0,147.0,0.0
20679,1572,1,2025-12-28,3,5,1,299.0,128.0,0.0
20680,1695,2,2025-12-28,1,3,2,299.0,128.0,0.0
20681,693,1,2025-12-29,2,5,1,299.0,128.0,0.0
20682,1701,1,2025-12-29,2,4,1,299.0,128.0,0.0
20683,189,5,2025-12-29,2,1,1,349.0,147.0,0.0
20684,736,6,2025-12-29,2,2,1,499.0,210.0,0.0
20685,790,1,2025-12-29,1,2,1,269.1,128.0,29.9
20686,1377,5,2025-12-29,9,5,1,349.0,147.0,0.0
20687,1555,4,2025-12-29,8,1,1,349.0,147.0,0.0
20688,669,3,2025-12-29,4,1,1,329.0,141.0,0.0
20689,575,3,2025-12-29,1,4,1,296.1,141.0,32.9
20690,156,4,2025-12-29,1,2,1,349.0,147.0,0.0
20691,752,4,2025-12-29,2,3,1,349.0,147.0,0.0
20692,1012,5,2025-12-29,3,4,1,349.0,147.0,0.0
20693,510,4,2025-12-29,2,2,1,349.0,147.0,0.0
20694,1247,5,2025-12-29,3,1,1,296.65,147.0,52.35
20695,1269,2,2025-12-29,3,1,1,299.0,128.0,0.0
20696,1690,5,2025-12-29,1,3,1,296.65,147.0,52.35
20697,490,1,2025-12-29,5,2,1,254.15,128.0,44.85
20698,225,4,2025-12-29,4,2,1,349.0,147.0,0.0
20699,1116,6,2025-12-29,4,4,1,499.0,210.0,0.0
20700,479,2,2025-12-29,3,1,1,299.0,128.0,0.0
20701,1497,4,2025-12-29,3,2,1,349.0,147.0,0.0
20702,1568,6,2025-12-29,3,3,1,499.0,210.0,0.0
20703,1172,2,2025-12-29,4,2,1,299.0,128.0,0.0
20704,1347,5,2025-12-29,1,3,1,349.0,147.0,0.0
20705,506,2,2025-12-29,3,1,1,299.0,128.0,0.0
20706,884,5,2025-12-29,5,2,1,314.1,147.0,34.9
20707,751,3,2025-12-29,7,1,1,279.65,141.0,49.35
20708,304,5,2025-12-29,2,3,1,349.0,147.0,0.0
20709,1806,3,2025-12-29,3,5,1,279.65,141.0,49.35
20710,1690,4,2025-12-29,3,3,1,349.0,147.0,0.0
20711,727,4,2025-12-29,8,1,1,349.0,147.0,0.0
20712,603,1,2025-12-29,1,3,1,299.0,128.0,0.0
20713,1189,3,2025-12-29,6,4,1,296.1,141.0,32.9
20714,1302,4,2025-12-29,8,2,1,296.65,147.0,52.35
20715,634,6,2025-12-29,3,4,1,449.1,210.0,49.9
20716,272,5,2025-12-29,7,3,1,349.0,147.0,0.0
20717,894,4,2025-12-29,1,1,1,296.65,147.0,52.35
20718,1386,4,2025-12-29,1,1,1,349.0,147.0,0.0
20719,1781,2,2025-12-29,1,4,1,299.0,128.0,0.0
20720,31,4,2025-12-29,1,2,1,349.0,147.0,0.0
20721,366,5,2025-12-29,3,3,1,314.1,147.0,34.9
20722,368,5,2025-12-29,3,1,1,349.0,147.0,0.0
20723,915,2,2025-12-29,3,3,1,299.0,128.0,0.0
20724,84,4,2025-12-29,7,2,2,349.0,147.0,0.0
20725,1157,4,2025-12-29,5,1,1,314.1,147.0,34.9
20726,589,4,2025-12-29,7,1,1,349.0,147.0,0.0
20727,207,2,2025-12-29,5,2,2,299.0,128.0,0.0
20728,967,6,2025-12-29,2,2,1,499.0,210.0,0.0
20729,481,5,2025-12-29,5,1,1,349.0,147.0,0.0
20730,1937,2,2025-12-29,1,1,1,299.0,128.0,0.0
20731,860,4,2025-12-29,3,2,2,349.0,147.0,0.0
20732,566,2,2025-12-29,1,5,1,299.0,128.0,0.0
20733,528,5,2025-12-29,1,1,1,314.1,147.0,34.9
20734,452,3,2025-12-29,4,2,1,329.0,141.0,0.0
20735,662,4,2025-12-29,5,1,1,349.0,147.0,0.0
20736,65,2,2025-12-29,8,2,1,299.0,128.0,0.0
20737,23,1,2025-12-29,6,2,2,299.0,128.0,0.0
20738,1783,3,2025-12-29,1,2,1,329.0,141.0,0.0
20739,743,3,2025-12-29,3,1,1,329.0,141.0,0.0
20740,950,2,2025-12-29,1,1,2,299.0,128.0,0.0
20741,650,6,2025-12-29,5,2,1,499.0,210.0,0.0
20742,141,4,2025-12-29,3,1,1,349.0,147.0,0.0
20743,1801,5,2025-12-29,7,5,1,349.0,147.0,0.0
20744,1186,2,2025-12-29,7,4,1,299.0,128.0,0.0
20745,129,1,2025-12-29,1,3,1,299.0,128.0,0.0
20746,876,3,2025-12-29,7,1,1,279.65,141.0,49.35
20747,1570,2,2025-12-29,5,1,1,299.0,128.0,0.0
20748,109,6,2025-12-29,7,1,1,499.0,210.0,0.0
20749,516,3,2025-12-29,1,1,1,329.0,141.0,0.0
20750,1948,4,2025-12-29,3,2,1,349.0,147.0,0.0
20751,1890,5,2025-12-30,3,2,2,349.0,147.0,0.0
20752,692,2,2025-12-30,1,5,1,299.0,128.0,0.0
20753,1631,5,2025-12-30,3,1,1,314.1,147.0,34.9
20754,558,1,2025-12-30,5,1,1,299.0,128.0,0.0
20755,736,2,2025-12-30,4,3,1,254.15,128.0,44.85
20756,835,6,2025-12-30,2,5,1,499.0,210.0,0.0
20757,1383,1,2025-12-30,1,2,1,254.15,128.0,44.85
20758,1545,2,2025-12-30,1,4,1,299.0,128.0,0.0
20759,1108,4,2025-12-30,3,3,1,314.1,147.0,34.9
20760,1220,5,2025-12-30,7,1,1,314.1,147.0,34.9
20761,334,5,2025-12-30,5,4,1,314.1,147.0,34.9
20762,1603,6,2025-12-30,6,2,1,499.0,210.0,0.0
20763,1553,2,2025-12-30,2,2,1,254.15,128.0,44.85
20764,1437,4,2025-12-30,5,4,1,349.0,147.0,0.0
20765,1054,5,2025-12-30,1,1,1,314.1,147.0,34.9
20766,1858,2,2025-12-30,2,2,2,269.1,128.0,29.9
20767,1133,5,2025-12-30,6,1,1,314.1,147.0,34.9
20768,1423,5,2025-12-30,1,2,1,349.0,147.0,0.0
20769,560,5,2025-12-30,5,3,1,349.0,147.0,0.0
20770,1104,6,2025-12-30,4,1,2,499.0,210.0,0.0
20771,83,4,2025-12-30,1,2,2,314.1,147.0,34.9
20772,279,1,2025-12-30,3,2,1,299.0,128.0,0.0
20773,1197,3,2025-12-30,9,2,1,329.0,141.0,0.0
20774,1578,5,2025-12-30,1,1,1,349.0,147.0,0.0
20775,1214,2,2025-12-30,1,2,1,299.0,128.0,0.0
20776,1266,4,2025-12-30,4,1,1,349.0,147.0,0.0
20777,1963,1,2025-12-30,3,2,1,269.1,128.0,29.9
20778,1793,4,2025-12-30,2,1,1,349.0,147.0,0.0
20779,2000,5,2025-12-30,3,4,1,349.0,147.0,0.0
20780,147,3,2025-12-30,8,1,1,279.65,141.0,49.35
20781,754,1,2025-12-30,3,4,1,299.0,128.0,0.0
20782,1257,1,2025-12-30,1,2,1,299.0,128.0,0.0
20783,1242,4,2025-12-30,9,1,1,349.0,147.0,0.0
20784,1509,3,2025-12-30,2,1,1,329.0,141.0,0.0
20785,1039,6,2025-12-30,3,1,1,499.0,210.0,0.0
20786,905,4,2025-12-30,2,1,1,349.0,147.0,0.0
20787,463,5,2025-12-30,1,4,1,349.0,147.0,0.0
20788,1485,5,2025-12-30,4,1,1,349.0,147.0,0.0
20789,753,5,2025-12-30,1,2,1,349.0,147.0,0.0
20790,80,4,2025-12-30,3,1,2,349.0,147.0,0.0
20791,1280,4,2025-12-30,6,1,1,349.0,147.0,0.0
20792,910,5,2025-12-30,6,1,1,349.0,147.0,0.0
20793,220,3,2025-12-30,7,5,1,329.0,141.0,0.0
20794,364,6,2025-12-30,2,1,1,499.0,210.0,0.0
20795,1804,5,2025-12-30,1,3,1,349.0,147.0,0.0
20796,1867,1,2025-12-30,3,1,1,254.15,128.0,44.85
20797,643,2,2025-12-30,2,5,1,299.0,128.0,0.0
20798,1177,5,2025-12-30,8,3,1,349.0,147.0,0.0
20799,543,1,2025-12-30,2,2,1,254.15,128.0,44.85
20800,594,5,2025-12-30,1,4,1,349.0,147.0,0.0
20801,671,5,2025-12-30,7,3,1,314.1,147.0,34.9
20802,1184,3,2025-12-30,1,4,1,329.0,141.0,0.0
20803,1346,2,2025-12-30,4,2,1,299.0,128.0,0.0
20804,1299,1,2025-12-30,3,1,1,299.0,128.0,0.0
20805,121,1,2025-12-30,5,3,1,299.0,128.0,0.0
20806,1633,2,2025-12-30,3,2,1,254.15,128.0,44.85
20807,790,5,2025-12-30,4,2,1,349.0,147.0,0.0
20808,1948,3,2025-12-30,3,1,1,329.0,141.0,0.0
20809,95,6,2025-12-30,3,2,1,449.1,210.0,49.9
20810,1001,3,2025-12-30,2,2,1,329.0,141.0,0.0
20811,342,6,2025-12-30,5,1,1,499.0,210.0,0.0
20812,622,1,2025-12-30,3,2,1,299.0,128.0,0.0
20813,698,4,2025-12-30,3,1,1,349.0,147.0,0.0
20814,871,4,2025-12-30,1,2,1,349.0,147.0,0.0
20815,1816,5,2025-12-30,5,1,1,349.0,147.0,0.0
20816,1168,5,2025-12-30,5,4,2,349.0,147.0,0.0
20817,1646,2,2025-12-30,8,2,1,269.1,128.0,29.9
20818,877,4,2025-12-30,5,3,1,314.1,147.0,34.9
20819,551,5,2025-12-30,5,1,1,349.0,147.0,0.0
20820,1529,6,2025-12-30,5,2,1,424.15,210.0,74.85
20821,1424,2,2025-12-30,1,2,1,299.0,128.0,0.0
20822,348,2,2025-12-30,3,2,1,269.1,128.0,29.9
20823,78,4,2025-12-30,8,5,2,349.0,147.0,0.0
20824,1936,6,2025-12-30,8,4,2,499.0,210.0,0.0
20825,1478,4,2025-12-30,5,1,1,296.65,147.0,52.35
20826,1737,1,2025-12-30,3,5,1,299.0,128.0,0.0
20827,1644,6,2025-12-31,2,1,1,499.0,210.0,0.0
20828,1185,2,2025-12-31,7,3,1,299.0,128.0,0.0
20829,551,6,2025-12-31,5,1,1,499.0,210.0,0.0
20830,1779,5,2025-12-31,2,3,1,314.1,147.0,34.9
20831,171,3,2025-12-31,3,3,1,329.0,141.0,0.0
20832,166,3,2025-12-31,1,3,1,296.1,141.0,32.9
20833,335,4,2025-12-31,3,2,1,349.0,147.0,0.0
20834,1074,5,2025-12-31,1,1,1,349.0,147.0,0.0
20835,1397,5,2025-12-31,1,1,2,296.65,147.0,52.35
20836,532,1,2025-12-31,2,1,1,299.0,128.0,0.0
20837,929,5,2025-12-31,8,5,1,349.0,147.0,0.0
20838,377,4,2025-12-31,5,3,1,349.0,147.0,0.0
20839,357,6,2025-12-31,3,3,1,499.0,210.0,0.0
20840,1705,5,2025-12-31,8,3,2,349.0,147.0,0.0
20841,960,4,2025-12-31,3,2,2,349.0,147.0,0.0
20842,1883,4,2025-12-31,8,1,1,349.0,147.0,0.0
20843,1186,5,2025-12-31,6,5,1,349.0,147.0,0.0
20844,1675,6,2025-12-31,7,4,1,449.1,210.0,49.9
20845,1477,4,2025-12-31,3,2,1,349.0,147.0,0.0
20846,1367,6,2025-12-31,2,2,1,499.0,210.0,0.0
20847,572,1,2025-12-31,3,1,1,299.0,128.0,0.0
20848,1907,4,2025-12-31,4,3,1,349.0,147.0,0.0
20849,1999,5,2025-12-31,3,4,1,349.0,147.0,0.0
20850,1831,3,2025-12-31,1,2,1,329.0,141.0,0.0
20851,978,1,2025-12-31,1,1,2,269.1,128.0,29.9
20852,1073,1,2025-12-31,3,3,1,254.15,128.0,44.85
20853,205,5,2025-12-31,7,3,1,314.1,147.0,34.9
20854,1488,5,2025-12-31,1,5,1,296.65,147.0,52.35
20855,817,3,2025-12-31,1,1,1,329.0,141.0,0.0
20856,1815,5,2025-12-31,3,4,1,349.0,147.0,0.0
20857,1418,3,2025-12-31,1,4,1,296.1,141.0,32.9
20858,1697,4,2025-12-31,1,2,1,349.0,147.0,0.0
20859,1429,5,2025-12-31,3,2,1,349.0,147.0,0.0
20860,183,5,2025-12-31,2,4,1,349.0,147.0,0.0
20861,433,4,2025-12-31,5,2,1,349.0,147.0,0.0
20862,1334,5,2025-12-31,3,1,1,349.0,147.0,0.0
20863,335,4,2025-12-31,1,2,1,349.0,147.0,0.0
20864,1082,1,2025-12-31,1,2,1,299.0,128.0,0.0
20865,1085,4,2025-12-31,3,1,1,349.0,147.0,0.0
20866,1114,1,2025-12-31,1,3,1,299.0,128.0,0.0
20867,1593,5,2025-12-31,6,1,1,349.0,147.0,0.0
20868,1669,1,2025-12-31,1,2,1,299.0,128.0,0.0
20869,1252,5,2025-12-31,9,2,1,349.0,147.0,0.0
20870,1983,2,2025-12-31,5,4,1,299.0,128.0,0.0
20871,465,1,2025-12-31,3,3,1,299.0,128.0,0.0
20872,420,4,2025-12-31,7,1,1,349.0,147.0,0.0
20873,426,2,2025-12-31,2,3,1,299.0,128.0,0.0
20874,1271,1,2025-12-31,1,2,1,299.0,128.0,0.0
20875,1177,5,2025-12-31,3,3,1,296.65,147.0,52.35
20876,962,5,2025-12-31,3,2,1,349.0,147.0,0.0
20877,505,5,2025-12-31,5,1,1,296.65,147.0,52.35
20878,776,1,2025-12-31,2,4,1,299.0,128.0,0.0
20879,1153,6,2025-12-31,4,1,1,499.0,210.0,0.0
20880,458,4,2025-12-31,4,5,1,349.0,147.0,0.0
20881,113,4,2025-12-31,1,4,1,349.0,147.0,0.0
20882,13,4,2025-12-31,2,2,1,349.0,147.0,0.0
20883,1085,4,2025-12-31,5,1,1,296.65,147.0,52.35
20884,1555,6,2025-12-31,3,1,1,449.1,210.0,49.9
20885,1876,1,2025-12-31,7,2,2,299.0,128.0,0.0
20886,46,1,2025-12-31,1,1,1,299.0,128.0,0.0
20887,1482,4,2025-12-31,6,2,1,349.0,147.0,0.0
20888,1669,1,2025-12-31,5,4,1,254.15,128.0,44.85
20889,906,1,2025-12-31,4,5,1,299.0,128.0,0.0
20890,1946,1,2025-12-31,6,1,1,299.0,128.0,0.0
20891,1503,1,2025-12-31,1,5,1,299.0,128.0,0.0
20892,1423,4,2025-12-31,4,2,1,349.0,147.0,0.0
20893,327,3,2025-12-31,3,4,1,329.0,141.0,0.0
20894,1938,4,2025-12-31,5,2,1,296.65,147.0,52.35
20895,827,3,2025-12-31,1,1,1,329.0,141.0,0.0
