snapshot_hour_utc,appid,rank,last_week_rank,peak_in_game
2026-09-01T05,730,1,1,1193764
2026-09-01T05,570,2,2,852622
2026-09-01T05,578080,3,3,709735
2026-09-01T05,431960,4,4,109713
2026-09-01T05,1172470,5,6,262269
2026-09-01T05,4001890,6,5,189520
2026-09-01T05,271590,7,9,85891
2026-09-01T05,1623730,8,7,157895
2026-09-01T05,250900,9,10,90301
2026-09-01T05,2868840,10,12,98240
2026-09-01T05,2676230,11,13,182933
2026-09-01T05,553850,12,8,65311
2026-09-01T05,2767030,13,11,97394
2026-09-01T05,359550,14,15,88101
2026-09-01T05,3405690,15,14,76101
2026-09-01T05,381210,16,23,68292
2026-09-01T05,236390,17,19,76381
2026-09-01T05,2357570,18,17,65924
2026-09-01T05,4783780,19,37,68545
2026-09-01T05,105600,20,16,62377
2026-09-01T05,3240220,21,26,86190
2026-09-01T05,322170,22,22,48604
2026-09-01T05,413150,23,24,88237
2026-09-01T05,1422450,24,25,74005
2026-09-01T05,3527290,25,18,51825
2026-09-01T05,108600,26,21,82039
2026-09-01T05,2807960,27,20,47649
2026-09-01T05,1973530,28,29,31754
2026-09-01T05,230410,29,28,63782
2026-09-01T05,2507950,30,30,108070
2026-09-01T05,252490,31,27,106877
2026-09-01T05,440,32,32,56532
2026-09-01T05,1174180,33,48,49990
2026-09-01T05,1091500,34,34,48439
2026-09-01T05,1086940,35,33,61227
2026-09-01T05,227300,36,31,42853
2026-09-01T05,550,37,35,34770
2026-09-01T05,438100,38,36,56444
2026-09-01T05,1245620,39,50,42907
2026-09-01T05,1203220,40,38,64884
2026-09-01T05,2075800,41,-1,60452
2026-09-01T05,322330,42,42,49976
2026-09-01T05,3241660,43,40,26143
2026-09-01T05,394360,44,41,48988
2026-09-01T05,284160,45,44,24888
2026-09-01T05,3678970,46,39,93216
2026-09-01T05,1449850,47,45,21723
2026-09-01T05,2483190,48,51,23662
2026-09-01T05,1938090,49,43,25683
2026-09-01T05,4000,50,47,30016
2026-09-01T05,252950,51,53,25886
2026-09-01T05,1281930,52,46,35141
2026-09-01T05,1665460,53,49,23105
2026-09-01T05,1142710,54,52,39288
2026-09-01T05,1222670,55,55,29554
2026-09-01T05,489830,56,56,31230
2026-09-01T05,1364780,57,63,34882
2026-09-01T05,261550,58,59,42022
2026-09-01T05,289070,59,65,40137
2026-09-01T05,3513350,60,58,15290
2026-09-01T05,1808500,61,64,30213
2026-09-01T05,1905180,62,60,29044
2026-09-01T05,2358720,63,54,39018
2026-09-01T05,2300320,64,67,48399
2026-09-01T05,291550,65,66,14111
2026-09-01T05,221100,66,73,52408
2026-09-01T05,251570,67,71,36295
2026-09-01T05,3419430,68,62,162054
2026-09-01T05,2073620,69,72,33652
2026-09-01T05,3321460,70,157,28437
2026-09-01T05,4704690,71,61,11839
2026-09-01T05,292030,72,95,24224
2026-09-01T05,945360,73,75,13158
2026-09-01T05,1366800,74,68,40802
2026-09-01T05,3551340,75,76,50339
2026-09-01T05,3472040,76,70,22282
2026-09-01T05,739630,77,87,13952
2026-09-01T05,2139460,78,131,28085
2026-09-01T05,1643320,79,74,33200
2026-09-01T05,1085660,80,77,23197
2026-09-01T05,2073850,81,80,16636
2026-09-01T05,714010,82,78,6248
2026-09-01T05,294100,83,79,32821
2026-09-01T05,594650,84,94,25108
2026-09-01T05,244210,85,82,12331
2026-09-01T05,813780,86,85,20866
2026-09-01T05,960090,87,84,10241
2026-09-01T05,2622380,88,91,31375
2026-09-01T05,2694490,89,103,21979
2026-09-01T05,1551360,90,144,16173
2026-09-01T05,4162040,91,88,10036
2026-09-01T05,3932890,92,86,38289
2026-09-01T05,1329410,93,92,15672
2026-09-01T05,2399830,94,108,32570
2026-09-01T05,1158310,95,81,24996
2026-09-01T05,892970,96,97,23353
2026-09-01T05,1144200,97,99,9597
2026-09-01T05,629520,98,93,17834
2026-09-01T05,2183900,99,100,13273
2026-09-01T05,2246340,100,98,21506
2026-09-01T11,730,1,1,1193764
2026-09-01T11,570,2,2,852622
2026-09-01T11,578080,3,3,709735
2026-09-01T11,431960,4,4,109713
2026-09-01T11,1172470,5,6,262269
2026-09-01T11,4001890,6,5,189520
2026-09-01T11,271590,7,9,85891
2026-09-01T11,1623730,8,7,157895
2026-09-01T11,250900,9,10,90301
2026-09-01T11,2868840,10,12,98240
2026-09-01T11,2676230,11,13,182933
2026-09-01T11,553850,12,8,65311
2026-09-01T11,2767030,13,11,97394
2026-09-01T11,359550,14,15,88101
2026-09-01T11,3405690,15,14,76101
2026-09-01T11,381210,16,23,68292
2026-09-01T11,236390,17,19,76381
2026-09-01T11,2357570,18,17,65924
2026-09-01T11,4783780,19,37,68545
2026-09-01T11,105600,20,16,62377
2026-09-01T11,3240220,21,26,86190
2026-09-01T11,322170,22,22,48604
2026-09-01T11,413150,23,24,88237
2026-09-01T11,1422450,24,25,74005
2026-09-01T11,3527290,25,18,51825
2026-09-01T11,108600,26,21,82039
2026-09-01T11,2807960,27,20,47649
2026-09-01T11,1973530,28,29,31754
2026-09-01T11,230410,29,28,63782
2026-09-01T11,2507950,30,30,108070
2026-09-01T11,252490,31,27,106877
2026-09-01T11,440,32,32,56532
2026-09-01T11,1174180,33,48,49990
2026-09-01T11,1091500,34,34,48439
2026-09-01T11,1086940,35,33,61227
2026-09-01T11,227300,36,31,42853
2026-09-01T11,550,37,35,34770
2026-09-01T11,438100,38,36,56444
2026-09-01T11,1245620,39,50,42907
2026-09-01T11,1203220,40,38,64884
2026-09-01T11,2075800,41,-1,60452
2026-09-01T11,322330,42,42,49976
2026-09-01T11,3241660,43,40,26143
2026-09-01T11,394360,44,41,48988
2026-09-01T11,284160,45,44,24888
2026-09-01T11,3678970,46,39,93216
2026-09-01T11,1449850,47,45,21723
2026-09-01T11,2483190,48,51,23662
2026-09-01T11,1938090,49,43,25683
2026-09-01T11,4000,50,47,30016
2026-09-01T11,252950,51,53,25886
2026-09-01T11,1281930,52,46,35141
2026-09-01T11,1665460,53,49,23105
2026-09-01T11,1142710,54,52,39288
2026-09-01T11,1222670,55,55,29554
2026-09-01T11,489830,56,56,31230
2026-09-01T11,1364780,57,63,34882
2026-09-01T11,261550,58,59,42022
2026-09-01T11,289070,59,65,40137
2026-09-01T11,3513350,60,58,15290
2026-09-01T11,1808500,61,64,30213
2026-09-01T11,1905180,62,60,29044
2026-09-01T11,2358720,63,54,39018
2026-09-01T11,2300320,64,67,48399
2026-09-01T11,291550,65,66,14111
2026-09-01T11,221100,66,73,52408
2026-09-01T11,251570,67,71,36295
2026-09-01T11,3419430,68,62,162054
2026-09-01T11,2073620,69,72,33652
2026-09-01T11,3321460,70,157,28437
2026-09-01T11,4704690,71,61,11839
2026-09-01T11,292030,72,95,24224
2026-09-01T11,945360,73,75,13158
2026-09-01T11,1366800,74,68,40802
2026-09-01T11,3551340,75,76,50339
2026-09-01T11,3472040,76,70,22282
2026-09-01T11,739630,77,87,13952
2026-09-01T11,2139460,78,131,28085
2026-09-01T11,1643320,79,74,33200
2026-09-01T11,1085660,80,77,23197
2026-09-01T11,2073850,81,80,16636
2026-09-01T11,714010,82,78,6248
2026-09-01T11,294100,83,79,32821
2026-09-01T11,594650,84,94,25108
2026-09-01T11,244210,85,82,12331
2026-09-01T11,813780,86,85,20866
2026-09-01T11,960090,87,84,10241
2026-09-01T11,2622380,88,91,31375
2026-09-01T11,2694490,89,103,21979
2026-09-01T11,1551360,90,144,16173
2026-09-01T11,4162040,91,88,10036
2026-09-01T11,3932890,92,86,38289
2026-09-01T11,1329410,93,92,15672
2026-09-01T11,2399830,94,108,32570
2026-09-01T11,1158310,95,81,24996
2026-09-01T11,892970,96,97,23353
2026-09-01T11,1144200,97,99,9597
2026-09-01T11,629520,98,93,17834
2026-09-01T11,2183900,99,100,13273
2026-09-01T11,2246340,100,98,21506
2026-09-01T16,730,1,1,1193764
2026-09-01T16,570,2,2,852622
2026-09-01T16,578080,3,3,709735
2026-09-01T16,431960,4,4,109713
2026-09-01T16,1172470,5,6,262269
2026-09-01T16,4001890,6,5,189520
2026-09-01T16,271590,7,9,85891
2026-09-01T16,1623730,8,7,157895
2026-09-01T16,250900,9,10,90301
2026-09-01T16,2868840,10,12,98240
2026-09-01T16,2676230,11,13,182933
2026-09-01T16,553850,12,8,65311
2026-09-01T16,2767030,13,11,97394
2026-09-01T16,359550,14,15,88101
2026-09-01T16,3405690,15,14,76101
2026-09-01T16,381210,16,23,68292
2026-09-01T16,236390,17,19,76381
2026-09-01T16,2357570,18,17,65924
2026-09-01T16,4783780,19,37,68545
2026-09-01T16,105600,20,16,62377
2026-09-01T16,3240220,21,26,86190
2026-09-01T16,322170,22,22,48604
2026-09-01T16,413150,23,24,88237
2026-09-01T16,1422450,24,25,74005
2026-09-01T16,3527290,25,18,51825
2026-09-01T16,108600,26,21,82039
2026-09-01T16,2807960,27,20,47649
2026-09-01T16,1973530,28,29,31754
2026-09-01T16,230410,29,28,63782
2026-09-01T16,2507950,30,30,108070
2026-09-01T16,252490,31,27,106877
2026-09-01T16,440,32,32,56532
2026-09-01T16,1174180,33,48,49990
2026-09-01T16,1091500,34,34,48439
2026-09-01T16,1086940,35,33,61227
2026-09-01T16,227300,36,31,42853
2026-09-01T16,550,37,35,34770
2026-09-01T16,438100,38,36,56444
2026-09-01T16,1245620,39,50,42907
2026-09-01T16,1203220,40,38,64884
2026-09-01T16,2075800,41,-1,60452
2026-09-01T16,322330,42,42,49976
2026-09-01T16,3241660,43,40,26143
2026-09-01T16,394360,44,41,48988
2026-09-01T16,284160,45,44,24888
2026-09-01T16,3678970,46,39,93216
2026-09-01T16,1449850,47,45,21723
2026-09-01T16,2483190,48,51,23662
2026-09-01T16,1938090,49,43,25683
2026-09-01T16,4000,50,47,30016
2026-09-01T16,252950,51,53,25886
2026-09-01T16,1281930,52,46,35141
2026-09-01T16,1665460,53,49,23105
2026-09-01T16,1142710,54,52,39288
2026-09-01T16,1222670,55,55,29554
2026-09-01T16,489830,56,56,31230
2026-09-01T16,1364780,57,63,34882
2026-09-01T16,261550,58,59,42022
2026-09-01T16,289070,59,65,40137
2026-09-01T16,3513350,60,58,15290
2026-09-01T16,1808500,61,64,30213
2026-09-01T16,1905180,62,60,29044
2026-09-01T16,2358720,63,54,39018
2026-09-01T16,2300320,64,67,48399
2026-09-01T16,291550,65,66,14111
2026-09-01T16,221100,66,73,52408
2026-09-01T16,251570,67,71,36295
2026-09-01T16,3419430,68,62,162054
2026-09-01T16,2073620,69,72,33652
2026-09-01T16,3321460,70,157,28437
2026-09-01T16,4704690,71,61,11839
2026-09-01T16,292030,72,95,24224
2026-09-01T16,945360,73,75,13158
2026-09-01T16,1366800,74,68,40802
2026-09-01T16,3551340,75,76,50339
2026-09-01T16,3472040,76,70,22282
2026-09-01T16,739630,77,87,13952
2026-09-01T16,2139460,78,131,28085
2026-09-01T16,1643320,79,74,33200
2026-09-01T16,1085660,80,77,23197
2026-09-01T16,2073850,81,80,16636
2026-09-01T16,714010,82,78,6248
2026-09-01T16,294100,83,79,32821
2026-09-01T16,594650,84,94,25108
2026-09-01T16,244210,85,82,12331
2026-09-01T16,813780,86,85,20866
2026-09-01T16,960090,87,84,10241
2026-09-01T16,2622380,88,91,31375
2026-09-01T16,2694490,89,103,21979
2026-09-01T16,1551360,90,144,16173
2026-09-01T16,4162040,91,88,10036
2026-09-01T16,3932890,92,86,38289
2026-09-01T16,1329410,93,92,15672
2026-09-01T16,2399830,94,108,32570
2026-09-01T16,1158310,95,81,24996
2026-09-01T16,892970,96,97,23353
2026-09-01T16,1144200,97,99,9597
2026-09-01T16,629520,98,93,17834
2026-09-01T16,2183900,99,100,13273
2026-09-01T16,2246340,100,98,21506
2026-09-01T21,730,1,1,1193764
2026-09-01T21,570,2,2,852622
2026-09-01T21,578080,3,3,709735
2026-09-01T21,431960,4,4,109713
2026-09-01T21,1172470,5,6,262269
2026-09-01T21,4001890,6,5,189520
2026-09-01T21,271590,7,9,85891
2026-09-01T21,1623730,8,7,157895
2026-09-01T21,250900,9,10,90301
2026-09-01T21,2868840,10,12,98240
2026-09-01T21,2676230,11,13,182933
2026-09-01T21,553850,12,8,65311
2026-09-01T21,2767030,13,11,97394
2026-09-01T21,359550,14,15,88101
2026-09-01T21,3405690,15,14,76101
2026-09-01T21,381210,16,23,68292
2026-09-01T21,236390,17,19,76381
2026-09-01T21,2357570,18,17,65924
2026-09-01T21,4783780,19,37,68545
2026-09-01T21,105600,20,16,62377
2026-09-01T21,3240220,21,26,86190
2026-09-01T21,322170,22,22,48604
2026-09-01T21,413150,23,24,88237
2026-09-01T21,1422450,24,25,74005
2026-09-01T21,3527290,25,18,51825
2026-09-01T21,108600,26,21,82039
2026-09-01T21,2807960,27,20,47649
2026-09-01T21,1973530,28,29,31754
2026-09-01T21,230410,29,28,63782
2026-09-01T21,2507950,30,30,108070
2026-09-01T21,252490,31,27,106877
2026-09-01T21,440,32,32,56532
2026-09-01T21,1174180,33,48,49990
2026-09-01T21,1091500,34,34,48439
2026-09-01T21,1086940,35,33,61227
2026-09-01T21,227300,36,31,42853
2026-09-01T21,550,37,35,34770
2026-09-01T21,438100,38,36,56444
2026-09-01T21,1245620,39,50,42907
2026-09-01T21,1203220,40,38,64884
2026-09-01T21,2075800,41,-1,60452
2026-09-01T21,322330,42,42,49976
2026-09-01T21,3241660,43,40,26143
2026-09-01T21,394360,44,41,48988
2026-09-01T21,284160,45,44,24888
2026-09-01T21,3678970,46,39,93216
2026-09-01T21,1449850,47,45,21723
2026-09-01T21,2483190,48,51,23662
2026-09-01T21,1938090,49,43,25683
2026-09-01T21,4000,50,47,30016
2026-09-01T21,252950,51,53,25886
2026-09-01T21,1281930,52,46,35141
2026-09-01T21,1665460,53,49,23105
2026-09-01T21,1142710,54,52,39288
2026-09-01T21,1222670,55,55,29554
2026-09-01T21,489830,56,56,31230
2026-09-01T21,1364780,57,63,34882
2026-09-01T21,261550,58,59,42022
2026-09-01T21,289070,59,65,40137
2026-09-01T21,3513350,60,58,15290
2026-09-01T21,1808500,61,64,30213
2026-09-01T21,1905180,62,60,29044
2026-09-01T21,2358720,63,54,39018
2026-09-01T21,2300320,64,67,48399
2026-09-01T21,291550,65,66,14111
2026-09-01T21,221100,66,73,52408
2026-09-01T21,251570,67,71,36295
2026-09-01T21,3419430,68,62,162054
2026-09-01T21,2073620,69,72,33652
2026-09-01T21,3321460,70,157,28437
2026-09-01T21,4704690,71,61,11839
2026-09-01T21,292030,72,95,24224
2026-09-01T21,945360,73,75,13158
2026-09-01T21,1366800,74,68,40802
2026-09-01T21,3551340,75,76,50339
2026-09-01T21,3472040,76,70,22282
2026-09-01T21,739630,77,87,13952
2026-09-01T21,2139460,78,131,28085
2026-09-01T21,1643320,79,74,33200
2026-09-01T21,1085660,80,77,23197
2026-09-01T21,2073850,81,80,16636
2026-09-01T21,714010,82,78,6248
2026-09-01T21,294100,83,79,32821
2026-09-01T21,594650,84,94,25108
2026-09-01T21,244210,85,82,12331
2026-09-01T21,813780,86,85,20866
2026-09-01T21,960090,87,84,10241
2026-09-01T21,2622380,88,91,31375
2026-09-01T21,2694490,89,103,21979
2026-09-01T21,1551360,90,144,16173
2026-09-01T21,4162040,91,88,10036
2026-09-01T21,3932890,92,86,38289
2026-09-01T21,1329410,93,92,15672
2026-09-01T21,2399830,94,108,32570
2026-09-01T21,1158310,95,81,24996
2026-09-01T21,892970,96,97,23353
2026-09-01T21,1144200,97,99,9597
2026-09-01T21,629520,98,93,17834
2026-09-01T21,2183900,99,100,13273
2026-09-01T21,2246340,100,98,21506
2026-09-02T00,730,1,1,1193764
2026-09-02T00,570,2,2,852622
2026-09-02T00,578080,3,3,709735
2026-09-02T00,431960,4,4,109713
2026-09-02T00,1172470,5,6,262269
2026-09-02T00,4001890,6,5,189520
2026-09-02T00,271590,7,9,85891
2026-09-02T00,1623730,8,7,157895
2026-09-02T00,250900,9,10,90301
2026-09-02T00,2868840,10,12,98240
2026-09-02T00,2676230,11,13,182933
2026-09-02T00,553850,12,8,65311
2026-09-02T00,2767030,13,11,97394
2026-09-02T00,359550,14,15,88101
2026-09-02T00,3405690,15,14,76101
2026-09-02T00,381210,16,23,68292
2026-09-02T00,236390,17,19,76381
2026-09-02T00,2357570,18,17,65924
2026-09-02T00,4783780,19,37,68545
2026-09-02T00,105600,20,16,62377
2026-09-02T00,3240220,21,26,86190
2026-09-02T00,322170,22,22,48604
2026-09-02T00,413150,23,24,88237
2026-09-02T00,1422450,24,25,74005
2026-09-02T00,3527290,25,18,51825
2026-09-02T00,108600,26,21,82039
2026-09-02T00,2807960,27,20,47649
2026-09-02T00,1973530,28,29,31754
2026-09-02T00,230410,29,28,63782
2026-09-02T00,2507950,30,30,108070
2026-09-02T00,252490,31,27,106877
2026-09-02T00,440,32,32,56532
2026-09-02T00,1174180,33,48,49990
2026-09-02T00,1091500,34,34,48439
2026-09-02T00,1086940,35,33,61227
2026-09-02T00,227300,36,31,42853
2026-09-02T00,550,37,35,34770
2026-09-02T00,438100,38,36,56444
2026-09-02T00,1245620,39,50,42907
2026-09-02T00,1203220,40,38,64884
2026-09-02T00,2075800,41,-1,60452
2026-09-02T00,322330,42,42,49976
2026-09-02T00,3241660,43,40,26143
2026-09-02T00,394360,44,41,48988
2026-09-02T00,284160,45,44,24888
2026-09-02T00,3678970,46,39,93216
2026-09-02T00,1449850,47,45,21723
2026-09-02T00,2483190,48,51,23662
2026-09-02T00,1938090,49,43,25683
2026-09-02T00,4000,50,47,30016
2026-09-02T00,252950,51,53,25886
2026-09-02T00,1281930,52,46,35141
2026-09-02T00,1665460,53,49,23105
2026-09-02T00,1142710,54,52,39288
2026-09-02T00,1222670,55,55,29554
2026-09-02T00,489830,56,56,31230
2026-09-02T00,1364780,57,63,34882
2026-09-02T00,261550,58,59,42022
2026-09-02T00,289070,59,65,40137
2026-09-02T00,3513350,60,58,15290
2026-09-02T00,1808500,61,64,30213
2026-09-02T00,1905180,62,60,29044
2026-09-02T00,2358720,63,54,39018
2026-09-02T00,2300320,64,67,48399
2026-09-02T00,291550,65,66,14111
2026-09-02T00,221100,66,73,52408
2026-09-02T00,251570,67,71,36295
2026-09-02T00,3419430,68,62,162054
2026-09-02T00,2073620,69,72,33652
2026-09-02T00,3321460,70,157,28437
2026-09-02T00,4704690,71,61,11839
2026-09-02T00,292030,72,95,24224
2026-09-02T00,945360,73,75,13158
2026-09-02T00,1366800,74,68,40802
2026-09-02T00,3551340,75,76,50339
2026-09-02T00,3472040,76,70,22282
2026-09-02T00,739630,77,87,13952
2026-09-02T00,2139460,78,131,28085
2026-09-02T00,1643320,79,74,33200
2026-09-02T00,1085660,80,77,23197
2026-09-02T00,2073850,81,80,16636
2026-09-02T00,714010,82,78,6248
2026-09-02T00,294100,83,79,32821
2026-09-02T00,594650,84,94,25108
2026-09-02T00,244210,85,82,12331
2026-09-02T00,813780,86,85,20866
2026-09-02T00,960090,87,84,10241
2026-09-02T00,2622380,88,91,31375
2026-09-02T00,2694490,89,103,21979
2026-09-02T00,1551360,90,144,16173
2026-09-02T00,4162040,91,88,10036
2026-09-02T00,3932890,92,86,38289
2026-09-02T00,1329410,93,92,15672
2026-09-02T00,2399830,94,108,32570
2026-09-02T00,1158310,95,81,24996
2026-09-02T00,892970,96,97,23353
2026-09-02T00,1144200,97,99,9597
2026-09-02T00,629520,98,93,17834
2026-09-02T00,2183900,99,100,13273
2026-09-02T00,2246340,100,98,21506
2026-09-02T04,730,1,1,1225505
2026-09-02T04,570,2,2,844584
2026-09-02T04,578080,3,3,703864
2026-09-02T04,431960,4,4,108099
2026-09-02T04,1172470,5,6,260821
2026-09-02T04,4001890,6,5,159864
2026-09-02T04,271590,7,8,73985
2026-09-02T04,2868840,8,12,97874
2026-09-02T04,2676230,9,13,182200
2026-09-02T04,250900,10,9,88538
2026-09-02T04,1623730,11,7,149204
2026-09-02T04,553850,12,10,64042
2026-09-02T04,2767030,13,11,90746
2026-09-02T04,359550,14,15,88927
2026-09-02T04,3405690,15,14,71893
2026-09-02T04,2357570,16,17,65334
2026-09-02T04,381210,17,18,65747
2026-09-02T04,236390,18,19,73712
2026-09-02T04,105600,19,16,63917
2026-09-02T04,3240220,20,26,82835
2026-09-02T04,322170,21,22,46905
2026-09-02T04,108600,22,23,81704
2026-09-02T04,1422450,23,25,73869
2026-09-02T04,2807960,24,20,47750
2026-09-02T04,413150,25,24,84401
2026-09-02T04,4783780,26,43,50590
2026-09-02T04,3527290,27,21,46181
2026-09-02T04,1973530,28,29,30808
2026-09-02T04,230410,29,28,59630
2026-09-02T04,2507950,30,30,108656
2026-09-02T04,252490,31,27,92453
2026-09-02T04,440,32,32,57972
2026-09-02T04,1174180,33,46,49909
2026-09-02T04,1091500,34,34,45623
2026-09-02T04,1086940,35,33,58933
2026-09-02T04,227300,36,31,41296
2026-09-02T04,438100,37,35,55429
2026-09-02T04,550,38,36,30191
2026-09-02T04,1203220,39,37,65109
2026-09-02T04,1245620,40,51,41586
2026-09-02T04,322330,41,40,51449
2026-09-02T04,394360,42,39,47101
2026-09-02T04,2075800,43,-1,48107
2026-09-02T04,3678970,44,38,89580
2026-09-02T04,3241660,45,41,24550
2026-09-02T04,1449850,46,45,18638
2026-09-02T04,284160,47,44,24181
2026-09-02T04,1938090,48,42,25188
2026-09-02T04,2483190,49,50,21608
2026-09-02T04,252950,50,52,26474
2026-09-02T04,1665460,51,49,22503
2026-09-02T04,1281930,52,47,34207
2026-09-02T04,4000,53,48,28052
2026-09-02T04,1142710,54,53,37833
2026-09-02T04,489830,55,55,29963
2026-09-02T04,1222670,56,56,27708
2026-09-02T04,1364780,57,58,35206
2026-09-02T04,3513350,58,60,13294
2026-09-02T04,261550,59,59,40365
2026-09-02T04,1808500,60,62,29806
2026-09-02T04,289070,61,63,38815
2026-09-02T04,1905180,62,57,28005
2026-09-02T04,291550,63,65,13599
2026-09-02T04,251570,64,70,36333
2026-09-02T04,221100,65,71,51570
2026-09-02T04,2358720,66,54,37684
2026-09-02T04,3419430,67,61,161317
2026-09-02T04,2300320,68,66,45043
2026-09-02T04,2073620,69,69,32591
2026-09-02T04,3321460,70,120,27040
2026-09-02T04,1366800,71,67,39393
2026-09-02T04,292030,72,89,22563
2026-09-02T04,3551340,73,74,48808
2026-09-02T04,945360,74,75,12491
2026-09-02T04,2139460,75,113,28392
2026-09-02T04,1085660,76,73,21705
2026-09-02T04,4704690,77,64,10563
2026-09-02T04,3472040,78,68,22165
2026-09-02T04,594650,79,92,25492
2026-09-02T04,714010,80,77,6240
2026-09-02T04,2073850,81,78,15957
2026-09-02T04,1643320,82,76,31208
2026-09-02T04,244210,83,81,12295
2026-09-02T04,739630,84,79,14264
2026-09-02T04,294100,85,80,31737
2026-09-02T04,813780,86,84,20595
2026-09-02T04,2694490,87,104,21355
2026-09-02T04,4162040,88,87,9881
2026-09-02T04,960090,89,83,11421
2026-09-02T04,2622380,90,88,31063
2026-09-02T04,3932890,91,85,37978
2026-09-02T04,1329410,92,90,15816
2026-09-02T04,2399830,93,101,30853
2026-09-02T04,1551360,94,142,15887
2026-09-02T04,1158310,95,82,23760
2026-09-02T04,892970,96,98,22895
2026-09-02T04,2246340,97,96,21560
2026-09-02T04,2584990,98,132,16845
2026-09-02T04,2379780,99,95,8789
2026-09-02T04,2183900,100,100,12822
2026-09-02T11,730,1,1,1225505
2026-09-02T11,570,2,2,844584
2026-09-02T11,578080,3,3,703864
2026-09-02T11,431960,4,4,108099
2026-09-02T11,1172470,5,6,260821
2026-09-02T11,4001890,6,5,159864
2026-09-02T11,271590,7,8,73985
2026-09-02T11,2868840,8,12,97874
2026-09-02T11,2676230,9,13,182200
2026-09-02T11,250900,10,9,88538
2026-09-02T11,1623730,11,7,149204
2026-09-02T11,553850,12,10,64042
2026-09-02T11,2767030,13,11,90746
2026-09-02T11,359550,14,15,88927
2026-09-02T11,3405690,15,14,71893
2026-09-02T11,2357570,16,17,65334
2026-09-02T11,381210,17,18,65747
2026-09-02T11,236390,18,19,73712
2026-09-02T11,105600,19,16,63917
2026-09-02T11,3240220,20,26,82835
2026-09-02T11,322170,21,22,46905
2026-09-02T11,108600,22,23,81704
2026-09-02T11,1422450,23,25,73869
2026-09-02T11,2807960,24,20,47750
2026-09-02T11,413150,25,24,84401
2026-09-02T11,4783780,26,43,50590
2026-09-02T11,3527290,27,21,46181
2026-09-02T11,1973530,28,29,30808
2026-09-02T11,230410,29,28,59630
2026-09-02T11,2507950,30,30,108656
2026-09-02T11,252490,31,27,92453
2026-09-02T11,440,32,32,57972
2026-09-02T11,1174180,33,46,49909
2026-09-02T11,1091500,34,34,45623
2026-09-02T11,1086940,35,33,58933
2026-09-02T11,227300,36,31,41296
2026-09-02T11,438100,37,35,55429
2026-09-02T11,550,38,36,30191
2026-09-02T11,1203220,39,37,65109
2026-09-02T11,1245620,40,51,41586
2026-09-02T11,322330,41,40,51449
2026-09-02T11,394360,42,39,47101
2026-09-02T11,2075800,43,-1,48107
2026-09-02T11,3678970,44,38,89580
2026-09-02T11,3241660,45,41,24550
2026-09-02T11,1449850,46,45,18638
2026-09-02T11,284160,47,44,24181
2026-09-02T11,1938090,48,42,25188
2026-09-02T11,2483190,49,50,21608
2026-09-02T11,252950,50,52,26474
2026-09-02T11,1665460,51,49,22503
2026-09-02T11,1281930,52,47,34207
2026-09-02T11,4000,53,48,28052
2026-09-02T11,1142710,54,53,37833
2026-09-02T11,489830,55,55,29963
2026-09-02T11,1222670,56,56,27708
2026-09-02T11,1364780,57,58,35206
2026-09-02T11,3513350,58,60,13294
2026-09-02T11,261550,59,59,40365
2026-09-02T11,1808500,60,62,29806
2026-09-02T11,289070,61,63,38815
2026-09-02T11,1905180,62,57,28005
2026-09-02T11,291550,63,65,13599
2026-09-02T11,251570,64,70,36333
2026-09-02T11,221100,65,71,51570
2026-09-02T11,2358720,66,54,37684
2026-09-02T11,3419430,67,61,161317
2026-09-02T11,2300320,68,66,45043
2026-09-02T11,2073620,69,69,32591
2026-09-02T11,3321460,70,120,27040
2026-09-02T11,1366800,71,67,39393
2026-09-02T11,292030,72,89,22563
2026-09-02T11,3551340,73,74,48808
2026-09-02T11,945360,74,75,12491
2026-09-02T11,2139460,75,113,28392
2026-09-02T11,1085660,76,73,21705
2026-09-02T11,4704690,77,64,10563
2026-09-02T11,3472040,78,68,22165
2026-09-02T11,594650,79,92,25492
2026-09-02T11,714010,80,77,6240
2026-09-02T11,2073850,81,78,15957
2026-09-02T11,1643320,82,76,31208
2026-09-02T11,244210,83,81,12295
2026-09-02T11,739630,84,79,14264
2026-09-02T11,294100,85,80,31737
2026-09-02T11,813780,86,84,20595
2026-09-02T11,2694490,87,104,21355
2026-09-02T11,4162040,88,87,9881
2026-09-02T11,960090,89,83,11421
2026-09-02T11,2622380,90,88,31063
2026-09-02T11,3932890,91,85,37978
2026-09-02T11,1329410,92,90,15816
2026-09-02T11,2399830,93,101,30853
2026-09-02T11,1551360,94,142,15887
2026-09-02T11,1158310,95,82,23760
2026-09-02T11,892970,96,98,22895
2026-09-02T11,2246340,97,96,21560
2026-09-02T11,2584990,98,132,16845
2026-09-02T11,2379780,99,95,8789
2026-09-02T11,2183900,100,100,12822
2026-09-02T16,730,1,1,1225505
2026-09-02T16,570,2,2,844584
2026-09-02T16,578080,3,3,703864
2026-09-02T16,431960,4,4,108099
2026-09-02T16,1172470,5,6,260821
2026-09-02T16,4001890,6,5,159864
2026-09-02T16,271590,7,8,73985
2026-09-02T16,2868840,8,12,97874
2026-09-02T16,2676230,9,13,182200
2026-09-02T16,250900,10,9,88538
2026-09-02T16,1623730,11,7,149204
2026-09-02T16,553850,12,10,64042
2026-09-02T16,2767030,13,11,90746
2026-09-02T16,359550,14,15,88927
2026-09-02T16,3405690,15,14,71893
2026-09-02T16,2357570,16,17,65334
2026-09-02T16,381210,17,18,65747
2026-09-02T16,236390,18,19,73712
2026-09-02T16,105600,19,16,63917
2026-09-02T16,3240220,20,26,82835
2026-09-02T16,322170,21,22,46905
2026-09-02T16,108600,22,23,81704
2026-09-02T16,1422450,23,25,73869
2026-09-02T16,2807960,24,20,47750
2026-09-02T16,413150,25,24,84401
2026-09-02T16,4783780,26,43,50590
2026-09-02T16,3527290,27,21,46181
2026-09-02T16,1973530,28,29,30808
2026-09-02T16,230410,29,28,59630
2026-09-02T16,2507950,30,30,108656
2026-09-02T16,252490,31,27,92453
2026-09-02T16,440,32,32,57972
2026-09-02T16,1174180,33,46,49909
2026-09-02T16,1091500,34,34,45623
2026-09-02T16,1086940,35,33,58933
2026-09-02T16,227300,36,31,41296
2026-09-02T16,438100,37,35,55429
2026-09-02T16,550,38,36,30191
2026-09-02T16,1203220,39,37,65109
2026-09-02T16,1245620,40,51,41586
2026-09-02T16,322330,41,40,51449
2026-09-02T16,394360,42,39,47101
2026-09-02T16,2075800,43,-1,48107
2026-09-02T16,3678970,44,38,89580
2026-09-02T16,3241660,45,41,24550
2026-09-02T16,1449850,46,45,18638
2026-09-02T16,284160,47,44,24181
2026-09-02T16,1938090,48,42,25188
2026-09-02T16,2483190,49,50,21608
2026-09-02T16,252950,50,52,26474
2026-09-02T16,1665460,51,49,22503
2026-09-02T16,1281930,52,47,34207
2026-09-02T16,4000,53,48,28052
2026-09-02T16,1142710,54,53,37833
2026-09-02T16,489830,55,55,29963
2026-09-02T16,1222670,56,56,27708
2026-09-02T16,1364780,57,58,35206
2026-09-02T16,3513350,58,60,13294
2026-09-02T16,261550,59,59,40365
2026-09-02T16,1808500,60,62,29806
2026-09-02T16,289070,61,63,38815
2026-09-02T16,1905180,62,57,28005
2026-09-02T16,291550,63,65,13599
2026-09-02T16,251570,64,70,36333
2026-09-02T16,221100,65,71,51570
2026-09-02T16,2358720,66,54,37684
2026-09-02T16,3419430,67,61,161317
2026-09-02T16,2300320,68,66,45043
2026-09-02T16,2073620,69,69,32591
2026-09-02T16,3321460,70,120,27040
2026-09-02T16,1366800,71,67,39393
2026-09-02T16,292030,72,89,22563
2026-09-02T16,3551340,73,74,48808
2026-09-02T16,945360,74,75,12491
2026-09-02T16,2139460,75,113,28392
2026-09-02T16,1085660,76,73,21705
2026-09-02T16,4704690,77,64,10563
2026-09-02T16,3472040,78,68,22165
2026-09-02T16,594650,79,92,25492
2026-09-02T16,714010,80,77,6240
2026-09-02T16,2073850,81,78,15957
2026-09-02T16,1643320,82,76,31208
2026-09-02T16,244210,83,81,12295
2026-09-02T16,739630,84,79,14264
2026-09-02T16,294100,85,80,31737
2026-09-02T16,813780,86,84,20595
2026-09-02T16,2694490,87,104,21355
2026-09-02T16,4162040,88,87,9881
2026-09-02T16,960090,89,83,11421
2026-09-02T16,2622380,90,88,31063
2026-09-02T16,3932890,91,85,37978
2026-09-02T16,1329410,92,90,15816
2026-09-02T16,2399830,93,101,30853
2026-09-02T16,1551360,94,142,15887
2026-09-02T16,1158310,95,82,23760
2026-09-02T16,892970,96,98,22895
2026-09-02T16,2246340,97,96,21560
2026-09-02T16,2584990,98,132,16845
2026-09-02T16,2379780,99,95,8789
2026-09-02T16,2183900,100,100,12822
2026-09-02T21,730,1,1,1225505
2026-09-02T21,570,2,2,844584
2026-09-02T21,578080,3,3,703864
2026-09-02T21,431960,4,4,108099
2026-09-02T21,1172470,5,6,260821
2026-09-02T21,4001890,6,5,159864
2026-09-02T21,271590,7,8,73985
2026-09-02T21,2868840,8,12,97874
2026-09-02T21,2676230,9,13,182200
2026-09-02T21,250900,10,9,88538
2026-09-02T21,1623730,11,7,149204
2026-09-02T21,553850,12,10,64042
2026-09-02T21,2767030,13,11,90746
2026-09-02T21,359550,14,15,88927
2026-09-02T21,3405690,15,14,71893
2026-09-02T21,2357570,16,17,65334
2026-09-02T21,381210,17,18,65747
2026-09-02T21,236390,18,19,73712
2026-09-02T21,105600,19,16,63917
2026-09-02T21,3240220,20,26,82835
2026-09-02T21,322170,21,22,46905
2026-09-02T21,108600,22,23,81704
2026-09-02T21,1422450,23,25,73869
2026-09-02T21,2807960,24,20,47750
2026-09-02T21,413150,25,24,84401
2026-09-02T21,4783780,26,43,50590
2026-09-02T21,3527290,27,21,46181
2026-09-02T21,1973530,28,29,30808
2026-09-02T21,230410,29,28,59630
2026-09-02T21,2507950,30,30,108656
2026-09-02T21,252490,31,27,92453
2026-09-02T21,440,32,32,57972
2026-09-02T21,1174180,33,46,49909
2026-09-02T21,1091500,34,34,45623
2026-09-02T21,1086940,35,33,58933
2026-09-02T21,227300,36,31,41296
2026-09-02T21,438100,37,35,55429
2026-09-02T21,550,38,36,30191
2026-09-02T21,1203220,39,37,65109
2026-09-02T21,1245620,40,51,41586
2026-09-02T21,322330,41,40,51449
2026-09-02T21,394360,42,39,47101
2026-09-02T21,2075800,43,-1,48107
2026-09-02T21,3678970,44,38,89580
2026-09-02T21,3241660,45,41,24550
2026-09-02T21,1449850,46,45,18638
2026-09-02T21,284160,47,44,24181
2026-09-02T21,1938090,48,42,25188
2026-09-02T21,2483190,49,50,21608
2026-09-02T21,252950,50,52,26474
2026-09-02T21,1665460,51,49,22503
2026-09-02T21,1281930,52,47,34207
2026-09-02T21,4000,53,48,28052
2026-09-02T21,1142710,54,53,37833
2026-09-02T21,489830,55,55,29963
2026-09-02T21,1222670,56,56,27708
2026-09-02T21,1364780,57,58,35206
2026-09-02T21,3513350,58,60,13294
2026-09-02T21,261550,59,59,40365
2026-09-02T21,1808500,60,62,29806
2026-09-02T21,289070,61,63,38815
2026-09-02T21,1905180,62,57,28005
2026-09-02T21,291550,63,65,13599
2026-09-02T21,251570,64,70,36333
2026-09-02T21,221100,65,71,51570
2026-09-02T21,2358720,66,54,37684
2026-09-02T21,3419430,67,61,161317
2026-09-02T21,2300320,68,66,45043
2026-09-02T21,2073620,69,69,32591
2026-09-02T21,3321460,70,120,27040
2026-09-02T21,1366800,71,67,39393
2026-09-02T21,292030,72,89,22563
2026-09-02T21,3551340,73,74,48808
2026-09-02T21,945360,74,75,12491
2026-09-02T21,2139460,75,113,28392
2026-09-02T21,1085660,76,73,21705
2026-09-02T21,4704690,77,64,10563
2026-09-02T21,3472040,78,68,22165
2026-09-02T21,594650,79,92,25492
2026-09-02T21,714010,80,77,6240
2026-09-02T21,2073850,81,78,15957
2026-09-02T21,1643320,82,76,31208
2026-09-02T21,244210,83,81,12295
2026-09-02T21,739630,84,79,14264
2026-09-02T21,294100,85,80,31737
2026-09-02T21,813780,86,84,20595
2026-09-02T21,2694490,87,104,21355
2026-09-02T21,4162040,88,87,9881
2026-09-02T21,960090,89,83,11421
2026-09-02T21,2622380,90,88,31063
2026-09-02T21,3932890,91,85,37978
2026-09-02T21,1329410,92,90,15816
2026-09-02T21,2399830,93,101,30853
2026-09-02T21,1551360,94,142,15887
2026-09-02T21,1158310,95,82,23760
2026-09-02T21,892970,96,98,22895
2026-09-02T21,2246340,97,96,21560
2026-09-02T21,2584990,98,132,16845
2026-09-02T21,2379780,99,95,8789
2026-09-02T21,2183900,100,100,12822
2026-09-03T00,730,1,1,1225505
2026-09-03T00,570,2,2,844584
2026-09-03T00,578080,3,3,703864
2026-09-03T00,431960,4,4,108099
2026-09-03T00,1172470,5,6,260821
2026-09-03T00,4001890,6,5,159864
2026-09-03T00,271590,7,8,73985
2026-09-03T00,2868840,8,12,97874
2026-09-03T00,2676230,9,13,182200
2026-09-03T00,250900,10,9,88538
2026-09-03T00,1623730,11,7,149204
2026-09-03T00,553850,12,10,64042
2026-09-03T00,2767030,13,11,90746
2026-09-03T00,359550,14,15,88927
2026-09-03T00,3405690,15,14,71893
2026-09-03T00,2357570,16,17,65334
2026-09-03T00,381210,17,18,65747
2026-09-03T00,236390,18,19,73712
2026-09-03T00,105600,19,16,63917
2026-09-03T00,3240220,20,26,82835
2026-09-03T00,322170,21,22,46905
2026-09-03T00,108600,22,23,81704
2026-09-03T00,1422450,23,25,73869
2026-09-03T00,2807960,24,20,47750
2026-09-03T00,413150,25,24,84401
2026-09-03T00,4783780,26,43,50590
2026-09-03T00,3527290,27,21,46181
2026-09-03T00,1973530,28,29,30808
2026-09-03T00,230410,29,28,59630
2026-09-03T00,2507950,30,30,108656
2026-09-03T00,252490,31,27,92453
2026-09-03T00,440,32,32,57972
2026-09-03T00,1174180,33,46,49909
2026-09-03T00,1091500,34,34,45623
2026-09-03T00,1086940,35,33,58933
2026-09-03T00,227300,36,31,41296
2026-09-03T00,438100,37,35,55429
2026-09-03T00,550,38,36,30191
2026-09-03T00,1203220,39,37,65109
2026-09-03T00,1245620,40,51,41586
2026-09-03T00,322330,41,40,51449
2026-09-03T00,394360,42,39,47101
2026-09-03T00,2075800,43,-1,48107
2026-09-03T00,3678970,44,38,89580
2026-09-03T00,3241660,45,41,24550
2026-09-03T00,1449850,46,45,18638
2026-09-03T00,284160,47,44,24181
2026-09-03T00,1938090,48,42,25188
2026-09-03T00,2483190,49,50,21608
2026-09-03T00,252950,50,52,26474
2026-09-03T00,1665460,51,49,22503
2026-09-03T00,1281930,52,47,34207
2026-09-03T00,4000,53,48,28052
2026-09-03T00,1142710,54,53,37833
2026-09-03T00,489830,55,55,29963
2026-09-03T00,1222670,56,56,27708
2026-09-03T00,1364780,57,58,35206
2026-09-03T00,3513350,58,60,13294
2026-09-03T00,261550,59,59,40365
2026-09-03T00,1808500,60,62,29806
2026-09-03T00,289070,61,63,38815
2026-09-03T00,1905180,62,57,28005
2026-09-03T00,291550,63,65,13599
2026-09-03T00,251570,64,70,36333
2026-09-03T00,221100,65,71,51570
2026-09-03T00,2358720,66,54,37684
2026-09-03T00,3419430,67,61,161317
2026-09-03T00,2300320,68,66,45043
2026-09-03T00,2073620,69,69,32591
2026-09-03T00,3321460,70,120,27040
2026-09-03T00,1366800,71,67,39393
2026-09-03T00,292030,72,89,22563
2026-09-03T00,3551340,73,74,48808
2026-09-03T00,945360,74,75,12491
2026-09-03T00,2139460,75,113,28392
2026-09-03T00,1085660,76,73,21705
2026-09-03T00,4704690,77,64,10563
2026-09-03T00,3472040,78,68,22165
2026-09-03T00,594650,79,92,25492
2026-09-03T00,714010,80,77,6240
2026-09-03T00,2073850,81,78,15957
2026-09-03T00,1643320,82,76,31208
2026-09-03T00,244210,83,81,12295
2026-09-03T00,739630,84,79,14264
2026-09-03T00,294100,85,80,31737
2026-09-03T00,813780,86,84,20595
2026-09-03T00,2694490,87,104,21355
2026-09-03T00,4162040,88,87,9881
2026-09-03T00,960090,89,83,11421
2026-09-03T00,2622380,90,88,31063
2026-09-03T00,3932890,91,85,37978
2026-09-03T00,1329410,92,90,15816
2026-09-03T00,2399830,93,101,30853
2026-09-03T00,1551360,94,142,15887
2026-09-03T00,1158310,95,82,23760
2026-09-03T00,892970,96,98,22895
2026-09-03T00,2246340,97,96,21560
2026-09-03T00,2584990,98,132,16845
2026-09-03T00,2379780,99,95,8789
2026-09-03T00,2183900,100,100,12822
2026-09-03T04,730,1,1,1300990
2026-09-03T04,570,2,2,834096
2026-09-03T04,578080,3,3,725224
2026-09-03T04,431960,4,4,107599
2026-09-03T04,1172470,5,6,270278
2026-09-03T04,4001890,6,5,134759
2026-09-03T04,271590,7,8,73667
2026-09-03T04,2868840,8,12,96645
2026-09-03T04,2676230,9,13,180397
2026-09-03T04,250900,10,9,86047
2026-09-03T04,359550,11,16,98889
2026-09-03T04,1623730,12,7,145377
2026-09-03T04,553850,13,10,60165
2026-09-03T04,2767030,14,11,90688
2026-09-03T04,3405690,15,15,69404
2026-09-03T04,2357570,16,18,64916
2026-09-03T04,105600,17,17,63988
2026-09-03T04,381210,18,14,62633
2026-09-03T04,236390,19,19,73331
2026-09-03T04,3240220,20,26,81305
2026-09-03T04,322170,21,21,47113
2026-09-03T04,1422450,22,25,72751
2026-09-03T04,108600,23,23,78960
2026-09-03T04,2807960,24,20,45420
2026-09-03T04,413150,25,24,83801
2026-09-03T04,1973530,26,27,34194
2026-09-03T04,2507950,27,30,109341
2026-09-03T04,230410,28,28,58369
2026-09-03T04,3527290,29,22,43575
2026-09-03T04,1174180,30,43,49710
2026-09-03T04,440,31,31,57850
2026-09-03T04,252490,32,29,80135
2026-09-03T04,1091500,33,33,44496
2026-09-03T04,1086940,34,34,56889
2026-09-03T04,438100,35,35,54901
2026-09-03T04,227300,36,32,40309
2026-09-03T04,550,37,36,29992
2026-09-03T04,1245620,38,50,40965
2026-09-03T04,1203220,39,37,64606
2026-09-03T04,322330,40,39,52220
2026-09-03T04,394360,41,40,46298
2026-09-03T04,1938090,42,41,29764
2026-09-03T04,2483190,43,44,23319
2026-09-03T04,3678970,44,38,86160
2026-09-03T04,1449850,45,46,18749
2026-09-03T04,3241660,46,42,24030
2026-09-03T04,252950,47,51,26549
2026-09-03T04,2075800,48,-1,41353
2026-09-03T04,284160,49,45,24122
2026-09-03T04,1281930,50,47,36472
2026-09-03T04,1665460,51,49,21910
2026-09-03T04,1142710,52,52,36735
2026-09-03T04,1364780,53,55,35473
2026-09-03T04,489830,54,56,29562
2026-09-03T04,4000,55,48,27145
2026-09-03T04,1222670,56,58,26935
2026-09-03T04,2406770,57,170,32855
2026-09-03T04,3513350,58,57,12707
2026-09-03T04,261550,59,59,39892
2026-09-03T04,1808500,60,62,29097
2026-09-03T04,289070,61,61,38288
2026-09-03T04,251570,62,70,36572
2026-09-03T04,291550,63,63,13422
2026-09-03T04,1905180,64,54,28814
2026-09-03T04,221100,65,73,50209
2026-09-03T04,2358720,66,53,36549
2026-09-03T04,3419430,67,60,160467
2026-09-03T04,2300320,68,66,43809
2026-09-03T04,2073620,69,68,32194
2026-09-03T04,4809930,70,-1,33084
2026-09-03T04,3321460,71,71,27293
2026-09-03T04,3551340,72,74,48868
2026-09-03T04,1366800,73,65,37908
2026-09-03T04,2139460,74,98,27744
2026-09-03T04,292030,75,69,21624
2026-09-03T04,3472040,76,67,22049
2026-09-03T04,1085660,77,72,22154
2026-09-03T04,945360,78,75,11846
2026-09-03T04,714010,79,79,6295
2026-09-03T04,594650,80,91,26441
2026-09-03T04,244210,81,82,12507
2026-09-03T04,960090,82,85,11338
2026-09-03T04,2073850,83,80,15679
2026-09-03T04,4704690,84,64,10485
2026-09-03T04,294100,85,81,31145
2026-09-03T04,813780,86,86,20276
2026-09-03T04,1643320,87,76,29216
2026-09-03T04,2694490,88,100,21117
2026-09-03T04,739630,89,78,13498
2026-09-03T04,2622380,90,89,31030
2026-09-03T04,2246340,91,97,22961
2026-09-03T04,2399830,92,99,30928
2026-09-03T04,4162040,93,88,9224
2026-09-03T04,1329410,94,87,15397
2026-09-03T04,3932890,95,84,36953
2026-09-03T04,1158310,96,83,23268
2026-09-03T04,1551360,97,113,14460
2026-09-03T04,2183900,98,95,13991
2026-09-03T04,892970,99,102,22278
2026-09-03T04,2379780,100,96,8697
2026-09-03T11,730,1,1,1300990
2026-09-03T11,570,2,2,834096
2026-09-03T11,578080,3,3,725224
2026-09-03T11,431960,4,4,107599
2026-09-03T11,1172470,5,6,270278
2026-09-03T11,4001890,6,5,134759
2026-09-03T11,271590,7,8,73667
2026-09-03T11,2868840,8,12,96645
2026-09-03T11,2676230,9,13,180397
2026-09-03T11,250900,10,9,86047
2026-09-03T11,359550,11,16,98889
2026-09-03T11,1623730,12,7,145377
2026-09-03T11,553850,13,10,60165
2026-09-03T11,2767030,14,11,90688
2026-09-03T11,3405690,15,15,69404
2026-09-03T11,2357570,16,18,64916
2026-09-03T11,105600,17,17,63988
2026-09-03T11,381210,18,14,62633
2026-09-03T11,236390,19,19,73331
2026-09-03T11,3240220,20,26,81305
2026-09-03T11,322170,21,21,47113
2026-09-03T11,1422450,22,25,72751
2026-09-03T11,108600,23,23,78960
2026-09-03T11,2807960,24,20,45420
2026-09-03T11,413150,25,24,83801
2026-09-03T11,1973530,26,27,34194
2026-09-03T11,2507950,27,30,109341
2026-09-03T11,230410,28,28,58369
2026-09-03T11,3527290,29,22,43575
2026-09-03T11,1174180,30,43,49710
2026-09-03T11,440,31,31,57850
2026-09-03T11,252490,32,29,80135
2026-09-03T11,1091500,33,33,44496
2026-09-03T11,1086940,34,34,56889
2026-09-03T11,438100,35,35,54901
2026-09-03T11,227300,36,32,40309
2026-09-03T11,550,37,36,29992
2026-09-03T11,1245620,38,50,40965
2026-09-03T11,1203220,39,37,64606
2026-09-03T11,322330,40,39,52220
2026-09-03T11,394360,41,40,46298
2026-09-03T11,1938090,42,41,29764
2026-09-03T11,2483190,43,44,23319
2026-09-03T11,3678970,44,38,86160
2026-09-03T11,1449850,45,46,18749
2026-09-03T11,3241660,46,42,24030
2026-09-03T11,252950,47,51,26549
2026-09-03T11,2075800,48,-1,41353
2026-09-03T11,284160,49,45,24122
2026-09-03T11,1281930,50,47,36472
2026-09-03T11,1665460,51,49,21910
2026-09-03T11,1142710,52,52,36735
2026-09-03T11,1364780,53,55,35473
2026-09-03T11,489830,54,56,29562
2026-09-03T11,4000,55,48,27145
2026-09-03T11,1222670,56,58,26935
2026-09-03T11,2406770,57,170,32855
2026-09-03T11,3513350,58,57,12707
2026-09-03T11,261550,59,59,39892
2026-09-03T11,1808500,60,62,29097
2026-09-03T11,289070,61,61,38288
2026-09-03T11,251570,62,70,36572
2026-09-03T11,291550,63,63,13422
2026-09-03T11,1905180,64,54,28814
2026-09-03T11,221100,65,73,50209
2026-09-03T11,2358720,66,53,36549
2026-09-03T11,3419430,67,60,160467
2026-09-03T11,2300320,68,66,43809
2026-09-03T11,2073620,69,68,32194
2026-09-03T11,4809930,70,-1,33084
2026-09-03T11,3321460,71,71,27293
2026-09-03T11,3551340,72,74,48868
2026-09-03T11,1366800,73,65,37908
2026-09-03T11,2139460,74,98,27744
2026-09-03T11,292030,75,69,21624
2026-09-03T11,3472040,76,67,22049
2026-09-03T11,1085660,77,72,22154
2026-09-03T11,945360,78,75,11846
2026-09-03T11,714010,79,79,6295
2026-09-03T11,594650,80,91,26441
2026-09-03T11,244210,81,82,12507
2026-09-03T11,960090,82,85,11338
2026-09-03T11,2073850,83,80,15679
2026-09-03T11,4704690,84,64,10485
2026-09-03T11,294100,85,81,31145
2026-09-03T11,813780,86,86,20276
2026-09-03T11,1643320,87,76,29216
2026-09-03T11,2694490,88,100,21117
2026-09-03T11,739630,89,78,13498
2026-09-03T11,2622380,90,89,31030
2026-09-03T11,2246340,91,97,22961
2026-09-03T11,2399830,92,99,30928
2026-09-03T11,4162040,93,88,9224
2026-09-03T11,1329410,94,87,15397
2026-09-03T11,3932890,95,84,36953
2026-09-03T11,1158310,96,83,23268
2026-09-03T11,1551360,97,113,14460
2026-09-03T11,2183900,98,95,13991
2026-09-03T11,892970,99,102,22278
2026-09-03T11,2379780,100,96,8697
2026-09-03T16,730,1,1,1300990
2026-09-03T16,570,2,2,834096
2026-09-03T16,578080,3,3,725224
2026-09-03T16,431960,4,4,107599
2026-09-03T16,1172470,5,6,270278
2026-09-03T16,4001890,6,5,134759
2026-09-03T16,271590,7,8,73667
2026-09-03T16,2868840,8,12,96645
2026-09-03T16,2676230,9,13,180397
2026-09-03T16,250900,10,9,86047
2026-09-03T16,359550,11,16,98889
2026-09-03T16,1623730,12,7,145377
2026-09-03T16,553850,13,10,60165
2026-09-03T16,2767030,14,11,90688
2026-09-03T16,3405690,15,15,69404
2026-09-03T16,2357570,16,18,64916
2026-09-03T16,105600,17,17,63988
2026-09-03T16,381210,18,14,62633
2026-09-03T16,236390,19,19,73331
2026-09-03T16,3240220,20,26,81305
2026-09-03T16,322170,21,21,47113
2026-09-03T16,1422450,22,25,72751
2026-09-03T16,108600,23,23,78960
2026-09-03T16,2807960,24,20,45420
2026-09-03T16,413150,25,24,83801
2026-09-03T16,1973530,26,27,34194
2026-09-03T16,2507950,27,30,109341
2026-09-03T16,230410,28,28,58369
2026-09-03T16,3527290,29,22,43575
2026-09-03T16,1174180,30,43,49710
2026-09-03T16,440,31,31,57850
2026-09-03T16,252490,32,29,80135
2026-09-03T16,1091500,33,33,44496
2026-09-03T16,1086940,34,34,56889
2026-09-03T16,438100,35,35,54901
2026-09-03T16,227300,36,32,40309
2026-09-03T16,550,37,36,29992
2026-09-03T16,1245620,38,50,40965
2026-09-03T16,1203220,39,37,64606
2026-09-03T16,322330,40,39,52220
2026-09-03T16,394360,41,40,46298
2026-09-03T16,1938090,42,41,29764
2026-09-03T16,2483190,43,44,23319
2026-09-03T16,3678970,44,38,86160
2026-09-03T16,1449850,45,46,18749
2026-09-03T16,3241660,46,42,24030
2026-09-03T16,252950,47,51,26549
2026-09-03T16,2075800,48,-1,41353
2026-09-03T16,284160,49,45,24122
2026-09-03T16,1281930,50,47,36472
2026-09-03T16,1665460,51,49,21910
2026-09-03T16,1142710,52,52,36735
2026-09-03T16,1364780,53,55,35473
2026-09-03T16,489830,54,56,29562
2026-09-03T16,4000,55,48,27145
2026-09-03T16,1222670,56,58,26935
2026-09-03T16,2406770,57,170,32855
2026-09-03T16,3513350,58,57,12707
2026-09-03T16,261550,59,59,39892
2026-09-03T16,1808500,60,62,29097
2026-09-03T16,289070,61,61,38288
2026-09-03T16,251570,62,70,36572
2026-09-03T16,291550,63,63,13422
2026-09-03T16,1905180,64,54,28814
2026-09-03T16,221100,65,73,50209
2026-09-03T16,2358720,66,53,36549
2026-09-03T16,3419430,67,60,160467
2026-09-03T16,2300320,68,66,43809
2026-09-03T16,2073620,69,68,32194
2026-09-03T16,4809930,70,-1,33084
2026-09-03T16,3321460,71,71,27293
2026-09-03T16,3551340,72,74,48868
2026-09-03T16,1366800,73,65,37908
2026-09-03T16,2139460,74,98,27744
2026-09-03T16,292030,75,69,21624
2026-09-03T16,3472040,76,67,22049
2026-09-03T16,1085660,77,72,22154
2026-09-03T16,945360,78,75,11846
2026-09-03T16,714010,79,79,6295
2026-09-03T16,594650,80,91,26441
2026-09-03T16,244210,81,82,12507
2026-09-03T16,960090,82,85,11338
2026-09-03T16,2073850,83,80,15679
2026-09-03T16,4704690,84,64,10485
2026-09-03T16,294100,85,81,31145
2026-09-03T16,813780,86,86,20276
2026-09-03T16,1643320,87,76,29216
2026-09-03T16,2694490,88,100,21117
2026-09-03T16,739630,89,78,13498
2026-09-03T16,2622380,90,89,31030
2026-09-03T16,2246340,91,97,22961
2026-09-03T16,2399830,92,99,30928
2026-09-03T16,4162040,93,88,9224
2026-09-03T16,1329410,94,87,15397
2026-09-03T16,3932890,95,84,36953
2026-09-03T16,1158310,96,83,23268
2026-09-03T16,1551360,97,113,14460
2026-09-03T16,2183900,98,95,13991
2026-09-03T16,892970,99,102,22278
2026-09-03T16,2379780,100,96,8697
2026-09-03T21,730,1,1,1300990
2026-09-03T21,570,2,2,834096
2026-09-03T21,578080,3,3,725224
2026-09-03T21,431960,4,4,107599
2026-09-03T21,1172470,5,6,270278
2026-09-03T21,4001890,6,5,134759
2026-09-03T21,271590,7,8,73667
2026-09-03T21,2868840,8,12,96645
2026-09-03T21,2676230,9,13,180397
2026-09-03T21,250900,10,9,86047
2026-09-03T21,359550,11,16,98889
2026-09-03T21,1623730,12,7,145377
2026-09-03T21,553850,13,10,60165
2026-09-03T21,2767030,14,11,90688
2026-09-03T21,3405690,15,15,69404
2026-09-03T21,2357570,16,18,64916
2026-09-03T21,105600,17,17,63988
2026-09-03T21,381210,18,14,62633
2026-09-03T21,236390,19,19,73331
2026-09-03T21,3240220,20,26,81305
2026-09-03T21,322170,21,21,47113
2026-09-03T21,1422450,22,25,72751
2026-09-03T21,108600,23,23,78960
2026-09-03T21,2807960,24,20,45420
2026-09-03T21,413150,25,24,83801
2026-09-03T21,1973530,26,27,34194
2026-09-03T21,2507950,27,30,109341
2026-09-03T21,230410,28,28,58369
2026-09-03T21,3527290,29,22,43575
2026-09-03T21,1174180,30,43,49710
2026-09-03T21,440,31,31,57850
2026-09-03T21,252490,32,29,80135
2026-09-03T21,1091500,33,33,44496
2026-09-03T21,1086940,34,34,56889
2026-09-03T21,438100,35,35,54901
2026-09-03T21,227300,36,32,40309
2026-09-03T21,550,37,36,29992
2026-09-03T21,1245620,38,50,40965
2026-09-03T21,1203220,39,37,64606
2026-09-03T21,322330,40,39,52220
2026-09-03T21,394360,41,40,46298
2026-09-03T21,1938090,42,41,29764
2026-09-03T21,2483190,43,44,23319
2026-09-03T21,3678970,44,38,86160
2026-09-03T21,1449850,45,46,18749
2026-09-03T21,3241660,46,42,24030
2026-09-03T21,252950,47,51,26549
2026-09-03T21,2075800,48,-1,41353
2026-09-03T21,284160,49,45,24122
2026-09-03T21,1281930,50,47,36472
2026-09-03T21,1665460,51,49,21910
2026-09-03T21,1142710,52,52,36735
2026-09-03T21,1364780,53,55,35473
2026-09-03T21,489830,54,56,29562
2026-09-03T21,4000,55,48,27145
2026-09-03T21,1222670,56,58,26935
2026-09-03T21,2406770,57,170,32855
2026-09-03T21,3513350,58,57,12707
2026-09-03T21,261550,59,59,39892
2026-09-03T21,1808500,60,62,29097
2026-09-03T21,289070,61,61,38288
2026-09-03T21,251570,62,70,36572
2026-09-03T21,291550,63,63,13422
2026-09-03T21,1905180,64,54,28814
2026-09-03T21,221100,65,73,50209
2026-09-03T21,2358720,66,53,36549
2026-09-03T21,3419430,67,60,160467
2026-09-03T21,2300320,68,66,43809
2026-09-03T21,2073620,69,68,32194
2026-09-03T21,4809930,70,-1,33084
2026-09-03T21,3321460,71,71,27293
2026-09-03T21,3551340,72,74,48868
2026-09-03T21,1366800,73,65,37908
2026-09-03T21,2139460,74,98,27744
2026-09-03T21,292030,75,69,21624
2026-09-03T21,3472040,76,67,22049
2026-09-03T21,1085660,77,72,22154
2026-09-03T21,945360,78,75,11846
2026-09-03T21,714010,79,79,6295
2026-09-03T21,594650,80,91,26441
2026-09-03T21,244210,81,82,12507
2026-09-03T21,960090,82,85,11338
2026-09-03T21,2073850,83,80,15679
2026-09-03T21,4704690,84,64,10485
2026-09-03T21,294100,85,81,31145
2026-09-03T21,813780,86,86,20276
2026-09-03T21,1643320,87,76,29216
2026-09-03T21,2694490,88,100,21117
2026-09-03T21,739630,89,78,13498
2026-09-03T21,2622380,90,89,31030
2026-09-03T21,2246340,91,97,22961
2026-09-03T21,2399830,92,99,30928
2026-09-03T21,4162040,93,88,9224
2026-09-03T21,1329410,94,87,15397
2026-09-03T21,3932890,95,84,36953
2026-09-03T21,1158310,96,83,23268
2026-09-03T21,1551360,97,113,14460
2026-09-03T21,2183900,98,95,13991
2026-09-03T21,892970,99,102,22278
2026-09-03T21,2379780,100,96,8697
2026-09-04T00,730,1,1,1300990
2026-09-04T00,570,2,2,834096
2026-09-04T00,578080,3,3,725224
2026-09-04T00,431960,4,4,107599
2026-09-04T00,1172470,5,6,270278
2026-09-04T00,4001890,6,5,134759
2026-09-04T00,271590,7,8,73667
2026-09-04T00,2868840,8,12,96645
2026-09-04T00,2676230,9,13,180397
2026-09-04T00,250900,10,9,86047
2026-09-04T00,359550,11,16,98889
2026-09-04T00,1623730,12,7,145377
2026-09-04T00,553850,13,10,60165
2026-09-04T00,2767030,14,11,90688
2026-09-04T00,3405690,15,15,69404
2026-09-04T00,2357570,16,18,64916
2026-09-04T00,105600,17,17,63988
2026-09-04T00,381210,18,14,62633
2026-09-04T00,236390,19,19,73331
2026-09-04T00,3240220,20,26,81305
2026-09-04T00,322170,21,21,47113
2026-09-04T00,1422450,22,25,72751
2026-09-04T00,108600,23,23,78960
2026-09-04T00,2807960,24,20,45420
2026-09-04T00,413150,25,24,83801
2026-09-04T00,1973530,26,27,34194
2026-09-04T00,2507950,27,30,109341
2026-09-04T00,230410,28,28,58369
2026-09-04T00,3527290,29,22,43575
2026-09-04T00,1174180,30,43,49710
2026-09-04T00,440,31,31,57850
2026-09-04T00,252490,32,29,80135
2026-09-04T00,1091500,33,33,44496
2026-09-04T00,1086940,34,34,56889
2026-09-04T00,438100,35,35,54901
2026-09-04T00,227300,36,32,40309
2026-09-04T00,550,37,36,29992
2026-09-04T00,1245620,38,50,40965
2026-09-04T00,1203220,39,37,64606
2026-09-04T00,322330,40,39,52220
2026-09-04T00,394360,41,40,46298
2026-09-04T00,1938090,42,41,29764
2026-09-04T00,2483190,43,44,23319
2026-09-04T00,3678970,44,38,86160
2026-09-04T00,1449850,45,46,18749
2026-09-04T00,3241660,46,42,24030
2026-09-04T00,252950,47,51,26549
2026-09-04T00,2075800,48,-1,41353
2026-09-04T00,284160,49,45,24122
2026-09-04T00,1281930,50,47,36472
2026-09-04T00,1665460,51,49,21910
2026-09-04T00,1142710,52,52,36735
2026-09-04T00,1364780,53,55,35473
2026-09-04T00,489830,54,56,29562
2026-09-04T00,4000,55,48,27145
2026-09-04T00,1222670,56,58,26935
2026-09-04T00,2406770,57,170,32855
2026-09-04T00,3513350,58,57,12707
2026-09-04T00,261550,59,59,39892
2026-09-04T00,1808500,60,62,29097
2026-09-04T00,289070,61,61,38288
2026-09-04T00,251570,62,70,36572
2026-09-04T00,291550,63,63,13422
2026-09-04T00,1905180,64,54,28814
2026-09-04T00,221100,65,73,50209
2026-09-04T00,2358720,66,53,36549
2026-09-04T00,3419430,67,60,160467
2026-09-04T00,2300320,68,66,43809
2026-09-04T00,2073620,69,68,32194
2026-09-04T00,4809930,70,-1,33084
2026-09-04T00,3321460,71,71,27293
2026-09-04T00,3551340,72,74,48868
2026-09-04T00,1366800,73,65,37908
2026-09-04T00,2139460,74,98,27744
2026-09-04T00,292030,75,69,21624
2026-09-04T00,3472040,76,67,22049
2026-09-04T00,1085660,77,72,22154
2026-09-04T00,945360,78,75,11846
2026-09-04T00,714010,79,79,6295
2026-09-04T00,594650,80,91,26441
2026-09-04T00,244210,81,82,12507
2026-09-04T00,960090,82,85,11338
2026-09-04T00,2073850,83,80,15679
2026-09-04T00,4704690,84,64,10485
2026-09-04T00,294100,85,81,31145
2026-09-04T00,813780,86,86,20276
2026-09-04T00,1643320,87,76,29216
2026-09-04T00,2694490,88,100,21117
2026-09-04T00,739630,89,78,13498
2026-09-04T00,2622380,90,89,31030
2026-09-04T00,2246340,91,97,22961
2026-09-04T00,2399830,92,99,30928
2026-09-04T00,4162040,93,88,9224
2026-09-04T00,1329410,94,87,15397
2026-09-04T00,3932890,95,84,36953
2026-09-04T00,1158310,96,83,23268
2026-09-04T00,1551360,97,113,14460
2026-09-04T00,2183900,98,95,13991
2026-09-04T00,892970,99,102,22278
2026-09-04T00,2379780,100,96,8697
2026-09-04T04,730,1,1,1193750
2026-09-04T04,570,2,2,828824
2026-09-04T04,578080,3,3,719645
2026-09-04T04,431960,4,4,107107
2026-09-04T04,1172470,5,6,269308
2026-09-04T04,4001890,6,5,115369
2026-09-04T04,271590,7,8,72793
2026-09-04T04,2868840,8,11,95672
2026-09-04T04,2676230,9,12,179414
2026-09-04T04,250900,10,9,85104
2026-09-04T04,359550,11,16,95234
2026-09-04T04,1623730,12,7,139842
2026-09-04T04,2767030,13,10,89436
2026-09-04T04,553850,14,13,58037
2026-09-04T04,3405690,15,14,69432
2026-09-04T04,236390,16,17,88822
2026-09-04T04,2357570,17,19,63524
2026-09-04T04,105600,18,18,64498
2026-09-04T04,381210,19,15,59278
2026-09-04T04,3240220,20,26,84353
2026-09-04T04,322170,21,20,47638
2026-09-04T04,1422450,22,25,70914
2026-09-04T04,108600,23,23,75860
2026-09-04T04,2807960,24,21,42629
2026-09-04T04,1973530,25,27,45951
2026-09-04T04,413150,26,24,82018
2026-09-04T04,252490,27,28,146777
2026-09-04T04,4809930,28,-1,117677
2026-09-04T04,3527290,29,22,45686
2026-09-04T04,230410,30,30,57678
2026-09-04T04,2507950,31,29,105867
2026-09-04T04,1174180,32,39,48087
2026-09-04T04,440,33,31,60674
2026-09-04T04,1091500,34,33,43045
2026-09-04T04,438100,35,35,52443
2026-09-04T04,227300,36,32,40586
2026-09-04T04,1086940,37,34,53623
2026-09-04T04,550,38,36,30197
2026-09-04T04,1203220,39,37,76395
2026-09-04T04,1245620,40,45,43213
2026-09-04T04,1449850,41,47,40986
2026-09-04T04,2406770,42,167,26489
2026-09-04T04,322330,43,41,51178
2026-09-04T04,2483190,44,42,35309
2026-09-04T04,394360,45,40,46174
2026-09-04T04,1938090,46,43,32394
2026-09-04T04,3678970,47,38,86199
2026-09-04T04,3751260,48,-1,63948
2026-09-04T04,252950,49,51,24946
2026-09-04T04,1665460,50,50,28083
2026-09-04T04,3241660,51,44,22983
2026-09-04T04,1281930,52,49,36868
2026-09-04T04,284160,53,46,23885
2026-09-04T04,1364780,54,57,36411
2026-09-04T04,2075800,55,53,35106
2026-09-04T04,1142710,56,52,35080
2026-09-04T04,4000,57,48,27062
2026-09-04T04,489830,58,59,28330
2026-09-04T04,3513350,59,54,13523
2026-09-04T04,1222670,60,58,26458
2026-09-04T04,3419430,61,62,165359
2026-09-04T04,261550,62,60,39276
2026-09-04T04,289070,63,61,37812
2026-09-04T04,1808500,64,63,28152
2026-09-04T04,291550,65,64,13259
2026-09-04T04,1905180,66,55,29425
2026-09-04T04,251570,67,67,36506
2026-09-04T04,221100,68,71,48679
2026-09-04T04,1366800,69,65,38902
2026-09-04T04,2300320,70,66,43615
2026-09-04T04,2358720,71,56,34884
2026-09-04T04,3321460,72,73,26755
2026-09-04T04,2073620,73,69,31669
2026-09-04T04,3551340,74,75,46885
2026-09-04T04,292030,75,70,20948
2026-09-04T04,3472040,76,72,21353
2026-09-04T04,2694490,77,91,20642
2026-09-04T04,2246340,78,102,23409
2026-09-04T04,714010,79,78,6173
2026-09-04T04,244210,80,84,12952
2026-09-04T04,945360,81,74,11119
2026-09-04T04,1085660,82,76,20785
2026-09-04T04,2139460,83,97,26535
2026-09-04T04,594650,84,88,25578
2026-09-04T04,813780,85,90,20135
2026-09-04T04,960090,86,87,11247
2026-09-04T04,2073850,87,79,14663
2026-09-04T04,294100,88,82,30928
2026-09-04T04,4704690,89,68,9404
2026-09-04T04,739630,90,83,11929
2026-09-04T04,2622380,91,89,30578
2026-09-04T04,1643320,92,77,27374
2026-09-04T04,4162040,93,94,9135
2026-09-04T04,1551360,94,101,15433
2026-09-04T04,3932890,95,86,36577
2026-09-04T04,2183900,96,99,13166
2026-09-04T04,1158310,97,85,22502
2026-09-04T04,1329410,98,95,14699
2026-09-04T04,1326470,99,182,20300
2026-09-04T04,892970,100,106,22065
2026-09-04T11,730,1,1,1193750
2026-09-04T11,570,2,2,828824
2026-09-04T11,578080,3,3,719645
2026-09-04T11,431960,4,4,107107
2026-09-04T11,1172470,5,6,269308
2026-09-04T11,4001890,6,5,115369
2026-09-04T11,271590,7,8,72793
2026-09-04T11,2868840,8,11,95672
2026-09-04T11,2676230,9,12,179414
2026-09-04T11,250900,10,9,85104
2026-09-04T11,359550,11,16,95234
2026-09-04T11,1623730,12,7,139842
2026-09-04T11,2767030,13,10,89436
2026-09-04T11,553850,14,13,58037
2026-09-04T11,3405690,15,14,69432
2026-09-04T11,236390,16,17,88822
2026-09-04T11,2357570,17,19,63524
2026-09-04T11,105600,18,18,64498
2026-09-04T11,381210,19,15,59278
2026-09-04T11,3240220,20,26,84353
2026-09-04T11,322170,21,20,47638
2026-09-04T11,1422450,22,25,70914
2026-09-04T11,108600,23,23,75860
2026-09-04T11,2807960,24,21,42629
2026-09-04T11,1973530,25,27,45951
2026-09-04T11,413150,26,24,82018
2026-09-04T11,252490,27,28,146777
2026-09-04T11,4809930,28,-1,117677
2026-09-04T11,3527290,29,22,45686
2026-09-04T11,230410,30,30,57678
2026-09-04T11,2507950,31,29,105867
2026-09-04T11,1174180,32,39,48087
2026-09-04T11,440,33,31,60674
2026-09-04T11,1091500,34,33,43045
2026-09-04T11,438100,35,35,52443
2026-09-04T11,227300,36,32,40586
2026-09-04T11,1086940,37,34,53623
2026-09-04T11,550,38,36,30197
2026-09-04T11,1203220,39,37,76395
2026-09-04T11,1245620,40,45,43213
2026-09-04T11,1449850,41,47,40986
2026-09-04T11,2406770,42,167,26489
2026-09-04T11,322330,43,41,51178
2026-09-04T11,2483190,44,42,35309
2026-09-04T11,394360,45,40,46174
2026-09-04T11,1938090,46,43,32394
2026-09-04T11,3678970,47,38,86199
2026-09-04T11,3751260,48,-1,63948
2026-09-04T11,252950,49,51,24946
2026-09-04T11,1665460,50,50,28083
2026-09-04T11,3241660,51,44,22983
2026-09-04T11,1281930,52,49,36868
2026-09-04T11,284160,53,46,23885
2026-09-04T11,1364780,54,57,36411
2026-09-04T11,2075800,55,53,35106
2026-09-04T11,1142710,56,52,35080
2026-09-04T11,4000,57,48,27062
2026-09-04T11,489830,58,59,28330
2026-09-04T11,3513350,59,54,13523
2026-09-04T11,1222670,60,58,26458
2026-09-04T11,3419430,61,62,165359
2026-09-04T11,261550,62,60,39276
2026-09-04T11,289070,63,61,37812
2026-09-04T11,1808500,64,63,28152
2026-09-04T11,291550,65,64,13259
2026-09-04T11,1905180,66,55,29425
2026-09-04T11,251570,67,67,36506
2026-09-04T11,221100,68,71,48679
2026-09-04T11,1366800,69,65,38902
2026-09-04T11,2300320,70,66,43615
2026-09-04T11,2358720,71,56,34884
2026-09-04T11,3321460,72,73,26755
2026-09-04T11,2073620,73,69,31669
2026-09-04T11,3551340,74,75,46885
2026-09-04T11,292030,75,70,20948
2026-09-04T11,3472040,76,72,21353
2026-09-04T11,2694490,77,91,20642
2026-09-04T11,2246340,78,102,23409
2026-09-04T11,714010,79,78,6173
2026-09-04T11,244210,80,84,12952
2026-09-04T11,945360,81,74,11119
2026-09-04T11,1085660,82,76,20785
2026-09-04T11,2139460,83,97,26535
2026-09-04T11,594650,84,88,25578
2026-09-04T11,813780,85,90,20135
2026-09-04T11,960090,86,87,11247
2026-09-04T11,2073850,87,79,14663
2026-09-04T11,294100,88,82,30928
2026-09-04T11,4704690,89,68,9404
2026-09-04T11,739630,90,83,11929
2026-09-04T11,2622380,91,89,30578
2026-09-04T11,1643320,92,77,27374
2026-09-04T11,4162040,93,94,9135
2026-09-04T11,1551360,94,101,15433
2026-09-04T11,3932890,95,86,36577
2026-09-04T11,2183900,96,99,13166
2026-09-04T11,1158310,97,85,22502
2026-09-04T11,1329410,98,95,14699
2026-09-04T11,1326470,99,182,20300
2026-09-04T11,892970,100,106,22065
2026-09-04T16,730,1,1,1193750
2026-09-04T16,570,2,2,828824
2026-09-04T16,578080,3,3,719645
2026-09-04T16,431960,4,4,107107
2026-09-04T16,1172470,5,6,269308
2026-09-04T16,4001890,6,5,115369
2026-09-04T16,271590,7,8,72793
2026-09-04T16,2868840,8,11,95672
2026-09-04T16,2676230,9,12,179414
2026-09-04T16,250900,10,9,85104
2026-09-04T16,359550,11,16,95234
2026-09-04T16,1623730,12,7,139842
2026-09-04T16,2767030,13,10,89436
2026-09-04T16,553850,14,13,58037
2026-09-04T16,3405690,15,14,69432
2026-09-04T16,236390,16,17,88822
2026-09-04T16,2357570,17,19,63524
2026-09-04T16,105600,18,18,64498
2026-09-04T16,381210,19,15,59278
2026-09-04T16,3240220,20,26,84353
2026-09-04T16,322170,21,20,47638
2026-09-04T16,1422450,22,25,70914
2026-09-04T16,108600,23,23,75860
2026-09-04T16,2807960,24,21,42629
2026-09-04T16,1973530,25,27,45951
2026-09-04T16,413150,26,24,82018
2026-09-04T16,252490,27,28,146777
2026-09-04T16,4809930,28,-1,117677
2026-09-04T16,3527290,29,22,45686
2026-09-04T16,230410,30,30,57678
2026-09-04T16,2507950,31,29,105867
2026-09-04T16,1174180,32,39,48087
2026-09-04T16,440,33,31,60674
2026-09-04T16,1091500,34,33,43045
2026-09-04T16,438100,35,35,52443
2026-09-04T16,227300,36,32,40586
2026-09-04T16,1086940,37,34,53623
2026-09-04T16,550,38,36,30197
2026-09-04T16,1203220,39,37,76395
2026-09-04T16,1245620,40,45,43213
2026-09-04T16,1449850,41,47,40986
2026-09-04T16,2406770,42,167,26489
2026-09-04T16,322330,43,41,51178
2026-09-04T16,2483190,44,42,35309
2026-09-04T16,394360,45,40,46174
2026-09-04T16,1938090,46,43,32394
2026-09-04T16,3678970,47,38,86199
2026-09-04T16,3751260,48,-1,63948
2026-09-04T16,252950,49,51,24946
2026-09-04T16,1665460,50,50,28083
2026-09-04T16,3241660,51,44,22983
2026-09-04T16,1281930,52,49,36868
2026-09-04T16,284160,53,46,23885
2026-09-04T16,1364780,54,57,36411
2026-09-04T16,2075800,55,53,35106
2026-09-04T16,1142710,56,52,35080
2026-09-04T16,4000,57,48,27062
2026-09-04T16,489830,58,59,28330
2026-09-04T16,3513350,59,54,13523
2026-09-04T16,1222670,60,58,26458
2026-09-04T16,3419430,61,62,165359
2026-09-04T16,261550,62,60,39276
2026-09-04T16,289070,63,61,37812
2026-09-04T16,1808500,64,63,28152
2026-09-04T16,291550,65,64,13259
2026-09-04T16,1905180,66,55,29425
2026-09-04T16,251570,67,67,36506
2026-09-04T16,221100,68,71,48679
2026-09-04T16,1366800,69,65,38902
2026-09-04T16,2300320,70,66,43615
2026-09-04T16,2358720,71,56,34884
2026-09-04T16,3321460,72,73,26755
2026-09-04T16,2073620,73,69,31669
2026-09-04T16,3551340,74,75,46885
2026-09-04T16,292030,75,70,20948
2026-09-04T16,3472040,76,72,21353
2026-09-04T16,2694490,77,91,20642
2026-09-04T16,2246340,78,102,23409
2026-09-04T16,714010,79,78,6173
2026-09-04T16,244210,80,84,12952
2026-09-04T16,945360,81,74,11119
2026-09-04T16,1085660,82,76,20785
2026-09-04T16,2139460,83,97,26535
2026-09-04T16,594650,84,88,25578
2026-09-04T16,813780,85,90,20135
2026-09-04T16,960090,86,87,11247
2026-09-04T16,2073850,87,79,14663
2026-09-04T16,294100,88,82,30928
2026-09-04T16,4704690,89,68,9404
2026-09-04T16,739630,90,83,11929
2026-09-04T16,2622380,91,89,30578
2026-09-04T16,1643320,92,77,27374
2026-09-04T16,4162040,93,94,9135
2026-09-04T16,1551360,94,101,15433
2026-09-04T16,3932890,95,86,36577
2026-09-04T16,2183900,96,99,13166
2026-09-04T16,1158310,97,85,22502
2026-09-04T16,1329410,98,95,14699
2026-09-04T16,1326470,99,182,20300
2026-09-04T16,892970,100,106,22065
2026-09-04T20,730,1,1,1193750
2026-09-04T20,570,2,2,828824
2026-09-04T20,578080,3,3,719645
2026-09-04T20,431960,4,4,107107
2026-09-04T20,1172470,5,6,269308
2026-09-04T20,4001890,6,5,115369
2026-09-04T20,271590,7,8,72793
2026-09-04T20,2868840,8,11,95672
2026-09-04T20,2676230,9,12,179414
2026-09-04T20,250900,10,9,85104
2026-09-04T20,359550,11,16,95234
2026-09-04T20,1623730,12,7,139842
2026-09-04T20,2767030,13,10,89436
2026-09-04T20,553850,14,13,58037
2026-09-04T20,3405690,15,14,69432
2026-09-04T20,236390,16,17,88822
2026-09-04T20,2357570,17,19,63524
2026-09-04T20,105600,18,18,64498
2026-09-04T20,381210,19,15,59278
2026-09-04T20,3240220,20,26,84353
2026-09-04T20,322170,21,20,47638
2026-09-04T20,1422450,22,25,70914
2026-09-04T20,108600,23,23,75860
2026-09-04T20,2807960,24,21,42629
2026-09-04T20,1973530,25,27,45951
2026-09-04T20,413150,26,24,82018
2026-09-04T20,252490,27,28,146777
2026-09-04T20,4809930,28,-1,117677
2026-09-04T20,3527290,29,22,45686
2026-09-04T20,230410,30,30,57678
2026-09-04T20,2507950,31,29,105867
2026-09-04T20,1174180,32,39,48087
2026-09-04T20,440,33,31,60674
2026-09-04T20,1091500,34,33,43045
2026-09-04T20,438100,35,35,52443
2026-09-04T20,227300,36,32,40586
2026-09-04T20,1086940,37,34,53623
2026-09-04T20,550,38,36,30197
2026-09-04T20,1203220,39,37,76395
2026-09-04T20,1245620,40,45,43213
2026-09-04T20,1449850,41,47,40986
2026-09-04T20,2406770,42,167,26489
2026-09-04T20,322330,43,41,51178
2026-09-04T20,2483190,44,42,35309
2026-09-04T20,394360,45,40,46174
2026-09-04T20,1938090,46,43,32394
2026-09-04T20,3678970,47,38,86199
2026-09-04T20,3751260,48,-1,63948
2026-09-04T20,252950,49,51,24946
2026-09-04T20,1665460,50,50,28083
2026-09-04T20,3241660,51,44,22983
2026-09-04T20,1281930,52,49,36868
2026-09-04T20,284160,53,46,23885
2026-09-04T20,1364780,54,57,36411
2026-09-04T20,2075800,55,53,35106
2026-09-04T20,1142710,56,52,35080
2026-09-04T20,4000,57,48,27062
2026-09-04T20,489830,58,59,28330
2026-09-04T20,3513350,59,54,13523
2026-09-04T20,1222670,60,58,26458
2026-09-04T20,3419430,61,62,165359
2026-09-04T20,261550,62,60,39276
2026-09-04T20,289070,63,61,37812
2026-09-04T20,1808500,64,63,28152
2026-09-04T20,291550,65,64,13259
2026-09-04T20,1905180,66,55,29425
2026-09-04T20,251570,67,67,36506
2026-09-04T20,221100,68,71,48679
2026-09-04T20,1366800,69,65,38902
2026-09-04T20,2300320,70,66,43615
2026-09-04T20,2358720,71,56,34884
2026-09-04T20,3321460,72,73,26755
2026-09-04T20,2073620,73,69,31669
2026-09-04T20,3551340,74,75,46885
2026-09-04T20,292030,75,70,20948
2026-09-04T20,3472040,76,72,21353
2026-09-04T20,2694490,77,91,20642
2026-09-04T20,2246340,78,102,23409
2026-09-04T20,714010,79,78,6173
2026-09-04T20,244210,80,84,12952
2026-09-04T20,945360,81,74,11119
2026-09-04T20,1085660,82,76,20785
2026-09-04T20,2139460,83,97,26535
2026-09-04T20,594650,84,88,25578
2026-09-04T20,813780,85,90,20135
2026-09-04T20,960090,86,87,11247
2026-09-04T20,2073850,87,79,14663
2026-09-04T20,294100,88,82,30928
2026-09-04T20,4704690,89,68,9404
2026-09-04T20,739630,90,83,11929
2026-09-04T20,2622380,91,89,30578
2026-09-04T20,1643320,92,77,27374
2026-09-04T20,4162040,93,94,9135
2026-09-04T20,1551360,94,101,15433
2026-09-04T20,3932890,95,86,36577
2026-09-04T20,2183900,96,99,13166
2026-09-04T20,1158310,97,85,22502
2026-09-04T20,1329410,98,95,14699
2026-09-04T20,1326470,99,182,20300
2026-09-04T20,892970,100,106,22065
2026-09-05T00,730,1,1,1193750
2026-09-05T00,570,2,2,828824
2026-09-05T00,578080,3,3,719645
2026-09-05T00,431960,4,4,107107
2026-09-05T00,1172470,5,6,269308
2026-09-05T00,4001890,6,5,115369
2026-09-05T00,271590,7,8,72793
2026-09-05T00,2868840,8,11,95672
2026-09-05T00,2676230,9,12,179414
2026-09-05T00,250900,10,9,85104
2026-09-05T00,359550,11,16,95234
2026-09-05T00,1623730,12,7,139842
2026-09-05T00,2767030,13,10,89436
2026-09-05T00,553850,14,13,58037
2026-09-05T00,3405690,15,14,69432
2026-09-05T00,236390,16,17,88822
2026-09-05T00,2357570,17,19,63524
2026-09-05T00,105600,18,18,64498
2026-09-05T00,381210,19,15,59278
2026-09-05T00,3240220,20,26,84353
2026-09-05T00,322170,21,20,47638
2026-09-05T00,1422450,22,25,70914
2026-09-05T00,108600,23,23,75860
2026-09-05T00,2807960,24,21,42629
2026-09-05T00,1973530,25,27,45951
2026-09-05T00,413150,26,24,82018
2026-09-05T00,252490,27,28,146777
2026-09-05T00,4809930,28,-1,117677
2026-09-05T00,3527290,29,22,45686
2026-09-05T00,230410,30,30,57678
2026-09-05T00,2507950,31,29,105867
2026-09-05T00,1174180,32,39,48087
2026-09-05T00,440,33,31,60674
2026-09-05T00,1091500,34,33,43045
2026-09-05T00,438100,35,35,52443
2026-09-05T00,227300,36,32,40586
2026-09-05T00,1086940,37,34,53623
2026-09-05T00,550,38,36,30197
2026-09-05T00,1203220,39,37,76395
2026-09-05T00,1245620,40,45,43213
2026-09-05T00,1449850,41,47,40986
2026-09-05T00,2406770,42,167,26489
2026-09-05T00,322330,43,41,51178
2026-09-05T00,2483190,44,42,35309
2026-09-05T00,394360,45,40,46174
2026-09-05T00,1938090,46,43,32394
2026-09-05T00,3678970,47,38,86199
2026-09-05T00,3751260,48,-1,63948
2026-09-05T00,252950,49,51,24946
2026-09-05T00,1665460,50,50,28083
2026-09-05T00,3241660,51,44,22983
2026-09-05T00,1281930,52,49,36868
2026-09-05T00,284160,53,46,23885
2026-09-05T00,1364780,54,57,36411
2026-09-05T00,2075800,55,53,35106
2026-09-05T00,1142710,56,52,35080
2026-09-05T00,4000,57,48,27062
2026-09-05T00,489830,58,59,28330
2026-09-05T00,3513350,59,54,13523
2026-09-05T00,1222670,60,58,26458
2026-09-05T00,3419430,61,62,165359
2026-09-05T00,261550,62,60,39276
2026-09-05T00,289070,63,61,37812
2026-09-05T00,1808500,64,63,28152
2026-09-05T00,291550,65,64,13259
2026-09-05T00,1905180,66,55,29425
2026-09-05T00,251570,67,67,36506
2026-09-05T00,221100,68,71,48679
2026-09-05T00,1366800,69,65,38902
2026-09-05T00,2300320,70,66,43615
2026-09-05T00,2358720,71,56,34884
2026-09-05T00,3321460,72,73,26755
2026-09-05T00,2073620,73,69,31669
2026-09-05T00,3551340,74,75,46885
2026-09-05T00,292030,75,70,20948
2026-09-05T00,3472040,76,72,21353
2026-09-05T00,2694490,77,91,20642
2026-09-05T00,2246340,78,102,23409
2026-09-05T00,714010,79,78,6173
2026-09-05T00,244210,80,84,12952
2026-09-05T00,945360,81,74,11119
2026-09-05T00,1085660,82,76,20785
2026-09-05T00,2139460,83,97,26535
2026-09-05T00,594650,84,88,25578
2026-09-05T00,813780,85,90,20135
2026-09-05T00,960090,86,87,11247
2026-09-05T00,2073850,87,79,14663
2026-09-05T00,294100,88,82,30928
2026-09-05T00,4704690,89,68,9404
2026-09-05T00,739630,90,83,11929
2026-09-05T00,2622380,91,89,30578
2026-09-05T00,1643320,92,77,27374
2026-09-05T00,4162040,93,94,9135
2026-09-05T00,1551360,94,101,15433
2026-09-05T00,3932890,95,86,36577
2026-09-05T00,2183900,96,99,13166
2026-09-05T00,1158310,97,85,22502
2026-09-05T00,1329410,98,95,14699
2026-09-05T00,1326470,99,182,20300
2026-09-05T00,892970,100,106,22065
2026-09-05T04,730,1,1,1227890
2026-09-05T04,570,2,2,880822
2026-09-05T04,578080,3,3,717645
2026-09-05T04,431960,4,4,108881
2026-09-05T04,1172470,5,6,260149
2026-09-05T04,4809930,6,-1,219762
2026-09-05T04,271590,7,7,74115
2026-09-05T04,4001890,8,5,104048
2026-09-05T04,2868840,9,10,98176
2026-09-05T04,2676230,10,12,185103
2026-09-05T04,250900,11,9,87571
2026-09-05T04,359550,12,15,94544
2026-09-05T04,2767030,13,11,90942
2026-09-05T04,1623730,14,8,143621
2026-09-05T04,553850,15,13,65230
2026-09-05T04,236390,16,17,88965
2026-09-05T04,3405690,17,14,74032
2026-09-05T04,2357570,18,18,75046
2026-09-05T04,105600,19,19,65697
2026-09-05T04,3240220,20,21,86421
2026-09-05T04,381210,21,16,62727
2026-09-05T04,322170,22,20,53907
2026-09-05T04,252490,23,27,146962
2026-09-05T04,1422450,24,26,73747
2026-09-05T04,108600,25,25,79540
2026-09-05T04,413150,26,24,82264
2026-09-05T04,2807960,27,23,47026
2026-09-05T04,230410,28,30,71434
2026-09-05T04,1973530,29,29,40819
2026-09-05T04,3527290,30,22,45977
2026-09-05T04,2507950,31,28,127375
2026-09-05T04,440,32,31,62365
2026-09-05T04,1174180,33,38,50724
2026-09-05T04,438100,34,34,57951
2026-09-05T04,1091500,35,33,44753
2026-09-05T04,227300,36,32,41036
2026-09-05T04,2406770,37,150,31263
2026-09-05T04,550,38,35,30694
2026-09-05T04,1086940,39,36,57246
2026-09-05T04,1245620,40,37,45416
2026-09-05T04,1203220,41,40,72387
2026-09-05T04,1449850,42,49,29027
2026-09-05T04,2694490,43,78,147624
2026-09-05T04,322330,44,44,53849
2026-09-05T04,394360,45,42,52186
2026-09-05T04,2483190,46,46,28532
2026-09-05T04,1938090,47,41,34498
2026-09-05T04,3241660,48,43,26035
2026-09-05T04,284160,49,47,25712
2026-09-05T04,3678970,50,45,86008
2026-09-05T04,2638890,51,-1,74472
2026-09-05T04,3751260,52,-1,62588
2026-09-05T04,252950,53,52,27989
2026-09-05T04,1281930,54,51,36742
2026-09-05T04,1665460,55,50,25978
2026-09-05T04,4000,56,48,30461
2026-09-05T04,1364780,57,55,36813
2026-09-05T04,1142710,58,53,36969
2026-09-05T04,3419430,59,64,159059
2026-09-05T04,489830,60,59,29860
2026-09-05T04,1222670,61,56,27930
2026-09-05T04,289070,62,58,41879
2026-09-05T04,2075800,63,39,33806
2026-09-05T04,3513350,64,60,13687
2026-09-05T04,1905180,65,54,30515
2026-09-05T04,261550,66,61,39552
2026-09-05T04,3321460,67,74,29294
2026-09-05T04,291550,68,65,14258
2026-09-05T04,1366800,69,66,39214
2026-09-05T04,1808500,70,63,29518
2026-09-05T04,251570,71,68,38588
2026-09-05T04,2300320,72,67,44220
2026-09-05T04,221100,73,69,52539
2026-09-05T04,2246340,74,102,28181
2026-09-05T04,2358720,75,57,34294
2026-09-05T04,2073620,76,70,31206
2026-09-05T04,945360,77,71,14232
2026-09-05T04,3551340,78,75,46075
2026-09-05T04,244210,79,81,13615
2026-09-05T04,4704690,80,62,11207
2026-09-05T04,2139460,81,98,28602
2026-09-05T04,292030,82,72,21102
2026-09-05T04,813780,83,84,22592
2026-09-05T04,3472040,84,73,20299
2026-09-05T04,2183900,85,99,16398
2026-09-05T04,1085660,86,76,20251
2026-09-05T04,1144200,87,100,10545
2026-09-05T04,960090,88,89,11246
2026-09-05T04,594650,89,82,25344
2026-09-05T04,739630,90,85,14645
2026-09-05T04,294100,91,83,31471
2026-09-05T04,714010,92,77,6026
2026-09-05T04,2622380,93,87,32062
2026-09-05T04,4656000,94,-1,21294
2026-09-05T04,2073850,95,79,15361
2026-09-05T04,4162040,96,90,10294
2026-09-05T04,1326470,97,184,21532
2026-09-05T04,1551360,98,97,15571
2026-09-05T04,1158310,99,88,24109
2026-09-05T04,2399830,100,101,30881
2026-09-05T10,730,1,1,1227890
2026-09-05T10,570,2,2,880822
2026-09-05T10,578080,3,3,717645
2026-09-05T10,431960,4,4,108881
2026-09-05T10,1172470,5,6,260149
2026-09-05T10,4809930,6,-1,219762
2026-09-05T10,271590,7,7,74115
2026-09-05T10,4001890,8,5,104048
2026-09-05T10,2868840,9,10,98176
2026-09-05T10,2676230,10,12,185103
2026-09-05T10,250900,11,9,87571
2026-09-05T10,359550,12,15,94544
2026-09-05T10,2767030,13,11,90942
2026-09-05T10,1623730,14,8,143621
2026-09-05T10,553850,15,13,65230
2026-09-05T10,236390,16,17,88965
2026-09-05T10,3405690,17,14,74032
2026-09-05T10,2357570,18,18,75046
2026-09-05T10,105600,19,19,65697
2026-09-05T10,3240220,20,21,86421
2026-09-05T10,381210,21,16,62727
2026-09-05T10,322170,22,20,53907
2026-09-05T10,252490,23,27,146962
2026-09-05T10,1422450,24,26,73747
2026-09-05T10,108600,25,25,79540
2026-09-05T10,413150,26,24,82264
2026-09-05T10,2807960,27,23,47026
2026-09-05T10,230410,28,30,71434
2026-09-05T10,1973530,29,29,40819
2026-09-05T10,3527290,30,22,45977
2026-09-05T10,2507950,31,28,127375
2026-09-05T10,440,32,31,62365
2026-09-05T10,1174180,33,38,50724
2026-09-05T10,438100,34,34,57951
2026-09-05T10,1091500,35,33,44753
2026-09-05T10,227300,36,32,41036
2026-09-05T10,2406770,37,150,31263
2026-09-05T10,550,38,35,30694
2026-09-05T10,1086940,39,36,57246
2026-09-05T10,1245620,40,37,45416
2026-09-05T10,1203220,41,40,72387
2026-09-05T10,1449850,42,49,29027
2026-09-05T10,2694490,43,78,147624
2026-09-05T10,322330,44,44,53849
2026-09-05T10,394360,45,42,52186
2026-09-05T10,2483190,46,46,28532
2026-09-05T10,1938090,47,41,34498
2026-09-05T10,3241660,48,43,26035
2026-09-05T10,284160,49,47,25712
2026-09-05T10,3678970,50,45,86008
2026-09-05T10,2638890,51,-1,74472
2026-09-05T10,3751260,52,-1,62588
2026-09-05T10,252950,53,52,27989
2026-09-05T10,1281930,54,51,36742
2026-09-05T10,1665460,55,50,25978
2026-09-05T10,4000,56,48,30461
2026-09-05T10,1364780,57,55,36813
2026-09-05T10,1142710,58,53,36969
2026-09-05T10,3419430,59,64,159059
2026-09-05T10,489830,60,59,29860
2026-09-05T10,1222670,61,56,27930
2026-09-05T10,289070,62,58,41879
2026-09-05T10,2075800,63,39,33806
2026-09-05T10,3513350,64,60,13687
2026-09-05T10,1905180,65,54,30515
2026-09-05T10,261550,66,61,39552
2026-09-05T10,3321460,67,74,29294
2026-09-05T10,291550,68,65,14258
2026-09-05T10,1366800,69,66,39214
2026-09-05T10,1808500,70,63,29518
2026-09-05T10,251570,71,68,38588
2026-09-05T10,2300320,72,67,44220
2026-09-05T10,221100,73,69,52539
2026-09-05T10,2246340,74,102,28181
2026-09-05T10,2358720,75,57,34294
2026-09-05T10,2073620,76,70,31206
2026-09-05T10,945360,77,71,14232
2026-09-05T10,3551340,78,75,46075
2026-09-05T10,244210,79,81,13615
2026-09-05T10,4704690,80,62,11207
2026-09-05T10,2139460,81,98,28602
2026-09-05T10,292030,82,72,21102
2026-09-05T10,813780,83,84,22592
2026-09-05T10,3472040,84,73,20299
2026-09-05T10,2183900,85,99,16398
2026-09-05T10,1085660,86,76,20251
2026-09-05T10,1144200,87,100,10545
2026-09-05T10,960090,88,89,11246
2026-09-05T10,594650,89,82,25344
2026-09-05T10,739630,90,85,14645
2026-09-05T10,294100,91,83,31471
2026-09-05T10,714010,92,77,6026
2026-09-05T10,2622380,93,87,32062
2026-09-05T10,4656000,94,-1,21294
2026-09-05T10,2073850,95,79,15361
2026-09-05T10,4162040,96,90,10294
2026-09-05T10,1326470,97,184,21532
2026-09-05T10,1551360,98,97,15571
2026-09-05T10,1158310,99,88,24109
2026-09-05T10,2399830,100,101,30881
2026-09-05T15,730,1,1,1227890
2026-09-05T15,570,2,2,880822
2026-09-05T15,578080,3,3,717645
2026-09-05T15,431960,4,4,108881
2026-09-05T15,1172470,5,6,260149
2026-09-05T15,4809930,6,-1,219762
2026-09-05T15,271590,7,7,74115
2026-09-05T15,4001890,8,5,104048
2026-09-05T15,2868840,9,10,98176
2026-09-05T15,2676230,10,12,185103
2026-09-05T15,250900,11,9,87571
2026-09-05T15,359550,12,15,94544
2026-09-05T15,2767030,13,11,90942
2026-09-05T15,1623730,14,8,143621
2026-09-05T15,553850,15,13,65230
2026-09-05T15,236390,16,17,88965
2026-09-05T15,3405690,17,14,74032
2026-09-05T15,2357570,18,18,75046
2026-09-05T15,105600,19,19,65697
2026-09-05T15,3240220,20,21,86421
2026-09-05T15,381210,21,16,62727
2026-09-05T15,322170,22,20,53907
2026-09-05T15,252490,23,27,146962
2026-09-05T15,1422450,24,26,73747
2026-09-05T15,108600,25,25,79540
2026-09-05T15,413150,26,24,82264
2026-09-05T15,2807960,27,23,47026
2026-09-05T15,230410,28,30,71434
2026-09-05T15,1973530,29,29,40819
2026-09-05T15,3527290,30,22,45977
2026-09-05T15,2507950,31,28,127375
2026-09-05T15,440,32,31,62365
2026-09-05T15,1174180,33,38,50724
2026-09-05T15,438100,34,34,57951
2026-09-05T15,1091500,35,33,44753
2026-09-05T15,227300,36,32,41036
2026-09-05T15,2406770,37,150,31263
2026-09-05T15,550,38,35,30694
2026-09-05T15,1086940,39,36,57246
2026-09-05T15,1245620,40,37,45416
2026-09-05T15,1203220,41,40,72387
2026-09-05T15,1449850,42,49,29027
2026-09-05T15,2694490,43,78,147624
2026-09-05T15,322330,44,44,53849
2026-09-05T15,394360,45,42,52186
2026-09-05T15,2483190,46,46,28532
2026-09-05T15,1938090,47,41,34498
2026-09-05T15,3241660,48,43,26035
2026-09-05T15,284160,49,47,25712
2026-09-05T15,3678970,50,45,86008
2026-09-05T15,2638890,51,-1,74472
2026-09-05T15,3751260,52,-1,62588
2026-09-05T15,252950,53,52,27989
2026-09-05T15,1281930,54,51,36742
2026-09-05T15,1665460,55,50,25978
2026-09-05T15,4000,56,48,30461
2026-09-05T15,1364780,57,55,36813
2026-09-05T15,1142710,58,53,36969
2026-09-05T15,3419430,59,64,159059
2026-09-05T15,489830,60,59,29860
2026-09-05T15,1222670,61,56,27930
2026-09-05T15,289070,62,58,41879
2026-09-05T15,2075800,63,39,33806
2026-09-05T15,3513350,64,60,13687
2026-09-05T15,1905180,65,54,30515
2026-09-05T15,261550,66,61,39552
2026-09-05T15,3321460,67,74,29294
2026-09-05T15,291550,68,65,14258
2026-09-05T15,1366800,69,66,39214
2026-09-05T15,1808500,70,63,29518
2026-09-05T15,251570,71,68,38588
2026-09-05T15,2300320,72,67,44220
2026-09-05T15,221100,73,69,52539
2026-09-05T15,2246340,74,102,28181
2026-09-05T15,2358720,75,57,34294
2026-09-05T15,2073620,76,70,31206
2026-09-05T15,945360,77,71,14232
2026-09-05T15,3551340,78,75,46075
2026-09-05T15,244210,79,81,13615
2026-09-05T15,4704690,80,62,11207
2026-09-05T15,2139460,81,98,28602
2026-09-05T15,292030,82,72,21102
2026-09-05T15,813780,83,84,22592
2026-09-05T15,3472040,84,73,20299
2026-09-05T15,2183900,85,99,16398
2026-09-05T15,1085660,86,76,20251
2026-09-05T15,1144200,87,100,10545
2026-09-05T15,960090,88,89,11246
2026-09-05T15,594650,89,82,25344
2026-09-05T15,739630,90,85,14645
2026-09-05T15,294100,91,83,31471
2026-09-05T15,714010,92,77,6026
2026-09-05T15,2622380,93,87,32062
2026-09-05T15,4656000,94,-1,21294
2026-09-05T15,2073850,95,79,15361
2026-09-05T15,4162040,96,90,10294
2026-09-05T15,1326470,97,184,21532
2026-09-05T15,1551360,98,97,15571
2026-09-05T15,1158310,99,88,24109
2026-09-05T15,2399830,100,101,30881
2026-09-05T18,730,1,1,1227890
2026-09-05T18,570,2,2,880822
2026-09-05T18,578080,3,3,717645
2026-09-05T18,431960,4,4,108881
2026-09-05T18,1172470,5,6,260149
2026-09-05T18,4809930,6,-1,219762
2026-09-05T18,271590,7,7,74115
2026-09-05T18,4001890,8,5,104048
2026-09-05T18,2868840,9,10,98176
2026-09-05T18,2676230,10,12,185103
2026-09-05T18,250900,11,9,87571
2026-09-05T18,359550,12,15,94544
2026-09-05T18,2767030,13,11,90942
2026-09-05T18,1623730,14,8,143621
2026-09-05T18,553850,15,13,65230
2026-09-05T18,236390,16,17,88965
2026-09-05T18,3405690,17,14,74032
2026-09-05T18,2357570,18,18,75046
2026-09-05T18,105600,19,19,65697
2026-09-05T18,3240220,20,21,86421
2026-09-05T18,381210,21,16,62727
2026-09-05T18,322170,22,20,53907
2026-09-05T18,252490,23,27,146962
2026-09-05T18,1422450,24,26,73747
2026-09-05T18,108600,25,25,79540
2026-09-05T18,413150,26,24,82264
2026-09-05T18,2807960,27,23,47026
2026-09-05T18,230410,28,30,71434
2026-09-05T18,1973530,29,29,40819
2026-09-05T18,3527290,30,22,45977
2026-09-05T18,2507950,31,28,127375
2026-09-05T18,440,32,31,62365
2026-09-05T18,1174180,33,38,50724
2026-09-05T18,438100,34,34,57951
2026-09-05T18,1091500,35,33,44753
2026-09-05T18,227300,36,32,41036
2026-09-05T18,2406770,37,150,31263
2026-09-05T18,550,38,35,30694
2026-09-05T18,1086940,39,36,57246
2026-09-05T18,1245620,40,37,45416
2026-09-05T18,1203220,41,40,72387
2026-09-05T18,1449850,42,49,29027
2026-09-05T18,2694490,43,78,147624
2026-09-05T18,322330,44,44,53849
2026-09-05T18,394360,45,42,52186
2026-09-05T18,2483190,46,46,28532
2026-09-05T18,1938090,47,41,34498
2026-09-05T18,3241660,48,43,26035
2026-09-05T18,284160,49,47,25712
2026-09-05T18,3678970,50,45,86008
2026-09-05T18,2638890,51,-1,74472
2026-09-05T18,3751260,52,-1,62588
2026-09-05T18,252950,53,52,27989
2026-09-05T18,1281930,54,51,36742
2026-09-05T18,1665460,55,50,25978
2026-09-05T18,4000,56,48,30461
2026-09-05T18,1364780,57,55,36813
2026-09-05T18,1142710,58,53,36969
2026-09-05T18,3419430,59,64,159059
2026-09-05T18,489830,60,59,29860
2026-09-05T18,1222670,61,56,27930
2026-09-05T18,289070,62,58,41879
2026-09-05T18,2075800,63,39,33806
2026-09-05T18,3513350,64,60,13687
2026-09-05T18,1905180,65,54,30515
2026-09-05T18,261550,66,61,39552
2026-09-05T18,3321460,67,74,29294
2026-09-05T18,291550,68,65,14258
2026-09-05T18,1366800,69,66,39214
2026-09-05T18,1808500,70,63,29518
2026-09-05T18,251570,71,68,38588
2026-09-05T18,2300320,72,67,44220
2026-09-05T18,221100,73,69,52539
2026-09-05T18,2246340,74,102,28181
2026-09-05T18,2358720,75,57,34294
2026-09-05T18,2073620,76,70,31206
2026-09-05T18,945360,77,71,14232
2026-09-05T18,3551340,78,75,46075
2026-09-05T18,244210,79,81,13615
2026-09-05T18,4704690,80,62,11207
2026-09-05T18,2139460,81,98,28602
2026-09-05T18,292030,82,72,21102
2026-09-05T18,813780,83,84,22592
2026-09-05T18,3472040,84,73,20299
2026-09-05T18,2183900,85,99,16398
2026-09-05T18,1085660,86,76,20251
2026-09-05T18,1144200,87,100,10545
2026-09-05T18,960090,88,89,11246
2026-09-05T18,594650,89,82,25344
2026-09-05T18,739630,90,85,14645
2026-09-05T18,294100,91,83,31471
2026-09-05T18,714010,92,77,6026
2026-09-05T18,2622380,93,87,32062
2026-09-05T18,4656000,94,-1,21294
2026-09-05T18,2073850,95,79,15361
2026-09-05T18,4162040,96,90,10294
2026-09-05T18,1326470,97,184,21532
2026-09-05T18,1551360,98,97,15571
2026-09-05T18,1158310,99,88,24109
2026-09-05T18,2399830,100,101,30881
2026-09-05T22,730,1,1,1227890
2026-09-05T22,570,2,2,880822
2026-09-05T22,578080,3,3,717645
2026-09-05T22,431960,4,4,108881
2026-09-05T22,1172470,5,6,260149
2026-09-05T22,4809930,6,-1,219762
2026-09-05T22,271590,7,7,74115
2026-09-05T22,4001890,8,5,104048
2026-09-05T22,2868840,9,10,98176
2026-09-05T22,2676230,10,12,185103
2026-09-05T22,250900,11,9,87571
2026-09-05T22,359550,12,15,94544
2026-09-05T22,2767030,13,11,90942
2026-09-05T22,1623730,14,8,143621
2026-09-05T22,553850,15,13,65230
2026-09-05T22,236390,16,17,88965
2026-09-05T22,3405690,17,14,74032
2026-09-05T22,2357570,18,18,75046
2026-09-05T22,105600,19,19,65697
2026-09-05T22,3240220,20,21,86421
2026-09-05T22,381210,21,16,62727
2026-09-05T22,322170,22,20,53907
2026-09-05T22,252490,23,27,146962
2026-09-05T22,1422450,24,26,73747
2026-09-05T22,108600,25,25,79540
2026-09-05T22,413150,26,24,82264
2026-09-05T22,2807960,27,23,47026
2026-09-05T22,230410,28,30,71434
2026-09-05T22,1973530,29,29,40819
2026-09-05T22,3527290,30,22,45977
2026-09-05T22,2507950,31,28,127375
2026-09-05T22,440,32,31,62365
2026-09-05T22,1174180,33,38,50724
2026-09-05T22,438100,34,34,57951
2026-09-05T22,1091500,35,33,44753
2026-09-05T22,227300,36,32,41036
2026-09-05T22,2406770,37,150,31263
2026-09-05T22,550,38,35,30694
2026-09-05T22,1086940,39,36,57246
2026-09-05T22,1245620,40,37,45416
2026-09-05T22,1203220,41,40,72387
2026-09-05T22,1449850,42,49,29027
2026-09-05T22,2694490,43,78,147624
2026-09-05T22,322330,44,44,53849
2026-09-05T22,394360,45,42,52186
2026-09-05T22,2483190,46,46,28532
2026-09-05T22,1938090,47,41,34498
2026-09-05T22,3241660,48,43,26035
2026-09-05T22,284160,49,47,25712
2026-09-05T22,3678970,50,45,86008
2026-09-05T22,2638890,51,-1,74472
2026-09-05T22,3751260,52,-1,62588
2026-09-05T22,252950,53,52,27989
2026-09-05T22,1281930,54,51,36742
2026-09-05T22,1665460,55,50,25978
2026-09-05T22,4000,56,48,30461
2026-09-05T22,1364780,57,55,36813
2026-09-05T22,1142710,58,53,36969
2026-09-05T22,3419430,59,64,159059
2026-09-05T22,489830,60,59,29860
2026-09-05T22,1222670,61,56,27930
2026-09-05T22,289070,62,58,41879
2026-09-05T22,2075800,63,39,33806
2026-09-05T22,3513350,64,60,13687
2026-09-05T22,1905180,65,54,30515
2026-09-05T22,261550,66,61,39552
2026-09-05T22,3321460,67,74,29294
2026-09-05T22,291550,68,65,14258
2026-09-05T22,1366800,69,66,39214
2026-09-05T22,1808500,70,63,29518
2026-09-05T22,251570,71,68,38588
2026-09-05T22,2300320,72,67,44220
2026-09-05T22,221100,73,69,52539
2026-09-05T22,2246340,74,102,28181
2026-09-05T22,2358720,75,57,34294
2026-09-05T22,2073620,76,70,31206
2026-09-05T22,945360,77,71,14232
2026-09-05T22,3551340,78,75,46075
2026-09-05T22,244210,79,81,13615
2026-09-05T22,4704690,80,62,11207
2026-09-05T22,2139460,81,98,28602
2026-09-05T22,292030,82,72,21102
2026-09-05T22,813780,83,84,22592
2026-09-05T22,3472040,84,73,20299
2026-09-05T22,2183900,85,99,16398
2026-09-05T22,1085660,86,76,20251
2026-09-05T22,1144200,87,100,10545
2026-09-05T22,960090,88,89,11246
2026-09-05T22,594650,89,82,25344
2026-09-05T22,739630,90,85,14645
2026-09-05T22,294100,91,83,31471
2026-09-05T22,714010,92,77,6026
2026-09-05T22,2622380,93,87,32062
2026-09-05T22,4656000,94,-1,21294
2026-09-05T22,2073850,95,79,15361
2026-09-05T22,4162040,96,90,10294
2026-09-05T22,1326470,97,184,21532
2026-09-05T22,1551360,98,97,15571
2026-09-05T22,1158310,99,88,24109
2026-09-05T22,2399830,100,101,30881
2026-09-05T23,730,1,1,1227890
2026-09-05T23,570,2,2,880822
2026-09-05T23,578080,3,3,717645
2026-09-05T23,431960,4,4,108881
2026-09-05T23,1172470,5,6,260149
2026-09-05T23,4809930,6,-1,219762
2026-09-05T23,271590,7,7,74115
2026-09-05T23,4001890,8,5,104048
2026-09-05T23,2868840,9,10,98176
2026-09-05T23,2676230,10,12,185103
2026-09-05T23,250900,11,9,87571
2026-09-05T23,359550,12,15,94544
2026-09-05T23,2767030,13,11,90942
2026-09-05T23,1623730,14,8,143621
2026-09-05T23,553850,15,13,65230
2026-09-05T23,236390,16,17,88965
2026-09-05T23,3405690,17,14,74032
2026-09-05T23,2357570,18,18,75046
2026-09-05T23,105600,19,19,65697
2026-09-05T23,3240220,20,21,86421
2026-09-05T23,381210,21,16,62727
2026-09-05T23,322170,22,20,53907
2026-09-05T23,252490,23,27,146962
2026-09-05T23,1422450,24,26,73747
2026-09-05T23,108600,25,25,79540
2026-09-05T23,413150,26,24,82264
2026-09-05T23,2807960,27,23,47026
2026-09-05T23,230410,28,30,71434
2026-09-05T23,1973530,29,29,40819
2026-09-05T23,3527290,30,22,45977
2026-09-05T23,2507950,31,28,127375
2026-09-05T23,440,32,31,62365
2026-09-05T23,1174180,33,38,50724
2026-09-05T23,438100,34,34,57951
2026-09-05T23,1091500,35,33,44753
2026-09-05T23,227300,36,32,41036
2026-09-05T23,2406770,37,150,31263
2026-09-05T23,550,38,35,30694
2026-09-05T23,1086940,39,36,57246
2026-09-05T23,1245620,40,37,45416
2026-09-05T23,1203220,41,40,72387
2026-09-05T23,1449850,42,49,29027
2026-09-05T23,2694490,43,78,147624
2026-09-05T23,322330,44,44,53849
2026-09-05T23,394360,45,42,52186
2026-09-05T23,2483190,46,46,28532
2026-09-05T23,1938090,47,41,34498
2026-09-05T23,3241660,48,43,26035
2026-09-05T23,284160,49,47,25712
2026-09-05T23,3678970,50,45,86008
2026-09-05T23,2638890,51,-1,74472
2026-09-05T23,3751260,52,-1,62588
2026-09-05T23,252950,53,52,27989
2026-09-05T23,1281930,54,51,36742
2026-09-05T23,1665460,55,50,25978
2026-09-05T23,4000,56,48,30461
2026-09-05T23,1364780,57,55,36813
2026-09-05T23,1142710,58,53,36969
2026-09-05T23,3419430,59,64,159059
2026-09-05T23,489830,60,59,29860
2026-09-05T23,1222670,61,56,27930
2026-09-05T23,289070,62,58,41879
2026-09-05T23,2075800,63,39,33806
2026-09-05T23,3513350,64,60,13687
2026-09-05T23,1905180,65,54,30515
2026-09-05T23,261550,66,61,39552
2026-09-05T23,3321460,67,74,29294
2026-09-05T23,291550,68,65,14258
2026-09-05T23,1366800,69,66,39214
2026-09-05T23,1808500,70,63,29518
2026-09-05T23,251570,71,68,38588
2026-09-05T23,2300320,72,67,44220
2026-09-05T23,221100,73,69,52539
2026-09-05T23,2246340,74,102,28181
2026-09-05T23,2358720,75,57,34294
2026-09-05T23,2073620,76,70,31206
2026-09-05T23,945360,77,71,14232
2026-09-05T23,3551340,78,75,46075
2026-09-05T23,244210,79,81,13615
2026-09-05T23,4704690,80,62,11207
2026-09-05T23,2139460,81,98,28602
2026-09-05T23,292030,82,72,21102
2026-09-05T23,813780,83,84,22592
2026-09-05T23,3472040,84,73,20299
2026-09-05T23,2183900,85,99,16398
2026-09-05T23,1085660,86,76,20251
2026-09-05T23,1144200,87,100,10545
2026-09-05T23,960090,88,89,11246
2026-09-05T23,594650,89,82,25344
2026-09-05T23,739630,90,85,14645
2026-09-05T23,294100,91,83,31471
2026-09-05T23,714010,92,77,6026
2026-09-05T23,2622380,93,87,32062
2026-09-05T23,4656000,94,-1,21294
2026-09-05T23,2073850,95,79,15361
2026-09-05T23,4162040,96,90,10294
2026-09-05T23,1326470,97,184,21532
2026-09-05T23,1551360,98,97,15571
2026-09-05T23,1158310,99,88,24109
2026-09-05T23,2399830,100,101,30881
2026-09-06T04,730,1,1,1296533
2026-09-06T04,570,2,2,903585
2026-09-06T04,578080,3,3,715714
2026-09-06T04,431960,4,4,114622
2026-09-06T04,1172470,5,6,269056
2026-09-06T04,4809930,6,-1,245118
2026-09-06T04,4001890,7,5,112816
2026-09-06T04,271590,8,8,81469
2026-09-06T04,2868840,9,10,101346
2026-09-06T04,250900,10,9,93077
2026-09-06T04,359550,11,15,107709
2026-09-06T04,2676230,12,13,195514
2026-09-06T04,1623730,13,7,165328
2026-09-06T04,553850,14,12,71999
2026-09-06T04,2767030,15,11,93806
2026-09-06T04,105600,16,18,74484
2026-09-06T04,236390,17,19,101023
2026-09-06T04,3405690,18,14,82118
2026-09-06T04,2357570,19,17,78697
2026-09-06T04,3240220,20,20,93657
2026-09-06T04,322170,21,22,63658
2026-09-06T04,381210,22,16,66784
2026-09-06T04,108600,23,24,94689
2026-09-06T04,413150,24,25,92597
2026-09-06T04,3527290,25,21,52743
2026-09-06T04,252490,26,27,147899
2026-09-06T04,2807960,27,23,51544
2026-09-06T04,1422450,28,26,81120
2026-09-06T04,230410,29,30,74300
2026-09-06T04,1973530,30,29,38681
2026-09-06T04,2507950,31,28,145269
2026-09-06T04,2694490,32,86,135182
2026-09-06T04,1174180,33,36,58974
2026-09-06T04,440,34,31,62710
2026-09-06T04,550,35,34,38459
2026-09-06T04,2406770,36,133,34764
2026-09-06T04,227300,37,33,44163
2026-09-06T04,1091500,38,32,52096
2026-09-06T04,438100,39,35,63550
2026-09-06T04,1086940,40,37,68333
2026-09-06T04,1245620,41,38,53287
2026-09-06T04,322330,42,43,58980
2026-09-06T04,394360,43,42,59284
2026-09-06T04,1203220,44,40,71165
2026-09-06T04,3241660,45,41,29665
2026-09-06T04,1938090,46,44,40165
2026-09-06T04,2638890,47,-1,81559
2026-09-06T04,284160,48,47,29170
2026-09-06T04,1449850,49,52,26462
2026-09-06T04,2483190,50,45,27803
2026-09-06T04,4000,51,48,37505
2026-09-06T04,1281930,52,49,42034
2026-09-06T04,3751260,53,-1,70692
2026-09-06T04,1665460,54,51,26351
2026-09-06T04,252950,55,53,26914
2026-09-06T04,3678970,56,46,83139
2026-09-06T04,1364780,57,58,36208
2026-09-06T04,289070,58,57,48593
2026-09-06T04,1222670,59,56,33340
2026-09-06T04,1142710,60,50,42789
2026-09-06T04,489830,61,59,35105
2026-09-06T04,3321460,62,69,39569
2026-09-06T04,1905180,63,61,34458
2026-09-06T04,2246340,64,96,34733
2026-09-06T04,251570,65,62,46096
2026-09-06T04,261550,66,60,44223
2026-09-06T04,2075800,67,39,36653
2026-09-06T04,2300320,68,66,47730
2026-09-06T04,221100,69,68,58241
2026-09-06T04,3513350,70,64,14410
2026-09-06T04,291550,71,65,15300
2026-09-06T04,2358720,72,55,36351
2026-09-06T04,1808500,73,63,32436
2026-09-06T04,3419430,74,72,159973
2026-09-06T04,1366800,75,71,42784
2026-09-06T04,4704690,76,54,12765
2026-09-06T04,945360,77,70,16213
2026-09-06T04,292030,78,67,25276
2026-09-06T04,2073620,79,73,33278
2026-09-06T04,244210,80,78,14588
2026-09-06T04,2183900,81,94,21054
2026-09-06T04,2139460,82,91,33145
2026-09-06T04,813780,83,80,25752
2026-09-06T04,1144200,84,90,12207
2026-09-06T04,4656000,85,-1,22936
2026-09-06T04,739630,86,84,16486
2026-09-06T04,3551340,87,77,49378
2026-09-06T04,1326470,88,177,25954
2026-09-06T04,714010,89,81,6254
2026-09-06T04,3472040,90,74,20211
2026-09-06T04,1085660,91,75,22893
2026-09-06T04,294100,92,83,36647
2026-09-06T04,960090,93,88,12887
2026-09-06T04,594650,94,79,28566
2026-09-06T04,2622380,95,85,33889
2026-09-06T04,892970,96,101,29407
2026-09-06T04,2399830,97,102,39068
2026-09-06T04,1551360,98,89,15833
2026-09-06T04,1158310,99,87,27942
2026-09-06T04,2073850,100,82,16925
2026-09-06T10,730,1,1,1296533
2026-09-06T10,570,2,2,903585
2026-09-06T10,578080,3,3,715714
2026-09-06T10,431960,4,4,114622
2026-09-06T10,1172470,5,6,269056
2026-09-06T10,4809930,6,-1,245118
2026-09-06T10,4001890,7,5,112816
2026-09-06T10,271590,8,8,81469
2026-09-06T10,2868840,9,10,101346
2026-09-06T10,250900,10,9,93077
2026-09-06T10,359550,11,15,107709
2026-09-06T10,2676230,12,13,195514
2026-09-06T10,1623730,13,7,165328
2026-09-06T10,553850,14,12,71999
2026-09-06T10,2767030,15,11,93806
2026-09-06T10,105600,16,18,74484
2026-09-06T10,236390,17,19,101023
2026-09-06T10,3405690,18,14,82118
2026-09-06T10,2357570,19,17,78697
2026-09-06T10,3240220,20,20,93657
2026-09-06T10,322170,21,22,63658
2026-09-06T10,381210,22,16,66784
2026-09-06T10,108600,23,24,94689
2026-09-06T10,413150,24,25,92597
2026-09-06T10,3527290,25,21,52743
2026-09-06T10,252490,26,27,147899
2026-09-06T10,2807960,27,23,51544
2026-09-06T10,1422450,28,26,81120
2026-09-06T10,230410,29,30,74300
2026-09-06T10,1973530,30,29,38681
2026-09-06T10,2507950,31,28,145269
2026-09-06T10,2694490,32,86,135182
2026-09-06T10,1174180,33,36,58974
2026-09-06T10,440,34,31,62710
2026-09-06T10,550,35,34,38459
2026-09-06T10,2406770,36,133,34764
2026-09-06T10,227300,37,33,44163
2026-09-06T10,1091500,38,32,52096
2026-09-06T10,438100,39,35,63550
2026-09-06T10,1086940,40,37,68333
2026-09-06T10,1245620,41,38,53287
2026-09-06T10,322330,42,43,58980
2026-09-06T10,394360,43,42,59284
2026-09-06T10,1203220,44,40,71165
2026-09-06T10,3241660,45,41,29665
2026-09-06T10,1938090,46,44,40165
2026-09-06T10,2638890,47,-1,81559
2026-09-06T10,284160,48,47,29170
2026-09-06T10,1449850,49,52,26462
2026-09-06T10,2483190,50,45,27803
2026-09-06T10,4000,51,48,37505
2026-09-06T10,1281930,52,49,42034
2026-09-06T10,3751260,53,-1,70692
2026-09-06T10,1665460,54,51,26351
2026-09-06T10,252950,55,53,26914
2026-09-06T10,3678970,56,46,83139
2026-09-06T10,1364780,57,58,36208
2026-09-06T10,289070,58,57,48593
2026-09-06T10,1222670,59,56,33340
2026-09-06T10,1142710,60,50,42789
2026-09-06T10,489830,61,59,35105
2026-09-06T10,3321460,62,69,39569
2026-09-06T10,1905180,63,61,34458
2026-09-06T10,2246340,64,96,34733
2026-09-06T10,251570,65,62,46096
2026-09-06T10,261550,66,60,44223
2026-09-06T10,2075800,67,39,36653
2026-09-06T10,2300320,68,66,47730
2026-09-06T10,221100,69,68,58241
2026-09-06T10,3513350,70,64,14410
2026-09-06T10,291550,71,65,15300
2026-09-06T10,2358720,72,55,36351
2026-09-06T10,1808500,73,63,32436
2026-09-06T10,3419430,74,72,159973
2026-09-06T10,1366800,75,71,42784
2026-09-06T10,4704690,76,54,12765
2026-09-06T10,945360,77,70,16213
2026-09-06T10,292030,78,67,25276
2026-09-06T10,2073620,79,73,33278
2026-09-06T10,244210,80,78,14588
2026-09-06T10,2183900,81,94,21054
2026-09-06T10,2139460,82,91,33145
2026-09-06T10,813780,83,80,25752
2026-09-06T10,1144200,84,90,12207
2026-09-06T10,4656000,85,-1,22936
2026-09-06T10,739630,86,84,16486
2026-09-06T10,3551340,87,77,49378
2026-09-06T10,1326470,88,177,25954
2026-09-06T10,714010,89,81,6254
2026-09-06T10,3472040,90,74,20211
2026-09-06T10,1085660,91,75,22893
2026-09-06T10,294100,92,83,36647
2026-09-06T10,960090,93,88,12887
2026-09-06T10,594650,94,79,28566
2026-09-06T10,2622380,95,85,33889
2026-09-06T10,892970,96,101,29407
2026-09-06T10,2399830,97,102,39068
2026-09-06T10,1551360,98,89,15833
2026-09-06T10,1158310,99,87,27942
2026-09-06T10,2073850,100,82,16925
2026-09-06T15,730,1,1,1296533
2026-09-06T15,570,2,2,903585
2026-09-06T15,578080,3,3,715714
2026-09-06T15,431960,4,4,114622
2026-09-06T15,1172470,5,6,269056
2026-09-06T15,4809930,6,-1,245118
2026-09-06T15,4001890,7,5,112816
2026-09-06T15,271590,8,8,81469
2026-09-06T15,2868840,9,10,101346
2026-09-06T15,250900,10,9,93077
2026-09-06T15,359550,11,15,107709
2026-09-06T15,2676230,12,13,195514
2026-09-06T15,1623730,13,7,165328
2026-09-06T15,553850,14,12,71999
2026-09-06T15,2767030,15,11,93806
2026-09-06T15,105600,16,18,74484
2026-09-06T15,236390,17,19,101023
2026-09-06T15,3405690,18,14,82118
2026-09-06T15,2357570,19,17,78697
2026-09-06T15,3240220,20,20,93657
2026-09-06T15,322170,21,22,63658
2026-09-06T15,381210,22,16,66784
2026-09-06T15,108600,23,24,94689
2026-09-06T15,413150,24,25,92597
2026-09-06T15,3527290,25,21,52743
2026-09-06T15,252490,26,27,147899
2026-09-06T15,2807960,27,23,51544
2026-09-06T15,1422450,28,26,81120
2026-09-06T15,230410,29,30,74300
2026-09-06T15,1973530,30,29,38681
2026-09-06T15,2507950,31,28,145269
2026-09-06T15,2694490,32,86,135182
2026-09-06T15,1174180,33,36,58974
2026-09-06T15,440,34,31,62710
2026-09-06T15,550,35,34,38459
2026-09-06T15,2406770,36,133,34764
2026-09-06T15,227300,37,33,44163
2026-09-06T15,1091500,38,32,52096
2026-09-06T15,438100,39,35,63550
2026-09-06T15,1086940,40,37,68333
2026-09-06T15,1245620,41,38,53287
2026-09-06T15,322330,42,43,58980
2026-09-06T15,394360,43,42,59284
2026-09-06T15,1203220,44,40,71165
2026-09-06T15,3241660,45,41,29665
2026-09-06T15,1938090,46,44,40165
2026-09-06T15,2638890,47,-1,81559
2026-09-06T15,284160,48,47,29170
2026-09-06T15,1449850,49,52,26462
2026-09-06T15,2483190,50,45,27803
2026-09-06T15,4000,51,48,37505
2026-09-06T15,1281930,52,49,42034
2026-09-06T15,3751260,53,-1,70692
2026-09-06T15,1665460,54,51,26351
2026-09-06T15,252950,55,53,26914
2026-09-06T15,3678970,56,46,83139
2026-09-06T15,1364780,57,58,36208
2026-09-06T15,289070,58,57,48593
2026-09-06T15,1222670,59,56,33340
2026-09-06T15,1142710,60,50,42789
2026-09-06T15,489830,61,59,35105
2026-09-06T15,3321460,62,69,39569
2026-09-06T15,1905180,63,61,34458
2026-09-06T15,2246340,64,96,34733
2026-09-06T15,251570,65,62,46096
2026-09-06T15,261550,66,60,44223
2026-09-06T15,2075800,67,39,36653
2026-09-06T15,2300320,68,66,47730
2026-09-06T15,221100,69,68,58241
2026-09-06T15,3513350,70,64,14410
2026-09-06T15,291550,71,65,15300
2026-09-06T15,2358720,72,55,36351
2026-09-06T15,1808500,73,63,32436
2026-09-06T15,3419430,74,72,159973
2026-09-06T15,1366800,75,71,42784
2026-09-06T15,4704690,76,54,12765
2026-09-06T15,945360,77,70,16213
2026-09-06T15,292030,78,67,25276
2026-09-06T15,2073620,79,73,33278
2026-09-06T15,244210,80,78,14588
2026-09-06T15,2183900,81,94,21054
2026-09-06T15,2139460,82,91,33145
2026-09-06T15,813780,83,80,25752
2026-09-06T15,1144200,84,90,12207
2026-09-06T15,4656000,85,-1,22936
2026-09-06T15,739630,86,84,16486
2026-09-06T15,3551340,87,77,49378
2026-09-06T15,1326470,88,177,25954
2026-09-06T15,714010,89,81,6254
2026-09-06T15,3472040,90,74,20211
2026-09-06T15,1085660,91,75,22893
2026-09-06T15,294100,92,83,36647
2026-09-06T15,960090,93,88,12887
2026-09-06T15,594650,94,79,28566
2026-09-06T15,2622380,95,85,33889
2026-09-06T15,892970,96,101,29407
2026-09-06T15,2399830,97,102,39068
2026-09-06T15,1551360,98,89,15833
2026-09-06T15,1158310,99,87,27942
2026-09-06T15,2073850,100,82,16925
2026-09-06T18,730,1,1,1296533
2026-09-06T18,570,2,2,903585
2026-09-06T18,578080,3,3,715714
2026-09-06T18,431960,4,4,114622
2026-09-06T18,1172470,5,6,269056
2026-09-06T18,4809930,6,-1,245118
2026-09-06T18,4001890,7,5,112816
2026-09-06T18,271590,8,8,81469
2026-09-06T18,2868840,9,10,101346
2026-09-06T18,250900,10,9,93077
2026-09-06T18,359550,11,15,107709
2026-09-06T18,2676230,12,13,195514
2026-09-06T18,1623730,13,7,165328
2026-09-06T18,553850,14,12,71999
2026-09-06T18,2767030,15,11,93806
2026-09-06T18,105600,16,18,74484
2026-09-06T18,236390,17,19,101023
2026-09-06T18,3405690,18,14,82118
2026-09-06T18,2357570,19,17,78697
2026-09-06T18,3240220,20,20,93657
2026-09-06T18,322170,21,22,63658
2026-09-06T18,381210,22,16,66784
2026-09-06T18,108600,23,24,94689
2026-09-06T18,413150,24,25,92597
2026-09-06T18,3527290,25,21,52743
2026-09-06T18,252490,26,27,147899
2026-09-06T18,2807960,27,23,51544
2026-09-06T18,1422450,28,26,81120
2026-09-06T18,230410,29,30,74300
2026-09-06T18,1973530,30,29,38681
2026-09-06T18,2507950,31,28,145269
2026-09-06T18,2694490,32,86,135182
2026-09-06T18,1174180,33,36,58974
2026-09-06T18,440,34,31,62710
2026-09-06T18,550,35,34,38459
2026-09-06T18,2406770,36,133,34764
2026-09-06T18,227300,37,33,44163
2026-09-06T18,1091500,38,32,52096
2026-09-06T18,438100,39,35,63550
2026-09-06T18,1086940,40,37,68333
2026-09-06T18,1245620,41,38,53287
2026-09-06T18,322330,42,43,58980
2026-09-06T18,394360,43,42,59284
2026-09-06T18,1203220,44,40,71165
2026-09-06T18,3241660,45,41,29665
2026-09-06T18,1938090,46,44,40165
2026-09-06T18,2638890,47,-1,81559
2026-09-06T18,284160,48,47,29170
2026-09-06T18,1449850,49,52,26462
2026-09-06T18,2483190,50,45,27803
2026-09-06T18,4000,51,48,37505
2026-09-06T18,1281930,52,49,42034
2026-09-06T18,3751260,53,-1,70692
2026-09-06T18,1665460,54,51,26351
2026-09-06T18,252950,55,53,26914
2026-09-06T18,3678970,56,46,83139
2026-09-06T18,1364780,57,58,36208
2026-09-06T18,289070,58,57,48593
2026-09-06T18,1222670,59,56,33340
2026-09-06T18,1142710,60,50,42789
2026-09-06T18,489830,61,59,35105
2026-09-06T18,3321460,62,69,39569
2026-09-06T18,1905180,63,61,34458
2026-09-06T18,2246340,64,96,34733
2026-09-06T18,251570,65,62,46096
2026-09-06T18,261550,66,60,44223
2026-09-06T18,2075800,67,39,36653
2026-09-06T18,2300320,68,66,47730
2026-09-06T18,221100,69,68,58241
2026-09-06T18,3513350,70,64,14410
2026-09-06T18,291550,71,65,15300
2026-09-06T18,2358720,72,55,36351
2026-09-06T18,1808500,73,63,32436
2026-09-06T18,3419430,74,72,159973
2026-09-06T18,1366800,75,71,42784
2026-09-06T18,4704690,76,54,12765
2026-09-06T18,945360,77,70,16213
2026-09-06T18,292030,78,67,25276
2026-09-06T18,2073620,79,73,33278
2026-09-06T18,244210,80,78,14588
2026-09-06T18,2183900,81,94,21054
2026-09-06T18,2139460,82,91,33145
2026-09-06T18,813780,83,80,25752
2026-09-06T18,1144200,84,90,12207
2026-09-06T18,4656000,85,-1,22936
2026-09-06T18,739630,86,84,16486
2026-09-06T18,3551340,87,77,49378
2026-09-06T18,1326470,88,177,25954
2026-09-06T18,714010,89,81,6254
2026-09-06T18,3472040,90,74,20211
2026-09-06T18,1085660,91,75,22893
2026-09-06T18,294100,92,83,36647
2026-09-06T18,960090,93,88,12887
2026-09-06T18,594650,94,79,28566
2026-09-06T18,2622380,95,85,33889
2026-09-06T18,892970,96,101,29407
2026-09-06T18,2399830,97,102,39068
2026-09-06T18,1551360,98,89,15833
2026-09-06T18,1158310,99,87,27942
2026-09-06T18,2073850,100,82,16925
2026-09-06T20,730,1,1,1296533
2026-09-06T20,570,2,2,903585
2026-09-06T20,578080,3,3,715714
2026-09-06T20,431960,4,4,114622
2026-09-06T20,1172470,5,6,269056
2026-09-06T20,4809930,6,-1,245118
2026-09-06T20,4001890,7,5,112816
2026-09-06T20,271590,8,8,81469
2026-09-06T20,2868840,9,10,101346
2026-09-06T20,250900,10,9,93077
2026-09-06T20,359550,11,15,107709
2026-09-06T20,2676230,12,13,195514
2026-09-06T20,1623730,13,7,165328
2026-09-06T20,553850,14,12,71999
2026-09-06T20,2767030,15,11,93806
2026-09-06T20,105600,16,18,74484
2026-09-06T20,236390,17,19,101023
2026-09-06T20,3405690,18,14,82118
2026-09-06T20,2357570,19,17,78697
2026-09-06T20,3240220,20,20,93657
2026-09-06T20,322170,21,22,63658
2026-09-06T20,381210,22,16,66784
2026-09-06T20,108600,23,24,94689
2026-09-06T20,413150,24,25,92597
2026-09-06T20,3527290,25,21,52743
2026-09-06T20,252490,26,27,147899
2026-09-06T20,2807960,27,23,51544
2026-09-06T20,1422450,28,26,81120
2026-09-06T20,230410,29,30,74300
2026-09-06T20,1973530,30,29,38681
2026-09-06T20,2507950,31,28,145269
2026-09-06T20,2694490,32,86,135182
2026-09-06T20,1174180,33,36,58974
2026-09-06T20,440,34,31,62710
2026-09-06T20,550,35,34,38459
2026-09-06T20,2406770,36,133,34764
2026-09-06T20,227300,37,33,44163
2026-09-06T20,1091500,38,32,52096
2026-09-06T20,438100,39,35,63550
2026-09-06T20,1086940,40,37,68333
2026-09-06T20,1245620,41,38,53287
2026-09-06T20,322330,42,43,58980
2026-09-06T20,394360,43,42,59284
2026-09-06T20,1203220,44,40,71165
2026-09-06T20,3241660,45,41,29665
2026-09-06T20,1938090,46,44,40165
2026-09-06T20,2638890,47,-1,81559
2026-09-06T20,284160,48,47,29170
2026-09-06T20,1449850,49,52,26462
2026-09-06T20,2483190,50,45,27803
2026-09-06T20,4000,51,48,37505
2026-09-06T20,1281930,52,49,42034
2026-09-06T20,3751260,53,-1,70692
2026-09-06T20,1665460,54,51,26351
2026-09-06T20,252950,55,53,26914
2026-09-06T20,3678970,56,46,83139
2026-09-06T20,1364780,57,58,36208
2026-09-06T20,289070,58,57,48593
2026-09-06T20,1222670,59,56,33340
2026-09-06T20,1142710,60,50,42789
2026-09-06T20,489830,61,59,35105
2026-09-06T20,3321460,62,69,39569
2026-09-06T20,1905180,63,61,34458
2026-09-06T20,2246340,64,96,34733
2026-09-06T20,251570,65,62,46096
2026-09-06T20,261550,66,60,44223
2026-09-06T20,2075800,67,39,36653
2026-09-06T20,2300320,68,66,47730
2026-09-06T20,221100,69,68,58241
2026-09-06T20,3513350,70,64,14410
2026-09-06T20,291550,71,65,15300
2026-09-06T20,2358720,72,55,36351
2026-09-06T20,1808500,73,63,32436
2026-09-06T20,3419430,74,72,159973
2026-09-06T20,1366800,75,71,42784
2026-09-06T20,4704690,76,54,12765
2026-09-06T20,945360,77,70,16213
2026-09-06T20,292030,78,67,25276
2026-09-06T20,2073620,79,73,33278
2026-09-06T20,244210,80,78,14588
2026-09-06T20,2183900,81,94,21054
2026-09-06T20,2139460,82,91,33145
2026-09-06T20,813780,83,80,25752
2026-09-06T20,1144200,84,90,12207
2026-09-06T20,4656000,85,-1,22936
2026-09-06T20,739630,86,84,16486
2026-09-06T20,3551340,87,77,49378
2026-09-06T20,1326470,88,177,25954
2026-09-06T20,714010,89,81,6254
2026-09-06T20,3472040,90,74,20211
2026-09-06T20,1085660,91,75,22893
2026-09-06T20,294100,92,83,36647
2026-09-06T20,960090,93,88,12887
2026-09-06T20,594650,94,79,28566
2026-09-06T20,2622380,95,85,33889
2026-09-06T20,892970,96,101,29407
2026-09-06T20,2399830,97,102,39068
2026-09-06T20,1551360,98,89,15833
2026-09-06T20,1158310,99,87,27942
2026-09-06T20,2073850,100,82,16925
2026-09-06T23,730,1,1,1296533
2026-09-06T23,570,2,2,903585
2026-09-06T23,578080,3,3,715714
2026-09-06T23,431960,4,4,114622
2026-09-06T23,1172470,5,6,269056
2026-09-06T23,4809930,6,-1,245118
2026-09-06T23,4001890,7,5,112816
2026-09-06T23,271590,8,8,81469
2026-09-06T23,2868840,9,10,101346
2026-09-06T23,250900,10,9,93077
2026-09-06T23,359550,11,15,107709
2026-09-06T23,2676230,12,13,195514
2026-09-06T23,1623730,13,7,165328
2026-09-06T23,553850,14,12,71999
2026-09-06T23,2767030,15,11,93806
2026-09-06T23,105600,16,18,74484
2026-09-06T23,236390,17,19,101023
2026-09-06T23,3405690,18,14,82118
2026-09-06T23,2357570,19,17,78697
2026-09-06T23,3240220,20,20,93657
2026-09-06T23,322170,21,22,63658
2026-09-06T23,381210,22,16,66784
2026-09-06T23,108600,23,24,94689
2026-09-06T23,413150,24,25,92597
2026-09-06T23,3527290,25,21,52743
2026-09-06T23,252490,26,27,147899
2026-09-06T23,2807960,27,23,51544
2026-09-06T23,1422450,28,26,81120
2026-09-06T23,230410,29,30,74300
2026-09-06T23,1973530,30,29,38681
2026-09-06T23,2507950,31,28,145269
2026-09-06T23,2694490,32,86,135182
2026-09-06T23,1174180,33,36,58974
2026-09-06T23,440,34,31,62710
2026-09-06T23,550,35,34,38459
2026-09-06T23,2406770,36,133,34764
2026-09-06T23,227300,37,33,44163
2026-09-06T23,1091500,38,32,52096
2026-09-06T23,438100,39,35,63550
2026-09-06T23,1086940,40,37,68333
2026-09-06T23,1245620,41,38,53287
2026-09-06T23,322330,42,43,58980
2026-09-06T23,394360,43,42,59284
2026-09-06T23,1203220,44,40,71165
2026-09-06T23,3241660,45,41,29665
2026-09-06T23,1938090,46,44,40165
2026-09-06T23,2638890,47,-1,81559
2026-09-06T23,284160,48,47,29170
2026-09-06T23,1449850,49,52,26462
2026-09-06T23,2483190,50,45,27803
2026-09-06T23,4000,51,48,37505
2026-09-06T23,1281930,52,49,42034
2026-09-06T23,3751260,53,-1,70692
2026-09-06T23,1665460,54,51,26351
2026-09-06T23,252950,55,53,26914
2026-09-06T23,3678970,56,46,83139
2026-09-06T23,1364780,57,58,36208
2026-09-06T23,289070,58,57,48593
2026-09-06T23,1222670,59,56,33340
2026-09-06T23,1142710,60,50,42789
2026-09-06T23,489830,61,59,35105
2026-09-06T23,3321460,62,69,39569
2026-09-06T23,1905180,63,61,34458
2026-09-06T23,2246340,64,96,34733
2026-09-06T23,251570,65,62,46096
2026-09-06T23,261550,66,60,44223
2026-09-06T23,2075800,67,39,36653
2026-09-06T23,2300320,68,66,47730
2026-09-06T23,221100,69,68,58241
2026-09-06T23,3513350,70,64,14410
2026-09-06T23,291550,71,65,15300
2026-09-06T23,2358720,72,55,36351
2026-09-06T23,1808500,73,63,32436
2026-09-06T23,3419430,74,72,159973
2026-09-06T23,1366800,75,71,42784
2026-09-06T23,4704690,76,54,12765
2026-09-06T23,945360,77,70,16213
2026-09-06T23,292030,78,67,25276
2026-09-06T23,2073620,79,73,33278
2026-09-06T23,244210,80,78,14588
2026-09-06T23,2183900,81,94,21054
2026-09-06T23,2139460,82,91,33145
2026-09-06T23,813780,83,80,25752
2026-09-06T23,1144200,84,90,12207
2026-09-06T23,4656000,85,-1,22936
2026-09-06T23,739630,86,84,16486
2026-09-06T23,3551340,87,77,49378
2026-09-06T23,1326470,88,177,25954
2026-09-06T23,714010,89,81,6254
2026-09-06T23,3472040,90,74,20211
2026-09-06T23,1085660,91,75,22893
2026-09-06T23,294100,92,83,36647
2026-09-06T23,960090,93,88,12887
2026-09-06T23,594650,94,79,28566
2026-09-06T23,2622380,95,85,33889
2026-09-06T23,892970,96,101,29407
2026-09-06T23,2399830,97,102,39068
2026-09-06T23,1551360,98,89,15833
2026-09-06T23,1158310,99,87,27942
2026-09-06T23,2073850,100,82,16925
2026-09-07T04,730,1,1,1337437
2026-09-07T04,570,2,2,919002
2026-09-07T04,578080,3,3,721474
2026-09-07T04,431960,4,4,112271
2026-09-07T04,1172470,5,6,271262
2026-09-07T04,4809930,6,-1,203059
2026-09-07T04,271590,7,8,84716
2026-09-07T04,4001890,8,5,104878
2026-09-07T04,2868840,9,9,100688
2026-09-07T04,359550,10,14,113692
2026-09-07T04,250900,11,10,91426
2026-09-07T04,2676230,12,13,206315
2026-09-07T04,1623730,13,7,168459
2026-09-07T04,553850,14,11,71545
2026-09-07T04,2767030,15,12,89490
2026-09-07T04,105600,16,17,75687
2026-09-07T04,236390,17,20,92652
2026-09-07T04,2357570,18,18,79889
2026-09-07T04,3405690,19,15,82285
2026-09-07T04,3240220,20,19,94147
2026-09-07T04,381210,21,16,67212
2026-09-07T04,322170,22,23,60773
2026-09-07T04,108600,23,25,100644
2026-09-07T04,2807960,24,22,58997
2026-09-07T04,413150,25,24,93147
2026-09-07T04,1422450,26,26,86344
2026-09-07T04,3527290,27,21,48456
2026-09-07T04,252490,28,28,140596
2026-09-07T04,230410,29,29,73852
2026-09-07T04,2507950,30,27,147181
2026-09-07T04,1973530,31,30,34755
2026-09-07T04,1174180,32,31,61614
2026-09-07T04,2694490,33,94,138279
2026-09-07T04,2406770,34,122,38958
2026-09-07T04,550,35,35,40163
2026-09-07T04,227300,36,34,47804
2026-09-07T04,440,37,36,61664
2026-09-07T04,1091500,38,33,55099
2026-09-07T04,1086940,39,32,74558
2026-09-07T04,438100,40,37,61798
2026-09-07T04,1245620,41,38,54240
2026-09-07T04,322330,42,43,57166
2026-09-07T04,1203220,43,41,69260
2026-09-07T04,394360,44,42,56053
2026-09-07T04,3241660,45,39,29243
2026-09-07T04,2638890,46,-1,85081
2026-09-07T04,1938090,47,45,43925
2026-09-07T04,284160,48,46,29196
2026-09-07T04,1449850,49,52,24456
2026-09-07T04,2483190,50,44,25896
2026-09-07T04,3751260,51,-1,78188
2026-09-07T04,4000,52,48,36414
2026-09-07T04,1281930,53,49,41058
2026-09-07T04,252950,54,51,29171
2026-09-07T04,1665460,55,53,25576
2026-09-07T04,3678970,56,47,86371
2026-09-07T04,1222670,57,54,35007
2026-09-07T04,1364780,58,59,35700
2026-09-07T04,289070,59,57,48955
2026-09-07T04,489830,60,55,37975
2026-09-07T04,3321460,61,66,44164
2026-09-07T04,1142710,62,50,44016
2026-09-07T04,2246340,63,95,36883
2026-09-07T04,2300320,64,61,55369
2026-09-07T04,251570,65,62,48841
2026-09-07T04,261550,66,60,46329
2026-09-07T04,221100,67,67,62438
2026-09-07T04,1808500,68,63,36044
2026-09-07T04,3513350,69,69,15140
2026-09-07T04,1905180,70,64,30601
2026-09-07T04,291550,71,68,16203
2026-09-07T04,2358720,72,58,34499
2026-09-07T04,2075800,73,40,36291
2026-09-07T04,1366800,74,71,44083
2026-09-07T04,2183900,75,97,23910
2026-09-07T04,945360,76,70,15752
2026-09-07T04,2073620,77,72,37189
2026-09-07T04,3419430,78,73,159526
2026-09-07T04,4704690,79,56,12053
2026-09-07T04,292030,80,65,28259
2026-09-07T04,1326470,81,174,29825
2026-09-07T04,244210,82,82,15458
2026-09-07T04,2139460,83,84,34743
2026-09-07T04,3551340,84,77,52166
2026-09-07T04,813780,85,80,25549
2026-09-07T04,739630,86,76,17017
2026-09-07T04,1144200,87,90,12366
2026-09-07T04,4656000,88,-1,22154
2026-09-07T04,892970,89,92,32803
2026-09-07T04,594650,90,79,31091
2026-09-07T04,294100,91,81,37920
2026-09-07T04,714010,92,85,6297
2026-09-07T04,3472040,93,74,19117
2026-09-07T04,2399830,94,98,40224
2026-09-07T04,960090,95,93,13189
2026-09-07T04,1085660,96,78,22729
2026-09-07T04,2622380,97,86,32620
2026-09-07T04,1158310,98,89,28521
2026-09-07T04,2073850,99,83,18182
2026-09-07T04,1643320,100,75,30855
2026-09-07T12,730,1,1,1337437
2026-09-07T12,570,2,2,919002
2026-09-07T12,578080,3,3,721474
2026-09-07T12,431960,4,4,112271
2026-09-07T12,1172470,5,6,271262
2026-09-07T12,4809930,6,-1,203059
2026-09-07T12,271590,7,8,84716
2026-09-07T12,4001890,8,5,104878
2026-09-07T12,2868840,9,9,100688
2026-09-07T12,359550,10,14,113692
2026-09-07T12,250900,11,10,91426
2026-09-07T12,2676230,12,13,206315
2026-09-07T12,1623730,13,7,168459
2026-09-07T12,553850,14,11,71545
2026-09-07T12,2767030,15,12,89490
2026-09-07T12,105600,16,17,75687
2026-09-07T12,236390,17,20,92652
2026-09-07T12,2357570,18,18,79889
2026-09-07T12,3405690,19,15,82285
2026-09-07T12,3240220,20,19,94147
2026-09-07T12,381210,21,16,67212
2026-09-07T12,322170,22,23,60773
2026-09-07T12,108600,23,25,100644
2026-09-07T12,2807960,24,22,58997
2026-09-07T12,413150,25,24,93147
2026-09-07T12,1422450,26,26,86344
2026-09-07T12,3527290,27,21,48456
2026-09-07T12,252490,28,28,140596
2026-09-07T12,230410,29,29,73852
2026-09-07T12,2507950,30,27,147181
2026-09-07T12,1973530,31,30,34755
2026-09-07T12,1174180,32,31,61614
2026-09-07T12,2694490,33,94,138279
2026-09-07T12,2406770,34,122,38958
2026-09-07T12,550,35,35,40163
2026-09-07T12,227300,36,34,47804
2026-09-07T12,440,37,36,61664
2026-09-07T12,1091500,38,33,55099
2026-09-07T12,1086940,39,32,74558
2026-09-07T12,438100,40,37,61798
2026-09-07T12,1245620,41,38,54240
2026-09-07T12,322330,42,43,57166
2026-09-07T12,1203220,43,41,69260
2026-09-07T12,394360,44,42,56053
2026-09-07T12,3241660,45,39,29243
2026-09-07T12,2638890,46,-1,85081
2026-09-07T12,1938090,47,45,43925
2026-09-07T12,284160,48,46,29196
2026-09-07T12,1449850,49,52,24456
2026-09-07T12,2483190,50,44,25896
2026-09-07T12,3751260,51,-1,78188
2026-09-07T12,4000,52,48,36414
2026-09-07T12,1281930,53,49,41058
2026-09-07T12,252950,54,51,29171
2026-09-07T12,1665460,55,53,25576
2026-09-07T12,3678970,56,47,86371
2026-09-07T12,1222670,57,54,35007
2026-09-07T12,1364780,58,59,35700
2026-09-07T12,289070,59,57,48955
2026-09-07T12,489830,60,55,37975
2026-09-07T12,3321460,61,66,44164
2026-09-07T12,1142710,62,50,44016
2026-09-07T12,2246340,63,95,36883
2026-09-07T12,2300320,64,61,55369
2026-09-07T12,251570,65,62,48841
2026-09-07T12,261550,66,60,46329
2026-09-07T12,221100,67,67,62438
2026-09-07T12,1808500,68,63,36044
2026-09-07T12,3513350,69,69,15140
2026-09-07T12,1905180,70,64,30601
2026-09-07T12,291550,71,68,16203
2026-09-07T12,2358720,72,58,34499
2026-09-07T12,2075800,73,40,36291
2026-09-07T12,1366800,74,71,44083
2026-09-07T12,2183900,75,97,23910
2026-09-07T12,945360,76,70,15752
2026-09-07T12,2073620,77,72,37189
2026-09-07T12,3419430,78,73,159526
2026-09-07T12,4704690,79,56,12053
2026-09-07T12,292030,80,65,28259
2026-09-07T12,1326470,81,174,29825
2026-09-07T12,244210,82,82,15458
2026-09-07T12,2139460,83,84,34743
2026-09-07T12,3551340,84,77,52166
2026-09-07T12,813780,85,80,25549
2026-09-07T12,739630,86,76,17017
2026-09-07T12,1144200,87,90,12366
2026-09-07T12,4656000,88,-1,22154
2026-09-07T12,892970,89,92,32803
2026-09-07T12,594650,90,79,31091
2026-09-07T12,294100,91,81,37920
2026-09-07T12,714010,92,85,6297
2026-09-07T12,3472040,93,74,19117
2026-09-07T12,2399830,94,98,40224
2026-09-07T12,960090,95,93,13189
2026-09-07T12,1085660,96,78,22729
2026-09-07T12,2622380,97,86,32620
2026-09-07T12,1158310,98,89,28521
2026-09-07T12,2073850,99,83,18182
2026-09-07T12,1643320,100,75,30855
2026-09-07T18,730,1,1,1337437
2026-09-07T18,570,2,2,919002
2026-09-07T18,578080,3,3,721474
2026-09-07T18,431960,4,4,112271
2026-09-07T18,1172470,5,6,271262
2026-09-07T18,4809930,6,-1,203059
2026-09-07T18,271590,7,8,84716
2026-09-07T18,4001890,8,5,104878
2026-09-07T18,2868840,9,9,100688
2026-09-07T18,359550,10,14,113692
2026-09-07T18,250900,11,10,91426
2026-09-07T18,2676230,12,13,206315
2026-09-07T18,1623730,13,7,168459
2026-09-07T18,553850,14,11,71545
2026-09-07T18,2767030,15,12,89490
2026-09-07T18,105600,16,17,75687
2026-09-07T18,236390,17,20,92652
2026-09-07T18,2357570,18,18,79889
2026-09-07T18,3405690,19,15,82285
2026-09-07T18,3240220,20,19,94147
2026-09-07T18,381210,21,16,67212
2026-09-07T18,322170,22,23,60773
2026-09-07T18,108600,23,25,100644
2026-09-07T18,2807960,24,22,58997
2026-09-07T18,413150,25,24,93147
2026-09-07T18,1422450,26,26,86344
2026-09-07T18,3527290,27,21,48456
2026-09-07T18,252490,28,28,140596
2026-09-07T18,230410,29,29,73852
2026-09-07T18,2507950,30,27,147181
2026-09-07T18,1973530,31,30,34755
2026-09-07T18,1174180,32,31,61614
2026-09-07T18,2694490,33,94,138279
2026-09-07T18,2406770,34,122,38958
2026-09-07T18,550,35,35,40163
2026-09-07T18,227300,36,34,47804
2026-09-07T18,440,37,36,61664
2026-09-07T18,1091500,38,33,55099
2026-09-07T18,1086940,39,32,74558
2026-09-07T18,438100,40,37,61798
2026-09-07T18,1245620,41,38,54240
2026-09-07T18,322330,42,43,57166
2026-09-07T18,1203220,43,41,69260
2026-09-07T18,394360,44,42,56053
2026-09-07T18,3241660,45,39,29243
2026-09-07T18,2638890,46,-1,85081
2026-09-07T18,1938090,47,45,43925
2026-09-07T18,284160,48,46,29196
2026-09-07T18,1449850,49,52,24456
2026-09-07T18,2483190,50,44,25896
2026-09-07T18,3751260,51,-1,78188
2026-09-07T18,4000,52,48,36414
2026-09-07T18,1281930,53,49,41058
2026-09-07T18,252950,54,51,29171
2026-09-07T18,1665460,55,53,25576
2026-09-07T18,3678970,56,47,86371
2026-09-07T18,1222670,57,54,35007
2026-09-07T18,1364780,58,59,35700
2026-09-07T18,289070,59,57,48955
2026-09-07T18,489830,60,55,37975
2026-09-07T18,3321460,61,66,44164
2026-09-07T18,1142710,62,50,44016
2026-09-07T18,2246340,63,95,36883
2026-09-07T18,2300320,64,61,55369
2026-09-07T18,251570,65,62,48841
2026-09-07T18,261550,66,60,46329
2026-09-07T18,221100,67,67,62438
2026-09-07T18,1808500,68,63,36044
2026-09-07T18,3513350,69,69,15140
2026-09-07T18,1905180,70,64,30601
2026-09-07T18,291550,71,68,16203
2026-09-07T18,2358720,72,58,34499
2026-09-07T18,2075800,73,40,36291
2026-09-07T18,1366800,74,71,44083
2026-09-07T18,2183900,75,97,23910
2026-09-07T18,945360,76,70,15752
2026-09-07T18,2073620,77,72,37189
2026-09-07T18,3419430,78,73,159526
2026-09-07T18,4704690,79,56,12053
2026-09-07T18,292030,80,65,28259
2026-09-07T18,1326470,81,174,29825
2026-09-07T18,244210,82,82,15458
2026-09-07T18,2139460,83,84,34743
2026-09-07T18,3551340,84,77,52166
2026-09-07T18,813780,85,80,25549
2026-09-07T18,739630,86,76,17017
2026-09-07T18,1144200,87,90,12366
2026-09-07T18,4656000,88,-1,22154
2026-09-07T18,892970,89,92,32803
2026-09-07T18,594650,90,79,31091
2026-09-07T18,294100,91,81,37920
2026-09-07T18,714010,92,85,6297
2026-09-07T18,3472040,93,74,19117
2026-09-07T18,2399830,94,98,40224
2026-09-07T18,960090,95,93,13189
2026-09-07T18,1085660,96,78,22729
2026-09-07T18,2622380,97,86,32620
2026-09-07T18,1158310,98,89,28521
2026-09-07T18,2073850,99,83,18182
2026-09-07T18,1643320,100,75,30855
2026-09-07T22,730,1,1,1337437
2026-09-07T22,570,2,2,919002
2026-09-07T22,578080,3,3,721474
2026-09-07T22,431960,4,4,112271
2026-09-07T22,1172470,5,6,271262
2026-09-07T22,4809930,6,-1,203059
2026-09-07T22,271590,7,8,84716
2026-09-07T22,4001890,8,5,104878
2026-09-07T22,2868840,9,9,100688
2026-09-07T22,359550,10,14,113692
2026-09-07T22,250900,11,10,91426
2026-09-07T22,2676230,12,13,206315
2026-09-07T22,1623730,13,7,168459
2026-09-07T22,553850,14,11,71545
2026-09-07T22,2767030,15,12,89490
2026-09-07T22,105600,16,17,75687
2026-09-07T22,236390,17,20,92652
2026-09-07T22,2357570,18,18,79889
2026-09-07T22,3405690,19,15,82285
2026-09-07T22,3240220,20,19,94147
2026-09-07T22,381210,21,16,67212
2026-09-07T22,322170,22,23,60773
2026-09-07T22,108600,23,25,100644
2026-09-07T22,2807960,24,22,58997
2026-09-07T22,413150,25,24,93147
2026-09-07T22,1422450,26,26,86344
2026-09-07T22,3527290,27,21,48456
2026-09-07T22,252490,28,28,140596
2026-09-07T22,230410,29,29,73852
2026-09-07T22,2507950,30,27,147181
2026-09-07T22,1973530,31,30,34755
2026-09-07T22,1174180,32,31,61614
2026-09-07T22,2694490,33,94,138279
2026-09-07T22,2406770,34,122,38958
2026-09-07T22,550,35,35,40163
2026-09-07T22,227300,36,34,47804
2026-09-07T22,440,37,36,61664
2026-09-07T22,1091500,38,33,55099
2026-09-07T22,1086940,39,32,74558
2026-09-07T22,438100,40,37,61798
2026-09-07T22,1245620,41,38,54240
2026-09-07T22,322330,42,43,57166
2026-09-07T22,1203220,43,41,69260
2026-09-07T22,394360,44,42,56053
2026-09-07T22,3241660,45,39,29243
2026-09-07T22,2638890,46,-1,85081
2026-09-07T22,1938090,47,45,43925
2026-09-07T22,284160,48,46,29196
2026-09-07T22,1449850,49,52,24456
2026-09-07T22,2483190,50,44,25896
2026-09-07T22,3751260,51,-1,78188
2026-09-07T22,4000,52,48,36414
2026-09-07T22,1281930,53,49,41058
2026-09-07T22,252950,54,51,29171
2026-09-07T22,1665460,55,53,25576
2026-09-07T22,3678970,56,47,86371
2026-09-07T22,1222670,57,54,35007
2026-09-07T22,1364780,58,59,35700
2026-09-07T22,289070,59,57,48955
2026-09-07T22,489830,60,55,37975
2026-09-07T22,3321460,61,66,44164
2026-09-07T22,1142710,62,50,44016
2026-09-07T22,2246340,63,95,36883
2026-09-07T22,2300320,64,61,55369
2026-09-07T22,251570,65,62,48841
2026-09-07T22,261550,66,60,46329
2026-09-07T22,221100,67,67,62438
2026-09-07T22,1808500,68,63,36044
2026-09-07T22,3513350,69,69,15140
2026-09-07T22,1905180,70,64,30601
2026-09-07T22,291550,71,68,16203
2026-09-07T22,2358720,72,58,34499
2026-09-07T22,2075800,73,40,36291
2026-09-07T22,1366800,74,71,44083
2026-09-07T22,2183900,75,97,23910
2026-09-07T22,945360,76,70,15752
2026-09-07T22,2073620,77,72,37189
2026-09-07T22,3419430,78,73,159526
2026-09-07T22,4704690,79,56,12053
2026-09-07T22,292030,80,65,28259
2026-09-07T22,1326470,81,174,29825
2026-09-07T22,244210,82,82,15458
2026-09-07T22,2139460,83,84,34743
2026-09-07T22,3551340,84,77,52166
2026-09-07T22,813780,85,80,25549
2026-09-07T22,739630,86,76,17017
2026-09-07T22,1144200,87,90,12366
2026-09-07T22,4656000,88,-1,22154
2026-09-07T22,892970,89,92,32803
2026-09-07T22,594650,90,79,31091
2026-09-07T22,294100,91,81,37920
2026-09-07T22,714010,92,85,6297
2026-09-07T22,3472040,93,74,19117
2026-09-07T22,2399830,94,98,40224
2026-09-07T22,960090,95,93,13189
2026-09-07T22,1085660,96,78,22729
2026-09-07T22,2622380,97,86,32620
2026-09-07T22,1158310,98,89,28521
2026-09-07T22,2073850,99,83,18182
2026-09-07T22,1643320,100,75,30855
2026-09-08T04,730,1,1,1226877
2026-09-08T04,570,2,2,817878
2026-09-08T04,578080,3,3,703219
2026-09-08T04,431960,4,4,105853
2026-09-08T04,1172470,5,5,256347
2026-09-08T04,271590,6,7,76221
2026-09-08T04,359550,7,14,120709
2026-09-08T04,2868840,8,9,97245
2026-09-08T04,2676230,9,11,206457
2026-09-08T04,250900,10,10,86913
2026-09-08T04,4001890,11,6,84741
2026-09-08T04,2767030,12,12,92704
2026-09-08T04,553850,13,13,72511
2026-09-08T04,1623730,14,8,137465
2026-09-08T04,2357570,15,17,76850
2026-09-08T04,236390,16,18,87687
2026-09-08T04,105600,17,19,68547
2026-09-08T04,3405690,18,15,80353
2026-09-08T04,381210,19,16,65304
2026-09-08T04,3240220,20,20,82612
2026-09-08T04,322170,21,21,58304
2026-09-08T04,1422450,22,22,91106
2026-09-08T04,2807960,23,26,60089
2026-09-08T04,108600,24,25,98065
2026-09-08T04,413150,25,23,84198
2026-09-08T04,230410,26,27,72446
2026-09-08T04,252490,27,30,135989
2026-09-08T04,2507950,28,29,144699
2026-09-08T04,3527290,29,24,38561
2026-09-08T04,1973530,30,28,32383
2026-09-08T04,2694490,31,88,131947
2026-09-08T04,1174180,32,32,54999
2026-09-08T04,2406770,33,123,36413
2026-09-08T04,440,34,31,62493
2026-09-08T04,1086940,35,33,77146
2026-09-08T04,438100,36,36,54909
2026-09-08T04,1091500,37,34,46890
2026-09-08T04,550,38,37,35099
2026-09-08T04,227300,39,35,44287
2026-09-08T04,1245620,40,38,47619
2026-09-08T04,322330,41,41,53012
2026-09-08T04,2638890,42,-1,76065
2026-09-08T04,1938090,43,47,43361
2026-09-08T04,1203220,44,39,66327
2026-09-08T04,3241660,45,43,27500
2026-09-08T04,1449850,46,46,25563
2026-09-08T04,394360,47,42,47729
2026-09-08T04,3751260,48,-1,74065
2026-09-08T04,284160,49,45,28760
2026-09-08T04,252950,50,50,31157
2026-09-08T04,3678970,51,44,86189
2026-09-08T04,1281930,52,51,37254
2026-09-08T04,2483190,53,48,23031
2026-09-08T04,1665460,54,52,25203
2026-09-08T04,4000,55,49,33461
2026-09-08T04,489830,56,55,38426
2026-09-08T04,1364780,57,56,37708
2026-09-08T04,1222670,58,54,33871
2026-09-08T04,3321460,59,70,38260
2026-09-08T04,2246340,60,100,34376
2026-09-08T04,289070,61,58,42687
2026-09-08T04,1142710,62,53,39670
2026-09-08T04,1808500,63,60,35586
2026-09-08T04,221100,64,65,61752
2026-09-08T04,3513350,65,61,14064
2026-09-08T04,251570,66,67,40084
2026-09-08T04,261550,67,57,40379
2026-09-08T04,291550,68,66,15569
2026-09-08T04,2300320,69,63,51306
2026-09-08T04,3419430,70,62,158215
2026-09-08T04,1905180,71,59,29278
2026-09-08T04,1366800,72,68,43182
2026-09-08T04,2183900,73,99,23639
2026-09-08T04,2075800,74,40,34956
2026-09-08T04,2073620,75,69,37594
2026-09-08T04,2139460,76,77,34775
2026-09-08T04,945360,77,73,13999
2026-09-08T04,892970,78,95,33968
2026-09-08T04,1326470,79,168,25660
2026-09-08T04,244210,80,84,14780
2026-09-08T04,3551340,81,74,50212
2026-09-08T04,739630,82,76,16937
2026-09-08T04,2358720,83,64,32344
2026-09-08T04,4704690,84,72,10205
2026-09-08T04,813780,85,85,23678
2026-09-08T04,960090,86,86,13306
2026-09-08T04,292030,87,71,22914
2026-09-08T04,714010,88,82,6916
2026-09-08T04,294100,89,81,34062
2026-09-08T04,594650,90,83,25087
2026-09-08T04,1085660,91,78,23037
2026-09-08T04,1144200,92,97,12081
2026-09-08T04,2073850,93,80,19211
2026-09-08T04,2399830,94,89,35569
2026-09-08T04,4656000,95,-1,17645
2026-09-08T04,2622380,96,87,30241
2026-09-08T04,4162040,97,92,10699
2026-09-08T04,3472040,98,75,18982
2026-09-08T04,1158310,99,93,26392
2026-09-08T04,4809930,100,-1,1570
2026-09-08T11,730,1,1,1226877
2026-09-08T11,570,2,2,817878
2026-09-08T11,578080,3,3,703219
2026-09-08T11,431960,4,4,105853
2026-09-08T11,1172470,5,5,256347
2026-09-08T11,271590,6,7,76221
2026-09-08T11,359550,7,14,120709
2026-09-08T11,2868840,8,9,97245
2026-09-08T11,2676230,9,11,206457
2026-09-08T11,250900,10,10,86913
2026-09-08T11,4001890,11,6,84741
2026-09-08T11,2767030,12,12,92704
2026-09-08T11,553850,13,13,72511
2026-09-08T11,1623730,14,8,137465
2026-09-08T11,2357570,15,17,76850
2026-09-08T11,236390,16,18,87687
2026-09-08T11,105600,17,19,68547
2026-09-08T11,3405690,18,15,80353
2026-09-08T11,381210,19,16,65304
2026-09-08T11,3240220,20,20,82612
2026-09-08T11,322170,21,21,58304
2026-09-08T11,1422450,22,22,91106
2026-09-08T11,2807960,23,26,60089
2026-09-08T11,108600,24,25,98065
2026-09-08T11,413150,25,23,84198
2026-09-08T11,230410,26,27,72446
2026-09-08T11,252490,27,30,135989
2026-09-08T11,2507950,28,29,144699
2026-09-08T11,3527290,29,24,38561
2026-09-08T11,1973530,30,28,32383
2026-09-08T11,2694490,31,88,131947
2026-09-08T11,1174180,32,32,54999
2026-09-08T11,2406770,33,123,36413
2026-09-08T11,440,34,31,62493
2026-09-08T11,1086940,35,33,77146
2026-09-08T11,438100,36,36,54909
2026-09-08T11,1091500,37,34,46890
2026-09-08T11,550,38,37,35099
2026-09-08T11,227300,39,35,44287
2026-09-08T11,1245620,40,38,47619
2026-09-08T11,322330,41,41,53012
2026-09-08T11,2638890,42,-1,76065
2026-09-08T11,1938090,43,47,43361
2026-09-08T11,1203220,44,39,66327
2026-09-08T11,3241660,45,43,27500
2026-09-08T11,1449850,46,46,25563
2026-09-08T11,394360,47,42,47729
2026-09-08T11,3751260,48,-1,74065
2026-09-08T11,284160,49,45,28760
2026-09-08T11,252950,50,50,31157
2026-09-08T11,3678970,51,44,86189
2026-09-08T11,1281930,52,51,37254
2026-09-08T11,2483190,53,48,23031
2026-09-08T11,1665460,54,52,25203
2026-09-08T11,4000,55,49,33461
2026-09-08T11,489830,56,55,38426
2026-09-08T11,1364780,57,56,37708
2026-09-08T11,1222670,58,54,33871
2026-09-08T11,3321460,59,70,38260
2026-09-08T11,2246340,60,100,34376
2026-09-08T11,289070,61,58,42687
2026-09-08T11,1142710,62,53,39670
2026-09-08T11,1808500,63,60,35586
2026-09-08T11,221100,64,65,61752
2026-09-08T11,3513350,65,61,14064
2026-09-08T11,251570,66,67,40084
2026-09-08T11,261550,67,57,40379
2026-09-08T11,291550,68,66,15569
2026-09-08T11,2300320,69,63,51306
2026-09-08T11,3419430,70,62,158215
2026-09-08T11,1905180,71,59,29278
2026-09-08T11,1366800,72,68,43182
2026-09-08T11,2183900,73,99,23639
2026-09-08T11,2075800,74,40,34956
2026-09-08T11,2073620,75,69,37594
2026-09-08T11,2139460,76,77,34775
2026-09-08T11,945360,77,73,13999
2026-09-08T11,892970,78,95,33968
2026-09-08T11,1326470,79,168,25660
2026-09-08T11,244210,80,84,14780
2026-09-08T11,3551340,81,74,50212
2026-09-08T11,739630,82,76,16937
2026-09-08T11,2358720,83,64,32344
2026-09-08T11,4704690,84,72,10205
2026-09-08T11,813780,85,85,23678
2026-09-08T11,960090,86,86,13306
2026-09-08T11,292030,87,71,22914
2026-09-08T11,714010,88,82,6916
2026-09-08T11,294100,89,81,34062
2026-09-08T11,594650,90,83,25087
2026-09-08T11,1085660,91,78,23037
2026-09-08T11,1144200,92,97,12081
2026-09-08T11,2073850,93,80,19211
2026-09-08T11,2399830,94,89,35569
2026-09-08T11,4656000,95,-1,17645
2026-09-08T11,2622380,96,87,30241
2026-09-08T11,4162040,97,92,10699
2026-09-08T11,3472040,98,75,18982
2026-09-08T11,1158310,99,93,26392
2026-09-08T11,4809930,100,-1,1570
2026-09-08T16,730,1,1,1226877
2026-09-08T16,570,2,2,817878
2026-09-08T16,578080,3,3,703219
2026-09-08T16,431960,4,4,105853
2026-09-08T16,1172470,5,5,256347
2026-09-08T16,271590,6,7,76221
2026-09-08T16,359550,7,14,120709
2026-09-08T16,2868840,8,9,97245
2026-09-08T16,2676230,9,11,206457
2026-09-08T16,250900,10,10,86913
2026-09-08T16,4001890,11,6,84741
2026-09-08T16,2767030,12,12,92704
2026-09-08T16,553850,13,13,72511
2026-09-08T16,1623730,14,8,137465
2026-09-08T16,2357570,15,17,76850
2026-09-08T16,236390,16,18,87687
2026-09-08T16,105600,17,19,68547
2026-09-08T16,3405690,18,15,80353
2026-09-08T16,381210,19,16,65304
2026-09-08T16,3240220,20,20,82612
2026-09-08T16,322170,21,21,58304
2026-09-08T16,1422450,22,22,91106
2026-09-08T16,2807960,23,26,60089
2026-09-08T16,108600,24,25,98065
2026-09-08T16,413150,25,23,84198
2026-09-08T16,230410,26,27,72446
2026-09-08T16,252490,27,30,135989
2026-09-08T16,2507950,28,29,144699
2026-09-08T16,3527290,29,24,38561
2026-09-08T16,1973530,30,28,32383
2026-09-08T16,2694490,31,88,131947
2026-09-08T16,1174180,32,32,54999
2026-09-08T16,2406770,33,123,36413
2026-09-08T16,440,34,31,62493
2026-09-08T16,1086940,35,33,77146
2026-09-08T16,438100,36,36,54909
2026-09-08T16,1091500,37,34,46890
2026-09-08T16,550,38,37,35099
2026-09-08T16,227300,39,35,44287
2026-09-08T16,1245620,40,38,47619
2026-09-08T16,322330,41,41,53012
2026-09-08T16,2638890,42,-1,76065
2026-09-08T16,1938090,43,47,43361
2026-09-08T16,1203220,44,39,66327
2026-09-08T16,3241660,45,43,27500
2026-09-08T16,1449850,46,46,25563
2026-09-08T16,394360,47,42,47729
2026-09-08T16,3751260,48,-1,74065
2026-09-08T16,284160,49,45,28760
2026-09-08T16,252950,50,50,31157
2026-09-08T16,3678970,51,44,86189
2026-09-08T16,1281930,52,51,37254
2026-09-08T16,2483190,53,48,23031
2026-09-08T16,1665460,54,52,25203
2026-09-08T16,4000,55,49,33461
2026-09-08T16,489830,56,55,38426
2026-09-08T16,1364780,57,56,37708
2026-09-08T16,1222670,58,54,33871
2026-09-08T16,3321460,59,70,38260
2026-09-08T16,2246340,60,100,34376
2026-09-08T16,289070,61,58,42687
2026-09-08T16,1142710,62,53,39670
2026-09-08T16,1808500,63,60,35586
2026-09-08T16,221100,64,65,61752
2026-09-08T16,3513350,65,61,14064
2026-09-08T16,251570,66,67,40084
2026-09-08T16,261550,67,57,40379
2026-09-08T16,291550,68,66,15569
2026-09-08T16,2300320,69,63,51306
2026-09-08T16,3419430,70,62,158215
2026-09-08T16,1905180,71,59,29278
2026-09-08T16,1366800,72,68,43182
2026-09-08T16,2183900,73,99,23639
2026-09-08T16,2075800,74,40,34956
2026-09-08T16,2073620,75,69,37594
2026-09-08T16,2139460,76,77,34775
2026-09-08T16,945360,77,73,13999
2026-09-08T16,892970,78,95,33968
2026-09-08T16,1326470,79,168,25660
2026-09-08T16,244210,80,84,14780
2026-09-08T16,3551340,81,74,50212
2026-09-08T16,739630,82,76,16937
2026-09-08T16,2358720,83,64,32344
2026-09-08T16,4704690,84,72,10205
2026-09-08T16,813780,85,85,23678
2026-09-08T16,960090,86,86,13306
2026-09-08T16,292030,87,71,22914
2026-09-08T16,714010,88,82,6916
2026-09-08T16,294100,89,81,34062
2026-09-08T16,594650,90,83,25087
2026-09-08T16,1085660,91,78,23037
2026-09-08T16,1144200,92,97,12081
2026-09-08T16,2073850,93,80,19211
2026-09-08T16,2399830,94,89,35569
2026-09-08T16,4656000,95,-1,17645
2026-09-08T16,2622380,96,87,30241
2026-09-08T16,4162040,97,92,10699
2026-09-08T16,3472040,98,75,18982
2026-09-08T16,1158310,99,93,26392
2026-09-08T16,4809930,100,-1,1570
2026-09-08T21,730,1,1,1226877
2026-09-08T21,570,2,2,817878
2026-09-08T21,578080,3,3,703219
2026-09-08T21,431960,4,4,105853
2026-09-08T21,1172470,5,5,256347
2026-09-08T21,271590,6,7,76221
2026-09-08T21,359550,7,14,120709
2026-09-08T21,2868840,8,9,97245
2026-09-08T21,2676230,9,11,206457
2026-09-08T21,250900,10,10,86913
2026-09-08T21,4001890,11,6,84741
2026-09-08T21,2767030,12,12,92704
2026-09-08T21,553850,13,13,72511
2026-09-08T21,1623730,14,8,137465
2026-09-08T21,2357570,15,17,76850
2026-09-08T21,236390,16,18,87687
2026-09-08T21,105600,17,19,68547
2026-09-08T21,3405690,18,15,80353
2026-09-08T21,381210,19,16,65304
2026-09-08T21,3240220,20,20,82612
2026-09-08T21,322170,21,21,58304
2026-09-08T21,1422450,22,22,91106
2026-09-08T21,2807960,23,26,60089
2026-09-08T21,108600,24,25,98065
2026-09-08T21,413150,25,23,84198
2026-09-08T21,230410,26,27,72446
2026-09-08T21,252490,27,30,135989
2026-09-08T21,2507950,28,29,144699
2026-09-08T21,3527290,29,24,38561
2026-09-08T21,1973530,30,28,32383
2026-09-08T21,2694490,31,88,131947
2026-09-08T21,1174180,32,32,54999
2026-09-08T21,2406770,33,123,36413
2026-09-08T21,440,34,31,62493
2026-09-08T21,1086940,35,33,77146
2026-09-08T21,438100,36,36,54909
2026-09-08T21,1091500,37,34,46890
2026-09-08T21,550,38,37,35099
2026-09-08T21,227300,39,35,44287
2026-09-08T21,1245620,40,38,47619
2026-09-08T21,322330,41,41,53012
2026-09-08T21,2638890,42,-1,76065
2026-09-08T21,1938090,43,47,43361
2026-09-08T21,1203220,44,39,66327
2026-09-08T21,3241660,45,43,27500
2026-09-08T21,1449850,46,46,25563
2026-09-08T21,394360,47,42,47729
2026-09-08T21,3751260,48,-1,74065
2026-09-08T21,284160,49,45,28760
2026-09-08T21,252950,50,50,31157
2026-09-08T21,3678970,51,44,86189
2026-09-08T21,1281930,52,51,37254
2026-09-08T21,2483190,53,48,23031
2026-09-08T21,1665460,54,52,25203
2026-09-08T21,4000,55,49,33461
2026-09-08T21,489830,56,55,38426
2026-09-08T21,1364780,57,56,37708
2026-09-08T21,1222670,58,54,33871
2026-09-08T21,3321460,59,70,38260
2026-09-08T21,2246340,60,100,34376
2026-09-08T21,289070,61,58,42687
2026-09-08T21,1142710,62,53,39670
2026-09-08T21,1808500,63,60,35586
2026-09-08T21,221100,64,65,61752
2026-09-08T21,3513350,65,61,14064
2026-09-08T21,251570,66,67,40084
2026-09-08T21,261550,67,57,40379
2026-09-08T21,291550,68,66,15569
2026-09-08T21,2300320,69,63,51306
2026-09-08T21,3419430,70,62,158215
2026-09-08T21,1905180,71,59,29278
2026-09-08T21,1366800,72,68,43182
2026-09-08T21,2183900,73,99,23639
2026-09-08T21,2075800,74,40,34956
2026-09-08T21,2073620,75,69,37594
2026-09-08T21,2139460,76,77,34775
2026-09-08T21,945360,77,73,13999
2026-09-08T21,892970,78,95,33968
2026-09-08T21,1326470,79,168,25660
2026-09-08T21,244210,80,84,14780
2026-09-08T21,3551340,81,74,50212
2026-09-08T21,739630,82,76,16937
2026-09-08T21,2358720,83,64,32344
2026-09-08T21,4704690,84,72,10205
2026-09-08T21,813780,85,85,23678
2026-09-08T21,960090,86,86,13306
2026-09-08T21,292030,87,71,22914
2026-09-08T21,714010,88,82,6916
2026-09-08T21,294100,89,81,34062
2026-09-08T21,594650,90,83,25087
2026-09-08T21,1085660,91,78,23037
2026-09-08T21,1144200,92,97,12081
2026-09-08T21,2073850,93,80,19211
2026-09-08T21,2399830,94,89,35569
2026-09-08T21,4656000,95,-1,17645
2026-09-08T21,2622380,96,87,30241
2026-09-08T21,4162040,97,92,10699
2026-09-08T21,3472040,98,75,18982
2026-09-08T21,1158310,99,93,26392
2026-09-08T21,4809930,100,-1,1570
2026-09-09T00,730,1,1,1226877
2026-09-09T00,570,2,2,817878
2026-09-09T00,578080,3,3,703219
2026-09-09T00,431960,4,4,105853
2026-09-09T00,1172470,5,5,256347
2026-09-09T00,271590,6,7,76221
2026-09-09T00,359550,7,14,120709
2026-09-09T00,2868840,8,9,97245
2026-09-09T00,2676230,9,11,206457
2026-09-09T00,250900,10,10,86913
2026-09-09T00,4001890,11,6,84741
2026-09-09T00,2767030,12,12,92704
2026-09-09T00,553850,13,13,72511
2026-09-09T00,1623730,14,8,137465
2026-09-09T00,2357570,15,17,76850
2026-09-09T00,236390,16,18,87687
2026-09-09T00,105600,17,19,68547
2026-09-09T00,3405690,18,15,80353
2026-09-09T00,381210,19,16,65304
2026-09-09T00,3240220,20,20,82612
2026-09-09T00,322170,21,21,58304
2026-09-09T00,1422450,22,22,91106
2026-09-09T00,2807960,23,26,60089
2026-09-09T00,108600,24,25,98065
2026-09-09T00,413150,25,23,84198
2026-09-09T00,230410,26,27,72446
2026-09-09T00,252490,27,30,135989
2026-09-09T00,2507950,28,29,144699
2026-09-09T00,3527290,29,24,38561
2026-09-09T00,1973530,30,28,32383
2026-09-09T00,2694490,31,88,131947
2026-09-09T00,1174180,32,32,54999
2026-09-09T00,2406770,33,123,36413
2026-09-09T00,440,34,31,62493
2026-09-09T00,1086940,35,33,77146
2026-09-09T00,438100,36,36,54909
2026-09-09T00,1091500,37,34,46890
2026-09-09T00,550,38,37,35099
2026-09-09T00,227300,39,35,44287
2026-09-09T00,1245620,40,38,47619
2026-09-09T00,322330,41,41,53012
2026-09-09T00,2638890,42,-1,76065
2026-09-09T00,1938090,43,47,43361
2026-09-09T00,1203220,44,39,66327
2026-09-09T00,3241660,45,43,27500
2026-09-09T00,1449850,46,46,25563
2026-09-09T00,394360,47,42,47729
2026-09-09T00,3751260,48,-1,74065
2026-09-09T00,284160,49,45,28760
2026-09-09T00,252950,50,50,31157
2026-09-09T00,3678970,51,44,86189
2026-09-09T00,1281930,52,51,37254
2026-09-09T00,2483190,53,48,23031
2026-09-09T00,1665460,54,52,25203
2026-09-09T00,4000,55,49,33461
2026-09-09T00,489830,56,55,38426
2026-09-09T00,1364780,57,56,37708
2026-09-09T00,1222670,58,54,33871
2026-09-09T00,3321460,59,70,38260
2026-09-09T00,2246340,60,100,34376
2026-09-09T00,289070,61,58,42687
2026-09-09T00,1142710,62,53,39670
2026-09-09T00,1808500,63,60,35586
2026-09-09T00,221100,64,65,61752
2026-09-09T00,3513350,65,61,14064
2026-09-09T00,251570,66,67,40084
2026-09-09T00,261550,67,57,40379
2026-09-09T00,291550,68,66,15569
2026-09-09T00,2300320,69,63,51306
2026-09-09T00,3419430,70,62,158215
2026-09-09T00,1905180,71,59,29278
2026-09-09T00,1366800,72,68,43182
2026-09-09T00,2183900,73,99,23639
2026-09-09T00,2075800,74,40,34956
2026-09-09T00,2073620,75,69,37594
2026-09-09T00,2139460,76,77,34775
2026-09-09T00,945360,77,73,13999
2026-09-09T00,892970,78,95,33968
2026-09-09T00,1326470,79,168,25660
2026-09-09T00,244210,80,84,14780
2026-09-09T00,3551340,81,74,50212
2026-09-09T00,739630,82,76,16937
2026-09-09T00,2358720,83,64,32344
2026-09-09T00,4704690,84,72,10205
2026-09-09T00,813780,85,85,23678
2026-09-09T00,960090,86,86,13306
2026-09-09T00,292030,87,71,22914
2026-09-09T00,714010,88,82,6916
2026-09-09T00,294100,89,81,34062
2026-09-09T00,594650,90,83,25087
2026-09-09T00,1085660,91,78,23037
2026-09-09T00,1144200,92,97,12081
2026-09-09T00,2073850,93,80,19211
2026-09-09T00,2399830,94,89,35569
2026-09-09T00,4656000,95,-1,17645
2026-09-09T00,2622380,96,87,30241
2026-09-09T00,4162040,97,92,10699
2026-09-09T00,3472040,98,75,18982
2026-09-09T00,1158310,99,93,26392
2026-09-09T00,4809930,100,-1,1570
2026-09-09T04,730,1,1,1244579
2026-09-09T04,570,2,2,823285
2026-09-09T04,578080,3,3,699519
2026-09-09T04,431960,4,4,104317
2026-09-09T04,1172470,5,5,256292
2026-09-09T04,271590,6,7,70136
2026-09-09T04,2676230,7,9,185547
2026-09-09T04,2868840,8,8,92961
2026-09-09T04,359550,9,14,101316
2026-09-09T04,250900,10,11,83226
2026-09-09T04,2767030,11,13,90779
2026-09-09T04,553850,12,12,56883
2026-09-09T04,1623730,13,10,125064
2026-09-09T04,4001890,14,6,73677
2026-09-09T04,236390,15,18,78052
2026-09-09T04,2357570,16,16,65096
2026-09-09T04,381210,17,17,76090
2026-09-09T04,105600,18,19,60545
2026-09-09T04,3405690,19,15,63847
2026-09-09T04,3240220,20,20,79000
2026-09-09T04,1422450,21,23,78376
2026-09-09T04,322170,22,21,46310
2026-09-09T04,2807960,23,24,45738
2026-09-09T04,108600,24,22,75620
2026-09-09T04,413150,25,25,78436
2026-09-09T04,230410,26,28,64554
2026-09-09T04,2507950,27,29,143426
2026-09-09T04,252490,28,30,115619
2026-09-09T04,1973530,29,27,32290
2026-09-09T04,2694490,30,86,108758
2026-09-09T04,1174180,31,32,49985
2026-09-09T04,3527290,32,26,35836
2026-09-09T04,440,33,31,56949
2026-09-09T04,1086940,34,33,56761
2026-09-09T04,2406770,35,120,25221
2026-09-09T04,438100,36,36,54016
2026-09-09T04,1091500,37,34,41518
2026-09-09T04,227300,38,35,40175
2026-09-09T04,550,39,37,30689
2026-09-09T04,3678970,40,41,105883
2026-09-09T04,1245620,41,39,41526
2026-09-09T04,1203220,42,38,65104
2026-09-09T04,322330,43,40,51234
2026-09-09T04,2638890,44,-1,66653
2026-09-09T04,1449850,45,45,24081
2026-09-09T04,1938090,46,47,34705
2026-09-09T04,394360,47,43,45556
2026-09-09T04,3241660,48,44,24118
2026-09-09T04,2483190,49,48,23058
2026-09-09T04,252950,50,49,25315
2026-09-09T04,3751260,51,-1,54629
2026-09-09T04,284160,52,46,24131
2026-09-09T04,1364780,53,57,40158
2026-09-09T04,1665460,54,50,21923
2026-09-09T04,1281930,55,51,35771
2026-09-09T04,4000,56,52,28635
2026-09-09T04,2246340,57,96,35205
2026-09-09T04,489830,58,55,30230
2026-09-09T04,1808500,59,59,30781
2026-09-09T04,1222670,60,56,26944
2026-09-09T04,3419430,61,54,172593
2026-09-09T04,289070,62,61,40216
2026-09-09T04,3321460,63,70,33209
2026-09-09T04,1142710,64,53,33205
2026-09-09T04,3513350,65,58,12937
2026-09-09T04,261550,66,60,38237
2026-09-09T04,2300320,67,67,45767
2026-09-09T04,221100,68,64,52711
2026-09-09T04,1905180,69,62,31994
2026-09-09T04,251570,70,63,36250
2026-09-09T04,594650,71,79,35148
2026-09-09T04,1366800,72,68,38513
2026-09-09T04,291550,73,65,13012
2026-09-09T04,892970,74,95,26994
2026-09-09T04,2183900,75,99,19459
2026-09-09T04,2073620,76,69,32334
2026-09-09T04,2139460,77,74,29002
2026-09-09T04,3551340,78,71,46063
2026-09-09T04,244210,79,84,13266
2026-09-09T04,2358720,80,66,30742
2026-09-09T04,2075800,81,42,26762
2026-09-09T04,714010,82,80,6723
2026-09-09T04,813780,83,85,20026
2026-09-09T04,294100,84,81,31286
2026-09-09T04,945360,85,73,10964
2026-09-09T04,960090,86,87,12033
2026-09-09T04,292030,87,72,19659
2026-09-09T04,1085660,88,75,20761
2026-09-09T04,739630,89,83,13414
2026-09-09T04,3219630,90,-1,29235
2026-09-09T04,4162040,91,88,8942
2026-09-09T04,2073850,92,78,14519
2026-09-09T04,1326470,93,112,21900
2026-09-09T04,3932890,94,90,36130
2026-09-09T04,2622380,95,89,29799
2026-09-09T04,1144200,96,100,9462
2026-09-09T04,3892270,97,162,17965
2026-09-09T04,2399830,98,91,31464
2026-09-09T04,3472040,99,77,18301
2026-09-09T04,4656000,100,-1,17716
2026-09-09T11,730,1,1,1244579
2026-09-09T11,570,2,2,823285
2026-09-09T11,578080,3,3,699519
2026-09-09T11,431960,4,4,104317
2026-09-09T11,1172470,5,5,256292
2026-09-09T11,271590,6,7,70136
2026-09-09T11,2676230,7,9,185547
2026-09-09T11,2868840,8,8,92961
2026-09-09T11,359550,9,14,101316
2026-09-09T11,250900,10,11,83226
2026-09-09T11,2767030,11,13,90779
2026-09-09T11,553850,12,12,56883
2026-09-09T11,1623730,13,10,125064
2026-09-09T11,4001890,14,6,73677
2026-09-09T11,236390,15,18,78052
2026-09-09T11,2357570,16,16,65096
2026-09-09T11,381210,17,17,76090
2026-09-09T11,105600,18,19,60545
2026-09-09T11,3405690,19,15,63847
2026-09-09T11,3240220,20,20,79000
2026-09-09T11,1422450,21,23,78376
2026-09-09T11,322170,22,21,46310
2026-09-09T11,2807960,23,24,45738
2026-09-09T11,108600,24,22,75620
2026-09-09T11,413150,25,25,78436
2026-09-09T11,230410,26,28,64554
2026-09-09T11,2507950,27,29,143426
2026-09-09T11,252490,28,30,115619
2026-09-09T11,1973530,29,27,32290
2026-09-09T11,2694490,30,86,108758
2026-09-09T11,1174180,31,32,49985
2026-09-09T11,3527290,32,26,35836
2026-09-09T11,440,33,31,56949
2026-09-09T11,1086940,34,33,56761
2026-09-09T11,2406770,35,120,25221
2026-09-09T11,438100,36,36,54016
2026-09-09T11,1091500,37,34,41518
2026-09-09T11,227300,38,35,40175
2026-09-09T11,550,39,37,30689
2026-09-09T11,3678970,40,41,105883
2026-09-09T11,1245620,41,39,41526
2026-09-09T11,1203220,42,38,65104
2026-09-09T11,322330,43,40,51234
2026-09-09T11,2638890,44,-1,66653
2026-09-09T11,1449850,45,45,24081
2026-09-09T11,1938090,46,47,34705
2026-09-09T11,394360,47,43,45556
2026-09-09T11,3241660,48,44,24118
2026-09-09T11,2483190,49,48,23058
2026-09-09T11,252950,50,49,25315
2026-09-09T11,3751260,51,-1,54629
2026-09-09T11,284160,52,46,24131
2026-09-09T11,1364780,53,57,40158
2026-09-09T11,1665460,54,50,21923
2026-09-09T11,1281930,55,51,35771
2026-09-09T11,4000,56,52,28635
2026-09-09T11,2246340,57,96,35205
2026-09-09T11,489830,58,55,30230
2026-09-09T11,1808500,59,59,30781
2026-09-09T11,1222670,60,56,26944
2026-09-09T11,3419430,61,54,172593
2026-09-09T11,289070,62,61,40216
2026-09-09T11,3321460,63,70,33209
2026-09-09T11,1142710,64,53,33205
2026-09-09T11,3513350,65,58,12937
2026-09-09T11,261550,66,60,38237
2026-09-09T11,2300320,67,67,45767
2026-09-09T11,221100,68,64,52711
2026-09-09T11,1905180,69,62,31994
2026-09-09T11,251570,70,63,36250
2026-09-09T11,594650,71,79,35148
2026-09-09T11,1366800,72,68,38513
2026-09-09T11,291550,73,65,13012
2026-09-09T11,892970,74,95,26994
2026-09-09T11,2183900,75,99,19459
2026-09-09T11,2073620,76,69,32334
2026-09-09T11,2139460,77,74,29002
2026-09-09T11,3551340,78,71,46063
2026-09-09T11,244210,79,84,13266
2026-09-09T11,2358720,80,66,30742
2026-09-09T11,2075800,81,42,26762
2026-09-09T11,714010,82,80,6723
2026-09-09T11,813780,83,85,20026
2026-09-09T11,294100,84,81,31286
2026-09-09T11,945360,85,73,10964
2026-09-09T11,960090,86,87,12033
2026-09-09T11,292030,87,72,19659
2026-09-09T11,1085660,88,75,20761
2026-09-09T11,739630,89,83,13414
2026-09-09T11,3219630,90,-1,29235
2026-09-09T11,4162040,91,88,8942
2026-09-09T11,2073850,92,78,14519
2026-09-09T11,1326470,93,112,21900
2026-09-09T11,3932890,94,90,36130
2026-09-09T11,2622380,95,89,29799
2026-09-09T11,1144200,96,100,9462
2026-09-09T11,3892270,97,162,17965
2026-09-09T11,2399830,98,91,31464
2026-09-09T11,3472040,99,77,18301
2026-09-09T11,4656000,100,-1,17716
2026-09-09T16,730,1,1,1244579
2026-09-09T16,570,2,2,823285
2026-09-09T16,578080,3,3,699519
2026-09-09T16,431960,4,4,104317
2026-09-09T16,1172470,5,5,256292
2026-09-09T16,271590,6,7,70136
2026-09-09T16,2676230,7,9,185547
2026-09-09T16,2868840,8,8,92961
2026-09-09T16,359550,9,14,101316
2026-09-09T16,250900,10,11,83226
2026-09-09T16,2767030,11,13,90779
2026-09-09T16,553850,12,12,56883
2026-09-09T16,1623730,13,10,125064
2026-09-09T16,4001890,14,6,73677
2026-09-09T16,236390,15,18,78052
2026-09-09T16,2357570,16,16,65096
2026-09-09T16,381210,17,17,76090
2026-09-09T16,105600,18,19,60545
2026-09-09T16,3405690,19,15,63847
2026-09-09T16,3240220,20,20,79000
2026-09-09T16,1422450,21,23,78376
2026-09-09T16,322170,22,21,46310
2026-09-09T16,2807960,23,24,45738
2026-09-09T16,108600,24,22,75620
2026-09-09T16,413150,25,25,78436
2026-09-09T16,230410,26,28,64554
2026-09-09T16,2507950,27,29,143426
2026-09-09T16,252490,28,30,115619
2026-09-09T16,1973530,29,27,32290
2026-09-09T16,2694490,30,86,108758
2026-09-09T16,1174180,31,32,49985
2026-09-09T16,3527290,32,26,35836
2026-09-09T16,440,33,31,56949
2026-09-09T16,1086940,34,33,56761
2026-09-09T16,2406770,35,120,25221
2026-09-09T16,438100,36,36,54016
2026-09-09T16,1091500,37,34,41518
2026-09-09T16,227300,38,35,40175
2026-09-09T16,550,39,37,30689
2026-09-09T16,3678970,40,41,105883
2026-09-09T16,1245620,41,39,41526
2026-09-09T16,1203220,42,38,65104
2026-09-09T16,322330,43,40,51234
2026-09-09T16,2638890,44,-1,66653
2026-09-09T16,1449850,45,45,24081
2026-09-09T16,1938090,46,47,34705
2026-09-09T16,394360,47,43,45556
2026-09-09T16,3241660,48,44,24118
2026-09-09T16,2483190,49,48,23058
2026-09-09T16,252950,50,49,25315
2026-09-09T16,3751260,51,-1,54629
2026-09-09T16,284160,52,46,24131
2026-09-09T16,1364780,53,57,40158
2026-09-09T16,1665460,54,50,21923
2026-09-09T16,1281930,55,51,35771
2026-09-09T16,4000,56,52,28635
2026-09-09T16,2246340,57,96,35205
2026-09-09T16,489830,58,55,30230
2026-09-09T16,1808500,59,59,30781
2026-09-09T16,1222670,60,56,26944
2026-09-09T16,3419430,61,54,172593
2026-09-09T16,289070,62,61,40216
2026-09-09T16,3321460,63,70,33209
2026-09-09T16,1142710,64,53,33205
2026-09-09T16,3513350,65,58,12937
2026-09-09T16,261550,66,60,38237
2026-09-09T16,2300320,67,67,45767
2026-09-09T16,221100,68,64,52711
2026-09-09T16,1905180,69,62,31994
2026-09-09T16,251570,70,63,36250
2026-09-09T16,594650,71,79,35148
2026-09-09T16,1366800,72,68,38513
2026-09-09T16,291550,73,65,13012
2026-09-09T16,892970,74,95,26994
2026-09-09T16,2183900,75,99,19459
2026-09-09T16,2073620,76,69,32334
2026-09-09T16,2139460,77,74,29002
2026-09-09T16,3551340,78,71,46063
2026-09-09T16,244210,79,84,13266
2026-09-09T16,2358720,80,66,30742
2026-09-09T16,2075800,81,42,26762
2026-09-09T16,714010,82,80,6723
2026-09-09T16,813780,83,85,20026
2026-09-09T16,294100,84,81,31286
2026-09-09T16,945360,85,73,10964
2026-09-09T16,960090,86,87,12033
2026-09-09T16,292030,87,72,19659
2026-09-09T16,1085660,88,75,20761
2026-09-09T16,739630,89,83,13414
2026-09-09T16,3219630,90,-1,29235
2026-09-09T16,4162040,91,88,8942
2026-09-09T16,2073850,92,78,14519
2026-09-09T16,1326470,93,112,21900
2026-09-09T16,3932890,94,90,36130
2026-09-09T16,2622380,95,89,29799
2026-09-09T16,1144200,96,100,9462
2026-09-09T16,3892270,97,162,17965
2026-09-09T16,2399830,98,91,31464
2026-09-09T16,3472040,99,77,18301
2026-09-09T16,4656000,100,-1,17716
2026-09-09T20,730,1,1,1244579
2026-09-09T20,570,2,2,823285
2026-09-09T20,578080,3,3,699519
2026-09-09T20,431960,4,4,104317
2026-09-09T20,1172470,5,5,256292
2026-09-09T20,271590,6,7,70136
2026-09-09T20,2676230,7,9,185547
2026-09-09T20,2868840,8,8,92961
2026-09-09T20,359550,9,14,101316
2026-09-09T20,250900,10,11,83226
2026-09-09T20,2767030,11,13,90779
2026-09-09T20,553850,12,12,56883
2026-09-09T20,1623730,13,10,125064
2026-09-09T20,4001890,14,6,73677
2026-09-09T20,236390,15,18,78052
2026-09-09T20,2357570,16,16,65096
2026-09-09T20,381210,17,17,76090
2026-09-09T20,105600,18,19,60545
2026-09-09T20,3405690,19,15,63847
2026-09-09T20,3240220,20,20,79000
2026-09-09T20,1422450,21,23,78376
2026-09-09T20,322170,22,21,46310
2026-09-09T20,2807960,23,24,45738
2026-09-09T20,108600,24,22,75620
2026-09-09T20,413150,25,25,78436
2026-09-09T20,230410,26,28,64554
2026-09-09T20,2507950,27,29,143426
2026-09-09T20,252490,28,30,115619
2026-09-09T20,1973530,29,27,32290
2026-09-09T20,2694490,30,86,108758
2026-09-09T20,1174180,31,32,49985
2026-09-09T20,3527290,32,26,35836
2026-09-09T20,440,33,31,56949
2026-09-09T20,1086940,34,33,56761
2026-09-09T20,2406770,35,120,25221
2026-09-09T20,438100,36,36,54016
2026-09-09T20,1091500,37,34,41518
2026-09-09T20,227300,38,35,40175
2026-09-09T20,550,39,37,30689
2026-09-09T20,3678970,40,41,105883
2026-09-09T20,1245620,41,39,41526
2026-09-09T20,1203220,42,38,65104
2026-09-09T20,322330,43,40,51234
2026-09-09T20,2638890,44,-1,66653
2026-09-09T20,1449850,45,45,24081
2026-09-09T20,1938090,46,47,34705
2026-09-09T20,394360,47,43,45556
2026-09-09T20,3241660,48,44,24118
2026-09-09T20,2483190,49,48,23058
2026-09-09T20,252950,50,49,25315
2026-09-09T20,3751260,51,-1,54629
2026-09-09T20,284160,52,46,24131
2026-09-09T20,1364780,53,57,40158
2026-09-09T20,1665460,54,50,21923
2026-09-09T20,1281930,55,51,35771
2026-09-09T20,4000,56,52,28635
2026-09-09T20,2246340,57,96,35205
2026-09-09T20,489830,58,55,30230
2026-09-09T20,1808500,59,59,30781
2026-09-09T20,1222670,60,56,26944
2026-09-09T20,3419430,61,54,172593
2026-09-09T20,289070,62,61,40216
2026-09-09T20,3321460,63,70,33209
2026-09-09T20,1142710,64,53,33205
2026-09-09T20,3513350,65,58,12937
2026-09-09T20,261550,66,60,38237
2026-09-09T20,2300320,67,67,45767
2026-09-09T20,221100,68,64,52711
2026-09-09T20,1905180,69,62,31994
2026-09-09T20,251570,70,63,36250
2026-09-09T20,594650,71,79,35148
2026-09-09T20,1366800,72,68,38513
2026-09-09T20,291550,73,65,13012
2026-09-09T20,892970,74,95,26994
2026-09-09T20,2183900,75,99,19459
2026-09-09T20,2073620,76,69,32334
2026-09-09T20,2139460,77,74,29002
2026-09-09T20,3551340,78,71,46063
2026-09-09T20,244210,79,84,13266
2026-09-09T20,2358720,80,66,30742
2026-09-09T20,2075800,81,42,26762
2026-09-09T20,714010,82,80,6723
2026-09-09T20,813780,83,85,20026
2026-09-09T20,294100,84,81,31286
2026-09-09T20,945360,85,73,10964
2026-09-09T20,960090,86,87,12033
2026-09-09T20,292030,87,72,19659
2026-09-09T20,1085660,88,75,20761
2026-09-09T20,739630,89,83,13414
2026-09-09T20,3219630,90,-1,29235
2026-09-09T20,4162040,91,88,8942
2026-09-09T20,2073850,92,78,14519
2026-09-09T20,1326470,93,112,21900
2026-09-09T20,3932890,94,90,36130
2026-09-09T20,2622380,95,89,29799
2026-09-09T20,1144200,96,100,9462
2026-09-09T20,3892270,97,162,17965
2026-09-09T20,2399830,98,91,31464
2026-09-09T20,3472040,99,77,18301
2026-09-09T20,4656000,100,-1,17716
2026-09-10T00,730,1,1,1244579
2026-09-10T00,570,2,2,823285
2026-09-10T00,578080,3,3,699519
2026-09-10T00,431960,4,4,104317
2026-09-10T00,1172470,5,5,256292
2026-09-10T00,271590,6,7,70136
2026-09-10T00,2676230,7,9,185547
2026-09-10T00,2868840,8,8,92961
2026-09-10T00,359550,9,14,101316
2026-09-10T00,250900,10,11,83226
2026-09-10T00,2767030,11,13,90779
2026-09-10T00,553850,12,12,56883
2026-09-10T00,1623730,13,10,125064
2026-09-10T00,4001890,14,6,73677
2026-09-10T00,236390,15,18,78052
2026-09-10T00,2357570,16,16,65096
2026-09-10T00,381210,17,17,76090
2026-09-10T00,105600,18,19,60545
2026-09-10T00,3405690,19,15,63847
2026-09-10T00,3240220,20,20,79000
2026-09-10T00,1422450,21,23,78376
2026-09-10T00,322170,22,21,46310
2026-09-10T00,2807960,23,24,45738
2026-09-10T00,108600,24,22,75620
2026-09-10T00,413150,25,25,78436
2026-09-10T00,230410,26,28,64554
2026-09-10T00,2507950,27,29,143426
2026-09-10T00,252490,28,30,115619
2026-09-10T00,1973530,29,27,32290
2026-09-10T00,2694490,30,86,108758
2026-09-10T00,1174180,31,32,49985
2026-09-10T00,3527290,32,26,35836
2026-09-10T00,440,33,31,56949
2026-09-10T00,1086940,34,33,56761
2026-09-10T00,2406770,35,120,25221
2026-09-10T00,438100,36,36,54016
2026-09-10T00,1091500,37,34,41518
2026-09-10T00,227300,38,35,40175
2026-09-10T00,550,39,37,30689
2026-09-10T00,3678970,40,41,105883
2026-09-10T00,1245620,41,39,41526
2026-09-10T00,1203220,42,38,65104
2026-09-10T00,322330,43,40,51234
2026-09-10T00,2638890,44,-1,66653
2026-09-10T00,1449850,45,45,24081
2026-09-10T00,1938090,46,47,34705
2026-09-10T00,394360,47,43,45556
2026-09-10T00,3241660,48,44,24118
2026-09-10T00,2483190,49,48,23058
2026-09-10T00,252950,50,49,25315
2026-09-10T00,3751260,51,-1,54629
2026-09-10T00,284160,52,46,24131
2026-09-10T00,1364780,53,57,40158
2026-09-10T00,1665460,54,50,21923
2026-09-10T00,1281930,55,51,35771
2026-09-10T00,4000,56,52,28635
2026-09-10T00,2246340,57,96,35205
2026-09-10T00,489830,58,55,30230
2026-09-10T00,1808500,59,59,30781
2026-09-10T00,1222670,60,56,26944
2026-09-10T00,3419430,61,54,172593
2026-09-10T00,289070,62,61,40216
2026-09-10T00,3321460,63,70,33209
2026-09-10T00,1142710,64,53,33205
2026-09-10T00,3513350,65,58,12937
2026-09-10T00,261550,66,60,38237
2026-09-10T00,2300320,67,67,45767
2026-09-10T00,221100,68,64,52711
2026-09-10T00,1905180,69,62,31994
2026-09-10T00,251570,70,63,36250
2026-09-10T00,594650,71,79,35148
2026-09-10T00,1366800,72,68,38513
2026-09-10T00,291550,73,65,13012
2026-09-10T00,892970,74,95,26994
2026-09-10T00,2183900,75,99,19459
2026-09-10T00,2073620,76,69,32334
2026-09-10T00,2139460,77,74,29002
2026-09-10T00,3551340,78,71,46063
2026-09-10T00,244210,79,84,13266
2026-09-10T00,2358720,80,66,30742
2026-09-10T00,2075800,81,42,26762
2026-09-10T00,714010,82,80,6723
2026-09-10T00,813780,83,85,20026
2026-09-10T00,294100,84,81,31286
2026-09-10T00,945360,85,73,10964
2026-09-10T00,960090,86,87,12033
2026-09-10T00,292030,87,72,19659
2026-09-10T00,1085660,88,75,20761
2026-09-10T00,739630,89,83,13414
2026-09-10T00,3219630,90,-1,29235
2026-09-10T00,4162040,91,88,8942
2026-09-10T00,2073850,92,78,14519
2026-09-10T00,1326470,93,112,21900
2026-09-10T00,3932890,94,90,36130
2026-09-10T00,2622380,95,89,29799
2026-09-10T00,1144200,96,100,9462
2026-09-10T00,3892270,97,162,17965
2026-09-10T00,2399830,98,91,31464
2026-09-10T00,3472040,99,77,18301
2026-09-10T00,4656000,100,-1,17716
2026-09-10T04,730,1,1,1330410
2026-09-10T04,570,2,2,755627
2026-09-10T04,578080,3,3,675465
2026-09-10T04,431960,4,4,101781
2026-09-10T04,1172470,5,5,255491
2026-09-10T04,271590,6,7,69852
2026-09-10T04,2676230,7,9,185657
2026-09-10T04,2868840,8,8,91170
2026-09-10T04,2767030,9,13,95219
2026-09-10T04,250900,10,11,81629
2026-09-10T04,359550,11,12,90270
2026-09-10T04,892970,12,98,168093
2026-09-10T04,381210,13,18,71509
2026-09-10T04,553850,14,14,53386
2026-09-10T04,236390,15,19,82978
2026-09-10T04,1623730,16,10,117856
2026-09-10T04,2357570,17,16,62214
2026-09-10T04,3405690,18,15,65584
2026-09-10T04,4001890,19,6,65706
2026-09-10T04,105600,20,17,59678
2026-09-10T04,3240220,21,20,79030
2026-09-10T04,322170,22,21,45569
2026-09-10T04,1422450,23,22,73384
2026-09-10T04,2507950,24,27,146923
2026-09-10T04,2807960,25,24,43421
2026-09-10T04,230410,26,28,72085
2026-09-10T04,108600,27,23,71397
2026-09-10T04,413150,28,25,76704
2026-09-10T04,1973530,29,26,34819
2026-09-10T04,252490,30,32,107435
2026-09-10T04,2694490,31,88,100169
2026-09-10T04,440,32,31,54434
2026-09-10T04,1174180,33,30,48146
2026-09-10T04,3527290,34,29,32715
2026-09-10T04,438100,35,35,50479
2026-09-10T04,1086940,36,33,52121
2026-09-10T04,227300,37,36,38956
2026-09-10T04,550,38,37,29122
2026-09-10T04,2406770,39,58,23643
2026-09-10T04,1091500,40,34,39328
2026-09-10T04,3678970,41,41,112304
2026-09-10T04,1245620,42,38,40339
2026-09-10T04,1203220,43,39,63496
2026-09-10T04,322330,44,40,50204
2026-09-10T04,1449850,45,45,33115
2026-09-10T04,394360,46,42,45843
2026-09-10T04,1938090,47,43,31313
2026-09-10T04,2638890,48,-1,60508
2026-09-10T04,2483190,49,44,25006
2026-09-10T04,3241660,50,47,24139
2026-09-10T04,252950,51,48,26097
2026-09-10T04,284160,52,49,23481
2026-09-10T04,1364780,53,54,38862
2026-09-10T04,1665460,54,51,21437
2026-09-10T04,3751260,55,147,47695
2026-09-10T04,1281930,56,50,32378
2026-09-10T04,2246340,57,91,35716
2026-09-10T04,4000,58,56,27681
2026-09-10T04,3419430,59,53,157135
2026-09-10T04,3513350,60,59,12878
2026-09-10T04,489830,61,55,26956
2026-09-10T04,594650,62,80,38268
2026-09-10T04,1808500,63,61,30749
2026-09-10T04,1222670,64,57,26406
2026-09-10T04,289070,65,62,40174
2026-09-10T04,1142710,66,52,31889
2026-09-10T04,2300320,67,68,45481
2026-09-10T04,3321460,68,73,32352
2026-09-10T04,261550,69,60,38202
2026-09-10T04,1905180,70,64,30086
2026-09-10T04,1366800,71,69,36611
2026-09-10T04,221100,72,65,49873
2026-09-10T04,291550,73,66,12606
2026-09-10T04,251570,74,63,34803
2026-09-10T04,3219630,75,-1,33639
2026-09-10T04,2183900,76,99,20375
2026-09-10T04,2073620,77,70,32340
2026-09-10T04,275850,78,156,24887
2026-09-10T04,2139460,79,74,27446
2026-09-10T04,3551340,80,71,45259
2026-09-10T04,244210,81,82,13411
2026-09-10T04,4162040,82,93,15315
2026-09-10T04,714010,83,79,6578
2026-09-10T04,2358720,84,67,29931
2026-09-10T04,813780,85,86,19793
2026-09-10T04,3892270,86,150,19707
2026-09-10T04,294100,87,84,30206
2026-09-10T04,960090,88,83,11108
2026-09-10T04,1144200,89,104,10615
2026-09-10T04,1085660,90,76,19410
2026-09-10T04,292030,91,75,18680
2026-09-10T04,945360,92,78,10199
2026-09-10T04,2075800,93,46,19686
2026-09-10T04,3932890,94,94,35914
2026-09-10T04,739630,95,89,13240
2026-09-10T04,2073850,96,81,14492
2026-09-10T04,2622380,97,90,29476
2026-09-10T04,582010,98,106,25378
2026-09-10T04,3472040,99,77,18133
2026-09-10T04,1158310,100,96,21458
2026-09-10T11,730,1,1,1330410
2026-09-10T11,570,2,2,755627
2026-09-10T11,578080,3,3,675465
2026-09-10T11,431960,4,4,101781
2026-09-10T11,1172470,5,5,255491
2026-09-10T11,271590,6,7,69852
2026-09-10T11,2676230,7,9,185657
2026-09-10T11,2868840,8,8,91170
2026-09-10T11,2767030,9,13,95219
2026-09-10T11,250900,10,11,81629
2026-09-10T11,359550,11,12,90270
2026-09-10T11,892970,12,98,168093
2026-09-10T11,381210,13,18,71509
2026-09-10T11,553850,14,14,53386
2026-09-10T11,236390,15,19,82978
2026-09-10T11,1623730,16,10,117856
2026-09-10T11,2357570,17,16,62214
2026-09-10T11,3405690,18,15,65584
2026-09-10T11,4001890,19,6,65706
2026-09-10T11,105600,20,17,59678
2026-09-10T11,3240220,21,20,79030
2026-09-10T11,322170,22,21,45569
2026-09-10T11,1422450,23,22,73384
2026-09-10T11,2507950,24,27,146923
2026-09-10T11,2807960,25,24,43421
2026-09-10T11,230410,26,28,72085
2026-09-10T11,108600,27,23,71397
2026-09-10T11,413150,28,25,76704
2026-09-10T11,1973530,29,26,34819
2026-09-10T11,252490,30,32,107435
2026-09-10T11,2694490,31,88,100169
2026-09-10T11,440,32,31,54434
2026-09-10T11,1174180,33,30,48146
2026-09-10T11,3527290,34,29,32715
2026-09-10T11,438100,35,35,50479
2026-09-10T11,1086940,36,33,52121
2026-09-10T11,227300,37,36,38956
2026-09-10T11,550,38,37,29122
2026-09-10T11,2406770,39,58,23643
2026-09-10T11,1091500,40,34,39328
2026-09-10T11,3678970,41,41,112304
2026-09-10T11,1245620,42,38,40339
2026-09-10T11,1203220,43,39,63496
2026-09-10T11,322330,44,40,50204
2026-09-10T11,1449850,45,45,33115
2026-09-10T11,394360,46,42,45843
2026-09-10T11,1938090,47,43,31313
2026-09-10T11,2638890,48,-1,60508
2026-09-10T11,2483190,49,44,25006
2026-09-10T11,3241660,50,47,24139
2026-09-10T11,252950,51,48,26097
2026-09-10T11,284160,52,49,23481
2026-09-10T11,1364780,53,54,38862
2026-09-10T11,1665460,54,51,21437
2026-09-10T11,3751260,55,147,47695
2026-09-10T11,1281930,56,50,32378
2026-09-10T11,2246340,57,91,35716
2026-09-10T11,4000,58,56,27681
2026-09-10T11,3419430,59,53,157135
2026-09-10T11,3513350,60,59,12878
2026-09-10T11,489830,61,55,26956
2026-09-10T11,594650,62,80,38268
2026-09-10T11,1808500,63,61,30749
2026-09-10T11,1222670,64,57,26406
2026-09-10T11,289070,65,62,40174
2026-09-10T11,1142710,66,52,31889
2026-09-10T11,2300320,67,68,45481
2026-09-10T11,3321460,68,73,32352
2026-09-10T11,261550,69,60,38202
2026-09-10T11,1905180,70,64,30086
2026-09-10T11,1366800,71,69,36611
2026-09-10T11,221100,72,65,49873
2026-09-10T11,291550,73,66,12606
2026-09-10T11,251570,74,63,34803
2026-09-10T11,3219630,75,-1,33639
2026-09-10T11,2183900,76,99,20375
2026-09-10T11,2073620,77,70,32340
2026-09-10T11,275850,78,156,24887
2026-09-10T11,2139460,79,74,27446
2026-09-10T11,3551340,80,71,45259
2026-09-10T11,244210,81,82,13411
2026-09-10T11,4162040,82,93,15315
2026-09-10T11,714010,83,79,6578
2026-09-10T11,2358720,84,67,29931
2026-09-10T11,813780,85,86,19793
2026-09-10T11,3892270,86,150,19707
2026-09-10T11,294100,87,84,30206
2026-09-10T11,960090,88,83,11108
2026-09-10T11,1144200,89,104,10615
2026-09-10T11,1085660,90,76,19410
2026-09-10T11,292030,91,75,18680
2026-09-10T11,945360,92,78,10199
2026-09-10T11,2075800,93,46,19686
2026-09-10T11,3932890,94,94,35914
2026-09-10T11,739630,95,89,13240
2026-09-10T11,2073850,96,81,14492
2026-09-10T11,2622380,97,90,29476
2026-09-10T11,582010,98,106,25378
2026-09-10T11,3472040,99,77,18133
2026-09-10T11,1158310,100,96,21458
2026-09-10T16,730,1,1,1330410
2026-09-10T16,570,2,2,755627
2026-09-10T16,578080,3,3,675465
2026-09-10T16,431960,4,4,101781
2026-09-10T16,1172470,5,5,255491
2026-09-10T16,271590,6,7,69852
2026-09-10T16,2676230,7,9,185657
2026-09-10T16,2868840,8,8,91170
2026-09-10T16,2767030,9,13,95219
2026-09-10T16,250900,10,11,81629
2026-09-10T16,359550,11,12,90270
2026-09-10T16,892970,12,98,168093
2026-09-10T16,381210,13,18,71509
2026-09-10T16,553850,14,14,53386
2026-09-10T16,236390,15,19,82978
2026-09-10T16,1623730,16,10,117856
2026-09-10T16,2357570,17,16,62214
2026-09-10T16,3405690,18,15,65584
2026-09-10T16,4001890,19,6,65706
2026-09-10T16,105600,20,17,59678
2026-09-10T16,3240220,21,20,79030
2026-09-10T16,322170,22,21,45569
2026-09-10T16,1422450,23,22,73384
2026-09-10T16,2507950,24,27,146923
2026-09-10T16,2807960,25,24,43421
2026-09-10T16,230410,26,28,72085
2026-09-10T16,108600,27,23,71397
2026-09-10T16,413150,28,25,76704
2026-09-10T16,1973530,29,26,34819
2026-09-10T16,252490,30,32,107435
2026-09-10T16,2694490,31,88,100169
2026-09-10T16,440,32,31,54434
2026-09-10T16,1174180,33,30,48146
2026-09-10T16,3527290,34,29,32715
2026-09-10T16,438100,35,35,50479
2026-09-10T16,1086940,36,33,52121
2026-09-10T16,227300,37,36,38956
2026-09-10T16,550,38,37,29122
2026-09-10T16,2406770,39,58,23643
2026-09-10T16,1091500,40,34,39328
2026-09-10T16,3678970,41,41,112304
2026-09-10T16,1245620,42,38,40339
2026-09-10T16,1203220,43,39,63496
2026-09-10T16,322330,44,40,50204
2026-09-10T16,1449850,45,45,33115
2026-09-10T16,394360,46,42,45843
2026-09-10T16,1938090,47,43,31313
2026-09-10T16,2638890,48,-1,60508
2026-09-10T16,2483190,49,44,25006
2026-09-10T16,3241660,50,47,24139
2026-09-10T16,252950,51,48,26097
2026-09-10T16,284160,52,49,23481
2026-09-10T16,1364780,53,54,38862
2026-09-10T16,1665460,54,51,21437
2026-09-10T16,3751260,55,147,47695
2026-09-10T16,1281930,56,50,32378
2026-09-10T16,2246340,57,91,35716
2026-09-10T16,4000,58,56,27681
2026-09-10T16,3419430,59,53,157135
2026-09-10T16,3513350,60,59,12878
2026-09-10T16,489830,61,55,26956
2026-09-10T16,594650,62,80,38268
2026-09-10T16,1808500,63,61,30749
2026-09-10T16,1222670,64,57,26406
2026-09-10T16,289070,65,62,40174
2026-09-10T16,1142710,66,52,31889
2026-09-10T16,2300320,67,68,45481
2026-09-10T16,3321460,68,73,32352
2026-09-10T16,261550,69,60,38202
2026-09-10T16,1905180,70,64,30086
2026-09-10T16,1366800,71,69,36611
2026-09-10T16,221100,72,65,49873
2026-09-10T16,291550,73,66,12606
2026-09-10T16,251570,74,63,34803
2026-09-10T16,3219630,75,-1,33639
2026-09-10T16,2183900,76,99,20375
2026-09-10T16,2073620,77,70,32340
2026-09-10T16,275850,78,156,24887
2026-09-10T16,2139460,79,74,27446
2026-09-10T16,3551340,80,71,45259
2026-09-10T16,244210,81,82,13411
2026-09-10T16,4162040,82,93,15315
2026-09-10T16,714010,83,79,6578
2026-09-10T16,2358720,84,67,29931
2026-09-10T16,813780,85,86,19793
2026-09-10T16,3892270,86,150,19707
2026-09-10T16,294100,87,84,30206
2026-09-10T16,960090,88,83,11108
2026-09-10T16,1144200,89,104,10615
2026-09-10T16,1085660,90,76,19410
2026-09-10T16,292030,91,75,18680
2026-09-10T16,945360,92,78,10199
2026-09-10T16,2075800,93,46,19686
2026-09-10T16,3932890,94,94,35914
2026-09-10T16,739630,95,89,13240
2026-09-10T16,2073850,96,81,14492
2026-09-10T16,2622380,97,90,29476
2026-09-10T16,582010,98,106,25378
2026-09-10T16,3472040,99,77,18133
2026-09-10T16,1158310,100,96,21458
2026-09-10T20,730,1,1,1330410
2026-09-10T20,570,2,2,755627
2026-09-10T20,578080,3,3,675465
2026-09-10T20,431960,4,4,101781
2026-09-10T20,1172470,5,5,255491
2026-09-10T20,271590,6,7,69852
2026-09-10T20,2676230,7,9,185657
2026-09-10T20,2868840,8,8,91170
2026-09-10T20,2767030,9,13,95219
2026-09-10T20,250900,10,11,81629
2026-09-10T20,359550,11,12,90270
2026-09-10T20,892970,12,98,168093
2026-09-10T20,381210,13,18,71509
2026-09-10T20,553850,14,14,53386
2026-09-10T20,236390,15,19,82978
2026-09-10T20,1623730,16,10,117856
2026-09-10T20,2357570,17,16,62214
2026-09-10T20,3405690,18,15,65584
2026-09-10T20,4001890,19,6,65706
2026-09-10T20,105600,20,17,59678
2026-09-10T20,3240220,21,20,79030
2026-09-10T20,322170,22,21,45569
2026-09-10T20,1422450,23,22,73384
2026-09-10T20,2507950,24,27,146923
2026-09-10T20,2807960,25,24,43421
2026-09-10T20,230410,26,28,72085
2026-09-10T20,108600,27,23,71397
2026-09-10T20,413150,28,25,76704
2026-09-10T20,1973530,29,26,34819
2026-09-10T20,252490,30,32,107435
2026-09-10T20,2694490,31,88,100169
2026-09-10T20,440,32,31,54434
2026-09-10T20,1174180,33,30,48146
2026-09-10T20,3527290,34,29,32715
2026-09-10T20,438100,35,35,50479
2026-09-10T20,1086940,36,33,52121
2026-09-10T20,227300,37,36,38956
2026-09-10T20,550,38,37,29122
2026-09-10T20,2406770,39,58,23643
2026-09-10T20,1091500,40,34,39328
2026-09-10T20,3678970,41,41,112304
2026-09-10T20,1245620,42,38,40339
2026-09-10T20,1203220,43,39,63496
2026-09-10T20,322330,44,40,50204
2026-09-10T20,1449850,45,45,33115
2026-09-10T20,394360,46,42,45843
2026-09-10T20,1938090,47,43,31313
2026-09-10T20,2638890,48,-1,60508
2026-09-10T20,2483190,49,44,25006
2026-09-10T20,3241660,50,47,24139
2026-09-10T20,252950,51,48,26097
2026-09-10T20,284160,52,49,23481
2026-09-10T20,1364780,53,54,38862
2026-09-10T20,1665460,54,51,21437
2026-09-10T20,3751260,55,147,47695
2026-09-10T20,1281930,56,50,32378
2026-09-10T20,2246340,57,91,35716
2026-09-10T20,4000,58,56,27681
2026-09-10T20,3419430,59,53,157135
2026-09-10T20,3513350,60,59,12878
2026-09-10T20,489830,61,55,26956
2026-09-10T20,594650,62,80,38268
2026-09-10T20,1808500,63,61,30749
2026-09-10T20,1222670,64,57,26406
2026-09-10T20,289070,65,62,40174
2026-09-10T20,1142710,66,52,31889
2026-09-10T20,2300320,67,68,45481
2026-09-10T20,3321460,68,73,32352
2026-09-10T20,261550,69,60,38202
2026-09-10T20,1905180,70,64,30086
2026-09-10T20,1366800,71,69,36611
2026-09-10T20,221100,72,65,49873
2026-09-10T20,291550,73,66,12606
2026-09-10T20,251570,74,63,34803
2026-09-10T20,3219630,75,-1,33639
2026-09-10T20,2183900,76,99,20375
2026-09-10T20,2073620,77,70,32340
2026-09-10T20,275850,78,156,24887
2026-09-10T20,2139460,79,74,27446
2026-09-10T20,3551340,80,71,45259
2026-09-10T20,244210,81,82,13411
2026-09-10T20,4162040,82,93,15315
2026-09-10T20,714010,83,79,6578
2026-09-10T20,2358720,84,67,29931
2026-09-10T20,813780,85,86,19793
2026-09-10T20,3892270,86,150,19707
2026-09-10T20,294100,87,84,30206
2026-09-10T20,960090,88,83,11108
2026-09-10T20,1144200,89,104,10615
2026-09-10T20,1085660,90,76,19410
2026-09-10T20,292030,91,75,18680
2026-09-10T20,945360,92,78,10199
2026-09-10T20,2075800,93,46,19686
2026-09-10T20,3932890,94,94,35914
2026-09-10T20,739630,95,89,13240
2026-09-10T20,2073850,96,81,14492
2026-09-10T20,2622380,97,90,29476
2026-09-10T20,582010,98,106,25378
2026-09-10T20,3472040,99,77,18133
2026-09-10T20,1158310,100,96,21458
2026-09-11T00,730,1,1,1330410
2026-09-11T00,570,2,2,755627
2026-09-11T00,578080,3,3,675465
2026-09-11T00,431960,4,4,101781
2026-09-11T00,1172470,5,5,255491
2026-09-11T00,271590,6,7,69852
2026-09-11T00,2676230,7,9,185657
2026-09-11T00,2868840,8,8,91170
2026-09-11T00,2767030,9,13,95219
2026-09-11T00,250900,10,11,81629
2026-09-11T00,359550,11,12,90270
2026-09-11T00,892970,12,98,168093
2026-09-11T00,381210,13,18,71509
2026-09-11T00,553850,14,14,53386
2026-09-11T00,236390,15,19,82978
2026-09-11T00,1623730,16,10,117856
2026-09-11T00,2357570,17,16,62214
2026-09-11T00,3405690,18,15,65584
2026-09-11T00,4001890,19,6,65706
2026-09-11T00,105600,20,17,59678
2026-09-11T00,3240220,21,20,79030
2026-09-11T00,322170,22,21,45569
2026-09-11T00,1422450,23,22,73384
2026-09-11T00,2507950,24,27,146923
2026-09-11T00,2807960,25,24,43421
2026-09-11T00,230410,26,28,72085
2026-09-11T00,108600,27,23,71397
2026-09-11T00,413150,28,25,76704
2026-09-11T00,1973530,29,26,34819
2026-09-11T00,252490,30,32,107435
2026-09-11T00,2694490,31,88,100169
2026-09-11T00,440,32,31,54434
2026-09-11T00,1174180,33,30,48146
2026-09-11T00,3527290,34,29,32715
2026-09-11T00,438100,35,35,50479
2026-09-11T00,1086940,36,33,52121
2026-09-11T00,227300,37,36,38956
2026-09-11T00,550,38,37,29122
2026-09-11T00,2406770,39,58,23643
2026-09-11T00,1091500,40,34,39328
2026-09-11T00,3678970,41,41,112304
2026-09-11T00,1245620,42,38,40339
2026-09-11T00,1203220,43,39,63496
2026-09-11T00,322330,44,40,50204
2026-09-11T00,1449850,45,45,33115
2026-09-11T00,394360,46,42,45843
2026-09-11T00,1938090,47,43,31313
2026-09-11T00,2638890,48,-1,60508
2026-09-11T00,2483190,49,44,25006
2026-09-11T00,3241660,50,47,24139
2026-09-11T00,252950,51,48,26097
2026-09-11T00,284160,52,49,23481
2026-09-11T00,1364780,53,54,38862
2026-09-11T00,1665460,54,51,21437
2026-09-11T00,3751260,55,147,47695
2026-09-11T00,1281930,56,50,32378
2026-09-11T00,2246340,57,91,35716
2026-09-11T00,4000,58,56,27681
2026-09-11T00,3419430,59,53,157135
2026-09-11T00,3513350,60,59,12878
2026-09-11T00,489830,61,55,26956
2026-09-11T00,594650,62,80,38268
2026-09-11T00,1808500,63,61,30749
2026-09-11T00,1222670,64,57,26406
2026-09-11T00,289070,65,62,40174
2026-09-11T00,1142710,66,52,31889
2026-09-11T00,2300320,67,68,45481
2026-09-11T00,3321460,68,73,32352
2026-09-11T00,261550,69,60,38202
2026-09-11T00,1905180,70,64,30086
2026-09-11T00,1366800,71,69,36611
2026-09-11T00,221100,72,65,49873
2026-09-11T00,291550,73,66,12606
2026-09-11T00,251570,74,63,34803
2026-09-11T00,3219630,75,-1,33639
2026-09-11T00,2183900,76,99,20375
2026-09-11T00,2073620,77,70,32340
2026-09-11T00,275850,78,156,24887
2026-09-11T00,2139460,79,74,27446
2026-09-11T00,3551340,80,71,45259
2026-09-11T00,244210,81,82,13411
2026-09-11T00,4162040,82,93,15315
2026-09-11T00,714010,83,79,6578
2026-09-11T00,2358720,84,67,29931
2026-09-11T00,813780,85,86,19793
2026-09-11T00,3892270,86,150,19707
2026-09-11T00,294100,87,84,30206
2026-09-11T00,960090,88,83,11108
2026-09-11T00,1144200,89,104,10615
2026-09-11T00,1085660,90,76,19410
2026-09-11T00,292030,91,75,18680
2026-09-11T00,945360,92,78,10199
2026-09-11T00,2075800,93,46,19686
2026-09-11T00,3932890,94,94,35914
2026-09-11T00,739630,95,89,13240
2026-09-11T00,2073850,96,81,14492
2026-09-11T00,2622380,97,90,29476
2026-09-11T00,582010,98,106,25378
2026-09-11T00,3472040,99,77,18133
2026-09-11T00,1158310,100,96,21458
2026-09-11T04,730,1,1,1259987
2026-09-11T04,570,2,2,791174
2026-09-11T04,578080,3,3,783417
2026-09-11T04,431960,4,4,98468
2026-09-11T04,1172470,5,5,250616
2026-09-11T04,892970,6,99,190713
2026-09-11T04,271590,7,7,67631
2026-09-11T04,1867240,8,-1,337157
2026-09-11T04,2676230,9,9,184974
2026-09-11T04,2767030,10,13,93739
2026-09-11T04,2868840,11,8,91510
2026-09-11T04,250900,12,10,81467
2026-09-11T04,359550,13,11,84166
2026-09-11T04,381210,14,19,68200
2026-09-11T04,3405690,15,15,68212
2026-09-11T04,236390,16,17,77755
2026-09-11T04,553850,17,14,51514
2026-09-11T04,2357570,18,16,61791
2026-09-11T04,1623730,19,12,111025
2026-09-11T04,105600,20,18,56025
2026-09-11T04,3240220,21,20,81216
2026-09-11T04,322170,22,21,47304
2026-09-11T04,4001890,23,6,59481
2026-09-11T04,1422450,24,22,70077
2026-09-11T04,230410,25,30,72854
2026-09-11T04,2507950,26,31,139557
2026-09-11T04,1973530,27,26,46762
2026-09-11T04,2807960,28,24,41640
2026-09-11T04,413150,29,25,74533
2026-09-11T04,108600,30,23,67052
2026-09-11T04,252490,31,28,110915
2026-09-11T04,2694490,32,78,93550
2026-09-11T04,440,33,33,56042
2026-09-11T04,1174180,34,32,45396
2026-09-11T04,438100,35,35,52864
2026-09-11T04,550,36,38,29717
2026-09-11T04,227300,37,37,38036
2026-09-11T04,1086940,38,36,50481
2026-09-11T04,3527290,39,29,28799
2026-09-11T04,1091500,40,34,38213
2026-09-11T04,3678970,41,45,109028
2026-09-11T04,2406770,42,42,21051
2026-09-11T04,1245620,43,40,39901
2026-09-11T04,1203220,44,39,64498
2026-09-11T04,1449850,45,41,29362
2026-09-11T04,275850,46,161,32906
2026-09-11T04,2483190,47,44,38408
2026-09-11T04,322330,48,43,48730
2026-09-11T04,394360,49,46,45749
2026-09-11T04,1938090,50,47,31506
2026-09-11T04,3241660,51,51,24602
2026-09-11T04,2638890,52,-1,55541
2026-09-11T04,252950,53,49,26677
2026-09-11T04,1665460,54,50,29492
2026-09-11T04,284160,55,52,23391
2026-09-11T04,1364780,56,55,37381
2026-09-11T04,3513350,57,60,19711
2026-09-11T04,4000,58,58,28034
2026-09-11T04,2246340,59,77,36331
2026-09-11T04,1281930,60,53,33417
2026-09-11T04,3751260,61,48,43903
2026-09-11T04,489830,62,59,28271
2026-09-11T04,3419430,63,54,158176
2026-09-11T04,289070,64,63,39416
2026-09-11T04,1222670,65,61,25995
2026-09-11T04,594650,66,84,35280
2026-09-11T04,1808500,67,65,29810
2026-09-11T04,1905180,68,66,31773
2026-09-11T04,2300320,69,70,45229
2026-09-11T04,1142710,70,57,30899
2026-09-11T04,261550,71,62,37220
2026-09-11T04,1366800,72,64,35607
2026-09-11T04,3321460,73,72,30838
2026-09-11T04,291550,74,69,12893
2026-09-11T04,221100,75,68,47319
2026-09-11T04,2073620,76,73,30206
2026-09-11T04,2183900,77,97,19626
2026-09-11T04,251570,78,67,33349
2026-09-11T04,244210,79,83,13754
2026-09-11T04,3551340,80,74,45774
2026-09-11T04,2139460,81,80,27022
2026-09-11T04,3219630,82,-1,26990
2026-09-11T04,714010,83,79,6440
2026-09-11T04,4162040,84,93,11680
2026-09-11T04,2358720,85,71,28654
2026-09-11T04,813780,86,85,19828
2026-09-11T04,1144200,87,104,11207
2026-09-11T04,3892270,88,142,20087
2026-09-11T04,960090,89,87,10837
2026-09-11T04,294100,90,86,29633
2026-09-11T04,292030,91,75,18228
2026-09-11T04,945360,92,82,10557
2026-09-11T04,582010,93,106,26344
2026-09-11T04,739630,94,90,13476
2026-09-11T04,2073850,95,88,14595
2026-09-11T04,1085660,96,81,17712
2026-09-11T04,2622380,97,91,29590
2026-09-11T04,3932890,98,94,35090
2026-09-11T04,3472040,99,76,17806
2026-09-11T04,1158310,100,96,21060
2026-09-11T11,730,1,1,1259987
2026-09-11T11,570,2,2,791174
2026-09-11T11,578080,3,3,783417
2026-09-11T11,431960,4,4,98468
2026-09-11T11,1172470,5,5,250616
2026-09-11T11,892970,6,99,190713
2026-09-11T11,271590,7,7,67631
2026-09-11T11,1867240,8,-1,337157
2026-09-11T11,2676230,9,9,184974
2026-09-11T11,2767030,10,13,93739
2026-09-11T11,2868840,11,8,91510
2026-09-11T11,250900,12,10,81467
2026-09-11T11,359550,13,11,84166
2026-09-11T11,381210,14,19,68200
2026-09-11T11,3405690,15,15,68212
2026-09-11T11,236390,16,17,77755
2026-09-11T11,553850,17,14,51514
2026-09-11T11,2357570,18,16,61791
2026-09-11T11,1623730,19,12,111025
2026-09-11T11,105600,20,18,56025
2026-09-11T11,3240220,21,20,81216
2026-09-11T11,322170,22,21,47304
2026-09-11T11,4001890,23,6,59481
2026-09-11T11,1422450,24,22,70077
2026-09-11T11,230410,25,30,72854
2026-09-11T11,2507950,26,31,139557
2026-09-11T11,1973530,27,26,46762
2026-09-11T11,2807960,28,24,41640
2026-09-11T11,413150,29,25,74533
2026-09-11T11,108600,30,23,67052
2026-09-11T11,252490,31,28,110915
2026-09-11T11,2694490,32,78,93550
2026-09-11T11,440,33,33,56042
2026-09-11T11,1174180,34,32,45396
2026-09-11T11,438100,35,35,52864
2026-09-11T11,550,36,38,29717
2026-09-11T11,227300,37,37,38036
2026-09-11T11,1086940,38,36,50481
2026-09-11T11,3527290,39,29,28799
2026-09-11T11,1091500,40,34,38213
2026-09-11T11,3678970,41,45,109028
2026-09-11T11,2406770,42,42,21051
2026-09-11T11,1245620,43,40,39901
2026-09-11T11,1203220,44,39,64498
2026-09-11T11,1449850,45,41,29362
2026-09-11T11,275850,46,161,32906
2026-09-11T11,2483190,47,44,38408
2026-09-11T11,322330,48,43,48730
2026-09-11T11,394360,49,46,45749
2026-09-11T11,1938090,50,47,31506
2026-09-11T11,3241660,51,51,24602
2026-09-11T11,2638890,52,-1,55541
2026-09-11T11,252950,53,49,26677
2026-09-11T11,1665460,54,50,29492
2026-09-11T11,284160,55,52,23391
2026-09-11T11,1364780,56,55,37381
2026-09-11T11,3513350,57,60,19711
2026-09-11T11,4000,58,58,28034
2026-09-11T11,2246340,59,77,36331
2026-09-11T11,1281930,60,53,33417
2026-09-11T11,3751260,61,48,43903
2026-09-11T11,489830,62,59,28271
2026-09-11T11,3419430,63,54,158176
2026-09-11T11,289070,64,63,39416
2026-09-11T11,1222670,65,61,25995
2026-09-11T11,594650,66,84,35280
2026-09-11T11,1808500,67,65,29810
2026-09-11T11,1905180,68,66,31773
2026-09-11T11,2300320,69,70,45229
2026-09-11T11,1142710,70,57,30899
2026-09-11T11,261550,71,62,37220
2026-09-11T11,1366800,72,64,35607
2026-09-11T11,3321460,73,72,30838
2026-09-11T11,291550,74,69,12893
2026-09-11T11,221100,75,68,47319
2026-09-11T11,2073620,76,73,30206
2026-09-11T11,2183900,77,97,19626
2026-09-11T11,251570,78,67,33349
2026-09-11T11,244210,79,83,13754
2026-09-11T11,3551340,80,74,45774
2026-09-11T11,2139460,81,80,27022
2026-09-11T11,3219630,82,-1,26990
2026-09-11T11,714010,83,79,6440
2026-09-11T11,4162040,84,93,11680
2026-09-11T11,2358720,85,71,28654
2026-09-11T11,813780,86,85,19828
2026-09-11T11,1144200,87,104,11207
2026-09-11T11,3892270,88,142,20087
2026-09-11T11,960090,89,87,10837
2026-09-11T11,294100,90,86,29633
2026-09-11T11,292030,91,75,18228
2026-09-11T11,945360,92,82,10557
2026-09-11T11,582010,93,106,26344
2026-09-11T11,739630,94,90,13476
2026-09-11T11,2073850,95,88,14595
2026-09-11T11,1085660,96,81,17712
2026-09-11T11,2622380,97,91,29590
2026-09-11T11,3932890,98,94,35090
2026-09-11T11,3472040,99,76,17806
2026-09-11T11,1158310,100,96,21060
2026-09-11T16,730,1,1,1259987
2026-09-11T16,570,2,2,791174
2026-09-11T16,578080,3,3,783417
2026-09-11T16,431960,4,4,98468
2026-09-11T16,1172470,5,5,250616
2026-09-11T16,892970,6,99,190713
2026-09-11T16,271590,7,7,67631
2026-09-11T16,1867240,8,-1,337157
2026-09-11T16,2676230,9,9,184974
2026-09-11T16,2767030,10,13,93739
2026-09-11T16,2868840,11,8,91510
2026-09-11T16,250900,12,10,81467
2026-09-11T16,359550,13,11,84166
2026-09-11T16,381210,14,19,68200
2026-09-11T16,3405690,15,15,68212
2026-09-11T16,236390,16,17,77755
2026-09-11T16,553850,17,14,51514
2026-09-11T16,2357570,18,16,61791
2026-09-11T16,1623730,19,12,111025
2026-09-11T16,105600,20,18,56025
2026-09-11T16,3240220,21,20,81216
2026-09-11T16,322170,22,21,47304
2026-09-11T16,4001890,23,6,59481
2026-09-11T16,1422450,24,22,70077
2026-09-11T16,230410,25,30,72854
2026-09-11T16,2507950,26,31,139557
2026-09-11T16,1973530,27,26,46762
2026-09-11T16,2807960,28,24,41640
2026-09-11T16,413150,29,25,74533
2026-09-11T16,108600,30,23,67052
2026-09-11T16,252490,31,28,110915
2026-09-11T16,2694490,32,78,93550
2026-09-11T16,440,33,33,56042
2026-09-11T16,1174180,34,32,45396
2026-09-11T16,438100,35,35,52864
2026-09-11T16,550,36,38,29717
2026-09-11T16,227300,37,37,38036
2026-09-11T16,1086940,38,36,50481
2026-09-11T16,3527290,39,29,28799
2026-09-11T16,1091500,40,34,38213
2026-09-11T16,3678970,41,45,109028
2026-09-11T16,2406770,42,42,21051
2026-09-11T16,1245620,43,40,39901
2026-09-11T16,1203220,44,39,64498
2026-09-11T16,1449850,45,41,29362
2026-09-11T16,275850,46,161,32906
2026-09-11T16,2483190,47,44,38408
2026-09-11T16,322330,48,43,48730
2026-09-11T16,394360,49,46,45749
2026-09-11T16,1938090,50,47,31506
2026-09-11T16,3241660,51,51,24602
2026-09-11T16,2638890,52,-1,55541
2026-09-11T16,252950,53,49,26677
2026-09-11T16,1665460,54,50,29492
2026-09-11T16,284160,55,52,23391
2026-09-11T16,1364780,56,55,37381
2026-09-11T16,3513350,57,60,19711
2026-09-11T16,4000,58,58,28034
2026-09-11T16,2246340,59,77,36331
2026-09-11T16,1281930,60,53,33417
2026-09-11T16,3751260,61,48,43903
2026-09-11T16,489830,62,59,28271
2026-09-11T16,3419430,63,54,158176
2026-09-11T16,289070,64,63,39416
2026-09-11T16,1222670,65,61,25995
2026-09-11T16,594650,66,84,35280
2026-09-11T16,1808500,67,65,29810
2026-09-11T16,1905180,68,66,31773
2026-09-11T16,2300320,69,70,45229
2026-09-11T16,1142710,70,57,30899
2026-09-11T16,261550,71,62,37220
2026-09-11T16,1366800,72,64,35607
2026-09-11T16,3321460,73,72,30838
2026-09-11T16,291550,74,69,12893
2026-09-11T16,221100,75,68,47319
2026-09-11T16,2073620,76,73,30206
2026-09-11T16,2183900,77,97,19626
2026-09-11T16,251570,78,67,33349
2026-09-11T16,244210,79,83,13754
2026-09-11T16,3551340,80,74,45774
2026-09-11T16,2139460,81,80,27022
2026-09-11T16,3219630,82,-1,26990
2026-09-11T16,714010,83,79,6440
2026-09-11T16,4162040,84,93,11680
2026-09-11T16,2358720,85,71,28654
2026-09-11T16,813780,86,85,19828
2026-09-11T16,1144200,87,104,11207
2026-09-11T16,3892270,88,142,20087
2026-09-11T16,960090,89,87,10837
2026-09-11T16,294100,90,86,29633
2026-09-11T16,292030,91,75,18228
2026-09-11T16,945360,92,82,10557
2026-09-11T16,582010,93,106,26344
2026-09-11T16,739630,94,90,13476
2026-09-11T16,2073850,95,88,14595
2026-09-11T16,1085660,96,81,17712
2026-09-11T16,2622380,97,91,29590
2026-09-11T16,3932890,98,94,35090
2026-09-11T16,3472040,99,76,17806
2026-09-11T16,1158310,100,96,21060
2026-09-11T20,730,1,1,1259987
2026-09-11T20,570,2,2,791174
2026-09-11T20,578080,3,3,783417
2026-09-11T20,431960,4,4,98468
2026-09-11T20,1172470,5,5,250616
2026-09-11T20,892970,6,99,190713
2026-09-11T20,271590,7,7,67631
2026-09-11T20,1867240,8,-1,337157
2026-09-11T20,2676230,9,9,184974
2026-09-11T20,2767030,10,13,93739
2026-09-11T20,2868840,11,8,91510
2026-09-11T20,250900,12,10,81467
2026-09-11T20,359550,13,11,84166
2026-09-11T20,381210,14,19,68200
2026-09-11T20,3405690,15,15,68212
2026-09-11T20,236390,16,17,77755
2026-09-11T20,553850,17,14,51514
2026-09-11T20,2357570,18,16,61791
2026-09-11T20,1623730,19,12,111025
2026-09-11T20,105600,20,18,56025
2026-09-11T20,3240220,21,20,81216
2026-09-11T20,322170,22,21,47304
2026-09-11T20,4001890,23,6,59481
2026-09-11T20,1422450,24,22,70077
2026-09-11T20,230410,25,30,72854
2026-09-11T20,2507950,26,31,139557
2026-09-11T20,1973530,27,26,46762
2026-09-11T20,2807960,28,24,41640
2026-09-11T20,413150,29,25,74533
2026-09-11T20,108600,30,23,67052
2026-09-11T20,252490,31,28,110915
2026-09-11T20,2694490,32,78,93550
2026-09-11T20,440,33,33,56042
2026-09-11T20,1174180,34,32,45396
2026-09-11T20,438100,35,35,52864
2026-09-11T20,550,36,38,29717
2026-09-11T20,227300,37,37,38036
2026-09-11T20,1086940,38,36,50481
2026-09-11T20,3527290,39,29,28799
2026-09-11T20,1091500,40,34,38213
2026-09-11T20,3678970,41,45,109028
2026-09-11T20,2406770,42,42,21051
2026-09-11T20,1245620,43,40,39901
2026-09-11T20,1203220,44,39,64498
2026-09-11T20,1449850,45,41,29362
2026-09-11T20,275850,46,161,32906
2026-09-11T20,2483190,47,44,38408
2026-09-11T20,322330,48,43,48730
2026-09-11T20,394360,49,46,45749
2026-09-11T20,1938090,50,47,31506
2026-09-11T20,3241660,51,51,24602
2026-09-11T20,2638890,52,-1,55541
2026-09-11T20,252950,53,49,26677
2026-09-11T20,1665460,54,50,29492
2026-09-11T20,284160,55,52,23391
2026-09-11T20,1364780,56,55,37381
2026-09-11T20,3513350,57,60,19711
2026-09-11T20,4000,58,58,28034
2026-09-11T20,2246340,59,77,36331
2026-09-11T20,1281930,60,53,33417
2026-09-11T20,3751260,61,48,43903
2026-09-11T20,489830,62,59,28271
2026-09-11T20,3419430,63,54,158176
2026-09-11T20,289070,64,63,39416
2026-09-11T20,1222670,65,61,25995
2026-09-11T20,594650,66,84,35280
2026-09-11T20,1808500,67,65,29810
2026-09-11T20,1905180,68,66,31773
2026-09-11T20,2300320,69,70,45229
2026-09-11T20,1142710,70,57,30899
2026-09-11T20,261550,71,62,37220
2026-09-11T20,1366800,72,64,35607
2026-09-11T20,3321460,73,72,30838
2026-09-11T20,291550,74,69,12893
2026-09-11T20,221100,75,68,47319
2026-09-11T20,2073620,76,73,30206
2026-09-11T20,2183900,77,97,19626
2026-09-11T20,251570,78,67,33349
2026-09-11T20,244210,79,83,13754
2026-09-11T20,3551340,80,74,45774
2026-09-11T20,2139460,81,80,27022
2026-09-11T20,3219630,82,-1,26990
2026-09-11T20,714010,83,79,6440
2026-09-11T20,4162040,84,93,11680
2026-09-11T20,2358720,85,71,28654
2026-09-11T20,813780,86,85,19828
2026-09-11T20,1144200,87,104,11207
2026-09-11T20,3892270,88,142,20087
2026-09-11T20,960090,89,87,10837
2026-09-11T20,294100,90,86,29633
2026-09-11T20,292030,91,75,18228
2026-09-11T20,945360,92,82,10557
2026-09-11T20,582010,93,106,26344
2026-09-11T20,739630,94,90,13476
2026-09-11T20,2073850,95,88,14595
2026-09-11T20,1085660,96,81,17712
2026-09-11T20,2622380,97,91,29590
2026-09-11T20,3932890,98,94,35090
2026-09-11T20,3472040,99,76,17806
2026-09-11T20,1158310,100,96,21060
2026-09-12T00,730,1,1,1259987
2026-09-12T00,570,2,2,791174
2026-09-12T00,578080,3,3,783417
2026-09-12T00,431960,4,4,98468
2026-09-12T00,1172470,5,5,250616
2026-09-12T00,892970,6,99,190713
2026-09-12T00,271590,7,7,67631
2026-09-12T00,1867240,8,-1,337157
2026-09-12T00,2676230,9,9,184974
2026-09-12T00,2767030,10,13,93739
2026-09-12T00,2868840,11,8,91510
2026-09-12T00,250900,12,10,81467
2026-09-12T00,359550,13,11,84166
2026-09-12T00,381210,14,19,68200
2026-09-12T00,3405690,15,15,68212
2026-09-12T00,236390,16,17,77755
2026-09-12T00,553850,17,14,51514
2026-09-12T00,2357570,18,16,61791
2026-09-12T00,1623730,19,12,111025
2026-09-12T00,105600,20,18,56025
2026-09-12T00,3240220,21,20,81216
2026-09-12T00,322170,22,21,47304
2026-09-12T00,4001890,23,6,59481
2026-09-12T00,1422450,24,22,70077
2026-09-12T00,230410,25,30,72854
2026-09-12T00,2507950,26,31,139557
2026-09-12T00,1973530,27,26,46762
2026-09-12T00,2807960,28,24,41640
2026-09-12T00,413150,29,25,74533
2026-09-12T00,108600,30,23,67052
2026-09-12T00,252490,31,28,110915
2026-09-12T00,2694490,32,78,93550
2026-09-12T00,440,33,33,56042
2026-09-12T00,1174180,34,32,45396
2026-09-12T00,438100,35,35,52864
2026-09-12T00,550,36,38,29717
2026-09-12T00,227300,37,37,38036
2026-09-12T00,1086940,38,36,50481
2026-09-12T00,3527290,39,29,28799
2026-09-12T00,1091500,40,34,38213
2026-09-12T00,3678970,41,45,109028
2026-09-12T00,2406770,42,42,21051
2026-09-12T00,1245620,43,40,39901
2026-09-12T00,1203220,44,39,64498
2026-09-12T00,1449850,45,41,29362
2026-09-12T00,275850,46,161,32906
2026-09-12T00,2483190,47,44,38408
2026-09-12T00,322330,48,43,48730
2026-09-12T00,394360,49,46,45749
2026-09-12T00,1938090,50,47,31506
2026-09-12T00,3241660,51,51,24602
2026-09-12T00,2638890,52,-1,55541
2026-09-12T00,252950,53,49,26677
2026-09-12T00,1665460,54,50,29492
2026-09-12T00,284160,55,52,23391
2026-09-12T00,1364780,56,55,37381
2026-09-12T00,3513350,57,60,19711
2026-09-12T00,4000,58,58,28034
2026-09-12T00,2246340,59,77,36331
2026-09-12T00,1281930,60,53,33417
2026-09-12T00,3751260,61,48,43903
2026-09-12T00,489830,62,59,28271
2026-09-12T00,3419430,63,54,158176
2026-09-12T00,289070,64,63,39416
2026-09-12T00,1222670,65,61,25995
2026-09-12T00,594650,66,84,35280
2026-09-12T00,1808500,67,65,29810
2026-09-12T00,1905180,68,66,31773
2026-09-12T00,2300320,69,70,45229
2026-09-12T00,1142710,70,57,30899
2026-09-12T00,261550,71,62,37220
2026-09-12T00,1366800,72,64,35607
2026-09-12T00,3321460,73,72,30838
2026-09-12T00,291550,74,69,12893
2026-09-12T00,221100,75,68,47319
2026-09-12T00,2073620,76,73,30206
2026-09-12T00,2183900,77,97,19626
2026-09-12T00,251570,78,67,33349
2026-09-12T00,244210,79,83,13754
2026-09-12T00,3551340,80,74,45774
2026-09-12T00,2139460,81,80,27022
2026-09-12T00,3219630,82,-1,26990
2026-09-12T00,714010,83,79,6440
2026-09-12T00,4162040,84,93,11680
2026-09-12T00,2358720,85,71,28654
2026-09-12T00,813780,86,85,19828
2026-09-12T00,1144200,87,104,11207
2026-09-12T00,3892270,88,142,20087
2026-09-12T00,960090,89,87,10837
2026-09-12T00,294100,90,86,29633
2026-09-12T00,292030,91,75,18228
2026-09-12T00,945360,92,82,10557
2026-09-12T00,582010,93,106,26344
2026-09-12T00,739630,94,90,13476
2026-09-12T00,2073850,95,88,14595
2026-09-12T00,1085660,96,81,17712
2026-09-12T00,2622380,97,91,29590
2026-09-12T00,3932890,98,94,35090
2026-09-12T00,3472040,99,76,17806
2026-09-12T00,1158310,100,96,21060
2026-09-12T07,730,1,1,1324203
2026-09-12T07,578080,2,3,767214
2026-09-12T07,570,3,2,820747
2026-09-12T07,431960,4,4,104627
2026-09-12T07,1172470,5,5,262083
2026-09-12T07,1867240,6,-1,365111
2026-09-12T07,892970,7,101,217966
2026-09-12T07,2767030,8,13,132135
2026-09-12T07,271590,9,7,72629
2026-09-12T07,2676230,10,10,190620
2026-09-12T07,2868840,11,9,97488
2026-09-12T07,250900,12,11,84646
2026-09-12T07,359550,13,12,90584
2026-09-12T07,3405690,14,18,70893
2026-09-12T07,236390,15,16,85912
2026-09-12T07,2357570,16,17,65963
2026-09-12T07,381210,17,21,70448
2026-09-12T07,553850,18,15,53787
2026-09-12T07,322170,19,22,52634
2026-09-12T07,1623730,20,14,113920
2026-09-12T07,105600,21,19,59242
2026-09-12T07,3240220,22,20,85512
2026-09-12T07,4001890,23,8,65179
2026-09-12T07,1422450,24,24,74009
2026-09-12T07,2507950,25,31,141401
2026-09-12T07,1973530,26,29,45885
2026-09-12T07,413150,27,26,78744
2026-09-12T07,252490,28,23,123903
2026-09-12T07,230410,29,28,70806
2026-09-12T07,2807960,30,27,45249
2026-09-12T07,108600,31,25,68975
2026-09-12T07,440,32,33,58765
2026-09-12T07,2694490,33,40,91401
2026-09-12T07,1174180,34,32,47209
2026-09-12T07,550,35,38,30129
2026-09-12T07,438100,36,34,57095
2026-09-12T07,227300,37,36,41274
2026-09-12T07,3527290,38,30,34311
2026-09-12T07,1091500,39,35,40185
2026-09-12T07,275850,40,161,39588
2026-09-12T07,1086940,41,39,52543
2026-09-12T07,394360,42,45,53303
2026-09-12T07,1245620,43,41,43993
2026-09-12T07,3678970,44,46,105825
2026-09-12T07,3241660,45,49,29232
2026-09-12T07,322330,46,43,54348
2026-09-12T07,2483190,47,47,30282
2026-09-12T07,1203220,48,42,64016
2026-09-12T07,1449850,49,44,28227
2026-09-12T07,1938090,50,48,32964
2026-09-12T07,2406770,51,37,18861
2026-09-12T07,284160,52,50,25486
2026-09-12T07,1665460,53,54,25934
2026-09-12T07,252950,54,53,28285
2026-09-12T07,2638890,55,51,53484
2026-09-12T07,4000,56,56,31809
2026-09-12T07,1281930,57,55,36619
2026-09-12T07,1364780,58,58,37515
2026-09-12T07,2246340,59,74,39769
2026-09-12T07,3513350,60,66,16206
2026-09-12T07,289070,61,61,44028
2026-09-12T07,3419430,62,57,158611
2026-09-12T07,489830,63,60,29405
2026-09-12T07,1222670,64,63,27230
2026-09-12T07,3751260,65,52,42812
2026-09-12T07,1905180,66,65,30770
2026-09-12T07,1142710,67,59,33066
2026-09-12T07,2300320,68,73,44851
2026-09-12T07,1808500,69,70,30412
2026-09-12T07,594650,70,90,34348
2026-09-12T07,291550,71,72,13654
2026-09-12T07,1366800,72,64,37176
2026-09-12T07,261550,73,67,37840
2026-09-12T07,244210,74,81,15125
2026-09-12T07,3321460,75,68,31169
2026-09-12T07,221100,76,71,49220
2026-09-12T07,251570,77,69,35446
2026-09-12T07,2183900,78,86,20446
2026-09-12T07,2073620,79,76,30292
2026-09-12T07,3551340,80,77,44237
2026-09-12T07,714010,81,93,6480
2026-09-12T07,1144200,82,88,12867
2026-09-12T07,813780,83,83,21943
2026-09-12T07,2139460,84,79,27813
2026-09-12T07,945360,85,78,13534
2026-09-12T07,2358720,86,75,29507
2026-09-12T07,3892270,87,151,20273
2026-09-12T07,3219630,88,169,23737
2026-09-12T07,739630,89,91,14906
2026-09-12T07,4162040,90,97,11926
2026-09-12T07,4704690,91,80,11153
2026-09-12T07,960090,92,87,11394
2026-09-12T07,582010,93,107,28090
2026-09-12T07,294100,94,89,30378
2026-09-12T07,2622380,95,92,32085
2026-09-12T07,292030,96,82,18776
2026-09-12T07,1085660,97,85,17920
2026-09-12T07,3472040,98,84,18025
2026-09-12T07,2073850,99,95,15636
2026-09-12T07,1285190,100,-1,20276
2026-09-12T12,730,1,1,1324203
2026-09-12T12,578080,2,3,767214
2026-09-12T12,570,3,2,820747
2026-09-12T12,431960,4,4,104627
2026-09-12T12,1172470,5,5,262083
2026-09-12T12,1867240,6,-1,365111
2026-09-12T12,892970,7,101,217966
2026-09-12T12,2767030,8,13,132135
2026-09-12T12,271590,9,7,72629
2026-09-12T12,2676230,10,10,190620
2026-09-12T12,2868840,11,9,97488
2026-09-12T12,250900,12,11,84646
2026-09-12T12,359550,13,12,90584
2026-09-12T12,3405690,14,18,70893
2026-09-12T12,236390,15,16,85912
2026-09-12T12,2357570,16,17,65963
2026-09-12T12,381210,17,21,70448
2026-09-12T12,553850,18,15,53787
2026-09-12T12,322170,19,22,52634
2026-09-12T12,1623730,20,14,113920
2026-09-12T12,105600,21,19,59242
2026-09-12T12,3240220,22,20,85512
2026-09-12T12,4001890,23,8,65179
2026-09-12T12,1422450,24,24,74009
2026-09-12T12,2507950,25,31,141401
2026-09-12T12,1973530,26,29,45885
2026-09-12T12,413150,27,26,78744
2026-09-12T12,252490,28,23,123903
2026-09-12T12,230410,29,28,70806
2026-09-12T12,2807960,30,27,45249
2026-09-12T12,108600,31,25,68975
2026-09-12T12,440,32,33,58765
2026-09-12T12,2694490,33,40,91401
2026-09-12T12,1174180,34,32,47209
2026-09-12T12,550,35,38,30129
2026-09-12T12,438100,36,34,57095
2026-09-12T12,227300,37,36,41274
2026-09-12T12,3527290,38,30,34311
2026-09-12T12,1091500,39,35,40185
2026-09-12T12,275850,40,161,39588
2026-09-12T12,1086940,41,39,52543
2026-09-12T12,394360,42,45,53303
2026-09-12T12,1245620,43,41,43993
2026-09-12T12,3678970,44,46,105825
2026-09-12T12,3241660,45,49,29232
2026-09-12T12,322330,46,43,54348
2026-09-12T12,2483190,47,47,30282
2026-09-12T12,1203220,48,42,64016
2026-09-12T12,1449850,49,44,28227
2026-09-12T12,1938090,50,48,32964
2026-09-12T12,2406770,51,37,18861
2026-09-12T12,284160,52,50,25486
2026-09-12T12,1665460,53,54,25934
2026-09-12T12,252950,54,53,28285
2026-09-12T12,2638890,55,51,53484
2026-09-12T12,4000,56,56,31809
2026-09-12T12,1281930,57,55,36619
2026-09-12T12,1364780,58,58,37515
2026-09-12T12,2246340,59,74,39769
2026-09-12T12,3513350,60,66,16206
2026-09-12T12,289070,61,61,44028
2026-09-12T12,3419430,62,57,158611
2026-09-12T12,489830,63,60,29405
2026-09-12T12,1222670,64,63,27230
2026-09-12T12,3751260,65,52,42812
2026-09-12T12,1905180,66,65,30770
2026-09-12T12,1142710,67,59,33066
2026-09-12T12,2300320,68,73,44851
2026-09-12T12,1808500,69,70,30412
2026-09-12T12,594650,70,90,34348
2026-09-12T12,291550,71,72,13654
2026-09-12T12,1366800,72,64,37176
2026-09-12T12,261550,73,67,37840
2026-09-12T12,244210,74,81,15125
2026-09-12T12,3321460,75,68,31169
2026-09-12T12,221100,76,71,49220
2026-09-12T12,251570,77,69,35446
2026-09-12T12,2183900,78,86,20446
2026-09-12T12,2073620,79,76,30292
2026-09-12T12,3551340,80,77,44237
2026-09-12T12,714010,81,93,6480
2026-09-12T12,1144200,82,88,12867
2026-09-12T12,813780,83,83,21943
2026-09-12T12,2139460,84,79,27813
2026-09-12T12,945360,85,78,13534
2026-09-12T12,2358720,86,75,29507
2026-09-12T12,3892270,87,151,20273
2026-09-12T12,3219630,88,169,23737
2026-09-12T12,739630,89,91,14906
2026-09-12T12,4162040,90,97,11926
2026-09-12T12,4704690,91,80,11153
2026-09-12T12,960090,92,87,11394
2026-09-12T12,582010,93,107,28090
2026-09-12T12,294100,94,89,30378
2026-09-12T12,2622380,95,92,32085
2026-09-12T12,292030,96,82,18776
2026-09-12T12,1085660,97,85,17920
2026-09-12T12,3472040,98,84,18025
2026-09-12T12,2073850,99,95,15636
2026-09-12T12,1285190,100,-1,20276
2026-09-12T15,730,1,1,1324203
2026-09-12T15,578080,2,3,767214
2026-09-12T15,570,3,2,820747
2026-09-12T15,431960,4,4,104627
2026-09-12T15,1172470,5,5,262083
2026-09-12T15,1867240,6,-1,365111
2026-09-12T15,892970,7,101,217966
2026-09-12T15,2767030,8,13,132135
2026-09-12T15,271590,9,7,72629
2026-09-12T15,2676230,10,10,190620
2026-09-12T15,2868840,11,9,97488
2026-09-12T15,250900,12,11,84646
2026-09-12T15,359550,13,12,90584
2026-09-12T15,3405690,14,18,70893
2026-09-12T15,236390,15,16,85912
2026-09-12T15,2357570,16,17,65963
2026-09-12T15,381210,17,21,70448
2026-09-12T15,553850,18,15,53787
2026-09-12T15,322170,19,22,52634
2026-09-12T15,1623730,20,14,113920
2026-09-12T15,105600,21,19,59242
2026-09-12T15,3240220,22,20,85512
2026-09-12T15,4001890,23,8,65179
2026-09-12T15,1422450,24,24,74009
2026-09-12T15,2507950,25,31,141401
2026-09-12T15,1973530,26,29,45885
2026-09-12T15,413150,27,26,78744
2026-09-12T15,252490,28,23,123903
2026-09-12T15,230410,29,28,70806
2026-09-12T15,2807960,30,27,45249
2026-09-12T15,108600,31,25,68975
2026-09-12T15,440,32,33,58765
2026-09-12T15,2694490,33,40,91401
2026-09-12T15,1174180,34,32,47209
2026-09-12T15,550,35,38,30129
2026-09-12T15,438100,36,34,57095
2026-09-12T15,227300,37,36,41274
2026-09-12T15,3527290,38,30,34311
2026-09-12T15,1091500,39,35,40185
2026-09-12T15,275850,40,161,39588
2026-09-12T15,1086940,41,39,52543
2026-09-12T15,394360,42,45,53303
2026-09-12T15,1245620,43,41,43993
2026-09-12T15,3678970,44,46,105825
2026-09-12T15,3241660,45,49,29232
2026-09-12T15,322330,46,43,54348
2026-09-12T15,2483190,47,47,30282
2026-09-12T15,1203220,48,42,64016
2026-09-12T15,1449850,49,44,28227
2026-09-12T15,1938090,50,48,32964
2026-09-12T15,2406770,51,37,18861
2026-09-12T15,284160,52,50,25486
2026-09-12T15,1665460,53,54,25934
2026-09-12T15,252950,54,53,28285
2026-09-12T15,2638890,55,51,53484
2026-09-12T15,4000,56,56,31809
2026-09-12T15,1281930,57,55,36619
2026-09-12T15,1364780,58,58,37515
2026-09-12T15,2246340,59,74,39769
2026-09-12T15,3513350,60,66,16206
2026-09-12T15,289070,61,61,44028
2026-09-12T15,3419430,62,57,158611
2026-09-12T15,489830,63,60,29405
2026-09-12T15,1222670,64,63,27230
2026-09-12T15,3751260,65,52,42812
2026-09-12T15,1905180,66,65,30770
2026-09-12T15,1142710,67,59,33066
2026-09-12T15,2300320,68,73,44851
2026-09-12T15,1808500,69,70,30412
2026-09-12T15,594650,70,90,34348
2026-09-12T15,291550,71,72,13654
2026-09-12T15,1366800,72,64,37176
2026-09-12T15,261550,73,67,37840
2026-09-12T15,244210,74,81,15125
2026-09-12T15,3321460,75,68,31169
2026-09-12T15,221100,76,71,49220
2026-09-12T15,251570,77,69,35446
2026-09-12T15,2183900,78,86,20446
2026-09-12T15,2073620,79,76,30292
2026-09-12T15,3551340,80,77,44237
2026-09-12T15,714010,81,93,6480
2026-09-12T15,1144200,82,88,12867
2026-09-12T15,813780,83,83,21943
2026-09-12T15,2139460,84,79,27813
2026-09-12T15,945360,85,78,13534
2026-09-12T15,2358720,86,75,29507
2026-09-12T15,3892270,87,151,20273
2026-09-12T15,3219630,88,169,23737
2026-09-12T15,739630,89,91,14906
2026-09-12T15,4162040,90,97,11926
2026-09-12T15,4704690,91,80,11153
2026-09-12T15,960090,92,87,11394
2026-09-12T15,582010,93,107,28090
2026-09-12T15,294100,94,89,30378
2026-09-12T15,2622380,95,92,32085
2026-09-12T15,292030,96,82,18776
2026-09-12T15,1085660,97,85,17920
2026-09-12T15,3472040,98,84,18025
2026-09-12T15,2073850,99,95,15636
2026-09-12T15,1285190,100,-1,20276
2026-09-12T18,730,1,1,1324203
2026-09-12T18,578080,2,3,767214
2026-09-12T18,570,3,2,820747
2026-09-12T18,431960,4,4,104627
2026-09-12T18,1172470,5,5,262083
2026-09-12T18,1867240,6,-1,365111
2026-09-12T18,892970,7,101,217966
2026-09-12T18,2767030,8,13,132135
2026-09-12T18,271590,9,7,72629
2026-09-12T18,2676230,10,10,190620
2026-09-12T18,2868840,11,9,97488
2026-09-12T18,250900,12,11,84646
2026-09-12T18,359550,13,12,90584
2026-09-12T18,3405690,14,18,70893
2026-09-12T18,236390,15,16,85912
2026-09-12T18,2357570,16,17,65963
2026-09-12T18,381210,17,21,70448
2026-09-12T18,553850,18,15,53787
2026-09-12T18,322170,19,22,52634
2026-09-12T18,1623730,20,14,113920
2026-09-12T18,105600,21,19,59242
2026-09-12T18,3240220,22,20,85512
2026-09-12T18,4001890,23,8,65179
2026-09-12T18,1422450,24,24,74009
2026-09-12T18,2507950,25,31,141401
2026-09-12T18,1973530,26,29,45885
2026-09-12T18,413150,27,26,78744
2026-09-12T18,252490,28,23,123903
2026-09-12T18,230410,29,28,70806
2026-09-12T18,2807960,30,27,45249
2026-09-12T18,108600,31,25,68975
2026-09-12T18,440,32,33,58765
2026-09-12T18,2694490,33,40,91401
2026-09-12T18,1174180,34,32,47209
2026-09-12T18,550,35,38,30129
2026-09-12T18,438100,36,34,57095
2026-09-12T18,227300,37,36,41274
2026-09-12T18,3527290,38,30,34311
2026-09-12T18,1091500,39,35,40185
2026-09-12T18,275850,40,161,39588
2026-09-12T18,1086940,41,39,52543
2026-09-12T18,394360,42,45,53303
2026-09-12T18,1245620,43,41,43993
2026-09-12T18,3678970,44,46,105825
2026-09-12T18,3241660,45,49,29232
2026-09-12T18,322330,46,43,54348
2026-09-12T18,2483190,47,47,30282
2026-09-12T18,1203220,48,42,64016
2026-09-12T18,1449850,49,44,28227
2026-09-12T18,1938090,50,48,32964
2026-09-12T18,2406770,51,37,18861
2026-09-12T18,284160,52,50,25486
2026-09-12T18,1665460,53,54,25934
2026-09-12T18,252950,54,53,28285
2026-09-12T18,2638890,55,51,53484
2026-09-12T18,4000,56,56,31809
2026-09-12T18,1281930,57,55,36619
2026-09-12T18,1364780,58,58,37515
2026-09-12T18,2246340,59,74,39769
2026-09-12T18,3513350,60,66,16206
2026-09-12T18,289070,61,61,44028
2026-09-12T18,3419430,62,57,158611
2026-09-12T18,489830,63,60,29405
2026-09-12T18,1222670,64,63,27230
2026-09-12T18,3751260,65,52,42812
2026-09-12T18,1905180,66,65,30770
2026-09-12T18,1142710,67,59,33066
2026-09-12T18,2300320,68,73,44851
2026-09-12T18,1808500,69,70,30412
2026-09-12T18,594650,70,90,34348
2026-09-12T18,291550,71,72,13654
2026-09-12T18,1366800,72,64,37176
2026-09-12T18,261550,73,67,37840
2026-09-12T18,244210,74,81,15125
2026-09-12T18,3321460,75,68,31169
2026-09-12T18,221100,76,71,49220
2026-09-12T18,251570,77,69,35446
2026-09-12T18,2183900,78,86,20446
2026-09-12T18,2073620,79,76,30292
2026-09-12T18,3551340,80,77,44237
2026-09-12T18,714010,81,93,6480
2026-09-12T18,1144200,82,88,12867
2026-09-12T18,813780,83,83,21943
2026-09-12T18,2139460,84,79,27813
2026-09-12T18,945360,85,78,13534
2026-09-12T18,2358720,86,75,29507
2026-09-12T18,3892270,87,151,20273
2026-09-12T18,3219630,88,169,23737
2026-09-12T18,739630,89,91,14906
2026-09-12T18,4162040,90,97,11926
2026-09-12T18,4704690,91,80,11153
2026-09-12T18,960090,92,87,11394
2026-09-12T18,582010,93,107,28090
2026-09-12T18,294100,94,89,30378
2026-09-12T18,2622380,95,92,32085
2026-09-12T18,292030,96,82,18776
2026-09-12T18,1085660,97,85,17920
2026-09-12T18,3472040,98,84,18025
2026-09-12T18,2073850,99,95,15636
2026-09-12T18,1285190,100,-1,20276
2026-09-12T22,730,1,1,1324203
2026-09-12T22,578080,2,3,767214
2026-09-12T22,570,3,2,820747
2026-09-12T22,431960,4,4,104627
2026-09-12T22,1172470,5,5,262083
2026-09-12T22,1867240,6,-1,365111
2026-09-12T22,892970,7,101,217966
2026-09-12T22,2767030,8,13,132135
2026-09-12T22,271590,9,7,72629
2026-09-12T22,2676230,10,10,190620
2026-09-12T22,2868840,11,9,97488
2026-09-12T22,250900,12,11,84646
2026-09-12T22,359550,13,12,90584
2026-09-12T22,3405690,14,18,70893
2026-09-12T22,236390,15,16,85912
2026-09-12T22,2357570,16,17,65963
2026-09-12T22,381210,17,21,70448
2026-09-12T22,553850,18,15,53787
2026-09-12T22,322170,19,22,52634
2026-09-12T22,1623730,20,14,113920
2026-09-12T22,105600,21,19,59242
2026-09-12T22,3240220,22,20,85512
2026-09-12T22,4001890,23,8,65179
2026-09-12T22,1422450,24,24,74009
2026-09-12T22,2507950,25,31,141401
2026-09-12T22,1973530,26,29,45885
2026-09-12T22,413150,27,26,78744
2026-09-12T22,252490,28,23,123903
2026-09-12T22,230410,29,28,70806
2026-09-12T22,2807960,30,27,45249
2026-09-12T22,108600,31,25,68975
2026-09-12T22,440,32,33,58765
2026-09-12T22,2694490,33,40,91401
2026-09-12T22,1174180,34,32,47209
2026-09-12T22,550,35,38,30129
2026-09-12T22,438100,36,34,57095
2026-09-12T22,227300,37,36,41274
2026-09-12T22,3527290,38,30,34311
2026-09-12T22,1091500,39,35,40185
2026-09-12T22,275850,40,161,39588
2026-09-12T22,1086940,41,39,52543
2026-09-12T22,394360,42,45,53303
2026-09-12T22,1245620,43,41,43993
2026-09-12T22,3678970,44,46,105825
2026-09-12T22,3241660,45,49,29232
2026-09-12T22,322330,46,43,54348
2026-09-12T22,2483190,47,47,30282
2026-09-12T22,1203220,48,42,64016
2026-09-12T22,1449850,49,44,28227
2026-09-12T22,1938090,50,48,32964
2026-09-12T22,2406770,51,37,18861
2026-09-12T22,284160,52,50,25486
2026-09-12T22,1665460,53,54,25934
2026-09-12T22,252950,54,53,28285
2026-09-12T22,2638890,55,51,53484
2026-09-12T22,4000,56,56,31809
2026-09-12T22,1281930,57,55,36619
2026-09-12T22,1364780,58,58,37515
2026-09-12T22,2246340,59,74,39769
2026-09-12T22,3513350,60,66,16206
2026-09-12T22,289070,61,61,44028
2026-09-12T22,3419430,62,57,158611
2026-09-12T22,489830,63,60,29405
2026-09-12T22,1222670,64,63,27230
2026-09-12T22,3751260,65,52,42812
2026-09-12T22,1905180,66,65,30770
2026-09-12T22,1142710,67,59,33066
2026-09-12T22,2300320,68,73,44851
2026-09-12T22,1808500,69,70,30412
2026-09-12T22,594650,70,90,34348
2026-09-12T22,291550,71,72,13654
2026-09-12T22,1366800,72,64,37176
2026-09-12T22,261550,73,67,37840
2026-09-12T22,244210,74,81,15125
2026-09-12T22,3321460,75,68,31169
2026-09-12T22,221100,76,71,49220
2026-09-12T22,251570,77,69,35446
2026-09-12T22,2183900,78,86,20446
2026-09-12T22,2073620,79,76,30292
2026-09-12T22,3551340,80,77,44237
2026-09-12T22,714010,81,93,6480
2026-09-12T22,1144200,82,88,12867
2026-09-12T22,813780,83,83,21943
2026-09-12T22,2139460,84,79,27813
2026-09-12T22,945360,85,78,13534
2026-09-12T22,2358720,86,75,29507
2026-09-12T22,3892270,87,151,20273
2026-09-12T22,3219630,88,169,23737
2026-09-12T22,739630,89,91,14906
2026-09-12T22,4162040,90,97,11926
2026-09-12T22,4704690,91,80,11153
2026-09-12T22,960090,92,87,11394
2026-09-12T22,582010,93,107,28090
2026-09-12T22,294100,94,89,30378
2026-09-12T22,2622380,95,92,32085
2026-09-12T22,292030,96,82,18776
2026-09-12T22,1085660,97,85,17920
2026-09-12T22,3472040,98,84,18025
2026-09-12T22,2073850,99,95,15636
2026-09-12T22,1285190,100,-1,20276
2026-09-13T00,730,1,1,1324203
2026-09-13T00,578080,2,3,767214
2026-09-13T00,570,3,2,820747
2026-09-13T00,431960,4,4,104627
2026-09-13T00,1172470,5,5,262083
2026-09-13T00,1867240,6,-1,365111
2026-09-13T00,892970,7,101,217966
2026-09-13T00,2767030,8,13,132135
2026-09-13T00,271590,9,7,72629
2026-09-13T00,2676230,10,10,190620
2026-09-13T00,2868840,11,9,97488
2026-09-13T00,250900,12,11,84646
2026-09-13T00,359550,13,12,90584
2026-09-13T00,3405690,14,18,70893
2026-09-13T00,236390,15,16,85912
2026-09-13T00,2357570,16,17,65963
2026-09-13T00,381210,17,21,70448
2026-09-13T00,553850,18,15,53787
2026-09-13T00,322170,19,22,52634
2026-09-13T00,1623730,20,14,113920
2026-09-13T00,105600,21,19,59242
2026-09-13T00,3240220,22,20,85512
2026-09-13T00,4001890,23,8,65179
2026-09-13T00,1422450,24,24,74009
2026-09-13T00,2507950,25,31,141401
2026-09-13T00,1973530,26,29,45885
2026-09-13T00,413150,27,26,78744
2026-09-13T00,252490,28,23,123903
2026-09-13T00,230410,29,28,70806
2026-09-13T00,2807960,30,27,45249
2026-09-13T00,108600,31,25,68975
2026-09-13T00,440,32,33,58765
2026-09-13T00,2694490,33,40,91401
2026-09-13T00,1174180,34,32,47209
2026-09-13T00,550,35,38,30129
2026-09-13T00,438100,36,34,57095
2026-09-13T00,227300,37,36,41274
2026-09-13T00,3527290,38,30,34311
2026-09-13T00,1091500,39,35,40185
2026-09-13T00,275850,40,161,39588
2026-09-13T00,1086940,41,39,52543
2026-09-13T00,394360,42,45,53303
2026-09-13T00,1245620,43,41,43993
2026-09-13T00,3678970,44,46,105825
2026-09-13T00,3241660,45,49,29232
2026-09-13T00,322330,46,43,54348
2026-09-13T00,2483190,47,47,30282
2026-09-13T00,1203220,48,42,64016
2026-09-13T00,1449850,49,44,28227
2026-09-13T00,1938090,50,48,32964
2026-09-13T00,2406770,51,37,18861
2026-09-13T00,284160,52,50,25486
2026-09-13T00,1665460,53,54,25934
2026-09-13T00,252950,54,53,28285
2026-09-13T00,2638890,55,51,53484
2026-09-13T00,4000,56,56,31809
2026-09-13T00,1281930,57,55,36619
2026-09-13T00,1364780,58,58,37515
2026-09-13T00,2246340,59,74,39769
2026-09-13T00,3513350,60,66,16206
2026-09-13T00,289070,61,61,44028
2026-09-13T00,3419430,62,57,158611
2026-09-13T00,489830,63,60,29405
2026-09-13T00,1222670,64,63,27230
2026-09-13T00,3751260,65,52,42812
2026-09-13T00,1905180,66,65,30770
2026-09-13T00,1142710,67,59,33066
2026-09-13T00,2300320,68,73,44851
2026-09-13T00,1808500,69,70,30412
2026-09-13T00,594650,70,90,34348
2026-09-13T00,291550,71,72,13654
2026-09-13T00,1366800,72,64,37176
2026-09-13T00,261550,73,67,37840
2026-09-13T00,244210,74,81,15125
2026-09-13T00,3321460,75,68,31169
2026-09-13T00,221100,76,71,49220
2026-09-13T00,251570,77,69,35446
2026-09-13T00,2183900,78,86,20446
2026-09-13T00,2073620,79,76,30292
2026-09-13T00,3551340,80,77,44237
2026-09-13T00,714010,81,93,6480
2026-09-13T00,1144200,82,88,12867
2026-09-13T00,813780,83,83,21943
2026-09-13T00,2139460,84,79,27813
2026-09-13T00,945360,85,78,13534
2026-09-13T00,2358720,86,75,29507
2026-09-13T00,3892270,87,151,20273
2026-09-13T00,3219630,88,169,23737
2026-09-13T00,739630,89,91,14906
2026-09-13T00,4162040,90,97,11926
2026-09-13T00,4704690,91,80,11153
2026-09-13T00,960090,92,87,11394
2026-09-13T00,582010,93,107,28090
2026-09-13T00,294100,94,89,30378
2026-09-13T00,2622380,95,92,32085
2026-09-13T00,292030,96,82,18776
2026-09-13T00,1085660,97,85,17920
2026-09-13T00,3472040,98,84,18025
2026-09-13T00,2073850,99,95,15636
2026-09-13T00,1285190,100,-1,20276
2026-09-13T04,730,1,1,1355646
2026-09-13T04,570,2,2,867424
2026-09-13T04,578080,3,3,791618
2026-09-13T04,431960,4,4,113100
2026-09-13T04,1172470,5,5,269302
2026-09-13T04,1867240,6,-1,400196
2026-09-13T04,892970,7,96,271958
2026-09-13T04,2767030,8,15,146798
2026-09-13T04,271590,9,8,78051
2026-09-13T04,2868840,10,9,101585
2026-09-13T04,359550,11,12,108042
2026-09-13T04,2676230,12,13,203082
2026-09-13T04,2357570,13,19,122602
2026-09-13T04,250900,14,10,89520
2026-09-13T04,236390,15,17,90825
2026-09-13T04,3405690,16,18,77164
2026-09-13T04,553850,17,14,63685
2026-09-13T04,381210,18,22,76113
2026-09-13T04,105600,19,16,66710
2026-09-13T04,322170,20,21,66341
2026-09-13T04,4001890,21,7,73121
2026-09-13T04,3240220,22,20,92656
2026-09-13T04,1623730,23,11,132042
2026-09-13T04,413150,24,24,89234
2026-09-13T04,2507950,25,31,142001
2026-09-13T04,2807960,26,27,49923
2026-09-13T04,1422450,27,28,80160
2026-09-13T04,252490,28,26,129242
2026-09-13T04,1973530,29,30,43845
2026-09-13T04,230410,30,29,76298
2026-09-13T04,108600,31,23,82366
2026-09-13T04,3527290,32,25,41776
2026-09-13T04,550,33,35,37575
2026-09-13T04,440,34,34,66578
2026-09-13T04,438100,35,36,62935
2026-09-13T04,1174180,36,33,53713
2026-09-13T04,227300,37,39,44206
2026-09-13T04,2694490,38,32,97656
2026-09-13T04,275850,39,163,50146
2026-09-13T04,3241660,40,45,34643
2026-09-13T04,1091500,41,37,47591
2026-09-13T04,1086940,42,40,64118
2026-09-13T04,394360,43,43,62783
2026-09-13T04,1245620,44,41,51345
2026-09-13T04,322330,45,42,56252
2026-09-13T04,1203220,46,44,63918
2026-09-13T04,3678970,47,52,103286
2026-09-13T04,1938090,48,46,41069
2026-09-13T04,284160,49,48,29168
2026-09-13T04,2483190,50,50,28397
2026-09-13T04,4000,51,51,37887
2026-09-13T04,1449850,52,49,26745
2026-09-13T04,2406770,53,38,20132
2026-09-13T04,1281930,54,53,41375
2026-09-13T04,2246340,55,66,47232
2026-09-13T04,2638890,56,47,56807
2026-09-13T04,1665460,57,55,26146
2026-09-13T04,252950,58,56,27489
2026-09-13T04,1364780,59,57,37220
2026-09-13T04,289070,60,58,50733
2026-09-13T04,1222670,61,59,32391
2026-09-13T04,489830,62,61,34999
2026-09-13T04,1905180,63,63,33260
2026-09-13T04,3751260,64,54,46973
2026-09-13T04,3513350,65,74,16832
2026-09-13T04,1142710,66,60,39510
2026-09-13T04,3419430,67,64,160913
2026-09-13T04,2300320,68,71,48423
2026-09-13T04,594650,69,94,38952
2026-09-13T04,1808500,70,73,33284
2026-09-13T04,244210,71,81,16819
2026-09-13T04,261550,72,67,42694
2026-09-13T04,291550,73,72,15282
2026-09-13T04,3321460,74,62,38222
2026-09-13T04,1366800,75,68,42197
2026-09-13T04,251570,76,65,41735
2026-09-13T04,2183900,77,80,24257
2026-09-13T04,221100,78,70,54996
2026-09-13T04,1144200,79,85,15467
2026-09-13T04,4704690,80,77,13621
2026-09-13T04,3892270,81,144,23968
2026-09-13T04,945360,82,76,14733
2026-09-13T04,2073620,83,78,33150
2026-09-13T04,2358720,84,75,31086
2026-09-13T04,1285190,85,-1,27896
2026-09-13T04,813780,86,82,25421
2026-09-13T04,739630,87,87,16483
2026-09-13T04,714010,88,92,6616
2026-09-13T04,2139460,89,83,31847
2026-09-13T04,3551340,90,84,48027
2026-09-13T04,582010,91,105,30672
2026-09-13T04,3219630,92,142,25288
2026-09-13T04,294100,93,89,36208
2026-09-13T04,960090,94,93,12753
2026-09-13T04,292030,95,79,22214
2026-09-13T04,2622380,96,95,33225
2026-09-13T04,4162040,97,103,12333
2026-09-13T04,3949040,98,-1,20444
2026-09-13T04,1085660,99,90,21364
2026-09-13T04,3472040,100,91,18207
2026-09-13T11,730,1,1,1355646
2026-09-13T11,570,2,2,867424
2026-09-13T11,578080,3,3,791618
2026-09-13T11,431960,4,4,113100
2026-09-13T11,1172470,5,5,269302
2026-09-13T11,1867240,6,-1,400196
2026-09-13T11,892970,7,96,271958
2026-09-13T11,2767030,8,15,146798
2026-09-13T11,271590,9,8,78051
2026-09-13T11,2868840,10,9,101585
2026-09-13T11,359550,11,12,108042
2026-09-13T11,2676230,12,13,203082
2026-09-13T11,2357570,13,19,122602
2026-09-13T11,250900,14,10,89520
2026-09-13T11,236390,15,17,90825
2026-09-13T11,3405690,16,18,77164
2026-09-13T11,553850,17,14,63685
2026-09-13T11,381210,18,22,76113
2026-09-13T11,105600,19,16,66710
2026-09-13T11,322170,20,21,66341
2026-09-13T11,4001890,21,7,73121
2026-09-13T11,3240220,22,20,92656
2026-09-13T11,1623730,23,11,132042
2026-09-13T11,413150,24,24,89234
2026-09-13T11,2507950,25,31,142001
2026-09-13T11,2807960,26,27,49923
2026-09-13T11,1422450,27,28,80160
2026-09-13T11,252490,28,26,129242
2026-09-13T11,1973530,29,30,43845
2026-09-13T11,230410,30,29,76298
2026-09-13T11,108600,31,23,82366
2026-09-13T11,3527290,32,25,41776
2026-09-13T11,550,33,35,37575
2026-09-13T11,440,34,34,66578
2026-09-13T11,438100,35,36,62935
2026-09-13T11,1174180,36,33,53713
2026-09-13T11,227300,37,39,44206
2026-09-13T11,2694490,38,32,97656
2026-09-13T11,275850,39,163,50146
2026-09-13T11,3241660,40,45,34643
2026-09-13T11,1091500,41,37,47591
2026-09-13T11,1086940,42,40,64118
2026-09-13T11,394360,43,43,62783
2026-09-13T11,1245620,44,41,51345
2026-09-13T11,322330,45,42,56252
2026-09-13T11,1203220,46,44,63918
2026-09-13T11,3678970,47,52,103286
2026-09-13T11,1938090,48,46,41069
2026-09-13T11,284160,49,48,29168
2026-09-13T11,2483190,50,50,28397
2026-09-13T11,4000,51,51,37887
2026-09-13T11,1449850,52,49,26745
2026-09-13T11,2406770,53,38,20132
2026-09-13T11,1281930,54,53,41375
2026-09-13T11,2246340,55,66,47232
2026-09-13T11,2638890,56,47,56807
2026-09-13T11,1665460,57,55,26146
2026-09-13T11,252950,58,56,27489
2026-09-13T11,1364780,59,57,37220
2026-09-13T11,289070,60,58,50733
2026-09-13T11,1222670,61,59,32391
2026-09-13T11,489830,62,61,34999
2026-09-13T11,1905180,63,63,33260
2026-09-13T11,3751260,64,54,46973
2026-09-13T11,3513350,65,74,16832
2026-09-13T11,1142710,66,60,39510
2026-09-13T11,3419430,67,64,160913
2026-09-13T11,2300320,68,71,48423
2026-09-13T11,594650,69,94,38952
2026-09-13T11,1808500,70,73,33284
2026-09-13T11,244210,71,81,16819
2026-09-13T11,261550,72,67,42694
2026-09-13T11,291550,73,72,15282
2026-09-13T11,3321460,74,62,38222
2026-09-13T11,1366800,75,68,42197
2026-09-13T11,251570,76,65,41735
2026-09-13T11,2183900,77,80,24257
2026-09-13T11,221100,78,70,54996
2026-09-13T11,1144200,79,85,15467
2026-09-13T11,4704690,80,77,13621
2026-09-13T11,3892270,81,144,23968
2026-09-13T11,945360,82,76,14733
2026-09-13T11,2073620,83,78,33150
2026-09-13T11,2358720,84,75,31086
2026-09-13T11,1285190,85,-1,27896
2026-09-13T11,813780,86,82,25421
2026-09-13T11,739630,87,87,16483
2026-09-13T11,714010,88,92,6616
2026-09-13T11,2139460,89,83,31847
2026-09-13T11,3551340,90,84,48027
2026-09-13T11,582010,91,105,30672
2026-09-13T11,3219630,92,142,25288
2026-09-13T11,294100,93,89,36208
2026-09-13T11,960090,94,93,12753
2026-09-13T11,292030,95,79,22214
2026-09-13T11,2622380,96,95,33225
2026-09-13T11,4162040,97,103,12333
2026-09-13T11,3949040,98,-1,20444
2026-09-13T11,1085660,99,90,21364
2026-09-13T11,3472040,100,91,18207
2026-09-13T16,730,1,1,1355646
2026-09-13T16,570,2,2,867424
2026-09-13T16,578080,3,3,791618
2026-09-13T16,431960,4,4,113100
2026-09-13T16,1172470,5,5,269302
2026-09-13T16,1867240,6,-1,400196
2026-09-13T16,892970,7,96,271958
2026-09-13T16,2767030,8,15,146798
2026-09-13T16,271590,9,8,78051
2026-09-13T16,2868840,10,9,101585
2026-09-13T16,359550,11,12,108042
2026-09-13T16,2676230,12,13,203082
2026-09-13T16,2357570,13,19,122602
2026-09-13T16,250900,14,10,89520
2026-09-13T16,236390,15,17,90825
2026-09-13T16,3405690,16,18,77164
2026-09-13T16,553850,17,14,63685
2026-09-13T16,381210,18,22,76113
2026-09-13T16,105600,19,16,66710
2026-09-13T16,322170,20,21,66341
2026-09-13T16,4001890,21,7,73121
2026-09-13T16,3240220,22,20,92656
2026-09-13T16,1623730,23,11,132042
2026-09-13T16,413150,24,24,89234
2026-09-13T16,2507950,25,31,142001
2026-09-13T16,2807960,26,27,49923
2026-09-13T16,1422450,27,28,80160
2026-09-13T16,252490,28,26,129242
2026-09-13T16,1973530,29,30,43845
2026-09-13T16,230410,30,29,76298
2026-09-13T16,108600,31,23,82366
2026-09-13T16,3527290,32,25,41776
2026-09-13T16,550,33,35,37575
2026-09-13T16,440,34,34,66578
2026-09-13T16,438100,35,36,62935
2026-09-13T16,1174180,36,33,53713
2026-09-13T16,227300,37,39,44206
2026-09-13T16,2694490,38,32,97656
2026-09-13T16,275850,39,163,50146
2026-09-13T16,3241660,40,45,34643
2026-09-13T16,1091500,41,37,47591
2026-09-13T16,1086940,42,40,64118
2026-09-13T16,394360,43,43,62783
2026-09-13T16,1245620,44,41,51345
2026-09-13T16,322330,45,42,56252
2026-09-13T16,1203220,46,44,63918
2026-09-13T16,3678970,47,52,103286
2026-09-13T16,1938090,48,46,41069
2026-09-13T16,284160,49,48,29168
2026-09-13T16,2483190,50,50,28397
2026-09-13T16,4000,51,51,37887
2026-09-13T16,1449850,52,49,26745
2026-09-13T16,2406770,53,38,20132
2026-09-13T16,1281930,54,53,41375
2026-09-13T16,2246340,55,66,47232
2026-09-13T16,2638890,56,47,56807
2026-09-13T16,1665460,57,55,26146
2026-09-13T16,252950,58,56,27489
2026-09-13T16,1364780,59,57,37220
2026-09-13T16,289070,60,58,50733
2026-09-13T16,1222670,61,59,32391
2026-09-13T16,489830,62,61,34999
2026-09-13T16,1905180,63,63,33260
2026-09-13T16,3751260,64,54,46973
2026-09-13T16,3513350,65,74,16832
2026-09-13T16,1142710,66,60,39510
2026-09-13T16,3419430,67,64,160913
2026-09-13T16,2300320,68,71,48423
2026-09-13T16,594650,69,94,38952
2026-09-13T16,1808500,70,73,33284
2026-09-13T16,244210,71,81,16819
2026-09-13T16,261550,72,67,42694
2026-09-13T16,291550,73,72,15282
2026-09-13T16,3321460,74,62,38222
2026-09-13T16,1366800,75,68,42197
2026-09-13T16,251570,76,65,41735
2026-09-13T16,2183900,77,80,24257
2026-09-13T16,221100,78,70,54996
2026-09-13T16,1144200,79,85,15467
2026-09-13T16,4704690,80,77,13621
2026-09-13T16,3892270,81,144,23968
2026-09-13T16,945360,82,76,14733
2026-09-13T16,2073620,83,78,33150
2026-09-13T16,2358720,84,75,31086
2026-09-13T16,1285190,85,-1,27896
2026-09-13T16,813780,86,82,25421
2026-09-13T16,739630,87,87,16483
2026-09-13T16,714010,88,92,6616
2026-09-13T16,2139460,89,83,31847
2026-09-13T16,3551340,90,84,48027
2026-09-13T16,582010,91,105,30672
2026-09-13T16,3219630,92,142,25288
2026-09-13T16,294100,93,89,36208
2026-09-13T16,960090,94,93,12753
2026-09-13T16,292030,95,79,22214
2026-09-13T16,2622380,96,95,33225
2026-09-13T16,4162040,97,103,12333
2026-09-13T16,3949040,98,-1,20444
2026-09-13T16,1085660,99,90,21364
2026-09-13T16,3472040,100,91,18207
2026-09-13T18,730,1,1,1355646
2026-09-13T18,570,2,2,867424
2026-09-13T18,578080,3,3,791618
2026-09-13T18,431960,4,4,113100
2026-09-13T18,1172470,5,5,269302
2026-09-13T18,1867240,6,-1,400196
2026-09-13T18,892970,7,96,271958
2026-09-13T18,2767030,8,15,146798
2026-09-13T18,271590,9,8,78051
2026-09-13T18,2868840,10,9,101585
2026-09-13T18,359550,11,12,108042
2026-09-13T18,2676230,12,13,203082
2026-09-13T18,2357570,13,19,122602
2026-09-13T18,250900,14,10,89520
2026-09-13T18,236390,15,17,90825
2026-09-13T18,3405690,16,18,77164
2026-09-13T18,553850,17,14,63685
2026-09-13T18,381210,18,22,76113
2026-09-13T18,105600,19,16,66710
2026-09-13T18,322170,20,21,66341
2026-09-13T18,4001890,21,7,73121
2026-09-13T18,3240220,22,20,92656
2026-09-13T18,1623730,23,11,132042
2026-09-13T18,413150,24,24,89234
2026-09-13T18,2507950,25,31,142001
2026-09-13T18,2807960,26,27,49923
2026-09-13T18,1422450,27,28,80160
2026-09-13T18,252490,28,26,129242
2026-09-13T18,1973530,29,30,43845
2026-09-13T18,230410,30,29,76298
2026-09-13T18,108600,31,23,82366
2026-09-13T18,3527290,32,25,41776
2026-09-13T18,550,33,35,37575
2026-09-13T18,440,34,34,66578
2026-09-13T18,438100,35,36,62935
2026-09-13T18,1174180,36,33,53713
2026-09-13T18,227300,37,39,44206
2026-09-13T18,2694490,38,32,97656
2026-09-13T18,275850,39,163,50146
2026-09-13T18,3241660,40,45,34643
2026-09-13T18,1091500,41,37,47591
2026-09-13T18,1086940,42,40,64118
2026-09-13T18,394360,43,43,62783
2026-09-13T18,1245620,44,41,51345
2026-09-13T18,322330,45,42,56252
2026-09-13T18,1203220,46,44,63918
2026-09-13T18,3678970,47,52,103286
2026-09-13T18,1938090,48,46,41069
2026-09-13T18,284160,49,48,29168
2026-09-13T18,2483190,50,50,28397
2026-09-13T18,4000,51,51,37887
2026-09-13T18,1449850,52,49,26745
2026-09-13T18,2406770,53,38,20132
2026-09-13T18,1281930,54,53,41375
2026-09-13T18,2246340,55,66,47232
2026-09-13T18,2638890,56,47,56807
2026-09-13T18,1665460,57,55,26146
2026-09-13T18,252950,58,56,27489
2026-09-13T18,1364780,59,57,37220
2026-09-13T18,289070,60,58,50733
2026-09-13T18,1222670,61,59,32391
2026-09-13T18,489830,62,61,34999
2026-09-13T18,1905180,63,63,33260
2026-09-13T18,3751260,64,54,46973
2026-09-13T18,3513350,65,74,16832
2026-09-13T18,1142710,66,60,39510
2026-09-13T18,3419430,67,64,160913
2026-09-13T18,2300320,68,71,48423
2026-09-13T18,594650,69,94,38952
2026-09-13T18,1808500,70,73,33284
2026-09-13T18,244210,71,81,16819
2026-09-13T18,261550,72,67,42694
2026-09-13T18,291550,73,72,15282
2026-09-13T18,3321460,74,62,38222
2026-09-13T18,1366800,75,68,42197
2026-09-13T18,251570,76,65,41735
2026-09-13T18,2183900,77,80,24257
2026-09-13T18,221100,78,70,54996
2026-09-13T18,1144200,79,85,15467
2026-09-13T18,4704690,80,77,13621
2026-09-13T18,3892270,81,144,23968
2026-09-13T18,945360,82,76,14733
2026-09-13T18,2073620,83,78,33150
2026-09-13T18,2358720,84,75,31086
2026-09-13T18,1285190,85,-1,27896
2026-09-13T18,813780,86,82,25421
2026-09-13T18,739630,87,87,16483
2026-09-13T18,714010,88,92,6616
2026-09-13T18,2139460,89,83,31847
2026-09-13T18,3551340,90,84,48027
2026-09-13T18,582010,91,105,30672
2026-09-13T18,3219630,92,142,25288
2026-09-13T18,294100,93,89,36208
2026-09-13T18,960090,94,93,12753
2026-09-13T18,292030,95,79,22214
2026-09-13T18,2622380,96,95,33225
2026-09-13T18,4162040,97,103,12333
2026-09-13T18,3949040,98,-1,20444
2026-09-13T18,1085660,99,90,21364
2026-09-13T18,3472040,100,91,18207
2026-09-13T22,730,1,1,1355646
2026-09-13T22,570,2,2,867424
2026-09-13T22,578080,3,3,791618
2026-09-13T22,431960,4,4,113100
2026-09-13T22,1172470,5,5,269302
2026-09-13T22,1867240,6,-1,400196
2026-09-13T22,892970,7,96,271958
2026-09-13T22,2767030,8,15,146798
2026-09-13T22,271590,9,8,78051
2026-09-13T22,2868840,10,9,101585
2026-09-13T22,359550,11,12,108042
2026-09-13T22,2676230,12,13,203082
2026-09-13T22,2357570,13,19,122602
2026-09-13T22,250900,14,10,89520
2026-09-13T22,236390,15,17,90825
2026-09-13T22,3405690,16,18,77164
2026-09-13T22,553850,17,14,63685
2026-09-13T22,381210,18,22,76113
2026-09-13T22,105600,19,16,66710
2026-09-13T22,322170,20,21,66341
2026-09-13T22,4001890,21,7,73121
2026-09-13T22,3240220,22,20,92656
2026-09-13T22,1623730,23,11,132042
2026-09-13T22,413150,24,24,89234
2026-09-13T22,2507950,25,31,142001
2026-09-13T22,2807960,26,27,49923
2026-09-13T22,1422450,27,28,80160
2026-09-13T22,252490,28,26,129242
2026-09-13T22,1973530,29,30,43845
2026-09-13T22,230410,30,29,76298
2026-09-13T22,108600,31,23,82366
2026-09-13T22,3527290,32,25,41776
2026-09-13T22,550,33,35,37575
2026-09-13T22,440,34,34,66578
2026-09-13T22,438100,35,36,62935
2026-09-13T22,1174180,36,33,53713
2026-09-13T22,227300,37,39,44206
2026-09-13T22,2694490,38,32,97656
2026-09-13T22,275850,39,163,50146
2026-09-13T22,3241660,40,45,34643
2026-09-13T22,1091500,41,37,47591
2026-09-13T22,1086940,42,40,64118
2026-09-13T22,394360,43,43,62783
2026-09-13T22,1245620,44,41,51345
2026-09-13T22,322330,45,42,56252
2026-09-13T22,1203220,46,44,63918
2026-09-13T22,3678970,47,52,103286
2026-09-13T22,1938090,48,46,41069
2026-09-13T22,284160,49,48,29168
2026-09-13T22,2483190,50,50,28397
2026-09-13T22,4000,51,51,37887
2026-09-13T22,1449850,52,49,26745
2026-09-13T22,2406770,53,38,20132
2026-09-13T22,1281930,54,53,41375
2026-09-13T22,2246340,55,66,47232
2026-09-13T22,2638890,56,47,56807
2026-09-13T22,1665460,57,55,26146
2026-09-13T22,252950,58,56,27489
2026-09-13T22,1364780,59,57,37220
2026-09-13T22,289070,60,58,50733
2026-09-13T22,1222670,61,59,32391
2026-09-13T22,489830,62,61,34999
2026-09-13T22,1905180,63,63,33260
2026-09-13T22,3751260,64,54,46973
2026-09-13T22,3513350,65,74,16832
2026-09-13T22,1142710,66,60,39510
2026-09-13T22,3419430,67,64,160913
2026-09-13T22,2300320,68,71,48423
2026-09-13T22,594650,69,94,38952
2026-09-13T22,1808500,70,73,33284
2026-09-13T22,244210,71,81,16819
2026-09-13T22,261550,72,67,42694
2026-09-13T22,291550,73,72,15282
2026-09-13T22,3321460,74,62,38222
2026-09-13T22,1366800,75,68,42197
2026-09-13T22,251570,76,65,41735
2026-09-13T22,2183900,77,80,24257
2026-09-13T22,221100,78,70,54996
2026-09-13T22,1144200,79,85,15467
2026-09-13T22,4704690,80,77,13621
2026-09-13T22,3892270,81,144,23968
2026-09-13T22,945360,82,76,14733
2026-09-13T22,2073620,83,78,33150
2026-09-13T22,2358720,84,75,31086
2026-09-13T22,1285190,85,-1,27896
2026-09-13T22,813780,86,82,25421
2026-09-13T22,739630,87,87,16483
2026-09-13T22,714010,88,92,6616
2026-09-13T22,2139460,89,83,31847
2026-09-13T22,3551340,90,84,48027
2026-09-13T22,582010,91,105,30672
2026-09-13T22,3219630,92,142,25288
2026-09-13T22,294100,93,89,36208
2026-09-13T22,960090,94,93,12753
2026-09-13T22,292030,95,79,22214
2026-09-13T22,2622380,96,95,33225
2026-09-13T22,4162040,97,103,12333
2026-09-13T22,3949040,98,-1,20444
2026-09-13T22,1085660,99,90,21364
2026-09-13T22,3472040,100,91,18207
2026-09-14T04,730,1,1,1359955
2026-09-14T04,570,2,2,898758
2026-09-14T04,578080,3,3,794644
2026-09-14T04,431960,4,4,110412
2026-09-14T04,1867240,5,-1,428666
2026-09-14T04,1172470,6,5,262557
2026-09-14T04,892970,7,86,308477
2026-09-14T04,2357570,8,17,109223
2026-09-14T04,2767030,9,14,123654
2026-09-14T04,271590,10,6,81095
2026-09-14T04,359550,11,9,113556
2026-09-14T04,2676230,12,12,213586
2026-09-14T04,2868840,13,8,99824
2026-09-14T04,250900,14,11,87551
2026-09-14T04,236390,15,16,94469
2026-09-14T04,553850,16,13,60128
2026-09-14T04,381210,17,20,76030
2026-09-14T04,3405690,18,18,73641
2026-09-14T04,1623730,19,10,133412
2026-09-14T04,105600,20,15,65859
2026-09-14T04,3240220,21,19,94811
2026-09-14T04,322170,22,21,62431
2026-09-14T04,4001890,23,7,67721
2026-09-14T04,413150,24,24,91755
2026-09-14T04,2807960,25,23,54411
2026-09-14T04,1422450,26,25,82967
2026-09-14T04,2507950,27,29,136749
2026-09-14T04,252490,28,26,125261
2026-09-14T04,108600,29,22,85750
2026-09-14T04,230410,30,28,76031
2026-09-14T04,1973530,31,30,39241
2026-09-14T04,550,32,34,39300
2026-09-14T04,440,33,38,70369
2026-09-14T04,3527290,34,27,37251
2026-09-14T04,227300,35,37,48275
2026-09-14T04,1174180,36,31,55659
2026-09-14T04,438100,37,39,64219
2026-09-14T04,1086940,38,35,70840
2026-09-14T04,275850,39,157,55726
2026-09-14T04,1091500,40,36,50659
2026-09-14T04,3241660,41,44,35093
2026-09-14T04,2694490,42,32,96608
2026-09-14T04,1245620,43,40,52612
2026-09-14T04,394360,44,43,58908
2026-09-14T04,322330,45,41,53444
2026-09-14T04,1938090,46,46,45348
2026-09-14T04,1203220,47,42,62030
2026-09-14T04,284160,48,47,30437
2026-09-14T04,4000,49,51,37557
2026-09-14T04,1449850,50,48,25409
2026-09-14T04,2483190,51,50,26652
2026-09-14T04,2246340,52,62,48051
2026-09-14T04,3678970,53,53,101904
2026-09-14T04,2406770,54,33,20204
2026-09-14T04,1281930,55,52,39690
2026-09-14T04,252950,56,54,29160
2026-09-14T04,2638890,57,45,54295
2026-09-14T04,1665460,58,55,24320
2026-09-14T04,1222670,59,57,35169
2026-09-14T04,289070,60,56,50321
2026-09-14T04,489830,61,59,38961
2026-09-14T04,2300320,62,64,59584
2026-09-14T04,1364780,63,58,32902
2026-09-14T04,1142710,64,61,41233
2026-09-14T04,3751260,65,49,50038
2026-09-14T04,1905180,66,70,33946
2026-09-14T04,3513350,67,71,16797
2026-09-14T04,3419430,68,69,163134
2026-09-14T04,594650,69,90,40307
2026-09-14T04,1808500,70,67,35635
2026-09-14T04,261550,71,66,44018
2026-09-14T04,3321460,72,60,41039
2026-09-14T04,291550,73,73,16021
2026-09-14T04,244210,74,82,16665
2026-09-14T04,251570,75,63,43355
2026-09-14T04,221100,76,65,59253
2026-09-14T04,1366800,77,68,44860
2026-09-14T04,2183900,78,75,25187
2026-09-14T04,1144200,79,87,16608
2026-09-14T04,3892270,80,143,24796
2026-09-14T04,2073620,81,76,35219
2026-09-14T04,4704690,82,78,12445
2026-09-14T04,1285190,83,-1,29415
2026-09-14T04,945360,84,77,13913
2026-09-14T04,813780,85,84,26296
2026-09-14T04,2358720,86,74,29632
2026-09-14T04,3949040,87,-1,23625
2026-09-14T04,739630,88,85,17013
2026-09-14T04,2139460,89,81,33471
2026-09-14T04,3551340,90,83,51606
2026-09-14T04,582010,91,104,30597
2026-09-14T04,294100,92,89,37545
2026-09-14T04,292030,93,79,25330
2026-09-14T04,714010,94,91,6452
2026-09-14T04,960090,95,94,13131
2026-09-14T04,3219630,96,149,23572
2026-09-14T04,2622380,97,96,32383
2026-09-14T04,4162040,98,101,12396
2026-09-14T04,1085660,99,93,21323
2026-09-14T04,1158310,100,97,27522
2026-09-14T12,730,1,1,1359955
2026-09-14T12,570,2,2,898758
2026-09-14T12,578080,3,3,794644
2026-09-14T12,431960,4,4,110412
2026-09-14T12,1867240,5,-1,428666
2026-09-14T12,1172470,6,5,262557
2026-09-14T12,892970,7,86,308477
2026-09-14T12,2357570,8,17,109223
2026-09-14T12,2767030,9,14,123654
2026-09-14T12,271590,10,6,81095
2026-09-14T12,359550,11,9,113556
2026-09-14T12,2676230,12,12,213586
2026-09-14T12,2868840,13,8,99824
2026-09-14T12,250900,14,11,87551
2026-09-14T12,236390,15,16,94469
2026-09-14T12,553850,16,13,60128
2026-09-14T12,381210,17,20,76030
2026-09-14T12,3405690,18,18,73641
2026-09-14T12,1623730,19,10,133412
2026-09-14T12,105600,20,15,65859
2026-09-14T12,3240220,21,19,94811
2026-09-14T12,322170,22,21,62431
2026-09-14T12,4001890,23,7,67721
2026-09-14T12,413150,24,24,91755
2026-09-14T12,2807960,25,23,54411
2026-09-14T12,1422450,26,25,82967
2026-09-14T12,2507950,27,29,136749
2026-09-14T12,252490,28,26,125261
2026-09-14T12,108600,29,22,85750
2026-09-14T12,230410,30,28,76031
2026-09-14T12,1973530,31,30,39241
2026-09-14T12,550,32,34,39300
2026-09-14T12,440,33,38,70369
2026-09-14T12,3527290,34,27,37251
2026-09-14T12,227300,35,37,48275
2026-09-14T12,1174180,36,31,55659
2026-09-14T12,438100,37,39,64219
2026-09-14T12,1086940,38,35,70840
2026-09-14T12,275850,39,157,55726
2026-09-14T12,1091500,40,36,50659
2026-09-14T12,3241660,41,44,35093
2026-09-14T12,2694490,42,32,96608
2026-09-14T12,1245620,43,40,52612
2026-09-14T12,394360,44,43,58908
2026-09-14T12,322330,45,41,53444
2026-09-14T12,1938090,46,46,45348
2026-09-14T12,1203220,47,42,62030
2026-09-14T12,284160,48,47,30437
2026-09-14T12,4000,49,51,37557
2026-09-14T12,1449850,50,48,25409
2026-09-14T12,2483190,51,50,26652
2026-09-14T12,2246340,52,62,48051
2026-09-14T12,3678970,53,53,101904
2026-09-14T12,2406770,54,33,20204
2026-09-14T12,1281930,55,52,39690
2026-09-14T12,252950,56,54,29160
2026-09-14T12,2638890,57,45,54295
2026-09-14T12,1665460,58,55,24320
2026-09-14T12,1222670,59,57,35169
2026-09-14T12,289070,60,56,50321
2026-09-14T12,489830,61,59,38961
2026-09-14T12,2300320,62,64,59584
2026-09-14T12,1364780,63,58,32902
2026-09-14T12,1142710,64,61,41233
2026-09-14T12,3751260,65,49,50038
2026-09-14T12,1905180,66,70,33946
2026-09-14T12,3513350,67,71,16797
2026-09-14T12,3419430,68,69,163134
2026-09-14T12,594650,69,90,40307
2026-09-14T12,1808500,70,67,35635
2026-09-14T12,261550,71,66,44018
2026-09-14T12,3321460,72,60,41039
2026-09-14T12,291550,73,73,16021
2026-09-14T12,244210,74,82,16665
2026-09-14T12,251570,75,63,43355
2026-09-14T12,221100,76,65,59253
2026-09-14T12,1366800,77,68,44860
2026-09-14T12,2183900,78,75,25187
2026-09-14T12,1144200,79,87,16608
2026-09-14T12,3892270,80,143,24796
2026-09-14T12,2073620,81,76,35219
2026-09-14T12,4704690,82,78,12445
2026-09-14T12,1285190,83,-1,29415
2026-09-14T12,945360,84,77,13913
2026-09-14T12,813780,85,84,26296
2026-09-14T12,2358720,86,74,29632
2026-09-14T12,3949040,87,-1,23625
2026-09-14T12,739630,88,85,17013
2026-09-14T12,2139460,89,81,33471
2026-09-14T12,3551340,90,83,51606
2026-09-14T12,582010,91,104,30597
2026-09-14T12,294100,92,89,37545
2026-09-14T12,292030,93,79,25330
2026-09-14T12,714010,94,91,6452
2026-09-14T12,960090,95,94,13131
2026-09-14T12,3219630,96,149,23572
2026-09-14T12,2622380,97,96,32383
2026-09-14T12,4162040,98,101,12396
2026-09-14T12,1085660,99,93,21323
2026-09-14T12,1158310,100,97,27522
2026-09-14T19,730,1,1,1359955
2026-09-14T19,570,2,2,898758
2026-09-14T19,578080,3,3,794644
2026-09-14T19,431960,4,4,110412
2026-09-14T19,1867240,5,-1,428666
2026-09-14T19,1172470,6,5,262557
2026-09-14T19,892970,7,86,308477
2026-09-14T19,2357570,8,17,109223
2026-09-14T19,2767030,9,14,123654
2026-09-14T19,271590,10,6,81095
2026-09-14T19,359550,11,9,113556
2026-09-14T19,2676230,12,12,213586
2026-09-14T19,2868840,13,8,99824
2026-09-14T19,250900,14,11,87551
2026-09-14T19,236390,15,16,94469
2026-09-14T19,553850,16,13,60128
2026-09-14T19,381210,17,20,76030
2026-09-14T19,3405690,18,18,73641
2026-09-14T19,1623730,19,10,133412
2026-09-14T19,105600,20,15,65859
2026-09-14T19,3240220,21,19,94811
2026-09-14T19,322170,22,21,62431
2026-09-14T19,4001890,23,7,67721
2026-09-14T19,413150,24,24,91755
2026-09-14T19,2807960,25,23,54411
2026-09-14T19,1422450,26,25,82967
2026-09-14T19,2507950,27,29,136749
2026-09-14T19,252490,28,26,125261
2026-09-14T19,108600,29,22,85750
2026-09-14T19,230410,30,28,76031
2026-09-14T19,1973530,31,30,39241
2026-09-14T19,550,32,34,39300
2026-09-14T19,440,33,38,70369
2026-09-14T19,3527290,34,27,37251
2026-09-14T19,227300,35,37,48275
2026-09-14T19,1174180,36,31,55659
2026-09-14T19,438100,37,39,64219
2026-09-14T19,1086940,38,35,70840
2026-09-14T19,275850,39,157,55726
2026-09-14T19,1091500,40,36,50659
2026-09-14T19,3241660,41,44,35093
2026-09-14T19,2694490,42,32,96608
2026-09-14T19,1245620,43,40,52612
2026-09-14T19,394360,44,43,58908
2026-09-14T19,322330,45,41,53444
2026-09-14T19,1938090,46,46,45348
2026-09-14T19,1203220,47,42,62030
2026-09-14T19,284160,48,47,30437
2026-09-14T19,4000,49,51,37557
2026-09-14T19,1449850,50,48,25409
2026-09-14T19,2483190,51,50,26652
2026-09-14T19,2246340,52,62,48051
2026-09-14T19,3678970,53,53,101904
2026-09-14T19,2406770,54,33,20204
2026-09-14T19,1281930,55,52,39690
2026-09-14T19,252950,56,54,29160
2026-09-14T19,2638890,57,45,54295
2026-09-14T19,1665460,58,55,24320
2026-09-14T19,1222670,59,57,35169
2026-09-14T19,289070,60,56,50321
2026-09-14T19,489830,61,59,38961
2026-09-14T19,2300320,62,64,59584
2026-09-14T19,1364780,63,58,32902
2026-09-14T19,1142710,64,61,41233
2026-09-14T19,3751260,65,49,50038
2026-09-14T19,1905180,66,70,33946
2026-09-14T19,3513350,67,71,16797
2026-09-14T19,3419430,68,69,163134
2026-09-14T19,594650,69,90,40307
2026-09-14T19,1808500,70,67,35635
2026-09-14T19,261550,71,66,44018
2026-09-14T19,3321460,72,60,41039
2026-09-14T19,291550,73,73,16021
2026-09-14T19,244210,74,82,16665
2026-09-14T19,251570,75,63,43355
2026-09-14T19,221100,76,65,59253
2026-09-14T19,1366800,77,68,44860
2026-09-14T19,2183900,78,75,25187
2026-09-14T19,1144200,79,87,16608
2026-09-14T19,3892270,80,143,24796
2026-09-14T19,2073620,81,76,35219
2026-09-14T19,4704690,82,78,12445
2026-09-14T19,1285190,83,-1,29415
2026-09-14T19,945360,84,77,13913
2026-09-14T19,813780,85,84,26296
2026-09-14T19,2358720,86,74,29632
2026-09-14T19,3949040,87,-1,23625
2026-09-14T19,739630,88,85,17013
2026-09-14T19,2139460,89,81,33471
2026-09-14T19,3551340,90,83,51606
2026-09-14T19,582010,91,104,30597
2026-09-14T19,294100,92,89,37545
2026-09-14T19,292030,93,79,25330
2026-09-14T19,714010,94,91,6452
2026-09-14T19,960090,95,94,13131
2026-09-14T19,3219630,96,149,23572
2026-09-14T19,2622380,97,96,32383
2026-09-14T19,4162040,98,101,12396
2026-09-14T19,1085660,99,93,21323
2026-09-14T19,1158310,100,97,27522
2026-09-14T23,730,1,1,1359955
2026-09-14T23,570,2,2,898758
2026-09-14T23,578080,3,3,794644
2026-09-14T23,431960,4,4,110412
2026-09-14T23,1867240,5,-1,428666
2026-09-14T23,1172470,6,5,262557
2026-09-14T23,892970,7,86,308477
2026-09-14T23,2357570,8,17,109223
2026-09-14T23,2767030,9,14,123654
2026-09-14T23,271590,10,6,81095
2026-09-14T23,359550,11,9,113556
2026-09-14T23,2676230,12,12,213586
2026-09-14T23,2868840,13,8,99824
2026-09-14T23,250900,14,11,87551
2026-09-14T23,236390,15,16,94469
2026-09-14T23,553850,16,13,60128
2026-09-14T23,381210,17,20,76030
2026-09-14T23,3405690,18,18,73641
2026-09-14T23,1623730,19,10,133412
2026-09-14T23,105600,20,15,65859
2026-09-14T23,3240220,21,19,94811
2026-09-14T23,322170,22,21,62431
2026-09-14T23,4001890,23,7,67721
2026-09-14T23,413150,24,24,91755
2026-09-14T23,2807960,25,23,54411
2026-09-14T23,1422450,26,25,82967
2026-09-14T23,2507950,27,29,136749
2026-09-14T23,252490,28,26,125261
2026-09-14T23,108600,29,22,85750
2026-09-14T23,230410,30,28,76031
2026-09-14T23,1973530,31,30,39241
2026-09-14T23,550,32,34,39300
2026-09-14T23,440,33,38,70369
2026-09-14T23,3527290,34,27,37251
2026-09-14T23,227300,35,37,48275
2026-09-14T23,1174180,36,31,55659
2026-09-14T23,438100,37,39,64219
2026-09-14T23,1086940,38,35,70840
2026-09-14T23,275850,39,157,55726
2026-09-14T23,1091500,40,36,50659
2026-09-14T23,3241660,41,44,35093
2026-09-14T23,2694490,42,32,96608
2026-09-14T23,1245620,43,40,52612
2026-09-14T23,394360,44,43,58908
2026-09-14T23,322330,45,41,53444
2026-09-14T23,1938090,46,46,45348
2026-09-14T23,1203220,47,42,62030
2026-09-14T23,284160,48,47,30437
2026-09-14T23,4000,49,51,37557
2026-09-14T23,1449850,50,48,25409
2026-09-14T23,2483190,51,50,26652
2026-09-14T23,2246340,52,62,48051
2026-09-14T23,3678970,53,53,101904
2026-09-14T23,2406770,54,33,20204
2026-09-14T23,1281930,55,52,39690
2026-09-14T23,252950,56,54,29160
2026-09-14T23,2638890,57,45,54295
2026-09-14T23,1665460,58,55,24320
2026-09-14T23,1222670,59,57,35169
2026-09-14T23,289070,60,56,50321
2026-09-14T23,489830,61,59,38961
2026-09-14T23,2300320,62,64,59584
2026-09-14T23,1364780,63,58,32902
2026-09-14T23,1142710,64,61,41233
2026-09-14T23,3751260,65,49,50038
2026-09-14T23,1905180,66,70,33946
2026-09-14T23,3513350,67,71,16797
2026-09-14T23,3419430,68,69,163134
2026-09-14T23,594650,69,90,40307
2026-09-14T23,1808500,70,67,35635
2026-09-14T23,261550,71,66,44018
2026-09-14T23,3321460,72,60,41039
2026-09-14T23,291550,73,73,16021
2026-09-14T23,244210,74,82,16665
2026-09-14T23,251570,75,63,43355
2026-09-14T23,221100,76,65,59253
2026-09-14T23,1366800,77,68,44860
2026-09-14T23,2183900,78,75,25187
2026-09-14T23,1144200,79,87,16608
2026-09-14T23,3892270,80,143,24796
2026-09-14T23,2073620,81,76,35219
2026-09-14T23,4704690,82,78,12445
2026-09-14T23,1285190,83,-1,29415
2026-09-14T23,945360,84,77,13913
2026-09-14T23,813780,85,84,26296
2026-09-14T23,2358720,86,74,29632
2026-09-14T23,3949040,87,-1,23625
2026-09-14T23,739630,88,85,17013
2026-09-14T23,2139460,89,81,33471
2026-09-14T23,3551340,90,83,51606
2026-09-14T23,582010,91,104,30597
2026-09-14T23,294100,92,89,37545
2026-09-14T23,292030,93,79,25330
2026-09-14T23,714010,94,91,6452
2026-09-14T23,960090,95,94,13131
2026-09-14T23,3219630,96,149,23572
2026-09-14T23,2622380,97,96,32383
2026-09-14T23,4162040,98,101,12396
2026-09-14T23,1085660,99,93,21323
2026-09-14T23,1158310,100,97,27522
2026-09-15T04,730,1,1,1194411
2026-09-15T04,570,2,2,809608
2026-09-15T04,578080,3,3,753580
2026-09-15T04,431960,4,4,102548
2026-09-15T04,1867240,5,-1,351246
2026-09-15T04,1172470,6,5,243719
2026-09-15T04,892970,7,78,242460
2026-09-15T04,2357570,8,15,88227
2026-09-15T04,2767030,9,12,114397
2026-09-15T04,271590,10,6,70087
2026-09-15T04,2676230,11,9,187774
2026-09-15T04,2868840,12,8,91787
2026-09-15T04,359550,13,7,91673
2026-09-15T04,250900,14,10,79171
2026-09-15T04,236390,15,17,76278
2026-09-15T04,381210,16,19,62358
2026-09-15T04,553850,17,13,45906
2026-09-15T04,3405690,18,18,56852
2026-09-15T04,322170,19,21,46082
2026-09-15T04,105600,20,16,51939
2026-09-15T04,3240220,21,20,78968
2026-09-15T04,1623730,22,14,98471
2026-09-15T04,1422450,23,22,68694
2026-09-15T04,413150,24,25,76654
2026-09-15T04,2507950,25,28,130604
2026-09-15T04,230410,26,26,69020
2026-09-15T04,252490,27,27,113177
2026-09-15T04,2807960,28,24,39903
2026-09-15T04,1973530,29,30,36053
2026-09-15T04,4001890,30,11,50649
2026-09-15T04,108600,31,23,64406
2026-09-15T04,440,32,35,66196
2026-09-15T04,438100,33,36,53449
2026-09-15T04,550,34,38,33918
2026-09-15T04,1086940,35,34,52480
2026-09-15T04,2694490,36,31,79286
2026-09-15T04,1174180,37,32,42452
2026-09-15T04,227300,38,39,39301
2026-09-15T04,275850,39,151,41562
2026-09-15T04,1091500,40,37,38063
2026-09-15T04,3527290,41,29,28085
2026-09-15T04,1245620,42,40,41197
2026-09-15T04,3678970,43,48,101298
2026-09-15T04,322330,44,41,48259
2026-09-15T04,3241660,45,44,26142
2026-09-15T04,1449850,46,46,25186
2026-09-15T04,1203220,47,45,59349
2026-09-15T04,394360,48,47,45828
2026-09-15T04,1938090,49,42,35396
2026-09-15T04,2246340,50,61,42617
2026-09-15T04,252950,51,51,27315
2026-09-15T04,284160,52,50,24269
2026-09-15T04,2483190,53,52,21467
2026-09-15T04,4000,54,55,29245
2026-09-15T04,1665460,55,54,21079
2026-09-15T04,1281930,56,53,33619
2026-09-15T04,1364780,57,57,34855
2026-09-15T04,2638890,58,43,43025
2026-09-15T04,489830,59,56,29621
2026-09-15T04,2406770,60,33,14904
2026-09-15T04,1222670,61,58,26652
2026-09-15T04,3419430,62,64,159298
2026-09-15T04,289070,63,60,39893
2026-09-15T04,3513350,64,67,15647
2026-09-15T04,2300320,65,71,47375
2026-09-15T04,1905180,66,72,30926
2026-09-15T04,1142710,67,62,31210
2026-09-15T04,1808500,68,63,28149
2026-09-15T04,1366800,69,68,37292
2026-09-15T04,594650,70,91,32225
2026-09-15T04,221100,71,65,49299
2026-09-15T04,3751260,72,49,35967
2026-09-15T04,291550,73,70,12503
2026-09-15T04,261550,74,69,35549
2026-09-15T04,244210,75,81,13986
2026-09-15T04,2183900,76,73,19670
2026-09-15T04,3321460,77,59,29545
2026-09-15T04,251570,78,66,32457
2026-09-15T04,2073620,79,75,30619
2026-09-15T04,3551340,80,80,46639
2026-09-15T04,1144200,81,92,12990
2026-09-15T04,2139460,82,76,26788
2026-09-15T04,3892270,83,134,21108
2026-09-15T04,714010,84,90,6618
2026-09-15T04,813780,85,85,20596
2026-09-15T04,582010,86,107,29278
2026-09-15T04,294100,87,87,30544
2026-09-15T04,4162040,88,97,10181
2026-09-15T04,739630,89,82,13607
2026-09-15T04,1285190,90,-1,22736
2026-09-15T04,960090,91,86,10710
2026-09-15T04,2358720,92,83,26978
2026-09-15T04,1085660,93,89,18664
2026-09-15T04,3949040,94,-1,18615
2026-09-15T04,3219630,95,140,22151
2026-09-15T04,2622380,96,96,29471
2026-09-15T04,292030,97,88,17926
2026-09-15T04,2073850,98,94,14318
2026-09-15T04,945360,99,77,9443
2026-09-15T04,2379780,100,102,8603
2026-09-15T11,730,1,1,1194411
2026-09-15T11,570,2,2,809608
2026-09-15T11,578080,3,3,753580
2026-09-15T11,431960,4,4,102548
2026-09-15T11,1867240,5,-1,351246
2026-09-15T11,1172470,6,5,243719
2026-09-15T11,892970,7,78,242460
2026-09-15T11,2357570,8,15,88227
2026-09-15T11,2767030,9,12,114397
2026-09-15T11,271590,10,6,70087
2026-09-15T11,2676230,11,9,187774
2026-09-15T11,2868840,12,8,91787
2026-09-15T11,359550,13,7,91673
2026-09-15T11,250900,14,10,79171
2026-09-15T11,236390,15,17,76278
2026-09-15T11,381210,16,19,62358
2026-09-15T11,553850,17,13,45906
2026-09-15T11,3405690,18,18,56852
2026-09-15T11,322170,19,21,46082
2026-09-15T11,105600,20,16,51939
2026-09-15T11,3240220,21,20,78968
2026-09-15T11,1623730,22,14,98471
2026-09-15T11,1422450,23,22,68694
2026-09-15T11,413150,24,25,76654
2026-09-15T11,2507950,25,28,130604
2026-09-15T11,230410,26,26,69020
2026-09-15T11,252490,27,27,113177
2026-09-15T11,2807960,28,24,39903
2026-09-15T11,1973530,29,30,36053
2026-09-15T11,4001890,30,11,50649
2026-09-15T11,108600,31,23,64406
2026-09-15T11,440,32,35,66196
2026-09-15T11,438100,33,36,53449
2026-09-15T11,550,34,38,33918
2026-09-15T11,1086940,35,34,52480
2026-09-15T11,2694490,36,31,79286
2026-09-15T11,1174180,37,32,42452
2026-09-15T11,227300,38,39,39301
2026-09-15T11,275850,39,151,41562
2026-09-15T11,1091500,40,37,38063
2026-09-15T11,3527290,41,29,28085
2026-09-15T11,1245620,42,40,41197
2026-09-15T11,3678970,43,48,101298
2026-09-15T11,322330,44,41,48259
2026-09-15T11,3241660,45,44,26142
2026-09-15T11,1449850,46,46,25186
2026-09-15T11,1203220,47,45,59349
2026-09-15T11,394360,48,47,45828
2026-09-15T11,1938090,49,42,35396
2026-09-15T11,2246340,50,61,42617
2026-09-15T11,252950,51,51,27315
2026-09-15T11,284160,52,50,24269
2026-09-15T11,2483190,53,52,21467
2026-09-15T11,4000,54,55,29245
2026-09-15T11,1665460,55,54,21079
2026-09-15T11,1281930,56,53,33619
2026-09-15T11,1364780,57,57,34855
2026-09-15T11,2638890,58,43,43025
2026-09-15T11,489830,59,56,29621
2026-09-15T11,2406770,60,33,14904
2026-09-15T11,1222670,61,58,26652
2026-09-15T11,3419430,62,64,159298
2026-09-15T11,289070,63,60,39893
2026-09-15T11,3513350,64,67,15647
2026-09-15T11,2300320,65,71,47375
2026-09-15T11,1905180,66,72,30926
2026-09-15T11,1142710,67,62,31210
2026-09-15T11,1808500,68,63,28149
2026-09-15T11,1366800,69,68,37292
2026-09-15T11,594650,70,91,32225
2026-09-15T11,221100,71,65,49299
2026-09-15T11,3751260,72,49,35967
2026-09-15T11,291550,73,70,12503
2026-09-15T11,261550,74,69,35549
2026-09-15T11,244210,75,81,13986
2026-09-15T11,2183900,76,73,19670
2026-09-15T11,3321460,77,59,29545
2026-09-15T11,251570,78,66,32457
2026-09-15T11,2073620,79,75,30619
2026-09-15T11,3551340,80,80,46639
2026-09-15T11,1144200,81,92,12990
2026-09-15T11,2139460,82,76,26788
2026-09-15T11,3892270,83,134,21108
2026-09-15T11,714010,84,90,6618
2026-09-15T11,813780,85,85,20596
2026-09-15T11,582010,86,107,29278
2026-09-15T11,294100,87,87,30544
2026-09-15T11,4162040,88,97,10181
2026-09-15T11,739630,89,82,13607
2026-09-15T11,1285190,90,-1,22736
2026-09-15T11,960090,91,86,10710
2026-09-15T11,2358720,92,83,26978
2026-09-15T11,1085660,93,89,18664
2026-09-15T11,3949040,94,-1,18615
2026-09-15T11,3219630,95,140,22151
2026-09-15T11,2622380,96,96,29471
2026-09-15T11,292030,97,88,17926
2026-09-15T11,2073850,98,94,14318
2026-09-15T11,945360,99,77,9443
2026-09-15T11,2379780,100,102,8603
2026-09-15T16,730,1,1,1194411
2026-09-15T16,570,2,2,809608
2026-09-15T16,578080,3,3,753580
2026-09-15T16,431960,4,4,102548
2026-09-15T16,1867240,5,-1,351246
2026-09-15T16,1172470,6,5,243719
2026-09-15T16,892970,7,78,242460
2026-09-15T16,2357570,8,15,88227
2026-09-15T16,2767030,9,12,114397
2026-09-15T16,271590,10,6,70087
2026-09-15T16,2676230,11,9,187774
2026-09-15T16,2868840,12,8,91787
2026-09-15T16,359550,13,7,91673
2026-09-15T16,250900,14,10,79171
2026-09-15T16,236390,15,17,76278
2026-09-15T16,381210,16,19,62358
2026-09-15T16,553850,17,13,45906
2026-09-15T16,3405690,18,18,56852
2026-09-15T16,322170,19,21,46082
2026-09-15T16,105600,20,16,51939
2026-09-15T16,3240220,21,20,78968
2026-09-15T16,1623730,22,14,98471
2026-09-15T16,1422450,23,22,68694
2026-09-15T16,413150,24,25,76654
2026-09-15T16,2507950,25,28,130604
2026-09-15T16,230410,26,26,69020
2026-09-15T16,252490,27,27,113177
2026-09-15T16,2807960,28,24,39903
2026-09-15T16,1973530,29,30,36053
2026-09-15T16,4001890,30,11,50649
2026-09-15T16,108600,31,23,64406
2026-09-15T16,440,32,35,66196
2026-09-15T16,438100,33,36,53449
2026-09-15T16,550,34,38,33918
2026-09-15T16,1086940,35,34,52480
2026-09-15T16,2694490,36,31,79286
2026-09-15T16,1174180,37,32,42452
2026-09-15T16,227300,38,39,39301
2026-09-15T16,275850,39,151,41562
2026-09-15T16,1091500,40,37,38063
2026-09-15T16,3527290,41,29,28085
2026-09-15T16,1245620,42,40,41197
2026-09-15T16,3678970,43,48,101298
2026-09-15T16,322330,44,41,48259
2026-09-15T16,3241660,45,44,26142
2026-09-15T16,1449850,46,46,25186
2026-09-15T16,1203220,47,45,59349
2026-09-15T16,394360,48,47,45828
2026-09-15T16,1938090,49,42,35396
2026-09-15T16,2246340,50,61,42617
2026-09-15T16,252950,51,51,27315
2026-09-15T16,284160,52,50,24269
2026-09-15T16,2483190,53,52,21467
2026-09-15T16,4000,54,55,29245
2026-09-15T16,1665460,55,54,21079
2026-09-15T16,1281930,56,53,33619
2026-09-15T16,1364780,57,57,34855
2026-09-15T16,2638890,58,43,43025
2026-09-15T16,489830,59,56,29621
2026-09-15T16,2406770,60,33,14904
2026-09-15T16,1222670,61,58,26652
2026-09-15T16,3419430,62,64,159298
2026-09-15T16,289070,63,60,39893
2026-09-15T16,3513350,64,67,15647
2026-09-15T16,2300320,65,71,47375
2026-09-15T16,1905180,66,72,30926
2026-09-15T16,1142710,67,62,31210
2026-09-15T16,1808500,68,63,28149
2026-09-15T16,1366800,69,68,37292
2026-09-15T16,594650,70,91,32225
2026-09-15T16,221100,71,65,49299
2026-09-15T16,3751260,72,49,35967
2026-09-15T16,291550,73,70,12503
2026-09-15T16,261550,74,69,35549
2026-09-15T16,244210,75,81,13986
2026-09-15T16,2183900,76,73,19670
2026-09-15T16,3321460,77,59,29545
2026-09-15T16,251570,78,66,32457
2026-09-15T16,2073620,79,75,30619
2026-09-15T16,3551340,80,80,46639
2026-09-15T16,1144200,81,92,12990
2026-09-15T16,2139460,82,76,26788
2026-09-15T16,3892270,83,134,21108
2026-09-15T16,714010,84,90,6618
2026-09-15T16,813780,85,85,20596
2026-09-15T16,582010,86,107,29278
2026-09-15T16,294100,87,87,30544
2026-09-15T16,4162040,88,97,10181
2026-09-15T16,739630,89,82,13607
2026-09-15T16,1285190,90,-1,22736
2026-09-15T16,960090,91,86,10710
2026-09-15T16,2358720,92,83,26978
2026-09-15T16,1085660,93,89,18664
2026-09-15T16,3949040,94,-1,18615
2026-09-15T16,3219630,95,140,22151
2026-09-15T16,2622380,96,96,29471
2026-09-15T16,292030,97,88,17926
2026-09-15T16,2073850,98,94,14318
2026-09-15T16,945360,99,77,9443
2026-09-15T16,2379780,100,102,8603
2026-09-15T21,730,1,1,1194411
2026-09-15T21,570,2,2,809608
2026-09-15T21,578080,3,3,753580
2026-09-15T21,431960,4,4,102548
2026-09-15T21,1867240,5,-1,351246
2026-09-15T21,1172470,6,5,243719
2026-09-15T21,892970,7,78,242460
2026-09-15T21,2357570,8,15,88227
2026-09-15T21,2767030,9,12,114397
2026-09-15T21,271590,10,6,70087
2026-09-15T21,2676230,11,9,187774
2026-09-15T21,2868840,12,8,91787
2026-09-15T21,359550,13,7,91673
2026-09-15T21,250900,14,10,79171
2026-09-15T21,236390,15,17,76278
2026-09-15T21,381210,16,19,62358
2026-09-15T21,553850,17,13,45906
2026-09-15T21,3405690,18,18,56852
2026-09-15T21,322170,19,21,46082
2026-09-15T21,105600,20,16,51939
2026-09-15T21,3240220,21,20,78968
2026-09-15T21,1623730,22,14,98471
2026-09-15T21,1422450,23,22,68694
2026-09-15T21,413150,24,25,76654
2026-09-15T21,2507950,25,28,130604
2026-09-15T21,230410,26,26,69020
2026-09-15T21,252490,27,27,113177
2026-09-15T21,2807960,28,24,39903
2026-09-15T21,1973530,29,30,36053
2026-09-15T21,4001890,30,11,50649
2026-09-15T21,108600,31,23,64406
2026-09-15T21,440,32,35,66196
2026-09-15T21,438100,33,36,53449
2026-09-15T21,550,34,38,33918
2026-09-15T21,1086940,35,34,52480
2026-09-15T21,2694490,36,31,79286
2026-09-15T21,1174180,37,32,42452
2026-09-15T21,227300,38,39,39301
2026-09-15T21,275850,39,151,41562
2026-09-15T21,1091500,40,37,38063
2026-09-15T21,3527290,41,29,28085
2026-09-15T21,1245620,42,40,41197
2026-09-15T21,3678970,43,48,101298
2026-09-15T21,322330,44,41,48259
2026-09-15T21,3241660,45,44,26142
2026-09-15T21,1449850,46,46,25186
2026-09-15T21,1203220,47,45,59349
2026-09-15T21,394360,48,47,45828
2026-09-15T21,1938090,49,42,35396
2026-09-15T21,2246340,50,61,42617
2026-09-15T21,252950,51,51,27315
2026-09-15T21,284160,52,50,24269
2026-09-15T21,2483190,53,52,21467
2026-09-15T21,4000,54,55,29245
2026-09-15T21,1665460,55,54,21079
2026-09-15T21,1281930,56,53,33619
2026-09-15T21,1364780,57,57,34855
2026-09-15T21,2638890,58,43,43025
2026-09-15T21,489830,59,56,29621
2026-09-15T21,2406770,60,33,14904
2026-09-15T21,1222670,61,58,26652
2026-09-15T21,3419430,62,64,159298
2026-09-15T21,289070,63,60,39893
2026-09-15T21,3513350,64,67,15647
2026-09-15T21,2300320,65,71,47375
2026-09-15T21,1905180,66,72,30926
2026-09-15T21,1142710,67,62,31210
2026-09-15T21,1808500,68,63,28149
2026-09-15T21,1366800,69,68,37292
2026-09-15T21,594650,70,91,32225
2026-09-15T21,221100,71,65,49299
2026-09-15T21,3751260,72,49,35967
2026-09-15T21,291550,73,70,12503
2026-09-15T21,261550,74,69,35549
2026-09-15T21,244210,75,81,13986
2026-09-15T21,2183900,76,73,19670
2026-09-15T21,3321460,77,59,29545
2026-09-15T21,251570,78,66,32457
2026-09-15T21,2073620,79,75,30619
2026-09-15T21,3551340,80,80,46639
2026-09-15T21,1144200,81,92,12990
2026-09-15T21,2139460,82,76,26788
2026-09-15T21,3892270,83,134,21108
2026-09-15T21,714010,84,90,6618
2026-09-15T21,813780,85,85,20596
2026-09-15T21,582010,86,107,29278
2026-09-15T21,294100,87,87,30544
2026-09-15T21,4162040,88,97,10181
2026-09-15T21,739630,89,82,13607
2026-09-15T21,1285190,90,-1,22736
2026-09-15T21,960090,91,86,10710
2026-09-15T21,2358720,92,83,26978
2026-09-15T21,1085660,93,89,18664
2026-09-15T21,3949040,94,-1,18615
2026-09-15T21,3219630,95,140,22151
2026-09-15T21,2622380,96,96,29471
2026-09-15T21,292030,97,88,17926
2026-09-15T21,2073850,98,94,14318
2026-09-15T21,945360,99,77,9443
2026-09-15T21,2379780,100,102,8603
2026-09-16T00,730,1,1,1194411
2026-09-16T00,570,2,2,809608
2026-09-16T00,578080,3,3,753580
2026-09-16T00,431960,4,4,102548
2026-09-16T00,1867240,5,-1,351246
2026-09-16T00,1172470,6,5,243719
2026-09-16T00,892970,7,78,242460
2026-09-16T00,2357570,8,15,88227
2026-09-16T00,2767030,9,12,114397
2026-09-16T00,271590,10,6,70087
2026-09-16T00,2676230,11,9,187774
2026-09-16T00,2868840,12,8,91787
2026-09-16T00,359550,13,7,91673
2026-09-16T00,250900,14,10,79171
2026-09-16T00,236390,15,17,76278
2026-09-16T00,381210,16,19,62358
2026-09-16T00,553850,17,13,45906
2026-09-16T00,3405690,18,18,56852
2026-09-16T00,322170,19,21,46082
2026-09-16T00,105600,20,16,51939
2026-09-16T00,3240220,21,20,78968
2026-09-16T00,1623730,22,14,98471
2026-09-16T00,1422450,23,22,68694
2026-09-16T00,413150,24,25,76654
2026-09-16T00,2507950,25,28,130604
2026-09-16T00,230410,26,26,69020
2026-09-16T00,252490,27,27,113177
2026-09-16T00,2807960,28,24,39903
2026-09-16T00,1973530,29,30,36053
2026-09-16T00,4001890,30,11,50649
2026-09-16T00,108600,31,23,64406
2026-09-16T00,440,32,35,66196
2026-09-16T00,438100,33,36,53449
2026-09-16T00,550,34,38,33918
2026-09-16T00,1086940,35,34,52480
2026-09-16T00,2694490,36,31,79286
2026-09-16T00,1174180,37,32,42452
2026-09-16T00,227300,38,39,39301
2026-09-16T00,275850,39,151,41562
2026-09-16T00,1091500,40,37,38063
2026-09-16T00,3527290,41,29,28085
2026-09-16T00,1245620,42,40,41197
2026-09-16T00,3678970,43,48,101298
2026-09-16T00,322330,44,41,48259
2026-09-16T00,3241660,45,44,26142
2026-09-16T00,1449850,46,46,25186
2026-09-16T00,1203220,47,45,59349
2026-09-16T00,394360,48,47,45828
2026-09-16T00,1938090,49,42,35396
2026-09-16T00,2246340,50,61,42617
2026-09-16T00,252950,51,51,27315
2026-09-16T00,284160,52,50,24269
2026-09-16T00,2483190,53,52,21467
2026-09-16T00,4000,54,55,29245
2026-09-16T00,1665460,55,54,21079
2026-09-16T00,1281930,56,53,33619
2026-09-16T00,1364780,57,57,34855
2026-09-16T00,2638890,58,43,43025
2026-09-16T00,489830,59,56,29621
2026-09-16T00,2406770,60,33,14904
2026-09-16T00,1222670,61,58,26652
2026-09-16T00,3419430,62,64,159298
2026-09-16T00,289070,63,60,39893
2026-09-16T00,3513350,64,67,15647
2026-09-16T00,2300320,65,71,47375
2026-09-16T00,1905180,66,72,30926
2026-09-16T00,1142710,67,62,31210
2026-09-16T00,1808500,68,63,28149
2026-09-16T00,1366800,69,68,37292
2026-09-16T00,594650,70,91,32225
2026-09-16T00,221100,71,65,49299
2026-09-16T00,3751260,72,49,35967
2026-09-16T00,291550,73,70,12503
2026-09-16T00,261550,74,69,35549
2026-09-16T00,244210,75,81,13986
2026-09-16T00,2183900,76,73,19670
2026-09-16T00,3321460,77,59,29545
2026-09-16T00,251570,78,66,32457
2026-09-16T00,2073620,79,75,30619
2026-09-16T00,3551340,80,80,46639
2026-09-16T00,1144200,81,92,12990
2026-09-16T00,2139460,82,76,26788
2026-09-16T00,3892270,83,134,21108
2026-09-16T00,714010,84,90,6618
2026-09-16T00,813780,85,85,20596
2026-09-16T00,582010,86,107,29278
2026-09-16T00,294100,87,87,30544
2026-09-16T00,4162040,88,97,10181
2026-09-16T00,739630,89,82,13607
2026-09-16T00,1285190,90,-1,22736
2026-09-16T00,960090,91,86,10710
2026-09-16T00,2358720,92,83,26978
2026-09-16T00,1085660,93,89,18664
2026-09-16T00,3949040,94,-1,18615
2026-09-16T00,3219630,95,140,22151
2026-09-16T00,2622380,96,96,29471
2026-09-16T00,292030,97,88,17926
2026-09-16T00,2073850,98,94,14318
2026-09-16T00,945360,99,77,9443
2026-09-16T00,2379780,100,102,8603
2026-09-16T07,730,1,1,1194411
2026-09-16T07,570,2,2,809608
2026-09-16T07,578080,3,3,753580
2026-09-16T07,431960,4,4,102548
2026-09-16T07,1867240,5,-1,351246
2026-09-16T07,1172470,6,5,243719
2026-09-16T07,892970,7,78,242460
2026-09-16T07,2357570,8,15,88227
2026-09-16T07,2767030,9,12,114397
2026-09-16T07,271590,10,6,70087
2026-09-16T07,2676230,11,9,187774
2026-09-16T07,2868840,12,8,91787
2026-09-16T07,359550,13,7,91673
2026-09-16T07,250900,14,10,79171
2026-09-16T07,236390,15,17,76278
2026-09-16T07,381210,16,19,62358
2026-09-16T07,553850,17,13,45906
2026-09-16T07,3405690,18,18,56852
2026-09-16T07,322170,19,21,46082
2026-09-16T07,105600,20,16,51939
2026-09-16T07,3240220,21,20,78968
2026-09-16T07,1623730,22,14,98471
2026-09-16T07,1422450,23,22,68694
2026-09-16T07,413150,24,25,76654
2026-09-16T07,2507950,25,28,130604
2026-09-16T07,230410,26,26,69020
2026-09-16T07,252490,27,27,113177
2026-09-16T07,2807960,28,24,39903
2026-09-16T07,1973530,29,30,36053
2026-09-16T07,4001890,30,11,50649
2026-09-16T07,108600,31,23,64406
2026-09-16T07,440,32,35,66196
2026-09-16T07,438100,33,36,53449
2026-09-16T07,550,34,38,33918
2026-09-16T07,1086940,35,34,52480
2026-09-16T07,2694490,36,31,79286
2026-09-16T07,1174180,37,32,42452
2026-09-16T07,227300,38,39,39301
2026-09-16T07,275850,39,151,41562
2026-09-16T07,1091500,40,37,38063
2026-09-16T07,3527290,41,29,28085
2026-09-16T07,1245620,42,40,41197
2026-09-16T07,3678970,43,48,101298
2026-09-16T07,322330,44,41,48259
2026-09-16T07,3241660,45,44,26142
2026-09-16T07,1449850,46,46,25186
2026-09-16T07,1203220,47,45,59349
2026-09-16T07,394360,48,47,45828
2026-09-16T07,1938090,49,42,35396
2026-09-16T07,2246340,50,61,42617
2026-09-16T07,252950,51,51,27315
2026-09-16T07,284160,52,50,24269
2026-09-16T07,2483190,53,52,21467
2026-09-16T07,4000,54,55,29245
2026-09-16T07,1665460,55,54,21079
2026-09-16T07,1281930,56,53,33619
2026-09-16T07,1364780,57,57,34855
2026-09-16T07,2638890,58,43,43025
2026-09-16T07,489830,59,56,29621
2026-09-16T07,2406770,60,33,14904
2026-09-16T07,1222670,61,58,26652
2026-09-16T07,3419430,62,64,159298
2026-09-16T07,289070,63,60,39893
2026-09-16T07,3513350,64,67,15647
2026-09-16T07,2300320,65,71,47375
2026-09-16T07,1905180,66,72,30926
2026-09-16T07,1142710,67,62,31210
2026-09-16T07,1808500,68,63,28149
2026-09-16T07,1366800,69,68,37292
2026-09-16T07,594650,70,91,32225
2026-09-16T07,221100,71,65,49299
2026-09-16T07,3751260,72,49,35967
2026-09-16T07,291550,73,70,12503
2026-09-16T07,261550,74,69,35549
2026-09-16T07,244210,75,81,13986
2026-09-16T07,2183900,76,73,19670
2026-09-16T07,3321460,77,59,29545
2026-09-16T07,251570,78,66,32457
2026-09-16T07,2073620,79,75,30619
2026-09-16T07,3551340,80,80,46639
2026-09-16T07,1144200,81,92,12990
2026-09-16T07,2139460,82,76,26788
2026-09-16T07,3892270,83,134,21108
2026-09-16T07,714010,84,90,6618
2026-09-16T07,813780,85,85,20596
2026-09-16T07,582010,86,107,29278
2026-09-16T07,294100,87,87,30544
2026-09-16T07,4162040,88,97,10181
2026-09-16T07,739630,89,82,13607
2026-09-16T07,1285190,90,-1,22736
2026-09-16T07,960090,91,86,10710
2026-09-16T07,2358720,92,83,26978
2026-09-16T07,1085660,93,89,18664
2026-09-16T07,3949040,94,-1,18615
2026-09-16T07,3219630,95,140,22151
2026-09-16T07,2622380,96,96,29471
2026-09-16T07,292030,97,88,17926
2026-09-16T07,2073850,98,94,14318
2026-09-16T07,945360,99,77,9443
2026-09-16T07,2379780,100,102,8603
2026-09-16T13,2246340,1,61,42617
2026-09-16T13,252950,2,51,27315
2026-09-16T13,284160,3,50,24269
2026-09-16T13,2483190,4,52,21467
2026-09-16T13,4000,5,55,29245
2026-09-16T13,1665460,6,54,21079
2026-09-16T13,1281930,7,53,33619
2026-09-16T13,1364780,8,57,34855
2026-09-16T13,2638890,9,43,43025
2026-09-16T13,489830,10,56,29621
2026-09-16T13,2406770,11,33,14904
2026-09-16T13,1222670,12,58,26652
2026-09-16T13,3419430,13,64,159298
2026-09-16T13,289070,14,60,39893
2026-09-16T13,3513350,15,67,15647
2026-09-16T13,2300320,16,71,47375
2026-09-16T13,1905180,17,72,30926
2026-09-16T13,1142710,18,62,31210
2026-09-16T13,1808500,19,63,28149
2026-09-16T13,1366800,20,68,37292
2026-09-16T13,594650,21,91,32225
2026-09-16T13,221100,22,65,49299
2026-09-16T13,3751260,23,49,35967
2026-09-16T13,291550,24,70,12503
2026-09-16T13,261550,25,69,35549
2026-09-16T13,244210,26,81,13986
2026-09-16T13,2183900,27,73,19670
2026-09-16T13,3321460,28,59,29545
2026-09-16T13,251570,29,66,32457
2026-09-16T13,2073620,30,75,30619
2026-09-16T13,3551340,31,80,46639
2026-09-16T13,1144200,32,92,12990
2026-09-16T13,2139460,33,76,26788
2026-09-16T13,3892270,34,134,21108
2026-09-16T13,714010,35,90,6618
2026-09-16T13,813780,36,85,20596
2026-09-16T13,582010,37,107,29278
2026-09-16T13,294100,38,87,30544
2026-09-16T13,4162040,39,97,10181
2026-09-16T13,739630,40,82,13607
2026-09-16T13,1285190,41,-1,22736
2026-09-16T13,960090,42,86,10710
2026-09-16T13,2358720,43,83,26978
2026-09-16T13,1085660,44,89,18664
2026-09-16T13,3949040,45,-1,18615
2026-09-16T13,3219630,46,140,22151
2026-09-16T13,2622380,47,96,29471
2026-09-16T13,292030,48,88,17926
2026-09-16T13,2073850,49,94,14318
2026-09-16T13,945360,50,77,9443
2026-09-16T13,2379780,51,102,8603
2026-09-16T13,1158310,52,98,21665
2026-09-16T13,3932890,53,100,33376
2026-09-16T13,3472040,54,99,16958
2026-09-16T13,2399830,55,93,27356
2026-09-16T13,2050650,56,135,13877
2026-09-16T13,4704690,57,84,7745
2026-09-16T13,376210,58,104,23944
2026-09-16T13,629520,59,108,15925
2026-09-16T13,4356430,60,105,23455
2026-09-16T13,1329410,61,109,12303
2026-09-16T13,2344520,62,-1,16436
2026-09-16T13,1942280,63,122,13731
2026-09-16T13,2141910,64,111,11216
2026-09-16T13,3224770,65,115,7590
2026-09-16T13,365670,66,118,15179
2026-09-16T13,1009850,67,110,5216
2026-09-16T13,3564740,68,114,21247
2026-09-16T13,39210,69,120,28591
2026-09-16T13,646570,70,136,11302
2026-09-16T13,2584990,71,112,9839
2026-09-16T13,1643320,72,103,20526
2026-09-16T13,552990,73,139,15462
2026-09-16T13,311210,74,106,11877
2026-09-16T13,1049590,75,119,20399
2026-09-16T13,766570,76,137,23034
2026-09-16T13,3059520,77,184,12717
2026-09-16T13,2075800,78,74,14900
2026-09-16T13,3557620,79,142,7089
2026-09-16T13,367520,80,128,8752
2026-09-16T13,1551360,81,113,9785
2026-09-16T13,427520,82,121,20266
2026-09-16T13,377160,83,127,12818
2026-09-16T13,1326470,84,79,12568
2026-09-16T13,346110,85,129,19026
2026-09-16T13,1030300,86,131,9440
2026-09-16T13,526870,87,126,17535
2026-09-16T13,1771300,88,132,15372
2026-09-16T13,3164500,89,123,11724
2026-09-16T13,1818450,90,141,18438
2026-09-16T13,10,91,149,12452
2026-09-16T13,3624140,92,-1,7657
2026-09-16T13,2142790,93,117,14392
2026-09-16T13,393380,94,133,12170
2026-09-16T13,1325860,95,147,18628
2026-09-16T13,1874880,96,116,13099
2026-09-16T13,824270,97,160,4154
2026-09-16T13,949230,98,145,11226
2026-09-16T13,4025700,99,153,11585
2026-09-16T13,1466860,100,150,12370
2026-09-16T18,2246340,1,61,42617
2026-09-16T18,252950,2,51,27315
2026-09-16T18,284160,3,50,24269
2026-09-16T18,2483190,4,52,21467
2026-09-16T18,4000,5,55,29245
2026-09-16T18,1665460,6,54,21079
2026-09-16T18,1281930,7,53,33619
2026-09-16T18,1364780,8,57,34855
2026-09-16T18,2638890,9,43,43025
2026-09-16T18,489830,10,56,29621
2026-09-16T18,2406770,11,33,14904
2026-09-16T18,1222670,12,58,26652
2026-09-16T18,3419430,13,64,159298
2026-09-16T18,289070,14,60,39893
2026-09-16T18,3513350,15,67,15647
2026-09-16T18,2300320,16,71,47375
2026-09-16T18,1905180,17,72,30926
2026-09-16T18,1142710,18,62,31210
2026-09-16T18,1808500,19,63,28149
2026-09-16T18,1366800,20,68,37292
2026-09-16T18,594650,21,91,32225
2026-09-16T18,221100,22,65,49299
2026-09-16T18,3751260,23,49,35967
2026-09-16T18,291550,24,70,12503
2026-09-16T18,261550,25,69,35549
2026-09-16T18,244210,26,81,13986
2026-09-16T18,2183900,27,73,19670
2026-09-16T18,3321460,28,59,29545
2026-09-16T18,251570,29,66,32457
2026-09-16T18,2073620,30,75,30619
2026-09-16T18,3551340,31,80,46639
2026-09-16T18,1144200,32,92,12990
2026-09-16T18,2139460,33,76,26788
2026-09-16T18,3892270,34,134,21108
2026-09-16T18,714010,35,90,6618
2026-09-16T18,813780,36,85,20596
2026-09-16T18,582010,37,107,29278
2026-09-16T18,294100,38,87,30544
2026-09-16T18,4162040,39,97,10181
2026-09-16T18,739630,40,82,13607
2026-09-16T18,1285190,41,-1,22736
2026-09-16T18,960090,42,86,10710
2026-09-16T18,2358720,43,83,26978
2026-09-16T18,1085660,44,89,18664
2026-09-16T18,3949040,45,-1,18615
2026-09-16T18,3219630,46,140,22151
2026-09-16T18,2622380,47,96,29471
2026-09-16T18,292030,48,88,17926
2026-09-16T18,2073850,49,94,14318
2026-09-16T18,945360,50,77,9443
2026-09-16T18,2379780,51,102,8603
2026-09-16T18,1158310,52,98,21665
2026-09-16T18,3932890,53,100,33376
2026-09-16T18,3472040,54,99,16958
2026-09-16T18,2399830,55,93,27356
2026-09-16T18,2050650,56,135,13877
2026-09-16T18,4704690,57,84,7745
2026-09-16T18,376210,58,104,23944
2026-09-16T18,629520,59,108,15925
2026-09-16T18,4356430,60,105,23455
2026-09-16T18,1329410,61,109,12303
2026-09-16T18,2344520,62,-1,16436
2026-09-16T18,1942280,63,122,13731
2026-09-16T18,2141910,64,111,11216
2026-09-16T18,3224770,65,115,7590
2026-09-16T18,365670,66,118,15179
2026-09-16T18,1009850,67,110,5216
2026-09-16T18,3564740,68,114,21247
2026-09-16T18,39210,69,120,28591
2026-09-16T18,646570,70,136,11302
2026-09-16T18,2584990,71,112,9839
2026-09-16T18,1643320,72,103,20526
2026-09-16T18,552990,73,139,15462
2026-09-16T18,311210,74,106,11877
2026-09-16T18,1049590,75,119,20399
2026-09-16T18,766570,76,137,23034
2026-09-16T18,3059520,77,184,12717
2026-09-16T18,2075800,78,74,14900
2026-09-16T18,3557620,79,142,7089
2026-09-16T18,367520,80,128,8752
2026-09-16T18,1551360,81,113,9785
2026-09-16T18,427520,82,121,20266
2026-09-16T18,377160,83,127,12818
2026-09-16T18,1326470,84,79,12568
2026-09-16T18,346110,85,129,19026
2026-09-16T18,1030300,86,131,9440
2026-09-16T18,526870,87,126,17535
2026-09-16T18,1771300,88,132,15372
2026-09-16T18,3164500,89,123,11724
2026-09-16T18,1818450,90,141,18438
2026-09-16T18,10,91,149,12452
2026-09-16T18,3624140,92,-1,7657
2026-09-16T18,2142790,93,117,14392
2026-09-16T18,393380,94,133,12170
2026-09-16T18,1325860,95,147,18628
2026-09-16T18,1874880,96,116,13099
2026-09-16T18,824270,97,160,4154
2026-09-16T18,949230,98,145,11226
2026-09-16T18,4025700,99,153,11585
2026-09-16T18,1466860,100,150,12370
2026-09-16T21,2246340,1,61,42617
2026-09-16T21,252950,2,51,27315
2026-09-16T21,284160,3,50,24269
2026-09-16T21,2483190,4,52,21467
2026-09-16T21,4000,5,55,29245
2026-09-16T21,1665460,6,54,21079
2026-09-16T21,1281930,7,53,33619
2026-09-16T21,1364780,8,57,34855
2026-09-16T21,2638890,9,43,43025
2026-09-16T21,489830,10,56,29621
2026-09-16T21,2406770,11,33,14904
2026-09-16T21,1222670,12,58,26652
2026-09-16T21,3419430,13,64,159298
2026-09-16T21,289070,14,60,39893
2026-09-16T21,3513350,15,67,15647
2026-09-16T21,2300320,16,71,47375
2026-09-16T21,1905180,17,72,30926
2026-09-16T21,1142710,18,62,31210
2026-09-16T21,1808500,19,63,28149
2026-09-16T21,1366800,20,68,37292
2026-09-16T21,594650,21,91,32225
2026-09-16T21,221100,22,65,49299
2026-09-16T21,3751260,23,49,35967
2026-09-16T21,291550,24,70,12503
2026-09-16T21,261550,25,69,35549
2026-09-16T21,244210,26,81,13986
2026-09-16T21,2183900,27,73,19670
2026-09-16T21,3321460,28,59,29545
2026-09-16T21,251570,29,66,32457
2026-09-16T21,2073620,30,75,30619
2026-09-16T21,3551340,31,80,46639
2026-09-16T21,1144200,32,92,12990
2026-09-16T21,2139460,33,76,26788
2026-09-16T21,3892270,34,134,21108
2026-09-16T21,714010,35,90,6618
2026-09-16T21,813780,36,85,20596
2026-09-16T21,582010,37,107,29278
2026-09-16T21,294100,38,87,30544
2026-09-16T21,4162040,39,97,10181
2026-09-16T21,739630,40,82,13607
2026-09-16T21,1285190,41,-1,22736
2026-09-16T21,960090,42,86,10710
2026-09-16T21,2358720,43,83,26978
2026-09-16T21,1085660,44,89,18664
2026-09-16T21,3949040,45,-1,18615
2026-09-16T21,3219630,46,140,22151
2026-09-16T21,2622380,47,96,29471
2026-09-16T21,292030,48,88,17926
2026-09-16T21,2073850,49,94,14318
2026-09-16T21,945360,50,77,9443
2026-09-16T21,2379780,51,102,8603
2026-09-16T21,1158310,52,98,21665
2026-09-16T21,3932890,53,100,33376
2026-09-16T21,3472040,54,99,16958
2026-09-16T21,2399830,55,93,27356
2026-09-16T21,2050650,56,135,13877
2026-09-16T21,4704690,57,84,7745
2026-09-16T21,376210,58,104,23944
2026-09-16T21,629520,59,108,15925
2026-09-16T21,4356430,60,105,23455
2026-09-16T21,1329410,61,109,12303
2026-09-16T21,2344520,62,-1,16436
2026-09-16T21,1942280,63,122,13731
2026-09-16T21,2141910,64,111,11216
2026-09-16T21,3224770,65,115,7590
2026-09-16T21,365670,66,118,15179
2026-09-16T21,1009850,67,110,5216
2026-09-16T21,3564740,68,114,21247
2026-09-16T21,39210,69,120,28591
2026-09-16T21,646570,70,136,11302
2026-09-16T21,2584990,71,112,9839
2026-09-16T21,1643320,72,103,20526
2026-09-16T21,552990,73,139,15462
2026-09-16T21,311210,74,106,11877
2026-09-16T21,1049590,75,119,20399
2026-09-16T21,766570,76,137,23034
2026-09-16T21,3059520,77,184,12717
2026-09-16T21,2075800,78,74,14900
2026-09-16T21,3557620,79,142,7089
2026-09-16T21,367520,80,128,8752
2026-09-16T21,1551360,81,113,9785
2026-09-16T21,427520,82,121,20266
2026-09-16T21,377160,83,127,12818
2026-09-16T21,1326470,84,79,12568
2026-09-16T21,346110,85,129,19026
2026-09-16T21,1030300,86,131,9440
2026-09-16T21,526870,87,126,17535
2026-09-16T21,1771300,88,132,15372
2026-09-16T21,3164500,89,123,11724
2026-09-16T21,1818450,90,141,18438
2026-09-16T21,10,91,149,12452
2026-09-16T21,3624140,92,-1,7657
2026-09-16T21,2142790,93,117,14392
2026-09-16T21,393380,94,133,12170
2026-09-16T21,1325860,95,147,18628
2026-09-16T21,1874880,96,116,13099
2026-09-16T21,824270,97,160,4154
2026-09-16T21,949230,98,145,11226
2026-09-16T21,4025700,99,153,11585
2026-09-16T21,1466860,100,150,12370
2026-09-17T00,2246340,1,61,42617
2026-09-17T00,252950,2,51,27315
2026-09-17T00,284160,3,50,24269
2026-09-17T00,2483190,4,52,21467
2026-09-17T00,4000,5,55,29245
2026-09-17T00,1665460,6,54,21079
2026-09-17T00,1281930,7,53,33619
2026-09-17T00,1364780,8,57,34855
2026-09-17T00,2638890,9,43,43025
2026-09-17T00,489830,10,56,29621
2026-09-17T00,2406770,11,33,14904
2026-09-17T00,1222670,12,58,26652
2026-09-17T00,3419430,13,64,159298
2026-09-17T00,289070,14,60,39893
2026-09-17T00,3513350,15,67,15647
2026-09-17T00,2300320,16,71,47375
2026-09-17T00,1905180,17,72,30926
2026-09-17T00,1142710,18,62,31210
2026-09-17T00,1808500,19,63,28149
2026-09-17T00,1366800,20,68,37292
2026-09-17T00,594650,21,91,32225
2026-09-17T00,221100,22,65,49299
2026-09-17T00,3751260,23,49,35967
2026-09-17T00,291550,24,70,12503
2026-09-17T00,261550,25,69,35549
2026-09-17T00,244210,26,81,13986
2026-09-17T00,2183900,27,73,19670
2026-09-17T00,3321460,28,59,29545
2026-09-17T00,251570,29,66,32457
2026-09-17T00,2073620,30,75,30619
2026-09-17T00,3551340,31,80,46639
2026-09-17T00,1144200,32,92,12990
2026-09-17T00,2139460,33,76,26788
2026-09-17T00,3892270,34,134,21108
2026-09-17T00,714010,35,90,6618
2026-09-17T00,813780,36,85,20596
2026-09-17T00,582010,37,107,29278
2026-09-17T00,294100,38,87,30544
2026-09-17T00,4162040,39,97,10181
2026-09-17T00,739630,40,82,13607
2026-09-17T00,1285190,41,-1,22736
2026-09-17T00,960090,42,86,10710
2026-09-17T00,2358720,43,83,26978
2026-09-17T00,1085660,44,89,18664
2026-09-17T00,3949040,45,-1,18615
2026-09-17T00,3219630,46,140,22151
2026-09-17T00,2622380,47,96,29471
2026-09-17T00,292030,48,88,17926
2026-09-17T00,2073850,49,94,14318
2026-09-17T00,945360,50,77,9443
2026-09-17T00,2379780,51,102,8603
2026-09-17T00,1158310,52,98,21665
2026-09-17T00,3932890,53,100,33376
2026-09-17T00,3472040,54,99,16958
2026-09-17T00,2399830,55,93,27356
2026-09-17T00,2050650,56,135,13877
2026-09-17T00,4704690,57,84,7745
2026-09-17T00,376210,58,104,23944
2026-09-17T00,629520,59,108,15925
2026-09-17T00,4356430,60,105,23455
2026-09-17T00,1329410,61,109,12303
2026-09-17T00,2344520,62,-1,16436
2026-09-17T00,1942280,63,122,13731
2026-09-17T00,2141910,64,111,11216
2026-09-17T00,3224770,65,115,7590
2026-09-17T00,365670,66,118,15179
2026-09-17T00,1009850,67,110,5216
2026-09-17T00,3564740,68,114,21247
2026-09-17T00,39210,69,120,28591
2026-09-17T00,646570,70,136,11302
2026-09-17T00,2584990,71,112,9839
2026-09-17T00,1643320,72,103,20526
2026-09-17T00,552990,73,139,15462
2026-09-17T00,311210,74,106,11877
2026-09-17T00,1049590,75,119,20399
2026-09-17T00,766570,76,137,23034
2026-09-17T00,3059520,77,184,12717
2026-09-17T00,2075800,78,74,14900
2026-09-17T00,3557620,79,142,7089
2026-09-17T00,367520,80,128,8752
2026-09-17T00,1551360,81,113,9785
2026-09-17T00,427520,82,121,20266
2026-09-17T00,377160,83,127,12818
2026-09-17T00,1326470,84,79,12568
2026-09-17T00,346110,85,129,19026
2026-09-17T00,1030300,86,131,9440
2026-09-17T00,526870,87,126,17535
2026-09-17T00,1771300,88,132,15372
2026-09-17T00,3164500,89,123,11724
2026-09-17T00,1818450,90,141,18438
2026-09-17T00,10,91,149,12452
2026-09-17T00,3624140,92,-1,7657
2026-09-17T00,2142790,93,117,14392
2026-09-17T00,393380,94,133,12170
2026-09-17T00,1325860,95,147,18628
2026-09-17T00,1874880,96,116,13099
2026-09-17T00,824270,97,160,4154
2026-09-17T00,949230,98,145,11226
2026-09-17T00,4025700,99,153,11585
2026-09-17T00,1466860,100,150,12370
2026-09-17T07,730,1,1,1282791
2026-09-17T07,570,2,2,785015
2026-09-17T07,578080,3,3,754003
2026-09-17T07,431960,4,4,99689
2026-09-17T07,1867240,5,-1,326850
2026-09-17T07,1172470,6,5,258846
2026-09-17T07,892970,7,10,223270
2026-09-17T07,4126040,8,-1,127914
2026-09-17T07,2767030,9,9,102948
2026-09-17T07,271590,10,6,67350
2026-09-17T07,2357570,11,17,77280
2026-09-17T07,2676230,12,7,182904
2026-09-17T07,2868840,13,8,90606
2026-09-17T07,250900,14,12,78213
2026-09-17T07,359550,15,11,83346
2026-09-17T07,236390,16,16,84213
2026-09-17T07,381210,17,13,62912
2026-09-17T07,553850,18,14,46449
2026-09-17T07,322170,19,22,48730
2026-09-17T07,3405690,20,18,53171
2026-09-17T07,1422450,21,23,69506
2026-09-17T07,1973530,22,29,44848
2026-09-17T07,105600,23,19,48498
2026-09-17T07,3240220,24,21,74140
2026-09-17T07,1623730,25,15,86553
2026-09-17T07,2507950,26,24,122982
2026-09-17T07,413150,27,28,73990
2026-09-17T07,2807960,28,25,39843
2026-09-17T07,230410,29,26,60889
2026-09-17T07,252490,30,30,102508
2026-09-17T07,108600,31,27,58522
2026-09-17T07,440,32,32,67432
2026-09-17T07,4001890,33,20,41341
2026-09-17T07,438100,34,34,51533
2026-09-17T07,550,35,39,29561
2026-09-17T07,1086940,36,37,51647
2026-09-17T07,227300,37,38,37911
2026-09-17T07,1174180,38,33,39225
2026-09-17T07,1091500,39,40,35691
2026-09-17T07,275850,40,78,43239
2026-09-17T07,2694490,41,31,64386
2026-09-17T07,3678970,42,35,97472
2026-09-17T07,1245620,43,42,39563
2026-09-17T07,394360,44,46,46328
2026-09-17T07,1203220,45,43,57521
2026-09-17T07,1449850,46,44,22869
2026-09-17T07,322330,47,45,45430
2026-09-17T07,2246340,48,58,46106
2026-09-17T07,3527290,49,36,24919
2026-09-17T07,3241660,50,50,25534
2026-09-17T07,1938090,51,47,30634
2026-09-17T07,252950,52,51,26297
2026-09-17T07,2483190,53,49,21302
2026-09-17T07,284160,54,53,23806
2026-09-17T07,4000,55,59,28905
2026-09-17T07,1665460,56,55,19878
2026-09-17T07,2344520,57,-1,46343
2026-09-17T07,1364780,58,54,35323
2026-09-17T07,1281930,59,57,32141
2026-09-17T07,489830,60,61,28159
2026-09-17T07,1222670,61,65,25910
2026-09-17T07,3419430,62,52,156654
2026-09-17T07,289070,63,64,39496
2026-09-17T07,3513350,64,63,12735
2026-09-17T07,1905180,65,70,31711
2026-09-17T07,2638890,66,48,34706
2026-09-17T07,1142710,67,66,29731
2026-09-17T07,2073620,68,76,41245
2026-09-17T07,2300320,69,67,44806
2026-09-17T07,1808500,70,60,27100
2026-09-17T07,291550,71,73,13638
2026-09-17T07,594650,72,62,31827
2026-09-17T07,1366800,73,68,36591
2026-09-17T07,2406770,74,41,11198
2026-09-17T07,261550,75,71,34252
2026-09-17T07,221100,76,72,45382
2026-09-17T07,244210,77,81,14165
2026-09-17T07,2183900,78,77,18910
2026-09-17T07,251570,79,74,30324
2026-09-17T07,3321460,80,69,26135
2026-09-17T07,714010,81,83,7223
2026-09-17T07,3551340,82,80,42673
2026-09-17T07,3751260,83,56,27825
2026-09-17T07,1144200,84,90,12156
2026-09-17T07,813780,85,85,20375
2026-09-17T07,582010,86,98,29429
2026-09-17T07,2139460,87,79,23972
2026-09-17T07,294100,88,86,30433
2026-09-17T07,4162040,89,82,8708
2026-09-17T07,2358720,90,84,25091
2026-09-17T07,960090,91,89,8651
2026-09-17T07,1374490,92,-1,22611
2026-09-17T07,2622380,93,97,29258
2026-09-17T07,1085660,94,88,17298
2026-09-17T07,739630,95,95,12367
2026-09-17T07,2073850,96,96,13634
2026-09-17T07,2379780,97,101,8427
2026-09-17T07,4972320,98,-1,642
2026-09-17T07,1158310,99,100,20781
2026-09-17T07,3932890,100,94,32536
2026-09-17T13,730,1,1,1282791
2026-09-17T13,570,2,2,785015
2026-09-17T13,578080,3,3,754003
2026-09-17T13,431960,4,4,99689
2026-09-17T13,1867240,5,-1,326850
2026-09-17T13,1172470,6,5,258846
2026-09-17T13,892970,7,10,223270
2026-09-17T13,4126040,8,-1,127914
2026-09-17T13,2767030,9,9,102948
2026-09-17T13,271590,10,6,67350
2026-09-17T13,2357570,11,17,77280
2026-09-17T13,2676230,12,7,182904
2026-09-17T13,2868840,13,8,90606
2026-09-17T13,250900,14,12,78213
2026-09-17T13,359550,15,11,83346
2026-09-17T13,236390,16,16,84213
2026-09-17T13,381210,17,13,62912
2026-09-17T13,553850,18,14,46449
2026-09-17T13,322170,19,22,48730
2026-09-17T13,3405690,20,18,53171
2026-09-17T13,1422450,21,23,69506
2026-09-17T13,1973530,22,29,44848
2026-09-17T13,105600,23,19,48498
2026-09-17T13,3240220,24,21,74140
2026-09-17T13,1623730,25,15,86553
2026-09-17T13,2507950,26,24,122982
2026-09-17T13,413150,27,28,73990
2026-09-17T13,2807960,28,25,39843
2026-09-17T13,230410,29,26,60889
2026-09-17T13,252490,30,30,102508
2026-09-17T13,108600,31,27,58522
2026-09-17T13,440,32,32,67432
2026-09-17T13,4001890,33,20,41341
2026-09-17T13,438100,34,34,51533
2026-09-17T13,550,35,39,29561
2026-09-17T13,1086940,36,37,51647
2026-09-17T13,227300,37,38,37911
2026-09-17T13,1174180,38,33,39225
2026-09-17T13,1091500,39,40,35691
2026-09-17T13,275850,40,78,43239
2026-09-17T13,2694490,41,31,64386
2026-09-17T13,3678970,42,35,97472
2026-09-17T13,1245620,43,42,39563
2026-09-17T13,394360,44,46,46328
2026-09-17T13,1203220,45,43,57521
2026-09-17T13,1449850,46,44,22869
2026-09-17T13,322330,47,45,45430
2026-09-17T13,2246340,48,58,46106
2026-09-17T13,3527290,49,36,24919
2026-09-17T13,3241660,50,50,25534
2026-09-17T13,1938090,51,47,30634
2026-09-17T13,252950,52,51,26297
2026-09-17T13,2483190,53,49,21302
2026-09-17T13,284160,54,53,23806
2026-09-17T13,4000,55,59,28905
2026-09-17T13,1665460,56,55,19878
2026-09-17T13,2344520,57,-1,46343
2026-09-17T13,1364780,58,54,35323
2026-09-17T13,1281930,59,57,32141
2026-09-17T13,489830,60,61,28159
2026-09-17T13,1222670,61,65,25910
2026-09-17T13,3419430,62,52,156654
2026-09-17T13,289070,63,64,39496
2026-09-17T13,3513350,64,63,12735
2026-09-17T13,1905180,65,70,31711
2026-09-17T13,2638890,66,48,34706
2026-09-17T13,1142710,67,66,29731
2026-09-17T13,2073620,68,76,41245
2026-09-17T13,2300320,69,67,44806
2026-09-17T13,1808500,70,60,27100
2026-09-17T13,291550,71,73,13638
2026-09-17T13,594650,72,62,31827
2026-09-17T13,1366800,73,68,36591
2026-09-17T13,2406770,74,41,11198
2026-09-17T13,261550,75,71,34252
2026-09-17T13,221100,76,72,45382
2026-09-17T13,244210,77,81,14165
2026-09-17T13,2183900,78,77,18910
2026-09-17T13,251570,79,74,30324
2026-09-17T13,3321460,80,69,26135
2026-09-17T13,714010,81,83,7223
2026-09-17T13,3551340,82,80,42673
2026-09-17T13,3751260,83,56,27825
2026-09-17T13,1144200,84,90,12156
2026-09-17T13,813780,85,85,20375
2026-09-17T13,582010,86,98,29429
2026-09-17T13,2139460,87,79,23972
2026-09-17T13,294100,88,86,30433
2026-09-17T13,4162040,89,82,8708
2026-09-17T13,2358720,90,84,25091
2026-09-17T13,960090,91,89,8651
2026-09-17T13,1374490,92,-1,22611
2026-09-17T13,2622380,93,97,29258
2026-09-17T13,1085660,94,88,17298
2026-09-17T13,739630,95,95,12367
2026-09-17T13,2073850,96,96,13634
2026-09-17T13,2379780,97,101,8427
2026-09-17T13,4972320,98,-1,642
2026-09-17T13,1158310,99,100,20781
2026-09-17T13,3932890,100,94,32536
2026-09-17T18,730,1,1,1282791
2026-09-17T18,570,2,2,785015
2026-09-17T18,578080,3,3,754003
2026-09-17T18,431960,4,4,99689
2026-09-17T18,1867240,5,-1,326850
2026-09-17T18,1172470,6,5,258846
2026-09-17T18,892970,7,10,223270
2026-09-17T18,4126040,8,-1,127914
2026-09-17T18,2767030,9,9,102948
2026-09-17T18,271590,10,6,67350
2026-09-17T18,2357570,11,17,77280
2026-09-17T18,2676230,12,7,182904
2026-09-17T18,2868840,13,8,90606
2026-09-17T18,250900,14,12,78213
2026-09-17T18,359550,15,11,83346
2026-09-17T18,236390,16,16,84213
2026-09-17T18,381210,17,13,62912
2026-09-17T18,553850,18,14,46449
2026-09-17T18,322170,19,22,48730
2026-09-17T18,3405690,20,18,53171
2026-09-17T18,1422450,21,23,69506
2026-09-17T18,1973530,22,29,44848
2026-09-17T18,105600,23,19,48498
2026-09-17T18,3240220,24,21,74140
2026-09-17T18,1623730,25,15,86553
2026-09-17T18,2507950,26,24,122982
2026-09-17T18,413150,27,28,73990
2026-09-17T18,2807960,28,25,39843
2026-09-17T18,230410,29,26,60889
2026-09-17T18,252490,30,30,102508
2026-09-17T18,108600,31,27,58522
2026-09-17T18,440,32,32,67432
2026-09-17T18,4001890,33,20,41341
2026-09-17T18,438100,34,34,51533
2026-09-17T18,550,35,39,29561
2026-09-17T18,1086940,36,37,51647
2026-09-17T18,227300,37,38,37911
2026-09-17T18,1174180,38,33,39225
2026-09-17T18,1091500,39,40,35691
2026-09-17T18,275850,40,78,43239
2026-09-17T18,2694490,41,31,64386
2026-09-17T18,3678970,42,35,97472
2026-09-17T18,1245620,43,42,39563
2026-09-17T18,394360,44,46,46328
2026-09-17T18,1203220,45,43,57521
2026-09-17T18,1449850,46,44,22869
2026-09-17T18,322330,47,45,45430
2026-09-17T18,2246340,48,58,46106
2026-09-17T18,3527290,49,36,24919
2026-09-17T18,3241660,50,50,25534
2026-09-17T18,1938090,51,47,30634
2026-09-17T18,252950,52,51,26297
2026-09-17T18,2483190,53,49,21302
2026-09-17T18,284160,54,53,23806
2026-09-17T18,4000,55,59,28905
2026-09-17T18,1665460,56,55,19878
2026-09-17T18,2344520,57,-1,46343
2026-09-17T18,1364780,58,54,35323
2026-09-17T18,1281930,59,57,32141
2026-09-17T18,489830,60,61,28159
2026-09-17T18,1222670,61,65,25910
2026-09-17T18,3419430,62,52,156654
2026-09-17T18,289070,63,64,39496
2026-09-17T18,3513350,64,63,12735
2026-09-17T18,1905180,65,70,31711
2026-09-17T18,2638890,66,48,34706
2026-09-17T18,1142710,67,66,29731
2026-09-17T18,2073620,68,76,41245
2026-09-17T18,2300320,69,67,44806
2026-09-17T18,1808500,70,60,27100
2026-09-17T18,291550,71,73,13638
2026-09-17T18,594650,72,62,31827
2026-09-17T18,1366800,73,68,36591
2026-09-17T18,2406770,74,41,11198
2026-09-17T18,261550,75,71,34252
2026-09-17T18,221100,76,72,45382
2026-09-17T18,244210,77,81,14165
2026-09-17T18,2183900,78,77,18910
2026-09-17T18,251570,79,74,30324
2026-09-17T18,3321460,80,69,26135
2026-09-17T18,714010,81,83,7223
2026-09-17T18,3551340,82,80,42673
2026-09-17T18,3751260,83,56,27825
2026-09-17T18,1144200,84,90,12156
2026-09-17T18,813780,85,85,20375
2026-09-17T18,582010,86,98,29429
2026-09-17T18,2139460,87,79,23972
2026-09-17T18,294100,88,86,30433
2026-09-17T18,4162040,89,82,8708
2026-09-17T18,2358720,90,84,25091
2026-09-17T18,960090,91,89,8651
2026-09-17T18,1374490,92,-1,22611
2026-09-17T18,2622380,93,97,29258
2026-09-17T18,1085660,94,88,17298
2026-09-17T18,739630,95,95,12367
2026-09-17T18,2073850,96,96,13634
2026-09-17T18,2379780,97,101,8427
2026-09-17T18,4972320,98,-1,642
2026-09-17T18,1158310,99,100,20781
2026-09-17T18,3932890,100,94,32536
2026-09-17T21,730,1,1,1282791
2026-09-17T21,570,2,2,785015
2026-09-17T21,578080,3,3,754003
2026-09-17T21,431960,4,4,99689
2026-09-17T21,1867240,5,-1,326850
2026-09-17T21,1172470,6,5,258846
2026-09-17T21,892970,7,10,223270
2026-09-17T21,4126040,8,-1,127914
2026-09-17T21,2767030,9,9,102948
2026-09-17T21,271590,10,6,67350
2026-09-17T21,2357570,11,17,77280
2026-09-17T21,2676230,12,7,182904
2026-09-17T21,2868840,13,8,90606
2026-09-17T21,250900,14,12,78213
2026-09-17T21,359550,15,11,83346
2026-09-17T21,236390,16,16,84213
2026-09-17T21,381210,17,13,62912
2026-09-17T21,553850,18,14,46449
2026-09-17T21,322170,19,22,48730
2026-09-17T21,3405690,20,18,53171
2026-09-17T21,1422450,21,23,69506
2026-09-17T21,1973530,22,29,44848
2026-09-17T21,105600,23,19,48498
2026-09-17T21,3240220,24,21,74140
2026-09-17T21,1623730,25,15,86553
2026-09-17T21,2507950,26,24,122982
2026-09-17T21,413150,27,28,73990
2026-09-17T21,2807960,28,25,39843
2026-09-17T21,230410,29,26,60889
2026-09-17T21,252490,30,30,102508
2026-09-17T21,108600,31,27,58522
2026-09-17T21,440,32,32,67432
2026-09-17T21,4001890,33,20,41341
2026-09-17T21,438100,34,34,51533
2026-09-17T21,550,35,39,29561
2026-09-17T21,1086940,36,37,51647
2026-09-17T21,227300,37,38,37911
2026-09-17T21,1174180,38,33,39225
2026-09-17T21,1091500,39,40,35691
2026-09-17T21,275850,40,78,43239
2026-09-17T21,2694490,41,31,64386
2026-09-17T21,3678970,42,35,97472
2026-09-17T21,1245620,43,42,39563
2026-09-17T21,394360,44,46,46328
2026-09-17T21,1203220,45,43,57521
2026-09-17T21,1449850,46,44,22869
2026-09-17T21,322330,47,45,45430
2026-09-17T21,2246340,48,58,46106
2026-09-17T21,3527290,49,36,24919
2026-09-17T21,3241660,50,50,25534
2026-09-17T21,1938090,51,47,30634
2026-09-17T21,252950,52,51,26297
2026-09-17T21,2483190,53,49,21302
2026-09-17T21,284160,54,53,23806
2026-09-17T21,4000,55,59,28905
2026-09-17T21,1665460,56,55,19878
2026-09-17T21,2344520,57,-1,46343
2026-09-17T21,1364780,58,54,35323
2026-09-17T21,1281930,59,57,32141
2026-09-17T21,489830,60,61,28159
2026-09-17T21,1222670,61,65,25910
2026-09-17T21,3419430,62,52,156654
2026-09-17T21,289070,63,64,39496
2026-09-17T21,3513350,64,63,12735
2026-09-17T21,1905180,65,70,31711
2026-09-17T21,2638890,66,48,34706
2026-09-17T21,1142710,67,66,29731
2026-09-17T21,2073620,68,76,41245
2026-09-17T21,2300320,69,67,44806
2026-09-17T21,1808500,70,60,27100
2026-09-17T21,291550,71,73,13638
2026-09-17T21,594650,72,62,31827
2026-09-17T21,1366800,73,68,36591
2026-09-17T21,2406770,74,41,11198
2026-09-17T21,261550,75,71,34252
2026-09-17T21,221100,76,72,45382
2026-09-17T21,244210,77,81,14165
2026-09-17T21,2183900,78,77,18910
2026-09-17T21,251570,79,74,30324
2026-09-17T21,3321460,80,69,26135
2026-09-17T21,714010,81,83,7223
2026-09-17T21,3551340,82,80,42673
2026-09-17T21,3751260,83,56,27825
2026-09-17T21,1144200,84,90,12156
2026-09-17T21,813780,85,85,20375
2026-09-17T21,582010,86,98,29429
2026-09-17T21,2139460,87,79,23972
2026-09-17T21,294100,88,86,30433
2026-09-17T21,4162040,89,82,8708
2026-09-17T21,2358720,90,84,25091
2026-09-17T21,960090,91,89,8651
2026-09-17T21,1374490,92,-1,22611
2026-09-17T21,2622380,93,97,29258
2026-09-17T21,1085660,94,88,17298
2026-09-17T21,739630,95,95,12367
2026-09-17T21,2073850,96,96,13634
2026-09-17T21,2379780,97,101,8427
2026-09-17T21,4972320,98,-1,642
2026-09-17T21,1158310,99,100,20781
2026-09-17T21,3932890,100,94,32536
2026-09-18T00,730,1,1,1282791
2026-09-18T00,570,2,2,785015
2026-09-18T00,578080,3,3,754003
2026-09-18T00,431960,4,4,99689
2026-09-18T00,1867240,5,-1,326850
2026-09-18T00,1172470,6,5,258846
2026-09-18T00,892970,7,10,223270
2026-09-18T00,4126040,8,-1,127914
2026-09-18T00,2767030,9,9,102948
2026-09-18T00,271590,10,6,67350
2026-09-18T00,2357570,11,17,77280
2026-09-18T00,2676230,12,7,182904
2026-09-18T00,2868840,13,8,90606
2026-09-18T00,250900,14,12,78213
2026-09-18T00,359550,15,11,83346
2026-09-18T00,236390,16,16,84213
2026-09-18T00,381210,17,13,62912
2026-09-18T00,553850,18,14,46449
2026-09-18T00,322170,19,22,48730
2026-09-18T00,3405690,20,18,53171
2026-09-18T00,1422450,21,23,69506
2026-09-18T00,1973530,22,29,44848
2026-09-18T00,105600,23,19,48498
2026-09-18T00,3240220,24,21,74140
2026-09-18T00,1623730,25,15,86553
2026-09-18T00,2507950,26,24,122982
2026-09-18T00,413150,27,28,73990
2026-09-18T00,2807960,28,25,39843
2026-09-18T00,230410,29,26,60889
2026-09-18T00,252490,30,30,102508
2026-09-18T00,108600,31,27,58522
2026-09-18T00,440,32,32,67432
2026-09-18T00,4001890,33,20,41341
2026-09-18T00,438100,34,34,51533
2026-09-18T00,550,35,39,29561
2026-09-18T00,1086940,36,37,51647
2026-09-18T00,227300,37,38,37911
2026-09-18T00,1174180,38,33,39225
2026-09-18T00,1091500,39,40,35691
2026-09-18T00,275850,40,78,43239
2026-09-18T00,2694490,41,31,64386
2026-09-18T00,3678970,42,35,97472
2026-09-18T00,1245620,43,42,39563
2026-09-18T00,394360,44,46,46328
2026-09-18T00,1203220,45,43,57521
2026-09-18T00,1449850,46,44,22869
2026-09-18T00,322330,47,45,45430
2026-09-18T00,2246340,48,58,46106
2026-09-18T00,3527290,49,36,24919
2026-09-18T00,3241660,50,50,25534
2026-09-18T00,1938090,51,47,30634
2026-09-18T00,252950,52,51,26297
2026-09-18T00,2483190,53,49,21302
2026-09-18T00,284160,54,53,23806
2026-09-18T00,4000,55,59,28905
2026-09-18T00,1665460,56,55,19878
2026-09-18T00,2344520,57,-1,46343
2026-09-18T00,1364780,58,54,35323
2026-09-18T00,1281930,59,57,32141
2026-09-18T00,489830,60,61,28159
2026-09-18T00,1222670,61,65,25910
2026-09-18T00,3419430,62,52,156654
2026-09-18T00,289070,63,64,39496
2026-09-18T00,3513350,64,63,12735
2026-09-18T00,1905180,65,70,31711
2026-09-18T00,2638890,66,48,34706
2026-09-18T00,1142710,67,66,29731
2026-09-18T00,2073620,68,76,41245
2026-09-18T00,2300320,69,67,44806
2026-09-18T00,1808500,70,60,27100
2026-09-18T00,291550,71,73,13638
2026-09-18T00,594650,72,62,31827
2026-09-18T00,1366800,73,68,36591
2026-09-18T00,2406770,74,41,11198
2026-09-18T00,261550,75,71,34252
2026-09-18T00,221100,76,72,45382
2026-09-18T00,244210,77,81,14165
2026-09-18T00,2183900,78,77,18910
2026-09-18T00,251570,79,74,30324
2026-09-18T00,3321460,80,69,26135
2026-09-18T00,714010,81,83,7223
2026-09-18T00,3551340,82,80,42673
2026-09-18T00,3751260,83,56,27825
2026-09-18T00,1144200,84,90,12156
2026-09-18T00,813780,85,85,20375
2026-09-18T00,582010,86,98,29429
2026-09-18T00,2139460,87,79,23972
2026-09-18T00,294100,88,86,30433
2026-09-18T00,4162040,89,82,8708
2026-09-18T00,2358720,90,84,25091
2026-09-18T00,960090,91,89,8651
2026-09-18T00,1374490,92,-1,22611
2026-09-18T00,2622380,93,97,29258
2026-09-18T00,1085660,94,88,17298
2026-09-18T00,739630,95,95,12367
2026-09-18T00,2073850,96,96,13634
2026-09-18T00,2379780,97,101,8427
2026-09-18T00,4972320,98,-1,642
2026-09-18T00,1158310,99,100,20781
2026-09-18T00,3932890,100,94,32536
2026-09-18T07,730,1,1,1262392
2026-09-18T07,570,2,2,815230
2026-09-18T07,578080,3,3,753819
2026-09-18T07,431960,4,4,101103
2026-09-18T07,1867240,5,7,319587
2026-09-18T07,1172470,6,5,258296
2026-09-18T07,892970,7,6,214899
2026-09-18T07,2767030,8,9,100187
2026-09-18T07,271590,9,8,67026
2026-09-18T07,2676230,10,10,183512
2026-09-18T07,4126040,11,-1,124677
2026-09-18T07,2868840,12,11,89988
2026-09-18T07,2357570,13,18,73014
2026-09-18T07,359550,14,13,81263
2026-09-18T07,250900,15,12,78261
2026-09-18T07,1973530,16,27,135640
2026-09-18T07,236390,17,16,90460
2026-09-18T07,553850,18,17,45048
2026-09-18T07,381210,19,14,61030
2026-09-18T07,322170,20,22,48845
2026-09-18T07,1422450,21,24,71876
2026-09-18T07,3240220,22,21,78254
2026-09-18T07,3405690,23,15,51945
2026-09-18T07,105600,24,20,48017
2026-09-18T07,252490,25,31,121982
2026-09-18T07,2507950,26,26,123424
2026-09-18T07,413150,27,29,72787
2026-09-18T07,2807960,28,28,39596
2026-09-18T07,1623730,29,19,82949
2026-09-18T07,230410,30,25,59358
2026-09-18T07,440,31,33,72322
2026-09-18T07,108600,32,30,56146
2026-09-18T07,438100,33,35,51980
2026-09-18T07,4001890,34,23,38000
2026-09-18T07,550,35,36,30632
2026-09-18T07,1086940,36,39,50804
2026-09-18T07,227300,37,38,37131
2026-09-18T07,1174180,38,34,38786
2026-09-18T07,4972320,39,-1,73761
2026-09-18T07,275850,40,44,43067
2026-09-18T07,3678970,41,37,91034
2026-09-18T07,394360,42,49,45990
2026-09-18T07,1091500,43,41,35591
2026-09-18T07,2246340,44,59,47786
2026-09-18T07,1245620,45,43,38857
2026-09-18T07,322330,46,48,44717
2026-09-18T07,2694490,47,32,59999
2026-09-18T07,3241660,48,51,26384
2026-09-18T07,1203220,49,46,61482
2026-09-18T07,1449850,50,45,22384
2026-09-18T07,2483190,51,47,32101
2026-09-18T07,252950,52,53,27982
2026-09-18T07,3527290,53,40,24941
2026-09-18T07,1938090,54,50,28677
2026-09-18T07,1665460,55,54,30449
2026-09-18T07,284160,56,56,24516
2026-09-18T07,4000,57,60,30048
2026-09-18T07,2344520,58,-1,47760
2026-09-18T07,1364780,59,57,35482
2026-09-18T07,1281930,60,61,31914
2026-09-18T07,489830,61,63,27458
2026-09-18T07,1222670,62,65,25915
2026-09-18T07,289070,63,64,39474
2026-09-18T07,2073620,64,76,40474
2026-09-18T07,3419430,65,55,156313
2026-09-18T07,1905180,66,69,29113
2026-09-18T07,3513350,67,58,12262
2026-09-18T07,1142710,68,71,29293
2026-09-18T07,2300320,69,70,44211
2026-09-18T07,291550,70,74,13314
2026-09-18T07,1366800,71,68,36460
2026-09-18T07,1808500,72,66,26458
2026-09-18T07,594650,73,67,30815
2026-09-18T07,2638890,74,52,31799
2026-09-18T07,244210,75,80,14598
2026-09-18T07,261550,76,72,33945
2026-09-18T07,221100,77,75,45167
2026-09-18T07,2406770,78,42,10369
2026-09-18T07,251570,79,77,29907
2026-09-18T07,714010,80,83,6785
2026-09-18T07,2183900,81,78,17507
2026-09-18T07,3551340,82,79,42091
2026-09-18T07,1144200,83,87,12272
2026-09-18T07,813780,84,84,20092
2026-09-18T07,582010,85,95,29652
2026-09-18T07,3321460,86,73,24919
2026-09-18T07,294100,87,89,30493
2026-09-18T07,3751260,88,62,25177
2026-09-18T07,2139460,89,81,23434
2026-09-18T07,4162040,90,85,8274
2026-09-18T07,960090,91,90,8885
2026-09-18T07,2358720,92,86,24591
2026-09-18T07,2622380,93,97,29205
2026-09-18T07,2073850,94,96,13997
2026-09-18T07,2379780,95,102,8514
2026-09-18T07,739630,96,94,12002
2026-09-18T07,629520,97,108,16528
2026-09-18T07,1374490,98,-1,23184
2026-09-18T07,1085660,99,91,16028
2026-09-18T07,3949040,100,180,17133
2026-09-18T12,730,1,1,1262392
2026-09-18T12,570,2,2,815230
2026-09-18T12,578080,3,3,753819
2026-09-18T12,431960,4,4,101103
2026-09-18T12,1867240,5,7,319587
2026-09-18T12,1172470,6,5,258296
2026-09-18T12,892970,7,6,214899
2026-09-18T12,2767030,8,9,100187
2026-09-18T12,271590,9,8,67026
2026-09-18T12,2676230,10,10,183512
2026-09-18T12,4126040,11,-1,124677
2026-09-18T12,2868840,12,11,89988
2026-09-18T12,2357570,13,18,73014
2026-09-18T12,359550,14,13,81263
2026-09-18T12,250900,15,12,78261
2026-09-18T12,1973530,16,27,135640
2026-09-18T12,236390,17,16,90460
2026-09-18T12,553850,18,17,45048
2026-09-18T12,381210,19,14,61030
2026-09-18T12,322170,20,22,48845
2026-09-18T12,1422450,21,24,71876
2026-09-18T12,3240220,22,21,78254
2026-09-18T12,3405690,23,15,51945
2026-09-18T12,105600,24,20,48017
2026-09-18T12,252490,25,31,121982
2026-09-18T12,2507950,26,26,123424
2026-09-18T12,413150,27,29,72787
2026-09-18T12,2807960,28,28,39596
2026-09-18T12,1623730,29,19,82949
2026-09-18T12,230410,30,25,59358
2026-09-18T12,440,31,33,72322
2026-09-18T12,108600,32,30,56146
2026-09-18T12,438100,33,35,51980
2026-09-18T12,4001890,34,23,38000
2026-09-18T12,550,35,36,30632
2026-09-18T12,1086940,36,39,50804
2026-09-18T12,227300,37,38,37131
2026-09-18T12,1174180,38,34,38786
2026-09-18T12,4972320,39,-1,73761
2026-09-18T12,275850,40,44,43067
2026-09-18T12,3678970,41,37,91034
2026-09-18T12,394360,42,49,45990
2026-09-18T12,1091500,43,41,35591
2026-09-18T12,2246340,44,59,47786
2026-09-18T12,1245620,45,43,38857
2026-09-18T12,322330,46,48,44717
2026-09-18T12,2694490,47,32,59999
2026-09-18T12,3241660,48,51,26384
2026-09-18T12,1203220,49,46,61482
2026-09-18T12,1449850,50,45,22384
2026-09-18T12,2483190,51,47,32101
2026-09-18T12,252950,52,53,27982
2026-09-18T12,3527290,53,40,24941
2026-09-18T12,1938090,54,50,28677
2026-09-18T12,1665460,55,54,30449
2026-09-18T12,284160,56,56,24516
2026-09-18T12,4000,57,60,30048
2026-09-18T12,2344520,58,-1,47760
2026-09-18T12,1364780,59,57,35482
2026-09-18T12,1281930,60,61,31914
2026-09-18T12,489830,61,63,27458
2026-09-18T12,1222670,62,65,25915
2026-09-18T12,289070,63,64,39474
2026-09-18T12,2073620,64,76,40474
2026-09-18T12,3419430,65,55,156313
2026-09-18T12,1905180,66,69,29113
2026-09-18T12,3513350,67,58,12262
2026-09-18T12,1142710,68,71,29293
2026-09-18T12,2300320,69,70,44211
2026-09-18T12,291550,70,74,13314
2026-09-18T12,1366800,71,68,36460
2026-09-18T12,1808500,72,66,26458
2026-09-18T12,594650,73,67,30815
2026-09-18T12,2638890,74,52,31799
2026-09-18T12,244210,75,80,14598
2026-09-18T12,261550,76,72,33945
2026-09-18T12,221100,77,75,45167
2026-09-18T12,2406770,78,42,10369
2026-09-18T12,251570,79,77,29907
2026-09-18T12,714010,80,83,6785
2026-09-18T12,2183900,81,78,17507
2026-09-18T12,3551340,82,79,42091
2026-09-18T12,1144200,83,87,12272
2026-09-18T12,813780,84,84,20092
2026-09-18T12,582010,85,95,29652
2026-09-18T12,3321460,86,73,24919
2026-09-18T12,294100,87,89,30493
2026-09-18T12,3751260,88,62,25177
2026-09-18T12,2139460,89,81,23434
2026-09-18T12,4162040,90,85,8274
2026-09-18T12,960090,91,90,8885
2026-09-18T12,2358720,92,86,24591
2026-09-18T12,2622380,93,97,29205
2026-09-18T12,2073850,94,96,13997
2026-09-18T12,2379780,95,102,8514
2026-09-18T12,739630,96,94,12002
2026-09-18T12,629520,97,108,16528
2026-09-18T12,1374490,98,-1,23184
2026-09-18T12,1085660,99,91,16028
2026-09-18T12,3949040,100,180,17133
2026-09-18T17,730,1,1,1262392
2026-09-18T17,570,2,2,815230
2026-09-18T17,578080,3,3,753819
2026-09-18T17,431960,4,4,101103
2026-09-18T17,1867240,5,7,319587
2026-09-18T17,1172470,6,5,258296
2026-09-18T17,892970,7,6,214899
2026-09-18T17,2767030,8,9,100187
2026-09-18T17,271590,9,8,67026
2026-09-18T17,2676230,10,10,183512
2026-09-18T17,4126040,11,-1,124677
2026-09-18T17,2868840,12,11,89988
2026-09-18T17,2357570,13,18,73014
2026-09-18T17,359550,14,13,81263
2026-09-18T17,250900,15,12,78261
2026-09-18T17,1973530,16,27,135640
2026-09-18T17,236390,17,16,90460
2026-09-18T17,553850,18,17,45048
2026-09-18T17,381210,19,14,61030
2026-09-18T17,322170,20,22,48845
2026-09-18T17,1422450,21,24,71876
2026-09-18T17,3240220,22,21,78254
2026-09-18T17,3405690,23,15,51945
2026-09-18T17,105600,24,20,48017
2026-09-18T17,252490,25,31,121982
2026-09-18T17,2507950,26,26,123424
2026-09-18T17,413150,27,29,72787
2026-09-18T17,2807960,28,28,39596
2026-09-18T17,1623730,29,19,82949
2026-09-18T17,230410,30,25,59358
2026-09-18T17,440,31,33,72322
2026-09-18T17,108600,32,30,56146
2026-09-18T17,438100,33,35,51980
2026-09-18T17,4001890,34,23,38000
2026-09-18T17,550,35,36,30632
2026-09-18T17,1086940,36,39,50804
2026-09-18T17,227300,37,38,37131
2026-09-18T17,1174180,38,34,38786
2026-09-18T17,4972320,39,-1,73761
2026-09-18T17,275850,40,44,43067
2026-09-18T17,3678970,41,37,91034
2026-09-18T17,394360,42,49,45990
2026-09-18T17,1091500,43,41,35591
2026-09-18T17,2246340,44,59,47786
2026-09-18T17,1245620,45,43,38857
2026-09-18T17,322330,46,48,44717
2026-09-18T17,2694490,47,32,59999
2026-09-18T17,3241660,48,51,26384
2026-09-18T17,1203220,49,46,61482
2026-09-18T17,1449850,50,45,22384
2026-09-18T17,2483190,51,47,32101
2026-09-18T17,252950,52,53,27982
2026-09-18T17,3527290,53,40,24941
2026-09-18T17,1938090,54,50,28677
2026-09-18T17,1665460,55,54,30449
2026-09-18T17,284160,56,56,24516
2026-09-18T17,4000,57,60,30048
2026-09-18T17,2344520,58,-1,47760
2026-09-18T17,1364780,59,57,35482
2026-09-18T17,1281930,60,61,31914
2026-09-18T17,489830,61,63,27458
2026-09-18T17,1222670,62,65,25915
2026-09-18T17,289070,63,64,39474
2026-09-18T17,2073620,64,76,40474
2026-09-18T17,3419430,65,55,156313
2026-09-18T17,1905180,66,69,29113
2026-09-18T17,3513350,67,58,12262
2026-09-18T17,1142710,68,71,29293
2026-09-18T17,2300320,69,70,44211
2026-09-18T17,291550,70,74,13314
2026-09-18T17,1366800,71,68,36460
2026-09-18T17,1808500,72,66,26458
2026-09-18T17,594650,73,67,30815
2026-09-18T17,2638890,74,52,31799
2026-09-18T17,244210,75,80,14598
2026-09-18T17,261550,76,72,33945
2026-09-18T17,221100,77,75,45167
2026-09-18T17,2406770,78,42,10369
2026-09-18T17,251570,79,77,29907
2026-09-18T17,714010,80,83,6785
2026-09-18T17,2183900,81,78,17507
2026-09-18T17,3551340,82,79,42091
2026-09-18T17,1144200,83,87,12272
2026-09-18T17,813780,84,84,20092
2026-09-18T17,582010,85,95,29652
2026-09-18T17,3321460,86,73,24919
2026-09-18T17,294100,87,89,30493
2026-09-18T17,3751260,88,62,25177
2026-09-18T17,2139460,89,81,23434
2026-09-18T17,4162040,90,85,8274
2026-09-18T17,960090,91,90,8885
2026-09-18T17,2358720,92,86,24591
2026-09-18T17,2622380,93,97,29205
2026-09-18T17,2073850,94,96,13997
2026-09-18T17,2379780,95,102,8514
2026-09-18T17,739630,96,94,12002
2026-09-18T17,629520,97,108,16528
2026-09-18T17,1374490,98,-1,23184
2026-09-18T17,1085660,99,91,16028
2026-09-18T17,3949040,100,180,17133
2026-09-18T20,730,1,1,1262392
2026-09-18T20,570,2,2,815230
2026-09-18T20,578080,3,3,753819
2026-09-18T20,431960,4,4,101103
2026-09-18T20,1867240,5,7,319587
2026-09-18T20,1172470,6,5,258296
2026-09-18T20,892970,7,6,214899
2026-09-18T20,2767030,8,9,100187
2026-09-18T20,271590,9,8,67026
2026-09-18T20,2676230,10,10,183512
2026-09-18T20,4126040,11,-1,124677
2026-09-18T20,2868840,12,11,89988
2026-09-18T20,2357570,13,18,73014
2026-09-18T20,359550,14,13,81263
2026-09-18T20,250900,15,12,78261
2026-09-18T20,1973530,16,27,135640
2026-09-18T20,236390,17,16,90460
2026-09-18T20,553850,18,17,45048
2026-09-18T20,381210,19,14,61030
2026-09-18T20,322170,20,22,48845
2026-09-18T20,1422450,21,24,71876
2026-09-18T20,3240220,22,21,78254
2026-09-18T20,3405690,23,15,51945
2026-09-18T20,105600,24,20,48017
2026-09-18T20,252490,25,31,121982
2026-09-18T20,2507950,26,26,123424
2026-09-18T20,413150,27,29,72787
2026-09-18T20,2807960,28,28,39596
2026-09-18T20,1623730,29,19,82949
2026-09-18T20,230410,30,25,59358
2026-09-18T20,440,31,33,72322
2026-09-18T20,108600,32,30,56146
2026-09-18T20,438100,33,35,51980
2026-09-18T20,4001890,34,23,38000
2026-09-18T20,550,35,36,30632
2026-09-18T20,1086940,36,39,50804
2026-09-18T20,227300,37,38,37131
2026-09-18T20,1174180,38,34,38786
2026-09-18T20,4972320,39,-1,73761
2026-09-18T20,275850,40,44,43067
2026-09-18T20,3678970,41,37,91034
2026-09-18T20,394360,42,49,45990
2026-09-18T20,1091500,43,41,35591
2026-09-18T20,2246340,44,59,47786
2026-09-18T20,1245620,45,43,38857
2026-09-18T20,322330,46,48,44717
2026-09-18T20,2694490,47,32,59999
2026-09-18T20,3241660,48,51,26384
2026-09-18T20,1203220,49,46,61482
2026-09-18T20,1449850,50,45,22384
2026-09-18T20,2483190,51,47,32101
2026-09-18T20,252950,52,53,27982
2026-09-18T20,3527290,53,40,24941
2026-09-18T20,1938090,54,50,28677
2026-09-18T20,1665460,55,54,30449
2026-09-18T20,284160,56,56,24516
2026-09-18T20,4000,57,60,30048
2026-09-18T20,2344520,58,-1,47760
2026-09-18T20,1364780,59,57,35482
2026-09-18T20,1281930,60,61,31914
2026-09-18T20,489830,61,63,27458
2026-09-18T20,1222670,62,65,25915
2026-09-18T20,289070,63,64,39474
2026-09-18T20,2073620,64,76,40474
2026-09-18T20,3419430,65,55,156313
2026-09-18T20,1905180,66,69,29113
2026-09-18T20,3513350,67,58,12262
2026-09-18T20,1142710,68,71,29293
2026-09-18T20,2300320,69,70,44211
2026-09-18T20,291550,70,74,13314
2026-09-18T20,1366800,71,68,36460
2026-09-18T20,1808500,72,66,26458
2026-09-18T20,594650,73,67,30815
2026-09-18T20,2638890,74,52,31799
2026-09-18T20,244210,75,80,14598
2026-09-18T20,261550,76,72,33945
2026-09-18T20,221100,77,75,45167
2026-09-18T20,2406770,78,42,10369
2026-09-18T20,251570,79,77,29907
2026-09-18T20,714010,80,83,6785
2026-09-18T20,2183900,81,78,17507
2026-09-18T20,3551340,82,79,42091
2026-09-18T20,1144200,83,87,12272
2026-09-18T20,813780,84,84,20092
2026-09-18T20,582010,85,95,29652
2026-09-18T20,3321460,86,73,24919
2026-09-18T20,294100,87,89,30493
2026-09-18T20,3751260,88,62,25177
2026-09-18T20,2139460,89,81,23434
2026-09-18T20,4162040,90,85,8274
2026-09-18T20,960090,91,90,8885
2026-09-18T20,2358720,92,86,24591
2026-09-18T20,2622380,93,97,29205
2026-09-18T20,2073850,94,96,13997
2026-09-18T20,2379780,95,102,8514
2026-09-18T20,739630,96,94,12002
2026-09-18T20,629520,97,108,16528
2026-09-18T20,1374490,98,-1,23184
2026-09-18T20,1085660,99,91,16028
2026-09-18T20,3949040,100,180,17133
2026-09-19T00,730,1,1,1262392
2026-09-19T00,570,2,2,815230
2026-09-19T00,578080,3,3,753819
2026-09-19T00,431960,4,4,101103
2026-09-19T00,1867240,5,7,319587
2026-09-19T00,1172470,6,5,258296
2026-09-19T00,892970,7,6,214899
2026-09-19T00,2767030,8,9,100187
2026-09-19T00,271590,9,8,67026
2026-09-19T00,2676230,10,10,183512
2026-09-19T00,4126040,11,-1,124677
2026-09-19T00,2868840,12,11,89988
2026-09-19T00,2357570,13,18,73014
2026-09-19T00,359550,14,13,81263
2026-09-19T00,250900,15,12,78261
2026-09-19T00,1973530,16,27,135640
2026-09-19T00,236390,17,16,90460
2026-09-19T00,553850,18,17,45048
2026-09-19T00,381210,19,14,61030
2026-09-19T00,322170,20,22,48845
2026-09-19T00,1422450,21,24,71876
2026-09-19T00,3240220,22,21,78254
2026-09-19T00,3405690,23,15,51945
2026-09-19T00,105600,24,20,48017
2026-09-19T00,252490,25,31,121982
2026-09-19T00,2507950,26,26,123424
2026-09-19T00,413150,27,29,72787
2026-09-19T00,2807960,28,28,39596
2026-09-19T00,1623730,29,19,82949
2026-09-19T00,230410,30,25,59358
2026-09-19T00,440,31,33,72322
2026-09-19T00,108600,32,30,56146
2026-09-19T00,438100,33,35,51980
2026-09-19T00,4001890,34,23,38000
2026-09-19T00,550,35,36,30632
2026-09-19T00,1086940,36,39,50804
2026-09-19T00,227300,37,38,37131
2026-09-19T00,1174180,38,34,38786
2026-09-19T00,4972320,39,-1,73761
2026-09-19T00,275850,40,44,43067
2026-09-19T00,3678970,41,37,91034
2026-09-19T00,394360,42,49,45990
2026-09-19T00,1091500,43,41,35591
2026-09-19T00,2246340,44,59,47786
2026-09-19T00,1245620,45,43,38857
2026-09-19T00,322330,46,48,44717
2026-09-19T00,2694490,47,32,59999
2026-09-19T00,3241660,48,51,26384
2026-09-19T00,1203220,49,46,61482
2026-09-19T00,1449850,50,45,22384
2026-09-19T00,2483190,51,47,32101
2026-09-19T00,252950,52,53,27982
2026-09-19T00,3527290,53,40,24941
2026-09-19T00,1938090,54,50,28677
2026-09-19T00,1665460,55,54,30449
2026-09-19T00,284160,56,56,24516
2026-09-19T00,4000,57,60,30048
2026-09-19T00,2344520,58,-1,47760
2026-09-19T00,1364780,59,57,35482
2026-09-19T00,1281930,60,61,31914
2026-09-19T00,489830,61,63,27458
2026-09-19T00,1222670,62,65,25915
2026-09-19T00,289070,63,64,39474
2026-09-19T00,2073620,64,76,40474
2026-09-19T00,3419430,65,55,156313
2026-09-19T00,1905180,66,69,29113
2026-09-19T00,3513350,67,58,12262
2026-09-19T00,1142710,68,71,29293
2026-09-19T00,2300320,69,70,44211
2026-09-19T00,291550,70,74,13314
2026-09-19T00,1366800,71,68,36460
2026-09-19T00,1808500,72,66,26458
2026-09-19T00,594650,73,67,30815
2026-09-19T00,2638890,74,52,31799
2026-09-19T00,244210,75,80,14598
2026-09-19T00,261550,76,72,33945
2026-09-19T00,221100,77,75,45167
2026-09-19T00,2406770,78,42,10369
2026-09-19T00,251570,79,77,29907
2026-09-19T00,714010,80,83,6785
2026-09-19T00,2183900,81,78,17507
2026-09-19T00,3551340,82,79,42091
2026-09-19T00,1144200,83,87,12272
2026-09-19T00,813780,84,84,20092
2026-09-19T00,582010,85,95,29652
2026-09-19T00,3321460,86,73,24919
2026-09-19T00,294100,87,89,30493
2026-09-19T00,3751260,88,62,25177
2026-09-19T00,2139460,89,81,23434
2026-09-19T00,4162040,90,85,8274
2026-09-19T00,960090,91,90,8885
2026-09-19T00,2358720,92,86,24591
2026-09-19T00,2622380,93,97,29205
2026-09-19T00,2073850,94,96,13997
2026-09-19T00,2379780,95,102,8514
2026-09-19T00,739630,96,94,12002
2026-09-19T00,629520,97,108,16528
2026-09-19T00,1374490,98,-1,23184
2026-09-19T00,1085660,99,91,16028
2026-09-19T00,3949040,100,180,17133
2026-09-19T07,730,1,1,1330975
2026-09-19T07,570,2,3,848687
2026-09-19T07,578080,3,2,783474
2026-09-19T07,431960,4,4,109001
2026-09-19T07,1867240,5,6,342220
2026-09-19T07,1172470,6,5,272155
2026-09-19T07,892970,7,7,225321
2026-09-19T07,271590,8,9,70724
2026-09-19T07,2767030,9,8,104101
2026-09-19T07,2868840,10,11,99030
2026-09-19T07,2676230,11,10,185962
2026-09-19T07,2357570,12,16,76756
2026-09-19T07,359550,13,13,87525
2026-09-19T07,250900,14,12,82443
2026-09-19T07,4126040,15,-1,132910
2026-09-19T07,236390,16,15,91410
2026-09-19T07,553850,17,18,52690
2026-09-19T07,1973530,18,29,76328
2026-09-19T07,322170,19,20,52833
2026-09-19T07,381210,20,17,63826
2026-09-19T07,3240220,21,22,82826
2026-09-19T07,105600,22,21,54884
2026-09-19T07,252490,23,26,135427
2026-09-19T07,1422450,24,24,75136
2026-09-19T07,3405690,25,14,53264
2026-09-19T07,413150,26,27,78824
2026-09-19T07,2507950,27,25,131156
2026-09-19T07,2807960,28,30,42940
2026-09-19T07,230410,29,28,67788
2026-09-19T07,1623730,30,19,86403
2026-09-19T07,440,31,32,74205
2026-09-19T07,108600,32,31,59672
2026-09-19T07,4001890,33,23,43423
2026-09-19T07,550,34,36,30448
2026-09-19T07,227300,35,38,40830
2026-09-19T07,438100,36,34,55381
2026-09-19T07,1086940,37,40,53788
2026-09-19T07,394360,38,43,55898
2026-09-19T07,1174180,39,35,41241
2026-09-19T07,3241660,40,45,31434
2026-09-19T07,275850,41,42,43955
2026-09-19T07,1203220,42,48,66307
2026-09-19T07,1091500,43,41,37872
2026-09-19T07,3527290,44,37,30165
2026-09-19T07,2246340,45,58,50534
2026-09-19T07,322330,46,46,51995
2026-09-19T07,1245620,47,44,41292
2026-09-19T07,1938090,48,50,36383
2026-09-19T07,2483190,49,47,26775
2026-09-19T07,284160,50,52,25537
2026-09-19T07,1449850,51,49,22729
2026-09-19T07,4000,52,57,32944
2026-09-19T07,2694490,53,33,58943
2026-09-19T07,3678970,54,39,93534
2026-09-19T07,252950,55,54,28926
2026-09-19T07,1665460,56,53,26265
2026-09-19T07,2344520,57,-1,48865
2026-09-19T07,1364780,58,59,36041
2026-09-19T07,1281930,59,60,34753
2026-09-19T07,4972320,60,-1,73739
2026-09-19T07,3419430,61,55,174831
2026-09-19T07,1905180,62,66,31733
2026-09-19T07,289070,63,61,43782
2026-09-19T07,1222670,64,65,27212
2026-09-19T07,489830,65,63,28445
2026-09-19T07,2073620,66,79,40448
2026-09-19T07,3513350,67,62,12565
2026-09-19T07,1142710,68,68,31609
2026-09-19T07,291550,69,73,14269
2026-09-19T07,2300320,70,69,43929
2026-09-19T07,244210,71,76,15685
2026-09-19T07,1366800,72,67,37515
2026-09-19T07,594650,73,71,32716
2026-09-19T07,1808500,74,70,27791
2026-09-19T07,261550,75,72,35524
2026-09-19T07,221100,76,74,47511
2026-09-19T07,2638890,77,56,31770
2026-09-19T07,2406770,78,51,10284
2026-09-19T07,1144200,79,83,14147
2026-09-19T07,714010,80,84,7023
2026-09-19T07,582010,81,94,32167
2026-09-19T07,251570,82,77,31813
2026-09-19T07,813780,83,82,22003
2026-09-19T07,2183900,84,78,18037
2026-09-19T07,294100,85,92,32771
2026-09-19T07,3321460,86,75,24730
2026-09-19T07,3551340,87,80,39402
2026-09-19T07,2358720,88,86,26932
2026-09-19T07,739630,89,89,14450
2026-09-19T07,2139460,90,81,24919
2026-09-19T07,2622380,91,96,31997
2026-09-19T07,629520,92,102,17991
2026-09-19T07,3949040,93,109,19210
2026-09-19T07,4162040,94,93,9321
2026-09-19T07,960090,95,90,8962
2026-09-19T07,945360,96,85,11250
2026-09-19T07,2073850,97,98,14843
2026-09-19T07,2379780,98,104,8556
2026-09-19T07,3472040,99,99,17074
2026-09-19T07,2050650,100,111,15013
2026-09-19T12,730,1,1,1330975
2026-09-19T12,570,2,3,848687
2026-09-19T12,578080,3,2,783474
2026-09-19T12,431960,4,4,109001
2026-09-19T12,1867240,5,6,342220
2026-09-19T12,1172470,6,5,272155
2026-09-19T12,892970,7,7,225321
2026-09-19T12,271590,8,9,70724
2026-09-19T12,2767030,9,8,104101
2026-09-19T12,2868840,10,11,99030
2026-09-19T12,2676230,11,10,185962
2026-09-19T12,2357570,12,16,76756
2026-09-19T12,359550,13,13,87525
2026-09-19T12,250900,14,12,82443
2026-09-19T12,4126040,15,-1,132910
2026-09-19T12,236390,16,15,91410
2026-09-19T12,553850,17,18,52690
2026-09-19T12,1973530,18,29,76328
2026-09-19T12,322170,19,20,52833
2026-09-19T12,381210,20,17,63826
2026-09-19T12,3240220,21,22,82826
2026-09-19T12,105600,22,21,54884
2026-09-19T12,252490,23,26,135427
2026-09-19T12,1422450,24,24,75136
2026-09-19T12,3405690,25,14,53264
2026-09-19T12,413150,26,27,78824
2026-09-19T12,2507950,27,25,131156
2026-09-19T12,2807960,28,30,42940
2026-09-19T12,230410,29,28,67788
2026-09-19T12,1623730,30,19,86403
2026-09-19T12,440,31,32,74205
2026-09-19T12,108600,32,31,59672
2026-09-19T12,4001890,33,23,43423
2026-09-19T12,550,34,36,30448
2026-09-19T12,227300,35,38,40830
2026-09-19T12,438100,36,34,55381
2026-09-19T12,1086940,37,40,53788
2026-09-19T12,394360,38,43,55898
2026-09-19T12,1174180,39,35,41241
2026-09-19T12,3241660,40,45,31434
2026-09-19T12,275850,41,42,43955
2026-09-19T12,1203220,42,48,66307
2026-09-19T12,1091500,43,41,37872
2026-09-19T12,3527290,44,37,30165
2026-09-19T12,2246340,45,58,50534
2026-09-19T12,322330,46,46,51995
2026-09-19T12,1245620,47,44,41292
2026-09-19T12,1938090,48,50,36383
2026-09-19T12,2483190,49,47,26775
2026-09-19T12,284160,50,52,25537
2026-09-19T12,1449850,51,49,22729
2026-09-19T12,4000,52,57,32944
2026-09-19T12,2694490,53,33,58943
2026-09-19T12,3678970,54,39,93534
2026-09-19T12,252950,55,54,28926
2026-09-19T12,1665460,56,53,26265
2026-09-19T12,2344520,57,-1,48865
2026-09-19T12,1364780,58,59,36041
2026-09-19T12,1281930,59,60,34753
2026-09-19T12,4972320,60,-1,73739
2026-09-19T12,3419430,61,55,174831
2026-09-19T12,1905180,62,66,31733
2026-09-19T12,289070,63,61,43782
2026-09-19T12,1222670,64,65,27212
2026-09-19T12,489830,65,63,28445
2026-09-19T12,2073620,66,79,40448
2026-09-19T12,3513350,67,62,12565
2026-09-19T12,1142710,68,68,31609
2026-09-19T12,291550,69,73,14269
2026-09-19T12,2300320,70,69,43929
2026-09-19T12,244210,71,76,15685
2026-09-19T12,1366800,72,67,37515
2026-09-19T12,594650,73,71,32716
2026-09-19T12,1808500,74,70,27791
2026-09-19T12,261550,75,72,35524
2026-09-19T12,221100,76,74,47511
2026-09-19T12,2638890,77,56,31770
2026-09-19T12,2406770,78,51,10284
2026-09-19T12,1144200,79,83,14147
2026-09-19T12,714010,80,84,7023
2026-09-19T12,582010,81,94,32167
2026-09-19T12,251570,82,77,31813
2026-09-19T12,813780,83,82,22003
2026-09-19T12,2183900,84,78,18037
2026-09-19T12,294100,85,92,32771
2026-09-19T12,3321460,86,75,24730
2026-09-19T12,3551340,87,80,39402
2026-09-19T12,2358720,88,86,26932
2026-09-19T12,739630,89,89,14450
2026-09-19T12,2139460,90,81,24919
2026-09-19T12,2622380,91,96,31997
2026-09-19T12,629520,92,102,17991
2026-09-19T12,3949040,93,109,19210
2026-09-19T12,4162040,94,93,9321
2026-09-19T12,960090,95,90,8962
2026-09-19T12,945360,96,85,11250
2026-09-19T12,2073850,97,98,14843
2026-09-19T12,2379780,98,104,8556
2026-09-19T12,3472040,99,99,17074
2026-09-19T12,2050650,100,111,15013
2026-09-19T17,730,1,1,1330975
2026-09-19T17,570,2,3,848687
2026-09-19T17,578080,3,2,783474
2026-09-19T17,431960,4,4,109001
2026-09-19T17,1867240,5,6,342220
2026-09-19T17,1172470,6,5,272155
2026-09-19T17,892970,7,7,225321
2026-09-19T17,271590,8,9,70724
2026-09-19T17,2767030,9,8,104101
2026-09-19T17,2868840,10,11,99030
2026-09-19T17,2676230,11,10,185962
2026-09-19T17,2357570,12,16,76756
2026-09-19T17,359550,13,13,87525
2026-09-19T17,250900,14,12,82443
2026-09-19T17,4126040,15,-1,132910
2026-09-19T17,236390,16,15,91410
2026-09-19T17,553850,17,18,52690
2026-09-19T17,1973530,18,29,76328
2026-09-19T17,322170,19,20,52833
2026-09-19T17,381210,20,17,63826
2026-09-19T17,3240220,21,22,82826
2026-09-19T17,105600,22,21,54884
2026-09-19T17,252490,23,26,135427
2026-09-19T17,1422450,24,24,75136
2026-09-19T17,3405690,25,14,53264
2026-09-19T17,413150,26,27,78824
2026-09-19T17,2507950,27,25,131156
2026-09-19T17,2807960,28,30,42940
2026-09-19T17,230410,29,28,67788
2026-09-19T17,1623730,30,19,86403
2026-09-19T17,440,31,32,74205
2026-09-19T17,108600,32,31,59672
2026-09-19T17,4001890,33,23,43423
2026-09-19T17,550,34,36,30448
2026-09-19T17,227300,35,38,40830
2026-09-19T17,438100,36,34,55381
2026-09-19T17,1086940,37,40,53788
2026-09-19T17,394360,38,43,55898
2026-09-19T17,1174180,39,35,41241
2026-09-19T17,3241660,40,45,31434
2026-09-19T17,275850,41,42,43955
2026-09-19T17,1203220,42,48,66307
2026-09-19T17,1091500,43,41,37872
2026-09-19T17,3527290,44,37,30165
2026-09-19T17,2246340,45,58,50534
2026-09-19T17,322330,46,46,51995
2026-09-19T17,1245620,47,44,41292
2026-09-19T17,1938090,48,50,36383
2026-09-19T17,2483190,49,47,26775
2026-09-19T17,284160,50,52,25537
2026-09-19T17,1449850,51,49,22729
2026-09-19T17,4000,52,57,32944
2026-09-19T17,2694490,53,33,58943
2026-09-19T17,3678970,54,39,93534
2026-09-19T17,252950,55,54,28926
2026-09-19T17,1665460,56,53,26265
2026-09-19T17,2344520,57,-1,48865
2026-09-19T17,1364780,58,59,36041
2026-09-19T17,1281930,59,60,34753
2026-09-19T17,4972320,60,-1,73739
2026-09-19T17,3419430,61,55,174831
2026-09-19T17,1905180,62,66,31733
2026-09-19T17,289070,63,61,43782
2026-09-19T17,1222670,64,65,27212
2026-09-19T17,489830,65,63,28445
2026-09-19T17,2073620,66,79,40448
2026-09-19T17,3513350,67,62,12565
2026-09-19T17,1142710,68,68,31609
2026-09-19T17,291550,69,73,14269
2026-09-19T17,2300320,70,69,43929
2026-09-19T17,244210,71,76,15685
2026-09-19T17,1366800,72,67,37515
2026-09-19T17,594650,73,71,32716
2026-09-19T17,1808500,74,70,27791
2026-09-19T17,261550,75,72,35524
2026-09-19T17,221100,76,74,47511
2026-09-19T17,2638890,77,56,31770
2026-09-19T17,2406770,78,51,10284
2026-09-19T17,1144200,79,83,14147
2026-09-19T17,714010,80,84,7023
2026-09-19T17,582010,81,94,32167
2026-09-19T17,251570,82,77,31813
2026-09-19T17,813780,83,82,22003
2026-09-19T17,2183900,84,78,18037
2026-09-19T17,294100,85,92,32771
2026-09-19T17,3321460,86,75,24730
2026-09-19T17,3551340,87,80,39402
2026-09-19T17,2358720,88,86,26932
2026-09-19T17,739630,89,89,14450
2026-09-19T17,2139460,90,81,24919
2026-09-19T17,2622380,91,96,31997
2026-09-19T17,629520,92,102,17991
2026-09-19T17,3949040,93,109,19210
2026-09-19T17,4162040,94,93,9321
2026-09-19T17,960090,95,90,8962
2026-09-19T17,945360,96,85,11250
2026-09-19T17,2073850,97,98,14843
2026-09-19T17,2379780,98,104,8556
2026-09-19T17,3472040,99,99,17074
2026-09-19T17,2050650,100,111,15013
2026-09-19T20,730,1,1,1330975
2026-09-19T20,570,2,3,848687
2026-09-19T20,578080,3,2,783474
2026-09-19T20,431960,4,4,109001
2026-09-19T20,1867240,5,6,342220
2026-09-19T20,1172470,6,5,272155
2026-09-19T20,892970,7,7,225321
2026-09-19T20,271590,8,9,70724
2026-09-19T20,2767030,9,8,104101
2026-09-19T20,2868840,10,11,99030
2026-09-19T20,2676230,11,10,185962
2026-09-19T20,2357570,12,16,76756
2026-09-19T20,359550,13,13,87525
2026-09-19T20,250900,14,12,82443
2026-09-19T20,4126040,15,-1,132910
2026-09-19T20,236390,16,15,91410
2026-09-19T20,553850,17,18,52690
2026-09-19T20,1973530,18,29,76328
2026-09-19T20,322170,19,20,52833
2026-09-19T20,381210,20,17,63826
2026-09-19T20,3240220,21,22,82826
2026-09-19T20,105600,22,21,54884
2026-09-19T20,252490,23,26,135427
2026-09-19T20,1422450,24,24,75136
2026-09-19T20,3405690,25,14,53264
2026-09-19T20,413150,26,27,78824
2026-09-19T20,2507950,27,25,131156
2026-09-19T20,2807960,28,30,42940
2026-09-19T20,230410,29,28,67788
2026-09-19T20,1623730,30,19,86403
2026-09-19T20,440,31,32,74205
2026-09-19T20,108600,32,31,59672
2026-09-19T20,4001890,33,23,43423
2026-09-19T20,550,34,36,30448
2026-09-19T20,227300,35,38,40830
2026-09-19T20,438100,36,34,55381
2026-09-19T20,1086940,37,40,53788
2026-09-19T20,394360,38,43,55898
2026-09-19T20,1174180,39,35,41241
2026-09-19T20,3241660,40,45,31434
2026-09-19T20,275850,41,42,43955
2026-09-19T20,1203220,42,48,66307
2026-09-19T20,1091500,43,41,37872
2026-09-19T20,3527290,44,37,30165
2026-09-19T20,2246340,45,58,50534
2026-09-19T20,322330,46,46,51995
2026-09-19T20,1245620,47,44,41292
2026-09-19T20,1938090,48,50,36383
2026-09-19T20,2483190,49,47,26775
2026-09-19T20,284160,50,52,25537
2026-09-19T20,1449850,51,49,22729
2026-09-19T20,4000,52,57,32944
2026-09-19T20,2694490,53,33,58943
2026-09-19T20,3678970,54,39,93534
2026-09-19T20,252950,55,54,28926
2026-09-19T20,1665460,56,53,26265
2026-09-19T20,2344520,57,-1,48865
2026-09-19T20,1364780,58,59,36041
2026-09-19T20,1281930,59,60,34753
2026-09-19T20,4972320,60,-1,73739
2026-09-19T20,3419430,61,55,174831
2026-09-19T20,1905180,62,66,31733
2026-09-19T20,289070,63,61,43782
2026-09-19T20,1222670,64,65,27212
2026-09-19T20,489830,65,63,28445
2026-09-19T20,2073620,66,79,40448
2026-09-19T20,3513350,67,62,12565
2026-09-19T20,1142710,68,68,31609
2026-09-19T20,291550,69,73,14269
2026-09-19T20,2300320,70,69,43929
2026-09-19T20,244210,71,76,15685
2026-09-19T20,1366800,72,67,37515
2026-09-19T20,594650,73,71,32716
2026-09-19T20,1808500,74,70,27791
2026-09-19T20,261550,75,72,35524
2026-09-19T20,221100,76,74,47511
2026-09-19T20,2638890,77,56,31770
2026-09-19T20,2406770,78,51,10284
2026-09-19T20,1144200,79,83,14147
2026-09-19T20,714010,80,84,7023
2026-09-19T20,582010,81,94,32167
2026-09-19T20,251570,82,77,31813
2026-09-19T20,813780,83,82,22003
2026-09-19T20,2183900,84,78,18037
2026-09-19T20,294100,85,92,32771
2026-09-19T20,3321460,86,75,24730
2026-09-19T20,3551340,87,80,39402
2026-09-19T20,2358720,88,86,26932
2026-09-19T20,739630,89,89,14450
2026-09-19T20,2139460,90,81,24919
2026-09-19T20,2622380,91,96,31997
2026-09-19T20,629520,92,102,17991
2026-09-19T20,3949040,93,109,19210
2026-09-19T20,4162040,94,93,9321
2026-09-19T20,960090,95,90,8962
2026-09-19T20,945360,96,85,11250
2026-09-19T20,2073850,97,98,14843
2026-09-19T20,2379780,98,104,8556
2026-09-19T20,3472040,99,99,17074
2026-09-19T20,2050650,100,111,15013
2026-09-20T00,730,1,1,1330975
2026-09-20T00,570,2,3,848687
2026-09-20T00,578080,3,2,783474
2026-09-20T00,431960,4,4,109001
2026-09-20T00,1867240,5,6,342220
2026-09-20T00,1172470,6,5,272155
2026-09-20T00,892970,7,7,225321
2026-09-20T00,271590,8,9,70724
2026-09-20T00,2767030,9,8,104101
2026-09-20T00,2868840,10,11,99030
2026-09-20T00,2676230,11,10,185962
2026-09-20T00,2357570,12,16,76756
2026-09-20T00,359550,13,13,87525
2026-09-20T00,250900,14,12,82443
2026-09-20T00,4126040,15,-1,132910
2026-09-20T00,236390,16,15,91410
2026-09-20T00,553850,17,18,52690
2026-09-20T00,1973530,18,29,76328
2026-09-20T00,322170,19,20,52833
2026-09-20T00,381210,20,17,63826
2026-09-20T00,3240220,21,22,82826
2026-09-20T00,105600,22,21,54884
2026-09-20T00,252490,23,26,135427
2026-09-20T00,1422450,24,24,75136
2026-09-20T00,3405690,25,14,53264
2026-09-20T00,413150,26,27,78824
2026-09-20T00,2507950,27,25,131156
2026-09-20T00,2807960,28,30,42940
2026-09-20T00,230410,29,28,67788
2026-09-20T00,1623730,30,19,86403
2026-09-20T00,440,31,32,74205
2026-09-20T00,108600,32,31,59672
2026-09-20T00,4001890,33,23,43423
2026-09-20T00,550,34,36,30448
2026-09-20T00,227300,35,38,40830
2026-09-20T00,438100,36,34,55381
2026-09-20T00,1086940,37,40,53788
2026-09-20T00,394360,38,43,55898
2026-09-20T00,1174180,39,35,41241
2026-09-20T00,3241660,40,45,31434
2026-09-20T00,275850,41,42,43955
2026-09-20T00,1203220,42,48,66307
2026-09-20T00,1091500,43,41,37872
2026-09-20T00,3527290,44,37,30165
2026-09-20T00,2246340,45,58,50534
2026-09-20T00,322330,46,46,51995
2026-09-20T00,1245620,47,44,41292
2026-09-20T00,1938090,48,50,36383
2026-09-20T00,2483190,49,47,26775
2026-09-20T00,284160,50,52,25537
2026-09-20T00,1449850,51,49,22729
2026-09-20T00,4000,52,57,32944
2026-09-20T00,2694490,53,33,58943
2026-09-20T00,3678970,54,39,93534
2026-09-20T00,252950,55,54,28926
2026-09-20T00,1665460,56,53,26265
2026-09-20T00,2344520,57,-1,48865
2026-09-20T00,1364780,58,59,36041
2026-09-20T00,1281930,59,60,34753
2026-09-20T00,4972320,60,-1,73739
2026-09-20T00,3419430,61,55,174831
2026-09-20T00,1905180,62,66,31733
2026-09-20T00,289070,63,61,43782
2026-09-20T00,1222670,64,65,27212
2026-09-20T00,489830,65,63,28445
2026-09-20T00,2073620,66,79,40448
2026-09-20T00,3513350,67,62,12565
2026-09-20T00,1142710,68,68,31609
2026-09-20T00,291550,69,73,14269
2026-09-20T00,2300320,70,69,43929
2026-09-20T00,244210,71,76,15685
2026-09-20T00,1366800,72,67,37515
2026-09-20T00,594650,73,71,32716
2026-09-20T00,1808500,74,70,27791
2026-09-20T00,261550,75,72,35524
2026-09-20T00,221100,76,74,47511
2026-09-20T00,2638890,77,56,31770
2026-09-20T00,2406770,78,51,10284
2026-09-20T00,1144200,79,83,14147
2026-09-20T00,714010,80,84,7023
2026-09-20T00,582010,81,94,32167
2026-09-20T00,251570,82,77,31813
2026-09-20T00,813780,83,82,22003
2026-09-20T00,2183900,84,78,18037
2026-09-20T00,294100,85,92,32771
2026-09-20T00,3321460,86,75,24730
2026-09-20T00,3551340,87,80,39402
2026-09-20T00,2358720,88,86,26932
2026-09-20T00,739630,89,89,14450
2026-09-20T00,2139460,90,81,24919
2026-09-20T00,2622380,91,96,31997
2026-09-20T00,629520,92,102,17991
2026-09-20T00,3949040,93,109,19210
2026-09-20T00,4162040,94,93,9321
2026-09-20T00,960090,95,90,8962
2026-09-20T00,945360,96,85,11250
2026-09-20T00,2073850,97,98,14843
2026-09-20T00,2379780,98,104,8556
2026-09-20T00,3472040,99,99,17074
2026-09-20T00,2050650,100,111,15013
2026-09-20T04,730,1,1,1317931
2026-09-20T04,570,2,2,860350
2026-09-20T04,578080,3,3,775517
2026-09-20T04,431960,4,4,110392
2026-09-20T04,1867240,5,6,383883
2026-09-20T04,1172470,6,5,270820
2026-09-20T04,892970,7,7,265272
2026-09-20T04,271590,8,9,73342
2026-09-20T04,2767030,9,8,109320
2026-09-20T04,2868840,10,11,101132
2026-09-20T04,2676230,11,13,198566
2026-09-20T04,359550,12,10,101729
2026-09-20T04,2357570,13,12,84687
2026-09-20T04,4126040,14,-1,151288
2026-09-20T04,250900,15,14,84322
2026-09-20T04,236390,16,15,95372
2026-09-20T04,553850,17,17,58679
2026-09-20T04,322170,18,21,65312
2026-09-20T04,381210,19,18,68293
2026-09-20T04,3240220,20,23,87265
2026-09-20T04,105600,21,19,56613
2026-09-20T04,1973530,22,29,57806
2026-09-20T04,3405690,23,16,57019
2026-09-20T04,413150,24,24,85678
2026-09-20T04,1422450,25,26,83255
2026-09-20T04,252490,26,28,136570
2026-09-20T04,2507950,27,25,128790
2026-09-20T04,2807960,28,27,47779
2026-09-20T04,1623730,29,20,99595
2026-09-20T04,230410,30,30,68802
2026-09-20T04,440,31,34,78128
2026-09-20T04,108600,32,31,70515
2026-09-20T04,4001890,33,22,44772
2026-09-20T04,550,34,33,37648
2026-09-20T04,227300,35,37,43701
2026-09-20T04,438100,36,35,58981
2026-09-20T04,1086940,37,39,67308
2026-09-20T04,3527290,38,32,33795
2026-09-20T04,394360,39,43,61004
2026-09-20T04,3241660,40,42,34255
2026-09-20T04,1174180,41,36,45689
2026-09-20T04,2246340,42,54,59349
2026-09-20T04,1091500,43,41,43937
2026-09-20T04,275850,44,40,52304
2026-09-20T04,1245620,45,44,47439
2026-09-20T04,322330,46,46,51917
2026-09-20T04,1203220,47,48,65210
2026-09-20T04,1938090,48,47,41941
2026-09-20T04,284160,49,49,29166
2026-09-20T04,4000,50,51,37801
2026-09-20T04,2483190,51,50,25541
2026-09-20T04,1449850,52,52,21953
2026-09-20T04,252950,53,58,28420
2026-09-20T04,1665460,54,57,25959
2026-09-20T04,2694490,55,38,63400
2026-09-20T04,1281930,56,55,37641
2026-09-20T04,2344520,57,161,58441
2026-09-20T04,3678970,58,45,91004
2026-09-20T04,1364780,59,59,34448
2026-09-20T04,1222670,60,62,32744
2026-09-20T04,289070,61,60,47783
2026-09-20T04,1905180,62,64,32961
2026-09-20T04,489830,63,63,33919
2026-09-20T04,3513350,64,67,17166
2026-09-20T04,2073620,65,83,43333
2026-09-20T04,3419430,66,61,167541
2026-09-20T04,1142710,67,66,37471
2026-09-20T04,244210,68,74,16633
2026-09-20T04,2300320,69,68,47581
2026-09-20T04,291550,70,73,15351
2026-09-20T04,1808500,71,70,31022
2026-09-20T04,1366800,72,69,41817
2026-09-20T04,221100,73,77,54030
2026-09-20T04,261550,74,72,39163
2026-09-20T04,594650,75,71,35071
2026-09-20T04,2638890,76,56,34765
2026-09-20T04,2406770,77,53,11343
2026-09-20T04,251570,78,76,37203
2026-09-20T04,582010,79,91,33493
2026-09-20T04,1144200,80,79,14276
2026-09-20T04,714010,81,88,7147
2026-09-20T04,813780,82,86,24783
2026-09-20T04,2183900,83,78,19538
2026-09-20T04,3321460,84,75,31436
2026-09-20T04,739630,85,87,16848
2026-09-20T04,294100,86,92,38035
2026-09-20T04,945360,87,82,12940
2026-09-20T04,2358720,88,84,26443
2026-09-20T04,4704690,89,80,10789
2026-09-20T04,3949040,90,97,20482
2026-09-20T04,2622380,91,96,32588
2026-09-20T04,2050650,92,105,16823
2026-09-20T04,1374490,93,-1,33473
2026-09-20T04,3551340,94,90,42884
2026-09-20T04,2139460,95,89,28305
2026-09-20T04,960090,96,94,10778
2026-09-20T04,629520,97,100,18819
2026-09-20T04,2073850,98,102,16316
2026-09-20T04,1158310,99,101,25803
2026-09-20T04,3472040,100,103,17242
2026-09-20T11,730,1,1,1317931
2026-09-20T11,570,2,2,860350
2026-09-20T11,578080,3,3,775517
2026-09-20T11,431960,4,4,110392
2026-09-20T11,1867240,5,6,383883
2026-09-20T11,1172470,6,5,270820
2026-09-20T11,892970,7,7,265272
2026-09-20T11,271590,8,9,73342
2026-09-20T11,2767030,9,8,109320
2026-09-20T11,2868840,10,11,101132
2026-09-20T11,2676230,11,13,198566
2026-09-20T11,359550,12,10,101729
2026-09-20T11,2357570,13,12,84687
2026-09-20T11,4126040,14,-1,151288
2026-09-20T11,250900,15,14,84322
2026-09-20T11,236390,16,15,95372
2026-09-20T11,553850,17,17,58679
2026-09-20T11,322170,18,21,65312
2026-09-20T11,381210,19,18,68293
2026-09-20T11,3240220,20,23,87265
2026-09-20T11,105600,21,19,56613
2026-09-20T11,1973530,22,29,57806
2026-09-20T11,3405690,23,16,57019
2026-09-20T11,413150,24,24,85678
2026-09-20T11,1422450,25,26,83255
2026-09-20T11,252490,26,28,136570
2026-09-20T11,2507950,27,25,128790
2026-09-20T11,2807960,28,27,47779
2026-09-20T11,1623730,29,20,99595
2026-09-20T11,230410,30,30,68802
2026-09-20T11,440,31,34,78128
2026-09-20T11,108600,32,31,70515
2026-09-20T11,4001890,33,22,44772
2026-09-20T11,550,34,33,37648
2026-09-20T11,227300,35,37,43701
2026-09-20T11,438100,36,35,58981
2026-09-20T11,1086940,37,39,67308
2026-09-20T11,3527290,38,32,33795
2026-09-20T11,394360,39,43,61004
2026-09-20T11,3241660,40,42,34255
2026-09-20T11,1174180,41,36,45689
2026-09-20T11,2246340,42,54,59349
2026-09-20T11,1091500,43,41,43937
2026-09-20T11,275850,44,40,52304
2026-09-20T11,1245620,45,44,47439
2026-09-20T11,322330,46,46,51917
2026-09-20T11,1203220,47,48,65210
2026-09-20T11,1938090,48,47,41941
2026-09-20T11,284160,49,49,29166
2026-09-20T11,4000,50,51,37801
2026-09-20T11,2483190,51,50,25541
2026-09-20T11,1449850,52,52,21953
2026-09-20T11,252950,53,58,28420
2026-09-20T11,1665460,54,57,25959
2026-09-20T11,2694490,55,38,63400
2026-09-20T11,1281930,56,55,37641
2026-09-20T11,2344520,57,161,58441
2026-09-20T11,3678970,58,45,91004
2026-09-20T11,1364780,59,59,34448
2026-09-20T11,1222670,60,62,32744
2026-09-20T11,289070,61,60,47783
2026-09-20T11,1905180,62,64,32961
2026-09-20T11,489830,63,63,33919
2026-09-20T11,3513350,64,67,17166
2026-09-20T11,2073620,65,83,43333
2026-09-20T11,3419430,66,61,167541
2026-09-20T11,1142710,67,66,37471
2026-09-20T11,244210,68,74,16633
2026-09-20T11,2300320,69,68,47581
2026-09-20T11,291550,70,73,15351
2026-09-20T11,1808500,71,70,31022
2026-09-20T11,1366800,72,69,41817
2026-09-20T11,221100,73,77,54030
2026-09-20T11,261550,74,72,39163
2026-09-20T11,594650,75,71,35071
2026-09-20T11,2638890,76,56,34765
2026-09-20T11,2406770,77,53,11343
2026-09-20T11,251570,78,76,37203
2026-09-20T11,582010,79,91,33493
2026-09-20T11,1144200,80,79,14276
2026-09-20T11,714010,81,88,7147
2026-09-20T11,813780,82,86,24783
2026-09-20T11,2183900,83,78,19538
2026-09-20T11,3321460,84,75,31436
2026-09-20T11,739630,85,87,16848
2026-09-20T11,294100,86,92,38035
2026-09-20T11,945360,87,82,12940
2026-09-20T11,2358720,88,84,26443
2026-09-20T11,4704690,89,80,10789
2026-09-20T11,3949040,90,97,20482
2026-09-20T11,2622380,91,96,32588
2026-09-20T11,2050650,92,105,16823
2026-09-20T11,1374490,93,-1,33473
2026-09-20T11,3551340,94,90,42884
2026-09-20T11,2139460,95,89,28305
2026-09-20T11,960090,96,94,10778
2026-09-20T11,629520,97,100,18819
2026-09-20T11,2073850,98,102,16316
2026-09-20T11,1158310,99,101,25803
2026-09-20T11,3472040,100,103,17242
2026-09-20T16,730,1,1,1317931
2026-09-20T16,570,2,2,860350
2026-09-20T16,578080,3,3,775517
2026-09-20T16,431960,4,4,110392
2026-09-20T16,1867240,5,6,383883
2026-09-20T16,1172470,6,5,270820
2026-09-20T16,892970,7,7,265272
2026-09-20T16,271590,8,9,73342
2026-09-20T16,2767030,9,8,109320
2026-09-20T16,2868840,10,11,101132
2026-09-20T16,2676230,11,13,198566
2026-09-20T16,359550,12,10,101729
2026-09-20T16,2357570,13,12,84687
2026-09-20T16,4126040,14,-1,151288
2026-09-20T16,250900,15,14,84322
2026-09-20T16,236390,16,15,95372
2026-09-20T16,553850,17,17,58679
2026-09-20T16,322170,18,21,65312
2026-09-20T16,381210,19,18,68293
2026-09-20T16,3240220,20,23,87265
2026-09-20T16,105600,21,19,56613
2026-09-20T16,1973530,22,29,57806
2026-09-20T16,3405690,23,16,57019
2026-09-20T16,413150,24,24,85678
2026-09-20T16,1422450,25,26,83255
2026-09-20T16,252490,26,28,136570
2026-09-20T16,2507950,27,25,128790
2026-09-20T16,2807960,28,27,47779
2026-09-20T16,1623730,29,20,99595
2026-09-20T16,230410,30,30,68802
2026-09-20T16,440,31,34,78128
2026-09-20T16,108600,32,31,70515
2026-09-20T16,4001890,33,22,44772
2026-09-20T16,550,34,33,37648
2026-09-20T16,227300,35,37,43701
2026-09-20T16,438100,36,35,58981
2026-09-20T16,1086940,37,39,67308
2026-09-20T16,3527290,38,32,33795
2026-09-20T16,394360,39,43,61004
2026-09-20T16,3241660,40,42,34255
2026-09-20T16,1174180,41,36,45689
2026-09-20T16,2246340,42,54,59349
2026-09-20T16,1091500,43,41,43937
2026-09-20T16,275850,44,40,52304
2026-09-20T16,1245620,45,44,47439
2026-09-20T16,322330,46,46,51917
2026-09-20T16,1203220,47,48,65210
2026-09-20T16,1938090,48,47,41941
2026-09-20T16,284160,49,49,29166
2026-09-20T16,4000,50,51,37801
2026-09-20T16,2483190,51,50,25541
2026-09-20T16,1449850,52,52,21953
2026-09-20T16,252950,53,58,28420
2026-09-20T16,1665460,54,57,25959
2026-09-20T16,2694490,55,38,63400
2026-09-20T16,1281930,56,55,37641
2026-09-20T16,2344520,57,161,58441
2026-09-20T16,3678970,58,45,91004
2026-09-20T16,1364780,59,59,34448
2026-09-20T16,1222670,60,62,32744
2026-09-20T16,289070,61,60,47783
2026-09-20T16,1905180,62,64,32961
2026-09-20T16,489830,63,63,33919
2026-09-20T16,3513350,64,67,17166
2026-09-20T16,2073620,65,83,43333
2026-09-20T16,3419430,66,61,167541
2026-09-20T16,1142710,67,66,37471
2026-09-20T16,244210,68,74,16633
2026-09-20T16,2300320,69,68,47581
2026-09-20T16,291550,70,73,15351
2026-09-20T16,1808500,71,70,31022
2026-09-20T16,1366800,72,69,41817
2026-09-20T16,221100,73,77,54030
2026-09-20T16,261550,74,72,39163
2026-09-20T16,594650,75,71,35071
2026-09-20T16,2638890,76,56,34765
2026-09-20T16,2406770,77,53,11343
2026-09-20T16,251570,78,76,37203
2026-09-20T16,582010,79,91,33493
2026-09-20T16,1144200,80,79,14276
2026-09-20T16,714010,81,88,7147
2026-09-20T16,813780,82,86,24783
2026-09-20T16,2183900,83,78,19538
2026-09-20T16,3321460,84,75,31436
2026-09-20T16,739630,85,87,16848
2026-09-20T16,294100,86,92,38035
2026-09-20T16,945360,87,82,12940
2026-09-20T16,2358720,88,84,26443
2026-09-20T16,4704690,89,80,10789
2026-09-20T16,3949040,90,97,20482
2026-09-20T16,2622380,91,96,32588
2026-09-20T16,2050650,92,105,16823
2026-09-20T16,1374490,93,-1,33473
2026-09-20T16,3551340,94,90,42884
2026-09-20T16,2139460,95,89,28305
2026-09-20T16,960090,96,94,10778
2026-09-20T16,629520,97,100,18819
2026-09-20T16,2073850,98,102,16316
2026-09-20T16,1158310,99,101,25803
2026-09-20T16,3472040,100,103,17242
2026-09-20T18,730,1,1,1317931
2026-09-20T18,570,2,2,860350
2026-09-20T18,578080,3,3,775517
2026-09-20T18,431960,4,4,110392
2026-09-20T18,1867240,5,6,383883
2026-09-20T18,1172470,6,5,270820
2026-09-20T18,892970,7,7,265272
2026-09-20T18,271590,8,9,73342
2026-09-20T18,2767030,9,8,109320
2026-09-20T18,2868840,10,11,101132
2026-09-20T18,2676230,11,13,198566
2026-09-20T18,359550,12,10,101729
2026-09-20T18,2357570,13,12,84687
2026-09-20T18,4126040,14,-1,151288
2026-09-20T18,250900,15,14,84322
2026-09-20T18,236390,16,15,95372
2026-09-20T18,553850,17,17,58679
2026-09-20T18,322170,18,21,65312
2026-09-20T18,381210,19,18,68293
2026-09-20T18,3240220,20,23,87265
2026-09-20T18,105600,21,19,56613
2026-09-20T18,1973530,22,29,57806
2026-09-20T18,3405690,23,16,57019
2026-09-20T18,413150,24,24,85678
2026-09-20T18,1422450,25,26,83255
2026-09-20T18,252490,26,28,136570
2026-09-20T18,2507950,27,25,128790
2026-09-20T18,2807960,28,27,47779
2026-09-20T18,1623730,29,20,99595
2026-09-20T18,230410,30,30,68802
2026-09-20T18,440,31,34,78128
2026-09-20T18,108600,32,31,70515
2026-09-20T18,4001890,33,22,44772
2026-09-20T18,550,34,33,37648
2026-09-20T18,227300,35,37,43701
2026-09-20T18,438100,36,35,58981
2026-09-20T18,1086940,37,39,67308
2026-09-20T18,3527290,38,32,33795
2026-09-20T18,394360,39,43,61004
2026-09-20T18,3241660,40,42,34255
2026-09-20T18,1174180,41,36,45689
2026-09-20T18,2246340,42,54,59349
2026-09-20T18,1091500,43,41,43937
2026-09-20T18,275850,44,40,52304
2026-09-20T18,1245620,45,44,47439
2026-09-20T18,322330,46,46,51917
2026-09-20T18,1203220,47,48,65210
2026-09-20T18,1938090,48,47,41941
2026-09-20T18,284160,49,49,29166
2026-09-20T18,4000,50,51,37801
2026-09-20T18,2483190,51,50,25541
2026-09-20T18,1449850,52,52,21953
2026-09-20T18,252950,53,58,28420
2026-09-20T18,1665460,54,57,25959
2026-09-20T18,2694490,55,38,63400
2026-09-20T18,1281930,56,55,37641
2026-09-20T18,2344520,57,161,58441
2026-09-20T18,3678970,58,45,91004
2026-09-20T18,1364780,59,59,34448
2026-09-20T18,1222670,60,62,32744
2026-09-20T18,289070,61,60,47783
2026-09-20T18,1905180,62,64,32961
2026-09-20T18,489830,63,63,33919
2026-09-20T18,3513350,64,67,17166
2026-09-20T18,2073620,65,83,43333
2026-09-20T18,3419430,66,61,167541
2026-09-20T18,1142710,67,66,37471
2026-09-20T18,244210,68,74,16633
2026-09-20T18,2300320,69,68,47581
2026-09-20T18,291550,70,73,15351
2026-09-20T18,1808500,71,70,31022
2026-09-20T18,1366800,72,69,41817
2026-09-20T18,221100,73,77,54030
2026-09-20T18,261550,74,72,39163
2026-09-20T18,594650,75,71,35071
2026-09-20T18,2638890,76,56,34765
2026-09-20T18,2406770,77,53,11343
2026-09-20T18,251570,78,76,37203
2026-09-20T18,582010,79,91,33493
2026-09-20T18,1144200,80,79,14276
2026-09-20T18,714010,81,88,7147
2026-09-20T18,813780,82,86,24783
2026-09-20T18,2183900,83,78,19538
2026-09-20T18,3321460,84,75,31436
2026-09-20T18,739630,85,87,16848
2026-09-20T18,294100,86,92,38035
2026-09-20T18,945360,87,82,12940
2026-09-20T18,2358720,88,84,26443
2026-09-20T18,4704690,89,80,10789
2026-09-20T18,3949040,90,97,20482
2026-09-20T18,2622380,91,96,32588
2026-09-20T18,2050650,92,105,16823
2026-09-20T18,1374490,93,-1,33473
2026-09-20T18,3551340,94,90,42884
2026-09-20T18,2139460,95,89,28305
2026-09-20T18,960090,96,94,10778
2026-09-20T18,629520,97,100,18819
2026-09-20T18,2073850,98,102,16316
2026-09-20T18,1158310,99,101,25803
2026-09-20T18,3472040,100,103,17242
2026-09-20T22,730,1,1,1317931
2026-09-20T22,570,2,2,860350
2026-09-20T22,578080,3,3,775517
2026-09-20T22,431960,4,4,110392
2026-09-20T22,1867240,5,6,383883
2026-09-20T22,1172470,6,5,270820
2026-09-20T22,892970,7,7,265272
2026-09-20T22,271590,8,9,73342
2026-09-20T22,2767030,9,8,109320
2026-09-20T22,2868840,10,11,101132
2026-09-20T22,2676230,11,13,198566
2026-09-20T22,359550,12,10,101729
2026-09-20T22,2357570,13,12,84687
2026-09-20T22,4126040,14,-1,151288
2026-09-20T22,250900,15,14,84322
2026-09-20T22,236390,16,15,95372
2026-09-20T22,553850,17,17,58679
2026-09-20T22,322170,18,21,65312
2026-09-20T22,381210,19,18,68293
2026-09-20T22,3240220,20,23,87265
2026-09-20T22,105600,21,19,56613
2026-09-20T22,1973530,22,29,57806
2026-09-20T22,3405690,23,16,57019
2026-09-20T22,413150,24,24,85678
2026-09-20T22,1422450,25,26,83255
2026-09-20T22,252490,26,28,136570
2026-09-20T22,2507950,27,25,128790
2026-09-20T22,2807960,28,27,47779
2026-09-20T22,1623730,29,20,99595
2026-09-20T22,230410,30,30,68802
2026-09-20T22,440,31,34,78128
2026-09-20T22,108600,32,31,70515
2026-09-20T22,4001890,33,22,44772
2026-09-20T22,550,34,33,37648
2026-09-20T22,227300,35,37,43701
2026-09-20T22,438100,36,35,58981
2026-09-20T22,1086940,37,39,67308
2026-09-20T22,3527290,38,32,33795
2026-09-20T22,394360,39,43,61004
2026-09-20T22,3241660,40,42,34255
2026-09-20T22,1174180,41,36,45689
2026-09-20T22,2246340,42,54,59349
2026-09-20T22,1091500,43,41,43937
2026-09-20T22,275850,44,40,52304
2026-09-20T22,1245620,45,44,47439
2026-09-20T22,322330,46,46,51917
2026-09-20T22,1203220,47,48,65210
2026-09-20T22,1938090,48,47,41941
2026-09-20T22,284160,49,49,29166
2026-09-20T22,4000,50,51,37801
2026-09-20T22,2483190,51,50,25541
2026-09-20T22,1449850,52,52,21953
2026-09-20T22,252950,53,58,28420
2026-09-20T22,1665460,54,57,25959
2026-09-20T22,2694490,55,38,63400
2026-09-20T22,1281930,56,55,37641
2026-09-20T22,2344520,57,161,58441
2026-09-20T22,3678970,58,45,91004
2026-09-20T22,1364780,59,59,34448
2026-09-20T22,1222670,60,62,32744
2026-09-20T22,289070,61,60,47783
2026-09-20T22,1905180,62,64,32961
2026-09-20T22,489830,63,63,33919
2026-09-20T22,3513350,64,67,17166
2026-09-20T22,2073620,65,83,43333
2026-09-20T22,3419430,66,61,167541
2026-09-20T22,1142710,67,66,37471
2026-09-20T22,244210,68,74,16633
2026-09-20T22,2300320,69,68,47581
2026-09-20T22,291550,70,73,15351
2026-09-20T22,1808500,71,70,31022
2026-09-20T22,1366800,72,69,41817
2026-09-20T22,221100,73,77,54030
2026-09-20T22,261550,74,72,39163
2026-09-20T22,594650,75,71,35071
2026-09-20T22,2638890,76,56,34765
2026-09-20T22,2406770,77,53,11343
2026-09-20T22,251570,78,76,37203
2026-09-20T22,582010,79,91,33493
2026-09-20T22,1144200,80,79,14276
2026-09-20T22,714010,81,88,7147
2026-09-20T22,813780,82,86,24783
2026-09-20T22,2183900,83,78,19538
2026-09-20T22,3321460,84,75,31436
2026-09-20T22,739630,85,87,16848
2026-09-20T22,294100,86,92,38035
2026-09-20T22,945360,87,82,12940
2026-09-20T22,2358720,88,84,26443
2026-09-20T22,4704690,89,80,10789
2026-09-20T22,3949040,90,97,20482
2026-09-20T22,2622380,91,96,32588
2026-09-20T22,2050650,92,105,16823
2026-09-20T22,1374490,93,-1,33473
2026-09-20T22,3551340,94,90,42884
2026-09-20T22,2139460,95,89,28305
2026-09-20T22,960090,96,94,10778
2026-09-20T22,629520,97,100,18819
2026-09-20T22,2073850,98,102,16316
2026-09-20T22,1158310,99,101,25803
2026-09-20T22,3472040,100,103,17242
2026-09-21T04,730,1,1,1364115
2026-09-21T04,570,2,2,899957
2026-09-21T04,578080,3,3,782467
2026-09-21T04,431960,4,4,108398
2026-09-21T04,1867240,5,5,402803
2026-09-21T04,1172470,6,6,277408
2026-09-21T04,892970,7,7,287246
2026-09-21T04,271590,8,10,77174
2026-09-21T04,2767030,9,9,103762
2026-09-21T04,2676230,10,12,209607
2026-09-21T04,4126040,11,-1,168260
2026-09-21T04,359550,12,11,106884
2026-09-21T04,2868840,13,13,101118
2026-09-21T04,2357570,14,8,89048
2026-09-21T04,250900,15,14,85817
2026-09-21T04,236390,16,15,95250
2026-09-21T04,553850,17,16,60382
2026-09-21T04,322170,18,22,61736
2026-09-21T04,381210,19,17,70663
2026-09-21T04,3240220,20,21,91342
2026-09-21T04,105600,21,20,56444
2026-09-21T04,1422450,22,26,84355
2026-09-21T04,413150,23,24,88688
2026-09-21T04,3405690,24,18,56802
2026-09-21T04,1973530,25,31,44483
2026-09-21T04,252490,26,28,127472
2026-09-21T04,2807960,27,25,51044
2026-09-21T04,1623730,28,19,103453
2026-09-21T04,2507950,29,27,128569
2026-09-21T04,230410,30,30,70483
2026-09-21T04,108600,31,29,74658
2026-09-21T04,440,32,34,73483
2026-09-21T04,1086940,33,38,76144
2026-09-21T04,550,34,32,37259
2026-09-21T04,227300,35,36,48625
2026-09-21T04,438100,36,37,60960
2026-09-21T04,4001890,37,23,42060
2026-09-21T04,3527290,38,33,35859
2026-09-21T04,2246340,39,53,63386
2026-09-21T04,3241660,40,41,35273
2026-09-21T04,1174180,41,35,48220
2026-09-21T04,394360,42,44,60764
2026-09-21T04,1091500,43,40,47506
2026-09-21T04,275850,44,39,55693
2026-09-21T04,1245620,45,43,50341
2026-09-21T04,1938090,46,46,45347
2026-09-21T04,284160,47,47,29818
2026-09-21T04,1203220,48,48,64930
2026-09-21T04,4000,49,49,37309
2026-09-21T04,322330,50,45,49626
2026-09-21T04,252950,51,56,30687
2026-09-21T04,1449850,52,51,23272
2026-09-21T04,2694490,53,42,65895
2026-09-21T04,2483190,54,52,24607
2026-09-21T04,2344520,55,124,64005
2026-09-21T04,1665460,56,58,24245
2026-09-21T04,1222670,57,60,35850
2026-09-21T04,3678970,58,50,91164
2026-09-21T04,1281930,59,55,37919
2026-09-21T04,2300320,60,62,58001
2026-09-21T04,1364780,61,63,34198
2026-09-21T04,489830,62,61,37082
2026-09-21T04,289070,63,59,48186
2026-09-21T04,3513350,64,69,15950
2026-09-21T04,2073620,65,81,46060
2026-09-21T04,1142710,66,65,39614
2026-09-21T04,1905180,67,67,34641
2026-09-21T04,244210,68,77,16843
2026-09-21T04,3419430,69,64,171018
2026-09-21T04,1808500,70,68,33543
2026-09-21T04,221100,71,75,57450
2026-09-21T04,291550,72,76,15615
2026-09-21T04,1366800,73,71,43753
2026-09-21T04,594650,74,70,37241
2026-09-21T04,261550,75,72,40913
2026-09-21T04,251570,76,74,40956
2026-09-21T04,2638890,77,57,33997
2026-09-21T04,813780,78,84,26098
2026-09-21T04,294100,79,91,40260
2026-09-21T04,582010,80,92,34594
2026-09-21T04,2406770,81,54,11096
2026-09-21T04,739630,82,90,18012
2026-09-21T04,3321460,83,73,33941
2026-09-21T04,1374490,84,-1,39213
2026-09-21T04,714010,85,94,7366
2026-09-21T04,1144200,86,79,13587
2026-09-21T04,2183900,87,78,19743
2026-09-21T04,945360,88,85,12142
2026-09-21T04,3949040,89,86,19854
2026-09-21T04,3551340,90,89,45659
2026-09-21T04,4704690,91,83,10059
2026-09-21T04,2139460,92,88,29815
2026-09-21T04,2050650,93,103,17807
2026-09-21T04,960090,94,96,11043
2026-09-21T04,2622380,95,97,32513
2026-09-21T04,2073850,96,101,17388
2026-09-21T04,3751260,97,66,29874
2026-09-21T04,1158310,98,100,26858
2026-09-21T04,292030,99,93,22226
2026-09-21T04,2358720,100,87,25566
2026-09-21T12,730,1,1,1364115
2026-09-21T12,570,2,2,899957
2026-09-21T12,578080,3,3,782467
2026-09-21T12,431960,4,4,108398
2026-09-21T12,1867240,5,5,402803
2026-09-21T12,1172470,6,6,277408
2026-09-21T12,892970,7,7,287246
2026-09-21T12,271590,8,10,77174
2026-09-21T12,2767030,9,9,103762
2026-09-21T12,2676230,10,12,209607
2026-09-21T12,4126040,11,-1,168260
2026-09-21T12,359550,12,11,106884
2026-09-21T12,2868840,13,13,101118
2026-09-21T12,2357570,14,8,89048
2026-09-21T12,250900,15,14,85817
2026-09-21T12,236390,16,15,95250
2026-09-21T12,553850,17,16,60382
2026-09-21T12,322170,18,22,61736
2026-09-21T12,381210,19,17,70663
2026-09-21T12,3240220,20,21,91342
2026-09-21T12,105600,21,20,56444
2026-09-21T12,1422450,22,26,84355
2026-09-21T12,413150,23,24,88688
2026-09-21T12,3405690,24,18,56802
2026-09-21T12,1973530,25,31,44483
2026-09-21T12,252490,26,28,127472
2026-09-21T12,2807960,27,25,51044
2026-09-21T12,1623730,28,19,103453
2026-09-21T12,2507950,29,27,128569
2026-09-21T12,230410,30,30,70483
2026-09-21T12,108600,31,29,74658
2026-09-21T12,440,32,34,73483
2026-09-21T12,1086940,33,38,76144
2026-09-21T12,550,34,32,37259
2026-09-21T12,227300,35,36,48625
2026-09-21T12,438100,36,37,60960
2026-09-21T12,4001890,37,23,42060
2026-09-21T12,3527290,38,33,35859
2026-09-21T12,2246340,39,53,63386
2026-09-21T12,3241660,40,41,35273
2026-09-21T12,1174180,41,35,48220
2026-09-21T12,394360,42,44,60764
2026-09-21T12,1091500,43,40,47506
2026-09-21T12,275850,44,39,55693
2026-09-21T12,1245620,45,43,50341
2026-09-21T12,1938090,46,46,45347
2026-09-21T12,284160,47,47,29818
2026-09-21T12,1203220,48,48,64930
2026-09-21T12,4000,49,49,37309
2026-09-21T12,322330,50,45,49626
2026-09-21T12,252950,51,56,30687
2026-09-21T12,1449850,52,51,23272
2026-09-21T12,2694490,53,42,65895
2026-09-21T12,2483190,54,52,24607
2026-09-21T12,2344520,55,124,64005
2026-09-21T12,1665460,56,58,24245
2026-09-21T12,1222670,57,60,35850
2026-09-21T12,3678970,58,50,91164
2026-09-21T12,1281930,59,55,37919
2026-09-21T12,2300320,60,62,58001
2026-09-21T12,1364780,61,63,34198
2026-09-21T12,489830,62,61,37082
2026-09-21T12,289070,63,59,48186
2026-09-21T12,3513350,64,69,15950
2026-09-21T12,2073620,65,81,46060
2026-09-21T12,1142710,66,65,39614
2026-09-21T12,1905180,67,67,34641
2026-09-21T12,244210,68,77,16843
2026-09-21T12,3419430,69,64,171018
2026-09-21T12,1808500,70,68,33543
2026-09-21T12,221100,71,75,57450
2026-09-21T12,291550,72,76,15615
2026-09-21T12,1366800,73,71,43753
2026-09-21T12,594650,74,70,37241
2026-09-21T12,261550,75,72,40913
2026-09-21T12,251570,76,74,40956
2026-09-21T12,2638890,77,57,33997
2026-09-21T12,813780,78,84,26098
2026-09-21T12,294100,79,91,40260
2026-09-21T12,582010,80,92,34594
2026-09-21T12,2406770,81,54,11096
2026-09-21T12,739630,82,90,18012
2026-09-21T12,3321460,83,73,33941
2026-09-21T12,1374490,84,-1,39213
2026-09-21T12,714010,85,94,7366
2026-09-21T12,1144200,86,79,13587
2026-09-21T12,2183900,87,78,19743
2026-09-21T12,945360,88,85,12142
2026-09-21T12,3949040,89,86,19854
2026-09-21T12,3551340,90,89,45659
2026-09-21T12,4704690,91,83,10059
2026-09-21T12,2139460,92,88,29815
2026-09-21T12,2050650,93,103,17807
2026-09-21T12,960090,94,96,11043
2026-09-21T12,2622380,95,97,32513
2026-09-21T12,2073850,96,101,17388
2026-09-21T12,3751260,97,66,29874
2026-09-21T12,1158310,98,100,26858
2026-09-21T12,292030,99,93,22226
2026-09-21T12,2358720,100,87,25566
2026-09-21T19,730,1,1,1364115
2026-09-21T19,570,2,2,899957
2026-09-21T19,578080,3,3,782467
2026-09-21T19,431960,4,4,108398
2026-09-21T19,1867240,5,5,402803
2026-09-21T19,1172470,6,6,277408
2026-09-21T19,892970,7,7,287246
2026-09-21T19,271590,8,10,77174
2026-09-21T19,2767030,9,9,103762
2026-09-21T19,2676230,10,12,209607
2026-09-21T19,4126040,11,-1,168260
2026-09-21T19,359550,12,11,106884
2026-09-21T19,2868840,13,13,101118
2026-09-21T19,2357570,14,8,89048
2026-09-21T19,250900,15,14,85817
2026-09-21T19,236390,16,15,95250
2026-09-21T19,553850,17,16,60382
2026-09-21T19,322170,18,22,61736
2026-09-21T19,381210,19,17,70663
2026-09-21T19,3240220,20,21,91342
2026-09-21T19,105600,21,20,56444
2026-09-21T19,1422450,22,26,84355
2026-09-21T19,413150,23,24,88688
2026-09-21T19,3405690,24,18,56802
2026-09-21T19,1973530,25,31,44483
2026-09-21T19,252490,26,28,127472
2026-09-21T19,2807960,27,25,51044
2026-09-21T19,1623730,28,19,103453
2026-09-21T19,2507950,29,27,128569
2026-09-21T19,230410,30,30,70483
2026-09-21T19,108600,31,29,74658
2026-09-21T19,440,32,34,73483
2026-09-21T19,1086940,33,38,76144
2026-09-21T19,550,34,32,37259
2026-09-21T19,227300,35,36,48625
2026-09-21T19,438100,36,37,60960
2026-09-21T19,4001890,37,23,42060
2026-09-21T19,3527290,38,33,35859
2026-09-21T19,2246340,39,53,63386
2026-09-21T19,3241660,40,41,35273
2026-09-21T19,1174180,41,35,48220
2026-09-21T19,394360,42,44,60764
2026-09-21T19,1091500,43,40,47506
2026-09-21T19,275850,44,39,55693
2026-09-21T19,1245620,45,43,50341
2026-09-21T19,1938090,46,46,45347
2026-09-21T19,284160,47,47,29818
2026-09-21T19,1203220,48,48,64930
2026-09-21T19,4000,49,49,37309
2026-09-21T19,322330,50,45,49626
2026-09-21T19,252950,51,56,30687
2026-09-21T19,1449850,52,51,23272
2026-09-21T19,2694490,53,42,65895
2026-09-21T19,2483190,54,52,24607
2026-09-21T19,2344520,55,124,64005
2026-09-21T19,1665460,56,58,24245
2026-09-21T19,1222670,57,60,35850
2026-09-21T19,3678970,58,50,91164
2026-09-21T19,1281930,59,55,37919
2026-09-21T19,2300320,60,62,58001
2026-09-21T19,1364780,61,63,34198
2026-09-21T19,489830,62,61,37082
2026-09-21T19,289070,63,59,48186
2026-09-21T19,3513350,64,69,15950
2026-09-21T19,2073620,65,81,46060
2026-09-21T19,1142710,66,65,39614
2026-09-21T19,1905180,67,67,34641
2026-09-21T19,244210,68,77,16843
2026-09-21T19,3419430,69,64,171018
2026-09-21T19,1808500,70,68,33543
2026-09-21T19,221100,71,75,57450
2026-09-21T19,291550,72,76,15615
2026-09-21T19,1366800,73,71,43753
2026-09-21T19,594650,74,70,37241
2026-09-21T19,261550,75,72,40913
2026-09-21T19,251570,76,74,40956
2026-09-21T19,2638890,77,57,33997
2026-09-21T19,813780,78,84,26098
2026-09-21T19,294100,79,91,40260
2026-09-21T19,582010,80,92,34594
2026-09-21T19,2406770,81,54,11096
2026-09-21T19,739630,82,90,18012
2026-09-21T19,3321460,83,73,33941
2026-09-21T19,1374490,84,-1,39213
2026-09-21T19,714010,85,94,7366
2026-09-21T19,1144200,86,79,13587
2026-09-21T19,2183900,87,78,19743
2026-09-21T19,945360,88,85,12142
2026-09-21T19,3949040,89,86,19854
2026-09-21T19,3551340,90,89,45659
2026-09-21T19,4704690,91,83,10059
2026-09-21T19,2139460,92,88,29815
2026-09-21T19,2050650,93,103,17807
2026-09-21T19,960090,94,96,11043
2026-09-21T19,2622380,95,97,32513
2026-09-21T19,2073850,96,101,17388
2026-09-21T19,3751260,97,66,29874
2026-09-21T19,1158310,98,100,26858
2026-09-21T19,292030,99,93,22226
2026-09-21T19,2358720,100,87,25566
2026-09-21T23,730,1,1,1364115
2026-09-21T23,570,2,2,899957
2026-09-21T23,578080,3,3,782467
2026-09-21T23,431960,4,4,108398
2026-09-21T23,1867240,5,5,402803
2026-09-21T23,1172470,6,6,277408
2026-09-21T23,892970,7,7,287246
2026-09-21T23,271590,8,10,77174
2026-09-21T23,2767030,9,9,103762
2026-09-21T23,2676230,10,12,209607
2026-09-21T23,4126040,11,-1,168260
2026-09-21T23,359550,12,11,106884
2026-09-21T23,2868840,13,13,101118
2026-09-21T23,2357570,14,8,89048
2026-09-21T23,250900,15,14,85817
2026-09-21T23,236390,16,15,95250
2026-09-21T23,553850,17,16,60382
2026-09-21T23,322170,18,22,61736
2026-09-21T23,381210,19,17,70663
2026-09-21T23,3240220,20,21,91342
2026-09-21T23,105600,21,20,56444
2026-09-21T23,1422450,22,26,84355
2026-09-21T23,413150,23,24,88688
2026-09-21T23,3405690,24,18,56802
2026-09-21T23,1973530,25,31,44483
2026-09-21T23,252490,26,28,127472
2026-09-21T23,2807960,27,25,51044
2026-09-21T23,1623730,28,19,103453
2026-09-21T23,2507950,29,27,128569
2026-09-21T23,230410,30,30,70483
2026-09-21T23,108600,31,29,74658
2026-09-21T23,440,32,34,73483
2026-09-21T23,1086940,33,38,76144
2026-09-21T23,550,34,32,37259
2026-09-21T23,227300,35,36,48625
2026-09-21T23,438100,36,37,60960
2026-09-21T23,4001890,37,23,42060
2026-09-21T23,3527290,38,33,35859
2026-09-21T23,2246340,39,53,63386
2026-09-21T23,3241660,40,41,35273
2026-09-21T23,1174180,41,35,48220
2026-09-21T23,394360,42,44,60764
2026-09-21T23,1091500,43,40,47506
2026-09-21T23,275850,44,39,55693
2026-09-21T23,1245620,45,43,50341
2026-09-21T23,1938090,46,46,45347
2026-09-21T23,284160,47,47,29818
2026-09-21T23,1203220,48,48,64930
2026-09-21T23,4000,49,49,37309
2026-09-21T23,322330,50,45,49626
2026-09-21T23,252950,51,56,30687
2026-09-21T23,1449850,52,51,23272
2026-09-21T23,2694490,53,42,65895
2026-09-21T23,2483190,54,52,24607
2026-09-21T23,2344520,55,124,64005
2026-09-21T23,1665460,56,58,24245
2026-09-21T23,1222670,57,60,35850
2026-09-21T23,3678970,58,50,91164
2026-09-21T23,1281930,59,55,37919
2026-09-21T23,2300320,60,62,58001
2026-09-21T23,1364780,61,63,34198
2026-09-21T23,489830,62,61,37082
2026-09-21T23,289070,63,59,48186
2026-09-21T23,3513350,64,69,15950
2026-09-21T23,2073620,65,81,46060
2026-09-21T23,1142710,66,65,39614
2026-09-21T23,1905180,67,67,34641
2026-09-21T23,244210,68,77,16843
2026-09-21T23,3419430,69,64,171018
2026-09-21T23,1808500,70,68,33543
2026-09-21T23,221100,71,75,57450
2026-09-21T23,291550,72,76,15615
2026-09-21T23,1366800,73,71,43753
2026-09-21T23,594650,74,70,37241
2026-09-21T23,261550,75,72,40913
2026-09-21T23,251570,76,74,40956
2026-09-21T23,2638890,77,57,33997
2026-09-21T23,813780,78,84,26098
2026-09-21T23,294100,79,91,40260
2026-09-21T23,582010,80,92,34594
2026-09-21T23,2406770,81,54,11096
2026-09-21T23,739630,82,90,18012
2026-09-21T23,3321460,83,73,33941
2026-09-21T23,1374490,84,-1,39213
2026-09-21T23,714010,85,94,7366
2026-09-21T23,1144200,86,79,13587
2026-09-21T23,2183900,87,78,19743
2026-09-21T23,945360,88,85,12142
2026-09-21T23,3949040,89,86,19854
2026-09-21T23,3551340,90,89,45659
2026-09-21T23,4704690,91,83,10059
2026-09-21T23,2139460,92,88,29815
2026-09-21T23,2050650,93,103,17807
2026-09-21T23,960090,94,96,11043
2026-09-21T23,2622380,95,97,32513
2026-09-21T23,2073850,96,101,17388
2026-09-21T23,3751260,97,66,29874
2026-09-21T23,1158310,98,100,26858
2026-09-21T23,292030,99,93,22226
2026-09-21T23,2358720,100,87,25566
2026-09-22T04,730,1,1,1218401
2026-09-22T04,570,2,2,794330
2026-09-22T04,578080,3,3,754595
2026-09-22T04,431960,4,4,104150
2026-09-22T04,1867240,5,5,318255
2026-09-22T04,1172470,6,6,265692
2026-09-22T04,892970,7,7,222742
2026-09-22T04,271590,8,10,68284
2026-09-22T04,2676230,9,11,190548
2026-09-22T04,2868840,10,12,94284
2026-09-22T04,4126040,11,-1,143600
2026-09-22T04,2767030,12,9,101124
2026-09-22T04,2357570,13,8,73367
2026-09-22T04,359550,14,13,87872
2026-09-22T04,250900,15,14,76763
2026-09-22T04,236390,16,15,78185
2026-09-22T04,553850,17,17,46189
2026-09-22T04,381210,18,16,59969
2026-09-22T04,322170,19,19,50170
2026-09-22T04,1422450,20,23,71414
2026-09-22T04,3240220,21,21,76209
2026-09-22T04,1973530,22,29,53719
2026-09-22T04,105600,23,20,47033
2026-09-22T04,413150,24,24,74297
2026-09-22T04,2507950,25,25,120884
2026-09-22T04,252490,26,27,113924
2026-09-22T04,3405690,27,18,46556
2026-09-22T04,230410,28,26,63881
2026-09-22T04,2807960,29,28,39451
2026-09-22T04,1623730,30,22,78646
2026-09-22T04,440,31,32,73688
2026-09-22T04,108600,32,31,56315
2026-09-22T04,1086940,33,35,57121
2026-09-22T04,438100,34,33,53858
2026-09-22T04,550,35,34,33511
2026-09-22T04,227300,36,38,41143
2026-09-22T04,2246340,37,50,57452
2026-09-22T04,394360,38,46,48331
2026-09-22T04,1174180,39,37,37533
2026-09-22T04,1091500,40,40,36216
2026-09-22T04,4001890,41,30,31801
2026-09-22T04,3527290,42,41,28975
2026-09-22T04,275850,43,39,39947
2026-09-22T04,3678970,44,43,90698
2026-09-22T04,1203220,45,49,62156
2026-09-22T04,1245620,46,42,38898
2026-09-22T04,3241660,47,44,27067
2026-09-22T04,1938090,48,47,35093
2026-09-22T04,322330,49,45,45505
2026-09-22T04,252950,50,51,28437
2026-09-22T04,1449850,51,48,19947
2026-09-22T04,284160,52,52,24391
2026-09-22T04,2694490,53,36,53812
2026-09-22T04,1665460,54,55,21340
2026-09-22T04,4000,55,54,29492
2026-09-22T04,2344520,56,110,49572
2026-09-22T04,1364780,57,57,34421
2026-09-22T04,2483190,58,53,19120
2026-09-22T04,1222670,59,62,27948
2026-09-22T04,489830,60,59,29055
2026-09-22T04,1281930,61,56,31393
2026-09-22T04,3419430,62,61,170520
2026-09-22T04,3513350,63,64,13325
2026-09-22T04,2073620,64,79,40858
2026-09-22T04,289070,65,63,39319
2026-09-22T04,1905180,66,65,30738
2026-09-22T04,2300320,67,66,47365
2026-09-22T04,1142710,68,68,30043
2026-09-22T04,1808500,69,67,27564
2026-09-22T04,1366800,70,69,38213
2026-09-22T04,291550,71,73,12609
2026-09-22T04,221100,72,71,48444
2026-09-22T04,594650,73,70,29682
2026-09-22T04,244210,74,77,14064
2026-09-22T04,261550,75,74,33889
2026-09-22T04,251570,76,78,31107
2026-09-22T04,582010,77,87,32690
2026-09-22T04,294100,78,86,33397
2026-09-22T04,714010,79,85,7433
2026-09-22T04,813780,80,84,20874
2026-09-22T04,2638890,81,58,27109
2026-09-22T04,1374490,82,-1,33149
2026-09-22T04,1085660,83,93,18968
2026-09-22T04,739630,84,88,14871
2026-09-22T04,3321460,85,76,24312
2026-09-22T04,3551340,86,80,40295
2026-09-22T04,2139460,87,82,24083
2026-09-22T04,2622380,88,96,30492
2026-09-22T04,2183900,89,75,15255
2026-09-22T04,2050650,90,105,15369
2026-09-22T04,2406770,91,60,8348
2026-09-22T04,960090,92,91,8896
2026-09-22T04,4162040,93,89,8397
2026-09-22T04,2073850,94,98,14129
2026-09-22T04,1144200,95,81,10068
2026-09-22T04,2379780,96,102,8505
2026-09-22T04,1158310,97,100,21191
2026-09-22T04,945360,98,99,9056
2026-09-22T04,2358720,99,92,23549
2026-09-22T04,3932890,100,101,32206
2026-09-22T11,730,1,1,1218401
2026-09-22T11,570,2,2,794330
2026-09-22T11,578080,3,3,754595
2026-09-22T11,431960,4,4,104150
2026-09-22T11,1867240,5,5,318255
2026-09-22T11,1172470,6,6,265692
2026-09-22T11,892970,7,7,222742
2026-09-22T11,271590,8,10,68284
2026-09-22T11,2676230,9,11,190548
2026-09-22T11,2868840,10,12,94284
2026-09-22T11,4126040,11,-1,143600
2026-09-22T11,2767030,12,9,101124
2026-09-22T11,2357570,13,8,73367
2026-09-22T11,359550,14,13,87872
2026-09-22T11,250900,15,14,76763
2026-09-22T11,236390,16,15,78185
2026-09-22T11,553850,17,17,46189
2026-09-22T11,381210,18,16,59969
2026-09-22T11,322170,19,19,50170
2026-09-22T11,1422450,20,23,71414
2026-09-22T11,3240220,21,21,76209
2026-09-22T11,1973530,22,29,53719
2026-09-22T11,105600,23,20,47033
2026-09-22T11,413150,24,24,74297
2026-09-22T11,2507950,25,25,120884
2026-09-22T11,252490,26,27,113924
2026-09-22T11,3405690,27,18,46556
2026-09-22T11,230410,28,26,63881
2026-09-22T11,2807960,29,28,39451
2026-09-22T11,1623730,30,22,78646
2026-09-22T11,440,31,32,73688
2026-09-22T11,108600,32,31,56315
2026-09-22T11,1086940,33,35,57121
2026-09-22T11,438100,34,33,53858
2026-09-22T11,550,35,34,33511
2026-09-22T11,227300,36,38,41143
2026-09-22T11,2246340,37,50,57452
2026-09-22T11,394360,38,46,48331
2026-09-22T11,1174180,39,37,37533
2026-09-22T11,1091500,40,40,36216
2026-09-22T11,4001890,41,30,31801
2026-09-22T11,3527290,42,41,28975
2026-09-22T11,275850,43,39,39947
2026-09-22T11,3678970,44,43,90698
2026-09-22T11,1203220,45,49,62156
2026-09-22T11,1245620,46,42,38898
2026-09-22T11,3241660,47,44,27067
2026-09-22T11,1938090,48,47,35093
2026-09-22T11,322330,49,45,45505
2026-09-22T11,252950,50,51,28437
2026-09-22T11,1449850,51,48,19947
2026-09-22T11,284160,52,52,24391
2026-09-22T11,2694490,53,36,53812
2026-09-22T11,1665460,54,55,21340
2026-09-22T11,4000,55,54,29492
2026-09-22T11,2344520,56,110,49572
2026-09-22T11,1364780,57,57,34421
2026-09-22T11,2483190,58,53,19120
2026-09-22T11,1222670,59,62,27948
2026-09-22T11,489830,60,59,29055
2026-09-22T11,1281930,61,56,31393
2026-09-22T11,3419430,62,61,170520
2026-09-22T11,3513350,63,64,13325
2026-09-22T11,2073620,64,79,40858
2026-09-22T11,289070,65,63,39319
2026-09-22T11,1905180,66,65,30738
2026-09-22T11,2300320,67,66,47365
2026-09-22T11,1142710,68,68,30043
2026-09-22T11,1808500,69,67,27564
2026-09-22T11,1366800,70,69,38213
2026-09-22T11,291550,71,73,12609
2026-09-22T11,221100,72,71,48444
2026-09-22T11,594650,73,70,29682
2026-09-22T11,244210,74,77,14064
2026-09-22T11,261550,75,74,33889
2026-09-22T11,251570,76,78,31107
2026-09-22T11,582010,77,87,32690
2026-09-22T11,294100,78,86,33397
2026-09-22T11,714010,79,85,7433
2026-09-22T11,813780,80,84,20874
2026-09-22T11,2638890,81,58,27109
2026-09-22T11,1374490,82,-1,33149
2026-09-22T11,1085660,83,93,18968
2026-09-22T11,739630,84,88,14871
2026-09-22T11,3321460,85,76,24312
2026-09-22T11,3551340,86,80,40295
2026-09-22T11,2139460,87,82,24083
2026-09-22T11,2622380,88,96,30492
2026-09-22T11,2183900,89,75,15255
2026-09-22T11,2050650,90,105,15369
2026-09-22T11,2406770,91,60,8348
2026-09-22T11,960090,92,91,8896
2026-09-22T11,4162040,93,89,8397
2026-09-22T11,2073850,94,98,14129
2026-09-22T11,1144200,95,81,10068
2026-09-22T11,2379780,96,102,8505
2026-09-22T11,1158310,97,100,21191
2026-09-22T11,945360,98,99,9056
2026-09-22T11,2358720,99,92,23549
2026-09-22T11,3932890,100,101,32206
2026-09-22T16,730,1,1,1218401
2026-09-22T16,570,2,2,794330
2026-09-22T16,578080,3,3,754595
2026-09-22T16,431960,4,4,104150
2026-09-22T16,1867240,5,5,318255
2026-09-22T16,1172470,6,6,265692
2026-09-22T16,892970,7,7,222742
2026-09-22T16,271590,8,10,68284
2026-09-22T16,2676230,9,11,190548
2026-09-22T16,2868840,10,12,94284
2026-09-22T16,4126040,11,-1,143600
2026-09-22T16,2767030,12,9,101124
2026-09-22T16,2357570,13,8,73367
2026-09-22T16,359550,14,13,87872
2026-09-22T16,250900,15,14,76763
2026-09-22T16,236390,16,15,78185
2026-09-22T16,553850,17,17,46189
2026-09-22T16,381210,18,16,59969
2026-09-22T16,322170,19,19,50170
2026-09-22T16,1422450,20,23,71414
2026-09-22T16,3240220,21,21,76209
2026-09-22T16,1973530,22,29,53719
2026-09-22T16,105600,23,20,47033
2026-09-22T16,413150,24,24,74297
2026-09-22T16,2507950,25,25,120884
2026-09-22T16,252490,26,27,113924
2026-09-22T16,3405690,27,18,46556
2026-09-22T16,230410,28,26,63881
2026-09-22T16,2807960,29,28,39451
2026-09-22T16,1623730,30,22,78646
2026-09-22T16,440,31,32,73688
2026-09-22T16,108600,32,31,56315
2026-09-22T16,1086940,33,35,57121
2026-09-22T16,438100,34,33,53858
2026-09-22T16,550,35,34,33511
2026-09-22T16,227300,36,38,41143
2026-09-22T16,2246340,37,50,57452
2026-09-22T16,394360,38,46,48331
2026-09-22T16,1174180,39,37,37533
2026-09-22T16,1091500,40,40,36216
2026-09-22T16,4001890,41,30,31801
2026-09-22T16,3527290,42,41,28975
2026-09-22T16,275850,43,39,39947
2026-09-22T16,3678970,44,43,90698
2026-09-22T16,1203220,45,49,62156
2026-09-22T16,1245620,46,42,38898
2026-09-22T16,3241660,47,44,27067
2026-09-22T16,1938090,48,47,35093
2026-09-22T16,322330,49,45,45505
2026-09-22T16,252950,50,51,28437
2026-09-22T16,1449850,51,48,19947
2026-09-22T16,284160,52,52,24391
2026-09-22T16,2694490,53,36,53812
2026-09-22T16,1665460,54,55,21340
2026-09-22T16,4000,55,54,29492
2026-09-22T16,2344520,56,110,49572
2026-09-22T16,1364780,57,57,34421
2026-09-22T16,2483190,58,53,19120
2026-09-22T16,1222670,59,62,27948
2026-09-22T16,489830,60,59,29055
2026-09-22T16,1281930,61,56,31393
2026-09-22T16,3419430,62,61,170520
2026-09-22T16,3513350,63,64,13325
2026-09-22T16,2073620,64,79,40858
2026-09-22T16,289070,65,63,39319
2026-09-22T16,1905180,66,65,30738
2026-09-22T16,2300320,67,66,47365
2026-09-22T16,1142710,68,68,30043
2026-09-22T16,1808500,69,67,27564
2026-09-22T16,1366800,70,69,38213
2026-09-22T16,291550,71,73,12609
2026-09-22T16,221100,72,71,48444
2026-09-22T16,594650,73,70,29682
2026-09-22T16,244210,74,77,14064
2026-09-22T16,261550,75,74,33889
2026-09-22T16,251570,76,78,31107
2026-09-22T16,582010,77,87,32690
2026-09-22T16,294100,78,86,33397
2026-09-22T16,714010,79,85,7433
2026-09-22T16,813780,80,84,20874
2026-09-22T16,2638890,81,58,27109
2026-09-22T16,1374490,82,-1,33149
2026-09-22T16,1085660,83,93,18968
2026-09-22T16,739630,84,88,14871
2026-09-22T16,3321460,85,76,24312
2026-09-22T16,3551340,86,80,40295
2026-09-22T16,2139460,87,82,24083
2026-09-22T16,2622380,88,96,30492
2026-09-22T16,2183900,89,75,15255
2026-09-22T16,2050650,90,105,15369
2026-09-22T16,2406770,91,60,8348
2026-09-22T16,960090,92,91,8896
2026-09-22T16,4162040,93,89,8397
2026-09-22T16,2073850,94,98,14129
2026-09-22T16,1144200,95,81,10068
2026-09-22T16,2379780,96,102,8505
2026-09-22T16,1158310,97,100,21191
2026-09-22T16,945360,98,99,9056
2026-09-22T16,2358720,99,92,23549
2026-09-22T16,3932890,100,101,32206
2026-09-22T21,730,1,1,1218401
2026-09-22T21,570,2,2,794330
2026-09-22T21,578080,3,3,754595
2026-09-22T21,431960,4,4,104150
2026-09-22T21,1867240,5,5,318255
2026-09-22T21,1172470,6,6,265692
2026-09-22T21,892970,7,7,222742
2026-09-22T21,271590,8,10,68284
2026-09-22T21,2676230,9,11,190548
2026-09-22T21,2868840,10,12,94284
2026-09-22T21,4126040,11,-1,143600
2026-09-22T21,2767030,12,9,101124
2026-09-22T21,2357570,13,8,73367
2026-09-22T21,359550,14,13,87872
2026-09-22T21,250900,15,14,76763
2026-09-22T21,236390,16,15,78185
2026-09-22T21,553850,17,17,46189
2026-09-22T21,381210,18,16,59969
2026-09-22T21,322170,19,19,50170
2026-09-22T21,1422450,20,23,71414
2026-09-22T21,3240220,21,21,76209
2026-09-22T21,1973530,22,29,53719
2026-09-22T21,105600,23,20,47033
2026-09-22T21,413150,24,24,74297
2026-09-22T21,2507950,25,25,120884
2026-09-22T21,252490,26,27,113924
2026-09-22T21,3405690,27,18,46556
2026-09-22T21,230410,28,26,63881
2026-09-22T21,2807960,29,28,39451
2026-09-22T21,1623730,30,22,78646
2026-09-22T21,440,31,32,73688
2026-09-22T21,108600,32,31,56315
2026-09-22T21,1086940,33,35,57121
2026-09-22T21,438100,34,33,53858
2026-09-22T21,550,35,34,33511
2026-09-22T21,227300,36,38,41143
2026-09-22T21,2246340,37,50,57452
2026-09-22T21,394360,38,46,48331
2026-09-22T21,1174180,39,37,37533
2026-09-22T21,1091500,40,40,36216
2026-09-22T21,4001890,41,30,31801
2026-09-22T21,3527290,42,41,28975
2026-09-22T21,275850,43,39,39947
2026-09-22T21,3678970,44,43,90698
2026-09-22T21,1203220,45,49,62156
2026-09-22T21,1245620,46,42,38898
2026-09-22T21,3241660,47,44,27067
2026-09-22T21,1938090,48,47,35093
2026-09-22T21,322330,49,45,45505
2026-09-22T21,252950,50,51,28437
2026-09-22T21,1449850,51,48,19947
2026-09-22T21,284160,52,52,24391
2026-09-22T21,2694490,53,36,53812
2026-09-22T21,1665460,54,55,21340
2026-09-22T21,4000,55,54,29492
2026-09-22T21,2344520,56,110,49572
2026-09-22T21,1364780,57,57,34421
2026-09-22T21,2483190,58,53,19120
2026-09-22T21,1222670,59,62,27948
2026-09-22T21,489830,60,59,29055
2026-09-22T21,1281930,61,56,31393
2026-09-22T21,3419430,62,61,170520
2026-09-22T21,3513350,63,64,13325
2026-09-22T21,2073620,64,79,40858
2026-09-22T21,289070,65,63,39319
2026-09-22T21,1905180,66,65,30738
2026-09-22T21,2300320,67,66,47365
2026-09-22T21,1142710,68,68,30043
2026-09-22T21,1808500,69,67,27564
2026-09-22T21,1366800,70,69,38213
2026-09-22T21,291550,71,73,12609
2026-09-22T21,221100,72,71,48444
2026-09-22T21,594650,73,70,29682
2026-09-22T21,244210,74,77,14064
2026-09-22T21,261550,75,74,33889
2026-09-22T21,251570,76,78,31107
2026-09-22T21,582010,77,87,32690
2026-09-22T21,294100,78,86,33397
2026-09-22T21,714010,79,85,7433
2026-09-22T21,813780,80,84,20874
2026-09-22T21,2638890,81,58,27109
2026-09-22T21,1374490,82,-1,33149
2026-09-22T21,1085660,83,93,18968
2026-09-22T21,739630,84,88,14871
2026-09-22T21,3321460,85,76,24312
2026-09-22T21,3551340,86,80,40295
2026-09-22T21,2139460,87,82,24083
2026-09-22T21,2622380,88,96,30492
2026-09-22T21,2183900,89,75,15255
2026-09-22T21,2050650,90,105,15369
2026-09-22T21,2406770,91,60,8348
2026-09-22T21,960090,92,91,8896
2026-09-22T21,4162040,93,89,8397
2026-09-22T21,2073850,94,98,14129
2026-09-22T21,1144200,95,81,10068
2026-09-22T21,2379780,96,102,8505
2026-09-22T21,1158310,97,100,21191
2026-09-22T21,945360,98,99,9056
2026-09-22T21,2358720,99,92,23549
2026-09-22T21,3932890,100,101,32206
2026-09-23T00,730,1,1,1218401
2026-09-23T00,570,2,2,794330
2026-09-23T00,578080,3,3,754595
2026-09-23T00,431960,4,4,104150
2026-09-23T00,1867240,5,5,320372
2026-09-23T00,1172470,6,6,265692
2026-09-23T00,892970,7,7,223013
2026-09-23T00,271590,8,10,68284
2026-09-23T00,2676230,9,11,190548
2026-09-23T00,2868840,10,12,94284
2026-09-23T00,4126040,11,-1,143600
2026-09-23T00,2767030,12,9,101124
2026-09-23T00,2357570,13,8,73367
2026-09-23T00,359550,14,13,87872
2026-09-23T00,250900,15,14,76763
2026-09-23T00,236390,16,15,78185
2026-09-23T00,553850,17,17,46189
2026-09-23T00,381210,18,16,59969
2026-09-23T00,322170,19,19,50170
2026-09-23T00,1422450,20,23,73095
2026-09-23T00,3240220,21,21,76209
2026-09-23T00,1973530,22,29,53719
2026-09-23T00,105600,23,20,47033
2026-09-23T00,413150,24,24,74297
2026-09-23T00,2507950,25,25,120884
2026-09-23T00,252490,26,27,113924
2026-09-23T00,3405690,27,18,46556
2026-09-23T00,230410,28,26,63881
2026-09-23T00,2807960,29,28,39876
2026-09-23T00,1623730,30,22,78646
2026-09-23T00,440,31,32,73688
2026-09-23T00,108600,32,31,56474
2026-09-23T00,1086940,33,35,58097
2026-09-23T00,438100,34,33,53858
2026-09-23T00,550,35,34,33511
2026-09-23T00,227300,36,38,41143
2026-09-23T00,2246340,37,50,57452
2026-09-23T00,394360,38,46,48331
2026-09-23T00,1174180,39,37,37533
2026-09-23T00,1091500,40,40,36216
2026-09-23T00,4001890,41,30,31801
2026-09-23T00,3527290,42,41,28975
2026-09-23T00,275850,43,39,40293
2026-09-23T00,3678970,44,43,90698
2026-09-23T00,1203220,45,49,62156
2026-09-23T00,1245620,46,42,38898
2026-09-23T00,3241660,47,44,27067
2026-09-23T00,1938090,48,47,35093
2026-09-23T00,322330,49,45,45505
2026-09-23T00,252950,50,51,29729
2026-09-23T00,1449850,51,48,19947
2026-09-23T00,284160,52,52,24391
2026-09-23T00,2694490,53,36,53812
2026-09-23T00,1665460,54,55,21340
2026-09-23T00,4000,55,54,29492
2026-09-23T00,2344520,56,110,49572
2026-09-23T00,1364780,57,57,34421
2026-09-23T00,2483190,58,53,19120
2026-09-23T00,1222670,59,62,27948
2026-09-23T00,489830,60,59,29218
2026-09-23T00,1281930,61,56,31393
2026-09-23T00,3419430,62,61,170520
2026-09-23T00,3513350,63,64,13325
2026-09-23T00,2073620,64,79,40858
2026-09-23T00,289070,65,63,39319
2026-09-23T00,1905180,66,65,30738
2026-09-23T00,2300320,67,66,47365
2026-09-23T00,1142710,68,68,30043
2026-09-23T00,1808500,69,67,27952
2026-09-23T00,1366800,70,69,38213
2026-09-23T00,291550,71,73,12947
2026-09-23T00,221100,72,71,48444
2026-09-23T00,594650,73,70,29682
2026-09-23T00,244210,74,77,14064
2026-09-23T00,261550,75,74,33889
2026-09-23T00,251570,76,78,31107
2026-09-23T00,582010,77,87,32690
2026-09-23T00,294100,78,86,33397
2026-09-23T00,714010,79,85,7433
2026-09-23T00,813780,80,84,21165
2026-09-23T00,2638890,81,58,27109
2026-09-23T00,1374490,82,-1,33149
2026-09-23T00,1085660,83,93,22347
2026-09-23T00,739630,84,88,15006
2026-09-23T00,3321460,85,76,24312
2026-09-23T00,3551340,86,80,41076
2026-09-23T00,2139460,87,82,24083
2026-09-23T00,2622380,88,96,30492
2026-09-23T00,2183900,89,75,15255
2026-09-23T00,2050650,90,105,15369
2026-09-23T00,2406770,91,60,8348
2026-09-23T00,960090,92,91,8896
2026-09-23T00,4162040,93,89,8397
2026-09-23T00,2073850,94,98,14566
2026-09-23T00,1144200,95,81,10068
2026-09-23T00,2379780,96,102,8716
2026-09-23T00,1158310,97,100,21219
2026-09-23T00,945360,98,99,9388
2026-09-23T00,2358720,99,92,23549
2026-09-23T00,3932890,100,101,32206
2026-09-23T07,730,1,1,1236411
2026-09-23T07,570,2,2,824642
2026-09-23T07,578080,3,3,747912
2026-09-23T07,431960,4,4,102894
2026-09-23T07,1867240,5,5,302873
2026-09-23T07,1172470,6,6,262884
2026-09-23T07,892970,7,7,213162
2026-09-23T07,271590,8,10,65423
2026-09-23T07,4126040,9,-1,135227
2026-09-23T07,2676230,10,11,187753
2026-09-23T07,2868840,11,12,95274
2026-09-23T07,553850,12,17,92344
2026-09-23T07,2767030,13,8,93014
2026-09-23T07,2357570,14,9,69982
2026-09-23T07,359550,15,14,80046
2026-09-23T07,250900,16,13,76678
2026-09-23T07,236390,17,15,76218
2026-09-23T07,381210,18,16,61530
2026-09-23T07,322170,19,18,47465
2026-09-23T07,1422450,20,22,72432
2026-09-23T07,1973530,21,26,44621
2026-09-23T07,3240220,22,21,73498
2026-09-23T07,105600,23,20,45514
2026-09-23T07,413150,24,24,74198
2026-09-23T07,2507950,25,25,120942
2026-09-23T07,252490,26,28,103118
2026-09-23T07,3405690,27,19,46672
2026-09-23T07,230410,28,27,61510
2026-09-23T07,2807960,29,29,38395
2026-09-23T07,1623730,30,23,75230
2026-09-23T07,440,31,32,71144
2026-09-23T07,108600,32,30,54701
2026-09-23T07,1086940,33,34,55983
2026-09-23T07,438100,34,33,53828
2026-09-23T07,227300,35,38,41025
2026-09-23T07,550,36,35,28229
2026-09-23T07,2246340,37,50,56374
2026-09-23T07,394360,38,44,48285
2026-09-23T07,1203220,39,47,62338
2026-09-23T07,1174180,40,36,36850
2026-09-23T07,1091500,41,40,35601
2026-09-23T07,322330,42,45,45778
2026-09-23T07,252950,43,51,29168
2026-09-23T07,3678970,44,39,90751
2026-09-23T07,1245620,45,42,38282
2026-09-23T07,1938090,46,49,33376
2026-09-23T07,4001890,47,31,29542
2026-09-23T07,1449850,48,46,19816
2026-09-23T07,3527290,49,43,26719
2026-09-23T07,275850,50,41,37995
2026-09-23T07,3241660,51,48,26859
2026-09-23T07,1665460,52,53,20659
2026-09-23T07,284160,53,52,23513
2026-09-23T07,2694490,54,37,51441
2026-09-23T07,1364780,55,57,33760
2026-09-23T07,4000,56,55,28476
2026-09-23T07,2344520,57,79,47039
2026-09-23T07,2483190,58,54,18674
2026-09-23T07,1281930,59,58,31905
2026-09-23T07,489830,60,59,28826
2026-09-23T07,3419430,61,56,169812
2026-09-23T07,3513350,62,63,12386
2026-09-23T07,1222670,63,62,25980
2026-09-23T07,2073620,64,74,40190
2026-09-23T07,1085660,65,91,24540
2026-09-23T07,289070,66,61,38561
2026-09-23T07,1905180,67,64,30787
2026-09-23T07,1808500,68,65,26287
2026-09-23T07,2300320,69,69,45840
2026-09-23T07,1142710,70,66,28601
2026-09-23T07,1366800,71,67,36548
2026-09-23T07,291550,72,73,12855
2026-09-23T07,221100,73,71,47645
2026-09-23T07,594650,74,70,30949
2026-09-23T07,244210,75,75,14373
2026-09-23T07,261550,76,72,33322
2026-09-23T07,813780,77,85,25918
2026-09-23T07,714010,78,83,8208
2026-09-23T07,582010,79,87,32445
2026-09-23T07,251570,80,77,30465
2026-09-23T07,294100,81,86,32728
2026-09-23T07,1374490,82,125,30272
2026-09-23T07,2638890,83,60,24797
2026-09-23T07,3321460,84,78,23229
2026-09-23T07,3551340,85,81,40074
2026-09-23T07,2139460,86,82,24149
2026-09-23T07,2622380,87,93,30608
2026-09-23T07,2183900,88,80,14459
2026-09-23T07,739630,89,92,12968
2026-09-23T07,2050650,90,101,15259
2026-09-23T07,960090,91,90,8600
2026-09-23T07,4162040,92,88,7716
2026-09-23T07,2379780,93,96,8482
2026-09-23T07,2073850,94,94,13858
2026-09-23T07,2358720,95,89,23161
2026-09-23T07,1158310,96,98,20572
2026-09-23T07,2406770,97,68,7300
2026-09-23T07,1329410,98,110,12528
2026-09-23T07,1144200,99,84,9028
2026-09-23T07,3932890,100,97,32012
2026-09-23T13,730,1,1,1236411
2026-09-23T13,570,2,2,824642
2026-09-23T13,578080,3,3,747912
2026-09-23T13,431960,4,4,102894
2026-09-23T13,1867240,5,5,302873
2026-09-23T13,1172470,6,6,262884
2026-09-23T13,892970,7,7,213162
2026-09-23T13,271590,8,10,65423
2026-09-23T13,4126040,9,-1,135227
2026-09-23T13,2676230,10,11,187753
2026-09-23T13,2868840,11,12,95274
2026-09-23T13,553850,12,17,92344
2026-09-23T13,2767030,13,8,93014
2026-09-23T13,2357570,14,9,69982
2026-09-23T13,359550,15,14,80046
2026-09-23T13,250900,16,13,76678
2026-09-23T13,236390,17,15,76218
2026-09-23T13,381210,18,16,61530
2026-09-23T13,322170,19,18,47465
2026-09-23T13,1422450,20,22,72432
2026-09-23T13,1973530,21,26,44621
2026-09-23T13,3240220,22,21,73498
2026-09-23T13,105600,23,20,45514
2026-09-23T13,413150,24,24,74198
2026-09-23T13,2507950,25,25,120942
2026-09-23T13,252490,26,28,103118
2026-09-23T13,3405690,27,19,46672
2026-09-23T13,230410,28,27,61510
2026-09-23T13,2807960,29,29,38395
2026-09-23T13,1623730,30,23,75230
2026-09-23T13,440,31,32,71144
2026-09-23T13,108600,32,30,54701
2026-09-23T13,1086940,33,34,55983
2026-09-23T13,438100,34,33,53828
2026-09-23T13,227300,35,38,41025
2026-09-23T13,550,36,35,28229
2026-09-23T13,2246340,37,50,56374
2026-09-23T13,394360,38,44,48285
2026-09-23T13,1203220,39,47,62338
2026-09-23T13,1174180,40,36,36850
2026-09-23T13,1091500,41,40,35601
2026-09-23T13,322330,42,45,45778
2026-09-23T13,252950,43,51,29168
2026-09-23T13,3678970,44,39,90751
2026-09-23T13,1245620,45,42,38282
2026-09-23T13,1938090,46,49,33376
2026-09-23T13,4001890,47,31,29542
2026-09-23T13,1449850,48,46,19816
2026-09-23T13,3527290,49,43,26719
2026-09-23T13,275850,50,41,37995
2026-09-23T13,3241660,51,48,26859
2026-09-23T13,1665460,52,53,20659
2026-09-23T13,284160,53,52,23513
2026-09-23T13,2694490,54,37,51441
2026-09-23T13,1364780,55,57,33760
2026-09-23T13,4000,56,55,28476
2026-09-23T13,2344520,57,79,47039
2026-09-23T13,2483190,58,54,18674
2026-09-23T13,1281930,59,58,31905
2026-09-23T13,489830,60,59,28826
2026-09-23T13,3419430,61,56,169812
2026-09-23T13,3513350,62,63,12386
2026-09-23T13,1222670,63,62,25980
2026-09-23T13,2073620,64,74,40190
2026-09-23T13,1085660,65,91,24540
2026-09-23T13,289070,66,61,38561
2026-09-23T13,1905180,67,64,30787
2026-09-23T13,1808500,68,65,26287
2026-09-23T13,2300320,69,69,45840
2026-09-23T13,1142710,70,66,28601
2026-09-23T13,1366800,71,67,36548
2026-09-23T13,291550,72,73,12855
2026-09-23T13,221100,73,71,47645
2026-09-23T13,594650,74,70,30949
2026-09-23T13,244210,75,75,14373
2026-09-23T13,261550,76,72,33322
2026-09-23T13,813780,77,85,25918
2026-09-23T13,714010,78,83,8208
2026-09-23T13,582010,79,87,32445
2026-09-23T13,251570,80,77,30465
2026-09-23T13,294100,81,86,32728
2026-09-23T13,1374490,82,125,30272
2026-09-23T13,2638890,83,60,24797
2026-09-23T13,3321460,84,78,23229
2026-09-23T13,3551340,85,81,40074
2026-09-23T13,2139460,86,82,24149
2026-09-23T13,2622380,87,93,30608
2026-09-23T13,2183900,88,80,14459
2026-09-23T13,739630,89,92,12968
2026-09-23T13,2050650,90,101,15259
2026-09-23T13,960090,91,90,8600
2026-09-23T13,4162040,92,88,7716
2026-09-23T13,2379780,93,96,8482
2026-09-23T13,2073850,94,94,13858
2026-09-23T13,2358720,95,89,23161
2026-09-23T13,1158310,96,98,20572
2026-09-23T13,2406770,97,68,7300
2026-09-23T13,1329410,98,110,12528
2026-09-23T13,1144200,99,84,9028
2026-09-23T13,3932890,100,97,32012
2026-09-23T18,730,1,1,1236411
2026-09-23T18,570,2,2,824642
2026-09-23T18,578080,3,3,747912
2026-09-23T18,431960,4,4,102894
2026-09-23T18,1867240,5,5,302873
2026-09-23T18,1172470,6,6,262884
2026-09-23T18,892970,7,7,213162
2026-09-23T18,271590,8,10,65423
2026-09-23T18,4126040,9,-1,135227
2026-09-23T18,2676230,10,11,187753
2026-09-23T18,2868840,11,12,95274
2026-09-23T18,553850,12,17,92344
2026-09-23T18,2767030,13,8,93014
2026-09-23T18,2357570,14,9,69982
2026-09-23T18,359550,15,14,80046
2026-09-23T18,250900,16,13,76678
2026-09-23T18,236390,17,15,76218
2026-09-23T18,381210,18,16,61530
2026-09-23T18,322170,19,18,47465
2026-09-23T18,1422450,20,22,72432
2026-09-23T18,1973530,21,26,44621
2026-09-23T18,3240220,22,21,73498
2026-09-23T18,105600,23,20,45514
2026-09-23T18,413150,24,24,74198
2026-09-23T18,2507950,25,25,120942
2026-09-23T18,252490,26,28,103118
2026-09-23T18,3405690,27,19,46672
2026-09-23T18,230410,28,27,61510
2026-09-23T18,2807960,29,29,38395
2026-09-23T18,1623730,30,23,75230
2026-09-23T18,440,31,32,71144
2026-09-23T18,108600,32,30,54701
2026-09-23T18,1086940,33,34,55983
2026-09-23T18,438100,34,33,53828
2026-09-23T18,227300,35,38,41025
2026-09-23T18,550,36,35,28229
2026-09-23T18,2246340,37,50,56374
2026-09-23T18,394360,38,44,48285
2026-09-23T18,1203220,39,47,62338
2026-09-23T18,1174180,40,36,36850
2026-09-23T18,1091500,41,40,35601
2026-09-23T18,322330,42,45,45778
2026-09-23T18,252950,43,51,29168
2026-09-23T18,3678970,44,39,90751
2026-09-23T18,1245620,45,42,38282
2026-09-23T18,1938090,46,49,33376
2026-09-23T18,4001890,47,31,29542
2026-09-23T18,1449850,48,46,19816
2026-09-23T18,3527290,49,43,26719
2026-09-23T18,275850,50,41,37995
2026-09-23T18,3241660,51,48,26859
2026-09-23T18,1665460,52,53,20659
2026-09-23T18,284160,53,52,23513
2026-09-23T18,2694490,54,37,51441
2026-09-23T18,1364780,55,57,33760
2026-09-23T18,4000,56,55,28476
2026-09-23T18,2344520,57,79,47039
2026-09-23T18,2483190,58,54,18674
2026-09-23T18,1281930,59,58,31905
2026-09-23T18,489830,60,59,28826
2026-09-23T18,3419430,61,56,169812
2026-09-23T18,3513350,62,63,12386
2026-09-23T18,1222670,63,62,25980
2026-09-23T18,2073620,64,74,40190
2026-09-23T18,1085660,65,91,24540
2026-09-23T18,289070,66,61,38561
2026-09-23T18,1905180,67,64,30787
2026-09-23T18,1808500,68,65,26287
2026-09-23T18,2300320,69,69,45840
2026-09-23T18,1142710,70,66,28601
2026-09-23T18,1366800,71,67,36548
2026-09-23T18,291550,72,73,12855
2026-09-23T18,221100,73,71,47645
2026-09-23T18,594650,74,70,30949
2026-09-23T18,244210,75,75,14373
2026-09-23T18,261550,76,72,33322
2026-09-23T18,813780,77,85,25918
2026-09-23T18,714010,78,83,8208
2026-09-23T18,582010,79,87,32445
2026-09-23T18,251570,80,77,30465
2026-09-23T18,294100,81,86,32728
2026-09-23T18,1374490,82,125,30272
2026-09-23T18,2638890,83,60,24797
2026-09-23T18,3321460,84,78,23229
2026-09-23T18,3551340,85,81,40074
2026-09-23T18,2139460,86,82,24149
2026-09-23T18,2622380,87,93,30608
2026-09-23T18,2183900,88,80,14459
2026-09-23T18,739630,89,92,12968
2026-09-23T18,2050650,90,101,15259
2026-09-23T18,960090,91,90,8600
2026-09-23T18,4162040,92,88,7716
2026-09-23T18,2379780,93,96,8482
2026-09-23T18,2073850,94,94,13858
2026-09-23T18,2358720,95,89,23161
2026-09-23T18,1158310,96,98,20572
2026-09-23T18,2406770,97,68,7300
2026-09-23T18,1329410,98,110,12528
2026-09-23T18,1144200,99,84,9028
2026-09-23T18,3932890,100,97,32012
2026-09-23T22,730,1,1,1236411
2026-09-23T22,570,2,2,824642
2026-09-23T22,578080,3,3,747912
2026-09-23T22,431960,4,4,102894
2026-09-23T22,1867240,5,5,302873
2026-09-23T22,1172470,6,6,262884
2026-09-23T22,892970,7,7,213162
2026-09-23T22,271590,8,10,65423
2026-09-23T22,4126040,9,-1,135227
2026-09-23T22,2676230,10,11,187753
2026-09-23T22,2868840,11,12,95274
2026-09-23T22,553850,12,17,92344
2026-09-23T22,2767030,13,8,93014
2026-09-23T22,2357570,14,9,69982
2026-09-23T22,359550,15,14,80046
2026-09-23T22,250900,16,13,76678
2026-09-23T22,236390,17,15,76218
2026-09-23T22,381210,18,16,61530
2026-09-23T22,322170,19,18,47465
2026-09-23T22,1422450,20,22,72432
2026-09-23T22,1973530,21,26,44621
2026-09-23T22,3240220,22,21,73498
2026-09-23T22,105600,23,20,45514
2026-09-23T22,413150,24,24,74198
2026-09-23T22,2507950,25,25,120942
2026-09-23T22,252490,26,28,103118
2026-09-23T22,3405690,27,19,46672
2026-09-23T22,230410,28,27,61510
2026-09-23T22,2807960,29,29,38395
2026-09-23T22,1623730,30,23,75230
2026-09-23T22,440,31,32,71144
2026-09-23T22,108600,32,30,54701
2026-09-23T22,1086940,33,34,55983
2026-09-23T22,438100,34,33,53828
2026-09-23T22,227300,35,38,41025
2026-09-23T22,550,36,35,28229
2026-09-23T22,2246340,37,50,56374
2026-09-23T22,394360,38,44,48285
2026-09-23T22,1203220,39,47,62338
2026-09-23T22,1174180,40,36,36850
2026-09-23T22,1091500,41,40,35601
2026-09-23T22,322330,42,45,45778
2026-09-23T22,252950,43,51,29168
2026-09-23T22,3678970,44,39,90751
2026-09-23T22,1245620,45,42,38282
2026-09-23T22,1938090,46,49,33376
2026-09-23T22,4001890,47,31,29542
2026-09-23T22,1449850,48,46,19816
2026-09-23T22,3527290,49,43,26719
2026-09-23T22,275850,50,41,37995
2026-09-23T22,3241660,51,48,26859
2026-09-23T22,1665460,52,53,20659
2026-09-23T22,284160,53,52,23513
2026-09-23T22,2694490,54,37,51441
2026-09-23T22,1364780,55,57,33760
2026-09-23T22,4000,56,55,28476
2026-09-23T22,2344520,57,79,47039
2026-09-23T22,2483190,58,54,18674
2026-09-23T22,1281930,59,58,31905
2026-09-23T22,489830,60,59,28826
2026-09-23T22,3419430,61,56,169812
2026-09-23T22,3513350,62,63,12386
2026-09-23T22,1222670,63,62,25980
2026-09-23T22,2073620,64,74,40190
2026-09-23T22,1085660,65,91,24540
2026-09-23T22,289070,66,61,38561
2026-09-23T22,1905180,67,64,30787
2026-09-23T22,1808500,68,65,26287
2026-09-23T22,2300320,69,69,45840
2026-09-23T22,1142710,70,66,28601
2026-09-23T22,1366800,71,67,36548
2026-09-23T22,291550,72,73,12855
2026-09-23T22,221100,73,71,47645
2026-09-23T22,594650,74,70,30949
2026-09-23T22,244210,75,75,14373
2026-09-23T22,261550,76,72,33322
2026-09-23T22,813780,77,85,25918
2026-09-23T22,714010,78,83,8208
2026-09-23T22,582010,79,87,32445
2026-09-23T22,251570,80,77,30465
2026-09-23T22,294100,81,86,32728
2026-09-23T22,1374490,82,125,30272
2026-09-23T22,2638890,83,60,24797
2026-09-23T22,3321460,84,78,23229
2026-09-23T22,3551340,85,81,40074
2026-09-23T22,2139460,86,82,24149
2026-09-23T22,2622380,87,93,30608
2026-09-23T22,2183900,88,80,14459
2026-09-23T22,739630,89,92,12968
2026-09-23T22,2050650,90,101,15259
2026-09-23T22,960090,91,90,8600
2026-09-23T22,4162040,92,88,7716
2026-09-23T22,2379780,93,96,8482
2026-09-23T22,2073850,94,94,13858
2026-09-23T22,2358720,95,89,23161
2026-09-23T22,1158310,96,98,20572
2026-09-23T22,2406770,97,68,7300
2026-09-23T22,1329410,98,110,12528
2026-09-23T22,1144200,99,84,9028
2026-09-23T22,3932890,100,97,32012
2026-09-24T04,730,1,1,1452036
2026-09-24T04,570,2,2,805725
2026-09-24T04,578080,3,3,731479
2026-09-24T04,431960,4,4,100766
2026-09-24T04,1867240,5,5,284112
2026-09-24T04,1172470,6,6,254139
2026-09-24T04,892970,7,7,199097
2026-09-24T04,271590,8,10,63620
2026-09-24T04,4126040,9,8,145080
2026-09-24T04,2676230,10,12,182293
2026-09-24T04,553850,11,18,70123
2026-09-24T04,2868840,12,13,89279
2026-09-24T04,2767030,13,9,91844
2026-09-24T04,359550,14,14,80197
2026-09-24T04,2357570,15,11,67532
2026-09-24T04,250900,16,15,73415
2026-09-24T04,236390,17,16,74235
2026-09-24T04,230410,18,30,108836
2026-09-24T04,381210,19,17,55910
2026-09-24T04,322170,20,19,47543
2026-09-24T04,1422450,21,21,69585
2026-09-24T04,1973530,22,23,43489
2026-09-24T04,3240220,23,24,68612
2026-09-24T04,2507950,24,26,114606
2026-09-24T04,105600,25,22,42706
2026-09-24T04,413150,26,27,68614
2026-09-24T04,252490,27,29,98597
2026-09-24T04,3405690,28,20,44702
2026-09-24T04,2807960,29,28,35683
2026-09-24T04,1623730,30,25,69035
2026-09-24T04,440,31,32,66889
2026-09-24T04,108600,32,31,53015
2026-09-24T04,438100,33,34,52477
2026-09-24T04,1086940,34,35,53638
2026-09-24T04,550,35,36,29297
2026-09-24T04,227300,36,38,40199
2026-09-24T04,2246340,37,46,52507
2026-09-24T04,394360,38,44,47390
2026-09-24T04,252950,39,52,33981
2026-09-24T04,1174180,40,39,34874
2026-09-24T04,1203220,41,48,58423
2026-09-24T04,1091500,42,40,33794
2026-09-24T04,1938090,43,51,32124
2026-09-24T04,3678970,44,37,88743
2026-09-24T04,1245620,45,43,35867
2026-09-24T04,1449850,46,47,18128
2026-09-24T04,322330,47,45,40711
2026-09-24T04,3527290,48,49,24924
2026-09-24T04,3241660,49,50,22687
2026-09-24T04,275850,50,41,34275
2026-09-24T04,1665460,51,56,19790
2026-09-24T04,4358690,52,-1,54969
2026-09-24T04,284160,53,54,23124
2026-09-24T04,4001890,54,33,24614
2026-09-24T04,2694490,55,42,47827
2026-09-24T04,2483190,56,53,19349
2026-09-24T04,1364780,57,58,32568
2026-09-24T04,4000,58,55,27963
2026-09-24T04,2344520,59,57,43728
2026-09-24T04,489830,60,61,27696
2026-09-24T04,1085660,61,93,26683
2026-09-24T04,2073620,62,67,38226
2026-09-24T04,1281930,63,60,28304
2026-09-24T04,1905180,64,64,29143
2026-09-24T04,3513350,65,65,11094
2026-09-24T04,3419430,66,59,166808
2026-09-24T04,1222670,67,63,26130
2026-09-24T04,289070,68,62,37295
2026-09-24T04,1808500,69,71,26888
2026-09-24T04,2300320,70,70,44347
2026-09-24T04,1142710,71,69,27340
2026-09-24T04,1366800,72,66,36416
2026-09-24T04,813780,73,84,24934
2026-09-24T04,291550,74,72,13316
2026-09-24T04,221100,75,76,45463
2026-09-24T04,244210,76,77,14085
2026-09-24T04,594650,77,73,28835
2026-09-24T04,261550,78,75,31977
2026-09-24T04,251570,79,79,28434
2026-09-24T04,294100,80,86,31606
2026-09-24T04,582010,81,87,29934
2026-09-24T04,714010,82,82,6878
2026-09-24T04,1374490,83,90,29331
2026-09-24T04,3551340,84,81,38897
2026-09-24T04,2183900,85,78,15253
2026-09-24T04,3321460,86,80,21921
2026-09-24T04,2638890,87,68,22226
2026-09-24T04,2139460,88,88,22599
2026-09-24T04,2622380,89,94,28555
2026-09-24T04,960090,90,91,8393
2026-09-24T04,4162040,91,89,7293
2026-09-24T04,2379780,92,97,8343
2026-09-24T04,2073850,93,96,13582
2026-09-24T04,2050650,94,101,13992
2026-09-24T04,1329410,95,109,13316
2026-09-24T04,739630,96,95,11934
2026-09-24T04,1158310,97,98,20264
2026-09-24T04,3932890,98,99,30598
2026-09-24T04,2358720,99,92,21317
2026-09-24T04,1144200,100,85,8369
2026-09-24T11,730,1,1,1452036
2026-09-24T11,570,2,2,805725
2026-09-24T11,578080,3,3,731479
2026-09-24T11,431960,4,4,100766
2026-09-24T11,1867240,5,5,284112
2026-09-24T11,1172470,6,6,254139
2026-09-24T11,892970,7,7,199097
2026-09-24T11,271590,8,10,63620
2026-09-24T11,4126040,9,8,145080
2026-09-24T11,2676230,10,12,182293
2026-09-24T11,553850,11,18,70123
2026-09-24T11,2868840,12,13,89279
2026-09-24T11,2767030,13,9,91844
2026-09-24T11,359550,14,14,80197
2026-09-24T11,2357570,15,11,67532
2026-09-24T11,250900,16,15,73415
2026-09-24T11,236390,17,16,74235
2026-09-24T11,230410,18,30,108836
2026-09-24T11,381210,19,17,55910
2026-09-24T11,322170,20,19,47543
2026-09-24T11,1422450,21,21,69585
2026-09-24T11,1973530,22,23,43489
2026-09-24T11,3240220,23,24,68612
2026-09-24T11,2507950,24,26,114606
2026-09-24T11,105600,25,22,42706
2026-09-24T11,413150,26,27,68614
2026-09-24T11,252490,27,29,98597
2026-09-24T11,3405690,28,20,44702
2026-09-24T11,2807960,29,28,35683
2026-09-24T11,1623730,30,25,69035
2026-09-24T11,440,31,32,66889
2026-09-24T11,108600,32,31,53015
2026-09-24T11,438100,33,34,52477
2026-09-24T11,1086940,34,35,53638
2026-09-24T11,550,35,36,29297
2026-09-24T11,227300,36,38,40199
2026-09-24T11,2246340,37,46,52507
2026-09-24T11,394360,38,44,47390
2026-09-24T11,252950,39,52,33981
2026-09-24T11,1174180,40,39,34874
2026-09-24T11,1203220,41,48,58423
2026-09-24T11,1091500,42,40,33794
2026-09-24T11,1938090,43,51,32124
2026-09-24T11,3678970,44,37,88743
2026-09-24T11,1245620,45,43,35867
2026-09-24T11,1449850,46,47,18128
2026-09-24T11,322330,47,45,40711
2026-09-24T11,3527290,48,49,24924
2026-09-24T11,3241660,49,50,22687
2026-09-24T11,275850,50,41,34275
2026-09-24T11,1665460,51,56,19790
2026-09-24T11,4358690,52,-1,54969
2026-09-24T11,284160,53,54,23124
2026-09-24T11,4001890,54,33,24614
2026-09-24T11,2694490,55,42,47827
2026-09-24T11,2483190,56,53,19349
2026-09-24T11,1364780,57,58,32568
2026-09-24T11,4000,58,55,27963
2026-09-24T11,2344520,59,57,43728
2026-09-24T11,489830,60,61,27696
2026-09-24T11,1085660,61,93,26683
2026-09-24T11,2073620,62,67,38226
2026-09-24T11,1281930,63,60,28304
2026-09-24T11,1905180,64,64,29143
2026-09-24T11,3513350,65,65,11094
2026-09-24T11,3419430,66,59,166808
2026-09-24T11,1222670,67,63,26130
2026-09-24T11,289070,68,62,37295
2026-09-24T11,1808500,69,71,26888
2026-09-24T11,2300320,70,70,44347
2026-09-24T11,1142710,71,69,27340
2026-09-24T11,1366800,72,66,36416
2026-09-24T11,813780,73,84,24934
2026-09-24T11,291550,74,72,13316
2026-09-24T11,221100,75,76,45463
2026-09-24T11,244210,76,77,14085
2026-09-24T11,594650,77,73,28835
2026-09-24T11,261550,78,75,31977
2026-09-24T11,251570,79,79,28434
2026-09-24T11,294100,80,86,31606
2026-09-24T11,582010,81,87,29934
2026-09-24T11,714010,82,82,6878
2026-09-24T11,1374490,83,90,29331
2026-09-24T11,3551340,84,81,38897
2026-09-24T11,2183900,85,78,15253
2026-09-24T11,3321460,86,80,21921
2026-09-24T11,2638890,87,68,22226
2026-09-24T11,2139460,88,88,22599
2026-09-24T11,2622380,89,94,28555
2026-09-24T11,960090,90,91,8393
2026-09-24T11,4162040,91,89,7293
2026-09-24T11,2379780,92,97,8343
2026-09-24T11,2073850,93,96,13582
2026-09-24T11,2050650,94,101,13992
2026-09-24T11,1329410,95,109,13316
2026-09-24T11,739630,96,95,11934
2026-09-24T11,1158310,97,98,20264
2026-09-24T11,3932890,98,99,30598
2026-09-24T11,2358720,99,92,21317
2026-09-24T11,1144200,100,85,8369
2026-09-24T17,730,1,1,1452036
2026-09-24T17,570,2,2,805725
2026-09-24T17,578080,3,3,731479
2026-09-24T17,431960,4,4,100766
2026-09-24T17,1867240,5,5,284112
2026-09-24T17,1172470,6,6,254139
2026-09-24T17,892970,7,7,199097
2026-09-24T17,271590,8,10,63620
2026-09-24T17,4126040,9,8,145080
2026-09-24T17,2676230,10,12,182293
2026-09-24T17,553850,11,18,70123
2026-09-24T17,2868840,12,13,89279
2026-09-24T17,2767030,13,9,91844
2026-09-24T17,359550,14,14,80197
2026-09-24T17,2357570,15,11,67532
2026-09-24T17,250900,16,15,73415
2026-09-24T17,236390,17,16,74235
2026-09-24T17,230410,18,30,108836
2026-09-24T17,381210,19,17,55910
2026-09-24T17,322170,20,19,47543
2026-09-24T17,1422450,21,21,69585
2026-09-24T17,1973530,22,23,43489
2026-09-24T17,3240220,23,24,68612
2026-09-24T17,2507950,24,26,114606
2026-09-24T17,105600,25,22,42706
2026-09-24T17,413150,26,27,68614
2026-09-24T17,252490,27,29,98597
2026-09-24T17,3405690,28,20,44702
2026-09-24T17,2807960,29,28,35683
2026-09-24T17,1623730,30,25,69035
2026-09-24T17,440,31,32,66889
2026-09-24T17,108600,32,31,53015
2026-09-24T17,438100,33,34,52477
2026-09-24T17,1086940,34,35,53638
2026-09-24T17,550,35,36,29297
2026-09-24T17,227300,36,38,40199
2026-09-24T17,2246340,37,46,52507
2026-09-24T17,394360,38,44,47390
2026-09-24T17,252950,39,52,33981
2026-09-24T17,1174180,40,39,34874
2026-09-24T17,1203220,41,48,58423
2026-09-24T17,1091500,42,40,33794
2026-09-24T17,1938090,43,51,32124
2026-09-24T17,3678970,44,37,88743
2026-09-24T17,1245620,45,43,35867
2026-09-24T17,1449850,46,47,18128
2026-09-24T17,322330,47,45,40711
2026-09-24T17,3527290,48,49,24924
2026-09-24T17,3241660,49,50,22687
2026-09-24T17,275850,50,41,34275
2026-09-24T17,1665460,51,56,19790
2026-09-24T17,4358690,52,-1,54969
2026-09-24T17,284160,53,54,23124
2026-09-24T17,4001890,54,33,24614
2026-09-24T17,2694490,55,42,47827
2026-09-24T17,2483190,56,53,19349
2026-09-24T17,1364780,57,58,32568
2026-09-24T17,4000,58,55,27963
2026-09-24T17,2344520,59,57,43728
2026-09-24T17,489830,60,61,27696
2026-09-24T17,1085660,61,93,26683
2026-09-24T17,2073620,62,67,38226
2026-09-24T17,1281930,63,60,28304
2026-09-24T17,1905180,64,64,29143
2026-09-24T17,3513350,65,65,11094
2026-09-24T17,3419430,66,59,166808
2026-09-24T17,1222670,67,63,26130
2026-09-24T17,289070,68,62,37295
2026-09-24T17,1808500,69,71,26888
2026-09-24T17,2300320,70,70,44347
2026-09-24T17,1142710,71,69,27340
2026-09-24T17,1366800,72,66,36416
2026-09-24T17,813780,73,84,24934
2026-09-24T17,291550,74,72,13316
2026-09-24T17,221100,75,76,45463
2026-09-24T17,244210,76,77,14085
2026-09-24T17,594650,77,73,28835
2026-09-24T17,261550,78,75,31977
2026-09-24T17,251570,79,79,28434
2026-09-24T17,294100,80,86,31606
2026-09-24T17,582010,81,87,29934
2026-09-24T17,714010,82,82,6878
2026-09-24T17,1374490,83,90,29331
2026-09-24T17,3551340,84,81,38897
2026-09-24T17,2183900,85,78,15253
2026-09-24T17,3321460,86,80,21921
2026-09-24T17,2638890,87,68,22226
2026-09-24T17,2139460,88,88,22599
2026-09-24T17,2622380,89,94,28555
2026-09-24T17,960090,90,91,8393
2026-09-24T17,4162040,91,89,7293
2026-09-24T17,2379780,92,97,8343
2026-09-24T17,2073850,93,96,13582
2026-09-24T17,2050650,94,101,13992
2026-09-24T17,1329410,95,109,13316
2026-09-24T17,739630,96,95,11934
2026-09-24T17,1158310,97,98,20264
2026-09-24T17,3932890,98,99,30598
2026-09-24T17,2358720,99,92,21317
2026-09-24T17,1144200,100,85,8369
2026-09-24T21,730,1,1,1452036
2026-09-24T21,570,2,2,805725
2026-09-24T21,578080,3,3,731479
2026-09-24T21,431960,4,4,100766
2026-09-24T21,1867240,5,5,284112
2026-09-24T21,1172470,6,6,254139
2026-09-24T21,892970,7,7,199097
2026-09-24T21,271590,8,10,63620
2026-09-24T21,4126040,9,8,145080
2026-09-24T21,2676230,10,12,182293
2026-09-24T21,553850,11,18,70123
2026-09-24T21,2868840,12,13,89279
2026-09-24T21,2767030,13,9,91844
2026-09-24T21,359550,14,14,80197
2026-09-24T21,2357570,15,11,67532
2026-09-24T21,250900,16,15,73415
2026-09-24T21,236390,17,16,74235
2026-09-24T21,230410,18,30,108836
2026-09-24T21,381210,19,17,55910
2026-09-24T21,322170,20,19,47543
2026-09-24T21,1422450,21,21,69585
2026-09-24T21,1973530,22,23,43489
2026-09-24T21,3240220,23,24,68612
2026-09-24T21,2507950,24,26,114606
2026-09-24T21,105600,25,22,42706
2026-09-24T21,413150,26,27,68614
2026-09-24T21,252490,27,29,98597
2026-09-24T21,3405690,28,20,44702
2026-09-24T21,2807960,29,28,35683
2026-09-24T21,1623730,30,25,69035
2026-09-24T21,440,31,32,66889
2026-09-24T21,108600,32,31,53015
2026-09-24T21,438100,33,34,52477
2026-09-24T21,1086940,34,35,53638
2026-09-24T21,550,35,36,29297
2026-09-24T21,227300,36,38,40199
2026-09-24T21,2246340,37,46,52507
2026-09-24T21,394360,38,44,47390
2026-09-24T21,252950,39,52,33981
2026-09-24T21,1174180,40,39,34874
2026-09-24T21,1203220,41,48,58423
2026-09-24T21,1091500,42,40,33794
2026-09-24T21,1938090,43,51,32124
2026-09-24T21,3678970,44,37,88743
2026-09-24T21,1245620,45,43,35867
2026-09-24T21,1449850,46,47,18128
2026-09-24T21,322330,47,45,40711
2026-09-24T21,3527290,48,49,24924
2026-09-24T21,3241660,49,50,22687
2026-09-24T21,275850,50,41,34275
2026-09-24T21,1665460,51,56,19790
2026-09-24T21,4358690,52,-1,54969
2026-09-24T21,284160,53,54,23124
2026-09-24T21,4001890,54,33,24614
2026-09-24T21,2694490,55,42,47827
2026-09-24T21,2483190,56,53,19349
2026-09-24T21,1364780,57,58,32568
2026-09-24T21,4000,58,55,27963
2026-09-24T21,2344520,59,57,43728
2026-09-24T21,489830,60,61,27696
2026-09-24T21,1085660,61,93,26683
2026-09-24T21,2073620,62,67,38226
2026-09-24T21,1281930,63,60,28304
2026-09-24T21,1905180,64,64,29143
2026-09-24T21,3513350,65,65,11094
2026-09-24T21,3419430,66,59,166808
2026-09-24T21,1222670,67,63,26130
2026-09-24T21,289070,68,62,37295
2026-09-24T21,1808500,69,71,26888
2026-09-24T21,2300320,70,70,44347
2026-09-24T21,1142710,71,69,27340
2026-09-24T21,1366800,72,66,36416
2026-09-24T21,813780,73,84,24934
2026-09-24T21,291550,74,72,13316
2026-09-24T21,221100,75,76,45463
2026-09-24T21,244210,76,77,14085
2026-09-24T21,594650,77,73,28835
2026-09-24T21,261550,78,75,31977
2026-09-24T21,251570,79,79,28434
2026-09-24T21,294100,80,86,31606
2026-09-24T21,582010,81,87,29934
2026-09-24T21,714010,82,82,6878
2026-09-24T21,1374490,83,90,29331
2026-09-24T21,3551340,84,81,38897
2026-09-24T21,2183900,85,78,15253
2026-09-24T21,3321460,86,80,21921
2026-09-24T21,2638890,87,68,22226
2026-09-24T21,2139460,88,88,22599
2026-09-24T21,2622380,89,94,28555
2026-09-24T21,960090,90,91,8393
2026-09-24T21,4162040,91,89,7293
2026-09-24T21,2379780,92,97,8343
2026-09-24T21,2073850,93,96,13582
2026-09-24T21,2050650,94,101,13992
2026-09-24T21,1329410,95,109,13316
2026-09-24T21,739630,96,95,11934
2026-09-24T21,1158310,97,98,20264
2026-09-24T21,3932890,98,99,30598
2026-09-24T21,2358720,99,92,21317
2026-09-24T21,1144200,100,85,8369
2026-09-25T00,730,1,1,1452036
2026-09-25T00,570,2,2,805725
2026-09-25T00,578080,3,3,731479
2026-09-25T00,431960,4,4,100766
2026-09-25T00,1867240,5,5,284112
2026-09-25T00,1172470,6,6,254139
2026-09-25T00,892970,7,7,199097
2026-09-25T00,271590,8,10,63620
2026-09-25T00,4126040,9,8,145080
2026-09-25T00,2676230,10,12,182293
2026-09-25T00,553850,11,18,70123
2026-09-25T00,2868840,12,13,89279
2026-09-25T00,2767030,13,9,91844
2026-09-25T00,359550,14,14,80197
2026-09-25T00,2357570,15,11,67532
2026-09-25T00,250900,16,15,73415
2026-09-25T00,236390,17,16,74235
2026-09-25T00,230410,18,30,108836
2026-09-25T00,381210,19,17,55910
2026-09-25T00,322170,20,19,47543
2026-09-25T00,1422450,21,21,69585
2026-09-25T00,1973530,22,23,43489
2026-09-25T00,3240220,23,24,68612
2026-09-25T00,2507950,24,26,114606
2026-09-25T00,105600,25,22,42706
2026-09-25T00,413150,26,27,68614
2026-09-25T00,252490,27,29,98597
2026-09-25T00,3405690,28,20,44702
2026-09-25T00,2807960,29,28,35683
2026-09-25T00,1623730,30,25,69035
2026-09-25T00,440,31,32,66889
2026-09-25T00,108600,32,31,53015
2026-09-25T00,438100,33,34,52477
2026-09-25T00,1086940,34,35,53638
2026-09-25T00,550,35,36,29297
2026-09-25T00,227300,36,38,40199
2026-09-25T00,2246340,37,46,52507
2026-09-25T00,394360,38,44,47390
2026-09-25T00,252950,39,52,33981
2026-09-25T00,1174180,40,39,34874
2026-09-25T00,1203220,41,48,58423
2026-09-25T00,1091500,42,40,33794
2026-09-25T00,1938090,43,51,32124
2026-09-25T00,3678970,44,37,88743
2026-09-25T00,1245620,45,43,35867
2026-09-25T00,1449850,46,47,18128
2026-09-25T00,322330,47,45,40711
2026-09-25T00,3527290,48,49,24924
2026-09-25T00,3241660,49,50,22687
2026-09-25T00,275850,50,41,34275
2026-09-25T00,1665460,51,56,19790
2026-09-25T00,4358690,52,-1,54969
2026-09-25T00,284160,53,54,23124
2026-09-25T00,4001890,54,33,24614
2026-09-25T00,2694490,55,42,47827
2026-09-25T00,2483190,56,53,19349
2026-09-25T00,1364780,57,58,32568
2026-09-25T00,4000,58,55,27963
2026-09-25T00,2344520,59,57,43728
2026-09-25T00,489830,60,61,27696
2026-09-25T00,1085660,61,93,26683
2026-09-25T00,2073620,62,67,38226
2026-09-25T00,1281930,63,60,28304
2026-09-25T00,1905180,64,64,29143
2026-09-25T00,3513350,65,65,11094
2026-09-25T00,3419430,66,59,166808
2026-09-25T00,1222670,67,63,26130
2026-09-25T00,289070,68,62,37295
2026-09-25T00,1808500,69,71,26888
2026-09-25T00,2300320,70,70,44347
2026-09-25T00,1142710,71,69,27340
2026-09-25T00,1366800,72,66,36416
2026-09-25T00,813780,73,84,24934
2026-09-25T00,291550,74,72,13316
2026-09-25T00,221100,75,76,45463
2026-09-25T00,244210,76,77,14085
2026-09-25T00,594650,77,73,28835
2026-09-25T00,261550,78,75,31977
2026-09-25T00,251570,79,79,28434
2026-09-25T00,294100,80,86,31606
2026-09-25T00,582010,81,87,29934
2026-09-25T00,714010,82,82,6878
2026-09-25T00,1374490,83,90,29331
2026-09-25T00,3551340,84,81,38897
2026-09-25T00,2183900,85,78,15253
2026-09-25T00,3321460,86,80,21921
2026-09-25T00,2638890,87,68,22226
2026-09-25T00,2139460,88,88,22599
2026-09-25T00,2622380,89,94,28555
2026-09-25T00,960090,90,91,8393
2026-09-25T00,4162040,91,89,7293
2026-09-25T00,2379780,92,97,8343
2026-09-25T00,2073850,93,96,13582
2026-09-25T00,2050650,94,101,13992
2026-09-25T00,1329410,95,109,13316
2026-09-25T00,739630,96,95,11934
2026-09-25T00,1158310,97,98,20264
2026-09-25T00,3932890,98,99,30598
2026-09-25T00,2358720,99,92,21317
2026-09-25T00,1144200,100,85,8369
2026-09-25T07,730,1,1,1384929
2026-09-25T07,570,2,2,829356
2026-09-25T07,578080,3,3,688421
2026-09-25T07,431960,4,4,108913
2026-09-25T07,1867240,5,5,271926
2026-09-25T07,1172470,6,6,239394
2026-09-25T07,892970,7,7,195154
2026-09-25T07,271590,8,9,65331
2026-09-25T07,4126040,9,11,136589
2026-09-25T07,2676230,10,10,181511
2026-09-25T07,2868840,11,12,90745
2026-09-25T07,2767030,12,8,86793
2026-09-25T07,553850,13,18,62517
2026-09-25T07,359550,14,14,79313
2026-09-25T07,250900,15,15,74256
2026-09-25T07,2357570,16,13,65731
2026-09-25T07,236390,17,17,80608
2026-09-25T07,1973530,18,16,115334
2026-09-25T07,230410,19,30,95028
2026-09-25T07,322170,20,20,48545
2026-09-25T07,381210,21,19,55145
2026-09-25T07,1422450,22,21,69777
2026-09-25T07,3240220,23,22,72752
2026-09-25T07,2507950,24,26,124551
2026-09-25T07,105600,25,24,43642
2026-09-25T07,413150,26,27,69113
2026-09-25T07,252490,27,25,111127
2026-09-25T07,3405690,28,23,45055
2026-09-25T07,2807960,29,29,34744
2026-09-25T07,1142710,30,68,89476
2026-09-25T07,440,31,31,73123
2026-09-25T07,108600,32,32,53369
2026-09-25T07,1623730,33,28,65834
2026-09-25T07,438100,34,33,53712
2026-09-25T07,550,35,35,29399
2026-09-25T07,227300,36,37,40302
2026-09-25T07,1086940,37,36,52240
2026-09-25T07,1203220,38,48,63881
2026-09-25T07,394360,39,41,52413
2026-09-25T07,252950,40,51,37530
2026-09-25T07,1174180,41,38,35644
2026-09-25T07,2246340,42,43,48758
2026-09-25T07,1091500,43,42,33659
2026-09-25T07,322330,44,45,42145
2026-09-25T07,1938090,45,53,33793
2026-09-25T07,1449850,46,50,19237
2026-09-25T07,3678970,47,39,87629
2026-09-25T07,1245620,48,44,35224
2026-09-25T07,3527290,49,52,25951
2026-09-25T07,2483190,50,49,29328
2026-09-25T07,4001890,51,34,28917
2026-09-25T07,284160,52,55,24233
2026-09-25T07,3241660,53,46,22400
2026-09-25T07,1665460,54,54,24612
2026-09-25T07,4358690,55,-1,52979
2026-09-25T07,275850,56,40,32609
2026-09-25T07,4000,57,56,28720
2026-09-25T07,3419430,58,59,188901
2026-09-25T07,4080220,59,-1,49145
2026-09-25T07,1364780,60,58,33567
2026-09-25T07,2694490,61,47,46116
2026-09-25T07,2344520,62,57,43477
2026-09-25T07,1281930,63,60,29901
2026-09-25T07,1808500,64,71,28066
2026-09-25T07,1905180,65,64,30714
2026-09-25T07,1085660,66,98,27188
2026-09-25T07,489830,67,63,27249
2026-09-25T07,289070,68,62,39371
2026-09-25T07,2073620,69,61,38925
2026-09-25T07,1222670,70,65,26109
2026-09-25T07,3513350,71,67,10772
2026-09-25T07,2300320,72,69,44140
2026-09-25T07,1366800,73,66,37972
2026-09-25T07,291550,74,70,13333
2026-09-25T07,813780,75,82,25413
2026-09-25T07,244210,76,75,14529
2026-09-25T07,221100,77,76,45165
2026-09-25T07,261550,78,74,32267
2026-09-25T07,594650,79,72,27965
2026-09-25T07,582010,80,85,28837
2026-09-25T07,294100,81,84,31252
2026-09-25T07,714010,82,79,6605
2026-09-25T07,251570,83,78,27888
2026-09-25T07,2183900,84,81,14651
2026-09-25T07,1374490,85,96,27547
2026-09-25T07,3551340,86,80,37737
2026-09-25T07,2139460,87,87,22243
2026-09-25T07,960090,88,90,8495
2026-09-25T07,2622380,89,91,28769
2026-09-25T07,3321460,90,86,21035
2026-09-25T07,2050650,91,102,14000
2026-09-25T07,2358720,92,93,22098
2026-09-25T07,2379780,93,94,8284
2026-09-25T07,4162040,94,89,7107
2026-09-25T07,2073850,95,92,13591
2026-09-25T07,2638890,96,73,20320
2026-09-25T07,1329410,97,106,12290
2026-09-25T07,739630,98,95,11685
2026-09-25T07,3669870,99,-1,34345
2026-09-25T07,1158310,100,99,20173
2026-09-25T13,730,1,1,1384929
2026-09-25T13,570,2,2,829356
2026-09-25T13,578080,3,3,688421
2026-09-25T13,431960,4,4,108913
2026-09-25T13,1867240,5,5,271926
2026-09-25T13,1172470,6,6,239394
2026-09-25T13,892970,7,7,195154
2026-09-25T13,271590,8,9,65331
2026-09-25T13,4126040,9,11,136589
2026-09-25T13,2676230,10,10,181511
2026-09-25T13,2868840,11,12,90745
2026-09-25T13,2767030,12,8,86793
2026-09-25T13,553850,13,18,62517
2026-09-25T13,359550,14,14,79313
2026-09-25T13,250900,15,15,74256
2026-09-25T13,2357570,16,13,65731
2026-09-25T13,236390,17,17,80608
2026-09-25T13,1973530,18,16,115334
2026-09-25T13,230410,19,30,95028
2026-09-25T13,322170,20,20,48545
2026-09-25T13,381210,21,19,55145
2026-09-25T13,1422450,22,21,69777
2026-09-25T13,3240220,23,22,72752
2026-09-25T13,2507950,24,26,124551
2026-09-25T13,105600,25,24,43642
2026-09-25T13,413150,26,27,69113
2026-09-25T13,252490,27,25,111127
2026-09-25T13,3405690,28,23,45055
2026-09-25T13,2807960,29,29,34744
2026-09-25T13,1142710,30,68,89476
2026-09-25T13,440,31,31,73123
2026-09-25T13,108600,32,32,53369
2026-09-25T13,1623730,33,28,65834
2026-09-25T13,438100,34,33,53712
2026-09-25T13,550,35,35,29399
2026-09-25T13,227300,36,37,40302
2026-09-25T13,1086940,37,36,52240
2026-09-25T13,1203220,38,48,63881
2026-09-25T13,394360,39,41,52413
2026-09-25T13,252950,40,51,37530
2026-09-25T13,1174180,41,38,35644
2026-09-25T13,2246340,42,43,48758
2026-09-25T13,1091500,43,42,33659
2026-09-25T13,322330,44,45,42145
2026-09-25T13,1938090,45,53,33793
2026-09-25T13,1449850,46,50,19237
2026-09-25T13,3678970,47,39,87629
2026-09-25T13,1245620,48,44,35224
2026-09-25T13,3527290,49,52,25951
2026-09-25T13,2483190,50,49,29328
2026-09-25T13,4001890,51,34,28917
2026-09-25T13,284160,52,55,24233
2026-09-25T13,3241660,53,46,22400
2026-09-25T13,1665460,54,54,24612
2026-09-25T13,4358690,55,-1,52979
2026-09-25T13,275850,56,40,32609
2026-09-25T13,4000,57,56,28720
2026-09-25T13,3419430,58,59,188901
2026-09-25T13,4080220,59,-1,49145
2026-09-25T13,1364780,60,58,33567
2026-09-25T13,2694490,61,47,46116
2026-09-25T13,2344520,62,57,43477
2026-09-25T13,1281930,63,60,29901
2026-09-25T13,1808500,64,71,28066
2026-09-25T13,1905180,65,64,30714
2026-09-25T13,1085660,66,98,27188
2026-09-25T13,489830,67,63,27249
2026-09-25T13,289070,68,62,39371
2026-09-25T13,2073620,69,61,38925
2026-09-25T13,1222670,70,65,26109
2026-09-25T13,3513350,71,67,10772
2026-09-25T13,2300320,72,69,44140
2026-09-25T13,1366800,73,66,37972
2026-09-25T13,291550,74,70,13333
2026-09-25T13,813780,75,82,25413
2026-09-25T13,244210,76,75,14529
2026-09-25T13,221100,77,76,45165
2026-09-25T13,261550,78,74,32267
2026-09-25T13,594650,79,72,27965
2026-09-25T13,582010,80,85,28837
2026-09-25T13,294100,81,84,31252
2026-09-25T13,714010,82,79,6605
2026-09-25T13,251570,83,78,27888
2026-09-25T13,2183900,84,81,14651
2026-09-25T13,1374490,85,96,27547
2026-09-25T13,3551340,86,80,37737
2026-09-25T13,2139460,87,87,22243
2026-09-25T13,960090,88,90,8495
2026-09-25T13,2622380,89,91,28769
2026-09-25T13,3321460,90,86,21035
2026-09-25T13,2050650,91,102,14000
2026-09-25T13,2358720,92,93,22098
2026-09-25T13,2379780,93,94,8284
2026-09-25T13,4162040,94,89,7107
2026-09-25T13,2073850,95,92,13591
2026-09-25T13,2638890,96,73,20320
2026-09-25T13,1329410,97,106,12290
2026-09-25T13,739630,98,95,11685
2026-09-25T13,3669870,99,-1,34345
2026-09-25T13,1158310,100,99,20173
2026-09-25T18,730,1,1,1384929
2026-09-25T18,570,2,2,829356
2026-09-25T18,578080,3,3,688421
2026-09-25T18,431960,4,4,108913
2026-09-25T18,1867240,5,5,271926
2026-09-25T18,1172470,6,6,239394
2026-09-25T18,892970,7,7,195154
2026-09-25T18,271590,8,9,65331
2026-09-25T18,4126040,9,11,136589
2026-09-25T18,2676230,10,10,181511
2026-09-25T18,2868840,11,12,90745
2026-09-25T18,2767030,12,8,86793
2026-09-25T18,553850,13,18,62517
2026-09-25T18,359550,14,14,79313
2026-09-25T18,250900,15,15,74256
2026-09-25T18,2357570,16,13,65731
2026-09-25T18,236390,17,17,80608
2026-09-25T18,1973530,18,16,115334
2026-09-25T18,230410,19,30,95028
2026-09-25T18,322170,20,20,48545
2026-09-25T18,381210,21,19,55145
2026-09-25T18,1422450,22,21,69777
2026-09-25T18,3240220,23,22,72752
2026-09-25T18,2507950,24,26,124551
2026-09-25T18,105600,25,24,43642
2026-09-25T18,413150,26,27,69113
2026-09-25T18,252490,27,25,111127
2026-09-25T18,3405690,28,23,45055
2026-09-25T18,2807960,29,29,34744
2026-09-25T18,1142710,30,68,89476
2026-09-25T18,440,31,31,73123
2026-09-25T18,108600,32,32,53369
2026-09-25T18,1623730,33,28,65834
2026-09-25T18,438100,34,33,53712
2026-09-25T18,550,35,35,29399
2026-09-25T18,227300,36,37,40302
2026-09-25T18,1086940,37,36,52240
2026-09-25T18,1203220,38,48,63881
2026-09-25T18,394360,39,41,52413
2026-09-25T18,252950,40,51,37530
2026-09-25T18,1174180,41,38,35644
2026-09-25T18,2246340,42,43,48758
2026-09-25T18,1091500,43,42,33659
2026-09-25T18,322330,44,45,42145
2026-09-25T18,1938090,45,53,33793
2026-09-25T18,1449850,46,50,19237
2026-09-25T18,3678970,47,39,87629
2026-09-25T18,1245620,48,44,35224
2026-09-25T18,3527290,49,52,25951
2026-09-25T18,2483190,50,49,29328
2026-09-25T18,4001890,51,34,28917
2026-09-25T18,284160,52,55,24233
2026-09-25T18,3241660,53,46,22400
2026-09-25T18,1665460,54,54,24612
2026-09-25T18,4358690,55,-1,52979
2026-09-25T18,275850,56,40,32609
2026-09-25T18,4000,57,56,28720
2026-09-25T18,3419430,58,59,188901
2026-09-25T18,4080220,59,-1,49145
2026-09-25T18,1364780,60,58,33567
2026-09-25T18,2694490,61,47,46116
2026-09-25T18,2344520,62,57,43477
2026-09-25T18,1281930,63,60,29901
2026-09-25T18,1808500,64,71,28066
2026-09-25T18,1905180,65,64,30714
2026-09-25T18,1085660,66,98,27188
2026-09-25T18,489830,67,63,27249
2026-09-25T18,289070,68,62,39371
2026-09-25T18,2073620,69,61,38925
2026-09-25T18,1222670,70,65,26109
2026-09-25T18,3513350,71,67,10772
2026-09-25T18,2300320,72,69,44140
2026-09-25T18,1366800,73,66,37972
2026-09-25T18,291550,74,70,13333
2026-09-25T18,813780,75,82,25413
2026-09-25T18,244210,76,75,14529
2026-09-25T18,221100,77,76,45165
2026-09-25T18,261550,78,74,32267
2026-09-25T18,594650,79,72,27965
2026-09-25T18,582010,80,85,28837
2026-09-25T18,294100,81,84,31252
2026-09-25T18,714010,82,79,6605
2026-09-25T18,251570,83,78,27888
2026-09-25T18,2183900,84,81,14651
2026-09-25T18,1374490,85,96,27547
2026-09-25T18,3551340,86,80,37737
2026-09-25T18,2139460,87,87,22243
2026-09-25T18,960090,88,90,8495
2026-09-25T18,2622380,89,91,28769
2026-09-25T18,3321460,90,86,21035
2026-09-25T18,2050650,91,102,14000
2026-09-25T18,2358720,92,93,22098
2026-09-25T18,2379780,93,94,8284
2026-09-25T18,4162040,94,89,7107
2026-09-25T18,2073850,95,92,13591
2026-09-25T18,2638890,96,73,20320
2026-09-25T18,1329410,97,106,12290
2026-09-25T18,739630,98,95,11685
2026-09-25T18,3669870,99,-1,34345
2026-09-25T18,1158310,100,99,20173
2026-09-25T23,730,1,1,1384929
2026-09-25T23,570,2,2,829356
2026-09-25T23,578080,3,3,688421
2026-09-25T23,431960,4,4,108913
2026-09-25T23,1867240,5,5,271926
2026-09-25T23,1172470,6,6,239394
2026-09-25T23,892970,7,7,195154
2026-09-25T23,271590,8,9,65331
2026-09-25T23,4126040,9,11,136589
2026-09-25T23,2676230,10,10,181511
2026-09-25T23,2868840,11,12,90745
2026-09-25T23,2767030,12,8,86793
2026-09-25T23,553850,13,18,62517
2026-09-25T23,359550,14,14,79313
2026-09-25T23,250900,15,15,74256
2026-09-25T23,2357570,16,13,65731
2026-09-25T23,236390,17,17,80608
2026-09-25T23,1973530,18,16,115334
2026-09-25T23,230410,19,30,95028
2026-09-25T23,322170,20,20,48545
2026-09-25T23,381210,21,19,55145
2026-09-25T23,1422450,22,21,69777
2026-09-25T23,3240220,23,22,72752
2026-09-25T23,2507950,24,26,124551
2026-09-25T23,105600,25,24,43642
2026-09-25T23,413150,26,27,69113
2026-09-25T23,252490,27,25,111127
2026-09-25T23,3405690,28,23,45055
2026-09-25T23,2807960,29,29,34744
2026-09-25T23,1142710,30,68,89476
2026-09-25T23,440,31,31,73123
2026-09-25T23,108600,32,32,53369
2026-09-25T23,1623730,33,28,65834
2026-09-25T23,438100,34,33,53712
2026-09-25T23,550,35,35,29399
2026-09-25T23,227300,36,37,40302
2026-09-25T23,1086940,37,36,52240
2026-09-25T23,1203220,38,48,63881
2026-09-25T23,394360,39,41,52413
2026-09-25T23,252950,40,51,37530
2026-09-25T23,1174180,41,38,35644
2026-09-25T23,2246340,42,43,48758
2026-09-25T23,1091500,43,42,33659
2026-09-25T23,322330,44,45,42145
2026-09-25T23,1938090,45,53,33793
2026-09-25T23,1449850,46,50,19237
2026-09-25T23,3678970,47,39,87629
2026-09-25T23,1245620,48,44,35224
2026-09-25T23,3527290,49,52,25951
2026-09-25T23,2483190,50,49,29328
2026-09-25T23,4001890,51,34,28917
2026-09-25T23,284160,52,55,24233
2026-09-25T23,3241660,53,46,22400
2026-09-25T23,1665460,54,54,24612
2026-09-25T23,4358690,55,-1,52979
2026-09-25T23,275850,56,40,32609
2026-09-25T23,4000,57,56,28720
2026-09-25T23,3419430,58,59,188901
2026-09-25T23,4080220,59,-1,49145
2026-09-25T23,1364780,60,58,33567
2026-09-25T23,2694490,61,47,46116
2026-09-25T23,2344520,62,57,43477
2026-09-25T23,1281930,63,60,29901
2026-09-25T23,1808500,64,71,28066
2026-09-25T23,1905180,65,64,30714
2026-09-25T23,1085660,66,98,27188
2026-09-25T23,489830,67,63,27249
2026-09-25T23,289070,68,62,39371
2026-09-25T23,2073620,69,61,38925
2026-09-25T23,1222670,70,65,26109
2026-09-25T23,3513350,71,67,10772
2026-09-25T23,2300320,72,69,44140
2026-09-25T23,1366800,73,66,37972
2026-09-25T23,291550,74,70,13333
2026-09-25T23,813780,75,82,25413
2026-09-25T23,244210,76,75,14529
2026-09-25T23,221100,77,76,45165
2026-09-25T23,261550,78,74,32267
2026-09-25T23,594650,79,72,27965
2026-09-25T23,582010,80,85,28837
2026-09-25T23,294100,81,84,31252
2026-09-25T23,714010,82,79,6605
2026-09-25T23,251570,83,78,27888
2026-09-25T23,2183900,84,81,14651
2026-09-25T23,1374490,85,96,27547
2026-09-25T23,3551340,86,80,37737
2026-09-25T23,2139460,87,87,22243
2026-09-25T23,960090,88,90,8495
2026-09-25T23,2622380,89,91,28769
2026-09-25T23,3321460,90,86,21035
2026-09-25T23,2050650,91,102,14000
2026-09-25T23,2358720,92,93,22098
2026-09-25T23,2379780,93,94,8284
2026-09-25T23,4162040,94,89,7107
2026-09-25T23,2073850,95,92,13591
2026-09-25T23,2638890,96,73,20320
2026-09-25T23,1329410,97,106,12290
2026-09-25T23,739630,98,95,11685
2026-09-25T23,3669870,99,-1,34345
2026-09-25T23,1158310,100,99,20173
