event_id,customer_id,event_date,event_type,plan_price,mrr_delta
1,1,2024-01-16,signup,5.99,5.99
2,2,2024-01-18,signup,5.99,5.99
3,2,2025-07-11,cancel,5.99,-5.99
4,3,2024-01-19,signup,5.99,5.99
5,4,2024-01-20,signup,5.99,5.99
6,4,2024-10-16,cancel,5.99,-5.99
7,5,2024-01-30,signup,5.99,5.99
8,5,2024-04-29,cancel,5.99,-5.99
9,6,2024-01-03,signup,5.99,5.99
10,6,2024-02-02,cancel,5.99,-5.99
11,7,2024-01-30,signup,5.99,5.99
12,8,2024-01-03,signup,5.99,5.99
13,8,2024-02-02,cancel,5.99,-5.99
14,9,2024-01-28,signup,5.99,5.99
15,9,2024-09-24,cancel,5.99,-5.99
16,10,2024-01-29,signup,5.99,5.99
17,10,2024-02-28,cancel,5.99,-5.99
18,11,2024-01-16,signup,5.99,5.99
19,12,2024-01-23,signup,5.99,5.99
20,13,2024-01-22,signup,5.99,5.99
21,14,2024-01-19,signup,5.99,5.99
22,15,2024-02-01,signup,5.99,5.99
23,16,2024-01-07,signup,5.99,5.99
24,19,2024-01-10,signup,5.99,5.99
25,19,2024-03-10,cancel,5.99,-5.99
26,20,2024-01-31,signup,5.99,5.99
27,21,2024-01-16,signup,5.99,5.99
28,22,2024-01-09,signup,5.99,5.99
29,23,2024-01-18,signup,5.99,5.99
30,24,2024-01-30,signup,5.99,5.99
31,25,2024-01-25,signup,5.99,5.99
32,26,2024-01-14,signup,5.99,5.99
33,26,2024-07-12,cancel,5.99,-5.99
34,27,2024-01-04,signup,5.99,5.99
35,27,2024-12-29,cancel,5.99,-5.99
36,28,2024-01-17,signup,5.99,5.99
37,28,2024-02-16,cancel,5.99,-5.99
38,29,2024-01-19,signup,5.99,5.99
39,29,2024-09-15,cancel,5.99,-5.99
40,30,2024-01-27,signup,5.99,5.99
41,31,2024-01-29,signup,5.99,5.99
42,31,2025-11-19,cancel,5.99,-5.99
43,32,2024-01-16,signup,5.99,5.99
44,32,2024-12-11,cancel,5.99,-5.99
45,33,2024-02-01,signup,5.99,5.99
46,34,2024-01-04,signup,5.99,5.99
47,34,2024-04-03,cancel,5.99,-5.99
48,35,2024-01-28,signup,5.99,5.99
49,35,2024-03-28,cancel,5.99,-5.99
50,36,2024-01-19,signup,5.99,5.99
51,36,2025-10-10,cancel,5.99,-5.99
52,37,2024-01-30,signup,5.99,5.99
53,38,2024-01-31,signup,5.99,5.99
54,38,2024-06-29,cancel,5.99,-5.99
55,39,2024-01-23,signup,5.99,5.99
56,40,2024-01-08,signup,5.99,5.99
57,40,2024-02-07,cancel,5.99,-5.99
58,41,2024-01-17,signup,5.99,5.99
59,41,2025-04-11,cancel,5.99,-5.99
60,42,2024-01-25,signup,5.99,5.99
61,42,2024-04-24,cancel,5.99,-5.99
62,43,2024-01-12,signup,5.99,5.99
63,44,2024-01-23,signup,5.99,5.99
64,44,2024-04-22,cancel,5.99,-5.99
65,45,2024-01-30,signup,5.99,5.99
66,46,2024-02-03,signup,5.99,5.99
67,46,2025-12-24,cancel,5.99,-5.99
68,47,2024-01-30,signup,5.99,5.99
69,48,2024-01-20,signup,5.99,5.99
70,49,2024-01-10,signup,5.99,5.99
71,50,2024-01-08,signup,5.99,5.99
72,51,2024-01-24,signup,5.99,5.99
73,52,2024-01-30,signup,5.99,5.99
74,52,2024-02-29,cancel,5.99,-5.99
75,53,2024-01-13,signup,5.99,5.99
76,54,2024-01-09,signup,5.99,5.99
77,54,2025-10-30,cancel,5.99,-5.99
78,55,2024-02-01,signup,5.99,5.99
79,56,2024-01-28,signup,5.99,5.99
80,56,2025-08-20,cancel,5.99,-5.99
81,57,2024-02-04,signup,5.99,5.99
82,58,2024-01-06,signup,5.99,5.99
83,59,2024-01-18,signup,5.99,5.99
84,60,2024-01-10,signup,5.99,5.99
85,60,2025-02-03,cancel,5.99,-5.99
86,61,2024-02-01,signup,5.99,5.99
87,61,2024-05-31,cancel,5.99,-5.99
88,62,2024-01-24,signup,5.99,5.99
89,63,2024-02-04,signup,5.99,5.99
90,64,2024-01-09,signup,5.99,5.99
91,64,2024-11-04,cancel,5.99,-5.99
92,65,2024-02-02,signup,5.99,5.99
93,66,2024-01-21,signup,5.99,5.99
94,67,2024-01-17,signup,5.99,5.99
95,67,2024-04-16,cancel,5.99,-5.99
96,68,2024-01-07,signup,5.99,5.99
97,68,2024-02-06,cancel,5.99,-5.99
98,69,2024-01-29,signup,5.99,5.99
99,70,2024-01-19,signup,5.99,5.99
100,70,2024-02-18,cancel,5.99,-5.99
101,71,2024-02-01,signup,5.99,5.99
102,71,2024-03-02,cancel,5.99,-5.99
103,72,2024-01-31,signup,5.99,5.99
104,73,2024-01-29,signup,5.99,5.99
105,74,2024-02-04,signup,5.99,5.99
106,75,2024-01-23,signup,5.99,5.99
107,76,2024-01-24,signup,5.99,5.99
108,77,2024-01-11,signup,5.99,5.99
109,79,2024-01-22,signup,5.99,5.99
110,80,2024-01-31,signup,5.99,5.99
111,80,2024-07-29,cancel,5.99,-5.99
112,82,2024-01-12,signup,5.99,5.99
113,82,2024-12-07,cancel,5.99,-5.99
114,83,2024-01-15,signup,5.99,5.99
115,84,2024-01-30,signup,5.99,5.99
116,84,2024-02-29,cancel,5.99,-5.99
117,85,2024-01-28,signup,5.99,5.99
118,85,2024-03-28,cancel,5.99,-5.99
119,86,2024-02-06,signup,5.99,5.99
120,86,2024-04-06,cancel,5.99,-5.99
121,87,2024-01-17,signup,5.99,5.99
122,89,2024-02-06,signup,5.99,5.99
123,89,2025-01-01,cancel,5.99,-5.99
124,90,2024-01-26,signup,5.99,5.99
125,90,2024-06-24,cancel,5.99,-5.99
126,91,2024-01-18,signup,5.99,5.99
127,92,2024-02-04,signup,5.99,5.99
128,92,2024-07-03,cancel,5.99,-5.99
129,93,2024-01-30,signup,5.99,5.99
130,93,2025-11-20,cancel,5.99,-5.99
131,94,2024-01-28,signup,5.99,5.99
132,94,2024-09-24,cancel,5.99,-5.99
133,95,2024-01-26,signup,5.99,5.99
134,95,2024-04-25,cancel,5.99,-5.99
135,96,2024-01-25,signup,5.99,5.99
136,97,2024-02-04,signup,5.99,5.99
137,98,2024-01-14,signup,5.99,5.99
138,98,2025-11-04,cancel,5.99,-5.99
139,99,2024-01-17,signup,5.99,5.99
140,100,2024-01-11,signup,5.99,5.99
141,100,2024-06-09,cancel,5.99,-5.99
142,101,2024-01-11,signup,5.99,5.99
143,102,2024-02-09,signup,5.99,5.99
144,103,2024-01-30,signup,5.99,5.99
145,104,2024-01-23,signup,5.99,5.99
146,105,2024-02-07,signup,5.99,5.99
147,105,2024-03-08,cancel,5.99,-5.99
148,106,2024-01-30,signup,5.99,5.99
149,106,2024-02-29,cancel,5.99,-5.99
150,107,2024-01-26,signup,5.99,5.99
151,108,2024-01-26,signup,5.99,5.99
152,108,2025-12-16,cancel,5.99,-5.99
153,109,2024-01-29,signup,5.99,5.99
154,109,2024-09-25,cancel,5.99,-5.99
155,110,2024-02-08,signup,5.99,5.99
156,110,2024-03-09,cancel,5.99,-5.99
157,111,2024-01-23,signup,5.99,5.99
158,111,2025-05-17,cancel,5.99,-5.99
159,112,2024-02-04,signup,5.99,5.99
160,112,2024-11-30,cancel,5.99,-5.99
161,113,2024-01-12,signup,5.99,5.99
162,114,2024-02-02,signup,5.99,5.99
163,114,2024-08-30,cancel,5.99,-5.99
164,115,2024-02-07,signup,5.99,5.99
165,115,2024-03-08,cancel,5.99,-5.99
166,119,2024-02-11,signup,5.99,5.99
167,119,2024-07-10,cancel,5.99,-5.99
168,120,2024-01-23,signup,5.99,5.99
169,120,2024-03-23,cancel,5.99,-5.99
170,121,2024-01-20,signup,5.99,5.99
171,121,2025-04-14,cancel,5.99,-5.99
172,122,2024-01-12,signup,5.99,5.99
173,124,2024-01-29,signup,5.99,5.99
174,125,2024-02-06,signup,5.99,5.99
175,127,2024-01-28,signup,5.99,5.99
176,128,2024-01-17,signup,5.99,5.99
177,128,2024-05-16,cancel,5.99,-5.99
178,129,2024-01-30,signup,5.99,5.99
179,129,2024-03-30,cancel,5.99,-5.99
180,130,2024-01-17,signup,5.99,5.99
181,131,2024-02-12,signup,5.99,5.99
182,131,2024-04-12,cancel,5.99,-5.99
183,132,2024-01-25,signup,5.99,5.99
184,132,2024-02-24,cancel,5.99,-5.99
185,133,2024-02-07,signup,5.99,5.99
186,133,2024-06-06,cancel,5.99,-5.99
187,134,2024-02-02,signup,5.99,5.99
188,134,2024-03-03,cancel,5.99,-5.99
189,135,2024-01-26,signup,5.99,5.99
190,136,2024-01-25,signup,5.99,5.99
191,137,2024-01-15,signup,5.99,5.99
192,137,2024-03-15,cancel,5.99,-5.99
193,138,2024-01-23,signup,5.99,5.99
194,138,2024-03-23,cancel,5.99,-5.99
195,139,2024-02-11,signup,5.99,5.99
196,140,2024-02-10,signup,5.99,5.99
197,142,2024-02-05,signup,5.99,5.99
198,142,2024-07-04,cancel,5.99,-5.99
199,143,2024-01-20,signup,5.99,5.99
200,144,2024-02-09,signup,5.99,5.99
201,145,2024-01-28,signup,5.99,5.99
202,145,2024-12-23,cancel,5.99,-5.99
203,146,2024-02-01,signup,5.99,5.99
204,146,2024-03-02,cancel,5.99,-5.99
205,147,2024-02-08,signup,5.99,5.99
206,148,2024-01-19,signup,5.99,5.99
207,148,2025-08-11,cancel,5.99,-5.99
208,149,2024-02-07,signup,5.99,5.99
209,150,2024-02-08,signup,5.99,5.99
210,151,2024-01-16,signup,5.99,5.99
211,151,2024-03-16,cancel,5.99,-5.99
212,152,2024-01-24,signup,5.99,5.99
213,152,2025-09-15,cancel,5.99,-5.99
214,153,2024-01-28,signup,5.99,5.99
215,153,2024-05-27,cancel,5.99,-5.99
216,154,2024-02-09,signup,5.99,5.99
217,155,2024-02-06,signup,5.99,5.99
218,155,2025-09-28,cancel,5.99,-5.99
219,156,2024-02-02,signup,5.99,5.99
220,156,2024-04-02,cancel,5.99,-5.99
221,157,2024-02-14,signup,5.99,5.99
222,157,2024-03-15,cancel,5.99,-5.99
223,158,2024-02-10,signup,5.99,5.99
224,160,2024-02-10,signup,5.99,5.99
225,160,2024-03-11,cancel,5.99,-5.99
226,161,2024-02-11,signup,5.99,5.99
227,161,2025-09-03,cancel,5.99,-5.99
228,162,2024-02-11,signup,5.99,5.99
229,162,2025-05-06,cancel,5.99,-5.99
230,163,2024-02-05,signup,5.99,5.99
231,164,2024-02-02,signup,5.99,5.99
232,165,2024-02-08,signup,5.99,5.99
233,165,2024-03-09,cancel,5.99,-5.99
234,166,2024-02-05,signup,5.99,5.99
235,167,2024-01-27,signup,5.99,5.99
236,167,2024-07-25,cancel,5.99,-5.99
237,168,2024-01-18,signup,5.99,5.99
238,169,2024-01-26,signup,5.99,5.99
239,170,2024-02-15,signup,5.99,5.99
240,170,2024-03-16,cancel,5.99,-5.99
241,171,2024-01-29,signup,5.99,5.99
242,172,2024-02-14,signup,5.99,5.99
243,173,2024-02-03,signup,5.99,5.99
244,174,2024-01-24,signup,5.99,5.99
245,174,2024-06-22,cancel,5.99,-5.99
246,175,2024-02-06,signup,5.99,5.99
247,176,2024-02-15,signup,5.99,5.99
248,176,2024-08-13,cancel,5.99,-5.99
249,177,2024-01-19,signup,5.99,5.99
250,178,2024-02-07,signup,5.99,5.99
251,180,2024-01-31,signup,5.99,5.99
252,181,2024-02-01,signup,5.99,5.99
253,182,2024-01-30,signup,5.99,5.99
254,183,2024-02-03,signup,5.99,5.99
255,184,2024-01-21,signup,5.99,5.99
256,186,2024-01-30,signup,5.99,5.99
257,186,2024-03-30,cancel,5.99,-5.99
258,188,2024-01-21,signup,5.99,5.99
259,188,2025-12-11,cancel,5.99,-5.99
260,189,2024-01-24,signup,5.99,5.99
261,190,2024-01-26,signup,5.99,5.99
262,191,2024-01-27,signup,5.99,5.99
263,191,2025-02-20,cancel,5.99,-5.99
264,192,2024-02-08,signup,5.99,5.99
265,193,2024-01-18,signup,5.99,5.99
266,193,2025-06-11,cancel,5.99,-5.99
267,194,2024-01-26,signup,5.99,5.99
268,194,2025-08-18,cancel,5.99,-5.99
269,195,2024-02-17,signup,5.99,5.99
270,196,2024-01-26,signup,5.99,5.99
271,196,2024-07-24,cancel,5.99,-5.99
272,197,2024-02-13,signup,5.99,5.99
273,198,2024-02-08,signup,5.99,5.99
274,199,2024-01-29,signup,5.99,5.99
275,201,2024-01-25,signup,5.99,5.99
276,201,2024-02-24,cancel,5.99,-5.99
277,203,2024-01-22,signup,5.99,5.99
278,203,2025-02-15,cancel,5.99,-5.99
279,204,2024-01-28,signup,5.99,5.99
280,204,2025-05-22,cancel,5.99,-5.99
281,205,2024-01-26,signup,5.99,5.99
282,205,2024-02-25,cancel,5.99,-5.99
283,206,2024-02-05,signup,5.99,5.99
284,206,2024-06-04,cancel,5.99,-5.99
285,207,2024-01-25,signup,5.99,5.99
286,208,2024-02-01,signup,5.99,5.99
287,208,2024-03-02,cancel,5.99,-5.99
288,209,2024-02-06,signup,5.99,5.99
289,211,2024-02-09,signup,5.99,5.99
290,212,2024-02-14,signup,5.99,5.99
291,214,2024-02-15,signup,5.99,5.99
292,215,2024-02-11,signup,5.99,5.99
293,215,2025-09-03,cancel,5.99,-5.99
294,216,2024-01-21,signup,5.99,5.99
295,218,2024-02-09,signup,5.99,5.99
296,218,2024-04-09,cancel,5.99,-5.99
297,219,2024-02-19,signup,5.99,5.99
298,219,2024-09-16,cancel,5.99,-5.99
299,220,2024-01-20,signup,5.99,5.99
300,221,2024-02-14,signup,5.99,5.99
301,222,2024-01-20,signup,5.99,5.99
302,223,2024-01-24,signup,5.99,5.99
303,223,2024-12-19,cancel,5.99,-5.99
304,224,2024-02-19,signup,5.99,5.99
305,224,2024-08-17,cancel,5.99,-5.99
306,225,2024-01-21,signup,5.99,5.99
307,225,2024-02-20,cancel,5.99,-5.99
308,226,2024-01-25,signup,5.99,5.99
309,227,2024-02-09,signup,5.99,5.99
310,227,2024-03-10,cancel,5.99,-5.99
311,228,2024-01-24,signup,5.99,5.99
312,228,2024-04-23,cancel,5.99,-5.99
313,229,2024-02-13,signup,5.99,5.99
314,230,2024-01-27,signup,5.99,5.99
315,230,2024-02-26,cancel,5.99,-5.99
316,231,2024-01-21,signup,5.99,5.99
317,232,2024-02-12,signup,5.99,5.99
318,232,2024-04-12,cancel,5.99,-5.99
319,233,2024-02-06,signup,5.99,5.99
320,233,2024-03-07,cancel,5.99,-5.99
321,234,2024-02-01,signup,5.99,5.99
322,234,2024-03-02,cancel,5.99,-5.99
323,235,2024-01-23,signup,5.99,5.99
324,236,2024-01-28,signup,5.99,5.99
325,237,2024-02-18,signup,5.99,5.99
326,237,2024-07-17,cancel,5.99,-5.99
327,238,2024-02-17,signup,5.99,5.99
328,238,2024-03-18,cancel,5.99,-5.99
329,239,2024-01-26,signup,5.99,5.99
330,239,2025-04-20,cancel,5.99,-5.99
331,240,2024-01-31,signup,5.99,5.99
332,241,2024-02-15,signup,5.99,5.99
333,241,2024-03-16,cancel,5.99,-5.99
334,242,2024-02-01,signup,5.99,5.99
335,242,2024-03-02,cancel,5.99,-5.99
336,243,2024-01-31,signup,5.99,5.99
337,243,2024-06-29,cancel,5.99,-5.99
338,244,2024-01-27,signup,5.99,5.99
339,245,2024-02-07,signup,5.99,5.99
340,245,2024-07-06,cancel,5.99,-5.99
341,246,2024-02-02,signup,5.99,5.99
342,247,2024-02-07,signup,5.99,5.99
343,248,2024-02-16,signup,5.99,5.99
344,248,2024-07-15,cancel,5.99,-5.99
345,249,2024-02-16,signup,5.99,5.99
346,250,2024-02-20,signup,5.99,5.99
347,251,2024-01-27,signup,5.99,5.99
348,252,2024-02-02,signup,5.99,5.99
349,253,2024-02-21,signup,5.99,5.99
350,254,2024-01-24,signup,5.99,5.99
351,255,2024-02-05,signup,5.99,5.99
352,255,2025-10-27,cancel,5.99,-5.99
353,256,2024-02-05,signup,5.99,5.99
354,256,2024-12-31,cancel,5.99,-5.99
355,257,2024-02-20,signup,5.99,5.99
356,257,2024-03-21,cancel,5.99,-5.99
357,258,2024-01-27,signup,5.99,5.99
358,258,2024-07-25,cancel,5.99,-5.99
359,259,2024-02-05,signup,5.99,5.99
360,259,2024-07-04,cancel,5.99,-5.99
361,260,2024-02-13,signup,5.99,5.99
362,261,2024-02-20,signup,5.99,5.99
363,262,2024-02-18,signup,5.99,5.99
364,263,2024-01-27,signup,5.99,5.99
365,264,2024-01-28,signup,5.99,5.99
366,264,2024-02-27,cancel,5.99,-5.99
367,265,2024-01-29,signup,5.99,5.99
368,266,2024-02-23,signup,5.99,5.99
369,266,2024-10-20,cancel,5.99,-5.99
370,267,2024-01-30,signup,5.99,5.99
371,269,2024-01-26,signup,5.99,5.99
372,269,2024-07-24,cancel,5.99,-5.99
373,270,2024-02-10,signup,5.99,5.99
374,271,2024-02-23,signup,5.99,5.99
375,272,2024-02-19,signup,5.99,5.99
376,272,2025-03-15,cancel,5.99,-5.99
377,273,2024-02-15,signup,5.99,5.99
378,273,2024-04-15,cancel,5.99,-5.99
379,274,2024-02-04,signup,5.99,5.99
380,274,2024-04-04,cancel,5.99,-5.99
381,275,2024-01-25,signup,5.99,5.99
382,276,2024-02-04,signup,5.99,5.99
383,277,2024-02-18,signup,5.99,5.99
384,278,2024-01-30,signup,5.99,5.99
385,278,2025-10-21,cancel,5.99,-5.99
386,279,2024-02-02,signup,5.99,5.99
387,279,2024-03-03,cancel,5.99,-5.99
388,280,2024-01-29,signup,5.99,5.99
389,280,2024-04-28,cancel,5.99,-5.99
390,282,2024-02-23,signup,5.99,5.99
391,283,2024-02-18,signup,5.99,5.99
392,283,2024-03-19,cancel,5.99,-5.99
393,284,2024-02-20,signup,5.99,5.99
394,284,2024-03-21,cancel,5.99,-5.99
395,285,2024-02-20,signup,5.99,5.99
396,285,2024-04-20,cancel,5.99,-5.99
397,286,2024-02-16,signup,5.99,5.99
398,288,2024-02-14,signup,5.99,5.99
399,288,2024-05-14,cancel,5.99,-5.99
400,289,2024-01-28,signup,5.99,5.99
401,289,2024-02-27,cancel,5.99,-5.99
402,290,2024-02-26,signup,5.99,5.99
403,291,2024-02-15,signup,5.99,5.99
404,292,2024-02-04,signup,5.99,5.99
405,293,2024-02-05,signup,5.99,5.99
406,294,2024-01-27,signup,5.99,5.99
407,294,2024-02-26,cancel,5.99,-5.99
408,295,2024-01-28,signup,5.99,5.99
409,295,2024-11-23,cancel,5.99,-5.99
410,296,2024-02-09,signup,5.99,5.99
411,296,2024-03-10,cancel,5.99,-5.99
412,297,2024-02-10,signup,5.99,5.99
413,297,2024-05-10,cancel,5.99,-5.99
414,298,2024-01-29,signup,5.99,5.99
415,299,2024-02-25,signup,5.99,5.99
416,299,2024-04-25,cancel,5.99,-5.99
417,300,2024-02-09,signup,5.99,5.99
418,300,2024-04-09,cancel,5.99,-5.99
419,301,2024-02-05,signup,5.99,5.99
420,301,2024-06-04,cancel,5.99,-5.99
421,302,2024-02-17,signup,5.99,5.99
422,303,2024-02-23,signup,5.99,5.99
423,303,2024-12-19,cancel,5.99,-5.99
424,304,2024-02-20,signup,5.99,5.99
425,305,2024-02-01,signup,5.99,5.99
426,306,2024-02-17,signup,5.99,5.99
427,307,2024-01-30,signup,5.99,5.99
428,308,2024-02-27,signup,5.99,5.99
429,309,2024-02-25,signup,5.99,5.99
430,310,2024-02-05,signup,5.99,5.99
431,310,2024-07-04,cancel,5.99,-5.99
432,311,2024-02-05,signup,5.99,5.99
433,311,2025-11-26,cancel,5.99,-5.99
434,312,2024-02-06,signup,5.99,5.99
435,312,2025-04-01,cancel,5.99,-5.99
436,313,2024-01-31,signup,5.99,5.99
437,314,2024-01-29,signup,5.99,5.99
438,315,2024-02-10,signup,5.99,5.99
439,315,2024-05-10,cancel,5.99,-5.99
440,316,2024-02-02,signup,5.99,5.99
441,316,2024-04-02,cancel,5.99,-5.99
442,317,2024-02-02,signup,5.99,5.99
443,317,2024-09-29,cancel,5.99,-5.99
444,318,2024-02-01,signup,5.99,5.99
445,319,2024-02-02,signup,5.99,5.99
446,320,2024-01-29,signup,5.99,5.99
447,321,2024-01-31,signup,5.99,5.99
448,321,2024-03-31,cancel,5.99,-5.99
449,322,2024-02-26,signup,5.99,5.99
450,324,2024-02-18,signup,5.99,5.99
451,325,2024-02-23,signup,5.99,5.99
452,325,2024-08-21,cancel,5.99,-5.99
453,326,2024-02-28,signup,5.99,5.99
454,327,2024-02-07,signup,5.99,5.99
455,327,2024-09-04,cancel,5.99,-5.99
456,328,2024-02-17,signup,5.99,5.99
457,328,2025-01-12,cancel,5.99,-5.99
458,329,2024-02-16,signup,5.99,5.99
459,329,2025-03-12,cancel,5.99,-5.99
460,330,2024-02-09,signup,5.99,5.99
461,331,2024-02-10,signup,5.99,5.99
462,332,2024-02-26,signup,5.99,5.99
463,333,2024-02-14,signup,5.99,5.99
464,334,2024-02-14,signup,5.99,5.99
465,335,2024-02-04,signup,5.99,5.99
466,336,2024-02-01,signup,5.99,5.99
467,338,2024-02-01,signup,5.99,5.99
468,338,2024-03-02,cancel,5.99,-5.99
469,339,2024-02-21,signup,5.99,5.99
470,341,2024-02-20,signup,5.99,5.99
471,342,2024-03-01,signup,5.99,5.99
472,342,2025-10-22,cancel,5.99,-5.99
473,343,2024-02-08,signup,5.99,5.99
474,343,2024-03-09,cancel,5.99,-5.99
475,344,2024-02-01,signup,5.99,5.99
476,344,2024-03-02,cancel,5.99,-5.99
477,345,2024-02-15,signup,5.99,5.99
478,345,2025-07-09,cancel,5.99,-5.99
479,346,2024-02-08,signup,5.99,5.99
480,346,2025-07-02,cancel,5.99,-5.99
481,347,2024-02-13,signup,5.99,5.99
482,347,2024-03-14,cancel,5.99,-5.99
483,348,2024-02-05,signup,5.99,5.99
484,349,2024-02-06,signup,5.99,5.99
485,349,2025-12-27,cancel,5.99,-5.99
486,350,2024-02-12,signup,5.99,5.99
487,351,2024-02-12,signup,5.99,5.99
488,352,2024-02-08,signup,5.99,5.99
489,352,2024-05-08,cancel,5.99,-5.99
490,353,2024-02-12,signup,5.99,5.99
491,353,2024-07-11,cancel,5.99,-5.99
492,354,2024-02-02,signup,5.99,5.99
493,355,2024-02-26,signup,5.99,5.99
494,356,2024-02-07,signup,5.99,5.99
495,357,2024-02-15,signup,5.99,5.99
496,358,2024-02-23,signup,5.99,5.99
497,360,2024-02-04,signup,5.99,5.99
498,360,2025-03-30,cancel,5.99,-5.99
499,361,2024-02-16,signup,5.99,5.99
500,362,2024-02-25,signup,5.99,5.99
501,363,2024-02-22,signup,5.99,5.99
502,364,2024-02-24,signup,5.99,5.99
503,364,2025-05-19,cancel,5.99,-5.99
504,365,2024-02-04,signup,5.99,5.99
505,365,2025-02-28,cancel,5.99,-5.99
506,366,2024-02-12,signup,5.99,5.99
507,367,2024-02-03,signup,5.99,5.99
508,367,2024-04-03,cancel,5.99,-5.99
509,369,2024-02-14,signup,5.99,5.99
510,369,2024-08-12,cancel,5.99,-5.99
511,370,2024-02-25,signup,5.99,5.99
512,371,2024-02-14,signup,5.99,5.99
513,371,2024-07-13,cancel,5.99,-5.99
514,372,2024-02-23,signup,5.99,5.99
515,373,2024-02-29,signup,5.99,5.99
516,374,2024-02-13,signup,5.99,5.99
517,374,2024-03-14,cancel,5.99,-5.99
518,376,2024-02-14,signup,5.99,5.99
519,377,2024-02-06,signup,5.99,5.99
520,377,2024-04-06,cancel,5.99,-5.99
521,378,2024-02-22,signup,5.99,5.99
522,379,2024-02-26,signup,5.99,5.99
523,380,2024-02-29,signup,5.99,5.99
524,381,2024-02-08,signup,5.99,5.99
525,382,2024-02-09,signup,5.99,5.99
526,382,2025-02-03,cancel,5.99,-5.99
527,383,2024-02-24,signup,5.99,5.99
528,384,2024-02-10,signup,5.99,5.99
529,384,2024-12-06,cancel,5.99,-5.99
530,385,2024-02-09,signup,5.99,5.99
531,385,2024-09-06,cancel,5.99,-5.99
532,386,2024-02-25,signup,5.99,5.99
533,386,2025-06-19,cancel,5.99,-5.99
534,387,2024-03-04,signup,5.99,5.99
535,387,2024-11-29,cancel,5.99,-5.99
536,388,2024-02-05,signup,5.99,5.99
537,388,2024-03-06,cancel,5.99,-5.99
538,389,2024-02-29,signup,5.99,5.99
539,389,2024-08-27,cancel,5.99,-5.99
540,390,2024-02-24,signup,5.99,5.99
541,391,2024-02-10,signup,5.99,5.99
542,393,2024-02-13,signup,5.99,5.99
543,394,2024-03-02,signup,5.99,5.99
544,394,2024-08-29,cancel,5.99,-5.99
545,395,2024-02-11,signup,5.99,5.99
546,396,2024-02-14,signup,5.99,5.99
547,399,2024-02-21,signup,5.99,5.99
548,400,2024-02-08,signup,5.99,5.99
549,401,2024-02-27,signup,5.99,5.99
550,402,2024-02-08,signup,5.99,5.99
551,402,2024-05-08,cancel,5.99,-5.99
552,403,2024-02-07,signup,5.99,5.99
553,404,2024-02-13,signup,5.99,5.99
554,405,2024-02-26,signup,5.99,5.99
555,405,2024-05-26,cancel,5.99,-5.99
556,406,2024-03-02,signup,5.99,5.99
557,407,2024-02-05,signup,5.99,5.99
558,407,2025-05-30,cancel,5.99,-5.99
559,408,2024-02-11,signup,5.99,5.99
560,410,2024-02-08,signup,5.99,5.99
561,410,2024-07-07,cancel,5.99,-5.99
562,411,2024-02-19,signup,5.99,5.99
563,412,2024-02-17,signup,5.99,5.99
564,413,2024-03-02,signup,5.99,5.99
565,414,2024-02-25,signup,5.99,5.99
566,415,2024-02-12,signup,5.99,5.99
567,415,2024-05-12,cancel,5.99,-5.99
568,416,2024-02-27,signup,5.99,5.99
569,417,2024-02-22,signup,5.99,5.99
570,418,2024-02-16,signup,5.99,5.99
571,419,2024-03-06,signup,5.99,5.99
572,419,2024-09-02,cancel,5.99,-5.99
573,420,2024-03-02,signup,5.99,5.99
574,423,2024-02-20,signup,5.99,5.99
575,424,2024-02-26,signup,5.99,5.99
576,425,2024-02-28,signup,5.99,5.99
577,425,2025-03-24,cancel,5.99,-5.99
578,426,2024-03-05,signup,5.99,5.99
579,426,2024-04-04,cancel,5.99,-5.99
580,427,2024-02-28,signup,5.99,5.99
581,427,2024-03-29,cancel,5.99,-5.99
582,428,2024-03-06,signup,5.99,5.99
583,429,2024-02-18,signup,5.99,5.99
584,429,2024-11-14,cancel,5.99,-5.99
585,430,2024-02-19,signup,5.99,5.99
586,430,2024-03-20,cancel,5.99,-5.99
587,431,2024-02-18,signup,5.99,5.99
588,431,2025-06-12,cancel,5.99,-5.99
589,432,2024-03-09,signup,5.99,5.99
590,432,2024-05-08,cancel,5.99,-5.99
591,433,2024-02-12,signup,5.99,5.99
592,433,2024-05-12,cancel,5.99,-5.99
593,434,2024-03-04,signup,5.99,5.99
594,434,2024-05-03,cancel,5.99,-5.99
595,435,2024-02-13,signup,5.99,5.99
596,435,2024-03-14,cancel,5.99,-5.99
597,436,2024-02-18,signup,5.99,5.99
598,437,2024-03-07,signup,5.99,5.99
599,437,2024-04-06,cancel,5.99,-5.99
600,438,2024-02-29,signup,5.99,5.99
601,438,2024-03-30,cancel,5.99,-5.99
602,439,2024-03-05,signup,5.99,5.99
603,439,2024-04-04,cancel,5.99,-5.99
604,440,2024-02-13,signup,5.99,5.99
605,442,2024-02-09,signup,5.99,5.99
606,442,2024-08-07,cancel,5.99,-5.99
607,444,2024-02-15,signup,5.99,5.99
608,445,2024-02-12,signup,5.99,5.99
609,445,2025-08-05,cancel,5.99,-5.99
610,446,2024-02-20,signup,5.99,5.99
611,447,2024-02-18,signup,5.99,5.99
612,449,2024-03-04,signup,5.99,5.99
613,450,2024-02-24,signup,5.99,5.99
614,451,2024-02-20,signup,5.99,5.99
615,451,2025-01-15,cancel,5.99,-5.99
616,452,2024-03-03,signup,5.99,5.99
617,453,2024-02-24,signup,5.99,5.99
618,453,2024-06-23,cancel,5.99,-5.99
619,454,2024-03-06,signup,5.99,5.99
620,454,2025-06-29,cancel,5.99,-5.99
621,455,2024-02-25,signup,5.99,5.99
622,455,2024-03-26,cancel,5.99,-5.99
623,456,2024-02-29,signup,5.99,5.99
624,456,2025-03-25,cancel,5.99,-5.99
625,457,2024-03-06,signup,5.99,5.99
626,457,2025-11-26,cancel,5.99,-5.99
627,458,2024-03-11,signup,5.99,5.99
628,458,2024-05-10,cancel,5.99,-5.99
629,459,2024-02-12,signup,5.99,5.99
630,459,2024-09-09,cancel,5.99,-5.99
631,460,2024-02-20,signup,5.99,5.99
632,460,2024-03-21,cancel,5.99,-5.99
633,461,2024-02-18,signup,5.99,5.99
634,461,2024-08-16,cancel,5.99,-5.99
635,462,2024-02-27,signup,5.99,5.99
636,462,2024-06-26,cancel,5.99,-5.99
637,463,2024-02-23,signup,5.99,5.99
638,463,2025-06-17,cancel,5.99,-5.99
639,464,2024-02-16,signup,5.99,5.99
640,465,2024-03-05,signup,5.99,5.99
641,466,2024-03-11,signup,5.99,5.99
642,466,2024-04-10,cancel,5.99,-5.99
643,467,2024-03-07,signup,5.99,5.99
644,467,2024-07-05,cancel,5.99,-5.99
645,468,2024-03-06,signup,5.99,5.99
646,469,2024-02-27,signup,5.99,5.99
647,469,2024-03-28,cancel,5.99,-5.99
648,470,2024-03-10,signup,5.99,5.99
649,470,2024-04-09,cancel,5.99,-5.99
650,471,2024-02-16,signup,5.99,5.99
651,471,2024-03-17,cancel,5.99,-5.99
652,472,2024-02-21,signup,5.99,5.99
653,473,2024-02-11,signup,5.99,5.99
654,473,2025-12-02,cancel,5.99,-5.99
655,475,2024-03-05,signup,5.99,5.99
656,475,2024-12-30,cancel,5.99,-5.99
657,476,2024-02-19,signup,5.99,5.99
658,476,2025-02-13,cancel,5.99,-5.99
659,477,2024-03-04,signup,5.99,5.99
660,479,2024-02-22,signup,5.99,5.99
661,479,2024-04-22,cancel,5.99,-5.99
662,480,2024-02-12,signup,5.99,5.99
663,481,2024-02-29,signup,5.99,5.99
664,481,2024-04-29,cancel,5.99,-5.99
665,482,2024-02-21,signup,5.99,5.99
666,482,2024-03-22,cancel,5.99,-5.99
667,483,2024-02-24,signup,5.99,5.99
668,483,2025-10-16,cancel,5.99,-5.99
669,484,2024-02-15,signup,5.99,5.99
670,484,2024-10-12,cancel,5.99,-5.99
671,485,2024-03-04,signup,5.99,5.99
672,487,2024-02-21,signup,5.99,5.99
673,487,2025-09-13,cancel,5.99,-5.99
674,488,2024-03-06,signup,5.99,5.99
675,488,2024-04-05,cancel,5.99,-5.99
676,489,2024-02-28,signup,5.99,5.99
677,491,2024-02-19,signup,5.99,5.99
678,492,2024-03-10,signup,5.99,5.99
679,493,2024-03-09,signup,5.99,5.99
680,494,2024-02-16,signup,5.99,5.99
681,495,2024-03-04,signup,5.99,5.99
682,496,2024-03-13,signup,5.99,5.99
683,498,2024-02-29,signup,5.99,5.99
684,499,2024-02-18,signup,5.99,5.99
685,500,2024-03-01,signup,5.99,5.99
686,501,2024-02-23,signup,5.99,5.99
687,501,2025-07-17,cancel,5.99,-5.99
688,502,2024-03-14,signup,5.99,5.99
689,502,2024-05-13,cancel,5.99,-5.99
690,503,2024-03-05,signup,5.99,5.99
691,503,2025-06-28,cancel,5.99,-5.99
692,504,2024-03-05,signup,5.99,5.99
693,505,2024-03-03,signup,5.99,5.99
694,506,2024-02-19,signup,5.99,5.99
695,506,2024-06-18,cancel,5.99,-5.99
696,507,2024-02-20,signup,5.99,5.99
697,508,2024-03-03,signup,5.99,5.99
698,508,2024-05-02,cancel,5.99,-5.99
699,509,2024-02-20,signup,5.99,5.99
700,509,2024-03-21,cancel,5.99,-5.99
701,511,2024-03-08,signup,5.99,5.99
702,512,2024-03-05,signup,5.99,5.99
703,513,2024-02-20,signup,5.99,5.99
704,513,2025-05-15,cancel,5.99,-5.99
705,514,2024-03-08,signup,5.99,5.99
706,515,2024-02-23,signup,5.99,5.99
707,516,2024-02-24,signup,5.99,5.99
708,517,2024-02-18,signup,5.99,5.99
709,518,2024-03-09,signup,5.99,5.99
710,518,2024-07-07,cancel,5.99,-5.99
711,519,2024-03-09,signup,5.99,5.99
712,520,2024-02-21,signup,5.99,5.99
713,521,2024-02-18,signup,5.99,5.99
714,521,2025-04-13,cancel,5.99,-5.99
715,522,2024-03-06,signup,5.99,5.99
716,522,2025-10-27,cancel,5.99,-5.99
717,523,2024-02-18,signup,5.99,5.99
718,524,2024-02-21,signup,5.99,5.99
719,524,2024-06-20,cancel,5.99,-5.99
720,525,2024-03-05,signup,5.99,5.99
721,525,2024-04-04,cancel,5.99,-5.99
722,526,2024-03-16,signup,5.99,5.99
723,527,2024-03-14,signup,5.99,5.99
724,527,2024-11-09,cancel,5.99,-5.99
725,528,2024-03-03,signup,5.99,5.99
726,528,2025-10-24,cancel,5.99,-5.99
727,529,2024-03-11,signup,5.99,5.99
728,529,2024-07-09,cancel,5.99,-5.99
729,530,2024-03-13,signup,5.99,5.99
730,531,2024-03-11,signup,5.99,5.99
731,531,2025-02-04,cancel,5.99,-5.99
732,532,2024-02-19,signup,5.99,5.99
733,533,2024-02-18,signup,5.99,5.99
734,534,2024-02-21,signup,5.99,5.99
735,535,2024-02-24,signup,5.99,5.99
736,538,2024-02-25,signup,5.99,5.99
737,538,2024-04-25,cancel,5.99,-5.99
738,539,2024-03-12,signup,5.99,5.99
739,540,2024-03-01,signup,5.99,5.99
740,541,2024-02-24,signup,5.99,5.99
741,541,2024-07-23,cancel,5.99,-5.99
742,542,2024-02-23,signup,5.99,5.99
743,542,2024-08-21,cancel,5.99,-5.99
744,543,2024-03-18,signup,5.99,5.99
745,543,2025-05-12,cancel,5.99,-5.99
746,545,2024-03-08,signup,5.99,5.99
747,545,2024-04-07,cancel,5.99,-5.99
748,547,2024-03-14,signup,5.99,5.99
749,547,2025-09-05,cancel,5.99,-5.99
750,548,2024-03-14,signup,5.99,5.99
751,548,2025-11-04,cancel,5.99,-5.99
752,549,2024-03-02,signup,5.99,5.99
753,549,2024-04-01,cancel,5.99,-5.99
754,550,2024-03-15,signup,5.99,5.99
755,551,2024-03-09,signup,5.99,5.99
756,551,2025-12-29,cancel,5.99,-5.99
757,552,2024-02-21,signup,5.99,5.99
758,552,2024-09-18,cancel,5.99,-5.99
759,553,2024-03-19,signup,5.99,5.99
760,553,2024-11-14,cancel,5.99,-5.99
761,554,2024-02-24,signup,5.99,5.99
762,554,2024-11-20,cancel,5.99,-5.99
763,555,2024-02-27,signup,5.99,5.99
764,556,2024-03-19,signup,5.99,5.99
765,557,2024-02-25,signup,5.99,5.99
766,557,2024-07-24,cancel,5.99,-5.99
767,558,2024-03-12,signup,5.99,5.99
768,558,2024-09-08,cancel,5.99,-5.99
769,559,2024-03-13,signup,5.99,5.99
770,559,2024-05-12,cancel,5.99,-5.99
771,560,2024-02-22,signup,5.99,5.99
772,561,2024-03-14,signup,5.99,5.99
773,561,2024-04-13,cancel,5.99,-5.99
774,562,2024-03-20,signup,5.99,5.99
775,563,2024-03-07,signup,5.99,5.99
776,564,2024-02-20,signup,5.99,5.99
777,564,2024-05-20,cancel,5.99,-5.99
778,565,2024-03-06,signup,5.99,5.99
779,565,2024-04-05,cancel,5.99,-5.99
780,566,2024-02-23,signup,5.99,5.99
781,566,2024-03-24,cancel,5.99,-5.99
782,567,2024-02-20,signup,5.99,5.99
783,568,2024-02-29,signup,5.99,5.99
784,568,2024-06-28,cancel,5.99,-5.99
785,569,2024-02-26,signup,5.99,5.99
786,570,2024-03-18,signup,5.99,5.99
787,570,2024-05-17,cancel,5.99,-5.99
788,571,2024-02-27,signup,5.99,5.99
789,571,2024-04-27,cancel,5.99,-5.99
790,572,2024-02-28,signup,5.99,5.99
791,572,2025-12-19,cancel,5.99,-5.99
792,573,2024-02-26,signup,5.99,5.99
793,574,2024-03-09,signup,5.99,5.99
794,575,2024-03-13,signup,5.99,5.99
795,575,2025-09-04,cancel,5.99,-5.99
796,576,2024-03-15,signup,5.99,5.99
797,577,2024-03-04,signup,5.99,5.99
798,578,2024-03-22,signup,5.99,5.99
799,578,2024-04-21,cancel,5.99,-5.99
800,579,2024-03-13,signup,5.99,5.99
801,580,2024-03-06,signup,5.99,5.99
802,580,2024-04-05,cancel,5.99,-5.99
803,581,2024-03-03,signup,5.99,5.99
804,581,2025-06-26,cancel,5.99,-5.99
805,582,2024-03-13,signup,5.99,5.99
806,582,2024-10-09,cancel,5.99,-5.99
807,583,2024-03-19,signup,5.99,5.99
808,583,2024-04-18,cancel,5.99,-5.99
809,584,2024-03-04,signup,5.99,5.99
810,584,2024-08-01,cancel,5.99,-5.99
811,585,2024-03-09,signup,5.99,5.99
812,585,2025-08-31,cancel,5.99,-5.99
813,586,2024-02-29,signup,5.99,5.99
814,587,2024-02-26,signup,5.99,5.99
815,588,2024-03-10,signup,5.99,5.99
816,588,2025-01-04,cancel,5.99,-5.99
817,589,2024-03-17,signup,5.99,5.99
818,589,2025-02-10,cancel,5.99,-5.99
819,591,2024-02-24,signup,5.99,5.99
820,592,2024-02-24,signup,5.99,5.99
821,592,2025-06-18,cancel,5.99,-5.99
822,593,2024-02-27,signup,5.99,5.99
823,594,2024-03-02,signup,5.99,5.99
824,595,2024-03-15,signup,5.99,5.99
825,596,2024-02-26,signup,5.99,5.99
826,596,2024-06-25,cancel,5.99,-5.99
827,598,2024-03-12,signup,5.99,5.99
828,598,2024-04-11,cancel,5.99,-5.99
829,599,2024-02-23,signup,5.99,5.99
830,599,2025-05-18,cancel,5.99,-5.99
831,600,2024-02-22,signup,5.99,5.99
832,601,2024-03-10,signup,5.99,5.99
833,601,2024-09-06,cancel,5.99,-5.99
834,602,2024-03-21,signup,5.99,5.99
835,603,2024-03-15,signup,5.99,5.99
836,604,2024-02-29,signup,5.99,5.99
837,604,2024-04-29,cancel,5.99,-5.99
838,605,2024-03-09,signup,5.99,5.99
839,606,2024-03-08,signup,5.99,5.99
840,607,2024-02-27,signup,5.99,5.99
841,607,2024-04-27,cancel,5.99,-5.99
842,608,2024-03-06,signup,5.99,5.99
843,608,2025-09-27,cancel,5.99,-5.99
844,609,2024-03-22,signup,5.99,5.99
845,610,2024-03-17,signup,5.99,5.99
846,611,2024-03-07,signup,5.99,5.99
847,611,2025-10-28,cancel,5.99,-5.99
848,612,2024-03-20,signup,5.99,5.99
849,612,2025-05-14,cancel,5.99,-5.99
850,614,2024-03-04,signup,5.99,5.99
851,615,2024-03-08,signup,5.99,5.99
852,615,2024-04-07,cancel,5.99,-5.99
853,616,2024-03-18,signup,5.99,5.99
854,617,2024-02-27,signup,5.99,5.99
855,618,2024-03-03,signup,5.99,5.99
856,618,2024-07-01,cancel,5.99,-5.99
857,619,2024-03-06,signup,5.99,5.99
858,620,2024-03-21,signup,5.99,5.99
859,620,2025-08-13,cancel,5.99,-5.99
860,621,2024-03-16,signup,5.99,5.99
861,621,2025-10-07,cancel,5.99,-5.99
862,622,2024-03-07,signup,5.99,5.99
863,623,2024-03-03,signup,5.99,5.99
864,623,2024-07-01,cancel,5.99,-5.99
865,624,2024-02-28,signup,5.99,5.99
866,625,2024-03-24,signup,5.99,5.99
867,626,2024-03-18,signup,5.99,5.99
868,626,2024-04-17,cancel,5.99,-5.99
869,628,2024-03-16,signup,5.99,5.99
870,628,2024-07-14,cancel,5.99,-5.99
871,629,2024-03-08,signup,5.99,5.99
872,629,2024-09-04,cancel,5.99,-5.99
873,630,2024-03-25,signup,5.99,5.99
874,630,2024-05-24,cancel,5.99,-5.99
875,632,2024-03-07,signup,5.99,5.99
876,633,2024-03-23,signup,5.99,5.99
877,634,2024-03-23,signup,5.99,5.99
878,634,2024-05-22,cancel,5.99,-5.99
879,635,2024-03-12,signup,5.99,5.99
880,635,2025-02-05,cancel,5.99,-5.99
881,636,2024-02-28,signup,5.99,5.99
882,636,2025-01-23,cancel,5.99,-5.99
883,638,2024-03-15,signup,5.99,5.99
884,638,2025-12-05,cancel,5.99,-5.99
885,639,2024-03-13,signup,5.99,5.99
886,639,2024-05-12,cancel,5.99,-5.99
887,640,2024-02-26,signup,5.99,5.99
888,641,2024-03-12,signup,5.99,5.99
889,642,2024-03-13,signup,5.99,5.99
890,642,2024-05-12,cancel,5.99,-5.99
891,643,2024-03-05,signup,5.99,5.99
892,645,2024-03-13,signup,5.99,5.99
893,645,2024-07-11,cancel,5.99,-5.99
894,646,2024-03-17,signup,5.99,5.99
895,646,2024-08-14,cancel,5.99,-5.99
896,647,2024-03-04,signup,5.99,5.99
897,647,2024-08-01,cancel,5.99,-5.99
898,648,2024-03-01,signup,5.99,5.99
899,649,2024-03-21,signup,5.99,5.99
900,650,2024-03-07,signup,5.99,5.99
901,650,2025-10-28,cancel,5.99,-5.99
902,651,2024-03-26,signup,5.99,5.99
903,651,2024-04-25,cancel,5.99,-5.99
904,652,2024-03-07,signup,5.99,5.99
905,653,2024-03-15,signup,5.99,5.99
906,653,2024-08-12,cancel,5.99,-5.99
907,654,2024-03-28,signup,5.99,5.99
908,654,2025-12-18,cancel,5.99,-5.99
909,655,2024-03-09,signup,5.99,5.99
910,655,2024-04-08,cancel,5.99,-5.99
911,656,2024-03-18,signup,5.99,5.99
912,657,2024-03-03,signup,5.99,5.99
913,657,2025-01-27,cancel,5.99,-5.99
914,660,2024-03-05,signup,5.99,5.99
915,660,2024-04-04,cancel,5.99,-5.99
916,661,2024-03-13,signup,5.99,5.99
917,661,2024-06-11,cancel,5.99,-5.99
918,662,2024-03-01,signup,5.99,5.99
919,662,2024-03-31,cancel,5.99,-5.99
920,663,2024-02-28,signup,5.99,5.99
921,664,2024-03-21,signup,5.99,5.99
922,664,2024-04-20,cancel,5.99,-5.99
923,665,2024-02-29,signup,5.99,5.99
924,665,2024-04-29,cancel,5.99,-5.99
925,666,2024-02-29,signup,5.99,5.99
926,667,2024-02-29,signup,5.99,5.99
927,668,2024-03-22,signup,5.99,5.99
928,668,2024-08-19,cancel,5.99,-5.99
929,669,2024-03-04,signup,5.99,5.99
930,669,2025-01-28,cancel,5.99,-5.99
931,670,2024-03-05,signup,5.99,5.99
932,672,2024-03-27,signup,5.99,5.99
933,672,2025-10-18,cancel,5.99,-5.99
934,673,2024-03-11,signup,5.99,5.99
935,674,2024-02-29,signup,5.99,5.99
936,675,2024-03-21,signup,5.99,5.99
937,676,2024-03-08,signup,5.99,5.99
938,676,2024-07-06,cancel,5.99,-5.99
939,677,2024-03-01,signup,5.99,5.99
940,677,2024-03-31,cancel,5.99,-5.99
941,679,2024-03-02,signup,5.99,5.99
942,680,2024-03-04,signup,5.99,5.99
943,681,2024-03-03,signup,5.99,5.99
944,683,2024-03-23,signup,5.99,5.99
945,683,2024-04-22,cancel,5.99,-5.99
946,684,2024-03-13,signup,5.99,5.99
947,685,2024-03-08,signup,5.99,5.99
948,685,2024-05-07,cancel,5.99,-5.99
949,686,2024-03-20,signup,5.99,5.99
950,687,2024-03-03,signup,5.99,5.99
951,688,2024-03-29,signup,5.99,5.99
952,688,2025-02-22,cancel,5.99,-5.99
953,689,2024-03-26,signup,5.99,5.99
954,689,2024-04-25,cancel,5.99,-5.99
955,691,2024-03-13,signup,5.99,5.99
956,691,2025-06-06,cancel,5.99,-5.99
957,692,2024-03-19,signup,5.99,5.99
958,692,2024-07-17,cancel,5.99,-5.99
959,693,2024-03-21,signup,5.99,5.99
960,693,2024-12-16,cancel,5.99,-5.99
961,694,2024-03-31,signup,5.99,5.99
962,695,2024-03-03,signup,5.99,5.99
963,696,2024-03-19,signup,5.99,5.99
964,697,2024-03-18,signup,5.99,5.99
965,697,2024-04-17,cancel,5.99,-5.99
966,698,2024-03-06,signup,5.99,5.99
967,699,2024-03-25,signup,5.99,5.99
968,699,2024-04-24,cancel,5.99,-5.99
969,700,2024-03-14,signup,5.99,5.99
970,700,2025-12-04,cancel,5.99,-5.99
971,701,2024-03-23,signup,5.99,5.99
972,701,2024-06-21,cancel,5.99,-5.99
973,702,2024-03-16,signup,5.99,5.99
974,703,2024-03-03,signup,5.99,5.99
975,703,2024-10-29,cancel,5.99,-5.99
976,704,2024-03-22,signup,5.99,5.99
977,705,2024-03-24,signup,5.99,5.99
978,706,2024-03-10,signup,5.99,5.99
979,707,2024-03-08,signup,5.99,5.99
980,708,2024-03-17,signup,5.99,5.99
981,708,2025-02-10,cancel,5.99,-5.99
982,709,2024-03-23,signup,5.99,5.99
983,709,2024-04-22,cancel,5.99,-5.99
984,710,2024-03-22,signup,5.99,5.99
985,712,2024-03-17,signup,5.99,5.99
986,714,2024-03-17,signup,5.99,5.99
987,715,2024-03-21,signup,5.99,5.99
988,715,2024-04-20,cancel,5.99,-5.99
989,716,2024-03-29,signup,5.99,5.99
990,716,2024-04-28,cancel,5.99,-5.99
991,717,2024-03-27,signup,5.99,5.99
992,718,2024-03-27,signup,5.99,5.99
993,719,2024-03-22,signup,5.99,5.99
994,719,2024-07-20,cancel,5.99,-5.99
995,720,2024-03-10,signup,5.99,5.99
996,721,2024-03-09,signup,5.99,5.99
997,722,2024-03-14,signup,5.99,5.99
998,722,2024-06-12,cancel,5.99,-5.99
999,723,2024-04-03,signup,5.99,5.99
1000,723,2024-06-02,cancel,5.99,-5.99
1001,724,2024-03-27,signup,5.99,5.99
1002,724,2024-07-25,cancel,5.99,-5.99
1003,725,2024-03-27,signup,5.99,5.99
1004,726,2024-03-16,signup,5.99,5.99
1005,726,2024-04-15,cancel,5.99,-5.99
1006,727,2024-03-31,signup,5.99,5.99
1007,728,2024-04-01,signup,5.99,5.99
1008,729,2024-03-07,signup,5.99,5.99
1009,729,2024-12-02,cancel,5.99,-5.99
1010,730,2024-03-17,signup,5.99,5.99
1011,731,2024-04-01,signup,5.99,5.99
1012,732,2024-03-14,signup,5.99,5.99
1013,732,2024-05-13,cancel,5.99,-5.99
1014,733,2024-03-14,signup,5.99,5.99
1015,734,2024-03-12,signup,5.99,5.99
1016,735,2024-03-14,signup,5.99,5.99
1017,735,2024-05-13,cancel,5.99,-5.99
1018,736,2024-03-17,signup,5.99,5.99
1019,736,2024-05-16,cancel,5.99,-5.99
1020,737,2024-03-27,signup,5.99,5.99
1021,739,2024-03-05,signup,5.99,5.99
1022,740,2024-03-21,signup,5.99,5.99
1023,741,2024-03-18,signup,5.99,5.99
1024,741,2025-09-09,cancel,5.99,-5.99
1025,742,2024-03-07,signup,5.99,5.99
1026,743,2024-03-23,signup,5.99,5.99
1027,743,2025-05-17,cancel,5.99,-5.99
1028,744,2024-03-28,signup,5.99,5.99
1029,745,2024-03-23,signup,5.99,5.99
1030,746,2024-03-24,signup,5.99,5.99
1031,746,2024-09-20,cancel,5.99,-5.99
1032,747,2024-03-20,signup,5.99,5.99
1033,747,2024-04-19,cancel,5.99,-5.99
1034,748,2024-03-23,signup,5.99,5.99
1035,748,2025-11-13,cancel,5.99,-5.99
1036,749,2024-03-22,signup,5.99,5.99
1037,749,2024-04-21,cancel,5.99,-5.99
1038,750,2024-03-12,signup,5.99,5.99
1039,751,2024-04-02,signup,5.99,5.99
1040,751,2024-05-02,cancel,5.99,-5.99
1041,752,2024-03-11,signup,5.99,5.99
1042,752,2024-05-10,cancel,5.99,-5.99
1043,753,2024-03-17,signup,5.99,5.99
1044,754,2024-03-17,signup,5.99,5.99
1045,755,2024-03-13,signup,5.99,5.99
1046,756,2024-03-12,signup,5.99,5.99
1047,756,2024-04-11,cancel,5.99,-5.99
1048,757,2024-04-05,signup,5.99,5.99
1049,757,2024-06-04,cancel,5.99,-5.99
1050,758,2024-03-29,signup,5.99,5.99
1051,758,2024-04-28,cancel,5.99,-5.99
1052,759,2024-03-17,signup,5.99,5.99
1053,759,2025-06-10,cancel,5.99,-5.99
1054,760,2024-03-11,signup,5.99,5.99
1055,760,2025-08-03,cancel,5.99,-5.99
1056,761,2024-03-20,signup,5.99,5.99
1057,761,2025-03-15,cancel,5.99,-5.99
1058,762,2024-03-19,signup,5.99,5.99
1059,763,2024-03-10,signup,5.99,5.99
1060,764,2024-03-18,signup,5.99,5.99
1061,765,2024-04-06,signup,5.99,5.99
1062,766,2024-03-18,signup,5.99,5.99
1063,766,2024-04-17,cancel,5.99,-5.99
1064,767,2024-04-07,signup,5.99,5.99
1065,767,2025-09-29,cancel,5.99,-5.99
1066,768,2024-04-04,signup,5.99,5.99
1067,768,2025-02-28,cancel,5.99,-5.99
1068,769,2024-03-22,signup,5.99,5.99
1069,769,2025-04-16,cancel,5.99,-5.99
1070,770,2024-04-02,signup,5.99,5.99
1071,771,2024-03-10,signup,5.99,5.99
1072,772,2024-03-24,signup,5.99,5.99
1073,773,2024-03-15,signup,5.99,5.99
1074,773,2024-04-14,cancel,5.99,-5.99
1075,774,2024-03-13,signup,5.99,5.99
1076,774,2024-04-12,cancel,5.99,-5.99
1077,775,2024-03-19,signup,5.99,5.99
1078,775,2025-04-13,cancel,5.99,-5.99
1079,776,2024-04-01,signup,5.99,5.99
1080,776,2025-10-23,cancel,5.99,-5.99
1081,777,2024-03-25,signup,5.99,5.99
1082,777,2024-12-20,cancel,5.99,-5.99
1083,778,2024-04-01,signup,5.99,5.99
1084,779,2024-04-01,signup,5.99,5.99
1085,780,2024-03-19,signup,5.99,5.99
1086,780,2025-11-09,cancel,5.99,-5.99
1087,781,2024-04-02,signup,5.99,5.99
1088,782,2024-03-15,signup,5.99,5.99
1089,782,2024-04-14,cancel,5.99,-5.99
1090,784,2024-03-10,signup,5.99,5.99
1091,785,2024-04-08,signup,5.99,5.99
1092,785,2024-12-04,cancel,5.99,-5.99
1093,786,2024-03-15,signup,5.99,5.99
1094,787,2024-03-28,signup,5.99,5.99
1095,788,2024-03-18,signup,5.99,5.99
1096,788,2024-04-17,cancel,5.99,-5.99
1097,789,2024-03-14,signup,5.99,5.99
1098,789,2025-04-08,cancel,5.99,-5.99
1099,790,2024-04-05,signup,5.99,5.99
1100,792,2024-03-27,signup,5.99,5.99
1101,793,2024-03-22,signup,5.99,5.99
1102,794,2024-03-25,signup,5.99,5.99
1103,794,2024-05-24,cancel,5.99,-5.99
1104,795,2024-03-13,signup,5.99,5.99
1105,795,2024-07-11,cancel,5.99,-5.99
1106,796,2024-03-10,signup,5.99,5.99
1107,797,2024-03-24,signup,5.99,5.99
1108,798,2024-03-28,signup,5.99,5.99
1109,798,2024-05-27,cancel,5.99,-5.99
1110,799,2024-04-10,signup,5.99,5.99
1111,800,2024-03-19,signup,5.99,5.99
1112,800,2024-04-18,cancel,5.99,-5.99
1113,801,2024-03-25,signup,5.99,5.99
1114,802,2024-03-12,signup,5.99,5.99
1115,803,2024-03-16,signup,5.99,5.99
1116,803,2024-05-15,cancel,5.99,-5.99
1117,806,2024-03-31,signup,5.99,5.99
1118,806,2025-06-24,cancel,5.99,-5.99
1119,807,2024-03-26,signup,5.99,5.99
1120,808,2024-04-07,signup,5.99,5.99
1121,809,2024-03-18,signup,5.99,5.99
1122,809,2024-04-17,cancel,5.99,-5.99
1123,810,2024-04-03,signup,5.99,5.99
1124,811,2024-03-25,signup,5.99,5.99
1125,812,2024-03-31,signup,5.99,5.99
1126,812,2024-09-27,cancel,5.99,-5.99
1127,813,2024-04-03,signup,5.99,5.99
1128,814,2024-04-04,signup,5.99,5.99
1129,814,2024-09-01,cancel,5.99,-5.99
1130,815,2024-03-26,signup,5.99,5.99
1131,817,2024-03-28,signup,5.99,5.99
1132,817,2025-04-22,cancel,5.99,-5.99
1133,819,2024-03-19,signup,5.99,5.99
1134,820,2024-04-03,signup,5.99,5.99
1135,821,2024-04-10,signup,5.99,5.99
1136,821,2024-05-10,cancel,5.99,-5.99
1137,822,2024-03-19,signup,5.99,5.99
1138,822,2025-05-13,cancel,5.99,-5.99
1139,823,2024-04-02,signup,5.99,5.99
1140,823,2024-10-29,cancel,5.99,-5.99
1141,824,2024-03-19,signup,5.99,5.99
1142,824,2024-08-16,cancel,5.99,-5.99
1143,825,2024-04-02,signup,5.99,5.99
1144,826,2024-03-26,signup,5.99,5.99
1145,826,2024-08-23,cancel,5.99,-5.99
1146,828,2024-03-13,signup,5.99,5.99
1147,828,2024-05-12,cancel,5.99,-5.99
1148,829,2024-03-30,signup,5.99,5.99
1149,830,2024-04-04,signup,5.99,5.99
1150,831,2024-04-10,signup,5.99,5.99
1151,831,2024-12-06,cancel,5.99,-5.99
1152,832,2024-03-17,signup,5.99,5.99
1153,832,2025-11-07,cancel,5.99,-5.99
1154,833,2024-04-01,signup,5.99,5.99
1155,834,2024-04-10,signup,5.99,5.99
1156,834,2024-11-06,cancel,5.99,-5.99
1157,835,2024-03-26,signup,5.99,5.99
1158,836,2024-03-18,signup,5.99,5.99
1159,837,2024-04-07,signup,5.99,5.99
1160,837,2025-12-28,cancel,5.99,-5.99
1161,838,2024-04-06,signup,5.99,5.99
1162,839,2024-03-22,signup,5.99,5.99
1163,840,2024-03-24,signup,5.99,5.99
1164,840,2024-07-22,cancel,5.99,-5.99
1165,841,2024-03-20,signup,5.99,5.99
1166,841,2025-06-13,cancel,5.99,-5.99
1167,843,2024-03-17,signup,5.99,5.99
1168,844,2024-03-31,signup,5.99,5.99
1169,844,2024-04-30,cancel,5.99,-5.99
1170,845,2024-03-28,signup,5.99,5.99
1171,845,2024-05-27,cancel,5.99,-5.99
1172,846,2024-03-29,signup,5.99,5.99
1173,846,2024-04-28,cancel,5.99,-5.99
1174,847,2024-03-15,signup,5.99,5.99
1175,847,2024-07-13,cancel,5.99,-5.99
1176,848,2024-04-01,signup,5.99,5.99
1177,849,2024-03-23,signup,5.99,5.99
1178,850,2024-03-31,signup,5.99,5.99
1179,852,2024-03-16,signup,5.99,5.99
1180,852,2024-10-12,cancel,5.99,-5.99
1181,854,2024-04-06,signup,5.99,5.99
1182,854,2024-09-03,cancel,5.99,-5.99
1183,855,2024-04-12,signup,5.99,5.99
1184,856,2024-03-18,signup,5.99,5.99
1185,856,2024-07-16,cancel,5.99,-5.99
1186,857,2024-03-31,signup,5.99,5.99
1187,857,2024-04-30,cancel,5.99,-5.99
1188,858,2024-04-07,signup,5.99,5.99
1189,858,2025-10-29,cancel,5.99,-5.99
1190,859,2024-04-06,signup,5.99,5.99
1191,859,2024-05-06,cancel,5.99,-5.99
1192,860,2024-04-04,signup,5.99,5.99
1193,860,2024-06-03,cancel,5.99,-5.99
1194,861,2024-03-29,signup,5.99,5.99
1195,862,2024-03-28,signup,5.99,5.99
1196,862,2024-10-24,cancel,5.99,-5.99
1197,863,2024-03-26,signup,5.99,5.99
1198,864,2024-03-23,signup,5.99,5.99
1199,865,2024-03-18,signup,5.99,5.99
1200,866,2024-04-02,signup,5.99,5.99
1201,866,2025-04-27,cancel,5.99,-5.99
1202,867,2024-03-22,signup,5.99,5.99
1203,868,2024-03-20,signup,5.99,5.99
1204,868,2024-06-18,cancel,5.99,-5.99
1205,869,2024-04-02,signup,5.99,5.99
1206,869,2024-08-30,cancel,5.99,-5.99
1207,871,2024-03-23,signup,5.99,5.99
1208,872,2024-04-15,signup,5.99,5.99
1209,872,2024-05-15,cancel,5.99,-5.99
1210,873,2024-03-27,signup,5.99,5.99
1211,873,2025-09-18,cancel,5.99,-5.99
1212,874,2024-03-23,signup,5.99,5.99
1213,874,2024-07-21,cancel,5.99,-5.99
1214,875,2024-03-20,signup,5.99,5.99
1215,875,2024-07-18,cancel,5.99,-5.99
1216,876,2024-04-12,signup,5.99,5.99
1217,877,2024-03-25,signup,5.99,5.99
1218,878,2024-04-09,signup,5.99,5.99
1219,878,2024-12-05,cancel,5.99,-5.99
1220,879,2024-03-22,signup,5.99,5.99
1221,879,2024-04-21,cancel,5.99,-5.99
1222,880,2024-03-23,signup,5.99,5.99
1223,880,2025-08-15,cancel,5.99,-5.99
1224,881,2024-03-31,signup,5.99,5.99
1225,882,2024-03-25,signup,5.99,5.99
1226,882,2024-04-24,cancel,5.99,-5.99
1227,883,2024-04-11,signup,5.99,5.99
1228,883,2024-09-08,cancel,5.99,-5.99
1229,884,2024-04-15,signup,5.99,5.99
1230,886,2024-04-11,signup,5.99,5.99
1231,887,2024-04-06,signup,5.99,5.99
1232,888,2024-04-13,signup,5.99,5.99
1233,888,2024-06-12,cancel,5.99,-5.99
1234,889,2024-03-29,signup,5.99,5.99
1235,889,2024-05-28,cancel,5.99,-5.99
1236,890,2024-03-25,signup,5.99,5.99
1237,890,2024-05-24,cancel,5.99,-5.99
1238,891,2024-04-14,signup,5.99,5.99
1239,892,2024-03-23,signup,5.99,5.99
1240,893,2024-04-16,signup,5.99,5.99
1241,894,2024-03-27,signup,5.99,5.99
1242,895,2024-04-09,signup,5.99,5.99
1243,896,2024-04-13,signup,5.99,5.99
1244,897,2024-03-20,signup,5.99,5.99
1245,897,2024-06-18,cancel,5.99,-5.99
1246,898,2024-03-23,signup,5.99,5.99
1247,899,2024-03-24,signup,5.99,5.99
1248,900,2024-04-05,signup,5.99,5.99
1249,901,2024-04-05,signup,5.99,5.99
1250,901,2024-06-04,cancel,5.99,-5.99
1251,902,2024-04-16,signup,5.99,5.99
1252,902,2024-06-15,cancel,5.99,-5.99
1253,903,2024-04-02,signup,5.99,5.99
1254,904,2024-04-09,signup,5.99,5.99
1255,905,2024-03-26,signup,5.99,5.99
1256,906,2024-03-22,signup,5.99,5.99
1257,908,2024-04-11,signup,5.99,5.99
1258,908,2024-05-11,cancel,5.99,-5.99
1259,909,2024-04-10,signup,5.99,5.99
1260,910,2024-03-22,signup,5.99,5.99
1261,911,2024-04-03,signup,5.99,5.99
1262,914,2024-04-14,signup,5.99,5.99
1263,915,2024-03-23,signup,5.99,5.99
1264,915,2025-05-17,cancel,5.99,-5.99
1265,916,2024-03-29,signup,5.99,5.99
1266,917,2024-03-25,signup,5.99,5.99
1267,918,2024-04-20,signup,5.99,5.99
1268,919,2024-03-31,signup,5.99,5.99
1269,920,2024-04-09,signup,5.99,5.99
1270,920,2024-06-08,cancel,5.99,-5.99
1271,921,2024-03-25,signup,5.99,5.99
1272,921,2025-10-16,cancel,5.99,-5.99
1273,922,2024-04-05,signup,5.99,5.99
1274,923,2024-04-03,signup,5.99,5.99
1275,923,2024-11-29,cancel,5.99,-5.99
1276,924,2024-03-24,signup,5.99,5.99
1277,924,2025-03-19,cancel,5.99,-5.99
1278,925,2024-04-01,signup,5.99,5.99
1279,925,2025-04-26,cancel,5.99,-5.99
1280,926,2024-04-13,signup,5.99,5.99
1281,926,2025-10-05,cancel,5.99,-5.99
1282,927,2024-04-15,signup,5.99,5.99
1283,927,2024-06-14,cancel,5.99,-5.99
1284,929,2024-04-17,signup,5.99,5.99
1285,930,2024-03-23,signup,5.99,5.99
1286,930,2024-11-18,cancel,5.99,-5.99
1287,931,2024-04-09,signup,5.99,5.99
1288,932,2024-03-25,signup,5.99,5.99
1289,933,2024-03-29,signup,5.99,5.99
1290,934,2024-04-03,signup,5.99,5.99
1291,935,2024-04-11,signup,5.99,5.99
1292,935,2024-06-10,cancel,5.99,-5.99
1293,936,2024-04-17,signup,5.99,5.99
1294,936,2024-05-17,cancel,5.99,-5.99
1295,937,2024-04-22,signup,5.99,5.99
1296,938,2024-04-07,signup,5.99,5.99
1297,938,2024-06-06,cancel,5.99,-5.99
1298,939,2024-04-03,signup,5.99,5.99
1299,939,2024-05-03,cancel,5.99,-5.99
1300,940,2024-04-05,signup,5.99,5.99
1301,940,2025-05-30,cancel,5.99,-5.99
1302,941,2024-04-19,signup,5.99,5.99
1303,941,2024-06-18,cancel,5.99,-5.99
1304,943,2024-04-01,signup,5.99,5.99
1305,943,2024-08-29,cancel,5.99,-5.99
1306,944,2024-04-02,signup,5.99,5.99
1307,945,2024-04-04,signup,5.99,5.99
1308,945,2025-05-29,cancel,5.99,-5.99
1309,946,2024-04-08,signup,5.99,5.99
1310,946,2024-07-07,cancel,5.99,-5.99
1311,947,2024-04-09,signup,5.99,5.99
1312,947,2025-11-30,cancel,5.99,-5.99
1313,948,2024-04-10,signup,5.99,5.99
1314,949,2024-03-27,signup,5.99,5.99
1315,949,2024-04-26,cancel,5.99,-5.99
1316,950,2024-04-11,signup,5.99,5.99
1317,950,2024-10-08,cancel,5.99,-5.99
1318,951,2024-03-29,signup,5.99,5.99
1319,951,2024-06-27,cancel,5.99,-5.99
1320,952,2024-04-16,signup,5.99,5.99
1321,952,2025-05-11,cancel,5.99,-5.99
1322,953,2024-03-28,signup,5.99,5.99
1323,954,2024-04-15,signup,5.99,5.99
1324,954,2025-01-10,cancel,5.99,-5.99
1325,955,2024-04-06,signup,5.99,5.99
1326,956,2024-04-17,signup,5.99,5.99
1327,956,2025-04-12,cancel,5.99,-5.99
1328,958,2024-03-25,signup,5.99,5.99
1329,958,2024-04-24,cancel,5.99,-5.99
1330,959,2024-04-17,signup,5.99,5.99
1331,959,2025-05-12,cancel,5.99,-5.99
1332,960,2024-03-31,signup,5.99,5.99
1333,961,2024-03-24,signup,5.99,5.99
1334,961,2024-10-20,cancel,5.99,-5.99
1335,962,2024-04-21,signup,5.99,5.99
1336,962,2024-05-21,cancel,5.99,-5.99
1337,963,2024-04-24,signup,5.99,5.99
1338,965,2024-04-21,signup,5.99,5.99
1339,965,2024-05-21,cancel,5.99,-5.99
1340,966,2024-04-02,signup,5.99,5.99
1341,967,2024-04-18,signup,5.99,5.99
1342,969,2024-04-13,signup,5.99,5.99
1343,970,2024-04-07,signup,5.99,5.99
1344,970,2025-07-31,cancel,5.99,-5.99
1345,971,2024-04-18,signup,5.99,5.99
1346,972,2024-03-26,signup,5.99,5.99
1347,972,2024-08-23,cancel,5.99,-5.99
1348,974,2024-04-08,signup,5.99,5.99
1349,975,2024-04-12,signup,5.99,5.99
1350,976,2024-03-31,signup,5.99,5.99
1351,976,2024-05-30,cancel,5.99,-5.99
1352,978,2024-04-01,signup,5.99,5.99
1353,979,2024-04-09,signup,5.99,5.99
1354,980,2024-04-16,signup,5.99,5.99
1355,980,2025-09-08,cancel,5.99,-5.99
1356,981,2024-04-04,signup,5.99,5.99
1357,983,2024-04-17,signup,5.99,5.99
1358,984,2024-04-17,signup,5.99,5.99
1359,984,2025-06-11,cancel,5.99,-5.99
1360,985,2024-04-08,signup,5.99,5.99
1361,985,2024-05-08,cancel,5.99,-5.99
1362,987,2024-04-08,signup,5.99,5.99
1363,989,2024-04-03,signup,5.99,5.99
1364,990,2024-04-23,signup,5.99,5.99
1365,991,2024-04-16,signup,5.99,5.99
1366,992,2024-04-15,signup,5.99,5.99
1367,992,2024-08-13,cancel,5.99,-5.99
1368,993,2024-03-29,signup,5.99,5.99
1369,994,2024-04-24,signup,5.99,5.99
1370,996,2024-04-17,signup,5.99,5.99
1371,997,2024-04-08,signup,5.99,5.99
1372,998,2024-04-13,signup,5.99,5.99
1373,999,2024-04-07,signup,5.99,5.99
1374,999,2024-07-06,cancel,5.99,-5.99
1375,1000,2024-04-17,signup,5.99,5.99
1376,1000,2025-03-13,cancel,5.99,-5.99
1377,1001,2024-04-20,signup,5.99,5.99
1378,1002,2024-04-02,signup,5.99,5.99
1379,1002,2024-12-28,cancel,5.99,-5.99
1380,1003,2024-04-03,signup,5.99,5.99
1381,1004,2024-04-16,signup,5.99,5.99
1382,1005,2024-04-02,signup,5.99,5.99
1383,1006,2024-04-24,signup,5.99,5.99
1384,1007,2024-04-24,signup,5.99,5.99
1385,1008,2024-04-16,signup,5.99,5.99
1386,1008,2024-07-15,cancel,5.99,-5.99
1387,1009,2024-04-26,signup,5.99,5.99
1388,1010,2024-04-16,signup,5.99,5.99
1389,1011,2024-04-09,signup,5.99,5.99
1390,1011,2024-06-08,cancel,5.99,-5.99
1391,1012,2024-04-27,signup,5.99,5.99
1392,1012,2024-05-27,cancel,5.99,-5.99
1393,1013,2024-04-10,signup,5.99,5.99
1394,1013,2024-06-09,cancel,5.99,-5.99
1395,1014,2024-04-21,signup,5.99,5.99
1396,1014,2024-07-20,cancel,5.99,-5.99
1397,1015,2024-03-30,signup,5.99,5.99
1398,1015,2025-12-20,cancel,5.99,-5.99
1399,1016,2024-04-20,signup,5.99,5.99
1400,1017,2024-04-20,signup,5.99,5.99
1401,1017,2025-01-15,cancel,5.99,-5.99
1402,1018,2024-04-03,signup,5.99,5.99
1403,1020,2024-04-15,signup,5.99,5.99
1404,1020,2024-05-15,cancel,5.99,-5.99
1405,1021,2024-04-14,signup,5.99,5.99
1406,1021,2024-08-12,cancel,5.99,-5.99
1407,1023,2024-04-01,signup,5.99,5.99
1408,1023,2024-06-30,cancel,5.99,-5.99
1409,1024,2024-04-19,signup,5.99,5.99
1410,1024,2024-05-19,cancel,5.99,-5.99
1411,1026,2024-04-23,signup,5.99,5.99
1412,1026,2024-06-22,cancel,5.99,-5.99
1413,1027,2024-04-20,signup,5.99,5.99
1414,1027,2024-05-20,cancel,5.99,-5.99
1415,1028,2024-04-29,signup,5.99,5.99
1416,1028,2024-05-29,cancel,5.99,-5.99
1417,1029,2024-04-03,signup,5.99,5.99
1418,1031,2024-04-28,signup,5.99,5.99
1419,1031,2024-05-28,cancel,5.99,-5.99
1420,1032,2024-04-13,signup,5.99,5.99
1421,1032,2025-12-04,cancel,5.99,-5.99
1422,1033,2024-04-21,signup,5.99,5.99
1423,1033,2024-10-18,cancel,5.99,-5.99
1424,1034,2024-04-01,signup,5.99,5.99
1425,1034,2025-02-25,cancel,5.99,-5.99
1426,1035,2024-04-06,signup,5.99,5.99
1427,1036,2024-04-19,signup,5.99,5.99
1428,1037,2024-04-24,signup,5.99,5.99
1429,1038,2024-04-04,signup,5.99,5.99
1430,1039,2024-04-11,signup,5.99,5.99
1431,1040,2024-04-13,signup,5.99,5.99
1432,1041,2024-04-24,signup,5.99,5.99
1433,1042,2024-03-31,signup,5.99,5.99
1434,1044,2024-04-20,signup,5.99,5.99
1435,1044,2024-09-17,cancel,5.99,-5.99
1436,1045,2024-04-17,signup,5.99,5.99
1437,1045,2025-03-13,cancel,5.99,-5.99
1438,1046,2024-04-09,signup,5.99,5.99
1439,1047,2024-04-01,signup,5.99,5.99
1440,1047,2024-10-28,cancel,5.99,-5.99
1441,1048,2024-04-02,signup,5.99,5.99
1442,1050,2024-04-12,signup,5.99,5.99
1443,1051,2024-04-21,signup,5.99,5.99
1444,1052,2024-04-25,signup,5.99,5.99
1445,1052,2024-05-25,cancel,5.99,-5.99
1446,1053,2024-04-28,signup,5.99,5.99
1447,1053,2024-07-27,cancel,5.99,-5.99
1448,1056,2024-04-12,signup,5.99,5.99
1449,1056,2024-05-12,cancel,5.99,-5.99
1450,1057,2024-04-22,signup,5.99,5.99
1451,1058,2024-04-02,signup,5.99,5.99
1452,1058,2024-07-31,cancel,5.99,-5.99
1453,1059,2024-04-28,signup,5.99,5.99
1454,1060,2024-04-07,signup,5.99,5.99
1455,1061,2024-04-15,signup,5.99,5.99
1456,1062,2024-04-28,signup,5.99,5.99
1457,1062,2025-01-23,cancel,5.99,-5.99
1458,1063,2024-04-19,signup,5.99,5.99
1459,1063,2024-08-17,cancel,5.99,-5.99
1460,1064,2024-04-06,signup,5.99,5.99
1461,1064,2025-06-30,cancel,5.99,-5.99
1462,1065,2024-04-22,signup,5.99,5.99
1463,1066,2024-04-12,signup,5.99,5.99
1464,1066,2024-05-12,cancel,5.99,-5.99
1465,1067,2024-04-18,signup,5.99,5.99
1466,1069,2024-04-24,signup,5.99,5.99
1467,1069,2024-05-24,cancel,5.99,-5.99
1468,1070,2024-04-06,signup,5.99,5.99
1469,1070,2025-09-28,cancel,5.99,-5.99
1470,1071,2024-04-14,signup,5.99,5.99
1471,1072,2024-04-30,signup,5.99,5.99
1472,1072,2024-06-29,cancel,5.99,-5.99
1473,1073,2024-04-17,signup,5.99,5.99
1474,1074,2024-04-06,signup,5.99,5.99
1475,1074,2024-09-03,cancel,5.99,-5.99
1476,1075,2024-04-08,signup,5.99,5.99
1477,1075,2025-03-04,cancel,5.99,-5.99
1478,1076,2024-04-12,signup,5.99,5.99
1479,1077,2024-04-24,signup,5.99,5.99
1480,1077,2025-02-18,cancel,5.99,-5.99
1481,1078,2024-04-14,signup,5.99,5.99
1482,1078,2025-06-08,cancel,5.99,-5.99
1483,1079,2024-04-14,signup,5.99,5.99
1484,1079,2024-07-13,cancel,5.99,-5.99
1485,1082,2024-04-11,signup,5.99,5.99
1486,1083,2024-04-10,signup,5.99,5.99
1487,1084,2024-04-30,signup,5.99,5.99
1488,1085,2024-04-09,signup,5.99,5.99
1489,1085,2024-05-09,cancel,5.99,-5.99
1490,1086,2024-04-04,signup,5.99,5.99
1491,1086,2024-05-04,cancel,5.99,-5.99
1492,1087,2024-05-04,signup,5.99,5.99
1493,1087,2024-09-01,cancel,5.99,-5.99
1494,1088,2024-04-07,signup,5.99,5.99
1495,1088,2024-06-06,cancel,5.99,-5.99
1496,1089,2024-04-30,signup,5.99,5.99
1497,1089,2025-07-24,cancel,5.99,-5.99
1498,1091,2024-04-24,signup,5.99,5.99
1499,1091,2024-10-21,cancel,5.99,-5.99
1500,1093,2024-04-26,signup,5.99,5.99
1501,1093,2024-09-23,cancel,5.99,-5.99
1502,1094,2024-04-07,signup,5.99,5.99
1503,1096,2024-04-10,signup,5.99,5.99
1504,1096,2024-05-10,cancel,5.99,-5.99
1505,1097,2024-05-01,signup,5.99,5.99
1506,1097,2024-10-28,cancel,5.99,-5.99
1507,1098,2024-04-22,signup,5.99,5.99
1508,1099,2024-04-26,signup,5.99,5.99
1509,1100,2024-04-24,signup,5.99,5.99
1510,1101,2024-04-11,signup,5.99,5.99
1511,1102,2024-04-06,signup,5.99,5.99
1512,1102,2024-07-05,cancel,5.99,-5.99
1513,1103,2024-05-04,signup,5.99,5.99
1514,1104,2024-05-03,signup,5.99,5.99
1515,1104,2025-12-24,cancel,5.99,-5.99
1516,1105,2024-04-24,signup,5.99,5.99
1517,1106,2024-04-27,signup,5.99,5.99
1518,1107,2024-04-12,signup,5.99,5.99
1519,1108,2024-04-16,signup,5.99,5.99
1520,1109,2024-04-10,signup,5.99,5.99
1521,1110,2024-04-15,signup,5.99,5.99
1522,1111,2024-04-08,signup,5.99,5.99
1523,1111,2024-05-08,cancel,5.99,-5.99
1524,1112,2024-04-15,signup,5.99,5.99
1525,1113,2024-04-17,signup,5.99,5.99
1526,1113,2024-05-17,cancel,5.99,-5.99
1527,1114,2024-04-18,signup,5.99,5.99
1528,1114,2024-05-18,cancel,5.99,-5.99
1529,1115,2024-04-15,signup,5.99,5.99
1530,1116,2024-04-24,signup,5.99,5.99
1531,1117,2024-04-09,signup,5.99,5.99
1532,1118,2024-04-28,signup,5.99,5.99
1533,1118,2025-12-19,cancel,5.99,-5.99
1534,1119,2024-04-14,signup,5.99,5.99
1535,1120,2024-04-25,signup,5.99,5.99
1536,1120,2024-05-25,cancel,5.99,-5.99
1537,1121,2024-05-03,signup,5.99,5.99
1538,1122,2024-04-25,signup,5.99,5.99
1539,1123,2024-04-09,signup,5.99,5.99
1540,1123,2024-06-08,cancel,5.99,-5.99
1541,1124,2024-04-12,signup,5.99,5.99
1542,1124,2024-05-12,cancel,5.99,-5.99
1543,1125,2024-04-16,signup,5.99,5.99
1544,1127,2024-04-26,signup,5.99,5.99
1545,1127,2024-05-26,cancel,5.99,-5.99
1546,1128,2024-05-04,signup,5.99,5.99
1547,1130,2024-05-01,signup,5.99,5.99
1548,1131,2024-04-08,signup,5.99,5.99
1549,1131,2024-05-08,cancel,5.99,-5.99
1550,1132,2024-05-02,signup,5.99,5.99
1551,1132,2025-03-28,cancel,5.99,-5.99
1552,1133,2024-05-06,signup,5.99,5.99
1553,1133,2025-06-30,cancel,5.99,-5.99
1554,1134,2024-04-25,signup,5.99,5.99
1555,1134,2024-07-24,cancel,5.99,-5.99
1556,1135,2024-05-03,signup,5.99,5.99
1557,1136,2024-04-13,signup,5.99,5.99
1558,1137,2024-04-27,signup,5.99,5.99
1559,1138,2024-04-19,signup,5.99,5.99
1560,1138,2025-04-14,cancel,5.99,-5.99
1561,1139,2024-04-28,signup,5.99,5.99
1562,1139,2024-09-25,cancel,5.99,-5.99
1563,1140,2024-05-08,signup,5.99,5.99
1564,1141,2024-04-11,signup,5.99,5.99
1565,1141,2025-02-05,cancel,5.99,-5.99
1566,1142,2024-04-25,signup,5.99,5.99
1567,1143,2024-05-01,signup,5.99,5.99
1568,1144,2024-04-21,signup,5.99,5.99
1569,1144,2024-07-20,cancel,5.99,-5.99
1570,1145,2024-04-11,signup,5.99,5.99
1571,1146,2024-04-24,signup,5.99,5.99
1572,1148,2024-04-13,signup,5.99,5.99
1573,1148,2024-06-12,cancel,5.99,-5.99
1574,1149,2024-04-30,signup,5.99,5.99
1575,1150,2024-05-05,signup,5.99,5.99
1576,1150,2024-12-31,cancel,5.99,-5.99
1577,1151,2024-04-12,signup,5.99,5.99
1578,1151,2025-07-06,cancel,5.99,-5.99
1579,1152,2024-04-23,signup,5.99,5.99
1580,1152,2024-06-22,cancel,5.99,-5.99
1581,1153,2024-05-07,signup,5.99,5.99
1582,1153,2024-10-04,cancel,5.99,-5.99
1583,1154,2024-04-12,signup,5.99,5.99
1584,1154,2024-06-11,cancel,5.99,-5.99
1585,1155,2024-04-19,signup,5.99,5.99
1586,1155,2024-09-16,cancel,5.99,-5.99
1587,1156,2024-04-22,signup,5.99,5.99
1588,1156,2024-05-22,cancel,5.99,-5.99
1589,1159,2024-04-20,signup,5.99,5.99
1590,1159,2025-06-14,cancel,5.99,-5.99
1591,1160,2024-05-01,signup,5.99,5.99
1592,1161,2024-04-12,signup,5.99,5.99
1593,1161,2024-06-11,cancel,5.99,-5.99
1594,1162,2024-04-23,signup,5.99,5.99
1595,1162,2024-05-23,cancel,5.99,-5.99
1596,1163,2024-04-10,signup,5.99,5.99
1597,1163,2024-09-07,cancel,5.99,-5.99
1598,1164,2024-04-25,signup,5.99,5.99
1599,1165,2024-04-25,signup,5.99,5.99
1600,1165,2024-06-24,cancel,5.99,-5.99
1601,1166,2024-04-24,signup,5.99,5.99
1602,1167,2024-04-17,signup,5.99,5.99
1603,1168,2024-05-06,signup,5.99,5.99
1604,1168,2024-06-05,cancel,5.99,-5.99
1605,1169,2024-04-27,signup,5.99,5.99
1606,1169,2024-07-26,cancel,5.99,-5.99
1607,1170,2024-05-04,signup,5.99,5.99
1608,1170,2024-12-30,cancel,5.99,-5.99
1609,1171,2024-05-07,signup,5.99,5.99
1610,1172,2024-05-06,signup,5.99,5.99
1611,1174,2024-04-28,signup,5.99,5.99
1612,1175,2024-04-24,signup,5.99,5.99
1613,1176,2024-04-21,signup,5.99,5.99
1614,1177,2024-05-10,signup,5.99,5.99
1615,1177,2024-08-08,cancel,5.99,-5.99
1616,1178,2024-05-11,signup,5.99,5.99
1617,1178,2025-12-02,cancel,5.99,-5.99
1618,1179,2024-04-19,signup,5.99,5.99
1619,1180,2024-04-30,signup,5.99,5.99
1620,1180,2025-04-25,cancel,5.99,-5.99
1621,1182,2024-04-30,signup,5.99,5.99
1622,1182,2024-08-28,cancel,5.99,-5.99
1623,1184,2024-04-30,signup,5.99,5.99
1624,1184,2024-11-26,cancel,5.99,-5.99
1625,1185,2024-04-25,signup,5.99,5.99
1626,1186,2024-04-21,signup,5.99,5.99
1627,1186,2025-11-12,cancel,5.99,-5.99
1628,1187,2024-04-12,signup,5.99,5.99
1629,1187,2024-09-09,cancel,5.99,-5.99
1630,1188,2024-05-09,signup,5.99,5.99
1631,1188,2024-11-05,cancel,5.99,-5.99
1632,1189,2024-04-21,signup,5.99,5.99
1633,1189,2024-10-18,cancel,5.99,-5.99
1634,1190,2024-04-21,signup,5.99,5.99
1635,1190,2024-06-20,cancel,5.99,-5.99
1636,1191,2024-04-13,signup,5.99,5.99
1637,1191,2024-05-13,cancel,5.99,-5.99
1638,1192,2024-05-06,signup,5.99,5.99
1639,1193,2024-05-11,signup,5.99,5.99
1640,1194,2024-05-11,signup,5.99,5.99
1641,1194,2024-07-10,cancel,5.99,-5.99
1642,1195,2024-04-24,signup,5.99,5.99
1643,1196,2024-04-22,signup,5.99,5.99
1644,1196,2024-07-21,cancel,5.99,-5.99
1645,1197,2024-04-21,signup,5.99,5.99
1646,1197,2024-05-21,cancel,5.99,-5.99
1647,1199,2024-04-22,signup,5.99,5.99
1648,1199,2025-08-15,cancel,5.99,-5.99
1649,1200,2024-05-03,signup,5.99,5.99
1650,1201,2024-04-20,signup,5.99,5.99
1651,1201,2025-05-15,cancel,5.99,-5.99
1652,1203,2024-04-13,signup,5.99,5.99
1653,1203,2025-11-04,cancel,5.99,-5.99
1654,1204,2024-04-18,signup,5.99,5.99
1655,1205,2024-05-05,signup,5.99,5.99
1656,1206,2024-04-18,signup,5.99,5.99
1657,1206,2024-06-17,cancel,5.99,-5.99
1658,1207,2024-04-22,signup,5.99,5.99
1659,1209,2024-05-08,signup,5.99,5.99
1660,1209,2024-10-05,cancel,5.99,-5.99
1661,1210,2024-05-03,signup,5.99,5.99
1662,1212,2024-04-27,signup,5.99,5.99
1663,1213,2024-05-03,signup,5.99,5.99
1664,1213,2024-07-02,cancel,5.99,-5.99
1665,1214,2024-04-24,signup,5.99,5.99
1666,1214,2025-02-18,cancel,5.99,-5.99
1667,1216,2024-04-25,signup,5.99,5.99
1668,1217,2024-04-16,signup,5.99,5.99
1669,1217,2025-02-10,cancel,5.99,-5.99
1670,1218,2024-05-06,signup,5.99,5.99
1671,1218,2024-06-05,cancel,5.99,-5.99
1672,1219,2024-05-05,signup,5.99,5.99
1673,1219,2024-06-04,cancel,5.99,-5.99
1674,1220,2024-05-10,signup,5.99,5.99
1675,1221,2024-04-25,signup,5.99,5.99
1676,1221,2025-09-17,cancel,5.99,-5.99
1677,1222,2024-05-04,signup,5.99,5.99
1678,1223,2024-05-06,signup,5.99,5.99
1679,1224,2024-04-19,signup,5.99,5.99
1680,1224,2024-05-19,cancel,5.99,-5.99
1681,1225,2024-05-10,signup,5.99,5.99
1682,1226,2024-04-18,signup,5.99,5.99
1683,1227,2024-05-11,signup,5.99,5.99
1684,1228,2024-04-19,signup,5.99,5.99
1685,1228,2025-09-11,cancel,5.99,-5.99
1686,1229,2024-04-18,signup,5.99,5.99
1687,1229,2025-02-12,cancel,5.99,-5.99
1688,1230,2024-04-19,signup,5.99,5.99
1689,1230,2024-11-15,cancel,5.99,-5.99
1690,1231,2024-04-21,signup,5.99,5.99
1691,1231,2024-05-21,cancel,5.99,-5.99
1692,1232,2024-04-18,signup,5.99,5.99
1693,1232,2024-09-15,cancel,5.99,-5.99
1694,1233,2024-04-20,signup,5.99,5.99
1695,1234,2024-05-03,signup,5.99,5.99
1696,1235,2024-04-28,signup,5.99,5.99
1697,1235,2024-05-28,cancel,5.99,-5.99
1698,1236,2024-04-17,signup,5.99,5.99
1699,1236,2025-06-11,cancel,5.99,-5.99
1700,1237,2024-05-02,signup,5.99,5.99
1701,1238,2024-05-11,signup,5.99,5.99
1702,1238,2024-09-08,cancel,5.99,-5.99
1703,1239,2024-05-11,signup,5.99,5.99
1704,1240,2024-04-21,signup,5.99,5.99
1705,1241,2024-05-02,signup,5.99,5.99
1706,1242,2024-05-15,signup,5.99,5.99
1707,1243,2024-05-15,signup,5.99,5.99
1708,1246,2024-04-24,signup,5.99,5.99
1709,1247,2024-04-30,signup,5.99,5.99
1710,1247,2024-10-27,cancel,5.99,-5.99
1711,1248,2024-05-09,signup,5.99,5.99
1712,1249,2024-05-03,signup,5.99,5.99
1713,1250,2024-04-21,signup,5.99,5.99
1714,1251,2024-04-30,signup,5.99,5.99
1715,1252,2024-04-21,signup,5.99,5.99
1716,1252,2024-05-21,cancel,5.99,-5.99
1717,1253,2024-05-10,signup,5.99,5.99
1718,1253,2024-08-08,cancel,5.99,-5.99
1719,1255,2024-05-17,signup,5.99,5.99
1720,1255,2025-09-09,cancel,5.99,-5.99
1721,1256,2024-05-15,signup,5.99,5.99
1722,1256,2024-06-14,cancel,5.99,-5.99
1723,1257,2024-05-10,signup,5.99,5.99
1724,1258,2024-04-22,signup,5.99,5.99
1725,1259,2024-05-14,signup,5.99,5.99
1726,1260,2024-04-23,signup,5.99,5.99
1727,1260,2024-07-22,cancel,5.99,-5.99
1728,1262,2024-05-08,signup,5.99,5.99
1729,1263,2024-05-18,signup,5.99,5.99
1730,1263,2024-10-15,cancel,5.99,-5.99
1731,1264,2024-05-12,signup,5.99,5.99
1732,1264,2025-04-07,cancel,5.99,-5.99
1733,1265,2024-04-23,signup,5.99,5.99
1734,1266,2024-05-04,signup,5.99,5.99
1735,1266,2025-11-25,cancel,5.99,-5.99
1736,1267,2024-05-16,signup,5.99,5.99
1737,1268,2024-05-01,signup,5.99,5.99
1738,1269,2024-05-11,signup,5.99,5.99
1739,1269,2024-07-10,cancel,5.99,-5.99
1740,1270,2024-05-18,signup,5.99,5.99
1741,1270,2025-12-09,cancel,5.99,-5.99
1742,1271,2024-05-10,signup,5.99,5.99
1743,1271,2024-06-09,cancel,5.99,-5.99
1744,1272,2024-05-16,signup,5.99,5.99
1745,1273,2024-05-15,signup,5.99,5.99
1746,1273,2024-08-13,cancel,5.99,-5.99
1747,1275,2024-05-01,signup,5.99,5.99
1748,1276,2024-05-04,signup,5.99,5.99
1749,1277,2024-05-02,signup,5.99,5.99
1750,1277,2024-06-01,cancel,5.99,-5.99
1751,1280,2024-05-04,signup,5.99,5.99
1752,1281,2024-04-28,signup,5.99,5.99
1753,1281,2025-12-19,cancel,5.99,-5.99
1754,1282,2024-05-13,signup,5.99,5.99
1755,1282,2025-05-08,cancel,5.99,-5.99
1756,1283,2024-05-12,signup,5.99,5.99
1757,1284,2024-05-09,signup,5.99,5.99
1758,1285,2024-04-27,signup,5.99,5.99
1759,1286,2024-05-15,signup,5.99,5.99
1760,1287,2024-05-02,signup,5.99,5.99
1761,1288,2024-05-11,signup,5.99,5.99
1762,1289,2024-05-12,signup,5.99,5.99
1763,1289,2024-07-11,cancel,5.99,-5.99
1764,1290,2024-05-13,signup,5.99,5.99
1765,1290,2024-06-12,cancel,5.99,-5.99
1766,1291,2024-05-03,signup,5.99,5.99
1767,1291,2025-08-26,cancel,5.99,-5.99
1768,1292,2024-05-15,signup,5.99,5.99
1769,1292,2024-06-14,cancel,5.99,-5.99
1770,1293,2024-05-06,signup,5.99,5.99
1771,1293,2025-07-30,cancel,5.99,-5.99
1772,1294,2024-05-15,signup,5.99,5.99
1773,1294,2024-07-14,cancel,5.99,-5.99
1774,1295,2024-05-20,signup,5.99,5.99
1775,1296,2024-04-26,signup,5.99,5.99
1776,1297,2024-05-09,signup,5.99,5.99
1777,1298,2024-04-25,signup,5.99,5.99
1778,1298,2025-01-20,cancel,5.99,-5.99
1779,1299,2024-05-20,signup,5.99,5.99
1780,1299,2024-06-19,cancel,5.99,-5.99
1781,1302,2024-05-21,signup,5.99,5.99
1782,1302,2024-10-18,cancel,5.99,-5.99
1783,1303,2024-04-28,signup,5.99,5.99
1784,1304,2024-04-24,signup,5.99,5.99
1785,1305,2024-05-02,signup,5.99,5.99
1786,1307,2024-05-10,signup,5.99,5.99
1787,1308,2024-04-26,signup,5.99,5.99
1788,1309,2024-05-04,signup,5.99,5.99
1789,1309,2025-11-25,cancel,5.99,-5.99
1790,1311,2024-04-25,signup,5.99,5.99
1791,1312,2024-05-06,signup,5.99,5.99
1792,1313,2024-05-09,signup,5.99,5.99
1793,1314,2024-05-17,signup,5.99,5.99
1794,1315,2024-05-01,signup,5.99,5.99
1795,1315,2024-05-31,cancel,5.99,-5.99
1796,1316,2024-05-06,signup,5.99,5.99
1797,1316,2024-11-02,cancel,5.99,-5.99
1798,1318,2024-04-26,signup,5.99,5.99
1799,1319,2024-05-08,signup,5.99,5.99
1800,1320,2024-05-14,signup,5.99,5.99
1801,1320,2024-07-13,cancel,5.99,-5.99
1802,1321,2024-04-26,signup,5.99,5.99
1803,1321,2024-06-25,cancel,5.99,-5.99
1804,1322,2024-05-22,signup,5.99,5.99
1805,1323,2024-04-25,signup,5.99,5.99
1806,1323,2024-05-25,cancel,5.99,-5.99
1807,1324,2024-04-27,signup,5.99,5.99
1808,1325,2024-04-28,signup,5.99,5.99
1809,1325,2024-07-27,cancel,5.99,-5.99
1810,1326,2024-05-22,signup,5.99,5.99
1811,1327,2024-05-08,signup,5.99,5.99
1812,1328,2024-05-13,signup,5.99,5.99
1813,1330,2024-05-18,signup,5.99,5.99
1814,1330,2024-07-17,cancel,5.99,-5.99
1815,1331,2024-05-14,signup,5.99,5.99
1816,1332,2024-04-25,signup,5.99,5.99
1817,1332,2025-04-20,cancel,5.99,-5.99
1818,1333,2024-05-03,signup,5.99,5.99
1819,1334,2024-05-06,signup,5.99,5.99
1820,1335,2024-05-23,signup,5.99,5.99
1821,1336,2024-05-18,signup,5.99,5.99
1822,1336,2024-10-15,cancel,5.99,-5.99
1823,1337,2024-05-24,signup,5.99,5.99
1824,1338,2024-05-02,signup,5.99,5.99
1825,1338,2024-09-29,cancel,5.99,-5.99
1826,1339,2024-05-04,signup,5.99,5.99
1827,1341,2024-05-19,signup,5.99,5.99
1828,1342,2024-05-23,signup,5.99,5.99
1829,1343,2024-05-05,signup,5.99,5.99
1830,1344,2024-05-18,signup,5.99,5.99
1831,1344,2025-11-09,cancel,5.99,-5.99
1832,1345,2024-04-24,signup,5.99,5.99
1833,1345,2024-05-24,cancel,5.99,-5.99
1834,1346,2024-05-14,signup,5.99,5.99
1835,1348,2024-05-18,signup,5.99,5.99
1836,1349,2024-05-15,signup,5.99,5.99
1837,1351,2024-05-17,signup,5.99,5.99
1838,1352,2024-04-30,signup,5.99,5.99
1839,1352,2024-05-30,cancel,5.99,-5.99
1840,1353,2024-04-24,signup,5.99,5.99
1841,1354,2024-04-26,signup,5.99,5.99
1842,1355,2024-04-27,signup,5.99,5.99
1843,1355,2024-06-26,cancel,5.99,-5.99
1844,1356,2024-05-04,signup,5.99,5.99
1845,1356,2024-10-31,cancel,5.99,-5.99
1846,1357,2024-05-13,signup,5.99,5.99
1847,1357,2025-07-07,cancel,5.99,-5.99
1848,1358,2024-05-01,signup,5.99,5.99
1849,1359,2024-05-25,signup,5.99,5.99
1850,1359,2024-08-23,cancel,5.99,-5.99
1851,1360,2024-05-15,signup,5.99,5.99
1852,1360,2024-06-14,cancel,5.99,-5.99
1853,1362,2024-05-15,signup,5.99,5.99
1854,1363,2024-05-07,signup,5.99,5.99
1855,1363,2025-06-01,cancel,5.99,-5.99
1856,1364,2024-04-25,signup,5.99,5.99
1857,1364,2024-05-25,cancel,5.99,-5.99
1858,1365,2024-05-15,signup,5.99,5.99
1859,1365,2024-07-14,cancel,5.99,-5.99
1860,1366,2024-05-13,signup,5.99,5.99
1861,1367,2024-04-26,signup,5.99,5.99
1862,1368,2024-04-30,signup,5.99,5.99
1863,1368,2024-06-29,cancel,5.99,-5.99
1864,1369,2024-05-18,signup,5.99,5.99
1865,1369,2024-08-16,cancel,5.99,-5.99
1866,1370,2024-05-23,signup,5.99,5.99
1867,1371,2024-05-01,signup,5.99,5.99
1868,1372,2024-05-05,signup,5.99,5.99
1869,1373,2024-05-01,signup,5.99,5.99
1870,1373,2024-05-31,cancel,5.99,-5.99
1871,1374,2024-05-20,signup,5.99,5.99
1872,1374,2024-06-19,cancel,5.99,-5.99
1873,1375,2024-05-25,signup,5.99,5.99
1874,1376,2024-05-01,signup,5.99,5.99
1875,1376,2024-08-29,cancel,5.99,-5.99
1876,1377,2024-05-27,signup,5.99,5.99
1877,1377,2024-12-23,cancel,5.99,-5.99
1878,1378,2024-05-22,signup,5.99,5.99
1879,1379,2024-05-03,signup,5.99,5.99
1880,1381,2024-05-08,signup,5.99,5.99
1881,1382,2024-05-27,signup,5.99,5.99
1882,1383,2024-05-19,signup,5.99,5.99
1883,1384,2024-05-03,signup,5.99,5.99
1884,1385,2024-05-04,signup,5.99,5.99
1885,1386,2024-05-16,signup,5.99,5.99
1886,1386,2025-05-11,cancel,5.99,-5.99
1887,1387,2024-05-25,signup,5.99,5.99
1888,1388,2024-05-23,signup,5.99,5.99
1889,1388,2025-08-16,cancel,5.99,-5.99
1890,1389,2024-05-01,signup,5.99,5.99
1891,1389,2025-09-23,cancel,5.99,-5.99
1892,1390,2024-05-11,signup,5.99,5.99
1893,1390,2024-06-10,cancel,5.99,-5.99
1894,1391,2024-05-13,signup,5.99,5.99
1895,1392,2024-05-14,signup,5.99,5.99
1896,1393,2024-05-14,signup,5.99,5.99
1897,1393,2024-06-13,cancel,5.99,-5.99
1898,1394,2024-05-26,signup,5.99,5.99
1899,1395,2024-04-30,signup,5.99,5.99
1900,1395,2024-05-30,cancel,5.99,-5.99
1901,1396,2024-05-14,signup,5.99,5.99
1902,1398,2024-05-02,signup,5.99,5.99
1903,1399,2024-05-19,signup,5.99,5.99
1904,1400,2024-05-07,signup,5.99,5.99
1905,1400,2024-06-06,cancel,5.99,-5.99
1906,1402,2024-05-09,signup,5.99,5.99
1907,1403,2024-05-20,signup,5.99,5.99
1908,1403,2025-12-11,cancel,5.99,-5.99
1909,1404,2024-05-24,signup,5.99,5.99
1910,1404,2024-07-23,cancel,5.99,-5.99
1911,1405,2024-05-18,signup,5.99,5.99
1912,1405,2024-06-17,cancel,5.99,-5.99
1913,1406,2024-04-29,signup,5.99,5.99
1914,1406,2024-12-25,cancel,5.99,-5.99
1915,1407,2024-05-10,signup,5.99,5.99
1916,1407,2025-06-04,cancel,5.99,-5.99
1917,1408,2024-05-06,signup,5.99,5.99
1918,1409,2024-05-15,signup,5.99,5.99
1919,1410,2024-05-27,signup,5.99,5.99
1920,1411,2024-05-27,signup,5.99,5.99
1921,1412,2024-05-10,signup,5.99,5.99
1922,1412,2025-05-05,cancel,5.99,-5.99
1923,1413,2024-05-28,signup,5.99,5.99
1924,1413,2025-02-22,cancel,5.99,-5.99
1925,1414,2024-05-29,signup,5.99,5.99
1926,1414,2024-06-28,cancel,5.99,-5.99
1927,1415,2024-05-22,signup,5.99,5.99
1928,1416,2024-05-23,signup,5.99,5.99
1929,1416,2024-08-21,cancel,5.99,-5.99
1930,1417,2024-05-20,signup,5.99,5.99
1931,1418,2024-05-10,signup,5.99,5.99
1932,1418,2024-08-08,cancel,5.99,-5.99
1933,1419,2024-04-30,signup,5.99,5.99
1934,1420,2024-05-08,signup,5.99,5.99
1935,1420,2024-08-06,cancel,5.99,-5.99
1936,1421,2024-05-24,signup,5.99,5.99
1937,1421,2024-08-22,cancel,5.99,-5.99
1938,1422,2024-05-19,signup,5.99,5.99
1939,1422,2024-10-16,cancel,5.99,-5.99
1940,1423,2024-05-23,signup,5.99,5.99
1941,1423,2024-06-22,cancel,5.99,-5.99
1942,1424,2024-05-05,signup,5.99,5.99
1943,1424,2024-08-03,cancel,5.99,-5.99
1944,1425,2024-05-06,signup,5.99,5.99
1945,1426,2024-05-06,signup,5.99,5.99
1946,1427,2024-05-05,signup,5.99,5.99
1947,1429,2024-05-24,signup,5.99,5.99
1948,1430,2024-05-14,signup,5.99,5.99
1949,1431,2024-05-10,signup,5.99,5.99
1950,1432,2024-05-07,signup,5.99,5.99
1951,1433,2024-05-05,signup,5.99,5.99
1952,1433,2024-07-04,cancel,5.99,-5.99
1953,1434,2024-05-21,signup,5.99,5.99
1954,1435,2024-05-30,signup,5.99,5.99
1955,1435,2024-11-26,cancel,5.99,-5.99
1956,1436,2024-05-19,signup,5.99,5.99
1957,1438,2024-05-04,signup,5.99,5.99
1958,1438,2024-07-03,cancel,5.99,-5.99
1959,1439,2024-05-17,signup,5.99,5.99
1960,1440,2024-05-13,signup,5.99,5.99
1961,1441,2024-05-09,signup,5.99,5.99
1962,1441,2024-08-07,cancel,5.99,-5.99
1963,1442,2024-05-27,signup,5.99,5.99
1964,1443,2024-05-02,signup,5.99,5.99
1965,1443,2025-06-26,cancel,5.99,-5.99
1966,1444,2024-05-08,signup,5.99,5.99
1967,1445,2024-05-12,signup,5.99,5.99
1968,1446,2024-06-01,signup,5.99,5.99
1969,1447,2024-05-27,signup,5.99,5.99
1970,1447,2024-06-26,cancel,5.99,-5.99
1971,1448,2024-05-08,signup,5.99,5.99
1972,1448,2025-01-03,cancel,5.99,-5.99
1973,1449,2024-05-11,signup,5.99,5.99
1974,1449,2024-06-10,cancel,5.99,-5.99
1975,1451,2024-05-17,signup,5.99,5.99
1976,1452,2024-05-19,signup,5.99,5.99
1977,1452,2024-06-18,cancel,5.99,-5.99
1978,1453,2024-05-26,signup,5.99,5.99
1979,1455,2024-05-06,signup,5.99,5.99
1980,1457,2024-05-07,signup,5.99,5.99
1981,1457,2025-02-01,cancel,5.99,-5.99
1982,1458,2024-05-13,signup,5.99,5.99
1983,1458,2024-08-11,cancel,5.99,-5.99
1984,1459,2024-05-07,signup,5.99,5.99
1985,1459,2024-11-03,cancel,5.99,-5.99
1986,1460,2024-05-07,signup,5.99,5.99
1987,1461,2024-05-11,signup,5.99,5.99
1988,1462,2024-05-19,signup,5.99,5.99
1989,1462,2024-07-18,cancel,5.99,-5.99
1990,1463,2024-05-26,signup,5.99,5.99
1991,1463,2024-06-25,cancel,5.99,-5.99
1992,1464,2024-05-23,signup,5.99,5.99
1993,1466,2024-05-19,signup,5.99,5.99
1994,1466,2024-06-18,cancel,5.99,-5.99
1995,1468,2024-05-14,signup,5.99,5.99
1996,1469,2024-05-18,signup,5.99,5.99
1997,1470,2024-05-18,signup,5.99,5.99
1998,1470,2024-06-17,cancel,5.99,-5.99
1999,1471,2024-05-08,signup,5.99,5.99
2000,1471,2024-07-07,cancel,5.99,-5.99
2001,1472,2024-05-18,signup,5.99,5.99
2002,1472,2024-12-14,cancel,5.99,-5.99
2003,1473,2024-05-31,signup,5.99,5.99
2004,1474,2024-06-02,signup,5.99,5.99
2005,1475,2024-05-21,signup,5.99,5.99
2006,1476,2024-05-10,signup,5.99,5.99
2007,1476,2024-08-08,cancel,5.99,-5.99
2008,1477,2024-05-07,signup,5.99,5.99
2009,1478,2024-06-01,signup,5.99,5.99
2010,1478,2024-07-31,cancel,5.99,-5.99
2011,1479,2024-05-09,signup,5.99,5.99
2012,1480,2024-05-15,signup,5.99,5.99
2013,1480,2025-08-08,cancel,5.99,-5.99
2014,1481,2024-05-20,signup,5.99,5.99
2015,1481,2025-01-15,cancel,5.99,-5.99
2016,1482,2024-06-03,signup,5.99,5.99
2017,1483,2024-05-09,signup,5.99,5.99
2018,1483,2024-08-07,cancel,5.99,-5.99
2019,1484,2024-05-23,signup,5.99,5.99
2020,1484,2025-12-14,cancel,5.99,-5.99
2021,1485,2024-05-11,signup,5.99,5.99
2022,1486,2024-05-22,signup,5.99,5.99
2023,1487,2024-05-12,signup,5.99,5.99
2024,1488,2024-06-02,signup,5.99,5.99
2025,1489,2024-06-02,signup,5.99,5.99
2026,1490,2024-05-07,signup,5.99,5.99
2027,1491,2024-06-02,signup,5.99,5.99
2028,1491,2024-07-02,cancel,5.99,-5.99
2029,1492,2024-05-16,signup,5.99,5.99
2030,1493,2024-05-23,signup,5.99,5.99
2031,1493,2024-06-22,cancel,5.99,-5.99
2032,1494,2024-05-27,signup,5.99,5.99
2033,1494,2024-11-23,cancel,5.99,-5.99
2034,1496,2024-05-30,signup,5.99,5.99
2035,1496,2024-09-27,cancel,5.99,-5.99
2036,1497,2024-06-04,signup,5.99,5.99
2037,1497,2025-03-01,cancel,5.99,-5.99
2038,1498,2024-05-13,signup,5.99,5.99
2039,1498,2024-06-12,cancel,5.99,-5.99
2040,1499,2024-05-20,signup,5.99,5.99
2041,1499,2024-09-17,cancel,5.99,-5.99
2042,1500,2024-06-01,signup,5.99,5.99
2043,1502,2024-05-12,signup,5.99,5.99
2044,1504,2024-05-28,signup,5.99,5.99
2045,1504,2024-07-27,cancel,5.99,-5.99
2046,1505,2024-05-17,signup,5.99,5.99
2047,1506,2024-05-22,signup,5.99,5.99
2048,1507,2024-05-20,signup,5.99,5.99
2049,1507,2025-10-12,cancel,5.99,-5.99
2050,1509,2024-05-21,signup,5.99,5.99
2051,1510,2024-06-04,signup,5.99,5.99
2052,1511,2024-06-04,signup,5.99,5.99
2053,1511,2025-01-30,cancel,5.99,-5.99
2054,1512,2024-05-14,signup,5.99,5.99
2055,1513,2024-05-09,signup,5.99,5.99
2056,1514,2024-05-23,signup,5.99,5.99
2057,1514,2024-09-20,cancel,5.99,-5.99
2058,1515,2024-06-06,signup,5.99,5.99
2059,1516,2024-05-25,signup,5.99,5.99
2060,1516,2025-08-18,cancel,5.99,-5.99
2061,1517,2024-05-31,signup,5.99,5.99
2062,1518,2024-06-05,signup,5.99,5.99
2063,1519,2024-06-02,signup,5.99,5.99
2064,1519,2024-07-02,cancel,5.99,-5.99
2065,1520,2024-06-01,signup,5.99,5.99
2066,1521,2024-05-19,signup,5.99,5.99
2067,1522,2024-05-25,signup,5.99,5.99
2068,1522,2025-03-21,cancel,5.99,-5.99
2069,1523,2024-05-31,signup,5.99,5.99
2070,1523,2024-12-27,cancel,5.99,-5.99
2071,1524,2024-05-13,signup,5.99,5.99
2072,1525,2024-05-25,signup,5.99,5.99
2073,1525,2024-07-24,cancel,5.99,-5.99
2074,1526,2024-05-22,signup,5.99,5.99
2075,1527,2024-05-09,signup,5.99,5.99
2076,1528,2024-05-18,signup,5.99,5.99
2077,1528,2025-06-12,cancel,5.99,-5.99
2078,1530,2024-06-04,signup,5.99,5.99
2079,1530,2024-08-03,cancel,5.99,-5.99
2080,1531,2024-05-16,signup,5.99,5.99
2081,1531,2024-08-14,cancel,5.99,-5.99
2082,1532,2024-05-30,signup,5.99,5.99
2083,1532,2024-06-29,cancel,5.99,-5.99
2084,1534,2024-05-10,signup,5.99,5.99
2085,1534,2024-10-07,cancel,5.99,-5.99
2086,1535,2024-06-04,signup,5.99,5.99
2087,1535,2024-08-03,cancel,5.99,-5.99
2088,1536,2024-05-24,signup,5.99,5.99
2089,1536,2024-10-21,cancel,5.99,-5.99
2090,1537,2024-05-27,signup,5.99,5.99
2091,1538,2024-05-19,signup,5.99,5.99
2092,1539,2024-06-04,signup,5.99,5.99
2093,1539,2024-08-03,cancel,5.99,-5.99
2094,1540,2024-06-05,signup,5.99,5.99
2095,1541,2024-05-18,signup,5.99,5.99
2096,1542,2024-05-29,signup,5.99,5.99
2097,1542,2024-12-25,cancel,5.99,-5.99
2098,1543,2024-05-27,signup,5.99,5.99
2099,1544,2024-05-31,signup,5.99,5.99
2100,1545,2024-05-20,signup,5.99,5.99
2101,1546,2024-05-20,signup,5.99,5.99
2102,1546,2024-06-19,cancel,5.99,-5.99
2103,1547,2024-05-11,signup,5.99,5.99
2104,1548,2024-05-19,signup,5.99,5.99
2105,1548,2025-03-15,cancel,5.99,-5.99
2106,1549,2024-06-02,signup,5.99,5.99
2107,1550,2024-05-31,signup,5.99,5.99
2108,1552,2024-05-31,signup,5.99,5.99
2109,1552,2025-05-26,cancel,5.99,-5.99
2110,1553,2024-06-08,signup,5.99,5.99
2111,1553,2025-06-03,cancel,5.99,-5.99
2112,1554,2024-05-16,signup,5.99,5.99
2113,1554,2024-08-14,cancel,5.99,-5.99
2114,1555,2024-06-06,signup,5.99,5.99
2115,1556,2024-05-11,signup,5.99,5.99
2116,1556,2024-06-10,cancel,5.99,-5.99
2117,1557,2024-06-02,signup,5.99,5.99
2118,1558,2024-05-24,signup,5.99,5.99
2119,1559,2024-05-29,signup,5.99,5.99
2120,1559,2024-06-28,cancel,5.99,-5.99
2121,1560,2024-05-30,signup,5.99,5.99
2122,1560,2024-10-27,cancel,5.99,-5.99
2123,1561,2024-06-07,signup,5.99,5.99
2124,1561,2025-08-31,cancel,5.99,-5.99
2125,1562,2024-05-13,signup,5.99,5.99
2126,1563,2024-05-30,signup,5.99,5.99
2127,1563,2024-06-29,cancel,5.99,-5.99
2128,1564,2024-06-09,signup,5.99,5.99
2129,1564,2024-07-09,cancel,5.99,-5.99
2130,1565,2024-05-11,signup,5.99,5.99
2131,1566,2024-06-04,signup,5.99,5.99
2132,1566,2024-11-01,cancel,5.99,-5.99
2133,1567,2024-05-13,signup,5.99,5.99
2134,1568,2024-06-02,signup,5.99,5.99
2135,1569,2024-06-11,signup,5.99,5.99
2136,1569,2024-10-09,cancel,5.99,-5.99
2137,1570,2024-05-29,signup,5.99,5.99
2138,1570,2024-07-28,cancel,5.99,-5.99
2139,1571,2024-05-22,signup,5.99,5.99
2140,1571,2025-11-13,cancel,5.99,-5.99
2141,1572,2024-05-13,signup,5.99,5.99
2142,1573,2024-06-11,signup,5.99,5.99
2143,1574,2024-05-27,signup,5.99,5.99
2144,1575,2024-05-29,signup,5.99,5.99
2145,1575,2025-04-24,cancel,5.99,-5.99
2146,1577,2024-06-06,signup,5.99,5.99
2147,1578,2024-06-09,signup,5.99,5.99
2148,1578,2025-10-02,cancel,5.99,-5.99
2149,1579,2024-05-24,signup,5.99,5.99
2150,1579,2025-07-18,cancel,5.99,-5.99
2151,1580,2024-05-12,signup,5.99,5.99
2152,1580,2025-01-07,cancel,5.99,-5.99
2153,1581,2024-05-29,signup,5.99,5.99
2154,1581,2025-01-24,cancel,5.99,-5.99
2155,1582,2024-05-29,signup,5.99,5.99
2156,1583,2024-06-06,signup,5.99,5.99
2157,1584,2024-05-13,signup,5.99,5.99
2158,1584,2024-11-09,cancel,5.99,-5.99
2159,1585,2024-06-09,signup,5.99,5.99
2160,1586,2024-06-10,signup,5.99,5.99
2161,1588,2024-06-11,signup,5.99,5.99
2162,1589,2024-05-12,signup,5.99,5.99
2163,1590,2024-05-19,signup,5.99,5.99
2164,1591,2024-05-16,signup,5.99,5.99
2165,1591,2024-06-15,cancel,5.99,-5.99
2166,1592,2024-06-01,signup,5.99,5.99
2167,1593,2024-06-12,signup,5.99,5.99
2168,1593,2024-09-10,cancel,5.99,-5.99
2169,1594,2024-06-12,signup,5.99,5.99
2170,1595,2024-06-09,signup,5.99,5.99
2171,1595,2024-12-06,cancel,5.99,-5.99
2172,1596,2024-06-06,signup,5.99,5.99
2173,1596,2025-02-01,cancel,5.99,-5.99
2174,1597,2024-05-24,signup,5.99,5.99
2175,1598,2024-06-05,signup,5.99,5.99
2176,1598,2024-07-05,cancel,5.99,-5.99
2177,1600,2024-05-22,signup,5.99,5.99
2178,1600,2025-07-16,cancel,5.99,-5.99
2179,1602,2024-05-21,signup,5.99,5.99
2180,1602,2024-06-20,cancel,5.99,-5.99
2181,1603,2024-05-13,signup,5.99,5.99
2182,1603,2024-06-12,cancel,5.99,-5.99
2183,1604,2024-05-30,signup,5.99,5.99
2184,1604,2024-06-29,cancel,5.99,-5.99
2185,1605,2024-05-17,signup,5.99,5.99
2186,1605,2024-07-16,cancel,5.99,-5.99
2187,1606,2024-05-16,signup,5.99,5.99
2188,1607,2024-06-02,signup,5.99,5.99
2189,1608,2024-05-19,signup,5.99,5.99
2190,1609,2024-05-24,signup,5.99,5.99
2191,1609,2024-07-23,cancel,5.99,-5.99
2192,1610,2024-06-07,signup,5.99,5.99
2193,1611,2024-05-18,signup,5.99,5.99
2194,1611,2024-06-17,cancel,5.99,-5.99
2195,1612,2024-05-21,signup,5.99,5.99
2196,1612,2025-02-15,cancel,5.99,-5.99
2197,1613,2024-06-11,signup,5.99,5.99
2198,1613,2025-02-06,cancel,5.99,-5.99
2199,1614,2024-05-25,signup,5.99,5.99
2200,1614,2024-06-24,cancel,5.99,-5.99
2201,1615,2024-05-31,signup,5.99,5.99
2202,1615,2024-08-29,cancel,5.99,-5.99
2203,1616,2024-05-15,signup,5.99,5.99
2204,1617,2024-05-31,signup,5.99,5.99
2205,1617,2024-06-30,cancel,5.99,-5.99
2206,1618,2024-05-20,signup,5.99,5.99
2207,1619,2024-05-18,signup,5.99,5.99
2208,1620,2024-05-22,signup,5.99,5.99
2209,1620,2025-07-16,cancel,5.99,-5.99
2210,1621,2024-06-03,signup,5.99,5.99
2211,1622,2024-05-27,signup,5.99,5.99
2212,1622,2024-08-25,cancel,5.99,-5.99
2213,1623,2024-05-31,signup,5.99,5.99
2214,1623,2024-06-30,cancel,5.99,-5.99
2215,1624,2024-05-28,signup,5.99,5.99
2216,1625,2024-06-05,signup,5.99,5.99
2217,1625,2024-07-05,cancel,5.99,-5.99
2218,1626,2024-06-08,signup,5.99,5.99
2219,1627,2024-05-17,signup,5.99,5.99
2220,1627,2024-06-16,cancel,5.99,-5.99
2221,1628,2024-05-29,signup,5.99,5.99
2222,1629,2024-05-29,signup,5.99,5.99
2223,1630,2024-05-25,signup,5.99,5.99
2224,1631,2024-06-06,signup,5.99,5.99
2225,1632,2024-06-04,signup,5.99,5.99
2226,1633,2024-05-24,signup,5.99,5.99
2227,1634,2024-05-30,signup,5.99,5.99
2228,1635,2024-06-12,signup,5.99,5.99
2229,1637,2024-06-06,signup,5.99,5.99
2230,1637,2024-07-06,cancel,5.99,-5.99
2231,1638,2024-06-04,signup,5.99,5.99
2232,1638,2024-10-02,cancel,5.99,-5.99
2233,1639,2024-06-12,signup,5.99,5.99
2234,1640,2024-06-03,signup,5.99,5.99
2235,1641,2024-06-01,signup,5.99,5.99
2236,1642,2024-06-02,signup,5.99,5.99
2237,1643,2024-06-08,signup,5.99,5.99
2238,1644,2024-06-08,signup,5.99,5.99
2239,1645,2024-05-29,signup,5.99,5.99
2240,1646,2024-05-20,signup,5.99,5.99
2241,1646,2025-02-14,cancel,5.99,-5.99
2242,1647,2024-06-04,signup,5.99,5.99
2243,1648,2024-06-08,signup,5.99,5.99
2244,1649,2024-05-27,signup,5.99,5.99
2245,1649,2024-06-26,cancel,5.99,-5.99
2246,1650,2024-06-13,signup,5.99,5.99
2247,1651,2024-06-05,signup,5.99,5.99
2248,1651,2024-11-02,cancel,5.99,-5.99
2249,1652,2024-05-20,signup,5.99,5.99
2250,1652,2025-01-15,cancel,5.99,-5.99
2251,1653,2024-05-21,signup,5.99,5.99
2252,1653,2024-09-18,cancel,5.99,-5.99
2253,1654,2024-05-23,signup,5.99,5.99
2254,1654,2025-06-17,cancel,5.99,-5.99
2255,1655,2024-05-29,signup,5.99,5.99
2256,1656,2024-05-22,signup,5.99,5.99
2257,1657,2024-05-27,signup,5.99,5.99
2258,1658,2024-06-13,signup,5.99,5.99
2259,1658,2024-10-11,cancel,5.99,-5.99
2260,1659,2024-06-11,signup,5.99,5.99
2261,1660,2024-05-18,signup,5.99,5.99
2262,1661,2024-05-28,signup,5.99,5.99
2263,1661,2025-05-23,cancel,5.99,-5.99
2264,1662,2024-05-23,signup,5.99,5.99
2265,1663,2024-06-02,signup,5.99,5.99
2266,1663,2025-10-25,cancel,5.99,-5.99
2267,1665,2024-06-17,signup,5.99,5.99
2268,1666,2024-06-10,signup,5.99,5.99
2269,1666,2025-08-04,cancel,5.99,-5.99
2270,1667,2024-05-30,signup,5.99,5.99
2271,1668,2024-06-02,signup,5.99,5.99
2272,1668,2024-08-31,cancel,5.99,-5.99
2273,1669,2024-05-31,signup,5.99,5.99
2274,1669,2024-06-30,cancel,5.99,-5.99
2275,1670,2024-06-07,signup,5.99,5.99
2276,1670,2024-12-04,cancel,5.99,-5.99
2277,1671,2024-06-17,signup,5.99,5.99
2278,1672,2024-05-18,signup,5.99,5.99
2279,1673,2024-06-09,signup,5.99,5.99
2280,1674,2024-05-20,signup,5.99,5.99
2281,1674,2024-10-17,cancel,5.99,-5.99
2282,1675,2024-05-31,signup,5.99,5.99
2283,1675,2024-07-30,cancel,5.99,-5.99
2284,1676,2024-05-31,signup,5.99,5.99
2285,1678,2024-06-05,signup,5.99,5.99
2286,1678,2024-11-02,cancel,5.99,-5.99
2287,1679,2024-05-21,signup,5.99,5.99
2288,1680,2024-06-08,signup,5.99,5.99
2289,1680,2024-12-05,cancel,5.99,-5.99
2290,1682,2024-05-25,signup,5.99,5.99
2291,1682,2024-11-21,cancel,5.99,-5.99
2292,1683,2024-05-29,signup,5.99,5.99
2293,1683,2025-07-23,cancel,5.99,-5.99
2294,1684,2024-06-18,signup,5.99,5.99
2295,1684,2024-10-16,cancel,5.99,-5.99
2296,1685,2024-06-05,signup,5.99,5.99
2297,1685,2025-04-01,cancel,5.99,-5.99
2298,1686,2024-06-11,signup,5.99,5.99
2299,1687,2024-06-02,signup,5.99,5.99
2300,1687,2024-08-31,cancel,5.99,-5.99
2301,1688,2024-05-29,signup,5.99,5.99
2302,1688,2024-06-28,cancel,5.99,-5.99
2303,1689,2024-06-12,signup,5.99,5.99
2304,1690,2024-05-29,signup,5.99,5.99
2305,1691,2024-06-03,signup,5.99,5.99
2306,1692,2024-06-10,signup,5.99,5.99
2307,1693,2024-06-04,signup,5.99,5.99
2308,1694,2024-06-11,signup,5.99,5.99
2309,1695,2024-06-12,signup,5.99,5.99
2310,1696,2024-05-23,signup,5.99,5.99
2311,1696,2024-07-22,cancel,5.99,-5.99
2312,1697,2024-06-09,signup,5.99,5.99
2313,1698,2024-06-16,signup,5.99,5.99
2314,1698,2024-07-16,cancel,5.99,-5.99
2315,1699,2024-05-26,signup,5.99,5.99
2316,1702,2024-06-15,signup,5.99,5.99
2317,1703,2024-06-06,signup,5.99,5.99
2318,1703,2025-09-29,cancel,5.99,-5.99
2319,1705,2024-06-14,signup,5.99,5.99
2320,1705,2024-07-14,cancel,5.99,-5.99
2321,1706,2024-06-13,signup,5.99,5.99
2322,1707,2024-06-04,signup,5.99,5.99
2323,1708,2024-05-31,signup,5.99,5.99
2324,1709,2024-06-07,signup,5.99,5.99
2325,1710,2024-05-23,signup,5.99,5.99
2326,1711,2024-05-23,signup,5.99,5.99
2327,1711,2024-11-19,cancel,5.99,-5.99
2328,1712,2024-06-04,signup,5.99,5.99
2329,1712,2025-06-29,cancel,5.99,-5.99
2330,1713,2024-06-16,signup,5.99,5.99
2331,1714,2024-06-17,signup,5.99,5.99
2332,1714,2024-11-14,cancel,5.99,-5.99
2333,1715,2024-06-12,signup,5.99,5.99
2334,1716,2024-06-03,signup,5.99,5.99
2335,1716,2024-07-03,cancel,5.99,-5.99
2336,1717,2024-06-08,signup,5.99,5.99
2337,1717,2024-07-08,cancel,5.99,-5.99
2338,1718,2024-06-17,signup,5.99,5.99
2339,1719,2024-06-02,signup,5.99,5.99
2340,1719,2024-09-30,cancel,5.99,-5.99
2341,1720,2024-05-23,signup,5.99,5.99
2342,1721,2024-06-20,signup,5.99,5.99
2343,1723,2024-06-19,signup,5.99,5.99
2344,1724,2024-06-02,signup,5.99,5.99
2345,1724,2024-08-01,cancel,5.99,-5.99
2346,1725,2024-06-04,signup,5.99,5.99
2347,1726,2024-05-27,signup,5.99,5.99
2348,1727,2024-06-08,signup,5.99,5.99
2349,1727,2024-07-08,cancel,5.99,-5.99
2350,1728,2024-06-08,signup,5.99,5.99
2351,1729,2024-06-17,signup,5.99,5.99
2352,1729,2024-07-17,cancel,5.99,-5.99
2353,1730,2024-05-25,signup,5.99,5.99
2354,1731,2024-05-26,signup,5.99,5.99
2355,1732,2024-06-17,signup,5.99,5.99
2356,1732,2024-07-17,cancel,5.99,-5.99
2357,1733,2024-06-13,signup,5.99,5.99
2358,1733,2024-12-10,cancel,5.99,-5.99
2359,1735,2024-06-16,signup,5.99,5.99
2360,1737,2024-06-20,signup,5.99,5.99
2361,1737,2024-11-17,cancel,5.99,-5.99
2362,1738,2024-06-01,signup,5.99,5.99
2363,1738,2024-07-31,cancel,5.99,-5.99
2364,1739,2024-06-01,signup,5.99,5.99
2365,1740,2024-06-17,signup,5.99,5.99
2366,1741,2024-06-02,signup,5.99,5.99
2367,1741,2024-11-29,cancel,5.99,-5.99
2368,1742,2024-06-16,signup,5.99,5.99
2369,1742,2024-12-13,cancel,5.99,-5.99
2370,1743,2024-06-05,signup,5.99,5.99
2371,1743,2025-09-28,cancel,5.99,-5.99
2372,1744,2024-06-01,signup,5.99,5.99
2373,1744,2024-07-01,cancel,5.99,-5.99
2374,1745,2024-06-02,signup,5.99,5.99
2375,1745,2024-08-01,cancel,5.99,-5.99
2376,1746,2024-06-09,signup,5.99,5.99
2377,1746,2024-09-07,cancel,5.99,-5.99
2378,1747,2024-06-04,signup,5.99,5.99
2379,1748,2024-05-27,signup,5.99,5.99
2380,1749,2024-05-24,signup,5.99,5.99
2381,1751,2024-06-12,signup,5.99,5.99
2382,1752,2024-06-22,signup,5.99,5.99
2383,1753,2024-06-06,signup,5.99,5.99
2384,1754,2024-05-26,signup,5.99,5.99
2385,1754,2024-08-24,cancel,5.99,-5.99
2386,1755,2024-05-25,signup,5.99,5.99
2387,1756,2024-05-31,signup,5.99,5.99
2388,1758,2024-05-25,signup,5.99,5.99
2389,1758,2024-09-22,cancel,5.99,-5.99
2390,1759,2024-06-21,signup,5.99,5.99
2391,1759,2025-03-18,cancel,5.99,-5.99
2392,1760,2024-06-23,signup,5.99,5.99
2393,1760,2024-08-22,cancel,5.99,-5.99
2394,1761,2024-05-31,signup,5.99,5.99
2395,1761,2024-09-28,cancel,5.99,-5.99
2396,1762,2024-06-24,signup,5.99,5.99
2397,1762,2025-10-17,cancel,5.99,-5.99
2398,1763,2024-06-21,signup,5.99,5.99
2399,1765,2024-06-17,signup,5.99,5.99
2400,1766,2024-06-03,signup,5.99,5.99
2401,1767,2024-06-10,signup,5.99,5.99
2402,1768,2024-06-02,signup,5.99,5.99
2403,1768,2025-01-28,cancel,5.99,-5.99
2404,1769,2024-06-24,signup,5.99,5.99
2405,1769,2024-12-21,cancel,5.99,-5.99
2406,1770,2024-05-31,signup,5.99,5.99
2407,1770,2024-07-30,cancel,5.99,-5.99
2408,1771,2024-06-12,signup,5.99,5.99
2409,1771,2025-08-06,cancel,5.99,-5.99
2410,1772,2024-06-05,signup,5.99,5.99
2411,1774,2024-06-13,signup,5.99,5.99
2412,1775,2024-05-29,signup,5.99,5.99
2413,1776,2024-06-05,signup,5.99,5.99
2414,1776,2025-04-01,cancel,5.99,-5.99
2415,1777,2024-06-25,signup,5.99,5.99
2416,1777,2025-05-21,cancel,5.99,-5.99
2417,1778,2024-06-04,signup,5.99,5.99
2418,1779,2024-05-30,signup,5.99,5.99
2419,1779,2024-07-29,cancel,5.99,-5.99
2420,1780,2024-06-17,signup,5.99,5.99
2421,1781,2024-05-27,signup,5.99,5.99
2422,1782,2024-05-30,signup,5.99,5.99
2423,1782,2024-06-29,cancel,5.99,-5.99
2424,1783,2024-06-05,signup,5.99,5.99
2425,1783,2025-10-28,cancel,5.99,-5.99
2426,1784,2024-06-16,signup,5.99,5.99
2427,1784,2024-08-15,cancel,5.99,-5.99
2428,1785,2024-05-30,signup,5.99,5.99
2429,1786,2024-06-14,signup,5.99,5.99
2430,1786,2024-07-14,cancel,5.99,-5.99
2431,1787,2024-06-01,signup,5.99,5.99
2432,1787,2024-07-31,cancel,5.99,-5.99
2433,1788,2024-06-22,signup,5.99,5.99
2434,1789,2024-06-09,signup,5.99,5.99
2435,1790,2024-05-31,signup,5.99,5.99
2436,1790,2025-01-26,cancel,5.99,-5.99
2437,1791,2024-06-10,signup,5.99,5.99
2438,1791,2024-10-08,cancel,5.99,-5.99
2439,1792,2024-06-10,signup,5.99,5.99
2440,1792,2025-08-04,cancel,5.99,-5.99
2441,1793,2024-06-21,signup,5.99,5.99
2442,1794,2024-06-07,signup,5.99,5.99
2443,1795,2024-06-03,signup,5.99,5.99
2444,1795,2024-07-03,cancel,5.99,-5.99
2445,1797,2024-06-26,signup,5.99,5.99
2446,1798,2024-05-30,signup,5.99,5.99
2447,1798,2024-08-28,cancel,5.99,-5.99
2448,1799,2024-06-16,signup,5.99,5.99
2449,1799,2025-01-12,cancel,5.99,-5.99
2450,1800,2024-06-24,signup,5.99,5.99
2451,1801,2024-06-07,signup,5.99,5.99
2452,1802,2024-06-11,signup,5.99,5.99
2453,1803,2024-06-16,signup,5.99,5.99
2454,1804,2024-06-01,signup,5.99,5.99
2455,1805,2024-06-17,signup,5.99,5.99
2456,1805,2024-12-14,cancel,5.99,-5.99
2457,1806,2024-05-30,signup,5.99,5.99
2458,1806,2024-06-29,cancel,5.99,-5.99
2459,1807,2024-06-13,signup,5.99,5.99
2460,1807,2025-10-06,cancel,5.99,-5.99
2461,1808,2024-06-16,signup,5.99,5.99
2462,1808,2024-07-16,cancel,5.99,-5.99
2463,1809,2024-06-25,signup,5.99,5.99
2464,1810,2024-06-16,signup,5.99,5.99
2465,1810,2025-11-08,cancel,5.99,-5.99
2466,1811,2024-06-27,signup,5.99,5.99
2467,1811,2025-04-23,cancel,5.99,-5.99
2468,1812,2024-06-16,signup,5.99,5.99
2469,1812,2025-06-11,cancel,5.99,-5.99
2470,1814,2024-06-06,signup,5.99,5.99
2471,1814,2025-03-03,cancel,5.99,-5.99
2472,1815,2024-06-16,signup,5.99,5.99
2473,1816,2024-06-11,signup,5.99,5.99
2474,1816,2024-07-11,cancel,5.99,-5.99
2475,1817,2024-06-08,signup,5.99,5.99
2476,1818,2024-06-01,signup,5.99,5.99
2477,1819,2024-06-01,signup,5.99,5.99
2478,1819,2024-07-31,cancel,5.99,-5.99
2479,1821,2024-06-04,signup,5.99,5.99
2480,1821,2025-08-28,cancel,5.99,-5.99
2481,1822,2024-06-04,signup,5.99,5.99
2482,1822,2025-12-26,cancel,5.99,-5.99
2483,1823,2024-06-29,signup,5.99,5.99
2484,1823,2024-10-27,cancel,5.99,-5.99
2485,1824,2024-06-05,signup,5.99,5.99
2486,1824,2025-03-02,cancel,5.99,-5.99
2487,1825,2024-06-22,signup,5.99,5.99
2488,1826,2024-06-11,signup,5.99,5.99
2489,1826,2024-08-10,cancel,5.99,-5.99
2490,1827,2024-06-10,signup,5.99,5.99
2491,1828,2024-06-17,signup,5.99,5.99
2492,1828,2025-08-11,cancel,5.99,-5.99
2493,1829,2024-06-05,signup,5.99,5.99
2494,1830,2024-05-30,signup,5.99,5.99
2495,1830,2024-06-29,cancel,5.99,-5.99
2496,1832,2024-06-08,signup,5.99,5.99
2497,1833,2024-05-30,signup,5.99,5.99
2498,1833,2024-06-29,cancel,5.99,-5.99
2499,1834,2024-06-24,signup,5.99,5.99
2500,1835,2024-06-25,signup,5.99,5.99
2501,1835,2024-07-25,cancel,5.99,-5.99
2502,1837,2024-06-11,signup,5.99,5.99
2503,1837,2024-10-09,cancel,5.99,-5.99
2504,1838,2024-06-30,signup,5.99,5.99
2505,1840,2024-06-10,signup,5.99,5.99
2506,1841,2024-06-17,signup,5.99,5.99
2507,1842,2024-06-09,signup,5.99,5.99
2508,1843,2024-06-27,signup,5.99,5.99
2509,1844,2024-06-12,signup,5.99,5.99
2510,1844,2024-07-12,cancel,5.99,-5.99
2511,1845,2024-06-19,signup,5.99,5.99
2512,1845,2024-11-16,cancel,5.99,-5.99
2513,1846,2024-06-14,signup,5.99,5.99
2514,1846,2024-07-14,cancel,5.99,-5.99
2515,1848,2024-06-09,signup,5.99,5.99
2516,1848,2025-05-05,cancel,5.99,-5.99
2517,1849,2024-06-14,signup,5.99,5.99
2518,1850,2024-06-22,signup,5.99,5.99
2519,1850,2024-08-21,cancel,5.99,-5.99
2520,1851,2024-06-02,signup,5.99,5.99
2521,1853,2024-06-08,signup,5.99,5.99
2522,1853,2024-09-06,cancel,5.99,-5.99
2523,1854,2024-06-09,signup,5.99,5.99
2524,1855,2024-06-16,signup,5.99,5.99
2525,1856,2024-06-02,signup,5.99,5.99
2526,1857,2024-06-21,signup,5.99,5.99
2527,1858,2024-06-26,signup,5.99,5.99
2528,1859,2024-06-08,signup,5.99,5.99
2529,1859,2024-07-08,cancel,5.99,-5.99
2530,1860,2024-06-20,signup,5.99,5.99
2531,1861,2024-06-27,signup,5.99,5.99
2532,1861,2025-06-22,cancel,5.99,-5.99
2533,1862,2024-06-03,signup,5.99,5.99
2534,1864,2024-06-02,signup,5.99,5.99
2535,1865,2024-06-23,signup,5.99,5.99
2536,1867,2024-06-16,signup,5.99,5.99
2537,1868,2024-06-18,signup,5.99,5.99
2538,1868,2025-05-14,cancel,5.99,-5.99
2539,1869,2024-06-29,signup,5.99,5.99
2540,1869,2024-07-29,cancel,5.99,-5.99
2541,1870,2024-06-03,signup,5.99,5.99
2542,1870,2025-10-26,cancel,5.99,-5.99
2543,1871,2024-06-14,signup,5.99,5.99
2544,1873,2024-06-09,signup,5.99,5.99
2545,1874,2024-07-01,signup,5.99,5.99
2546,1874,2024-09-29,cancel,5.99,-5.99
2547,1875,2024-06-09,signup,5.99,5.99
2548,1876,2024-06-04,signup,5.99,5.99
2549,1877,2024-06-06,signup,5.99,5.99
2550,1878,2024-06-17,signup,5.99,5.99
2551,1879,2024-06-10,signup,5.99,5.99
2552,1879,2024-07-10,cancel,5.99,-5.99
2553,1880,2024-07-01,signup,5.99,5.99
2554,1881,2024-06-09,signup,5.99,5.99
2555,1882,2024-06-28,signup,5.99,5.99
2556,1883,2024-06-19,signup,5.99,5.99
2557,1883,2024-07-19,cancel,5.99,-5.99
2558,1884,2024-06-03,signup,5.99,5.99
2559,1885,2024-07-02,signup,5.99,5.99
2560,1885,2024-12-29,cancel,5.99,-5.99
2561,1886,2024-06-17,signup,5.99,5.99
2562,1887,2024-06-12,signup,5.99,5.99
2563,1888,2024-06-07,signup,5.99,5.99
2564,1889,2024-06-30,signup,5.99,5.99
2565,1890,2024-06-27,signup,5.99,5.99
2566,1891,2024-06-24,signup,5.99,5.99
2567,1891,2024-07-24,cancel,5.99,-5.99
2568,1892,2024-06-16,signup,5.99,5.99
2569,1892,2025-07-11,cancel,5.99,-5.99
2570,1893,2024-06-24,signup,5.99,5.99
2571,1893,2025-09-17,cancel,5.99,-5.99
2572,1894,2024-06-05,signup,5.99,5.99
2573,1895,2024-06-09,signup,5.99,5.99
2574,1896,2024-06-25,signup,5.99,5.99
2575,1897,2024-06-18,signup,5.99,5.99
2576,1897,2024-08-17,cancel,5.99,-5.99
2577,1898,2024-06-04,signup,5.99,5.99
2578,1898,2025-04-30,cancel,5.99,-5.99
2579,1899,2024-06-23,signup,5.99,5.99
2580,1899,2025-03-20,cancel,5.99,-5.99
2581,1900,2024-06-15,signup,5.99,5.99
2582,1901,2024-06-05,signup,5.99,5.99
2583,1901,2024-07-05,cancel,5.99,-5.99
2584,1902,2024-06-19,signup,5.99,5.99
2585,1902,2025-06-14,cancel,5.99,-5.99
2586,1904,2024-06-11,signup,5.99,5.99
2587,1904,2025-02-06,cancel,5.99,-5.99
2588,1905,2024-06-13,signup,5.99,5.99
2589,1906,2024-06-28,signup,5.99,5.99
2590,1906,2024-08-27,cancel,5.99,-5.99
2591,1907,2024-07-01,signup,5.99,5.99
2592,1907,2024-09-29,cancel,5.99,-5.99
2593,1908,2024-06-13,signup,5.99,5.99
2594,1908,2025-10-06,cancel,5.99,-5.99
2595,1909,2024-06-27,signup,5.99,5.99
2596,1910,2024-06-29,signup,5.99,5.99
2597,1910,2025-02-24,cancel,5.99,-5.99
2598,1911,2024-06-16,signup,5.99,5.99
2599,1912,2024-06-17,signup,5.99,5.99
2600,1913,2024-06-27,signup,5.99,5.99
2601,1914,2024-06-16,signup,5.99,5.99
2602,1915,2024-06-19,signup,5.99,5.99
2603,1916,2024-06-08,signup,5.99,5.99
2604,1917,2024-06-07,signup,5.99,5.99
2605,1917,2024-07-07,cancel,5.99,-5.99
2606,1918,2024-06-30,signup,5.99,5.99
2607,1920,2024-06-23,signup,5.99,5.99
2608,1920,2025-06-18,cancel,5.99,-5.99
2609,1921,2024-06-18,signup,5.99,5.99
2610,1922,2024-07-04,signup,5.99,5.99
2611,1923,2024-06-13,signup,5.99,5.99
2612,1924,2024-06-26,signup,5.99,5.99
2613,1924,2024-08-25,cancel,5.99,-5.99
2614,1925,2024-06-18,signup,5.99,5.99
2615,1926,2024-06-07,signup,5.99,5.99
2616,1927,2024-06-30,signup,5.99,5.99
2617,1927,2025-05-26,cancel,5.99,-5.99
2618,1929,2024-06-07,signup,5.99,5.99
2619,1929,2025-07-02,cancel,5.99,-5.99
2620,1930,2024-06-06,signup,5.99,5.99
2621,1930,2024-07-06,cancel,5.99,-5.99
2622,1932,2024-06-09,signup,5.99,5.99
2623,1933,2024-06-11,signup,5.99,5.99
2624,1934,2024-06-12,signup,5.99,5.99
2625,1935,2024-06-17,signup,5.99,5.99
2626,1936,2024-06-19,signup,5.99,5.99
2627,1936,2025-04-15,cancel,5.99,-5.99
2628,1937,2024-07-03,signup,5.99,5.99
2629,1937,2025-08-27,cancel,5.99,-5.99
2630,1938,2024-07-01,signup,5.99,5.99
2631,1939,2024-07-06,signup,5.99,5.99
2632,1939,2024-08-05,cancel,5.99,-5.99
2633,1940,2024-06-23,signup,5.99,5.99
2634,1941,2024-06-21,signup,5.99,5.99
2635,1941,2024-07-21,cancel,5.99,-5.99
2636,1943,2024-06-16,signup,5.99,5.99
2637,1943,2024-07-16,cancel,5.99,-5.99
2638,1944,2024-06-08,signup,5.99,5.99
2639,1944,2025-04-04,cancel,5.99,-5.99
2640,1945,2024-07-02,signup,5.99,5.99
2641,1947,2024-06-30,signup,5.99,5.99
2642,1948,2024-06-24,signup,5.99,5.99
2643,1948,2024-09-22,cancel,5.99,-5.99
2644,1949,2024-06-07,signup,5.99,5.99
2645,1950,2024-06-09,signup,5.99,5.99
2646,1950,2025-02-04,cancel,5.99,-5.99
2647,1951,2024-06-08,signup,5.99,5.99
2648,1952,2024-06-09,signup,5.99,5.99
2649,1953,2024-07-01,signup,5.99,5.99
2650,1953,2025-01-27,cancel,5.99,-5.99
2651,1954,2024-06-09,signup,5.99,5.99
2652,1954,2024-09-07,cancel,5.99,-5.99
2653,1955,2024-06-24,signup,5.99,5.99
2654,1955,2024-10-22,cancel,5.99,-5.99
2655,1956,2024-07-07,signup,5.99,5.99
2656,1957,2024-06-17,signup,5.99,5.99
2657,1958,2024-06-07,signup,5.99,5.99
2658,1959,2024-07-07,signup,5.99,5.99
2659,1959,2025-04-03,cancel,5.99,-5.99
2660,1960,2024-06-20,signup,5.99,5.99
2661,1961,2024-06-10,signup,5.99,5.99
2662,1961,2025-11-02,cancel,5.99,-5.99
2663,1962,2024-07-06,signup,5.99,5.99
2664,1963,2024-06-10,signup,5.99,5.99
2665,1963,2024-09-08,cancel,5.99,-5.99
2666,1965,2024-06-11,signup,5.99,5.99
2667,1966,2024-07-02,signup,5.99,5.99
2668,1967,2024-06-18,signup,5.99,5.99
2669,1969,2024-06-26,signup,5.99,5.99
2670,1970,2024-06-26,signup,5.99,5.99
2671,1970,2025-07-21,cancel,5.99,-5.99
2672,1971,2024-07-02,signup,5.99,5.99
2673,1972,2024-06-18,signup,5.99,5.99
2674,1973,2024-06-23,signup,5.99,5.99
2675,1974,2024-06-24,signup,5.99,5.99
2676,1974,2025-10-17,cancel,5.99,-5.99
2677,1975,2024-07-06,signup,5.99,5.99
2678,1976,2024-06-14,signup,5.99,5.99
2679,1977,2024-06-21,signup,5.99,5.99
2680,1978,2024-06-09,signup,5.99,5.99
2681,1978,2025-09-02,cancel,5.99,-5.99
2682,1979,2024-06-23,signup,5.99,5.99
2683,1980,2024-06-21,signup,5.99,5.99
2684,1980,2024-08-20,cancel,5.99,-5.99
2685,1981,2024-06-29,signup,5.99,5.99
2686,1981,2024-12-26,cancel,5.99,-5.99
2687,1982,2024-07-06,signup,5.99,5.99
2688,1982,2024-10-04,cancel,5.99,-5.99
2689,1983,2024-06-17,signup,5.99,5.99
2690,1984,2024-06-19,signup,5.99,5.99
2691,1985,2024-06-17,signup,5.99,5.99
2692,1985,2025-01-13,cancel,5.99,-5.99
2693,1986,2024-07-06,signup,5.99,5.99
2694,1986,2024-09-04,cancel,5.99,-5.99
2695,1987,2024-06-18,signup,5.99,5.99
2696,1987,2025-07-13,cancel,5.99,-5.99
2697,1988,2024-07-01,signup,5.99,5.99
2698,1989,2024-07-06,signup,5.99,5.99
2699,1990,2024-07-05,signup,5.99,5.99
2700,1990,2025-05-01,cancel,5.99,-5.99
2701,1991,2024-07-03,signup,5.99,5.99
2702,1991,2025-09-26,cancel,5.99,-5.99
2703,1992,2024-06-18,signup,5.99,5.99
2704,1993,2024-06-21,signup,5.99,5.99
2705,1993,2024-07-21,cancel,5.99,-5.99
2706,1994,2024-06-30,signup,5.99,5.99
2707,1995,2024-07-02,signup,5.99,5.99
2708,1995,2024-08-31,cancel,5.99,-5.99
2709,1996,2024-06-11,signup,5.99,5.99
2710,1997,2024-06-21,signup,5.99,5.99
2711,1997,2024-08-20,cancel,5.99,-5.99
2712,1998,2024-07-10,signup,5.99,5.99
2713,1999,2024-07-10,signup,5.99,5.99
2714,1999,2024-08-09,cancel,5.99,-5.99
2715,2000,2024-06-18,signup,5.99,5.99
2716,2000,2024-09-16,cancel,5.99,-5.99
2717,2001,2024-06-19,signup,5.99,5.99
2718,2001,2024-12-16,cancel,5.99,-5.99
2719,2002,2024-07-01,signup,5.99,5.99
2720,2004,2024-07-09,signup,5.99,5.99
2721,2005,2024-07-07,signup,5.99,5.99
2722,2005,2025-08-01,cancel,5.99,-5.99
2723,2006,2024-07-10,signup,5.99,5.99
2724,2006,2024-10-08,cancel,5.99,-5.99
2725,2007,2024-06-19,signup,5.99,5.99
2726,2007,2024-08-18,cancel,5.99,-5.99
2727,2008,2024-06-14,signup,5.99,5.99
2728,2009,2024-06-30,signup,5.99,5.99
2729,2010,2024-06-19,signup,5.99,5.99
2730,2010,2024-08-18,cancel,5.99,-5.99
2731,2011,2024-06-28,signup,5.99,5.99
2732,2011,2024-07-28,cancel,5.99,-5.99
2733,2013,2024-07-03,signup,5.99,5.99
2734,2013,2024-08-02,cancel,5.99,-5.99
2735,2014,2024-07-05,signup,5.99,5.99
2736,2015,2024-06-21,signup,5.99,5.99
2737,2015,2024-08-20,cancel,5.99,-5.99
2738,2016,2024-06-14,signup,5.99,5.99
2739,2016,2024-10-12,cancel,5.99,-5.99
2740,2017,2024-07-03,signup,5.99,5.99
2741,2017,2024-08-02,cancel,5.99,-5.99
2742,2018,2024-06-23,signup,5.99,5.99
2743,2018,2025-03-20,cancel,5.99,-5.99
2744,2019,2024-06-16,signup,5.99,5.99
2745,2020,2024-06-30,signup,5.99,5.99
2746,2020,2024-08-29,cancel,5.99,-5.99
2747,2022,2024-06-19,signup,5.99,5.99
2748,2023,2024-06-14,signup,5.99,5.99
2749,2023,2024-07-14,cancel,5.99,-5.99
2750,2024,2024-07-03,signup,5.99,5.99
2751,2026,2024-06-20,signup,5.99,5.99
2752,2027,2024-06-17,signup,5.99,5.99
2753,2028,2024-07-11,signup,5.99,5.99
2754,2029,2024-06-25,signup,5.99,5.99
2755,2030,2024-06-14,signup,5.99,5.99
2756,2030,2024-09-12,cancel,5.99,-5.99
2757,2031,2024-07-07,signup,5.99,5.99
2758,2031,2024-12-04,cancel,5.99,-5.99
2759,2032,2024-06-29,signup,5.99,5.99
2760,2032,2024-09-27,cancel,5.99,-5.99
2761,2033,2024-06-18,signup,5.99,5.99
2762,2034,2024-06-19,signup,5.99,5.99
2763,2034,2025-06-14,cancel,5.99,-5.99
2764,2035,2024-07-03,signup,5.99,5.99
2765,2036,2024-06-17,signup,5.99,5.99
2766,2036,2025-06-12,cancel,5.99,-5.99
2767,2037,2024-07-12,signup,5.99,5.99
2768,2039,2024-07-09,signup,5.99,5.99
2769,2040,2024-06-21,signup,5.99,5.99
2770,2040,2024-08-20,cancel,5.99,-5.99
2771,2041,2024-06-18,signup,5.99,5.99
2772,2042,2024-07-10,signup,5.99,5.99
2773,2042,2024-12-07,cancel,5.99,-5.99
2774,2043,2024-06-26,signup,5.99,5.99
2775,2043,2024-08-25,cancel,5.99,-5.99
2776,2044,2024-07-01,signup,5.99,5.99
2777,2044,2024-09-29,cancel,5.99,-5.99
2778,2045,2024-07-02,signup,5.99,5.99
2779,2045,2024-12-29,cancel,5.99,-5.99
2780,2046,2024-07-03,signup,5.99,5.99
2781,2046,2024-09-01,cancel,5.99,-5.99
2782,2048,2024-07-01,signup,5.99,5.99
2783,2048,2025-08-25,cancel,5.99,-5.99
2784,2049,2024-06-17,signup,5.99,5.99
2785,2050,2024-06-14,signup,5.99,5.99
2786,2050,2024-08-13,cancel,5.99,-5.99
2787,2051,2024-07-08,signup,5.99,5.99
2788,2052,2024-06-30,signup,5.99,5.99
2789,2052,2024-07-30,cancel,5.99,-5.99
2790,2053,2024-06-29,signup,5.99,5.99
2791,2054,2024-07-04,signup,5.99,5.99
2792,2055,2024-06-28,signup,5.99,5.99
2793,2056,2024-07-05,signup,5.99,5.99
2794,2057,2024-07-03,signup,5.99,5.99
2795,2057,2024-10-31,cancel,5.99,-5.99
2796,2058,2024-07-03,signup,5.99,5.99
2797,2059,2024-07-11,signup,5.99,5.99
2798,2060,2024-06-29,signup,5.99,5.99
2799,2061,2024-06-29,signup,5.99,5.99
2800,2061,2024-09-27,cancel,5.99,-5.99
2801,2062,2024-07-02,signup,5.99,5.99
2802,2062,2024-09-30,cancel,5.99,-5.99
2803,2063,2024-07-06,signup,5.99,5.99
2804,2063,2024-10-04,cancel,5.99,-5.99
2805,2064,2024-06-26,signup,5.99,5.99
2806,2065,2024-06-23,signup,5.99,5.99
2807,2066,2024-06-15,signup,5.99,5.99
2808,2067,2024-07-05,signup,5.99,5.99
2809,2068,2024-06-16,signup,5.99,5.99
2810,2068,2024-08-15,cancel,5.99,-5.99
2811,2069,2024-07-09,signup,5.99,5.99
2812,2069,2024-11-06,cancel,5.99,-5.99
2813,2070,2024-07-11,signup,5.99,5.99
2814,2071,2024-07-04,signup,5.99,5.99
2815,2072,2024-07-06,signup,5.99,5.99
2816,2072,2024-08-05,cancel,5.99,-5.99
2817,2073,2024-06-19,signup,5.99,5.99
2818,2073,2024-10-17,cancel,5.99,-5.99
2819,2074,2024-07-01,signup,5.99,5.99
2820,2075,2024-07-12,signup,5.99,5.99
2821,2075,2025-07-07,cancel,5.99,-5.99
2822,2076,2024-07-04,signup,5.99,5.99
2823,2076,2025-09-27,cancel,5.99,-5.99
2824,2077,2024-06-16,signup,5.99,5.99
2825,2077,2024-09-14,cancel,5.99,-5.99
2826,2079,2024-06-15,signup,5.99,5.99
2827,2079,2025-10-08,cancel,5.99,-5.99
2828,2080,2024-07-03,signup,5.99,5.99
2829,2080,2025-04-29,cancel,5.99,-5.99
2830,2081,2024-06-15,signup,5.99,5.99
2831,2082,2024-06-24,signup,5.99,5.99
2832,2082,2024-12-21,cancel,5.99,-5.99
2833,2083,2024-06-29,signup,5.99,5.99
2834,2083,2025-06-24,cancel,5.99,-5.99
2835,2084,2024-06-19,signup,5.99,5.99
2836,2084,2024-11-16,cancel,5.99,-5.99
2837,2085,2024-06-19,signup,5.99,5.99
2838,2085,2025-09-12,cancel,5.99,-5.99
2839,2086,2024-07-05,signup,5.99,5.99
2840,2086,2025-03-02,cancel,5.99,-5.99
2841,2087,2024-07-12,signup,5.99,5.99
2842,2087,2024-08-11,cancel,5.99,-5.99
2843,2090,2024-07-03,signup,5.99,5.99
2844,2091,2024-06-19,signup,5.99,5.99
2845,2091,2024-12-16,cancel,5.99,-5.99
2846,2092,2024-06-29,signup,5.99,5.99
2847,2092,2024-07-29,cancel,5.99,-5.99
2848,2093,2024-07-01,signup,5.99,5.99
2849,2094,2024-06-22,signup,5.99,5.99
2850,2095,2024-07-14,signup,5.99,5.99
2851,2096,2024-06-25,signup,5.99,5.99
2852,2096,2025-05-21,cancel,5.99,-5.99
2853,2098,2024-07-12,signup,5.99,5.99
2854,2098,2024-09-10,cancel,5.99,-5.99
2855,2099,2024-06-17,signup,5.99,5.99
2856,2100,2024-07-11,signup,5.99,5.99
2857,2100,2024-08-10,cancel,5.99,-5.99
2858,2101,2024-06-23,signup,5.99,5.99
2859,2103,2024-07-03,signup,5.99,5.99
2860,2103,2024-10-01,cancel,5.99,-5.99
2861,2104,2024-07-11,signup,5.99,5.99
2862,2104,2024-10-09,cancel,5.99,-5.99
2863,2105,2024-07-09,signup,5.99,5.99
2864,2106,2024-06-27,signup,5.99,5.99
2865,2108,2024-07-11,signup,5.99,5.99
2866,2108,2025-05-07,cancel,5.99,-5.99
2867,2109,2024-06-19,signup,5.99,5.99
2868,2110,2024-07-06,signup,5.99,5.99
2869,2111,2024-06-23,signup,5.99,5.99
2870,2112,2024-07-12,signup,5.99,5.99
2871,2113,2024-06-28,signup,5.99,5.99
2872,2114,2024-06-19,signup,5.99,5.99
2873,2114,2025-09-12,cancel,5.99,-5.99
2874,2115,2024-06-26,signup,5.99,5.99
2875,2115,2024-07-26,cancel,5.99,-5.99
2876,2116,2024-07-01,signup,5.99,5.99
2877,2116,2024-09-29,cancel,5.99,-5.99
2878,2117,2024-07-09,signup,5.99,5.99
2879,2118,2024-06-25,signup,5.99,5.99
2880,2119,2024-07-18,signup,5.99,5.99
2881,2120,2024-06-24,signup,5.99,5.99
2882,2121,2024-07-13,signup,5.99,5.99
2883,2122,2024-07-02,signup,5.99,5.99
2884,2122,2025-01-28,cancel,5.99,-5.99
2885,2123,2024-07-01,signup,5.99,5.99
2886,2124,2024-07-14,signup,5.99,5.99
2887,2124,2024-08-13,cancel,5.99,-5.99
2888,2125,2024-07-14,signup,5.99,5.99
2889,2126,2024-07-07,signup,5.99,5.99
2890,2127,2024-07-15,signup,5.99,5.99
2891,2128,2024-07-11,signup,5.99,5.99
2892,2129,2024-07-04,signup,5.99,5.99
2893,2130,2024-06-20,signup,5.99,5.99
2894,2130,2024-07-20,cancel,5.99,-5.99
2895,2131,2024-07-12,signup,5.99,5.99
2896,2132,2024-07-04,signup,5.99,5.99
2897,2133,2024-06-23,signup,5.99,5.99
2898,2133,2024-07-23,cancel,5.99,-5.99
2899,2134,2024-07-02,signup,5.99,5.99
2900,2135,2024-07-20,signup,5.99,5.99
2901,2136,2024-07-09,signup,5.99,5.99
2902,2136,2024-10-07,cancel,5.99,-5.99
2903,2137,2024-07-18,signup,5.99,5.99
2904,2138,2024-06-21,signup,5.99,5.99
2905,2138,2024-08-20,cancel,5.99,-5.99
2906,2139,2024-06-28,signup,5.99,5.99
2907,2140,2024-07-01,signup,5.99,5.99
2908,2140,2024-07-31,cancel,5.99,-5.99
2909,2141,2024-07-11,signup,5.99,5.99
2910,2143,2024-07-13,signup,5.99,5.99
2911,2144,2024-06-29,signup,5.99,5.99
2912,2144,2024-07-29,cancel,5.99,-5.99
2913,2145,2024-06-25,signup,5.99,5.99
2914,2145,2024-12-22,cancel,5.99,-5.99
2915,2146,2024-07-13,signup,5.99,5.99
2916,2147,2024-07-18,signup,5.99,5.99
2917,2148,2024-07-14,signup,5.99,5.99
2918,2149,2024-07-11,signup,5.99,5.99
2919,2150,2024-07-06,signup,5.99,5.99
2920,2151,2024-06-26,signup,5.99,5.99
2921,2151,2024-08-25,cancel,5.99,-5.99
2922,2152,2024-07-15,signup,5.99,5.99
2923,2153,2024-07-07,signup,5.99,5.99
2924,2153,2024-08-06,cancel,5.99,-5.99
2925,2154,2024-06-28,signup,5.99,5.99
2926,2154,2024-10-26,cancel,5.99,-5.99
2927,2158,2024-06-22,signup,5.99,5.99
2928,2159,2024-07-10,signup,5.99,5.99
2929,2159,2024-09-08,cancel,5.99,-5.99
2930,2160,2024-07-21,signup,5.99,5.99
2931,2160,2025-10-14,cancel,5.99,-5.99
2932,2161,2024-06-28,signup,5.99,5.99
2933,2161,2024-07-28,cancel,5.99,-5.99
2934,2162,2024-06-24,signup,5.99,5.99
2935,2162,2025-01-20,cancel,5.99,-5.99
2936,2164,2024-06-22,signup,5.99,5.99
2937,2164,2025-06-17,cancel,5.99,-5.99
2938,2165,2024-07-05,signup,5.99,5.99
2939,2165,2024-11-02,cancel,5.99,-5.99
2940,2166,2024-07-06,signup,5.99,5.99
2941,2167,2024-07-08,signup,5.99,5.99
2942,2168,2024-07-19,signup,5.99,5.99
2943,2168,2025-09-12,cancel,5.99,-5.99
2944,2169,2024-07-07,signup,5.99,5.99
2945,2170,2024-07-08,signup,5.99,5.99
2946,2170,2024-09-06,cancel,5.99,-5.99
2947,2172,2024-07-13,signup,5.99,5.99
2948,2173,2024-07-09,signup,5.99,5.99
2949,2173,2024-08-08,cancel,5.99,-5.99
2950,2174,2024-07-04,signup,5.99,5.99
2951,2175,2024-06-30,signup,5.99,5.99
2952,2175,2024-08-29,cancel,5.99,-5.99
2953,2176,2024-07-21,signup,5.99,5.99
2954,2177,2024-07-08,signup,5.99,5.99
2955,2177,2024-08-07,cancel,5.99,-5.99
2956,2178,2024-07-17,signup,5.99,5.99
2957,2178,2025-09-10,cancel,5.99,-5.99
2958,2179,2024-07-18,signup,5.99,5.99
2959,2180,2024-07-14,signup,5.99,5.99
2960,2180,2025-08-08,cancel,5.99,-5.99
2961,2181,2024-06-26,signup,5.99,5.99
2962,2182,2024-07-20,signup,5.99,5.99
2963,2182,2025-07-15,cancel,5.99,-5.99
2964,2183,2024-07-12,signup,5.99,5.99
2965,2183,2025-04-08,cancel,5.99,-5.99
2966,2185,2024-07-10,signup,5.99,5.99
2967,2185,2024-12-07,cancel,5.99,-5.99
2968,2186,2024-07-08,signup,5.99,5.99
2969,2186,2025-12-30,cancel,5.99,-5.99
2970,2187,2024-07-15,signup,5.99,5.99
2971,2188,2024-07-03,signup,5.99,5.99
2972,2188,2024-08-02,cancel,5.99,-5.99
2973,2189,2024-07-14,signup,5.99,5.99
2974,2190,2024-07-11,signup,5.99,5.99
2975,2192,2024-06-28,signup,5.99,5.99
2976,2192,2025-07-23,cancel,5.99,-5.99
2977,2193,2024-07-14,signup,5.99,5.99
2978,2193,2024-09-12,cancel,5.99,-5.99
2979,2194,2024-07-08,signup,5.99,5.99
2980,2195,2024-07-22,signup,5.99,5.99
2981,2196,2024-07-14,signup,5.99,5.99
2982,2197,2024-07-13,signup,5.99,5.99
2983,2200,2024-07-04,signup,5.99,5.99
2984,2200,2024-09-02,cancel,5.99,-5.99
2985,2201,2024-07-11,signup,5.99,5.99
2986,2201,2025-01-07,cancel,5.99,-5.99
2987,2202,2024-07-12,signup,5.99,5.99
2988,2203,2024-06-26,signup,5.99,5.99
2989,2204,2024-07-07,signup,5.99,5.99
2990,2204,2025-07-02,cancel,5.99,-5.99
2991,2205,2024-07-02,signup,5.99,5.99
2992,2206,2024-07-17,signup,5.99,5.99
2993,2208,2024-07-14,signup,5.99,5.99
2994,2208,2025-11-06,cancel,5.99,-5.99
2995,2209,2024-06-29,signup,5.99,5.99
2996,2210,2024-07-14,signup,5.99,5.99
2997,2210,2024-12-11,cancel,5.99,-5.99
2998,2211,2024-07-06,signup,5.99,5.99
2999,2212,2024-07-11,signup,5.99,5.99
3000,2212,2024-08-10,cancel,5.99,-5.99
3001,2213,2024-07-24,signup,5.99,5.99
3002,2214,2024-06-25,signup,5.99,5.99
3003,2214,2025-12-17,cancel,5.99,-5.99
3004,2215,2024-07-15,signup,5.99,5.99
3005,2216,2024-07-01,signup,5.99,5.99
3006,2216,2025-02-26,cancel,5.99,-5.99
3007,2217,2024-07-02,signup,5.99,5.99
3008,2218,2024-07-10,signup,5.99,5.99
3009,2219,2024-07-10,signup,5.99,5.99
3010,2219,2024-08-09,cancel,5.99,-5.99
3011,2220,2024-06-30,signup,5.99,5.99
3012,2221,2024-07-15,signup,5.99,5.99
3013,2221,2024-10-13,cancel,5.99,-5.99
3014,2222,2024-07-16,signup,5.99,5.99
3015,2222,2024-09-14,cancel,5.99,-5.99
3016,2224,2024-07-13,signup,5.99,5.99
3017,2225,2024-07-09,signup,5.99,5.99
3018,2225,2024-12-06,cancel,5.99,-5.99
3019,2226,2024-07-18,signup,5.99,5.99
3020,2227,2024-06-26,signup,5.99,5.99
3021,2227,2024-07-26,cancel,5.99,-5.99
3022,2228,2024-07-13,signup,5.99,5.99
3023,2229,2024-07-12,signup,5.99,5.99
3024,2230,2024-07-14,signup,5.99,5.99
3025,2230,2025-12-06,cancel,5.99,-5.99
3026,2232,2024-07-10,signup,5.99,5.99
3027,2232,2024-08-09,cancel,5.99,-5.99
3028,2233,2024-07-05,signup,5.99,5.99
3029,2234,2024-07-11,signup,5.99,5.99
3030,2234,2024-11-08,cancel,5.99,-5.99
3031,2236,2024-07-25,signup,5.99,5.99
3032,2236,2025-01-21,cancel,5.99,-5.99
3033,2237,2024-07-16,signup,5.99,5.99
3034,2237,2025-06-11,cancel,5.99,-5.99
3035,2238,2024-06-29,signup,5.99,5.99
3036,2238,2025-09-22,cancel,5.99,-5.99
3037,2239,2024-07-21,signup,5.99,5.99
3038,2239,2024-08-20,cancel,5.99,-5.99
3039,2241,2024-06-30,signup,5.99,5.99
3040,2241,2025-12-22,cancel,5.99,-5.99
3041,2242,2024-06-29,signup,5.99,5.99
3042,2243,2024-06-27,signup,5.99,5.99
3043,2243,2025-11-19,cancel,5.99,-5.99
3044,2244,2024-06-29,signup,5.99,5.99
3045,2246,2024-07-24,signup,5.99,5.99
3046,2247,2024-06-28,signup,5.99,5.99
3047,2248,2024-07-09,signup,5.99,5.99
3048,2249,2024-07-22,signup,5.99,5.99
3049,2250,2024-07-02,signup,5.99,5.99
3050,2250,2024-08-01,cancel,5.99,-5.99
3051,2251,2024-07-28,signup,5.99,5.99
3052,2252,2024-07-16,signup,5.99,5.99
3053,2252,2024-08-15,cancel,5.99,-5.99
3054,2253,2024-07-18,signup,5.99,5.99
3055,2254,2024-07-27,signup,5.99,5.99
3056,2254,2024-09-25,cancel,5.99,-5.99
3057,2255,2024-07-04,signup,5.99,5.99
3058,2256,2024-07-12,signup,5.99,5.99
3059,2256,2024-09-10,cancel,5.99,-5.99
3060,2257,2024-07-26,signup,5.99,5.99
3061,2258,2024-07-17,signup,5.99,5.99
3062,2259,2024-07-03,signup,5.99,5.99
3063,2259,2024-08-02,cancel,5.99,-5.99
3064,2261,2024-07-13,signup,5.99,5.99
3065,2262,2024-07-10,signup,5.99,5.99
3066,2262,2024-09-08,cancel,5.99,-5.99
3067,2263,2024-07-03,signup,5.99,5.99
3068,2264,2024-07-14,signup,5.99,5.99
3069,2265,2024-07-20,signup,5.99,5.99
3070,2266,2024-07-06,signup,5.99,5.99
3071,2266,2025-01-02,cancel,5.99,-5.99
3072,2267,2024-07-04,signup,5.99,5.99
3073,2268,2024-07-18,signup,5.99,5.99
3074,2268,2024-10-16,cancel,5.99,-5.99
3075,2269,2024-07-30,signup,5.99,5.99
3076,2270,2024-07-23,signup,5.99,5.99
3077,2270,2024-08-22,cancel,5.99,-5.99
3078,2271,2024-07-08,signup,5.99,5.99
3079,2271,2024-08-07,cancel,5.99,-5.99
3080,2272,2024-07-30,signup,5.99,5.99
3081,2273,2024-07-28,signup,5.99,5.99
3082,2273,2025-03-25,cancel,5.99,-5.99
3083,2275,2024-07-19,signup,5.99,5.99
3084,2276,2024-07-18,signup,5.99,5.99
3085,2277,2024-07-01,signup,5.99,5.99
3086,2277,2024-08-30,cancel,5.99,-5.99
3087,2278,2024-07-08,signup,5.99,5.99
3088,2279,2024-07-18,signup,5.99,5.99
3089,2281,2024-07-28,signup,5.99,5.99
3090,2281,2025-01-24,cancel,5.99,-5.99
3091,2282,2024-07-30,signup,5.99,5.99
3092,2283,2024-07-28,signup,5.99,5.99
3093,2284,2024-07-19,signup,5.99,5.99
3094,2285,2024-07-02,signup,5.99,5.99
3095,2285,2025-06-27,cancel,5.99,-5.99
3096,2286,2024-07-26,signup,5.99,5.99
3097,2286,2024-08-25,cancel,5.99,-5.99
3098,2287,2024-07-23,signup,5.99,5.99
3099,2287,2025-05-19,cancel,5.99,-5.99
3100,2288,2024-07-02,signup,5.99,5.99
3101,2289,2024-07-10,signup,5.99,5.99
3102,2290,2024-07-11,signup,5.99,5.99
3103,2291,2024-07-02,signup,5.99,5.99
3104,2291,2024-11-29,cancel,5.99,-5.99
3105,2292,2024-07-02,signup,5.99,5.99
3106,2292,2024-08-31,cancel,5.99,-5.99
3107,2293,2024-07-02,signup,5.99,5.99
3108,2295,2024-07-16,signup,5.99,5.99
3109,2296,2024-07-16,signup,5.99,5.99
3110,2297,2024-07-01,signup,5.99,5.99
3111,2298,2024-07-05,signup,5.99,5.99
3112,2298,2024-11-02,cancel,5.99,-5.99
3113,2300,2024-07-03,signup,5.99,5.99
3114,2301,2024-07-31,signup,5.99,5.99
3115,2302,2024-07-13,signup,5.99,5.99
3116,2302,2024-08-12,cancel,5.99,-5.99
3117,2303,2024-07-12,signup,5.99,5.99
3118,2304,2024-07-27,signup,5.99,5.99
3119,2305,2024-07-21,signup,5.99,5.99
3120,2306,2024-07-04,signup,5.99,5.99
3121,2307,2024-07-30,signup,5.99,5.99
3122,2308,2024-07-14,signup,5.99,5.99
3123,2309,2024-07-27,signup,5.99,5.99
3124,2311,2024-07-08,signup,5.99,5.99
3125,2312,2024-07-22,signup,5.99,5.99
3126,2312,2024-08-21,cancel,5.99,-5.99
3127,2313,2024-07-14,signup,5.99,5.99
3128,2313,2024-09-12,cancel,5.99,-5.99
3129,2314,2024-07-14,signup,5.99,5.99
3130,2314,2025-05-10,cancel,5.99,-5.99
3131,2315,2024-07-09,signup,5.99,5.99
3132,2317,2024-07-17,signup,5.99,5.99
3133,2317,2025-01-13,cancel,5.99,-5.99
3134,2318,2024-07-10,signup,5.99,5.99
3135,2318,2024-08-09,cancel,5.99,-5.99
3136,2319,2024-07-06,signup,5.99,5.99
3137,2319,2024-10-04,cancel,5.99,-5.99
3138,2320,2024-07-30,signup,5.99,5.99
3139,2321,2024-07-06,signup,5.99,5.99
3140,2321,2025-08-30,cancel,5.99,-5.99
3141,2322,2024-07-10,signup,5.99,5.99
3142,2323,2024-07-03,signup,5.99,5.99
3143,2323,2025-02-28,cancel,5.99,-5.99
3144,2324,2024-07-20,signup,5.99,5.99
3145,2324,2025-03-17,cancel,5.99,-5.99
3146,2325,2024-07-23,signup,5.99,5.99
3147,2325,2024-08-22,cancel,5.99,-5.99
3148,2326,2024-07-30,signup,5.99,5.99
3149,2326,2024-09-28,cancel,5.99,-5.99
3150,2327,2024-07-26,signup,5.99,5.99
3151,2329,2024-07-29,signup,5.99,5.99
3152,2329,2025-02-24,cancel,5.99,-5.99
3153,2330,2024-07-11,signup,5.99,5.99
3154,2331,2024-07-18,signup,5.99,5.99
3155,2331,2025-12-10,cancel,5.99,-5.99
3156,2333,2024-07-23,signup,5.99,5.99
3157,2334,2024-07-03,signup,5.99,5.99
3158,2335,2024-07-04,signup,5.99,5.99
3159,2335,2025-04-30,cancel,5.99,-5.99
3160,2336,2024-07-24,signup,5.99,5.99
3161,2337,2024-07-10,signup,5.99,5.99
3162,2337,2025-01-06,cancel,5.99,-5.99
3163,2338,2024-07-29,signup,5.99,5.99
3164,2339,2024-07-23,signup,5.99,5.99
3165,2339,2024-09-21,cancel,5.99,-5.99
3166,2340,2024-07-07,signup,5.99,5.99
3167,2340,2024-10-05,cancel,5.99,-5.99
3168,2341,2024-07-21,signup,5.99,5.99
3169,2341,2025-03-18,cancel,5.99,-5.99
3170,2342,2024-07-18,signup,5.99,5.99
3171,2343,2024-07-20,signup,5.99,5.99
3172,2344,2024-07-30,signup,5.99,5.99
3173,2345,2024-07-10,signup,5.99,5.99
3174,2346,2024-08-02,signup,5.99,5.99
3175,2347,2024-07-11,signup,5.99,5.99
3176,2348,2024-07-04,signup,5.99,5.99
3177,2348,2024-08-03,cancel,5.99,-5.99
3178,2349,2024-07-21,signup,5.99,5.99
3179,2350,2024-07-08,signup,5.99,5.99
3180,2350,2024-10-06,cancel,5.99,-5.99
3181,2351,2024-07-21,signup,5.99,5.99
3182,2351,2025-01-17,cancel,5.99,-5.99
3183,2352,2024-08-03,signup,5.99,5.99
3184,2352,2024-10-02,cancel,5.99,-5.99
3185,2353,2024-08-03,signup,5.99,5.99
3186,2354,2024-08-02,signup,5.99,5.99
3187,2354,2024-10-01,cancel,5.99,-5.99
3188,2355,2024-07-30,signup,5.99,5.99
3189,2357,2024-07-31,signup,5.99,5.99
3190,2357,2024-09-29,cancel,5.99,-5.99
3191,2358,2024-07-28,signup,5.99,5.99
3192,2359,2024-07-28,signup,5.99,5.99
3193,2359,2024-08-27,cancel,5.99,-5.99
3194,2360,2024-07-22,signup,5.99,5.99
3195,2360,2025-02-17,cancel,5.99,-5.99
3196,2361,2024-07-23,signup,5.99,5.99
3197,2361,2024-12-20,cancel,5.99,-5.99
3198,2362,2024-07-13,signup,5.99,5.99
3199,2363,2024-07-21,signup,5.99,5.99
3200,2364,2024-07-25,signup,5.99,5.99
3201,2364,2025-01-21,cancel,5.99,-5.99
3202,2365,2024-07-20,signup,5.99,5.99
3203,2366,2024-07-06,signup,5.99,5.99
3204,2367,2024-07-13,signup,5.99,5.99
3205,2367,2024-08-12,cancel,5.99,-5.99
3206,2368,2024-07-23,signup,5.99,5.99
3207,2369,2024-07-16,signup,5.99,5.99
3208,2370,2024-07-13,signup,5.99,5.99
3209,2370,2025-11-05,cancel,5.99,-5.99
3210,2371,2024-08-02,signup,5.99,5.99
3211,2372,2024-07-29,signup,5.99,5.99
3212,2373,2024-07-30,signup,5.99,5.99
3213,2374,2024-07-22,signup,5.99,5.99
3214,2375,2024-07-13,signup,5.99,5.99
3215,2375,2024-10-11,cancel,5.99,-5.99
3216,2377,2024-07-14,signup,5.99,5.99
3217,2379,2024-07-29,signup,5.99,5.99
3218,2381,2024-07-17,signup,5.99,5.99
3219,2381,2024-10-15,cancel,5.99,-5.99
3220,2382,2024-08-06,signup,5.99,5.99
3221,2382,2024-11-04,cancel,5.99,-5.99
3222,2383,2024-08-06,signup,5.99,5.99
3223,2384,2024-07-21,signup,5.99,5.99
3224,2384,2025-10-14,cancel,5.99,-5.99
3225,2385,2024-08-06,signup,5.99,5.99
3226,2386,2024-07-27,signup,5.99,5.99
3227,2386,2024-12-24,cancel,5.99,-5.99
3228,2387,2024-07-19,signup,5.99,5.99
3229,2387,2024-08-18,cancel,5.99,-5.99
3230,2388,2024-08-05,signup,5.99,5.99
3231,2388,2024-10-04,cancel,5.99,-5.99
3232,2389,2024-07-13,signup,5.99,5.99
3233,2390,2024-07-29,signup,5.99,5.99
3234,2391,2024-07-14,signup,5.99,5.99
3235,2392,2024-07-20,signup,5.99,5.99
3236,2393,2024-08-06,signup,5.99,5.99
3237,2393,2024-10-05,cancel,5.99,-5.99
3238,2396,2024-07-07,signup,5.99,5.99
3239,2399,2024-07-13,signup,5.99,5.99
3240,2400,2024-07-21,signup,5.99,5.99
3241,2401,2024-07-15,signup,5.99,5.99
3242,2403,2024-08-02,signup,5.99,5.99
3243,2405,2024-07-15,signup,5.99,5.99
3244,2405,2025-07-10,cancel,5.99,-5.99
3245,2406,2024-07-13,signup,5.99,5.99
3246,2406,2024-09-11,cancel,5.99,-5.99
3247,2407,2024-07-23,signup,5.99,5.99
3248,2407,2024-10-21,cancel,5.99,-5.99
3249,2408,2024-07-14,signup,5.99,5.99
3250,2409,2024-07-14,signup,5.99,5.99
3251,2409,2025-02-09,cancel,5.99,-5.99
3252,2410,2024-07-25,signup,5.99,5.99
3253,2412,2024-07-10,signup,5.99,5.99
3254,2413,2024-07-09,signup,5.99,5.99
3255,2414,2024-07-25,signup,5.99,5.99
3256,2414,2024-10-23,cancel,5.99,-5.99
3257,2415,2024-07-28,signup,5.99,5.99
3258,2415,2025-07-23,cancel,5.99,-5.99
3259,2416,2024-07-15,signup,5.99,5.99
3260,2416,2024-10-13,cancel,5.99,-5.99
3261,2417,2024-07-27,signup,5.99,5.99
3262,2417,2024-12-24,cancel,5.99,-5.99
3263,2418,2024-07-28,signup,5.99,5.99
3264,2419,2024-08-08,signup,5.99,5.99
3265,2419,2025-09-02,cancel,5.99,-5.99
3266,2421,2024-07-30,signup,5.99,5.99
3267,2422,2024-07-09,signup,5.99,5.99
3268,2423,2024-07-28,signup,5.99,5.99
3269,2424,2024-07-20,signup,5.99,5.99
3270,2425,2024-07-26,signup,5.99,5.99
3271,2425,2024-08-25,cancel,5.99,-5.99
3272,2426,2024-07-27,signup,5.99,5.99
3273,2427,2024-07-13,signup,5.99,5.99
3274,2427,2024-08-12,cancel,5.99,-5.99
3275,2428,2024-08-01,signup,5.99,5.99
3276,2428,2024-09-30,cancel,5.99,-5.99
3277,2429,2024-07-16,signup,5.99,5.99
3278,2430,2024-08-01,signup,5.99,5.99
3279,2431,2024-07-31,signup,5.99,5.99
3280,2432,2024-07-20,signup,5.99,5.99
3281,2433,2024-07-19,signup,5.99,5.99
3282,2433,2025-12-11,cancel,5.99,-5.99
3283,2434,2024-07-15,signup,5.99,5.99
3284,2436,2024-07-21,signup,5.99,5.99
3285,2437,2024-07-17,signup,5.99,5.99
3286,2438,2024-08-03,signup,5.99,5.99
3287,2439,2024-07-16,signup,5.99,5.99
3288,2440,2024-08-01,signup,5.99,5.99
3289,2441,2024-07-21,signup,5.99,5.99
3290,2441,2024-10-19,cancel,5.99,-5.99
3291,2442,2024-08-04,signup,5.99,5.99
3292,2443,2024-08-08,signup,5.99,5.99
3293,2443,2024-09-07,cancel,5.99,-5.99
3294,2445,2024-07-31,signup,5.99,5.99
3295,2446,2024-07-27,signup,5.99,5.99
3296,2446,2024-08-26,cancel,5.99,-5.99
3297,2447,2024-07-12,signup,5.99,5.99
3298,2448,2024-07-29,signup,5.99,5.99
3299,2449,2024-07-19,signup,5.99,5.99
3300,2449,2024-08-18,cancel,5.99,-5.99
3301,2450,2024-08-08,signup,5.99,5.99
3302,2450,2024-10-07,cancel,5.99,-5.99
3303,2451,2024-07-15,signup,5.99,5.99
3304,2451,2024-10-13,cancel,5.99,-5.99
3305,2452,2024-08-07,signup,5.99,5.99
3306,2453,2024-08-04,signup,5.99,5.99
3307,2454,2024-08-01,signup,5.99,5.99
3308,2455,2024-07-22,signup,5.99,5.99
3309,2456,2024-07-29,signup,5.99,5.99
3310,2456,2025-03-26,cancel,5.99,-5.99
3311,2457,2024-07-21,signup,5.99,5.99
3312,2457,2024-08-20,cancel,5.99,-5.99
3313,2458,2024-07-11,signup,5.99,5.99
3314,2459,2024-07-17,signup,5.99,5.99
3315,2460,2024-07-25,signup,5.99,5.99
3316,2460,2024-08-24,cancel,5.99,-5.99
3317,2461,2024-07-25,signup,5.99,5.99
3318,2461,2024-08-24,cancel,5.99,-5.99
3319,2462,2024-08-04,signup,5.99,5.99
3320,2462,2024-09-03,cancel,5.99,-5.99
3321,2463,2024-08-10,signup,5.99,5.99
3322,2464,2024-07-11,signup,5.99,5.99
3323,2465,2024-08-05,signup,5.99,5.99
3324,2465,2024-11-03,cancel,5.99,-5.99
3325,2466,2024-07-17,signup,5.99,5.99
3326,2466,2025-09-10,cancel,5.99,-5.99
3327,2467,2024-07-30,signup,5.99,5.99
3328,2469,2024-08-03,signup,5.99,5.99
3329,2469,2024-09-02,cancel,5.99,-5.99
3330,2470,2024-07-12,signup,5.99,5.99
3331,2470,2025-02-07,cancel,5.99,-5.99
3332,2471,2024-08-07,signup,5.99,5.99
3333,2471,2024-12-05,cancel,5.99,-5.99
3334,2472,2024-07-15,signup,5.99,5.99
3335,2472,2025-09-08,cancel,5.99,-5.99
3336,2473,2024-07-12,signup,5.99,5.99
3337,2474,2024-07-13,signup,5.99,5.99
3338,2475,2024-07-24,signup,5.99,5.99
3339,2475,2025-08-18,cancel,5.99,-5.99
3340,2476,2024-07-12,signup,5.99,5.99
3341,2477,2024-07-24,signup,5.99,5.99
3342,2477,2024-09-22,cancel,5.99,-5.99
3343,2478,2024-07-19,signup,5.99,5.99
3344,2478,2024-09-17,cancel,5.99,-5.99
3345,2479,2024-08-08,signup,5.99,5.99
3346,2479,2025-11-01,cancel,5.99,-5.99
3347,2480,2024-07-31,signup,5.99,5.99
3348,2480,2024-08-30,cancel,5.99,-5.99
3349,2481,2024-08-06,signup,5.99,5.99
3350,2482,2024-07-20,signup,5.99,5.99
3351,2483,2024-08-04,signup,5.99,5.99
3352,2483,2024-11-02,cancel,5.99,-5.99
3353,2484,2024-08-06,signup,5.99,5.99
3354,2485,2024-07-22,signup,5.99,5.99
3355,2486,2024-08-06,signup,5.99,5.99
3356,2487,2024-07-18,signup,5.99,5.99
3357,2487,2024-08-17,cancel,5.99,-5.99
3358,2488,2024-08-10,signup,5.99,5.99
3359,2489,2024-07-21,signup,5.99,5.99
3360,2489,2024-10-19,cancel,5.99,-5.99
3361,2491,2024-07-22,signup,5.99,5.99
3362,2491,2024-08-21,cancel,5.99,-5.99
3363,2492,2024-07-19,signup,5.99,5.99
3364,2492,2025-01-15,cancel,5.99,-5.99
3365,2494,2024-08-10,signup,5.99,5.99
3366,2495,2024-07-30,signup,5.99,5.99
3367,2495,2024-08-29,cancel,5.99,-5.99
3368,2496,2024-07-19,signup,5.99,5.99
3369,2496,2024-09-17,cancel,5.99,-5.99
3370,2497,2024-08-11,signup,5.99,5.99
3371,2498,2024-07-30,signup,5.99,5.99
3372,2499,2024-07-21,signup,5.99,5.99
3373,2500,2024-08-05,signup,5.99,5.99
3374,2501,2024-07-27,signup,5.99,5.99
3375,2502,2024-07-16,signup,5.99,5.99
3376,2503,2024-08-04,signup,5.99,5.99
3377,2504,2024-07-25,signup,5.99,5.99
3378,2505,2024-08-05,signup,5.99,5.99
3379,2506,2024-07-30,signup,5.99,5.99
3380,2507,2024-07-25,signup,5.99,5.99
3381,2508,2024-07-15,signup,5.99,5.99
3382,2508,2025-11-07,cancel,5.99,-5.99
3383,2509,2024-07-19,signup,5.99,5.99
3384,2509,2024-10-17,cancel,5.99,-5.99
3385,2510,2024-08-12,signup,5.99,5.99
3386,2510,2024-12-10,cancel,5.99,-5.99
3387,2511,2024-07-25,signup,5.99,5.99
3388,2512,2024-07-26,signup,5.99,5.99
3389,2512,2024-08-25,cancel,5.99,-5.99
3390,2513,2024-08-08,signup,5.99,5.99
3391,2516,2024-07-16,signup,5.99,5.99
3392,2516,2025-01-12,cancel,5.99,-5.99
3393,2517,2024-08-14,signup,5.99,5.99
3394,2517,2025-02-10,cancel,5.99,-5.99
3395,2518,2024-07-16,signup,5.99,5.99
3396,2518,2024-10-14,cancel,5.99,-5.99
3397,2519,2024-07-22,signup,5.99,5.99
3398,2520,2024-08-06,signup,5.99,5.99
3399,2520,2024-09-05,cancel,5.99,-5.99
3400,2522,2024-08-12,signup,5.99,5.99
3401,2523,2024-07-27,signup,5.99,5.99
3402,2523,2024-09-25,cancel,5.99,-5.99
3403,2524,2024-07-31,signup,5.99,5.99
3404,2525,2024-08-08,signup,5.99,5.99
3405,2527,2024-08-12,signup,5.99,5.99
3406,2527,2025-09-06,cancel,5.99,-5.99
3407,2528,2024-08-06,signup,5.99,5.99
3408,2529,2024-07-30,signup,5.99,5.99
3409,2530,2024-07-22,signup,5.99,5.99
3410,2531,2024-07-21,signup,5.99,5.99
3411,2532,2024-07-28,signup,5.99,5.99
3412,2532,2024-10-26,cancel,5.99,-5.99
3413,2533,2024-07-16,signup,5.99,5.99
3414,2533,2025-01-12,cancel,5.99,-5.99
3415,2534,2024-08-10,signup,5.99,5.99
3416,2535,2024-07-28,signup,5.99,5.99
3417,2537,2024-08-06,signup,5.99,5.99
3418,2537,2025-09-30,cancel,5.99,-5.99
3419,2538,2024-08-06,signup,5.99,5.99
3420,2539,2024-08-12,signup,5.99,5.99
3421,2541,2024-08-15,signup,5.99,5.99
3422,2542,2024-07-26,signup,5.99,5.99
3423,2543,2024-07-30,signup,5.99,5.99
3424,2543,2024-10-28,cancel,5.99,-5.99
3425,2544,2024-07-17,signup,5.99,5.99
3426,2544,2025-01-13,cancel,5.99,-5.99
3427,2545,2024-08-10,signup,5.99,5.99
3428,2545,2024-09-09,cancel,5.99,-5.99
3429,2546,2024-08-05,signup,5.99,5.99
3430,2547,2024-07-27,signup,5.99,5.99
3431,2549,2024-08-02,signup,5.99,5.99
3432,2549,2024-09-01,cancel,5.99,-5.99
3433,2550,2024-07-29,signup,5.99,5.99
3434,2551,2024-07-31,signup,5.99,5.99
3435,2552,2024-08-03,signup,5.99,5.99
3436,2552,2024-12-01,cancel,5.99,-5.99
3437,2553,2024-08-08,signup,5.99,5.99
3438,2553,2025-02-04,cancel,5.99,-5.99
3439,2554,2024-08-10,signup,5.99,5.99
3440,2554,2025-11-03,cancel,5.99,-5.99
3441,2556,2024-08-15,signup,5.99,5.99
3442,2557,2024-08-08,signup,5.99,5.99
3443,2558,2024-08-11,signup,5.99,5.99
3444,2559,2024-08-05,signup,5.99,5.99
3445,2559,2024-09-04,cancel,5.99,-5.99
3446,2560,2024-08-15,signup,5.99,5.99
3447,2561,2024-08-02,signup,5.99,5.99
3448,2562,2024-07-24,signup,5.99,5.99
3449,2563,2024-08-09,signup,5.99,5.99
3450,2564,2024-08-11,signup,5.99,5.99
3451,2565,2024-08-07,signup,5.99,5.99
3452,2565,2024-10-06,cancel,5.99,-5.99
3453,2566,2024-08-13,signup,5.99,5.99
3454,2566,2024-10-12,cancel,5.99,-5.99
3455,2567,2024-08-02,signup,5.99,5.99
3456,2568,2024-07-28,signup,5.99,5.99
3457,2570,2024-07-30,signup,5.99,5.99
3458,2570,2024-10-28,cancel,5.99,-5.99
3459,2571,2024-08-03,signup,5.99,5.99
3460,2572,2024-07-28,signup,5.99,5.99
3461,2572,2024-08-27,cancel,5.99,-5.99
3462,2574,2024-08-08,signup,5.99,5.99
3463,2574,2025-08-03,cancel,5.99,-5.99
3464,2575,2024-07-19,signup,5.99,5.99
3465,2576,2024-08-11,signup,5.99,5.99
3466,2577,2024-07-24,signup,5.99,5.99
3467,2578,2024-07-29,signup,5.99,5.99
3468,2578,2025-07-24,cancel,5.99,-5.99
3469,2579,2024-07-23,signup,5.99,5.99
3470,2579,2024-10-21,cancel,5.99,-5.99
3471,2580,2024-07-26,signup,5.99,5.99
3472,2580,2024-08-25,cancel,5.99,-5.99
3473,2581,2024-07-23,signup,5.99,5.99
3474,2581,2025-05-19,cancel,5.99,-5.99
3475,2582,2024-07-31,signup,5.99,5.99
3476,2582,2024-10-29,cancel,5.99,-5.99
3477,2583,2024-07-28,signup,5.99,5.99
3478,2583,2024-10-26,cancel,5.99,-5.99
3479,2585,2024-07-25,signup,5.99,5.99
3480,2586,2024-08-03,signup,5.99,5.99
3481,2587,2024-08-01,signup,5.99,5.99
3482,2588,2024-07-24,signup,5.99,5.99
3483,2589,2024-07-24,signup,5.99,5.99
3484,2590,2024-08-14,signup,5.99,5.99
3485,2591,2024-07-31,signup,5.99,5.99
3486,2591,2025-07-26,cancel,5.99,-5.99
3487,2592,2024-08-02,signup,5.99,5.99
3488,2593,2024-08-06,signup,5.99,5.99
3489,2593,2024-09-05,cancel,5.99,-5.99
3490,2594,2024-07-23,signup,5.99,5.99
3491,2595,2024-07-23,signup,5.99,5.99
3492,2595,2024-09-21,cancel,5.99,-5.99
3493,2597,2024-07-21,signup,5.99,5.99
3494,2598,2024-07-30,signup,5.99,5.99
3495,2598,2024-09-28,cancel,5.99,-5.99
3496,2599,2024-08-02,signup,5.99,5.99
3497,2599,2024-09-01,cancel,5.99,-5.99
3498,2600,2024-08-19,signup,5.99,5.99
3499,2600,2024-09-18,cancel,5.99,-5.99
3500,2601,2024-07-21,signup,5.99,5.99
3501,2602,2024-07-22,signup,5.99,5.99
3502,2602,2024-12-19,cancel,5.99,-5.99
3503,2603,2024-08-05,signup,5.99,5.99
3504,2604,2024-08-10,signup,5.99,5.99
3505,2606,2024-07-23,signup,5.99,5.99
3506,2607,2024-08-03,signup,5.99,5.99
3507,2608,2024-08-15,signup,5.99,5.99
3508,2609,2024-07-27,signup,5.99,5.99
3509,2610,2024-07-25,signup,5.99,5.99
3510,2612,2024-08-09,signup,5.99,5.99
3511,2613,2024-08-15,signup,5.99,5.99
3512,2614,2024-08-19,signup,5.99,5.99
3513,2615,2024-07-25,signup,5.99,5.99
3514,2615,2025-11-17,cancel,5.99,-5.99
3515,2616,2024-08-05,signup,5.99,5.99
3516,2617,2024-07-29,signup,5.99,5.99
3517,2618,2024-07-28,signup,5.99,5.99
3518,2619,2024-08-16,signup,5.99,5.99
3519,2619,2024-12-14,cancel,5.99,-5.99
3520,2620,2024-07-31,signup,5.99,5.99
3521,2621,2024-08-09,signup,5.99,5.99
3522,2622,2024-08-04,signup,5.99,5.99
3523,2622,2024-09-03,cancel,5.99,-5.99
3524,2623,2024-08-10,signup,5.99,5.99
3525,2624,2024-08-11,signup,5.99,5.99
3526,2625,2024-08-20,signup,5.99,5.99
3527,2625,2024-10-19,cancel,5.99,-5.99
3528,2626,2024-07-31,signup,5.99,5.99
3529,2627,2024-07-30,signup,5.99,5.99
3530,2627,2024-10-28,cancel,5.99,-5.99
3531,2628,2024-08-16,signup,5.99,5.99
3532,2628,2024-10-15,cancel,5.99,-5.99
3533,2629,2024-08-18,signup,5.99,5.99
3534,2630,2024-08-22,signup,5.99,5.99
3535,2630,2025-05-19,cancel,5.99,-5.99
3536,2631,2024-07-23,signup,5.99,5.99
3537,2632,2024-07-24,signup,5.99,5.99
3538,2633,2024-08-10,signup,5.99,5.99
3539,2633,2024-09-09,cancel,5.99,-5.99
3540,2634,2024-07-29,signup,5.99,5.99
3541,2634,2024-10-27,cancel,5.99,-5.99
3542,2635,2024-08-20,signup,5.99,5.99
3543,2636,2024-07-24,signup,5.99,5.99
3544,2637,2024-08-15,signup,5.99,5.99
3545,2638,2024-07-24,signup,5.99,5.99
3546,2639,2024-07-25,signup,5.99,5.99
3547,2640,2024-08-06,signup,5.99,5.99
3548,2641,2024-07-26,signup,5.99,5.99
3549,2641,2024-09-24,cancel,5.99,-5.99
3550,2642,2024-08-05,signup,5.99,5.99
3551,2644,2024-08-23,signup,5.99,5.99
3552,2644,2025-02-19,cancel,5.99,-5.99
3553,2645,2024-08-10,signup,5.99,5.99
3554,2645,2024-11-08,cancel,5.99,-5.99
3555,2646,2024-08-07,signup,5.99,5.99
3556,2647,2024-07-27,signup,5.99,5.99
3557,2647,2024-12-24,cancel,5.99,-5.99
3558,2648,2024-07-30,signup,5.99,5.99
3559,2648,2024-09-28,cancel,5.99,-5.99
3560,2649,2024-08-04,signup,5.99,5.99
3561,2649,2025-01-31,cancel,5.99,-5.99
3562,2650,2024-08-03,signup,5.99,5.99
3563,2651,2024-07-29,signup,5.99,5.99
3564,2651,2025-01-25,cancel,5.99,-5.99
3565,2652,2024-07-30,signup,5.99,5.99
3566,2653,2024-08-03,signup,5.99,5.99
3567,2653,2024-09-02,cancel,5.99,-5.99
3568,2654,2024-08-13,signup,5.99,5.99
3569,2655,2024-08-10,signup,5.99,5.99
3570,2655,2025-02-06,cancel,5.99,-5.99
3571,2656,2024-08-06,signup,5.99,5.99
3572,2656,2025-02-02,cancel,5.99,-5.99
3573,2657,2024-08-14,signup,5.99,5.99
3574,2658,2024-08-16,signup,5.99,5.99
3575,2659,2024-08-03,signup,5.99,5.99
3576,2659,2025-09-27,cancel,5.99,-5.99
3577,2660,2024-08-02,signup,5.99,5.99
3578,2660,2024-09-01,cancel,5.99,-5.99
3579,2663,2024-08-02,signup,5.99,5.99
3580,2664,2024-08-22,signup,5.99,5.99
3581,2665,2024-08-16,signup,5.99,5.99
3582,2666,2024-08-23,signup,5.99,5.99
3583,2667,2024-08-02,signup,5.99,5.99
3584,2667,2024-10-01,cancel,5.99,-5.99
3585,2669,2024-08-20,signup,5.99,5.99
3586,2669,2024-12-18,cancel,5.99,-5.99
3587,2670,2024-07-25,signup,5.99,5.99
3588,2670,2024-11-22,cancel,5.99,-5.99
3589,2671,2024-08-06,signup,5.99,5.99
3590,2671,2024-09-05,cancel,5.99,-5.99
3591,2672,2024-08-22,signup,5.99,5.99
3592,2673,2024-08-11,signup,5.99,5.99
3593,2674,2024-07-31,signup,5.99,5.99
3594,2674,2024-10-29,cancel,5.99,-5.99
3595,2675,2024-08-21,signup,5.99,5.99
3596,2675,2025-06-17,cancel,5.99,-5.99
3597,2676,2024-07-28,signup,5.99,5.99
3598,2676,2024-12-25,cancel,5.99,-5.99
3599,2677,2024-08-10,signup,5.99,5.99
3600,2677,2024-11-08,cancel,5.99,-5.99
3601,2678,2024-08-18,signup,5.99,5.99
3602,2678,2024-10-17,cancel,5.99,-5.99
3603,2679,2024-08-23,signup,5.99,5.99
3604,2679,2025-01-20,cancel,5.99,-5.99
3605,2680,2024-07-30,signup,5.99,5.99
3606,2680,2024-08-29,cancel,5.99,-5.99
3607,2681,2024-08-09,signup,5.99,5.99
3608,2682,2024-08-11,signup,5.99,5.99
3609,2683,2024-08-22,signup,5.99,5.99
3610,2684,2024-08-24,signup,5.99,5.99
3611,2684,2025-11-17,cancel,5.99,-5.99
3612,2685,2024-08-21,signup,5.99,5.99
3613,2686,2024-08-02,signup,5.99,5.99
3614,2686,2024-10-01,cancel,5.99,-5.99
3615,2687,2024-07-31,signup,5.99,5.99
3616,2687,2025-10-24,cancel,5.99,-5.99
3617,2688,2024-08-07,signup,5.99,5.99
3618,2688,2025-03-05,cancel,5.99,-5.99
3619,2689,2024-08-04,signup,5.99,5.99
3620,2689,2024-11-02,cancel,5.99,-5.99
3621,2690,2024-08-15,signup,5.99,5.99
3622,2690,2024-09-14,cancel,5.99,-5.99
3623,2691,2024-08-02,signup,5.99,5.99
3624,2691,2024-10-01,cancel,5.99,-5.99
3625,2692,2024-08-13,signup,5.99,5.99
3626,2693,2024-08-12,signup,5.99,5.99
3627,2693,2024-09-11,cancel,5.99,-5.99
3628,2694,2024-08-04,signup,5.99,5.99
3629,2695,2024-08-12,signup,5.99,5.99
3630,2695,2025-02-08,cancel,5.99,-5.99
3631,2696,2024-08-03,signup,5.99,5.99
3632,2696,2024-12-01,cancel,5.99,-5.99
3633,2697,2024-08-05,signup,5.99,5.99
3634,2697,2024-09-04,cancel,5.99,-5.99
3635,2698,2024-08-25,signup,5.99,5.99
3636,2699,2024-08-15,signup,5.99,5.99
3637,2699,2025-10-09,cancel,5.99,-5.99
3638,2700,2024-08-26,signup,5.99,5.99
3639,2700,2025-09-20,cancel,5.99,-5.99
3640,2701,2024-08-09,signup,5.99,5.99
3641,2701,2025-08-04,cancel,5.99,-5.99
3642,2702,2024-08-19,signup,5.99,5.99
3643,2703,2024-08-26,signup,5.99,5.99
3644,2704,2024-08-08,signup,5.99,5.99
3645,2704,2024-09-07,cancel,5.99,-5.99
3646,2705,2024-08-25,signup,5.99,5.99
3647,2705,2024-12-23,cancel,5.99,-5.99
3648,2706,2024-07-28,signup,5.99,5.99
3649,2707,2024-08-11,signup,5.99,5.99
3650,2708,2024-08-22,signup,5.99,5.99
3651,2709,2024-07-31,signup,5.99,5.99
3652,2709,2024-08-30,cancel,5.99,-5.99
3653,2710,2024-08-06,signup,5.99,5.99
3654,2711,2024-08-15,signup,5.99,5.99
3655,2712,2024-08-13,signup,5.99,5.99
3656,2713,2024-07-30,signup,5.99,5.99
3657,2715,2024-08-14,signup,5.99,5.99
3658,2716,2024-08-07,signup,5.99,5.99
3659,2716,2024-09-06,cancel,5.99,-5.99
3660,2717,2024-07-31,signup,5.99,5.99
3661,2717,2025-12-23,cancel,5.99,-5.99
3662,2718,2024-08-17,signup,5.99,5.99
3663,2718,2025-08-12,cancel,5.99,-5.99
3664,2719,2024-08-13,signup,5.99,5.99
3665,2719,2024-09-12,cancel,5.99,-5.99
3666,2720,2024-08-14,signup,5.99,5.99
3667,2721,2024-08-25,signup,5.99,5.99
3668,2722,2024-08-19,signup,5.99,5.99
3669,2722,2024-09-18,cancel,5.99,-5.99
3670,2723,2024-08-05,signup,5.99,5.99
3671,2724,2024-08-20,signup,5.99,5.99
3672,2725,2024-08-01,signup,5.99,5.99
3673,2725,2024-08-31,cancel,5.99,-5.99
3674,2726,2024-08-17,signup,5.99,5.99
3675,2726,2025-02-13,cancel,5.99,-5.99
3676,2727,2024-08-22,signup,5.99,5.99
3677,2728,2024-08-15,signup,5.99,5.99
3678,2728,2024-10-14,cancel,5.99,-5.99
3679,2729,2024-08-17,signup,5.99,5.99
3680,2729,2024-10-16,cancel,5.99,-5.99
3681,2730,2024-07-30,signup,5.99,5.99
3682,2731,2024-08-27,signup,5.99,5.99
3683,2731,2025-02-23,cancel,5.99,-5.99
3684,2732,2024-08-09,signup,5.99,5.99
3685,2733,2024-08-18,signup,5.99,5.99
3686,2734,2024-08-09,signup,5.99,5.99
3687,2734,2025-08-04,cancel,5.99,-5.99
3688,2735,2024-08-17,signup,5.99,5.99
3689,2736,2024-08-03,signup,5.99,5.99
3690,2737,2024-08-20,signup,5.99,5.99
3691,2738,2024-08-18,signup,5.99,5.99
3692,2739,2024-08-21,signup,5.99,5.99
3693,2739,2025-12-14,cancel,5.99,-5.99
3694,2740,2024-07-30,signup,5.99,5.99
3695,2740,2025-03-27,cancel,5.99,-5.99
3696,2741,2024-08-06,signup,5.99,5.99
3697,2741,2024-11-04,cancel,5.99,-5.99
3698,2742,2024-08-16,signup,5.99,5.99
3699,2742,2025-08-11,cancel,5.99,-5.99
3700,2743,2024-08-16,signup,5.99,5.99
3701,2744,2024-08-15,signup,5.99,5.99
3702,2745,2024-08-01,signup,5.99,5.99
3703,2746,2024-08-03,signup,5.99,5.99
3704,2746,2024-12-31,cancel,5.99,-5.99
3705,2747,2024-08-17,signup,5.99,5.99
3706,2748,2024-08-13,signup,5.99,5.99
3707,2749,2024-08-08,signup,5.99,5.99
3708,2750,2024-08-19,signup,5.99,5.99
3709,2751,2024-08-26,signup,5.99,5.99
3710,2752,2024-08-14,signup,5.99,5.99
3711,2753,2024-08-29,signup,5.99,5.99
3712,2755,2024-08-02,signup,5.99,5.99
3713,2756,2024-08-21,signup,5.99,5.99
3714,2757,2024-08-28,signup,5.99,5.99
3715,2758,2024-08-04,signup,5.99,5.99
3716,2758,2025-01-31,cancel,5.99,-5.99
3717,2759,2024-08-13,signup,5.99,5.99
3718,2760,2024-08-28,signup,5.99,5.99
3719,2760,2025-06-24,cancel,5.99,-5.99
3720,2761,2024-08-11,signup,5.99,5.99
3721,2761,2024-10-10,cancel,5.99,-5.99
3722,2762,2024-08-06,signup,5.99,5.99
3723,2762,2025-06-02,cancel,5.99,-5.99
3724,2763,2024-08-09,signup,5.99,5.99
3725,2764,2024-08-31,signup,5.99,5.99
3726,2764,2025-01-28,cancel,5.99,-5.99
3727,2765,2024-08-06,signup,5.99,5.99
3728,2766,2024-08-17,signup,5.99,5.99
3729,2767,2024-08-24,signup,5.99,5.99
3730,2769,2024-08-01,signup,5.99,5.99
3731,2769,2025-12-24,cancel,5.99,-5.99
3732,2770,2024-08-07,signup,5.99,5.99
3733,2770,2024-11-05,cancel,5.99,-5.99
3734,2771,2024-08-21,signup,5.99,5.99
3735,2771,2024-09-20,cancel,5.99,-5.99
3736,2772,2024-08-19,signup,5.99,5.99
3737,2773,2024-08-02,signup,5.99,5.99
3738,2773,2024-09-01,cancel,5.99,-5.99
3739,2774,2024-08-15,signup,5.99,5.99
3740,2775,2024-08-19,signup,5.99,5.99
3741,2777,2024-08-10,signup,5.99,5.99
3742,2778,2024-08-08,signup,5.99,5.99
3743,2778,2024-10-07,cancel,5.99,-5.99
3744,2780,2024-08-09,signup,5.99,5.99
3745,2780,2025-05-06,cancel,5.99,-5.99
3746,2781,2024-08-26,signup,5.99,5.99
3747,2781,2024-11-24,cancel,5.99,-5.99
3748,2782,2024-08-24,signup,5.99,5.99
3749,2783,2024-08-13,signup,5.99,5.99
3750,2784,2024-08-16,signup,5.99,5.99
3751,2785,2024-08-26,signup,5.99,5.99
3752,2786,2024-08-28,signup,5.99,5.99
3753,2786,2024-09-27,cancel,5.99,-5.99
3754,2787,2024-08-22,signup,5.99,5.99
3755,2788,2024-08-17,signup,5.99,5.99
3756,2789,2024-08-13,signup,5.99,5.99
3757,2789,2025-02-09,cancel,5.99,-5.99
3758,2790,2024-08-27,signup,5.99,5.99
3759,2790,2024-09-26,cancel,5.99,-5.99
3760,2791,2024-08-20,signup,5.99,5.99
3761,2793,2024-08-29,signup,5.99,5.99
3762,2794,2024-08-21,signup,5.99,5.99
3763,2795,2024-08-20,signup,5.99,5.99
3764,2796,2024-08-03,signup,5.99,5.99
3765,2796,2024-11-01,cancel,5.99,-5.99
3766,2797,2024-08-15,signup,5.99,5.99
3767,2798,2024-08-04,signup,5.99,5.99
3768,2799,2024-08-09,signup,5.99,5.99
3769,2799,2025-09-03,cancel,5.99,-5.99
3770,2800,2024-08-11,signup,5.99,5.99
3771,2800,2025-12-04,cancel,5.99,-5.99
3772,2801,2024-08-05,signup,5.99,5.99
3773,2802,2024-08-23,signup,5.99,5.99
3774,2803,2024-08-15,signup,5.99,5.99
3775,2803,2025-10-09,cancel,5.99,-5.99
3776,2804,2024-08-15,signup,5.99,5.99
3777,2805,2024-08-15,signup,5.99,5.99
3778,2805,2025-01-12,cancel,5.99,-5.99
3779,2806,2024-08-04,signup,5.99,5.99
3780,2806,2025-01-01,cancel,5.99,-5.99
3781,2807,2024-08-04,signup,5.99,5.99
3782,2807,2025-09-28,cancel,5.99,-5.99
3783,2808,2024-08-17,signup,5.99,5.99
3784,2808,2025-05-14,cancel,5.99,-5.99
3785,2809,2024-09-02,signup,5.99,5.99
3786,2810,2024-08-22,signup,5.99,5.99
3787,2810,2024-10-21,cancel,5.99,-5.99
3788,2811,2024-08-31,signup,5.99,5.99
3789,2811,2025-04-28,cancel,5.99,-5.99
3790,2813,2024-08-06,signup,5.99,5.99
3791,2813,2024-11-04,cancel,5.99,-5.99
3792,2814,2024-08-08,signup,5.99,5.99
3793,2814,2024-09-07,cancel,5.99,-5.99
3794,2815,2024-08-05,signup,5.99,5.99
3795,2816,2024-08-22,signup,5.99,5.99
3796,2816,2025-03-20,cancel,5.99,-5.99
3797,2817,2024-09-03,signup,5.99,5.99
3798,2818,2024-08-13,signup,5.99,5.99
3799,2818,2025-11-06,cancel,5.99,-5.99
3800,2819,2024-08-28,signup,5.99,5.99
3801,2820,2024-09-03,signup,5.99,5.99
3802,2821,2024-08-26,signup,5.99,5.99
3803,2821,2025-01-23,cancel,5.99,-5.99
3804,2822,2024-08-12,signup,5.99,5.99
3805,2823,2024-09-01,signup,5.99,5.99
3806,2824,2024-09-02,signup,5.99,5.99
3807,2825,2024-08-11,signup,5.99,5.99
3808,2825,2025-06-07,cancel,5.99,-5.99
3809,2827,2024-08-26,signup,5.99,5.99
3810,2828,2024-08-16,signup,5.99,5.99
3811,2829,2024-08-30,signup,5.99,5.99
3812,2830,2024-08-22,signup,5.99,5.99
3813,2831,2024-08-13,signup,5.99,5.99
3814,2831,2024-09-12,cancel,5.99,-5.99
3815,2832,2024-08-11,signup,5.99,5.99
3816,2832,2024-12-09,cancel,5.99,-5.99
3817,2833,2024-08-26,signup,5.99,5.99
3818,2834,2024-08-05,signup,5.99,5.99
3819,2836,2024-08-05,signup,5.99,5.99
3820,2836,2025-01-02,cancel,5.99,-5.99
3821,2838,2024-08-29,signup,5.99,5.99
3822,2838,2024-11-27,cancel,5.99,-5.99
3823,2839,2024-09-05,signup,5.99,5.99
3824,2840,2024-08-09,signup,5.99,5.99
3825,2841,2024-08-30,signup,5.99,5.99
3826,2842,2024-08-28,signup,5.99,5.99
3827,2843,2024-08-19,signup,5.99,5.99
3828,2843,2024-10-18,cancel,5.99,-5.99
3829,2844,2024-08-07,signup,5.99,5.99
3830,2844,2024-11-05,cancel,5.99,-5.99
3831,2845,2024-08-14,signup,5.99,5.99
3832,2846,2024-08-19,signup,5.99,5.99
3833,2846,2025-04-16,cancel,5.99,-5.99
3834,2847,2024-08-28,signup,5.99,5.99
3835,2848,2024-08-19,signup,5.99,5.99
3836,2849,2024-09-05,signup,5.99,5.99
3837,2849,2024-12-04,cancel,5.99,-5.99
3838,2850,2024-08-22,signup,5.99,5.99
3839,2851,2024-08-31,signup,5.99,5.99
3840,2852,2024-09-04,signup,5.99,5.99
3841,2852,2024-12-03,cancel,5.99,-5.99
3842,2853,2024-08-20,signup,5.99,5.99
3843,2853,2024-10-19,cancel,5.99,-5.99
3844,2854,2024-08-12,signup,5.99,5.99
3845,2854,2024-12-10,cancel,5.99,-5.99
3846,2855,2024-08-22,signup,5.99,5.99
3847,2855,2024-10-21,cancel,5.99,-5.99
3848,2856,2024-08-12,signup,5.99,5.99
3849,2856,2024-12-10,cancel,5.99,-5.99
3850,2857,2024-08-25,signup,5.99,5.99
3851,2857,2024-11-23,cancel,5.99,-5.99
3852,2858,2024-08-15,signup,5.99,5.99
3853,2858,2024-10-14,cancel,5.99,-5.99
3854,2859,2024-08-14,signup,5.99,5.99
3855,2859,2025-06-10,cancel,5.99,-5.99
3856,2860,2024-08-30,signup,5.99,5.99
3857,2860,2024-09-29,cancel,5.99,-5.99
3858,2861,2024-08-14,signup,5.99,5.99
3859,2861,2025-02-10,cancel,5.99,-5.99
3860,2863,2024-08-08,signup,5.99,5.99
3861,2863,2024-10-07,cancel,5.99,-5.99
3862,2865,2024-08-08,signup,5.99,5.99
3863,2865,2024-09-07,cancel,5.99,-5.99
3864,2866,2024-08-14,signup,5.99,5.99
3865,2866,2024-10-13,cancel,5.99,-5.99
3866,2867,2024-08-18,signup,5.99,5.99
3867,2867,2024-10-17,cancel,5.99,-5.99
3868,2869,2024-08-15,signup,5.99,5.99
3869,2870,2024-09-04,signup,5.99,5.99
3870,2870,2024-12-03,cancel,5.99,-5.99
3871,2872,2024-08-21,signup,5.99,5.99
3872,2873,2024-08-12,signup,5.99,5.99
3873,2873,2024-10-11,cancel,5.99,-5.99
3874,2874,2024-08-29,signup,5.99,5.99
3875,2875,2024-08-18,signup,5.99,5.99
3876,2877,2024-09-02,signup,5.99,5.99
3877,2878,2024-08-11,signup,5.99,5.99
3878,2879,2024-08-21,signup,5.99,5.99
3879,2881,2024-08-09,signup,5.99,5.99
3880,2882,2024-08-23,signup,5.99,5.99
3881,2883,2024-08-25,signup,5.99,5.99
3882,2883,2024-10-24,cancel,5.99,-5.99
3883,2885,2024-08-08,signup,5.99,5.99
3884,2886,2024-08-19,signup,5.99,5.99
3885,2887,2024-08-25,signup,5.99,5.99
3886,2887,2024-11-23,cancel,5.99,-5.99
3887,2888,2024-08-26,signup,5.99,5.99
3888,2889,2024-08-13,signup,5.99,5.99
3889,2890,2024-08-16,signup,5.99,5.99
3890,2891,2024-08-21,signup,5.99,5.99
3891,2891,2025-02-17,cancel,5.99,-5.99
3892,2892,2024-08-13,signup,5.99,5.99
3893,2893,2024-08-27,signup,5.99,5.99
3894,2894,2024-08-08,signup,5.99,5.99
3895,2895,2024-08-12,signup,5.99,5.99
3896,2896,2024-08-10,signup,5.99,5.99
3897,2897,2024-08-24,signup,5.99,5.99
3898,2897,2025-04-21,cancel,5.99,-5.99
3899,2898,2024-09-03,signup,5.99,5.99
3900,2898,2024-12-02,cancel,5.99,-5.99
3901,2900,2024-08-26,signup,5.99,5.99
3902,2900,2025-10-20,cancel,5.99,-5.99
3903,2902,2024-09-06,signup,5.99,5.99
3904,2902,2024-11-05,cancel,5.99,-5.99
3905,2903,2024-09-01,signup,5.99,5.99
3906,2903,2025-01-29,cancel,5.99,-5.99
3907,2905,2024-08-09,signup,5.99,5.99
3908,2906,2024-08-15,signup,5.99,5.99
3909,2908,2024-08-18,signup,5.99,5.99
3910,2908,2025-05-15,cancel,5.99,-5.99
3911,2909,2024-08-31,signup,5.99,5.99
3912,2909,2024-12-29,cancel,5.99,-5.99
3913,2910,2024-08-19,signup,5.99,5.99
3914,2911,2024-08-26,signup,5.99,5.99
3915,2911,2025-03-24,cancel,5.99,-5.99
3916,2912,2024-09-07,signup,5.99,5.99
3917,2913,2024-08-17,signup,5.99,5.99
3918,2914,2024-08-18,signup,5.99,5.99
3919,2916,2024-08-16,signup,5.99,5.99
3920,2917,2024-09-04,signup,5.99,5.99
3921,2917,2024-10-04,cancel,5.99,-5.99
3922,2918,2024-08-10,signup,5.99,5.99
3923,2918,2024-09-09,cancel,5.99,-5.99
3924,2920,2024-08-25,signup,5.99,5.99
3925,2920,2025-04-22,cancel,5.99,-5.99
3926,2921,2024-09-02,signup,5.99,5.99
3927,2922,2024-08-21,signup,5.99,5.99
3928,2922,2024-12-19,cancel,5.99,-5.99
3929,2924,2024-08-10,signup,5.99,5.99
3930,2925,2024-08-15,signup,5.99,5.99
3931,2925,2025-02-11,cancel,5.99,-5.99
3932,2927,2024-08-10,signup,5.99,5.99
3933,2927,2024-09-09,cancel,5.99,-5.99
3934,2928,2024-08-28,signup,5.99,5.99
3935,2928,2025-11-21,cancel,5.99,-5.99
3936,2929,2024-08-14,signup,5.99,5.99
3937,2929,2024-09-13,cancel,5.99,-5.99
3938,2930,2024-09-04,signup,5.99,5.99
3939,2930,2025-02-01,cancel,5.99,-5.99
3940,2931,2024-08-18,signup,5.99,5.99
3941,2931,2024-11-16,cancel,5.99,-5.99
3942,2932,2024-08-29,signup,5.99,5.99
3943,2934,2024-09-06,signup,5.99,5.99
3944,2934,2024-10-06,cancel,5.99,-5.99
3945,2935,2024-09-04,signup,5.99,5.99
3946,2936,2024-08-22,signup,5.99,5.99
3947,2937,2024-08-29,signup,5.99,5.99
3948,2937,2025-09-23,cancel,5.99,-5.99
3949,2938,2024-08-26,signup,5.99,5.99
3950,2938,2025-01-23,cancel,5.99,-5.99
3951,2939,2024-09-08,signup,5.99,5.99
3952,2940,2024-08-13,signup,5.99,5.99
3953,2941,2024-08-30,signup,5.99,5.99
3954,2941,2024-10-29,cancel,5.99,-5.99
3955,2943,2024-09-05,signup,5.99,5.99
3956,2944,2024-08-28,signup,5.99,5.99
3957,2944,2024-09-27,cancel,5.99,-5.99
3958,2945,2024-08-30,signup,5.99,5.99
3959,2945,2025-01-27,cancel,5.99,-5.99
3960,2946,2024-08-18,signup,5.99,5.99
3961,2948,2024-08-27,signup,5.99,5.99
3962,2949,2024-09-07,signup,5.99,5.99
3963,2950,2024-09-10,signup,5.99,5.99
3964,2951,2024-08-26,signup,5.99,5.99
3965,2952,2024-08-13,signup,5.99,5.99
3966,2952,2024-09-12,cancel,5.99,-5.99
3967,2953,2024-08-15,signup,5.99,5.99
3968,2954,2024-08-31,signup,5.99,5.99
3969,2955,2024-08-21,signup,5.99,5.99
3970,2957,2024-08-30,signup,5.99,5.99
3971,2957,2025-01-27,cancel,5.99,-5.99
3972,2958,2024-08-21,signup,5.99,5.99
3973,2958,2024-09-20,cancel,5.99,-5.99
3974,2960,2024-08-16,signup,5.99,5.99
3975,2961,2024-08-12,signup,5.99,5.99
3976,2961,2025-02-08,cancel,5.99,-5.99
3977,2962,2024-08-23,signup,5.99,5.99
3978,2963,2024-08-23,signup,5.99,5.99
3979,2963,2025-12-16,cancel,5.99,-5.99
3980,2964,2024-09-02,signup,5.99,5.99
3981,2965,2024-09-11,signup,5.99,5.99
3982,2966,2024-08-24,signup,5.99,5.99
3983,2969,2024-08-19,signup,5.99,5.99
3984,2970,2024-09-04,signup,5.99,5.99
3985,2972,2024-08-31,signup,5.99,5.99
3986,2973,2024-09-08,signup,5.99,5.99
3987,2973,2025-07-05,cancel,5.99,-5.99
3988,2975,2024-08-22,signup,5.99,5.99
3989,2976,2024-08-28,signup,5.99,5.99
3990,2976,2025-02-24,cancel,5.99,-5.99
3991,2977,2024-08-21,signup,5.99,5.99
3992,2977,2025-06-17,cancel,5.99,-5.99
3993,2978,2024-08-28,signup,5.99,5.99
3994,2978,2025-10-22,cancel,5.99,-5.99
3995,2979,2024-08-30,signup,5.99,5.99
3996,2979,2024-11-28,cancel,5.99,-5.99
3997,2980,2024-08-21,signup,5.99,5.99
3998,2981,2024-09-10,signup,5.99,5.99
3999,2982,2024-08-21,signup,5.99,5.99
4000,2982,2025-01-18,cancel,5.99,-5.99
4001,2983,2024-09-11,signup,5.99,5.99
4002,2983,2024-12-10,cancel,5.99,-5.99
4003,2984,2024-09-12,signup,5.99,5.99
4004,2985,2024-09-05,signup,5.99,5.99
4005,2986,2024-08-14,signup,5.99,5.99
4006,2986,2024-10-13,cancel,5.99,-5.99
4007,2987,2024-09-01,signup,5.99,5.99
4008,2988,2024-08-23,signup,5.99,5.99
4009,2988,2025-01-20,cancel,5.99,-5.99
4010,2989,2024-09-05,signup,5.99,5.99
4011,2991,2024-09-03,signup,5.99,5.99
4012,2992,2024-08-18,signup,5.99,5.99
4013,2992,2024-10-17,cancel,5.99,-5.99
4014,2993,2024-09-09,signup,5.99,5.99
4015,2994,2024-09-03,signup,5.99,5.99
4016,2995,2024-09-11,signup,5.99,5.99
4017,2996,2024-08-14,signup,5.99,5.99
4018,2996,2025-11-07,cancel,5.99,-5.99
4019,2997,2024-08-30,signup,5.99,5.99
4020,2997,2025-04-27,cancel,5.99,-5.99
4021,2998,2024-08-15,signup,5.99,5.99
4022,2999,2024-09-04,signup,5.99,5.99
4023,2999,2025-10-29,cancel,5.99,-5.99
4024,3000,2024-08-24,signup,5.99,5.99
4025,3000,2024-12-22,cancel,5.99,-5.99
4026,3001,2024-08-15,signup,5.99,5.99
4027,3001,2024-10-14,cancel,5.99,-5.99
4028,3003,2024-08-20,signup,5.99,5.99
4029,3004,2024-08-16,signup,5.99,5.99
4030,3005,2024-08-26,signup,5.99,5.99
4031,3005,2025-01-23,cancel,5.99,-5.99
4032,3006,2024-08-18,signup,5.99,5.99
4033,3007,2024-09-11,signup,5.99,5.99
4034,3009,2024-09-02,signup,5.99,5.99
4035,3009,2025-03-01,cancel,5.99,-5.99
4036,3010,2024-09-03,signup,5.99,5.99
4037,3010,2024-11-02,cancel,5.99,-5.99
4038,3011,2024-08-22,signup,5.99,5.99
4039,3012,2024-09-08,signup,5.99,5.99
4040,3014,2024-09-09,signup,5.99,5.99
4041,3015,2024-08-28,signup,5.99,5.99
4042,3015,2024-12-26,cancel,5.99,-5.99
4043,3016,2024-08-25,signup,5.99,5.99
4044,3016,2024-12-23,cancel,5.99,-5.99
4045,3017,2024-09-05,signup,5.99,5.99
4046,3017,2024-10-05,cancel,5.99,-5.99
4047,3018,2024-08-18,signup,5.99,5.99
4048,3019,2024-09-11,signup,5.99,5.99
4049,3020,2024-09-11,signup,5.99,5.99
4050,3020,2025-01-09,cancel,5.99,-5.99
4051,3021,2024-09-03,signup,5.99,5.99
4052,3022,2024-09-14,signup,5.99,5.99
4053,3022,2024-12-13,cancel,5.99,-5.99
4054,3023,2024-08-31,signup,5.99,5.99
4055,3024,2024-09-12,signup,5.99,5.99
4056,3024,2024-10-12,cancel,5.99,-5.99
4057,3025,2024-09-06,signup,5.99,5.99
4058,3025,2025-07-03,cancel,5.99,-5.99
4059,3026,2024-08-21,signup,5.99,5.99
4060,3027,2024-09-12,signup,5.99,5.99
4061,3028,2024-09-11,signup,5.99,5.99
4062,3029,2024-09-01,signup,5.99,5.99
4063,3030,2024-09-07,signup,5.99,5.99
4064,3031,2024-08-16,signup,5.99,5.99
4065,3032,2024-08-25,signup,5.99,5.99
4066,3033,2024-08-22,signup,5.99,5.99
4067,3034,2024-09-01,signup,5.99,5.99
4068,3035,2024-08-31,signup,5.99,5.99
4069,3035,2024-09-30,cancel,5.99,-5.99
4070,3036,2024-09-12,signup,5.99,5.99
4071,3037,2024-09-01,signup,5.99,5.99
4072,3038,2024-09-03,signup,5.99,5.99
4073,3038,2024-12-02,cancel,5.99,-5.99
4074,3039,2024-08-25,signup,5.99,5.99
4075,3040,2024-08-19,signup,5.99,5.99
4076,3040,2025-02-15,cancel,5.99,-5.99
4077,3041,2024-08-31,signup,5.99,5.99
4078,3042,2024-08-22,signup,5.99,5.99
4079,3043,2024-09-09,signup,5.99,5.99
4080,3043,2025-01-07,cancel,5.99,-5.99
4081,3046,2024-09-07,signup,5.99,5.99
4082,3047,2024-08-28,signup,5.99,5.99
4083,3048,2024-09-12,signup,5.99,5.99
4084,3049,2024-08-30,signup,5.99,5.99
4085,3049,2025-02-26,cancel,5.99,-5.99
4086,3050,2024-09-04,signup,5.99,5.99
4087,3050,2024-10-04,cancel,5.99,-5.99
4088,3051,2024-08-30,signup,5.99,5.99
4089,3052,2024-09-16,signup,5.99,5.99
4090,3052,2025-01-14,cancel,5.99,-5.99
4091,3055,2024-09-03,signup,5.99,5.99
4092,3055,2024-10-03,cancel,5.99,-5.99
4093,3056,2024-09-11,signup,5.99,5.99
4094,3056,2025-11-05,cancel,5.99,-5.99
4095,3057,2024-08-24,signup,5.99,5.99
4096,3057,2025-04-21,cancel,5.99,-5.99
4097,3058,2024-09-14,signup,5.99,5.99
4098,3059,2024-09-14,signup,5.99,5.99
4099,3060,2024-09-10,signup,5.99,5.99
4100,3061,2024-09-04,signup,5.99,5.99
4101,3063,2024-09-14,signup,5.99,5.99
4102,3064,2024-09-07,signup,5.99,5.99
4103,3064,2024-10-07,cancel,5.99,-5.99
4104,3065,2024-08-31,signup,5.99,5.99
4105,3065,2025-07-27,cancel,5.99,-5.99
4106,3066,2024-08-27,signup,5.99,5.99
4107,3067,2024-09-04,signup,5.99,5.99
4108,3068,2024-08-27,signup,5.99,5.99
4109,3069,2024-09-11,signup,5.99,5.99
4110,3070,2024-08-18,signup,5.99,5.99
4111,3071,2024-09-04,signup,5.99,5.99
4112,3072,2024-09-14,signup,5.99,5.99
4113,3072,2024-10-14,cancel,5.99,-5.99
4114,3073,2024-09-10,signup,5.99,5.99
4115,3073,2025-03-09,cancel,5.99,-5.99
4116,3074,2024-08-29,signup,5.99,5.99
4117,3075,2024-08-18,signup,5.99,5.99
4118,3076,2024-08-25,signup,5.99,5.99
4119,3076,2024-10-24,cancel,5.99,-5.99
4120,3077,2024-09-02,signup,5.99,5.99
4121,3079,2024-08-25,signup,5.99,5.99
4122,3080,2024-09-17,signup,5.99,5.99
4123,3080,2024-10-17,cancel,5.99,-5.99
4124,3081,2024-09-11,signup,5.99,5.99
4125,3081,2024-10-11,cancel,5.99,-5.99
4126,3082,2024-09-08,signup,5.99,5.99
4127,3083,2024-09-06,signup,5.99,5.99
4128,3083,2024-10-06,cancel,5.99,-5.99
4129,3084,2024-08-24,signup,5.99,5.99
4130,3084,2024-09-23,cancel,5.99,-5.99
4131,3085,2024-09-09,signup,5.99,5.99
4132,3086,2024-09-01,signup,5.99,5.99
4133,3087,2024-09-14,signup,5.99,5.99
4134,3087,2024-10-14,cancel,5.99,-5.99
4135,3088,2024-09-17,signup,5.99,5.99
4136,3089,2024-09-11,signup,5.99,5.99
4137,3090,2024-09-09,signup,5.99,5.99
4138,3091,2024-08-31,signup,5.99,5.99
4139,3091,2025-01-28,cancel,5.99,-5.99
4140,3092,2024-09-06,signup,5.99,5.99
4141,3092,2025-10-31,cancel,5.99,-5.99
4142,3094,2024-09-05,signup,5.99,5.99
4143,3094,2024-10-05,cancel,5.99,-5.99
4144,3095,2024-09-11,signup,5.99,5.99
4145,3096,2024-09-06,signup,5.99,5.99
4146,3097,2024-09-16,signup,5.99,5.99
4147,3099,2024-09-11,signup,5.99,5.99
4148,3099,2025-02-08,cancel,5.99,-5.99
4149,3102,2024-08-26,signup,5.99,5.99
4150,3103,2024-08-27,signup,5.99,5.99
4151,3104,2024-08-29,signup,5.99,5.99
4152,3105,2024-09-17,signup,5.99,5.99
4153,3105,2025-03-16,cancel,5.99,-5.99
4154,3106,2024-09-03,signup,5.99,5.99
4155,3106,2025-01-31,cancel,5.99,-5.99
4156,3107,2024-09-04,signup,5.99,5.99
4157,3108,2024-09-17,signup,5.99,5.99
4158,3108,2025-07-14,cancel,5.99,-5.99
4159,3109,2024-08-23,signup,5.99,5.99
4160,3109,2024-09-22,cancel,5.99,-5.99
4161,3110,2024-08-23,signup,5.99,5.99
4162,3111,2024-08-23,signup,5.99,5.99
4163,3111,2024-09-22,cancel,5.99,-5.99
4164,3112,2024-08-24,signup,5.99,5.99
4165,3112,2024-11-22,cancel,5.99,-5.99
4166,3113,2024-08-25,signup,5.99,5.99
4167,3114,2024-08-22,signup,5.99,5.99
4168,3114,2024-10-21,cancel,5.99,-5.99
4169,3115,2024-09-15,signup,5.99,5.99
4170,3116,2024-09-10,signup,5.99,5.99
4171,3116,2024-10-10,cancel,5.99,-5.99
4172,3117,2024-09-12,signup,5.99,5.99
4173,3118,2024-09-13,signup,5.99,5.99
4174,3119,2024-09-08,signup,5.99,5.99
4175,3120,2024-08-24,signup,5.99,5.99
4176,3121,2024-09-01,signup,5.99,5.99
4177,3121,2024-10-31,cancel,5.99,-5.99
4178,3122,2024-09-02,signup,5.99,5.99
4179,3123,2024-09-17,signup,5.99,5.99
4180,3124,2024-09-08,signup,5.99,5.99
4181,3125,2024-09-05,signup,5.99,5.99
4182,3126,2024-09-12,signup,5.99,5.99
4183,3126,2025-01-10,cancel,5.99,-5.99
4184,3127,2024-08-26,signup,5.99,5.99
4185,3127,2025-09-20,cancel,5.99,-5.99
4186,3128,2024-08-29,signup,5.99,5.99
4187,3129,2024-08-30,signup,5.99,5.99
4188,3130,2024-09-13,signup,5.99,5.99
4189,3130,2024-11-12,cancel,5.99,-5.99
4190,3131,2024-08-26,signup,5.99,5.99
4191,3132,2024-09-01,signup,5.99,5.99
4192,3132,2025-07-28,cancel,5.99,-5.99
4193,3133,2024-09-12,signup,5.99,5.99
4194,3134,2024-09-16,signup,5.99,5.99
4195,3134,2024-10-16,cancel,5.99,-5.99
4196,3135,2024-09-04,signup,5.99,5.99
4197,3135,2025-09-29,cancel,5.99,-5.99
4198,3136,2024-09-11,signup,5.99,5.99
4199,3137,2024-09-06,signup,5.99,5.99
4200,3138,2024-09-08,signup,5.99,5.99
4201,3139,2024-09-20,signup,5.99,5.99
4202,3140,2024-09-20,signup,5.99,5.99
4203,3140,2024-11-19,cancel,5.99,-5.99
4204,3141,2024-09-13,signup,5.99,5.99
4205,3142,2024-08-27,signup,5.99,5.99
4206,3143,2024-09-13,signup,5.99,5.99
4207,3145,2024-08-28,signup,5.99,5.99
4208,3146,2024-09-11,signup,5.99,5.99
4209,3147,2024-09-11,signup,5.99,5.99
4210,3147,2024-12-10,cancel,5.99,-5.99
4211,3149,2024-09-17,signup,5.99,5.99
4212,3149,2024-10-17,cancel,5.99,-5.99
4213,3152,2024-08-29,signup,5.99,5.99
4214,3152,2025-01-26,cancel,5.99,-5.99
4215,3153,2024-09-06,signup,5.99,5.99
4216,3154,2024-09-10,signup,5.99,5.99
4217,3155,2024-09-15,signup,5.99,5.99
4218,3155,2025-05-13,cancel,5.99,-5.99
4219,3156,2024-08-29,signup,5.99,5.99
4220,3157,2024-09-10,signup,5.99,5.99
4221,3157,2024-11-09,cancel,5.99,-5.99
4222,3158,2024-09-17,signup,5.99,5.99
4223,3158,2025-10-12,cancel,5.99,-5.99
4224,3159,2024-09-15,signup,5.99,5.99
4225,3160,2024-08-23,signup,5.99,5.99
4226,3160,2025-11-16,cancel,5.99,-5.99
4227,3161,2024-08-25,signup,5.99,5.99
4228,3161,2025-01-22,cancel,5.99,-5.99
4229,3162,2024-09-22,signup,5.99,5.99
4230,3163,2024-08-30,signup,5.99,5.99
4231,3164,2024-09-20,signup,5.99,5.99
4232,3165,2024-09-09,signup,5.99,5.99
4233,3166,2024-09-05,signup,5.99,5.99
4234,3167,2024-08-28,signup,5.99,5.99
4235,3168,2024-09-17,signup,5.99,5.99
4236,3169,2024-09-16,signup,5.99,5.99
4237,3170,2024-09-15,signup,5.99,5.99
4238,3170,2024-10-15,cancel,5.99,-5.99
4239,3171,2024-09-07,signup,5.99,5.99
4240,3174,2024-09-01,signup,5.99,5.99
4241,3175,2024-09-02,signup,5.99,5.99
4242,3176,2024-08-28,signup,5.99,5.99
4243,3176,2024-09-27,cancel,5.99,-5.99
4244,3177,2024-08-29,signup,5.99,5.99
4245,3178,2024-09-20,signup,5.99,5.99
4246,3178,2024-11-19,cancel,5.99,-5.99
4247,3179,2024-09-17,signup,5.99,5.99
4248,3180,2024-09-21,signup,5.99,5.99
4249,3180,2024-10-21,cancel,5.99,-5.99
4250,3181,2024-08-28,signup,5.99,5.99
4251,3181,2024-10-27,cancel,5.99,-5.99
4252,3182,2024-09-09,signup,5.99,5.99
4253,3182,2024-12-08,cancel,5.99,-5.99
4254,3183,2024-09-01,signup,5.99,5.99
4255,3184,2024-09-20,signup,5.99,5.99
4256,3184,2024-11-19,cancel,5.99,-5.99
4257,3185,2024-09-19,signup,5.99,5.99
4258,3186,2024-09-14,signup,5.99,5.99
4259,3186,2024-10-14,cancel,5.99,-5.99
4260,3188,2024-09-08,signup,5.99,5.99
4261,3189,2024-09-23,signup,5.99,5.99
4262,3190,2024-08-28,signup,5.99,5.99
4263,3192,2024-09-09,signup,5.99,5.99
4264,3192,2024-10-09,cancel,5.99,-5.99
4265,3193,2024-08-26,signup,5.99,5.99
4266,3194,2024-09-17,signup,5.99,5.99
4267,3195,2024-08-28,signup,5.99,5.99
4268,3196,2024-09-09,signup,5.99,5.99
4269,3197,2024-09-14,signup,5.99,5.99
4270,3197,2025-10-09,cancel,5.99,-5.99
4271,3198,2024-09-14,signup,5.99,5.99
4272,3198,2025-03-13,cancel,5.99,-5.99
4273,3199,2024-09-21,signup,5.99,5.99
4274,3199,2025-03-20,cancel,5.99,-5.99
4275,3200,2024-09-19,signup,5.99,5.99
4276,3201,2024-08-29,signup,5.99,5.99
4277,3202,2024-09-04,signup,5.99,5.99
4278,3202,2024-10-04,cancel,5.99,-5.99
4279,3203,2024-09-02,signup,5.99,5.99
4280,3203,2025-11-26,cancel,5.99,-5.99
4281,3204,2024-09-19,signup,5.99,5.99
4282,3204,2024-12-18,cancel,5.99,-5.99
4283,3205,2024-09-11,signup,5.99,5.99
4284,3206,2024-09-17,signup,5.99,5.99
4285,3207,2024-08-28,signup,5.99,5.99
4286,3208,2024-08-30,signup,5.99,5.99
4287,3209,2024-09-24,signup,5.99,5.99
4288,3210,2024-09-23,signup,5.99,5.99
4289,3210,2025-01-21,cancel,5.99,-5.99
4290,3211,2024-09-12,signup,5.99,5.99
4291,3211,2025-07-09,cancel,5.99,-5.99
4292,3212,2024-08-31,signup,5.99,5.99
4293,3212,2024-09-30,cancel,5.99,-5.99
4294,3213,2024-09-19,signup,5.99,5.99
4295,3213,2025-01-17,cancel,5.99,-5.99
4296,3214,2024-09-17,signup,5.99,5.99
4297,3215,2024-08-28,signup,5.99,5.99
4298,3216,2024-09-18,signup,5.99,5.99
4299,3217,2024-09-17,signup,5.99,5.99
4300,3218,2024-09-13,signup,5.99,5.99
4301,3219,2024-09-09,signup,5.99,5.99
4302,3220,2024-09-26,signup,5.99,5.99
4303,3221,2024-09-08,signup,5.99,5.99
4304,3221,2024-10-08,cancel,5.99,-5.99
4305,3222,2024-09-11,signup,5.99,5.99
4306,3223,2024-08-29,signup,5.99,5.99
4307,3223,2025-12-22,cancel,5.99,-5.99
4308,3224,2024-09-20,signup,5.99,5.99
4309,3226,2024-09-01,signup,5.99,5.99
4310,3226,2025-11-25,cancel,5.99,-5.99
4311,3227,2024-09-08,signup,5.99,5.99
4312,3228,2024-08-29,signup,5.99,5.99
4313,3228,2025-01-26,cancel,5.99,-5.99
4314,3229,2024-09-18,signup,5.99,5.99
4315,3231,2024-09-21,signup,5.99,5.99
4316,3231,2025-07-18,cancel,5.99,-5.99
4317,3232,2024-09-18,signup,5.99,5.99
4318,3232,2024-10-18,cancel,5.99,-5.99
4319,3233,2024-09-05,signup,5.99,5.99
4320,3234,2024-09-10,signup,5.99,5.99
4321,3234,2025-08-06,cancel,5.99,-5.99
4322,3236,2024-09-07,signup,5.99,5.99
4323,3237,2024-09-11,signup,5.99,5.99
4324,3238,2024-09-26,signup,5.99,5.99
4325,3239,2024-09-26,signup,5.99,5.99
4326,3240,2024-09-24,signup,5.99,5.99
4327,3241,2024-09-27,signup,5.99,5.99
4328,3242,2024-09-12,signup,5.99,5.99
4329,3242,2024-11-11,cancel,5.99,-5.99
4330,3243,2024-09-15,signup,5.99,5.99
4331,3243,2025-08-11,cancel,5.99,-5.99
4332,3244,2024-09-08,signup,5.99,5.99
4333,3245,2024-09-15,signup,5.99,5.99
4334,3245,2024-10-15,cancel,5.99,-5.99
4335,3246,2024-09-27,signup,5.99,5.99
4336,3246,2025-03-26,cancel,5.99,-5.99
4337,3248,2024-09-03,signup,5.99,5.99
4338,3248,2024-11-02,cancel,5.99,-5.99
4339,3249,2024-09-01,signup,5.99,5.99
4340,3249,2024-10-01,cancel,5.99,-5.99
4341,3250,2024-09-24,signup,5.99,5.99
4342,3251,2024-09-24,signup,5.99,5.99
4343,3251,2025-01-22,cancel,5.99,-5.99
4344,3252,2024-09-11,signup,5.99,5.99
4345,3252,2025-04-09,cancel,5.99,-5.99
4346,3253,2024-09-13,signup,5.99,5.99
4347,3254,2024-09-01,signup,5.99,5.99
4348,3254,2024-10-01,cancel,5.99,-5.99
4349,3256,2024-09-17,signup,5.99,5.99
4350,3256,2025-08-13,cancel,5.99,-5.99
4351,3257,2024-09-01,signup,5.99,5.99
4352,3257,2024-10-01,cancel,5.99,-5.99
4353,3258,2024-09-27,signup,5.99,5.99
4354,3259,2024-09-25,signup,5.99,5.99
4355,3260,2024-09-01,signup,5.99,5.99
4356,3261,2024-09-17,signup,5.99,5.99
4357,3261,2025-10-12,cancel,5.99,-5.99
4358,3262,2024-09-16,signup,5.99,5.99
4359,3263,2024-09-04,signup,5.99,5.99
4360,3263,2025-07-01,cancel,5.99,-5.99
4361,3264,2024-09-19,signup,5.99,5.99
4362,3265,2024-09-09,signup,5.99,5.99
4363,3266,2024-09-14,signup,5.99,5.99
4364,3266,2025-12-08,cancel,5.99,-5.99
4365,3267,2024-09-24,signup,5.99,5.99
4366,3268,2024-08-30,signup,5.99,5.99
4367,3269,2024-09-17,signup,5.99,5.99
4368,3270,2024-08-30,signup,5.99,5.99
4369,3271,2024-09-04,signup,5.99,5.99
4370,3271,2025-01-02,cancel,5.99,-5.99
4371,3272,2024-09-20,signup,5.99,5.99
4372,3273,2024-09-07,signup,5.99,5.99
4373,3274,2024-09-05,signup,5.99,5.99
4374,3274,2024-10-05,cancel,5.99,-5.99
4375,3275,2024-09-08,signup,5.99,5.99
4376,3276,2024-08-31,signup,5.99,5.99
4377,3277,2024-09-15,signup,5.99,5.99
4378,3278,2024-09-07,signup,5.99,5.99
4379,3278,2024-12-06,cancel,5.99,-5.99
4380,3279,2024-09-23,signup,5.99,5.99
4381,3280,2024-09-12,signup,5.99,5.99
4382,3283,2024-09-25,signup,5.99,5.99
4383,3283,2024-11-24,cancel,5.99,-5.99
4384,3284,2024-09-13,signup,5.99,5.99
4385,3284,2024-10-13,cancel,5.99,-5.99
4386,3285,2024-09-18,signup,5.99,5.99
4387,3285,2024-11-17,cancel,5.99,-5.99
4388,3286,2024-09-13,signup,5.99,5.99
4389,3286,2024-10-13,cancel,5.99,-5.99
4390,3287,2024-09-24,signup,5.99,5.99
4391,3288,2024-09-04,signup,5.99,5.99
4392,3288,2024-11-03,cancel,5.99,-5.99
4393,3289,2024-09-25,signup,5.99,5.99
4394,3290,2024-09-18,signup,5.99,5.99
4395,3290,2025-07-15,cancel,5.99,-5.99
4396,3291,2024-08-31,signup,5.99,5.99
4397,3291,2025-09-25,cancel,5.99,-5.99
4398,3292,2024-09-24,signup,5.99,5.99
4399,3293,2024-09-27,signup,5.99,5.99
4400,3294,2024-09-30,signup,5.99,5.99
4401,3294,2024-12-29,cancel,5.99,-5.99
4402,3295,2024-09-13,signup,5.99,5.99
4403,3295,2024-10-13,cancel,5.99,-5.99
4404,3296,2024-09-22,signup,5.99,5.99
4405,3296,2025-06-19,cancel,5.99,-5.99
4406,3297,2024-09-11,signup,5.99,5.99
4407,3298,2024-09-19,signup,5.99,5.99
4408,3298,2025-07-16,cancel,5.99,-5.99
4409,3299,2024-09-03,signup,5.99,5.99
4410,3300,2024-09-07,signup,5.99,5.99
4411,3300,2025-12-01,cancel,5.99,-5.99
4412,3301,2024-09-21,signup,5.99,5.99
4413,3301,2025-12-15,cancel,5.99,-5.99
4414,3302,2024-09-09,signup,5.99,5.99
4415,3302,2025-11-03,cancel,5.99,-5.99
4416,3303,2024-09-27,signup,5.99,5.99
4417,3304,2024-09-09,signup,5.99,5.99
4418,3305,2024-09-07,signup,5.99,5.99
4419,3305,2024-11-06,cancel,5.99,-5.99
4420,3306,2024-09-05,signup,5.99,5.99
4421,3307,2024-09-03,signup,5.99,5.99
4422,3307,2025-03-02,cancel,5.99,-5.99
4423,3308,2024-09-15,signup,5.99,5.99
4424,3309,2024-09-22,signup,5.99,5.99
4425,3309,2024-10-22,cancel,5.99,-5.99
4426,3310,2024-09-06,signup,5.99,5.99
4427,3311,2024-09-03,signup,5.99,5.99
4428,3312,2024-09-09,signup,5.99,5.99
4429,3313,2024-09-30,signup,5.99,5.99
4430,3313,2025-12-24,cancel,5.99,-5.99
4431,3314,2024-09-25,signup,5.99,5.99
4432,3314,2024-11-24,cancel,5.99,-5.99
4433,3315,2024-09-09,signup,5.99,5.99
4434,3315,2024-10-09,cancel,5.99,-5.99
4435,3316,2024-09-16,signup,5.99,5.99
4436,3317,2024-09-20,signup,5.99,5.99
4437,3317,2024-11-19,cancel,5.99,-5.99
4438,3318,2024-09-02,signup,5.99,5.99
4439,3319,2024-09-24,signup,5.99,5.99
4440,3319,2024-11-23,cancel,5.99,-5.99
4441,3320,2024-09-05,signup,5.99,5.99
4442,3320,2024-11-04,cancel,5.99,-5.99
4443,3321,2024-09-18,signup,5.99,5.99
4444,3321,2025-02-15,cancel,5.99,-5.99
4445,3322,2024-09-13,signup,5.99,5.99
4446,3324,2024-09-11,signup,5.99,5.99
4447,3324,2024-12-10,cancel,5.99,-5.99
4448,3325,2024-09-13,signup,5.99,5.99
4449,3326,2024-09-25,signup,5.99,5.99
4450,3328,2024-09-04,signup,5.99,5.99
4451,3328,2025-02-01,cancel,5.99,-5.99
4452,3329,2024-09-28,signup,5.99,5.99
4453,3329,2024-10-28,cancel,5.99,-5.99
4454,3331,2024-09-02,signup,5.99,5.99
4455,3331,2024-12-31,cancel,5.99,-5.99
4456,3332,2024-09-13,signup,5.99,5.99
4457,3332,2025-06-10,cancel,5.99,-5.99
4458,3334,2024-10-01,signup,5.99,5.99
4459,3335,2024-09-23,signup,5.99,5.99
4460,3335,2025-06-20,cancel,5.99,-5.99
4461,3336,2024-09-04,signup,5.99,5.99
4462,3337,2024-09-12,signup,5.99,5.99
4463,3338,2024-09-19,signup,5.99,5.99
4464,3338,2024-12-18,cancel,5.99,-5.99
4465,3339,2024-09-08,signup,5.99,5.99
4466,3340,2024-09-27,signup,5.99,5.99
4467,3341,2024-09-22,signup,5.99,5.99
4468,3342,2024-09-05,signup,5.99,5.99
4469,3342,2024-10-05,cancel,5.99,-5.99
4470,3343,2024-10-02,signup,5.99,5.99
4471,3344,2024-09-10,signup,5.99,5.99
4472,3345,2024-09-06,signup,5.99,5.99
4473,3345,2024-10-06,cancel,5.99,-5.99
4474,3347,2024-09-07,signup,5.99,5.99
4475,3348,2024-09-17,signup,5.99,5.99
4476,3348,2024-12-16,cancel,5.99,-5.99
4477,3349,2024-09-09,signup,5.99,5.99
4478,3350,2024-09-16,signup,5.99,5.99
4479,3350,2025-05-14,cancel,5.99,-5.99
4480,3351,2024-09-22,signup,5.99,5.99
4481,3352,2024-09-29,signup,5.99,5.99
4482,3352,2024-10-29,cancel,5.99,-5.99
4483,3353,2024-09-18,signup,5.99,5.99
4484,3353,2025-07-15,cancel,5.99,-5.99
4485,3354,2024-10-04,signup,5.99,5.99
4486,3355,2024-09-09,signup,5.99,5.99
4487,3355,2024-11-08,cancel,5.99,-5.99
4488,3356,2024-09-14,signup,5.99,5.99
4489,3356,2024-10-14,cancel,5.99,-5.99
4490,3357,2024-09-28,signup,5.99,5.99
4491,3357,2025-09-23,cancel,5.99,-5.99
4492,3358,2024-09-20,signup,5.99,5.99
4493,3359,2024-09-22,signup,5.99,5.99
4494,3359,2024-10-22,cancel,5.99,-5.99
4495,3360,2024-09-04,signup,5.99,5.99
4496,3361,2024-09-15,signup,5.99,5.99
4497,3361,2024-11-14,cancel,5.99,-5.99
4498,3362,2024-09-19,signup,5.99,5.99
4499,3362,2025-02-16,cancel,5.99,-5.99
4500,3363,2024-09-15,signup,5.99,5.99
4501,3364,2024-09-23,signup,5.99,5.99
4502,3364,2024-10-23,cancel,5.99,-5.99
4503,3365,2024-09-17,signup,5.99,5.99
4504,3366,2024-10-04,signup,5.99,5.99
4505,3366,2025-03-03,cancel,5.99,-5.99
4506,3367,2024-09-12,signup,5.99,5.99
4507,3368,2024-09-26,signup,5.99,5.99
4508,3369,2024-09-18,signup,5.99,5.99
4509,3370,2024-09-12,signup,5.99,5.99
4510,3371,2024-09-08,signup,5.99,5.99
4511,3372,2024-09-19,signup,5.99,5.99
4512,3373,2024-09-14,signup,5.99,5.99
4513,3374,2024-09-22,signup,5.99,5.99
4514,3375,2024-09-15,signup,5.99,5.99
4515,3375,2025-12-09,cancel,5.99,-5.99
4516,3376,2024-09-30,signup,5.99,5.99
4517,3378,2024-09-06,signup,5.99,5.99
4518,3378,2025-10-31,cancel,5.99,-5.99
4519,3379,2024-09-15,signup,5.99,5.99
4520,3380,2024-10-02,signup,5.99,5.99
4521,3381,2024-09-22,signup,5.99,5.99
4522,3382,2024-09-25,signup,5.99,5.99
4523,3383,2024-09-25,signup,5.99,5.99
4524,3383,2024-10-25,cancel,5.99,-5.99
4525,3384,2024-10-04,signup,5.99,5.99
4526,3384,2025-01-02,cancel,5.99,-5.99
4527,3385,2024-09-19,signup,5.99,5.99
4528,3386,2024-09-07,signup,5.99,5.99
4529,3388,2024-09-20,signup,5.99,5.99
4530,3388,2025-03-19,cancel,5.99,-5.99
4531,3389,2024-09-14,signup,5.99,5.99
4532,3390,2024-09-09,signup,5.99,5.99
4533,3391,2024-10-01,signup,5.99,5.99
4534,3392,2024-09-26,signup,5.99,5.99
4535,3392,2025-09-21,cancel,5.99,-5.99
4536,3393,2024-09-15,signup,5.99,5.99
4537,3393,2024-10-15,cancel,5.99,-5.99
4538,3394,2024-10-05,signup,5.99,5.99
4539,3395,2024-10-03,signup,5.99,5.99
4540,3397,2024-09-07,signup,5.99,5.99
4541,3397,2024-12-06,cancel,5.99,-5.99
4542,3398,2024-09-09,signup,5.99,5.99
4543,3400,2024-09-21,signup,5.99,5.99
4544,3400,2025-10-16,cancel,5.99,-5.99
4545,3401,2024-10-02,signup,5.99,5.99
4546,3401,2024-12-31,cancel,5.99,-5.99
4547,3402,2024-09-27,signup,5.99,5.99
4548,3403,2024-10-01,signup,5.99,5.99
4549,3404,2024-09-25,signup,5.99,5.99
4550,3404,2025-01-23,cancel,5.99,-5.99
4551,3405,2024-09-10,signup,5.99,5.99
4552,3405,2024-10-10,cancel,5.99,-5.99
4553,3406,2024-09-19,signup,5.99,5.99
4554,3406,2025-01-17,cancel,5.99,-5.99
4555,3407,2024-09-28,signup,5.99,5.99
4556,3407,2025-03-27,cancel,5.99,-5.99
4557,3408,2024-09-17,signup,5.99,5.99
4558,3409,2024-09-17,signup,5.99,5.99
4559,3409,2024-12-16,cancel,5.99,-5.99
4560,3410,2024-09-30,signup,5.99,5.99
4561,3410,2025-03-29,cancel,5.99,-5.99
4562,3411,2024-10-01,signup,5.99,5.99
4563,3411,2025-04-29,cancel,5.99,-5.99
4564,3412,2024-09-16,signup,5.99,5.99
4565,3413,2024-09-26,signup,5.99,5.99
4566,3413,2025-07-23,cancel,5.99,-5.99
4567,3415,2024-09-30,signup,5.99,5.99
4568,3416,2024-09-11,signup,5.99,5.99
4569,3416,2025-09-06,cancel,5.99,-5.99
4570,3417,2024-09-20,signup,5.99,5.99
4571,3418,2024-09-22,signup,5.99,5.99
4572,3418,2024-10-22,cancel,5.99,-5.99
4573,3419,2024-09-19,signup,5.99,5.99
4574,3419,2024-11-18,cancel,5.99,-5.99
4575,3420,2024-09-13,signup,5.99,5.99
4576,3420,2024-11-12,cancel,5.99,-5.99
4577,3421,2024-09-11,signup,5.99,5.99
4578,3421,2025-12-05,cancel,5.99,-5.99
4579,3422,2024-09-22,signup,5.99,5.99
4580,3422,2024-10-22,cancel,5.99,-5.99
4581,3423,2024-10-04,signup,5.99,5.99
4582,3423,2025-06-01,cancel,5.99,-5.99
4583,3424,2024-09-20,signup,5.99,5.99
4584,3424,2024-10-20,cancel,5.99,-5.99
4585,3425,2024-09-18,signup,5.99,5.99
4586,3426,2024-09-25,signup,5.99,5.99
4587,3427,2024-09-10,signup,5.99,5.99
4588,3428,2024-10-05,signup,5.99,5.99
4589,3429,2024-10-02,signup,5.99,5.99
4590,3430,2024-09-22,signup,5.99,5.99
4591,3430,2024-11-21,cancel,5.99,-5.99
4592,3431,2024-09-30,signup,5.99,5.99
4593,3431,2025-01-28,cancel,5.99,-5.99
4594,3433,2024-09-27,signup,5.99,5.99
4595,3434,2024-09-30,signup,5.99,5.99
4596,3434,2024-10-30,cancel,5.99,-5.99
4597,3435,2024-09-10,signup,5.99,5.99
4598,3436,2024-09-14,signup,5.99,5.99
4599,3437,2024-10-01,signup,5.99,5.99
4600,3437,2024-10-31,cancel,5.99,-5.99
4601,3438,2024-10-03,signup,5.99,5.99
4602,3440,2024-09-21,signup,5.99,5.99
4603,3441,2024-09-29,signup,5.99,5.99
4604,3442,2024-09-13,signup,5.99,5.99
4605,3442,2024-11-12,cancel,5.99,-5.99
4606,3443,2024-09-16,signup,5.99,5.99
4607,3443,2024-11-15,cancel,5.99,-5.99
4608,3445,2024-09-14,signup,5.99,5.99
4609,3446,2024-09-26,signup,5.99,5.99
4610,3448,2024-10-06,signup,5.99,5.99
4611,3448,2025-01-04,cancel,5.99,-5.99
4612,3450,2024-09-12,signup,5.99,5.99
4613,3450,2025-12-06,cancel,5.99,-5.99
4614,3451,2024-09-14,signup,5.99,5.99
4615,3451,2025-02-11,cancel,5.99,-5.99
4616,3452,2024-09-14,signup,5.99,5.99
4617,3453,2024-10-09,signup,5.99,5.99
4618,3454,2024-09-12,signup,5.99,5.99
4619,3455,2024-09-17,signup,5.99,5.99
4620,3456,2024-09-13,signup,5.99,5.99
4621,3457,2024-09-12,signup,5.99,5.99
4622,3457,2024-10-12,cancel,5.99,-5.99
4623,3458,2024-09-19,signup,5.99,5.99
4624,3459,2024-09-21,signup,5.99,5.99
4625,3459,2025-02-18,cancel,5.99,-5.99
4626,3460,2024-09-14,signup,5.99,5.99
4627,3461,2024-09-24,signup,5.99,5.99
4628,3462,2024-10-10,signup,5.99,5.99
4629,3463,2024-10-08,signup,5.99,5.99
4630,3464,2024-09-19,signup,5.99,5.99
4631,3464,2024-11-18,cancel,5.99,-5.99
4632,3465,2024-09-18,signup,5.99,5.99
4633,3466,2024-09-11,signup,5.99,5.99
4634,3466,2025-02-08,cancel,5.99,-5.99
4635,3467,2024-09-26,signup,5.99,5.99
4636,3468,2024-09-22,signup,5.99,5.99
4637,3469,2024-09-24,signup,5.99,5.99
4638,3469,2024-11-23,cancel,5.99,-5.99
4639,3470,2024-09-14,signup,5.99,5.99
4640,3472,2024-09-13,signup,5.99,5.99
4641,3472,2025-06-10,cancel,5.99,-5.99
4642,3473,2024-09-30,signup,5.99,5.99
4643,3473,2025-05-28,cancel,5.99,-5.99
4644,3474,2024-09-16,signup,5.99,5.99
4645,3475,2024-10-11,signup,5.99,5.99
4646,3476,2024-10-03,signup,5.99,5.99
4647,3476,2024-12-02,cancel,5.99,-5.99
4648,3477,2024-09-29,signup,5.99,5.99
4649,3478,2024-09-28,signup,5.99,5.99
4650,3479,2024-10-10,signup,5.99,5.99
4651,3480,2024-09-14,signup,5.99,5.99
4652,3480,2025-09-09,cancel,5.99,-5.99
4653,3481,2024-09-18,signup,5.99,5.99
4654,3481,2024-12-17,cancel,5.99,-5.99
4655,3482,2024-09-30,signup,5.99,5.99
4656,3483,2024-09-30,signup,5.99,5.99
4657,3483,2024-12-29,cancel,5.99,-5.99
4658,3485,2024-09-20,signup,5.99,5.99
4659,3485,2025-04-18,cancel,5.99,-5.99
4660,3486,2024-09-24,signup,5.99,5.99
4661,3486,2025-11-18,cancel,5.99,-5.99
4662,3487,2024-09-24,signup,5.99,5.99
4663,3488,2024-09-24,signup,5.99,5.99
4664,3488,2025-01-22,cancel,5.99,-5.99
4665,3489,2024-09-27,signup,5.99,5.99
4666,3489,2025-02-24,cancel,5.99,-5.99
4667,3490,2024-10-03,signup,5.99,5.99
4668,3491,2024-09-29,signup,5.99,5.99
4669,3492,2024-10-03,signup,5.99,5.99
4670,3493,2024-10-13,signup,5.99,5.99
4671,3494,2024-09-20,signup,5.99,5.99
4672,3494,2025-07-17,cancel,5.99,-5.99
4673,3496,2024-09-18,signup,5.99,5.99
4674,3497,2024-09-16,signup,5.99,5.99
4675,3498,2024-10-10,signup,5.99,5.99
4676,3499,2024-09-26,signup,5.99,5.99
4677,3500,2024-10-06,signup,5.99,5.99
4678,3501,2024-10-11,signup,5.99,5.99
4679,3502,2024-09-29,signup,5.99,5.99
4680,3503,2024-09-30,signup,5.99,5.99
4681,3503,2024-10-30,cancel,5.99,-5.99
4682,3504,2024-09-13,signup,5.99,5.99
4683,3504,2024-10-13,cancel,5.99,-5.99
4684,3505,2024-10-07,signup,5.99,5.99
4685,3505,2024-12-06,cancel,5.99,-5.99
4686,3506,2024-10-01,signup,5.99,5.99
4687,3506,2024-10-31,cancel,5.99,-5.99
4688,3507,2024-10-06,signup,5.99,5.99
4689,3508,2024-09-22,signup,5.99,5.99
4690,3508,2024-11-21,cancel,5.99,-5.99
4691,3510,2024-09-19,signup,5.99,5.99
4692,3510,2024-10-19,cancel,5.99,-5.99
4693,3511,2024-09-26,signup,5.99,5.99
4694,3511,2024-12-25,cancel,5.99,-5.99
4695,3512,2024-09-29,signup,5.99,5.99
4696,3512,2025-11-23,cancel,5.99,-5.99
4697,3513,2024-09-21,signup,5.99,5.99
4698,3514,2024-10-08,signup,5.99,5.99
4699,3515,2024-10-14,signup,5.99,5.99
4700,3515,2025-09-09,cancel,5.99,-5.99
4701,3516,2024-09-27,signup,5.99,5.99
4702,3517,2024-09-17,signup,5.99,5.99
4703,3517,2024-11-16,cancel,5.99,-5.99
4704,3518,2024-09-30,signup,5.99,5.99
4705,3519,2024-09-17,signup,5.99,5.99
4706,3520,2024-09-19,signup,5.99,5.99
4707,3520,2024-10-19,cancel,5.99,-5.99
4708,3521,2024-09-15,signup,5.99,5.99
4709,3522,2024-09-17,signup,5.99,5.99
4710,3522,2025-02-14,cancel,5.99,-5.99
4711,3523,2024-10-07,signup,5.99,5.99
4712,3524,2024-10-11,signup,5.99,5.99
4713,3524,2024-11-10,cancel,5.99,-5.99
4714,3525,2024-10-09,signup,5.99,5.99
4715,3525,2024-11-08,cancel,5.99,-5.99
4716,3526,2024-09-28,signup,5.99,5.99
4717,3526,2025-12-22,cancel,5.99,-5.99
4718,3527,2024-10-06,signup,5.99,5.99
4719,3528,2024-09-15,signup,5.99,5.99
4720,3529,2024-10-06,signup,5.99,5.99
4721,3530,2024-09-30,signup,5.99,5.99
4722,3531,2024-10-14,signup,5.99,5.99
4723,3532,2024-10-13,signup,5.99,5.99
4724,3533,2024-10-14,signup,5.99,5.99
4725,3534,2024-10-05,signup,5.99,5.99
4726,3535,2024-10-04,signup,5.99,5.99
4727,3536,2024-09-24,signup,5.99,5.99
4728,3536,2025-01-22,cancel,5.99,-5.99
4729,3538,2024-10-04,signup,5.99,5.99
4730,3538,2025-10-29,cancel,5.99,-5.99
4731,3539,2024-10-12,signup,5.99,5.99
4732,3540,2024-09-21,signup,5.99,5.99
4733,3540,2025-12-15,cancel,5.99,-5.99
4734,3541,2024-09-19,signup,5.99,5.99
4735,3541,2025-03-18,cancel,5.99,-5.99
4736,3542,2024-10-08,signup,5.99,5.99
4737,3542,2025-10-03,cancel,5.99,-5.99
4738,3543,2024-09-19,signup,5.99,5.99
4739,3543,2024-10-19,cancel,5.99,-5.99
4740,3544,2024-10-03,signup,5.99,5.99
4741,3545,2024-09-23,signup,5.99,5.99
4742,3545,2024-11-22,cancel,5.99,-5.99
4743,3546,2024-10-01,signup,5.99,5.99
4744,3547,2024-09-26,signup,5.99,5.99
4745,3547,2025-11-20,cancel,5.99,-5.99
4746,3548,2024-10-01,signup,5.99,5.99
4747,3549,2024-09-23,signup,5.99,5.99
4748,3551,2024-09-18,signup,5.99,5.99
4749,3553,2024-10-05,signup,5.99,5.99
4750,3555,2024-09-22,signup,5.99,5.99
4751,3555,2025-02-19,cancel,5.99,-5.99
4752,3556,2024-10-16,signup,5.99,5.99
4753,3556,2025-07-13,cancel,5.99,-5.99
4754,3557,2024-10-01,signup,5.99,5.99
4755,3557,2025-05-29,cancel,5.99,-5.99
4756,3558,2024-10-06,signup,5.99,5.99
4757,3558,2025-01-04,cancel,5.99,-5.99
4758,3559,2024-09-21,signup,5.99,5.99
4759,3560,2024-09-20,signup,5.99,5.99
4760,3561,2024-09-30,signup,5.99,5.99
4761,3562,2024-10-12,signup,5.99,5.99
4762,3562,2025-10-07,cancel,5.99,-5.99
4763,3564,2024-09-29,signup,5.99,5.99
4764,3564,2024-10-29,cancel,5.99,-5.99
4765,3565,2024-10-10,signup,5.99,5.99
4766,3565,2024-12-09,cancel,5.99,-5.99
4767,3566,2024-09-22,signup,5.99,5.99
4768,3567,2024-09-30,signup,5.99,5.99
4769,3568,2024-10-03,signup,5.99,5.99
4770,3568,2025-11-27,cancel,5.99,-5.99
4771,3569,2024-09-20,signup,5.99,5.99
4772,3570,2024-10-18,signup,5.99,5.99
4773,3571,2024-09-25,signup,5.99,5.99
4774,3571,2024-11-24,cancel,5.99,-5.99
4775,3572,2024-10-10,signup,5.99,5.99
4776,3573,2024-09-24,signup,5.99,5.99
4777,3573,2024-12-23,cancel,5.99,-5.99
4778,3574,2024-10-17,signup,5.99,5.99
4779,3575,2024-09-21,signup,5.99,5.99
4780,3575,2025-01-19,cancel,5.99,-5.99
4781,3577,2024-10-15,signup,5.99,5.99
4782,3578,2024-10-06,signup,5.99,5.99
4783,3579,2024-10-16,signup,5.99,5.99
4784,3579,2025-07-13,cancel,5.99,-5.99
4785,3580,2024-09-18,signup,5.99,5.99
4786,3581,2024-10-06,signup,5.99,5.99
4787,3582,2024-10-06,signup,5.99,5.99
4788,3582,2025-03-05,cancel,5.99,-5.99
4789,3583,2024-10-13,signup,5.99,5.99
4790,3584,2024-09-27,signup,5.99,5.99
4791,3585,2024-10-18,signup,5.99,5.99
4792,3585,2024-11-17,cancel,5.99,-5.99
4793,3586,2024-10-03,signup,5.99,5.99
4794,3587,2024-10-12,signup,5.99,5.99
4795,3587,2025-07-09,cancel,5.99,-5.99
4796,3588,2024-09-25,signup,5.99,5.99
4797,3588,2025-08-21,cancel,5.99,-5.99
4798,3589,2024-09-29,signup,5.99,5.99
4799,3590,2024-10-13,signup,5.99,5.99
4800,3590,2025-01-11,cancel,5.99,-5.99
4801,3591,2024-10-01,signup,5.99,5.99
4802,3592,2024-09-27,signup,5.99,5.99
4803,3592,2025-10-22,cancel,5.99,-5.99
4804,3593,2024-10-16,signup,5.99,5.99
4805,3593,2025-09-11,cancel,5.99,-5.99
4806,3594,2024-10-02,signup,5.99,5.99
4807,3594,2024-11-01,cancel,5.99,-5.99
4808,3595,2024-10-07,signup,5.99,5.99
4809,3596,2024-09-21,signup,5.99,5.99
4810,3596,2025-03-20,cancel,5.99,-5.99
4811,3597,2024-09-28,signup,5.99,5.99
4812,3598,2024-10-06,signup,5.99,5.99
4813,3599,2024-09-24,signup,5.99,5.99
4814,3600,2024-10-20,signup,5.99,5.99
4815,3601,2024-10-04,signup,5.99,5.99
4816,3601,2025-12-28,cancel,5.99,-5.99
4817,3602,2024-10-01,signup,5.99,5.99
4818,3603,2024-10-14,signup,5.99,5.99
4819,3604,2024-10-06,signup,5.99,5.99
4820,3604,2025-08-02,cancel,5.99,-5.99
4821,3605,2024-10-19,signup,5.99,5.99
4822,3606,2024-10-20,signup,5.99,5.99
4823,3607,2024-10-02,signup,5.99,5.99
4824,3608,2024-10-12,signup,5.99,5.99
4825,3609,2024-10-19,signup,5.99,5.99
4826,3609,2024-12-18,cancel,5.99,-5.99
4827,3610,2024-09-23,signup,5.99,5.99
4828,3611,2024-09-30,signup,5.99,5.99
4829,3612,2024-09-29,signup,5.99,5.99
4830,3612,2024-10-29,cancel,5.99,-5.99
4831,3613,2024-10-05,signup,5.99,5.99
4832,3613,2024-12-04,cancel,5.99,-5.99
4833,3614,2024-09-26,signup,5.99,5.99
4834,3614,2025-10-21,cancel,5.99,-5.99
4835,3615,2024-09-26,signup,5.99,5.99
4836,3615,2025-04-24,cancel,5.99,-5.99
4837,3616,2024-10-14,signup,5.99,5.99
4838,3616,2025-10-09,cancel,5.99,-5.99
4839,3617,2024-10-02,signup,5.99,5.99
4840,3617,2024-12-01,cancel,5.99,-5.99
4841,3619,2024-10-14,signup,5.99,5.99
4842,3619,2025-01-12,cancel,5.99,-5.99
4843,3620,2024-10-09,signup,5.99,5.99
4844,3620,2024-11-08,cancel,5.99,-5.99
4845,3621,2024-10-11,signup,5.99,5.99
4846,3622,2024-09-23,signup,5.99,5.99
4847,3622,2025-02-20,cancel,5.99,-5.99
4848,3623,2024-10-21,signup,5.99,5.99
4849,3623,2025-09-16,cancel,5.99,-5.99
4850,3625,2024-10-07,signup,5.99,5.99
4851,3626,2024-09-24,signup,5.99,5.99
4852,3626,2025-01-22,cancel,5.99,-5.99
4853,3627,2024-10-19,signup,5.99,5.99
4854,3628,2024-09-25,signup,5.99,5.99
4855,3629,2024-10-06,signup,5.99,5.99
4856,3630,2024-10-12,signup,5.99,5.99
4857,3630,2025-03-11,cancel,5.99,-5.99
4858,3632,2024-09-27,signup,5.99,5.99
4859,3632,2024-10-27,cancel,5.99,-5.99
4860,3633,2024-10-12,signup,5.99,5.99
4861,3634,2024-10-03,signup,5.99,5.99
4862,3634,2025-06-30,cancel,5.99,-5.99
4863,3635,2024-10-11,signup,5.99,5.99
4864,3636,2024-10-06,signup,5.99,5.99
4865,3638,2024-10-14,signup,5.99,5.99
4866,3639,2024-10-11,signup,5.99,5.99
4867,3639,2025-11-05,cancel,5.99,-5.99
4868,3640,2024-10-20,signup,5.99,5.99
4869,3640,2025-08-16,cancel,5.99,-5.99
4870,3641,2024-10-11,signup,5.99,5.99
4871,3641,2024-12-10,cancel,5.99,-5.99
4872,3642,2024-10-20,signup,5.99,5.99
4873,3643,2024-10-05,signup,5.99,5.99
4874,3643,2024-12-04,cancel,5.99,-5.99
4875,3644,2024-10-10,signup,5.99,5.99
4876,3644,2025-01-08,cancel,5.99,-5.99
4877,3645,2024-10-10,signup,5.99,5.99
4878,3646,2024-10-10,signup,5.99,5.99
4879,3647,2024-10-11,signup,5.99,5.99
4880,3648,2024-10-08,signup,5.99,5.99
4881,3650,2024-10-04,signup,5.99,5.99
4882,3650,2025-10-29,cancel,5.99,-5.99
4883,3651,2024-10-04,signup,5.99,5.99
4884,3652,2024-10-05,signup,5.99,5.99
4885,3653,2024-09-29,signup,5.99,5.99
4886,3653,2025-07-26,cancel,5.99,-5.99
4887,3654,2024-10-12,signup,5.99,5.99
4888,3654,2024-11-11,cancel,5.99,-5.99
4889,3655,2024-10-12,signup,5.99,5.99
4890,3655,2024-11-11,cancel,5.99,-5.99
4891,3656,2024-10-06,signup,5.99,5.99
4892,3657,2024-10-14,signup,5.99,5.99
4893,3658,2024-09-30,signup,5.99,5.99
4894,3658,2025-12-24,cancel,5.99,-5.99
4895,3659,2024-10-17,signup,5.99,5.99
4896,3660,2024-10-03,signup,5.99,5.99
4897,3660,2025-08-29,cancel,5.99,-5.99
4898,3661,2024-10-10,signup,5.99,5.99
4899,3662,2024-09-24,signup,5.99,5.99
4900,3662,2024-12-23,cancel,5.99,-5.99
4901,3664,2024-09-26,signup,5.99,5.99
4902,3665,2024-10-03,signup,5.99,5.99
4903,3666,2024-09-23,signup,5.99,5.99
4904,3668,2024-10-21,signup,5.99,5.99
4905,3668,2025-03-20,cancel,5.99,-5.99
4906,3669,2024-10-15,signup,5.99,5.99
4907,3671,2024-10-21,signup,5.99,5.99
4908,3672,2024-10-12,signup,5.99,5.99
4909,3673,2024-09-29,signup,5.99,5.99
4910,3674,2024-10-07,signup,5.99,5.99
4911,3675,2024-09-30,signup,5.99,5.99
4912,3676,2024-09-28,signup,5.99,5.99
4913,3676,2025-10-23,cancel,5.99,-5.99
4914,3677,2024-09-28,signup,5.99,5.99
4915,3679,2024-10-06,signup,5.99,5.99
4916,3680,2024-09-29,signup,5.99,5.99
4917,3681,2024-09-28,signup,5.99,5.99
4918,3681,2024-11-27,cancel,5.99,-5.99
4919,3682,2024-10-24,signup,5.99,5.99
4920,3682,2025-05-22,cancel,5.99,-5.99
4921,3683,2024-10-03,signup,5.99,5.99
4922,3683,2025-03-02,cancel,5.99,-5.99
4923,3684,2024-10-16,signup,5.99,5.99
4924,3684,2024-11-15,cancel,5.99,-5.99
4925,3685,2024-10-16,signup,5.99,5.99
4926,3685,2025-05-14,cancel,5.99,-5.99
4927,3686,2024-10-10,signup,5.99,5.99
4928,3687,2024-09-27,signup,5.99,5.99
4929,3687,2025-02-24,cancel,5.99,-5.99
4930,3688,2024-10-09,signup,5.99,5.99
4931,3688,2024-11-08,cancel,5.99,-5.99
4932,3689,2024-10-24,signup,5.99,5.99
4933,3690,2024-10-23,signup,5.99,5.99
4934,3690,2025-02-20,cancel,5.99,-5.99
4935,3691,2024-09-25,signup,5.99,5.99
4936,3693,2024-10-21,signup,5.99,5.99
4937,3694,2024-09-29,signup,5.99,5.99
4938,3694,2025-02-26,cancel,5.99,-5.99
4939,3695,2024-09-27,signup,5.99,5.99
4940,3696,2024-10-04,signup,5.99,5.99
4941,3696,2025-12-28,cancel,5.99,-5.99
4942,3698,2024-09-25,signup,5.99,5.99
4943,3699,2024-09-28,signup,5.99,5.99
4944,3700,2024-10-15,signup,5.99,5.99
4945,3700,2025-09-10,cancel,5.99,-5.99
4946,3701,2024-10-09,signup,5.99,5.99
4947,3701,2024-11-08,cancel,5.99,-5.99
4948,3702,2024-10-22,signup,5.99,5.99
4949,3703,2024-09-29,signup,5.99,5.99
4950,3704,2024-10-08,signup,5.99,5.99
4951,3704,2024-11-07,cancel,5.99,-5.99
4952,3705,2024-10-17,signup,5.99,5.99
4953,3705,2024-11-16,cancel,5.99,-5.99
4954,3706,2024-10-25,signup,5.99,5.99
4955,3707,2024-10-18,signup,5.99,5.99
4956,3708,2024-10-23,signup,5.99,5.99
4957,3709,2024-10-24,signup,5.99,5.99
4958,3710,2024-10-17,signup,5.99,5.99
4959,3711,2024-09-27,signup,5.99,5.99
4960,3711,2024-11-26,cancel,5.99,-5.99
4961,3712,2024-10-25,signup,5.99,5.99
4962,3712,2025-02-22,cancel,5.99,-5.99
4963,3713,2024-10-11,signup,5.99,5.99
4964,3714,2024-10-21,signup,5.99,5.99
4965,3714,2024-11-20,cancel,5.99,-5.99
4966,3715,2024-10-15,signup,5.99,5.99
4967,3715,2024-11-14,cancel,5.99,-5.99
4968,3717,2024-10-18,signup,5.99,5.99
4969,3717,2024-11-17,cancel,5.99,-5.99
4970,3718,2024-10-15,signup,5.99,5.99
4971,3719,2024-09-26,signup,5.99,5.99
4972,3719,2025-02-23,cancel,5.99,-5.99
4973,3720,2024-10-03,signup,5.99,5.99
4974,3721,2024-09-26,signup,5.99,5.99
4975,3721,2025-05-24,cancel,5.99,-5.99
4976,3722,2024-10-16,signup,5.99,5.99
4977,3722,2024-11-15,cancel,5.99,-5.99
4978,3723,2024-10-03,signup,5.99,5.99
4979,3723,2025-06-30,cancel,5.99,-5.99
4980,3724,2024-10-16,signup,5.99,5.99
4981,3724,2025-07-13,cancel,5.99,-5.99
4982,3725,2024-09-28,signup,5.99,5.99
4983,3725,2024-10-28,cancel,5.99,-5.99
4984,3727,2024-10-26,signup,5.99,5.99
4985,3727,2025-04-24,cancel,5.99,-5.99
4986,3728,2024-10-21,signup,5.99,5.99
4987,3729,2024-10-07,signup,5.99,5.99
4988,3729,2025-08-03,cancel,5.99,-5.99
4989,3730,2024-10-09,signup,5.99,5.99
4990,3730,2024-11-08,cancel,5.99,-5.99
4991,3732,2024-10-07,signup,5.99,5.99
4992,3732,2025-12-31,cancel,5.99,-5.99
4993,3733,2024-10-25,signup,5.99,5.99
4994,3735,2024-10-01,signup,5.99,5.99
4995,3735,2025-05-29,cancel,5.99,-5.99
4996,3736,2024-10-27,signup,5.99,5.99
4997,3738,2024-10-01,signup,5.99,5.99
4998,3739,2024-10-15,signup,5.99,5.99
4999,3740,2024-10-17,signup,5.99,5.99
5000,3740,2024-11-16,cancel,5.99,-5.99
5001,3741,2024-10-09,signup,5.99,5.99
5002,3742,2024-10-21,signup,5.99,5.99
5003,3743,2024-10-12,signup,5.99,5.99
5004,3743,2025-06-09,cancel,5.99,-5.99
5005,3744,2024-10-04,signup,5.99,5.99
5006,3744,2024-12-03,cancel,5.99,-5.99
5007,3745,2024-10-04,signup,5.99,5.99
5008,3745,2025-04-02,cancel,5.99,-5.99
5009,3746,2024-10-21,signup,5.99,5.99
5010,3747,2024-09-29,signup,5.99,5.99
5011,3748,2024-10-07,signup,5.99,5.99
5012,3748,2024-11-06,cancel,5.99,-5.99
5013,3749,2024-10-16,signup,5.99,5.99
5014,3749,2025-03-15,cancel,5.99,-5.99
5015,3750,2024-10-28,signup,5.99,5.99
5016,3751,2024-09-29,signup,5.99,5.99
5017,3752,2024-10-20,signup,5.99,5.99
5018,3752,2024-12-19,cancel,5.99,-5.99
5019,3753,2024-10-17,signup,5.99,5.99
5020,3753,2025-05-15,cancel,5.99,-5.99
5021,3754,2024-10-19,signup,5.99,5.99
5022,3754,2024-12-18,cancel,5.99,-5.99
5023,3756,2024-10-11,signup,5.99,5.99
5024,3756,2024-12-10,cancel,5.99,-5.99
5025,3757,2024-10-16,signup,5.99,5.99
5026,3758,2024-10-03,signup,5.99,5.99
5027,3759,2024-10-15,signup,5.99,5.99
5028,3760,2024-10-17,signup,5.99,5.99
5029,3761,2024-10-17,signup,5.99,5.99
5030,3761,2025-03-16,cancel,5.99,-5.99
5031,3762,2024-10-05,signup,5.99,5.99
5032,3762,2025-01-03,cancel,5.99,-5.99
5033,3763,2024-10-28,signup,5.99,5.99
5034,3764,2024-10-21,signup,5.99,5.99
5035,3764,2025-10-16,cancel,5.99,-5.99
5036,3765,2024-10-20,signup,5.99,5.99
5037,3765,2024-11-19,cancel,5.99,-5.99
5038,3766,2024-10-14,signup,5.99,5.99
5039,3767,2024-10-06,signup,5.99,5.99
5040,3767,2025-07-03,cancel,5.99,-5.99
5041,3768,2024-10-26,signup,5.99,5.99
5042,3769,2024-10-11,signup,5.99,5.99
5043,3770,2024-10-17,signup,5.99,5.99
5044,3771,2024-10-09,signup,5.99,5.99
5045,3771,2024-11-08,cancel,5.99,-5.99
5046,3773,2024-10-30,signup,5.99,5.99
5047,3774,2024-10-10,signup,5.99,5.99
5048,3775,2024-10-11,signup,5.99,5.99
5049,3775,2024-11-10,cancel,5.99,-5.99
5050,3776,2024-10-14,signup,5.99,5.99
5051,3777,2024-10-17,signup,5.99,5.99
5052,3777,2024-12-16,cancel,5.99,-5.99
5053,3778,2024-10-01,signup,5.99,5.99
5054,3779,2024-10-10,signup,5.99,5.99
5055,3779,2024-12-09,cancel,5.99,-5.99
5056,3780,2024-10-02,signup,5.99,5.99
5057,3781,2024-10-06,signup,5.99,5.99
5058,3781,2025-09-01,cancel,5.99,-5.99
5059,3782,2024-10-04,signup,5.99,5.99
5060,3783,2024-10-08,signup,5.99,5.99
5061,3783,2025-05-06,cancel,5.99,-5.99
5062,3784,2024-10-06,signup,5.99,5.99
5063,3785,2024-10-29,signup,5.99,5.99
5064,3785,2024-12-28,cancel,5.99,-5.99
5065,3786,2024-10-15,signup,5.99,5.99
5066,3786,2024-11-14,cancel,5.99,-5.99
5067,3787,2024-10-06,signup,5.99,5.99
5068,3788,2024-10-31,signup,5.99,5.99
5069,3788,2025-04-29,cancel,5.99,-5.99
5070,3789,2024-10-20,signup,5.99,5.99
5071,3790,2024-10-07,signup,5.99,5.99
5072,3791,2024-10-19,signup,5.99,5.99
5073,3792,2024-10-01,signup,5.99,5.99
5074,3793,2024-10-25,signup,5.99,5.99
5075,3793,2025-10-20,cancel,5.99,-5.99
5076,3794,2024-10-13,signup,5.99,5.99
5077,3794,2025-08-09,cancel,5.99,-5.99
5078,3795,2024-10-14,signup,5.99,5.99
5079,3795,2025-01-12,cancel,5.99,-5.99
5080,3796,2024-10-26,signup,5.99,5.99
5081,3798,2024-10-30,signup,5.99,5.99
5082,3799,2024-10-25,signup,5.99,5.99
5083,3800,2024-10-21,signup,5.99,5.99
5084,3801,2024-10-17,signup,5.99,5.99
5085,3801,2025-04-15,cancel,5.99,-5.99
5086,3802,2024-10-28,signup,5.99,5.99
5087,3803,2024-10-18,signup,5.99,5.99
5088,3804,2024-10-07,signup,5.99,5.99
5089,3805,2024-10-03,signup,5.99,5.99
5090,3806,2024-10-29,signup,5.99,5.99
5091,3807,2024-10-03,signup,5.99,5.99
5092,3808,2024-10-12,signup,5.99,5.99
5093,3808,2024-11-11,cancel,5.99,-5.99
5094,3809,2024-10-31,signup,5.99,5.99
5095,3810,2024-10-24,signup,5.99,5.99
5096,3810,2025-01-22,cancel,5.99,-5.99
5097,3811,2024-10-12,signup,5.99,5.99
5098,3811,2024-11-11,cancel,5.99,-5.99
5099,3812,2024-10-29,signup,5.99,5.99
5100,3812,2025-02-26,cancel,5.99,-5.99
5101,3813,2024-10-19,signup,5.99,5.99
5102,3813,2024-11-18,cancel,5.99,-5.99
5103,3814,2024-10-09,signup,5.99,5.99
5104,3814,2025-01-07,cancel,5.99,-5.99
5105,3815,2024-10-06,signup,5.99,5.99
5106,3816,2024-11-01,signup,5.99,5.99
5107,3816,2025-04-30,cancel,5.99,-5.99
5108,3817,2024-10-26,signup,5.99,5.99
5109,3819,2024-10-11,signup,5.99,5.99
5110,3820,2024-10-11,signup,5.99,5.99
5111,3821,2024-10-12,signup,5.99,5.99
5112,3822,2024-10-24,signup,5.99,5.99
5113,3822,2025-10-19,cancel,5.99,-5.99
5114,3823,2024-10-11,signup,5.99,5.99
5115,3824,2024-10-18,signup,5.99,5.99
5116,3824,2025-12-12,cancel,5.99,-5.99
5117,3825,2024-10-13,signup,5.99,5.99
5118,3825,2024-11-12,cancel,5.99,-5.99
5119,3826,2024-10-26,signup,5.99,5.99
5120,3826,2025-02-23,cancel,5.99,-5.99
5121,3827,2024-10-22,signup,5.99,5.99
5122,3828,2024-10-24,signup,5.99,5.99
5123,3828,2025-10-19,cancel,5.99,-5.99
5124,3830,2024-10-09,signup,5.99,5.99
5125,3831,2024-10-04,signup,5.99,5.99
5126,3831,2025-02-01,cancel,5.99,-5.99
5127,3832,2024-10-08,signup,5.99,5.99
5128,3832,2025-01-06,cancel,5.99,-5.99
5129,3833,2024-10-09,signup,5.99,5.99
5130,3834,2024-10-27,signup,5.99,5.99
5131,3836,2024-10-31,signup,5.99,5.99
5132,3836,2025-02-28,cancel,5.99,-5.99
5133,3837,2024-10-07,signup,5.99,5.99
5134,3838,2024-10-28,signup,5.99,5.99
5135,3838,2025-01-26,cancel,5.99,-5.99
5136,3839,2024-10-15,signup,5.99,5.99
5137,3840,2024-10-07,signup,5.99,5.99
5138,3840,2024-11-06,cancel,5.99,-5.99
5139,3841,2024-10-28,signup,5.99,5.99
5140,3841,2025-04-26,cancel,5.99,-5.99
5141,3842,2024-10-12,signup,5.99,5.99
5142,3843,2024-10-25,signup,5.99,5.99
5143,3843,2024-11-24,cancel,5.99,-5.99
5144,3844,2024-10-15,signup,5.99,5.99
5145,3845,2024-10-31,signup,5.99,5.99
5146,3846,2024-10-19,signup,5.99,5.99
5147,3846,2025-02-16,cancel,5.99,-5.99
5148,3847,2024-10-12,signup,5.99,5.99
5149,3847,2025-01-10,cancel,5.99,-5.99
5150,3848,2024-10-24,signup,5.99,5.99
5151,3848,2024-12-23,cancel,5.99,-5.99
5152,3850,2024-10-31,signup,5.99,5.99
5153,3850,2024-11-30,cancel,5.99,-5.99
5154,3851,2024-10-22,signup,5.99,5.99
5155,3852,2024-10-18,signup,5.99,5.99
5156,3853,2024-10-29,signup,5.99,5.99
5157,3854,2024-10-07,signup,5.99,5.99
5158,3855,2024-10-05,signup,5.99,5.99
5159,3856,2024-10-23,signup,5.99,5.99
5160,3858,2024-10-29,signup,5.99,5.99
5161,3859,2024-10-22,signup,5.99,5.99
5162,3859,2025-01-20,cancel,5.99,-5.99
5163,3860,2024-10-25,signup,5.99,5.99
5164,3860,2025-05-23,cancel,5.99,-5.99
5165,3861,2024-11-02,signup,5.99,5.99
5166,3861,2024-12-02,cancel,5.99,-5.99
5167,3864,2024-11-03,signup,5.99,5.99
5168,3864,2025-06-01,cancel,5.99,-5.99
5169,3865,2024-10-14,signup,5.99,5.99
5170,3865,2024-12-13,cancel,5.99,-5.99
5171,3866,2024-10-28,signup,5.99,5.99
5172,3866,2025-06-25,cancel,5.99,-5.99
5173,3867,2024-10-05,signup,5.99,5.99
5174,3867,2025-01-03,cancel,5.99,-5.99
5175,3868,2024-10-13,signup,5.99,5.99
5176,3870,2024-10-14,signup,5.99,5.99
5177,3870,2024-11-13,cancel,5.99,-5.99
5178,3871,2024-10-29,signup,5.99,5.99
5179,3871,2025-05-27,cancel,5.99,-5.99
5180,3872,2024-11-02,signup,5.99,5.99
5181,3874,2024-10-24,signup,5.99,5.99
5182,3874,2025-01-22,cancel,5.99,-5.99
5183,3875,2024-10-28,signup,5.99,5.99
5184,3876,2024-10-14,signup,5.99,5.99
5185,3877,2024-10-12,signup,5.99,5.99
5186,3878,2024-10-13,signup,5.99,5.99
5187,3878,2025-12-07,cancel,5.99,-5.99
5188,3879,2024-10-29,signup,5.99,5.99
5189,3880,2024-10-23,signup,5.99,5.99
5190,3881,2024-10-10,signup,5.99,5.99
5191,3882,2024-10-09,signup,5.99,5.99
5192,3882,2024-11-08,cancel,5.99,-5.99
5193,3883,2024-11-02,signup,5.99,5.99
5194,3883,2025-05-31,cancel,5.99,-5.99
5195,3884,2024-10-13,signup,5.99,5.99
5196,3885,2024-10-09,signup,5.99,5.99
5197,3885,2024-11-08,cancel,5.99,-5.99
5198,3886,2024-10-08,signup,5.99,5.99
5199,3886,2025-09-03,cancel,5.99,-5.99
5200,3887,2024-11-05,signup,5.99,5.99
5201,3888,2024-10-14,signup,5.99,5.99
5202,3889,2024-10-24,signup,5.99,5.99
5203,3890,2024-10-18,signup,5.99,5.99
5204,3891,2024-10-16,signup,5.99,5.99
5205,3892,2024-10-07,signup,5.99,5.99
5206,3893,2024-11-01,signup,5.99,5.99
5207,3893,2024-12-01,cancel,5.99,-5.99
5208,3894,2024-10-25,signup,5.99,5.99
5209,3894,2024-12-24,cancel,5.99,-5.99
5210,3895,2024-10-15,signup,5.99,5.99
5211,3896,2024-10-12,signup,5.99,5.99
5212,3896,2025-04-10,cancel,5.99,-5.99
5213,3897,2024-10-24,signup,5.99,5.99
5214,3898,2024-11-04,signup,5.99,5.99
5215,3898,2025-04-03,cancel,5.99,-5.99
5216,3899,2024-10-07,signup,5.99,5.99
5217,3899,2024-12-06,cancel,5.99,-5.99
5218,3900,2024-10-16,signup,5.99,5.99
5219,3900,2025-02-13,cancel,5.99,-5.99
5220,3901,2024-10-22,signup,5.99,5.99
5221,3903,2024-10-08,signup,5.99,5.99
5222,3904,2024-10-19,signup,5.99,5.99
5223,3905,2024-10-26,signup,5.99,5.99
5224,3906,2024-10-15,signup,5.99,5.99
5225,3906,2025-12-09,cancel,5.99,-5.99
5226,3907,2024-10-20,signup,5.99,5.99
5227,3907,2025-05-18,cancel,5.99,-5.99
5228,3908,2024-10-25,signup,5.99,5.99
5229,3908,2025-11-19,cancel,5.99,-5.99
5230,3910,2024-10-28,signup,5.99,5.99
5231,3911,2024-10-10,signup,5.99,5.99
5232,3912,2024-11-02,signup,5.99,5.99
5233,3913,2024-10-25,signup,5.99,5.99
5234,3914,2024-11-06,signup,5.99,5.99
5235,3914,2025-12-31,cancel,5.99,-5.99
5236,3915,2024-10-22,signup,5.99,5.99
5237,3915,2025-01-20,cancel,5.99,-5.99
5238,3916,2024-10-29,signup,5.99,5.99
5239,3916,2025-03-28,cancel,5.99,-5.99
5240,3917,2024-10-16,signup,5.99,5.99
5241,3918,2024-11-04,signup,5.99,5.99
5242,3919,2024-10-21,signup,5.99,5.99
5243,3919,2025-04-19,cancel,5.99,-5.99
5244,3920,2024-10-12,signup,5.99,5.99
5245,3920,2024-11-11,cancel,5.99,-5.99
5246,3921,2024-11-05,signup,5.99,5.99
5247,3922,2024-10-13,signup,5.99,5.99
5248,3923,2024-10-15,signup,5.99,5.99
5249,3924,2024-10-21,signup,5.99,5.99
5250,3925,2024-10-28,signup,5.99,5.99
5251,3925,2025-06-25,cancel,5.99,-5.99
5252,3926,2024-10-17,signup,5.99,5.99
5253,3926,2024-12-16,cancel,5.99,-5.99
5254,3927,2024-10-16,signup,5.99,5.99
5255,3927,2024-12-15,cancel,5.99,-5.99
5256,3928,2024-10-14,signup,5.99,5.99
5257,3929,2024-10-13,signup,5.99,5.99
5258,3930,2024-10-29,signup,5.99,5.99
5259,3932,2024-10-25,signup,5.99,5.99
5260,3932,2025-02-22,cancel,5.99,-5.99
5261,3933,2024-10-12,signup,5.99,5.99
5262,3933,2025-09-07,cancel,5.99,-5.99
5263,3934,2024-11-04,signup,5.99,5.99
5264,3935,2024-11-05,signup,5.99,5.99
5265,3937,2024-11-09,signup,5.99,5.99
5266,3939,2024-10-12,signup,5.99,5.99
5267,3939,2024-11-11,cancel,5.99,-5.99
5268,3940,2024-10-10,signup,5.99,5.99
5269,3941,2024-10-17,signup,5.99,5.99
5270,3942,2024-11-09,signup,5.99,5.99
5271,3942,2025-07-07,cancel,5.99,-5.99
5272,3943,2024-10-23,signup,5.99,5.99
5273,3945,2024-10-16,signup,5.99,5.99
5274,3946,2024-10-22,signup,5.99,5.99
5275,3946,2025-03-21,cancel,5.99,-5.99
5276,3947,2024-10-30,signup,5.99,5.99
5277,3948,2024-10-13,signup,5.99,5.99
5278,3948,2024-11-12,cancel,5.99,-5.99
5279,3949,2024-11-01,signup,5.99,5.99
5280,3949,2025-04-30,cancel,5.99,-5.99
5281,3950,2024-10-30,signup,5.99,5.99
5282,3951,2024-11-06,signup,5.99,5.99
5283,3952,2024-11-06,signup,5.99,5.99
5284,3953,2024-11-08,signup,5.99,5.99
5285,3953,2025-12-03,cancel,5.99,-5.99
5286,3954,2024-11-09,signup,5.99,5.99
5287,3954,2025-03-09,cancel,5.99,-5.99
5288,3955,2024-10-24,signup,5.99,5.99
5289,3955,2025-01-22,cancel,5.99,-5.99
5290,3956,2024-10-27,signup,5.99,5.99
5291,3956,2025-04-25,cancel,5.99,-5.99
5292,3957,2024-10-14,signup,5.99,5.99
5293,3957,2024-11-13,cancel,5.99,-5.99
5294,3958,2024-10-19,signup,5.99,5.99
5295,3958,2025-09-14,cancel,5.99,-5.99
5296,3959,2024-10-18,signup,5.99,5.99
5297,3959,2024-11-17,cancel,5.99,-5.99
5298,3960,2024-10-31,signup,5.99,5.99
5299,3961,2024-10-25,signup,5.99,5.99
5300,3962,2024-10-13,signup,5.99,5.99
5301,3962,2024-12-12,cancel,5.99,-5.99
5302,3963,2024-10-12,signup,5.99,5.99
5303,3963,2025-07-09,cancel,5.99,-5.99
5304,3964,2024-11-05,signup,5.99,5.99
5305,3965,2024-10-11,signup,5.99,5.99
5306,3966,2024-11-05,signup,5.99,5.99
5307,3967,2024-10-24,signup,5.99,5.99
5308,3968,2024-10-17,signup,5.99,5.99
5309,3968,2024-11-16,cancel,5.99,-5.99
5310,3970,2024-10-21,signup,5.99,5.99
5311,3971,2024-10-23,signup,5.99,5.99
5312,3971,2025-07-20,cancel,5.99,-5.99
5313,3972,2024-11-11,signup,5.99,5.99
5314,3973,2024-10-14,signup,5.99,5.99
5315,3973,2024-12-13,cancel,5.99,-5.99
5316,3974,2024-10-13,signup,5.99,5.99
5317,3975,2024-10-28,signup,5.99,5.99
5318,3976,2024-10-15,signup,5.99,5.99
5319,3977,2024-10-24,signup,5.99,5.99
5320,3977,2024-11-23,cancel,5.99,-5.99
5321,3978,2024-11-08,signup,5.99,5.99
5322,3979,2024-10-22,signup,5.99,5.99
5323,3979,2024-11-21,cancel,5.99,-5.99
5324,3980,2024-10-13,signup,5.99,5.99
5325,3980,2024-12-12,cancel,5.99,-5.99
5326,3981,2024-10-27,signup,5.99,5.99
5327,3981,2025-06-24,cancel,5.99,-5.99
5328,3983,2024-11-07,signup,5.99,5.99
5329,3984,2024-10-17,signup,5.99,5.99
5330,3986,2024-10-20,signup,5.99,5.99
5331,3988,2024-11-07,signup,5.99,5.99
5332,3989,2024-10-24,signup,5.99,5.99
5333,3990,2024-10-28,signup,5.99,5.99
5334,3990,2025-01-26,cancel,5.99,-5.99
5335,3991,2024-10-31,signup,5.99,5.99
5336,3991,2025-03-30,cancel,5.99,-5.99
5337,3993,2024-10-16,signup,5.99,5.99
5338,3994,2024-11-09,signup,5.99,5.99
5339,3994,2024-12-09,cancel,5.99,-5.99
5340,3995,2024-10-13,signup,5.99,5.99
5341,3996,2024-11-02,signup,5.99,5.99
5342,3996,2024-12-02,cancel,5.99,-5.99
5343,3997,2024-10-17,signup,5.99,5.99
5344,3998,2024-11-02,signup,5.99,5.99
5345,3999,2024-10-27,signup,5.99,5.99
5346,3999,2025-04-25,cancel,5.99,-5.99
5347,4000,2024-11-06,signup,5.99,5.99
5348,4000,2025-02-04,cancel,5.99,-5.99
5349,4001,2024-10-15,signup,5.99,5.99
5350,4001,2025-01-13,cancel,5.99,-5.99
5351,4002,2024-10-20,signup,5.99,5.99
5352,4003,2024-11-09,signup,5.99,5.99
5353,4003,2024-12-09,cancel,5.99,-5.99
5354,4004,2024-10-25,signup,5.99,5.99
5355,4005,2024-10-26,signup,5.99,5.99
5356,4005,2025-01-24,cancel,5.99,-5.99
5357,4006,2024-11-07,signup,5.99,5.99
5358,4007,2024-10-26,signup,5.99,5.99
5359,4008,2024-11-11,signup,5.99,5.99
5360,4009,2024-10-16,signup,5.99,5.99
5361,4010,2024-10-29,signup,5.99,5.99
5362,4011,2024-10-23,signup,5.99,5.99
5363,4012,2024-11-12,signup,5.99,5.99
5364,4013,2024-10-23,signup,5.99,5.99
5365,4013,2025-04-21,cancel,5.99,-5.99
5366,4014,2024-11-09,signup,5.99,5.99
5367,4015,2024-10-22,signup,5.99,5.99
5368,4015,2024-11-21,cancel,5.99,-5.99
5369,4016,2024-11-01,signup,5.99,5.99
5370,4017,2024-11-11,signup,5.99,5.99
5371,4018,2024-11-03,signup,5.99,5.99
5372,4019,2024-10-16,signup,5.99,5.99
5373,4020,2024-11-13,signup,5.99,5.99
5374,4021,2024-11-01,signup,5.99,5.99
5375,4022,2024-10-25,signup,5.99,5.99
5376,4022,2024-11-24,cancel,5.99,-5.99
5377,4023,2024-10-27,signup,5.99,5.99
5378,4024,2024-11-03,signup,5.99,5.99
5379,4024,2025-01-02,cancel,5.99,-5.99
5380,4025,2024-10-22,signup,5.99,5.99
5381,4026,2024-10-24,signup,5.99,5.99
5382,4028,2024-10-19,signup,5.99,5.99
5383,4028,2024-12-18,cancel,5.99,-5.99
5384,4029,2024-10-18,signup,5.99,5.99
5385,4030,2024-11-01,signup,5.99,5.99
5386,4030,2024-12-31,cancel,5.99,-5.99
5387,4031,2024-10-26,signup,5.99,5.99
5388,4032,2024-11-10,signup,5.99,5.99
5389,4033,2024-11-07,signup,5.99,5.99
5390,4034,2024-11-08,signup,5.99,5.99
5391,4035,2024-10-26,signup,5.99,5.99
5392,4036,2024-10-31,signup,5.99,5.99
5393,4037,2024-11-08,signup,5.99,5.99
5394,4037,2024-12-08,cancel,5.99,-5.99
5395,4038,2024-11-02,signup,5.99,5.99
5396,4039,2024-11-04,signup,5.99,5.99
5397,4040,2024-11-06,signup,5.99,5.99
5398,4040,2025-11-01,cancel,5.99,-5.99
5399,4041,2024-10-27,signup,5.99,5.99
5400,4041,2024-12-26,cancel,5.99,-5.99
5401,4043,2024-10-16,signup,5.99,5.99
5402,4044,2024-10-30,signup,5.99,5.99
5403,4045,2024-11-02,signup,5.99,5.99
5404,4046,2024-10-25,signup,5.99,5.99
5405,4047,2024-11-09,signup,5.99,5.99
5406,4047,2024-12-09,cancel,5.99,-5.99
5407,4048,2024-10-17,signup,5.99,5.99
5408,4048,2024-12-16,cancel,5.99,-5.99
5409,4049,2024-10-24,signup,5.99,5.99
5410,4050,2024-10-21,signup,5.99,5.99
5411,4050,2025-02-18,cancel,5.99,-5.99
5412,4052,2024-11-01,signup,5.99,5.99
5413,4053,2024-10-18,signup,5.99,5.99
5414,4053,2024-12-17,cancel,5.99,-5.99
5415,4055,2024-11-09,signup,5.99,5.99
5416,4056,2024-10-16,signup,5.99,5.99
5417,4056,2025-01-14,cancel,5.99,-5.99
5418,4057,2024-11-10,signup,5.99,5.99
5419,4058,2024-10-26,signup,5.99,5.99
5420,4058,2025-06-23,cancel,5.99,-5.99
5421,4059,2024-11-03,signup,5.99,5.99
5422,4059,2025-01-02,cancel,5.99,-5.99
5423,4060,2024-11-10,signup,5.99,5.99
5424,4061,2024-11-10,signup,5.99,5.99
5425,4064,2024-11-13,signup,5.99,5.99
5426,4064,2025-07-11,cancel,5.99,-5.99
5427,4066,2024-10-30,signup,5.99,5.99
5428,4067,2024-10-21,signup,5.99,5.99
5429,4068,2024-11-11,signup,5.99,5.99
5430,4069,2024-10-31,signup,5.99,5.99
5431,4069,2025-01-29,cancel,5.99,-5.99
5432,4070,2024-10-19,signup,5.99,5.99
5433,4071,2024-11-02,signup,5.99,5.99
5434,4071,2025-03-02,cancel,5.99,-5.99
5435,4072,2024-10-21,signup,5.99,5.99
5436,4072,2024-11-20,cancel,5.99,-5.99
5437,4073,2024-11-05,signup,5.99,5.99
5438,4073,2025-09-01,cancel,5.99,-5.99
5439,4074,2024-10-18,signup,5.99,5.99
5440,4074,2024-12-17,cancel,5.99,-5.99
5441,4075,2024-10-26,signup,5.99,5.99
5442,4076,2024-11-14,signup,5.99,5.99
5443,4077,2024-11-15,signup,5.99,5.99
5444,4078,2024-11-13,signup,5.99,5.99
5445,4079,2024-11-10,signup,5.99,5.99
5446,4080,2024-11-13,signup,5.99,5.99
5447,4081,2024-10-26,signup,5.99,5.99
5448,4082,2024-11-14,signup,5.99,5.99
5449,4082,2024-12-14,cancel,5.99,-5.99
5450,4083,2024-11-02,signup,5.99,5.99
5451,4083,2025-09-28,cancel,5.99,-5.99
5452,4084,2024-11-11,signup,5.99,5.99
5453,4085,2024-11-08,signup,5.99,5.99
5454,4085,2025-04-07,cancel,5.99,-5.99
5455,4086,2024-10-25,signup,5.99,5.99
5456,4087,2024-11-08,signup,5.99,5.99
5457,4087,2025-05-07,cancel,5.99,-5.99
5458,4088,2024-11-07,signup,5.99,5.99
5459,4089,2024-10-31,signup,5.99,5.99
5460,4089,2025-03-30,cancel,5.99,-5.99
5461,4090,2024-11-03,signup,5.99,5.99
5462,4091,2024-11-13,signup,5.99,5.99
5463,4092,2024-10-22,signup,5.99,5.99
5464,4093,2024-11-07,signup,5.99,5.99
5465,4093,2025-04-06,cancel,5.99,-5.99
5466,4094,2024-10-24,signup,5.99,5.99
5467,4094,2025-12-18,cancel,5.99,-5.99
5468,4095,2024-11-10,signup,5.99,5.99
5469,4095,2025-01-09,cancel,5.99,-5.99
5470,4096,2024-10-23,signup,5.99,5.99
5471,4097,2024-11-09,signup,5.99,5.99
5472,4098,2024-10-28,signup,5.99,5.99
5473,4099,2024-11-06,signup,5.99,5.99
5474,4099,2024-12-06,cancel,5.99,-5.99
5475,4100,2024-11-05,signup,5.99,5.99
5476,4100,2025-07-03,cancel,5.99,-5.99
5477,4101,2024-10-20,signup,5.99,5.99
5478,4102,2024-10-26,signup,5.99,5.99
5479,4102,2025-01-24,cancel,5.99,-5.99
5480,4103,2024-10-21,signup,5.99,5.99
5481,4103,2025-03-20,cancel,5.99,-5.99
5482,4104,2024-10-27,signup,5.99,5.99
5483,4104,2025-05-25,cancel,5.99,-5.99
5484,4105,2024-10-29,signup,5.99,5.99
5485,4107,2024-11-03,signup,5.99,5.99
5486,4108,2024-10-24,signup,5.99,5.99
5487,4108,2024-11-23,cancel,5.99,-5.99
5488,4109,2024-10-24,signup,5.99,5.99
5489,4109,2025-02-21,cancel,5.99,-5.99
5490,4110,2024-11-01,signup,5.99,5.99
5491,4110,2024-12-01,cancel,5.99,-5.99
5492,4111,2024-10-29,signup,5.99,5.99
5493,4111,2024-11-28,cancel,5.99,-5.99
5494,4112,2024-11-10,signup,5.99,5.99
5495,4112,2025-01-09,cancel,5.99,-5.99
5496,4113,2024-10-28,signup,5.99,5.99
5497,4114,2024-11-01,signup,5.99,5.99
5498,4115,2024-11-01,signup,5.99,5.99
5499,4115,2024-12-01,cancel,5.99,-5.99
5500,4116,2024-11-08,signup,5.99,5.99
5501,4116,2025-04-07,cancel,5.99,-5.99
5502,4117,2024-10-23,signup,5.99,5.99
5503,4118,2024-11-07,signup,5.99,5.99
5504,4118,2025-03-07,cancel,5.99,-5.99
5505,4119,2024-10-28,signup,5.99,5.99
5506,4119,2024-11-27,cancel,5.99,-5.99
5507,4120,2024-10-22,signup,5.99,5.99
5508,4121,2024-11-03,signup,5.99,5.99
5509,4122,2024-10-20,signup,5.99,5.99
5510,4123,2024-11-15,signup,5.99,5.99
5511,4124,2024-10-27,signup,5.99,5.99
5512,4125,2024-11-17,signup,5.99,5.99
5513,4125,2025-04-16,cancel,5.99,-5.99
5514,4126,2024-11-15,signup,5.99,5.99
5515,4127,2024-10-29,signup,5.99,5.99
5516,4127,2024-11-28,cancel,5.99,-5.99
5517,4128,2024-11-08,signup,5.99,5.99
5518,4129,2024-11-14,signup,5.99,5.99
5519,4130,2024-10-30,signup,5.99,5.99
5520,4131,2024-10-23,signup,5.99,5.99
5521,4131,2025-07-20,cancel,5.99,-5.99
5522,4132,2024-11-02,signup,5.99,5.99
5523,4133,2024-11-12,signup,5.99,5.99
5524,4134,2024-10-28,signup,5.99,5.99
5525,4135,2024-10-25,signup,5.99,5.99
5526,4136,2024-11-18,signup,5.99,5.99
5527,4136,2025-03-18,cancel,5.99,-5.99
5528,4137,2024-11-02,signup,5.99,5.99
5529,4137,2024-12-02,cancel,5.99,-5.99
5530,4138,2024-10-29,signup,5.99,5.99
5531,4139,2024-11-13,signup,5.99,5.99
5532,4139,2025-10-09,cancel,5.99,-5.99
5533,4140,2024-10-21,signup,5.99,5.99
5534,4140,2025-07-18,cancel,5.99,-5.99
5535,4141,2024-11-17,signup,5.99,5.99
5536,4141,2025-01-16,cancel,5.99,-5.99
5537,4142,2024-10-24,signup,5.99,5.99
5538,4143,2024-10-27,signup,5.99,5.99
5539,4144,2024-11-10,signup,5.99,5.99
5540,4145,2024-11-01,signup,5.99,5.99
5541,4146,2024-10-21,signup,5.99,5.99
5542,4147,2024-11-10,signup,5.99,5.99
5543,4147,2024-12-10,cancel,5.99,-5.99
5544,4148,2024-10-21,signup,5.99,5.99
5545,4149,2024-11-20,signup,5.99,5.99
5546,4149,2025-07-18,cancel,5.99,-5.99
5547,4150,2024-11-07,signup,5.99,5.99
5548,4151,2024-11-15,signup,5.99,5.99
5549,4152,2024-11-17,signup,5.99,5.99
5550,4153,2024-11-06,signup,5.99,5.99
5551,4153,2025-12-31,cancel,5.99,-5.99
5552,4154,2024-11-13,signup,5.99,5.99
5553,4154,2025-03-13,cancel,5.99,-5.99
5554,4155,2024-10-29,signup,5.99,5.99
5555,4155,2025-11-23,cancel,5.99,-5.99
5556,4156,2024-11-12,signup,5.99,5.99
5557,4156,2024-12-12,cancel,5.99,-5.99
5558,4157,2024-10-25,signup,5.99,5.99
5559,4157,2025-02-22,cancel,5.99,-5.99
5560,4158,2024-10-31,signup,5.99,5.99
5561,4158,2024-11-30,cancel,5.99,-5.99
5562,4159,2024-11-18,signup,5.99,5.99
5563,4159,2025-04-17,cancel,5.99,-5.99
5564,4160,2024-10-27,signup,5.99,5.99
5565,4162,2024-10-31,signup,5.99,5.99
5566,4163,2024-11-03,signup,5.99,5.99
5567,4164,2024-11-02,signup,5.99,5.99
5568,4165,2024-10-26,signup,5.99,5.99
5569,4166,2024-11-07,signup,5.99,5.99
5570,4166,2025-01-06,cancel,5.99,-5.99
5571,4167,2024-10-26,signup,5.99,5.99
5572,4167,2025-12-20,cancel,5.99,-5.99
5573,4168,2024-11-14,signup,5.99,5.99
5574,4168,2025-11-09,cancel,5.99,-5.99
5575,4169,2024-10-28,signup,5.99,5.99
5576,4170,2024-11-10,signup,5.99,5.99
5577,4171,2024-10-24,signup,5.99,5.99
5578,4172,2024-11-11,signup,5.99,5.99
5579,4173,2024-10-25,signup,5.99,5.99
5580,4174,2024-11-02,signup,5.99,5.99
5581,4175,2024-11-04,signup,5.99,5.99
5582,4176,2024-11-18,signup,5.99,5.99
5583,4176,2025-10-14,cancel,5.99,-5.99
5584,4177,2024-10-28,signup,5.99,5.99
5585,4177,2025-06-25,cancel,5.99,-5.99
5586,4178,2024-11-04,signup,5.99,5.99
5587,4180,2024-10-29,signup,5.99,5.99
5588,4180,2025-08-25,cancel,5.99,-5.99
5589,4181,2024-11-12,signup,5.99,5.99
5590,4182,2024-11-02,signup,5.99,5.99
5591,4183,2024-10-26,signup,5.99,5.99
5592,4184,2024-10-28,signup,5.99,5.99
5593,4184,2025-01-26,cancel,5.99,-5.99
5594,4185,2024-11-09,signup,5.99,5.99
5595,4185,2025-01-08,cancel,5.99,-5.99
5596,4186,2024-11-21,signup,5.99,5.99
5597,4186,2025-01-20,cancel,5.99,-5.99
5598,4187,2024-11-15,signup,5.99,5.99
5599,4188,2024-10-26,signup,5.99,5.99
5600,4189,2024-11-12,signup,5.99,5.99
5601,4189,2025-05-11,cancel,5.99,-5.99
5602,4190,2024-11-02,signup,5.99,5.99
5603,4191,2024-11-15,signup,5.99,5.99
5604,4191,2025-01-14,cancel,5.99,-5.99
5605,4192,2024-11-01,signup,5.99,5.99
5606,4193,2024-11-17,signup,5.99,5.99
5607,4193,2025-04-16,cancel,5.99,-5.99
5608,4194,2024-11-18,signup,5.99,5.99
5609,4194,2025-01-17,cancel,5.99,-5.99
5610,4195,2024-11-13,signup,5.99,5.99
5611,4196,2024-10-31,signup,5.99,5.99
5612,4196,2024-12-30,cancel,5.99,-5.99
5613,4197,2024-11-11,signup,5.99,5.99
5614,4197,2024-12-11,cancel,5.99,-5.99
5615,4198,2024-10-24,signup,5.99,5.99
5616,4199,2024-11-02,signup,5.99,5.99
5617,4200,2024-11-06,signup,5.99,5.99
5618,4200,2025-10-02,cancel,5.99,-5.99
5619,4201,2024-11-20,signup,5.99,5.99
5620,4201,2024-12-20,cancel,5.99,-5.99
5621,4202,2024-11-05,signup,5.99,5.99
5622,4203,2024-10-24,signup,5.99,5.99
5623,4204,2024-11-09,signup,5.99,5.99
5624,4205,2024-10-26,signup,5.99,5.99
5625,4205,2025-12-20,cancel,5.99,-5.99
5626,4206,2024-11-03,signup,5.99,5.99
5627,4207,2024-10-25,signup,5.99,5.99
5628,4207,2024-12-24,cancel,5.99,-5.99
5629,4208,2024-11-08,signup,5.99,5.99
5630,4208,2025-04-07,cancel,5.99,-5.99
5631,4209,2024-10-31,signup,5.99,5.99
5632,4209,2024-11-30,cancel,5.99,-5.99
5633,4210,2024-10-28,signup,5.99,5.99
5634,4210,2024-12-27,cancel,5.99,-5.99
5635,4211,2024-11-02,signup,5.99,5.99
5636,4211,2025-04-01,cancel,5.99,-5.99
5637,4212,2024-11-13,signup,5.99,5.99
5638,4212,2024-12-13,cancel,5.99,-5.99
5639,4213,2024-11-12,signup,5.99,5.99
5640,4214,2024-11-19,signup,5.99,5.99
5641,4214,2024-12-19,cancel,5.99,-5.99
5642,4215,2024-11-01,signup,5.99,5.99
5643,4216,2024-11-07,signup,5.99,5.99
5644,4217,2024-11-07,signup,5.99,5.99
5645,4217,2025-01-06,cancel,5.99,-5.99
5646,4218,2024-11-04,signup,5.99,5.99
5647,4218,2024-12-04,cancel,5.99,-5.99
5648,4219,2024-11-11,signup,5.99,5.99
5649,4220,2024-11-19,signup,5.99,5.99
5650,4221,2024-11-09,signup,5.99,5.99
5651,4221,2025-02-07,cancel,5.99,-5.99
5652,4222,2024-11-09,signup,5.99,5.99
5653,4222,2025-04-08,cancel,5.99,-5.99
5654,4223,2024-10-26,signup,5.99,5.99
5655,4224,2024-10-31,signup,5.99,5.99
5656,4225,2024-10-25,signup,5.99,5.99
5657,4226,2024-11-01,signup,5.99,5.99
5658,4227,2024-10-30,signup,5.99,5.99
5659,4228,2024-11-21,signup,5.99,5.99
5660,4228,2024-12-21,cancel,5.99,-5.99
5661,4229,2024-11-24,signup,5.99,5.99
5662,4230,2024-11-13,signup,5.99,5.99
5663,4230,2025-05-12,cancel,5.99,-5.99
5664,4231,2024-11-01,signup,5.99,5.99
5665,4231,2025-03-01,cancel,5.99,-5.99
5666,4232,2024-11-05,signup,5.99,5.99
5667,4233,2024-11-08,signup,5.99,5.99
5668,4234,2024-11-24,signup,5.99,5.99
5669,4235,2024-11-08,signup,5.99,5.99
5670,4235,2025-12-03,cancel,5.99,-5.99
5671,4236,2024-11-04,signup,5.99,5.99
5672,4237,2024-11-02,signup,5.99,5.99
5673,4238,2024-11-24,signup,5.99,5.99
5674,4240,2024-11-07,signup,5.99,5.99
5675,4240,2025-01-06,cancel,5.99,-5.99
5676,4241,2024-11-14,signup,5.99,5.99
5677,4241,2025-07-12,cancel,5.99,-5.99
5678,4242,2024-11-16,signup,5.99,5.99
5679,4244,2024-11-11,signup,5.99,5.99
5680,4245,2024-11-08,signup,5.99,5.99
5681,4246,2024-11-06,signup,5.99,5.99
5682,4249,2024-11-05,signup,5.99,5.99
5683,4249,2025-12-30,cancel,5.99,-5.99
5684,4250,2024-11-19,signup,5.99,5.99
5685,4250,2025-03-19,cancel,5.99,-5.99
5686,4251,2024-10-31,signup,5.99,5.99
5687,4252,2024-10-26,signup,5.99,5.99
5688,4252,2025-03-25,cancel,5.99,-5.99
5689,4254,2024-11-18,signup,5.99,5.99
5690,4255,2024-11-05,signup,5.99,5.99
5691,4256,2024-11-15,signup,5.99,5.99
5692,4256,2024-12-15,cancel,5.99,-5.99
5693,4257,2024-11-12,signup,5.99,5.99
5694,4257,2025-01-11,cancel,5.99,-5.99
5695,4258,2024-11-17,signup,5.99,5.99
5696,4259,2024-11-18,signup,5.99,5.99
5697,4259,2025-11-13,cancel,5.99,-5.99
5698,4260,2024-11-04,signup,5.99,5.99
5699,4261,2024-11-21,signup,5.99,5.99
5700,4262,2024-11-25,signup,5.99,5.99
5701,4262,2025-11-20,cancel,5.99,-5.99
5702,4264,2024-11-26,signup,5.99,5.99
5703,4265,2024-10-29,signup,5.99,5.99
5704,4265,2025-02-26,cancel,5.99,-5.99
5705,4266,2024-11-13,signup,5.99,5.99
5706,4267,2024-11-05,signup,5.99,5.99
5707,4268,2024-11-17,signup,5.99,5.99
5708,4268,2025-04-16,cancel,5.99,-5.99
5709,4269,2024-11-17,signup,5.99,5.99
5710,4270,2024-11-26,signup,5.99,5.99
5711,4271,2024-11-24,signup,5.99,5.99
5712,4273,2024-11-16,signup,5.99,5.99
5713,4273,2025-08-13,cancel,5.99,-5.99
5714,4274,2024-11-17,signup,5.99,5.99
5715,4275,2024-11-17,signup,5.99,5.99
5716,4275,2025-01-16,cancel,5.99,-5.99
5717,4276,2024-11-13,signup,5.99,5.99
5718,4277,2024-11-23,signup,5.99,5.99
5719,4278,2024-11-27,signup,5.99,5.99
5720,4278,2024-12-27,cancel,5.99,-5.99
5721,4279,2024-11-21,signup,5.99,5.99
5722,4279,2025-01-20,cancel,5.99,-5.99
5723,4281,2024-11-16,signup,5.99,5.99
5724,4281,2025-02-14,cancel,5.99,-5.99
5725,4282,2024-11-01,signup,5.99,5.99
5726,4282,2024-12-31,cancel,5.99,-5.99
5727,4284,2024-11-19,signup,5.99,5.99
5728,4285,2024-11-07,signup,5.99,5.99
5729,4286,2024-11-08,signup,5.99,5.99
5730,4287,2024-11-17,signup,5.99,5.99
5731,4288,2024-11-21,signup,5.99,5.99
5732,4288,2025-07-19,cancel,5.99,-5.99
5733,4289,2024-11-27,signup,5.99,5.99
5734,4290,2024-11-13,signup,5.99,5.99
5735,4291,2024-11-07,signup,5.99,5.99
5736,4291,2025-01-06,cancel,5.99,-5.99
5737,4292,2024-10-31,signup,5.99,5.99
5738,4293,2024-11-26,signup,5.99,5.99
5739,4294,2024-10-31,signup,5.99,5.99
5740,4295,2024-11-28,signup,5.99,5.99
5741,4295,2025-03-28,cancel,5.99,-5.99
5742,4296,2024-11-26,signup,5.99,5.99
5743,4297,2024-11-25,signup,5.99,5.99
5744,4297,2025-03-25,cancel,5.99,-5.99
5745,4299,2024-11-12,signup,5.99,5.99
5746,4299,2025-10-08,cancel,5.99,-5.99
5747,4300,2024-11-07,signup,5.99,5.99
5748,4301,2024-11-27,signup,5.99,5.99
5749,4302,2024-11-26,signup,5.99,5.99
5750,4303,2024-11-19,signup,5.99,5.99
5751,4303,2024-12-19,cancel,5.99,-5.99
5752,4304,2024-11-02,signup,5.99,5.99
5753,4304,2025-05-01,cancel,5.99,-5.99
5754,4305,2024-11-10,signup,5.99,5.99
5755,4306,2024-11-10,signup,5.99,5.99
5756,4306,2024-12-10,cancel,5.99,-5.99
5757,4307,2024-11-20,signup,5.99,5.99
5758,4307,2025-01-19,cancel,5.99,-5.99
5759,4308,2024-11-09,signup,5.99,5.99
5760,4309,2024-11-13,signup,5.99,5.99
5761,4310,2024-11-27,signup,5.99,5.99
5762,4310,2024-12-27,cancel,5.99,-5.99
5763,4312,2024-11-03,signup,5.99,5.99
5764,4313,2024-11-14,signup,5.99,5.99
5765,4314,2024-11-19,signup,5.99,5.99
5766,4315,2024-11-20,signup,5.99,5.99
5767,4315,2025-09-16,cancel,5.99,-5.99
5768,4316,2024-11-22,signup,5.99,5.99
5769,4317,2024-11-09,signup,5.99,5.99
5770,4318,2024-11-17,signup,5.99,5.99
5771,4318,2025-03-17,cancel,5.99,-5.99
5772,4319,2024-11-26,signup,5.99,5.99
5773,4319,2025-03-26,cancel,5.99,-5.99
5774,4320,2024-11-22,signup,5.99,5.99
5775,4321,2024-11-01,signup,5.99,5.99
5776,4321,2025-06-29,cancel,5.99,-5.99
5777,4322,2024-11-27,signup,5.99,5.99
5778,4325,2024-11-17,signup,5.99,5.99
5779,4328,2024-11-11,signup,5.99,5.99
5780,4328,2025-05-10,cancel,5.99,-5.99
5781,4329,2024-11-15,signup,5.99,5.99
5782,4330,2024-10-31,signup,5.99,5.99
5783,4330,2025-03-30,cancel,5.99,-5.99
5784,4331,2024-11-29,signup,5.99,5.99
5785,4331,2025-10-25,cancel,5.99,-5.99
5786,4332,2024-11-26,signup,5.99,5.99
5787,4334,2024-11-14,signup,5.99,5.99
5788,4334,2024-12-14,cancel,5.99,-5.99
5789,4335,2024-11-18,signup,5.99,5.99
5790,4336,2024-11-08,signup,5.99,5.99
5791,4336,2024-12-08,cancel,5.99,-5.99
5792,4337,2024-11-19,signup,5.99,5.99
5793,4338,2024-11-14,signup,5.99,5.99
5794,4339,2024-11-06,signup,5.99,5.99
5795,4340,2024-11-08,signup,5.99,5.99
5796,4340,2024-12-08,cancel,5.99,-5.99
5797,4341,2024-11-03,signup,5.99,5.99
5798,4342,2024-11-12,signup,5.99,5.99
5799,4343,2024-11-09,signup,5.99,5.99
5800,4343,2025-11-04,cancel,5.99,-5.99
5801,4344,2024-11-06,signup,5.99,5.99
5802,4345,2024-11-05,signup,5.99,5.99
5803,4346,2024-11-30,signup,5.99,5.99
5804,4347,2024-11-10,signup,5.99,5.99
5805,4348,2024-11-26,signup,5.99,5.99
5806,4349,2024-11-27,signup,5.99,5.99
5807,4349,2025-01-26,cancel,5.99,-5.99
5808,4350,2024-11-14,signup,5.99,5.99
5809,4352,2024-12-01,signup,5.99,5.99
5810,4352,2025-03-31,cancel,5.99,-5.99
5811,4354,2024-11-06,signup,5.99,5.99
5812,4355,2024-11-09,signup,5.99,5.99
5813,4356,2024-11-29,signup,5.99,5.99
5814,4357,2024-11-22,signup,5.99,5.99
5815,4359,2024-11-12,signup,5.99,5.99
5816,4359,2025-07-10,cancel,5.99,-5.99
5817,4360,2024-11-12,signup,5.99,5.99
5818,4360,2025-01-11,cancel,5.99,-5.99
5819,4361,2024-11-16,signup,5.99,5.99
5820,4362,2024-11-19,signup,5.99,5.99
5821,4363,2024-11-11,signup,5.99,5.99
5822,4364,2024-11-10,signup,5.99,5.99
5823,4365,2024-11-15,signup,5.99,5.99
5824,4365,2025-01-14,cancel,5.99,-5.99
5825,4367,2024-11-30,signup,5.99,5.99
5826,4368,2024-11-23,signup,5.99,5.99
5827,4369,2024-11-30,signup,5.99,5.99
5828,4370,2024-11-02,signup,5.99,5.99
5829,4371,2024-11-26,signup,5.99,5.99
5830,4371,2025-01-25,cancel,5.99,-5.99
5831,4372,2024-11-22,signup,5.99,5.99
5832,4372,2025-03-22,cancel,5.99,-5.99
5833,4373,2024-11-17,signup,5.99,5.99
5834,4373,2025-02-15,cancel,5.99,-5.99
5835,4374,2024-11-15,signup,5.99,5.99
5836,4375,2024-11-23,signup,5.99,5.99
5837,4376,2024-11-19,signup,5.99,5.99
5838,4376,2025-07-17,cancel,5.99,-5.99
5839,4377,2024-11-20,signup,5.99,5.99
5840,4378,2024-11-15,signup,5.99,5.99
5841,4379,2024-11-30,signup,5.99,5.99
5842,4380,2024-12-02,signup,5.99,5.99
5843,4381,2024-12-02,signup,5.99,5.99
5844,4381,2025-03-02,cancel,5.99,-5.99
5845,4382,2024-11-16,signup,5.99,5.99
5846,4382,2025-01-15,cancel,5.99,-5.99
5847,4383,2024-12-01,signup,5.99,5.99
5848,4383,2024-12-31,cancel,5.99,-5.99
5849,4384,2024-11-14,signup,5.99,5.99
5850,4385,2024-11-10,signup,5.99,5.99
5851,4386,2024-11-05,signup,5.99,5.99
5852,4387,2024-11-24,signup,5.99,5.99
5853,4387,2024-12-24,cancel,5.99,-5.99
5854,4388,2024-11-11,signup,5.99,5.99
5855,4388,2025-11-06,cancel,5.99,-5.99
5856,4389,2024-11-03,signup,5.99,5.99
5857,4390,2024-11-23,signup,5.99,5.99
5858,4391,2024-11-27,signup,5.99,5.99
5859,4392,2024-11-10,signup,5.99,5.99
5860,4392,2025-11-05,cancel,5.99,-5.99
5861,4393,2024-11-27,signup,5.99,5.99
5862,4394,2024-11-22,signup,5.99,5.99
5863,4395,2024-11-26,signup,5.99,5.99
5864,4395,2025-11-21,cancel,5.99,-5.99
5865,4396,2024-11-13,signup,5.99,5.99
5866,4397,2024-11-25,signup,5.99,5.99
5867,4398,2024-11-09,signup,5.99,5.99
5868,4398,2024-12-09,cancel,5.99,-5.99
5869,4399,2024-11-18,signup,5.99,5.99
5870,4400,2024-12-02,signup,5.99,5.99
5871,4400,2025-01-01,cancel,5.99,-5.99
5872,4401,2024-11-19,signup,5.99,5.99
5873,4402,2024-11-22,signup,5.99,5.99
5874,4403,2024-11-11,signup,5.99,5.99
5875,4403,2024-12-11,cancel,5.99,-5.99
5876,4404,2024-11-05,signup,5.99,5.99
5877,4405,2024-11-11,signup,5.99,5.99
5878,4405,2025-01-10,cancel,5.99,-5.99
5879,4406,2024-11-12,signup,5.99,5.99
5880,4407,2024-11-26,signup,5.99,5.99
5881,4407,2025-11-21,cancel,5.99,-5.99
5882,4409,2024-11-19,signup,5.99,5.99
5883,4409,2025-01-18,cancel,5.99,-5.99
5884,4410,2024-11-17,signup,5.99,5.99
5885,4410,2025-01-16,cancel,5.99,-5.99
5886,4411,2024-11-29,signup,5.99,5.99
5887,4413,2024-11-17,signup,5.99,5.99
5888,4414,2024-11-03,signup,5.99,5.99
5889,4414,2025-02-01,cancel,5.99,-5.99
5890,4415,2024-11-15,signup,5.99,5.99
5891,4416,2024-11-11,signup,5.99,5.99
5892,4417,2024-11-15,signup,5.99,5.99
5893,4418,2024-11-27,signup,5.99,5.99
5894,4418,2024-12-27,cancel,5.99,-5.99
5895,4419,2024-11-29,signup,5.99,5.99
5896,4421,2024-12-03,signup,5.99,5.99
5897,4421,2025-05-02,cancel,5.99,-5.99
5898,4422,2024-11-24,signup,5.99,5.99
5899,4422,2024-12-24,cancel,5.99,-5.99
5900,4424,2024-11-29,signup,5.99,5.99
5901,4424,2025-02-27,cancel,5.99,-5.99
5902,4425,2024-11-10,signup,5.99,5.99
5903,4426,2024-11-30,signup,5.99,5.99
5904,4427,2024-11-25,signup,5.99,5.99
5905,4427,2025-08-22,cancel,5.99,-5.99
5906,4428,2024-11-23,signup,5.99,5.99
5907,4428,2025-01-22,cancel,5.99,-5.99
5908,4429,2024-11-28,signup,5.99,5.99
5909,4431,2024-12-02,signup,5.99,5.99
5910,4431,2025-01-01,cancel,5.99,-5.99
5911,4432,2024-11-14,signup,5.99,5.99
5912,4432,2025-06-12,cancel,5.99,-5.99
5913,4433,2024-11-16,signup,5.99,5.99
5914,4434,2024-11-24,signup,5.99,5.99
5915,4434,2025-09-20,cancel,5.99,-5.99
5916,4435,2024-11-09,signup,5.99,5.99
5917,4435,2025-02-07,cancel,5.99,-5.99
5918,4436,2024-11-09,signup,5.99,5.99
5919,4436,2024-12-09,cancel,5.99,-5.99
5920,4437,2024-11-12,signup,5.99,5.99
5921,4438,2024-11-06,signup,5.99,5.99
5922,4438,2025-10-02,cancel,5.99,-5.99
5923,4439,2024-11-28,signup,5.99,5.99
5924,4439,2025-08-25,cancel,5.99,-5.99
5925,4441,2024-11-04,signup,5.99,5.99
5926,4442,2024-11-25,signup,5.99,5.99
5927,4442,2025-01-24,cancel,5.99,-5.99
5928,4443,2024-11-17,signup,5.99,5.99
5929,4444,2024-11-25,signup,5.99,5.99
5930,4446,2024-11-29,signup,5.99,5.99
5931,4446,2025-02-27,cancel,5.99,-5.99
5932,4447,2024-11-18,signup,5.99,5.99
5933,4448,2024-11-30,signup,5.99,5.99
5934,4449,2024-11-27,signup,5.99,5.99
5935,4450,2024-11-14,signup,5.99,5.99
5936,4450,2025-01-13,cancel,5.99,-5.99
5937,4451,2024-11-21,signup,5.99,5.99
5938,4452,2024-11-04,signup,5.99,5.99
5939,4452,2025-11-29,cancel,5.99,-5.99
5940,4453,2024-11-23,signup,5.99,5.99
5941,4453,2024-12-23,cancel,5.99,-5.99
5942,4454,2024-11-30,signup,5.99,5.99
5943,4455,2024-11-11,signup,5.99,5.99
5944,4457,2024-11-20,signup,5.99,5.99
5945,4458,2024-12-01,signup,5.99,5.99
5946,4459,2024-11-14,signup,5.99,5.99
5947,4459,2024-12-14,cancel,5.99,-5.99
5948,4460,2024-12-02,signup,5.99,5.99
5949,4460,2025-03-02,cancel,5.99,-5.99
5950,4463,2024-11-14,signup,5.99,5.99
5951,4463,2024-12-14,cancel,5.99,-5.99
5952,4464,2024-11-29,signup,5.99,5.99
5953,4465,2024-12-02,signup,5.99,5.99
5954,4465,2025-01-31,cancel,5.99,-5.99
5955,4466,2024-12-02,signup,5.99,5.99
5956,4467,2024-11-07,signup,5.99,5.99
5957,4467,2024-12-07,cancel,5.99,-5.99
5958,4468,2024-11-13,signup,5.99,5.99
5959,4469,2024-11-16,signup,5.99,5.99
5960,4469,2025-04-15,cancel,5.99,-5.99
5961,4470,2024-11-15,signup,5.99,5.99
5962,4470,2025-03-15,cancel,5.99,-5.99
5963,4471,2024-11-26,signup,5.99,5.99
5964,4472,2024-11-26,signup,5.99,5.99
5965,4472,2025-08-23,cancel,5.99,-5.99
5966,4473,2024-11-17,signup,5.99,5.99
5967,4474,2024-12-05,signup,5.99,5.99
5968,4475,2024-11-23,signup,5.99,5.99
5969,4476,2024-11-29,signup,5.99,5.99
5970,4477,2024-11-08,signup,5.99,5.99
5971,4477,2025-02-06,cancel,5.99,-5.99
5972,4478,2024-11-16,signup,5.99,5.99
5973,4479,2024-11-09,signup,5.99,5.99
5974,4479,2024-12-09,cancel,5.99,-5.99
5975,4480,2024-11-15,signup,5.99,5.99
5976,4481,2024-11-08,signup,5.99,5.99
5977,4482,2024-12-05,signup,5.99,5.99
5978,4484,2024-11-07,signup,5.99,5.99
5979,4485,2024-11-08,signup,5.99,5.99
5980,4485,2024-12-08,cancel,5.99,-5.99
5981,4486,2024-11-15,signup,5.99,5.99
5982,4488,2024-12-03,signup,5.99,5.99
5983,4489,2024-11-07,signup,5.99,5.99
5984,4489,2025-04-06,cancel,5.99,-5.99
5985,4490,2024-11-07,signup,5.99,5.99
5986,4491,2024-11-23,signup,5.99,5.99
5987,4492,2024-12-06,signup,5.99,5.99
5988,4493,2024-11-22,signup,5.99,5.99
5989,4494,2024-11-09,signup,5.99,5.99
5990,4495,2024-12-04,signup,5.99,5.99
5991,4495,2025-06-02,cancel,5.99,-5.99
5992,4496,2024-12-06,signup,5.99,5.99
5993,4497,2024-11-13,signup,5.99,5.99
5994,4497,2025-02-11,cancel,5.99,-5.99
5995,4498,2024-11-21,signup,5.99,5.99
5996,4499,2024-11-11,signup,5.99,5.99
5997,4500,2024-11-17,signup,5.99,5.99
5998,4501,2024-11-21,signup,5.99,5.99
5999,4502,2024-11-12,signup,5.99,5.99
6000,4502,2025-12-07,cancel,5.99,-5.99
6001,4503,2024-11-25,signup,5.99,5.99
6002,4503,2025-06-23,cancel,5.99,-5.99
6003,4504,2024-11-23,signup,5.99,5.99
6004,4505,2024-11-10,signup,5.99,5.99
6005,4506,2024-11-17,signup,5.99,5.99
6006,4507,2024-11-08,signup,5.99,5.99
6007,4507,2025-01-07,cancel,5.99,-5.99
6008,4508,2024-11-13,signup,5.99,5.99
6009,4509,2024-11-13,signup,5.99,5.99
6010,4510,2024-12-02,signup,5.99,5.99
6011,4511,2024-11-20,signup,5.99,5.99
6012,4512,2024-12-06,signup,5.99,5.99
6013,4512,2025-09-02,cancel,5.99,-5.99
6014,4513,2024-12-05,signup,5.99,5.99
6015,4514,2024-11-29,signup,5.99,5.99
6016,4515,2024-11-16,signup,5.99,5.99
6017,4516,2024-11-13,signup,5.99,5.99
6018,4517,2024-11-15,signup,5.99,5.99
6019,4518,2024-11-15,signup,5.99,5.99
6020,4519,2024-11-17,signup,5.99,5.99
6021,4521,2024-11-11,signup,5.99,5.99
6022,4521,2024-12-11,cancel,5.99,-5.99
6023,4522,2024-11-10,signup,5.99,5.99
6024,4523,2024-11-14,signup,5.99,5.99
6025,4524,2024-11-14,signup,5.99,5.99
6026,4525,2024-11-23,signup,5.99,5.99
6027,4526,2024-11-26,signup,5.99,5.99
6028,4526,2025-01-25,cancel,5.99,-5.99
6029,4527,2024-11-22,signup,5.99,5.99
6030,4528,2024-11-15,signup,5.99,5.99
6031,4529,2024-12-03,signup,5.99,5.99
6032,4530,2024-11-22,signup,5.99,5.99
6033,4531,2024-11-16,signup,5.99,5.99
6034,4532,2024-11-18,signup,5.99,5.99
6035,4532,2025-06-16,cancel,5.99,-5.99
6036,4533,2024-11-24,signup,5.99,5.99
6037,4534,2024-11-07,signup,5.99,5.99
6038,4535,2024-11-16,signup,5.99,5.99
6039,4535,2025-07-14,cancel,5.99,-5.99
6040,4536,2024-11-14,signup,5.99,5.99
6041,4537,2024-11-15,signup,5.99,5.99
6042,4537,2025-12-10,cancel,5.99,-5.99
6043,4538,2024-12-04,signup,5.99,5.99
6044,4538,2025-04-03,cancel,5.99,-5.99
6045,4539,2024-11-29,signup,5.99,5.99
6046,4539,2025-09-25,cancel,5.99,-5.99
6047,4540,2024-11-17,signup,5.99,5.99
6048,4541,2024-11-09,signup,5.99,5.99
6049,4541,2025-02-07,cancel,5.99,-5.99
6050,4542,2024-12-06,signup,5.99,5.99
6051,4542,2025-07-04,cancel,5.99,-5.99
6052,4543,2024-11-21,signup,5.99,5.99
6053,4544,2024-12-06,signup,5.99,5.99
6054,4545,2024-11-28,signup,5.99,5.99
6055,4546,2024-12-05,signup,5.99,5.99
6056,4547,2024-11-18,signup,5.99,5.99
6057,4548,2024-11-08,signup,5.99,5.99
6058,4549,2024-11-16,signup,5.99,5.99
6059,4549,2025-02-14,cancel,5.99,-5.99
6060,4550,2024-11-24,signup,5.99,5.99
6061,4550,2025-02-22,cancel,5.99,-5.99
6062,4551,2024-12-01,signup,5.99,5.99
6063,4552,2024-11-14,signup,5.99,5.99
6064,4552,2025-01-13,cancel,5.99,-5.99
6065,4553,2024-11-11,signup,5.99,5.99
6066,4554,2024-11-08,signup,5.99,5.99
6067,4555,2024-11-23,signup,5.99,5.99
6068,4556,2024-11-24,signup,5.99,5.99
6069,4557,2024-11-20,signup,5.99,5.99
6070,4557,2025-06-18,cancel,5.99,-5.99
6071,4558,2024-11-13,signup,5.99,5.99
6072,4558,2024-12-13,cancel,5.99,-5.99
6073,4560,2024-11-21,signup,5.99,5.99
6074,4562,2024-12-04,signup,5.99,5.99
6075,4563,2024-11-11,signup,5.99,5.99
6076,4564,2024-11-10,signup,5.99,5.99
6077,4565,2024-11-25,signup,5.99,5.99
6078,4566,2024-11-24,signup,5.99,5.99
6079,4567,2024-11-15,signup,5.99,5.99
6080,4567,2024-12-15,cancel,5.99,-5.99
6081,4568,2024-11-16,signup,5.99,5.99
6082,4570,2024-11-22,signup,5.99,5.99
6083,4571,2024-12-08,signup,5.99,5.99
6084,4571,2025-03-08,cancel,5.99,-5.99
6085,4572,2024-11-23,signup,5.99,5.99
6086,4572,2025-03-23,cancel,5.99,-5.99
6087,4573,2024-11-29,signup,5.99,5.99
6088,4574,2024-11-09,signup,5.99,5.99
6089,4575,2024-12-04,signup,5.99,5.99
6090,4576,2024-11-24,signup,5.99,5.99
6091,4577,2024-11-13,signup,5.99,5.99
6092,4578,2024-11-26,signup,5.99,5.99
6093,4578,2025-02-24,cancel,5.99,-5.99
6094,4579,2024-12-07,signup,5.99,5.99
6095,4580,2024-12-08,signup,5.99,5.99
6096,4580,2025-01-07,cancel,5.99,-5.99
6097,4581,2024-11-28,signup,5.99,5.99
6098,4582,2024-11-08,signup,5.99,5.99
6099,4582,2024-12-08,cancel,5.99,-5.99
6100,4583,2024-11-14,signup,5.99,5.99
6101,4583,2024-12-14,cancel,5.99,-5.99
6102,4584,2024-11-10,signup,5.99,5.99
6103,4584,2025-09-06,cancel,5.99,-5.99
6104,4585,2024-12-04,signup,5.99,5.99
6105,4586,2024-11-13,signup,5.99,5.99
6106,4586,2024-12-13,cancel,5.99,-5.99
6107,4587,2024-11-26,signup,5.99,5.99
6108,4588,2024-11-30,signup,5.99,5.99
6109,4588,2025-02-28,cancel,5.99,-5.99
6110,4589,2024-11-22,signup,5.99,5.99
6111,4590,2024-11-26,signup,5.99,5.99
6112,4590,2025-02-24,cancel,5.99,-5.99
6113,4591,2024-11-20,signup,5.99,5.99
6114,4592,2024-11-29,signup,5.99,5.99
6115,4593,2024-11-11,signup,5.99,5.99
6116,4594,2024-11-29,signup,5.99,5.99
6117,4595,2024-12-07,signup,5.99,5.99
6118,4595,2025-02-05,cancel,5.99,-5.99
6119,4596,2024-12-07,signup,5.99,5.99
6120,4597,2024-12-04,signup,5.99,5.99
6121,4597,2025-01-03,cancel,5.99,-5.99
6122,4598,2024-11-25,signup,5.99,5.99
6123,4599,2024-11-13,signup,5.99,5.99
6124,4600,2024-12-03,signup,5.99,5.99
6125,4601,2024-11-20,signup,5.99,5.99
6126,4601,2025-10-16,cancel,5.99,-5.99
6127,4602,2024-11-22,signup,5.99,5.99
6128,4603,2024-12-06,signup,5.99,5.99
6129,4604,2024-12-05,signup,5.99,5.99
6130,4604,2025-04-04,cancel,5.99,-5.99
6131,4605,2024-11-30,signup,5.99,5.99
6132,4606,2024-11-29,signup,5.99,5.99
6133,4606,2025-10-25,cancel,5.99,-5.99
6134,4608,2024-12-08,signup,5.99,5.99
6135,4609,2024-12-09,signup,5.99,5.99
6136,4609,2025-01-08,cancel,5.99,-5.99
6137,4610,2024-12-06,signup,5.99,5.99
6138,4610,2025-05-05,cancel,5.99,-5.99
6139,4611,2024-11-28,signup,5.99,5.99
6140,4615,2024-11-14,signup,5.99,5.99
6141,4617,2024-12-06,signup,5.99,5.99
6142,4618,2024-11-10,signup,5.99,5.99
6143,4619,2024-12-06,signup,5.99,5.99
6144,4620,2024-11-10,signup,5.99,5.99
6145,4621,2024-11-29,signup,5.99,5.99
6146,4622,2024-11-19,signup,5.99,5.99
6147,4623,2024-11-13,signup,5.99,5.99
6148,4624,2024-11-13,signup,5.99,5.99
6149,4625,2024-11-16,signup,5.99,5.99
6150,4625,2025-01-15,cancel,5.99,-5.99
6151,4626,2024-11-27,signup,5.99,5.99
6152,4627,2024-12-09,signup,5.99,5.99
6153,4628,2024-11-23,signup,5.99,5.99
6154,4629,2024-11-10,signup,5.99,5.99
6155,4630,2024-12-10,signup,5.99,5.99
6156,4631,2024-12-03,signup,5.99,5.99
6157,4631,2025-05-02,cancel,5.99,-5.99
6158,4632,2024-11-23,signup,5.99,5.99
6159,4633,2024-11-15,signup,5.99,5.99
6160,4634,2024-11-26,signup,5.99,5.99
6161,4634,2025-05-25,cancel,5.99,-5.99
6162,4635,2024-12-08,signup,5.99,5.99
6163,4636,2024-11-17,signup,5.99,5.99
6164,4638,2024-12-09,signup,5.99,5.99
6165,4639,2024-11-21,signup,5.99,5.99
6166,4640,2024-12-05,signup,5.99,5.99
6167,4641,2024-12-02,signup,5.99,5.99
6168,4642,2024-11-11,signup,5.99,5.99
6169,4642,2025-04-10,cancel,5.99,-5.99
6170,4643,2024-11-22,signup,5.99,5.99
6171,4643,2025-02-20,cancel,5.99,-5.99
6172,4644,2024-12-05,signup,5.99,5.99
6173,4645,2024-11-22,signup,5.99,5.99
6174,4646,2024-11-15,signup,5.99,5.99
6175,4646,2025-03-15,cancel,5.99,-5.99
6176,4647,2024-11-20,signup,5.99,5.99
6177,4648,2024-11-10,signup,5.99,5.99
6178,4649,2024-11-28,signup,5.99,5.99
6179,4649,2024-12-28,cancel,5.99,-5.99
6180,4650,2024-12-05,signup,5.99,5.99
6181,4650,2025-04-04,cancel,5.99,-5.99
6182,4651,2024-12-01,signup,5.99,5.99
6183,4652,2024-11-21,signup,5.99,5.99
6184,4652,2025-09-17,cancel,5.99,-5.99
6185,4653,2024-11-16,signup,5.99,5.99
6186,4653,2024-12-16,cancel,5.99,-5.99
6187,4654,2024-11-12,signup,5.99,5.99
6188,4655,2024-11-29,signup,5.99,5.99
6189,4656,2024-11-16,signup,5.99,5.99
6190,4656,2025-01-15,cancel,5.99,-5.99
6191,4657,2024-11-22,signup,5.99,5.99
6192,4657,2024-12-22,cancel,5.99,-5.99
6193,4658,2024-12-08,signup,5.99,5.99
6194,4658,2025-01-07,cancel,5.99,-5.99
6195,4659,2024-11-16,signup,5.99,5.99
6196,4660,2024-12-08,signup,5.99,5.99
6197,4660,2025-02-06,cancel,5.99,-5.99
6198,4661,2024-11-18,signup,5.99,5.99
6199,4662,2024-11-18,signup,5.99,5.99
6200,4662,2025-01-17,cancel,5.99,-5.99
6201,4663,2024-11-15,signup,5.99,5.99
6202,4663,2025-03-15,cancel,5.99,-5.99
6203,4664,2024-12-02,signup,5.99,5.99
6204,4664,2025-05-31,cancel,5.99,-5.99
6205,4665,2024-11-26,signup,5.99,5.99
6206,4665,2025-07-24,cancel,5.99,-5.99
6207,4666,2024-11-26,signup,5.99,5.99
6208,4667,2024-11-30,signup,5.99,5.99
6209,4669,2024-11-29,signup,5.99,5.99
6210,4669,2024-12-29,cancel,5.99,-5.99
6211,4670,2024-12-01,signup,5.99,5.99
6212,4671,2024-11-20,signup,5.99,5.99
6213,4671,2025-11-15,cancel,5.99,-5.99
6214,4672,2024-11-18,signup,5.99,5.99
6215,4672,2024-12-18,cancel,5.99,-5.99
6216,4673,2024-11-15,signup,5.99,5.99
6217,4673,2025-07-13,cancel,5.99,-5.99
6218,4674,2024-11-20,signup,5.99,5.99
6219,4675,2024-12-02,signup,5.99,5.99
6220,4676,2024-11-11,signup,5.99,5.99
6221,4677,2024-12-07,signup,5.99,5.99
6222,4677,2025-01-06,cancel,5.99,-5.99
6223,4678,2024-11-22,signup,5.99,5.99
6224,4678,2025-01-21,cancel,5.99,-5.99
6225,4679,2024-11-21,signup,5.99,5.99
6226,4679,2025-02-19,cancel,5.99,-5.99
6227,4681,2024-11-13,signup,5.99,5.99
6228,4681,2025-09-09,cancel,5.99,-5.99
6229,4682,2024-11-21,signup,5.99,5.99
6230,4682,2024-12-21,cancel,5.99,-5.99
6231,4683,2024-12-05,signup,5.99,5.99
6232,4684,2024-11-22,signup,5.99,5.99
6233,4685,2024-11-23,signup,5.99,5.99
6234,4686,2024-11-22,signup,5.99,5.99
6235,4687,2024-11-16,signup,5.99,5.99
6236,4688,2024-12-05,signup,5.99,5.99
6237,4689,2024-12-10,signup,5.99,5.99
6238,4689,2025-01-09,cancel,5.99,-5.99
6239,4690,2024-11-23,signup,5.99,5.99
6240,4691,2024-12-07,signup,5.99,5.99
6241,4692,2024-12-08,signup,5.99,5.99
6242,4693,2024-11-23,signup,5.99,5.99
6243,4694,2024-11-19,signup,5.99,5.99
6244,4694,2024-12-19,cancel,5.99,-5.99
6245,4695,2024-12-07,signup,5.99,5.99
6246,4697,2024-12-03,signup,5.99,5.99
6247,4697,2025-01-02,cancel,5.99,-5.99
6248,4698,2024-11-23,signup,5.99,5.99
6249,4699,2024-11-28,signup,5.99,5.99
6250,4700,2024-11-22,signup,5.99,5.99
6251,4700,2025-04-21,cancel,5.99,-5.99
6252,4701,2024-12-08,signup,5.99,5.99
6253,4701,2025-02-06,cancel,5.99,-5.99
6254,4706,2024-11-22,signup,5.99,5.99
6255,4706,2025-01-21,cancel,5.99,-5.99
6256,4707,2024-11-27,signup,5.99,5.99
6257,4707,2025-01-26,cancel,5.99,-5.99
6258,4708,2024-12-03,signup,5.99,5.99
6259,4708,2025-01-02,cancel,5.99,-5.99
6260,4709,2024-12-02,signup,5.99,5.99
6261,4711,2024-12-07,signup,5.99,5.99
6262,4712,2024-12-10,signup,5.99,5.99
6263,4713,2024-12-04,signup,5.99,5.99
6264,4713,2025-02-02,cancel,5.99,-5.99
6265,4714,2024-12-12,signup,5.99,5.99
6266,4714,2025-05-11,cancel,5.99,-5.99
6267,4715,2024-11-28,signup,5.99,5.99
6268,4715,2025-02-26,cancel,5.99,-5.99
6269,4716,2024-11-29,signup,5.99,5.99
6270,4717,2024-11-24,signup,5.99,5.99
6271,4718,2024-11-20,signup,5.99,5.99
6272,4718,2024-12-20,cancel,5.99,-5.99
6273,4719,2024-11-25,signup,5.99,5.99
6274,4720,2024-11-25,signup,5.99,5.99
6275,4720,2025-03-25,cancel,5.99,-5.99
6276,4721,2024-11-17,signup,5.99,5.99
6277,4722,2024-11-23,signup,5.99,5.99
6278,4723,2024-11-21,signup,5.99,5.99
6279,4723,2025-07-19,cancel,5.99,-5.99
6280,4724,2024-11-25,signup,5.99,5.99
6281,4725,2024-12-13,signup,5.99,5.99
6282,4726,2024-11-16,signup,5.99,5.99
6283,4726,2025-06-14,cancel,5.99,-5.99
6284,4728,2024-11-26,signup,5.99,5.99
6285,4728,2025-04-25,cancel,5.99,-5.99
6286,4729,2024-12-07,signup,5.99,5.99
6287,4729,2025-04-06,cancel,5.99,-5.99
6288,4730,2024-11-30,signup,5.99,5.99
6289,4731,2024-11-21,signup,5.99,5.99
6290,4731,2025-01-20,cancel,5.99,-5.99
6291,4732,2024-11-19,signup,5.99,5.99
6292,4733,2024-12-12,signup,5.99,5.99
6293,4734,2024-11-21,signup,5.99,5.99
6294,4734,2025-05-20,cancel,5.99,-5.99
6295,4735,2024-12-08,signup,5.99,5.99
6296,4735,2025-02-06,cancel,5.99,-5.99
6297,4736,2024-11-26,signup,5.99,5.99
6298,4736,2025-02-24,cancel,5.99,-5.99
6299,4737,2024-11-23,signup,5.99,5.99
6300,4738,2024-11-18,signup,5.99,5.99
6301,4739,2024-12-07,signup,5.99,5.99
6302,4740,2024-12-01,signup,5.99,5.99
6303,4741,2024-12-06,signup,5.99,5.99
6304,4741,2025-01-05,cancel,5.99,-5.99
6305,4743,2024-11-17,signup,5.99,5.99
6306,4743,2025-05-16,cancel,5.99,-5.99
6307,4744,2024-11-16,signup,5.99,5.99
6308,4745,2024-11-27,signup,5.99,5.99
6309,4746,2024-11-17,signup,5.99,5.99
6310,4746,2025-02-15,cancel,5.99,-5.99
6311,4747,2024-12-05,signup,5.99,5.99
6312,4747,2025-02-03,cancel,5.99,-5.99
6313,4750,2024-11-13,signup,5.99,5.99
6314,4750,2024-12-13,cancel,5.99,-5.99
6315,4751,2024-11-27,signup,5.99,5.99
6316,4752,2024-12-11,signup,5.99,5.99
6317,4753,2024-11-26,signup,5.99,5.99
6318,4754,2024-12-12,signup,5.99,5.99
6319,4754,2025-02-10,cancel,5.99,-5.99
6320,4755,2024-11-28,signup,5.99,5.99
6321,4755,2025-01-27,cancel,5.99,-5.99
6322,4756,2024-12-03,signup,5.99,5.99
6323,4757,2024-12-06,signup,5.99,5.99
6324,4759,2024-11-17,signup,5.99,5.99
6325,4759,2025-01-16,cancel,5.99,-5.99
6326,4760,2024-12-08,signup,5.99,5.99
6327,4761,2024-11-17,signup,5.99,5.99
6328,4761,2025-04-16,cancel,5.99,-5.99
6329,4762,2024-12-08,signup,5.99,5.99
6330,4763,2024-11-16,signup,5.99,5.99
6331,4763,2025-03-16,cancel,5.99,-5.99
6332,4764,2024-12-14,signup,5.99,5.99
6333,4765,2024-12-13,signup,5.99,5.99
6334,4766,2024-11-30,signup,5.99,5.99
6335,4766,2024-12-30,cancel,5.99,-5.99
6336,4767,2024-11-24,signup,5.99,5.99
6337,4767,2025-05-23,cancel,5.99,-5.99
6338,4768,2024-11-29,signup,5.99,5.99
6339,4768,2025-02-27,cancel,5.99,-5.99
6340,4769,2024-11-24,signup,5.99,5.99
6341,4770,2024-11-16,signup,5.99,5.99
6342,4770,2025-02-14,cancel,5.99,-5.99
6343,4771,2024-11-18,signup,5.99,5.99
6344,4772,2024-12-04,signup,5.99,5.99
6345,4772,2025-08-31,cancel,5.99,-5.99
6346,4773,2024-11-23,signup,5.99,5.99
6347,4773,2024-12-23,cancel,5.99,-5.99
6348,4774,2024-11-17,signup,5.99,5.99
6349,4774,2025-02-15,cancel,5.99,-5.99
6350,4775,2024-12-01,signup,5.99,5.99
6351,4776,2024-12-09,signup,5.99,5.99
6352,4776,2025-11-04,cancel,5.99,-5.99
6353,4777,2024-12-04,signup,5.99,5.99
6354,4778,2024-11-30,signup,5.99,5.99
6355,4779,2024-12-02,signup,5.99,5.99
6356,4780,2024-12-10,signup,5.99,5.99
6357,4780,2025-01-09,cancel,5.99,-5.99
6358,4781,2024-12-10,signup,5.99,5.99
6359,4781,2025-01-09,cancel,5.99,-5.99
6360,4782,2024-11-20,signup,5.99,5.99
6361,4783,2024-11-16,signup,5.99,5.99
6362,4784,2024-12-07,signup,5.99,5.99
6363,4784,2025-02-05,cancel,5.99,-5.99
6364,4785,2024-12-04,signup,5.99,5.99
6365,4785,2025-01-03,cancel,5.99,-5.99
6366,4786,2024-12-14,signup,5.99,5.99
6367,4787,2024-12-07,signup,5.99,5.99
6368,4787,2025-01-06,cancel,5.99,-5.99
6369,4789,2024-11-20,signup,5.99,5.99
6370,4790,2024-12-06,signup,5.99,5.99
6371,4790,2025-02-04,cancel,5.99,-5.99
6372,4791,2024-11-24,signup,5.99,5.99
6373,4791,2024-12-24,cancel,5.99,-5.99
6374,4792,2024-11-21,signup,5.99,5.99
6375,4794,2024-11-18,signup,5.99,5.99
6376,4795,2024-11-24,signup,5.99,5.99
6377,4796,2024-11-19,signup,5.99,5.99
6378,4796,2024-12-19,cancel,5.99,-5.99
6379,4797,2024-11-22,signup,5.99,5.99
6380,4798,2024-11-21,signup,5.99,5.99
6381,4800,2024-11-21,signup,5.99,5.99
6382,4800,2024-12-21,cancel,5.99,-5.99
6383,4801,2024-12-14,signup,5.99,5.99
6384,4801,2025-02-12,cancel,5.99,-5.99
6385,4802,2024-11-30,signup,5.99,5.99
6386,4803,2024-11-26,signup,5.99,5.99
6387,4803,2024-12-26,cancel,5.99,-5.99
6388,4804,2024-12-05,signup,5.99,5.99
6389,4805,2024-11-30,signup,5.99,5.99
6390,4806,2024-11-16,signup,5.99,5.99
6391,4806,2025-08-13,cancel,5.99,-5.99
6392,4807,2024-12-10,signup,5.99,5.99
6393,4808,2024-12-08,signup,5.99,5.99
6394,4808,2025-03-08,cancel,5.99,-5.99
6395,4810,2024-12-07,signup,5.99,5.99
6396,4811,2024-11-23,signup,5.99,5.99
6397,4812,2024-11-26,signup,5.99,5.99
6398,4813,2024-12-10,signup,5.99,5.99
6399,4813,2025-02-08,cancel,5.99,-5.99
6400,4814,2024-12-03,signup,5.99,5.99
6401,4815,2024-11-27,signup,5.99,5.99
6402,4815,2024-12-27,cancel,5.99,-5.99
6403,4816,2024-12-14,signup,5.99,5.99
6404,4816,2025-01-13,cancel,5.99,-5.99
6405,4817,2024-11-23,signup,5.99,5.99
6406,4818,2024-11-16,signup,5.99,5.99
6407,4818,2025-03-16,cancel,5.99,-5.99
6408,4819,2024-11-18,signup,5.99,5.99
6409,4820,2024-11-24,signup,5.99,5.99
6410,4820,2025-11-19,cancel,5.99,-5.99
6411,4821,2024-11-25,signup,5.99,5.99
6412,4822,2024-12-14,signup,5.99,5.99
6413,4823,2024-12-05,signup,5.99,5.99
6414,4824,2024-12-01,signup,5.99,5.99
6415,4825,2024-12-09,signup,5.99,5.99
6416,4826,2024-12-12,signup,5.99,5.99
6417,4826,2025-01-11,cancel,5.99,-5.99
6418,4827,2024-11-22,signup,5.99,5.99
6419,4828,2024-11-23,signup,5.99,5.99
6420,4829,2024-12-14,signup,5.99,5.99
6421,4830,2024-11-27,signup,5.99,5.99
6422,4830,2025-01-26,cancel,5.99,-5.99
6423,4831,2024-12-08,signup,5.99,5.99
6424,4832,2024-11-29,signup,5.99,5.99
6425,4832,2024-12-29,cancel,5.99,-5.99
6426,4835,2024-11-16,signup,5.99,5.99
6427,4836,2024-12-04,signup,5.99,5.99
6428,4837,2024-11-17,signup,5.99,5.99
6429,4837,2024-12-17,cancel,5.99,-5.99
6430,4838,2024-12-12,signup,5.99,5.99
6431,4838,2025-01-11,cancel,5.99,-5.99
6432,4839,2024-11-25,signup,5.99,5.99
6433,4840,2024-11-22,signup,5.99,5.99
6434,4841,2024-12-04,signup,5.99,5.99
6435,4841,2025-06-02,cancel,5.99,-5.99
6436,4842,2024-12-13,signup,5.99,5.99
6437,4843,2024-12-14,signup,5.99,5.99
6438,4844,2024-12-17,signup,5.99,5.99
6439,4844,2025-05-16,cancel,5.99,-5.99
6440,4845,2024-12-11,signup,5.99,5.99
6441,4846,2024-11-22,signup,5.99,5.99
6442,4846,2025-02-20,cancel,5.99,-5.99
6443,4847,2024-12-08,signup,5.99,5.99
6444,4848,2024-12-14,signup,5.99,5.99
6445,4849,2024-12-04,signup,5.99,5.99
6446,4850,2024-11-19,signup,5.99,5.99
6447,4851,2024-11-17,signup,5.99,5.99
6448,4851,2025-01-16,cancel,5.99,-5.99
6449,4852,2024-12-08,signup,5.99,5.99
6450,4853,2024-12-02,signup,5.99,5.99
6451,4853,2025-01-01,cancel,5.99,-5.99
6452,4854,2024-11-21,signup,5.99,5.99
6453,4854,2025-10-17,cancel,5.99,-5.99
6454,4855,2024-11-18,signup,5.99,5.99
6455,4856,2024-12-15,signup,5.99,5.99
6456,4857,2024-11-19,signup,5.99,5.99
6457,4857,2025-03-19,cancel,5.99,-5.99
6458,4859,2024-11-26,signup,5.99,5.99
6459,4859,2025-01-25,cancel,5.99,-5.99
6460,4860,2024-12-07,signup,5.99,5.99
6461,4861,2024-12-05,signup,5.99,5.99
6462,4862,2024-12-12,signup,5.99,5.99
6463,4863,2024-12-17,signup,5.99,5.99
6464,4863,2025-01-16,cancel,5.99,-5.99
6465,4864,2024-12-12,signup,5.99,5.99
6466,4865,2024-11-26,signup,5.99,5.99
6467,4866,2024-12-13,signup,5.99,5.99
6468,4866,2025-11-08,cancel,5.99,-5.99
6469,4867,2024-12-14,signup,5.99,5.99
6470,4867,2025-08-11,cancel,5.99,-5.99
6471,4868,2024-12-08,signup,5.99,5.99
6472,4868,2025-03-08,cancel,5.99,-5.99
6473,4869,2024-11-27,signup,5.99,5.99
6474,4869,2025-08-24,cancel,5.99,-5.99
6475,4870,2024-11-24,signup,5.99,5.99
6476,4872,2024-12-09,signup,5.99,5.99
6477,4873,2024-11-22,signup,5.99,5.99
6478,4873,2024-12-22,cancel,5.99,-5.99
6479,4875,2024-12-05,signup,5.99,5.99
6480,4875,2025-06-03,cancel,5.99,-5.99
6481,4877,2024-12-04,signup,5.99,5.99
6482,4878,2024-11-29,signup,5.99,5.99
6483,4879,2024-11-21,signup,5.99,5.99
6484,4879,2025-01-20,cancel,5.99,-5.99
6485,4880,2024-11-18,signup,5.99,5.99
6486,4881,2024-11-27,signup,5.99,5.99
6487,4881,2024-12-27,cancel,5.99,-5.99
6488,4882,2024-12-13,signup,5.99,5.99
6489,4882,2025-01-12,cancel,5.99,-5.99
6490,4883,2024-11-20,signup,5.99,5.99
6491,4884,2024-12-17,signup,5.99,5.99
6492,4885,2024-12-17,signup,5.99,5.99
6493,4886,2024-12-08,signup,5.99,5.99
6494,4887,2024-11-20,signup,5.99,5.99
6495,4888,2024-11-22,signup,5.99,5.99
6496,4889,2024-12-10,signup,5.99,5.99
6497,4890,2024-11-29,signup,5.99,5.99
6498,4890,2024-12-29,cancel,5.99,-5.99
6499,4891,2024-12-05,signup,5.99,5.99
6500,4892,2024-12-15,signup,5.99,5.99
6501,4893,2024-11-29,signup,5.99,5.99
6502,4893,2025-06-27,cancel,5.99,-5.99
6503,4894,2024-12-11,signup,5.99,5.99
6504,4895,2024-11-29,signup,5.99,5.99
6505,4896,2024-12-18,signup,5.99,5.99
6506,4897,2024-11-27,signup,5.99,5.99
6507,4897,2025-07-25,cancel,5.99,-5.99
6508,4899,2024-12-11,signup,5.99,5.99
6509,4900,2024-12-08,signup,5.99,5.99
6510,4900,2025-06-06,cancel,5.99,-5.99
6511,4901,2024-12-09,signup,5.99,5.99
6512,4901,2025-03-09,cancel,5.99,-5.99
6513,4902,2024-11-19,signup,5.99,5.99
6514,4902,2025-04-18,cancel,5.99,-5.99
6515,4903,2024-12-12,signup,5.99,5.99
6516,4904,2024-12-19,signup,5.99,5.99
6517,4904,2025-12-14,cancel,5.99,-5.99
6518,4905,2024-12-14,signup,5.99,5.99
6519,4906,2024-11-20,signup,5.99,5.99
6520,4906,2024-12-20,cancel,5.99,-5.99
6521,4907,2024-11-22,signup,5.99,5.99
6522,4908,2024-12-02,signup,5.99,5.99
6523,4909,2024-12-11,signup,5.99,5.99
6524,4910,2024-12-11,signup,5.99,5.99
6525,4910,2025-01-10,cancel,5.99,-5.99
6526,4911,2024-11-23,signup,5.99,5.99
6527,4912,2024-11-27,signup,5.99,5.99
6528,4912,2025-03-27,cancel,5.99,-5.99
6529,4913,2024-11-29,signup,5.99,5.99
6530,4914,2024-11-24,signup,5.99,5.99
6531,4914,2025-09-20,cancel,5.99,-5.99
6532,4915,2024-11-29,signup,5.99,5.99
6533,4916,2024-11-26,signup,5.99,5.99
6534,4916,2025-08-23,cancel,5.99,-5.99
6535,4917,2024-11-29,signup,5.99,5.99
6536,4918,2024-12-14,signup,5.99,5.99
6537,4919,2024-12-01,signup,5.99,5.99
6538,4920,2024-11-26,signup,5.99,5.99
6539,4920,2025-12-21,cancel,5.99,-5.99
6540,4921,2024-12-19,signup,5.99,5.99
6541,4921,2025-03-19,cancel,5.99,-5.99
6542,4922,2024-12-07,signup,5.99,5.99
6543,4923,2024-11-28,signup,5.99,5.99
6544,4924,2024-12-17,signup,5.99,5.99
6545,4924,2025-02-15,cancel,5.99,-5.99
6546,4925,2024-11-20,signup,5.99,5.99
6547,4926,2024-12-10,signup,5.99,5.99
6548,4927,2024-12-04,signup,5.99,5.99
6549,4927,2025-01-03,cancel,5.99,-5.99
6550,4928,2024-12-09,signup,5.99,5.99
6551,4929,2024-11-29,signup,5.99,5.99
6552,4929,2024-12-29,cancel,5.99,-5.99
6553,4931,2024-12-18,signup,5.99,5.99
6554,4931,2025-03-18,cancel,5.99,-5.99
6555,4932,2024-12-17,signup,5.99,5.99
6556,4933,2024-11-30,signup,5.99,5.99
6557,4933,2025-02-28,cancel,5.99,-5.99
6558,4934,2024-11-21,signup,5.99,5.99
6559,4934,2025-01-20,cancel,5.99,-5.99
6560,4935,2024-12-15,signup,5.99,5.99
6561,4935,2025-02-13,cancel,5.99,-5.99
6562,4936,2024-12-09,signup,5.99,5.99
6563,4937,2024-12-14,signup,5.99,5.99
6564,4938,2024-11-22,signup,5.99,5.99
6565,4938,2025-01-21,cancel,5.99,-5.99
6566,4939,2024-11-29,signup,5.99,5.99
6567,4940,2024-12-19,signup,5.99,5.99
6568,4941,2024-11-23,signup,5.99,5.99
6569,4941,2025-06-21,cancel,5.99,-5.99
6570,4942,2024-11-20,signup,5.99,5.99
6571,4942,2025-09-16,cancel,5.99,-5.99
6572,4943,2024-12-05,signup,5.99,5.99
6573,4944,2024-12-02,signup,5.99,5.99
6574,4945,2024-12-15,signup,5.99,5.99
6575,4945,2025-02-13,cancel,5.99,-5.99
6576,4946,2024-12-06,signup,5.99,5.99
6577,4946,2025-03-06,cancel,5.99,-5.99
6578,4947,2024-12-20,signup,5.99,5.99
6579,4947,2025-08-17,cancel,5.99,-5.99
6580,4948,2024-11-26,signup,5.99,5.99
6581,4949,2024-11-27,signup,5.99,5.99
6582,4950,2024-12-02,signup,5.99,5.99
6583,4950,2025-01-01,cancel,5.99,-5.99
6584,4951,2024-11-26,signup,5.99,5.99
6585,4952,2024-12-17,signup,5.99,5.99
6586,4952,2025-01-16,cancel,5.99,-5.99
6587,4953,2024-12-02,signup,5.99,5.99
6588,4954,2024-12-19,signup,5.99,5.99
6589,4954,2025-01-18,cancel,5.99,-5.99
6590,4955,2024-12-10,signup,5.99,5.99
6591,4956,2024-12-08,signup,5.99,5.99
6592,4956,2025-02-06,cancel,5.99,-5.99
6593,4957,2024-12-19,signup,5.99,5.99
6594,4958,2024-12-12,signup,5.99,5.99
6595,4958,2025-05-11,cancel,5.99,-5.99
6596,4959,2024-11-29,signup,5.99,5.99
6597,4960,2024-11-28,signup,5.99,5.99
6598,4962,2024-12-18,signup,5.99,5.99
6599,4962,2025-01-17,cancel,5.99,-5.99
6600,4963,2024-12-11,signup,5.99,5.99
6601,4963,2025-02-09,cancel,5.99,-5.99
6602,4964,2024-11-27,signup,5.99,5.99
6603,4964,2025-01-26,cancel,5.99,-5.99
6604,4965,2024-11-24,signup,5.99,5.99
6605,4965,2025-03-24,cancel,5.99,-5.99
6606,4966,2024-12-13,signup,5.99,5.99
6607,4966,2025-07-11,cancel,5.99,-5.99
6608,4967,2024-11-29,signup,5.99,5.99
6609,4968,2024-11-25,signup,5.99,5.99
6610,4969,2024-12-09,signup,5.99,5.99
6611,4971,2024-12-09,signup,5.99,5.99
6612,4972,2024-12-16,signup,5.99,5.99
6613,4973,2024-12-03,signup,5.99,5.99
6614,4974,2024-12-01,signup,5.99,5.99
6615,4976,2024-12-17,signup,5.99,5.99
6616,4977,2024-12-21,signup,5.99,5.99
6617,4978,2024-12-03,signup,5.99,5.99
6618,4978,2025-03-03,cancel,5.99,-5.99
6619,4979,2024-12-09,signup,5.99,5.99
6620,4980,2024-12-08,signup,5.99,5.99
6621,4980,2025-02-06,cancel,5.99,-5.99
6622,4981,2024-12-06,signup,5.99,5.99
6623,4981,2025-04-05,cancel,5.99,-5.99
6624,4982,2024-12-03,signup,5.99,5.99
6625,4983,2024-11-28,signup,5.99,5.99
6626,4983,2025-01-27,cancel,5.99,-5.99
6627,4984,2024-12-15,signup,5.99,5.99
6628,4985,2024-12-13,signup,5.99,5.99
6629,4985,2025-01-12,cancel,5.99,-5.99
6630,4986,2024-11-29,signup,5.99,5.99
6631,4987,2024-12-01,signup,5.99,5.99
6632,4988,2024-12-17,signup,5.99,5.99
6633,4989,2024-11-26,signup,5.99,5.99
6634,4989,2025-01-25,cancel,5.99,-5.99
6635,4990,2024-12-13,signup,5.99,5.99
6636,4990,2025-06-11,cancel,5.99,-5.99
6637,4991,2024-12-12,signup,5.99,5.99
6638,4991,2025-06-10,cancel,5.99,-5.99
6639,4992,2024-12-03,signup,5.99,5.99
6640,4992,2025-03-03,cancel,5.99,-5.99
6641,4993,2024-12-05,signup,5.99,5.99
6642,4995,2024-12-09,signup,5.99,5.99
6643,4995,2025-01-08,cancel,5.99,-5.99
6644,4996,2024-12-07,signup,5.99,5.99
6645,4996,2025-06-05,cancel,5.99,-5.99
6646,4997,2024-12-17,signup,5.99,5.99
6647,4998,2024-12-20,signup,5.99,5.99
6648,4999,2024-11-26,signup,5.99,5.99
6649,5000,2024-12-10,signup,5.99,5.99
6650,5001,2024-12-05,signup,5.99,5.99
6651,5001,2025-01-04,cancel,5.99,-5.99
6652,5002,2024-12-22,signup,5.99,5.99
6653,5003,2024-12-22,signup,5.99,5.99
6654,5004,2024-12-06,signup,5.99,5.99
6655,5004,2025-02-04,cancel,5.99,-5.99
6656,5005,2024-12-10,signup,5.99,5.99
6657,5006,2024-12-13,signup,5.99,5.99
6658,5007,2024-12-16,signup,5.99,5.99
6659,5009,2024-11-29,signup,5.99,5.99
6660,5009,2025-02-27,cancel,5.99,-5.99
6661,5010,2024-12-15,signup,5.99,5.99
6662,5011,2024-11-22,signup,5.99,5.99
6663,5012,2024-11-22,signup,5.99,5.99
6664,5013,2024-12-13,signup,5.99,5.99
6665,5014,2024-12-16,signup,5.99,5.99
6666,5014,2025-01-15,cancel,5.99,-5.99
6667,5015,2024-11-30,signup,5.99,5.99
6668,5016,2024-12-22,signup,5.99,5.99
6669,5017,2024-11-22,signup,5.99,5.99
6670,5018,2024-12-03,signup,5.99,5.99
6671,5018,2025-01-02,cancel,5.99,-5.99
6672,5019,2024-12-09,signup,5.99,5.99
6673,5019,2025-01-08,cancel,5.99,-5.99
6674,5020,2024-12-11,signup,5.99,5.99
6675,5020,2025-01-10,cancel,5.99,-5.99
6676,5021,2024-12-03,signup,5.99,5.99
6677,5022,2024-12-16,signup,5.99,5.99
6678,5022,2025-05-15,cancel,5.99,-5.99
6679,5023,2024-12-07,signup,5.99,5.99
6680,5024,2024-12-02,signup,5.99,5.99
6681,5026,2024-11-29,signup,5.99,5.99
6682,5027,2024-12-04,signup,5.99,5.99
6683,5028,2024-11-29,signup,5.99,5.99
6684,5029,2024-12-13,signup,5.99,5.99
6685,5030,2024-11-23,signup,5.99,5.99
6686,5031,2024-11-25,signup,5.99,5.99
6687,5032,2024-12-03,signup,5.99,5.99
6688,5033,2024-12-19,signup,5.99,5.99
6689,5033,2025-05-18,cancel,5.99,-5.99
6690,5034,2024-11-30,signup,5.99,5.99
6691,5034,2025-04-29,cancel,5.99,-5.99
6692,5035,2024-11-29,signup,5.99,5.99
6693,5036,2024-12-05,signup,5.99,5.99
6694,5036,2025-06-03,cancel,5.99,-5.99
6695,5037,2024-11-28,signup,5.99,5.99
6696,5038,2024-12-07,signup,5.99,5.99
6697,5038,2025-06-05,cancel,5.99,-5.99
6698,5039,2024-11-24,signup,5.99,5.99
6699,5039,2025-09-20,cancel,5.99,-5.99
6700,5040,2024-11-27,signup,5.99,5.99
6701,5041,2024-12-21,signup,5.99,5.99
6702,5042,2024-12-20,signup,5.99,5.99
6703,5042,2025-01-19,cancel,5.99,-5.99
6704,5043,2024-12-22,signup,5.99,5.99
6705,5043,2025-04-21,cancel,5.99,-5.99
6706,5044,2024-11-28,signup,5.99,5.99
6707,5044,2025-04-27,cancel,5.99,-5.99
6708,5045,2024-12-21,signup,5.99,5.99
6709,5045,2025-03-21,cancel,5.99,-5.99
6710,5046,2024-12-01,signup,5.99,5.99
6711,5047,2024-12-16,signup,5.99,5.99
6712,5048,2024-12-12,signup,5.99,5.99
6713,5049,2024-12-15,signup,5.99,5.99
6714,5050,2024-11-30,signup,5.99,5.99
6715,5050,2024-12-30,cancel,5.99,-5.99
6716,5051,2024-11-24,signup,5.99,5.99
6717,5052,2024-12-04,signup,5.99,5.99
6718,5053,2024-12-03,signup,5.99,5.99
6719,5053,2025-11-28,cancel,5.99,-5.99
6720,5054,2024-12-15,signup,5.99,5.99
6721,5056,2024-11-26,signup,5.99,5.99
6722,5057,2024-11-25,signup,5.99,5.99
6723,5057,2025-02-23,cancel,5.99,-5.99
6724,5059,2024-12-18,signup,5.99,5.99
6725,5059,2025-06-16,cancel,5.99,-5.99
6726,5060,2024-12-08,signup,5.99,5.99
6727,5061,2024-12-13,signup,5.99,5.99
6728,5063,2024-12-01,signup,5.99,5.99
6729,5063,2025-12-26,cancel,5.99,-5.99
6730,5064,2024-12-10,signup,5.99,5.99
6731,5064,2025-01-09,cancel,5.99,-5.99
6732,5065,2024-12-12,signup,5.99,5.99
6733,5065,2025-02-10,cancel,5.99,-5.99
6734,5066,2024-12-11,signup,5.99,5.99
6735,5067,2024-11-30,signup,5.99,5.99
6736,5068,2024-12-18,signup,5.99,5.99
6737,5069,2024-12-10,signup,5.99,5.99
6738,5070,2024-12-10,signup,5.99,5.99
6739,5071,2024-12-03,signup,5.99,5.99
6740,5071,2025-02-01,cancel,5.99,-5.99
6741,5072,2024-11-25,signup,5.99,5.99
6742,5072,2025-04-24,cancel,5.99,-5.99
6743,5073,2024-12-01,signup,5.99,5.99
6744,5073,2025-08-28,cancel,5.99,-5.99
6745,5074,2024-11-25,signup,5.99,5.99
6746,5074,2025-06-23,cancel,5.99,-5.99
6747,5075,2024-12-20,signup,5.99,5.99
6748,5076,2024-12-09,signup,5.99,5.99
6749,5076,2025-03-09,cancel,5.99,-5.99
6750,5077,2024-12-17,signup,5.99,5.99
6751,5077,2025-07-15,cancel,5.99,-5.99
6752,5078,2024-12-07,signup,5.99,5.99
6753,5079,2024-12-16,signup,5.99,5.99
6754,5080,2024-12-17,signup,5.99,5.99
6755,5081,2024-12-12,signup,5.99,5.99
6756,5082,2024-12-02,signup,5.99,5.99
6757,5083,2024-11-24,signup,5.99,5.99
6758,5083,2025-01-23,cancel,5.99,-5.99
6759,5085,2024-12-17,signup,5.99,5.99
6760,5085,2025-01-16,cancel,5.99,-5.99
6761,5086,2024-12-09,signup,5.99,5.99
6762,5086,2025-09-05,cancel,5.99,-5.99
6763,5087,2024-12-04,signup,5.99,5.99
6764,5087,2025-02-02,cancel,5.99,-5.99
6765,5088,2024-12-21,signup,5.99,5.99
6766,5089,2024-11-26,signup,5.99,5.99
6767,5090,2024-11-27,signup,5.99,5.99
6768,5091,2024-12-24,signup,5.99,5.99
6769,5092,2024-11-27,signup,5.99,5.99
6770,5092,2025-05-26,cancel,5.99,-5.99
6771,5093,2024-12-24,signup,5.99,5.99
6772,5094,2024-12-22,signup,5.99,5.99
6773,5095,2024-12-03,signup,5.99,5.99
6774,5096,2024-12-18,signup,5.99,5.99
6775,5097,2024-11-29,signup,5.99,5.99
6776,5098,2024-12-08,signup,5.99,5.99
6777,5099,2024-12-11,signup,5.99,5.99
6778,5100,2024-12-15,signup,5.99,5.99
6779,5101,2024-12-13,signup,5.99,5.99
6780,5102,2024-12-25,signup,5.99,5.99
6781,5103,2024-12-21,signup,5.99,5.99
6782,5103,2025-01-20,cancel,5.99,-5.99
6783,5104,2024-12-22,signup,5.99,5.99
6784,5104,2025-05-21,cancel,5.99,-5.99
6785,5105,2024-11-28,signup,5.99,5.99
6786,5105,2025-09-24,cancel,5.99,-5.99
6787,5106,2024-12-03,signup,5.99,5.99
6788,5106,2025-01-02,cancel,5.99,-5.99
6789,5107,2024-11-25,signup,5.99,5.99
6790,5107,2025-01-24,cancel,5.99,-5.99
6791,5108,2024-12-07,signup,5.99,5.99
6792,5109,2024-12-08,signup,5.99,5.99
6793,5111,2024-12-22,signup,5.99,5.99
6794,5112,2024-12-19,signup,5.99,5.99
6795,5112,2025-04-18,cancel,5.99,-5.99
6796,5113,2024-11-28,signup,5.99,5.99
6797,5113,2025-05-27,cancel,5.99,-5.99
6798,5114,2024-12-13,signup,5.99,5.99
6799,5115,2024-12-19,signup,5.99,5.99
6800,5116,2024-12-08,signup,5.99,5.99
6801,5117,2024-12-24,signup,5.99,5.99
6802,5118,2024-12-03,signup,5.99,5.99
6803,5118,2025-01-02,cancel,5.99,-5.99
6804,5119,2024-12-12,signup,5.99,5.99
6805,5119,2025-01-11,cancel,5.99,-5.99
6806,5120,2024-12-20,signup,5.99,5.99
6807,5121,2024-12-09,signup,5.99,5.99
6808,5122,2024-12-19,signup,5.99,5.99
6809,5123,2024-12-08,signup,5.99,5.99
6810,5124,2024-12-19,signup,5.99,5.99
6811,5125,2024-12-24,signup,5.99,5.99
6812,5126,2024-12-12,signup,5.99,5.99
6813,5127,2024-12-02,signup,5.99,5.99
6814,5127,2025-03-02,cancel,5.99,-5.99
6815,5128,2024-12-04,signup,5.99,5.99
6816,5130,2024-12-26,signup,5.99,5.99
6817,5130,2025-02-24,cancel,5.99,-5.99
6818,5132,2024-11-30,signup,5.99,5.99
6819,5132,2025-11-25,cancel,5.99,-5.99
6820,5133,2024-12-23,signup,5.99,5.99
6821,5134,2024-12-24,signup,5.99,5.99
6822,5135,2024-12-08,signup,5.99,5.99
6823,5135,2025-05-07,cancel,5.99,-5.99
6824,5136,2024-12-04,signup,5.99,5.99
6825,5137,2024-12-09,signup,5.99,5.99
6826,5138,2024-12-21,signup,5.99,5.99
6827,5138,2025-03-21,cancel,5.99,-5.99
6828,5140,2024-11-27,signup,5.99,5.99
6829,5141,2024-12-26,signup,5.99,5.99
6830,5142,2024-12-05,signup,5.99,5.99
6831,5142,2025-03-05,cancel,5.99,-5.99
6832,5144,2024-12-03,signup,5.99,5.99
6833,5145,2024-12-01,signup,5.99,5.99
6834,5145,2025-01-30,cancel,5.99,-5.99
6835,5146,2024-12-09,signup,5.99,5.99
6836,5146,2025-02-07,cancel,5.99,-5.99
6837,5147,2024-11-26,signup,5.99,5.99
6838,5147,2025-08-23,cancel,5.99,-5.99
6839,5148,2024-12-25,signup,5.99,5.99
6840,5148,2025-02-23,cancel,5.99,-5.99
6841,5149,2024-12-24,signup,5.99,5.99
6842,5150,2024-12-08,signup,5.99,5.99
6843,5151,2024-12-24,signup,5.99,5.99
6844,5153,2024-11-30,signup,5.99,5.99
6845,5154,2024-12-10,signup,5.99,5.99
6846,5154,2025-01-09,cancel,5.99,-5.99
6847,5155,2024-12-05,signup,5.99,5.99
6848,5156,2024-12-15,signup,5.99,5.99
6849,5157,2024-12-02,signup,5.99,5.99
6850,5157,2025-01-01,cancel,5.99,-5.99
6851,5158,2024-12-15,signup,5.99,5.99
6852,5159,2024-11-27,signup,5.99,5.99
6853,5159,2025-01-26,cancel,5.99,-5.99
6854,5160,2024-12-23,signup,5.99,5.99
6855,5161,2024-12-17,signup,5.99,5.99
6856,5162,2024-12-25,signup,5.99,5.99
6857,5162,2025-01-24,cancel,5.99,-5.99
6858,5163,2024-12-03,signup,5.99,5.99
6859,5163,2025-01-02,cancel,5.99,-5.99
6860,5164,2024-12-16,signup,5.99,5.99
6861,5164,2025-10-12,cancel,5.99,-5.99
6862,5165,2024-11-29,signup,5.99,5.99
6863,5166,2024-12-15,signup,5.99,5.99
6864,5166,2025-05-14,cancel,5.99,-5.99
6865,5167,2024-12-27,signup,5.99,5.99
6866,5168,2024-12-23,signup,5.99,5.99
6867,5168,2025-06-21,cancel,5.99,-5.99
6868,5169,2024-12-23,signup,5.99,5.99
6869,5169,2025-01-22,cancel,5.99,-5.99
6870,5170,2024-12-11,signup,5.99,5.99
6871,5170,2025-03-11,cancel,5.99,-5.99
6872,5171,2024-12-25,signup,5.99,5.99
6873,5172,2024-12-07,signup,5.99,5.99
6874,5173,2024-12-02,signup,5.99,5.99
6875,5173,2025-01-31,cancel,5.99,-5.99
6876,5174,2024-12-09,signup,5.99,5.99
6877,5174,2025-01-08,cancel,5.99,-5.99
6878,5176,2024-12-17,signup,5.99,5.99
6879,5177,2024-12-14,signup,5.99,5.99
6880,5177,2025-04-13,cancel,5.99,-5.99
6881,5178,2024-11-28,signup,5.99,5.99
6882,5179,2024-12-18,signup,5.99,5.99
6883,5180,2024-12-24,signup,5.99,5.99
6884,5180,2025-01-23,cancel,5.99,-5.99
6885,5181,2024-12-14,signup,5.99,5.99
6886,5182,2024-12-20,signup,5.99,5.99
6887,5183,2024-12-15,signup,5.99,5.99
6888,5184,2024-12-15,signup,5.99,5.99
6889,5184,2025-05-14,cancel,5.99,-5.99
6890,5186,2024-12-20,signup,5.99,5.99
6891,5186,2025-06-18,cancel,5.99,-5.99
6892,5187,2024-12-02,signup,5.99,5.99
6893,5187,2025-10-28,cancel,5.99,-5.99
6894,5188,2024-11-29,signup,5.99,5.99
6895,5188,2025-04-28,cancel,5.99,-5.99
6896,5189,2024-12-14,signup,5.99,5.99
6897,5189,2025-01-13,cancel,5.99,-5.99
6898,5191,2024-12-15,signup,5.99,5.99
6899,5192,2024-12-05,signup,5.99,5.99
6900,5193,2024-12-28,signup,5.99,5.99
6901,5194,2024-11-28,signup,5.99,5.99
6902,5194,2025-08-25,cancel,5.99,-5.99
6903,5195,2024-11-28,signup,5.99,5.99
6904,5196,2024-12-22,signup,5.99,5.99
6905,5197,2024-12-25,signup,5.99,5.99
6906,5198,2024-12-06,signup,5.99,5.99
6907,5199,2024-12-04,signup,5.99,5.99
6908,5200,2024-12-16,signup,5.99,5.99
6909,5200,2025-04-15,cancel,5.99,-5.99
6910,5201,2024-12-07,signup,5.99,5.99
6911,5201,2025-02-05,cancel,5.99,-5.99
6912,5202,2024-12-09,signup,5.99,5.99
6913,5203,2024-12-06,signup,5.99,5.99
6914,5204,2024-12-22,signup,5.99,5.99
6915,5205,2024-12-02,signup,5.99,5.99
6916,5206,2024-12-14,signup,5.99,5.99
6917,5206,2025-01-13,cancel,5.99,-5.99
6918,5207,2024-12-24,signup,5.99,5.99
6919,5208,2024-12-23,signup,5.99,5.99
6920,5208,2025-01-22,cancel,5.99,-5.99
6921,5209,2024-12-22,signup,5.99,5.99
6922,5209,2025-06-20,cancel,5.99,-5.99
6923,5210,2024-12-28,signup,5.99,5.99
6924,5211,2024-12-23,signup,5.99,5.99
6925,5211,2025-05-22,cancel,5.99,-5.99
6926,5212,2024-12-07,signup,5.99,5.99
6927,5212,2025-01-06,cancel,5.99,-5.99
6928,5213,2024-12-09,signup,5.99,5.99
6929,5214,2024-12-18,signup,5.99,5.99
6930,5215,2024-11-29,signup,5.99,5.99
6931,5215,2025-09-25,cancel,5.99,-5.99
6932,5216,2024-11-28,signup,5.99,5.99
6933,5216,2025-02-26,cancel,5.99,-5.99
6934,5217,2024-11-30,signup,5.99,5.99
6935,5218,2024-12-07,signup,5.99,5.99
6936,5219,2024-12-28,signup,5.99,5.99
6937,5220,2024-12-13,signup,5.99,5.99
6938,5221,2024-12-14,signup,5.99,5.99
6939,5223,2024-12-24,signup,5.99,5.99
6940,5224,2024-12-17,signup,5.99,5.99
6941,5224,2025-06-15,cancel,5.99,-5.99
6942,5225,2024-12-03,signup,5.99,5.99
6943,5226,2024-12-16,signup,5.99,5.99
6944,5227,2024-12-16,signup,5.99,5.99
6945,5228,2024-12-17,signup,5.99,5.99
6946,5229,2024-12-07,signup,5.99,5.99
6947,5229,2025-01-06,cancel,5.99,-5.99
6948,5230,2024-12-08,signup,5.99,5.99
6949,5230,2025-12-03,cancel,5.99,-5.99
6950,5232,2024-12-01,signup,5.99,5.99
6951,5234,2024-12-02,signup,5.99,5.99
6952,5235,2024-12-17,signup,5.99,5.99
6953,5235,2025-01-16,cancel,5.99,-5.99
6954,5236,2024-12-12,signup,5.99,5.99
6955,5237,2024-11-30,signup,5.99,5.99
6956,5237,2025-01-29,cancel,5.99,-5.99
6957,5238,2024-12-13,signup,5.99,5.99
6958,5238,2025-09-09,cancel,5.99,-5.99
6959,5239,2024-12-05,signup,5.99,5.99
6960,5239,2025-12-30,cancel,5.99,-5.99
6961,5240,2024-12-02,signup,5.99,5.99
6962,5241,2024-12-17,signup,5.99,5.99
6963,5242,2024-12-13,signup,5.99,5.99
6964,5243,2024-12-10,signup,5.99,5.99
6965,5244,2024-12-23,signup,5.99,5.99
6966,5245,2024-12-08,signup,5.99,5.99
6967,5245,2025-08-05,cancel,5.99,-5.99
6968,5246,2024-12-03,signup,5.99,5.99
6969,5247,2024-12-01,signup,5.99,5.99
6970,5247,2025-01-30,cancel,5.99,-5.99
6971,5249,2024-12-23,signup,5.99,5.99
6972,5249,2025-03-23,cancel,5.99,-5.99
6973,5251,2024-12-20,signup,5.99,5.99
6974,5253,2024-12-22,signup,5.99,5.99
6975,5255,2024-12-05,signup,5.99,5.99
6976,5256,2024-12-09,signup,5.99,5.99
6977,5257,2024-12-15,signup,5.99,5.99
6978,5258,2024-12-10,signup,5.99,5.99
6979,5259,2024-12-10,signup,5.99,5.99
6980,5260,2024-12-27,signup,5.99,5.99
6981,5261,2024-12-12,signup,5.99,5.99
6982,5261,2025-02-10,cancel,5.99,-5.99
6983,5263,2024-12-03,signup,5.99,5.99
6984,5263,2025-03-03,cancel,5.99,-5.99
6985,5264,2024-12-22,signup,5.99,5.99
6986,5264,2025-09-18,cancel,5.99,-5.99
6987,5265,2024-12-05,signup,5.99,5.99
6988,5266,2024-12-25,signup,5.99,5.99
6989,5266,2025-03-25,cancel,5.99,-5.99
6990,5267,2024-12-16,signup,5.99,5.99
6991,5268,2024-12-28,signup,5.99,5.99
6992,5269,2024-12-12,signup,5.99,5.99
6993,5270,2024-12-27,signup,5.99,5.99
6994,5270,2025-03-27,cancel,5.99,-5.99
6995,5271,2024-12-26,signup,5.99,5.99
6996,5271,2025-06-24,cancel,5.99,-5.99
6997,5272,2024-12-04,signup,5.99,5.99
6998,5273,2024-12-02,signup,5.99,5.99
6999,5274,2024-12-14,signup,5.99,5.99
7000,5275,2024-12-28,signup,5.99,5.99
7001,5276,2024-12-28,signup,5.99,5.99
7002,5277,2024-12-17,signup,5.99,5.99
7003,5278,2024-12-15,signup,5.99,5.99
7004,5279,2024-12-29,signup,5.99,5.99
7005,5280,2024-12-05,signup,5.99,5.99
7006,5281,2024-11-30,signup,5.99,5.99
7007,5281,2025-04-29,cancel,5.99,-5.99
7008,5282,2024-12-08,signup,5.99,5.99
7009,5284,2024-12-17,signup,5.99,5.99
7010,5285,2024-11-30,signup,5.99,5.99
7011,5286,2024-12-08,signup,5.99,5.99
7012,5286,2025-04-07,cancel,5.99,-5.99
7013,5288,2024-12-26,signup,5.99,5.99
7014,5289,2024-12-22,signup,5.99,5.99
7015,5290,2024-12-29,signup,5.99,5.99
7016,5290,2025-01-28,cancel,5.99,-5.99
7017,5291,2024-12-24,signup,5.99,5.99
7018,5291,2025-02-22,cancel,5.99,-5.99
7019,5292,2024-12-09,signup,5.99,5.99
7020,5292,2025-12-04,cancel,5.99,-5.99
7021,5293,2024-12-02,signup,5.99,5.99
7022,5293,2025-01-01,cancel,5.99,-5.99
7023,5294,2024-12-30,signup,5.99,5.99
7024,5295,2024-12-27,signup,5.99,5.99
7025,5296,2024-12-06,signup,5.99,5.99
7026,5297,2024-12-11,signup,5.99,5.99
7027,5298,2024-12-11,signup,5.99,5.99
7028,5298,2025-02-09,cancel,5.99,-5.99
7029,5299,2024-12-05,signup,5.99,5.99
7030,5299,2025-07-03,cancel,5.99,-5.99
7031,5300,2024-12-12,signup,5.99,5.99
7032,5302,2024-12-02,signup,5.99,5.99
7033,5303,2024-12-21,signup,5.99,5.99
7034,5304,2024-12-08,signup,5.99,5.99
7035,5304,2025-07-06,cancel,5.99,-5.99
7036,5305,2024-12-06,signup,5.99,5.99
7037,5306,2024-12-28,signup,5.99,5.99
7038,5307,2024-12-29,signup,5.99,5.99
7039,5307,2025-11-24,cancel,5.99,-5.99
7040,5308,2024-12-08,signup,5.99,5.99
7041,5309,2024-12-27,signup,5.99,5.99
7042,5309,2025-04-26,cancel,5.99,-5.99
7043,5311,2024-12-22,signup,5.99,5.99
7044,5312,2024-12-04,signup,5.99,5.99
7045,5312,2025-02-02,cancel,5.99,-5.99
7046,5313,2024-12-20,signup,5.99,5.99
7047,5314,2024-12-26,signup,5.99,5.99
7048,5314,2025-08-23,cancel,5.99,-5.99
7049,5315,2024-12-15,signup,5.99,5.99
7050,5316,2024-12-16,signup,5.99,5.99
7051,5316,2025-02-14,cancel,5.99,-5.99
7052,5317,2024-12-22,signup,5.99,5.99
7053,5318,2024-12-03,signup,5.99,5.99
7054,5319,2024-12-04,signup,5.99,5.99
7055,5320,2024-12-12,signup,5.99,5.99
7056,5320,2025-03-12,cancel,5.99,-5.99
7057,5321,2024-12-12,signup,5.99,5.99
7058,5322,2024-12-18,signup,5.99,5.99
7059,5322,2025-03-18,cancel,5.99,-5.99
7060,5323,2024-12-31,signup,5.99,5.99
7061,5325,2024-12-22,signup,5.99,5.99
7062,5325,2025-04-21,cancel,5.99,-5.99
7063,5326,2024-12-08,signup,5.99,5.99
7064,5326,2025-01-07,cancel,5.99,-5.99
7065,5327,2024-12-25,signup,5.99,5.99
7066,5327,2025-03-25,cancel,5.99,-5.99
7067,5329,2024-12-06,signup,5.99,5.99
7068,5331,2024-12-10,signup,5.99,5.99
7069,5332,2024-12-22,signup,5.99,5.99
7070,5333,2025-01-01,signup,5.99,5.99
7071,5333,2025-06-30,cancel,5.99,-5.99
7072,5334,2024-12-20,signup,5.99,5.99
7073,5335,2024-12-22,signup,5.99,5.99
7074,5336,2024-12-10,signup,5.99,5.99
7075,5336,2025-02-08,cancel,5.99,-5.99
7076,5337,2024-12-05,signup,5.99,5.99
7077,5338,2024-12-04,signup,5.99,5.99
7078,5339,2024-12-14,signup,5.99,5.99
7079,5339,2025-11-09,cancel,5.99,-5.99
7080,5340,2024-12-15,signup,5.99,5.99
7081,5341,2024-12-18,signup,5.99,5.99
7082,5341,2025-01-17,cancel,5.99,-5.99
7083,5342,2024-12-06,signup,5.99,5.99
7084,5342,2025-01-05,cancel,5.99,-5.99
7085,5343,2024-12-04,signup,5.99,5.99
7086,5344,2024-12-02,signup,5.99,5.99
7087,5344,2025-05-01,cancel,5.99,-5.99
7088,5345,2024-12-28,signup,5.99,5.99
7089,5346,2024-12-22,signup,5.99,5.99
7090,5346,2025-12-17,cancel,5.99,-5.99
7091,5347,2025-01-01,signup,5.99,5.99
7092,5348,2024-12-26,signup,5.99,5.99
7093,5349,2024-12-08,signup,5.99,5.99
7094,5351,2025-01-01,signup,5.99,5.99
7095,5351,2025-01-31,cancel,5.99,-5.99
7096,5352,2024-12-03,signup,5.99,5.99
7097,5353,2024-12-12,signup,5.99,5.99
7098,5354,2024-12-25,signup,5.99,5.99
7099,5354,2025-02-23,cancel,5.99,-5.99
7100,5355,2024-12-10,signup,5.99,5.99
7101,5357,2024-12-06,signup,5.99,5.99
7102,5358,2024-12-25,signup,5.99,5.99
7103,5359,2024-12-15,signup,5.99,5.99
7104,5360,2024-12-19,signup,5.99,5.99
7105,5360,2025-04-18,cancel,5.99,-5.99
7106,5361,2024-12-09,signup,5.99,5.99
7107,5362,2024-12-10,signup,5.99,5.99
7108,5362,2025-02-08,cancel,5.99,-5.99
7109,5363,2024-12-18,signup,5.99,5.99
7110,5364,2024-12-25,signup,5.99,5.99
7111,5365,2024-12-11,signup,5.99,5.99
7112,5366,2024-12-25,signup,5.99,5.99
7113,5367,2025-01-01,signup,5.99,5.99
7114,5368,2024-12-22,signup,5.99,5.99
7115,5369,2024-12-27,signup,5.99,5.99
7116,5369,2025-08-24,cancel,5.99,-5.99
7117,5370,2024-12-20,signup,5.99,5.99
7118,5371,2024-12-12,signup,5.99,5.99
7119,5373,2024-12-20,signup,5.99,5.99
7120,5374,2024-12-19,signup,5.99,5.99
7121,5374,2025-11-14,cancel,5.99,-5.99
7122,5375,2024-12-29,signup,5.99,5.99
7123,5375,2025-05-28,cancel,5.99,-5.99
7124,5376,2025-01-01,signup,5.99,5.99
7125,5376,2025-01-31,cancel,5.99,-5.99
7126,5377,2025-01-01,signup,5.99,5.99
7127,5378,2024-12-07,signup,5.99,5.99
7128,5378,2025-01-06,cancel,5.99,-5.99
7129,5379,2024-12-29,signup,5.99,5.99
7130,5379,2025-12-24,cancel,5.99,-5.99
7131,5380,2024-12-31,signup,5.99,5.99
7132,5380,2025-03-31,cancel,5.99,-5.99
7133,5381,2024-12-13,signup,5.99,5.99
7134,5383,2024-12-27,signup,5.99,5.99
7135,5383,2025-03-27,cancel,5.99,-5.99
7136,5384,2024-12-07,signup,5.99,5.99
7137,5384,2025-12-02,cancel,5.99,-5.99
7138,5385,2024-12-19,signup,5.99,5.99
7139,5386,2024-12-26,signup,5.99,5.99
7140,5387,2024-12-25,signup,5.99,5.99
7141,5387,2025-01-24,cancel,5.99,-5.99
7142,5388,2024-12-12,signup,5.99,5.99
7143,5390,2024-12-25,signup,5.99,5.99
7144,5390,2025-07-23,cancel,5.99,-5.99
7145,5391,2024-12-04,signup,5.99,5.99
7146,5392,2025-01-01,signup,5.99,5.99
7147,5394,2024-12-15,signup,5.99,5.99
7148,5395,2024-12-22,signup,5.99,5.99
7149,5396,2024-12-25,signup,5.99,5.99
7150,5398,2024-12-13,signup,5.99,5.99
7151,5399,2024-12-25,signup,5.99,5.99
7152,5400,2024-12-08,signup,5.99,5.99
7153,5401,2024-12-14,signup,5.99,5.99
7154,5401,2025-01-13,cancel,5.99,-5.99
7155,5402,2024-12-08,signup,5.99,5.99
7156,5403,2024-12-31,signup,5.99,5.99
7157,5403,2025-06-29,cancel,5.99,-5.99
7158,5404,2024-12-14,signup,5.99,5.99
7159,5405,2024-12-05,signup,5.99,5.99
7160,5406,2024-12-13,signup,5.99,5.99
7161,5407,2024-12-24,signup,5.99,5.99
7162,5407,2025-01-23,cancel,5.99,-5.99
7163,5408,2024-12-20,signup,5.99,5.99
7164,5408,2025-06-18,cancel,5.99,-5.99
7165,5409,2024-12-15,signup,5.99,5.99
7166,5409,2025-01-14,cancel,5.99,-5.99
7167,5410,2024-12-25,signup,5.99,5.99
7168,5410,2025-03-25,cancel,5.99,-5.99
7169,5411,2024-12-23,signup,5.99,5.99
7170,5413,2024-12-17,signup,5.99,5.99
7171,5413,2025-04-16,cancel,5.99,-5.99
7172,5414,2024-12-16,signup,5.99,5.99
7173,5415,2024-12-30,signup,5.99,5.99
7174,5416,2024-12-12,signup,5.99,5.99
7175,5417,2024-12-28,signup,5.99,5.99
7176,5419,2025-01-04,signup,5.99,5.99
7177,5420,2024-12-31,signup,5.99,5.99
7178,5420,2025-01-30,cancel,5.99,-5.99
7179,5421,2024-12-09,signup,5.99,5.99
7180,5421,2025-01-08,cancel,5.99,-5.99
7181,5422,2024-12-08,signup,5.99,5.99
7182,5424,2025-01-04,signup,5.99,5.99
7183,5424,2025-10-01,cancel,5.99,-5.99
7184,5425,2024-12-06,signup,5.99,5.99
7185,5425,2025-01-05,cancel,5.99,-5.99
7186,5426,2024-12-22,signup,5.99,5.99
7187,5426,2025-04-21,cancel,5.99,-5.99
7188,5427,2024-12-17,signup,5.99,5.99
7189,5427,2025-05-16,cancel,5.99,-5.99
7190,5428,2024-12-23,signup,5.99,5.99
7191,5429,2025-01-04,signup,5.99,5.99
7192,5430,2024-12-14,signup,5.99,5.99
7193,5430,2025-05-13,cancel,5.99,-5.99
7194,5431,2025-01-02,signup,5.99,5.99
7195,5431,2025-07-01,cancel,5.99,-5.99
7196,5432,2024-12-31,signup,5.99,5.99
7197,5433,2024-12-19,signup,5.99,5.99
7198,5433,2025-03-19,cancel,5.99,-5.99
7199,5434,2024-12-24,signup,5.99,5.99
7200,5434,2025-11-19,cancel,5.99,-5.99
7201,5435,2024-12-14,signup,5.99,5.99
7202,5436,2024-12-25,signup,5.99,5.99
7203,5437,2024-12-26,signup,5.99,5.99
7204,5437,2025-01-25,cancel,5.99,-5.99
7205,5438,2024-12-18,signup,5.99,5.99
7206,5438,2025-05-17,cancel,5.99,-5.99
7207,5439,2024-12-20,signup,5.99,5.99
7208,5440,2024-12-23,signup,5.99,5.99
7209,5440,2025-03-23,cancel,5.99,-5.99
7210,5441,2024-12-19,signup,5.99,5.99
7211,5441,2025-11-14,cancel,5.99,-5.99
7212,5442,2024-12-29,signup,5.99,5.99
7213,5443,2024-12-30,signup,5.99,5.99
7214,5444,2024-12-29,signup,5.99,5.99
7215,5444,2025-11-24,cancel,5.99,-5.99
7216,5445,2025-01-02,signup,5.99,5.99
7217,5446,2024-12-24,signup,5.99,5.99
7218,5447,2024-12-19,signup,5.99,5.99
7219,5447,2025-01-18,cancel,5.99,-5.99
7220,5448,2024-12-10,signup,5.99,5.99
7221,5448,2025-03-10,cancel,5.99,-5.99
7222,5449,2024-12-30,signup,5.99,5.99
7223,5449,2025-01-29,cancel,5.99,-5.99
7224,5450,2025-01-02,signup,5.99,5.99
7225,5452,2024-12-10,signup,5.99,5.99
7226,5454,2024-12-31,signup,5.99,5.99
7227,5455,2025-01-05,signup,5.99,5.99
7228,5455,2025-02-04,cancel,5.99,-5.99
7229,5456,2024-12-21,signup,5.99,5.99
7230,5457,2024-12-28,signup,5.99,5.99
7231,5458,2024-12-23,signup,5.99,5.99
7232,5458,2025-06-21,cancel,5.99,-5.99
7233,5459,2025-01-04,signup,5.99,5.99
7234,5459,2025-02-03,cancel,5.99,-5.99
7235,5460,2025-01-03,signup,5.99,5.99
7236,5460,2025-02-02,cancel,5.99,-5.99
7237,5461,2024-12-24,signup,5.99,5.99
7238,5462,2024-12-30,signup,5.99,5.99
7239,5462,2025-05-29,cancel,5.99,-5.99
7240,5463,2024-12-24,signup,5.99,5.99
7241,5464,2024-12-14,signup,5.99,5.99
7242,5464,2025-02-12,cancel,5.99,-5.99
7243,5465,2025-01-01,signup,5.99,5.99
7244,5466,2024-12-25,signup,5.99,5.99
7245,5466,2025-01-24,cancel,5.99,-5.99
7246,5467,2025-01-05,signup,5.99,5.99
7247,5468,2024-12-09,signup,5.99,5.99
7248,5470,2024-12-06,signup,5.99,5.99
7249,5470,2025-04-05,cancel,5.99,-5.99
7250,5471,2025-01-01,signup,5.99,5.99
7251,5471,2025-03-02,cancel,5.99,-5.99
7252,5472,2024-12-24,signup,5.99,5.99
7253,5473,2024-12-30,signup,5.99,5.99
7254,5473,2025-02-28,cancel,5.99,-5.99
7255,5474,2024-12-07,signup,5.99,5.99
7256,5476,2024-12-17,signup,5.99,5.99
7257,5476,2025-10-13,cancel,5.99,-5.99
7258,5477,2024-12-08,signup,5.99,5.99
7259,5478,2025-01-06,signup,5.99,5.99
7260,5479,2024-12-20,signup,5.99,5.99
7261,5480,2024-12-24,signup,5.99,5.99
7262,5481,2025-01-01,signup,5.99,5.99
7263,5482,2024-12-25,signup,5.99,5.99
7264,5482,2025-12-20,cancel,5.99,-5.99
7265,5483,2025-01-05,signup,5.99,5.99
7266,5484,2024-12-15,signup,5.99,5.99
7267,5485,2025-01-04,signup,5.99,5.99
7268,5485,2025-03-05,cancel,5.99,-5.99
7269,5486,2024-12-20,signup,5.99,5.99
7270,5486,2025-02-18,cancel,5.99,-5.99
7271,5487,2024-12-31,signup,5.99,5.99
7272,5487,2025-06-29,cancel,5.99,-5.99
7273,5488,2024-12-16,signup,5.99,5.99
7274,5489,2024-12-31,signup,5.99,5.99
7275,5489,2025-01-30,cancel,5.99,-5.99
7276,5490,2024-12-09,signup,5.99,5.99
7277,5490,2025-01-08,cancel,5.99,-5.99
7278,5491,2024-12-26,signup,5.99,5.99
7279,5491,2025-09-22,cancel,5.99,-5.99
7280,5492,2024-12-17,signup,5.99,5.99
7281,5493,2024-12-21,signup,5.99,5.99
7282,5493,2025-05-20,cancel,5.99,-5.99
7283,5494,2024-12-21,signup,5.99,5.99
7284,5495,2024-12-08,signup,5.99,5.99
7285,5497,2024-12-30,signup,5.99,5.99
7286,5497,2025-01-29,cancel,5.99,-5.99
7287,5498,2025-01-05,signup,5.99,5.99
7288,5499,2024-12-08,signup,5.99,5.99
7289,5500,2024-12-13,signup,5.99,5.99
7290,5500,2025-05-12,cancel,5.99,-5.99
7291,5501,2024-12-17,signup,5.99,5.99
7292,5502,2024-12-29,signup,5.99,5.99
7293,5502,2025-02-27,cancel,5.99,-5.99
7294,5503,2025-01-03,signup,5.99,5.99
7295,5503,2025-03-04,cancel,5.99,-5.99
7296,5504,2025-01-01,signup,5.99,5.99
7297,5505,2024-12-13,signup,5.99,5.99
7298,5505,2025-08-10,cancel,5.99,-5.99
7299,5506,2024-12-23,signup,5.99,5.99
7300,5506,2025-06-21,cancel,5.99,-5.99
7301,5507,2024-12-20,signup,5.99,5.99
7302,5507,2025-12-15,cancel,5.99,-5.99
7303,5508,2024-12-23,signup,5.99,5.99
7304,5508,2025-03-23,cancel,5.99,-5.99
7305,5510,2024-12-22,signup,5.99,5.99
7306,5510,2025-01-21,cancel,5.99,-5.99
7307,5511,2024-12-10,signup,5.99,5.99
7308,5512,2024-12-13,signup,5.99,5.99
7309,5513,2024-12-09,signup,5.99,5.99
7310,5514,2024-12-18,signup,5.99,5.99
7311,5515,2024-12-23,signup,5.99,5.99
7312,5516,2024-12-24,signup,5.99,5.99
7313,5517,2024-12-24,signup,5.99,5.99
7314,5518,2024-12-21,signup,5.99,5.99
7315,5519,2025-01-07,signup,5.99,5.99
7316,5521,2024-12-22,signup,5.99,5.99
7317,5522,2024-12-15,signup,5.99,5.99
7318,5523,2024-12-14,signup,5.99,5.99
7319,5523,2025-04-13,cancel,5.99,-5.99
7320,5524,2024-12-17,signup,5.99,5.99
7321,5525,2024-12-29,signup,5.99,5.99
7322,5526,2024-12-22,signup,5.99,5.99
7323,5526,2025-09-18,cancel,5.99,-5.99
7324,5527,2024-12-18,signup,5.99,5.99
7325,5528,2025-01-04,signup,5.99,5.99
7326,5528,2025-04-04,cancel,5.99,-5.99
7327,5529,2024-12-16,signup,5.99,5.99
7328,5529,2025-01-15,cancel,5.99,-5.99
7329,5530,2025-01-07,signup,5.99,5.99
7330,5531,2024-12-28,signup,5.99,5.99
7331,5532,2024-12-27,signup,5.99,5.99
7332,5533,2024-12-31,signup,5.99,5.99
7333,5534,2024-12-25,signup,5.99,5.99
7334,5534,2025-03-25,cancel,5.99,-5.99
7335,5535,2024-12-12,signup,5.99,5.99
7336,5536,2024-12-19,signup,5.99,5.99
7337,5536,2025-05-18,cancel,5.99,-5.99
7338,5538,2024-12-29,signup,5.99,5.99
7339,5540,2024-12-17,signup,5.99,5.99
7340,5540,2025-06-15,cancel,5.99,-5.99
7341,5541,2025-01-02,signup,5.99,5.99
7342,5541,2025-07-01,cancel,5.99,-5.99
7343,5542,2024-12-10,signup,5.99,5.99
7344,5542,2025-05-09,cancel,5.99,-5.99
7345,5543,2024-12-31,signup,5.99,5.99
7346,5544,2025-01-07,signup,5.99,5.99
7347,5544,2025-03-08,cancel,5.99,-5.99
7348,5545,2024-12-17,signup,5.99,5.99
7349,5546,2024-12-29,signup,5.99,5.99
7350,5547,2025-01-01,signup,5.99,5.99
7351,5547,2025-10-28,cancel,5.99,-5.99
7352,5548,2025-01-02,signup,5.99,5.99
7353,5549,2024-12-18,signup,5.99,5.99
7354,5549,2025-01-17,cancel,5.99,-5.99
7355,5550,2025-01-05,signup,5.99,5.99
7356,5550,2025-02-04,cancel,5.99,-5.99
7357,5551,2024-12-21,signup,5.99,5.99
7358,5551,2025-06-19,cancel,5.99,-5.99
7359,5552,2024-12-29,signup,5.99,5.99
7360,5553,2024-12-13,signup,5.99,5.99
7361,5554,2025-01-05,signup,5.99,5.99
7362,5554,2025-02-04,cancel,5.99,-5.99
7363,5555,2024-12-09,signup,5.99,5.99
7364,5555,2025-02-07,cancel,5.99,-5.99
7365,5556,2025-01-06,signup,5.99,5.99
7366,5556,2025-06-05,cancel,5.99,-5.99
7367,5557,2024-12-18,signup,5.99,5.99
7368,5558,2024-12-28,signup,5.99,5.99
7369,5558,2025-01-27,cancel,5.99,-5.99
7370,5559,2024-12-10,signup,5.99,5.99
7371,5559,2025-05-09,cancel,5.99,-5.99
7372,5560,2025-01-02,signup,5.99,5.99
7373,5561,2025-01-02,signup,5.99,5.99
7374,5561,2025-06-01,cancel,5.99,-5.99
7375,5562,2025-01-06,signup,5.99,5.99
7376,5562,2025-08-04,cancel,5.99,-5.99
7377,5563,2024-12-25,signup,5.99,5.99
7378,5563,2025-02-23,cancel,5.99,-5.99
7379,5564,2024-12-17,signup,5.99,5.99
7380,5565,2024-12-31,signup,5.99,5.99
7381,5566,2025-01-03,signup,5.99,5.99
7382,5567,2025-01-04,signup,5.99,5.99
7383,5568,2024-12-20,signup,5.99,5.99
7384,5568,2025-11-15,cancel,5.99,-5.99
7385,5569,2024-12-16,signup,5.99,5.99
7386,5570,2025-01-04,signup,5.99,5.99
7387,5571,2025-01-06,signup,5.99,5.99
7388,5571,2025-09-03,cancel,5.99,-5.99
7389,5573,2025-01-09,signup,5.99,5.99
7390,5574,2024-12-17,signup,5.99,5.99
7391,5575,2024-12-21,signup,5.99,5.99
7392,5576,2025-01-04,signup,5.99,5.99
7393,5576,2025-03-05,cancel,5.99,-5.99
7394,5577,2024-12-15,signup,5.99,5.99
7395,5577,2025-03-15,cancel,5.99,-5.99
7396,5578,2024-12-24,signup,5.99,5.99
7397,5579,2025-01-06,signup,5.99,5.99
7398,5580,2024-12-23,signup,5.99,5.99
7399,5581,2024-12-10,signup,5.99,5.99
7400,5582,2024-12-25,signup,5.99,5.99
7401,5583,2024-12-23,signup,5.99,5.99
7402,5583,2025-01-22,cancel,5.99,-5.99
7403,5585,2025-01-03,signup,5.99,5.99
7404,5585,2025-06-02,cancel,5.99,-5.99
7405,5586,2025-01-04,signup,5.99,5.99
7406,5586,2025-04-04,cancel,5.99,-5.99
7407,5587,2024-12-10,signup,5.99,5.99
7408,5588,2024-12-14,signup,5.99,5.99
7409,5589,2024-12-17,signup,5.99,5.99
7410,5589,2025-02-15,cancel,5.99,-5.99
7411,5590,2024-12-15,signup,5.99,5.99
7412,5591,2025-01-01,signup,5.99,5.99
7413,5591,2025-04-01,cancel,5.99,-5.99
7414,5592,2024-12-30,signup,5.99,5.99
7415,5593,2024-12-19,signup,5.99,5.99
7416,5594,2024-12-31,signup,5.99,5.99
7417,5594,2025-03-31,cancel,5.99,-5.99
7418,5595,2024-12-25,signup,5.99,5.99
7419,5595,2025-12-20,cancel,5.99,-5.99
7420,5596,2025-01-02,signup,5.99,5.99
7421,5596,2025-02-01,cancel,5.99,-5.99
7422,5597,2025-01-06,signup,5.99,5.99
7423,5598,2024-12-10,signup,5.99,5.99
7424,5598,2025-11-05,cancel,5.99,-5.99
7425,5599,2025-01-02,signup,5.99,5.99
7426,5600,2024-12-11,signup,5.99,5.99
7427,5601,2025-01-09,signup,5.99,5.99
7428,5602,2024-12-16,signup,5.99,5.99
7429,5603,2025-01-05,signup,5.99,5.99
7430,5603,2025-05-05,cancel,5.99,-5.99
7431,5604,2024-12-30,signup,5.99,5.99
7432,5605,2024-12-30,signup,5.99,5.99
7433,5605,2025-02-28,cancel,5.99,-5.99
7434,5606,2024-12-12,signup,5.99,5.99
7435,5607,2025-01-07,signup,5.99,5.99
7436,5607,2025-06-06,cancel,5.99,-5.99
7437,5608,2024-12-22,signup,5.99,5.99
7438,5609,2024-12-31,signup,5.99,5.99
7439,5610,2024-12-29,signup,5.99,5.99
7440,5610,2025-02-27,cancel,5.99,-5.99
7441,5612,2024-12-12,signup,5.99,5.99
7442,5613,2025-01-06,signup,5.99,5.99
7443,5614,2025-01-05,signup,5.99,5.99
7444,5615,2025-01-08,signup,5.99,5.99
7445,5615,2025-05-08,cancel,5.99,-5.99
7446,5616,2024-12-11,signup,5.99,5.99
7447,5617,2024-12-18,signup,5.99,5.99
7448,5618,2025-01-10,signup,5.99,5.99
7449,5619,2025-01-05,signup,5.99,5.99
7450,5620,2024-12-22,signup,5.99,5.99
7451,5622,2024-12-21,signup,5.99,5.99
7452,5622,2025-07-19,cancel,5.99,-5.99
7453,5623,2024-12-30,signup,5.99,5.99
7454,5624,2025-01-07,signup,5.99,5.99
7455,5624,2025-02-06,cancel,5.99,-5.99
7456,5625,2024-12-26,signup,5.99,5.99
7457,5626,2024-12-31,signup,5.99,5.99
7458,5626,2025-01-30,cancel,5.99,-5.99
7459,5627,2024-12-23,signup,5.99,5.99
7460,5627,2025-03-23,cancel,5.99,-5.99
7461,5628,2025-01-09,signup,5.99,5.99
7462,5629,2024-12-22,signup,5.99,5.99
7463,5630,2024-12-16,signup,5.99,5.99
7464,5631,2024-12-24,signup,5.99,5.99
7465,5631,2025-05-23,cancel,5.99,-5.99
7466,5632,2025-01-11,signup,5.99,5.99
7467,5633,2024-12-13,signup,5.99,5.99
7468,5634,2025-01-08,signup,5.99,5.99
7469,5635,2024-12-28,signup,5.99,5.99
7470,5636,2025-01-02,signup,5.99,5.99
7471,5637,2024-12-12,signup,5.99,5.99
7472,5638,2024-12-31,signup,5.99,5.99
7473,5638,2025-08-28,cancel,5.99,-5.99
7474,5639,2024-12-21,signup,5.99,5.99
7475,5640,2025-01-03,signup,5.99,5.99
7476,5641,2025-01-04,signup,5.99,5.99
7477,5641,2025-02-03,cancel,5.99,-5.99
7478,5642,2024-12-13,signup,5.99,5.99
7479,5642,2025-02-11,cancel,5.99,-5.99
7480,5643,2024-12-19,signup,5.99,5.99
7481,5644,2024-12-30,signup,5.99,5.99
7482,5645,2025-01-11,signup,5.99,5.99
7483,5646,2024-12-21,signup,5.99,5.99
7484,5647,2024-12-27,signup,5.99,5.99
7485,5648,2024-12-23,signup,5.99,5.99
7486,5649,2024-12-13,signup,5.99,5.99
7487,5649,2025-01-12,cancel,5.99,-5.99
7488,5650,2024-12-18,signup,5.99,5.99
7489,5650,2025-12-13,cancel,5.99,-5.99
7490,5651,2025-01-02,signup,5.99,5.99
7491,5652,2024-12-29,signup,5.99,5.99
7492,5653,2025-01-08,signup,5.99,5.99
7493,5654,2024-12-26,signup,5.99,5.99
7494,5655,2025-01-02,signup,5.99,5.99
7495,5656,2025-01-02,signup,5.99,5.99
7496,5657,2025-01-07,signup,5.99,5.99
7497,5658,2024-12-28,signup,5.99,5.99
7498,5658,2025-02-26,cancel,5.99,-5.99
7499,5659,2025-01-07,signup,5.99,5.99
7500,5659,2025-08-05,cancel,5.99,-5.99
7501,5660,2024-12-29,signup,5.99,5.99
7502,5660,2025-01-28,cancel,5.99,-5.99
7503,5661,2024-12-29,signup,5.99,5.99
7504,5662,2024-12-13,signup,5.99,5.99
7505,5662,2025-01-12,cancel,5.99,-5.99
7506,5663,2024-12-31,signup,5.99,5.99
7507,5663,2025-05-30,cancel,5.99,-5.99
7508,5664,2025-01-07,signup,5.99,5.99
7509,5665,2024-12-27,signup,5.99,5.99
7510,5666,2024-12-31,signup,5.99,5.99
7511,5667,2025-01-02,signup,5.99,5.99
7512,5668,2024-12-23,signup,5.99,5.99
7513,5668,2025-02-21,cancel,5.99,-5.99
7514,5669,2025-01-12,signup,5.99,5.99
7515,5670,2024-12-23,signup,5.99,5.99
7516,5670,2025-01-22,cancel,5.99,-5.99
7517,5672,2024-12-28,signup,5.99,5.99
7518,5672,2025-03-28,cancel,5.99,-5.99
7519,5673,2025-01-12,signup,5.99,5.99
7520,5674,2025-01-02,signup,5.99,5.99
7521,5675,2024-12-31,signup,5.99,5.99
7522,5676,2025-01-09,signup,5.99,5.99
7523,5676,2025-02-08,cancel,5.99,-5.99
7524,5677,2024-12-29,signup,5.99,5.99
7525,5677,2025-04-28,cancel,5.99,-5.99
7526,5678,2024-12-13,signup,5.99,5.99
7527,5679,2025-01-07,signup,5.99,5.99
7528,5680,2024-12-26,signup,5.99,5.99
7529,5681,2024-12-29,signup,5.99,5.99
7530,5682,2025-01-06,signup,5.99,5.99
7531,5683,2024-12-29,signup,5.99,5.99
7532,5683,2025-02-27,cancel,5.99,-5.99
7533,5684,2025-01-06,signup,5.99,5.99
7534,5685,2025-01-12,signup,5.99,5.99
7535,5686,2024-12-24,signup,5.99,5.99
7536,5687,2024-12-25,signup,5.99,5.99
7537,5687,2025-05-24,cancel,5.99,-5.99
7538,5688,2024-12-22,signup,5.99,5.99
7539,5689,2024-12-25,signup,5.99,5.99
7540,5689,2025-09-21,cancel,5.99,-5.99
7541,5691,2025-01-02,signup,5.99,5.99
7542,5692,2025-01-06,signup,5.99,5.99
7543,5693,2024-12-16,signup,5.99,5.99
7544,5694,2025-01-04,signup,5.99,5.99
7545,5695,2024-12-28,signup,5.99,5.99
7546,5695,2025-11-23,cancel,5.99,-5.99
7547,5696,2024-12-21,signup,5.99,5.99
7548,5697,2024-12-28,signup,5.99,5.99
7549,5697,2025-04-27,cancel,5.99,-5.99
7550,5698,2024-12-25,signup,5.99,5.99
7551,5698,2025-07-23,cancel,5.99,-5.99
7552,5699,2025-01-03,signup,5.99,5.99
7553,5700,2024-12-15,signup,5.99,5.99
7554,5700,2025-02-13,cancel,5.99,-5.99
7555,5701,2025-01-09,signup,5.99,5.99
7556,5702,2024-12-14,signup,5.99,5.99
7557,5702,2025-02-12,cancel,5.99,-5.99
7558,5703,2024-12-29,signup,5.99,5.99
7559,5704,2024-12-25,signup,5.99,5.99
7560,5704,2025-03-25,cancel,5.99,-5.99
7561,5705,2025-01-02,signup,5.99,5.99
7562,5705,2025-03-03,cancel,5.99,-5.99
7563,5706,2025-01-09,signup,5.99,5.99
7564,5707,2025-01-12,signup,5.99,5.99
7565,5707,2025-03-13,cancel,5.99,-5.99
7566,5708,2024-12-18,signup,5.99,5.99
7567,5709,2025-01-07,signup,5.99,5.99
7568,5710,2024-12-15,signup,5.99,5.99
7569,5711,2024-12-15,signup,5.99,5.99
7570,5712,2024-12-19,signup,5.99,5.99
7571,5712,2025-02-17,cancel,5.99,-5.99
7572,5713,2025-01-07,signup,5.99,5.99
7573,5714,2025-01-03,signup,5.99,5.99
7574,5714,2025-02-02,cancel,5.99,-5.99
7575,5715,2024-12-24,signup,5.99,5.99
7576,5717,2024-12-26,signup,5.99,5.99
7577,5717,2025-02-24,cancel,5.99,-5.99
7578,5718,2025-01-03,signup,5.99,5.99
7579,5720,2024-12-29,signup,5.99,5.99
7580,5721,2024-12-24,signup,5.99,5.99
7581,5721,2025-02-22,cancel,5.99,-5.99
7582,5722,2024-12-18,signup,5.99,5.99
7583,5723,2025-01-12,signup,5.99,5.99
7584,5723,2025-02-11,cancel,5.99,-5.99
7585,5724,2024-12-25,signup,5.99,5.99
7586,5725,2024-12-29,signup,5.99,5.99
7587,5725,2025-01-28,cancel,5.99,-5.99
7588,5726,2024-12-15,signup,5.99,5.99
7589,5726,2025-01-14,cancel,5.99,-5.99
7590,5727,2024-12-24,signup,5.99,5.99
7591,5727,2025-06-22,cancel,5.99,-5.99
7592,5728,2024-12-23,signup,5.99,5.99
7593,5728,2025-03-23,cancel,5.99,-5.99
7594,5729,2024-12-25,signup,5.99,5.99
7595,5730,2025-01-11,signup,5.99,5.99
7596,5730,2025-03-12,cancel,5.99,-5.99
7597,5731,2025-01-12,signup,5.99,5.99
7598,5732,2024-12-16,signup,5.99,5.99
7599,5733,2024-12-27,signup,5.99,5.99
7600,5733,2025-01-26,cancel,5.99,-5.99
7601,5734,2024-12-17,signup,5.99,5.99
7602,5735,2025-01-05,signup,5.99,5.99
7603,5736,2025-01-07,signup,5.99,5.99
7604,5736,2025-02-06,cancel,5.99,-5.99
7605,5737,2025-01-06,signup,5.99,5.99
7606,5738,2025-01-07,signup,5.99,5.99
7607,5739,2024-12-25,signup,5.99,5.99
7608,5739,2025-06-23,cancel,5.99,-5.99
7609,5740,2024-12-26,signup,5.99,5.99
7610,5740,2025-08-23,cancel,5.99,-5.99
7611,5741,2025-01-02,signup,5.99,5.99
7612,5742,2025-01-10,signup,5.99,5.99
7613,5742,2025-07-09,cancel,5.99,-5.99
7614,5743,2024-12-23,signup,5.99,5.99
7615,5743,2025-01-22,cancel,5.99,-5.99
7616,5745,2025-01-06,signup,5.99,5.99
7617,5746,2024-12-18,signup,5.99,5.99
7618,5746,2025-01-17,cancel,5.99,-5.99
7619,5747,2025-01-10,signup,5.99,5.99
7620,5748,2024-12-27,signup,5.99,5.99
7621,5750,2024-12-20,signup,5.99,5.99
7622,5751,2024-12-23,signup,5.99,5.99
7623,5753,2024-12-21,signup,5.99,5.99
7624,5753,2025-02-19,cancel,5.99,-5.99
7625,5754,2024-12-25,signup,5.99,5.99
7626,5754,2025-04-24,cancel,5.99,-5.99
7627,5755,2025-01-09,signup,5.99,5.99
7628,5755,2025-02-08,cancel,5.99,-5.99
7629,5757,2025-01-09,signup,5.99,5.99
7630,5758,2024-12-15,signup,5.99,5.99
7631,5759,2024-12-26,signup,5.99,5.99
7632,5759,2025-02-24,cancel,5.99,-5.99
7633,5760,2024-12-31,signup,5.99,5.99
7634,5761,2025-01-11,signup,5.99,5.99
7635,5761,2025-06-10,cancel,5.99,-5.99
7636,5762,2025-01-07,signup,5.99,5.99
7637,5762,2025-05-07,cancel,5.99,-5.99
7638,5764,2024-12-22,signup,5.99,5.99
7639,5765,2025-01-03,signup,5.99,5.99
7640,5766,2024-12-19,signup,5.99,5.99
7641,5766,2025-01-18,cancel,5.99,-5.99
7642,5767,2024-12-30,signup,5.99,5.99
7643,5768,2025-01-12,signup,5.99,5.99
7644,5768,2025-09-09,cancel,5.99,-5.99
7645,5769,2025-01-01,signup,5.99,5.99
7646,5770,2025-01-08,signup,5.99,5.99
7647,5771,2024-12-17,signup,5.99,5.99
7648,5771,2025-01-16,cancel,5.99,-5.99
7649,5772,2025-01-11,signup,5.99,5.99
7650,5772,2025-07-10,cancel,5.99,-5.99
7651,5773,2025-01-15,signup,5.99,5.99
7652,5774,2025-01-11,signup,5.99,5.99
7653,5775,2025-01-06,signup,5.99,5.99
7654,5776,2024-12-26,signup,5.99,5.99
7655,5777,2025-01-03,signup,5.99,5.99
7656,5777,2025-03-04,cancel,5.99,-5.99
7657,5778,2025-01-14,signup,5.99,5.99
7658,5779,2024-12-19,signup,5.99,5.99
7659,5779,2025-01-18,cancel,5.99,-5.99
7660,5781,2024-12-30,signup,5.99,5.99
7661,5781,2025-01-29,cancel,5.99,-5.99
7662,5782,2024-12-20,signup,5.99,5.99
7663,5783,2024-12-21,signup,5.99,5.99
7664,5783,2025-01-20,cancel,5.99,-5.99
7665,5784,2025-01-09,signup,5.99,5.99
7666,5785,2024-12-20,signup,5.99,5.99
7667,5786,2025-01-12,signup,5.99,5.99
7668,5786,2025-11-08,cancel,5.99,-5.99
7669,5787,2024-12-22,signup,5.99,5.99
7670,5787,2025-01-21,cancel,5.99,-5.99
7671,5788,2025-01-15,signup,5.99,5.99
7672,5789,2025-01-02,signup,5.99,5.99
7673,5789,2025-04-02,cancel,5.99,-5.99
7674,5790,2024-12-20,signup,5.99,5.99
7675,5791,2025-01-07,signup,5.99,5.99
7676,5792,2025-01-04,signup,5.99,5.99
7677,5793,2024-12-30,signup,5.99,5.99
7678,5794,2024-12-16,signup,5.99,5.99
7679,5795,2025-01-13,signup,5.99,5.99
7680,5796,2025-01-12,signup,5.99,5.99
7681,5796,2025-02-11,cancel,5.99,-5.99
7682,5797,2024-12-18,signup,5.99,5.99
7683,5798,2025-01-15,signup,5.99,5.99
7684,5799,2025-01-02,signup,5.99,5.99
7685,5800,2024-12-27,signup,5.99,5.99
7686,5800,2025-05-26,cancel,5.99,-5.99
7687,5801,2025-01-04,signup,5.99,5.99
7688,5802,2025-01-01,signup,5.99,5.99
7689,5803,2024-12-28,signup,5.99,5.99
7690,5803,2025-05-27,cancel,5.99,-5.99
7691,5804,2024-12-31,signup,5.99,5.99
7692,5805,2024-12-22,signup,5.99,5.99
7693,5805,2025-01-21,cancel,5.99,-5.99
7694,5806,2024-12-31,signup,5.99,5.99
7695,5806,2025-03-01,cancel,5.99,-5.99
7696,5807,2025-01-15,signup,5.99,5.99
7697,5807,2025-03-16,cancel,5.99,-5.99
7698,5808,2025-01-04,signup,5.99,5.99
7699,5808,2025-03-05,cancel,5.99,-5.99
7700,5809,2024-12-30,signup,5.99,5.99
7701,5810,2025-01-07,signup,5.99,5.99
7702,5811,2024-12-26,signup,5.99,5.99
7703,5812,2025-01-03,signup,5.99,5.99
7704,5813,2024-12-20,signup,5.99,5.99
7705,5814,2024-12-22,signup,5.99,5.99
7706,5814,2025-02-20,cancel,5.99,-5.99
7707,5815,2025-01-01,signup,5.99,5.99
7708,5815,2025-03-02,cancel,5.99,-5.99
7709,5816,2025-01-03,signup,5.99,5.99
7710,5817,2024-12-18,signup,5.99,5.99
7711,5817,2025-01-17,cancel,5.99,-5.99
7712,5818,2025-01-16,signup,5.99,5.99
7713,5819,2024-12-25,signup,5.99,5.99
7714,5820,2024-12-19,signup,5.99,5.99
7715,5820,2025-05-18,cancel,5.99,-5.99
7716,5821,2024-12-22,signup,5.99,5.99
7717,5821,2025-02-20,cancel,5.99,-5.99
7718,5822,2024-12-26,signup,5.99,5.99
7719,5822,2025-01-25,cancel,5.99,-5.99
7720,5823,2025-01-16,signup,5.99,5.99
7721,5823,2025-03-17,cancel,5.99,-5.99
7722,5824,2024-12-29,signup,5.99,5.99
7723,5824,2025-01-28,cancel,5.99,-5.99
7724,5825,2025-01-04,signup,5.99,5.99
7725,5826,2025-01-08,signup,5.99,5.99
7726,5826,2025-02-07,cancel,5.99,-5.99
7727,5827,2025-01-08,signup,5.99,5.99
7728,5827,2025-11-04,cancel,5.99,-5.99
7729,5828,2025-01-09,signup,5.99,5.99
7730,5828,2025-02-08,cancel,5.99,-5.99
7731,5829,2024-12-17,signup,5.99,5.99
7732,5829,2025-08-14,cancel,5.99,-5.99
7733,5830,2024-12-21,signup,5.99,5.99
7734,5830,2025-05-20,cancel,5.99,-5.99
7735,5831,2025-01-06,signup,5.99,5.99
7736,5831,2025-02-05,cancel,5.99,-5.99
7737,5833,2025-01-17,signup,5.99,5.99
7738,5834,2025-01-15,signup,5.99,5.99
7739,5835,2025-01-03,signup,5.99,5.99
7740,5835,2025-12-29,cancel,5.99,-5.99
7741,5836,2025-01-16,signup,5.99,5.99
7742,5837,2024-12-26,signup,5.99,5.99
7743,5838,2024-12-27,signup,5.99,5.99
7744,5839,2024-12-22,signup,5.99,5.99
7745,5839,2025-01-21,cancel,5.99,-5.99
7746,5840,2024-12-25,signup,5.99,5.99
7747,5841,2025-01-02,signup,5.99,5.99
7748,5842,2025-01-01,signup,5.99,5.99
7749,5843,2024-12-31,signup,5.99,5.99
7750,5844,2024-12-18,signup,5.99,5.99
7751,5844,2025-01-17,cancel,5.99,-5.99
7752,5845,2024-12-25,signup,5.99,5.99
7753,5845,2025-02-23,cancel,5.99,-5.99
7754,5846,2025-01-07,signup,5.99,5.99
7755,5847,2024-12-24,signup,5.99,5.99
7756,5848,2025-01-09,signup,5.99,5.99
7757,5849,2025-01-17,signup,5.99,5.99
7758,5850,2025-01-05,signup,5.99,5.99
7759,5850,2025-03-06,cancel,5.99,-5.99
7760,5851,2024-12-18,signup,5.99,5.99
7761,5852,2025-01-10,signup,5.99,5.99
7762,5853,2024-12-24,signup,5.99,5.99
7763,5854,2024-12-25,signup,5.99,5.99
7764,5854,2025-01-24,cancel,5.99,-5.99
7765,5855,2025-01-03,signup,5.99,5.99
7766,5855,2025-03-04,cancel,5.99,-5.99
7767,5856,2025-01-06,signup,5.99,5.99
7768,5856,2025-02-05,cancel,5.99,-5.99
7769,5857,2025-01-15,signup,5.99,5.99
7770,5858,2025-01-11,signup,5.99,5.99
7771,5858,2025-06-10,cancel,5.99,-5.99
7772,5859,2024-12-21,signup,5.99,5.99
7773,5860,2025-01-11,signup,5.99,5.99
7774,5861,2024-12-31,signup,5.99,5.99
7775,5862,2024-12-18,signup,5.99,5.99
7776,5862,2025-04-17,cancel,5.99,-5.99
7777,5863,2025-01-05,signup,5.99,5.99
7778,5865,2025-01-12,signup,5.99,5.99
7779,5866,2025-01-03,signup,5.99,5.99
7780,5867,2024-12-26,signup,5.99,5.99
7781,5867,2025-01-25,cancel,5.99,-5.99
7782,5868,2025-01-05,signup,5.99,5.99
7783,5870,2024-12-30,signup,5.99,5.99
7784,5870,2025-06-28,cancel,5.99,-5.99
7785,5872,2025-01-14,signup,5.99,5.99
7786,5873,2025-01-10,signup,5.99,5.99
7787,5873,2025-06-09,cancel,5.99,-5.99
7788,5875,2024-12-27,signup,5.99,5.99
7789,5875,2025-09-23,cancel,5.99,-5.99
7790,5876,2025-01-07,signup,5.99,5.99
7791,5877,2025-01-11,signup,5.99,5.99
7792,5877,2025-02-10,cancel,5.99,-5.99
7793,5878,2024-12-30,signup,5.99,5.99
7794,5878,2025-01-29,cancel,5.99,-5.99
7795,5879,2024-12-25,signup,5.99,5.99
7796,5880,2025-01-08,signup,5.99,5.99
7797,5882,2025-01-16,signup,5.99,5.99
7798,5882,2025-02-15,cancel,5.99,-5.99
7799,5883,2024-12-30,signup,5.99,5.99
7800,5885,2025-01-02,signup,5.99,5.99
7801,5886,2024-12-20,signup,5.99,5.99
7802,5886,2025-01-19,cancel,5.99,-5.99
7803,5887,2025-01-02,signup,5.99,5.99
7804,5887,2025-08-30,cancel,5.99,-5.99
7805,5888,2024-12-25,signup,5.99,5.99
7806,5889,2025-01-15,signup,5.99,5.99
7807,5890,2025-01-05,signup,5.99,5.99
7808,5891,2024-12-20,signup,5.99,5.99
7809,5892,2025-01-01,signup,5.99,5.99
7810,5893,2025-01-07,signup,5.99,5.99
7811,5894,2025-01-05,signup,5.99,5.99
7812,5895,2025-01-02,signup,5.99,5.99
7813,5895,2025-11-28,cancel,5.99,-5.99
7814,5896,2025-01-01,signup,5.99,5.99
7815,5897,2024-12-27,signup,5.99,5.99
7816,5897,2025-05-26,cancel,5.99,-5.99
7817,5898,2025-01-06,signup,5.99,5.99
7818,5898,2025-04-06,cancel,5.99,-5.99
7819,5899,2024-12-20,signup,5.99,5.99
7820,5900,2025-01-08,signup,5.99,5.99
7821,5901,2025-01-02,signup,5.99,5.99
7822,5902,2025-01-12,signup,5.99,5.99
7823,5903,2025-01-19,signup,5.99,5.99
7824,5903,2025-04-19,cancel,5.99,-5.99
7825,5904,2024-12-20,signup,5.99,5.99
7826,5905,2025-01-19,signup,5.99,5.99
7827,5906,2024-12-22,signup,5.99,5.99
7828,5906,2025-02-20,cancel,5.99,-5.99
7829,5907,2025-01-01,signup,5.99,5.99
7830,5908,2025-01-11,signup,5.99,5.99
7831,5909,2025-01-11,signup,5.99,5.99
7832,5909,2025-06-10,cancel,5.99,-5.99
7833,5910,2024-12-22,signup,5.99,5.99
7834,5910,2025-02-20,cancel,5.99,-5.99
7835,5911,2025-01-06,signup,5.99,5.99
7836,5912,2025-01-15,signup,5.99,5.99
7837,5913,2025-01-02,signup,5.99,5.99
7838,5914,2025-01-18,signup,5.99,5.99
7839,5914,2025-05-18,cancel,5.99,-5.99
7840,5915,2025-01-03,signup,5.99,5.99
7841,5918,2025-01-10,signup,5.99,5.99
7842,5918,2025-06-09,cancel,5.99,-5.99
7843,5919,2024-12-28,signup,5.99,5.99
7844,5920,2025-01-15,signup,5.99,5.99
7845,5920,2025-11-11,cancel,5.99,-5.99
7846,5921,2024-12-28,signup,5.99,5.99
7847,5922,2024-12-22,signup,5.99,5.99
7848,5922,2025-04-21,cancel,5.99,-5.99
7849,5923,2024-12-25,signup,5.99,5.99
7850,5923,2025-12-20,cancel,5.99,-5.99
7851,5924,2024-12-20,signup,5.99,5.99
7852,5925,2025-01-10,signup,5.99,5.99
7853,5925,2025-07-09,cancel,5.99,-5.99
7854,5926,2024-12-22,signup,5.99,5.99
7855,5927,2025-01-04,signup,5.99,5.99
7856,5928,2025-01-10,signup,5.99,5.99
7857,5928,2025-05-10,cancel,5.99,-5.99
7858,5929,2024-12-22,signup,5.99,5.99
7859,5929,2025-03-22,cancel,5.99,-5.99
7860,5930,2024-12-21,signup,5.99,5.99
7861,5931,2025-01-06,signup,5.99,5.99
7862,5931,2025-03-07,cancel,5.99,-5.99
7863,5932,2024-12-30,signup,5.99,5.99
7864,5933,2025-01-03,signup,5.99,5.99
7865,5933,2025-04-03,cancel,5.99,-5.99
7866,5934,2025-01-04,signup,5.99,5.99
7867,5934,2025-03-05,cancel,5.99,-5.99
7868,5935,2025-01-07,signup,5.99,5.99
7869,5936,2025-01-09,signup,5.99,5.99
7870,5936,2025-02-08,cancel,5.99,-5.99
7871,5937,2024-12-21,signup,5.99,5.99
7872,5938,2024-12-22,signup,5.99,5.99
7873,5938,2025-05-21,cancel,5.99,-5.99
7874,5939,2025-01-14,signup,5.99,5.99
7875,5939,2025-03-15,cancel,5.99,-5.99
7876,5940,2025-01-20,signup,5.99,5.99
7877,5941,2025-01-16,signup,5.99,5.99
7878,5941,2025-06-15,cancel,5.99,-5.99
7879,5942,2025-01-09,signup,5.99,5.99
7880,5944,2025-01-08,signup,5.99,5.99
7881,5945,2024-12-24,signup,5.99,5.99
7882,5945,2025-02-22,cancel,5.99,-5.99
7883,5947,2025-01-08,signup,5.99,5.99
7884,5948,2025-01-04,signup,5.99,5.99
7885,5948,2025-03-05,cancel,5.99,-5.99
7886,5949,2025-01-10,signup,5.99,5.99
7887,5949,2025-05-10,cancel,5.99,-5.99
7888,5950,2025-01-09,signup,5.99,5.99
7889,5951,2025-01-09,signup,5.99,5.99
7890,5952,2025-01-09,signup,5.99,5.99
7891,5953,2025-01-13,signup,5.99,5.99
7892,5953,2025-02-12,cancel,5.99,-5.99
7893,5954,2024-12-30,signup,5.99,5.99
7894,5955,2025-01-17,signup,5.99,5.99
7895,5956,2025-01-19,signup,5.99,5.99
7896,5957,2025-01-12,signup,5.99,5.99
7897,5957,2025-03-13,cancel,5.99,-5.99
7898,5958,2025-01-02,signup,5.99,5.99
7899,5959,2025-01-17,signup,5.99,5.99
7900,5959,2025-03-18,cancel,5.99,-5.99
7901,5960,2025-01-14,signup,5.99,5.99
7902,5960,2025-02-13,cancel,5.99,-5.99
7903,5962,2024-12-25,signup,5.99,5.99
7904,5963,2025-01-15,signup,5.99,5.99
7905,5963,2025-05-15,cancel,5.99,-5.99
7906,5964,2024-12-31,signup,5.99,5.99
7907,5964,2025-01-30,cancel,5.99,-5.99
7908,5967,2025-01-18,signup,5.99,5.99
7909,5968,2025-01-06,signup,5.99,5.99
7910,5969,2025-01-06,signup,5.99,5.99
7911,5970,2024-12-28,signup,5.99,5.99
7912,5971,2024-12-29,signup,5.99,5.99
7913,5972,2025-01-01,signup,5.99,5.99
7914,5974,2024-12-31,signup,5.99,5.99
7915,5975,2025-01-16,signup,5.99,5.99
7916,5976,2025-01-09,signup,5.99,5.99
7917,5977,2025-01-15,signup,5.99,5.99
7918,5978,2025-01-03,signup,5.99,5.99
7919,5978,2025-11-29,cancel,5.99,-5.99
7920,5979,2025-01-07,signup,5.99,5.99
7921,5979,2025-04-07,cancel,5.99,-5.99
7922,5980,2025-01-19,signup,5.99,5.99
7923,5981,2025-01-07,signup,5.99,5.99
7924,5981,2025-11-03,cancel,5.99,-5.99
7925,5983,2025-01-02,signup,5.99,5.99
7926,5983,2025-06-01,cancel,5.99,-5.99
7927,5984,2025-01-14,signup,5.99,5.99
7928,5985,2025-01-02,signup,5.99,5.99
7929,5986,2025-01-21,signup,5.99,5.99
7930,5986,2025-03-22,cancel,5.99,-5.99
7931,5987,2025-01-11,signup,5.99,5.99
7932,5989,2025-01-18,signup,5.99,5.99
7933,5989,2025-03-19,cancel,5.99,-5.99
7934,5990,2024-12-27,signup,5.99,5.99
7935,5991,2024-12-25,signup,5.99,5.99
7936,5992,2024-12-24,signup,5.99,5.99
7937,5992,2025-03-24,cancel,5.99,-5.99
7938,5993,2025-01-20,signup,5.99,5.99
7939,5993,2025-04-20,cancel,5.99,-5.99
7940,5994,2025-01-10,signup,5.99,5.99
7941,5995,2025-01-07,signup,5.99,5.99
7942,5995,2025-02-06,cancel,5.99,-5.99
7943,5997,2024-12-23,signup,5.99,5.99
7944,5998,2025-01-05,signup,5.99,5.99
7945,5999,2025-01-19,signup,5.99,5.99
7946,5999,2025-04-19,cancel,5.99,-5.99
7947,6000,2024-12-29,signup,5.99,5.99
7948,6001,2024-12-26,signup,5.99,5.99
7949,6001,2025-04-25,cancel,5.99,-5.99
7950,6002,2025-01-13,signup,5.99,5.99
7951,6003,2024-12-26,signup,5.99,5.99
7952,6003,2025-01-25,cancel,5.99,-5.99
7953,6004,2025-01-05,signup,5.99,5.99
7954,6005,2025-01-11,signup,5.99,5.99
7955,6005,2025-05-11,cancel,5.99,-5.99
7956,6006,2024-12-31,signup,5.99,5.99
7957,6007,2025-01-04,signup,5.99,5.99
7958,6007,2025-02-03,cancel,5.99,-5.99
7959,6009,2025-01-03,signup,5.99,5.99
7960,6009,2025-10-30,cancel,5.99,-5.99
7961,6010,2025-01-17,signup,5.99,5.99
7962,6011,2025-01-21,signup,5.99,5.99
7963,6012,2025-01-16,signup,5.99,5.99
7964,6012,2025-02-15,cancel,5.99,-5.99
7965,6013,2025-01-06,signup,5.99,5.99
7966,6014,2024-12-28,signup,5.99,5.99
7967,6014,2025-01-27,cancel,5.99,-5.99
7968,6015,2025-01-07,signup,5.99,5.99
7969,6016,2025-01-01,signup,5.99,5.99
7970,6016,2025-01-31,cancel,5.99,-5.99
7971,6017,2024-12-30,signup,5.99,5.99
7972,6018,2025-01-20,signup,5.99,5.99
7973,6019,2025-01-13,signup,5.99,5.99
7974,6020,2025-01-09,signup,5.99,5.99
7975,6020,2025-02-08,cancel,5.99,-5.99
7976,6021,2024-12-23,signup,5.99,5.99
7977,6022,2025-01-09,signup,5.99,5.99
7978,6022,2025-05-09,cancel,5.99,-5.99
7979,6023,2025-01-23,signup,5.99,5.99
7980,6024,2025-01-22,signup,5.99,5.99
7981,6025,2024-12-25,signup,5.99,5.99
7982,6027,2024-12-24,signup,5.99,5.99
7983,6028,2025-01-01,signup,5.99,5.99
7984,6029,2025-01-19,signup,5.99,5.99
7985,6030,2025-01-03,signup,5.99,5.99
7986,6031,2025-01-17,signup,5.99,5.99
7987,6032,2024-12-29,signup,5.99,5.99
7988,6032,2025-01-28,cancel,5.99,-5.99
7989,6034,2025-01-11,signup,5.99,5.99
7990,6034,2025-04-11,cancel,5.99,-5.99
7991,6035,2025-01-17,signup,5.99,5.99
7992,6035,2025-02-16,cancel,5.99,-5.99
7993,6036,2025-01-12,signup,5.99,5.99
7994,6036,2025-03-13,cancel,5.99,-5.99
7995,6037,2025-01-01,signup,5.99,5.99
7996,6038,2024-12-31,signup,5.99,5.99
7997,6038,2025-08-28,cancel,5.99,-5.99
7998,6039,2025-01-19,signup,5.99,5.99
7999,6040,2025-01-14,signup,5.99,5.99
8000,6040,2025-03-15,cancel,5.99,-5.99
8001,6041,2025-01-05,signup,5.99,5.99
8002,6041,2025-02-04,cancel,5.99,-5.99
8003,6042,2024-12-25,signup,5.99,5.99
8004,6042,2025-01-24,cancel,5.99,-5.99
8005,6044,2024-12-27,signup,5.99,5.99
8006,6045,2025-01-02,signup,5.99,5.99
8007,6045,2025-03-03,cancel,5.99,-5.99
8008,6046,2025-01-13,signup,5.99,5.99
8009,6046,2025-06-12,cancel,5.99,-5.99
8010,6047,2025-01-11,signup,5.99,5.99
8011,6047,2025-02-10,cancel,5.99,-5.99
8012,6048,2025-01-02,signup,5.99,5.99
8013,6049,2025-01-23,signup,5.99,5.99
8014,6049,2025-04-23,cancel,5.99,-5.99
8015,6051,2025-01-02,signup,5.99,5.99
8016,6052,2025-01-18,signup,5.99,5.99
8017,6053,2025-01-15,signup,5.99,5.99
8018,6054,2024-12-28,signup,5.99,5.99
8019,6054,2025-01-27,cancel,5.99,-5.99
8020,6055,2025-01-04,signup,5.99,5.99
8021,6055,2025-02-03,cancel,5.99,-5.99
8022,6056,2025-01-15,signup,5.99,5.99
8023,6057,2024-12-28,signup,5.99,5.99
8024,6058,2025-01-07,signup,5.99,5.99
8025,6059,2025-01-11,signup,5.99,5.99
8026,6059,2025-04-11,cancel,5.99,-5.99
8027,6060,2024-12-29,signup,5.99,5.99
8028,6060,2025-01-28,cancel,5.99,-5.99
8029,6061,2025-01-10,signup,5.99,5.99
8030,6062,2025-01-18,signup,5.99,5.99
8031,6062,2025-03-19,cancel,5.99,-5.99
8032,6063,2025-01-21,signup,5.99,5.99
8033,6063,2025-05-21,cancel,5.99,-5.99
8034,6065,2025-01-15,signup,5.99,5.99
8035,6065,2025-02-14,cancel,5.99,-5.99
8036,6066,2025-01-14,signup,5.99,5.99
8037,6067,2025-01-01,signup,5.99,5.99
8038,6068,2025-01-06,signup,5.99,5.99
8039,6069,2025-01-18,signup,5.99,5.99
8040,6069,2025-06-17,cancel,5.99,-5.99
8041,6070,2025-01-01,signup,5.99,5.99
8042,6071,2024-12-26,signup,5.99,5.99
8043,6071,2025-11-21,cancel,5.99,-5.99
8044,6072,2025-01-20,signup,5.99,5.99
8045,6072,2025-04-20,cancel,5.99,-5.99
8046,6073,2025-01-01,signup,5.99,5.99
8047,6074,2025-01-02,signup,5.99,5.99
8048,6075,2025-01-12,signup,5.99,5.99
8049,6077,2025-01-06,signup,5.99,5.99
8050,6077,2025-08-04,cancel,5.99,-5.99
8051,6078,2025-01-17,signup,5.99,5.99
8052,6078,2025-06-16,cancel,5.99,-5.99
8053,6079,2025-01-04,signup,5.99,5.99
8054,6079,2025-03-05,cancel,5.99,-5.99
8055,6080,2024-12-29,signup,5.99,5.99
8056,6081,2025-01-03,signup,5.99,5.99
8057,6082,2025-01-20,signup,5.99,5.99
8058,6083,2025-01-01,signup,5.99,5.99
8059,6083,2025-04-01,cancel,5.99,-5.99
8060,6084,2025-01-13,signup,5.99,5.99
8061,6085,2025-01-13,signup,5.99,5.99
8062,6086,2025-01-24,signup,5.99,5.99
8063,6086,2025-11-20,cancel,5.99,-5.99
8064,6087,2025-01-13,signup,5.99,5.99
8065,6088,2025-01-02,signup,5.99,5.99
8066,6089,2024-12-29,signup,5.99,5.99
8067,6089,2025-01-28,cancel,5.99,-5.99
8068,6091,2025-01-19,signup,5.99,5.99
8069,6092,2024-12-27,signup,5.99,5.99
8070,6093,2025-01-04,signup,5.99,5.99
8071,6093,2025-04-04,cancel,5.99,-5.99
8072,6094,2025-01-23,signup,5.99,5.99
8073,6095,2025-01-13,signup,5.99,5.99
8074,6096,2025-01-08,signup,5.99,5.99
8075,6096,2025-12-04,cancel,5.99,-5.99
8076,6097,2025-01-03,signup,5.99,5.99
8077,6097,2025-03-04,cancel,5.99,-5.99
8078,6098,2025-01-12,signup,5.99,5.99
8079,6099,2025-01-01,signup,5.99,5.99
8080,6100,2025-01-03,signup,5.99,5.99
8081,6100,2025-02-02,cancel,5.99,-5.99
8082,6102,2025-01-20,signup,5.99,5.99
8083,6102,2025-07-19,cancel,5.99,-5.99
8084,6103,2024-12-31,signup,5.99,5.99
8085,6104,2024-12-30,signup,5.99,5.99
8086,6104,2025-10-26,cancel,5.99,-5.99
8087,6105,2025-01-07,signup,5.99,5.99
8088,6105,2025-03-08,cancel,5.99,-5.99
8089,6106,2024-12-31,signup,5.99,5.99
8090,6106,2025-03-31,cancel,5.99,-5.99
8091,6107,2025-01-08,signup,5.99,5.99
8092,6107,2025-04-08,cancel,5.99,-5.99
8093,6108,2025-01-05,signup,5.99,5.99
8094,6108,2025-03-06,cancel,5.99,-5.99
8095,6109,2025-01-13,signup,5.99,5.99
8096,6109,2025-02-12,cancel,5.99,-5.99
8097,6110,2025-01-16,signup,5.99,5.99
8098,6110,2025-02-15,cancel,5.99,-5.99
8099,6111,2025-01-10,signup,5.99,5.99
8100,6112,2025-01-02,signup,5.99,5.99
8101,6112,2025-05-02,cancel,5.99,-5.99
8102,6113,2025-01-11,signup,5.99,5.99
8103,6115,2025-01-14,signup,5.99,5.99
8104,6116,2025-01-20,signup,5.99,5.99
8105,6117,2025-01-01,signup,5.99,5.99
8106,6118,2025-01-09,signup,5.99,5.99
8107,6119,2025-01-05,signup,5.99,5.99
8108,6120,2025-01-12,signup,5.99,5.99
8109,6121,2025-01-20,signup,5.99,5.99
8110,6121,2025-02-19,cancel,5.99,-5.99
8111,6122,2025-01-23,signup,5.99,5.99
8112,6123,2025-01-15,signup,5.99,5.99
8113,6124,2024-12-26,signup,5.99,5.99
8114,6126,2025-01-17,signup,5.99,5.99
8115,6127,2025-01-25,signup,5.99,5.99
8116,6129,2025-01-06,signup,5.99,5.99
8117,6130,2025-01-05,signup,5.99,5.99
8118,6130,2025-03-06,cancel,5.99,-5.99
8119,6131,2025-01-14,signup,5.99,5.99
8120,6131,2025-03-15,cancel,5.99,-5.99
8121,6132,2025-01-02,signup,5.99,5.99
8122,6134,2025-01-14,signup,5.99,5.99
8123,6135,2025-01-23,signup,5.99,5.99
8124,6136,2025-01-11,signup,5.99,5.99
8125,6137,2025-01-10,signup,5.99,5.99
8126,6137,2025-08-08,cancel,5.99,-5.99
8127,6138,2025-01-16,signup,5.99,5.99
8128,6139,2025-01-07,signup,5.99,5.99
8129,6139,2025-06-06,cancel,5.99,-5.99
8130,6140,2025-01-02,signup,5.99,5.99
8131,6140,2025-04-02,cancel,5.99,-5.99
8132,6142,2025-01-22,signup,5.99,5.99
8133,6143,2025-01-16,signup,5.99,5.99
8134,6144,2025-01-09,signup,5.99,5.99
8135,6144,2025-09-06,cancel,5.99,-5.99
8136,6145,2025-01-11,signup,5.99,5.99
8137,6146,2025-01-07,signup,5.99,5.99
8138,6147,2025-01-20,signup,5.99,5.99
8139,6148,2025-01-26,signup,5.99,5.99
8140,6149,2025-01-14,signup,5.99,5.99
8141,6150,2025-01-03,signup,5.99,5.99
8142,6151,2025-01-24,signup,5.99,5.99
8143,6152,2024-12-28,signup,5.99,5.99
8144,6153,2024-12-27,signup,5.99,5.99
8145,6153,2025-02-25,cancel,5.99,-5.99
8146,6154,2024-12-30,signup,5.99,5.99
8147,6154,2025-02-28,cancel,5.99,-5.99
8148,6156,2025-01-10,signup,5.99,5.99
8149,6157,2025-01-13,signup,5.99,5.99
8150,6157,2025-02-12,cancel,5.99,-5.99
8151,6159,2024-12-31,signup,5.99,5.99
8152,6160,2025-01-26,signup,5.99,5.99
8153,6161,2025-01-23,signup,5.99,5.99
8154,6161,2025-05-23,cancel,5.99,-5.99
8155,6162,2025-01-02,signup,5.99,5.99
8156,6163,2024-12-27,signup,5.99,5.99
8157,6164,2025-01-02,signup,5.99,5.99
8158,6165,2025-01-01,signup,5.99,5.99
8159,6166,2025-01-11,signup,5.99,5.99
8160,6166,2025-02-10,cancel,5.99,-5.99
8161,6167,2025-01-18,signup,5.99,5.99
8162,6168,2025-01-16,signup,5.99,5.99
8163,6168,2025-02-15,cancel,5.99,-5.99
8164,6169,2025-01-25,signup,5.99,5.99
8165,6171,2025-01-17,signup,5.99,5.99
8166,6171,2025-03-18,cancel,5.99,-5.99
8167,6173,2025-01-12,signup,5.99,5.99
8168,6173,2025-05-12,cancel,5.99,-5.99
8169,6174,2025-01-24,signup,5.99,5.99
8170,6175,2025-01-24,signup,5.99,5.99
8171,6176,2025-01-16,signup,5.99,5.99
8172,6176,2025-02-15,cancel,5.99,-5.99
8173,6177,2025-01-22,signup,5.99,5.99
8174,6177,2025-06-21,cancel,5.99,-5.99
8175,6178,2025-01-06,signup,5.99,5.99
8176,6179,2025-01-15,signup,5.99,5.99
8177,6179,2025-02-14,cancel,5.99,-5.99
8178,6180,2025-01-25,signup,5.99,5.99
8179,6181,2025-01-04,signup,5.99,5.99
8180,6182,2025-01-03,signup,5.99,5.99
8181,6183,2025-01-10,signup,5.99,5.99
8182,6184,2025-01-23,signup,5.99,5.99
8183,6184,2025-02-22,cancel,5.99,-5.99
8184,6185,2025-01-06,signup,5.99,5.99
8185,6185,2025-12-02,cancel,5.99,-5.99
8186,6186,2025-01-16,signup,5.99,5.99
8187,6187,2025-01-20,signup,5.99,5.99
8188,6188,2025-01-10,signup,5.99,5.99
8189,6189,2025-01-21,signup,5.99,5.99
8190,6189,2025-02-20,cancel,5.99,-5.99
8191,6191,2024-12-31,signup,5.99,5.99
8192,6192,2025-01-07,signup,5.99,5.99
8193,6192,2025-03-08,cancel,5.99,-5.99
8194,6193,2024-12-31,signup,5.99,5.99
8195,6193,2025-01-30,cancel,5.99,-5.99
8196,6194,2025-01-14,signup,5.99,5.99
8197,6195,2025-01-24,signup,5.99,5.99
8198,6196,2024-12-30,signup,5.99,5.99
8199,6196,2025-01-29,cancel,5.99,-5.99
8200,6197,2025-01-01,signup,5.99,5.99
8201,6198,2025-01-02,signup,5.99,5.99
8202,6199,2024-12-29,signup,5.99,5.99
8203,6201,2025-01-13,signup,5.99,5.99
8204,6201,2025-02-12,cancel,5.99,-5.99
8205,6202,2025-01-23,signup,5.99,5.99
8206,6203,2025-01-12,signup,5.99,5.99
8207,6203,2025-04-12,cancel,5.99,-5.99
8208,6204,2025-01-21,signup,5.99,5.99
8209,6204,2025-07-20,cancel,5.99,-5.99
8210,6205,2024-12-31,signup,5.99,5.99
8211,6206,2025-01-24,signup,5.99,5.99
8212,6206,2025-07-23,cancel,5.99,-5.99
8213,6207,2025-01-06,signup,5.99,5.99
8214,6209,2025-01-05,signup,5.99,5.99
8215,6210,2025-01-12,signup,5.99,5.99
8216,6212,2025-01-16,signup,5.99,5.99
8217,6213,2025-01-09,signup,5.99,5.99
8218,6214,2025-01-12,signup,5.99,5.99
8219,6215,2025-01-08,signup,5.99,5.99
8220,6216,2025-01-18,signup,5.99,5.99
8221,6217,2025-01-09,signup,5.99,5.99
8222,6218,2025-01-22,signup,5.99,5.99
8223,6219,2025-01-15,signup,5.99,5.99
8224,6219,2025-02-14,cancel,5.99,-5.99
8225,6220,2025-01-25,signup,5.99,5.99
8226,6222,2025-01-04,signup,5.99,5.99
8227,6222,2025-07-03,cancel,5.99,-5.99
8228,6223,2025-01-02,signup,5.99,5.99
8229,6224,2025-01-03,signup,5.99,5.99
8230,6225,2025-01-15,signup,5.99,5.99
8231,6225,2025-03-16,cancel,5.99,-5.99
8232,6227,2025-01-02,signup,5.99,5.99
8233,6227,2025-07-01,cancel,5.99,-5.99
8234,6228,2025-01-16,signup,5.99,5.99
8235,6229,2025-01-06,signup,5.99,5.99
8236,6229,2025-03-07,cancel,5.99,-5.99
8237,6230,2025-01-01,signup,5.99,5.99
8238,6231,2025-01-16,signup,5.99,5.99
8239,6232,2025-01-01,signup,5.99,5.99
8240,6233,2025-01-23,signup,5.99,5.99
8241,6234,2025-01-19,signup,5.99,5.99
8242,6235,2025-01-15,signup,5.99,5.99
8243,6236,2024-12-29,signup,5.99,5.99
8244,6237,2025-01-24,signup,5.99,5.99
8245,6238,2025-01-05,signup,5.99,5.99
8246,6239,2025-01-26,signup,5.99,5.99
8247,6239,2025-02-25,cancel,5.99,-5.99
8248,6240,2025-01-14,signup,5.99,5.99
8249,6241,2025-01-06,signup,5.99,5.99
8250,6241,2025-05-06,cancel,5.99,-5.99
8251,6242,2025-01-14,signup,5.99,5.99
8252,6243,2025-01-16,signup,5.99,5.99
8253,6244,2025-01-12,signup,5.99,5.99
8254,6245,2025-01-17,signup,5.99,5.99
8255,6246,2025-01-05,signup,5.99,5.99
8256,6247,2025-01-14,signup,5.99,5.99
8257,6247,2025-02-13,cancel,5.99,-5.99
8258,6248,2025-01-01,signup,5.99,5.99
8259,6249,2025-01-09,signup,5.99,5.99
8260,6249,2025-03-10,cancel,5.99,-5.99
8261,6250,2025-01-07,signup,5.99,5.99
8262,6250,2025-04-07,cancel,5.99,-5.99
8263,6251,2025-01-02,signup,5.99,5.99
8264,6253,2025-01-04,signup,5.99,5.99
8265,6254,2025-01-15,signup,5.99,5.99
8266,6255,2025-01-05,signup,5.99,5.99
8267,6255,2025-07-04,cancel,5.99,-5.99
8268,6256,2025-01-12,signup,5.99,5.99
8269,6256,2025-02-11,cancel,5.99,-5.99
8270,6257,2025-01-26,signup,5.99,5.99
8271,6257,2025-03-27,cancel,5.99,-5.99
8272,6258,2025-01-27,signup,5.99,5.99
8273,6259,2025-01-07,signup,5.99,5.99
8274,6260,2025-01-06,signup,5.99,5.99
8275,6261,2025-01-08,signup,5.99,5.99
8276,6261,2025-03-09,cancel,5.99,-5.99
8277,6262,2025-01-17,signup,5.99,5.99
8278,6263,2025-01-15,signup,5.99,5.99
8279,6264,2025-01-11,signup,5.99,5.99
8280,6266,2025-01-06,signup,5.99,5.99
8281,6266,2025-03-07,cancel,5.99,-5.99
8282,6267,2025-01-23,signup,5.99,5.99
8283,6269,2025-01-08,signup,5.99,5.99
8284,6270,2025-01-15,signup,5.99,5.99
8285,6272,2025-01-12,signup,5.99,5.99
8286,6273,2025-01-02,signup,5.99,5.99
8287,6273,2025-04-02,cancel,5.99,-5.99
8288,6274,2025-01-03,signup,5.99,5.99
8289,6275,2025-01-20,signup,5.99,5.99
8290,6276,2025-01-01,signup,5.99,5.99
8291,6277,2025-01-21,signup,5.99,5.99
8292,6277,2025-03-22,cancel,5.99,-5.99
8293,6278,2025-01-21,signup,5.99,5.99
8294,6278,2025-09-18,cancel,5.99,-5.99
8295,6279,2025-01-02,signup,5.99,5.99
8296,6279,2025-07-01,cancel,5.99,-5.99
8297,6280,2025-01-17,signup,5.99,5.99
8298,6281,2025-01-30,signup,5.99,5.99
8299,6282,2025-01-13,signup,5.99,5.99
8300,6283,2025-01-17,signup,5.99,5.99
8301,6284,2025-01-07,signup,5.99,5.99
8302,6284,2025-11-03,cancel,5.99,-5.99
8303,6285,2025-01-30,signup,5.99,5.99
8304,6286,2025-01-09,signup,5.99,5.99
8305,6286,2025-02-08,cancel,5.99,-5.99
8306,6287,2025-01-21,signup,5.99,5.99
8307,6287,2025-05-21,cancel,5.99,-5.99
8308,6288,2025-01-11,signup,5.99,5.99
8309,6289,2025-01-29,signup,5.99,5.99
8310,6289,2025-04-29,cancel,5.99,-5.99
8311,6290,2025-01-21,signup,5.99,5.99
8312,6290,2025-05-21,cancel,5.99,-5.99
8313,6291,2025-01-25,signup,5.99,5.99
8314,6291,2025-04-25,cancel,5.99,-5.99
8315,6292,2025-01-03,signup,5.99,5.99
8316,6293,2025-01-13,signup,5.99,5.99
8317,6293,2025-04-13,cancel,5.99,-5.99
8318,6294,2025-01-02,signup,5.99,5.99
8319,6294,2025-06-01,cancel,5.99,-5.99
8320,6295,2025-01-29,signup,5.99,5.99
8321,6295,2025-03-30,cancel,5.99,-5.99
8322,6296,2025-01-19,signup,5.99,5.99
8323,6297,2025-01-27,signup,5.99,5.99
8324,6298,2025-01-22,signup,5.99,5.99
8325,6298,2025-03-23,cancel,5.99,-5.99
8326,6299,2025-01-23,signup,5.99,5.99
8327,6300,2025-01-25,signup,5.99,5.99
8328,6301,2025-01-13,signup,5.99,5.99
8329,6302,2025-01-08,signup,5.99,5.99
8330,6302,2025-05-08,cancel,5.99,-5.99
8331,6303,2025-01-28,signup,5.99,5.99
8332,6303,2025-02-27,cancel,5.99,-5.99
8333,6304,2025-01-29,signup,5.99,5.99
8334,6305,2025-01-28,signup,5.99,5.99
8335,6306,2025-01-27,signup,5.99,5.99
8336,6307,2025-01-30,signup,5.99,5.99
8337,6308,2025-01-24,signup,5.99,5.99
8338,6309,2025-01-02,signup,5.99,5.99
8339,6310,2025-01-15,signup,5.99,5.99
8340,6312,2025-01-06,signup,5.99,5.99
8341,6313,2025-01-24,signup,5.99,5.99
8342,6313,2025-02-23,cancel,5.99,-5.99
8343,6314,2025-01-19,signup,5.99,5.99
8344,6314,2025-03-20,cancel,5.99,-5.99
8345,6315,2025-01-28,signup,5.99,5.99
8346,6315,2025-11-24,cancel,5.99,-5.99
8347,6316,2025-01-12,signup,5.99,5.99
8348,6317,2025-01-20,signup,5.99,5.99
8349,6318,2025-01-29,signup,5.99,5.99
8350,6318,2025-04-29,cancel,5.99,-5.99
8351,6319,2025-01-28,signup,5.99,5.99
8352,6319,2025-07-27,cancel,5.99,-5.99
8353,6320,2025-01-12,signup,5.99,5.99
8354,6321,2025-01-04,signup,5.99,5.99
8355,6321,2025-05-04,cancel,5.99,-5.99
8356,6322,2025-01-01,signup,5.99,5.99
8357,6323,2025-01-25,signup,5.99,5.99
8358,6324,2025-01-11,signup,5.99,5.99
8359,6324,2025-02-10,cancel,5.99,-5.99
8360,6325,2025-01-24,signup,5.99,5.99
8361,6326,2025-01-04,signup,5.99,5.99
8362,6327,2025-01-14,signup,5.99,5.99
8363,6328,2025-01-07,signup,5.99,5.99
8364,6329,2025-01-11,signup,5.99,5.99
8365,6329,2025-04-11,cancel,5.99,-5.99
8366,6331,2025-01-17,signup,5.99,5.99
8367,6332,2025-01-23,signup,5.99,5.99
8368,6332,2025-03-24,cancel,5.99,-5.99
8369,6333,2025-01-20,signup,5.99,5.99
8370,6334,2025-01-07,signup,5.99,5.99
8371,6334,2025-08-05,cancel,5.99,-5.99
8372,6335,2025-01-22,signup,5.99,5.99
8373,6336,2025-01-18,signup,5.99,5.99
8374,6337,2025-01-26,signup,5.99,5.99
8375,6338,2025-01-22,signup,5.99,5.99
8376,6338,2025-08-20,cancel,5.99,-5.99
8377,6339,2025-01-18,signup,5.99,5.99
8378,6340,2025-01-10,signup,5.99,5.99
8379,6340,2025-02-09,cancel,5.99,-5.99
8380,6341,2025-01-08,signup,5.99,5.99
8381,6342,2025-01-14,signup,5.99,5.99
8382,6343,2025-01-16,signup,5.99,5.99
8383,6343,2025-03-17,cancel,5.99,-5.99
8384,6344,2025-01-17,signup,5.99,5.99
8385,6345,2025-02-01,signup,5.99,5.99
8386,6345,2025-04-02,cancel,5.99,-5.99
8387,6346,2025-01-24,signup,5.99,5.99
8388,6347,2025-01-26,signup,5.99,5.99
8389,6348,2025-01-16,signup,5.99,5.99
8390,6349,2025-01-06,signup,5.99,5.99
8391,6350,2025-01-16,signup,5.99,5.99
8392,6351,2025-01-03,signup,5.99,5.99
8393,6352,2025-01-11,signup,5.99,5.99
8394,6352,2025-02-10,cancel,5.99,-5.99
8395,6353,2025-01-07,signup,5.99,5.99
8396,6354,2025-01-26,signup,5.99,5.99
8397,6354,2025-03-27,cancel,5.99,-5.99
8398,6356,2025-01-18,signup,5.99,5.99
8399,6357,2025-01-17,signup,5.99,5.99
8400,6358,2025-01-16,signup,5.99,5.99
8401,6359,2025-01-30,signup,5.99,5.99
8402,6360,2025-01-03,signup,5.99,5.99
8403,6361,2025-01-29,signup,5.99,5.99
8404,6362,2025-01-04,signup,5.99,5.99
8405,6363,2025-01-16,signup,5.99,5.99
8406,6364,2025-01-18,signup,5.99,5.99
8407,6365,2025-01-08,signup,5.99,5.99
8408,6366,2025-01-14,signup,5.99,5.99
8409,6366,2025-02-13,cancel,5.99,-5.99
8410,6367,2025-02-01,signup,5.99,5.99
8411,6368,2025-01-22,signup,5.99,5.99
8412,6369,2025-01-05,signup,5.99,5.99
8413,6370,2025-01-24,signup,5.99,5.99
8414,6371,2025-01-13,signup,5.99,5.99
8415,6372,2025-01-25,signup,5.99,5.99
8416,6372,2025-05-25,cancel,5.99,-5.99
8417,6373,2025-01-28,signup,5.99,5.99
8418,6374,2025-01-06,signup,5.99,5.99
8419,6375,2025-01-23,signup,5.99,5.99
8420,6376,2025-01-17,signup,5.99,5.99
8421,6376,2025-04-17,cancel,5.99,-5.99
8422,6377,2025-01-20,signup,5.99,5.99
8423,6378,2025-01-12,signup,5.99,5.99
8424,6379,2025-01-27,signup,5.99,5.99
8425,6379,2025-04-27,cancel,5.99,-5.99
8426,6380,2025-01-04,signup,5.99,5.99
8427,6381,2025-02-02,signup,5.99,5.99
8428,6381,2025-11-29,cancel,5.99,-5.99
8429,6383,2025-02-01,signup,5.99,5.99
8430,6384,2025-01-20,signup,5.99,5.99
8431,6385,2025-01-27,signup,5.99,5.99
8432,6386,2025-02-02,signup,5.99,5.99
8433,6387,2025-01-25,signup,5.99,5.99
8434,6389,2025-01-22,signup,5.99,5.99
8435,6389,2025-03-23,cancel,5.99,-5.99
8436,6390,2025-01-13,signup,5.99,5.99
8437,6391,2025-02-02,signup,5.99,5.99
8438,6391,2025-12-29,cancel,5.99,-5.99
8439,6392,2025-01-28,signup,5.99,5.99
8440,6394,2025-01-27,signup,5.99,5.99
8441,6395,2025-02-03,signup,5.99,5.99
8442,6395,2025-08-02,cancel,5.99,-5.99
8443,6396,2025-01-07,signup,5.99,5.99
8444,6398,2025-01-11,signup,5.99,5.99
8445,6399,2025-01-31,signup,5.99,5.99
8446,6399,2025-05-31,cancel,5.99,-5.99
8447,6400,2025-01-15,signup,5.99,5.99
8448,6400,2025-10-12,cancel,5.99,-5.99
8449,6401,2025-02-03,signup,5.99,5.99
8450,6401,2025-03-05,cancel,5.99,-5.99
8451,6402,2025-01-04,signup,5.99,5.99
8452,6403,2025-01-22,signup,5.99,5.99
8453,6404,2025-02-01,signup,5.99,5.99
8454,6405,2025-02-03,signup,5.99,5.99
8455,6405,2025-04-04,cancel,5.99,-5.99
8456,6406,2025-01-12,signup,5.99,5.99
8457,6407,2025-01-16,signup,5.99,5.99
8458,6407,2025-02-15,cancel,5.99,-5.99
8459,6408,2025-02-02,signup,5.99,5.99
8460,6409,2025-01-27,signup,5.99,5.99
8461,6409,2025-02-26,cancel,5.99,-5.99
8462,6410,2025-01-18,signup,5.99,5.99
8463,6411,2025-01-14,signup,5.99,5.99
8464,6411,2025-03-15,cancel,5.99,-5.99
8465,6414,2025-01-05,signup,5.99,5.99
8466,6415,2025-02-03,signup,5.99,5.99
8467,6415,2025-06-03,cancel,5.99,-5.99
8468,6418,2025-01-23,signup,5.99,5.99
8469,6419,2025-02-03,signup,5.99,5.99
8470,6420,2025-01-30,signup,5.99,5.99
8471,6421,2025-01-08,signup,5.99,5.99
8472,6422,2025-01-17,signup,5.99,5.99
8473,6423,2025-01-07,signup,5.99,5.99
8474,6424,2025-01-10,signup,5.99,5.99
8475,6426,2025-01-05,signup,5.99,5.99
8476,6427,2025-01-21,signup,5.99,5.99
8477,6428,2025-01-28,signup,5.99,5.99
8478,6429,2025-01-07,signup,5.99,5.99
8479,6429,2025-04-07,cancel,5.99,-5.99
8480,6430,2025-01-21,signup,5.99,5.99
8481,6431,2025-01-24,signup,5.99,5.99
8482,6432,2025-01-18,signup,5.99,5.99
8483,6432,2025-02-17,cancel,5.99,-5.99
8484,6433,2025-01-27,signup,5.99,5.99
8485,6433,2025-02-26,cancel,5.99,-5.99
8486,6435,2025-01-24,signup,5.99,5.99
8487,6435,2025-02-23,cancel,5.99,-5.99
8488,6437,2025-01-28,signup,5.99,5.99
8489,6437,2025-05-28,cancel,5.99,-5.99
8490,6438,2025-01-11,signup,5.99,5.99
8491,6438,2025-03-12,cancel,5.99,-5.99
8492,6439,2025-01-23,signup,5.99,5.99
8493,6439,2025-02-22,cancel,5.99,-5.99
8494,6440,2025-01-15,signup,5.99,5.99
8495,6441,2025-01-09,signup,5.99,5.99
8496,6442,2025-01-18,signup,5.99,5.99
8497,6442,2025-02-17,cancel,5.99,-5.99
8498,6443,2025-01-19,signup,5.99,5.99
8499,6444,2025-01-07,signup,5.99,5.99
8500,6445,2025-01-30,signup,5.99,5.99
8501,6446,2025-01-10,signup,5.99,5.99
8502,6447,2025-01-19,signup,5.99,5.99
8503,6447,2025-08-17,cancel,5.99,-5.99
8504,6448,2025-01-20,signup,5.99,5.99
8505,6449,2025-02-04,signup,5.99,5.99
8506,6449,2025-03-06,cancel,5.99,-5.99
8507,6450,2025-01-28,signup,5.99,5.99
8508,6450,2025-02-27,cancel,5.99,-5.99
8509,6451,2025-01-19,signup,5.99,5.99
8510,6452,2025-01-10,signup,5.99,5.99
8511,6453,2025-02-04,signup,5.99,5.99
8512,6454,2025-01-24,signup,5.99,5.99
8513,6455,2025-01-27,signup,5.99,5.99
8514,6455,2025-05-27,cancel,5.99,-5.99
8515,6456,2025-01-22,signup,5.99,5.99
8516,6457,2025-01-28,signup,5.99,5.99
8517,6458,2025-01-27,signup,5.99,5.99
8518,6459,2025-01-10,signup,5.99,5.99
8519,6460,2025-01-17,signup,5.99,5.99
8520,6460,2025-03-18,cancel,5.99,-5.99
8521,6461,2025-01-20,signup,5.99,5.99
8522,6462,2025-01-29,signup,5.99,5.99
8523,6462,2025-02-28,cancel,5.99,-5.99
8524,6463,2025-01-17,signup,5.99,5.99
8525,6463,2025-02-16,cancel,5.99,-5.99
8526,6464,2025-01-29,signup,5.99,5.99
8527,6465,2025-01-13,signup,5.99,5.99
8528,6465,2025-02-12,cancel,5.99,-5.99
8529,6466,2025-01-09,signup,5.99,5.99
8530,6468,2025-01-09,signup,5.99,5.99
8531,6470,2025-01-31,signup,5.99,5.99
8532,6470,2025-05-31,cancel,5.99,-5.99
8533,6471,2025-01-22,signup,5.99,5.99
8534,6473,2025-01-27,signup,5.99,5.99
8535,6473,2025-10-24,cancel,5.99,-5.99
8536,6474,2025-01-19,signup,5.99,5.99
8537,6474,2025-07-18,cancel,5.99,-5.99
8538,6475,2025-01-16,signup,5.99,5.99
8539,6477,2025-01-13,signup,5.99,5.99
8540,6477,2025-03-14,cancel,5.99,-5.99
8541,6478,2025-01-08,signup,5.99,5.99
8542,6478,2025-07-07,cancel,5.99,-5.99
8543,6479,2025-01-14,signup,5.99,5.99
8544,6481,2025-01-19,signup,5.99,5.99
8545,6481,2025-08-17,cancel,5.99,-5.99
8546,6482,2025-01-11,signup,5.99,5.99
8547,6484,2025-02-04,signup,5.99,5.99
8548,6485,2025-02-05,signup,5.99,5.99
8549,6485,2025-03-07,cancel,5.99,-5.99
8550,6486,2025-01-10,signup,5.99,5.99
8551,6487,2025-01-24,signup,5.99,5.99
8552,6488,2025-01-23,signup,5.99,5.99
8553,6488,2025-02-22,cancel,5.99,-5.99
8554,6489,2025-02-01,signup,5.99,5.99
8555,6489,2025-07-31,cancel,5.99,-5.99
8556,6490,2025-01-27,signup,5.99,5.99
8557,6490,2025-03-28,cancel,5.99,-5.99
8558,6491,2025-01-23,signup,5.99,5.99
8559,6491,2025-05-23,cancel,5.99,-5.99
8560,6493,2025-02-02,signup,5.99,5.99
8561,6493,2025-07-02,cancel,5.99,-5.99
8562,6495,2025-02-03,signup,5.99,5.99
8563,6496,2025-01-24,signup,5.99,5.99
8564,6496,2025-02-23,cancel,5.99,-5.99
8565,6498,2025-01-24,signup,5.99,5.99
8566,6499,2025-01-26,signup,5.99,5.99
8567,6500,2025-01-28,signup,5.99,5.99
8568,6500,2025-12-24,cancel,5.99,-5.99
8569,6501,2025-01-27,signup,5.99,5.99
8570,6501,2025-04-27,cancel,5.99,-5.99
8571,6502,2025-01-25,signup,5.99,5.99
8572,6504,2025-01-14,signup,5.99,5.99
8573,6505,2025-01-27,signup,5.99,5.99
8574,6506,2025-01-19,signup,5.99,5.99
8575,6506,2025-12-15,cancel,5.99,-5.99
8576,6507,2025-01-11,signup,5.99,5.99
8577,6508,2025-02-08,signup,5.99,5.99
8578,6508,2025-03-10,cancel,5.99,-5.99
8579,6509,2025-01-23,signup,5.99,5.99
8580,6510,2025-01-25,signup,5.99,5.99
8581,6511,2025-01-13,signup,5.99,5.99
8582,6512,2025-02-08,signup,5.99,5.99
8583,6513,2025-01-15,signup,5.99,5.99
8584,6513,2025-12-11,cancel,5.99,-5.99
8585,6514,2025-01-18,signup,5.99,5.99
8586,6515,2025-02-08,signup,5.99,5.99
8587,6516,2025-02-05,signup,5.99,5.99
8588,6516,2025-05-06,cancel,5.99,-5.99
8589,6517,2025-02-02,signup,5.99,5.99
8590,6518,2025-01-22,signup,5.99,5.99
8591,6518,2025-02-21,cancel,5.99,-5.99
8592,6520,2025-01-17,signup,5.99,5.99
8593,6520,2025-03-18,cancel,5.99,-5.99
8594,6521,2025-01-09,signup,5.99,5.99
8595,6522,2025-02-04,signup,5.99,5.99
8596,6523,2025-01-13,signup,5.99,5.99
8597,6523,2025-04-13,cancel,5.99,-5.99
8598,6524,2025-01-28,signup,5.99,5.99
8599,6524,2025-03-29,cancel,5.99,-5.99
8600,6525,2025-01-29,signup,5.99,5.99
8601,6526,2025-01-31,signup,5.99,5.99
8602,6527,2025-01-17,signup,5.99,5.99
8603,6528,2025-01-28,signup,5.99,5.99
8604,6528,2025-03-29,cancel,5.99,-5.99
8605,6529,2025-02-01,signup,5.99,5.99
8606,6530,2025-01-27,signup,5.99,5.99
8607,6531,2025-01-26,signup,5.99,5.99
8608,6532,2025-02-02,signup,5.99,5.99
8609,6533,2025-01-14,signup,5.99,5.99
8610,6534,2025-01-30,signup,5.99,5.99
8611,6535,2025-01-30,signup,5.99,5.99
8612,6536,2025-01-30,signup,5.99,5.99
8613,6536,2025-07-29,cancel,5.99,-5.99
8614,6537,2025-01-21,signup,5.99,5.99
8615,6537,2025-06-20,cancel,5.99,-5.99
8616,6538,2025-02-02,signup,5.99,5.99
8617,6539,2025-02-01,signup,5.99,5.99
8618,6539,2025-07-01,cancel,5.99,-5.99
8619,6540,2025-02-06,signup,5.99,5.99
8620,6541,2025-01-10,signup,5.99,5.99
8621,6541,2025-12-06,cancel,5.99,-5.99
8622,6542,2025-01-12,signup,5.99,5.99
8623,6543,2025-01-20,signup,5.99,5.99
8624,6544,2025-01-20,signup,5.99,5.99
8625,6546,2025-02-08,signup,5.99,5.99
8626,6547,2025-02-06,signup,5.99,5.99
8627,6547,2025-05-07,cancel,5.99,-5.99
8628,6548,2025-01-15,signup,5.99,5.99
8629,6548,2025-07-14,cancel,5.99,-5.99
8630,6549,2025-01-13,signup,5.99,5.99
8631,6550,2025-01-22,signup,5.99,5.99
8632,6553,2025-02-09,signup,5.99,5.99
8633,6553,2025-04-10,cancel,5.99,-5.99
8634,6554,2025-01-20,signup,5.99,5.99
8635,6555,2025-01-13,signup,5.99,5.99
8636,6556,2025-02-04,signup,5.99,5.99
8637,6557,2025-01-15,signup,5.99,5.99
8638,6558,2025-02-04,signup,5.99,5.99
8639,6559,2025-01-25,signup,5.99,5.99
8640,6560,2025-01-22,signup,5.99,5.99
8641,6561,2025-01-22,signup,5.99,5.99
8642,6561,2025-10-19,cancel,5.99,-5.99
8643,6562,2025-02-07,signup,5.99,5.99
8644,6562,2025-03-09,cancel,5.99,-5.99
8645,6563,2025-02-01,signup,5.99,5.99
8646,6564,2025-02-08,signup,5.99,5.99
8647,6564,2025-06-08,cancel,5.99,-5.99
8648,6565,2025-01-13,signup,5.99,5.99
8649,6566,2025-02-05,signup,5.99,5.99
8650,6567,2025-01-12,signup,5.99,5.99
8651,6567,2025-06-11,cancel,5.99,-5.99
8652,6568,2025-01-16,signup,5.99,5.99
8653,6569,2025-01-29,signup,5.99,5.99
8654,6571,2025-02-11,signup,5.99,5.99
8655,6571,2025-10-09,cancel,5.99,-5.99
8656,6572,2025-02-10,signup,5.99,5.99
8657,6572,2025-07-10,cancel,5.99,-5.99
8658,6573,2025-01-13,signup,5.99,5.99
8659,6574,2025-01-28,signup,5.99,5.99
8660,6575,2025-01-25,signup,5.99,5.99
8661,6576,2025-01-17,signup,5.99,5.99
8662,6576,2025-12-13,cancel,5.99,-5.99
8663,6577,2025-02-02,signup,5.99,5.99
8664,6577,2025-08-31,cancel,5.99,-5.99
8665,6578,2025-02-11,signup,5.99,5.99
8666,6579,2025-01-17,signup,5.99,5.99
8667,6580,2025-01-16,signup,5.99,5.99
8668,6583,2025-01-12,signup,5.99,5.99
8669,6583,2025-02-11,cancel,5.99,-5.99
8670,6584,2025-02-05,signup,5.99,5.99
8671,6584,2025-04-06,cancel,5.99,-5.99
8672,6585,2025-01-20,signup,5.99,5.99
8673,6586,2025-01-17,signup,5.99,5.99
8674,6587,2025-02-09,signup,5.99,5.99
8675,6588,2025-02-07,signup,5.99,5.99
8676,6588,2025-08-06,cancel,5.99,-5.99
8677,6589,2025-02-06,signup,5.99,5.99
8678,6590,2025-01-22,signup,5.99,5.99
8679,6591,2025-01-25,signup,5.99,5.99
8680,6591,2025-04-25,cancel,5.99,-5.99
8681,6592,2025-01-25,signup,5.99,5.99
8682,6592,2025-11-21,cancel,5.99,-5.99
8683,6593,2025-02-01,signup,5.99,5.99
8684,6593,2025-07-31,cancel,5.99,-5.99
8685,6594,2025-01-19,signup,5.99,5.99
8686,6595,2025-02-10,signup,5.99,5.99
8687,6596,2025-01-22,signup,5.99,5.99
8688,6597,2025-02-06,signup,5.99,5.99
8689,6598,2025-01-27,signup,5.99,5.99
8690,6599,2025-01-18,signup,5.99,5.99
8691,6600,2025-01-21,signup,5.99,5.99
8692,6600,2025-05-21,cancel,5.99,-5.99
8693,6601,2025-01-22,signup,5.99,5.99
8694,6601,2025-11-18,cancel,5.99,-5.99
8695,6602,2025-01-14,signup,5.99,5.99
8696,6603,2025-01-13,signup,5.99,5.99
8697,6604,2025-02-06,signup,5.99,5.99
8698,6605,2025-01-19,signup,5.99,5.99
8699,6606,2025-02-02,signup,5.99,5.99
8700,6607,2025-01-21,signup,5.99,5.99
8701,6607,2025-06-20,cancel,5.99,-5.99
8702,6608,2025-02-04,signup,5.99,5.99
8703,6610,2025-02-01,signup,5.99,5.99
8704,6611,2025-01-28,signup,5.99,5.99
8705,6611,2025-04-28,cancel,5.99,-5.99
8706,6612,2025-01-16,signup,5.99,5.99
8707,6613,2025-02-07,signup,5.99,5.99
8708,6613,2025-03-09,cancel,5.99,-5.99
8709,6614,2025-01-25,signup,5.99,5.99
8710,6615,2025-02-01,signup,5.99,5.99
8711,6616,2025-01-29,signup,5.99,5.99
8712,6617,2025-01-15,signup,5.99,5.99
8713,6618,2025-01-24,signup,5.99,5.99
8714,6619,2025-01-30,signup,5.99,5.99
8715,6619,2025-03-31,cancel,5.99,-5.99
8716,6620,2025-02-07,signup,5.99,5.99
8717,6621,2025-02-04,signup,5.99,5.99
8718,6622,2025-02-01,signup,5.99,5.99
8719,6623,2025-01-16,signup,5.99,5.99
8720,6623,2025-04-16,cancel,5.99,-5.99
8721,6624,2025-02-01,signup,5.99,5.99
8722,6624,2025-04-02,cancel,5.99,-5.99
8723,6625,2025-01-28,signup,5.99,5.99
8724,6625,2025-07-27,cancel,5.99,-5.99
8725,6626,2025-02-04,signup,5.99,5.99
8726,6627,2025-01-29,signup,5.99,5.99
8727,6627,2025-03-30,cancel,5.99,-5.99
8728,6628,2025-01-28,signup,5.99,5.99
8729,6630,2025-01-19,signup,5.99,5.99
8730,6631,2025-02-04,signup,5.99,5.99
8731,6632,2025-02-13,signup,5.99,5.99
8732,6632,2025-03-15,cancel,5.99,-5.99
8733,6633,2025-01-23,signup,5.99,5.99
8734,6633,2025-11-19,cancel,5.99,-5.99
8735,6634,2025-02-12,signup,5.99,5.99
8736,6635,2025-02-04,signup,5.99,5.99
8737,6636,2025-02-10,signup,5.99,5.99
8738,6637,2025-01-16,signup,5.99,5.99
8739,6637,2025-06-15,cancel,5.99,-5.99
8740,6638,2025-02-04,signup,5.99,5.99
8741,6639,2025-01-30,signup,5.99,5.99
8742,6640,2025-02-06,signup,5.99,5.99
8743,6640,2025-04-07,cancel,5.99,-5.99
8744,6641,2025-02-12,signup,5.99,5.99
8745,6643,2025-01-28,signup,5.99,5.99
8746,6644,2025-02-02,signup,5.99,5.99
8747,6645,2025-02-10,signup,5.99,5.99
8748,6645,2025-07-10,cancel,5.99,-5.99
8749,6646,2025-02-09,signup,5.99,5.99
8750,6647,2025-02-09,signup,5.99,5.99
8751,6648,2025-02-04,signup,5.99,5.99
8752,6650,2025-02-09,signup,5.99,5.99
8753,6652,2025-01-27,signup,5.99,5.99
8754,6654,2025-02-02,signup,5.99,5.99
8755,6654,2025-06-02,cancel,5.99,-5.99
8756,6655,2025-01-23,signup,5.99,5.99
8757,6655,2025-02-22,cancel,5.99,-5.99
8758,6656,2025-02-01,signup,5.99,5.99
8759,6657,2025-01-27,signup,5.99,5.99
8760,6658,2025-01-27,signup,5.99,5.99
8761,6659,2025-02-04,signup,5.99,5.99
8762,6660,2025-02-10,signup,5.99,5.99
8763,6661,2025-02-05,signup,5.99,5.99
8764,6661,2025-11-02,cancel,5.99,-5.99
8765,6662,2025-02-04,signup,5.99,5.99
8766,6662,2025-04-05,cancel,5.99,-5.99
8767,6663,2025-01-19,signup,5.99,5.99
8768,6664,2025-02-09,signup,5.99,5.99
8769,6665,2025-02-10,signup,5.99,5.99
8770,6665,2025-08-09,cancel,5.99,-5.99
8771,6666,2025-01-18,signup,5.99,5.99
8772,6667,2025-02-08,signup,5.99,5.99
8773,6668,2025-02-02,signup,5.99,5.99
8774,6669,2025-01-25,signup,5.99,5.99
8775,6669,2025-02-24,cancel,5.99,-5.99
8776,6670,2025-02-04,signup,5.99,5.99
8777,6671,2025-01-16,signup,5.99,5.99
8778,6672,2025-01-20,signup,5.99,5.99
8779,6672,2025-04-20,cancel,5.99,-5.99
8780,6673,2025-02-14,signup,5.99,5.99
8781,6675,2025-02-14,signup,5.99,5.99
8782,6676,2025-01-25,signup,5.99,5.99
8783,6678,2025-01-20,signup,5.99,5.99
8784,6679,2025-01-21,signup,5.99,5.99
8785,6680,2025-02-05,signup,5.99,5.99
8786,6680,2025-09-03,cancel,5.99,-5.99
8787,6681,2025-01-17,signup,5.99,5.99
8788,6683,2025-02-02,signup,5.99,5.99
8789,6685,2025-02-13,signup,5.99,5.99
8790,6686,2025-01-21,signup,5.99,5.99
8791,6686,2025-02-20,cancel,5.99,-5.99
8792,6687,2025-02-08,signup,5.99,5.99
8793,6687,2025-12-05,cancel,5.99,-5.99
8794,6688,2025-02-10,signup,5.99,5.99
8795,6689,2025-01-31,signup,5.99,5.99
8796,6691,2025-02-09,signup,5.99,5.99
8797,6692,2025-01-25,signup,5.99,5.99
8798,6693,2025-01-17,signup,5.99,5.99
8799,6693,2025-07-16,cancel,5.99,-5.99
8800,6694,2025-02-09,signup,5.99,5.99
8801,6695,2025-02-15,signup,5.99,5.99
8802,6696,2025-02-08,signup,5.99,5.99
8803,6696,2025-10-06,cancel,5.99,-5.99
8804,6697,2025-01-19,signup,5.99,5.99
8805,6698,2025-01-24,signup,5.99,5.99
8806,6700,2025-01-24,signup,5.99,5.99
8807,6701,2025-02-11,signup,5.99,5.99
8808,6701,2025-07-11,cancel,5.99,-5.99
8809,6702,2025-02-16,signup,5.99,5.99
8810,6703,2025-01-19,signup,5.99,5.99
8811,6704,2025-02-05,signup,5.99,5.99
8812,6705,2025-01-18,signup,5.99,5.99
8813,6705,2025-07-17,cancel,5.99,-5.99
8814,6706,2025-02-03,signup,5.99,5.99
8815,6706,2025-03-05,cancel,5.99,-5.99
8816,6708,2025-02-08,signup,5.99,5.99
8817,6708,2025-04-09,cancel,5.99,-5.99
8818,6709,2025-01-24,signup,5.99,5.99
8819,6710,2025-02-09,signup,5.99,5.99
8820,6711,2025-02-15,signup,5.99,5.99
8821,6712,2025-02-11,signup,5.99,5.99
8822,6713,2025-01-22,signup,5.99,5.99
8823,6713,2025-04-22,cancel,5.99,-5.99
8824,6714,2025-01-20,signup,5.99,5.99
8825,6715,2025-02-05,signup,5.99,5.99
8826,6716,2025-02-11,signup,5.99,5.99
8827,6717,2025-01-20,signup,5.99,5.99
8828,6719,2025-02-06,signup,5.99,5.99
8829,6720,2025-02-06,signup,5.99,5.99
8830,6721,2025-01-26,signup,5.99,5.99
8831,6722,2025-01-24,signup,5.99,5.99
8832,6723,2025-01-31,signup,5.99,5.99
8833,6723,2025-03-02,cancel,5.99,-5.99
8834,6724,2025-02-15,signup,5.99,5.99
8835,6725,2025-02-01,signup,5.99,5.99
8836,6725,2025-03-03,cancel,5.99,-5.99
8837,6726,2025-02-09,signup,5.99,5.99
8838,6727,2025-01-28,signup,5.99,5.99
8839,6728,2025-02-08,signup,5.99,5.99
8840,6729,2025-02-04,signup,5.99,5.99
8841,6729,2025-08-03,cancel,5.99,-5.99
8842,6730,2025-02-05,signup,5.99,5.99
8843,6730,2025-05-06,cancel,5.99,-5.99
8844,6731,2025-01-25,signup,5.99,5.99
8845,6731,2025-03-26,cancel,5.99,-5.99
8846,6732,2025-01-25,signup,5.99,5.99
8847,6732,2025-04-25,cancel,5.99,-5.99
8848,6733,2025-02-08,signup,5.99,5.99
8849,6734,2025-01-23,signup,5.99,5.99
8850,6735,2025-01-30,signup,5.99,5.99
8851,6735,2025-07-29,cancel,5.99,-5.99
8852,6736,2025-02-14,signup,5.99,5.99
8853,6737,2025-01-31,signup,5.99,5.99
8854,6737,2025-05-31,cancel,5.99,-5.99
8855,6738,2025-01-20,signup,5.99,5.99
8856,6739,2025-02-03,signup,5.99,5.99
8857,6739,2025-03-05,cancel,5.99,-5.99
8858,6740,2025-02-03,signup,5.99,5.99
8859,6740,2025-06-03,cancel,5.99,-5.99
8860,6741,2025-01-24,signup,5.99,5.99
8861,6742,2025-02-12,signup,5.99,5.99
8862,6743,2025-02-11,signup,5.99,5.99
8863,6744,2025-02-17,signup,5.99,5.99
8864,6745,2025-01-27,signup,5.99,5.99
8865,6746,2025-01-25,signup,5.99,5.99
8866,6747,2025-02-01,signup,5.99,5.99
8867,6747,2025-05-02,cancel,5.99,-5.99
8868,6748,2025-02-15,signup,5.99,5.99
8869,6749,2025-01-24,signup,5.99,5.99
8870,6750,2025-01-23,signup,5.99,5.99
8871,6751,2025-01-24,signup,5.99,5.99
8872,6752,2025-01-31,signup,5.99,5.99
8873,6752,2025-03-02,cancel,5.99,-5.99
8874,6753,2025-01-23,signup,5.99,5.99
8875,6754,2025-02-11,signup,5.99,5.99
8876,6754,2025-03-13,cancel,5.99,-5.99
8877,6755,2025-02-05,signup,5.99,5.99
8878,6756,2025-02-14,signup,5.99,5.99
8879,6757,2025-01-23,signup,5.99,5.99
8880,6757,2025-03-24,cancel,5.99,-5.99
8881,6758,2025-02-11,signup,5.99,5.99
8882,6759,2025-01-23,signup,5.99,5.99
8883,6760,2025-02-09,signup,5.99,5.99
8884,6761,2025-02-11,signup,5.99,5.99
8885,6762,2025-02-01,signup,5.99,5.99
8886,6762,2025-08-30,cancel,5.99,-5.99
8887,6763,2025-02-04,signup,5.99,5.99
8888,6764,2025-02-09,signup,5.99,5.99
8889,6764,2025-03-11,cancel,5.99,-5.99
8890,6765,2025-02-04,signup,5.99,5.99
8891,6765,2025-05-05,cancel,5.99,-5.99
8892,6766,2025-01-26,signup,5.99,5.99
8893,6767,2025-02-05,signup,5.99,5.99
8894,6767,2025-04-06,cancel,5.99,-5.99
8895,6768,2025-02-20,signup,5.99,5.99
8896,6769,2025-02-14,signup,5.99,5.99
8897,6770,2025-02-14,signup,5.99,5.99
8898,6771,2025-01-31,signup,5.99,5.99
8899,6772,2025-01-25,signup,5.99,5.99
8900,6772,2025-02-24,cancel,5.99,-5.99
8901,6773,2025-02-17,signup,5.99,5.99
8902,6773,2025-03-19,cancel,5.99,-5.99
8903,6774,2025-02-15,signup,5.99,5.99
8904,6775,2025-02-06,signup,5.99,5.99
8905,6777,2025-02-15,signup,5.99,5.99
8906,6777,2025-03-17,cancel,5.99,-5.99
8907,6778,2025-02-08,signup,5.99,5.99
8908,6779,2025-02-09,signup,5.99,5.99
8909,6780,2025-02-05,signup,5.99,5.99
8910,6780,2025-06-05,cancel,5.99,-5.99
8911,6781,2025-02-08,signup,5.99,5.99
8912,6782,2025-02-19,signup,5.99,5.99
8913,6783,2025-02-19,signup,5.99,5.99
8914,6783,2025-12-16,cancel,5.99,-5.99
8915,6784,2025-01-31,signup,5.99,5.99
8916,6784,2025-09-28,cancel,5.99,-5.99
8917,6786,2025-02-09,signup,5.99,5.99
8918,6786,2025-03-11,cancel,5.99,-5.99
8919,6787,2025-01-29,signup,5.99,5.99
8920,6787,2025-08-27,cancel,5.99,-5.99
8921,6789,2025-02-06,signup,5.99,5.99
8922,6789,2025-08-05,cancel,5.99,-5.99
8923,6790,2025-02-03,signup,5.99,5.99
8924,6791,2025-02-08,signup,5.99,5.99
8925,6792,2025-02-10,signup,5.99,5.99
8926,6792,2025-10-08,cancel,5.99,-5.99
8927,6793,2025-01-28,signup,5.99,5.99
8928,6793,2025-02-27,cancel,5.99,-5.99
8929,6794,2025-02-10,signup,5.99,5.99
8930,6794,2025-05-11,cancel,5.99,-5.99
8931,6795,2025-01-24,signup,5.99,5.99
8932,6796,2025-02-03,signup,5.99,5.99
8933,6797,2025-02-03,signup,5.99,5.99
8934,6797,2025-04-04,cancel,5.99,-5.99
8935,6798,2025-02-01,signup,5.99,5.99
8936,6799,2025-02-14,signup,5.99,5.99
8937,6800,2025-02-10,signup,5.99,5.99
8938,6801,2025-01-29,signup,5.99,5.99
8939,6801,2025-03-30,cancel,5.99,-5.99
8940,6802,2025-02-17,signup,5.99,5.99
8941,6803,2025-02-21,signup,5.99,5.99
8942,6803,2025-04-22,cancel,5.99,-5.99
8943,6804,2025-02-02,signup,5.99,5.99
8944,6805,2025-01-23,signup,5.99,5.99
8945,6806,2025-01-26,signup,5.99,5.99
8946,6807,2025-01-24,signup,5.99,5.99
8947,6808,2025-01-26,signup,5.99,5.99
8948,6809,2025-01-24,signup,5.99,5.99
8949,6810,2025-02-21,signup,5.99,5.99
8950,6811,2025-02-07,signup,5.99,5.99
8951,6812,2025-01-30,signup,5.99,5.99
8952,6813,2025-02-09,signup,5.99,5.99
8953,6813,2025-05-10,cancel,5.99,-5.99
8954,6814,2025-02-09,signup,5.99,5.99
8955,6814,2025-03-11,cancel,5.99,-5.99
8956,6817,2025-02-09,signup,5.99,5.99
8957,6817,2025-07-09,cancel,5.99,-5.99
8958,6818,2025-02-20,signup,5.99,5.99
8959,6819,2025-02-06,signup,5.99,5.99
8960,6820,2025-02-12,signup,5.99,5.99
8961,6820,2025-04-13,cancel,5.99,-5.99
8962,6821,2025-02-18,signup,5.99,5.99
8963,6822,2025-02-10,signup,5.99,5.99
8964,6823,2025-01-30,signup,5.99,5.99
8965,6823,2025-09-27,cancel,5.99,-5.99
8966,6824,2025-02-11,signup,5.99,5.99
8967,6825,2025-02-17,signup,5.99,5.99
8968,6826,2025-02-19,signup,5.99,5.99
8969,6827,2025-02-18,signup,5.99,5.99
8970,6827,2025-06-18,cancel,5.99,-5.99
8971,6828,2025-02-12,signup,5.99,5.99
8972,6829,2025-02-07,signup,5.99,5.99
8973,6830,2025-02-20,signup,5.99,5.99
8974,6831,2025-02-02,signup,5.99,5.99
8975,6832,2025-02-10,signup,5.99,5.99
8976,6834,2025-02-18,signup,5.99,5.99
8977,6834,2025-04-19,cancel,5.99,-5.99
8978,6835,2025-02-20,signup,5.99,5.99
8979,6836,2025-02-09,signup,5.99,5.99
8980,6837,2025-02-23,signup,5.99,5.99
8981,6838,2025-02-13,signup,5.99,5.99
8982,6839,2025-02-13,signup,5.99,5.99
8983,6839,2025-03-15,cancel,5.99,-5.99
8984,6840,2025-02-22,signup,5.99,5.99
8985,6840,2025-03-24,cancel,5.99,-5.99
8986,6841,2025-02-18,signup,5.99,5.99
8987,6842,2025-02-13,signup,5.99,5.99
8988,6843,2025-02-11,signup,5.99,5.99
8989,6844,2025-02-09,signup,5.99,5.99
8990,6845,2025-01-24,signup,5.99,5.99
8991,6845,2025-11-20,cancel,5.99,-5.99
8992,6846,2025-02-23,signup,5.99,5.99
8993,6847,2025-01-30,signup,5.99,5.99
8994,6847,2025-11-26,cancel,5.99,-5.99
8995,6848,2025-02-11,signup,5.99,5.99
8996,6849,2025-01-29,signup,5.99,5.99
8997,6850,2025-02-20,signup,5.99,5.99
8998,6850,2025-06-20,cancel,5.99,-5.99
8999,6851,2025-02-08,signup,5.99,5.99
9000,6854,2025-02-02,signup,5.99,5.99
9001,6855,2025-02-06,signup,5.99,5.99
9002,6855,2025-10-04,cancel,5.99,-5.99
9003,6856,2025-02-23,signup,5.99,5.99
9004,6857,2025-01-31,signup,5.99,5.99
9005,6857,2025-06-30,cancel,5.99,-5.99
9006,6858,2025-02-11,signup,5.99,5.99
9007,6859,2025-02-04,signup,5.99,5.99
9008,6860,2025-02-15,signup,5.99,5.99
9009,6861,2025-02-17,signup,5.99,5.99
9010,6861,2025-08-16,cancel,5.99,-5.99
9011,6862,2025-01-28,signup,5.99,5.99
9012,6864,2025-02-09,signup,5.99,5.99
9013,6865,2025-02-15,signup,5.99,5.99
9014,6866,2025-01-31,signup,5.99,5.99
9015,6866,2025-03-02,cancel,5.99,-5.99
9016,6867,2025-02-03,signup,5.99,5.99
9017,6867,2025-04-04,cancel,5.99,-5.99
9018,6868,2025-02-05,signup,5.99,5.99
9019,6869,2025-02-16,signup,5.99,5.99
9020,6870,2025-01-28,signup,5.99,5.99
9021,6871,2025-02-09,signup,5.99,5.99
9022,6872,2025-02-09,signup,5.99,5.99
9023,6874,2025-02-15,signup,5.99,5.99
9024,6875,2025-02-04,signup,5.99,5.99
9025,6876,2025-01-28,signup,5.99,5.99
9026,6878,2025-02-03,signup,5.99,5.99
9027,6879,2025-02-16,signup,5.99,5.99
9028,6879,2025-03-18,cancel,5.99,-5.99
9029,6880,2025-02-18,signup,5.99,5.99
9030,6880,2025-05-19,cancel,5.99,-5.99
9031,6881,2025-02-10,signup,5.99,5.99
9032,6882,2025-01-31,signup,5.99,5.99
9033,6883,2025-02-09,signup,5.99,5.99
9034,6883,2025-03-11,cancel,5.99,-5.99
9035,6884,2025-01-29,signup,5.99,5.99
9036,6885,2025-01-27,signup,5.99,5.99
9037,6885,2025-07-26,cancel,5.99,-5.99
9038,6886,2025-02-18,signup,5.99,5.99
9039,6887,2025-02-12,signup,5.99,5.99
9040,6887,2025-06-12,cancel,5.99,-5.99
9041,6888,2025-02-03,signup,5.99,5.99
9042,6888,2025-05-04,cancel,5.99,-5.99
9043,6889,2025-02-20,signup,5.99,5.99
9044,6889,2025-04-21,cancel,5.99,-5.99
9045,6890,2025-01-27,signup,5.99,5.99
9046,6891,2025-01-31,signup,5.99,5.99
9047,6892,2025-02-14,signup,5.99,5.99
9048,6893,2025-02-11,signup,5.99,5.99
9049,6893,2025-05-12,cancel,5.99,-5.99
9050,6894,2025-02-20,signup,5.99,5.99
9051,6896,2025-01-27,signup,5.99,5.99
9052,6897,2025-02-04,signup,5.99,5.99
9053,6897,2025-03-06,cancel,5.99,-5.99
9054,6898,2025-02-09,signup,5.99,5.99
9055,6899,2025-02-10,signup,5.99,5.99
9056,6899,2025-11-07,cancel,5.99,-5.99
9057,6900,2025-02-09,signup,5.99,5.99
9058,6900,2025-03-11,cancel,5.99,-5.99
9059,6901,2025-02-08,signup,5.99,5.99
9060,6902,2025-02-16,signup,5.99,5.99
9061,6902,2025-03-18,cancel,5.99,-5.99
9062,6903,2025-02-24,signup,5.99,5.99
9063,6903,2025-03-26,cancel,5.99,-5.99
9064,6904,2025-02-07,signup,5.99,5.99
9065,6905,2025-02-26,signup,5.99,5.99
9066,6905,2025-10-24,cancel,5.99,-5.99
9067,6906,2025-02-07,signup,5.99,5.99
9068,6907,2025-01-30,signup,5.99,5.99
9069,6909,2025-02-21,signup,5.99,5.99
9070,6910,2025-02-02,signup,5.99,5.99
9071,6911,2025-01-30,signup,5.99,5.99
9072,6912,2025-02-17,signup,5.99,5.99
9073,6913,2025-02-26,signup,5.99,5.99
9074,6914,2025-02-13,signup,5.99,5.99
9075,6915,2025-02-11,signup,5.99,5.99
9076,6917,2025-02-20,signup,5.99,5.99
9077,6917,2025-03-22,cancel,5.99,-5.99
9078,6918,2025-02-18,signup,5.99,5.99
9079,6919,2025-02-25,signup,5.99,5.99
9080,6919,2025-08-24,cancel,5.99,-5.99
9081,6920,2025-02-04,signup,5.99,5.99
9082,6921,2025-02-23,signup,5.99,5.99
9083,6922,2025-02-13,signup,5.99,5.99
9084,6923,2025-02-26,signup,5.99,5.99
9085,6924,2025-02-14,signup,5.99,5.99
9086,6924,2025-04-15,cancel,5.99,-5.99
9087,6925,2025-02-08,signup,5.99,5.99
9088,6925,2025-09-06,cancel,5.99,-5.99
9089,6926,2025-01-29,signup,5.99,5.99
9090,6927,2025-02-08,signup,5.99,5.99
9091,6928,2025-02-07,signup,5.99,5.99
9092,6928,2025-03-09,cancel,5.99,-5.99
9093,6929,2025-02-01,signup,5.99,5.99
9094,6930,2025-01-28,signup,5.99,5.99
9095,6931,2025-02-05,signup,5.99,5.99
9096,6932,2025-02-17,signup,5.99,5.99
9097,6933,2025-02-03,signup,5.99,5.99
9098,6934,2025-02-17,signup,5.99,5.99
9099,6935,2025-02-14,signup,5.99,5.99
9100,6936,2025-02-25,signup,5.99,5.99
9101,6937,2025-02-10,signup,5.99,5.99
9102,6938,2025-02-11,signup,5.99,5.99
9103,6939,2025-02-01,signup,5.99,5.99
9104,6939,2025-06-01,cancel,5.99,-5.99
9105,6940,2025-02-24,signup,5.99,5.99
9106,6941,2025-02-25,signup,5.99,5.99
9107,6942,2025-02-08,signup,5.99,5.99
9108,6944,2025-02-08,signup,5.99,5.99
9109,6944,2025-03-10,cancel,5.99,-5.99
9110,6945,2025-02-13,signup,5.99,5.99
9111,6946,2025-02-14,signup,5.99,5.99
9112,6946,2025-04-15,cancel,5.99,-5.99
9113,6947,2025-02-12,signup,5.99,5.99
9114,6948,2025-02-03,signup,5.99,5.99
9115,6949,2025-02-11,signup,5.99,5.99
9116,6949,2025-06-11,cancel,5.99,-5.99
9117,6950,2025-02-14,signup,5.99,5.99
9118,6951,2025-02-27,signup,5.99,5.99
9119,6951,2025-04-28,cancel,5.99,-5.99
9120,6952,2025-02-17,signup,5.99,5.99
9121,6953,2025-02-22,signup,5.99,5.99
9122,6954,2025-02-12,signup,5.99,5.99
9123,6955,2025-02-27,signup,5.99,5.99
9124,6955,2025-04-28,cancel,5.99,-5.99
9125,6956,2025-02-24,signup,5.99,5.99
9126,6957,2025-02-26,signup,5.99,5.99
9127,6957,2025-03-28,cancel,5.99,-5.99
9128,6959,2025-02-03,signup,5.99,5.99
9129,6959,2025-06-03,cancel,5.99,-5.99
9130,6960,2025-02-07,signup,5.99,5.99
9131,6961,2025-02-17,signup,5.99,5.99
9132,6961,2025-03-19,cancel,5.99,-5.99
9133,6962,2025-02-05,signup,5.99,5.99
9134,6962,2025-04-06,cancel,5.99,-5.99
9135,6963,2025-02-17,signup,5.99,5.99
9136,6964,2025-02-01,signup,5.99,5.99
9137,6964,2025-03-03,cancel,5.99,-5.99
9138,6966,2025-02-25,signup,5.99,5.99
9139,6966,2025-06-25,cancel,5.99,-5.99
9140,6967,2025-02-12,signup,5.99,5.99
9141,6968,2025-02-17,signup,5.99,5.99
9142,6969,2025-02-08,signup,5.99,5.99
9143,6969,2025-06-08,cancel,5.99,-5.99
9144,6970,2025-02-16,signup,5.99,5.99
9145,6971,2025-02-08,signup,5.99,5.99
9146,6972,2025-02-02,signup,5.99,5.99
9147,6972,2025-06-02,cancel,5.99,-5.99
9148,6973,2025-02-21,signup,5.99,5.99
9149,6974,2025-02-19,signup,5.99,5.99
9150,6975,2025-02-09,signup,5.99,5.99
9151,6975,2025-09-07,cancel,5.99,-5.99
9152,6976,2025-02-21,signup,5.99,5.99
9153,6976,2025-04-22,cancel,5.99,-5.99
9154,6978,2025-02-10,signup,5.99,5.99
9155,6979,2025-01-31,signup,5.99,5.99
9156,6979,2025-03-02,cancel,5.99,-5.99
9157,6980,2025-02-02,signup,5.99,5.99
9158,6981,2025-01-31,signup,5.99,5.99
9159,6981,2025-03-02,cancel,5.99,-5.99
9160,6982,2025-02-04,signup,5.99,5.99
9161,6983,2025-02-23,signup,5.99,5.99
9162,6983,2025-04-24,cancel,5.99,-5.99
9163,6984,2025-02-04,signup,5.99,5.99
9164,6986,2025-02-13,signup,5.99,5.99
9165,6986,2025-04-14,cancel,5.99,-5.99
9166,6987,2025-02-13,signup,5.99,5.99
9167,6988,2025-02-02,signup,5.99,5.99
9168,6989,2025-02-18,signup,5.99,5.99
9169,6990,2025-02-26,signup,5.99,5.99
9170,6991,2025-02-05,signup,5.99,5.99
9171,6991,2025-03-07,cancel,5.99,-5.99
9172,6992,2025-02-01,signup,5.99,5.99
9173,6992,2025-08-30,cancel,5.99,-5.99
9174,6993,2025-02-08,signup,5.99,5.99
9175,6994,2025-02-14,signup,5.99,5.99
9176,6994,2025-11-11,cancel,5.99,-5.99
9177,6995,2025-02-17,signup,5.99,5.99
9178,6996,2025-02-04,signup,5.99,5.99
9179,6996,2025-10-02,cancel,5.99,-5.99
9180,6997,2025-02-13,signup,5.99,5.99
9181,6998,2025-02-27,signup,5.99,5.99
9182,6998,2025-06-27,cancel,5.99,-5.99
9183,6999,2025-02-28,signup,5.99,5.99
9184,7000,2025-02-26,signup,5.99,5.99
9185,7001,2025-03-02,signup,5.99,5.99
9186,7002,2025-02-12,signup,5.99,5.99
9187,7002,2025-03-14,cancel,5.99,-5.99
9188,7003,2025-02-09,signup,5.99,5.99
9189,7004,2025-02-18,signup,5.99,5.99
9190,7005,2025-03-03,signup,5.99,5.99
9191,7006,2025-02-16,signup,5.99,5.99
9192,7006,2025-03-18,cancel,5.99,-5.99
9193,7007,2025-02-01,signup,5.99,5.99
9194,7007,2025-06-01,cancel,5.99,-5.99
9195,7008,2025-02-05,signup,5.99,5.99
9196,7008,2025-03-07,cancel,5.99,-5.99
9197,7009,2025-02-26,signup,5.99,5.99
9198,7009,2025-06-26,cancel,5.99,-5.99
9199,7010,2025-02-17,signup,5.99,5.99
9200,7011,2025-02-04,signup,5.99,5.99
9201,7012,2025-02-04,signup,5.99,5.99
9202,7012,2025-08-03,cancel,5.99,-5.99
9203,7013,2025-02-15,signup,5.99,5.99
9204,7013,2025-03-17,cancel,5.99,-5.99
9205,7014,2025-02-11,signup,5.99,5.99
9206,7015,2025-02-20,signup,5.99,5.99
9207,7016,2025-02-27,signup,5.99,5.99
9208,7016,2025-10-25,cancel,5.99,-5.99
9209,7017,2025-02-08,signup,5.99,5.99
9210,7018,2025-02-10,signup,5.99,5.99
9211,7019,2025-03-03,signup,5.99,5.99
9212,7020,2025-02-03,signup,5.99,5.99
9213,7020,2025-04-04,cancel,5.99,-5.99
9214,7021,2025-02-26,signup,5.99,5.99
9215,7021,2025-03-28,cancel,5.99,-5.99
9216,7023,2025-02-07,signup,5.99,5.99
9217,7023,2025-12-04,cancel,5.99,-5.99
9218,7024,2025-02-28,signup,5.99,5.99
9219,7024,2025-06-28,cancel,5.99,-5.99
9220,7026,2025-02-09,signup,5.99,5.99
9221,7027,2025-02-02,signup,5.99,5.99
9222,7029,2025-03-02,signup,5.99,5.99
9223,7030,2025-02-05,signup,5.99,5.99
9224,7031,2025-02-09,signup,5.99,5.99
9225,7032,2025-02-12,signup,5.99,5.99
9226,7032,2025-08-11,cancel,5.99,-5.99
9227,7033,2025-02-23,signup,5.99,5.99
9228,7034,2025-03-03,signup,5.99,5.99
9229,7034,2025-07-31,cancel,5.99,-5.99
9230,7035,2025-03-04,signup,5.99,5.99
9231,7036,2025-03-02,signup,5.99,5.99
9232,7037,2025-02-26,signup,5.99,5.99
9233,7037,2025-07-26,cancel,5.99,-5.99
9234,7038,2025-02-14,signup,5.99,5.99
9235,7039,2025-02-05,signup,5.99,5.99
9236,7039,2025-03-07,cancel,5.99,-5.99
9237,7040,2025-02-13,signup,5.99,5.99
9238,7041,2025-02-26,signup,5.99,5.99
9239,7042,2025-02-17,signup,5.99,5.99
9240,7042,2025-04-18,cancel,5.99,-5.99
9241,7043,2025-02-03,signup,5.99,5.99
9242,7043,2025-03-05,cancel,5.99,-5.99
9243,7044,2025-02-28,signup,5.99,5.99
9244,7044,2025-07-28,cancel,5.99,-5.99
9245,7045,2025-02-05,signup,5.99,5.99
9246,7046,2025-03-02,signup,5.99,5.99
9247,7046,2025-05-01,cancel,5.99,-5.99
9248,7047,2025-02-11,signup,5.99,5.99
9249,7047,2025-03-13,cancel,5.99,-5.99
9250,7048,2025-02-28,signup,5.99,5.99
9251,7049,2025-02-16,signup,5.99,5.99
9252,7050,2025-03-04,signup,5.99,5.99
9253,7051,2025-02-11,signup,5.99,5.99
9254,7052,2025-02-09,signup,5.99,5.99
9255,7052,2025-07-09,cancel,5.99,-5.99
9256,7053,2025-03-03,signup,5.99,5.99
9257,7053,2025-08-30,cancel,5.99,-5.99
9258,7054,2025-02-24,signup,5.99,5.99
9259,7055,2025-02-09,signup,5.99,5.99
9260,7056,2025-02-14,signup,5.99,5.99
9261,7057,2025-02-20,signup,5.99,5.99
9262,7057,2025-08-19,cancel,5.99,-5.99
9263,7059,2025-03-02,signup,5.99,5.99
9264,7059,2025-12-27,cancel,5.99,-5.99
9265,7060,2025-02-28,signup,5.99,5.99
9266,7061,2025-02-12,signup,5.99,5.99
9267,7061,2025-03-14,cancel,5.99,-5.99
9268,7062,2025-02-16,signup,5.99,5.99
9269,7064,2025-02-16,signup,5.99,5.99
9270,7065,2025-02-20,signup,5.99,5.99
9271,7065,2025-03-22,cancel,5.99,-5.99
9272,7066,2025-02-09,signup,5.99,5.99
9273,7067,2025-02-23,signup,5.99,5.99
9274,7068,2025-02-05,signup,5.99,5.99
9275,7068,2025-04-06,cancel,5.99,-5.99
9276,7071,2025-02-09,signup,5.99,5.99
9277,7072,2025-02-21,signup,5.99,5.99
9278,7073,2025-02-19,signup,5.99,5.99
9279,7074,2025-03-05,signup,5.99,5.99
9280,7074,2025-04-04,cancel,5.99,-5.99
9281,7075,2025-03-01,signup,5.99,5.99
9282,7075,2025-04-30,cancel,5.99,-5.99
9283,7076,2025-02-26,signup,5.99,5.99
9284,7077,2025-02-07,signup,5.99,5.99
9285,7078,2025-02-16,signup,5.99,5.99
9286,7080,2025-02-16,signup,5.99,5.99
9287,7081,2025-02-14,signup,5.99,5.99
9288,7081,2025-03-16,cancel,5.99,-5.99
9289,7082,2025-02-13,signup,5.99,5.99
9290,7083,2025-02-09,signup,5.99,5.99
9291,7083,2025-03-11,cancel,5.99,-5.99
9292,7084,2025-02-15,signup,5.99,5.99
9293,7085,2025-02-10,signup,5.99,5.99
9294,7087,2025-02-12,signup,5.99,5.99
9295,7090,2025-02-19,signup,5.99,5.99
9296,7090,2025-03-21,cancel,5.99,-5.99
9297,7091,2025-03-04,signup,5.99,5.99
9298,7091,2025-06-02,cancel,5.99,-5.99
9299,7092,2025-02-11,signup,5.99,5.99
9300,7093,2025-02-18,signup,5.99,5.99
9301,7093,2025-04-19,cancel,5.99,-5.99
9302,7094,2025-02-08,signup,5.99,5.99
9303,7095,2025-02-17,signup,5.99,5.99
9304,7095,2025-08-16,cancel,5.99,-5.99
9305,7096,2025-02-16,signup,5.99,5.99
9306,7096,2025-08-15,cancel,5.99,-5.99
9307,7097,2025-02-20,signup,5.99,5.99
9308,7097,2025-03-22,cancel,5.99,-5.99
9309,7098,2025-02-27,signup,5.99,5.99
9310,7099,2025-02-08,signup,5.99,5.99
9311,7100,2025-02-14,signup,5.99,5.99
9312,7101,2025-02-16,signup,5.99,5.99
9313,7101,2025-07-16,cancel,5.99,-5.99
9314,7102,2025-02-14,signup,5.99,5.99
9315,7102,2025-06-14,cancel,5.99,-5.99
9316,7103,2025-02-15,signup,5.99,5.99
9317,7103,2025-04-16,cancel,5.99,-5.99
9318,7104,2025-02-24,signup,5.99,5.99
9319,7105,2025-02-17,signup,5.99,5.99
9320,7105,2025-10-15,cancel,5.99,-5.99
9321,7106,2025-02-20,signup,5.99,5.99
9322,7107,2025-02-19,signup,5.99,5.99
9323,7108,2025-02-11,signup,5.99,5.99
9324,7108,2025-06-11,cancel,5.99,-5.99
9325,7109,2025-02-19,signup,5.99,5.99
9326,7110,2025-02-15,signup,5.99,5.99
9327,7111,2025-02-23,signup,5.99,5.99
9328,7112,2025-03-03,signup,5.99,5.99
9329,7113,2025-02-19,signup,5.99,5.99
9330,7114,2025-02-14,signup,5.99,5.99
9331,7114,2025-05-15,cancel,5.99,-5.99
9332,7115,2025-02-10,signup,5.99,5.99
9333,7116,2025-02-11,signup,5.99,5.99
9334,7117,2025-02-05,signup,5.99,5.99
9335,7117,2025-04-06,cancel,5.99,-5.99
9336,7120,2025-02-28,signup,5.99,5.99
9337,7121,2025-02-09,signup,5.99,5.99
9338,7121,2025-05-10,cancel,5.99,-5.99
9339,7122,2025-02-12,signup,5.99,5.99
9340,7123,2025-02-09,signup,5.99,5.99
9341,7124,2025-02-26,signup,5.99,5.99
9342,7124,2025-04-27,cancel,5.99,-5.99
9343,7126,2025-02-19,signup,5.99,5.99
9344,7126,2025-03-21,cancel,5.99,-5.99
9345,7127,2025-02-20,signup,5.99,5.99
9346,7127,2025-04-21,cancel,5.99,-5.99
9347,7128,2025-02-10,signup,5.99,5.99
9348,7128,2025-05-11,cancel,5.99,-5.99
9349,7129,2025-02-15,signup,5.99,5.99
9350,7130,2025-02-11,signup,5.99,5.99
9351,7131,2025-03-03,signup,5.99,5.99
9352,7131,2025-04-02,cancel,5.99,-5.99
9353,7132,2025-02-23,signup,5.99,5.99
9354,7133,2025-02-15,signup,5.99,5.99
9355,7134,2025-02-28,signup,5.99,5.99
9356,7134,2025-06-28,cancel,5.99,-5.99
9357,7135,2025-02-07,signup,5.99,5.99
9358,7137,2025-02-26,signup,5.99,5.99
9359,7137,2025-03-28,cancel,5.99,-5.99
9360,7138,2025-02-23,signup,5.99,5.99
9361,7138,2025-04-24,cancel,5.99,-5.99
9362,7139,2025-03-08,signup,5.99,5.99
9363,7140,2025-02-07,signup,5.99,5.99
9364,7142,2025-02-24,signup,5.99,5.99
9365,7142,2025-06-24,cancel,5.99,-5.99
9366,7143,2025-02-26,signup,5.99,5.99
9367,7144,2025-03-04,signup,5.99,5.99
9368,7145,2025-03-06,signup,5.99,5.99
9369,7145,2025-09-02,cancel,5.99,-5.99
9370,7146,2025-02-18,signup,5.99,5.99
9371,7146,2025-08-17,cancel,5.99,-5.99
9372,7148,2025-02-23,signup,5.99,5.99
9373,7149,2025-02-15,signup,5.99,5.99
9374,7150,2025-02-14,signup,5.99,5.99
9375,7151,2025-03-06,signup,5.99,5.99
9376,7152,2025-02-18,signup,5.99,5.99
9377,7153,2025-02-17,signup,5.99,5.99
9378,7153,2025-04-18,cancel,5.99,-5.99
9379,7154,2025-02-24,signup,5.99,5.99
9380,7154,2025-04-25,cancel,5.99,-5.99
9381,7155,2025-02-24,signup,5.99,5.99
9382,7156,2025-03-02,signup,5.99,5.99
9383,7157,2025-02-25,signup,5.99,5.99
9384,7157,2025-06-25,cancel,5.99,-5.99
9385,7158,2025-03-01,signup,5.99,5.99
9386,7158,2025-12-26,cancel,5.99,-5.99
9387,7159,2025-02-21,signup,5.99,5.99
9388,7160,2025-02-08,signup,5.99,5.99
9389,7162,2025-03-08,signup,5.99,5.99
9390,7163,2025-02-15,signup,5.99,5.99
9391,7163,2025-03-17,cancel,5.99,-5.99
9392,7164,2025-02-14,signup,5.99,5.99
9393,7164,2025-11-11,cancel,5.99,-5.99
9394,7165,2025-02-25,signup,5.99,5.99
9395,7165,2025-03-27,cancel,5.99,-5.99
9396,7166,2025-02-17,signup,5.99,5.99
9397,7168,2025-03-03,signup,5.99,5.99
9398,7168,2025-06-01,cancel,5.99,-5.99
9399,7169,2025-02-15,signup,5.99,5.99
9400,7171,2025-02-09,signup,5.99,5.99
9401,7171,2025-08-08,cancel,5.99,-5.99
9402,7172,2025-02-20,signup,5.99,5.99
9403,7173,2025-02-11,signup,5.99,5.99
9404,7173,2025-04-12,cancel,5.99,-5.99
9405,7174,2025-02-20,signup,5.99,5.99
9406,7175,2025-02-09,signup,5.99,5.99
9407,7176,2025-02-21,signup,5.99,5.99
9408,7177,2025-02-22,signup,5.99,5.99
9409,7178,2025-02-27,signup,5.99,5.99
9410,7178,2025-03-29,cancel,5.99,-5.99
9411,7179,2025-02-18,signup,5.99,5.99
9412,7180,2025-02-14,signup,5.99,5.99
9413,7181,2025-02-09,signup,5.99,5.99
9414,7182,2025-02-18,signup,5.99,5.99
9415,7183,2025-02-28,signup,5.99,5.99
9416,7185,2025-02-16,signup,5.99,5.99
9417,7186,2025-03-02,signup,5.99,5.99
9418,7187,2025-02-19,signup,5.99,5.99
9419,7187,2025-03-21,cancel,5.99,-5.99
9420,7188,2025-02-27,signup,5.99,5.99
9421,7189,2025-02-19,signup,5.99,5.99
9422,7190,2025-02-15,signup,5.99,5.99
9423,7191,2025-02-25,signup,5.99,5.99
9424,7192,2025-02-09,signup,5.99,5.99
9425,7192,2025-07-09,cancel,5.99,-5.99
9426,7193,2025-02-21,signup,5.99,5.99
9427,7195,2025-02-26,signup,5.99,5.99
9428,7196,2025-02-10,signup,5.99,5.99
9429,7197,2025-02-14,signup,5.99,5.99
9430,7198,2025-03-01,signup,5.99,5.99
9431,7199,2025-02-18,signup,5.99,5.99
9432,7199,2025-07-18,cancel,5.99,-5.99
9433,7200,2025-02-26,signup,5.99,5.99
9434,7201,2025-02-09,signup,5.99,5.99
9435,7202,2025-02-17,signup,5.99,5.99
9436,7203,2025-02-14,signup,5.99,5.99
9437,7204,2025-02-22,signup,5.99,5.99
9438,7205,2025-02-28,signup,5.99,5.99
9439,7206,2025-02-16,signup,5.99,5.99
9440,7207,2025-02-12,signup,5.99,5.99
9441,7208,2025-02-19,signup,5.99,5.99
9442,7210,2025-03-04,signup,5.99,5.99
9443,7210,2025-07-02,cancel,5.99,-5.99
9444,7211,2025-03-10,signup,5.99,5.99
9445,7211,2025-05-09,cancel,5.99,-5.99
9446,7212,2025-03-05,signup,5.99,5.99
9447,7212,2025-08-02,cancel,5.99,-5.99
9448,7213,2025-03-11,signup,5.99,5.99
9449,7214,2025-02-10,signup,5.99,5.99
9450,7214,2025-08-09,cancel,5.99,-5.99
9451,7216,2025-03-06,signup,5.99,5.99
9452,7216,2025-06-04,cancel,5.99,-5.99
9453,7217,2025-02-17,signup,5.99,5.99
9454,7218,2025-02-10,signup,5.99,5.99
9455,7218,2025-03-12,cancel,5.99,-5.99
9456,7219,2025-03-11,signup,5.99,5.99
9457,7219,2025-05-10,cancel,5.99,-5.99
9458,7220,2025-02-11,signup,5.99,5.99
9459,7222,2025-03-11,signup,5.99,5.99
9460,7223,2025-03-07,signup,5.99,5.99
9461,7224,2025-02-12,signup,5.99,5.99
9462,7225,2025-02-26,signup,5.99,5.99
9463,7226,2025-02-17,signup,5.99,5.99
9464,7226,2025-12-14,cancel,5.99,-5.99
9465,7227,2025-02-18,signup,5.99,5.99
9466,7228,2025-03-06,signup,5.99,5.99
9467,7229,2025-02-18,signup,5.99,5.99
9468,7230,2025-02-18,signup,5.99,5.99
9469,7231,2025-02-23,signup,5.99,5.99
9470,7231,2025-06-23,cancel,5.99,-5.99
9471,7232,2025-02-18,signup,5.99,5.99
9472,7233,2025-02-23,signup,5.99,5.99
9473,7234,2025-03-08,signup,5.99,5.99
9474,7234,2025-09-04,cancel,5.99,-5.99
9475,7235,2025-02-12,signup,5.99,5.99
9476,7236,2025-02-26,signup,5.99,5.99
9477,7236,2025-05-27,cancel,5.99,-5.99
9478,7238,2025-02-18,signup,5.99,5.99
9479,7239,2025-03-08,signup,5.99,5.99
9480,7239,2025-04-07,cancel,5.99,-5.99
9481,7240,2025-03-10,signup,5.99,5.99
9482,7241,2025-03-13,signup,5.99,5.99
9483,7241,2025-05-12,cancel,5.99,-5.99
9484,7242,2025-02-15,signup,5.99,5.99
9485,7243,2025-02-20,signup,5.99,5.99
9486,7244,2025-02-16,signup,5.99,5.99
9487,7244,2025-03-18,cancel,5.99,-5.99
9488,7245,2025-03-05,signup,5.99,5.99
9489,7246,2025-02-22,signup,5.99,5.99
9490,7247,2025-02-17,signup,5.99,5.99
9491,7247,2025-03-19,cancel,5.99,-5.99
9492,7249,2025-03-10,signup,5.99,5.99
9493,7250,2025-02-23,signup,5.99,5.99
9494,7251,2025-02-17,signup,5.99,5.99
9495,7252,2025-03-04,signup,5.99,5.99
9496,7253,2025-02-13,signup,5.99,5.99
9497,7254,2025-03-04,signup,5.99,5.99
9498,7254,2025-11-29,cancel,5.99,-5.99
9499,7255,2025-02-11,signup,5.99,5.99
9500,7256,2025-02-20,signup,5.99,5.99
9501,7257,2025-02-27,signup,5.99,5.99
9502,7258,2025-02-26,signup,5.99,5.99
9503,7258,2025-05-27,cancel,5.99,-5.99
9504,7259,2025-02-21,signup,5.99,5.99
9505,7259,2025-04-22,cancel,5.99,-5.99
9506,7260,2025-02-27,signup,5.99,5.99
9507,7261,2025-03-09,signup,5.99,5.99
9508,7262,2025-03-07,signup,5.99,5.99
9509,7262,2025-12-02,cancel,5.99,-5.99
9510,7263,2025-03-05,signup,5.99,5.99
9511,7263,2025-05-04,cancel,5.99,-5.99
9512,7264,2025-02-20,signup,5.99,5.99
9513,7265,2025-02-17,signup,5.99,5.99
9514,7265,2025-09-15,cancel,5.99,-5.99
9515,7266,2025-02-16,signup,5.99,5.99
9516,7266,2025-08-15,cancel,5.99,-5.99
9517,7267,2025-02-27,signup,5.99,5.99
9518,7268,2025-03-11,signup,5.99,5.99
9519,7269,2025-03-03,signup,5.99,5.99
9520,7270,2025-03-05,signup,5.99,5.99
9521,7271,2025-02-19,signup,5.99,5.99
9522,7271,2025-04-20,cancel,5.99,-5.99
9523,7272,2025-03-13,signup,5.99,5.99
9524,7273,2025-02-17,signup,5.99,5.99
9525,7274,2025-02-19,signup,5.99,5.99
9526,7275,2025-02-18,signup,5.99,5.99
9527,7277,2025-03-11,signup,5.99,5.99
9528,7278,2025-03-10,signup,5.99,5.99
9529,7279,2025-03-12,signup,5.99,5.99
9530,7279,2025-05-11,cancel,5.99,-5.99
9531,7280,2025-03-12,signup,5.99,5.99
9532,7283,2025-03-04,signup,5.99,5.99
9533,7284,2025-02-13,signup,5.99,5.99
9534,7284,2025-04-14,cancel,5.99,-5.99
9535,7285,2025-03-02,signup,5.99,5.99
9536,7285,2025-04-01,cancel,5.99,-5.99
9537,7286,2025-02-27,signup,5.99,5.99
9538,7286,2025-04-28,cancel,5.99,-5.99
9539,7287,2025-03-08,signup,5.99,5.99
9540,7287,2025-04-07,cancel,5.99,-5.99
9541,7288,2025-02-24,signup,5.99,5.99
9542,7288,2025-03-26,cancel,5.99,-5.99
9543,7289,2025-03-05,signup,5.99,5.99
9544,7290,2025-02-18,signup,5.99,5.99
9545,7291,2025-03-09,signup,5.99,5.99
9546,7292,2025-03-09,signup,5.99,5.99
9547,7293,2025-02-15,signup,5.99,5.99
9548,7294,2025-03-05,signup,5.99,5.99
9549,7295,2025-03-12,signup,5.99,5.99
9550,7296,2025-02-17,signup,5.99,5.99
9551,7297,2025-03-12,signup,5.99,5.99
9552,7298,2025-03-12,signup,5.99,5.99
9553,7299,2025-02-27,signup,5.99,5.99
9554,7300,2025-02-18,signup,5.99,5.99
9555,7300,2025-05-19,cancel,5.99,-5.99
9556,7301,2025-03-06,signup,5.99,5.99
9557,7301,2025-04-05,cancel,5.99,-5.99
9558,7302,2025-03-05,signup,5.99,5.99
9559,7303,2025-03-11,signup,5.99,5.99
9560,7303,2025-12-06,cancel,5.99,-5.99
9561,7304,2025-03-13,signup,5.99,5.99
9562,7304,2025-04-12,cancel,5.99,-5.99
9563,7305,2025-02-24,signup,5.99,5.99
9564,7305,2025-06-24,cancel,5.99,-5.99
9565,7306,2025-02-15,signup,5.99,5.99
9566,7307,2025-02-18,signup,5.99,5.99
9567,7308,2025-02-23,signup,5.99,5.99
9568,7308,2025-10-21,cancel,5.99,-5.99
9569,7309,2025-03-07,signup,5.99,5.99
9570,7309,2025-05-06,cancel,5.99,-5.99
9571,7310,2025-02-19,signup,5.99,5.99
9572,7310,2025-03-21,cancel,5.99,-5.99
9573,7311,2025-03-01,signup,5.99,5.99
9574,7312,2025-02-24,signup,5.99,5.99
9575,7312,2025-03-26,cancel,5.99,-5.99
9576,7313,2025-02-17,signup,5.99,5.99
9577,7314,2025-03-03,signup,5.99,5.99
9578,7315,2025-02-25,signup,5.99,5.99
9579,7316,2025-03-03,signup,5.99,5.99
9580,7316,2025-07-01,cancel,5.99,-5.99
9581,7317,2025-02-18,signup,5.99,5.99
9582,7318,2025-02-25,signup,5.99,5.99
9583,7318,2025-06-25,cancel,5.99,-5.99
9584,7319,2025-03-01,signup,5.99,5.99
9585,7320,2025-03-04,signup,5.99,5.99
9586,7320,2025-08-31,cancel,5.99,-5.99
9587,7321,2025-02-28,signup,5.99,5.99
9588,7322,2025-03-06,signup,5.99,5.99
9589,7322,2025-04-05,cancel,5.99,-5.99
9590,7323,2025-03-07,signup,5.99,5.99
9591,7324,2025-02-24,signup,5.99,5.99
9592,7325,2025-02-20,signup,5.99,5.99
9593,7326,2025-02-14,signup,5.99,5.99
9594,7327,2025-02-15,signup,5.99,5.99
9595,7329,2025-03-05,signup,5.99,5.99
9596,7329,2025-06-03,cancel,5.99,-5.99
9597,7330,2025-03-02,signup,5.99,5.99
9598,7330,2025-05-01,cancel,5.99,-5.99
9599,7331,2025-03-10,signup,5.99,5.99
9600,7332,2025-03-16,signup,5.99,5.99
9601,7332,2025-07-14,cancel,5.99,-5.99
9602,7333,2025-02-28,signup,5.99,5.99
9603,7334,2025-03-13,signup,5.99,5.99
9604,7334,2025-05-12,cancel,5.99,-5.99
9605,7335,2025-03-13,signup,5.99,5.99
9606,7335,2025-10-09,cancel,5.99,-5.99
9607,7336,2025-02-22,signup,5.99,5.99
9608,7337,2025-02-24,signup,5.99,5.99
9609,7337,2025-07-24,cancel,5.99,-5.99
9610,7339,2025-02-20,signup,5.99,5.99
9611,7339,2025-05-21,cancel,5.99,-5.99
9612,7340,2025-03-10,signup,5.99,5.99
9613,7341,2025-03-16,signup,5.99,5.99
9614,7341,2025-10-12,cancel,5.99,-5.99
9615,7342,2025-02-21,signup,5.99,5.99
9616,7343,2025-02-27,signup,5.99,5.99
9617,7344,2025-03-13,signup,5.99,5.99
9618,7345,2025-02-25,signup,5.99,5.99
9619,7345,2025-04-26,cancel,5.99,-5.99
9620,7346,2025-02-19,signup,5.99,5.99
9621,7346,2025-05-20,cancel,5.99,-5.99
9622,7348,2025-03-17,signup,5.99,5.99
9623,7349,2025-03-12,signup,5.99,5.99
9624,7349,2025-08-09,cancel,5.99,-5.99
9625,7350,2025-03-07,signup,5.99,5.99
9626,7350,2025-04-06,cancel,5.99,-5.99
9627,7351,2025-02-22,signup,5.99,5.99
9628,7352,2025-03-01,signup,5.99,5.99
9629,7353,2025-02-26,signup,5.99,5.99
9630,7354,2025-02-15,signup,5.99,5.99
9631,7355,2025-02-17,signup,5.99,5.99
9632,7356,2025-02-18,signup,5.99,5.99
9633,7357,2025-02-25,signup,5.99,5.99
9634,7358,2025-02-20,signup,5.99,5.99
9635,7358,2025-09-18,cancel,5.99,-5.99
9636,7359,2025-03-04,signup,5.99,5.99
9637,7359,2025-05-03,cancel,5.99,-5.99
9638,7360,2025-03-12,signup,5.99,5.99
9639,7360,2025-05-11,cancel,5.99,-5.99
9640,7361,2025-03-13,signup,5.99,5.99
9641,7362,2025-02-16,signup,5.99,5.99
9642,7362,2025-03-18,cancel,5.99,-5.99
9643,7364,2025-03-13,signup,5.99,5.99
9644,7364,2025-05-12,cancel,5.99,-5.99
9645,7365,2025-02-20,signup,5.99,5.99
9646,7366,2025-02-24,signup,5.99,5.99
9647,7366,2025-05-25,cancel,5.99,-5.99
9648,7367,2025-03-02,signup,5.99,5.99
9649,7367,2025-06-30,cancel,5.99,-5.99
9650,7368,2025-02-16,signup,5.99,5.99
9651,7368,2025-10-14,cancel,5.99,-5.99
9652,7369,2025-03-14,signup,5.99,5.99
9653,7370,2025-03-10,signup,5.99,5.99
9654,7371,2025-03-16,signup,5.99,5.99
9655,7372,2025-02-19,signup,5.99,5.99
9656,7372,2025-04-20,cancel,5.99,-5.99
9657,7373,2025-03-12,signup,5.99,5.99
9658,7373,2025-04-11,cancel,5.99,-5.99
9659,7374,2025-02-21,signup,5.99,5.99
9660,7375,2025-02-24,signup,5.99,5.99
9661,7376,2025-02-23,signup,5.99,5.99
9662,7377,2025-03-03,signup,5.99,5.99
9663,7379,2025-02-21,signup,5.99,5.99
9664,7381,2025-03-19,signup,5.99,5.99
9665,7382,2025-03-15,signup,5.99,5.99
9666,7382,2025-06-13,cancel,5.99,-5.99
9667,7383,2025-03-05,signup,5.99,5.99
9668,7384,2025-02-28,signup,5.99,5.99
9669,7385,2025-02-21,signup,5.99,5.99
9670,7386,2025-02-20,signup,5.99,5.99
9671,7386,2025-03-22,cancel,5.99,-5.99
9672,7389,2025-03-14,signup,5.99,5.99
9673,7389,2025-04-13,cancel,5.99,-5.99
9674,7390,2025-03-01,signup,5.99,5.99
9675,7391,2025-03-02,signup,5.99,5.99
9676,7391,2025-04-01,cancel,5.99,-5.99
9677,7392,2025-02-26,signup,5.99,5.99
9678,7393,2025-03-08,signup,5.99,5.99
9679,7394,2025-03-16,signup,5.99,5.99
9680,7395,2025-03-08,signup,5.99,5.99
9681,7395,2025-05-07,cancel,5.99,-5.99
9682,7396,2025-03-17,signup,5.99,5.99
9683,7397,2025-03-13,signup,5.99,5.99
9684,7397,2025-08-10,cancel,5.99,-5.99
9685,7398,2025-03-04,signup,5.99,5.99
9686,7399,2025-03-12,signup,5.99,5.99
9687,7400,2025-03-20,signup,5.99,5.99
9688,7401,2025-02-25,signup,5.99,5.99
9689,7402,2025-03-04,signup,5.99,5.99
9690,7403,2025-03-17,signup,5.99,5.99
9691,7403,2025-05-16,cancel,5.99,-5.99
9692,7404,2025-03-17,signup,5.99,5.99
9693,7405,2025-03-19,signup,5.99,5.99
9694,7406,2025-02-19,signup,5.99,5.99
9695,7406,2025-04-20,cancel,5.99,-5.99
9696,7407,2025-03-13,signup,5.99,5.99
9697,7408,2025-02-24,signup,5.99,5.99
9698,7409,2025-03-16,signup,5.99,5.99
9699,7409,2025-04-15,cancel,5.99,-5.99
9700,7410,2025-02-18,signup,5.99,5.99
9701,7411,2025-02-27,signup,5.99,5.99
9702,7411,2025-04-28,cancel,5.99,-5.99
9703,7412,2025-03-05,signup,5.99,5.99
9704,7412,2025-04-04,cancel,5.99,-5.99
9705,7413,2025-03-12,signup,5.99,5.99
9706,7413,2025-09-08,cancel,5.99,-5.99
9707,7414,2025-03-18,signup,5.99,5.99
9708,7414,2025-08-15,cancel,5.99,-5.99
9709,7415,2025-03-08,signup,5.99,5.99
9710,7416,2025-02-19,signup,5.99,5.99
9711,7417,2025-02-25,signup,5.99,5.99
9712,7417,2025-03-27,cancel,5.99,-5.99
9713,7418,2025-03-15,signup,5.99,5.99
9714,7418,2025-04-14,cancel,5.99,-5.99
9715,7419,2025-03-11,signup,5.99,5.99
9716,7419,2025-06-09,cancel,5.99,-5.99
9717,7420,2025-03-11,signup,5.99,5.99
9718,7420,2025-09-07,cancel,5.99,-5.99
9719,7421,2025-02-21,signup,5.99,5.99
9720,7421,2025-03-23,cancel,5.99,-5.99
9721,7422,2025-02-22,signup,5.99,5.99
9722,7423,2025-02-26,signup,5.99,5.99
9723,7423,2025-04-27,cancel,5.99,-5.99
9724,7424,2025-03-16,signup,5.99,5.99
9725,7425,2025-03-09,signup,5.99,5.99
9726,7425,2025-05-08,cancel,5.99,-5.99
9727,7426,2025-03-03,signup,5.99,5.99
9728,7427,2025-02-27,signup,5.99,5.99
9729,7428,2025-03-13,signup,5.99,5.99
9730,7429,2025-03-21,signup,5.99,5.99
9731,7430,2025-03-09,signup,5.99,5.99
9732,7431,2025-03-04,signup,5.99,5.99
9733,7432,2025-02-27,signup,5.99,5.99
9734,7432,2025-03-29,cancel,5.99,-5.99
9735,7433,2025-02-27,signup,5.99,5.99
9736,7434,2025-03-12,signup,5.99,5.99
9737,7435,2025-03-13,signup,5.99,5.99
9738,7436,2025-03-12,signup,5.99,5.99
9739,7437,2025-02-23,signup,5.99,5.99
9740,7438,2025-03-14,signup,5.99,5.99
9741,7438,2025-06-12,cancel,5.99,-5.99
9742,7439,2025-02-27,signup,5.99,5.99
9743,7439,2025-03-29,cancel,5.99,-5.99
9744,7440,2025-03-06,signup,5.99,5.99
9745,7441,2025-03-03,signup,5.99,5.99
9746,7442,2025-03-09,signup,5.99,5.99
9747,7442,2025-04-08,cancel,5.99,-5.99
9748,7443,2025-03-10,signup,5.99,5.99
9749,7444,2025-02-25,signup,5.99,5.99
9750,7444,2025-03-27,cancel,5.99,-5.99
9751,7445,2025-03-10,signup,5.99,5.99
9752,7445,2025-05-09,cancel,5.99,-5.99
9753,7446,2025-03-14,signup,5.99,5.99
9754,7447,2025-02-22,signup,5.99,5.99
9755,7448,2025-03-05,signup,5.99,5.99
9756,7448,2025-04-04,cancel,5.99,-5.99
9757,7449,2025-03-08,signup,5.99,5.99
9758,7450,2025-02-20,signup,5.99,5.99
9759,7450,2025-04-21,cancel,5.99,-5.99
9760,7451,2025-03-07,signup,5.99,5.99
9761,7451,2025-04-06,cancel,5.99,-5.99
9762,7452,2025-03-08,signup,5.99,5.99
9763,7453,2025-03-20,signup,5.99,5.99
9764,7453,2025-06-18,cancel,5.99,-5.99
9765,7454,2025-03-12,signup,5.99,5.99
9766,7455,2025-03-05,signup,5.99,5.99
9767,7456,2025-03-17,signup,5.99,5.99
9768,7456,2025-06-15,cancel,5.99,-5.99
9769,7457,2025-03-02,signup,5.99,5.99
9770,7457,2025-06-30,cancel,5.99,-5.99
9771,7458,2025-02-21,signup,5.99,5.99
9772,7459,2025-03-21,signup,5.99,5.99
9773,7459,2025-11-16,cancel,5.99,-5.99
9774,7460,2025-02-26,signup,5.99,5.99
9775,7461,2025-03-06,signup,5.99,5.99
9776,7461,2025-04-05,cancel,5.99,-5.99
9777,7462,2025-03-05,signup,5.99,5.99
9778,7462,2025-05-04,cancel,5.99,-5.99
9779,7463,2025-03-06,signup,5.99,5.99
9780,7464,2025-02-27,signup,5.99,5.99
9781,7465,2025-03-02,signup,5.99,5.99
9782,7466,2025-02-21,signup,5.99,5.99
9783,7467,2025-03-07,signup,5.99,5.99
9784,7468,2025-02-26,signup,5.99,5.99
9785,7469,2025-03-06,signup,5.99,5.99
9786,7469,2025-06-04,cancel,5.99,-5.99
9787,7470,2025-02-25,signup,5.99,5.99
9788,7472,2025-03-13,signup,5.99,5.99
9789,7472,2025-04-12,cancel,5.99,-5.99
9790,7473,2025-03-14,signup,5.99,5.99
9791,7475,2025-03-12,signup,5.99,5.99
9792,7475,2025-05-11,cancel,5.99,-5.99
9793,7476,2025-03-18,signup,5.99,5.99
9794,7478,2025-03-07,signup,5.99,5.99
9795,7479,2025-03-09,signup,5.99,5.99
9796,7480,2025-03-14,signup,5.99,5.99
9797,7481,2025-03-20,signup,5.99,5.99
9798,7482,2025-03-19,signup,5.99,5.99
9799,7483,2025-03-07,signup,5.99,5.99
9800,7483,2025-04-06,cancel,5.99,-5.99
9801,7484,2025-03-09,signup,5.99,5.99
9802,7484,2025-06-07,cancel,5.99,-5.99
9803,7486,2025-02-27,signup,5.99,5.99
9804,7488,2025-03-07,signup,5.99,5.99
9805,7489,2025-03-04,signup,5.99,5.99
9806,7489,2025-12-29,cancel,5.99,-5.99
9807,7490,2025-03-04,signup,5.99,5.99
9808,7491,2025-03-22,signup,5.99,5.99
9809,7491,2025-04-21,cancel,5.99,-5.99
9810,7492,2025-03-16,signup,5.99,5.99
9811,7492,2025-05-15,cancel,5.99,-5.99
9812,7493,2025-03-10,signup,5.99,5.99
9813,7494,2025-03-20,signup,5.99,5.99
9814,7495,2025-03-19,signup,5.99,5.99
9815,7496,2025-03-22,signup,5.99,5.99
9816,7497,2025-03-22,signup,5.99,5.99
9817,7497,2025-06-20,cancel,5.99,-5.99
9818,7499,2025-03-13,signup,5.99,5.99
9819,7500,2025-03-04,signup,5.99,5.99
9820,7501,2025-03-19,signup,5.99,5.99
9821,7502,2025-03-16,signup,5.99,5.99
9822,7503,2025-02-28,signup,5.99,5.99
9823,7504,2025-02-24,signup,5.99,5.99
9824,7505,2025-02-23,signup,5.99,5.99
9825,7505,2025-05-24,cancel,5.99,-5.99
9826,7506,2025-03-13,signup,5.99,5.99
9827,7507,2025-03-08,signup,5.99,5.99
9828,7507,2025-04-07,cancel,5.99,-5.99
9829,7508,2025-03-03,signup,5.99,5.99
9830,7509,2025-02-25,signup,5.99,5.99
9831,7510,2025-03-09,signup,5.99,5.99
9832,7511,2025-03-14,signup,5.99,5.99
9833,7512,2025-03-23,signup,5.99,5.99
9834,7512,2025-04-22,cancel,5.99,-5.99
9835,7513,2025-02-26,signup,5.99,5.99
9836,7513,2025-05-27,cancel,5.99,-5.99
9837,7514,2025-03-24,signup,5.99,5.99
9838,7514,2025-05-23,cancel,5.99,-5.99
9839,7515,2025-03-19,signup,5.99,5.99
9840,7516,2025-03-16,signup,5.99,5.99
9841,7517,2025-03-24,signup,5.99,5.99
9842,7518,2025-03-12,signup,5.99,5.99
9843,7518,2025-06-10,cancel,5.99,-5.99
9844,7519,2025-02-27,signup,5.99,5.99
9845,7519,2025-04-28,cancel,5.99,-5.99
9846,7520,2025-02-25,signup,5.99,5.99
9847,7520,2025-06-25,cancel,5.99,-5.99
9848,7521,2025-03-25,signup,5.99,5.99
9849,7521,2025-08-22,cancel,5.99,-5.99
9850,7522,2025-03-08,signup,5.99,5.99
9851,7523,2025-03-04,signup,5.99,5.99
9852,7525,2025-03-04,signup,5.99,5.99
9853,7527,2025-02-23,signup,5.99,5.99
9854,7528,2025-03-12,signup,5.99,5.99
9855,7530,2025-02-28,signup,5.99,5.99
9856,7531,2025-02-28,signup,5.99,5.99
9857,7532,2025-03-04,signup,5.99,5.99
9858,7533,2025-03-14,signup,5.99,5.99
9859,7533,2025-06-12,cancel,5.99,-5.99
9860,7534,2025-03-20,signup,5.99,5.99
9861,7535,2025-03-25,signup,5.99,5.99
9862,7535,2025-11-20,cancel,5.99,-5.99
9863,7536,2025-03-24,signup,5.99,5.99
9864,7537,2025-03-14,signup,5.99,5.99
9865,7538,2025-03-09,signup,5.99,5.99
9866,7538,2025-05-08,cancel,5.99,-5.99
9867,7539,2025-03-09,signup,5.99,5.99
9868,7540,2025-03-22,signup,5.99,5.99
9869,7541,2025-03-15,signup,5.99,5.99
9870,7542,2025-02-24,signup,5.99,5.99
9871,7542,2025-07-24,cancel,5.99,-5.99
9872,7543,2025-02-28,signup,5.99,5.99
9873,7544,2025-03-08,signup,5.99,5.99
9874,7545,2025-03-20,signup,5.99,5.99
9875,7545,2025-06-18,cancel,5.99,-5.99
9876,7546,2025-03-02,signup,5.99,5.99
9877,7548,2025-03-26,signup,5.99,5.99
9878,7549,2025-03-08,signup,5.99,5.99
9879,7549,2025-11-03,cancel,5.99,-5.99
9880,7550,2025-03-26,signup,5.99,5.99
9881,7551,2025-03-06,signup,5.99,5.99
9882,7552,2025-03-14,signup,5.99,5.99
9883,7553,2025-03-19,signup,5.99,5.99
9884,7554,2025-03-07,signup,5.99,5.99
9885,7554,2025-06-05,cancel,5.99,-5.99
9886,7556,2025-02-28,signup,5.99,5.99
9887,7556,2025-11-25,cancel,5.99,-5.99
9888,7557,2025-03-15,signup,5.99,5.99
9889,7558,2025-03-27,signup,5.99,5.99
9890,7559,2025-03-21,signup,5.99,5.99
9891,7560,2025-03-11,signup,5.99,5.99
9892,7560,2025-05-10,cancel,5.99,-5.99
9893,7561,2025-03-02,signup,5.99,5.99
9894,7562,2025-03-01,signup,5.99,5.99
9895,7563,2025-03-08,signup,5.99,5.99
9896,7564,2025-03-25,signup,5.99,5.99
9897,7564,2025-06-23,cancel,5.99,-5.99
9898,7565,2025-02-25,signup,5.99,5.99
9899,7565,2025-04-26,cancel,5.99,-5.99
9900,7566,2025-03-24,signup,5.99,5.99
9901,7567,2025-03-05,signup,5.99,5.99
9902,7568,2025-03-14,signup,5.99,5.99
9903,7569,2025-03-24,signup,5.99,5.99
9904,7569,2025-08-21,cancel,5.99,-5.99
9905,7570,2025-03-23,signup,5.99,5.99
9906,7570,2025-10-19,cancel,5.99,-5.99
9907,7571,2025-03-09,signup,5.99,5.99
9908,7574,2025-03-12,signup,5.99,5.99
9909,7575,2025-02-26,signup,5.99,5.99
9910,7575,2025-03-28,cancel,5.99,-5.99
9911,7578,2025-03-11,signup,5.99,5.99
9912,7579,2025-02-25,signup,5.99,5.99
9913,7579,2025-03-27,cancel,5.99,-5.99
9914,7580,2025-03-05,signup,5.99,5.99
9915,7581,2025-03-19,signup,5.99,5.99
9916,7582,2025-03-26,signup,5.99,5.99
9917,7583,2025-03-09,signup,5.99,5.99
9918,7583,2025-05-08,cancel,5.99,-5.99
9919,7584,2025-03-12,signup,5.99,5.99
9920,7586,2025-02-26,signup,5.99,5.99
9921,7588,2025-03-07,signup,5.99,5.99
9922,7589,2025-03-16,signup,5.99,5.99
9923,7590,2025-02-27,signup,5.99,5.99
9924,7590,2025-07-27,cancel,5.99,-5.99
9925,7591,2025-03-19,signup,5.99,5.99
9926,7591,2025-12-14,cancel,5.99,-5.99
9927,7592,2025-03-04,signup,5.99,5.99
9928,7592,2025-04-03,cancel,5.99,-5.99
9929,7593,2025-03-27,signup,5.99,5.99
9930,7594,2025-03-10,signup,5.99,5.99
9931,7594,2025-04-09,cancel,5.99,-5.99
9932,7595,2025-03-03,signup,5.99,5.99
9933,7596,2025-03-17,signup,5.99,5.99
9934,7597,2025-03-20,signup,5.99,5.99
9935,7597,2025-05-19,cancel,5.99,-5.99
9936,7598,2025-03-09,signup,5.99,5.99
9937,7600,2025-03-28,signup,5.99,5.99
9938,7601,2025-03-24,signup,5.99,5.99
9939,7602,2025-03-15,signup,5.99,5.99
9940,7602,2025-04-14,cancel,5.99,-5.99
9941,7603,2025-03-11,signup,5.99,5.99
9942,7605,2025-03-21,signup,5.99,5.99
9943,7605,2025-04-20,cancel,5.99,-5.99
9944,7607,2025-03-07,signup,5.99,5.99
9945,7608,2025-03-26,signup,5.99,5.99
9946,7609,2025-03-07,signup,5.99,5.99
9947,7609,2025-05-06,cancel,5.99,-5.99
9948,7610,2025-03-06,signup,5.99,5.99
9949,7611,2025-03-14,signup,5.99,5.99
9950,7612,2025-03-24,signup,5.99,5.99
9951,7613,2025-03-03,signup,5.99,5.99
9952,7614,2025-03-23,signup,5.99,5.99
9953,7615,2025-02-27,signup,5.99,5.99
9954,7615,2025-03-29,cancel,5.99,-5.99
9955,7616,2025-03-04,signup,5.99,5.99
9956,7617,2025-03-15,signup,5.99,5.99
9957,7618,2025-03-25,signup,5.99,5.99
9958,7618,2025-04-24,cancel,5.99,-5.99
9959,7620,2025-03-07,signup,5.99,5.99
9960,7621,2025-03-18,signup,5.99,5.99
9961,7621,2025-05-17,cancel,5.99,-5.99
9962,7623,2025-02-28,signup,5.99,5.99
9963,7626,2025-03-27,signup,5.99,5.99
9964,7628,2025-03-15,signup,5.99,5.99
9965,7629,2025-03-11,signup,5.99,5.99
9966,7630,2025-03-27,signup,5.99,5.99
9967,7630,2025-09-23,cancel,5.99,-5.99
9968,7631,2025-03-05,signup,5.99,5.99
9969,7632,2025-03-20,signup,5.99,5.99
9970,7633,2025-03-24,signup,5.99,5.99
9971,7634,2025-03-21,signup,5.99,5.99
9972,7635,2025-03-20,signup,5.99,5.99
9973,7636,2025-03-19,signup,5.99,5.99
9974,7636,2025-08-16,cancel,5.99,-5.99
9975,7637,2025-03-27,signup,5.99,5.99
9976,7638,2025-03-25,signup,5.99,5.99
9977,7638,2025-04-24,cancel,5.99,-5.99
9978,7639,2025-03-22,signup,5.99,5.99
9979,7640,2025-03-07,signup,5.99,5.99
9980,7640,2025-04-06,cancel,5.99,-5.99
9981,7641,2025-03-16,signup,5.99,5.99
9982,7642,2025-03-19,signup,5.99,5.99
9983,7642,2025-04-18,cancel,5.99,-5.99
9984,7643,2025-03-13,signup,5.99,5.99
9985,7643,2025-04-12,cancel,5.99,-5.99
9986,7644,2025-03-01,signup,5.99,5.99
9987,7644,2025-04-30,cancel,5.99,-5.99
9988,7645,2025-03-14,signup,5.99,5.99
9989,7646,2025-03-24,signup,5.99,5.99
9990,7647,2025-03-21,signup,5.99,5.99
9991,7648,2025-03-06,signup,5.99,5.99
9992,7648,2025-07-04,cancel,5.99,-5.99
9993,7649,2025-03-25,signup,5.99,5.99
9994,7650,2025-03-04,signup,5.99,5.99
9995,7651,2025-03-12,signup,5.99,5.99
9996,7651,2025-06-10,cancel,5.99,-5.99
9997,7652,2025-03-30,signup,5.99,5.99
9998,7652,2025-04-29,cancel,5.99,-5.99
9999,7653,2025-03-22,signup,5.99,5.99
10000,7653,2025-04-21,cancel,5.99,-5.99
10001,7654,2025-03-11,signup,5.99,5.99
10002,7654,2025-05-10,cancel,5.99,-5.99
10003,7655,2025-03-04,signup,5.99,5.99
10004,7657,2025-03-13,signup,5.99,5.99
10005,7657,2025-07-11,cancel,5.99,-5.99
10006,7658,2025-03-19,signup,5.99,5.99
10007,7658,2025-04-18,cancel,5.99,-5.99
10008,7659,2025-03-01,signup,5.99,5.99
10009,7660,2025-03-02,signup,5.99,5.99
10010,7661,2025-03-24,signup,5.99,5.99
10011,7662,2025-03-31,signup,5.99,5.99
10012,7662,2025-08-28,cancel,5.99,-5.99
10013,7664,2025-03-15,signup,5.99,5.99
10014,7665,2025-03-17,signup,5.99,5.99
10015,7665,2025-04-16,cancel,5.99,-5.99
10016,7666,2025-03-17,signup,5.99,5.99
10017,7667,2025-03-25,signup,5.99,5.99
10018,7668,2025-03-20,signup,5.99,5.99
10019,7669,2025-03-07,signup,5.99,5.99
10020,7670,2025-03-23,signup,5.99,5.99
10021,7671,2025-03-02,signup,5.99,5.99
10022,7673,2025-03-29,signup,5.99,5.99
10023,7673,2025-04-28,cancel,5.99,-5.99
10024,7674,2025-03-06,signup,5.99,5.99
10025,7674,2025-07-04,cancel,5.99,-5.99
10026,7676,2025-03-04,signup,5.99,5.99
10027,7677,2025-03-24,signup,5.99,5.99
10028,7678,2025-03-02,signup,5.99,5.99
10029,7679,2025-03-08,signup,5.99,5.99
10030,7680,2025-03-19,signup,5.99,5.99
10031,7681,2025-03-28,signup,5.99,5.99
10032,7682,2025-03-22,signup,5.99,5.99
10033,7682,2025-05-21,cancel,5.99,-5.99
10034,7683,2025-03-07,signup,5.99,5.99
10035,7684,2025-03-19,signup,5.99,5.99
10036,7685,2025-03-28,signup,5.99,5.99
10037,7686,2025-03-12,signup,5.99,5.99
10038,7687,2025-03-18,signup,5.99,5.99
10039,7688,2025-03-03,signup,5.99,5.99
10040,7689,2025-03-03,signup,5.99,5.99
10041,7690,2025-03-27,signup,5.99,5.99
10042,7692,2025-04-01,signup,5.99,5.99
10043,7692,2025-08-29,cancel,5.99,-5.99
10044,7693,2025-03-25,signup,5.99,5.99
10045,7694,2025-03-21,signup,5.99,5.99
10046,7694,2025-10-17,cancel,5.99,-5.99
10047,7695,2025-03-26,signup,5.99,5.99
10048,7696,2025-03-18,signup,5.99,5.99
10049,7696,2025-05-17,cancel,5.99,-5.99
10050,7697,2025-03-27,signup,5.99,5.99
10051,7698,2025-03-15,signup,5.99,5.99
10052,7700,2025-03-04,signup,5.99,5.99
10053,7700,2025-08-01,cancel,5.99,-5.99
10054,7703,2025-03-08,signup,5.99,5.99
10055,7703,2025-11-03,cancel,5.99,-5.99
10056,7705,2025-03-29,signup,5.99,5.99
10057,7706,2025-03-15,signup,5.99,5.99
10058,7707,2025-04-01,signup,5.99,5.99
10059,7708,2025-03-23,signup,5.99,5.99
10060,7709,2025-03-07,signup,5.99,5.99
10061,7709,2025-08-04,cancel,5.99,-5.99
10062,7710,2025-03-19,signup,5.99,5.99
10063,7710,2025-10-15,cancel,5.99,-5.99
10064,7711,2025-03-26,signup,5.99,5.99
10065,7712,2025-03-19,signup,5.99,5.99
10066,7713,2025-03-13,signup,5.99,5.99
10067,7713,2025-05-12,cancel,5.99,-5.99
10068,7714,2025-03-12,signup,5.99,5.99
10069,7715,2025-03-14,signup,5.99,5.99
10070,7716,2025-03-18,signup,5.99,5.99
10071,7717,2025-03-17,signup,5.99,5.99
10072,7718,2025-03-05,signup,5.99,5.99
10073,7719,2025-03-29,signup,5.99,5.99
10074,7720,2025-03-30,signup,5.99,5.99
10075,7720,2025-05-29,cancel,5.99,-5.99
10076,7721,2025-03-05,signup,5.99,5.99
10077,7722,2025-04-01,signup,5.99,5.99
10078,7722,2025-05-01,cancel,5.99,-5.99
10079,7723,2025-04-02,signup,5.99,5.99
10080,7724,2025-03-06,signup,5.99,5.99
10081,7724,2025-04-05,cancel,5.99,-5.99
10082,7725,2025-03-27,signup,5.99,5.99
10083,7726,2025-03-27,signup,5.99,5.99
10084,7727,2025-03-08,signup,5.99,5.99
10085,7728,2025-03-31,signup,5.99,5.99
10086,7728,2025-04-30,cancel,5.99,-5.99
10087,7729,2025-03-12,signup,5.99,5.99
10088,7729,2025-12-07,cancel,5.99,-5.99
10089,7730,2025-03-08,signup,5.99,5.99
10090,7731,2025-03-12,signup,5.99,5.99
10091,7731,2025-10-08,cancel,5.99,-5.99
10092,7732,2025-03-04,signup,5.99,5.99
10093,7733,2025-03-12,signup,5.99,5.99
10094,7735,2025-03-31,signup,5.99,5.99
10095,7736,2025-03-06,signup,5.99,5.99
10096,7736,2025-07-04,cancel,5.99,-5.99
10097,7737,2025-04-01,signup,5.99,5.99
10098,7737,2025-05-31,cancel,5.99,-5.99
10099,7738,2025-03-15,signup,5.99,5.99
10100,7739,2025-03-20,signup,5.99,5.99
10101,7739,2025-04-19,cancel,5.99,-5.99
10102,7740,2025-03-15,signup,5.99,5.99
10103,7741,2025-03-20,signup,5.99,5.99
10104,7742,2025-03-21,signup,5.99,5.99
10105,7742,2025-08-18,cancel,5.99,-5.99
10106,7743,2025-03-24,signup,5.99,5.99
10107,7743,2025-08-21,cancel,5.99,-5.99
10108,7744,2025-03-23,signup,5.99,5.99
10109,7745,2025-03-18,signup,5.99,5.99
10110,7747,2025-03-19,signup,5.99,5.99
10111,7749,2025-03-17,signup,5.99,5.99
10112,7749,2025-04-16,cancel,5.99,-5.99
10113,7750,2025-03-29,signup,5.99,5.99
10114,7751,2025-03-15,signup,5.99,5.99
10115,7751,2025-05-14,cancel,5.99,-5.99
10116,7752,2025-03-10,signup,5.99,5.99
10117,7753,2025-03-09,signup,5.99,5.99
10118,7753,2025-04-08,cancel,5.99,-5.99
10119,7754,2025-03-29,signup,5.99,5.99
10120,7755,2025-03-10,signup,5.99,5.99
10121,7755,2025-05-09,cancel,5.99,-5.99
10122,7756,2025-04-03,signup,5.99,5.99
10123,7757,2025-03-07,signup,5.99,5.99
10124,7758,2025-03-05,signup,5.99,5.99
10125,7758,2025-05-04,cancel,5.99,-5.99
10126,7759,2025-03-17,signup,5.99,5.99
10127,7759,2025-06-15,cancel,5.99,-5.99
10128,7760,2025-03-18,signup,5.99,5.99
10129,7761,2025-03-13,signup,5.99,5.99
10130,7762,2025-03-29,signup,5.99,5.99
10131,7763,2025-03-31,signup,5.99,5.99
10132,7764,2025-03-22,signup,5.99,5.99
10133,7766,2025-03-10,signup,5.99,5.99
10134,7766,2025-06-08,cancel,5.99,-5.99
10135,7768,2025-03-25,signup,5.99,5.99
10136,7770,2025-03-30,signup,5.99,5.99
10137,7771,2025-03-17,signup,5.99,5.99
10138,7773,2025-03-24,signup,5.99,5.99
10139,7774,2025-03-22,signup,5.99,5.99
10140,7774,2025-05-21,cancel,5.99,-5.99
10141,7776,2025-03-26,signup,5.99,5.99
10142,7777,2025-03-07,signup,5.99,5.99
10143,7777,2025-06-05,cancel,5.99,-5.99
10144,7778,2025-03-14,signup,5.99,5.99
10145,7778,2025-05-13,cancel,5.99,-5.99
10146,7779,2025-03-12,signup,5.99,5.99
10147,7780,2025-03-25,signup,5.99,5.99
10148,7782,2025-03-19,signup,5.99,5.99
10149,7783,2025-04-03,signup,5.99,5.99
10150,7783,2025-07-02,cancel,5.99,-5.99
10151,7786,2025-03-09,signup,5.99,5.99
10152,7786,2025-04-08,cancel,5.99,-5.99
10153,7788,2025-03-05,signup,5.99,5.99
10154,7789,2025-03-22,signup,5.99,5.99
10155,7789,2025-06-20,cancel,5.99,-5.99
10156,7790,2025-04-02,signup,5.99,5.99
10157,7791,2025-04-02,signup,5.99,5.99
10158,7792,2025-03-15,signup,5.99,5.99
10159,7792,2025-04-14,cancel,5.99,-5.99
10160,7795,2025-03-18,signup,5.99,5.99
10161,7795,2025-04-17,cancel,5.99,-5.99
10162,7796,2025-04-02,signup,5.99,5.99
10163,7797,2025-03-12,signup,5.99,5.99
10164,7798,2025-03-26,signup,5.99,5.99
10165,7798,2025-05-25,cancel,5.99,-5.99
10166,7799,2025-03-08,signup,5.99,5.99
10167,7800,2025-03-18,signup,5.99,5.99
10168,7800,2025-07-16,cancel,5.99,-5.99
10169,7801,2025-03-26,signup,5.99,5.99
10170,7803,2025-03-08,signup,5.99,5.99
10171,7804,2025-03-22,signup,5.99,5.99
10172,7805,2025-03-06,signup,5.99,5.99
10173,7806,2025-03-30,signup,5.99,5.99
10174,7807,2025-03-20,signup,5.99,5.99
10175,7807,2025-04-19,cancel,5.99,-5.99
10176,7808,2025-03-11,signup,5.99,5.99
10177,7809,2025-03-06,signup,5.99,5.99
10178,7811,2025-03-07,signup,5.99,5.99
10179,7812,2025-03-17,signup,5.99,5.99
10180,7813,2025-03-11,signup,5.99,5.99
10181,7813,2025-05-10,cancel,5.99,-5.99
10182,7815,2025-03-23,signup,5.99,5.99
10183,7816,2025-03-28,signup,5.99,5.99
10184,7817,2025-03-08,signup,5.99,5.99
10185,7817,2025-11-03,cancel,5.99,-5.99
10186,7818,2025-03-08,signup,5.99,5.99
10187,7819,2025-03-16,signup,5.99,5.99
10188,7819,2025-09-12,cancel,5.99,-5.99
10189,7820,2025-03-31,signup,5.99,5.99
10190,7820,2025-04-30,cancel,5.99,-5.99
10191,7821,2025-03-09,signup,5.99,5.99
10192,7822,2025-04-04,signup,5.99,5.99
10193,7823,2025-04-05,signup,5.99,5.99
10194,7823,2025-05-05,cancel,5.99,-5.99
10195,7824,2025-03-27,signup,5.99,5.99
10196,7825,2025-04-02,signup,5.99,5.99
10197,7826,2025-03-23,signup,5.99,5.99
10198,7827,2025-03-14,signup,5.99,5.99
10199,7828,2025-03-25,signup,5.99,5.99
10200,7828,2025-04-24,cancel,5.99,-5.99
10201,7829,2025-03-08,signup,5.99,5.99
10202,7829,2025-04-07,cancel,5.99,-5.99
10203,7830,2025-03-24,signup,5.99,5.99
10204,7830,2025-04-23,cancel,5.99,-5.99
10205,7831,2025-04-03,signup,5.99,5.99
10206,7832,2025-03-24,signup,5.99,5.99
10207,7833,2025-04-03,signup,5.99,5.99
10208,7833,2025-06-02,cancel,5.99,-5.99
10209,7834,2025-03-09,signup,5.99,5.99
10210,7835,2025-03-17,signup,5.99,5.99
10211,7836,2025-03-17,signup,5.99,5.99
10212,7836,2025-05-16,cancel,5.99,-5.99
10213,7837,2025-03-30,signup,5.99,5.99
10214,7837,2025-09-26,cancel,5.99,-5.99
10215,7838,2025-03-26,signup,5.99,5.99
10216,7838,2025-10-22,cancel,5.99,-5.99
10217,7839,2025-03-29,signup,5.99,5.99
10218,7839,2025-04-28,cancel,5.99,-5.99
10219,7841,2025-04-03,signup,5.99,5.99
10220,7842,2025-03-29,signup,5.99,5.99
10221,7843,2025-04-03,signup,5.99,5.99
10222,7843,2025-07-02,cancel,5.99,-5.99
10223,7844,2025-03-24,signup,5.99,5.99
10224,7845,2025-04-01,signup,5.99,5.99
10225,7845,2025-05-31,cancel,5.99,-5.99
10226,7846,2025-04-02,signup,5.99,5.99
10227,7846,2025-06-01,cancel,5.99,-5.99
10228,7847,2025-03-23,signup,5.99,5.99
10229,7848,2025-03-27,signup,5.99,5.99
10230,7848,2025-09-23,cancel,5.99,-5.99
10231,7849,2025-03-09,signup,5.99,5.99
10232,7850,2025-03-08,signup,5.99,5.99
10233,7850,2025-04-07,cancel,5.99,-5.99
10234,7851,2025-04-05,signup,5.99,5.99
10235,7852,2025-03-14,signup,5.99,5.99
10236,7852,2025-06-12,cancel,5.99,-5.99
10237,7853,2025-03-25,signup,5.99,5.99
10238,7854,2025-03-30,signup,5.99,5.99
10239,7855,2025-03-26,signup,5.99,5.99
10240,7857,2025-03-21,signup,5.99,5.99
10241,7857,2025-12-16,cancel,5.99,-5.99
10242,7858,2025-03-29,signup,5.99,5.99
10243,7859,2025-03-10,signup,5.99,5.99
10244,7861,2025-03-28,signup,5.99,5.99
10245,7862,2025-04-05,signup,5.99,5.99
10246,7862,2025-07-04,cancel,5.99,-5.99
10247,7863,2025-03-10,signup,5.99,5.99
10248,7864,2025-03-09,signup,5.99,5.99
10249,7864,2025-04-08,cancel,5.99,-5.99
10250,7865,2025-03-26,signup,5.99,5.99
10251,7865,2025-04-25,cancel,5.99,-5.99
10252,7866,2025-03-28,signup,5.99,5.99
10253,7867,2025-03-11,signup,5.99,5.99
10254,7867,2025-07-09,cancel,5.99,-5.99
10255,7869,2025-04-07,signup,5.99,5.99
10256,7870,2025-03-20,signup,5.99,5.99
10257,7870,2025-05-19,cancel,5.99,-5.99
10258,7871,2025-03-13,signup,5.99,5.99
10259,7871,2025-04-12,cancel,5.99,-5.99
10260,7872,2025-04-05,signup,5.99,5.99
10261,7874,2025-03-29,signup,5.99,5.99
10262,7874,2025-04-28,cancel,5.99,-5.99
10263,7875,2025-03-31,signup,5.99,5.99
10264,7875,2025-04-30,cancel,5.99,-5.99
10265,7877,2025-03-16,signup,5.99,5.99
10266,7877,2025-04-15,cancel,5.99,-5.99
10267,7878,2025-03-12,signup,5.99,5.99
10268,7879,2025-03-30,signup,5.99,5.99
10269,7880,2025-03-20,signup,5.99,5.99
10270,7882,2025-04-05,signup,5.99,5.99
10271,7882,2025-09-02,cancel,5.99,-5.99
10272,7883,2025-03-18,signup,5.99,5.99
10273,7884,2025-03-26,signup,5.99,5.99
10274,7885,2025-03-24,signup,5.99,5.99
10275,7886,2025-03-12,signup,5.99,5.99
10276,7887,2025-03-13,signup,5.99,5.99
10277,7887,2025-07-11,cancel,5.99,-5.99
10278,7888,2025-03-17,signup,5.99,5.99
10279,7889,2025-03-27,signup,5.99,5.99
10280,7890,2025-03-27,signup,5.99,5.99
10281,7891,2025-03-26,signup,5.99,5.99
10282,7892,2025-03-29,signup,5.99,5.99
10283,7893,2025-03-11,signup,5.99,5.99
10284,7894,2025-03-24,signup,5.99,5.99
10285,7895,2025-03-31,signup,5.99,5.99
10286,7895,2025-07-29,cancel,5.99,-5.99
10287,7896,2025-03-11,signup,5.99,5.99
10288,7897,2025-04-05,signup,5.99,5.99
10289,7898,2025-03-21,signup,5.99,5.99
10290,7899,2025-04-06,signup,5.99,5.99
10291,7899,2025-10-03,cancel,5.99,-5.99
10292,7900,2025-03-11,signup,5.99,5.99
10293,7900,2025-12-06,cancel,5.99,-5.99
10294,7901,2025-04-06,signup,5.99,5.99
10295,7901,2025-10-03,cancel,5.99,-5.99
10296,7902,2025-03-15,signup,5.99,5.99
10297,7902,2025-04-14,cancel,5.99,-5.99
10298,7903,2025-03-30,signup,5.99,5.99
10299,7904,2025-03-14,signup,5.99,5.99
10300,7905,2025-03-31,signup,5.99,5.99
10301,7905,2025-08-28,cancel,5.99,-5.99
10302,7907,2025-04-09,signup,5.99,5.99
10303,7908,2025-03-28,signup,5.99,5.99
10304,7909,2025-03-23,signup,5.99,5.99
10305,7910,2025-04-09,signup,5.99,5.99
10306,7911,2025-04-10,signup,5.99,5.99
10307,7911,2025-07-09,cancel,5.99,-5.99
10308,7912,2025-03-30,signup,5.99,5.99
10309,7912,2025-04-29,cancel,5.99,-5.99
10310,7913,2025-03-20,signup,5.99,5.99
10311,7913,2025-04-19,cancel,5.99,-5.99
10312,7914,2025-04-03,signup,5.99,5.99
10313,7915,2025-03-13,signup,5.99,5.99
10314,7916,2025-03-13,signup,5.99,5.99
10315,7917,2025-03-15,signup,5.99,5.99
10316,7918,2025-03-15,signup,5.99,5.99
10317,7919,2025-04-03,signup,5.99,5.99
10318,7920,2025-04-02,signup,5.99,5.99
10319,7920,2025-06-01,cancel,5.99,-5.99
10320,7921,2025-03-19,signup,5.99,5.99
10321,7922,2025-04-09,signup,5.99,5.99
10322,7922,2025-06-08,cancel,5.99,-5.99
10323,7923,2025-04-01,signup,5.99,5.99
10324,7924,2025-03-29,signup,5.99,5.99
10325,7926,2025-03-22,signup,5.99,5.99
10326,7926,2025-05-21,cancel,5.99,-5.99
10327,7927,2025-03-29,signup,5.99,5.99
10328,7927,2025-07-27,cancel,5.99,-5.99
10329,7928,2025-03-22,signup,5.99,5.99
10330,7928,2025-04-21,cancel,5.99,-5.99
10331,7929,2025-03-15,signup,5.99,5.99
10332,7931,2025-04-03,signup,5.99,5.99
10333,7932,2025-04-03,signup,5.99,5.99
10334,7932,2025-05-03,cancel,5.99,-5.99
10335,7933,2025-04-10,signup,5.99,5.99
10336,7933,2025-08-08,cancel,5.99,-5.99
10337,7934,2025-03-27,signup,5.99,5.99
10338,7935,2025-03-21,signup,5.99,5.99
10339,7936,2025-03-20,signup,5.99,5.99
10340,7936,2025-05-19,cancel,5.99,-5.99
10341,7937,2025-03-13,signup,5.99,5.99
10342,7938,2025-04-04,signup,5.99,5.99
10343,7939,2025-04-03,signup,5.99,5.99
10344,7940,2025-04-09,signup,5.99,5.99
10345,7940,2025-06-08,cancel,5.99,-5.99
10346,7941,2025-04-05,signup,5.99,5.99
10347,7941,2025-06-04,cancel,5.99,-5.99
10348,7942,2025-04-11,signup,5.99,5.99
10349,7944,2025-03-21,signup,5.99,5.99
10350,7945,2025-03-30,signup,5.99,5.99
10351,7946,2025-03-18,signup,5.99,5.99
10352,7947,2025-03-18,signup,5.99,5.99
10353,7948,2025-03-21,signup,5.99,5.99
10354,7949,2025-03-13,signup,5.99,5.99
10355,7949,2025-04-12,cancel,5.99,-5.99
10356,7950,2025-03-30,signup,5.99,5.99
10357,7950,2025-07-28,cancel,5.99,-5.99
10358,7951,2025-03-23,signup,5.99,5.99
10359,7951,2025-06-21,cancel,5.99,-5.99
10360,7952,2025-03-15,signup,5.99,5.99
10361,7953,2025-04-07,signup,5.99,5.99
10362,7956,2025-04-08,signup,5.99,5.99
10363,7957,2025-03-14,signup,5.99,5.99
10364,7958,2025-04-05,signup,5.99,5.99
10365,7959,2025-04-12,signup,5.99,5.99
10366,7961,2025-04-07,signup,5.99,5.99
10367,7961,2025-06-06,cancel,5.99,-5.99
10368,7962,2025-04-03,signup,5.99,5.99
10369,7963,2025-03-15,signup,5.99,5.99
10370,7964,2025-04-08,signup,5.99,5.99
10371,7964,2025-05-08,cancel,5.99,-5.99
10372,7966,2025-03-30,signup,5.99,5.99
10373,7966,2025-04-29,cancel,5.99,-5.99
10374,7967,2025-03-25,signup,5.99,5.99
10375,7968,2025-03-21,signup,5.99,5.99
10376,7968,2025-11-16,cancel,5.99,-5.99
10377,7969,2025-03-15,signup,5.99,5.99
10378,7970,2025-04-03,signup,5.99,5.99
10379,7970,2025-06-02,cancel,5.99,-5.99
10380,7971,2025-03-24,signup,5.99,5.99
10381,7971,2025-06-22,cancel,5.99,-5.99
10382,7972,2025-03-15,signup,5.99,5.99
10383,7972,2025-10-11,cancel,5.99,-5.99
10384,7973,2025-03-22,signup,5.99,5.99
10385,7973,2025-04-21,cancel,5.99,-5.99
10386,7974,2025-04-02,signup,5.99,5.99
10387,7975,2025-03-18,signup,5.99,5.99
10388,7975,2025-05-17,cancel,5.99,-5.99
10389,7976,2025-04-09,signup,5.99,5.99
10390,7977,2025-03-18,signup,5.99,5.99
10391,7978,2025-03-14,signup,5.99,5.99
10392,7979,2025-04-01,signup,5.99,5.99
10393,7980,2025-03-28,signup,5.99,5.99
10394,7981,2025-03-28,signup,5.99,5.99
10395,7982,2025-04-10,signup,5.99,5.99
10396,7983,2025-04-08,signup,5.99,5.99
10397,7984,2025-04-05,signup,5.99,5.99
10398,7984,2025-10-02,cancel,5.99,-5.99
10399,7985,2025-03-29,signup,5.99,5.99
10400,7985,2025-04-28,cancel,5.99,-5.99
10401,7986,2025-04-03,signup,5.99,5.99
10402,7987,2025-03-29,signup,5.99,5.99
10403,7987,2025-07-27,cancel,5.99,-5.99
10404,7988,2025-03-20,signup,5.99,5.99
10405,7989,2025-04-07,signup,5.99,5.99
10406,7990,2025-04-04,signup,5.99,5.99
10407,7990,2025-11-30,cancel,5.99,-5.99
10408,7991,2025-04-01,signup,5.99,5.99
10409,7992,2025-04-06,signup,5.99,5.99
10410,7992,2025-05-06,cancel,5.99,-5.99
10411,7993,2025-03-17,signup,5.99,5.99
10412,7994,2025-03-26,signup,5.99,5.99
10413,7995,2025-03-16,signup,5.99,5.99
10414,7995,2025-04-15,cancel,5.99,-5.99
10415,7996,2025-03-28,signup,5.99,5.99
10416,7997,2025-03-31,signup,5.99,5.99
10417,7998,2025-04-13,signup,5.99,5.99
10418,7999,2025-04-07,signup,5.99,5.99
10419,7999,2025-05-07,cancel,5.99,-5.99
10420,8000,2025-04-05,signup,5.99,5.99
10421,8001,2025-03-31,signup,5.99,5.99
10422,8001,2025-10-27,cancel,5.99,-5.99
10423,8002,2025-03-31,signup,5.99,5.99
10424,8002,2025-12-26,cancel,5.99,-5.99
10425,8003,2025-03-24,signup,5.99,5.99
10426,8004,2025-04-03,signup,5.99,5.99
10427,8005,2025-04-02,signup,5.99,5.99
10428,8006,2025-04-14,signup,5.99,5.99
10429,8007,2025-03-24,signup,5.99,5.99
10430,8008,2025-03-20,signup,5.99,5.99
10431,8009,2025-04-07,signup,5.99,5.99
10432,8010,2025-03-31,signup,5.99,5.99
10433,8011,2025-04-09,signup,5.99,5.99
10434,8011,2025-11-05,cancel,5.99,-5.99
10435,8012,2025-03-20,signup,5.99,5.99
10436,8012,2025-06-18,cancel,5.99,-5.99
10437,8013,2025-03-24,signup,5.99,5.99
10438,8013,2025-06-22,cancel,5.99,-5.99
10439,8014,2025-04-13,signup,5.99,5.99
10440,8015,2025-04-07,signup,5.99,5.99
10441,8016,2025-04-11,signup,5.99,5.99
10442,8017,2025-03-18,signup,5.99,5.99
10443,8019,2025-03-25,signup,5.99,5.99
10444,8020,2025-03-25,signup,5.99,5.99
10445,8020,2025-04-24,cancel,5.99,-5.99
10446,8021,2025-04-12,signup,5.99,5.99
10447,8022,2025-03-22,signup,5.99,5.99
10448,8024,2025-04-13,signup,5.99,5.99
10449,8024,2025-07-12,cancel,5.99,-5.99
10450,8025,2025-03-21,signup,5.99,5.99
10451,8026,2025-03-19,signup,5.99,5.99
10452,8027,2025-04-10,signup,5.99,5.99
10453,8028,2025-04-15,signup,5.99,5.99
10454,8029,2025-04-12,signup,5.99,5.99
10455,8030,2025-04-02,signup,5.99,5.99
10456,8031,2025-03-20,signup,5.99,5.99
10457,8031,2025-06-18,cancel,5.99,-5.99
10458,8033,2025-03-23,signup,5.99,5.99
10459,8034,2025-03-31,signup,5.99,5.99
10460,8035,2025-03-30,signup,5.99,5.99
10461,8035,2025-05-29,cancel,5.99,-5.99
10462,8036,2025-03-31,signup,5.99,5.99
10463,8037,2025-04-04,signup,5.99,5.99
10464,8038,2025-04-09,signup,5.99,5.99
10465,8039,2025-03-21,signup,5.99,5.99
10466,8040,2025-04-09,signup,5.99,5.99
10467,8041,2025-04-08,signup,5.99,5.99
10468,8042,2025-04-07,signup,5.99,5.99
10469,8043,2025-04-05,signup,5.99,5.99
10470,8043,2025-07-04,cancel,5.99,-5.99
10471,8044,2025-03-19,signup,5.99,5.99
10472,8045,2025-03-24,signup,5.99,5.99
10473,8046,2025-04-11,signup,5.99,5.99
10474,8048,2025-04-03,signup,5.99,5.99
10475,8050,2025-03-30,signup,5.99,5.99
10476,8051,2025-03-31,signup,5.99,5.99
10477,8054,2025-04-14,signup,5.99,5.99
10478,8054,2025-08-12,cancel,5.99,-5.99
10479,8055,2025-04-13,signup,5.99,5.99
10480,8056,2025-04-14,signup,5.99,5.99
10481,8057,2025-04-09,signup,5.99,5.99
10482,8057,2025-08-07,cancel,5.99,-5.99
10483,8058,2025-04-15,signup,5.99,5.99
10484,8059,2025-03-28,signup,5.99,5.99
10485,8060,2025-03-24,signup,5.99,5.99
10486,8060,2025-05-23,cancel,5.99,-5.99
10487,8061,2025-03-17,signup,5.99,5.99
10488,8061,2025-04-16,cancel,5.99,-5.99
10489,8062,2025-03-25,signup,5.99,5.99
10490,8063,2025-03-18,signup,5.99,5.99
10491,8064,2025-03-18,signup,5.99,5.99
10492,8064,2025-04-17,cancel,5.99,-5.99
10493,8065,2025-04-07,signup,5.99,5.99
10494,8066,2025-03-17,signup,5.99,5.99
10495,8067,2025-04-10,signup,5.99,5.99
10496,8068,2025-03-28,signup,5.99,5.99
10497,8069,2025-04-03,signup,5.99,5.99
10498,8070,2025-04-09,signup,5.99,5.99
10499,8070,2025-09-06,cancel,5.99,-5.99
10500,8071,2025-03-17,signup,5.99,5.99
10501,8072,2025-04-10,signup,5.99,5.99
10502,8072,2025-10-07,cancel,5.99,-5.99
10503,8073,2025-04-08,signup,5.99,5.99
10504,8074,2025-03-29,signup,5.99,5.99
10505,8075,2025-04-06,signup,5.99,5.99
10506,8075,2025-08-04,cancel,5.99,-5.99
10507,8076,2025-03-18,signup,5.99,5.99
10508,8076,2025-04-17,cancel,5.99,-5.99
10509,8077,2025-03-19,signup,5.99,5.99
10510,8077,2025-04-18,cancel,5.99,-5.99
10511,8078,2025-04-17,signup,5.99,5.99
10512,8079,2025-04-02,signup,5.99,5.99
10513,8080,2025-04-07,signup,5.99,5.99
10514,8081,2025-04-03,signup,5.99,5.99
10515,8081,2025-05-03,cancel,5.99,-5.99
10516,8082,2025-04-16,signup,5.99,5.99
10517,8083,2025-03-29,signup,5.99,5.99
10518,8083,2025-04-28,cancel,5.99,-5.99
10519,8084,2025-03-28,signup,5.99,5.99
10520,8085,2025-04-12,signup,5.99,5.99
10521,8086,2025-03-30,signup,5.99,5.99
10522,8087,2025-03-28,signup,5.99,5.99
10523,8087,2025-06-26,cancel,5.99,-5.99
10524,8089,2025-04-12,signup,5.99,5.99
10525,8090,2025-03-29,signup,5.99,5.99
10526,8090,2025-06-27,cancel,5.99,-5.99
10527,8091,2025-03-19,signup,5.99,5.99
10528,8092,2025-03-20,signup,5.99,5.99
10529,8092,2025-05-19,cancel,5.99,-5.99
10530,8093,2025-03-29,signup,5.99,5.99
10531,8093,2025-04-28,cancel,5.99,-5.99
10532,8095,2025-04-04,signup,5.99,5.99
10533,8096,2025-04-13,signup,5.99,5.99
10534,8097,2025-04-01,signup,5.99,5.99
10535,8098,2025-04-05,signup,5.99,5.99
10536,8098,2025-07-04,cancel,5.99,-5.99
10537,8099,2025-03-23,signup,5.99,5.99
10538,8100,2025-04-15,signup,5.99,5.99
10539,8101,2025-04-04,signup,5.99,5.99
10540,8101,2025-06-03,cancel,5.99,-5.99
10541,8102,2025-04-13,signup,5.99,5.99
10542,8102,2025-05-13,cancel,5.99,-5.99
10543,8103,2025-03-28,signup,5.99,5.99
10544,8103,2025-09-24,cancel,5.99,-5.99
10545,8104,2025-03-19,signup,5.99,5.99
10546,8104,2025-08-16,cancel,5.99,-5.99
10547,8105,2025-04-16,signup,5.99,5.99
10548,8106,2025-04-03,signup,5.99,5.99
10549,8107,2025-04-06,signup,5.99,5.99
10550,8108,2025-03-23,signup,5.99,5.99
10551,8108,2025-04-22,cancel,5.99,-5.99
10552,8109,2025-04-17,signup,5.99,5.99
10553,8110,2025-04-02,signup,5.99,5.99
10554,8110,2025-07-31,cancel,5.99,-5.99
10555,8111,2025-03-29,signup,5.99,5.99
10556,8112,2025-04-17,signup,5.99,5.99
10557,8113,2025-03-24,signup,5.99,5.99
10558,8114,2025-04-10,signup,5.99,5.99
10559,8114,2025-06-09,cancel,5.99,-5.99
10560,8116,2025-03-24,signup,5.99,5.99
10561,8116,2025-09-20,cancel,5.99,-5.99
10562,8118,2025-04-10,signup,5.99,5.99
10563,8119,2025-04-06,signup,5.99,5.99
10564,8120,2025-03-28,signup,5.99,5.99
10565,8121,2025-04-14,signup,5.99,5.99
10566,8121,2025-08-12,cancel,5.99,-5.99
10567,8122,2025-04-02,signup,5.99,5.99
10568,8124,2025-04-13,signup,5.99,5.99
10569,8125,2025-03-31,signup,5.99,5.99
10570,8129,2025-04-18,signup,5.99,5.99
10571,8129,2025-12-14,cancel,5.99,-5.99
10572,8130,2025-04-01,signup,5.99,5.99
10573,8131,2025-04-02,signup,5.99,5.99
10574,8132,2025-04-12,signup,5.99,5.99
10575,8132,2025-05-12,cancel,5.99,-5.99
10576,8133,2025-03-20,signup,5.99,5.99
10577,8134,2025-04-13,signup,5.99,5.99
10578,8135,2025-03-21,signup,5.99,5.99
10579,8136,2025-04-01,signup,5.99,5.99
10580,8137,2025-04-02,signup,5.99,5.99
10581,8138,2025-04-11,signup,5.99,5.99
10582,8138,2025-05-11,cancel,5.99,-5.99
10583,8139,2025-03-24,signup,5.99,5.99
10584,8139,2025-04-23,cancel,5.99,-5.99
10585,8140,2025-04-06,signup,5.99,5.99
10586,8141,2025-03-24,signup,5.99,5.99
10587,8141,2025-04-23,cancel,5.99,-5.99
10588,8142,2025-04-14,signup,5.99,5.99
10589,8143,2025-04-09,signup,5.99,5.99
10590,8144,2025-03-23,signup,5.99,5.99
10591,8145,2025-04-14,signup,5.99,5.99
10592,8145,2025-05-14,cancel,5.99,-5.99
10593,8146,2025-04-19,signup,5.99,5.99
10594,8147,2025-03-25,signup,5.99,5.99
10595,8148,2025-04-18,signup,5.99,5.99
10596,8149,2025-03-26,signup,5.99,5.99
10597,8150,2025-04-14,signup,5.99,5.99
10598,8150,2025-05-14,cancel,5.99,-5.99
10599,8151,2025-04-13,signup,5.99,5.99
10600,8151,2025-06-12,cancel,5.99,-5.99
10601,8152,2025-04-13,signup,5.99,5.99
10602,8152,2025-06-12,cancel,5.99,-5.99
10603,8153,2025-04-14,signup,5.99,5.99
10604,8153,2025-06-13,cancel,5.99,-5.99
10605,8154,2025-04-02,signup,5.99,5.99
10606,8155,2025-04-06,signup,5.99,5.99
10607,8156,2025-04-10,signup,5.99,5.99
10608,8157,2025-03-21,signup,5.99,5.99
10609,8157,2025-05-20,cancel,5.99,-5.99
10610,8159,2025-04-15,signup,5.99,5.99
10611,8161,2025-03-28,signup,5.99,5.99
10612,8161,2025-10-24,cancel,5.99,-5.99
10613,8162,2025-04-01,signup,5.99,5.99
10614,8162,2025-06-30,cancel,5.99,-5.99
10615,8163,2025-03-23,signup,5.99,5.99
10616,8164,2025-03-29,signup,5.99,5.99
10617,8165,2025-04-15,signup,5.99,5.99
10618,8165,2025-07-14,cancel,5.99,-5.99
10619,8166,2025-03-26,signup,5.99,5.99
10620,8166,2025-07-24,cancel,5.99,-5.99
10621,8167,2025-03-21,signup,5.99,5.99
10622,8168,2025-03-22,signup,5.99,5.99
10623,8168,2025-04-21,cancel,5.99,-5.99
10624,8169,2025-03-23,signup,5.99,5.99
10625,8170,2025-04-15,signup,5.99,5.99
10626,8171,2025-03-23,signup,5.99,5.99
10627,8172,2025-03-28,signup,5.99,5.99
10628,8172,2025-07-26,cancel,5.99,-5.99
10629,8173,2025-04-16,signup,5.99,5.99
10630,8174,2025-03-21,signup,5.99,5.99
10631,8175,2025-04-07,signup,5.99,5.99
10632,8177,2025-03-25,signup,5.99,5.99
10633,8179,2025-04-19,signup,5.99,5.99
10634,8179,2025-05-19,cancel,5.99,-5.99
10635,8180,2025-04-05,signup,5.99,5.99
10636,8180,2025-09-02,cancel,5.99,-5.99
10637,8181,2025-04-14,signup,5.99,5.99
10638,8181,2025-10-11,cancel,5.99,-5.99
10639,8182,2025-04-10,signup,5.99,5.99
10640,8183,2025-03-22,signup,5.99,5.99
10641,8183,2025-06-20,cancel,5.99,-5.99
10642,8184,2025-04-09,signup,5.99,5.99
10643,8185,2025-04-16,signup,5.99,5.99
10644,8185,2025-05-16,cancel,5.99,-5.99
10645,8186,2025-03-22,signup,5.99,5.99
10646,8186,2025-08-19,cancel,5.99,-5.99
10647,8187,2025-04-15,signup,5.99,5.99
10648,8187,2025-12-11,cancel,5.99,-5.99
10649,8188,2025-03-23,signup,5.99,5.99
10650,8189,2025-04-07,signup,5.99,5.99
10651,8190,2025-03-26,signup,5.99,5.99
10652,8191,2025-03-30,signup,5.99,5.99
10653,8192,2025-04-11,signup,5.99,5.99
10654,8193,2025-04-02,signup,5.99,5.99
10655,8194,2025-04-20,signup,5.99,5.99
10656,8194,2025-10-17,cancel,5.99,-5.99
10657,8195,2025-04-18,signup,5.99,5.99
10658,8195,2025-05-18,cancel,5.99,-5.99
10659,8196,2025-03-29,signup,5.99,5.99
10660,8197,2025-03-25,signup,5.99,5.99
10661,8198,2025-03-24,signup,5.99,5.99
10662,8199,2025-04-06,signup,5.99,5.99
10663,8199,2025-06-05,cancel,5.99,-5.99
10664,8200,2025-04-03,signup,5.99,5.99
10665,8201,2025-03-28,signup,5.99,5.99
10666,8202,2025-03-26,signup,5.99,5.99
10667,8202,2025-04-25,cancel,5.99,-5.99
10668,8203,2025-03-26,signup,5.99,5.99
10669,8204,2025-04-15,signup,5.99,5.99
10670,8205,2025-04-12,signup,5.99,5.99
10671,8206,2025-04-13,signup,5.99,5.99
10672,8206,2025-12-09,cancel,5.99,-5.99
10673,8207,2025-04-10,signup,5.99,5.99
10674,8208,2025-04-10,signup,5.99,5.99
10675,8209,2025-04-20,signup,5.99,5.99
10676,8211,2025-04-13,signup,5.99,5.99
10677,8212,2025-04-20,signup,5.99,5.99
10678,8213,2025-04-20,signup,5.99,5.99
10679,8213,2025-05-20,cancel,5.99,-5.99
10680,8215,2025-04-15,signup,5.99,5.99
10681,8215,2025-05-15,cancel,5.99,-5.99
10682,8216,2025-04-17,signup,5.99,5.99
10683,8217,2025-04-12,signup,5.99,5.99
10684,8218,2025-04-01,signup,5.99,5.99
10685,8219,2025-04-14,signup,5.99,5.99
10686,8219,2025-05-14,cancel,5.99,-5.99
10687,8220,2025-04-02,signup,5.99,5.99
10688,8221,2025-04-20,signup,5.99,5.99
10689,8222,2025-04-11,signup,5.99,5.99
10690,8222,2025-09-08,cancel,5.99,-5.99
10691,8223,2025-04-21,signup,5.99,5.99
10692,8223,2025-06-20,cancel,5.99,-5.99
10693,8224,2025-04-22,signup,5.99,5.99
10694,8225,2025-03-25,signup,5.99,5.99
10695,8226,2025-04-12,signup,5.99,5.99
10696,8226,2025-08-10,cancel,5.99,-5.99
10697,8228,2025-04-08,signup,5.99,5.99
10698,8228,2025-10-05,cancel,5.99,-5.99
10699,8229,2025-03-26,signup,5.99,5.99
10700,8230,2025-03-29,signup,5.99,5.99
10701,8231,2025-04-22,signup,5.99,5.99
10702,8232,2025-04-11,signup,5.99,5.99
10703,8233,2025-04-02,signup,5.99,5.99
10704,8234,2025-04-06,signup,5.99,5.99
10705,8235,2025-03-31,signup,5.99,5.99
10706,8237,2025-04-04,signup,5.99,5.99
10707,8238,2025-04-15,signup,5.99,5.99
10708,8239,2025-03-27,signup,5.99,5.99
10709,8240,2025-03-31,signup,5.99,5.99
10710,8241,2025-04-05,signup,5.99,5.99
10711,8242,2025-04-15,signup,5.99,5.99
10712,8243,2025-03-25,signup,5.99,5.99
10713,8244,2025-04-13,signup,5.99,5.99
10714,8245,2025-04-21,signup,5.99,5.99
10715,8246,2025-04-17,signup,5.99,5.99
10716,8246,2025-07-16,cancel,5.99,-5.99
10717,8247,2025-04-20,signup,5.99,5.99
10718,8248,2025-04-05,signup,5.99,5.99
10719,8248,2025-05-05,cancel,5.99,-5.99
10720,8249,2025-04-10,signup,5.99,5.99
10721,8250,2025-04-21,signup,5.99,5.99
10722,8251,2025-04-14,signup,5.99,5.99
10723,8252,2025-04-18,signup,5.99,5.99
10724,8252,2025-05-18,cancel,5.99,-5.99
10725,8253,2025-03-31,signup,5.99,5.99
10726,8254,2025-04-05,signup,5.99,5.99
10727,8254,2025-12-01,cancel,5.99,-5.99
10728,8255,2025-03-26,signup,5.99,5.99
10729,8256,2025-03-29,signup,5.99,5.99
10730,8257,2025-04-04,signup,5.99,5.99
10731,8258,2025-04-12,signup,5.99,5.99
10732,8258,2025-05-12,cancel,5.99,-5.99
10733,8259,2025-04-22,signup,5.99,5.99
10734,8259,2025-06-21,cancel,5.99,-5.99
10735,8260,2025-04-05,signup,5.99,5.99
10736,8261,2025-03-25,signup,5.99,5.99
10737,8261,2025-05-24,cancel,5.99,-5.99
10738,8262,2025-03-31,signup,5.99,5.99
10739,8263,2025-03-29,signup,5.99,5.99
10740,8264,2025-04-21,signup,5.99,5.99
10741,8264,2025-05-21,cancel,5.99,-5.99
10742,8265,2025-04-03,signup,5.99,5.99
10743,8265,2025-05-03,cancel,5.99,-5.99
10744,8266,2025-04-10,signup,5.99,5.99
10745,8267,2025-04-24,signup,5.99,5.99
10746,8267,2025-05-24,cancel,5.99,-5.99
10747,8268,2025-04-09,signup,5.99,5.99
10748,8269,2025-04-14,signup,5.99,5.99
10749,8270,2025-04-06,signup,5.99,5.99
10750,8271,2025-04-04,signup,5.99,5.99
10751,8272,2025-04-25,signup,5.99,5.99
10752,8273,2025-04-14,signup,5.99,5.99
10753,8273,2025-05-14,cancel,5.99,-5.99
10754,8274,2025-04-22,signup,5.99,5.99
10755,8275,2025-04-02,signup,5.99,5.99
10756,8275,2025-08-30,cancel,5.99,-5.99
10757,8276,2025-04-09,signup,5.99,5.99
10758,8277,2025-04-03,signup,5.99,5.99
10759,8278,2025-04-04,signup,5.99,5.99
10760,8278,2025-05-04,cancel,5.99,-5.99
10761,8279,2025-04-08,signup,5.99,5.99
10762,8279,2025-06-07,cancel,5.99,-5.99
10763,8280,2025-04-17,signup,5.99,5.99
10764,8281,2025-04-07,signup,5.99,5.99
10765,8281,2025-05-07,cancel,5.99,-5.99
10766,8282,2025-04-12,signup,5.99,5.99
10767,8283,2025-03-29,signup,5.99,5.99
10768,8284,2025-04-14,signup,5.99,5.99
10769,8284,2025-10-11,cancel,5.99,-5.99
10770,8285,2025-04-17,signup,5.99,5.99
10771,8286,2025-04-07,signup,5.99,5.99
10772,8287,2025-04-18,signup,5.99,5.99
10773,8287,2025-05-18,cancel,5.99,-5.99
10774,8288,2025-04-11,signup,5.99,5.99
10775,8288,2025-05-11,cancel,5.99,-5.99
10776,8289,2025-04-21,signup,5.99,5.99
10777,8289,2025-05-21,cancel,5.99,-5.99
10778,8290,2025-04-11,signup,5.99,5.99
10779,8290,2025-06-10,cancel,5.99,-5.99
10780,8291,2025-04-16,signup,5.99,5.99
10781,8292,2025-04-06,signup,5.99,5.99
10782,8293,2025-04-24,signup,5.99,5.99
10783,8294,2025-04-19,signup,5.99,5.99
10784,8294,2025-09-16,cancel,5.99,-5.99
10785,8295,2025-04-19,signup,5.99,5.99
10786,8296,2025-04-21,signup,5.99,5.99
10787,8296,2025-07-20,cancel,5.99,-5.99
10788,8297,2025-04-20,signup,5.99,5.99
10789,8298,2025-03-29,signup,5.99,5.99
10790,8298,2025-11-24,cancel,5.99,-5.99
10791,8299,2025-04-24,signup,5.99,5.99
10792,8300,2025-03-29,signup,5.99,5.99
10793,8301,2025-04-02,signup,5.99,5.99
10794,8301,2025-11-28,cancel,5.99,-5.99
10795,8302,2025-03-29,signup,5.99,5.99
10796,8304,2025-04-09,signup,5.99,5.99
10797,8304,2025-10-06,cancel,5.99,-5.99
10798,8305,2025-04-18,signup,5.99,5.99
10799,8306,2025-04-05,signup,5.99,5.99
10800,8307,2025-03-28,signup,5.99,5.99
10801,8307,2025-09-24,cancel,5.99,-5.99
10802,8308,2025-03-28,signup,5.99,5.99
10803,8309,2025-04-25,signup,5.99,5.99
10804,8310,2025-04-07,signup,5.99,5.99
10805,8311,2025-04-01,signup,5.99,5.99
10806,8312,2025-04-10,signup,5.99,5.99
10807,8313,2025-04-06,signup,5.99,5.99
10808,8314,2025-04-24,signup,5.99,5.99
10809,8315,2025-04-02,signup,5.99,5.99
10810,8316,2025-04-02,signup,5.99,5.99
10811,8316,2025-07-31,cancel,5.99,-5.99
10812,8317,2025-04-21,signup,5.99,5.99
10813,8317,2025-05-21,cancel,5.99,-5.99
10814,8318,2025-04-18,signup,5.99,5.99
10815,8318,2025-06-17,cancel,5.99,-5.99
10816,8319,2025-04-26,signup,5.99,5.99
10817,8320,2025-04-20,signup,5.99,5.99
10818,8321,2025-04-26,signup,5.99,5.99
10819,8321,2025-06-25,cancel,5.99,-5.99
10820,8322,2025-04-12,signup,5.99,5.99
10821,8323,2025-04-15,signup,5.99,5.99
10822,8324,2025-03-28,signup,5.99,5.99
10823,8325,2025-03-29,signup,5.99,5.99
10824,8326,2025-04-21,signup,5.99,5.99
10825,8327,2025-04-01,signup,5.99,5.99
10826,8328,2025-04-17,signup,5.99,5.99
10827,8328,2025-08-15,cancel,5.99,-5.99
10828,8329,2025-04-19,signup,5.99,5.99
10829,8330,2025-04-03,signup,5.99,5.99
10830,8331,2025-04-18,signup,5.99,5.99
10831,8331,2025-05-18,cancel,5.99,-5.99
10832,8332,2025-04-18,signup,5.99,5.99
10833,8333,2025-04-07,signup,5.99,5.99
10834,8333,2025-10-04,cancel,5.99,-5.99
10835,8335,2025-04-21,signup,5.99,5.99
10836,8335,2025-07-20,cancel,5.99,-5.99
10837,8337,2025-04-18,signup,5.99,5.99
10838,8338,2025-04-12,signup,5.99,5.99
10839,8339,2025-04-07,signup,5.99,5.99
10840,8339,2025-10-04,cancel,5.99,-5.99
10841,8340,2025-04-14,signup,5.99,5.99
10842,8341,2025-04-15,signup,5.99,5.99
10843,8341,2025-05-15,cancel,5.99,-5.99
10844,8342,2025-04-03,signup,5.99,5.99
10845,8342,2025-05-03,cancel,5.99,-5.99
10846,8343,2025-04-01,signup,5.99,5.99
10847,8343,2025-05-31,cancel,5.99,-5.99
10848,8344,2025-04-04,signup,5.99,5.99
10849,8345,2025-04-18,signup,5.99,5.99
10850,8346,2025-04-25,signup,5.99,5.99
10851,8348,2025-04-03,signup,5.99,5.99
10852,8348,2025-06-02,cancel,5.99,-5.99
10853,8349,2025-03-30,signup,5.99,5.99
10854,8349,2025-04-29,cancel,5.99,-5.99
10855,8351,2025-04-15,signup,5.99,5.99
10856,8352,2025-04-14,signup,5.99,5.99
10857,8352,2025-05-14,cancel,5.99,-5.99
10858,8353,2025-04-12,signup,5.99,5.99
10859,8354,2025-04-17,signup,5.99,5.99
10860,8354,2025-10-14,cancel,5.99,-5.99
10861,8355,2025-04-12,signup,5.99,5.99
10862,8355,2025-06-11,cancel,5.99,-5.99
10863,8356,2025-04-08,signup,5.99,5.99
10864,8356,2025-05-08,cancel,5.99,-5.99
10865,8357,2025-04-13,signup,5.99,5.99
10866,8358,2025-04-04,signup,5.99,5.99
10867,8359,2025-04-07,signup,5.99,5.99
10868,8359,2025-05-07,cancel,5.99,-5.99
10869,8360,2025-04-07,signup,5.99,5.99
10870,8360,2025-05-07,cancel,5.99,-5.99
10871,8361,2025-04-03,signup,5.99,5.99
10872,8363,2025-04-04,signup,5.99,5.99
10873,8363,2025-06-03,cancel,5.99,-5.99
10874,8364,2025-04-12,signup,5.99,5.99
10875,8364,2025-12-08,cancel,5.99,-5.99
10876,8365,2025-04-12,signup,5.99,5.99
10877,8365,2025-05-12,cancel,5.99,-5.99
10878,8366,2025-04-01,signup,5.99,5.99
10879,8367,2025-03-31,signup,5.99,5.99
10880,8368,2025-04-14,signup,5.99,5.99
10881,8369,2025-04-03,signup,5.99,5.99
10882,8369,2025-09-30,cancel,5.99,-5.99
10883,8370,2025-04-15,signup,5.99,5.99
10884,8371,2025-04-08,signup,5.99,5.99
10885,8373,2025-04-21,signup,5.99,5.99
10886,8374,2025-04-25,signup,5.99,5.99
10887,8375,2025-04-01,signup,5.99,5.99
10888,8376,2025-04-21,signup,5.99,5.99
10889,8376,2025-12-17,cancel,5.99,-5.99
10890,8377,2025-04-03,signup,5.99,5.99
10891,8378,2025-04-08,signup,5.99,5.99
10892,8379,2025-04-28,signup,5.99,5.99
10893,8380,2025-04-16,signup,5.99,5.99
10894,8380,2025-09-13,cancel,5.99,-5.99
10895,8381,2025-04-20,signup,5.99,5.99
10896,8381,2025-07-19,cancel,5.99,-5.99
10897,8382,2025-04-15,signup,5.99,5.99
10898,8383,2025-04-24,signup,5.99,5.99
10899,8383,2025-09-21,cancel,5.99,-5.99
10900,8384,2025-04-09,signup,5.99,5.99
10901,8385,2025-04-25,signup,5.99,5.99
10902,8386,2025-04-18,signup,5.99,5.99
10903,8386,2025-05-18,cancel,5.99,-5.99
10904,8387,2025-04-28,signup,5.99,5.99
10905,8388,2025-04-11,signup,5.99,5.99
10906,8389,2025-04-29,signup,5.99,5.99
10907,8390,2025-04-18,signup,5.99,5.99
10908,8391,2025-04-25,signup,5.99,5.99
10909,8392,2025-04-19,signup,5.99,5.99
10910,8392,2025-09-16,cancel,5.99,-5.99
10911,8393,2025-04-16,signup,5.99,5.99
10912,8394,2025-04-26,signup,5.99,5.99
10913,8396,2025-04-05,signup,5.99,5.99
10914,8396,2025-06-04,cancel,5.99,-5.99
10915,8397,2025-03-31,signup,5.99,5.99
10916,8397,2025-06-29,cancel,5.99,-5.99
10917,8398,2025-04-29,signup,5.99,5.99
10918,8398,2025-07-28,cancel,5.99,-5.99
10919,8399,2025-04-04,signup,5.99,5.99
10920,8400,2025-04-12,signup,5.99,5.99
10921,8402,2025-04-03,signup,5.99,5.99
10922,8402,2025-05-03,cancel,5.99,-5.99
10923,8403,2025-04-22,signup,5.99,5.99
10924,8405,2025-04-28,signup,5.99,5.99
10925,8406,2025-04-26,signup,5.99,5.99
10926,8407,2025-04-26,signup,5.99,5.99
10927,8408,2025-04-27,signup,5.99,5.99
10928,8409,2025-04-16,signup,5.99,5.99
10929,8410,2025-04-26,signup,5.99,5.99
10930,8412,2025-04-06,signup,5.99,5.99
10931,8413,2025-04-26,signup,5.99,5.99
10932,8414,2025-04-16,signup,5.99,5.99
10933,8416,2025-04-08,signup,5.99,5.99
10934,8417,2025-04-29,signup,5.99,5.99
10935,8417,2025-05-29,cancel,5.99,-5.99
10936,8418,2025-04-09,signup,5.99,5.99
10937,8418,2025-07-08,cancel,5.99,-5.99
10938,8419,2025-04-02,signup,5.99,5.99
10939,8419,2025-05-02,cancel,5.99,-5.99
10940,8420,2025-04-25,signup,5.99,5.99
10941,8421,2025-04-26,signup,5.99,5.99
10942,8422,2025-04-11,signup,5.99,5.99
10943,8423,2025-04-24,signup,5.99,5.99
10944,8423,2025-07-23,cancel,5.99,-5.99
10945,8424,2025-05-01,signup,5.99,5.99
10946,8424,2025-06-30,cancel,5.99,-5.99
10947,8425,2025-04-08,signup,5.99,5.99
10948,8426,2025-04-06,signup,5.99,5.99
10949,8428,2025-04-23,signup,5.99,5.99
10950,8430,2025-04-30,signup,5.99,5.99
10951,8431,2025-05-01,signup,5.99,5.99
10952,8432,2025-04-20,signup,5.99,5.99
10953,8433,2025-04-07,signup,5.99,5.99
10954,8434,2025-04-22,signup,5.99,5.99
10955,8435,2025-04-10,signup,5.99,5.99
10956,8435,2025-11-06,cancel,5.99,-5.99
10957,8436,2025-04-03,signup,5.99,5.99
10958,8437,2025-04-06,signup,5.99,5.99
10959,8437,2025-07-05,cancel,5.99,-5.99
10960,8438,2025-05-01,signup,5.99,5.99
10961,8439,2025-04-16,signup,5.99,5.99
10962,8439,2025-07-15,cancel,5.99,-5.99
10963,8441,2025-04-21,signup,5.99,5.99
10964,8442,2025-04-15,signup,5.99,5.99
10965,8442,2025-05-15,cancel,5.99,-5.99
10966,8443,2025-04-27,signup,5.99,5.99
10967,8443,2025-05-27,cancel,5.99,-5.99
10968,8444,2025-04-20,signup,5.99,5.99
10969,8445,2025-04-07,signup,5.99,5.99
10970,8446,2025-04-22,signup,5.99,5.99
10971,8447,2025-04-27,signup,5.99,5.99
10972,8448,2025-04-18,signup,5.99,5.99
10973,8449,2025-04-10,signup,5.99,5.99
10974,8449,2025-09-07,cancel,5.99,-5.99
10975,8450,2025-04-21,signup,5.99,5.99
10976,8451,2025-04-20,signup,5.99,5.99
10977,8452,2025-04-02,signup,5.99,5.99
10978,8452,2025-05-02,cancel,5.99,-5.99
10979,8453,2025-04-16,signup,5.99,5.99
10980,8454,2025-04-18,signup,5.99,5.99
10981,8455,2025-04-26,signup,5.99,5.99
10982,8456,2025-04-15,signup,5.99,5.99
10983,8457,2025-04-24,signup,5.99,5.99
10984,8458,2025-04-02,signup,5.99,5.99
10985,8459,2025-04-16,signup,5.99,5.99
10986,8459,2025-07-15,cancel,5.99,-5.99
10987,8460,2025-04-05,signup,5.99,5.99
10988,8460,2025-05-05,cancel,5.99,-5.99
10989,8461,2025-04-13,signup,5.99,5.99
10990,8462,2025-05-01,signup,5.99,5.99
10991,8462,2025-11-27,cancel,5.99,-5.99
10992,8463,2025-04-24,signup,5.99,5.99
10993,8464,2025-04-09,signup,5.99,5.99
10994,8465,2025-04-23,signup,5.99,5.99
10995,8465,2025-05-23,cancel,5.99,-5.99
10996,8466,2025-04-12,signup,5.99,5.99
10997,8467,2025-04-03,signup,5.99,5.99
10998,8468,2025-04-07,signup,5.99,5.99
10999,8468,2025-06-06,cancel,5.99,-5.99
11000,8469,2025-04-18,signup,5.99,5.99
11001,8469,2025-10-15,cancel,5.99,-5.99
11002,8470,2025-04-24,signup,5.99,5.99
11003,8471,2025-04-25,signup,5.99,5.99
11004,8472,2025-04-24,signup,5.99,5.99
11005,8473,2025-04-24,signup,5.99,5.99
11006,8473,2025-05-24,cancel,5.99,-5.99
11007,8474,2025-05-03,signup,5.99,5.99
11008,8474,2025-08-31,cancel,5.99,-5.99
11009,8475,2025-04-05,signup,5.99,5.99
11010,8476,2025-04-16,signup,5.99,5.99
11011,8476,2025-12-12,cancel,5.99,-5.99
11012,8478,2025-04-09,signup,5.99,5.99
11013,8479,2025-04-21,signup,5.99,5.99
11014,8480,2025-04-25,signup,5.99,5.99
11015,8481,2025-04-15,signup,5.99,5.99
11016,8482,2025-04-04,signup,5.99,5.99
11017,8483,2025-05-01,signup,5.99,5.99
11018,8483,2025-12-27,cancel,5.99,-5.99
11019,8484,2025-04-12,signup,5.99,5.99
11020,8484,2025-07-11,cancel,5.99,-5.99
11021,8485,2025-04-05,signup,5.99,5.99
11022,8486,2025-04-08,signup,5.99,5.99
11023,8486,2025-07-07,cancel,5.99,-5.99
11024,8487,2025-05-02,signup,5.99,5.99
11025,8488,2025-04-25,signup,5.99,5.99
11026,8488,2025-10-22,cancel,5.99,-5.99
11027,8489,2025-04-30,signup,5.99,5.99
11028,8490,2025-04-10,signup,5.99,5.99
11029,8490,2025-07-09,cancel,5.99,-5.99
11030,8491,2025-05-04,signup,5.99,5.99
11031,8491,2025-08-02,cancel,5.99,-5.99
11032,8492,2025-04-28,signup,5.99,5.99
11033,8493,2025-04-30,signup,5.99,5.99
11034,8494,2025-04-08,signup,5.99,5.99
11035,8495,2025-04-20,signup,5.99,5.99
11036,8495,2025-06-19,cancel,5.99,-5.99
11037,8496,2025-04-11,signup,5.99,5.99
11038,8497,2025-04-04,signup,5.99,5.99
11039,8499,2025-04-14,signup,5.99,5.99
11040,8500,2025-04-12,signup,5.99,5.99
11041,8500,2025-06-11,cancel,5.99,-5.99
11042,8501,2025-04-12,signup,5.99,5.99
11043,8501,2025-05-12,cancel,5.99,-5.99
11044,8502,2025-04-19,signup,5.99,5.99
11045,8502,2025-09-16,cancel,5.99,-5.99
11046,8503,2025-04-16,signup,5.99,5.99
11047,8504,2025-04-11,signup,5.99,5.99
11048,8505,2025-05-03,signup,5.99,5.99
11049,8506,2025-05-01,signup,5.99,5.99
11050,8507,2025-04-25,signup,5.99,5.99
11051,8507,2025-05-25,cancel,5.99,-5.99
11052,8508,2025-04-04,signup,5.99,5.99
11053,8510,2025-04-14,signup,5.99,5.99
11054,8511,2025-04-24,signup,5.99,5.99
11055,8512,2025-04-11,signup,5.99,5.99
11056,8513,2025-04-14,signup,5.99,5.99
11057,8514,2025-04-25,signup,5.99,5.99
11058,8516,2025-04-07,signup,5.99,5.99
11059,8517,2025-04-14,signup,5.99,5.99
11060,8517,2025-05-14,cancel,5.99,-5.99
11061,8518,2025-04-23,signup,5.99,5.99
11062,8519,2025-04-06,signup,5.99,5.99
11063,8520,2025-04-13,signup,5.99,5.99
11064,8520,2025-06-12,cancel,5.99,-5.99
11065,8521,2025-04-06,signup,5.99,5.99
11066,8521,2025-05-06,cancel,5.99,-5.99
11067,8522,2025-04-23,signup,5.99,5.99
11068,8522,2025-11-19,cancel,5.99,-5.99
11069,8523,2025-04-30,signup,5.99,5.99
11070,8524,2025-04-28,signup,5.99,5.99
11071,8525,2025-04-07,signup,5.99,5.99
11072,8526,2025-04-13,signup,5.99,5.99
11073,8528,2025-04-27,signup,5.99,5.99
11074,8529,2025-04-12,signup,5.99,5.99
11075,8530,2025-04-22,signup,5.99,5.99
11076,8530,2025-05-22,cancel,5.99,-5.99
11077,8532,2025-05-02,signup,5.99,5.99
11078,8532,2025-11-28,cancel,5.99,-5.99
11079,8533,2025-04-26,signup,5.99,5.99
11080,8534,2025-04-28,signup,5.99,5.99
11081,8534,2025-05-28,cancel,5.99,-5.99
11082,8535,2025-04-27,signup,5.99,5.99
11083,8535,2025-09-24,cancel,5.99,-5.99
11084,8536,2025-04-07,signup,5.99,5.99
11085,8537,2025-05-01,signup,5.99,5.99
11086,8538,2025-04-16,signup,5.99,5.99
11087,8539,2025-04-12,signup,5.99,5.99
11088,8540,2025-05-01,signup,5.99,5.99
11089,8541,2025-04-14,signup,5.99,5.99
11090,8542,2025-04-13,signup,5.99,5.99
11091,8542,2025-08-11,cancel,5.99,-5.99
11092,8543,2025-04-16,signup,5.99,5.99
11093,8543,2025-05-16,cancel,5.99,-5.99
11094,8544,2025-05-01,signup,5.99,5.99
11095,8545,2025-04-12,signup,5.99,5.99
11096,8545,2025-08-10,cancel,5.99,-5.99
11097,8546,2025-04-17,signup,5.99,5.99
11098,8546,2025-12-13,cancel,5.99,-5.99
11099,8547,2025-04-08,signup,5.99,5.99
11100,8547,2025-07-07,cancel,5.99,-5.99
11101,8549,2025-05-06,signup,5.99,5.99
11102,8549,2025-07-05,cancel,5.99,-5.99
11103,8550,2025-04-19,signup,5.99,5.99
11104,8551,2025-04-28,signup,5.99,5.99
11105,8552,2025-04-14,signup,5.99,5.99
11106,8552,2025-05-14,cancel,5.99,-5.99
11107,8553,2025-04-10,signup,5.99,5.99
11108,8554,2025-04-21,signup,5.99,5.99
11109,8555,2025-04-07,signup,5.99,5.99
11110,8555,2025-06-06,cancel,5.99,-5.99
11111,8556,2025-04-22,signup,5.99,5.99
11112,8556,2025-07-21,cancel,5.99,-5.99
11113,8557,2025-04-29,signup,5.99,5.99
11114,8557,2025-06-28,cancel,5.99,-5.99
11115,8558,2025-04-14,signup,5.99,5.99
11116,8558,2025-05-14,cancel,5.99,-5.99
11117,8559,2025-04-13,signup,5.99,5.99
11118,8561,2025-04-18,signup,5.99,5.99
11119,8562,2025-04-12,signup,5.99,5.99
11120,8563,2025-04-28,signup,5.99,5.99
11121,8564,2025-04-17,signup,5.99,5.99
11122,8565,2025-04-27,signup,5.99,5.99
11123,8566,2025-04-26,signup,5.99,5.99
11124,8566,2025-09-23,cancel,5.99,-5.99
11125,8567,2025-04-17,signup,5.99,5.99
11126,8567,2025-06-16,cancel,5.99,-5.99
11127,8568,2025-04-23,signup,5.99,5.99
11128,8568,2025-05-23,cancel,5.99,-5.99
11129,8569,2025-04-09,signup,5.99,5.99
11130,8570,2025-04-17,signup,5.99,5.99
11131,8570,2025-05-17,cancel,5.99,-5.99
11132,8571,2025-04-28,signup,5.99,5.99
11133,8572,2025-05-05,signup,5.99,5.99
11134,8573,2025-05-03,signup,5.99,5.99
11135,8573,2025-10-30,cancel,5.99,-5.99
11136,8574,2025-04-09,signup,5.99,5.99
11137,8575,2025-04-16,signup,5.99,5.99
11138,8577,2025-04-13,signup,5.99,5.99
11139,8577,2025-05-13,cancel,5.99,-5.99
11140,8578,2025-05-02,signup,5.99,5.99
11141,8578,2025-06-01,cancel,5.99,-5.99
11142,8579,2025-04-12,signup,5.99,5.99
11143,8579,2025-06-11,cancel,5.99,-5.99
11144,8580,2025-04-22,signup,5.99,5.99
11145,8580,2025-05-22,cancel,5.99,-5.99
11146,8581,2025-05-03,signup,5.99,5.99
11147,8581,2025-09-30,cancel,5.99,-5.99
11148,8582,2025-05-01,signup,5.99,5.99
11149,8583,2025-04-28,signup,5.99,5.99
11150,8583,2025-05-28,cancel,5.99,-5.99
11151,8584,2025-04-13,signup,5.99,5.99
11152,8585,2025-04-15,signup,5.99,5.99
11153,8585,2025-07-14,cancel,5.99,-5.99
11154,8586,2025-04-13,signup,5.99,5.99
11155,8587,2025-04-30,signup,5.99,5.99
11156,8588,2025-04-22,signup,5.99,5.99
11157,8589,2025-04-29,signup,5.99,5.99
11158,8590,2025-05-06,signup,5.99,5.99
11159,8591,2025-04-24,signup,5.99,5.99
11160,8591,2025-05-24,cancel,5.99,-5.99
11161,8592,2025-04-08,signup,5.99,5.99
11162,8594,2025-04-22,signup,5.99,5.99
11163,8594,2025-05-22,cancel,5.99,-5.99
11164,8595,2025-04-10,signup,5.99,5.99
11165,8595,2025-07-09,cancel,5.99,-5.99
11166,8596,2025-04-25,signup,5.99,5.99
11167,8597,2025-04-16,signup,5.99,5.99
11168,8598,2025-05-05,signup,5.99,5.99
11169,8598,2025-09-02,cancel,5.99,-5.99
11170,8599,2025-05-05,signup,5.99,5.99
11171,8600,2025-04-12,signup,5.99,5.99
11172,8601,2025-04-18,signup,5.99,5.99
11173,8602,2025-04-26,signup,5.99,5.99
11174,8602,2025-10-23,cancel,5.99,-5.99
11175,8603,2025-04-28,signup,5.99,5.99
11176,8603,2025-05-28,cancel,5.99,-5.99
11177,8604,2025-05-07,signup,5.99,5.99
11178,8605,2025-04-11,signup,5.99,5.99
11179,8606,2025-04-11,signup,5.99,5.99
11180,8606,2025-09-08,cancel,5.99,-5.99
11181,8607,2025-04-29,signup,5.99,5.99
11182,8608,2025-04-23,signup,5.99,5.99
11183,8609,2025-04-25,signup,5.99,5.99
11184,8610,2025-05-02,signup,5.99,5.99
11185,8611,2025-04-28,signup,5.99,5.99
11186,8612,2025-05-07,signup,5.99,5.99
11187,8613,2025-04-16,signup,5.99,5.99
11188,8614,2025-04-21,signup,5.99,5.99
11189,8615,2025-04-22,signup,5.99,5.99
11190,8616,2025-04-25,signup,5.99,5.99
11191,8617,2025-05-03,signup,5.99,5.99
11192,8617,2025-10-30,cancel,5.99,-5.99
11193,8618,2025-04-11,signup,5.99,5.99
11194,8618,2025-06-10,cancel,5.99,-5.99
11195,8619,2025-04-10,signup,5.99,5.99
11196,8619,2025-05-10,cancel,5.99,-5.99
11197,8620,2025-05-06,signup,5.99,5.99
11198,8621,2025-04-13,signup,5.99,5.99
11199,8622,2025-04-08,signup,5.99,5.99
11200,8623,2025-04-18,signup,5.99,5.99
11201,8624,2025-05-07,signup,5.99,5.99
11202,8625,2025-04-27,signup,5.99,5.99
11203,8626,2025-04-19,signup,5.99,5.99
11204,8627,2025-04-22,signup,5.99,5.99
11205,8628,2025-04-24,signup,5.99,5.99
11206,8629,2025-04-30,signup,5.99,5.99
11207,8630,2025-04-14,signup,5.99,5.99
11208,8631,2025-04-11,signup,5.99,5.99
11209,8632,2025-04-15,signup,5.99,5.99
11210,8632,2025-10-12,cancel,5.99,-5.99
11211,8633,2025-04-10,signup,5.99,5.99
11212,8634,2025-04-27,signup,5.99,5.99
11213,8634,2025-08-25,cancel,5.99,-5.99
11214,8635,2025-05-07,signup,5.99,5.99
11215,8636,2025-04-29,signup,5.99,5.99
11216,8636,2025-08-27,cancel,5.99,-5.99
11217,8637,2025-05-01,signup,5.99,5.99
11218,8638,2025-04-16,signup,5.99,5.99
11219,8639,2025-04-14,signup,5.99,5.99
11220,8640,2025-04-30,signup,5.99,5.99
11221,8640,2025-05-30,cancel,5.99,-5.99
11222,8641,2025-04-15,signup,5.99,5.99
11223,8645,2025-04-10,signup,5.99,5.99
11224,8646,2025-05-01,signup,5.99,5.99
11225,8647,2025-04-15,signup,5.99,5.99
11226,8647,2025-05-15,cancel,5.99,-5.99
11227,8648,2025-05-01,signup,5.99,5.99
11228,8649,2025-04-29,signup,5.99,5.99
11229,8650,2025-04-29,signup,5.99,5.99
11230,8651,2025-04-25,signup,5.99,5.99
11231,8651,2025-05-25,cancel,5.99,-5.99
11232,8652,2025-05-07,signup,5.99,5.99
11233,8653,2025-04-27,signup,5.99,5.99
11234,8654,2025-05-05,signup,5.99,5.99
11235,8655,2025-04-14,signup,5.99,5.99
11236,8656,2025-04-12,signup,5.99,5.99
11237,8657,2025-04-17,signup,5.99,5.99
11238,8657,2025-05-17,cancel,5.99,-5.99
11239,8659,2025-05-09,signup,5.99,5.99
11240,8659,2025-08-07,cancel,5.99,-5.99
11241,8661,2025-05-06,signup,5.99,5.99
11242,8662,2025-04-20,signup,5.99,5.99
11243,8663,2025-04-20,signup,5.99,5.99
11244,8664,2025-04-22,signup,5.99,5.99
11245,8665,2025-05-09,signup,5.99,5.99
11246,8665,2025-08-07,cancel,5.99,-5.99
11247,8666,2025-04-14,signup,5.99,5.99
11248,8666,2025-07-13,cancel,5.99,-5.99
11249,8667,2025-05-03,signup,5.99,5.99
11250,8668,2025-04-25,signup,5.99,5.99
11251,8669,2025-05-03,signup,5.99,5.99
11252,8671,2025-05-09,signup,5.99,5.99
11253,8672,2025-04-20,signup,5.99,5.99
11254,8672,2025-06-19,cancel,5.99,-5.99
11255,8674,2025-05-08,signup,5.99,5.99
11256,8674,2025-12-04,cancel,5.99,-5.99
11257,8675,2025-04-21,signup,5.99,5.99
11258,8675,2025-05-21,cancel,5.99,-5.99
11259,8676,2025-04-24,signup,5.99,5.99
11260,8676,2025-09-21,cancel,5.99,-5.99
11261,8677,2025-04-17,signup,5.99,5.99
11262,8677,2025-06-16,cancel,5.99,-5.99
11263,8678,2025-04-28,signup,5.99,5.99
11264,8678,2025-06-27,cancel,5.99,-5.99
11265,8679,2025-04-16,signup,5.99,5.99
11266,8679,2025-05-16,cancel,5.99,-5.99
11267,8680,2025-05-11,signup,5.99,5.99
11268,8681,2025-05-07,signup,5.99,5.99
11269,8682,2025-04-24,signup,5.99,5.99
11270,8683,2025-04-26,signup,5.99,5.99
11271,8685,2025-04-17,signup,5.99,5.99
11272,8685,2025-05-17,cancel,5.99,-5.99
11273,8686,2025-04-26,signup,5.99,5.99
11274,8686,2025-10-23,cancel,5.99,-5.99
11275,8687,2025-04-17,signup,5.99,5.99
11276,8687,2025-09-14,cancel,5.99,-5.99
11277,8688,2025-05-11,signup,5.99,5.99
11278,8688,2025-06-10,cancel,5.99,-5.99
11279,8690,2025-04-18,signup,5.99,5.99
11280,8692,2025-05-06,signup,5.99,5.99
11281,8692,2025-09-03,cancel,5.99,-5.99
11282,8693,2025-05-05,signup,5.99,5.99
11283,8694,2025-04-24,signup,5.99,5.99
11284,8695,2025-04-14,signup,5.99,5.99
11285,8696,2025-04-25,signup,5.99,5.99
11286,8696,2025-07-24,cancel,5.99,-5.99
11287,8697,2025-04-22,signup,5.99,5.99
11288,8697,2025-07-21,cancel,5.99,-5.99
11289,8698,2025-04-25,signup,5.99,5.99
11290,8698,2025-05-25,cancel,5.99,-5.99
11291,8699,2025-04-23,signup,5.99,5.99
11292,8700,2025-05-11,signup,5.99,5.99
11293,8701,2025-05-05,signup,5.99,5.99
11294,8702,2025-05-07,signup,5.99,5.99
11295,8702,2025-06-06,cancel,5.99,-5.99
11296,8703,2025-04-25,signup,5.99,5.99
11297,8704,2025-05-02,signup,5.99,5.99
11298,8704,2025-10-29,cancel,5.99,-5.99
11299,8705,2025-05-12,signup,5.99,5.99
11300,8706,2025-05-06,signup,5.99,5.99
11301,8707,2025-04-29,signup,5.99,5.99
11302,8708,2025-05-09,signup,5.99,5.99
11303,8708,2025-08-07,cancel,5.99,-5.99
11304,8710,2025-05-10,signup,5.99,5.99
11305,8711,2025-04-25,signup,5.99,5.99
11306,8712,2025-05-10,signup,5.99,5.99
11307,8713,2025-04-12,signup,5.99,5.99
11308,8714,2025-04-26,signup,5.99,5.99
11309,8715,2025-05-12,signup,5.99,5.99
11310,8715,2025-10-09,cancel,5.99,-5.99
11311,8716,2025-04-22,signup,5.99,5.99
11312,8717,2025-05-04,signup,5.99,5.99
11313,8717,2025-06-03,cancel,5.99,-5.99
11314,8719,2025-05-01,signup,5.99,5.99
11315,8719,2025-05-31,cancel,5.99,-5.99
11316,8720,2025-05-08,signup,5.99,5.99
11317,8721,2025-04-27,signup,5.99,5.99
11318,8722,2025-04-29,signup,5.99,5.99
11319,8722,2025-05-29,cancel,5.99,-5.99
11320,8723,2025-04-22,signup,5.99,5.99
11321,8723,2025-05-22,cancel,5.99,-5.99
11322,8724,2025-04-14,signup,5.99,5.99
11323,8724,2025-06-13,cancel,5.99,-5.99
11324,8725,2025-04-21,signup,5.99,5.99
11325,8726,2025-04-19,signup,5.99,5.99
11326,8727,2025-04-15,signup,5.99,5.99
11327,8727,2025-05-15,cancel,5.99,-5.99
11328,8729,2025-04-20,signup,5.99,5.99
11329,8730,2025-04-22,signup,5.99,5.99
11330,8730,2025-05-22,cancel,5.99,-5.99
11331,8732,2025-04-23,signup,5.99,5.99
11332,8734,2025-05-10,signup,5.99,5.99
11333,8734,2025-06-09,cancel,5.99,-5.99
11334,8735,2025-04-26,signup,5.99,5.99
11335,8736,2025-05-11,signup,5.99,5.99
11336,8737,2025-05-11,signup,5.99,5.99
11337,8737,2025-12-07,cancel,5.99,-5.99
11338,8738,2025-04-26,signup,5.99,5.99
11339,8739,2025-04-25,signup,5.99,5.99
11340,8740,2025-05-08,signup,5.99,5.99
11341,8740,2025-07-07,cancel,5.99,-5.99
11342,8741,2025-04-15,signup,5.99,5.99
11343,8743,2025-04-19,signup,5.99,5.99
11344,8744,2025-04-30,signup,5.99,5.99
11345,8745,2025-04-22,signup,5.99,5.99
11346,8746,2025-05-14,signup,5.99,5.99
11347,8746,2025-10-11,cancel,5.99,-5.99
11348,8747,2025-05-03,signup,5.99,5.99
11349,8747,2025-07-02,cancel,5.99,-5.99
11350,8748,2025-05-05,signup,5.99,5.99
11351,8749,2025-05-05,signup,5.99,5.99
11352,8749,2025-07-04,cancel,5.99,-5.99
11353,8750,2025-04-28,signup,5.99,5.99
11354,8751,2025-04-28,signup,5.99,5.99
11355,8752,2025-04-20,signup,5.99,5.99
11356,8753,2025-05-12,signup,5.99,5.99
11357,8753,2025-10-09,cancel,5.99,-5.99
11358,8754,2025-05-05,signup,5.99,5.99
11359,8755,2025-04-27,signup,5.99,5.99
11360,8755,2025-06-26,cancel,5.99,-5.99
11361,8756,2025-04-19,signup,5.99,5.99
11362,8757,2025-05-13,signup,5.99,5.99
11363,8758,2025-05-06,signup,5.99,5.99
11364,8759,2025-04-14,signup,5.99,5.99
11365,8760,2025-05-09,signup,5.99,5.99
11366,8761,2025-05-02,signup,5.99,5.99
11367,8761,2025-06-01,cancel,5.99,-5.99
11368,8762,2025-05-02,signup,5.99,5.99
11369,8763,2025-04-26,signup,5.99,5.99
11370,8764,2025-05-03,signup,5.99,5.99
11371,8764,2025-06-02,cancel,5.99,-5.99
11372,8765,2025-04-19,signup,5.99,5.99
11373,8765,2025-08-17,cancel,5.99,-5.99
11374,8766,2025-05-11,signup,5.99,5.99
11375,8767,2025-05-14,signup,5.99,5.99
11376,8768,2025-05-09,signup,5.99,5.99
11377,8769,2025-05-13,signup,5.99,5.99
11378,8769,2025-12-09,cancel,5.99,-5.99
11379,8770,2025-04-25,signup,5.99,5.99
11380,8771,2025-05-08,signup,5.99,5.99
11381,8772,2025-05-06,signup,5.99,5.99
11382,8773,2025-05-10,signup,5.99,5.99
11383,8774,2025-05-05,signup,5.99,5.99
11384,8774,2025-06-04,cancel,5.99,-5.99
11385,8775,2025-05-02,signup,5.99,5.99
11386,8776,2025-05-06,signup,5.99,5.99
11387,8776,2025-07-05,cancel,5.99,-5.99
11388,8777,2025-05-10,signup,5.99,5.99
11389,8777,2025-11-06,cancel,5.99,-5.99
11390,8778,2025-05-01,signup,5.99,5.99
11391,8778,2025-05-31,cancel,5.99,-5.99
11392,8779,2025-04-27,signup,5.99,5.99
11393,8780,2025-05-12,signup,5.99,5.99
11394,8780,2025-11-08,cancel,5.99,-5.99
11395,8781,2025-05-11,signup,5.99,5.99
11396,8782,2025-05-13,signup,5.99,5.99
11397,8783,2025-05-02,signup,5.99,5.99
11398,8783,2025-09-29,cancel,5.99,-5.99
11399,8784,2025-05-13,signup,5.99,5.99
11400,8786,2025-05-04,signup,5.99,5.99
11401,8786,2025-06-03,cancel,5.99,-5.99
11402,8787,2025-05-11,signup,5.99,5.99
11403,8789,2025-04-17,signup,5.99,5.99
11404,8790,2025-04-26,signup,5.99,5.99
11405,8791,2025-05-14,signup,5.99,5.99
11406,8792,2025-04-27,signup,5.99,5.99
11407,8793,2025-05-13,signup,5.99,5.99
11408,8794,2025-05-01,signup,5.99,5.99
11409,8796,2025-04-23,signup,5.99,5.99
11410,8796,2025-07-22,cancel,5.99,-5.99
11411,8797,2025-04-24,signup,5.99,5.99
11412,8799,2025-04-26,signup,5.99,5.99
11413,8799,2025-07-25,cancel,5.99,-5.99
11414,8800,2025-04-29,signup,5.99,5.99
11415,8801,2025-05-16,signup,5.99,5.99
11416,8802,2025-04-23,signup,5.99,5.99
11417,8802,2025-07-22,cancel,5.99,-5.99
11418,8803,2025-05-03,signup,5.99,5.99
11419,8803,2025-09-30,cancel,5.99,-5.99
11420,8804,2025-05-04,signup,5.99,5.99
11421,8804,2025-06-03,cancel,5.99,-5.99
11422,8805,2025-04-25,signup,5.99,5.99
11423,8806,2025-05-14,signup,5.99,5.99
11424,8806,2025-08-12,cancel,5.99,-5.99
11425,8808,2025-04-23,signup,5.99,5.99
11426,8808,2025-12-19,cancel,5.99,-5.99
11427,8809,2025-04-29,signup,5.99,5.99
11428,8810,2025-05-10,signup,5.99,5.99
11429,8811,2025-04-27,signup,5.99,5.99
11430,8812,2025-04-19,signup,5.99,5.99
11431,8813,2025-04-19,signup,5.99,5.99
11432,8814,2025-05-08,signup,5.99,5.99
11433,8817,2025-05-05,signup,5.99,5.99
11434,8819,2025-04-29,signup,5.99,5.99
11435,8819,2025-09-26,cancel,5.99,-5.99
11436,8820,2025-05-06,signup,5.99,5.99
11437,8820,2025-06-05,cancel,5.99,-5.99
11438,8821,2025-04-21,signup,5.99,5.99
11439,8822,2025-05-08,signup,5.99,5.99
11440,8823,2025-04-30,signup,5.99,5.99
11441,8824,2025-04-23,signup,5.99,5.99
11442,8825,2025-05-13,signup,5.99,5.99
11443,8825,2025-12-09,cancel,5.99,-5.99
11444,8826,2025-04-19,signup,5.99,5.99
11445,8826,2025-08-17,cancel,5.99,-5.99
11446,8827,2025-05-04,signup,5.99,5.99
11447,8828,2025-04-28,signup,5.99,5.99
11448,8828,2025-06-27,cancel,5.99,-5.99
11449,8829,2025-05-01,signup,5.99,5.99
11450,8829,2025-05-31,cancel,5.99,-5.99
11451,8830,2025-05-16,signup,5.99,5.99
11452,8830,2025-11-12,cancel,5.99,-5.99
11453,8831,2025-04-24,signup,5.99,5.99
11454,8831,2025-06-23,cancel,5.99,-5.99
11455,8832,2025-05-12,signup,5.99,5.99
11456,8833,2025-05-12,signup,5.99,5.99
11457,8833,2025-09-09,cancel,5.99,-5.99
11458,8834,2025-05-12,signup,5.99,5.99
11459,8835,2025-05-02,signup,5.99,5.99
11460,8835,2025-07-31,cancel,5.99,-5.99
11461,8836,2025-04-29,signup,5.99,5.99
11462,8837,2025-04-30,signup,5.99,5.99
11463,8837,2025-05-30,cancel,5.99,-5.99
11464,8838,2025-04-22,signup,5.99,5.99
11465,8839,2025-04-17,signup,5.99,5.99
11466,8839,2025-09-14,cancel,5.99,-5.99
11467,8840,2025-05-15,signup,5.99,5.99
11468,8840,2025-08-13,cancel,5.99,-5.99
11469,8841,2025-04-18,signup,5.99,5.99
11470,8841,2025-05-18,cancel,5.99,-5.99
11471,8842,2025-05-07,signup,5.99,5.99
11472,8843,2025-05-17,signup,5.99,5.99
11473,8843,2025-11-13,cancel,5.99,-5.99
11474,8844,2025-04-30,signup,5.99,5.99
11475,8845,2025-05-12,signup,5.99,5.99
11476,8846,2025-04-25,signup,5.99,5.99
11477,8847,2025-05-04,signup,5.99,5.99
11478,8847,2025-06-03,cancel,5.99,-5.99
11479,8848,2025-04-20,signup,5.99,5.99
11480,8849,2025-04-23,signup,5.99,5.99
11481,8849,2025-08-21,cancel,5.99,-5.99
11482,8850,2025-05-18,signup,5.99,5.99
11483,8851,2025-04-24,signup,5.99,5.99
11484,8852,2025-04-23,signup,5.99,5.99
11485,8853,2025-05-09,signup,5.99,5.99
11486,8853,2025-06-08,cancel,5.99,-5.99
11487,8854,2025-04-22,signup,5.99,5.99
11488,8855,2025-04-21,signup,5.99,5.99
11489,8856,2025-04-18,signup,5.99,5.99
11490,8857,2025-05-13,signup,5.99,5.99
11491,8857,2025-10-10,cancel,5.99,-5.99
11492,8858,2025-04-30,signup,5.99,5.99
11493,8859,2025-05-13,signup,5.99,5.99
11494,8859,2025-07-12,cancel,5.99,-5.99
11495,8860,2025-04-21,signup,5.99,5.99
11496,8861,2025-04-24,signup,5.99,5.99
11497,8862,2025-05-15,signup,5.99,5.99
11498,8863,2025-04-22,signup,5.99,5.99
11499,8864,2025-05-01,signup,5.99,5.99
11500,8865,2025-05-13,signup,5.99,5.99
11501,8865,2025-06-12,cancel,5.99,-5.99
11502,8867,2025-05-13,signup,5.99,5.99
11503,8867,2025-12-09,cancel,5.99,-5.99
11504,8869,2025-05-06,signup,5.99,5.99
11505,8871,2025-04-23,signup,5.99,5.99
11506,8871,2025-09-20,cancel,5.99,-5.99
11507,8872,2025-04-22,signup,5.99,5.99
11508,8873,2025-05-18,signup,5.99,5.99
11509,8873,2025-06-17,cancel,5.99,-5.99
11510,8874,2025-05-03,signup,5.99,5.99
11511,8875,2025-04-21,signup,5.99,5.99
11512,8876,2025-05-07,signup,5.99,5.99
11513,8877,2025-05-12,signup,5.99,5.99
11514,8878,2025-04-24,signup,5.99,5.99
11515,8880,2025-04-30,signup,5.99,5.99
11516,8881,2025-05-03,signup,5.99,5.99
11517,8882,2025-05-03,signup,5.99,5.99
11518,8883,2025-04-27,signup,5.99,5.99
11519,8884,2025-05-07,signup,5.99,5.99
11520,8885,2025-05-13,signup,5.99,5.99
11521,8886,2025-05-09,signup,5.99,5.99
11522,8887,2025-04-19,signup,5.99,5.99
11523,8888,2025-04-20,signup,5.99,5.99
11524,8889,2025-05-13,signup,5.99,5.99
11525,8890,2025-05-08,signup,5.99,5.99
11526,8891,2025-05-15,signup,5.99,5.99
11527,8892,2025-05-09,signup,5.99,5.99
11528,8894,2025-05-05,signup,5.99,5.99
11529,8895,2025-05-10,signup,5.99,5.99
11530,8895,2025-08-08,cancel,5.99,-5.99
11531,8896,2025-04-23,signup,5.99,5.99
11532,8898,2025-05-16,signup,5.99,5.99
11533,8898,2025-06-15,cancel,5.99,-5.99
11534,8899,2025-05-03,signup,5.99,5.99
11535,8900,2025-04-23,signup,5.99,5.99
11536,8901,2025-05-15,signup,5.99,5.99
11537,8902,2025-04-19,signup,5.99,5.99
11538,8903,2025-05-19,signup,5.99,5.99
11539,8904,2025-05-07,signup,5.99,5.99
11540,8906,2025-05-02,signup,5.99,5.99
11541,8906,2025-08-30,cancel,5.99,-5.99
11542,8907,2025-05-03,signup,5.99,5.99
11543,8907,2025-06-02,cancel,5.99,-5.99
11544,8908,2025-05-16,signup,5.99,5.99
11545,8909,2025-04-23,signup,5.99,5.99
11546,8910,2025-04-28,signup,5.99,5.99
11547,8911,2025-05-03,signup,5.99,5.99
11548,8912,2025-05-12,signup,5.99,5.99
11549,8914,2025-04-29,signup,5.99,5.99
11550,8914,2025-06-28,cancel,5.99,-5.99
11551,8915,2025-04-21,signup,5.99,5.99
11552,8915,2025-06-20,cancel,5.99,-5.99
11553,8916,2025-04-27,signup,5.99,5.99
11554,8917,2025-04-28,signup,5.99,5.99
11555,8917,2025-07-27,cancel,5.99,-5.99
11556,8918,2025-04-21,signup,5.99,5.99
11557,8918,2025-05-21,cancel,5.99,-5.99
11558,8919,2025-05-06,signup,5.99,5.99
11559,8920,2025-04-27,signup,5.99,5.99
11560,8921,2025-04-21,signup,5.99,5.99
11561,8921,2025-05-21,cancel,5.99,-5.99
11562,8922,2025-05-12,signup,5.99,5.99
11563,8922,2025-07-11,cancel,5.99,-5.99
11564,8924,2025-04-20,signup,5.99,5.99
11565,8924,2025-05-20,cancel,5.99,-5.99
11566,8925,2025-05-13,signup,5.99,5.99
11567,8926,2025-04-21,signup,5.99,5.99
11568,8927,2025-05-05,signup,5.99,5.99
11569,8927,2025-06-04,cancel,5.99,-5.99
11570,8928,2025-05-16,signup,5.99,5.99
11571,8929,2025-04-27,signup,5.99,5.99
11572,8930,2025-05-18,signup,5.99,5.99
11573,8930,2025-06-17,cancel,5.99,-5.99
11574,8931,2025-05-09,signup,5.99,5.99
11575,8931,2025-06-08,cancel,5.99,-5.99
11576,8932,2025-04-24,signup,5.99,5.99
11577,8934,2025-05-09,signup,5.99,5.99
11578,8934,2025-08-07,cancel,5.99,-5.99
11579,8935,2025-04-27,signup,5.99,5.99
11580,8936,2025-05-19,signup,5.99,5.99
11581,8936,2025-06-18,cancel,5.99,-5.99
11582,8937,2025-05-20,signup,5.99,5.99
11583,8938,2025-04-27,signup,5.99,5.99
11584,8938,2025-09-24,cancel,5.99,-5.99
11585,8940,2025-05-16,signup,5.99,5.99
11586,8942,2025-05-15,signup,5.99,5.99
11587,8942,2025-06-14,cancel,5.99,-5.99
11588,8943,2025-05-11,signup,5.99,5.99
11589,8944,2025-05-14,signup,5.99,5.99
11590,8945,2025-04-30,signup,5.99,5.99
11591,8946,2025-05-14,signup,5.99,5.99
11592,8947,2025-05-21,signup,5.99,5.99
11593,8947,2025-07-20,cancel,5.99,-5.99
11594,8948,2025-05-01,signup,5.99,5.99
11595,8950,2025-04-21,signup,5.99,5.99
11596,8950,2025-06-20,cancel,5.99,-5.99
11597,8951,2025-05-02,signup,5.99,5.99
11598,8952,2025-05-06,signup,5.99,5.99
11599,8952,2025-06-05,cancel,5.99,-5.99
11600,8953,2025-05-19,signup,5.99,5.99
11601,8954,2025-05-02,signup,5.99,5.99
11602,8954,2025-06-01,cancel,5.99,-5.99
11603,8955,2025-05-16,signup,5.99,5.99
11604,8955,2025-12-12,cancel,5.99,-5.99
11605,8956,2025-05-08,signup,5.99,5.99
11606,8957,2025-05-02,signup,5.99,5.99
11607,8957,2025-11-28,cancel,5.99,-5.99
11608,8958,2025-05-06,signup,5.99,5.99
11609,8959,2025-05-04,signup,5.99,5.99
11610,8960,2025-05-22,signup,5.99,5.99
11611,8961,2025-05-04,signup,5.99,5.99
11612,8963,2025-05-06,signup,5.99,5.99
11613,8964,2025-05-10,signup,5.99,5.99
11614,8965,2025-05-08,signup,5.99,5.99
11615,8966,2025-05-04,signup,5.99,5.99
11616,8966,2025-06-03,cancel,5.99,-5.99
11617,8967,2025-04-25,signup,5.99,5.99
11618,8968,2025-05-12,signup,5.99,5.99
11619,8968,2025-06-11,cancel,5.99,-5.99
11620,8969,2025-05-14,signup,5.99,5.99
11621,8969,2025-12-10,cancel,5.99,-5.99
11622,8970,2025-05-18,signup,5.99,5.99
11623,8971,2025-05-16,signup,5.99,5.99
11624,8971,2025-07-15,cancel,5.99,-5.99
11625,8973,2025-04-27,signup,5.99,5.99
11626,8973,2025-05-27,cancel,5.99,-5.99
11627,8974,2025-04-25,signup,5.99,5.99
11628,8975,2025-05-18,signup,5.99,5.99
11629,8975,2025-12-14,cancel,5.99,-5.99
11630,8976,2025-05-15,signup,5.99,5.99
11631,8977,2025-05-07,signup,5.99,5.99
11632,8978,2025-05-05,signup,5.99,5.99
11633,8979,2025-04-27,signup,5.99,5.99
11634,8979,2025-07-26,cancel,5.99,-5.99
11635,8980,2025-05-12,signup,5.99,5.99
11636,8981,2025-05-04,signup,5.99,5.99
11637,8982,2025-05-12,signup,5.99,5.99
11638,8983,2025-05-19,signup,5.99,5.99
11639,8984,2025-05-05,signup,5.99,5.99
11640,8984,2025-06-04,cancel,5.99,-5.99
11641,8985,2025-05-19,signup,5.99,5.99
11642,8987,2025-05-22,signup,5.99,5.99
11643,8987,2025-06-21,cancel,5.99,-5.99
11644,8988,2025-05-11,signup,5.99,5.99
11645,8989,2025-04-25,signup,5.99,5.99
11646,8992,2025-05-12,signup,5.99,5.99
11647,8993,2025-05-18,signup,5.99,5.99
11648,8995,2025-05-22,signup,5.99,5.99
11649,8995,2025-06-21,cancel,5.99,-5.99
11650,8996,2025-04-29,signup,5.99,5.99
11651,8997,2025-04-30,signup,5.99,5.99
11652,8998,2025-05-23,signup,5.99,5.99
11653,8998,2025-12-19,cancel,5.99,-5.99
11654,8999,2025-05-19,signup,5.99,5.99
11655,9000,2025-04-29,signup,5.99,5.99
11656,9001,2025-05-17,signup,5.99,5.99
11657,9001,2025-10-14,cancel,5.99,-5.99
11658,9002,2025-05-15,signup,5.99,5.99
11659,9003,2025-05-20,signup,5.99,5.99
11660,9004,2025-05-21,signup,5.99,5.99
11661,9005,2025-04-27,signup,5.99,5.99
11662,9006,2025-05-10,signup,5.99,5.99
11663,9007,2025-05-07,signup,5.99,5.99
11664,9007,2025-08-05,cancel,5.99,-5.99
11665,9008,2025-04-25,signup,5.99,5.99
11666,9011,2025-05-10,signup,5.99,5.99
11667,9012,2025-05-02,signup,5.99,5.99
11668,9012,2025-07-01,cancel,5.99,-5.99
11669,9013,2025-05-11,signup,5.99,5.99
11670,9013,2025-10-08,cancel,5.99,-5.99
11671,9014,2025-05-17,signup,5.99,5.99
11672,9014,2025-06-16,cancel,5.99,-5.99
11673,9016,2025-05-22,signup,5.99,5.99
11674,9016,2025-10-19,cancel,5.99,-5.99
11675,9017,2025-05-11,signup,5.99,5.99
11676,9018,2025-05-16,signup,5.99,5.99
11677,9021,2025-05-16,signup,5.99,5.99
11678,9022,2025-05-15,signup,5.99,5.99
11679,9023,2025-04-24,signup,5.99,5.99
11680,9024,2025-05-02,signup,5.99,5.99
11681,9025,2025-05-04,signup,5.99,5.99
11682,9026,2025-05-17,signup,5.99,5.99
11683,9027,2025-05-12,signup,5.99,5.99
11684,9028,2025-05-10,signup,5.99,5.99
11685,9028,2025-07-09,cancel,5.99,-5.99
11686,9029,2025-04-28,signup,5.99,5.99
11687,9029,2025-05-28,cancel,5.99,-5.99
11688,9031,2025-05-25,signup,5.99,5.99
11689,9031,2025-09-22,cancel,5.99,-5.99
11690,9033,2025-05-19,signup,5.99,5.99
11691,9034,2025-05-13,signup,5.99,5.99
11692,9034,2025-06-12,cancel,5.99,-5.99
11693,9035,2025-04-29,signup,5.99,5.99
11694,9035,2025-05-29,cancel,5.99,-5.99
11695,9036,2025-05-10,signup,5.99,5.99
11696,9037,2025-05-09,signup,5.99,5.99
11697,9037,2025-09-06,cancel,5.99,-5.99
11698,9038,2025-05-23,signup,5.99,5.99
11699,9039,2025-05-04,signup,5.99,5.99
11700,9040,2025-05-18,signup,5.99,5.99
11701,9040,2025-06-17,cancel,5.99,-5.99
11702,9041,2025-05-07,signup,5.99,5.99
11703,9042,2025-05-23,signup,5.99,5.99
11704,9043,2025-05-08,signup,5.99,5.99
11705,9044,2025-04-26,signup,5.99,5.99
11706,9045,2025-04-29,signup,5.99,5.99
11707,9046,2025-05-10,signup,5.99,5.99
11708,9047,2025-05-03,signup,5.99,5.99
11709,9047,2025-07-02,cancel,5.99,-5.99
11710,9050,2025-05-25,signup,5.99,5.99
11711,9050,2025-07-24,cancel,5.99,-5.99
11712,9051,2025-05-04,signup,5.99,5.99
11713,9051,2025-06-03,cancel,5.99,-5.99
11714,9052,2025-05-02,signup,5.99,5.99
11715,9053,2025-05-19,signup,5.99,5.99
11716,9054,2025-05-18,signup,5.99,5.99
11717,9054,2025-06-17,cancel,5.99,-5.99
11718,9055,2025-05-04,signup,5.99,5.99
11719,9056,2025-05-10,signup,5.99,5.99
11720,9056,2025-06-09,cancel,5.99,-5.99
11721,9057,2025-05-02,signup,5.99,5.99
11722,9057,2025-07-01,cancel,5.99,-5.99
11723,9058,2025-05-04,signup,5.99,5.99
11724,9059,2025-05-16,signup,5.99,5.99
11725,9059,2025-08-14,cancel,5.99,-5.99
11726,9060,2025-05-18,signup,5.99,5.99
11727,9061,2025-05-11,signup,5.99,5.99
11728,9062,2025-05-18,signup,5.99,5.99
11729,9063,2025-05-24,signup,5.99,5.99
11730,9064,2025-05-13,signup,5.99,5.99
11731,9064,2025-08-11,cancel,5.99,-5.99
11732,9065,2025-05-09,signup,5.99,5.99
11733,9065,2025-12-05,cancel,5.99,-5.99
11734,9067,2025-05-16,signup,5.99,5.99
11735,9067,2025-06-15,cancel,5.99,-5.99
11736,9068,2025-04-28,signup,5.99,5.99
11737,9069,2025-04-29,signup,5.99,5.99
11738,9070,2025-05-22,signup,5.99,5.99
11739,9071,2025-05-04,signup,5.99,5.99
11740,9071,2025-09-01,cancel,5.99,-5.99
11741,9072,2025-05-09,signup,5.99,5.99
11742,9073,2025-05-09,signup,5.99,5.99
11743,9073,2025-10-06,cancel,5.99,-5.99
11744,9074,2025-05-17,signup,5.99,5.99
11745,9074,2025-07-16,cancel,5.99,-5.99
11746,9075,2025-05-24,signup,5.99,5.99
11747,9076,2025-05-09,signup,5.99,5.99
11748,9077,2025-05-23,signup,5.99,5.99
11749,9077,2025-07-22,cancel,5.99,-5.99
11750,9078,2025-05-08,signup,5.99,5.99
11751,9079,2025-05-02,signup,5.99,5.99
11752,9079,2025-07-01,cancel,5.99,-5.99
11753,9080,2025-05-08,signup,5.99,5.99
11754,9080,2025-07-07,cancel,5.99,-5.99
11755,9082,2025-05-24,signup,5.99,5.99
11756,9083,2025-04-28,signup,5.99,5.99
11757,9084,2025-05-12,signup,5.99,5.99
11758,9084,2025-08-10,cancel,5.99,-5.99
11759,9085,2025-05-09,signup,5.99,5.99
11760,9086,2025-05-07,signup,5.99,5.99
11761,9087,2025-05-08,signup,5.99,5.99
11762,9088,2025-05-20,signup,5.99,5.99
11763,9088,2025-06-19,cancel,5.99,-5.99
11764,9089,2025-05-19,signup,5.99,5.99
11765,9090,2025-04-30,signup,5.99,5.99
11766,9091,2025-04-27,signup,5.99,5.99
11767,9091,2025-05-27,cancel,5.99,-5.99
11768,9092,2025-05-13,signup,5.99,5.99
11769,9093,2025-05-24,signup,5.99,5.99
11770,9094,2025-05-25,signup,5.99,5.99
11771,9094,2025-08-23,cancel,5.99,-5.99
11772,9095,2025-04-27,signup,5.99,5.99
11773,9095,2025-07-26,cancel,5.99,-5.99
11774,9096,2025-05-10,signup,5.99,5.99
11775,9096,2025-07-09,cancel,5.99,-5.99
11776,9097,2025-05-16,signup,5.99,5.99
11777,9098,2025-05-04,signup,5.99,5.99
11778,9099,2025-05-03,signup,5.99,5.99
11779,9099,2025-11-29,cancel,5.99,-5.99
11780,9100,2025-04-28,signup,5.99,5.99
11781,9100,2025-07-27,cancel,5.99,-5.99
11782,9101,2025-05-18,signup,5.99,5.99
11783,9101,2025-07-17,cancel,5.99,-5.99
11784,9103,2025-05-07,signup,5.99,5.99
11785,9103,2025-12-03,cancel,5.99,-5.99
11786,9104,2025-05-13,signup,5.99,5.99
11787,9105,2025-05-02,signup,5.99,5.99
11788,9106,2025-05-03,signup,5.99,5.99
11789,9108,2025-05-10,signup,5.99,5.99
11790,9110,2025-05-19,signup,5.99,5.99
11791,9111,2025-05-10,signup,5.99,5.99
11792,9112,2025-05-11,signup,5.99,5.99
11793,9112,2025-07-10,cancel,5.99,-5.99
11794,9113,2025-05-26,signup,5.99,5.99
11795,9114,2025-05-13,signup,5.99,5.99
11796,9115,2025-05-10,signup,5.99,5.99
11797,9116,2025-05-02,signup,5.99,5.99
11798,9117,2025-05-15,signup,5.99,5.99
11799,9117,2025-11-11,cancel,5.99,-5.99
11800,9118,2025-05-26,signup,5.99,5.99
11801,9119,2025-04-29,signup,5.99,5.99
11802,9119,2025-05-29,cancel,5.99,-5.99
11803,9120,2025-05-05,signup,5.99,5.99
11804,9120,2025-09-02,cancel,5.99,-5.99
11805,9121,2025-05-11,signup,5.99,5.99
11806,9122,2025-05-08,signup,5.99,5.99
11807,9123,2025-04-28,signup,5.99,5.99
11808,9124,2025-05-28,signup,5.99,5.99
11809,9125,2025-05-18,signup,5.99,5.99
11810,9125,2025-06-17,cancel,5.99,-5.99
11811,9126,2025-05-22,signup,5.99,5.99
11812,9128,2025-05-24,signup,5.99,5.99
11813,9128,2025-06-23,cancel,5.99,-5.99
11814,9129,2025-05-19,signup,5.99,5.99
11815,9129,2025-08-17,cancel,5.99,-5.99
11816,9132,2025-05-05,signup,5.99,5.99
11817,9133,2025-05-03,signup,5.99,5.99
11818,9134,2025-05-15,signup,5.99,5.99
11819,9135,2025-05-04,signup,5.99,5.99
11820,9136,2025-05-06,signup,5.99,5.99
11821,9137,2025-05-24,signup,5.99,5.99
11822,9138,2025-05-02,signup,5.99,5.99
11823,9138,2025-10-29,cancel,5.99,-5.99
11824,9139,2025-04-30,signup,5.99,5.99
11825,9141,2025-05-22,signup,5.99,5.99
11826,9142,2025-05-06,signup,5.99,5.99
11827,9142,2025-06-05,cancel,5.99,-5.99
11828,9143,2025-04-30,signup,5.99,5.99
11829,9144,2025-05-03,signup,5.99,5.99
11830,9145,2025-05-05,signup,5.99,5.99
11831,9145,2025-09-02,cancel,5.99,-5.99
11832,9146,2025-05-26,signup,5.99,5.99
11833,9146,2025-07-25,cancel,5.99,-5.99
11834,9149,2025-05-06,signup,5.99,5.99
11835,9150,2025-05-03,signup,5.99,5.99
11836,9152,2025-05-02,signup,5.99,5.99
11837,9153,2025-05-17,signup,5.99,5.99
11838,9154,2025-05-13,signup,5.99,5.99
11839,9154,2025-06-12,cancel,5.99,-5.99
11840,9156,2025-05-18,signup,5.99,5.99
11841,9157,2025-05-07,signup,5.99,5.99
11842,9158,2025-05-26,signup,5.99,5.99
11843,9159,2025-04-30,signup,5.99,5.99
11844,9159,2025-06-29,cancel,5.99,-5.99
11845,9160,2025-05-03,signup,5.99,5.99
11846,9160,2025-06-02,cancel,5.99,-5.99
11847,9161,2025-05-10,signup,5.99,5.99
11848,9162,2025-05-14,signup,5.99,5.99
11849,9163,2025-05-03,signup,5.99,5.99
11850,9163,2025-06-02,cancel,5.99,-5.99
11851,9164,2025-05-20,signup,5.99,5.99
11852,9164,2025-12-16,cancel,5.99,-5.99
11853,9165,2025-05-06,signup,5.99,5.99
11854,9166,2025-05-12,signup,5.99,5.99
11855,9168,2025-05-04,signup,5.99,5.99
11856,9169,2025-05-09,signup,5.99,5.99
11857,9170,2025-05-19,signup,5.99,5.99
11858,9171,2025-05-09,signup,5.99,5.99
11859,9172,2025-05-19,signup,5.99,5.99
11860,9173,2025-05-23,signup,5.99,5.99
11861,9174,2025-05-02,signup,5.99,5.99
11862,9174,2025-07-31,cancel,5.99,-5.99
11863,9175,2025-05-07,signup,5.99,5.99
11864,9175,2025-06-06,cancel,5.99,-5.99
11865,9176,2025-05-29,signup,5.99,5.99
11866,9177,2025-05-06,signup,5.99,5.99
11867,9179,2025-05-22,signup,5.99,5.99
11868,9180,2025-05-23,signup,5.99,5.99
11869,9181,2025-05-24,signup,5.99,5.99
11870,9181,2025-06-23,cancel,5.99,-5.99
11871,9183,2025-05-24,signup,5.99,5.99
11872,9184,2025-05-01,signup,5.99,5.99
11873,9184,2025-06-30,cancel,5.99,-5.99
11874,9185,2025-05-25,signup,5.99,5.99
11875,9185,2025-06-24,cancel,5.99,-5.99
11876,9187,2025-05-28,signup,5.99,5.99
11877,9187,2025-11-24,cancel,5.99,-5.99
11878,9188,2025-05-19,signup,5.99,5.99
11879,9189,2025-05-16,signup,5.99,5.99
11880,9189,2025-10-13,cancel,5.99,-5.99
11881,9190,2025-05-21,signup,5.99,5.99
11882,9191,2025-05-03,signup,5.99,5.99
11883,9192,2025-05-25,signup,5.99,5.99
11884,9192,2025-08-23,cancel,5.99,-5.99
11885,9193,2025-05-13,signup,5.99,5.99
11886,9194,2025-05-19,signup,5.99,5.99
11887,9195,2025-05-24,signup,5.99,5.99
11888,9196,2025-05-05,signup,5.99,5.99
11889,9197,2025-05-23,signup,5.99,5.99
11890,9197,2025-07-22,cancel,5.99,-5.99
11891,9198,2025-05-23,signup,5.99,5.99
11892,9198,2025-06-22,cancel,5.99,-5.99
11893,9199,2025-05-23,signup,5.99,5.99
11894,9200,2025-05-06,signup,5.99,5.99
11895,9201,2025-05-28,signup,5.99,5.99
11896,9201,2025-08-26,cancel,5.99,-5.99
11897,9202,2025-05-28,signup,5.99,5.99
11898,9203,2025-05-22,signup,5.99,5.99
11899,9203,2025-06-21,cancel,5.99,-5.99
11900,9204,2025-05-20,signup,5.99,5.99
11901,9205,2025-05-07,signup,5.99,5.99
11902,9206,2025-05-06,signup,5.99,5.99
11903,9207,2025-05-29,signup,5.99,5.99
11904,9207,2025-11-25,cancel,5.99,-5.99
11905,9208,2025-05-10,signup,5.99,5.99
11906,9209,2025-05-02,signup,5.99,5.99
11907,9210,2025-05-25,signup,5.99,5.99
11908,9211,2025-05-10,signup,5.99,5.99
11909,9212,2025-05-16,signup,5.99,5.99
11910,9213,2025-05-07,signup,5.99,5.99
11911,9213,2025-08-05,cancel,5.99,-5.99
11912,9214,2025-05-02,signup,5.99,5.99
11913,9214,2025-07-01,cancel,5.99,-5.99
11914,9216,2025-05-10,signup,5.99,5.99
11915,9216,2025-06-09,cancel,5.99,-5.99
11916,9217,2025-05-28,signup,5.99,5.99
11917,9218,2025-05-05,signup,5.99,5.99
11918,9218,2025-10-02,cancel,5.99,-5.99
11919,9219,2025-05-30,signup,5.99,5.99
11920,9220,2025-05-13,signup,5.99,5.99
11921,9220,2025-07-12,cancel,5.99,-5.99
11922,9221,2025-05-02,signup,5.99,5.99
11923,9221,2025-07-01,cancel,5.99,-5.99
11924,9222,2025-05-29,signup,5.99,5.99
11925,9222,2025-06-28,cancel,5.99,-5.99
11926,9223,2025-06-01,signup,5.99,5.99
11927,9223,2025-12-28,cancel,5.99,-5.99
11928,9224,2025-05-27,signup,5.99,5.99
11929,9225,2025-05-12,signup,5.99,5.99
11930,9225,2025-06-11,cancel,5.99,-5.99
11931,9226,2025-05-20,signup,5.99,5.99
11932,9227,2025-05-18,signup,5.99,5.99
11933,9227,2025-07-17,cancel,5.99,-5.99
11934,9228,2025-05-02,signup,5.99,5.99
11935,9229,2025-05-18,signup,5.99,5.99
11936,9230,2025-05-16,signup,5.99,5.99
11937,9231,2025-05-19,signup,5.99,5.99
11938,9232,2025-05-19,signup,5.99,5.99
11939,9233,2025-05-04,signup,5.99,5.99
11940,9233,2025-09-01,cancel,5.99,-5.99
11941,9234,2025-05-27,signup,5.99,5.99
11942,9235,2025-05-17,signup,5.99,5.99
11943,9237,2025-05-09,signup,5.99,5.99
11944,9238,2025-05-30,signup,5.99,5.99
11945,9238,2025-06-29,cancel,5.99,-5.99
11946,9239,2025-05-11,signup,5.99,5.99
11947,9240,2025-05-07,signup,5.99,5.99
11948,9242,2025-05-25,signup,5.99,5.99
11949,9243,2025-05-05,signup,5.99,5.99
11950,9244,2025-05-20,signup,5.99,5.99
11951,9245,2025-05-24,signup,5.99,5.99
11952,9245,2025-11-20,cancel,5.99,-5.99
11953,9247,2025-05-22,signup,5.99,5.99
11954,9248,2025-05-13,signup,5.99,5.99
11955,9249,2025-05-04,signup,5.99,5.99
11956,9250,2025-05-31,signup,5.99,5.99
11957,9250,2025-08-29,cancel,5.99,-5.99
11958,9252,2025-05-27,signup,5.99,5.99
11959,9253,2025-05-24,signup,5.99,5.99
11960,9254,2025-05-28,signup,5.99,5.99
11961,9255,2025-05-21,signup,5.99,5.99
11962,9255,2025-06-20,cancel,5.99,-5.99
11963,9256,2025-06-01,signup,5.99,5.99
11964,9256,2025-07-01,cancel,5.99,-5.99
11965,9258,2025-05-15,signup,5.99,5.99
11966,9258,2025-08-13,cancel,5.99,-5.99
11967,9259,2025-05-13,signup,5.99,5.99
11968,9260,2025-05-15,signup,5.99,5.99
11969,9261,2025-06-02,signup,5.99,5.99
11970,9262,2025-05-19,signup,5.99,5.99
11971,9262,2025-12-15,cancel,5.99,-5.99
11972,9263,2025-05-09,signup,5.99,5.99
11973,9264,2025-05-18,signup,5.99,5.99
11974,9264,2025-06-17,cancel,5.99,-5.99
11975,9265,2025-05-17,signup,5.99,5.99
11976,9265,2025-06-16,cancel,5.99,-5.99
11977,9266,2025-05-29,signup,5.99,5.99
11978,9267,2025-05-18,signup,5.99,5.99
11979,9267,2025-08-16,cancel,5.99,-5.99
11980,9268,2025-05-18,signup,5.99,5.99
11981,9269,2025-05-26,signup,5.99,5.99
11982,9271,2025-05-20,signup,5.99,5.99
11983,9272,2025-05-29,signup,5.99,5.99
11984,9273,2025-05-10,signup,5.99,5.99
11985,9274,2025-05-04,signup,5.99,5.99
11986,9275,2025-05-25,signup,5.99,5.99
11987,9275,2025-07-24,cancel,5.99,-5.99
11988,9276,2025-05-20,signup,5.99,5.99
11989,9277,2025-05-14,signup,5.99,5.99
11990,9278,2025-05-11,signup,5.99,5.99
11991,9279,2025-05-08,signup,5.99,5.99
11992,9279,2025-06-07,cancel,5.99,-5.99
11993,9280,2025-05-27,signup,5.99,5.99
11994,9280,2025-09-24,cancel,5.99,-5.99
11995,9281,2025-05-28,signup,5.99,5.99
11996,9282,2025-05-25,signup,5.99,5.99
11997,9282,2025-08-23,cancel,5.99,-5.99
11998,9283,2025-05-28,signup,5.99,5.99
11999,9284,2025-05-09,signup,5.99,5.99
12000,9285,2025-05-06,signup,5.99,5.99
12001,9285,2025-08-04,cancel,5.99,-5.99
12002,9286,2025-05-19,signup,5.99,5.99
12003,9287,2025-06-02,signup,5.99,5.99
12004,9288,2025-05-19,signup,5.99,5.99
12005,9288,2025-09-16,cancel,5.99,-5.99
12006,9289,2025-05-19,signup,5.99,5.99
12007,9290,2025-05-31,signup,5.99,5.99
12008,9291,2025-05-11,signup,5.99,5.99
12009,9292,2025-05-07,signup,5.99,5.99
12010,9293,2025-05-16,signup,5.99,5.99
12011,9294,2025-05-26,signup,5.99,5.99
12012,9295,2025-05-30,signup,5.99,5.99
12013,9296,2025-05-14,signup,5.99,5.99
12014,9297,2025-05-29,signup,5.99,5.99
12015,9298,2025-05-18,signup,5.99,5.99
12016,9299,2025-05-20,signup,5.99,5.99
12017,9300,2025-05-09,signup,5.99,5.99
12018,9302,2025-05-17,signup,5.99,5.99
12019,9303,2025-05-15,signup,5.99,5.99
12020,9304,2025-05-08,signup,5.99,5.99
12021,9305,2025-05-31,signup,5.99,5.99
12022,9305,2025-06-30,cancel,5.99,-5.99
12023,9306,2025-05-10,signup,5.99,5.99
12024,9309,2025-05-30,signup,5.99,5.99
12025,9309,2025-08-28,cancel,5.99,-5.99
12026,9310,2025-05-17,signup,5.99,5.99
12027,9310,2025-07-16,cancel,5.99,-5.99
12028,9312,2025-05-08,signup,5.99,5.99
12029,9312,2025-08-06,cancel,5.99,-5.99
12030,9313,2025-05-05,signup,5.99,5.99
12031,9314,2025-05-19,signup,5.99,5.99
12032,9315,2025-06-04,signup,5.99,5.99
12033,9316,2025-05-12,signup,5.99,5.99
12034,9316,2025-06-11,cancel,5.99,-5.99
12035,9317,2025-05-18,signup,5.99,5.99
12036,9318,2025-06-03,signup,5.99,5.99
12037,9319,2025-05-10,signup,5.99,5.99
12038,9319,2025-07-09,cancel,5.99,-5.99
12039,9320,2025-05-29,signup,5.99,5.99
12040,9321,2025-05-19,signup,5.99,5.99
12041,9322,2025-06-05,signup,5.99,5.99
12042,9323,2025-05-07,signup,5.99,5.99
12043,9324,2025-05-18,signup,5.99,5.99
12044,9324,2025-08-16,cancel,5.99,-5.99
12045,9325,2025-05-11,signup,5.99,5.99
12046,9325,2025-11-07,cancel,5.99,-5.99
12047,9326,2025-06-02,signup,5.99,5.99
12048,9327,2025-05-07,signup,5.99,5.99
12049,9327,2025-11-03,cancel,5.99,-5.99
12050,9328,2025-06-05,signup,5.99,5.99
12051,9328,2025-09-03,cancel,5.99,-5.99
12052,9329,2025-05-11,signup,5.99,5.99
12053,9330,2025-05-12,signup,5.99,5.99
12054,9331,2025-05-28,signup,5.99,5.99
12055,9331,2025-08-26,cancel,5.99,-5.99
12056,9332,2025-05-19,signup,5.99,5.99
12057,9332,2025-11-15,cancel,5.99,-5.99
12058,9333,2025-05-22,signup,5.99,5.99
12059,9334,2025-05-22,signup,5.99,5.99
12060,9335,2025-06-02,signup,5.99,5.99
12061,9336,2025-05-12,signup,5.99,5.99
12062,9336,2025-06-11,cancel,5.99,-5.99
12063,9337,2025-05-24,signup,5.99,5.99
12064,9338,2025-05-06,signup,5.99,5.99
12065,9338,2025-09-03,cancel,5.99,-5.99
12066,9339,2025-05-11,signup,5.99,5.99
12067,9339,2025-10-08,cancel,5.99,-5.99
12068,9340,2025-06-04,signup,5.99,5.99
12069,9341,2025-05-26,signup,5.99,5.99
12070,9341,2025-10-23,cancel,5.99,-5.99
12071,9342,2025-05-09,signup,5.99,5.99
12072,9343,2025-05-08,signup,5.99,5.99
12073,9343,2025-08-06,cancel,5.99,-5.99
12074,9344,2025-05-27,signup,5.99,5.99
12075,9344,2025-06-26,cancel,5.99,-5.99
12076,9345,2025-05-31,signup,5.99,5.99
12077,9346,2025-05-25,signup,5.99,5.99
12078,9347,2025-05-19,signup,5.99,5.99
12079,9348,2025-05-23,signup,5.99,5.99
12080,9349,2025-05-30,signup,5.99,5.99
12081,9349,2025-06-29,cancel,5.99,-5.99
12082,9350,2025-05-07,signup,5.99,5.99
12083,9351,2025-05-27,signup,5.99,5.99
12084,9351,2025-08-25,cancel,5.99,-5.99
12085,9352,2025-05-19,signup,5.99,5.99
12086,9354,2025-05-17,signup,5.99,5.99
12087,9354,2025-06-16,cancel,5.99,-5.99
12088,9355,2025-05-15,signup,5.99,5.99
12089,9356,2025-06-01,signup,5.99,5.99
12090,9357,2025-05-10,signup,5.99,5.99
12091,9358,2025-05-11,signup,5.99,5.99
12092,9359,2025-06-05,signup,5.99,5.99
12093,9360,2025-05-21,signup,5.99,5.99
12094,9362,2025-05-24,signup,5.99,5.99
12095,9363,2025-05-19,signup,5.99,5.99
12096,9363,2025-06-18,cancel,5.99,-5.99
12097,9364,2025-06-03,signup,5.99,5.99
12098,9365,2025-05-25,signup,5.99,5.99
12099,9365,2025-06-24,cancel,5.99,-5.99
12100,9366,2025-05-22,signup,5.99,5.99
12101,9367,2025-05-17,signup,5.99,5.99
12102,9367,2025-06-16,cancel,5.99,-5.99
12103,9368,2025-05-23,signup,5.99,5.99
12104,9369,2025-05-11,signup,5.99,5.99
12105,9370,2025-05-10,signup,5.99,5.99
12106,9370,2025-06-09,cancel,5.99,-5.99
12107,9371,2025-05-14,signup,5.99,5.99
12108,9371,2025-06-13,cancel,5.99,-5.99
12109,9372,2025-05-07,signup,5.99,5.99
12110,9373,2025-05-11,signup,5.99,5.99
12111,9374,2025-05-11,signup,5.99,5.99
12112,9375,2025-05-31,signup,5.99,5.99
12113,9376,2025-05-17,signup,5.99,5.99
12114,9377,2025-05-23,signup,5.99,5.99
12115,9378,2025-05-16,signup,5.99,5.99
12116,9379,2025-05-22,signup,5.99,5.99
12117,9381,2025-06-06,signup,5.99,5.99
12118,9382,2025-06-03,signup,5.99,5.99
12119,9382,2025-07-03,cancel,5.99,-5.99
12120,9383,2025-05-30,signup,5.99,5.99
12121,9384,2025-05-14,signup,5.99,5.99
12122,9384,2025-08-12,cancel,5.99,-5.99
12123,9385,2025-05-28,signup,5.99,5.99
12124,9385,2025-06-27,cancel,5.99,-5.99
12125,9386,2025-06-05,signup,5.99,5.99
12126,9387,2025-05-14,signup,5.99,5.99
12127,9388,2025-06-06,signup,5.99,5.99
12128,9388,2025-07-06,cancel,5.99,-5.99
12129,9389,2025-05-24,signup,5.99,5.99
12130,9390,2025-06-01,signup,5.99,5.99
12131,9391,2025-06-05,signup,5.99,5.99
12132,9392,2025-06-05,signup,5.99,5.99
12133,9392,2025-07-05,cancel,5.99,-5.99
12134,9394,2025-05-18,signup,5.99,5.99
12135,9396,2025-05-11,signup,5.99,5.99
12136,9397,2025-05-21,signup,5.99,5.99
12137,9398,2025-05-26,signup,5.99,5.99
12138,9399,2025-06-01,signup,5.99,5.99
12139,9400,2025-05-08,signup,5.99,5.99
12140,9401,2025-06-02,signup,5.99,5.99
12141,9401,2025-11-29,cancel,5.99,-5.99
12142,9402,2025-05-29,signup,5.99,5.99
12143,9403,2025-05-14,signup,5.99,5.99
12144,9404,2025-05-28,signup,5.99,5.99
12145,9405,2025-06-03,signup,5.99,5.99
12146,9406,2025-05-12,signup,5.99,5.99
12147,9407,2025-05-26,signup,5.99,5.99
12148,9408,2025-06-01,signup,5.99,5.99
12149,9409,2025-06-02,signup,5.99,5.99
12150,9410,2025-05-23,signup,5.99,5.99
12151,9410,2025-09-20,cancel,5.99,-5.99
12152,9411,2025-05-21,signup,5.99,5.99
12153,9412,2025-06-05,signup,5.99,5.99
12154,9414,2025-06-04,signup,5.99,5.99
12155,9415,2025-05-21,signup,5.99,5.99
12156,9415,2025-06-20,cancel,5.99,-5.99
12157,9416,2025-06-04,signup,5.99,5.99
12158,9416,2025-08-03,cancel,5.99,-5.99
12159,9417,2025-05-19,signup,5.99,5.99
12160,9418,2025-05-17,signup,5.99,5.99
12161,9419,2025-05-25,signup,5.99,5.99
12162,9420,2025-05-21,signup,5.99,5.99
12163,9420,2025-08-19,cancel,5.99,-5.99
12164,9421,2025-06-05,signup,5.99,5.99
12165,9421,2025-07-05,cancel,5.99,-5.99
12166,9422,2025-06-05,signup,5.99,5.99
12167,9422,2025-07-05,cancel,5.99,-5.99
12168,9423,2025-06-04,signup,5.99,5.99
12169,9424,2025-06-07,signup,5.99,5.99
12170,9425,2025-05-11,signup,5.99,5.99
12171,9426,2025-05-13,signup,5.99,5.99
12172,9426,2025-10-10,cancel,5.99,-5.99
12173,9427,2025-05-17,signup,5.99,5.99
12174,9428,2025-05-24,signup,5.99,5.99
12175,9429,2025-06-06,signup,5.99,5.99
12176,9429,2025-07-06,cancel,5.99,-5.99
12177,9430,2025-05-18,signup,5.99,5.99
12178,9431,2025-05-31,signup,5.99,5.99
12179,9433,2025-06-04,signup,5.99,5.99
12180,9433,2025-08-03,cancel,5.99,-5.99
12181,9434,2025-05-22,signup,5.99,5.99
12182,9435,2025-05-11,signup,5.99,5.99
12183,9436,2025-05-14,signup,5.99,5.99
12184,9437,2025-05-27,signup,5.99,5.99
12185,9438,2025-05-11,signup,5.99,5.99
12186,9438,2025-06-10,cancel,5.99,-5.99
12187,9439,2025-06-03,signup,5.99,5.99
12188,9439,2025-09-01,cancel,5.99,-5.99
12189,9441,2025-05-23,signup,5.99,5.99
12190,9442,2025-06-05,signup,5.99,5.99
12191,9442,2025-10-03,cancel,5.99,-5.99
12192,9443,2025-05-21,signup,5.99,5.99
12193,9444,2025-05-19,signup,5.99,5.99
12194,9444,2025-10-16,cancel,5.99,-5.99
12195,9445,2025-05-18,signup,5.99,5.99
12196,9446,2025-05-24,signup,5.99,5.99
12197,9446,2025-10-21,cancel,5.99,-5.99
12198,9447,2025-06-07,signup,5.99,5.99
12199,9448,2025-05-31,signup,5.99,5.99
12200,9450,2025-06-07,signup,5.99,5.99
12201,9450,2025-12-04,cancel,5.99,-5.99
12202,9451,2025-05-14,signup,5.99,5.99
12203,9452,2025-05-21,signup,5.99,5.99
12204,9453,2025-05-21,signup,5.99,5.99
12205,9455,2025-05-27,signup,5.99,5.99
12206,9456,2025-05-26,signup,5.99,5.99
12207,9457,2025-05-10,signup,5.99,5.99
12208,9458,2025-05-21,signup,5.99,5.99
12209,9459,2025-05-16,signup,5.99,5.99
12210,9460,2025-05-20,signup,5.99,5.99
12211,9461,2025-05-14,signup,5.99,5.99
12212,9461,2025-07-13,cancel,5.99,-5.99
12213,9462,2025-05-24,signup,5.99,5.99
12214,9462,2025-07-23,cancel,5.99,-5.99
12215,9463,2025-05-29,signup,5.99,5.99
12216,9464,2025-05-20,signup,5.99,5.99
12217,9465,2025-05-17,signup,5.99,5.99
12218,9466,2025-05-11,signup,5.99,5.99
12219,9467,2025-05-15,signup,5.99,5.99
12220,9467,2025-06-14,cancel,5.99,-5.99
12221,9468,2025-05-24,signup,5.99,5.99
12222,9468,2025-08-22,cancel,5.99,-5.99
12223,9469,2025-06-08,signup,5.99,5.99
12224,9469,2025-10-06,cancel,5.99,-5.99
12225,9470,2025-05-30,signup,5.99,5.99
12226,9471,2025-05-11,signup,5.99,5.99
12227,9471,2025-06-10,cancel,5.99,-5.99
12228,9472,2025-05-21,signup,5.99,5.99
12229,9472,2025-07-20,cancel,5.99,-5.99
12230,9473,2025-05-26,signup,5.99,5.99
12231,9474,2025-06-02,signup,5.99,5.99
12232,9475,2025-06-07,signup,5.99,5.99
12233,9475,2025-08-06,cancel,5.99,-5.99
12234,9476,2025-05-24,signup,5.99,5.99
12235,9476,2025-06-23,cancel,5.99,-5.99
12236,9477,2025-06-01,signup,5.99,5.99
12237,9479,2025-05-28,signup,5.99,5.99
12238,9479,2025-06-27,cancel,5.99,-5.99
12239,9480,2025-05-28,signup,5.99,5.99
12240,9481,2025-05-12,signup,5.99,5.99
12241,9482,2025-05-30,signup,5.99,5.99
12242,9483,2025-05-26,signup,5.99,5.99
12243,9483,2025-06-25,cancel,5.99,-5.99
12244,9484,2025-05-15,signup,5.99,5.99
12245,9485,2025-06-10,signup,5.99,5.99
12246,9486,2025-06-09,signup,5.99,5.99
12247,9487,2025-06-03,signup,5.99,5.99
12248,9487,2025-10-31,cancel,5.99,-5.99
12249,9488,2025-05-20,signup,5.99,5.99
12250,9489,2025-06-04,signup,5.99,5.99
12251,9489,2025-08-03,cancel,5.99,-5.99
12252,9490,2025-05-26,signup,5.99,5.99
12253,9490,2025-09-23,cancel,5.99,-5.99
12254,9491,2025-05-22,signup,5.99,5.99
12255,9493,2025-05-23,signup,5.99,5.99
12256,9494,2025-06-01,signup,5.99,5.99
12257,9494,2025-10-29,cancel,5.99,-5.99
12258,9495,2025-06-05,signup,5.99,5.99
12259,9496,2025-06-04,signup,5.99,5.99
12260,9496,2025-08-03,cancel,5.99,-5.99
12261,9497,2025-06-08,signup,5.99,5.99
12262,9497,2025-08-07,cancel,5.99,-5.99
12263,9498,2025-05-18,signup,5.99,5.99
12264,9498,2025-12-14,cancel,5.99,-5.99
12265,9499,2025-06-05,signup,5.99,5.99
12266,9499,2025-11-02,cancel,5.99,-5.99
12267,9500,2025-05-24,signup,5.99,5.99
12268,9501,2025-05-20,signup,5.99,5.99
12269,9502,2025-05-24,signup,5.99,5.99
12270,9503,2025-06-10,signup,5.99,5.99
12271,9504,2025-05-25,signup,5.99,5.99
12272,9504,2025-06-24,cancel,5.99,-5.99
12273,9505,2025-05-23,signup,5.99,5.99
12274,9506,2025-06-07,signup,5.99,5.99
12275,9507,2025-05-18,signup,5.99,5.99
12276,9507,2025-10-15,cancel,5.99,-5.99
12277,9508,2025-05-19,signup,5.99,5.99
12278,9509,2025-05-14,signup,5.99,5.99
12279,9510,2025-05-14,signup,5.99,5.99
12280,9511,2025-05-25,signup,5.99,5.99
12281,9512,2025-05-28,signup,5.99,5.99
12282,9512,2025-06-27,cancel,5.99,-5.99
12283,9513,2025-05-20,signup,5.99,5.99
12284,9514,2025-05-16,signup,5.99,5.99
12285,9516,2025-06-10,signup,5.99,5.99
12286,9517,2025-05-21,signup,5.99,5.99
12287,9518,2025-05-12,signup,5.99,5.99
12288,9518,2025-08-10,cancel,5.99,-5.99
12289,9519,2025-05-14,signup,5.99,5.99
12290,9519,2025-06-13,cancel,5.99,-5.99
12291,9520,2025-06-04,signup,5.99,5.99
12292,9521,2025-06-08,signup,5.99,5.99
12293,9521,2025-07-08,cancel,5.99,-5.99
12294,9522,2025-06-07,signup,5.99,5.99
12295,9523,2025-05-19,signup,5.99,5.99
12296,9524,2025-06-01,signup,5.99,5.99
12297,9526,2025-06-07,signup,5.99,5.99
12298,9527,2025-05-28,signup,5.99,5.99
12299,9527,2025-10-25,cancel,5.99,-5.99
12300,9528,2025-05-26,signup,5.99,5.99
12301,9528,2025-08-24,cancel,5.99,-5.99
12302,9529,2025-05-31,signup,5.99,5.99
12303,9530,2025-06-12,signup,5.99,5.99
12304,9531,2025-05-21,signup,5.99,5.99
12305,9532,2025-05-13,signup,5.99,5.99
12306,9532,2025-07-12,cancel,5.99,-5.99
12307,9533,2025-05-18,signup,5.99,5.99
12308,9533,2025-06-17,cancel,5.99,-5.99
12309,9534,2025-05-18,signup,5.99,5.99
12310,9534,2025-07-17,cancel,5.99,-5.99
12311,9536,2025-06-11,signup,5.99,5.99
12312,9536,2025-07-11,cancel,5.99,-5.99
12313,9537,2025-05-30,signup,5.99,5.99
12314,9538,2025-06-02,signup,5.99,5.99
12315,9538,2025-11-29,cancel,5.99,-5.99
12316,9539,2025-05-22,signup,5.99,5.99
12317,9539,2025-09-19,cancel,5.99,-5.99
12318,9541,2025-05-23,signup,5.99,5.99
12319,9541,2025-06-22,cancel,5.99,-5.99
12320,9543,2025-05-15,signup,5.99,5.99
12321,9543,2025-09-12,cancel,5.99,-5.99
12322,9544,2025-05-17,signup,5.99,5.99
12323,9545,2025-05-30,signup,5.99,5.99
12324,9545,2025-09-27,cancel,5.99,-5.99
12325,9546,2025-06-01,signup,5.99,5.99
12326,9546,2025-07-01,cancel,5.99,-5.99
12327,9547,2025-05-19,signup,5.99,5.99
12328,9548,2025-05-19,signup,5.99,5.99
12329,9549,2025-06-08,signup,5.99,5.99
12330,9550,2025-05-17,signup,5.99,5.99
12331,9551,2025-05-20,signup,5.99,5.99
12332,9552,2025-06-06,signup,5.99,5.99
12333,9552,2025-09-04,cancel,5.99,-5.99
12334,9553,2025-05-21,signup,5.99,5.99
12335,9554,2025-05-24,signup,5.99,5.99
12336,9555,2025-06-03,signup,5.99,5.99
12337,9555,2025-10-01,cancel,5.99,-5.99
12338,9557,2025-05-20,signup,5.99,5.99
12339,9557,2025-06-19,cancel,5.99,-5.99
12340,9558,2025-06-01,signup,5.99,5.99
12341,9558,2025-07-01,cancel,5.99,-5.99
12342,9559,2025-06-08,signup,5.99,5.99
12343,9559,2025-09-06,cancel,5.99,-5.99
12344,9560,2025-06-13,signup,5.99,5.99
12345,9561,2025-06-10,signup,5.99,5.99
12346,9562,2025-06-02,signup,5.99,5.99
12347,9563,2025-05-14,signup,5.99,5.99
12348,9566,2025-05-30,signup,5.99,5.99
12349,9568,2025-06-03,signup,5.99,5.99
12350,9569,2025-05-29,signup,5.99,5.99
12351,9569,2025-07-28,cancel,5.99,-5.99
12352,9570,2025-05-18,signup,5.99,5.99
12353,9571,2025-06-11,signup,5.99,5.99
12354,9572,2025-06-10,signup,5.99,5.99
12355,9573,2025-05-24,signup,5.99,5.99
12356,9573,2025-07-23,cancel,5.99,-5.99
12357,9574,2025-06-08,signup,5.99,5.99
12358,9575,2025-05-31,signup,5.99,5.99
12359,9575,2025-06-30,cancel,5.99,-5.99
12360,9576,2025-06-09,signup,5.99,5.99
12361,9577,2025-05-31,signup,5.99,5.99
12362,9578,2025-06-04,signup,5.99,5.99
12363,9578,2025-12-31,cancel,5.99,-5.99
12364,9579,2025-05-15,signup,5.99,5.99
12365,9580,2025-05-31,signup,5.99,5.99
12366,9580,2025-12-27,cancel,5.99,-5.99
12367,9582,2025-06-13,signup,5.99,5.99
12368,9584,2025-05-28,signup,5.99,5.99
12369,9585,2025-05-20,signup,5.99,5.99
12370,9586,2025-06-13,signup,5.99,5.99
12371,9587,2025-06-07,signup,5.99,5.99
12372,9588,2025-06-10,signup,5.99,5.99
12373,9588,2025-11-07,cancel,5.99,-5.99
12374,9589,2025-05-16,signup,5.99,5.99
12375,9590,2025-05-21,signup,5.99,5.99
12376,9590,2025-10-18,cancel,5.99,-5.99
12377,9591,2025-06-12,signup,5.99,5.99
12378,9591,2025-11-09,cancel,5.99,-5.99
12379,9592,2025-05-16,signup,5.99,5.99
12380,9592,2025-08-14,cancel,5.99,-5.99
12381,9593,2025-05-17,signup,5.99,5.99
12382,9594,2025-06-05,signup,5.99,5.99
12383,9594,2025-07-05,cancel,5.99,-5.99
12384,9595,2025-05-19,signup,5.99,5.99
12385,9596,2025-06-09,signup,5.99,5.99
12386,9596,2025-07-09,cancel,5.99,-5.99
12387,9597,2025-06-07,signup,5.99,5.99
12388,9598,2025-05-25,signup,5.99,5.99
12389,9598,2025-06-24,cancel,5.99,-5.99
12390,9599,2025-06-09,signup,5.99,5.99
12391,9599,2025-07-09,cancel,5.99,-5.99
12392,9600,2025-05-31,signup,5.99,5.99
12393,9601,2025-05-17,signup,5.99,5.99
12394,9603,2025-06-03,signup,5.99,5.99
12395,9604,2025-05-18,signup,5.99,5.99
12396,9605,2025-06-02,signup,5.99,5.99
12397,9605,2025-08-01,cancel,5.99,-5.99
12398,9606,2025-06-12,signup,5.99,5.99
12399,9607,2025-06-11,signup,5.99,5.99
12400,9608,2025-06-07,signup,5.99,5.99
12401,9609,2025-06-01,signup,5.99,5.99
12402,9609,2025-10-29,cancel,5.99,-5.99
12403,9610,2025-06-07,signup,5.99,5.99
12404,9610,2025-07-07,cancel,5.99,-5.99
12405,9611,2025-05-24,signup,5.99,5.99
12406,9612,2025-06-04,signup,5.99,5.99
12407,9613,2025-05-18,signup,5.99,5.99
12408,9613,2025-10-15,cancel,5.99,-5.99
12409,9614,2025-05-22,signup,5.99,5.99
12410,9615,2025-05-16,signup,5.99,5.99
12411,9615,2025-06-15,cancel,5.99,-5.99
12412,9618,2025-05-20,signup,5.99,5.99
12413,9620,2025-05-28,signup,5.99,5.99
12414,9621,2025-06-04,signup,5.99,5.99
12415,9621,2025-07-04,cancel,5.99,-5.99
12416,9623,2025-06-13,signup,5.99,5.99
12417,9623,2025-07-13,cancel,5.99,-5.99
12418,9624,2025-05-23,signup,5.99,5.99
12419,9625,2025-06-14,signup,5.99,5.99
12420,9627,2025-06-03,signup,5.99,5.99
12421,9628,2025-06-14,signup,5.99,5.99
12422,9628,2025-08-13,cancel,5.99,-5.99
12423,9629,2025-05-18,signup,5.99,5.99
12424,9629,2025-07-17,cancel,5.99,-5.99
12425,9630,2025-05-22,signup,5.99,5.99
12426,9630,2025-08-20,cancel,5.99,-5.99
12427,9631,2025-05-29,signup,5.99,5.99
12428,9632,2025-06-12,signup,5.99,5.99
12429,9632,2025-09-10,cancel,5.99,-5.99
12430,9633,2025-05-27,signup,5.99,5.99
12431,9633,2025-08-25,cancel,5.99,-5.99
12432,9634,2025-06-08,signup,5.99,5.99
12433,9634,2025-07-08,cancel,5.99,-5.99
12434,9636,2025-06-15,signup,5.99,5.99
12435,9636,2025-08-14,cancel,5.99,-5.99
12436,9637,2025-06-01,signup,5.99,5.99
12437,9638,2025-06-05,signup,5.99,5.99
12438,9639,2025-05-23,signup,5.99,5.99
12439,9640,2025-06-14,signup,5.99,5.99
12440,9640,2025-08-13,cancel,5.99,-5.99
12441,9641,2025-06-11,signup,5.99,5.99
12442,9642,2025-05-22,signup,5.99,5.99
12443,9642,2025-06-21,cancel,5.99,-5.99
12444,9643,2025-06-07,signup,5.99,5.99
12445,9644,2025-05-31,signup,5.99,5.99
12446,9645,2025-06-02,signup,5.99,5.99
12447,9647,2025-05-19,signup,5.99,5.99
12448,9648,2025-06-10,signup,5.99,5.99
12449,9649,2025-05-27,signup,5.99,5.99
12450,9650,2025-05-18,signup,5.99,5.99
12451,9651,2025-05-19,signup,5.99,5.99
12452,9652,2025-06-06,signup,5.99,5.99
12453,9653,2025-06-04,signup,5.99,5.99
12454,9654,2025-05-19,signup,5.99,5.99
12455,9654,2025-08-17,cancel,5.99,-5.99
12456,9655,2025-06-06,signup,5.99,5.99
12457,9655,2025-12-03,cancel,5.99,-5.99
12458,9656,2025-06-03,signup,5.99,5.99
12459,9657,2025-06-03,signup,5.99,5.99
12460,9658,2025-06-13,signup,5.99,5.99
12461,9659,2025-06-13,signup,5.99,5.99
12462,9659,2025-07-13,cancel,5.99,-5.99
12463,9660,2025-05-26,signup,5.99,5.99
12464,9661,2025-06-12,signup,5.99,5.99
12465,9662,2025-05-26,signup,5.99,5.99
12466,9662,2025-07-25,cancel,5.99,-5.99
12467,9663,2025-05-22,signup,5.99,5.99
12468,9664,2025-06-02,signup,5.99,5.99
12469,9665,2025-06-11,signup,5.99,5.99
12470,9666,2025-06-11,signup,5.99,5.99
12471,9666,2025-09-09,cancel,5.99,-5.99
12472,9667,2025-06-13,signup,5.99,5.99
12473,9667,2025-09-11,cancel,5.99,-5.99
12474,9668,2025-06-08,signup,5.99,5.99
12475,9669,2025-05-19,signup,5.99,5.99
12476,9670,2025-06-10,signup,5.99,5.99
12477,9670,2025-10-08,cancel,5.99,-5.99
12478,9671,2025-06-17,signup,5.99,5.99
12479,9671,2025-07-17,cancel,5.99,-5.99
12480,9672,2025-06-06,signup,5.99,5.99
12481,9674,2025-05-30,signup,5.99,5.99
12482,9676,2025-06-14,signup,5.99,5.99
12483,9676,2025-09-12,cancel,5.99,-5.99
12484,9677,2025-06-17,signup,5.99,5.99
12485,9678,2025-05-30,signup,5.99,5.99
12486,9681,2025-06-09,signup,5.99,5.99
12487,9682,2025-06-02,signup,5.99,5.99
12488,9682,2025-07-02,cancel,5.99,-5.99
12489,9683,2025-06-07,signup,5.99,5.99
12490,9683,2025-07-07,cancel,5.99,-5.99
12491,9684,2025-06-03,signup,5.99,5.99
12492,9685,2025-06-05,signup,5.99,5.99
12493,9685,2025-07-05,cancel,5.99,-5.99
12494,9686,2025-05-24,signup,5.99,5.99
12495,9687,2025-06-03,signup,5.99,5.99
12496,9687,2025-07-03,cancel,5.99,-5.99
12497,9688,2025-06-10,signup,5.99,5.99
12498,9690,2025-05-26,signup,5.99,5.99
12499,9690,2025-07-25,cancel,5.99,-5.99
12500,9691,2025-06-12,signup,5.99,5.99
12501,9691,2025-08-11,cancel,5.99,-5.99
12502,9692,2025-06-14,signup,5.99,5.99
12503,9693,2025-06-12,signup,5.99,5.99
12504,9694,2025-06-04,signup,5.99,5.99
12505,9695,2025-06-04,signup,5.99,5.99
12506,9696,2025-06-03,signup,5.99,5.99
12507,9696,2025-08-02,cancel,5.99,-5.99
12508,9697,2025-06-07,signup,5.99,5.99
12509,9697,2025-09-05,cancel,5.99,-5.99
12510,9698,2025-05-19,signup,5.99,5.99
12511,9698,2025-06-18,cancel,5.99,-5.99
12512,9699,2025-05-27,signup,5.99,5.99
12513,9700,2025-06-12,signup,5.99,5.99
12514,9701,2025-06-10,signup,5.99,5.99
12515,9701,2025-09-08,cancel,5.99,-5.99
12516,9702,2025-05-24,signup,5.99,5.99
12517,9703,2025-06-13,signup,5.99,5.99
12518,9704,2025-06-03,signup,5.99,5.99
12519,9704,2025-07-03,cancel,5.99,-5.99
12520,9705,2025-06-04,signup,5.99,5.99
12521,9705,2025-07-04,cancel,5.99,-5.99
12522,9706,2025-05-24,signup,5.99,5.99
12523,9706,2025-07-23,cancel,5.99,-5.99
12524,9707,2025-05-23,signup,5.99,5.99
12525,9707,2025-07-22,cancel,5.99,-5.99
12526,9708,2025-06-03,signup,5.99,5.99
12527,9709,2025-06-19,signup,5.99,5.99
12528,9709,2025-07-19,cancel,5.99,-5.99
12529,9710,2025-06-01,signup,5.99,5.99
12530,9711,2025-06-19,signup,5.99,5.99
12531,9712,2025-06-07,signup,5.99,5.99
12532,9715,2025-06-08,signup,5.99,5.99
12533,9716,2025-06-03,signup,5.99,5.99
12534,9717,2025-06-15,signup,5.99,5.99
12535,9717,2025-08-14,cancel,5.99,-5.99
12536,9718,2025-05-20,signup,5.99,5.99
12537,9718,2025-06-19,cancel,5.99,-5.99
12538,9719,2025-06-12,signup,5.99,5.99
12539,9720,2025-06-07,signup,5.99,5.99
12540,9721,2025-05-28,signup,5.99,5.99
12541,9721,2025-12-24,cancel,5.99,-5.99
12542,9722,2025-06-05,signup,5.99,5.99
12543,9722,2025-08-04,cancel,5.99,-5.99
12544,9723,2025-05-24,signup,5.99,5.99
12545,9723,2025-07-23,cancel,5.99,-5.99
12546,9724,2025-06-03,signup,5.99,5.99
12547,9725,2025-06-16,signup,5.99,5.99
12548,9725,2025-09-14,cancel,5.99,-5.99
12549,9726,2025-06-02,signup,5.99,5.99
12550,9727,2025-06-18,signup,5.99,5.99
12551,9728,2025-05-24,signup,5.99,5.99
12552,9729,2025-05-28,signup,5.99,5.99
12553,9730,2025-05-31,signup,5.99,5.99
12554,9732,2025-05-31,signup,5.99,5.99
12555,9733,2025-05-25,signup,5.99,5.99
12556,9734,2025-05-21,signup,5.99,5.99
12557,9734,2025-06-20,cancel,5.99,-5.99
12558,9735,2025-05-23,signup,5.99,5.99
12559,9736,2025-05-23,signup,5.99,5.99
12560,9736,2025-07-22,cancel,5.99,-5.99
12561,9737,2025-05-21,signup,5.99,5.99
12562,9738,2025-06-05,signup,5.99,5.99
12563,9739,2025-06-08,signup,5.99,5.99
12564,9739,2025-10-06,cancel,5.99,-5.99
12565,9740,2025-06-17,signup,5.99,5.99
12566,9740,2025-08-16,cancel,5.99,-5.99
12567,9741,2025-06-14,signup,5.99,5.99
12568,9742,2025-05-24,signup,5.99,5.99
12569,9743,2025-06-04,signup,5.99,5.99
12570,9744,2025-06-14,signup,5.99,5.99
12571,9744,2025-09-12,cancel,5.99,-5.99
12572,9745,2025-05-28,signup,5.99,5.99
12573,9745,2025-08-26,cancel,5.99,-5.99
12574,9746,2025-06-07,signup,5.99,5.99
12575,9747,2025-05-29,signup,5.99,5.99
12576,9748,2025-06-14,signup,5.99,5.99
12577,9748,2025-07-14,cancel,5.99,-5.99
12578,9750,2025-05-24,signup,5.99,5.99
12579,9751,2025-05-30,signup,5.99,5.99
12580,9752,2025-05-30,signup,5.99,5.99
12581,9753,2025-06-17,signup,5.99,5.99
12582,9754,2025-06-20,signup,5.99,5.99
12583,9755,2025-06-06,signup,5.99,5.99
12584,9756,2025-06-16,signup,5.99,5.99
12585,9757,2025-06-21,signup,5.99,5.99
12586,9757,2025-12-18,cancel,5.99,-5.99
12587,9758,2025-06-14,signup,5.99,5.99
12588,9758,2025-07-14,cancel,5.99,-5.99
12589,9759,2025-05-22,signup,5.99,5.99
12590,9759,2025-06-21,cancel,5.99,-5.99
12591,9760,2025-06-06,signup,5.99,5.99
12592,9760,2025-09-04,cancel,5.99,-5.99
12593,9761,2025-05-25,signup,5.99,5.99
12594,9762,2025-05-29,signup,5.99,5.99
12595,9762,2025-08-27,cancel,5.99,-5.99
12596,9763,2025-06-13,signup,5.99,5.99
12597,9763,2025-09-11,cancel,5.99,-5.99
12598,9764,2025-05-26,signup,5.99,5.99
12599,9764,2025-06-25,cancel,5.99,-5.99
12600,9765,2025-06-18,signup,5.99,5.99
12601,9766,2025-06-14,signup,5.99,5.99
12602,9767,2025-06-13,signup,5.99,5.99
12603,9768,2025-06-06,signup,5.99,5.99
12604,9769,2025-06-08,signup,5.99,5.99
12605,9769,2025-10-06,cancel,5.99,-5.99
12606,9770,2025-06-21,signup,5.99,5.99
12607,9771,2025-06-21,signup,5.99,5.99
12608,9772,2025-05-25,signup,5.99,5.99
12609,9773,2025-06-09,signup,5.99,5.99
12610,9774,2025-05-22,signup,5.99,5.99
12611,9774,2025-08-20,cancel,5.99,-5.99
12612,9775,2025-05-22,signup,5.99,5.99
12613,9775,2025-06-21,cancel,5.99,-5.99
12614,9776,2025-06-08,signup,5.99,5.99
12615,9777,2025-06-17,signup,5.99,5.99
12616,9777,2025-08-16,cancel,5.99,-5.99
12617,9778,2025-05-26,signup,5.99,5.99
12618,9778,2025-07-25,cancel,5.99,-5.99
12619,9779,2025-06-04,signup,5.99,5.99
12620,9780,2025-05-24,signup,5.99,5.99
12621,9781,2025-05-25,signup,5.99,5.99
12622,9781,2025-06-24,cancel,5.99,-5.99
12623,9782,2025-05-24,signup,5.99,5.99
12624,9783,2025-05-24,signup,5.99,5.99
12625,9784,2025-06-12,signup,5.99,5.99
12626,9784,2025-07-12,cancel,5.99,-5.99
12627,9785,2025-06-14,signup,5.99,5.99
12628,9786,2025-06-02,signup,5.99,5.99
12629,9786,2025-10-30,cancel,5.99,-5.99
12630,9788,2025-06-01,signup,5.99,5.99
12631,9790,2025-06-12,signup,5.99,5.99
12632,9793,2025-05-31,signup,5.99,5.99
12633,9795,2025-06-08,signup,5.99,5.99
12634,9796,2025-06-03,signup,5.99,5.99
12635,9797,2025-06-19,signup,5.99,5.99
12636,9798,2025-05-23,signup,5.99,5.99
12637,9798,2025-10-20,cancel,5.99,-5.99
12638,9799,2025-06-16,signup,5.99,5.99
12639,9799,2025-10-14,cancel,5.99,-5.99
12640,9800,2025-05-26,signup,5.99,5.99
12641,9801,2025-05-27,signup,5.99,5.99
12642,9802,2025-06-12,signup,5.99,5.99
12643,9803,2025-06-13,signup,5.99,5.99
12644,9806,2025-05-30,signup,5.99,5.99
12645,9806,2025-06-29,cancel,5.99,-5.99
12646,9807,2025-06-09,signup,5.99,5.99
12647,9808,2025-06-13,signup,5.99,5.99
12648,9809,2025-06-01,signup,5.99,5.99
12649,9809,2025-07-01,cancel,5.99,-5.99
12650,9810,2025-05-27,signup,5.99,5.99
12651,9811,2025-06-03,signup,5.99,5.99
12652,9811,2025-07-03,cancel,5.99,-5.99
12653,9812,2025-06-23,signup,5.99,5.99
12654,9813,2025-06-05,signup,5.99,5.99
12655,9814,2025-06-14,signup,5.99,5.99
12656,9815,2025-06-06,signup,5.99,5.99
12657,9816,2025-06-08,signup,5.99,5.99
12658,9817,2025-06-20,signup,5.99,5.99
12659,9817,2025-07-20,cancel,5.99,-5.99
12660,9819,2025-06-03,signup,5.99,5.99
12661,9819,2025-07-03,cancel,5.99,-5.99
12662,9820,2025-06-21,signup,5.99,5.99
12663,9821,2025-06-13,signup,5.99,5.99
12664,9822,2025-06-09,signup,5.99,5.99
12665,9823,2025-05-30,signup,5.99,5.99
12666,9824,2025-06-23,signup,5.99,5.99
12667,9826,2025-06-22,signup,5.99,5.99
12668,9827,2025-06-15,signup,5.99,5.99
12669,9827,2025-08-14,cancel,5.99,-5.99
12670,9828,2025-06-13,signup,5.99,5.99
12671,9829,2025-06-11,signup,5.99,5.99
12672,9830,2025-06-19,signup,5.99,5.99
12673,9832,2025-06-15,signup,5.99,5.99
12674,9832,2025-07-15,cancel,5.99,-5.99
12675,9833,2025-05-26,signup,5.99,5.99
12676,9834,2025-06-12,signup,5.99,5.99
12677,9834,2025-07-12,cancel,5.99,-5.99
12678,9835,2025-06-05,signup,5.99,5.99
12679,9835,2025-10-03,cancel,5.99,-5.99
12680,9836,2025-06-20,signup,5.99,5.99
12681,9837,2025-06-15,signup,5.99,5.99
12682,9838,2025-06-05,signup,5.99,5.99
12683,9838,2025-08-04,cancel,5.99,-5.99
12684,9839,2025-06-19,signup,5.99,5.99
12685,9840,2025-06-15,signup,5.99,5.99
12686,9841,2025-06-16,signup,5.99,5.99
12687,9843,2025-06-24,signup,5.99,5.99
12688,9843,2025-08-23,cancel,5.99,-5.99
12689,9844,2025-06-21,signup,5.99,5.99
12690,9845,2025-05-26,signup,5.99,5.99
12691,9845,2025-11-22,cancel,5.99,-5.99
12692,9846,2025-06-17,signup,5.99,5.99
12693,9847,2025-06-23,signup,5.99,5.99
12694,9847,2025-08-22,cancel,5.99,-5.99
12695,9848,2025-06-10,signup,5.99,5.99
12696,9849,2025-05-26,signup,5.99,5.99
12697,9850,2025-06-06,signup,5.99,5.99
12698,9851,2025-05-29,signup,5.99,5.99
12699,9852,2025-05-31,signup,5.99,5.99
12700,9853,2025-05-25,signup,5.99,5.99
12701,9854,2025-05-30,signup,5.99,5.99
12702,9854,2025-08-28,cancel,5.99,-5.99
12703,9855,2025-06-19,signup,5.99,5.99
12704,9856,2025-06-22,signup,5.99,5.99
12705,9858,2025-06-08,signup,5.99,5.99
12706,9859,2025-06-08,signup,5.99,5.99
12707,9861,2025-06-22,signup,5.99,5.99
12708,9861,2025-12-19,cancel,5.99,-5.99
12709,9862,2025-06-07,signup,5.99,5.99
12710,9862,2025-08-06,cancel,5.99,-5.99
12711,9863,2025-06-08,signup,5.99,5.99
12712,9864,2025-06-07,signup,5.99,5.99
12713,9864,2025-10-05,cancel,5.99,-5.99
12714,9865,2025-06-10,signup,5.99,5.99
12715,9866,2025-05-30,signup,5.99,5.99
12716,9867,2025-05-25,signup,5.99,5.99
12717,9867,2025-09-22,cancel,5.99,-5.99
12718,9868,2025-06-21,signup,5.99,5.99
12719,9869,2025-06-06,signup,5.99,5.99
12720,9869,2025-07-06,cancel,5.99,-5.99
12721,9870,2025-06-18,signup,5.99,5.99
12722,9870,2025-09-16,cancel,5.99,-5.99
12723,9871,2025-06-18,signup,5.99,5.99
12724,9872,2025-06-14,signup,5.99,5.99
12725,9873,2025-06-19,signup,5.99,5.99
12726,9873,2025-07-19,cancel,5.99,-5.99
12727,9874,2025-06-13,signup,5.99,5.99
12728,9875,2025-06-22,signup,5.99,5.99
12729,9876,2025-06-19,signup,5.99,5.99
12730,9877,2025-06-20,signup,5.99,5.99
12731,9878,2025-06-19,signup,5.99,5.99
12732,9878,2025-08-18,cancel,5.99,-5.99
12733,9879,2025-06-13,signup,5.99,5.99
12734,9880,2025-06-20,signup,5.99,5.99
12735,9880,2025-09-18,cancel,5.99,-5.99
12736,9881,2025-06-20,signup,5.99,5.99
12737,9881,2025-07-20,cancel,5.99,-5.99
12738,9882,2025-06-22,signup,5.99,5.99
12739,9882,2025-07-22,cancel,5.99,-5.99
12740,9883,2025-05-31,signup,5.99,5.99
12741,9884,2025-05-26,signup,5.99,5.99
12742,9885,2025-06-18,signup,5.99,5.99
12743,9885,2025-11-15,cancel,5.99,-5.99
12744,9886,2025-05-28,signup,5.99,5.99
12745,9887,2025-06-17,signup,5.99,5.99
12746,9888,2025-05-29,signup,5.99,5.99
12747,9888,2025-06-28,cancel,5.99,-5.99
12748,9889,2025-06-22,signup,5.99,5.99
12749,9889,2025-07-22,cancel,5.99,-5.99
12750,9890,2025-06-20,signup,5.99,5.99
12751,9891,2025-06-23,signup,5.99,5.99
12752,9892,2025-06-19,signup,5.99,5.99
12753,9892,2025-07-19,cancel,5.99,-5.99
12754,9893,2025-06-04,signup,5.99,5.99
12755,9894,2025-06-04,signup,5.99,5.99
12756,9896,2025-06-11,signup,5.99,5.99
12757,9896,2025-07-11,cancel,5.99,-5.99
12758,9898,2025-06-09,signup,5.99,5.99
12759,9898,2025-12-06,cancel,5.99,-5.99
12760,9899,2025-06-08,signup,5.99,5.99
12761,9900,2025-06-20,signup,5.99,5.99
12762,9901,2025-06-01,signup,5.99,5.99
12763,9901,2025-12-28,cancel,5.99,-5.99
12764,9902,2025-06-17,signup,5.99,5.99
12765,9902,2025-08-16,cancel,5.99,-5.99
12766,9903,2025-06-18,signup,5.99,5.99
12767,9904,2025-06-02,signup,5.99,5.99
12768,9905,2025-06-08,signup,5.99,5.99
12769,9906,2025-06-15,signup,5.99,5.99
12770,9907,2025-06-10,signup,5.99,5.99
12771,9909,2025-06-04,signup,5.99,5.99
12772,9909,2025-07-04,cancel,5.99,-5.99
12773,9910,2025-06-11,signup,5.99,5.99
12774,9910,2025-07-11,cancel,5.99,-5.99
12775,9911,2025-05-30,signup,5.99,5.99
12776,9911,2025-11-26,cancel,5.99,-5.99
12777,9912,2025-06-22,signup,5.99,5.99
12778,9913,2025-06-25,signup,5.99,5.99
12779,9914,2025-06-11,signup,5.99,5.99
12780,9914,2025-09-09,cancel,5.99,-5.99
12781,9915,2025-06-22,signup,5.99,5.99
12782,9916,2025-06-05,signup,5.99,5.99
12783,9917,2025-06-01,signup,5.99,5.99
12784,9918,2025-06-17,signup,5.99,5.99
12785,9919,2025-06-12,signup,5.99,5.99
12786,9920,2025-06-08,signup,5.99,5.99
12787,9921,2025-06-13,signup,5.99,5.99
12788,9921,2025-10-11,cancel,5.99,-5.99
12789,9922,2025-06-16,signup,5.99,5.99
12790,9923,2025-06-01,signup,5.99,5.99
12791,9924,2025-06-16,signup,5.99,5.99
12792,9925,2025-05-29,signup,5.99,5.99
12793,9925,2025-07-28,cancel,5.99,-5.99
12794,9926,2025-06-09,signup,5.99,5.99
12795,9927,2025-06-27,signup,5.99,5.99
12796,9927,2025-07-27,cancel,5.99,-5.99
12797,9928,2025-06-09,signup,5.99,5.99
12798,9929,2025-06-02,signup,5.99,5.99
12799,9930,2025-05-29,signup,5.99,5.99
12800,9931,2025-06-08,signup,5.99,5.99
12801,9932,2025-06-13,signup,5.99,5.99
12802,9932,2025-11-10,cancel,5.99,-5.99
12803,9933,2025-06-11,signup,5.99,5.99
12804,9933,2025-08-10,cancel,5.99,-5.99
12805,9934,2025-05-31,signup,5.99,5.99
12806,9934,2025-07-30,cancel,5.99,-5.99
12807,9935,2025-06-11,signup,5.99,5.99
12808,9936,2025-06-01,signup,5.99,5.99
12809,9937,2025-06-20,signup,5.99,5.99
12810,9938,2025-06-08,signup,5.99,5.99
12811,9939,2025-06-03,signup,5.99,5.99
12812,9940,2025-05-30,signup,5.99,5.99
12813,9940,2025-09-27,cancel,5.99,-5.99
12814,9942,2025-05-30,signup,5.99,5.99
12815,9943,2025-06-26,signup,5.99,5.99
12816,9944,2025-06-18,signup,5.99,5.99
12817,9945,2025-06-11,signup,5.99,5.99
12818,9945,2025-07-11,cancel,5.99,-5.99
12819,9946,2025-06-23,signup,5.99,5.99
12820,9947,2025-06-19,signup,5.99,5.99
12821,9948,2025-06-20,signup,5.99,5.99
12822,9949,2025-06-28,signup,5.99,5.99
12823,9950,2025-06-01,signup,5.99,5.99
12824,9951,2025-06-17,signup,5.99,5.99
12825,9951,2025-08-16,cancel,5.99,-5.99
12826,9953,2025-05-31,signup,5.99,5.99
12827,9953,2025-10-28,cancel,5.99,-5.99
12828,9954,2025-06-19,signup,5.99,5.99
12829,9956,2025-06-25,signup,5.99,5.99
12830,9957,2025-06-21,signup,5.99,5.99
12831,9958,2025-06-07,signup,5.99,5.99
12832,9959,2025-06-10,signup,5.99,5.99
12833,9960,2025-06-22,signup,5.99,5.99
12834,9961,2025-06-11,signup,5.99,5.99
12835,9963,2025-05-31,signup,5.99,5.99
12836,9963,2025-07-30,cancel,5.99,-5.99
12837,9964,2025-06-08,signup,5.99,5.99
12838,9964,2025-08-07,cancel,5.99,-5.99
12839,9965,2025-06-04,signup,5.99,5.99
12840,9966,2025-06-11,signup,5.99,5.99
12841,9966,2025-07-11,cancel,5.99,-5.99
12842,9967,2025-06-24,signup,5.99,5.99
12843,9968,2025-05-29,signup,5.99,5.99
12844,9969,2025-06-19,signup,5.99,5.99
12845,9969,2025-11-16,cancel,5.99,-5.99
12846,9971,2025-06-15,signup,5.99,5.99
12847,9972,2025-06-29,signup,5.99,5.99
12848,9973,2025-06-16,signup,5.99,5.99
12849,9974,2025-05-30,signup,5.99,5.99
12850,9974,2025-11-26,cancel,5.99,-5.99
12851,9975,2025-06-01,signup,5.99,5.99
12852,9975,2025-07-01,cancel,5.99,-5.99
12853,9976,2025-06-14,signup,5.99,5.99
12854,9977,2025-06-17,signup,5.99,5.99
12855,9978,2025-06-23,signup,5.99,5.99
12856,9978,2025-07-23,cancel,5.99,-5.99
12857,9979,2025-05-30,signup,5.99,5.99
12858,9979,2025-07-29,cancel,5.99,-5.99
12859,9980,2025-06-15,signup,5.99,5.99
12860,9981,2025-06-18,signup,5.99,5.99
12861,9983,2025-06-09,signup,5.99,5.99
12862,9984,2025-06-23,signup,5.99,5.99
12863,9985,2025-06-27,signup,5.99,5.99
12864,9985,2025-11-24,cancel,5.99,-5.99
12865,9986,2025-06-22,signup,5.99,5.99
12866,9987,2025-06-22,signup,5.99,5.99
12867,9988,2025-06-03,signup,5.99,5.99
12868,9993,2025-06-07,signup,5.99,5.99
12869,9994,2025-06-15,signup,5.99,5.99
12870,9995,2025-06-08,signup,5.99,5.99
12871,9995,2025-12-05,cancel,5.99,-5.99
12872,9997,2025-06-03,signup,5.99,5.99
12873,9997,2025-07-03,cancel,5.99,-5.99
12874,9998,2025-06-02,signup,5.99,5.99
12875,9999,2025-06-28,signup,5.99,5.99
12876,10000,2025-06-17,signup,5.99,5.99
12877,10001,2025-06-02,signup,5.99,5.99
12878,10003,2025-06-15,signup,5.99,5.99
12879,10003,2025-08-14,cancel,5.99,-5.99
12880,10004,2025-06-21,signup,5.99,5.99
12881,10004,2025-07-21,cancel,5.99,-5.99
12882,10005,2025-06-24,signup,5.99,5.99
12883,10006,2025-06-13,signup,5.99,5.99
12884,10010,2025-06-19,signup,5.99,5.99
12885,10011,2025-06-15,signup,5.99,5.99
12886,10011,2025-11-12,cancel,5.99,-5.99
12887,10012,2025-06-14,signup,5.99,5.99
12888,10013,2025-06-08,signup,5.99,5.99
12889,10014,2025-06-28,signup,5.99,5.99
12890,10015,2025-06-14,signup,5.99,5.99
12891,10016,2025-06-09,signup,5.99,5.99
12892,10017,2025-06-15,signup,5.99,5.99
12893,10018,2025-06-15,signup,5.99,5.99
12894,10020,2025-06-09,signup,5.99,5.99
12895,10021,2025-06-25,signup,5.99,5.99
12896,10022,2025-06-03,signup,5.99,5.99
12897,10023,2025-06-14,signup,5.99,5.99
12898,10023,2025-07-14,cancel,5.99,-5.99
12899,10024,2025-06-12,signup,5.99,5.99
12900,10024,2025-11-09,cancel,5.99,-5.99
12901,10025,2025-06-23,signup,5.99,5.99
12902,10026,2025-06-24,signup,5.99,5.99
12903,10027,2025-06-14,signup,5.99,5.99
12904,10028,2025-06-04,signup,5.99,5.99
12905,10028,2025-09-02,cancel,5.99,-5.99
12906,10029,2025-06-12,signup,5.99,5.99
12907,10030,2025-06-03,signup,5.99,5.99
12908,10031,2025-06-28,signup,5.99,5.99
12909,10031,2025-11-25,cancel,5.99,-5.99
12910,10032,2025-06-17,signup,5.99,5.99
12911,10033,2025-06-22,signup,5.99,5.99
12912,10033,2025-08-21,cancel,5.99,-5.99
12913,10034,2025-06-24,signup,5.99,5.99
12914,10034,2025-08-23,cancel,5.99,-5.99
12915,10035,2025-06-23,signup,5.99,5.99
12916,10036,2025-06-21,signup,5.99,5.99
12917,10037,2025-06-28,signup,5.99,5.99
12918,10038,2025-06-23,signup,5.99,5.99
12919,10039,2025-06-05,signup,5.99,5.99
12920,10040,2025-06-15,signup,5.99,5.99
12921,10041,2025-06-15,signup,5.99,5.99
12922,10041,2025-09-13,cancel,5.99,-5.99
12923,10042,2025-06-24,signup,5.99,5.99
12924,10042,2025-11-21,cancel,5.99,-5.99
12925,10043,2025-06-01,signup,5.99,5.99
12926,10044,2025-06-09,signup,5.99,5.99
12927,10045,2025-06-25,signup,5.99,5.99
12928,10045,2025-10-23,cancel,5.99,-5.99
12929,10046,2025-06-29,signup,5.99,5.99
12930,10047,2025-06-17,signup,5.99,5.99
12931,10048,2025-06-26,signup,5.99,5.99
12932,10049,2025-06-19,signup,5.99,5.99
12933,10050,2025-06-04,signup,5.99,5.99
12934,10051,2025-06-09,signup,5.99,5.99
12935,10052,2025-06-10,signup,5.99,5.99
12936,10053,2025-06-13,signup,5.99,5.99
12937,10054,2025-06-21,signup,5.99,5.99
12938,10055,2025-06-11,signup,5.99,5.99
12939,10056,2025-06-14,signup,5.99,5.99
12940,10057,2025-06-28,signup,5.99,5.99
12941,10058,2025-06-11,signup,5.99,5.99
12942,10059,2025-06-18,signup,5.99,5.99
12943,10059,2025-10-16,cancel,5.99,-5.99
12944,10060,2025-06-14,signup,5.99,5.99
12945,10061,2025-06-22,signup,5.99,5.99
12946,10062,2025-06-27,signup,5.99,5.99
12947,10063,2025-06-07,signup,5.99,5.99
12948,10064,2025-06-17,signup,5.99,5.99
12949,10065,2025-06-06,signup,5.99,5.99
12950,10067,2025-06-14,signup,5.99,5.99
12951,10068,2025-07-01,signup,5.99,5.99
12952,10068,2025-07-31,cancel,5.99,-5.99
12953,10069,2025-07-02,signup,5.99,5.99
12954,10070,2025-06-09,signup,5.99,5.99
12955,10071,2025-06-18,signup,5.99,5.99
12956,10072,2025-06-17,signup,5.99,5.99
12957,10073,2025-06-04,signup,5.99,5.99
12958,10074,2025-06-28,signup,5.99,5.99
12959,10076,2025-06-27,signup,5.99,5.99
12960,10077,2025-06-04,signup,5.99,5.99
12961,10078,2025-06-16,signup,5.99,5.99
12962,10079,2025-06-22,signup,5.99,5.99
12963,10079,2025-09-20,cancel,5.99,-5.99
12964,10080,2025-06-20,signup,5.99,5.99
12965,10081,2025-06-11,signup,5.99,5.99
12966,10081,2025-07-11,cancel,5.99,-5.99
12967,10082,2025-06-15,signup,5.99,5.99
12968,10082,2025-10-13,cancel,5.99,-5.99
12969,10084,2025-06-24,signup,5.99,5.99
12970,10085,2025-06-24,signup,5.99,5.99
12971,10086,2025-06-28,signup,5.99,5.99
12972,10087,2025-06-20,signup,5.99,5.99
12973,10087,2025-12-17,cancel,5.99,-5.99
12974,10088,2025-06-08,signup,5.99,5.99
12975,10089,2025-06-29,signup,5.99,5.99
12976,10090,2025-06-23,signup,5.99,5.99
12977,10091,2025-06-18,signup,5.99,5.99
12978,10092,2025-06-22,signup,5.99,5.99
12979,10093,2025-06-16,signup,5.99,5.99
12980,10093,2025-10-14,cancel,5.99,-5.99
12981,10094,2025-07-03,signup,5.99,5.99
12982,10094,2025-09-01,cancel,5.99,-5.99
12983,10096,2025-06-03,signup,5.99,5.99
12984,10097,2025-06-09,signup,5.99,5.99
12985,10097,2025-12-06,cancel,5.99,-5.99
12986,10098,2025-06-05,signup,5.99,5.99
12987,10099,2025-06-27,signup,5.99,5.99
12988,10099,2025-07-27,cancel,5.99,-5.99
12989,10100,2025-06-27,signup,5.99,5.99
12990,10100,2025-09-25,cancel,5.99,-5.99
12991,10101,2025-06-23,signup,5.99,5.99
12992,10103,2025-06-23,signup,5.99,5.99
12993,10104,2025-07-03,signup,5.99,5.99
12994,10105,2025-06-06,signup,5.99,5.99
12995,10106,2025-06-28,signup,5.99,5.99
12996,10107,2025-06-17,signup,5.99,5.99
12997,10107,2025-07-17,cancel,5.99,-5.99
12998,10108,2025-06-10,signup,5.99,5.99
12999,10109,2025-06-24,signup,5.99,5.99
13000,10109,2025-07-24,cancel,5.99,-5.99
13001,10110,2025-06-24,signup,5.99,5.99
13002,10111,2025-06-15,signup,5.99,5.99
13003,10112,2025-06-20,signup,5.99,5.99
13004,10112,2025-11-17,cancel,5.99,-5.99
13005,10113,2025-06-14,signup,5.99,5.99
13006,10113,2025-07-14,cancel,5.99,-5.99
13007,10114,2025-07-04,signup,5.99,5.99
13008,10114,2025-11-01,cancel,5.99,-5.99
13009,10115,2025-06-28,signup,5.99,5.99
13010,10116,2025-06-28,signup,5.99,5.99
13011,10116,2025-07-28,cancel,5.99,-5.99
13012,10117,2025-06-16,signup,5.99,5.99
13013,10118,2025-06-28,signup,5.99,5.99
13014,10119,2025-06-08,signup,5.99,5.99
13015,10119,2025-08-07,cancel,5.99,-5.99
13016,10120,2025-06-20,signup,5.99,5.99
13017,10120,2025-07-20,cancel,5.99,-5.99
13018,10121,2025-06-21,signup,5.99,5.99
13019,10123,2025-06-17,signup,5.99,5.99
13020,10124,2025-06-21,signup,5.99,5.99
13021,10125,2025-06-29,signup,5.99,5.99
13022,10126,2025-06-08,signup,5.99,5.99
13023,10127,2025-06-08,signup,5.99,5.99
13024,10127,2025-12-05,cancel,5.99,-5.99
13025,10128,2025-07-02,signup,5.99,5.99
13026,10129,2025-06-29,signup,5.99,5.99
13027,10130,2025-06-25,signup,5.99,5.99
13028,10131,2025-07-03,signup,5.99,5.99
13029,10131,2025-12-30,cancel,5.99,-5.99
13030,10132,2025-06-29,signup,5.99,5.99
13031,10133,2025-06-08,signup,5.99,5.99
13032,10134,2025-06-27,signup,5.99,5.99
13033,10136,2025-06-23,signup,5.99,5.99
13034,10136,2025-07-23,cancel,5.99,-5.99
13035,10137,2025-06-14,signup,5.99,5.99
13036,10138,2025-06-28,signup,5.99,5.99
13037,10139,2025-06-09,signup,5.99,5.99
13038,10141,2025-07-01,signup,5.99,5.99
13039,10141,2025-07-31,cancel,5.99,-5.99
13040,10142,2025-06-26,signup,5.99,5.99
13041,10143,2025-06-10,signup,5.99,5.99
13042,10144,2025-06-06,signup,5.99,5.99
13043,10145,2025-06-30,signup,5.99,5.99
13044,10145,2025-08-29,cancel,5.99,-5.99
13045,10146,2025-06-05,signup,5.99,5.99
13046,10147,2025-07-01,signup,5.99,5.99
13047,10148,2025-06-24,signup,5.99,5.99
13048,10148,2025-07-24,cancel,5.99,-5.99
13049,10149,2025-06-30,signup,5.99,5.99
13050,10150,2025-06-30,signup,5.99,5.99
13051,10151,2025-06-24,signup,5.99,5.99
13052,10152,2025-06-14,signup,5.99,5.99
13053,10152,2025-07-14,cancel,5.99,-5.99
13054,10153,2025-06-06,signup,5.99,5.99
13055,10154,2025-06-16,signup,5.99,5.99
13056,10155,2025-06-17,signup,5.99,5.99
13057,10155,2025-07-17,cancel,5.99,-5.99
13058,10156,2025-06-14,signup,5.99,5.99
13059,10156,2025-07-14,cancel,5.99,-5.99
13060,10158,2025-06-29,signup,5.99,5.99
13061,10159,2025-06-05,signup,5.99,5.99
13062,10159,2025-07-05,cancel,5.99,-5.99
13063,10161,2025-06-28,signup,5.99,5.99
13064,10162,2025-07-05,signup,5.99,5.99
13065,10162,2025-08-04,cancel,5.99,-5.99
13066,10163,2025-07-03,signup,5.99,5.99
13067,10163,2025-10-01,cancel,5.99,-5.99
13068,10164,2025-06-30,signup,5.99,5.99
13069,10165,2025-06-23,signup,5.99,5.99
13070,10166,2025-06-27,signup,5.99,5.99
13071,10166,2025-07-27,cancel,5.99,-5.99
13072,10168,2025-06-09,signup,5.99,5.99
13073,10169,2025-07-04,signup,5.99,5.99
13074,10170,2025-06-15,signup,5.99,5.99
13075,10171,2025-06-15,signup,5.99,5.99
13076,10171,2025-09-13,cancel,5.99,-5.99
13077,10172,2025-06-18,signup,5.99,5.99
13078,10174,2025-06-30,signup,5.99,5.99
13079,10176,2025-06-10,signup,5.99,5.99
13080,10176,2025-07-10,cancel,5.99,-5.99
13081,10177,2025-06-28,signup,5.99,5.99
13082,10178,2025-06-23,signup,5.99,5.99
13083,10179,2025-06-13,signup,5.99,5.99
13084,10179,2025-08-12,cancel,5.99,-5.99
13085,10180,2025-06-28,signup,5.99,5.99
13086,10181,2025-06-24,signup,5.99,5.99
13087,10181,2025-12-21,cancel,5.99,-5.99
13088,10182,2025-06-26,signup,5.99,5.99
13089,10183,2025-06-19,signup,5.99,5.99
13090,10183,2025-07-19,cancel,5.99,-5.99
13091,10184,2025-06-22,signup,5.99,5.99
13092,10184,2025-07-22,cancel,5.99,-5.99
13093,10185,2025-06-18,signup,5.99,5.99
13094,10186,2025-06-11,signup,5.99,5.99
13095,10187,2025-07-04,signup,5.99,5.99
13096,10188,2025-06-18,signup,5.99,5.99
13097,10189,2025-06-10,signup,5.99,5.99
13098,10190,2025-06-23,signup,5.99,5.99
13099,10191,2025-06-14,signup,5.99,5.99
13100,10192,2025-06-26,signup,5.99,5.99
13101,10193,2025-07-01,signup,5.99,5.99
13102,10194,2025-06-29,signup,5.99,5.99
13103,10194,2025-07-29,cancel,5.99,-5.99
13104,10196,2025-07-06,signup,5.99,5.99
13105,10196,2025-12-03,cancel,5.99,-5.99
13106,10197,2025-06-15,signup,5.99,5.99
13107,10197,2025-07-15,cancel,5.99,-5.99
13108,10198,2025-06-26,signup,5.99,5.99
13109,10198,2025-10-24,cancel,5.99,-5.99
13110,10199,2025-06-24,signup,5.99,5.99
13111,10200,2025-07-06,signup,5.99,5.99
13112,10201,2025-06-28,signup,5.99,5.99
13113,10201,2025-08-27,cancel,5.99,-5.99
13114,10202,2025-07-02,signup,5.99,5.99
13115,10204,2025-06-22,signup,5.99,5.99
13116,10205,2025-06-08,signup,5.99,5.99
13117,10205,2025-07-08,cancel,5.99,-5.99
13118,10206,2025-06-09,signup,5.99,5.99
13119,10207,2025-06-27,signup,5.99,5.99
13120,10208,2025-06-25,signup,5.99,5.99
13121,10208,2025-08-24,cancel,5.99,-5.99
13122,10209,2025-06-07,signup,5.99,5.99
13123,10210,2025-07-06,signup,5.99,5.99
13124,10211,2025-06-29,signup,5.99,5.99
13125,10212,2025-07-01,signup,5.99,5.99
13126,10213,2025-07-06,signup,5.99,5.99
13127,10214,2025-06-17,signup,5.99,5.99
13128,10215,2025-06-10,signup,5.99,5.99
13129,10215,2025-10-08,cancel,5.99,-5.99
13130,10218,2025-06-22,signup,5.99,5.99
13131,10218,2025-08-21,cancel,5.99,-5.99
13132,10219,2025-06-29,signup,5.99,5.99
13133,10219,2025-08-28,cancel,5.99,-5.99
13134,10224,2025-06-26,signup,5.99,5.99
13135,10225,2025-06-19,signup,5.99,5.99
13136,10225,2025-12-16,cancel,5.99,-5.99
13137,10226,2025-07-07,signup,5.99,5.99
13138,10226,2025-09-05,cancel,5.99,-5.99
13139,10227,2025-06-17,signup,5.99,5.99
13140,10228,2025-06-18,signup,5.99,5.99
13141,10229,2025-06-13,signup,5.99,5.99
13142,10230,2025-06-14,signup,5.99,5.99
13143,10231,2025-06-08,signup,5.99,5.99
13144,10231,2025-08-07,cancel,5.99,-5.99
13145,10232,2025-06-12,signup,5.99,5.99
13146,10233,2025-06-19,signup,5.99,5.99
13147,10234,2025-06-24,signup,5.99,5.99
13148,10234,2025-08-23,cancel,5.99,-5.99
13149,10235,2025-06-17,signup,5.99,5.99
13150,10235,2025-07-17,cancel,5.99,-5.99
13151,10236,2025-06-18,signup,5.99,5.99
13152,10237,2025-06-11,signup,5.99,5.99
13153,10237,2025-11-08,cancel,5.99,-5.99
13154,10238,2025-07-04,signup,5.99,5.99
13155,10239,2025-06-11,signup,5.99,5.99
13156,10240,2025-06-15,signup,5.99,5.99
13157,10241,2025-06-13,signup,5.99,5.99
13158,10242,2025-06-27,signup,5.99,5.99
13159,10242,2025-08-26,cancel,5.99,-5.99
13160,10243,2025-06-29,signup,5.99,5.99
13161,10244,2025-07-04,signup,5.99,5.99
13162,10245,2025-06-22,signup,5.99,5.99
13163,10246,2025-06-14,signup,5.99,5.99
13164,10247,2025-07-03,signup,5.99,5.99
13165,10248,2025-06-24,signup,5.99,5.99
13166,10249,2025-06-26,signup,5.99,5.99
13167,10250,2025-07-05,signup,5.99,5.99
13168,10251,2025-06-10,signup,5.99,5.99
13169,10252,2025-06-11,signup,5.99,5.99
13170,10253,2025-07-01,signup,5.99,5.99
13171,10254,2025-06-15,signup,5.99,5.99
13172,10257,2025-06-19,signup,5.99,5.99
13173,10258,2025-06-28,signup,5.99,5.99
13174,10260,2025-07-01,signup,5.99,5.99
13175,10260,2025-07-31,cancel,5.99,-5.99
13176,10261,2025-06-30,signup,5.99,5.99
13177,10261,2025-07-30,cancel,5.99,-5.99
13178,10262,2025-06-10,signup,5.99,5.99
13179,10263,2025-07-07,signup,5.99,5.99
13180,10263,2025-09-05,cancel,5.99,-5.99
13181,10264,2025-06-27,signup,5.99,5.99
13182,10265,2025-06-22,signup,5.99,5.99
13183,10266,2025-06-30,signup,5.99,5.99
13184,10267,2025-07-03,signup,5.99,5.99
13185,10268,2025-07-08,signup,5.99,5.99
13186,10269,2025-06-18,signup,5.99,5.99
13187,10269,2025-12-15,cancel,5.99,-5.99
13188,10270,2025-06-22,signup,5.99,5.99
13189,10271,2025-06-29,signup,5.99,5.99
13190,10271,2025-07-29,cancel,5.99,-5.99
13191,10272,2025-07-08,signup,5.99,5.99
13192,10273,2025-06-23,signup,5.99,5.99
13193,10273,2025-08-22,cancel,5.99,-5.99
13194,10274,2025-06-13,signup,5.99,5.99
13195,10275,2025-06-15,signup,5.99,5.99
13196,10276,2025-06-13,signup,5.99,5.99
13197,10276,2025-09-11,cancel,5.99,-5.99
13198,10277,2025-07-02,signup,5.99,5.99
13199,10277,2025-08-31,cancel,5.99,-5.99
13200,10278,2025-06-21,signup,5.99,5.99
13201,10279,2025-07-06,signup,5.99,5.99
13202,10279,2025-11-03,cancel,5.99,-5.99
13203,10280,2025-07-08,signup,5.99,5.99
13204,10280,2025-10-06,cancel,5.99,-5.99
13205,10281,2025-06-27,signup,5.99,5.99
13206,10282,2025-06-29,signup,5.99,5.99
13207,10283,2025-06-24,signup,5.99,5.99
13208,10284,2025-06-20,signup,5.99,5.99
13209,10285,2025-06-11,signup,5.99,5.99
13210,10286,2025-07-07,signup,5.99,5.99
13211,10286,2025-08-06,cancel,5.99,-5.99
13212,10287,2025-06-14,signup,5.99,5.99
13213,10289,2025-07-08,signup,5.99,5.99
13214,10290,2025-06-29,signup,5.99,5.99
13215,10291,2025-07-01,signup,5.99,5.99
13216,10293,2025-06-23,signup,5.99,5.99
13217,10293,2025-07-23,cancel,5.99,-5.99
13218,10294,2025-07-05,signup,5.99,5.99
13219,10295,2025-06-26,signup,5.99,5.99
13220,10296,2025-06-22,signup,5.99,5.99
13221,10297,2025-06-24,signup,5.99,5.99
13222,10297,2025-07-24,cancel,5.99,-5.99
13223,10298,2025-06-28,signup,5.99,5.99
13224,10299,2025-07-03,signup,5.99,5.99
13225,10301,2025-07-01,signup,5.99,5.99
13226,10301,2025-12-28,cancel,5.99,-5.99
13227,10302,2025-07-07,signup,5.99,5.99
13228,10302,2025-08-06,cancel,5.99,-5.99
13229,10303,2025-06-11,signup,5.99,5.99
13230,10304,2025-07-09,signup,5.99,5.99
13231,10304,2025-09-07,cancel,5.99,-5.99
13232,10305,2025-07-07,signup,5.99,5.99
13233,10306,2025-06-30,signup,5.99,5.99
13234,10306,2025-07-30,cancel,5.99,-5.99
13235,10307,2025-07-08,signup,5.99,5.99
13236,10308,2025-06-17,signup,5.99,5.99
13237,10308,2025-10-15,cancel,5.99,-5.99
13238,10309,2025-06-29,signup,5.99,5.99
13239,10310,2025-06-12,signup,5.99,5.99
13240,10311,2025-06-26,signup,5.99,5.99
13241,10311,2025-07-26,cancel,5.99,-5.99
13242,10312,2025-07-05,signup,5.99,5.99
13243,10313,2025-07-08,signup,5.99,5.99
13244,10314,2025-06-21,signup,5.99,5.99
13245,10315,2025-06-11,signup,5.99,5.99
13246,10315,2025-08-10,cancel,5.99,-5.99
13247,10316,2025-07-06,signup,5.99,5.99
13248,10317,2025-07-01,signup,5.99,5.99
13249,10319,2025-07-08,signup,5.99,5.99
13250,10320,2025-07-04,signup,5.99,5.99
13251,10321,2025-07-10,signup,5.99,5.99
13252,10323,2025-07-11,signup,5.99,5.99
13253,10324,2025-06-20,signup,5.99,5.99
13254,10324,2025-08-19,cancel,5.99,-5.99
13255,10325,2025-06-23,signup,5.99,5.99
13256,10325,2025-09-21,cancel,5.99,-5.99
13257,10326,2025-07-08,signup,5.99,5.99
13258,10327,2025-06-24,signup,5.99,5.99
13259,10329,2025-07-11,signup,5.99,5.99
13260,10330,2025-06-29,signup,5.99,5.99
13261,10332,2025-07-04,signup,5.99,5.99
13262,10333,2025-06-28,signup,5.99,5.99
13263,10338,2025-06-16,signup,5.99,5.99
13264,10338,2025-12-13,cancel,5.99,-5.99
13265,10339,2025-07-05,signup,5.99,5.99
13266,10339,2025-09-03,cancel,5.99,-5.99
13267,10341,2025-07-02,signup,5.99,5.99
13268,10342,2025-06-14,signup,5.99,5.99
13269,10343,2025-07-10,signup,5.99,5.99
13270,10343,2025-09-08,cancel,5.99,-5.99
13271,10344,2025-06-29,signup,5.99,5.99
13272,10345,2025-06-29,signup,5.99,5.99
13273,10345,2025-09-27,cancel,5.99,-5.99
13274,10346,2025-07-03,signup,5.99,5.99
13275,10347,2025-06-14,signup,5.99,5.99
13276,10348,2025-06-25,signup,5.99,5.99
13277,10348,2025-07-25,cancel,5.99,-5.99
13278,10349,2025-06-14,signup,5.99,5.99
13279,10350,2025-07-10,signup,5.99,5.99
13280,10350,2025-08-09,cancel,5.99,-5.99
13281,10351,2025-06-29,signup,5.99,5.99
13282,10352,2025-06-25,signup,5.99,5.99
13283,10353,2025-06-21,signup,5.99,5.99
13284,10354,2025-07-08,signup,5.99,5.99
13285,10355,2025-06-20,signup,5.99,5.99
13286,10355,2025-07-20,cancel,5.99,-5.99
13287,10356,2025-06-12,signup,5.99,5.99
13288,10357,2025-06-29,signup,5.99,5.99
13289,10358,2025-06-27,signup,5.99,5.99
13290,10359,2025-07-08,signup,5.99,5.99
13291,10360,2025-06-15,signup,5.99,5.99
13292,10361,2025-07-06,signup,5.99,5.99
13293,10361,2025-09-04,cancel,5.99,-5.99
13294,10362,2025-06-18,signup,5.99,5.99
13295,10362,2025-07-18,cancel,5.99,-5.99
13296,10363,2025-06-19,signup,5.99,5.99
13297,10364,2025-07-09,signup,5.99,5.99
13298,10365,2025-06-25,signup,5.99,5.99
13299,10365,2025-10-23,cancel,5.99,-5.99
13300,10366,2025-06-12,signup,5.99,5.99
13301,10367,2025-07-12,signup,5.99,5.99
13302,10368,2025-07-11,signup,5.99,5.99
13303,10368,2025-10-09,cancel,5.99,-5.99
13304,10370,2025-06-29,signup,5.99,5.99
13305,10371,2025-07-02,signup,5.99,5.99
13306,10372,2025-06-22,signup,5.99,5.99
13307,10373,2025-06-14,signup,5.99,5.99
13308,10374,2025-06-30,signup,5.99,5.99
13309,10375,2025-06-21,signup,5.99,5.99
13310,10376,2025-06-13,signup,5.99,5.99
13311,10377,2025-06-14,signup,5.99,5.99
13312,10378,2025-06-24,signup,5.99,5.99
13313,10378,2025-08-23,cancel,5.99,-5.99
13314,10379,2025-07-05,signup,5.99,5.99
13315,10379,2025-09-03,cancel,5.99,-5.99
13316,10380,2025-07-04,signup,5.99,5.99
13317,10381,2025-07-07,signup,5.99,5.99
13318,10381,2025-09-05,cancel,5.99,-5.99
13319,10382,2025-07-08,signup,5.99,5.99
13320,10382,2025-09-06,cancel,5.99,-5.99
13321,10383,2025-07-09,signup,5.99,5.99
13322,10384,2025-07-12,signup,5.99,5.99
13323,10385,2025-07-12,signup,5.99,5.99
13324,10385,2025-12-09,cancel,5.99,-5.99
13325,10387,2025-06-26,signup,5.99,5.99
13326,10389,2025-06-20,signup,5.99,5.99
13327,10389,2025-11-17,cancel,5.99,-5.99
13328,10390,2025-07-04,signup,5.99,5.99
13329,10390,2025-10-02,cancel,5.99,-5.99
13330,10392,2025-06-17,signup,5.99,5.99
13331,10393,2025-06-14,signup,5.99,5.99
13332,10394,2025-07-06,signup,5.99,5.99
13333,10394,2025-10-04,cancel,5.99,-5.99
13334,10395,2025-07-06,signup,5.99,5.99
13335,10395,2025-09-04,cancel,5.99,-5.99
13336,10396,2025-06-24,signup,5.99,5.99
13337,10397,2025-06-21,signup,5.99,5.99
13338,10397,2025-07-21,cancel,5.99,-5.99
13339,10399,2025-06-28,signup,5.99,5.99
13340,10400,2025-07-05,signup,5.99,5.99
13341,10401,2025-06-19,signup,5.99,5.99
13342,10401,2025-08-18,cancel,5.99,-5.99
13343,10402,2025-07-06,signup,5.99,5.99
13344,10403,2025-06-18,signup,5.99,5.99
13345,10403,2025-07-18,cancel,5.99,-5.99
13346,10405,2025-06-23,signup,5.99,5.99
13347,10406,2025-06-26,signup,5.99,5.99
13348,10406,2025-11-23,cancel,5.99,-5.99
13349,10407,2025-07-03,signup,5.99,5.99
13350,10407,2025-08-02,cancel,5.99,-5.99
13351,10408,2025-06-25,signup,5.99,5.99
13352,10408,2025-07-25,cancel,5.99,-5.99
13353,10409,2025-06-15,signup,5.99,5.99
13354,10410,2025-06-22,signup,5.99,5.99
13355,10411,2025-07-06,signup,5.99,5.99
13356,10412,2025-07-06,signup,5.99,5.99
13357,10412,2025-10-04,cancel,5.99,-5.99
13358,10413,2025-07-14,signup,5.99,5.99
13359,10413,2025-10-12,cancel,5.99,-5.99
13360,10414,2025-07-13,signup,5.99,5.99
13361,10415,2025-06-14,signup,5.99,5.99
13362,10416,2025-06-27,signup,5.99,5.99
13363,10418,2025-07-08,signup,5.99,5.99
13364,10418,2025-09-06,cancel,5.99,-5.99
13365,10419,2025-06-23,signup,5.99,5.99
13366,10420,2025-07-11,signup,5.99,5.99
13367,10421,2025-07-08,signup,5.99,5.99
13368,10421,2025-10-06,cancel,5.99,-5.99
13369,10423,2025-06-16,signup,5.99,5.99
13370,10423,2025-07-16,cancel,5.99,-5.99
13371,10424,2025-07-12,signup,5.99,5.99
13372,10424,2025-09-10,cancel,5.99,-5.99
13373,10425,2025-07-10,signup,5.99,5.99
13374,10426,2025-06-26,signup,5.99,5.99
13375,10427,2025-07-06,signup,5.99,5.99
13376,10428,2025-06-24,signup,5.99,5.99
13377,10428,2025-07-24,cancel,5.99,-5.99
13378,10430,2025-06-24,signup,5.99,5.99
13379,10431,2025-07-07,signup,5.99,5.99
13380,10433,2025-07-10,signup,5.99,5.99
13381,10434,2025-06-27,signup,5.99,5.99
13382,10434,2025-08-26,cancel,5.99,-5.99
13383,10435,2025-06-25,signup,5.99,5.99
13384,10436,2025-06-30,signup,5.99,5.99
13385,10437,2025-06-15,signup,5.99,5.99
13386,10438,2025-07-11,signup,5.99,5.99
13387,10438,2025-09-09,cancel,5.99,-5.99
13388,10439,2025-07-14,signup,5.99,5.99
13389,10439,2025-09-12,cancel,5.99,-5.99
13390,10441,2025-07-10,signup,5.99,5.99
13391,10442,2025-07-10,signup,5.99,5.99
13392,10442,2025-08-09,cancel,5.99,-5.99
13393,10443,2025-06-21,signup,5.99,5.99
13394,10443,2025-12-18,cancel,5.99,-5.99
13395,10445,2025-06-19,signup,5.99,5.99
13396,10446,2025-07-12,signup,5.99,5.99
13397,10447,2025-07-11,signup,5.99,5.99
13398,10448,2025-06-20,signup,5.99,5.99
13399,10448,2025-07-20,cancel,5.99,-5.99
13400,10449,2025-06-24,signup,5.99,5.99
13401,10450,2025-06-23,signup,5.99,5.99
13402,10451,2025-06-30,signup,5.99,5.99
13403,10451,2025-10-28,cancel,5.99,-5.99
13404,10452,2025-06-19,signup,5.99,5.99
13405,10452,2025-10-17,cancel,5.99,-5.99
13406,10454,2025-07-13,signup,5.99,5.99
13407,10456,2025-06-17,signup,5.99,5.99
13408,10457,2025-07-14,signup,5.99,5.99
13409,10459,2025-06-18,signup,5.99,5.99
13410,10460,2025-07-01,signup,5.99,5.99
13411,10462,2025-07-01,signup,5.99,5.99
13412,10463,2025-07-08,signup,5.99,5.99
13413,10463,2025-08-07,cancel,5.99,-5.99
13414,10464,2025-06-23,signup,5.99,5.99
13415,10464,2025-07-23,cancel,5.99,-5.99
13416,10465,2025-06-20,signup,5.99,5.99
13417,10466,2025-06-21,signup,5.99,5.99
13418,10466,2025-07-21,cancel,5.99,-5.99
13419,10467,2025-07-11,signup,5.99,5.99
13420,10468,2025-06-17,signup,5.99,5.99
13421,10469,2025-07-01,signup,5.99,5.99
13422,10469,2025-07-31,cancel,5.99,-5.99
13423,10470,2025-06-21,signup,5.99,5.99
13424,10472,2025-07-15,signup,5.99,5.99
13425,10473,2025-06-18,signup,5.99,5.99
13426,10474,2025-06-29,signup,5.99,5.99
13427,10475,2025-06-28,signup,5.99,5.99
13428,10476,2025-07-04,signup,5.99,5.99
13429,10477,2025-07-08,signup,5.99,5.99
13430,10477,2025-08-07,cancel,5.99,-5.99
13431,10478,2025-07-04,signup,5.99,5.99
13432,10478,2025-09-02,cancel,5.99,-5.99
13433,10479,2025-06-20,signup,5.99,5.99
13434,10479,2025-09-18,cancel,5.99,-5.99
13435,10481,2025-06-25,signup,5.99,5.99
13436,10482,2025-06-17,signup,5.99,5.99
13437,10483,2025-06-20,signup,5.99,5.99
13438,10485,2025-07-11,signup,5.99,5.99
13439,10486,2025-07-09,signup,5.99,5.99
13440,10486,2025-12-06,cancel,5.99,-5.99
13441,10488,2025-07-15,signup,5.99,5.99
13442,10489,2025-06-26,signup,5.99,5.99
13443,10490,2025-06-22,signup,5.99,5.99
13444,10491,2025-07-11,signup,5.99,5.99
13445,10491,2025-09-09,cancel,5.99,-5.99
13446,10492,2025-06-24,signup,5.99,5.99
13447,10493,2025-07-17,signup,5.99,5.99
13448,10494,2025-06-23,signup,5.99,5.99
13449,10494,2025-07-23,cancel,5.99,-5.99
13450,10495,2025-06-27,signup,5.99,5.99
13451,10496,2025-07-09,signup,5.99,5.99
13452,10496,2025-08-08,cancel,5.99,-5.99
13453,10497,2025-06-17,signup,5.99,5.99
13454,10497,2025-07-17,cancel,5.99,-5.99
13455,10498,2025-06-17,signup,5.99,5.99
13456,10499,2025-07-13,signup,5.99,5.99
13457,10500,2025-07-03,signup,5.99,5.99
13458,10502,2025-07-11,signup,5.99,5.99
13459,10504,2025-06-21,signup,5.99,5.99
13460,10504,2025-07-21,cancel,5.99,-5.99
13461,10505,2025-06-17,signup,5.99,5.99
13462,10505,2025-08-16,cancel,5.99,-5.99
13463,10506,2025-07-11,signup,5.99,5.99
13464,10508,2025-07-12,signup,5.99,5.99
13465,10509,2025-07-02,signup,5.99,5.99
13466,10510,2025-07-06,signup,5.99,5.99
13467,10511,2025-06-29,signup,5.99,5.99
13468,10512,2025-06-18,signup,5.99,5.99
13469,10513,2025-07-09,signup,5.99,5.99
13470,10514,2025-07-16,signup,5.99,5.99
13471,10515,2025-06-21,signup,5.99,5.99
13472,10516,2025-06-24,signup,5.99,5.99
13473,10517,2025-07-12,signup,5.99,5.99
13474,10517,2025-08-11,cancel,5.99,-5.99
13475,10518,2025-06-28,signup,5.99,5.99
13476,10519,2025-06-24,signup,5.99,5.99
13477,10519,2025-08-23,cancel,5.99,-5.99
13478,10521,2025-07-09,signup,5.99,5.99
13479,10522,2025-06-29,signup,5.99,5.99
13480,10522,2025-10-27,cancel,5.99,-5.99
13481,10523,2025-06-21,signup,5.99,5.99
13482,10524,2025-07-11,signup,5.99,5.99
13483,10525,2025-07-15,signup,5.99,5.99
13484,10527,2025-06-26,signup,5.99,5.99
13485,10527,2025-09-24,cancel,5.99,-5.99
13486,10528,2025-06-21,signup,5.99,5.99
13487,10529,2025-07-11,signup,5.99,5.99
13488,10530,2025-07-01,signup,5.99,5.99
13489,10532,2025-07-02,signup,5.99,5.99
13490,10533,2025-07-11,signup,5.99,5.99
13491,10534,2025-07-09,signup,5.99,5.99
13492,10535,2025-07-01,signup,5.99,5.99
13493,10535,2025-08-30,cancel,5.99,-5.99
13494,10536,2025-06-20,signup,5.99,5.99
13495,10537,2025-06-27,signup,5.99,5.99
13496,10538,2025-06-22,signup,5.99,5.99
13497,10539,2025-06-19,signup,5.99,5.99
13498,10539,2025-07-19,cancel,5.99,-5.99
13499,10540,2025-07-03,signup,5.99,5.99
13500,10541,2025-06-22,signup,5.99,5.99
13501,10542,2025-07-16,signup,5.99,5.99
13502,10543,2025-07-17,signup,5.99,5.99
13503,10544,2025-06-29,signup,5.99,5.99
13504,10544,2025-10-27,cancel,5.99,-5.99
13505,10545,2025-06-21,signup,5.99,5.99
13506,10545,2025-07-21,cancel,5.99,-5.99
13507,10546,2025-06-20,signup,5.99,5.99
13508,10547,2025-07-15,signup,5.99,5.99
13509,10548,2025-07-14,signup,5.99,5.99
13510,10549,2025-06-30,signup,5.99,5.99
13511,10550,2025-07-10,signup,5.99,5.99
13512,10551,2025-06-22,signup,5.99,5.99
13513,10551,2025-07-22,cancel,5.99,-5.99
13514,10552,2025-06-27,signup,5.99,5.99
13515,10553,2025-06-28,signup,5.99,5.99
13516,10554,2025-07-18,signup,5.99,5.99
13517,10556,2025-07-12,signup,5.99,5.99
13518,10556,2025-08-11,cancel,5.99,-5.99
13519,10557,2025-06-30,signup,5.99,5.99
13520,10557,2025-07-30,cancel,5.99,-5.99
13521,10558,2025-07-16,signup,5.99,5.99
13522,10558,2025-08-15,cancel,5.99,-5.99
13523,10559,2025-07-06,signup,5.99,5.99
13524,10560,2025-06-29,signup,5.99,5.99
13525,10561,2025-06-25,signup,5.99,5.99
13526,10562,2025-07-15,signup,5.99,5.99
13527,10563,2025-07-02,signup,5.99,5.99
13528,10563,2025-08-01,cancel,5.99,-5.99
13529,10564,2025-07-13,signup,5.99,5.99
13530,10564,2025-09-11,cancel,5.99,-5.99
13531,10565,2025-07-14,signup,5.99,5.99
13532,10565,2025-09-12,cancel,5.99,-5.99
13533,10566,2025-07-19,signup,5.99,5.99
13534,10567,2025-07-11,signup,5.99,5.99
13535,10568,2025-07-09,signup,5.99,5.99
13536,10569,2025-07-01,signup,5.99,5.99
13537,10570,2025-07-15,signup,5.99,5.99
13538,10571,2025-07-20,signup,5.99,5.99
13539,10572,2025-06-30,signup,5.99,5.99
13540,10573,2025-06-29,signup,5.99,5.99
13541,10573,2025-10-27,cancel,5.99,-5.99
13542,10574,2025-07-12,signup,5.99,5.99
13543,10575,2025-07-11,signup,5.99,5.99
13544,10576,2025-07-11,signup,5.99,5.99
13545,10577,2025-06-22,signup,5.99,5.99
13546,10578,2025-07-08,signup,5.99,5.99
13547,10579,2025-07-01,signup,5.99,5.99
13548,10580,2025-07-05,signup,5.99,5.99
13549,10580,2025-10-03,cancel,5.99,-5.99
13550,10581,2025-06-29,signup,5.99,5.99
13551,10582,2025-07-11,signup,5.99,5.99
13552,10582,2025-09-09,cancel,5.99,-5.99
13553,10583,2025-06-25,signup,5.99,5.99
13554,10584,2025-07-04,signup,5.99,5.99
13555,10584,2025-08-03,cancel,5.99,-5.99
13556,10585,2025-06-22,signup,5.99,5.99
13557,10586,2025-06-25,signup,5.99,5.99
13558,10587,2025-07-02,signup,5.99,5.99
13559,10589,2025-06-27,signup,5.99,5.99
13560,10589,2025-12-24,cancel,5.99,-5.99
13561,10590,2025-07-19,signup,5.99,5.99
13562,10591,2025-07-12,signup,5.99,5.99
13563,10594,2025-06-26,signup,5.99,5.99
13564,10595,2025-06-26,signup,5.99,5.99
13565,10596,2025-07-15,signup,5.99,5.99
13566,10597,2025-07-18,signup,5.99,5.99
13567,10598,2025-07-01,signup,5.99,5.99
13568,10599,2025-07-01,signup,5.99,5.99
13569,10599,2025-08-30,cancel,5.99,-5.99
13570,10600,2025-06-23,signup,5.99,5.99
13571,10601,2025-06-25,signup,5.99,5.99
13572,10601,2025-07-25,cancel,5.99,-5.99
13573,10602,2025-06-23,signup,5.99,5.99
13574,10603,2025-07-03,signup,5.99,5.99
13575,10603,2025-08-02,cancel,5.99,-5.99
13576,10604,2025-07-19,signup,5.99,5.99
13577,10604,2025-10-17,cancel,5.99,-5.99
13578,10605,2025-07-05,signup,5.99,5.99
13579,10606,2025-06-26,signup,5.99,5.99
13580,10607,2025-07-20,signup,5.99,5.99
13581,10608,2025-07-18,signup,5.99,5.99
13582,10609,2025-07-06,signup,5.99,5.99
13583,10610,2025-06-30,signup,5.99,5.99
13584,10612,2025-06-29,signup,5.99,5.99
13585,10613,2025-07-04,signup,5.99,5.99
13586,10614,2025-07-05,signup,5.99,5.99
13587,10614,2025-08-04,cancel,5.99,-5.99
13588,10615,2025-07-14,signup,5.99,5.99
13589,10616,2025-06-23,signup,5.99,5.99
13590,10616,2025-09-21,cancel,5.99,-5.99
13591,10617,2025-07-15,signup,5.99,5.99
13592,10618,2025-06-30,signup,5.99,5.99
13593,10619,2025-06-29,signup,5.99,5.99
13594,10619,2025-07-29,cancel,5.99,-5.99
13595,10620,2025-07-09,signup,5.99,5.99
13596,10621,2025-07-18,signup,5.99,5.99
13597,10622,2025-06-26,signup,5.99,5.99
13598,10623,2025-07-19,signup,5.99,5.99
13599,10624,2025-06-29,signup,5.99,5.99
13600,10625,2025-07-11,signup,5.99,5.99
13601,10626,2025-07-16,signup,5.99,5.99
13602,10627,2025-07-12,signup,5.99,5.99
13603,10628,2025-07-17,signup,5.99,5.99
13604,10628,2025-11-14,cancel,5.99,-5.99
13605,10629,2025-07-17,signup,5.99,5.99
13606,10630,2025-07-02,signup,5.99,5.99
13607,10631,2025-07-11,signup,5.99,5.99
13608,10632,2025-07-08,signup,5.99,5.99
13609,10633,2025-07-15,signup,5.99,5.99
13610,10634,2025-07-11,signup,5.99,5.99
13611,10635,2025-07-01,signup,5.99,5.99
13612,10635,2025-08-30,cancel,5.99,-5.99
13613,10636,2025-07-12,signup,5.99,5.99
13614,10638,2025-07-20,signup,5.99,5.99
13615,10639,2025-07-18,signup,5.99,5.99
13616,10639,2025-08-17,cancel,5.99,-5.99
13617,10640,2025-06-30,signup,5.99,5.99
13618,10640,2025-12-27,cancel,5.99,-5.99
13619,10641,2025-07-01,signup,5.99,5.99
13620,10642,2025-07-16,signup,5.99,5.99
13621,10642,2025-08-15,cancel,5.99,-5.99
13622,10643,2025-06-28,signup,5.99,5.99
13623,10644,2025-07-01,signup,5.99,5.99
13624,10645,2025-07-04,signup,5.99,5.99
13625,10646,2025-06-28,signup,5.99,5.99
13626,10647,2025-07-23,signup,5.99,5.99
13627,10648,2025-06-28,signup,5.99,5.99
13628,10648,2025-11-25,cancel,5.99,-5.99
13629,10649,2025-07-19,signup,5.99,5.99
13630,10650,2025-06-27,signup,5.99,5.99
13631,10651,2025-07-07,signup,5.99,5.99
13632,10651,2025-08-06,cancel,5.99,-5.99
13633,10652,2025-07-19,signup,5.99,5.99
13634,10653,2025-07-07,signup,5.99,5.99
13635,10653,2025-09-05,cancel,5.99,-5.99
13636,10654,2025-07-21,signup,5.99,5.99
13637,10654,2025-08-20,cancel,5.99,-5.99
13638,10655,2025-07-16,signup,5.99,5.99
13639,10656,2025-07-05,signup,5.99,5.99
13640,10657,2025-07-11,signup,5.99,5.99
13641,10658,2025-06-30,signup,5.99,5.99
13642,10658,2025-08-29,cancel,5.99,-5.99
13643,10659,2025-06-26,signup,5.99,5.99
13644,10660,2025-06-23,signup,5.99,5.99
13645,10662,2025-07-01,signup,5.99,5.99
13646,10662,2025-07-31,cancel,5.99,-5.99
13647,10663,2025-07-02,signup,5.99,5.99
13648,10664,2025-07-04,signup,5.99,5.99
13649,10664,2025-09-02,cancel,5.99,-5.99
13650,10665,2025-06-30,signup,5.99,5.99
13651,10666,2025-07-11,signup,5.99,5.99
13652,10666,2025-08-10,cancel,5.99,-5.99
13653,10667,2025-07-03,signup,5.99,5.99
13654,10667,2025-09-01,cancel,5.99,-5.99
13655,10668,2025-06-25,signup,5.99,5.99
13656,10670,2025-06-30,signup,5.99,5.99
13657,10671,2025-07-19,signup,5.99,5.99
13658,10672,2025-07-08,signup,5.99,5.99
13659,10673,2025-07-01,signup,5.99,5.99
13660,10673,2025-07-31,cancel,5.99,-5.99
13661,10674,2025-07-10,signup,5.99,5.99
13662,10675,2025-07-24,signup,5.99,5.99
13663,10676,2025-06-28,signup,5.99,5.99
13664,10677,2025-07-24,signup,5.99,5.99
13665,10678,2025-07-05,signup,5.99,5.99
13666,10679,2025-07-08,signup,5.99,5.99
13667,10680,2025-07-13,signup,5.99,5.99
13668,10681,2025-07-13,signup,5.99,5.99
13669,10681,2025-08-12,cancel,5.99,-5.99
13670,10682,2025-06-25,signup,5.99,5.99
13671,10683,2025-06-28,signup,5.99,5.99
13672,10684,2025-06-30,signup,5.99,5.99
13673,10684,2025-07-30,cancel,5.99,-5.99
13674,10685,2025-07-23,signup,5.99,5.99
13675,10686,2025-07-15,signup,5.99,5.99
13676,10687,2025-07-17,signup,5.99,5.99
13677,10688,2025-07-13,signup,5.99,5.99
13678,10689,2025-07-03,signup,5.99,5.99
13679,10690,2025-06-27,signup,5.99,5.99
13680,10691,2025-06-27,signup,5.99,5.99
13681,10692,2025-07-19,signup,5.99,5.99
13682,10693,2025-07-20,signup,5.99,5.99
13683,10693,2025-12-17,cancel,5.99,-5.99
13684,10694,2025-06-26,signup,5.99,5.99
13685,10694,2025-07-26,cancel,5.99,-5.99
13686,10695,2025-07-05,signup,5.99,5.99
13687,10696,2025-07-20,signup,5.99,5.99
13688,10696,2025-08-19,cancel,5.99,-5.99
13689,10697,2025-07-19,signup,5.99,5.99
13690,10698,2025-07-21,signup,5.99,5.99
13691,10699,2025-07-07,signup,5.99,5.99
13692,10700,2025-07-11,signup,5.99,5.99
13693,10701,2025-07-23,signup,5.99,5.99
13694,10702,2025-07-17,signup,5.99,5.99
13695,10702,2025-12-14,cancel,5.99,-5.99
13696,10703,2025-07-22,signup,5.99,5.99
13697,10703,2025-09-20,cancel,5.99,-5.99
13698,10705,2025-06-30,signup,5.99,5.99
13699,10705,2025-08-29,cancel,5.99,-5.99
13700,10707,2025-06-27,signup,5.99,5.99
13701,10708,2025-07-06,signup,5.99,5.99
13702,10709,2025-06-27,signup,5.99,5.99
13703,10709,2025-09-25,cancel,5.99,-5.99
13704,10710,2025-07-02,signup,5.99,5.99
13705,10710,2025-12-29,cancel,5.99,-5.99
13706,10711,2025-07-01,signup,5.99,5.99
13707,10712,2025-07-16,signup,5.99,5.99
13708,10713,2025-07-02,signup,5.99,5.99
13709,10713,2025-11-29,cancel,5.99,-5.99
13710,10714,2025-07-15,signup,5.99,5.99
13711,10715,2025-07-08,signup,5.99,5.99
13712,10716,2025-07-15,signup,5.99,5.99
13713,10717,2025-07-12,signup,5.99,5.99
13714,10718,2025-06-27,signup,5.99,5.99
13715,10719,2025-06-27,signup,5.99,5.99
13716,10721,2025-07-02,signup,5.99,5.99
13717,10721,2025-09-30,cancel,5.99,-5.99
13718,10722,2025-07-06,signup,5.99,5.99
13719,10723,2025-07-11,signup,5.99,5.99
13720,10723,2025-08-10,cancel,5.99,-5.99
13721,10724,2025-07-19,signup,5.99,5.99
13722,10725,2025-07-01,signup,5.99,5.99
13723,10726,2025-07-18,signup,5.99,5.99
13724,10726,2025-09-16,cancel,5.99,-5.99
13725,10727,2025-07-02,signup,5.99,5.99
13726,10727,2025-08-01,cancel,5.99,-5.99
13727,10728,2025-06-25,signup,5.99,5.99
13728,10728,2025-09-23,cancel,5.99,-5.99
13729,10729,2025-06-29,signup,5.99,5.99
13730,10730,2025-07-24,signup,5.99,5.99
13731,10731,2025-06-29,signup,5.99,5.99
13732,10731,2025-07-29,cancel,5.99,-5.99
13733,10732,2025-07-02,signup,5.99,5.99
13734,10732,2025-08-01,cancel,5.99,-5.99
13735,10733,2025-07-10,signup,5.99,5.99
13736,10734,2025-07-08,signup,5.99,5.99
13737,10735,2025-07-09,signup,5.99,5.99
13738,10736,2025-07-01,signup,5.99,5.99
13739,10736,2025-11-28,cancel,5.99,-5.99
13740,10737,2025-07-11,signup,5.99,5.99
13741,10738,2025-07-17,signup,5.99,5.99
13742,10739,2025-07-08,signup,5.99,5.99
13743,10740,2025-07-16,signup,5.99,5.99
13744,10741,2025-07-14,signup,5.99,5.99
13745,10741,2025-11-11,cancel,5.99,-5.99
13746,10742,2025-07-02,signup,5.99,5.99
13747,10743,2025-07-19,signup,5.99,5.99
13748,10744,2025-07-05,signup,5.99,5.99
13749,10745,2025-07-25,signup,5.99,5.99
13750,10746,2025-06-28,signup,5.99,5.99
13751,10746,2025-11-25,cancel,5.99,-5.99
13752,10748,2025-07-16,signup,5.99,5.99
13753,10749,2025-07-04,signup,5.99,5.99
13754,10750,2025-07-26,signup,5.99,5.99
13755,10751,2025-07-24,signup,5.99,5.99
13756,10752,2025-07-21,signup,5.99,5.99
13757,10753,2025-06-27,signup,5.99,5.99
13758,10753,2025-07-27,cancel,5.99,-5.99
13759,10754,2025-07-02,signup,5.99,5.99
13760,10755,2025-07-14,signup,5.99,5.99
13761,10756,2025-06-28,signup,5.99,5.99
13762,10756,2025-09-26,cancel,5.99,-5.99
13763,10757,2025-07-24,signup,5.99,5.99
13764,10758,2025-07-16,signup,5.99,5.99
13765,10758,2025-09-14,cancel,5.99,-5.99
13766,10760,2025-07-01,signup,5.99,5.99
13767,10761,2025-07-04,signup,5.99,5.99
13768,10761,2025-12-01,cancel,5.99,-5.99
13769,10762,2025-07-02,signup,5.99,5.99
13770,10763,2025-07-03,signup,5.99,5.99
13771,10764,2025-07-25,signup,5.99,5.99
13772,10764,2025-10-23,cancel,5.99,-5.99
13773,10765,2025-07-15,signup,5.99,5.99
13774,10766,2025-07-22,signup,5.99,5.99
13775,10768,2025-07-15,signup,5.99,5.99
13776,10769,2025-07-09,signup,5.99,5.99
13777,10769,2025-12-06,cancel,5.99,-5.99
13778,10771,2025-06-27,signup,5.99,5.99
13779,10772,2025-07-18,signup,5.99,5.99
13780,10773,2025-07-15,signup,5.99,5.99
13781,10773,2025-12-12,cancel,5.99,-5.99
13782,10774,2025-07-04,signup,5.99,5.99
13783,10775,2025-07-18,signup,5.99,5.99
13784,10775,2025-10-16,cancel,5.99,-5.99
13785,10777,2025-07-17,signup,5.99,5.99
13786,10777,2025-10-15,cancel,5.99,-5.99
13787,10778,2025-07-19,signup,5.99,5.99
13788,10780,2025-07-09,signup,5.99,5.99
13789,10780,2025-10-07,cancel,5.99,-5.99
13790,10782,2025-07-08,signup,5.99,5.99
13791,10783,2025-07-01,signup,5.99,5.99
13792,10784,2025-07-20,signup,5.99,5.99
13793,10786,2025-06-30,signup,5.99,5.99
13794,10787,2025-06-30,signup,5.99,5.99
13795,10788,2025-07-20,signup,5.99,5.99
13796,10789,2025-07-01,signup,5.99,5.99
13797,10789,2025-08-30,cancel,5.99,-5.99
13798,10790,2025-07-07,signup,5.99,5.99
13799,10791,2025-07-10,signup,5.99,5.99
13800,10792,2025-07-04,signup,5.99,5.99
13801,10793,2025-06-27,signup,5.99,5.99
13802,10793,2025-08-26,cancel,5.99,-5.99
13803,10794,2025-06-29,signup,5.99,5.99
13804,10794,2025-09-27,cancel,5.99,-5.99
13805,10795,2025-07-16,signup,5.99,5.99
13806,10797,2025-07-05,signup,5.99,5.99
13807,10798,2025-07-03,signup,5.99,5.99
13808,10799,2025-07-05,signup,5.99,5.99
13809,10799,2025-09-03,cancel,5.99,-5.99
13810,10800,2025-07-05,signup,5.99,5.99
13811,10801,2025-07-03,signup,5.99,5.99
13812,10801,2025-09-01,cancel,5.99,-5.99
13813,10802,2025-07-14,signup,5.99,5.99
13814,10803,2025-06-29,signup,5.99,5.99
13815,10804,2025-07-28,signup,5.99,5.99
13816,10805,2025-07-11,signup,5.99,5.99
13817,10805,2025-08-10,cancel,5.99,-5.99
13818,10806,2025-07-08,signup,5.99,5.99
13819,10807,2025-07-21,signup,5.99,5.99
13820,10808,2025-07-18,signup,5.99,5.99
13821,10809,2025-07-09,signup,5.99,5.99
13822,10810,2025-07-24,signup,5.99,5.99
13823,10811,2025-06-29,signup,5.99,5.99
13824,10812,2025-07-06,signup,5.99,5.99
13825,10813,2025-07-07,signup,5.99,5.99
13826,10814,2025-07-13,signup,5.99,5.99
13827,10816,2025-07-06,signup,5.99,5.99
13828,10817,2025-07-11,signup,5.99,5.99
13829,10818,2025-07-23,signup,5.99,5.99
13830,10819,2025-07-19,signup,5.99,5.99
13831,10819,2025-08-18,cancel,5.99,-5.99
13832,10820,2025-07-04,signup,5.99,5.99
13833,10820,2025-08-03,cancel,5.99,-5.99
13834,10821,2025-07-10,signup,5.99,5.99
13835,10822,2025-06-29,signup,5.99,5.99
13836,10822,2025-07-29,cancel,5.99,-5.99
13837,10823,2025-07-18,signup,5.99,5.99
13838,10823,2025-11-15,cancel,5.99,-5.99
13839,10824,2025-07-11,signup,5.99,5.99
13840,10824,2025-09-09,cancel,5.99,-5.99
13841,10825,2025-07-20,signup,5.99,5.99
13842,10826,2025-07-22,signup,5.99,5.99
13843,10827,2025-07-02,signup,5.99,5.99
13844,10828,2025-07-19,signup,5.99,5.99
13845,10829,2025-07-10,signup,5.99,5.99
13846,10830,2025-07-12,signup,5.99,5.99
13847,10830,2025-12-09,cancel,5.99,-5.99
13848,10831,2025-07-22,signup,5.99,5.99
13849,10831,2025-10-20,cancel,5.99,-5.99
13850,10832,2025-07-06,signup,5.99,5.99
13851,10833,2025-07-02,signup,5.99,5.99
13852,10834,2025-07-28,signup,5.99,5.99
13853,10835,2025-07-23,signup,5.99,5.99
13854,10836,2025-07-25,signup,5.99,5.99
13855,10837,2025-07-09,signup,5.99,5.99
13856,10839,2025-07-29,signup,5.99,5.99
13857,10841,2025-07-03,signup,5.99,5.99
13858,10841,2025-09-01,cancel,5.99,-5.99
13859,10842,2025-07-05,signup,5.99,5.99
13860,10843,2025-07-17,signup,5.99,5.99
13861,10844,2025-07-25,signup,5.99,5.99
13862,10845,2025-07-28,signup,5.99,5.99
13863,10846,2025-07-29,signup,5.99,5.99
13864,10848,2025-07-11,signup,5.99,5.99
13865,10848,2025-12-08,cancel,5.99,-5.99
13866,10849,2025-07-23,signup,5.99,5.99
13867,10850,2025-07-21,signup,5.99,5.99
13868,10851,2025-07-25,signup,5.99,5.99
13869,10852,2025-07-26,signup,5.99,5.99
13870,10853,2025-07-27,signup,5.99,5.99
13871,10854,2025-07-08,signup,5.99,5.99
13872,10854,2025-08-07,cancel,5.99,-5.99
13873,10855,2025-07-26,signup,5.99,5.99
13874,10856,2025-07-09,signup,5.99,5.99
13875,10856,2025-12-06,cancel,5.99,-5.99
13876,10858,2025-07-26,signup,5.99,5.99
13877,10858,2025-11-23,cancel,5.99,-5.99
13878,10861,2025-07-20,signup,5.99,5.99
13879,10861,2025-08-19,cancel,5.99,-5.99
13880,10862,2025-07-11,signup,5.99,5.99
13881,10863,2025-07-08,signup,5.99,5.99
13882,10864,2025-07-27,signup,5.99,5.99
13883,10865,2025-07-25,signup,5.99,5.99
13884,10866,2025-07-15,signup,5.99,5.99
13885,10867,2025-07-21,signup,5.99,5.99
13886,10869,2025-07-27,signup,5.99,5.99
13887,10870,2025-07-26,signup,5.99,5.99
13888,10871,2025-07-13,signup,5.99,5.99
13889,10871,2025-10-11,cancel,5.99,-5.99
13890,10872,2025-07-15,signup,5.99,5.99
13891,10872,2025-09-13,cancel,5.99,-5.99
13892,10873,2025-07-11,signup,5.99,5.99
13893,10874,2025-07-26,signup,5.99,5.99
13894,10875,2025-07-05,signup,5.99,5.99
13895,10876,2025-07-02,signup,5.99,5.99
13896,10877,2025-07-18,signup,5.99,5.99
13897,10877,2025-10-16,cancel,5.99,-5.99
13898,10879,2025-07-07,signup,5.99,5.99
13899,10880,2025-07-01,signup,5.99,5.99
13900,10881,2025-07-22,signup,5.99,5.99
13901,10882,2025-07-11,signup,5.99,5.99
13902,10882,2025-09-09,cancel,5.99,-5.99
13903,10883,2025-07-17,signup,5.99,5.99
13904,10884,2025-07-08,signup,5.99,5.99
13905,10885,2025-07-26,signup,5.99,5.99
13906,10886,2025-07-02,signup,5.99,5.99
13907,10888,2025-07-19,signup,5.99,5.99
13908,10889,2025-07-02,signup,5.99,5.99
13909,10890,2025-07-09,signup,5.99,5.99
13910,10891,2025-07-21,signup,5.99,5.99
13911,10892,2025-07-06,signup,5.99,5.99
13912,10892,2025-11-03,cancel,5.99,-5.99
13913,10893,2025-07-23,signup,5.99,5.99
13914,10894,2025-07-30,signup,5.99,5.99
13915,10894,2025-08-29,cancel,5.99,-5.99
13916,10895,2025-07-20,signup,5.99,5.99
13917,10896,2025-07-16,signup,5.99,5.99
13918,10897,2025-07-20,signup,5.99,5.99
13919,10898,2025-07-16,signup,5.99,5.99
13920,10900,2025-07-08,signup,5.99,5.99
13921,10902,2025-07-17,signup,5.99,5.99
13922,10903,2025-07-29,signup,5.99,5.99
13923,10904,2025-07-31,signup,5.99,5.99
13924,10904,2025-12-28,cancel,5.99,-5.99
13925,10905,2025-07-14,signup,5.99,5.99
13926,10906,2025-07-29,signup,5.99,5.99
13927,10908,2025-07-05,signup,5.99,5.99
13928,10909,2025-07-24,signup,5.99,5.99
13929,10910,2025-07-07,signup,5.99,5.99
13930,10911,2025-07-15,signup,5.99,5.99
13931,10912,2025-07-31,signup,5.99,5.99
13932,10913,2025-07-06,signup,5.99,5.99
13933,10913,2025-10-04,cancel,5.99,-5.99
13934,10914,2025-07-31,signup,5.99,5.99
13935,10915,2025-07-07,signup,5.99,5.99
13936,10917,2025-07-08,signup,5.99,5.99
13937,10918,2025-07-23,signup,5.99,5.99
13938,10919,2025-07-31,signup,5.99,5.99
13939,10920,2025-07-06,signup,5.99,5.99
13940,10921,2025-07-25,signup,5.99,5.99
13941,10921,2025-09-23,cancel,5.99,-5.99
13942,10922,2025-07-19,signup,5.99,5.99
13943,10923,2025-07-22,signup,5.99,5.99
13944,10923,2025-10-20,cancel,5.99,-5.99
13945,10924,2025-07-07,signup,5.99,5.99
13946,10925,2025-07-10,signup,5.99,5.99
13947,10925,2025-11-07,cancel,5.99,-5.99
13948,10926,2025-07-23,signup,5.99,5.99
13949,10927,2025-07-10,signup,5.99,5.99
13950,10927,2025-09-08,cancel,5.99,-5.99
13951,10928,2025-07-04,signup,5.99,5.99
13952,10928,2025-09-02,cancel,5.99,-5.99
13953,10929,2025-07-25,signup,5.99,5.99
13954,10929,2025-08-24,cancel,5.99,-5.99
13955,10930,2025-07-11,signup,5.99,5.99
13956,10930,2025-09-09,cancel,5.99,-5.99
13957,10931,2025-07-16,signup,5.99,5.99
13958,10932,2025-07-24,signup,5.99,5.99
13959,10932,2025-10-22,cancel,5.99,-5.99
13960,10933,2025-07-10,signup,5.99,5.99
13961,10934,2025-07-18,signup,5.99,5.99
13962,10935,2025-07-27,signup,5.99,5.99
13963,10936,2025-08-01,signup,5.99,5.99
13964,10938,2025-07-21,signup,5.99,5.99
13965,10939,2025-07-29,signup,5.99,5.99
13966,10939,2025-10-27,cancel,5.99,-5.99
13967,10940,2025-07-28,signup,5.99,5.99
13968,10941,2025-07-15,signup,5.99,5.99
13969,10942,2025-07-15,signup,5.99,5.99
13970,10942,2025-09-13,cancel,5.99,-5.99
13971,10943,2025-07-08,signup,5.99,5.99
13972,10944,2025-07-26,signup,5.99,5.99
13973,10944,2025-09-24,cancel,5.99,-5.99
13974,10945,2025-07-23,signup,5.99,5.99
13975,10945,2025-08-22,cancel,5.99,-5.99
13976,10946,2025-07-20,signup,5.99,5.99
13977,10947,2025-07-07,signup,5.99,5.99
13978,10948,2025-07-28,signup,5.99,5.99
13979,10948,2025-08-27,cancel,5.99,-5.99
13980,10949,2025-07-29,signup,5.99,5.99
13981,10950,2025-07-23,signup,5.99,5.99
13982,10950,2025-08-22,cancel,5.99,-5.99
13983,10951,2025-07-23,signup,5.99,5.99
13984,10951,2025-09-21,cancel,5.99,-5.99
13985,10952,2025-07-25,signup,5.99,5.99
13986,10953,2025-07-12,signup,5.99,5.99
13987,10954,2025-07-12,signup,5.99,5.99
13988,10954,2025-08-11,cancel,5.99,-5.99
13989,10955,2025-07-07,signup,5.99,5.99
13990,10956,2025-07-31,signup,5.99,5.99
13991,10956,2025-12-28,cancel,5.99,-5.99
13992,10958,2025-07-09,signup,5.99,5.99
13993,10959,2025-07-11,signup,5.99,5.99
13994,10959,2025-10-09,cancel,5.99,-5.99
13995,10960,2025-07-05,signup,5.99,5.99
13996,10961,2025-07-22,signup,5.99,5.99
13997,10963,2025-08-01,signup,5.99,5.99
13998,10964,2025-07-29,signup,5.99,5.99
13999,10966,2025-07-21,signup,5.99,5.99
14000,10967,2025-07-18,signup,5.99,5.99
14001,10968,2025-07-29,signup,5.99,5.99
14002,10968,2025-09-27,cancel,5.99,-5.99
14003,10969,2025-07-10,signup,5.99,5.99
14004,10970,2025-07-31,signup,5.99,5.99
14005,10971,2025-07-23,signup,5.99,5.99
14006,10971,2025-08-22,cancel,5.99,-5.99
14007,10972,2025-07-18,signup,5.99,5.99
14008,10973,2025-07-16,signup,5.99,5.99
14009,10973,2025-09-14,cancel,5.99,-5.99
14010,10974,2025-07-13,signup,5.99,5.99
14011,10974,2025-10-11,cancel,5.99,-5.99
14012,10975,2025-07-14,signup,5.99,5.99
14013,10976,2025-08-01,signup,5.99,5.99
14014,10977,2025-07-09,signup,5.99,5.99
14015,10978,2025-07-14,signup,5.99,5.99
14016,10978,2025-10-12,cancel,5.99,-5.99
14017,10979,2025-07-06,signup,5.99,5.99
14018,10980,2025-07-31,signup,5.99,5.99
14019,10982,2025-07-11,signup,5.99,5.99
14020,10984,2025-07-16,signup,5.99,5.99
14021,10984,2025-11-13,cancel,5.99,-5.99
14022,10985,2025-08-01,signup,5.99,5.99
14023,10986,2025-07-04,signup,5.99,5.99
14024,10988,2025-07-22,signup,5.99,5.99
14025,10988,2025-10-20,cancel,5.99,-5.99
14026,10989,2025-07-18,signup,5.99,5.99
14027,10990,2025-07-04,signup,5.99,5.99
14028,10991,2025-07-30,signup,5.99,5.99
14029,10992,2025-07-29,signup,5.99,5.99
14030,10994,2025-07-25,signup,5.99,5.99
14031,10994,2025-09-23,cancel,5.99,-5.99
14032,10995,2025-07-23,signup,5.99,5.99
14033,10996,2025-07-14,signup,5.99,5.99
14034,10997,2025-07-24,signup,5.99,5.99
14035,10998,2025-07-22,signup,5.99,5.99
14036,10999,2025-07-25,signup,5.99,5.99
14037,10999,2025-10-23,cancel,5.99,-5.99
14038,11000,2025-07-09,signup,5.99,5.99
14039,11001,2025-07-27,signup,5.99,5.99
14040,11002,2025-08-02,signup,5.99,5.99
14041,11002,2025-11-30,cancel,5.99,-5.99
14042,11003,2025-07-11,signup,5.99,5.99
14043,11004,2025-07-09,signup,5.99,5.99
14044,11005,2025-07-29,signup,5.99,5.99
14045,11005,2025-08-28,cancel,5.99,-5.99
14046,11006,2025-07-15,signup,5.99,5.99
14047,11007,2025-07-17,signup,5.99,5.99
14048,11008,2025-07-05,signup,5.99,5.99
14049,11009,2025-07-12,signup,5.99,5.99
14050,11009,2025-10-10,cancel,5.99,-5.99
14051,11010,2025-07-29,signup,5.99,5.99
14052,11011,2025-07-15,signup,5.99,5.99
14053,11012,2025-07-25,signup,5.99,5.99
14054,11013,2025-07-15,signup,5.99,5.99
14055,11014,2025-07-25,signup,5.99,5.99
14056,11015,2025-07-30,signup,5.99,5.99
14057,11015,2025-09-28,cancel,5.99,-5.99
14058,11016,2025-07-25,signup,5.99,5.99
14059,11017,2025-07-22,signup,5.99,5.99
14060,11017,2025-09-20,cancel,5.99,-5.99
14061,11018,2025-07-22,signup,5.99,5.99
14062,11019,2025-07-06,signup,5.99,5.99
14063,11019,2025-09-04,cancel,5.99,-5.99
14064,11020,2025-07-28,signup,5.99,5.99
14065,11020,2025-08-27,cancel,5.99,-5.99
14066,11021,2025-07-23,signup,5.99,5.99
14067,11021,2025-09-21,cancel,5.99,-5.99
14068,11022,2025-07-07,signup,5.99,5.99
14069,11022,2025-08-06,cancel,5.99,-5.99
14070,11023,2025-07-08,signup,5.99,5.99
14071,11024,2025-08-04,signup,5.99,5.99
14072,11025,2025-07-15,signup,5.99,5.99
14073,11029,2025-07-19,signup,5.99,5.99
14074,11030,2025-07-25,signup,5.99,5.99
14075,11030,2025-09-23,cancel,5.99,-5.99
14076,11031,2025-08-04,signup,5.99,5.99
14077,11032,2025-07-28,signup,5.99,5.99
14078,11033,2025-07-07,signup,5.99,5.99
14079,11034,2025-08-04,signup,5.99,5.99
14080,11035,2025-07-05,signup,5.99,5.99
14081,11036,2025-07-17,signup,5.99,5.99
14082,11037,2025-07-21,signup,5.99,5.99
14083,11038,2025-07-19,signup,5.99,5.99
14084,11039,2025-07-07,signup,5.99,5.99
14085,11039,2025-09-05,cancel,5.99,-5.99
14086,11040,2025-07-12,signup,5.99,5.99
14087,11041,2025-07-09,signup,5.99,5.99
14088,11042,2025-07-20,signup,5.99,5.99
14089,11043,2025-07-14,signup,5.99,5.99
14090,11044,2025-07-10,signup,5.99,5.99
14091,11045,2025-07-15,signup,5.99,5.99
14092,11046,2025-07-08,signup,5.99,5.99
14093,11047,2025-07-23,signup,5.99,5.99
14094,11048,2025-07-15,signup,5.99,5.99
14095,11049,2025-07-25,signup,5.99,5.99
14096,11049,2025-09-23,cancel,5.99,-5.99
14097,11050,2025-07-21,signup,5.99,5.99
14098,11051,2025-07-07,signup,5.99,5.99
14099,11051,2025-08-06,cancel,5.99,-5.99
14100,11052,2025-07-09,signup,5.99,5.99
14101,11052,2025-12-06,cancel,5.99,-5.99
14102,11053,2025-08-03,signup,5.99,5.99
14103,11053,2025-10-02,cancel,5.99,-5.99
14104,11054,2025-07-15,signup,5.99,5.99
14105,11055,2025-07-09,signup,5.99,5.99
14106,11056,2025-08-05,signup,5.99,5.99
14107,11057,2025-07-08,signup,5.99,5.99
14108,11058,2025-07-26,signup,5.99,5.99
14109,11058,2025-08-25,cancel,5.99,-5.99
14110,11059,2025-07-16,signup,5.99,5.99
14111,11060,2025-07-22,signup,5.99,5.99
14112,11061,2025-07-15,signup,5.99,5.99
14113,11062,2025-07-22,signup,5.99,5.99
14114,11063,2025-08-02,signup,5.99,5.99
14115,11063,2025-10-01,cancel,5.99,-5.99
14116,11064,2025-07-23,signup,5.99,5.99
14117,11065,2025-08-02,signup,5.99,5.99
14118,11066,2025-07-27,signup,5.99,5.99
14119,11067,2025-07-13,signup,5.99,5.99
14120,11067,2025-10-11,cancel,5.99,-5.99
14121,11068,2025-07-20,signup,5.99,5.99
14122,11069,2025-07-19,signup,5.99,5.99
14123,11070,2025-07-11,signup,5.99,5.99
14124,11071,2025-07-14,signup,5.99,5.99
14125,11072,2025-07-23,signup,5.99,5.99
14126,11073,2025-07-12,signup,5.99,5.99
14127,11074,2025-08-02,signup,5.99,5.99
14128,11079,2025-07-16,signup,5.99,5.99
14129,11080,2025-07-21,signup,5.99,5.99
14130,11080,2025-11-18,cancel,5.99,-5.99
14131,11081,2025-07-07,signup,5.99,5.99
14132,11082,2025-07-09,signup,5.99,5.99
14133,11083,2025-07-07,signup,5.99,5.99
14134,11083,2025-09-05,cancel,5.99,-5.99
14135,11084,2025-07-18,signup,5.99,5.99
14136,11085,2025-07-30,signup,5.99,5.99
14137,11086,2025-07-22,signup,5.99,5.99
14138,11087,2025-08-04,signup,5.99,5.99
14139,11087,2025-10-03,cancel,5.99,-5.99
14140,11089,2025-07-20,signup,5.99,5.99
14141,11090,2025-07-10,signup,5.99,5.99
14142,11091,2025-07-09,signup,5.99,5.99
14143,11092,2025-07-26,signup,5.99,5.99
14144,11093,2025-07-18,signup,5.99,5.99
14145,11094,2025-07-14,signup,5.99,5.99
14146,11095,2025-07-12,signup,5.99,5.99
14147,11095,2025-10-10,cancel,5.99,-5.99
14148,11096,2025-07-13,signup,5.99,5.99
14149,11097,2025-07-18,signup,5.99,5.99
14150,11098,2025-08-03,signup,5.99,5.99
14151,11099,2025-08-03,signup,5.99,5.99
14152,11099,2025-11-01,cancel,5.99,-5.99
14153,11100,2025-07-15,signup,5.99,5.99
14154,11102,2025-07-17,signup,5.99,5.99
14155,11102,2025-12-14,cancel,5.99,-5.99
14156,11103,2025-07-23,signup,5.99,5.99
14157,11104,2025-07-18,signup,5.99,5.99
14158,11105,2025-07-28,signup,5.99,5.99
14159,11106,2025-07-09,signup,5.99,5.99
14160,11106,2025-08-08,cancel,5.99,-5.99
14161,11107,2025-07-19,signup,5.99,5.99
14162,11108,2025-07-24,signup,5.99,5.99
14163,11109,2025-07-29,signup,5.99,5.99
14164,11110,2025-08-06,signup,5.99,5.99
14165,11111,2025-08-07,signup,5.99,5.99
14166,11111,2025-09-06,cancel,5.99,-5.99
14167,11112,2025-07-21,signup,5.99,5.99
14168,11113,2025-07-09,signup,5.99,5.99
14169,11115,2025-07-08,signup,5.99,5.99
14170,11115,2025-08-07,cancel,5.99,-5.99
14171,11116,2025-07-28,signup,5.99,5.99
14172,11117,2025-07-24,signup,5.99,5.99
14173,11118,2025-07-12,signup,5.99,5.99
14174,11119,2025-07-22,signup,5.99,5.99
14175,11120,2025-07-31,signup,5.99,5.99
14176,11120,2025-11-28,cancel,5.99,-5.99
14177,11121,2025-07-15,signup,5.99,5.99
14178,11122,2025-07-26,signup,5.99,5.99
14179,11123,2025-07-31,signup,5.99,5.99
14180,11124,2025-07-25,signup,5.99,5.99
14181,11125,2025-07-19,signup,5.99,5.99
14182,11126,2025-07-21,signup,5.99,5.99
14183,11126,2025-11-18,cancel,5.99,-5.99
14184,11127,2025-07-21,signup,5.99,5.99
14185,11127,2025-08-20,cancel,5.99,-5.99
14186,11128,2025-07-31,signup,5.99,5.99
14187,11129,2025-08-08,signup,5.99,5.99
14188,11132,2025-07-09,signup,5.99,5.99
14189,11133,2025-08-01,signup,5.99,5.99
14190,11135,2025-07-16,signup,5.99,5.99
14191,11136,2025-07-15,signup,5.99,5.99
14192,11137,2025-07-25,signup,5.99,5.99
14193,11138,2025-08-05,signup,5.99,5.99
14194,11139,2025-07-23,signup,5.99,5.99
14195,11139,2025-09-21,cancel,5.99,-5.99
14196,11140,2025-07-15,signup,5.99,5.99
14197,11141,2025-07-20,signup,5.99,5.99
14198,11141,2025-10-18,cancel,5.99,-5.99
14199,11142,2025-07-17,signup,5.99,5.99
14200,11143,2025-07-31,signup,5.99,5.99
14201,11144,2025-07-22,signup,5.99,5.99
14202,11146,2025-07-27,signup,5.99,5.99
14203,11147,2025-08-03,signup,5.99,5.99
14204,11147,2025-11-01,cancel,5.99,-5.99
14205,11149,2025-07-24,signup,5.99,5.99
14206,11149,2025-10-22,cancel,5.99,-5.99
14207,11150,2025-07-24,signup,5.99,5.99
14208,11151,2025-08-02,signup,5.99,5.99
14209,11152,2025-08-01,signup,5.99,5.99
14210,11153,2025-07-31,signup,5.99,5.99
14211,11154,2025-08-06,signup,5.99,5.99
14212,11155,2025-07-13,signup,5.99,5.99
14213,11158,2025-07-11,signup,5.99,5.99
14214,11158,2025-09-09,cancel,5.99,-5.99
14215,11159,2025-08-08,signup,5.99,5.99
14216,11160,2025-08-08,signup,5.99,5.99
14217,11161,2025-07-29,signup,5.99,5.99
14218,11162,2025-07-15,signup,5.99,5.99
14219,11163,2025-07-30,signup,5.99,5.99
14220,11164,2025-07-12,signup,5.99,5.99
14221,11165,2025-08-07,signup,5.99,5.99
14222,11166,2025-08-08,signup,5.99,5.99
14223,11167,2025-07-13,signup,5.99,5.99
14224,11168,2025-08-08,signup,5.99,5.99
14225,11169,2025-08-09,signup,5.99,5.99
14226,11170,2025-07-17,signup,5.99,5.99
14227,11171,2025-07-29,signup,5.99,5.99
14228,11172,2025-07-18,signup,5.99,5.99
14229,11173,2025-07-20,signup,5.99,5.99
14230,11174,2025-08-04,signup,5.99,5.99
14231,11175,2025-08-04,signup,5.99,5.99
14232,11176,2025-07-11,signup,5.99,5.99
14233,11178,2025-07-24,signup,5.99,5.99
14234,11179,2025-07-22,signup,5.99,5.99
14235,11179,2025-08-21,cancel,5.99,-5.99
14236,11180,2025-08-08,signup,5.99,5.99
14237,11181,2025-07-28,signup,5.99,5.99
14238,11183,2025-08-04,signup,5.99,5.99
14239,11185,2025-07-31,signup,5.99,5.99
14240,11186,2025-08-09,signup,5.99,5.99
14241,11186,2025-10-08,cancel,5.99,-5.99
14242,11187,2025-08-06,signup,5.99,5.99
14243,11187,2025-09-05,cancel,5.99,-5.99
14244,11188,2025-08-08,signup,5.99,5.99
14245,11189,2025-07-27,signup,5.99,5.99
14246,11190,2025-07-23,signup,5.99,5.99
14247,11190,2025-09-21,cancel,5.99,-5.99
14248,11191,2025-08-06,signup,5.99,5.99
14249,11191,2025-10-05,cancel,5.99,-5.99
14250,11192,2025-07-21,signup,5.99,5.99
14251,11192,2025-08-20,cancel,5.99,-5.99
14252,11193,2025-07-13,signup,5.99,5.99
14253,11193,2025-08-12,cancel,5.99,-5.99
14254,11194,2025-08-02,signup,5.99,5.99
14255,11194,2025-09-01,cancel,5.99,-5.99
14256,11195,2025-07-23,signup,5.99,5.99
14257,11196,2025-08-02,signup,5.99,5.99
14258,11196,2025-10-31,cancel,5.99,-5.99
14259,11197,2025-07-13,signup,5.99,5.99
14260,11198,2025-07-21,signup,5.99,5.99
14261,11199,2025-07-13,signup,5.99,5.99
14262,11199,2025-08-12,cancel,5.99,-5.99
14263,11200,2025-08-05,signup,5.99,5.99
14264,11201,2025-07-30,signup,5.99,5.99
14265,11203,2025-07-14,signup,5.99,5.99
14266,11204,2025-08-10,signup,5.99,5.99
14267,11205,2025-07-30,signup,5.99,5.99
14268,11206,2025-07-21,signup,5.99,5.99
14269,11207,2025-07-23,signup,5.99,5.99
14270,11207,2025-09-21,cancel,5.99,-5.99
14271,11208,2025-07-30,signup,5.99,5.99
14272,11210,2025-07-22,signup,5.99,5.99
14273,11210,2025-10-20,cancel,5.99,-5.99
14274,11211,2025-08-03,signup,5.99,5.99
14275,11212,2025-08-07,signup,5.99,5.99
14276,11212,2025-09-06,cancel,5.99,-5.99
14277,11213,2025-07-29,signup,5.99,5.99
14278,11213,2025-08-28,cancel,5.99,-5.99
14279,11214,2025-07-20,signup,5.99,5.99
14280,11215,2025-08-04,signup,5.99,5.99
14281,11216,2025-08-01,signup,5.99,5.99
14282,11217,2025-07-23,signup,5.99,5.99
14283,11218,2025-07-22,signup,5.99,5.99
14284,11219,2025-07-22,signup,5.99,5.99
14285,11219,2025-08-21,cancel,5.99,-5.99
14286,11221,2025-07-27,signup,5.99,5.99
14287,11222,2025-08-07,signup,5.99,5.99
14288,11223,2025-07-29,signup,5.99,5.99
14289,11223,2025-12-26,cancel,5.99,-5.99
14290,11224,2025-08-02,signup,5.99,5.99
14291,11225,2025-08-04,signup,5.99,5.99
14292,11225,2025-09-03,cancel,5.99,-5.99
14293,11226,2025-08-11,signup,5.99,5.99
14294,11228,2025-07-14,signup,5.99,5.99
14295,11229,2025-07-18,signup,5.99,5.99
14296,11230,2025-08-01,signup,5.99,5.99
14297,11231,2025-07-15,signup,5.99,5.99
14298,11232,2025-08-10,signup,5.99,5.99
14299,11232,2025-09-09,cancel,5.99,-5.99
14300,11233,2025-07-13,signup,5.99,5.99
14301,11234,2025-07-16,signup,5.99,5.99
14302,11234,2025-10-14,cancel,5.99,-5.99
14303,11235,2025-07-28,signup,5.99,5.99
14304,11235,2025-08-27,cancel,5.99,-5.99
14305,11236,2025-07-15,signup,5.99,5.99
14306,11236,2025-08-14,cancel,5.99,-5.99
14307,11237,2025-07-12,signup,5.99,5.99
14308,11237,2025-11-09,cancel,5.99,-5.99
14309,11238,2025-07-29,signup,5.99,5.99
14310,11238,2025-08-28,cancel,5.99,-5.99
14311,11239,2025-07-17,signup,5.99,5.99
14312,11240,2025-07-30,signup,5.99,5.99
14313,11241,2025-08-03,signup,5.99,5.99
14314,11241,2025-11-01,cancel,5.99,-5.99
14315,11243,2025-08-02,signup,5.99,5.99
14316,11244,2025-08-01,signup,5.99,5.99
14317,11245,2025-08-04,signup,5.99,5.99
14318,11245,2025-09-03,cancel,5.99,-5.99
14319,11246,2025-07-14,signup,5.99,5.99
14320,11248,2025-07-23,signup,5.99,5.99
14321,11249,2025-07-15,signup,5.99,5.99
14322,11249,2025-12-12,cancel,5.99,-5.99
14323,11250,2025-08-08,signup,5.99,5.99
14324,11251,2025-08-01,signup,5.99,5.99
14325,11251,2025-08-31,cancel,5.99,-5.99
14326,11252,2025-08-05,signup,5.99,5.99
14327,11254,2025-07-13,signup,5.99,5.99
14328,11255,2025-08-08,signup,5.99,5.99
14329,11256,2025-08-10,signup,5.99,5.99
14330,11257,2025-08-01,signup,5.99,5.99
14331,11258,2025-08-04,signup,5.99,5.99
14332,11259,2025-08-06,signup,5.99,5.99
14333,11260,2025-07-15,signup,5.99,5.99
14334,11260,2025-11-12,cancel,5.99,-5.99
14335,11261,2025-08-01,signup,5.99,5.99
14336,11262,2025-07-14,signup,5.99,5.99
14337,11263,2025-07-17,signup,5.99,5.99
14338,11264,2025-07-16,signup,5.99,5.99
14339,11266,2025-08-01,signup,5.99,5.99
14340,11266,2025-12-29,cancel,5.99,-5.99
14341,11268,2025-07-27,signup,5.99,5.99
14342,11269,2025-08-09,signup,5.99,5.99
14343,11270,2025-08-03,signup,5.99,5.99
14344,11271,2025-08-09,signup,5.99,5.99
14345,11272,2025-07-13,signup,5.99,5.99
14346,11273,2025-07-25,signup,5.99,5.99
14347,11274,2025-08-12,signup,5.99,5.99
14348,11274,2025-09-11,cancel,5.99,-5.99
14349,11275,2025-07-27,signup,5.99,5.99
14350,11275,2025-08-26,cancel,5.99,-5.99
14351,11276,2025-07-23,signup,5.99,5.99
14352,11276,2025-08-22,cancel,5.99,-5.99
14353,11277,2025-08-04,signup,5.99,5.99
14354,11278,2025-07-31,signup,5.99,5.99
14355,11278,2025-08-30,cancel,5.99,-5.99
14356,11279,2025-07-29,signup,5.99,5.99
14357,11280,2025-08-04,signup,5.99,5.99
14358,11281,2025-07-18,signup,5.99,5.99
14359,11283,2025-07-30,signup,5.99,5.99
14360,11283,2025-08-29,cancel,5.99,-5.99
14361,11284,2025-07-21,signup,5.99,5.99
14362,11285,2025-08-06,signup,5.99,5.99
14363,11285,2025-11-04,cancel,5.99,-5.99
14364,11286,2025-07-15,signup,5.99,5.99
14365,11286,2025-08-14,cancel,5.99,-5.99
14366,11287,2025-07-24,signup,5.99,5.99
14367,11288,2025-08-02,signup,5.99,5.99
14368,11290,2025-08-03,signup,5.99,5.99
14369,11291,2025-08-02,signup,5.99,5.99
14370,11291,2025-10-01,cancel,5.99,-5.99
14371,11292,2025-08-03,signup,5.99,5.99
14372,11292,2025-10-02,cancel,5.99,-5.99
14373,11293,2025-07-30,signup,5.99,5.99
14374,11294,2025-07-31,signup,5.99,5.99
14375,11294,2025-12-28,cancel,5.99,-5.99
14376,11295,2025-08-12,signup,5.99,5.99
14377,11296,2025-08-02,signup,5.99,5.99
14378,11298,2025-07-21,signup,5.99,5.99
14379,11299,2025-08-08,signup,5.99,5.99
14380,11300,2025-08-01,signup,5.99,5.99
14381,11301,2025-07-28,signup,5.99,5.99
14382,11301,2025-09-26,cancel,5.99,-5.99
14383,11302,2025-07-28,signup,5.99,5.99
14384,11303,2025-08-02,signup,5.99,5.99
14385,11303,2025-09-01,cancel,5.99,-5.99
14386,11305,2025-08-10,signup,5.99,5.99
14387,11305,2025-09-09,cancel,5.99,-5.99
14388,11306,2025-07-27,signup,5.99,5.99
14389,11307,2025-07-21,signup,5.99,5.99
14390,11308,2025-07-17,signup,5.99,5.99
14391,11309,2025-08-10,signup,5.99,5.99
14392,11310,2025-07-28,signup,5.99,5.99
14393,11310,2025-10-26,cancel,5.99,-5.99
14394,11311,2025-08-02,signup,5.99,5.99
14395,11311,2025-10-01,cancel,5.99,-5.99
14396,11312,2025-07-17,signup,5.99,5.99
14397,11313,2025-07-31,signup,5.99,5.99
14398,11313,2025-11-28,cancel,5.99,-5.99
14399,11314,2025-07-18,signup,5.99,5.99
14400,11314,2025-08-17,cancel,5.99,-5.99
14401,11315,2025-07-24,signup,5.99,5.99
14402,11316,2025-07-20,signup,5.99,5.99
14403,11317,2025-07-19,signup,5.99,5.99
14404,11317,2025-09-17,cancel,5.99,-5.99
14405,11318,2025-08-14,signup,5.99,5.99
14406,11318,2025-09-13,cancel,5.99,-5.99
14407,11319,2025-07-29,signup,5.99,5.99
14408,11319,2025-10-27,cancel,5.99,-5.99
14409,11320,2025-08-04,signup,5.99,5.99
14410,11321,2025-08-13,signup,5.99,5.99
14411,11322,2025-08-11,signup,5.99,5.99
14412,11322,2025-10-10,cancel,5.99,-5.99
14413,11323,2025-07-17,signup,5.99,5.99
14414,11324,2025-08-01,signup,5.99,5.99
14415,11325,2025-07-16,signup,5.99,5.99
14416,11326,2025-07-21,signup,5.99,5.99
14417,11327,2025-07-23,signup,5.99,5.99
14418,11327,2025-09-21,cancel,5.99,-5.99
14419,11328,2025-07-19,signup,5.99,5.99
14420,11328,2025-08-18,cancel,5.99,-5.99
14421,11329,2025-07-27,signup,5.99,5.99
14422,11329,2025-08-26,cancel,5.99,-5.99
14423,11330,2025-07-27,signup,5.99,5.99
14424,11330,2025-09-25,cancel,5.99,-5.99
14425,11331,2025-07-19,signup,5.99,5.99
14426,11332,2025-08-13,signup,5.99,5.99
14427,11333,2025-07-16,signup,5.99,5.99
14428,11334,2025-07-20,signup,5.99,5.99
14429,11335,2025-07-31,signup,5.99,5.99
14430,11336,2025-07-19,signup,5.99,5.99
14431,11337,2025-07-30,signup,5.99,5.99
14432,11339,2025-07-22,signup,5.99,5.99
14433,11340,2025-07-27,signup,5.99,5.99
14434,11340,2025-08-26,cancel,5.99,-5.99
14435,11341,2025-08-11,signup,5.99,5.99
14436,11341,2025-09-10,cancel,5.99,-5.99
14437,11343,2025-08-07,signup,5.99,5.99
14438,11344,2025-08-06,signup,5.99,5.99
14439,11345,2025-08-13,signup,5.99,5.99
14440,11345,2025-09-12,cancel,5.99,-5.99
14441,11346,2025-08-04,signup,5.99,5.99
14442,11347,2025-08-07,signup,5.99,5.99
14443,11348,2025-08-10,signup,5.99,5.99
14444,11348,2025-09-09,cancel,5.99,-5.99
14445,11350,2025-07-23,signup,5.99,5.99
14446,11351,2025-08-11,signup,5.99,5.99
14447,11352,2025-07-25,signup,5.99,5.99
14448,11353,2025-07-30,signup,5.99,5.99
14449,11354,2025-07-17,signup,5.99,5.99
14450,11355,2025-07-28,signup,5.99,5.99
14451,11356,2025-08-04,signup,5.99,5.99
14452,11357,2025-07-21,signup,5.99,5.99
14453,11358,2025-08-05,signup,5.99,5.99
14454,11359,2025-07-18,signup,5.99,5.99
14455,11360,2025-07-24,signup,5.99,5.99
14456,11361,2025-07-17,signup,5.99,5.99
14457,11362,2025-08-02,signup,5.99,5.99
14458,11362,2025-11-30,cancel,5.99,-5.99
14459,11363,2025-08-12,signup,5.99,5.99
14460,11363,2025-11-10,cancel,5.99,-5.99
14461,11364,2025-08-08,signup,5.99,5.99
14462,11364,2025-10-07,cancel,5.99,-5.99
14463,11365,2025-07-20,signup,5.99,5.99
14464,11365,2025-08-19,cancel,5.99,-5.99
14465,11366,2025-08-14,signup,5.99,5.99
14466,11366,2025-10-13,cancel,5.99,-5.99
14467,11367,2025-07-16,signup,5.99,5.99
14468,11368,2025-07-16,signup,5.99,5.99
14469,11368,2025-09-14,cancel,5.99,-5.99
14470,11369,2025-07-28,signup,5.99,5.99
14471,11370,2025-07-19,signup,5.99,5.99
14472,11371,2025-08-02,signup,5.99,5.99
14473,11372,2025-08-10,signup,5.99,5.99
14474,11373,2025-08-12,signup,5.99,5.99
14475,11374,2025-08-08,signup,5.99,5.99
14476,11376,2025-07-28,signup,5.99,5.99
14477,11377,2025-07-30,signup,5.99,5.99
14478,11379,2025-08-12,signup,5.99,5.99
14479,11380,2025-08-06,signup,5.99,5.99
14480,11380,2025-09-05,cancel,5.99,-5.99
14481,11381,2025-07-28,signup,5.99,5.99
14482,11382,2025-08-04,signup,5.99,5.99
14483,11383,2025-08-02,signup,5.99,5.99
14484,11384,2025-07-19,signup,5.99,5.99
14485,11385,2025-08-05,signup,5.99,5.99
14486,11386,2025-07-25,signup,5.99,5.99
14487,11386,2025-11-22,cancel,5.99,-5.99
14488,11387,2025-07-19,signup,5.99,5.99
14489,11387,2025-09-17,cancel,5.99,-5.99
14490,11388,2025-07-26,signup,5.99,5.99
14491,11389,2025-07-27,signup,5.99,5.99
14492,11390,2025-08-02,signup,5.99,5.99
14493,11390,2025-10-31,cancel,5.99,-5.99
14494,11391,2025-07-30,signup,5.99,5.99
14495,11393,2025-07-21,signup,5.99,5.99
14496,11393,2025-12-18,cancel,5.99,-5.99
14497,11394,2025-07-28,signup,5.99,5.99
14498,11395,2025-08-04,signup,5.99,5.99
14499,11395,2025-09-03,cancel,5.99,-5.99
14500,11396,2025-08-12,signup,5.99,5.99
14501,11396,2025-09-11,cancel,5.99,-5.99
14502,11397,2025-07-30,signup,5.99,5.99
14503,11398,2025-07-18,signup,5.99,5.99
14504,11398,2025-08-17,cancel,5.99,-5.99
14505,11399,2025-07-30,signup,5.99,5.99
14506,11399,2025-08-29,cancel,5.99,-5.99
14507,11400,2025-07-25,signup,5.99,5.99
14508,11400,2025-10-23,cancel,5.99,-5.99
14509,11401,2025-07-28,signup,5.99,5.99
14510,11403,2025-07-21,signup,5.99,5.99
14511,11404,2025-08-13,signup,5.99,5.99
14512,11405,2025-07-17,signup,5.99,5.99
14513,11407,2025-08-01,signup,5.99,5.99
14514,11408,2025-07-27,signup,5.99,5.99
14515,11409,2025-07-30,signup,5.99,5.99
14516,11410,2025-07-18,signup,5.99,5.99
14517,11411,2025-08-02,signup,5.99,5.99
14518,11411,2025-11-30,cancel,5.99,-5.99
14519,11412,2025-08-02,signup,5.99,5.99
14520,11413,2025-07-27,signup,5.99,5.99
14521,11414,2025-08-01,signup,5.99,5.99
14522,11415,2025-07-19,signup,5.99,5.99
14523,11416,2025-08-07,signup,5.99,5.99
14524,11416,2025-09-06,cancel,5.99,-5.99
14525,11417,2025-07-21,signup,5.99,5.99
14526,11417,2025-09-19,cancel,5.99,-5.99
14527,11418,2025-07-20,signup,5.99,5.99
14528,11419,2025-08-15,signup,5.99,5.99
14529,11420,2025-08-14,signup,5.99,5.99
14530,11421,2025-07-27,signup,5.99,5.99
14531,11422,2025-07-21,signup,5.99,5.99
14532,11422,2025-08-20,cancel,5.99,-5.99
14533,11423,2025-08-06,signup,5.99,5.99
14534,11423,2025-12-04,cancel,5.99,-5.99
14535,11424,2025-08-02,signup,5.99,5.99
14536,11425,2025-08-10,signup,5.99,5.99
14537,11426,2025-07-22,signup,5.99,5.99
14538,11426,2025-09-20,cancel,5.99,-5.99
14539,11427,2025-08-05,signup,5.99,5.99
14540,11428,2025-07-22,signup,5.99,5.99
14541,11429,2025-08-06,signup,5.99,5.99
14542,11430,2025-08-08,signup,5.99,5.99
14543,11431,2025-08-06,signup,5.99,5.99
14544,11432,2025-08-02,signup,5.99,5.99
14545,11432,2025-09-01,cancel,5.99,-5.99
14546,11433,2025-07-24,signup,5.99,5.99
14547,11434,2025-07-28,signup,5.99,5.99
14548,11435,2025-07-29,signup,5.99,5.99
14549,11435,2025-08-28,cancel,5.99,-5.99
14550,11436,2025-08-13,signup,5.99,5.99
14551,11436,2025-09-12,cancel,5.99,-5.99
14552,11437,2025-07-29,signup,5.99,5.99
14553,11438,2025-07-26,signup,5.99,5.99
14554,11439,2025-08-14,signup,5.99,5.99
14555,11440,2025-08-04,signup,5.99,5.99
14556,11441,2025-07-24,signup,5.99,5.99
14557,11442,2025-08-07,signup,5.99,5.99
14558,11443,2025-07-21,signup,5.99,5.99
14559,11444,2025-08-18,signup,5.99,5.99
14560,11444,2025-10-17,cancel,5.99,-5.99
14561,11445,2025-08-15,signup,5.99,5.99
14562,11446,2025-07-20,signup,5.99,5.99
14563,11447,2025-08-15,signup,5.99,5.99
14564,11448,2025-08-07,signup,5.99,5.99
14565,11449,2025-08-07,signup,5.99,5.99
14566,11449,2025-09-06,cancel,5.99,-5.99
14567,11450,2025-08-06,signup,5.99,5.99
14568,11450,2025-10-05,cancel,5.99,-5.99
14569,11451,2025-08-09,signup,5.99,5.99
14570,11452,2025-08-14,signup,5.99,5.99
14571,11453,2025-08-18,signup,5.99,5.99
14572,11455,2025-07-21,signup,5.99,5.99
14573,11456,2025-07-31,signup,5.99,5.99
14574,11457,2025-07-22,signup,5.99,5.99
14575,11457,2025-09-20,cancel,5.99,-5.99
14576,11458,2025-08-04,signup,5.99,5.99
14577,11459,2025-08-07,signup,5.99,5.99
14578,11460,2025-07-22,signup,5.99,5.99
14579,11460,2025-08-21,cancel,5.99,-5.99
14580,11461,2025-08-08,signup,5.99,5.99
14581,11462,2025-07-22,signup,5.99,5.99
14582,11464,2025-08-08,signup,5.99,5.99
14583,11465,2025-07-30,signup,5.99,5.99
14584,11465,2025-09-28,cancel,5.99,-5.99
14585,11466,2025-07-31,signup,5.99,5.99
14586,11467,2025-08-07,signup,5.99,5.99
14587,11468,2025-08-02,signup,5.99,5.99
14588,11468,2025-10-31,cancel,5.99,-5.99
14589,11469,2025-07-24,signup,5.99,5.99
14590,11470,2025-08-04,signup,5.99,5.99
14591,11470,2025-11-02,cancel,5.99,-5.99
14592,11471,2025-07-23,signup,5.99,5.99
14593,11471,2025-09-21,cancel,5.99,-5.99
14594,11472,2025-08-03,signup,5.99,5.99
14595,11472,2025-11-01,cancel,5.99,-5.99
14596,11473,2025-08-02,signup,5.99,5.99
14597,11474,2025-08-18,signup,5.99,5.99
14598,11475,2025-07-27,signup,5.99,5.99
14599,11475,2025-08-26,cancel,5.99,-5.99
14600,11476,2025-07-22,signup,5.99,5.99
14601,11477,2025-08-09,signup,5.99,5.99
14602,11478,2025-07-21,signup,5.99,5.99
14603,11479,2025-08-09,signup,5.99,5.99
14604,11480,2025-08-15,signup,5.99,5.99
14605,11481,2025-08-07,signup,5.99,5.99
14606,11482,2025-07-29,signup,5.99,5.99
14607,11483,2025-08-14,signup,5.99,5.99
14608,11483,2025-10-13,cancel,5.99,-5.99
14609,11484,2025-07-30,signup,5.99,5.99
14610,11484,2025-10-28,cancel,5.99,-5.99
14611,11485,2025-08-05,signup,5.99,5.99
14612,11488,2025-08-16,signup,5.99,5.99
14613,11489,2025-07-29,signup,5.99,5.99
14614,11490,2025-08-16,signup,5.99,5.99
14615,11490,2025-09-15,cancel,5.99,-5.99
14616,11491,2025-07-24,signup,5.99,5.99
14617,11491,2025-08-23,cancel,5.99,-5.99
14618,11492,2025-08-15,signup,5.99,5.99
14619,11493,2025-08-04,signup,5.99,5.99
14620,11494,2025-08-08,signup,5.99,5.99
14621,11496,2025-08-05,signup,5.99,5.99
14622,11497,2025-08-12,signup,5.99,5.99
14623,11498,2025-08-05,signup,5.99,5.99
14624,11499,2025-08-02,signup,5.99,5.99
14625,11501,2025-08-15,signup,5.99,5.99
14626,11502,2025-08-20,signup,5.99,5.99
14627,11503,2025-08-14,signup,5.99,5.99
14628,11505,2025-07-29,signup,5.99,5.99
14629,11506,2025-08-19,signup,5.99,5.99
14630,11507,2025-07-31,signup,5.99,5.99
14631,11508,2025-07-27,signup,5.99,5.99
14632,11509,2025-07-21,signup,5.99,5.99
14633,11510,2025-07-25,signup,5.99,5.99
14634,11510,2025-09-23,cancel,5.99,-5.99
14635,11511,2025-08-08,signup,5.99,5.99
14636,11511,2025-11-06,cancel,5.99,-5.99
14637,11513,2025-08-02,signup,5.99,5.99
14638,11514,2025-08-02,signup,5.99,5.99
14639,11514,2025-10-01,cancel,5.99,-5.99
14640,11515,2025-08-06,signup,5.99,5.99
14641,11516,2025-08-08,signup,5.99,5.99
14642,11517,2025-07-21,signup,5.99,5.99
14643,11518,2025-08-10,signup,5.99,5.99
14644,11519,2025-08-17,signup,5.99,5.99
14645,11519,2025-09-16,cancel,5.99,-5.99
14646,11520,2025-08-05,signup,5.99,5.99
14647,11521,2025-08-01,signup,5.99,5.99
14648,11521,2025-08-31,cancel,5.99,-5.99
14649,11522,2025-08-21,signup,5.99,5.99
14650,11523,2025-08-14,signup,5.99,5.99
14651,11523,2025-09-13,cancel,5.99,-5.99
14652,11524,2025-08-20,signup,5.99,5.99
14653,11525,2025-07-25,signup,5.99,5.99
14654,11526,2025-08-11,signup,5.99,5.99
14655,11527,2025-08-21,signup,5.99,5.99
14656,11528,2025-08-19,signup,5.99,5.99
14657,11528,2025-09-18,cancel,5.99,-5.99
14658,11530,2025-08-12,signup,5.99,5.99
14659,11530,2025-12-10,cancel,5.99,-5.99
14660,11531,2025-07-30,signup,5.99,5.99
14661,11532,2025-07-26,signup,5.99,5.99
14662,11532,2025-08-25,cancel,5.99,-5.99
14663,11533,2025-08-06,signup,5.99,5.99
14664,11535,2025-08-11,signup,5.99,5.99
14665,11536,2025-08-16,signup,5.99,5.99
14666,11536,2025-09-15,cancel,5.99,-5.99
14667,11537,2025-08-08,signup,5.99,5.99
14668,11538,2025-08-13,signup,5.99,5.99
14669,11538,2025-12-11,cancel,5.99,-5.99
14670,11539,2025-08-09,signup,5.99,5.99
14671,11540,2025-07-31,signup,5.99,5.99
14672,11542,2025-08-14,signup,5.99,5.99
14673,11543,2025-08-18,signup,5.99,5.99
14674,11543,2025-09-17,cancel,5.99,-5.99
14675,11544,2025-08-18,signup,5.99,5.99
14676,11546,2025-07-24,signup,5.99,5.99
14677,11547,2025-08-05,signup,5.99,5.99
14678,11548,2025-07-31,signup,5.99,5.99
14679,11549,2025-08-09,signup,5.99,5.99
14680,11550,2025-08-12,signup,5.99,5.99
14681,11551,2025-07-27,signup,5.99,5.99
14682,11552,2025-08-11,signup,5.99,5.99
14683,11553,2025-08-12,signup,5.99,5.99
14684,11554,2025-08-07,signup,5.99,5.99
14685,11555,2025-08-02,signup,5.99,5.99
14686,11556,2025-08-16,signup,5.99,5.99
14687,11558,2025-07-29,signup,5.99,5.99
14688,11558,2025-12-26,cancel,5.99,-5.99
14689,11559,2025-08-18,signup,5.99,5.99
14690,11560,2025-08-02,signup,5.99,5.99
14691,11561,2025-08-03,signup,5.99,5.99
14692,11562,2025-07-26,signup,5.99,5.99
14693,11563,2025-08-10,signup,5.99,5.99
14694,11563,2025-10-09,cancel,5.99,-5.99
14695,11565,2025-07-31,signup,5.99,5.99
14696,11566,2025-07-24,signup,5.99,5.99
14697,11566,2025-12-21,cancel,5.99,-5.99
14698,11567,2025-08-06,signup,5.99,5.99
14699,11567,2025-09-05,cancel,5.99,-5.99
14700,11568,2025-08-15,signup,5.99,5.99
14701,11569,2025-07-25,signup,5.99,5.99
14702,11570,2025-08-15,signup,5.99,5.99
14703,11571,2025-08-09,signup,5.99,5.99
14704,11571,2025-11-07,cancel,5.99,-5.99
14705,11572,2025-08-14,signup,5.99,5.99
14706,11573,2025-08-06,signup,5.99,5.99
14707,11574,2025-07-31,signup,5.99,5.99
14708,11575,2025-08-19,signup,5.99,5.99
14709,11577,2025-08-15,signup,5.99,5.99
14710,11578,2025-08-12,signup,5.99,5.99
14711,11578,2025-11-10,cancel,5.99,-5.99
14712,11579,2025-07-31,signup,5.99,5.99
14713,11579,2025-10-29,cancel,5.99,-5.99
14714,11581,2025-07-25,signup,5.99,5.99
14715,11582,2025-08-07,signup,5.99,5.99
14716,11582,2025-09-06,cancel,5.99,-5.99
14717,11583,2025-08-18,signup,5.99,5.99
14718,11584,2025-08-18,signup,5.99,5.99
14719,11586,2025-08-16,signup,5.99,5.99
14720,11587,2025-08-05,signup,5.99,5.99
14721,11587,2025-09-04,cancel,5.99,-5.99
14722,11588,2025-07-30,signup,5.99,5.99
14723,11588,2025-09-28,cancel,5.99,-5.99
14724,11589,2025-07-26,signup,5.99,5.99
14725,11589,2025-09-24,cancel,5.99,-5.99
14726,11590,2025-07-29,signup,5.99,5.99
14727,11591,2025-08-22,signup,5.99,5.99
14728,11591,2025-09-21,cancel,5.99,-5.99
14729,11592,2025-07-27,signup,5.99,5.99
14730,11593,2025-08-10,signup,5.99,5.99
14731,11594,2025-08-18,signup,5.99,5.99
14732,11595,2025-08-09,signup,5.99,5.99
14733,11598,2025-08-04,signup,5.99,5.99
14734,11599,2025-08-10,signup,5.99,5.99
14735,11600,2025-08-18,signup,5.99,5.99
14736,11600,2025-09-17,cancel,5.99,-5.99
14737,11601,2025-08-06,signup,5.99,5.99
14738,11602,2025-08-06,signup,5.99,5.99
14739,11603,2025-08-12,signup,5.99,5.99
14740,11604,2025-08-16,signup,5.99,5.99
14741,11605,2025-07-26,signup,5.99,5.99
14742,11606,2025-07-25,signup,5.99,5.99
14743,11607,2025-08-20,signup,5.99,5.99
14744,11608,2025-07-30,signup,5.99,5.99
14745,11609,2025-08-13,signup,5.99,5.99
14746,11610,2025-08-19,signup,5.99,5.99
14747,11611,2025-08-16,signup,5.99,5.99
14748,11612,2025-08-20,signup,5.99,5.99
14749,11613,2025-08-07,signup,5.99,5.99
14750,11614,2025-08-15,signup,5.99,5.99
14751,11615,2025-08-19,signup,5.99,5.99
14752,11616,2025-07-25,signup,5.99,5.99
14753,11616,2025-08-24,cancel,5.99,-5.99
14754,11617,2025-08-03,signup,5.99,5.99
14755,11618,2025-08-22,signup,5.99,5.99
14756,11619,2025-08-18,signup,5.99,5.99
14757,11619,2025-09-17,cancel,5.99,-5.99
14758,11620,2025-08-13,signup,5.99,5.99
14759,11620,2025-10-12,cancel,5.99,-5.99
14760,11621,2025-07-30,signup,5.99,5.99
14761,11622,2025-08-16,signup,5.99,5.99
14762,11623,2025-07-31,signup,5.99,5.99
14763,11623,2025-09-29,cancel,5.99,-5.99
14764,11624,2025-08-20,signup,5.99,5.99
14765,11625,2025-08-10,signup,5.99,5.99
14766,11625,2025-10-09,cancel,5.99,-5.99
14767,11626,2025-07-30,signup,5.99,5.99
14768,11627,2025-07-29,signup,5.99,5.99
14769,11628,2025-08-05,signup,5.99,5.99
14770,11629,2025-08-07,signup,5.99,5.99
14771,11630,2025-08-02,signup,5.99,5.99
14772,11631,2025-08-18,signup,5.99,5.99
14773,11632,2025-08-06,signup,5.99,5.99
14774,11633,2025-08-01,signup,5.99,5.99
14775,11634,2025-08-24,signup,5.99,5.99
14776,11635,2025-08-06,signup,5.99,5.99
14777,11636,2025-07-25,signup,5.99,5.99
14778,11637,2025-08-19,signup,5.99,5.99
14779,11638,2025-08-05,signup,5.99,5.99
14780,11638,2025-10-04,cancel,5.99,-5.99
14781,11639,2025-08-07,signup,5.99,5.99
14782,11640,2025-08-05,signup,5.99,5.99
14783,11641,2025-08-10,signup,5.99,5.99
14784,11641,2025-09-09,cancel,5.99,-5.99
14785,11642,2025-07-28,signup,5.99,5.99
14786,11643,2025-08-14,signup,5.99,5.99
14787,11644,2025-08-22,signup,5.99,5.99
14788,11645,2025-08-16,signup,5.99,5.99
14789,11646,2025-08-14,signup,5.99,5.99
14790,11646,2025-10-13,cancel,5.99,-5.99
14791,11647,2025-07-26,signup,5.99,5.99
14792,11647,2025-08-25,cancel,5.99,-5.99
14793,11648,2025-08-10,signup,5.99,5.99
14794,11649,2025-08-04,signup,5.99,5.99
14795,11649,2025-09-03,cancel,5.99,-5.99
14796,11650,2025-08-21,signup,5.99,5.99
14797,11651,2025-07-31,signup,5.99,5.99
14798,11651,2025-08-30,cancel,5.99,-5.99
14799,11652,2025-08-09,signup,5.99,5.99
14800,11654,2025-08-01,signup,5.99,5.99
14801,11654,2025-08-31,cancel,5.99,-5.99
14802,11656,2025-08-24,signup,5.99,5.99
14803,11657,2025-08-20,signup,5.99,5.99
14804,11657,2025-09-19,cancel,5.99,-5.99
14805,11658,2025-08-25,signup,5.99,5.99
14806,11658,2025-09-24,cancel,5.99,-5.99
14807,11660,2025-08-18,signup,5.99,5.99
14808,11661,2025-08-11,signup,5.99,5.99
14809,11662,2025-08-03,signup,5.99,5.99
14810,11664,2025-08-25,signup,5.99,5.99
14811,11665,2025-08-19,signup,5.99,5.99
14812,11665,2025-10-18,cancel,5.99,-5.99
14813,11666,2025-08-08,signup,5.99,5.99
14814,11667,2025-08-21,signup,5.99,5.99
14815,11667,2025-10-20,cancel,5.99,-5.99
14816,11668,2025-08-02,signup,5.99,5.99
14817,11669,2025-08-20,signup,5.99,5.99
14818,11669,2025-09-19,cancel,5.99,-5.99
14819,11670,2025-08-19,signup,5.99,5.99
14820,11671,2025-07-31,signup,5.99,5.99
14821,11672,2025-08-20,signup,5.99,5.99
14822,11674,2025-08-12,signup,5.99,5.99
14823,11675,2025-08-25,signup,5.99,5.99
14824,11676,2025-08-08,signup,5.99,5.99
14825,11677,2025-07-28,signup,5.99,5.99
14826,11677,2025-11-25,cancel,5.99,-5.99
14827,11678,2025-08-11,signup,5.99,5.99
14828,11678,2025-09-10,cancel,5.99,-5.99
14829,11679,2025-08-16,signup,5.99,5.99
14830,11679,2025-10-15,cancel,5.99,-5.99
14831,11680,2025-08-05,signup,5.99,5.99
14832,11681,2025-08-05,signup,5.99,5.99
14833,11681,2025-09-04,cancel,5.99,-5.99
14834,11682,2025-08-14,signup,5.99,5.99
14835,11683,2025-08-16,signup,5.99,5.99
14836,11684,2025-08-04,signup,5.99,5.99
14837,11685,2025-08-26,signup,5.99,5.99
14838,11686,2025-07-29,signup,5.99,5.99
14839,11687,2025-07-28,signup,5.99,5.99
14840,11688,2025-07-29,signup,5.99,5.99
14841,11689,2025-08-15,signup,5.99,5.99
14842,11690,2025-08-16,signup,5.99,5.99
14843,11690,2025-11-14,cancel,5.99,-5.99
14844,11691,2025-07-30,signup,5.99,5.99
14845,11692,2025-08-05,signup,5.99,5.99
14846,11692,2025-10-04,cancel,5.99,-5.99
14847,11693,2025-08-15,signup,5.99,5.99
14848,11694,2025-07-29,signup,5.99,5.99
14849,11694,2025-10-27,cancel,5.99,-5.99
14850,11695,2025-08-13,signup,5.99,5.99
14851,11696,2025-08-25,signup,5.99,5.99
14852,11697,2025-08-10,signup,5.99,5.99
14853,11697,2025-09-09,cancel,5.99,-5.99
14854,11699,2025-08-14,signup,5.99,5.99
14855,11699,2025-10-13,cancel,5.99,-5.99
14856,11700,2025-08-26,signup,5.99,5.99
14857,11702,2025-07-31,signup,5.99,5.99
14858,11703,2025-08-16,signup,5.99,5.99
14859,11703,2025-10-15,cancel,5.99,-5.99
14860,11704,2025-07-28,signup,5.99,5.99
14861,11704,2025-08-27,cancel,5.99,-5.99
14862,11705,2025-08-12,signup,5.99,5.99
14863,11706,2025-08-17,signup,5.99,5.99
14864,11706,2025-09-16,cancel,5.99,-5.99
14865,11707,2025-07-29,signup,5.99,5.99
14866,11707,2025-09-27,cancel,5.99,-5.99
14867,11708,2025-08-09,signup,5.99,5.99
14868,11709,2025-08-16,signup,5.99,5.99
14869,11709,2025-10-15,cancel,5.99,-5.99
14870,11710,2025-07-31,signup,5.99,5.99
14871,11711,2025-07-30,signup,5.99,5.99
14872,11712,2025-08-19,signup,5.99,5.99
14873,11713,2025-08-12,signup,5.99,5.99
14874,11714,2025-07-28,signup,5.99,5.99
14875,11715,2025-07-30,signup,5.99,5.99
14876,11717,2025-08-11,signup,5.99,5.99
14877,11718,2025-08-11,signup,5.99,5.99
14878,11719,2025-07-29,signup,5.99,5.99
14879,11720,2025-07-28,signup,5.99,5.99
14880,11720,2025-08-27,cancel,5.99,-5.99
14881,11721,2025-08-05,signup,5.99,5.99
14882,11722,2025-08-14,signup,5.99,5.99
14883,11723,2025-08-09,signup,5.99,5.99
14884,11723,2025-09-08,cancel,5.99,-5.99
14885,11724,2025-08-16,signup,5.99,5.99
14886,11725,2025-08-16,signup,5.99,5.99
14887,11726,2025-07-31,signup,5.99,5.99
14888,11727,2025-08-20,signup,5.99,5.99
14889,11728,2025-07-28,signup,5.99,5.99
14890,11729,2025-07-29,signup,5.99,5.99
14891,11730,2025-08-17,signup,5.99,5.99
14892,11731,2025-08-03,signup,5.99,5.99
14893,11733,2025-08-20,signup,5.99,5.99
14894,11734,2025-08-27,signup,5.99,5.99
14895,11735,2025-08-12,signup,5.99,5.99
14896,11735,2025-11-10,cancel,5.99,-5.99
14897,11736,2025-08-17,signup,5.99,5.99
14898,11737,2025-07-31,signup,5.99,5.99
14899,11740,2025-08-24,signup,5.99,5.99
14900,11741,2025-08-07,signup,5.99,5.99
14901,11742,2025-08-01,signup,5.99,5.99
14902,11743,2025-08-03,signup,5.99,5.99
14903,11744,2025-08-04,signup,5.99,5.99
14904,11746,2025-08-21,signup,5.99,5.99
14905,11747,2025-08-04,signup,5.99,5.99
14906,11747,2025-12-02,cancel,5.99,-5.99
14907,11748,2025-08-09,signup,5.99,5.99
14908,11749,2025-08-13,signup,5.99,5.99
14909,11751,2025-08-24,signup,5.99,5.99
14910,11751,2025-09-23,cancel,5.99,-5.99
14911,11752,2025-08-27,signup,5.99,5.99
14912,11753,2025-08-08,signup,5.99,5.99
14913,11754,2025-08-27,signup,5.99,5.99
14914,11754,2025-11-25,cancel,5.99,-5.99
14915,11755,2025-08-14,signup,5.99,5.99
14916,11756,2025-08-24,signup,5.99,5.99
14917,11757,2025-08-13,signup,5.99,5.99
14918,11759,2025-08-11,signup,5.99,5.99
14919,11760,2025-08-01,signup,5.99,5.99
14920,11761,2025-08-01,signup,5.99,5.99
14921,11761,2025-11-29,cancel,5.99,-5.99
14922,11762,2025-08-07,signup,5.99,5.99
14923,11763,2025-08-04,signup,5.99,5.99
14924,11764,2025-08-02,signup,5.99,5.99
14925,11765,2025-08-25,signup,5.99,5.99
14926,11766,2025-08-20,signup,5.99,5.99
14927,11766,2025-10-19,cancel,5.99,-5.99
14928,11767,2025-08-25,signup,5.99,5.99
14929,11767,2025-09-24,cancel,5.99,-5.99
14930,11768,2025-08-15,signup,5.99,5.99
14931,11769,2025-08-08,signup,5.99,5.99
14932,11770,2025-08-02,signup,5.99,5.99
14933,11771,2025-08-14,signup,5.99,5.99
14934,11771,2025-10-13,cancel,5.99,-5.99
14935,11772,2025-08-09,signup,5.99,5.99
14936,11773,2025-08-08,signup,5.99,5.99
14937,11773,2025-10-07,cancel,5.99,-5.99
14938,11774,2025-08-10,signup,5.99,5.99
14939,11775,2025-08-10,signup,5.99,5.99
14940,11775,2025-10-09,cancel,5.99,-5.99
14941,11776,2025-08-20,signup,5.99,5.99
14942,11776,2025-12-18,cancel,5.99,-5.99
14943,11777,2025-08-08,signup,5.99,5.99
14944,11778,2025-08-10,signup,5.99,5.99
14945,11781,2025-08-02,signup,5.99,5.99
14946,11782,2025-07-31,signup,5.99,5.99
14947,11783,2025-08-13,signup,5.99,5.99
14948,11784,2025-08-24,signup,5.99,5.99
14949,11786,2025-08-24,signup,5.99,5.99
14950,11788,2025-08-24,signup,5.99,5.99
14951,11789,2025-08-18,signup,5.99,5.99
14952,11790,2025-08-04,signup,5.99,5.99
14953,11791,2025-07-30,signup,5.99,5.99
14954,11791,2025-12-27,cancel,5.99,-5.99
14955,11792,2025-08-15,signup,5.99,5.99
14956,11794,2025-08-28,signup,5.99,5.99
14957,11795,2025-08-08,signup,5.99,5.99
14958,11797,2025-08-06,signup,5.99,5.99
14959,11798,2025-08-04,signup,5.99,5.99
14960,11799,2025-08-30,signup,5.99,5.99
14961,11799,2025-11-28,cancel,5.99,-5.99
14962,11800,2025-08-19,signup,5.99,5.99
14963,11801,2025-08-07,signup,5.99,5.99
14964,11802,2025-08-14,signup,5.99,5.99
14965,11803,2025-08-25,signup,5.99,5.99
14966,11804,2025-08-22,signup,5.99,5.99
14967,11804,2025-09-21,cancel,5.99,-5.99
14968,11805,2025-08-29,signup,5.99,5.99
14969,11806,2025-08-22,signup,5.99,5.99
14970,11807,2025-08-05,signup,5.99,5.99
14971,11808,2025-08-14,signup,5.99,5.99
14972,11808,2025-11-12,cancel,5.99,-5.99
14973,11809,2025-08-01,signup,5.99,5.99
14974,11809,2025-09-30,cancel,5.99,-5.99
14975,11810,2025-08-15,signup,5.99,5.99
14976,11811,2025-08-01,signup,5.99,5.99
14977,11812,2025-08-08,signup,5.99,5.99
14978,11813,2025-08-20,signup,5.99,5.99
14979,11814,2025-08-06,signup,5.99,5.99
14980,11815,2025-08-04,signup,5.99,5.99
14981,11816,2025-08-23,signup,5.99,5.99
14982,11817,2025-08-08,signup,5.99,5.99
14983,11818,2025-08-28,signup,5.99,5.99
14984,11819,2025-08-17,signup,5.99,5.99
14985,11819,2025-09-16,cancel,5.99,-5.99
14986,11820,2025-08-23,signup,5.99,5.99
14987,11821,2025-08-03,signup,5.99,5.99
14988,11821,2025-10-02,cancel,5.99,-5.99
14989,11822,2025-08-26,signup,5.99,5.99
14990,11823,2025-08-23,signup,5.99,5.99
14991,11823,2025-12-21,cancel,5.99,-5.99
14992,11824,2025-08-07,signup,5.99,5.99
14993,11825,2025-08-29,signup,5.99,5.99
14994,11826,2025-08-18,signup,5.99,5.99
14995,11826,2025-09-17,cancel,5.99,-5.99
14996,11827,2025-08-30,signup,5.99,5.99
14997,11827,2025-10-29,cancel,5.99,-5.99
14998,11828,2025-08-26,signup,5.99,5.99
14999,11828,2025-12-24,cancel,5.99,-5.99
15000,11829,2025-08-23,signup,5.99,5.99
15001,11829,2025-09-22,cancel,5.99,-5.99
15002,11830,2025-08-26,signup,5.99,5.99
15003,11831,2025-08-20,signup,5.99,5.99
15004,11832,2025-08-23,signup,5.99,5.99
15005,11833,2025-08-02,signup,5.99,5.99
15006,11834,2025-08-22,signup,5.99,5.99
15007,11834,2025-11-20,cancel,5.99,-5.99
15008,11835,2025-08-09,signup,5.99,5.99
15009,11835,2025-12-07,cancel,5.99,-5.99
15010,11836,2025-08-28,signup,5.99,5.99
15011,11837,2025-08-19,signup,5.99,5.99
15012,11837,2025-12-17,cancel,5.99,-5.99
15013,11838,2025-08-31,signup,5.99,5.99
15014,11839,2025-08-20,signup,5.99,5.99
15015,11840,2025-08-19,signup,5.99,5.99
15016,11840,2025-09-18,cancel,5.99,-5.99
15017,11841,2025-08-28,signup,5.99,5.99
15018,11842,2025-08-19,signup,5.99,5.99
15019,11843,2025-08-13,signup,5.99,5.99
15020,11843,2025-09-12,cancel,5.99,-5.99
15021,11844,2025-08-24,signup,5.99,5.99
15022,11844,2025-10-23,cancel,5.99,-5.99
15023,11847,2025-08-25,signup,5.99,5.99
15024,11847,2025-09-24,cancel,5.99,-5.99
15025,11849,2025-08-23,signup,5.99,5.99
15026,11849,2025-09-22,cancel,5.99,-5.99
15027,11850,2025-08-22,signup,5.99,5.99
15028,11851,2025-08-10,signup,5.99,5.99
15029,11852,2025-08-02,signup,5.99,5.99
15030,11853,2025-08-29,signup,5.99,5.99
15031,11853,2025-09-28,cancel,5.99,-5.99
15032,11854,2025-08-05,signup,5.99,5.99
15033,11856,2025-08-15,signup,5.99,5.99
15034,11856,2025-10-14,cancel,5.99,-5.99
15035,11857,2025-08-14,signup,5.99,5.99
15036,11857,2025-09-13,cancel,5.99,-5.99
15037,11858,2025-08-27,signup,5.99,5.99
15038,11859,2025-08-21,signup,5.99,5.99
15039,11860,2025-08-18,signup,5.99,5.99
15040,11860,2025-09-17,cancel,5.99,-5.99
15041,11861,2025-08-17,signup,5.99,5.99
15042,11861,2025-09-16,cancel,5.99,-5.99
15043,11862,2025-08-24,signup,5.99,5.99
15044,11864,2025-08-25,signup,5.99,5.99
15045,11865,2025-08-27,signup,5.99,5.99
15046,11866,2025-08-02,signup,5.99,5.99
15047,11867,2025-08-29,signup,5.99,5.99
15048,11868,2025-08-25,signup,5.99,5.99
15049,11869,2025-08-02,signup,5.99,5.99
15050,11870,2025-08-22,signup,5.99,5.99
15051,11870,2025-09-21,cancel,5.99,-5.99
15052,11871,2025-08-08,signup,5.99,5.99
15053,11872,2025-08-27,signup,5.99,5.99
15054,11872,2025-10-26,cancel,5.99,-5.99
15055,11873,2025-08-19,signup,5.99,5.99
15056,11874,2025-08-06,signup,5.99,5.99
15057,11874,2025-09-05,cancel,5.99,-5.99
15058,11876,2025-08-08,signup,5.99,5.99
15059,11877,2025-08-07,signup,5.99,5.99
15060,11877,2025-09-06,cancel,5.99,-5.99
15061,11878,2025-08-05,signup,5.99,5.99
15062,11879,2025-08-28,signup,5.99,5.99
15063,11880,2025-08-04,signup,5.99,5.99
15064,11880,2025-11-02,cancel,5.99,-5.99
15065,11881,2025-08-17,signup,5.99,5.99
15066,11882,2025-08-17,signup,5.99,5.99
15067,11883,2025-08-05,signup,5.99,5.99
15068,11884,2025-08-06,signup,5.99,5.99
15069,11884,2025-10-05,cancel,5.99,-5.99
15070,11886,2025-08-17,signup,5.99,5.99
15071,11887,2025-08-29,signup,5.99,5.99
15072,11888,2025-08-22,signup,5.99,5.99
15073,11888,2025-09-21,cancel,5.99,-5.99
15074,11889,2025-08-09,signup,5.99,5.99
15075,11890,2025-08-23,signup,5.99,5.99
15076,11891,2025-08-24,signup,5.99,5.99
15077,11892,2025-08-10,signup,5.99,5.99
15078,11893,2025-08-24,signup,5.99,5.99
15079,11893,2025-09-23,cancel,5.99,-5.99
15080,11894,2025-08-19,signup,5.99,5.99
15081,11894,2025-12-17,cancel,5.99,-5.99
15082,11895,2025-08-24,signup,5.99,5.99
15083,11896,2025-08-19,signup,5.99,5.99
15084,11896,2025-09-18,cancel,5.99,-5.99
15085,11897,2025-08-05,signup,5.99,5.99
15086,11898,2025-08-13,signup,5.99,5.99
15087,11899,2025-08-09,signup,5.99,5.99
15088,11900,2025-08-17,signup,5.99,5.99
15089,11900,2025-09-16,cancel,5.99,-5.99
15090,11901,2025-08-17,signup,5.99,5.99
15091,11903,2025-08-06,signup,5.99,5.99
15092,11904,2025-08-15,signup,5.99,5.99
15093,11905,2025-08-31,signup,5.99,5.99
15094,11907,2025-08-12,signup,5.99,5.99
15095,11907,2025-12-10,cancel,5.99,-5.99
15096,11908,2025-08-24,signup,5.99,5.99
15097,11909,2025-08-28,signup,5.99,5.99
15098,11909,2025-09-27,cancel,5.99,-5.99
15099,11910,2025-08-05,signup,5.99,5.99
15100,11911,2025-08-26,signup,5.99,5.99
15101,11912,2025-08-09,signup,5.99,5.99
15102,11913,2025-08-30,signup,5.99,5.99
15103,11914,2025-09-01,signup,5.99,5.99
15104,11915,2025-08-07,signup,5.99,5.99
15105,11915,2025-09-06,cancel,5.99,-5.99
15106,11916,2025-08-20,signup,5.99,5.99
15107,11917,2025-08-19,signup,5.99,5.99
15108,11918,2025-09-02,signup,5.99,5.99
15109,11919,2025-09-03,signup,5.99,5.99
15110,11919,2025-10-03,cancel,5.99,-5.99
15111,11920,2025-09-01,signup,5.99,5.99
15112,11920,2025-10-01,cancel,5.99,-5.99
15113,11921,2025-08-17,signup,5.99,5.99
15114,11922,2025-08-04,signup,5.99,5.99
15115,11926,2025-08-26,signup,5.99,5.99
15116,11928,2025-08-05,signup,5.99,5.99
15117,11929,2025-08-15,signup,5.99,5.99
15118,11930,2025-08-27,signup,5.99,5.99
15119,11931,2025-08-23,signup,5.99,5.99
15120,11932,2025-08-14,signup,5.99,5.99
15121,11934,2025-08-13,signup,5.99,5.99
15122,11935,2025-08-24,signup,5.99,5.99
15123,11936,2025-08-19,signup,5.99,5.99
15124,11936,2025-09-18,cancel,5.99,-5.99
15125,11937,2025-09-03,signup,5.99,5.99
15126,11938,2025-08-21,signup,5.99,5.99
15127,11939,2025-08-05,signup,5.99,5.99
15128,11940,2025-08-28,signup,5.99,5.99
15129,11941,2025-08-31,signup,5.99,5.99
15130,11942,2025-08-04,signup,5.99,5.99
15131,11943,2025-09-03,signup,5.99,5.99
15132,11943,2025-10-03,cancel,5.99,-5.99
15133,11944,2025-08-22,signup,5.99,5.99
15134,11945,2025-08-09,signup,5.99,5.99
15135,11945,2025-11-07,cancel,5.99,-5.99
15136,11946,2025-08-17,signup,5.99,5.99
15137,11947,2025-09-03,signup,5.99,5.99
15138,11948,2025-08-12,signup,5.99,5.99
15139,11949,2025-08-06,signup,5.99,5.99
15140,11950,2025-09-03,signup,5.99,5.99
15141,11950,2025-10-03,cancel,5.99,-5.99
15142,11951,2025-08-10,signup,5.99,5.99
15143,11951,2025-10-09,cancel,5.99,-5.99
15144,11952,2025-08-28,signup,5.99,5.99
15145,11953,2025-08-14,signup,5.99,5.99
15146,11954,2025-08-26,signup,5.99,5.99
15147,11955,2025-08-23,signup,5.99,5.99
15148,11956,2025-08-22,signup,5.99,5.99
15149,11958,2025-08-07,signup,5.99,5.99
15150,11959,2025-09-04,signup,5.99,5.99
15151,11959,2025-12-03,cancel,5.99,-5.99
15152,11960,2025-08-06,signup,5.99,5.99
15153,11960,2025-11-04,cancel,5.99,-5.99
15154,11961,2025-08-31,signup,5.99,5.99
15155,11963,2025-08-13,signup,5.99,5.99
15156,11964,2025-08-14,signup,5.99,5.99
15157,11964,2025-11-12,cancel,5.99,-5.99
15158,11965,2025-08-31,signup,5.99,5.99
15159,11967,2025-08-11,signup,5.99,5.99
15160,11968,2025-08-13,signup,5.99,5.99
15161,11968,2025-11-11,cancel,5.99,-5.99
15162,11969,2025-08-18,signup,5.99,5.99
15163,11971,2025-08-14,signup,5.99,5.99
15164,11972,2025-08-17,signup,5.99,5.99
15165,11974,2025-08-23,signup,5.99,5.99
15166,11975,2025-08-17,signup,5.99,5.99
15167,11976,2025-08-25,signup,5.99,5.99
15168,11976,2025-12-23,cancel,5.99,-5.99
15169,11977,2025-08-30,signup,5.99,5.99
15170,11977,2025-10-29,cancel,5.99,-5.99
15171,11978,2025-08-11,signup,5.99,5.99
15172,11978,2025-10-10,cancel,5.99,-5.99
15173,11979,2025-08-18,signup,5.99,5.99
15174,11980,2025-08-26,signup,5.99,5.99
15175,11980,2025-09-25,cancel,5.99,-5.99
15176,11981,2025-08-11,signup,5.99,5.99
15177,11982,2025-09-03,signup,5.99,5.99
15178,11982,2025-10-03,cancel,5.99,-5.99
15179,11983,2025-08-19,signup,5.99,5.99
15180,11984,2025-08-13,signup,5.99,5.99
15181,11985,2025-08-09,signup,5.99,5.99
15182,11985,2025-09-08,cancel,5.99,-5.99
15183,11987,2025-08-20,signup,5.99,5.99
15184,11989,2025-08-12,signup,5.99,5.99
15185,11989,2025-09-11,cancel,5.99,-5.99
15186,11990,2025-09-02,signup,5.99,5.99
15187,11990,2025-10-02,cancel,5.99,-5.99
15188,11991,2025-08-14,signup,5.99,5.99
15189,11992,2025-08-12,signup,5.99,5.99
15190,11992,2025-10-11,cancel,5.99,-5.99
15191,11993,2025-08-06,signup,5.99,5.99
15192,11993,2025-09-05,cancel,5.99,-5.99
15193,11994,2025-08-12,signup,5.99,5.99
15194,11994,2025-10-11,cancel,5.99,-5.99
15195,11995,2025-08-18,signup,5.99,5.99
15196,11996,2025-09-01,signup,5.99,5.99
15197,11997,2025-08-24,signup,5.99,5.99
15198,11997,2025-09-23,cancel,5.99,-5.99
15199,11998,2025-09-03,signup,5.99,5.99
15200,11999,2025-08-15,signup,5.99,5.99
15201,12000,2025-08-16,signup,5.99,5.99
15202,12000,2025-10-15,cancel,5.99,-5.99
15203,12001,2025-08-20,signup,5.99,5.99
15204,12003,2025-08-18,signup,5.99,5.99
15205,12003,2025-09-17,cancel,5.99,-5.99
15206,12004,2025-08-17,signup,5.99,5.99
15207,12005,2025-08-16,signup,5.99,5.99
15208,12006,2025-08-14,signup,5.99,5.99
15209,12007,2025-08-26,signup,5.99,5.99
15210,12008,2025-08-30,signup,5.99,5.99
15211,12008,2025-11-28,cancel,5.99,-5.99
15212,12009,2025-08-22,signup,5.99,5.99
15213,12010,2025-08-06,signup,5.99,5.99
15214,12011,2025-09-02,signup,5.99,5.99
15215,12011,2025-12-31,cancel,5.99,-5.99
15216,12012,2025-08-08,signup,5.99,5.99
15217,12013,2025-09-05,signup,5.99,5.99
15218,12014,2025-08-11,signup,5.99,5.99
15219,12015,2025-08-15,signup,5.99,5.99
15220,12015,2025-11-13,cancel,5.99,-5.99
15221,12016,2025-08-11,signup,5.99,5.99
15222,12019,2025-09-04,signup,5.99,5.99
15223,12021,2025-08-19,signup,5.99,5.99
15224,12022,2025-08-24,signup,5.99,5.99
15225,12022,2025-09-23,cancel,5.99,-5.99
15226,12024,2025-08-09,signup,5.99,5.99
15227,12025,2025-08-18,signup,5.99,5.99
15228,12026,2025-08-21,signup,5.99,5.99
15229,12027,2025-08-15,signup,5.99,5.99
15230,12028,2025-08-16,signup,5.99,5.99
15231,12030,2025-08-28,signup,5.99,5.99
15232,12031,2025-08-24,signup,5.99,5.99
15233,12034,2025-08-13,signup,5.99,5.99
15234,12035,2025-08-23,signup,5.99,5.99
15235,12036,2025-08-26,signup,5.99,5.99
15236,12039,2025-08-16,signup,5.99,5.99
15237,12039,2025-09-15,cancel,5.99,-5.99
15238,12040,2025-08-21,signup,5.99,5.99
15239,12041,2025-09-04,signup,5.99,5.99
15240,12042,2025-08-16,signup,5.99,5.99
15241,12042,2025-09-15,cancel,5.99,-5.99
15242,12044,2025-09-05,signup,5.99,5.99
15243,12045,2025-08-08,signup,5.99,5.99
15244,12046,2025-08-22,signup,5.99,5.99
15245,12047,2025-08-21,signup,5.99,5.99
15246,12047,2025-09-20,cancel,5.99,-5.99
15247,12048,2025-08-30,signup,5.99,5.99
15248,12049,2025-08-28,signup,5.99,5.99
15249,12050,2025-09-01,signup,5.99,5.99
15250,12051,2025-08-25,signup,5.99,5.99
15251,12052,2025-08-30,signup,5.99,5.99
15252,12052,2025-09-29,cancel,5.99,-5.99
15253,12053,2025-08-13,signup,5.99,5.99
15254,12055,2025-08-22,signup,5.99,5.99
15255,12056,2025-08-29,signup,5.99,5.99
15256,12056,2025-11-27,cancel,5.99,-5.99
15257,12057,2025-08-21,signup,5.99,5.99
15258,12057,2025-12-19,cancel,5.99,-5.99
15259,12058,2025-08-27,signup,5.99,5.99
15260,12059,2025-08-28,signup,5.99,5.99
15261,12059,2025-09-27,cancel,5.99,-5.99
15262,12061,2025-08-17,signup,5.99,5.99
15263,12061,2025-10-16,cancel,5.99,-5.99
15264,12062,2025-09-02,signup,5.99,5.99
15265,12063,2025-09-02,signup,5.99,5.99
15266,12064,2025-08-18,signup,5.99,5.99
15267,12065,2025-08-18,signup,5.99,5.99
15268,12066,2025-09-02,signup,5.99,5.99
15269,12068,2025-08-18,signup,5.99,5.99
15270,12070,2025-08-30,signup,5.99,5.99
15271,12070,2025-09-29,cancel,5.99,-5.99
15272,12071,2025-08-24,signup,5.99,5.99
15273,12072,2025-08-09,signup,5.99,5.99
15274,12072,2025-12-07,cancel,5.99,-5.99
15275,12073,2025-08-14,signup,5.99,5.99
15276,12074,2025-08-23,signup,5.99,5.99
15277,12074,2025-11-21,cancel,5.99,-5.99
15278,12076,2025-08-17,signup,5.99,5.99
15279,12077,2025-09-05,signup,5.99,5.99
15280,12078,2025-08-31,signup,5.99,5.99
15281,12079,2025-09-02,signup,5.99,5.99
15282,12081,2025-08-29,signup,5.99,5.99
15283,12082,2025-09-04,signup,5.99,5.99
15284,12083,2025-08-31,signup,5.99,5.99
15285,12084,2025-08-20,signup,5.99,5.99
15286,12085,2025-08-22,signup,5.99,5.99
15287,12086,2025-08-18,signup,5.99,5.99
15288,12088,2025-08-24,signup,5.99,5.99
15289,12088,2025-09-23,cancel,5.99,-5.99
15290,12089,2025-08-13,signup,5.99,5.99
15291,12090,2025-08-29,signup,5.99,5.99
15292,12090,2025-09-28,cancel,5.99,-5.99
15293,12092,2025-09-08,signup,5.99,5.99
15294,12093,2025-09-03,signup,5.99,5.99
15295,12095,2025-08-31,signup,5.99,5.99
15296,12096,2025-08-23,signup,5.99,5.99
15297,12097,2025-09-05,signup,5.99,5.99
15298,12098,2025-08-31,signup,5.99,5.99
15299,12099,2025-09-03,signup,5.99,5.99
15300,12100,2025-08-22,signup,5.99,5.99
15301,12101,2025-08-14,signup,5.99,5.99
15302,12102,2025-09-05,signup,5.99,5.99
15303,12103,2025-08-21,signup,5.99,5.99
15304,12104,2025-08-19,signup,5.99,5.99
15305,12104,2025-09-18,cancel,5.99,-5.99
15306,12105,2025-09-01,signup,5.99,5.99
15307,12106,2025-08-14,signup,5.99,5.99
15308,12106,2025-10-13,cancel,5.99,-5.99
15309,12108,2025-08-20,signup,5.99,5.99
15310,12109,2025-08-18,signup,5.99,5.99
15311,12110,2025-09-03,signup,5.99,5.99
15312,12111,2025-08-10,signup,5.99,5.99
15313,12111,2025-09-09,cancel,5.99,-5.99
15314,12112,2025-08-16,signup,5.99,5.99
15315,12113,2025-08-20,signup,5.99,5.99
15316,12114,2025-08-22,signup,5.99,5.99
15317,12115,2025-08-19,signup,5.99,5.99
15318,12116,2025-08-16,signup,5.99,5.99
15319,12117,2025-09-01,signup,5.99,5.99
15320,12118,2025-08-23,signup,5.99,5.99
15321,12119,2025-09-01,signup,5.99,5.99
15322,12120,2025-08-30,signup,5.99,5.99
15323,12121,2025-09-07,signup,5.99,5.99
15324,12121,2025-10-07,cancel,5.99,-5.99
15325,12122,2025-08-11,signup,5.99,5.99
15326,12124,2025-08-18,signup,5.99,5.99
15327,12126,2025-08-21,signup,5.99,5.99
15328,12127,2025-08-24,signup,5.99,5.99
15329,12128,2025-08-13,signup,5.99,5.99
15330,12129,2025-09-03,signup,5.99,5.99
15331,12129,2025-10-03,cancel,5.99,-5.99
15332,12130,2025-08-28,signup,5.99,5.99
15333,12131,2025-09-09,signup,5.99,5.99
15334,12132,2025-08-11,signup,5.99,5.99
15335,12133,2025-08-22,signup,5.99,5.99
15336,12134,2025-08-23,signup,5.99,5.99
15337,12134,2025-09-22,cancel,5.99,-5.99
15338,12135,2025-08-19,signup,5.99,5.99
15339,12135,2025-09-18,cancel,5.99,-5.99
15340,12136,2025-08-10,signup,5.99,5.99
15341,12137,2025-09-06,signup,5.99,5.99
15342,12138,2025-09-08,signup,5.99,5.99
15343,12139,2025-08-24,signup,5.99,5.99
15344,12141,2025-09-08,signup,5.99,5.99
15345,12142,2025-08-10,signup,5.99,5.99
15346,12143,2025-08-18,signup,5.99,5.99
15347,12144,2025-08-16,signup,5.99,5.99
15348,12145,2025-08-12,signup,5.99,5.99
15349,12145,2025-09-11,cancel,5.99,-5.99
15350,12146,2025-09-02,signup,5.99,5.99
15351,12146,2025-10-02,cancel,5.99,-5.99
15352,12147,2025-08-20,signup,5.99,5.99
15353,12149,2025-08-26,signup,5.99,5.99
15354,12150,2025-08-28,signup,5.99,5.99
15355,12150,2025-09-27,cancel,5.99,-5.99
15356,12151,2025-08-13,signup,5.99,5.99
15357,12152,2025-08-23,signup,5.99,5.99
15358,12153,2025-09-07,signup,5.99,5.99
15359,12154,2025-08-24,signup,5.99,5.99
15360,12155,2025-09-10,signup,5.99,5.99
15361,12156,2025-08-19,signup,5.99,5.99
15362,12157,2025-08-24,signup,5.99,5.99
15363,12158,2025-08-31,signup,5.99,5.99
15364,12159,2025-09-02,signup,5.99,5.99
15365,12160,2025-09-03,signup,5.99,5.99
15366,12160,2025-10-03,cancel,5.99,-5.99
15367,12161,2025-08-27,signup,5.99,5.99
15368,12162,2025-08-23,signup,5.99,5.99
15369,12163,2025-08-14,signup,5.99,5.99
15370,12164,2025-08-12,signup,5.99,5.99
15371,12165,2025-08-22,signup,5.99,5.99
15372,12165,2025-09-21,cancel,5.99,-5.99
15373,12167,2025-08-21,signup,5.99,5.99
15374,12168,2025-08-24,signup,5.99,5.99
15375,12168,2025-11-22,cancel,5.99,-5.99
15376,12169,2025-09-08,signup,5.99,5.99
15377,12170,2025-08-30,signup,5.99,5.99
15378,12171,2025-08-11,signup,5.99,5.99
15379,12171,2025-09-10,cancel,5.99,-5.99
15380,12172,2025-08-12,signup,5.99,5.99
15381,12173,2025-08-29,signup,5.99,5.99
15382,12174,2025-08-16,signup,5.99,5.99
15383,12176,2025-08-23,signup,5.99,5.99
15384,12177,2025-09-02,signup,5.99,5.99
15385,12178,2025-08-18,signup,5.99,5.99
15386,12178,2025-09-17,cancel,5.99,-5.99
15387,12180,2025-08-30,signup,5.99,5.99
15388,12181,2025-08-24,signup,5.99,5.99
15389,12182,2025-08-23,signup,5.99,5.99
15390,12183,2025-08-15,signup,5.99,5.99
15391,12183,2025-09-14,cancel,5.99,-5.99
15392,12184,2025-09-04,signup,5.99,5.99
15393,12185,2025-08-17,signup,5.99,5.99
15394,12185,2025-12-15,cancel,5.99,-5.99
15395,12186,2025-09-03,signup,5.99,5.99
15396,12186,2025-12-02,cancel,5.99,-5.99
15397,12187,2025-08-20,signup,5.99,5.99
15398,12187,2025-11-18,cancel,5.99,-5.99
15399,12188,2025-08-16,signup,5.99,5.99
15400,12189,2025-08-28,signup,5.99,5.99
15401,12190,2025-08-24,signup,5.99,5.99
15402,12191,2025-08-13,signup,5.99,5.99
15403,12192,2025-08-31,signup,5.99,5.99
15404,12193,2025-08-24,signup,5.99,5.99
15405,12194,2025-08-13,signup,5.99,5.99
15406,12194,2025-09-12,cancel,5.99,-5.99
15407,12195,2025-08-29,signup,5.99,5.99
15408,12196,2025-09-07,signup,5.99,5.99
15409,12198,2025-09-06,signup,5.99,5.99
15410,12199,2025-08-31,signup,5.99,5.99
15411,12200,2025-08-17,signup,5.99,5.99
15412,12200,2025-11-15,cancel,5.99,-5.99
15413,12204,2025-09-10,signup,5.99,5.99
15414,12205,2025-09-09,signup,5.99,5.99
15415,12205,2025-11-08,cancel,5.99,-5.99
15416,12206,2025-09-03,signup,5.99,5.99
15417,12206,2025-12-02,cancel,5.99,-5.99
15418,12207,2025-09-06,signup,5.99,5.99
15419,12207,2025-10-06,cancel,5.99,-5.99
15420,12208,2025-08-20,signup,5.99,5.99
15421,12208,2025-11-18,cancel,5.99,-5.99
15422,12209,2025-08-18,signup,5.99,5.99
15423,12210,2025-08-19,signup,5.99,5.99
15424,12211,2025-08-24,signup,5.99,5.99
15425,12212,2025-08-28,signup,5.99,5.99
15426,12213,2025-08-23,signup,5.99,5.99
15427,12215,2025-09-01,signup,5.99,5.99
15428,12216,2025-08-14,signup,5.99,5.99
15429,12217,2025-08-26,signup,5.99,5.99
15430,12218,2025-08-22,signup,5.99,5.99
15431,12220,2025-08-29,signup,5.99,5.99
15432,12220,2025-09-28,cancel,5.99,-5.99
15433,12221,2025-09-09,signup,5.99,5.99
15434,12222,2025-09-02,signup,5.99,5.99
15435,12223,2025-09-02,signup,5.99,5.99
15436,12223,2025-10-02,cancel,5.99,-5.99
15437,12224,2025-08-24,signup,5.99,5.99
15438,12226,2025-08-31,signup,5.99,5.99
15439,12227,2025-08-14,signup,5.99,5.99
15440,12227,2025-09-13,cancel,5.99,-5.99
15441,12228,2025-09-11,signup,5.99,5.99
15442,12229,2025-09-01,signup,5.99,5.99
15443,12230,2025-08-26,signup,5.99,5.99
15444,12232,2025-09-06,signup,5.99,5.99
15445,12232,2025-11-05,cancel,5.99,-5.99
15446,12233,2025-08-26,signup,5.99,5.99
15447,12234,2025-08-14,signup,5.99,5.99
15448,12235,2025-08-19,signup,5.99,5.99
15449,12236,2025-08-29,signup,5.99,5.99
15450,12237,2025-08-22,signup,5.99,5.99
15451,12237,2025-09-21,cancel,5.99,-5.99
15452,12238,2025-08-29,signup,5.99,5.99
15453,12239,2025-09-04,signup,5.99,5.99
15454,12239,2025-12-03,cancel,5.99,-5.99
15455,12240,2025-08-17,signup,5.99,5.99
15456,12241,2025-08-19,signup,5.99,5.99
15457,12241,2025-12-17,cancel,5.99,-5.99
15458,12242,2025-08-18,signup,5.99,5.99
15459,12242,2025-10-17,cancel,5.99,-5.99
15460,12243,2025-08-21,signup,5.99,5.99
15461,12243,2025-12-19,cancel,5.99,-5.99
15462,12244,2025-08-17,signup,5.99,5.99
15463,12244,2025-10-16,cancel,5.99,-5.99
15464,12245,2025-09-09,signup,5.99,5.99
15465,12246,2025-09-04,signup,5.99,5.99
15466,12246,2025-10-04,cancel,5.99,-5.99
15467,12247,2025-09-06,signup,5.99,5.99
15468,12248,2025-08-21,signup,5.99,5.99
15469,12249,2025-09-07,signup,5.99,5.99
15470,12250,2025-08-19,signup,5.99,5.99
15471,12250,2025-10-18,cancel,5.99,-5.99
15472,12252,2025-09-13,signup,5.99,5.99
15473,12252,2025-12-12,cancel,5.99,-5.99
15474,12253,2025-09-06,signup,5.99,5.99
15475,12254,2025-09-10,signup,5.99,5.99
15476,12255,2025-09-05,signup,5.99,5.99
15477,12256,2025-08-30,signup,5.99,5.99
15478,12256,2025-11-28,cancel,5.99,-5.99
15479,12257,2025-09-13,signup,5.99,5.99
15480,12259,2025-08-18,signup,5.99,5.99
15481,12260,2025-09-06,signup,5.99,5.99
15482,12261,2025-08-28,signup,5.99,5.99
15483,12262,2025-09-08,signup,5.99,5.99
15484,12262,2025-12-07,cancel,5.99,-5.99
15485,12263,2025-08-29,signup,5.99,5.99
15486,12264,2025-08-31,signup,5.99,5.99
15487,12264,2025-09-30,cancel,5.99,-5.99
15488,12265,2025-08-28,signup,5.99,5.99
15489,12266,2025-09-02,signup,5.99,5.99
15490,12266,2025-10-02,cancel,5.99,-5.99
15491,12267,2025-08-21,signup,5.99,5.99
15492,12268,2025-09-04,signup,5.99,5.99
15493,12269,2025-09-13,signup,5.99,5.99
15494,12270,2025-08-19,signup,5.99,5.99
15495,12270,2025-09-18,cancel,5.99,-5.99
15496,12271,2025-08-26,signup,5.99,5.99
15497,12272,2025-08-16,signup,5.99,5.99
15498,12273,2025-09-06,signup,5.99,5.99
15499,12274,2025-08-18,signup,5.99,5.99
15500,12275,2025-08-15,signup,5.99,5.99
15501,12275,2025-11-13,cancel,5.99,-5.99
15502,12276,2025-08-17,signup,5.99,5.99
15503,12277,2025-08-25,signup,5.99,5.99
15504,12277,2025-09-24,cancel,5.99,-5.99
15505,12278,2025-08-17,signup,5.99,5.99
15506,12279,2025-09-07,signup,5.99,5.99
15507,12280,2025-09-05,signup,5.99,5.99
15508,12281,2025-09-03,signup,5.99,5.99
15509,12281,2025-10-03,cancel,5.99,-5.99
15510,12282,2025-08-18,signup,5.99,5.99
15511,12283,2025-08-25,signup,5.99,5.99
15512,12284,2025-09-05,signup,5.99,5.99
15513,12285,2025-08-23,signup,5.99,5.99
15514,12285,2025-09-22,cancel,5.99,-5.99
15515,12286,2025-08-24,signup,5.99,5.99
15516,12287,2025-08-30,signup,5.99,5.99
15517,12287,2025-09-29,cancel,5.99,-5.99
15518,12288,2025-09-03,signup,5.99,5.99
15519,12289,2025-08-18,signup,5.99,5.99
15520,12291,2025-09-10,signup,5.99,5.99
15521,12292,2025-09-07,signup,5.99,5.99
15522,12293,2025-08-22,signup,5.99,5.99
15523,12293,2025-12-20,cancel,5.99,-5.99
15524,12294,2025-08-21,signup,5.99,5.99
15525,12295,2025-09-03,signup,5.99,5.99
15526,12296,2025-09-14,signup,5.99,5.99
15527,12296,2025-10-14,cancel,5.99,-5.99
15528,12297,2025-08-26,signup,5.99,5.99
15529,12298,2025-08-27,signup,5.99,5.99
15530,12299,2025-09-01,signup,5.99,5.99
15531,12299,2025-12-30,cancel,5.99,-5.99
15532,12300,2025-08-23,signup,5.99,5.99
15533,12302,2025-09-02,signup,5.99,5.99
15534,12303,2025-08-28,signup,5.99,5.99
15535,12305,2025-08-19,signup,5.99,5.99
15536,12306,2025-08-29,signup,5.99,5.99
15537,12307,2025-08-26,signup,5.99,5.99
15538,12308,2025-09-06,signup,5.99,5.99
15539,12309,2025-09-05,signup,5.99,5.99
15540,12310,2025-08-31,signup,5.99,5.99
15541,12311,2025-09-10,signup,5.99,5.99
15542,12312,2025-09-12,signup,5.99,5.99
15543,12313,2025-08-31,signup,5.99,5.99
15544,12314,2025-09-12,signup,5.99,5.99
15545,12315,2025-09-09,signup,5.99,5.99
15546,12316,2025-08-22,signup,5.99,5.99
15547,12317,2025-09-12,signup,5.99,5.99
15548,12319,2025-08-25,signup,5.99,5.99
15549,12320,2025-09-09,signup,5.99,5.99
15550,12320,2025-10-09,cancel,5.99,-5.99
15551,12321,2025-09-14,signup,5.99,5.99
15552,12321,2025-12-13,cancel,5.99,-5.99
15553,12322,2025-08-30,signup,5.99,5.99
15554,12323,2025-09-09,signup,5.99,5.99
15555,12323,2025-11-08,cancel,5.99,-5.99
15556,12324,2025-09-12,signup,5.99,5.99
15557,12325,2025-08-29,signup,5.99,5.99
15558,12325,2025-12-27,cancel,5.99,-5.99
15559,12326,2025-08-19,signup,5.99,5.99
15560,12327,2025-09-11,signup,5.99,5.99
15561,12328,2025-08-17,signup,5.99,5.99
15562,12328,2025-10-16,cancel,5.99,-5.99
15563,12329,2025-09-09,signup,5.99,5.99
15564,12330,2025-08-29,signup,5.99,5.99
15565,12331,2025-08-28,signup,5.99,5.99
15566,12332,2025-09-10,signup,5.99,5.99
15567,12333,2025-09-04,signup,5.99,5.99
15568,12333,2025-12-03,cancel,5.99,-5.99
15569,12334,2025-09-12,signup,5.99,5.99
15570,12335,2025-08-17,signup,5.99,5.99
15571,12336,2025-09-02,signup,5.99,5.99
15572,12337,2025-08-18,signup,5.99,5.99
15573,12337,2025-12-16,cancel,5.99,-5.99
15574,12338,2025-09-03,signup,5.99,5.99
15575,12338,2025-11-02,cancel,5.99,-5.99
15576,12339,2025-08-24,signup,5.99,5.99
15577,12339,2025-09-23,cancel,5.99,-5.99
15578,12340,2025-09-04,signup,5.99,5.99
15579,12340,2025-10-04,cancel,5.99,-5.99
15580,12341,2025-08-17,signup,5.99,5.99
15581,12343,2025-09-11,signup,5.99,5.99
15582,12344,2025-09-12,signup,5.99,5.99
15583,12345,2025-09-06,signup,5.99,5.99
15584,12345,2025-10-06,cancel,5.99,-5.99
15585,12346,2025-08-20,signup,5.99,5.99
15586,12347,2025-08-25,signup,5.99,5.99
15587,12347,2025-09-24,cancel,5.99,-5.99
15588,12348,2025-09-07,signup,5.99,5.99
15589,12348,2025-11-06,cancel,5.99,-5.99
15590,12350,2025-08-26,signup,5.99,5.99
15591,12350,2025-11-24,cancel,5.99,-5.99
15592,12351,2025-08-18,signup,5.99,5.99
15593,12352,2025-09-10,signup,5.99,5.99
15594,12353,2025-09-01,signup,5.99,5.99
15595,12353,2025-10-01,cancel,5.99,-5.99
15596,12354,2025-09-03,signup,5.99,5.99
15597,12356,2025-08-17,signup,5.99,5.99
15598,12357,2025-08-18,signup,5.99,5.99
15599,12357,2025-09-17,cancel,5.99,-5.99
15600,12358,2025-09-09,signup,5.99,5.99
15601,12358,2025-10-09,cancel,5.99,-5.99
15602,12359,2025-08-22,signup,5.99,5.99
15603,12360,2025-08-30,signup,5.99,5.99
15604,12361,2025-08-20,signup,5.99,5.99
15605,12362,2025-08-21,signup,5.99,5.99
15606,12363,2025-09-10,signup,5.99,5.99
15607,12364,2025-08-29,signup,5.99,5.99
15608,12365,2025-08-22,signup,5.99,5.99
15609,12366,2025-08-27,signup,5.99,5.99
15610,12367,2025-09-02,signup,5.99,5.99
15611,12368,2025-08-27,signup,5.99,5.99
15612,12369,2025-09-03,signup,5.99,5.99
15613,12370,2025-08-20,signup,5.99,5.99
15614,12371,2025-08-19,signup,5.99,5.99
15615,12372,2025-08-28,signup,5.99,5.99
15616,12373,2025-09-03,signup,5.99,5.99
15617,12374,2025-08-30,signup,5.99,5.99
15618,12376,2025-09-15,signup,5.99,5.99
15619,12376,2025-10-15,cancel,5.99,-5.99
15620,12377,2025-09-05,signup,5.99,5.99
15621,12378,2025-09-06,signup,5.99,5.99
15622,12379,2025-09-07,signup,5.99,5.99
15623,12380,2025-08-22,signup,5.99,5.99
15624,12381,2025-09-03,signup,5.99,5.99
15625,12383,2025-08-26,signup,5.99,5.99
15626,12383,2025-09-25,cancel,5.99,-5.99
15627,12384,2025-08-18,signup,5.99,5.99
15628,12385,2025-08-22,signup,5.99,5.99
15629,12386,2025-08-23,signup,5.99,5.99
15630,12387,2025-09-01,signup,5.99,5.99
15631,12388,2025-08-18,signup,5.99,5.99
15632,12389,2025-09-10,signup,5.99,5.99
15633,12390,2025-09-13,signup,5.99,5.99
15634,12392,2025-09-04,signup,5.99,5.99
15635,12393,2025-09-12,signup,5.99,5.99
15636,12394,2025-08-21,signup,5.99,5.99
15637,12394,2025-12-19,cancel,5.99,-5.99
15638,12395,2025-08-24,signup,5.99,5.99
15639,12395,2025-12-22,cancel,5.99,-5.99
15640,12396,2025-09-07,signup,5.99,5.99
15641,12397,2025-08-24,signup,5.99,5.99
15642,12398,2025-09-07,signup,5.99,5.99
15643,12398,2025-12-06,cancel,5.99,-5.99
15644,12399,2025-08-21,signup,5.99,5.99
15645,12399,2025-11-19,cancel,5.99,-5.99
15646,12400,2025-09-17,signup,5.99,5.99
15647,12400,2025-10-17,cancel,5.99,-5.99
15648,12401,2025-08-18,signup,5.99,5.99
15649,12401,2025-10-17,cancel,5.99,-5.99
15650,12402,2025-09-12,signup,5.99,5.99
15651,12403,2025-09-15,signup,5.99,5.99
15652,12403,2025-10-15,cancel,5.99,-5.99
15653,12404,2025-09-11,signup,5.99,5.99
15654,12405,2025-09-12,signup,5.99,5.99
15655,12406,2025-08-24,signup,5.99,5.99
15656,12407,2025-09-01,signup,5.99,5.99
15657,12408,2025-09-17,signup,5.99,5.99
15658,12408,2025-12-16,cancel,5.99,-5.99
15659,12410,2025-09-04,signup,5.99,5.99
15660,12410,2025-10-04,cancel,5.99,-5.99
15661,12411,2025-09-11,signup,5.99,5.99
15662,12412,2025-09-04,signup,5.99,5.99
15663,12413,2025-08-25,signup,5.99,5.99
15664,12414,2025-08-24,signup,5.99,5.99
15665,12415,2025-08-19,signup,5.99,5.99
15666,12416,2025-09-07,signup,5.99,5.99
15667,12417,2025-08-28,signup,5.99,5.99
15668,12418,2025-08-25,signup,5.99,5.99
15669,12418,2025-11-23,cancel,5.99,-5.99
15670,12419,2025-08-20,signup,5.99,5.99
15671,12420,2025-09-04,signup,5.99,5.99
15672,12421,2025-09-18,signup,5.99,5.99
15673,12422,2025-09-01,signup,5.99,5.99
15674,12423,2025-09-02,signup,5.99,5.99
15675,12424,2025-08-21,signup,5.99,5.99
15676,12425,2025-09-11,signup,5.99,5.99
15677,12426,2025-09-12,signup,5.99,5.99
15678,12427,2025-09-07,signup,5.99,5.99
15679,12427,2025-10-07,cancel,5.99,-5.99
15680,12428,2025-08-21,signup,5.99,5.99
15681,12428,2025-10-20,cancel,5.99,-5.99
15682,12429,2025-08-31,signup,5.99,5.99
15683,12430,2025-09-01,signup,5.99,5.99
15684,12431,2025-09-14,signup,5.99,5.99
15685,12431,2025-11-13,cancel,5.99,-5.99
15686,12432,2025-09-07,signup,5.99,5.99
15687,12433,2025-09-09,signup,5.99,5.99
15688,12434,2025-08-24,signup,5.99,5.99
15689,12435,2025-08-29,signup,5.99,5.99
15690,12437,2025-09-10,signup,5.99,5.99
15691,12438,2025-08-20,signup,5.99,5.99
15692,12439,2025-08-22,signup,5.99,5.99
15693,12441,2025-09-01,signup,5.99,5.99
15694,12441,2025-10-01,cancel,5.99,-5.99
15695,12442,2025-09-02,signup,5.99,5.99
15696,12443,2025-09-11,signup,5.99,5.99
15697,12444,2025-09-13,signup,5.99,5.99
15698,12446,2025-08-24,signup,5.99,5.99
15699,12447,2025-09-02,signup,5.99,5.99
15700,12448,2025-09-15,signup,5.99,5.99
15701,12449,2025-09-05,signup,5.99,5.99
15702,12450,2025-08-24,signup,5.99,5.99
15703,12451,2025-08-20,signup,5.99,5.99
15704,12452,2025-09-03,signup,5.99,5.99
15705,12453,2025-09-08,signup,5.99,5.99
15706,12453,2025-12-07,cancel,5.99,-5.99
15707,12454,2025-09-17,signup,5.99,5.99
15708,12455,2025-09-02,signup,5.99,5.99
15709,12457,2025-08-23,signup,5.99,5.99
15710,12458,2025-09-13,signup,5.99,5.99
15711,12459,2025-08-29,signup,5.99,5.99
15712,12460,2025-09-04,signup,5.99,5.99
15713,12461,2025-09-16,signup,5.99,5.99
15714,12462,2025-09-13,signup,5.99,5.99
15715,12463,2025-08-23,signup,5.99,5.99
15716,12464,2025-09-08,signup,5.99,5.99
15717,12464,2025-11-07,cancel,5.99,-5.99
15718,12465,2025-08-29,signup,5.99,5.99
15719,12466,2025-08-22,signup,5.99,5.99
15720,12467,2025-08-29,signup,5.99,5.99
15721,12468,2025-08-26,signup,5.99,5.99
15722,12469,2025-09-16,signup,5.99,5.99
15723,12470,2025-09-18,signup,5.99,5.99
15724,12470,2025-12-17,cancel,5.99,-5.99
15725,12471,2025-08-21,signup,5.99,5.99
15726,12471,2025-10-20,cancel,5.99,-5.99
15727,12473,2025-09-07,signup,5.99,5.99
15728,12475,2025-08-29,signup,5.99,5.99
15729,12476,2025-09-05,signup,5.99,5.99
15730,12477,2025-09-19,signup,5.99,5.99
15731,12478,2025-09-04,signup,5.99,5.99
15732,12479,2025-08-31,signup,5.99,5.99
15733,12480,2025-08-30,signup,5.99,5.99
15734,12480,2025-10-29,cancel,5.99,-5.99
15735,12482,2025-09-18,signup,5.99,5.99
15736,12483,2025-08-31,signup,5.99,5.99
15737,12484,2025-08-31,signup,5.99,5.99
15738,12485,2025-09-20,signup,5.99,5.99
15739,12485,2025-11-19,cancel,5.99,-5.99
15740,12487,2025-09-18,signup,5.99,5.99
15741,12488,2025-09-08,signup,5.99,5.99
15742,12488,2025-10-08,cancel,5.99,-5.99
15743,12489,2025-09-03,signup,5.99,5.99
15744,12489,2025-12-02,cancel,5.99,-5.99
15745,12490,2025-09-11,signup,5.99,5.99
15746,12490,2025-11-10,cancel,5.99,-5.99
15747,12491,2025-09-17,signup,5.99,5.99
15748,12491,2025-11-16,cancel,5.99,-5.99
15749,12492,2025-09-17,signup,5.99,5.99
15750,12492,2025-11-16,cancel,5.99,-5.99
15751,12493,2025-09-05,signup,5.99,5.99
15752,12493,2025-12-04,cancel,5.99,-5.99
15753,12494,2025-09-04,signup,5.99,5.99
15754,12494,2025-11-03,cancel,5.99,-5.99
15755,12495,2025-09-14,signup,5.99,5.99
15756,12496,2025-08-24,signup,5.99,5.99
15757,12497,2025-09-13,signup,5.99,5.99
15758,12498,2025-09-20,signup,5.99,5.99
15759,12499,2025-09-07,signup,5.99,5.99
15760,12499,2025-10-07,cancel,5.99,-5.99
15761,12500,2025-09-14,signup,5.99,5.99
15762,12501,2025-08-31,signup,5.99,5.99
15763,12502,2025-09-12,signup,5.99,5.99
15764,12503,2025-08-28,signup,5.99,5.99
15765,12504,2025-09-11,signup,5.99,5.99
15766,12505,2025-08-31,signup,5.99,5.99
15767,12505,2025-09-30,cancel,5.99,-5.99
15768,12506,2025-09-14,signup,5.99,5.99
15769,12507,2025-09-03,signup,5.99,5.99
15770,12508,2025-09-12,signup,5.99,5.99
15771,12509,2025-09-03,signup,5.99,5.99
15772,12509,2025-12-02,cancel,5.99,-5.99
15773,12510,2025-08-29,signup,5.99,5.99
15774,12510,2025-09-28,cancel,5.99,-5.99
15775,12511,2025-09-06,signup,5.99,5.99
15776,12511,2025-11-05,cancel,5.99,-5.99
15777,12512,2025-08-23,signup,5.99,5.99
15778,12512,2025-11-21,cancel,5.99,-5.99
15779,12513,2025-08-31,signup,5.99,5.99
15780,12513,2025-09-30,cancel,5.99,-5.99
15781,12515,2025-09-07,signup,5.99,5.99
15782,12516,2025-09-19,signup,5.99,5.99
15783,12516,2025-11-18,cancel,5.99,-5.99
15784,12518,2025-09-09,signup,5.99,5.99
15785,12520,2025-09-18,signup,5.99,5.99
15786,12521,2025-09-15,signup,5.99,5.99
15787,12521,2025-10-15,cancel,5.99,-5.99
15788,12522,2025-08-28,signup,5.99,5.99
15789,12522,2025-10-27,cancel,5.99,-5.99
15790,12523,2025-09-14,signup,5.99,5.99
15791,12523,2025-11-13,cancel,5.99,-5.99
15792,12524,2025-09-13,signup,5.99,5.99
15793,12524,2025-10-13,cancel,5.99,-5.99
15794,12525,2025-09-02,signup,5.99,5.99
15795,12525,2025-10-02,cancel,5.99,-5.99
15796,12526,2025-09-14,signup,5.99,5.99
15797,12527,2025-08-26,signup,5.99,5.99
15798,12528,2025-08-29,signup,5.99,5.99
15799,12529,2025-09-17,signup,5.99,5.99
15800,12529,2025-10-17,cancel,5.99,-5.99
15801,12530,2025-09-09,signup,5.99,5.99
15802,12531,2025-08-24,signup,5.99,5.99
15803,12532,2025-08-22,signup,5.99,5.99
15804,12533,2025-08-28,signup,5.99,5.99
15805,12534,2025-09-03,signup,5.99,5.99
15806,12535,2025-09-21,signup,5.99,5.99
15807,12535,2025-10-21,cancel,5.99,-5.99
15808,12536,2025-09-05,signup,5.99,5.99
15809,12537,2025-08-31,signup,5.99,5.99
15810,12538,2025-09-19,signup,5.99,5.99
15811,12539,2025-08-29,signup,5.99,5.99
15812,12540,2025-09-21,signup,5.99,5.99
15813,12541,2025-08-30,signup,5.99,5.99
15814,12542,2025-09-15,signup,5.99,5.99
15815,12543,2025-09-06,signup,5.99,5.99
15816,12544,2025-09-03,signup,5.99,5.99
15817,12544,2025-11-02,cancel,5.99,-5.99
15818,12545,2025-09-07,signup,5.99,5.99
15819,12546,2025-09-07,signup,5.99,5.99
15820,12547,2025-09-02,signup,5.99,5.99
15821,12548,2025-09-17,signup,5.99,5.99
15822,12548,2025-11-16,cancel,5.99,-5.99
15823,12549,2025-09-16,signup,5.99,5.99
15824,12550,2025-09-14,signup,5.99,5.99
15825,12551,2025-09-03,signup,5.99,5.99
15826,12552,2025-09-03,signup,5.99,5.99
15827,12552,2025-10-03,cancel,5.99,-5.99
15828,12553,2025-09-22,signup,5.99,5.99
15829,12553,2025-11-21,cancel,5.99,-5.99
15830,12554,2025-09-02,signup,5.99,5.99
15831,12555,2025-09-05,signup,5.99,5.99
15832,12556,2025-08-29,signup,5.99,5.99
15833,12557,2025-09-06,signup,5.99,5.99
15834,12558,2025-09-20,signup,5.99,5.99
15835,12559,2025-09-05,signup,5.99,5.99
15836,12560,2025-09-07,signup,5.99,5.99
15837,12561,2025-09-05,signup,5.99,5.99
15838,12562,2025-09-06,signup,5.99,5.99
15839,12563,2025-08-26,signup,5.99,5.99
15840,12564,2025-09-14,signup,5.99,5.99
15841,12565,2025-09-22,signup,5.99,5.99
15842,12566,2025-09-08,signup,5.99,5.99
15843,12567,2025-08-30,signup,5.99,5.99
15844,12568,2025-09-14,signup,5.99,5.99
15845,12569,2025-09-22,signup,5.99,5.99
15846,12570,2025-09-15,signup,5.99,5.99
15847,12571,2025-09-11,signup,5.99,5.99
15848,12571,2025-10-11,cancel,5.99,-5.99
15849,12572,2025-09-06,signup,5.99,5.99
15850,12573,2025-09-10,signup,5.99,5.99
15851,12574,2025-09-07,signup,5.99,5.99
15852,12575,2025-09-17,signup,5.99,5.99
15853,12576,2025-08-31,signup,5.99,5.99
15854,12577,2025-09-03,signup,5.99,5.99
15855,12577,2025-10-03,cancel,5.99,-5.99
15856,12578,2025-09-02,signup,5.99,5.99
15857,12578,2025-11-01,cancel,5.99,-5.99
15858,12579,2025-09-18,signup,5.99,5.99
15859,12580,2025-09-19,signup,5.99,5.99
15860,12582,2025-09-03,signup,5.99,5.99
15861,12583,2025-09-02,signup,5.99,5.99
15862,12583,2025-10-02,cancel,5.99,-5.99
15863,12584,2025-08-31,signup,5.99,5.99
15864,12584,2025-10-30,cancel,5.99,-5.99
15865,12585,2025-09-08,signup,5.99,5.99
15866,12585,2025-10-08,cancel,5.99,-5.99
15867,12586,2025-09-07,signup,5.99,5.99
15868,12587,2025-09-15,signup,5.99,5.99
15869,12588,2025-09-22,signup,5.99,5.99
15870,12588,2025-10-22,cancel,5.99,-5.99
15871,12590,2025-08-29,signup,5.99,5.99
15872,12592,2025-09-04,signup,5.99,5.99
15873,12593,2025-08-28,signup,5.99,5.99
15874,12594,2025-09-02,signup,5.99,5.99
15875,12595,2025-09-06,signup,5.99,5.99
15876,12595,2025-11-05,cancel,5.99,-5.99
15877,12596,2025-09-07,signup,5.99,5.99
15878,12596,2025-12-06,cancel,5.99,-5.99
15879,12597,2025-08-28,signup,5.99,5.99
15880,12598,2025-08-25,signup,5.99,5.99
15881,12599,2025-08-29,signup,5.99,5.99
15882,12600,2025-09-19,signup,5.99,5.99
15883,12601,2025-09-09,signup,5.99,5.99
15884,12601,2025-10-09,cancel,5.99,-5.99
15885,12602,2025-08-26,signup,5.99,5.99
15886,12603,2025-09-12,signup,5.99,5.99
15887,12605,2025-08-27,signup,5.99,5.99
15888,12606,2025-09-20,signup,5.99,5.99
15889,12606,2025-12-19,cancel,5.99,-5.99
15890,12607,2025-09-06,signup,5.99,5.99
15891,12609,2025-09-04,signup,5.99,5.99
15892,12610,2025-09-08,signup,5.99,5.99
15893,12611,2025-09-06,signup,5.99,5.99
15894,12612,2025-08-26,signup,5.99,5.99
15895,12612,2025-12-24,cancel,5.99,-5.99
15896,12613,2025-09-20,signup,5.99,5.99
15897,12614,2025-09-13,signup,5.99,5.99
15898,12616,2025-09-21,signup,5.99,5.99
15899,12617,2025-08-31,signup,5.99,5.99
15900,12618,2025-08-28,signup,5.99,5.99
15901,12619,2025-09-17,signup,5.99,5.99
15902,12619,2025-11-16,cancel,5.99,-5.99
15903,12621,2025-09-24,signup,5.99,5.99
15904,12622,2025-08-26,signup,5.99,5.99
15905,12622,2025-09-25,cancel,5.99,-5.99
15906,12623,2025-08-26,signup,5.99,5.99
15907,12624,2025-09-20,signup,5.99,5.99
15908,12625,2025-08-25,signup,5.99,5.99
15909,12625,2025-09-24,cancel,5.99,-5.99
15910,12626,2025-09-04,signup,5.99,5.99
15911,12628,2025-09-23,signup,5.99,5.99
15912,12629,2025-09-08,signup,5.99,5.99
15913,12630,2025-09-06,signup,5.99,5.99
15914,12631,2025-08-29,signup,5.99,5.99
15915,12632,2025-09-22,signup,5.99,5.99
15916,12634,2025-09-13,signup,5.99,5.99
15917,12635,2025-08-27,signup,5.99,5.99
15918,12637,2025-08-29,signup,5.99,5.99
15919,12637,2025-12-27,cancel,5.99,-5.99
15920,12638,2025-09-18,signup,5.99,5.99
15921,12638,2025-12-17,cancel,5.99,-5.99
15922,12639,2025-08-26,signup,5.99,5.99
15923,12639,2025-09-25,cancel,5.99,-5.99
15924,12640,2025-09-13,signup,5.99,5.99
15925,12641,2025-09-24,signup,5.99,5.99
15926,12641,2025-11-23,cancel,5.99,-5.99
15927,12642,2025-09-01,signup,5.99,5.99
15928,12642,2025-10-01,cancel,5.99,-5.99
15929,12643,2025-09-22,signup,5.99,5.99
15930,12644,2025-08-28,signup,5.99,5.99
15931,12645,2025-09-18,signup,5.99,5.99
15932,12647,2025-09-14,signup,5.99,5.99
15933,12647,2025-12-13,cancel,5.99,-5.99
15934,12648,2025-08-28,signup,5.99,5.99
15935,12649,2025-08-26,signup,5.99,5.99
15936,12649,2025-09-25,cancel,5.99,-5.99
15937,12650,2025-08-26,signup,5.99,5.99
15938,12651,2025-08-28,signup,5.99,5.99
15939,12652,2025-09-02,signup,5.99,5.99
15940,12652,2025-12-01,cancel,5.99,-5.99
15941,12653,2025-09-06,signup,5.99,5.99
15942,12655,2025-09-03,signup,5.99,5.99
15943,12656,2025-09-08,signup,5.99,5.99
15944,12657,2025-08-26,signup,5.99,5.99
15945,12658,2025-09-20,signup,5.99,5.99
15946,12659,2025-09-25,signup,5.99,5.99
15947,12660,2025-08-27,signup,5.99,5.99
15948,12661,2025-09-25,signup,5.99,5.99
15949,12662,2025-09-23,signup,5.99,5.99
15950,12664,2025-09-02,signup,5.99,5.99
15951,12664,2025-10-02,cancel,5.99,-5.99
15952,12665,2025-09-21,signup,5.99,5.99
15953,12667,2025-09-05,signup,5.99,5.99
15954,12667,2025-10-05,cancel,5.99,-5.99
15955,12668,2025-09-23,signup,5.99,5.99
15956,12669,2025-09-24,signup,5.99,5.99
15957,12671,2025-09-25,signup,5.99,5.99
15958,12672,2025-09-24,signup,5.99,5.99
15959,12674,2025-09-17,signup,5.99,5.99
15960,12675,2025-09-09,signup,5.99,5.99
15961,12676,2025-09-01,signup,5.99,5.99
15962,12676,2025-10-01,cancel,5.99,-5.99
15963,12677,2025-09-14,signup,5.99,5.99
15964,12678,2025-09-25,signup,5.99,5.99
15965,12678,2025-12-24,cancel,5.99,-5.99
15966,12680,2025-09-09,signup,5.99,5.99
15967,12681,2025-08-29,signup,5.99,5.99
15968,12682,2025-09-05,signup,5.99,5.99
15969,12682,2025-11-04,cancel,5.99,-5.99
15970,12683,2025-09-20,signup,5.99,5.99
15971,12684,2025-08-29,signup,5.99,5.99
15972,12685,2025-09-04,signup,5.99,5.99
15973,12686,2025-09-25,signup,5.99,5.99
15974,12687,2025-09-25,signup,5.99,5.99
15975,12688,2025-09-17,signup,5.99,5.99
15976,12689,2025-09-21,signup,5.99,5.99
15977,12689,2025-10-21,cancel,5.99,-5.99
15978,12690,2025-08-28,signup,5.99,5.99
15979,12690,2025-11-26,cancel,5.99,-5.99
15980,12691,2025-09-15,signup,5.99,5.99
15981,12692,2025-09-22,signup,5.99,5.99
15982,12692,2025-12-21,cancel,5.99,-5.99
15983,12693,2025-08-28,signup,5.99,5.99
15984,12694,2025-09-24,signup,5.99,5.99
15985,12694,2025-10-24,cancel,5.99,-5.99
15986,12695,2025-09-10,signup,5.99,5.99
15987,12696,2025-09-12,signup,5.99,5.99
15988,12696,2025-10-12,cancel,5.99,-5.99
15989,12697,2025-09-24,signup,5.99,5.99
15990,12697,2025-11-23,cancel,5.99,-5.99
15991,12698,2025-09-08,signup,5.99,5.99
15992,12701,2025-09-11,signup,5.99,5.99
15993,12702,2025-09-26,signup,5.99,5.99
15994,12703,2025-09-25,signup,5.99,5.99
15995,12704,2025-09-18,signup,5.99,5.99
15996,12704,2025-11-17,cancel,5.99,-5.99
15997,12705,2025-09-10,signup,5.99,5.99
15998,12707,2025-09-03,signup,5.99,5.99
15999,12707,2025-12-02,cancel,5.99,-5.99
16000,12709,2025-08-31,signup,5.99,5.99
16001,12710,2025-09-24,signup,5.99,5.99
16002,12711,2025-09-02,signup,5.99,5.99
16003,12712,2025-09-13,signup,5.99,5.99
16004,12713,2025-09-02,signup,5.99,5.99
16005,12714,2025-09-12,signup,5.99,5.99
16006,12714,2025-10-12,cancel,5.99,-5.99
16007,12715,2025-09-03,signup,5.99,5.99
16008,12717,2025-09-27,signup,5.99,5.99
16009,12718,2025-09-10,signup,5.99,5.99
16010,12718,2025-12-09,cancel,5.99,-5.99
16011,12719,2025-09-14,signup,5.99,5.99
16012,12720,2025-09-12,signup,5.99,5.99
16013,12721,2025-09-22,signup,5.99,5.99
16014,12722,2025-09-22,signup,5.99,5.99
16015,12724,2025-09-03,signup,5.99,5.99
16016,12725,2025-09-03,signup,5.99,5.99
16017,12726,2025-08-29,signup,5.99,5.99
16018,12727,2025-09-26,signup,5.99,5.99
16019,12728,2025-09-24,signup,5.99,5.99
16020,12729,2025-09-27,signup,5.99,5.99
16021,12729,2025-11-26,cancel,5.99,-5.99
16022,12730,2025-09-19,signup,5.99,5.99
16023,12730,2025-11-18,cancel,5.99,-5.99
16024,12731,2025-09-04,signup,5.99,5.99
16025,12732,2025-09-09,signup,5.99,5.99
16026,12733,2025-09-19,signup,5.99,5.99
16027,12733,2025-11-18,cancel,5.99,-5.99
16028,12734,2025-09-25,signup,5.99,5.99
16029,12735,2025-09-11,signup,5.99,5.99
16030,12735,2025-10-11,cancel,5.99,-5.99
16031,12737,2025-08-31,signup,5.99,5.99
16032,12737,2025-11-29,cancel,5.99,-5.99
16033,12738,2025-09-13,signup,5.99,5.99
16034,12739,2025-09-22,signup,5.99,5.99
16035,12740,2025-09-20,signup,5.99,5.99
16036,12740,2025-10-20,cancel,5.99,-5.99
16037,12741,2025-09-09,signup,5.99,5.99
16038,12742,2025-09-07,signup,5.99,5.99
16039,12743,2025-09-09,signup,5.99,5.99
16040,12746,2025-09-19,signup,5.99,5.99
16041,12746,2025-10-19,cancel,5.99,-5.99
16042,12747,2025-09-28,signup,5.99,5.99
16043,12748,2025-09-20,signup,5.99,5.99
16044,12750,2025-09-28,signup,5.99,5.99
16045,12751,2025-09-06,signup,5.99,5.99
16046,12752,2025-09-26,signup,5.99,5.99
16047,12753,2025-09-22,signup,5.99,5.99
16048,12754,2025-09-05,signup,5.99,5.99
16049,12757,2025-09-12,signup,5.99,5.99
16050,12758,2025-09-11,signup,5.99,5.99
16051,12759,2025-09-14,signup,5.99,5.99
16052,12759,2025-10-14,cancel,5.99,-5.99
16053,12760,2025-09-05,signup,5.99,5.99
16054,12761,2025-09-14,signup,5.99,5.99
16055,12762,2025-09-22,signup,5.99,5.99
16056,12764,2025-09-04,signup,5.99,5.99
16057,12765,2025-09-13,signup,5.99,5.99
16058,12766,2025-09-29,signup,5.99,5.99
16059,12767,2025-09-17,signup,5.99,5.99
16060,12768,2025-08-30,signup,5.99,5.99
16061,12769,2025-09-14,signup,5.99,5.99
16062,12770,2025-09-21,signup,5.99,5.99
16063,12771,2025-09-25,signup,5.99,5.99
16064,12772,2025-09-04,signup,5.99,5.99
16065,12772,2025-10-04,cancel,5.99,-5.99
16066,12773,2025-09-15,signup,5.99,5.99
16067,12774,2025-09-06,signup,5.99,5.99
16068,12775,2025-09-18,signup,5.99,5.99
16069,12775,2025-12-17,cancel,5.99,-5.99
16070,12776,2025-09-08,signup,5.99,5.99
16071,12777,2025-09-01,signup,5.99,5.99
16072,12778,2025-09-25,signup,5.99,5.99
16073,12779,2025-09-02,signup,5.99,5.99
16074,12779,2025-10-02,cancel,5.99,-5.99
16075,12780,2025-09-15,signup,5.99,5.99
16076,12781,2025-09-19,signup,5.99,5.99
16077,12783,2025-09-24,signup,5.99,5.99
16078,12784,2025-09-17,signup,5.99,5.99
16079,12785,2025-09-26,signup,5.99,5.99
16080,12785,2025-10-26,cancel,5.99,-5.99
16081,12786,2025-09-01,signup,5.99,5.99
16082,12788,2025-09-11,signup,5.99,5.99
16083,12789,2025-09-13,signup,5.99,5.99
16084,12790,2025-09-24,signup,5.99,5.99
16085,12793,2025-09-15,signup,5.99,5.99
16086,12794,2025-09-22,signup,5.99,5.99
16087,12794,2025-10-22,cancel,5.99,-5.99
16088,12795,2025-09-23,signup,5.99,5.99
16089,12795,2025-10-23,cancel,5.99,-5.99
16090,12796,2025-09-07,signup,5.99,5.99
16091,12797,2025-09-25,signup,5.99,5.99
16092,12798,2025-09-11,signup,5.99,5.99
16093,12799,2025-09-03,signup,5.99,5.99
16094,12800,2025-09-02,signup,5.99,5.99
16095,12801,2025-09-20,signup,5.99,5.99
16096,12801,2025-10-20,cancel,5.99,-5.99
16097,12802,2025-09-03,signup,5.99,5.99
16098,12803,2025-09-10,signup,5.99,5.99
16099,12804,2025-09-20,signup,5.99,5.99
16100,12805,2025-09-25,signup,5.99,5.99
16101,12806,2025-09-30,signup,5.99,5.99
16102,12807,2025-09-13,signup,5.99,5.99
16103,12809,2025-09-02,signup,5.99,5.99
16104,12810,2025-09-30,signup,5.99,5.99
16105,12810,2025-11-29,cancel,5.99,-5.99
16106,12811,2025-09-22,signup,5.99,5.99
16107,12813,2025-09-11,signup,5.99,5.99
16108,12814,2025-09-24,signup,5.99,5.99
16109,12814,2025-12-23,cancel,5.99,-5.99
16110,12816,2025-09-12,signup,5.99,5.99
16111,12816,2025-10-12,cancel,5.99,-5.99
16112,12817,2025-09-17,signup,5.99,5.99
16113,12818,2025-09-22,signup,5.99,5.99
16114,12819,2025-09-07,signup,5.99,5.99
16115,12820,2025-09-17,signup,5.99,5.99
16116,12820,2025-10-17,cancel,5.99,-5.99
16117,12821,2025-09-26,signup,5.99,5.99
16118,12822,2025-09-09,signup,5.99,5.99
16119,12823,2025-09-21,signup,5.99,5.99
16120,12823,2025-11-20,cancel,5.99,-5.99
16121,12824,2025-09-04,signup,5.99,5.99
16122,12825,2025-09-23,signup,5.99,5.99
16123,12825,2025-10-23,cancel,5.99,-5.99
16124,12826,2025-09-12,signup,5.99,5.99
16125,12827,2025-09-13,signup,5.99,5.99
16126,12829,2025-09-27,signup,5.99,5.99
16127,12830,2025-09-17,signup,5.99,5.99
16128,12831,2025-09-21,signup,5.99,5.99
16129,12832,2025-10-01,signup,5.99,5.99
16130,12833,2025-09-16,signup,5.99,5.99
16131,12834,2025-09-26,signup,5.99,5.99
16132,12835,2025-09-13,signup,5.99,5.99
16133,12835,2025-11-12,cancel,5.99,-5.99
16134,12836,2025-09-17,signup,5.99,5.99
16135,12838,2025-09-21,signup,5.99,5.99
16136,12838,2025-12-20,cancel,5.99,-5.99
16137,12839,2025-09-04,signup,5.99,5.99
16138,12839,2025-10-04,cancel,5.99,-5.99
16139,12840,2025-09-13,signup,5.99,5.99
16140,12841,2025-09-19,signup,5.99,5.99
16141,12841,2025-12-18,cancel,5.99,-5.99
16142,12842,2025-10-01,signup,5.99,5.99
16143,12842,2025-11-30,cancel,5.99,-5.99
16144,12843,2025-09-25,signup,5.99,5.99
16145,12844,2025-09-24,signup,5.99,5.99
16146,12846,2025-09-30,signup,5.99,5.99
16147,12846,2025-12-29,cancel,5.99,-5.99
16148,12847,2025-09-28,signup,5.99,5.99
16149,12847,2025-11-27,cancel,5.99,-5.99
16150,12848,2025-09-02,signup,5.99,5.99
16151,12848,2025-10-02,cancel,5.99,-5.99
16152,12849,2025-09-15,signup,5.99,5.99
16153,12850,2025-09-28,signup,5.99,5.99
16154,12851,2025-09-30,signup,5.99,5.99
16155,12852,2025-09-24,signup,5.99,5.99
16156,12852,2025-10-24,cancel,5.99,-5.99
16157,12853,2025-09-06,signup,5.99,5.99
16158,12854,2025-09-08,signup,5.99,5.99
16159,12855,2025-09-09,signup,5.99,5.99
16160,12856,2025-09-13,signup,5.99,5.99
16161,12858,2025-09-08,signup,5.99,5.99
16162,12858,2025-11-07,cancel,5.99,-5.99
16163,12859,2025-09-02,signup,5.99,5.99
16164,12859,2025-10-02,cancel,5.99,-5.99
16165,12860,2025-09-19,signup,5.99,5.99
16166,12861,2025-09-27,signup,5.99,5.99
16167,12861,2025-10-27,cancel,5.99,-5.99
16168,12862,2025-09-10,signup,5.99,5.99
16169,12863,2025-09-03,signup,5.99,5.99
16170,12864,2025-10-01,signup,5.99,5.99
16171,12864,2025-10-31,cancel,5.99,-5.99
16172,12865,2025-09-03,signup,5.99,5.99
16173,12865,2025-10-03,cancel,5.99,-5.99
16174,12866,2025-09-07,signup,5.99,5.99
16175,12866,2025-11-06,cancel,5.99,-5.99
16176,12867,2025-09-26,signup,5.99,5.99
16177,12868,2025-09-16,signup,5.99,5.99
16178,12869,2025-09-06,signup,5.99,5.99
16179,12870,2025-09-30,signup,5.99,5.99
16180,12871,2025-09-25,signup,5.99,5.99
16181,12872,2025-09-03,signup,5.99,5.99
16182,12872,2025-11-02,cancel,5.99,-5.99
16183,12873,2025-09-11,signup,5.99,5.99
16184,12874,2025-09-14,signup,5.99,5.99
16185,12875,2025-09-26,signup,5.99,5.99
16186,12876,2025-09-12,signup,5.99,5.99
16187,12879,2025-10-01,signup,5.99,5.99
16188,12880,2025-09-20,signup,5.99,5.99
16189,12881,2025-09-17,signup,5.99,5.99
16190,12882,2025-10-02,signup,5.99,5.99
16191,12883,2025-09-05,signup,5.99,5.99
16192,12884,2025-09-12,signup,5.99,5.99
16193,12884,2025-12-11,cancel,5.99,-5.99
16194,12885,2025-09-05,signup,5.99,5.99
16195,12885,2025-11-04,cancel,5.99,-5.99
16196,12886,2025-09-22,signup,5.99,5.99
16197,12886,2025-11-21,cancel,5.99,-5.99
16198,12887,2025-09-19,signup,5.99,5.99
16199,12887,2025-10-19,cancel,5.99,-5.99
16200,12888,2025-09-13,signup,5.99,5.99
16201,12890,2025-09-18,signup,5.99,5.99
16202,12891,2025-09-13,signup,5.99,5.99
16203,12893,2025-09-08,signup,5.99,5.99
16204,12893,2025-10-08,cancel,5.99,-5.99
16205,12894,2025-09-30,signup,5.99,5.99
16206,12895,2025-09-13,signup,5.99,5.99
16207,12895,2025-10-13,cancel,5.99,-5.99
16208,12896,2025-09-05,signup,5.99,5.99
16209,12897,2025-09-28,signup,5.99,5.99
16210,12898,2025-09-22,signup,5.99,5.99
16211,12898,2025-10-22,cancel,5.99,-5.99
16212,12899,2025-09-03,signup,5.99,5.99
16213,12900,2025-09-10,signup,5.99,5.99
16214,12901,2025-09-12,signup,5.99,5.99
16215,12902,2025-09-21,signup,5.99,5.99
16216,12903,2025-09-16,signup,5.99,5.99
16217,12904,2025-09-15,signup,5.99,5.99
16218,12905,2025-09-25,signup,5.99,5.99
16219,12905,2025-10-25,cancel,5.99,-5.99
16220,12906,2025-09-30,signup,5.99,5.99
16221,12906,2025-12-29,cancel,5.99,-5.99
16222,12907,2025-09-15,signup,5.99,5.99
16223,12907,2025-10-15,cancel,5.99,-5.99
16224,12908,2025-09-26,signup,5.99,5.99
16225,12908,2025-11-25,cancel,5.99,-5.99
16226,12909,2025-09-17,signup,5.99,5.99
16227,12910,2025-09-12,signup,5.99,5.99
16228,12911,2025-09-17,signup,5.99,5.99
16229,12911,2025-11-16,cancel,5.99,-5.99
16230,12912,2025-09-17,signup,5.99,5.99
16231,12913,2025-09-29,signup,5.99,5.99
16232,12914,2025-09-22,signup,5.99,5.99
16233,12915,2025-09-06,signup,5.99,5.99
16234,12916,2025-09-20,signup,5.99,5.99
16235,12917,2025-09-14,signup,5.99,5.99
16236,12918,2025-09-06,signup,5.99,5.99
16237,12919,2025-09-25,signup,5.99,5.99
16238,12920,2025-09-07,signup,5.99,5.99
16239,12921,2025-09-27,signup,5.99,5.99
16240,12922,2025-09-30,signup,5.99,5.99
16241,12924,2025-09-18,signup,5.99,5.99
16242,12926,2025-09-29,signup,5.99,5.99
16243,12926,2025-10-29,cancel,5.99,-5.99
16244,12927,2025-09-13,signup,5.99,5.99
16245,12928,2025-09-24,signup,5.99,5.99
16246,12929,2025-09-10,signup,5.99,5.99
16247,12930,2025-10-01,signup,5.99,5.99
16248,12931,2025-09-25,signup,5.99,5.99
16249,12931,2025-12-24,cancel,5.99,-5.99
16250,12932,2025-09-03,signup,5.99,5.99
16251,12933,2025-10-02,signup,5.99,5.99
16252,12933,2025-11-01,cancel,5.99,-5.99
16253,12934,2025-09-08,signup,5.99,5.99
16254,12935,2025-10-01,signup,5.99,5.99
16255,12936,2025-09-25,signup,5.99,5.99
16256,12937,2025-09-20,signup,5.99,5.99
16257,12938,2025-09-17,signup,5.99,5.99
16258,12939,2025-09-19,signup,5.99,5.99
16259,12940,2025-09-15,signup,5.99,5.99
16260,12941,2025-09-14,signup,5.99,5.99
16261,12942,2025-09-18,signup,5.99,5.99
16262,12942,2025-11-17,cancel,5.99,-5.99
16263,12943,2025-10-04,signup,5.99,5.99
16264,12946,2025-10-02,signup,5.99,5.99
16265,12946,2025-11-01,cancel,5.99,-5.99
16266,12947,2025-09-09,signup,5.99,5.99
16267,12950,2025-09-29,signup,5.99,5.99
16268,12951,2025-09-21,signup,5.99,5.99
16269,12952,2025-09-12,signup,5.99,5.99
16270,12952,2025-10-12,cancel,5.99,-5.99
16271,12953,2025-09-08,signup,5.99,5.99
16272,12954,2025-09-30,signup,5.99,5.99
16273,12954,2025-10-30,cancel,5.99,-5.99
16274,12955,2025-09-08,signup,5.99,5.99
16275,12956,2025-10-01,signup,5.99,5.99
16276,12956,2025-11-30,cancel,5.99,-5.99
16277,12957,2025-09-20,signup,5.99,5.99
16278,12958,2025-09-20,signup,5.99,5.99
16279,12959,2025-09-18,signup,5.99,5.99
16280,12960,2025-09-17,signup,5.99,5.99
16281,12961,2025-09-16,signup,5.99,5.99
16282,12962,2025-09-08,signup,5.99,5.99
16283,12964,2025-09-10,signup,5.99,5.99
16284,12964,2025-11-09,cancel,5.99,-5.99
16285,12965,2025-09-16,signup,5.99,5.99
16286,12967,2025-09-16,signup,5.99,5.99
16287,12967,2025-10-16,cancel,5.99,-5.99
16288,12968,2025-09-10,signup,5.99,5.99
16289,12969,2025-09-07,signup,5.99,5.99
16290,12970,2025-09-07,signup,5.99,5.99
16291,12971,2025-09-25,signup,5.99,5.99
16292,12972,2025-09-14,signup,5.99,5.99
16293,12973,2025-09-28,signup,5.99,5.99
16294,12974,2025-09-05,signup,5.99,5.99
16295,12975,2025-09-07,signup,5.99,5.99
16296,12975,2025-11-06,cancel,5.99,-5.99
16297,12976,2025-09-23,signup,5.99,5.99
16298,12977,2025-09-06,signup,5.99,5.99
16299,12978,2025-09-06,signup,5.99,5.99
16300,12978,2025-12-05,cancel,5.99,-5.99
16301,12979,2025-09-23,signup,5.99,5.99
16302,12980,2025-09-23,signup,5.99,5.99
16303,12981,2025-09-22,signup,5.99,5.99
16304,12981,2025-11-21,cancel,5.99,-5.99
16305,12982,2025-09-05,signup,5.99,5.99
16306,12983,2025-09-14,signup,5.99,5.99
16307,12984,2025-09-05,signup,5.99,5.99
16308,12985,2025-10-01,signup,5.99,5.99
16309,12986,2025-10-01,signup,5.99,5.99
16310,12987,2025-09-06,signup,5.99,5.99
16311,12988,2025-10-05,signup,5.99,5.99
16312,12988,2025-11-04,cancel,5.99,-5.99
16313,12989,2025-09-15,signup,5.99,5.99
16314,12989,2025-10-15,cancel,5.99,-5.99
16315,12990,2025-09-22,signup,5.99,5.99
16316,12991,2025-09-25,signup,5.99,5.99
16317,12992,2025-09-10,signup,5.99,5.99
16318,12993,2025-09-06,signup,5.99,5.99
16319,12994,2025-10-02,signup,5.99,5.99
16320,12995,2025-09-29,signup,5.99,5.99
16321,12996,2025-09-19,signup,5.99,5.99
16322,12997,2025-09-23,signup,5.99,5.99
16323,12998,2025-09-30,signup,5.99,5.99
16324,12999,2025-10-05,signup,5.99,5.99
16325,13000,2025-09-09,signup,5.99,5.99
16326,13002,2025-09-09,signup,5.99,5.99
16327,13003,2025-09-22,signup,5.99,5.99
16328,13004,2025-10-03,signup,5.99,5.99
16329,13004,2025-12-02,cancel,5.99,-5.99
16330,13005,2025-09-11,signup,5.99,5.99
16331,13006,2025-09-10,signup,5.99,5.99
16332,13006,2025-11-09,cancel,5.99,-5.99
16333,13007,2025-09-08,signup,5.99,5.99
16334,13008,2025-09-17,signup,5.99,5.99
16335,13008,2025-10-17,cancel,5.99,-5.99
16336,13009,2025-09-23,signup,5.99,5.99
16337,13010,2025-10-05,signup,5.99,5.99
16338,13010,2025-12-04,cancel,5.99,-5.99
16339,13011,2025-09-16,signup,5.99,5.99
16340,13012,2025-10-04,signup,5.99,5.99
16341,13013,2025-09-15,signup,5.99,5.99
16342,13014,2025-09-08,signup,5.99,5.99
16343,13015,2025-09-10,signup,5.99,5.99
16344,13016,2025-09-21,signup,5.99,5.99
16345,13017,2025-09-12,signup,5.99,5.99
16346,13017,2025-11-11,cancel,5.99,-5.99
16347,13018,2025-09-20,signup,5.99,5.99
16348,13020,2025-09-14,signup,5.99,5.99
16349,13021,2025-09-22,signup,5.99,5.99
16350,13022,2025-10-03,signup,5.99,5.99
16351,13023,2025-09-28,signup,5.99,5.99
16352,13024,2025-09-20,signup,5.99,5.99
16353,13024,2025-12-19,cancel,5.99,-5.99
16354,13026,2025-10-05,signup,5.99,5.99
16355,13027,2025-09-23,signup,5.99,5.99
16356,13029,2025-10-04,signup,5.99,5.99
16357,13030,2025-09-15,signup,5.99,5.99
16358,13031,2025-09-19,signup,5.99,5.99
16359,13032,2025-10-05,signup,5.99,5.99
16360,13033,2025-09-17,signup,5.99,5.99
16361,13033,2025-11-16,cancel,5.99,-5.99
16362,13034,2025-09-21,signup,5.99,5.99
16363,13035,2025-10-01,signup,5.99,5.99
16364,13035,2025-12-30,cancel,5.99,-5.99
16365,13036,2025-09-11,signup,5.99,5.99
16366,13037,2025-10-02,signup,5.99,5.99
16367,13038,2025-09-21,signup,5.99,5.99
16368,13039,2025-10-04,signup,5.99,5.99
16369,13040,2025-10-01,signup,5.99,5.99
16370,13040,2025-11-30,cancel,5.99,-5.99
16371,13041,2025-09-26,signup,5.99,5.99
16372,13043,2025-09-14,signup,5.99,5.99
16373,13044,2025-09-17,signup,5.99,5.99
16374,13044,2025-11-16,cancel,5.99,-5.99
16375,13046,2025-09-16,signup,5.99,5.99
16376,13047,2025-09-23,signup,5.99,5.99
16377,13048,2025-10-05,signup,5.99,5.99
16378,13049,2025-10-05,signup,5.99,5.99
16379,13049,2025-11-04,cancel,5.99,-5.99
16380,13050,2025-09-07,signup,5.99,5.99
16381,13051,2025-10-02,signup,5.99,5.99
16382,13051,2025-11-01,cancel,5.99,-5.99
16383,13052,2025-10-06,signup,5.99,5.99
16384,13052,2025-11-05,cancel,5.99,-5.99
16385,13053,2025-09-14,signup,5.99,5.99
16386,13054,2025-10-06,signup,5.99,5.99
16387,13055,2025-09-12,signup,5.99,5.99
16388,13055,2025-10-12,cancel,5.99,-5.99
16389,13056,2025-10-01,signup,5.99,5.99
16390,13057,2025-09-20,signup,5.99,5.99
16391,13058,2025-10-03,signup,5.99,5.99
16392,13058,2025-12-02,cancel,5.99,-5.99
16393,13059,2025-09-13,signup,5.99,5.99
16394,13060,2025-10-06,signup,5.99,5.99
16395,13062,2025-09-25,signup,5.99,5.99
16396,13063,2025-09-27,signup,5.99,5.99
16397,13064,2025-10-04,signup,5.99,5.99
16398,13065,2025-09-27,signup,5.99,5.99
16399,13065,2025-11-26,cancel,5.99,-5.99
16400,13066,2025-10-04,signup,5.99,5.99
16401,13067,2025-09-12,signup,5.99,5.99
16402,13068,2025-09-16,signup,5.99,5.99
16403,13069,2025-09-20,signup,5.99,5.99
16404,13071,2025-09-17,signup,5.99,5.99
16405,13071,2025-11-16,cancel,5.99,-5.99
16406,13072,2025-09-24,signup,5.99,5.99
16407,13072,2025-11-23,cancel,5.99,-5.99
16408,13073,2025-09-26,signup,5.99,5.99
16409,13073,2025-12-25,cancel,5.99,-5.99
16410,13074,2025-09-22,signup,5.99,5.99
16411,13076,2025-10-04,signup,5.99,5.99
16412,13076,2025-12-03,cancel,5.99,-5.99
16413,13077,2025-09-30,signup,5.99,5.99
16414,13077,2025-12-29,cancel,5.99,-5.99
16415,13078,2025-09-19,signup,5.99,5.99
16416,13079,2025-10-07,signup,5.99,5.99
16417,13080,2025-10-01,signup,5.99,5.99
16418,13081,2025-09-17,signup,5.99,5.99
16419,13082,2025-09-15,signup,5.99,5.99
16420,13083,2025-09-13,signup,5.99,5.99
16421,13083,2025-11-12,cancel,5.99,-5.99
16422,13084,2025-09-08,signup,5.99,5.99
16423,13085,2025-10-04,signup,5.99,5.99
16424,13086,2025-10-02,signup,5.99,5.99
16425,13087,2025-09-10,signup,5.99,5.99
16426,13087,2025-10-10,cancel,5.99,-5.99
16427,13088,2025-09-29,signup,5.99,5.99
16428,13089,2025-09-16,signup,5.99,5.99
16429,13089,2025-10-16,cancel,5.99,-5.99
16430,13090,2025-09-22,signup,5.99,5.99
16431,13091,2025-10-07,signup,5.99,5.99
16432,13092,2025-09-14,signup,5.99,5.99
16433,13092,2025-11-13,cancel,5.99,-5.99
16434,13094,2025-09-27,signup,5.99,5.99
16435,13095,2025-09-24,signup,5.99,5.99
16436,13096,2025-09-16,signup,5.99,5.99
16437,13098,2025-09-29,signup,5.99,5.99
16438,13100,2025-10-04,signup,5.99,5.99
16439,13101,2025-09-22,signup,5.99,5.99
16440,13101,2025-10-22,cancel,5.99,-5.99
16441,13102,2025-10-04,signup,5.99,5.99
16442,13103,2025-10-05,signup,5.99,5.99
16443,13105,2025-09-18,signup,5.99,5.99
16444,13105,2025-12-17,cancel,5.99,-5.99
16445,13106,2025-09-15,signup,5.99,5.99
16446,13106,2025-10-15,cancel,5.99,-5.99
16447,13107,2025-10-01,signup,5.99,5.99
16448,13108,2025-09-21,signup,5.99,5.99
16449,13109,2025-09-10,signup,5.99,5.99
16450,13110,2025-09-19,signup,5.99,5.99
16451,13112,2025-09-13,signup,5.99,5.99
16452,13113,2025-09-26,signup,5.99,5.99
16453,13114,2025-09-26,signup,5.99,5.99
16454,13115,2025-10-06,signup,5.99,5.99
16455,13116,2025-10-04,signup,5.99,5.99
16456,13116,2025-12-03,cancel,5.99,-5.99
16457,13118,2025-09-18,signup,5.99,5.99
16458,13118,2025-12-17,cancel,5.99,-5.99
16459,13119,2025-09-19,signup,5.99,5.99
16460,13120,2025-09-18,signup,5.99,5.99
16461,13121,2025-09-21,signup,5.99,5.99
16462,13122,2025-09-09,signup,5.99,5.99
16463,13123,2025-09-20,signup,5.99,5.99
16464,13124,2025-10-08,signup,5.99,5.99
16465,13125,2025-10-04,signup,5.99,5.99
16466,13126,2025-09-13,signup,5.99,5.99
16467,13126,2025-10-13,cancel,5.99,-5.99
16468,13127,2025-09-27,signup,5.99,5.99
16469,13128,2025-09-17,signup,5.99,5.99
16470,13128,2025-11-16,cancel,5.99,-5.99
16471,13129,2025-09-23,signup,5.99,5.99
16472,13130,2025-09-10,signup,5.99,5.99
16473,13130,2025-11-09,cancel,5.99,-5.99
16474,13131,2025-09-25,signup,5.99,5.99
16475,13131,2025-10-25,cancel,5.99,-5.99
16476,13133,2025-10-03,signup,5.99,5.99
16477,13134,2025-09-25,signup,5.99,5.99
16478,13134,2025-10-25,cancel,5.99,-5.99
16479,13135,2025-10-07,signup,5.99,5.99
16480,13136,2025-09-10,signup,5.99,5.99
16481,13137,2025-09-25,signup,5.99,5.99
16482,13138,2025-09-24,signup,5.99,5.99
16483,13138,2025-11-23,cancel,5.99,-5.99
16484,13139,2025-09-27,signup,5.99,5.99
16485,13141,2025-10-03,signup,5.99,5.99
16486,13141,2025-11-02,cancel,5.99,-5.99
16487,13142,2025-09-18,signup,5.99,5.99
16488,13143,2025-09-13,signup,5.99,5.99
16489,13144,2025-09-14,signup,5.99,5.99
16490,13144,2025-11-13,cancel,5.99,-5.99
16491,13145,2025-09-30,signup,5.99,5.99
16492,13146,2025-09-15,signup,5.99,5.99
16493,13147,2025-09-09,signup,5.99,5.99
16494,13148,2025-09-16,signup,5.99,5.99
16495,13148,2025-11-15,cancel,5.99,-5.99
16496,13149,2025-10-08,signup,5.99,5.99
16497,13150,2025-09-17,signup,5.99,5.99
16498,13151,2025-09-17,signup,5.99,5.99
16499,13152,2025-09-26,signup,5.99,5.99
16500,13153,2025-10-02,signup,5.99,5.99
16501,13153,2025-11-01,cancel,5.99,-5.99
16502,13154,2025-09-17,signup,5.99,5.99
16503,13155,2025-09-17,signup,5.99,5.99
16504,13156,2025-10-01,signup,5.99,5.99
16505,13156,2025-12-30,cancel,5.99,-5.99
16506,13158,2025-09-23,signup,5.99,5.99
16507,13159,2025-09-20,signup,5.99,5.99
16508,13160,2025-09-20,signup,5.99,5.99
16509,13162,2025-09-13,signup,5.99,5.99
16510,13162,2025-10-13,cancel,5.99,-5.99
16511,13163,2025-09-13,signup,5.99,5.99
16512,13163,2025-10-13,cancel,5.99,-5.99
16513,13164,2025-09-29,signup,5.99,5.99
16514,13165,2025-10-01,signup,5.99,5.99
16515,13165,2025-10-31,cancel,5.99,-5.99
16516,13166,2025-09-25,signup,5.99,5.99
16517,13166,2025-11-24,cancel,5.99,-5.99
16518,13167,2025-09-19,signup,5.99,5.99
16519,13168,2025-09-21,signup,5.99,5.99
16520,13169,2025-10-01,signup,5.99,5.99
16521,13170,2025-09-28,signup,5.99,5.99
16522,13171,2025-10-10,signup,5.99,5.99
16523,13172,2025-10-05,signup,5.99,5.99
16524,13174,2025-09-17,signup,5.99,5.99
16525,13175,2025-09-24,signup,5.99,5.99
16526,13176,2025-10-08,signup,5.99,5.99
16527,13176,2025-12-07,cancel,5.99,-5.99
16528,13177,2025-09-13,signup,5.99,5.99
16529,13178,2025-09-13,signup,5.99,5.99
16530,13179,2025-09-28,signup,5.99,5.99
16531,13180,2025-10-07,signup,5.99,5.99
16532,13181,2025-09-16,signup,5.99,5.99
16533,13182,2025-09-23,signup,5.99,5.99
16534,13182,2025-11-22,cancel,5.99,-5.99
16535,13183,2025-09-12,signup,5.99,5.99
16536,13184,2025-10-09,signup,5.99,5.99
16537,13184,2025-12-08,cancel,5.99,-5.99
16538,13185,2025-09-12,signup,5.99,5.99
16539,13186,2025-09-16,signup,5.99,5.99
16540,13186,2025-10-16,cancel,5.99,-5.99
16541,13187,2025-09-25,signup,5.99,5.99
16542,13188,2025-09-20,signup,5.99,5.99
16543,13189,2025-10-10,signup,5.99,5.99
16544,13190,2025-09-14,signup,5.99,5.99
16545,13191,2025-10-02,signup,5.99,5.99
16546,13192,2025-10-07,signup,5.99,5.99
16547,13192,2025-12-06,cancel,5.99,-5.99
16548,13193,2025-09-15,signup,5.99,5.99
16549,13193,2025-10-15,cancel,5.99,-5.99
16550,13194,2025-09-29,signup,5.99,5.99
16551,13194,2025-10-29,cancel,5.99,-5.99
16552,13195,2025-09-29,signup,5.99,5.99
16553,13196,2025-10-10,signup,5.99,5.99
16554,13196,2025-12-09,cancel,5.99,-5.99
16555,13197,2025-09-19,signup,5.99,5.99
16556,13199,2025-09-19,signup,5.99,5.99
16557,13200,2025-09-16,signup,5.99,5.99
16558,13201,2025-10-05,signup,5.99,5.99
16559,13202,2025-09-12,signup,5.99,5.99
16560,13204,2025-09-28,signup,5.99,5.99
16561,13205,2025-10-06,signup,5.99,5.99
16562,13206,2025-10-10,signup,5.99,5.99
16563,13207,2025-09-14,signup,5.99,5.99
16564,13208,2025-09-23,signup,5.99,5.99
16565,13210,2025-09-18,signup,5.99,5.99
16566,13211,2025-10-02,signup,5.99,5.99
16567,13212,2025-10-09,signup,5.99,5.99
16568,13213,2025-10-11,signup,5.99,5.99
16569,13215,2025-09-18,signup,5.99,5.99
16570,13216,2025-09-20,signup,5.99,5.99
16571,13216,2025-10-20,cancel,5.99,-5.99
16572,13217,2025-09-13,signup,5.99,5.99
16573,13218,2025-09-15,signup,5.99,5.99
16574,13219,2025-09-24,signup,5.99,5.99
16575,13220,2025-09-21,signup,5.99,5.99
16576,13221,2025-09-21,signup,5.99,5.99
16577,13222,2025-09-28,signup,5.99,5.99
16578,13223,2025-10-11,signup,5.99,5.99
16579,13224,2025-09-22,signup,5.99,5.99
16580,13224,2025-11-21,cancel,5.99,-5.99
16581,13226,2025-10-10,signup,5.99,5.99
16582,13227,2025-09-13,signup,5.99,5.99
16583,13228,2025-09-16,signup,5.99,5.99
16584,13229,2025-09-14,signup,5.99,5.99
16585,13229,2025-12-13,cancel,5.99,-5.99
16586,13230,2025-09-16,signup,5.99,5.99
16587,13231,2025-10-12,signup,5.99,5.99
16588,13231,2025-12-11,cancel,5.99,-5.99
16589,13232,2025-09-26,signup,5.99,5.99
16590,13233,2025-10-05,signup,5.99,5.99
16591,13234,2025-09-24,signup,5.99,5.99
16592,13234,2025-10-24,cancel,5.99,-5.99
16593,13235,2025-09-28,signup,5.99,5.99
16594,13235,2025-11-27,cancel,5.99,-5.99
16595,13236,2025-09-20,signup,5.99,5.99
16596,13237,2025-10-03,signup,5.99,5.99
16597,13238,2025-10-05,signup,5.99,5.99
16598,13239,2025-10-06,signup,5.99,5.99
16599,13240,2025-10-10,signup,5.99,5.99
16600,13241,2025-10-08,signup,5.99,5.99
16601,13242,2025-09-17,signup,5.99,5.99
16602,13243,2025-10-11,signup,5.99,5.99
16603,13244,2025-09-30,signup,5.99,5.99
16604,13245,2025-09-13,signup,5.99,5.99
16605,13246,2025-09-13,signup,5.99,5.99
16606,13247,2025-09-15,signup,5.99,5.99
16607,13248,2025-09-22,signup,5.99,5.99
16608,13249,2025-09-13,signup,5.99,5.99
16609,13250,2025-09-18,signup,5.99,5.99
16610,13251,2025-09-14,signup,5.99,5.99
16611,13251,2025-11-13,cancel,5.99,-5.99
16612,13253,2025-10-04,signup,5.99,5.99
16613,13254,2025-09-22,signup,5.99,5.99
16614,13255,2025-10-01,signup,5.99,5.99
16615,13256,2025-09-24,signup,5.99,5.99
16616,13257,2025-09-15,signup,5.99,5.99
16617,13259,2025-09-27,signup,5.99,5.99
16618,13260,2025-10-13,signup,5.99,5.99
16619,13261,2025-10-10,signup,5.99,5.99
16620,13262,2025-09-20,signup,5.99,5.99
16621,13263,2025-10-06,signup,5.99,5.99
16622,13264,2025-09-23,signup,5.99,5.99
16623,13265,2025-09-24,signup,5.99,5.99
16624,13266,2025-09-29,signup,5.99,5.99
16625,13267,2025-09-25,signup,5.99,5.99
16626,13267,2025-11-24,cancel,5.99,-5.99
16627,13268,2025-09-18,signup,5.99,5.99
16628,13269,2025-09-27,signup,5.99,5.99
16629,13270,2025-09-24,signup,5.99,5.99
16630,13271,2025-09-17,signup,5.99,5.99
16631,13271,2025-11-16,cancel,5.99,-5.99
16632,13272,2025-09-21,signup,5.99,5.99
16633,13272,2025-11-20,cancel,5.99,-5.99
16634,13273,2025-10-07,signup,5.99,5.99
16635,13274,2025-09-14,signup,5.99,5.99
16636,13275,2025-10-08,signup,5.99,5.99
16637,13276,2025-10-12,signup,5.99,5.99
16638,13277,2025-10-13,signup,5.99,5.99
16639,13278,2025-09-23,signup,5.99,5.99
16640,13279,2025-09-24,signup,5.99,5.99
16641,13280,2025-10-07,signup,5.99,5.99
16642,13281,2025-10-07,signup,5.99,5.99
16643,13281,2025-12-06,cancel,5.99,-5.99
16644,13282,2025-10-11,signup,5.99,5.99
16645,13283,2025-09-21,signup,5.99,5.99
16646,13283,2025-10-21,cancel,5.99,-5.99
16647,13284,2025-10-06,signup,5.99,5.99
16648,13285,2025-10-11,signup,5.99,5.99
16649,13286,2025-09-14,signup,5.99,5.99
16650,13288,2025-10-04,signup,5.99,5.99
16651,13288,2025-12-03,cancel,5.99,-5.99
16652,13290,2025-09-16,signup,5.99,5.99
16653,13291,2025-09-24,signup,5.99,5.99
16654,13291,2025-12-23,cancel,5.99,-5.99
16655,13292,2025-10-02,signup,5.99,5.99
16656,13293,2025-10-08,signup,5.99,5.99
16657,13294,2025-09-24,signup,5.99,5.99
16658,13296,2025-10-12,signup,5.99,5.99
16659,13297,2025-09-28,signup,5.99,5.99
16660,13298,2025-09-22,signup,5.99,5.99
16661,13299,2025-10-13,signup,5.99,5.99
16662,13300,2025-09-29,signup,5.99,5.99
16663,13301,2025-09-15,signup,5.99,5.99
16664,13302,2025-09-21,signup,5.99,5.99
16665,13303,2025-10-04,signup,5.99,5.99
16666,13304,2025-09-25,signup,5.99,5.99
16667,13305,2025-09-18,signup,5.99,5.99
16668,13306,2025-10-10,signup,5.99,5.99
16669,13307,2025-09-17,signup,5.99,5.99
16670,13308,2025-09-19,signup,5.99,5.99
16671,13308,2025-10-19,cancel,5.99,-5.99
16672,13309,2025-09-27,signup,5.99,5.99
16673,13312,2025-09-16,signup,5.99,5.99
16674,13312,2025-11-15,cancel,5.99,-5.99
16675,13313,2025-09-27,signup,5.99,5.99
16676,13314,2025-09-18,signup,5.99,5.99
16677,13315,2025-09-17,signup,5.99,5.99
16678,13316,2025-09-18,signup,5.99,5.99
16679,13317,2025-09-25,signup,5.99,5.99
16680,13318,2025-09-24,signup,5.99,5.99
16681,13319,2025-09-23,signup,5.99,5.99
16682,13320,2025-10-06,signup,5.99,5.99
16683,13321,2025-10-10,signup,5.99,5.99
16684,13322,2025-09-29,signup,5.99,5.99
16685,13323,2025-10-11,signup,5.99,5.99
16686,13324,2025-09-27,signup,5.99,5.99
16687,13326,2025-09-16,signup,5.99,5.99
16688,13327,2025-09-17,signup,5.99,5.99
16689,13327,2025-10-17,cancel,5.99,-5.99
16690,13328,2025-10-11,signup,5.99,5.99
16691,13329,2025-09-22,signup,5.99,5.99
16692,13329,2025-10-22,cancel,5.99,-5.99
16693,13330,2025-10-04,signup,5.99,5.99
16694,13331,2025-10-13,signup,5.99,5.99
16695,13331,2025-12-12,cancel,5.99,-5.99
16696,13332,2025-10-03,signup,5.99,5.99
16697,13333,2025-10-11,signup,5.99,5.99
16698,13333,2025-12-10,cancel,5.99,-5.99
16699,13334,2025-09-21,signup,5.99,5.99
16700,13335,2025-09-17,signup,5.99,5.99
16701,13336,2025-09-23,signup,5.99,5.99
16702,13337,2025-09-24,signup,5.99,5.99
16703,13338,2025-10-12,signup,5.99,5.99
16704,13339,2025-09-29,signup,5.99,5.99
16705,13340,2025-09-19,signup,5.99,5.99
16706,13341,2025-10-15,signup,5.99,5.99
16707,13342,2025-10-05,signup,5.99,5.99
16708,13344,2025-09-16,signup,5.99,5.99
16709,13345,2025-09-29,signup,5.99,5.99
16710,13346,2025-09-22,signup,5.99,5.99
16711,13348,2025-09-18,signup,5.99,5.99
16712,13349,2025-10-15,signup,5.99,5.99
16713,13349,2025-11-14,cancel,5.99,-5.99
16714,13352,2025-10-03,signup,5.99,5.99
16715,13354,2025-10-08,signup,5.99,5.99
16716,13355,2025-09-16,signup,5.99,5.99
16717,13355,2025-12-15,cancel,5.99,-5.99
16718,13357,2025-10-02,signup,5.99,5.99
16719,13358,2025-09-24,signup,5.99,5.99
16720,13358,2025-12-23,cancel,5.99,-5.99
16721,13359,2025-10-02,signup,5.99,5.99
16722,13360,2025-09-23,signup,5.99,5.99
16723,13361,2025-10-14,signup,5.99,5.99
16724,13361,2025-11-13,cancel,5.99,-5.99
16725,13362,2025-10-09,signup,5.99,5.99
16726,13363,2025-10-15,signup,5.99,5.99
16727,13363,2025-11-14,cancel,5.99,-5.99
16728,13364,2025-09-16,signup,5.99,5.99
16729,13365,2025-10-16,signup,5.99,5.99
16730,13366,2025-09-27,signup,5.99,5.99
16731,13366,2025-12-26,cancel,5.99,-5.99
16732,13368,2025-09-22,signup,5.99,5.99
16733,13369,2025-09-24,signup,5.99,5.99
16734,13370,2025-09-18,signup,5.99,5.99
16735,13371,2025-09-22,signup,5.99,5.99
16736,13371,2025-12-21,cancel,5.99,-5.99
16737,13373,2025-10-15,signup,5.99,5.99
16738,13374,2025-09-30,signup,5.99,5.99
16739,13375,2025-09-16,signup,5.99,5.99
16740,13376,2025-10-10,signup,5.99,5.99
16741,13377,2025-10-05,signup,5.99,5.99
16742,13378,2025-10-16,signup,5.99,5.99
16743,13379,2025-09-22,signup,5.99,5.99
16744,13380,2025-10-15,signup,5.99,5.99
16745,13381,2025-10-06,signup,5.99,5.99
16746,13381,2025-11-05,cancel,5.99,-5.99
16747,13383,2025-10-16,signup,5.99,5.99
16748,13384,2025-09-28,signup,5.99,5.99
16749,13385,2025-10-14,signup,5.99,5.99
16750,13386,2025-10-06,signup,5.99,5.99
16751,13387,2025-09-21,signup,5.99,5.99
16752,13388,2025-10-07,signup,5.99,5.99
16753,13389,2025-10-09,signup,5.99,5.99
16754,13390,2025-10-13,signup,5.99,5.99
16755,13391,2025-10-08,signup,5.99,5.99
16756,13393,2025-09-20,signup,5.99,5.99
16757,13393,2025-11-19,cancel,5.99,-5.99
16758,13394,2025-09-24,signup,5.99,5.99
16759,13395,2025-09-22,signup,5.99,5.99
16760,13396,2025-10-03,signup,5.99,5.99
16761,13397,2025-09-26,signup,5.99,5.99
16762,13399,2025-10-17,signup,5.99,5.99
16763,13400,2025-09-28,signup,5.99,5.99
16764,13401,2025-10-16,signup,5.99,5.99
16765,13401,2025-11-15,cancel,5.99,-5.99
16766,13402,2025-09-19,signup,5.99,5.99
16767,13403,2025-10-03,signup,5.99,5.99
16768,13404,2025-10-14,signup,5.99,5.99
16769,13405,2025-09-23,signup,5.99,5.99
16770,13405,2025-10-23,cancel,5.99,-5.99
16771,13406,2025-09-23,signup,5.99,5.99
16772,13408,2025-10-17,signup,5.99,5.99
16773,13409,2025-10-06,signup,5.99,5.99
16774,13410,2025-09-24,signup,5.99,5.99
16775,13411,2025-10-14,signup,5.99,5.99
16776,13411,2025-12-13,cancel,5.99,-5.99
16777,13412,2025-09-17,signup,5.99,5.99
16778,13413,2025-09-26,signup,5.99,5.99
16779,13414,2025-10-16,signup,5.99,5.99
16780,13414,2025-12-15,cancel,5.99,-5.99
16781,13415,2025-10-08,signup,5.99,5.99
16782,13416,2025-09-22,signup,5.99,5.99
16783,13416,2025-10-22,cancel,5.99,-5.99
16784,13417,2025-09-17,signup,5.99,5.99
16785,13418,2025-09-21,signup,5.99,5.99
16786,13419,2025-10-01,signup,5.99,5.99
16787,13420,2025-09-20,signup,5.99,5.99
16788,13421,2025-10-12,signup,5.99,5.99
16789,13422,2025-09-24,signup,5.99,5.99
16790,13423,2025-09-20,signup,5.99,5.99
16791,13423,2025-11-19,cancel,5.99,-5.99
16792,13424,2025-10-08,signup,5.99,5.99
16793,13424,2025-12-07,cancel,5.99,-5.99
16794,13425,2025-09-30,signup,5.99,5.99
16795,13427,2025-10-04,signup,5.99,5.99
16796,13428,2025-09-20,signup,5.99,5.99
16797,13429,2025-10-07,signup,5.99,5.99
16798,13430,2025-09-20,signup,5.99,5.99
16799,13431,2025-10-13,signup,5.99,5.99
16800,13432,2025-09-28,signup,5.99,5.99
16801,13433,2025-10-10,signup,5.99,5.99
16802,13434,2025-10-02,signup,5.99,5.99
16803,13436,2025-10-16,signup,5.99,5.99
16804,13437,2025-10-18,signup,5.99,5.99
16805,13438,2025-09-18,signup,5.99,5.99
16806,13438,2025-10-18,cancel,5.99,-5.99
16807,13439,2025-09-27,signup,5.99,5.99
16808,13439,2025-11-26,cancel,5.99,-5.99
16809,13440,2025-10-15,signup,5.99,5.99
16810,13441,2025-10-07,signup,5.99,5.99
16811,13442,2025-09-21,signup,5.99,5.99
16812,13442,2025-12-20,cancel,5.99,-5.99
16813,13443,2025-10-14,signup,5.99,5.99
16814,13444,2025-09-29,signup,5.99,5.99
16815,13445,2025-10-14,signup,5.99,5.99
16816,13445,2025-11-13,cancel,5.99,-5.99
16817,13446,2025-10-18,signup,5.99,5.99
16818,13447,2025-10-18,signup,5.99,5.99
16819,13448,2025-09-20,signup,5.99,5.99
16820,13450,2025-10-05,signup,5.99,5.99
16821,13451,2025-10-15,signup,5.99,5.99
16822,13453,2025-10-16,signup,5.99,5.99
16823,13453,2025-11-15,cancel,5.99,-5.99
16824,13454,2025-09-27,signup,5.99,5.99
16825,13454,2025-10-27,cancel,5.99,-5.99
16826,13455,2025-09-23,signup,5.99,5.99
16827,13456,2025-10-18,signup,5.99,5.99
16828,13457,2025-09-27,signup,5.99,5.99
16829,13458,2025-10-03,signup,5.99,5.99
16830,13459,2025-09-30,signup,5.99,5.99
16831,13460,2025-10-10,signup,5.99,5.99
16832,13461,2025-10-17,signup,5.99,5.99
16833,13462,2025-09-26,signup,5.99,5.99
16834,13462,2025-10-26,cancel,5.99,-5.99
16835,13463,2025-10-17,signup,5.99,5.99
16836,13464,2025-09-29,signup,5.99,5.99
16837,13466,2025-09-21,signup,5.99,5.99
16838,13467,2025-09-30,signup,5.99,5.99
16839,13468,2025-10-12,signup,5.99,5.99
16840,13469,2025-10-06,signup,5.99,5.99
16841,13469,2025-11-05,cancel,5.99,-5.99
16842,13470,2025-10-15,signup,5.99,5.99
16843,13471,2025-09-25,signup,5.99,5.99
16844,13471,2025-10-25,cancel,5.99,-5.99
16845,13472,2025-09-22,signup,5.99,5.99
16846,13473,2025-10-01,signup,5.99,5.99
16847,13473,2025-10-31,cancel,5.99,-5.99
16848,13474,2025-10-18,signup,5.99,5.99
16849,13475,2025-10-12,signup,5.99,5.99
16850,13477,2025-09-24,signup,5.99,5.99
16851,13478,2025-10-17,signup,5.99,5.99
16852,13478,2025-11-16,cancel,5.99,-5.99
16853,13479,2025-10-12,signup,5.99,5.99
16854,13480,2025-10-16,signup,5.99,5.99
16855,13482,2025-10-02,signup,5.99,5.99
16856,13483,2025-09-29,signup,5.99,5.99
16857,13484,2025-09-23,signup,5.99,5.99
16858,13485,2025-10-11,signup,5.99,5.99
16859,13486,2025-09-28,signup,5.99,5.99
16860,13487,2025-10-18,signup,5.99,5.99
16861,13488,2025-10-03,signup,5.99,5.99
16862,13489,2025-10-15,signup,5.99,5.99
16863,13490,2025-09-23,signup,5.99,5.99
16864,13491,2025-10-07,signup,5.99,5.99
16865,13492,2025-10-02,signup,5.99,5.99
16866,13493,2025-09-27,signup,5.99,5.99
16867,13495,2025-09-28,signup,5.99,5.99
16868,13496,2025-10-06,signup,5.99,5.99
16869,13497,2025-10-18,signup,5.99,5.99
16870,13498,2025-09-21,signup,5.99,5.99
16871,13499,2025-10-08,signup,5.99,5.99
16872,13499,2025-11-07,cancel,5.99,-5.99
16873,13500,2025-09-27,signup,5.99,5.99
16874,13501,2025-09-28,signup,5.99,5.99
16875,13502,2025-09-30,signup,5.99,5.99
16876,13503,2025-10-14,signup,5.99,5.99
16877,13504,2025-10-18,signup,5.99,5.99
16878,13505,2025-10-15,signup,5.99,5.99
16879,13508,2025-09-26,signup,5.99,5.99
16880,13509,2025-10-20,signup,5.99,5.99
16881,13509,2025-12-19,cancel,5.99,-5.99
16882,13510,2025-09-26,signup,5.99,5.99
16883,13511,2025-10-02,signup,5.99,5.99
16884,13512,2025-10-06,signup,5.99,5.99
16885,13512,2025-11-05,cancel,5.99,-5.99
16886,13513,2025-09-29,signup,5.99,5.99
16887,13514,2025-10-13,signup,5.99,5.99
16888,13515,2025-10-03,signup,5.99,5.99
16889,13515,2025-11-02,cancel,5.99,-5.99
16890,13516,2025-09-30,signup,5.99,5.99
16891,13517,2025-09-21,signup,5.99,5.99
16892,13517,2025-10-21,cancel,5.99,-5.99
16893,13518,2025-10-05,signup,5.99,5.99
16894,13518,2025-12-04,cancel,5.99,-5.99
16895,13519,2025-09-28,signup,5.99,5.99
16896,13520,2025-10-10,signup,5.99,5.99
16897,13520,2025-12-09,cancel,5.99,-5.99
16898,13521,2025-09-20,signup,5.99,5.99
16899,13522,2025-10-19,signup,5.99,5.99
16900,13523,2025-10-20,signup,5.99,5.99
16901,13524,2025-09-29,signup,5.99,5.99
16902,13525,2025-09-24,signup,5.99,5.99
16903,13526,2025-10-17,signup,5.99,5.99
16904,13527,2025-10-03,signup,5.99,5.99
16905,13527,2025-11-02,cancel,5.99,-5.99
16906,13528,2025-09-25,signup,5.99,5.99
16907,13529,2025-10-16,signup,5.99,5.99
16908,13530,2025-10-10,signup,5.99,5.99
16909,13531,2025-10-18,signup,5.99,5.99
16910,13531,2025-12-17,cancel,5.99,-5.99
16911,13532,2025-09-27,signup,5.99,5.99
16912,13532,2025-11-26,cancel,5.99,-5.99
16913,13533,2025-10-02,signup,5.99,5.99
16914,13533,2025-12-01,cancel,5.99,-5.99
16915,13534,2025-10-10,signup,5.99,5.99
16916,13536,2025-10-17,signup,5.99,5.99
16917,13538,2025-10-13,signup,5.99,5.99
16918,13539,2025-10-04,signup,5.99,5.99
16919,13540,2025-10-19,signup,5.99,5.99
16920,13541,2025-10-01,signup,5.99,5.99
16921,13542,2025-10-10,signup,5.99,5.99
16922,13543,2025-09-24,signup,5.99,5.99
16923,13543,2025-12-23,cancel,5.99,-5.99
16924,13544,2025-10-11,signup,5.99,5.99
16925,13545,2025-10-05,signup,5.99,5.99
16926,13546,2025-09-26,signup,5.99,5.99
16927,13547,2025-10-14,signup,5.99,5.99
16928,13548,2025-10-21,signup,5.99,5.99
16929,13548,2025-11-20,cancel,5.99,-5.99
16930,13549,2025-09-27,signup,5.99,5.99
16931,13549,2025-10-27,cancel,5.99,-5.99
16932,13551,2025-10-05,signup,5.99,5.99
16933,13552,2025-10-20,signup,5.99,5.99
16934,13553,2025-10-06,signup,5.99,5.99
16935,13553,2025-11-05,cancel,5.99,-5.99
16936,13554,2025-10-12,signup,5.99,5.99
16937,13554,2025-11-11,cancel,5.99,-5.99
16938,13555,2025-10-15,signup,5.99,5.99
16939,13557,2025-09-26,signup,5.99,5.99
16940,13558,2025-09-27,signup,5.99,5.99
16941,13559,2025-10-01,signup,5.99,5.99
16942,13560,2025-09-22,signup,5.99,5.99
16943,13560,2025-10-22,cancel,5.99,-5.99
16944,13561,2025-09-24,signup,5.99,5.99
16945,13561,2025-10-24,cancel,5.99,-5.99
16946,13562,2025-09-24,signup,5.99,5.99
16947,13563,2025-10-15,signup,5.99,5.99
16948,13564,2025-09-22,signup,5.99,5.99
16949,13565,2025-09-26,signup,5.99,5.99
16950,13565,2025-11-25,cancel,5.99,-5.99
16951,13566,2025-09-21,signup,5.99,5.99
16952,13566,2025-10-21,cancel,5.99,-5.99
16953,13567,2025-10-05,signup,5.99,5.99
16954,13568,2025-09-25,signup,5.99,5.99
16955,13568,2025-10-25,cancel,5.99,-5.99
16956,13569,2025-10-08,signup,5.99,5.99
16957,13570,2025-10-13,signup,5.99,5.99
16958,13571,2025-09-22,signup,5.99,5.99
16959,13571,2025-12-21,cancel,5.99,-5.99
16960,13572,2025-10-17,signup,5.99,5.99
16961,13573,2025-10-16,signup,5.99,5.99
16962,13574,2025-10-12,signup,5.99,5.99
16963,13575,2025-10-07,signup,5.99,5.99
16964,13576,2025-10-07,signup,5.99,5.99
16965,13577,2025-10-04,signup,5.99,5.99
16966,13578,2025-10-06,signup,5.99,5.99
16967,13578,2025-11-05,cancel,5.99,-5.99
16968,13579,2025-09-29,signup,5.99,5.99
16969,13580,2025-10-17,signup,5.99,5.99
16970,13580,2025-12-16,cancel,5.99,-5.99
16971,13581,2025-10-14,signup,5.99,5.99
16972,13582,2025-10-09,signup,5.99,5.99
16973,13583,2025-09-26,signup,5.99,5.99
16974,13584,2025-10-01,signup,5.99,5.99
16975,13585,2025-10-04,signup,5.99,5.99
16976,13587,2025-10-15,signup,5.99,5.99
16977,13588,2025-10-05,signup,5.99,5.99
16978,13589,2025-10-09,signup,5.99,5.99
16979,13591,2025-09-29,signup,5.99,5.99
16980,13592,2025-10-20,signup,5.99,5.99
16981,13593,2025-10-15,signup,5.99,5.99
16982,13594,2025-10-10,signup,5.99,5.99
16983,13595,2025-10-14,signup,5.99,5.99
16984,13596,2025-10-08,signup,5.99,5.99
16985,13597,2025-09-27,signup,5.99,5.99
16986,13598,2025-10-10,signup,5.99,5.99
16987,13599,2025-10-07,signup,5.99,5.99
16988,13601,2025-10-05,signup,5.99,5.99
16989,13602,2025-10-05,signup,5.99,5.99
16990,13602,2025-11-04,cancel,5.99,-5.99
16991,13603,2025-10-09,signup,5.99,5.99
16992,13603,2025-11-08,cancel,5.99,-5.99
16993,13604,2025-10-12,signup,5.99,5.99
16994,13605,2025-10-13,signup,5.99,5.99
16995,13605,2025-11-12,cancel,5.99,-5.99
16996,13606,2025-10-07,signup,5.99,5.99
16997,13607,2025-10-23,signup,5.99,5.99
16998,13607,2025-11-22,cancel,5.99,-5.99
16999,13608,2025-10-16,signup,5.99,5.99
17000,13609,2025-09-25,signup,5.99,5.99
17001,13610,2025-09-28,signup,5.99,5.99
17002,13612,2025-09-24,signup,5.99,5.99
17003,13613,2025-10-07,signup,5.99,5.99
17004,13614,2025-10-05,signup,5.99,5.99
17005,13615,2025-09-26,signup,5.99,5.99
17006,13615,2025-11-25,cancel,5.99,-5.99
17007,13616,2025-10-04,signup,5.99,5.99
17008,13617,2025-10-05,signup,5.99,5.99
17009,13618,2025-10-21,signup,5.99,5.99
17010,13619,2025-10-18,signup,5.99,5.99
17011,13620,2025-10-17,signup,5.99,5.99
17012,13620,2025-12-16,cancel,5.99,-5.99
17013,13621,2025-10-21,signup,5.99,5.99
17014,13622,2025-09-29,signup,5.99,5.99
17015,13622,2025-10-29,cancel,5.99,-5.99
17016,13623,2025-10-03,signup,5.99,5.99
17017,13624,2025-10-13,signup,5.99,5.99
17018,13625,2025-10-03,signup,5.99,5.99
17019,13626,2025-09-29,signup,5.99,5.99
17020,13627,2025-10-20,signup,5.99,5.99
17021,13628,2025-10-04,signup,5.99,5.99
17022,13629,2025-10-14,signup,5.99,5.99
17023,13630,2025-09-26,signup,5.99,5.99
17024,13630,2025-10-26,cancel,5.99,-5.99
17025,13631,2025-10-08,signup,5.99,5.99
17026,13632,2025-09-30,signup,5.99,5.99
17027,13634,2025-10-03,signup,5.99,5.99
17028,13635,2025-10-05,signup,5.99,5.99
17029,13636,2025-10-22,signup,5.99,5.99
17030,13637,2025-10-18,signup,5.99,5.99
17031,13638,2025-09-27,signup,5.99,5.99
17032,13639,2025-10-21,signup,5.99,5.99
17033,13639,2025-11-20,cancel,5.99,-5.99
17034,13640,2025-10-04,signup,5.99,5.99
17035,13641,2025-10-20,signup,5.99,5.99
17036,13642,2025-09-28,signup,5.99,5.99
17037,13643,2025-10-22,signup,5.99,5.99
17038,13644,2025-10-03,signup,5.99,5.99
17039,13645,2025-09-24,signup,5.99,5.99
17040,13645,2025-10-24,cancel,5.99,-5.99
17041,13646,2025-10-14,signup,5.99,5.99
17042,13647,2025-10-15,signup,5.99,5.99
17043,13648,2025-10-23,signup,5.99,5.99
17044,13649,2025-09-24,signup,5.99,5.99
17045,13650,2025-10-05,signup,5.99,5.99
17046,13651,2025-09-27,signup,5.99,5.99
17047,13652,2025-10-05,signup,5.99,5.99
17048,13653,2025-10-23,signup,5.99,5.99
17049,13655,2025-10-19,signup,5.99,5.99
17050,13656,2025-10-06,signup,5.99,5.99
17051,13658,2025-10-21,signup,5.99,5.99
17052,13659,2025-10-03,signup,5.99,5.99
17053,13659,2025-11-02,cancel,5.99,-5.99
17054,13660,2025-09-30,signup,5.99,5.99
17055,13662,2025-10-09,signup,5.99,5.99
17056,13662,2025-11-08,cancel,5.99,-5.99
17057,13664,2025-10-23,signup,5.99,5.99
17058,13664,2025-12-22,cancel,5.99,-5.99
17059,13665,2025-10-21,signup,5.99,5.99
17060,13666,2025-09-29,signup,5.99,5.99
17061,13667,2025-10-17,signup,5.99,5.99
17062,13668,2025-09-26,signup,5.99,5.99
17063,13668,2025-10-26,cancel,5.99,-5.99
17064,13669,2025-09-28,signup,5.99,5.99
17065,13670,2025-10-25,signup,5.99,5.99
17066,13671,2025-10-10,signup,5.99,5.99
17067,13672,2025-10-19,signup,5.99,5.99
17068,13673,2025-10-02,signup,5.99,5.99
17069,13673,2025-12-31,cancel,5.99,-5.99
17070,13674,2025-10-24,signup,5.99,5.99
17071,13675,2025-09-30,signup,5.99,5.99
17072,13676,2025-10-12,signup,5.99,5.99
17073,13677,2025-10-18,signup,5.99,5.99
17074,13677,2025-11-17,cancel,5.99,-5.99
17075,13678,2025-10-16,signup,5.99,5.99
17076,13679,2025-10-07,signup,5.99,5.99
17077,13679,2025-11-06,cancel,5.99,-5.99
17078,13680,2025-10-12,signup,5.99,5.99
17079,13681,2025-09-25,signup,5.99,5.99
17080,13682,2025-10-07,signup,5.99,5.99
17081,13683,2025-10-11,signup,5.99,5.99
17082,13684,2025-10-01,signup,5.99,5.99
17083,13685,2025-10-24,signup,5.99,5.99
17084,13685,2025-11-23,cancel,5.99,-5.99
17085,13686,2025-10-21,signup,5.99,5.99
17086,13687,2025-10-01,signup,5.99,5.99
17087,13688,2025-09-29,signup,5.99,5.99
17088,13689,2025-10-24,signup,5.99,5.99
17089,13689,2025-12-23,cancel,5.99,-5.99
17090,13690,2025-09-27,signup,5.99,5.99
17091,13690,2025-10-27,cancel,5.99,-5.99
17092,13691,2025-10-20,signup,5.99,5.99
17093,13691,2025-11-19,cancel,5.99,-5.99
17094,13692,2025-10-22,signup,5.99,5.99
17095,13693,2025-10-14,signup,5.99,5.99
17096,13694,2025-10-21,signup,5.99,5.99
17097,13694,2025-11-20,cancel,5.99,-5.99
17098,13695,2025-10-20,signup,5.99,5.99
17099,13696,2025-10-21,signup,5.99,5.99
17100,13697,2025-10-01,signup,5.99,5.99
17101,13698,2025-10-23,signup,5.99,5.99
17102,13699,2025-10-15,signup,5.99,5.99
17103,13700,2025-09-26,signup,5.99,5.99
17104,13701,2025-10-06,signup,5.99,5.99
17105,13702,2025-10-20,signup,5.99,5.99
17106,13703,2025-10-11,signup,5.99,5.99
17107,13704,2025-10-14,signup,5.99,5.99
17108,13704,2025-11-13,cancel,5.99,-5.99
17109,13705,2025-10-26,signup,5.99,5.99
17110,13706,2025-10-09,signup,5.99,5.99
17111,13707,2025-10-14,signup,5.99,5.99
17112,13707,2025-12-13,cancel,5.99,-5.99
17113,13708,2025-10-23,signup,5.99,5.99
17114,13709,2025-10-12,signup,5.99,5.99
17115,13709,2025-11-11,cancel,5.99,-5.99
17116,13710,2025-10-21,signup,5.99,5.99
17117,13711,2025-09-26,signup,5.99,5.99
17118,13712,2025-10-17,signup,5.99,5.99
17119,13713,2025-10-02,signup,5.99,5.99
17120,13714,2025-10-23,signup,5.99,5.99
17121,13715,2025-10-24,signup,5.99,5.99
17122,13715,2025-11-23,cancel,5.99,-5.99
17123,13716,2025-10-18,signup,5.99,5.99
17124,13716,2025-12-17,cancel,5.99,-5.99
17125,13717,2025-10-02,signup,5.99,5.99
17126,13718,2025-10-08,signup,5.99,5.99
17127,13719,2025-09-26,signup,5.99,5.99
17128,13720,2025-10-22,signup,5.99,5.99
17129,13721,2025-10-05,signup,5.99,5.99
17130,13722,2025-10-01,signup,5.99,5.99
17131,13723,2025-10-24,signup,5.99,5.99
17132,13724,2025-10-19,signup,5.99,5.99
17133,13724,2025-11-18,cancel,5.99,-5.99
17134,13725,2025-10-20,signup,5.99,5.99
17135,13726,2025-10-01,signup,5.99,5.99
17136,13727,2025-10-15,signup,5.99,5.99
17137,13728,2025-10-09,signup,5.99,5.99
17138,13729,2025-10-09,signup,5.99,5.99
17139,13730,2025-10-24,signup,5.99,5.99
17140,13731,2025-10-25,signup,5.99,5.99
17141,13732,2025-09-28,signup,5.99,5.99
17142,13734,2025-09-29,signup,5.99,5.99
17143,13735,2025-10-02,signup,5.99,5.99
17144,13735,2025-11-01,cancel,5.99,-5.99
17145,13736,2025-10-24,signup,5.99,5.99
17146,13738,2025-10-06,signup,5.99,5.99
17147,13739,2025-10-25,signup,5.99,5.99
17148,13741,2025-10-05,signup,5.99,5.99
17149,13742,2025-10-05,signup,5.99,5.99
17150,13743,2025-10-12,signup,5.99,5.99
17151,13744,2025-10-02,signup,5.99,5.99
17152,13745,2025-10-08,signup,5.99,5.99
17153,13745,2025-11-07,cancel,5.99,-5.99
17154,13746,2025-10-22,signup,5.99,5.99
17155,13747,2025-10-04,signup,5.99,5.99
17156,13749,2025-10-21,signup,5.99,5.99
17157,13750,2025-10-22,signup,5.99,5.99
17158,13751,2025-10-16,signup,5.99,5.99
17159,13753,2025-10-13,signup,5.99,5.99
17160,13754,2025-10-13,signup,5.99,5.99
17161,13755,2025-10-03,signup,5.99,5.99
17162,13756,2025-09-27,signup,5.99,5.99
17163,13757,2025-09-30,signup,5.99,5.99
17164,13758,2025-10-11,signup,5.99,5.99
17165,13760,2025-10-20,signup,5.99,5.99
17166,13761,2025-10-18,signup,5.99,5.99
17167,13762,2025-10-12,signup,5.99,5.99
17168,13763,2025-10-09,signup,5.99,5.99
17169,13764,2025-10-25,signup,5.99,5.99
17170,13765,2025-10-21,signup,5.99,5.99
17171,13765,2025-11-20,cancel,5.99,-5.99
17172,13766,2025-10-04,signup,5.99,5.99
17173,13766,2025-11-03,cancel,5.99,-5.99
17174,13767,2025-10-07,signup,5.99,5.99
17175,13768,2025-10-24,signup,5.99,5.99
17176,13768,2025-12-23,cancel,5.99,-5.99
17177,13769,2025-10-24,signup,5.99,5.99
17178,13770,2025-10-05,signup,5.99,5.99
17179,13772,2025-09-29,signup,5.99,5.99
17180,13772,2025-10-29,cancel,5.99,-5.99
17181,13773,2025-10-25,signup,5.99,5.99
17182,13773,2025-12-24,cancel,5.99,-5.99
17183,13774,2025-10-08,signup,5.99,5.99
17184,13775,2025-10-11,signup,5.99,5.99
17185,13776,2025-10-27,signup,5.99,5.99
17186,13777,2025-10-07,signup,5.99,5.99
17187,13777,2025-12-06,cancel,5.99,-5.99
17188,13779,2025-09-28,signup,5.99,5.99
17189,13780,2025-10-15,signup,5.99,5.99
17190,13780,2025-12-14,cancel,5.99,-5.99
17191,13781,2025-10-13,signup,5.99,5.99
17192,13782,2025-10-22,signup,5.99,5.99
17193,13783,2025-10-13,signup,5.99,5.99
17194,13784,2025-10-26,signup,5.99,5.99
17195,13785,2025-10-20,signup,5.99,5.99
17196,13786,2025-10-05,signup,5.99,5.99
17197,13787,2025-10-05,signup,5.99,5.99
17198,13787,2025-11-04,cancel,5.99,-5.99
17199,13788,2025-10-10,signup,5.99,5.99
17200,13789,2025-10-12,signup,5.99,5.99
17201,13790,2025-10-27,signup,5.99,5.99
17202,13791,2025-10-04,signup,5.99,5.99
17203,13792,2025-10-14,signup,5.99,5.99
17204,13793,2025-10-27,signup,5.99,5.99
17205,13794,2025-09-28,signup,5.99,5.99
17206,13794,2025-11-27,cancel,5.99,-5.99
17207,13795,2025-10-02,signup,5.99,5.99
17208,13796,2025-10-20,signup,5.99,5.99
17209,13797,2025-10-26,signup,5.99,5.99
17210,13798,2025-10-18,signup,5.99,5.99
17211,13799,2025-10-21,signup,5.99,5.99
17212,13800,2025-09-30,signup,5.99,5.99
17213,13801,2025-10-20,signup,5.99,5.99
17214,13802,2025-09-29,signup,5.99,5.99
17215,13802,2025-10-29,cancel,5.99,-5.99
17216,13803,2025-10-18,signup,5.99,5.99
17217,13805,2025-10-09,signup,5.99,5.99
17218,13806,2025-10-13,signup,5.99,5.99
17219,13807,2025-10-06,signup,5.99,5.99
17220,13809,2025-10-24,signup,5.99,5.99
17221,13810,2025-10-18,signup,5.99,5.99
17222,13811,2025-10-02,signup,5.99,5.99
17223,13812,2025-10-23,signup,5.99,5.99
17224,13812,2025-11-22,cancel,5.99,-5.99
17225,13813,2025-10-05,signup,5.99,5.99
17226,13814,2025-10-18,signup,5.99,5.99
17227,13816,2025-10-05,signup,5.99,5.99
17228,13817,2025-10-11,signup,5.99,5.99
17229,13818,2025-10-25,signup,5.99,5.99
17230,13819,2025-09-29,signup,5.99,5.99
17231,13820,2025-10-20,signup,5.99,5.99
17232,13820,2025-11-19,cancel,5.99,-5.99
17233,13821,2025-10-19,signup,5.99,5.99
17234,13822,2025-10-13,signup,5.99,5.99
17235,13823,2025-10-19,signup,5.99,5.99
17236,13824,2025-10-29,signup,5.99,5.99
17237,13824,2025-11-28,cancel,5.99,-5.99
17238,13825,2025-10-24,signup,5.99,5.99
17239,13826,2025-10-05,signup,5.99,5.99
17240,13826,2025-12-04,cancel,5.99,-5.99
17241,13827,2025-09-30,signup,5.99,5.99
17242,13827,2025-11-29,cancel,5.99,-5.99
17243,13828,2025-10-08,signup,5.99,5.99
17244,13830,2025-10-24,signup,5.99,5.99
17245,13831,2025-10-13,signup,5.99,5.99
17246,13832,2025-10-12,signup,5.99,5.99
17247,13833,2025-10-14,signup,5.99,5.99
17248,13834,2025-10-09,signup,5.99,5.99
17249,13835,2025-10-24,signup,5.99,5.99
17250,13836,2025-10-16,signup,5.99,5.99
17251,13837,2025-10-22,signup,5.99,5.99
17252,13838,2025-10-08,signup,5.99,5.99
17253,13838,2025-11-07,cancel,5.99,-5.99
17254,13839,2025-10-18,signup,5.99,5.99
17255,13840,2025-10-20,signup,5.99,5.99
17256,13841,2025-10-23,signup,5.99,5.99
17257,13842,2025-10-06,signup,5.99,5.99
17258,13843,2025-10-09,signup,5.99,5.99
17259,13844,2025-10-03,signup,5.99,5.99
17260,13845,2025-10-23,signup,5.99,5.99
17261,13846,2025-10-16,signup,5.99,5.99
17262,13846,2025-12-15,cancel,5.99,-5.99
17263,13847,2025-10-29,signup,5.99,5.99
17264,13847,2025-12-28,cancel,5.99,-5.99
17265,13848,2025-10-14,signup,5.99,5.99
17266,13849,2025-09-30,signup,5.99,5.99
17267,13849,2025-10-30,cancel,5.99,-5.99
17268,13850,2025-10-07,signup,5.99,5.99
17269,13852,2025-10-28,signup,5.99,5.99
17270,13853,2025-10-12,signup,5.99,5.99
17271,13854,2025-10-27,signup,5.99,5.99
17272,13855,2025-09-30,signup,5.99,5.99
17273,13856,2025-10-11,signup,5.99,5.99
17274,13857,2025-10-25,signup,5.99,5.99
17275,13858,2025-10-14,signup,5.99,5.99
17276,13859,2025-10-17,signup,5.99,5.99
17277,13860,2025-10-09,signup,5.99,5.99
17278,13860,2025-11-08,cancel,5.99,-5.99
17279,13861,2025-10-22,signup,5.99,5.99
17280,13862,2025-10-14,signup,5.99,5.99
17281,13862,2025-12-13,cancel,5.99,-5.99
17282,13863,2025-10-22,signup,5.99,5.99
17283,13863,2025-11-21,cancel,5.99,-5.99
17284,13865,2025-10-20,signup,5.99,5.99
17285,13866,2025-10-22,signup,5.99,5.99
17286,13867,2025-10-16,signup,5.99,5.99
17287,13869,2025-10-08,signup,5.99,5.99
17288,13871,2025-10-21,signup,5.99,5.99
17289,13872,2025-10-01,signup,5.99,5.99
17290,13873,2025-10-07,signup,5.99,5.99
17291,13873,2025-12-06,cancel,5.99,-5.99
17292,13874,2025-10-11,signup,5.99,5.99
17293,13875,2025-10-28,signup,5.99,5.99
17294,13875,2025-11-27,cancel,5.99,-5.99
17295,13877,2025-10-11,signup,5.99,5.99
17296,13877,2025-12-10,cancel,5.99,-5.99
17297,13878,2025-10-05,signup,5.99,5.99
17298,13880,2025-10-15,signup,5.99,5.99
17299,13881,2025-10-20,signup,5.99,5.99
17300,13882,2025-10-03,signup,5.99,5.99
17301,13883,2025-10-27,signup,5.99,5.99
17302,13884,2025-10-27,signup,5.99,5.99
17303,13885,2025-10-19,signup,5.99,5.99
17304,13886,2025-10-15,signup,5.99,5.99
17305,13886,2025-12-14,cancel,5.99,-5.99
17306,13887,2025-10-09,signup,5.99,5.99
17307,13888,2025-10-16,signup,5.99,5.99
17308,13889,2025-10-14,signup,5.99,5.99
17309,13890,2025-10-08,signup,5.99,5.99
17310,13891,2025-10-13,signup,5.99,5.99
17311,13892,2025-10-10,signup,5.99,5.99
17312,13893,2025-10-23,signup,5.99,5.99
17313,13895,2025-10-07,signup,5.99,5.99
17314,13897,2025-10-28,signup,5.99,5.99
17315,13897,2025-11-27,cancel,5.99,-5.99
17316,13898,2025-10-24,signup,5.99,5.99
17317,13899,2025-10-29,signup,5.99,5.99
17318,13900,2025-10-29,signup,5.99,5.99
17319,13901,2025-10-06,signup,5.99,5.99
17320,13902,2025-10-20,signup,5.99,5.99
17321,13902,2025-11-19,cancel,5.99,-5.99
17322,13903,2025-10-15,signup,5.99,5.99
17323,13903,2025-12-14,cancel,5.99,-5.99
17324,13904,2025-10-19,signup,5.99,5.99
17325,13905,2025-10-28,signup,5.99,5.99
17326,13906,2025-10-07,signup,5.99,5.99
17327,13907,2025-10-24,signup,5.99,5.99
17328,13908,2025-10-18,signup,5.99,5.99
17329,13909,2025-10-29,signup,5.99,5.99
17330,13910,2025-10-29,signup,5.99,5.99
17331,13911,2025-10-12,signup,5.99,5.99
17332,13912,2025-10-23,signup,5.99,5.99
17333,13913,2025-10-21,signup,5.99,5.99
17334,13914,2025-10-26,signup,5.99,5.99
17335,13915,2025-10-05,signup,5.99,5.99
17336,13915,2025-11-04,cancel,5.99,-5.99
17337,13917,2025-10-25,signup,5.99,5.99
17338,13918,2025-10-31,signup,5.99,5.99
17339,13918,2025-11-30,cancel,5.99,-5.99
17340,13919,2025-10-03,signup,5.99,5.99
17341,13920,2025-10-11,signup,5.99,5.99
17342,13921,2025-10-02,signup,5.99,5.99
17343,13922,2025-10-03,signup,5.99,5.99
17344,13922,2025-11-02,cancel,5.99,-5.99
17345,13923,2025-10-15,signup,5.99,5.99
17346,13923,2025-12-14,cancel,5.99,-5.99
17347,13924,2025-10-29,signup,5.99,5.99
17348,13925,2025-10-29,signup,5.99,5.99
17349,13926,2025-10-08,signup,5.99,5.99
17350,13926,2025-11-07,cancel,5.99,-5.99
17351,13927,2025-11-01,signup,5.99,5.99
17352,13928,2025-10-03,signup,5.99,5.99
17353,13928,2025-12-02,cancel,5.99,-5.99
17354,13929,2025-10-13,signup,5.99,5.99
17355,13931,2025-10-27,signup,5.99,5.99
17356,13932,2025-10-19,signup,5.99,5.99
17357,13933,2025-10-18,signup,5.99,5.99
17358,13934,2025-10-04,signup,5.99,5.99
17359,13934,2025-11-03,cancel,5.99,-5.99
17360,13935,2025-10-30,signup,5.99,5.99
17361,13937,2025-10-12,signup,5.99,5.99
17362,13938,2025-10-15,signup,5.99,5.99
17363,13939,2025-10-20,signup,5.99,5.99
17364,13940,2025-10-21,signup,5.99,5.99
17365,13941,2025-10-18,signup,5.99,5.99
17366,13942,2025-10-05,signup,5.99,5.99
17367,13944,2025-10-22,signup,5.99,5.99
17368,13945,2025-10-08,signup,5.99,5.99
17369,13946,2025-10-03,signup,5.99,5.99
17370,13946,2025-12-02,cancel,5.99,-5.99
17371,13947,2025-10-10,signup,5.99,5.99
17372,13948,2025-10-11,signup,5.99,5.99
17373,13949,2025-11-01,signup,5.99,5.99
17374,13949,2025-12-01,cancel,5.99,-5.99
17375,13950,2025-10-29,signup,5.99,5.99
17376,13951,2025-10-28,signup,5.99,5.99
17377,13952,2025-10-17,signup,5.99,5.99
17378,13953,2025-10-03,signup,5.99,5.99
17379,13955,2025-10-16,signup,5.99,5.99
17380,13956,2025-10-30,signup,5.99,5.99
17381,13956,2025-12-29,cancel,5.99,-5.99
17382,13957,2025-11-01,signup,5.99,5.99
17383,13958,2025-10-10,signup,5.99,5.99
17384,13959,2025-10-25,signup,5.99,5.99
17385,13960,2025-11-01,signup,5.99,5.99
17386,13960,2025-12-31,cancel,5.99,-5.99
17387,13962,2025-10-16,signup,5.99,5.99
17388,13963,2025-10-22,signup,5.99,5.99
17389,13964,2025-10-30,signup,5.99,5.99
17390,13965,2025-10-15,signup,5.99,5.99
17391,13966,2025-10-20,signup,5.99,5.99
17392,13968,2025-10-15,signup,5.99,5.99
17393,13968,2025-11-14,cancel,5.99,-5.99
17394,13969,2025-10-26,signup,5.99,5.99
17395,13970,2025-10-27,signup,5.99,5.99
17396,13970,2025-11-26,cancel,5.99,-5.99
17397,13972,2025-10-26,signup,5.99,5.99
17398,13972,2025-11-25,cancel,5.99,-5.99
17399,13974,2025-10-31,signup,5.99,5.99
17400,13975,2025-10-17,signup,5.99,5.99
17401,13976,2025-10-06,signup,5.99,5.99
17402,13976,2025-11-05,cancel,5.99,-5.99
17403,13978,2025-10-13,signup,5.99,5.99
17404,13978,2025-11-12,cancel,5.99,-5.99
17405,13979,2025-10-23,signup,5.99,5.99
17406,13979,2025-12-22,cancel,5.99,-5.99
17407,13980,2025-10-31,signup,5.99,5.99
17408,13981,2025-10-21,signup,5.99,5.99
17409,13982,2025-10-12,signup,5.99,5.99
17410,13983,2025-10-22,signup,5.99,5.99
17411,13984,2025-10-28,signup,5.99,5.99
17412,13984,2025-11-27,cancel,5.99,-5.99
17413,13985,2025-10-10,signup,5.99,5.99
17414,13985,2025-11-09,cancel,5.99,-5.99
17415,13987,2025-10-31,signup,5.99,5.99
17416,13988,2025-10-30,signup,5.99,5.99
17417,13989,2025-10-29,signup,5.99,5.99
17418,13990,2025-10-16,signup,5.99,5.99
17419,13991,2025-10-24,signup,5.99,5.99
17420,13992,2025-10-31,signup,5.99,5.99
17421,13992,2025-11-30,cancel,5.99,-5.99
17422,13994,2025-10-24,signup,5.99,5.99
17423,13995,2025-10-18,signup,5.99,5.99
17424,13995,2025-11-17,cancel,5.99,-5.99
17425,13996,2025-10-04,signup,5.99,5.99
17426,13997,2025-10-31,signup,5.99,5.99
17427,13998,2025-10-14,signup,5.99,5.99
17428,14000,2025-10-23,signup,5.99,5.99
17429,14001,2025-10-06,signup,5.99,5.99
17430,14001,2025-11-05,cancel,5.99,-5.99
17431,14002,2025-10-05,signup,5.99,5.99
17432,14003,2025-10-23,signup,5.99,5.99
17433,14004,2025-10-11,signup,5.99,5.99
17434,14005,2025-10-16,signup,5.99,5.99
17435,14006,2025-10-13,signup,5.99,5.99
17436,14008,2025-10-07,signup,5.99,5.99
17437,14009,2025-10-24,signup,5.99,5.99
17438,14009,2025-11-23,cancel,5.99,-5.99
17439,14010,2025-10-26,signup,5.99,5.99
17440,14010,2025-11-25,cancel,5.99,-5.99
17441,14012,2025-10-16,signup,5.99,5.99
17442,14013,2025-10-29,signup,5.99,5.99
17443,14014,2025-10-28,signup,5.99,5.99
17444,14014,2025-11-27,cancel,5.99,-5.99
17445,14015,2025-11-03,signup,5.99,5.99
17446,14016,2025-10-07,signup,5.99,5.99
17447,14017,2025-10-28,signup,5.99,5.99
17448,14018,2025-10-14,signup,5.99,5.99
17449,14019,2025-10-17,signup,5.99,5.99
17450,14020,2025-10-17,signup,5.99,5.99
17451,14021,2025-10-10,signup,5.99,5.99
17452,14023,2025-11-04,signup,5.99,5.99
17453,14024,2025-10-18,signup,5.99,5.99
17454,14025,2025-10-21,signup,5.99,5.99
17455,14025,2025-11-20,cancel,5.99,-5.99
17456,14026,2025-10-28,signup,5.99,5.99
17457,14027,2025-10-18,signup,5.99,5.99
17458,14028,2025-11-02,signup,5.99,5.99
17459,14028,2025-12-02,cancel,5.99,-5.99
17460,14029,2025-10-26,signup,5.99,5.99
17461,14030,2025-10-27,signup,5.99,5.99
17462,14031,2025-10-16,signup,5.99,5.99
17463,14032,2025-10-08,signup,5.99,5.99
17464,14034,2025-10-27,signup,5.99,5.99
17465,14034,2025-12-26,cancel,5.99,-5.99
17466,14035,2025-10-07,signup,5.99,5.99
17467,14037,2025-10-30,signup,5.99,5.99
17468,14038,2025-10-13,signup,5.99,5.99
17469,14040,2025-10-09,signup,5.99,5.99
17470,14041,2025-10-08,signup,5.99,5.99
17471,14042,2025-10-09,signup,5.99,5.99
17472,14042,2025-12-08,cancel,5.99,-5.99
17473,14043,2025-11-03,signup,5.99,5.99
17474,14044,2025-10-18,signup,5.99,5.99
17475,14045,2025-10-12,signup,5.99,5.99
17476,14046,2025-10-06,signup,5.99,5.99
17477,14048,2025-10-15,signup,5.99,5.99
17478,14049,2025-11-03,signup,5.99,5.99
17479,14050,2025-10-15,signup,5.99,5.99
17480,14052,2025-10-08,signup,5.99,5.99
17481,14052,2025-12-07,cancel,5.99,-5.99
17482,14053,2025-10-18,signup,5.99,5.99
17483,14054,2025-10-21,signup,5.99,5.99
17484,14055,2025-11-01,signup,5.99,5.99
17485,14056,2025-10-29,signup,5.99,5.99
17486,14056,2025-11-28,cancel,5.99,-5.99
17487,14057,2025-10-16,signup,5.99,5.99
17488,14058,2025-10-20,signup,5.99,5.99
17489,14059,2025-11-05,signup,5.99,5.99
17490,14060,2025-10-14,signup,5.99,5.99
17491,14060,2025-11-13,cancel,5.99,-5.99
17492,14061,2025-10-24,signup,5.99,5.99
17493,14062,2025-10-10,signup,5.99,5.99
17494,14063,2025-10-29,signup,5.99,5.99
17495,14065,2025-11-03,signup,5.99,5.99
17496,14066,2025-11-02,signup,5.99,5.99
17497,14067,2025-10-09,signup,5.99,5.99
17498,14068,2025-10-16,signup,5.99,5.99
17499,14069,2025-10-15,signup,5.99,5.99
17500,14070,2025-10-29,signup,5.99,5.99
17501,14071,2025-10-16,signup,5.99,5.99
17502,14072,2025-10-23,signup,5.99,5.99
17503,14072,2025-11-22,cancel,5.99,-5.99
17504,14073,2025-10-26,signup,5.99,5.99
17505,14074,2025-10-14,signup,5.99,5.99
17506,14075,2025-10-10,signup,5.99,5.99
17507,14076,2025-10-24,signup,5.99,5.99
17508,14077,2025-10-13,signup,5.99,5.99
17509,14077,2025-11-12,cancel,5.99,-5.99
17510,14078,2025-10-17,signup,5.99,5.99
17511,14079,2025-10-17,signup,5.99,5.99
17512,14080,2025-10-24,signup,5.99,5.99
17513,14081,2025-11-03,signup,5.99,5.99
17514,14082,2025-10-13,signup,5.99,5.99
17515,14083,2025-10-19,signup,5.99,5.99
17516,14084,2025-11-02,signup,5.99,5.99
17517,14085,2025-10-28,signup,5.99,5.99
17518,14086,2025-10-08,signup,5.99,5.99
17519,14087,2025-10-25,signup,5.99,5.99
17520,14087,2025-12-24,cancel,5.99,-5.99
17521,14088,2025-10-10,signup,5.99,5.99
17522,14088,2025-11-09,cancel,5.99,-5.99
17523,14089,2025-11-02,signup,5.99,5.99
17524,14090,2025-10-14,signup,5.99,5.99
17525,14091,2025-10-23,signup,5.99,5.99
17526,14092,2025-10-15,signup,5.99,5.99
17527,14093,2025-10-31,signup,5.99,5.99
17528,14094,2025-10-28,signup,5.99,5.99
17529,14094,2025-11-27,cancel,5.99,-5.99
17530,14095,2025-10-13,signup,5.99,5.99
17531,14096,2025-10-16,signup,5.99,5.99
17532,14096,2025-12-15,cancel,5.99,-5.99
17533,14097,2025-10-10,signup,5.99,5.99
17534,14098,2025-10-29,signup,5.99,5.99
17535,14099,2025-10-19,signup,5.99,5.99
17536,14099,2025-11-18,cancel,5.99,-5.99
17537,14100,2025-10-19,signup,5.99,5.99
17538,14101,2025-10-23,signup,5.99,5.99
17539,14102,2025-10-09,signup,5.99,5.99
17540,14103,2025-10-20,signup,5.99,5.99
17541,14104,2025-10-07,signup,5.99,5.99
17542,14105,2025-10-18,signup,5.99,5.99
17543,14106,2025-10-15,signup,5.99,5.99
17544,14107,2025-10-09,signup,5.99,5.99
17545,14107,2025-12-08,cancel,5.99,-5.99
17546,14108,2025-10-25,signup,5.99,5.99
17547,14109,2025-11-04,signup,5.99,5.99
17548,14110,2025-10-23,signup,5.99,5.99
17549,14112,2025-10-17,signup,5.99,5.99
17550,14113,2025-11-06,signup,5.99,5.99
17551,14114,2025-10-29,signup,5.99,5.99
17552,14114,2025-11-28,cancel,5.99,-5.99
17553,14115,2025-11-01,signup,5.99,5.99
17554,14115,2025-12-31,cancel,5.99,-5.99
17555,14116,2025-11-06,signup,5.99,5.99
17556,14116,2025-12-06,cancel,5.99,-5.99
17557,14118,2025-10-17,signup,5.99,5.99
17558,14119,2025-11-06,signup,5.99,5.99
17559,14120,2025-10-31,signup,5.99,5.99
17560,14122,2025-10-19,signup,5.99,5.99
17561,14123,2025-10-22,signup,5.99,5.99
17562,14124,2025-10-21,signup,5.99,5.99
17563,14125,2025-10-27,signup,5.99,5.99
17564,14126,2025-10-19,signup,5.99,5.99
17565,14127,2025-11-05,signup,5.99,5.99
17566,14128,2025-10-25,signup,5.99,5.99
17567,14129,2025-10-29,signup,5.99,5.99
17568,14130,2025-11-02,signup,5.99,5.99
17569,14131,2025-10-22,signup,5.99,5.99
17570,14132,2025-11-05,signup,5.99,5.99
17571,14133,2025-10-26,signup,5.99,5.99
17572,14134,2025-10-26,signup,5.99,5.99
17573,14135,2025-10-17,signup,5.99,5.99
17574,14137,2025-10-20,signup,5.99,5.99
17575,14137,2025-12-19,cancel,5.99,-5.99
17576,14138,2025-11-05,signup,5.99,5.99
17577,14139,2025-10-25,signup,5.99,5.99
17578,14139,2025-11-24,cancel,5.99,-5.99
17579,14140,2025-11-03,signup,5.99,5.99
17580,14141,2025-10-08,signup,5.99,5.99
17581,14141,2025-11-07,cancel,5.99,-5.99
17582,14142,2025-10-19,signup,5.99,5.99
17583,14144,2025-11-06,signup,5.99,5.99
17584,14145,2025-10-25,signup,5.99,5.99
17585,14146,2025-11-05,signup,5.99,5.99
17586,14147,2025-10-19,signup,5.99,5.99
17587,14148,2025-11-06,signup,5.99,5.99
17588,14149,2025-10-13,signup,5.99,5.99
17589,14149,2025-11-12,cancel,5.99,-5.99
17590,14151,2025-10-30,signup,5.99,5.99
17591,14151,2025-11-29,cancel,5.99,-5.99
17592,14152,2025-11-07,signup,5.99,5.99
17593,14153,2025-10-26,signup,5.99,5.99
17594,14154,2025-10-09,signup,5.99,5.99
17595,14156,2025-10-28,signup,5.99,5.99
17596,14156,2025-11-27,cancel,5.99,-5.99
17597,14157,2025-10-27,signup,5.99,5.99
17598,14158,2025-10-08,signup,5.99,5.99
17599,14159,2025-10-16,signup,5.99,5.99
17600,14160,2025-10-15,signup,5.99,5.99
17601,14161,2025-10-30,signup,5.99,5.99
17602,14162,2025-10-12,signup,5.99,5.99
17603,14163,2025-11-06,signup,5.99,5.99
17604,14166,2025-10-25,signup,5.99,5.99
17605,14167,2025-11-03,signup,5.99,5.99
17606,14168,2025-10-29,signup,5.99,5.99
17607,14169,2025-10-12,signup,5.99,5.99
17608,14170,2025-11-03,signup,5.99,5.99
17609,14171,2025-10-28,signup,5.99,5.99
17610,14172,2025-10-30,signup,5.99,5.99
17611,14172,2025-11-29,cancel,5.99,-5.99
17612,14173,2025-10-13,signup,5.99,5.99
17613,14174,2025-10-30,signup,5.99,5.99
17614,14175,2025-10-17,signup,5.99,5.99
17615,14176,2025-10-11,signup,5.99,5.99
17616,14177,2025-10-19,signup,5.99,5.99
17617,14178,2025-10-29,signup,5.99,5.99
17618,14180,2025-10-11,signup,5.99,5.99
17619,14182,2025-10-09,signup,5.99,5.99
17620,14183,2025-10-27,signup,5.99,5.99
17621,14184,2025-10-13,signup,5.99,5.99
17622,14185,2025-10-28,signup,5.99,5.99
17623,14186,2025-10-11,signup,5.99,5.99
17624,14186,2025-12-10,cancel,5.99,-5.99
17625,14187,2025-11-01,signup,5.99,5.99
17626,14188,2025-10-26,signup,5.99,5.99
17627,14189,2025-10-26,signup,5.99,5.99
17628,14190,2025-11-06,signup,5.99,5.99
17629,14191,2025-10-26,signup,5.99,5.99
17630,14191,2025-11-25,cancel,5.99,-5.99
17631,14192,2025-10-10,signup,5.99,5.99
17632,14193,2025-11-01,signup,5.99,5.99
17633,14195,2025-10-13,signup,5.99,5.99
17634,14196,2025-10-30,signup,5.99,5.99
17635,14197,2025-10-31,signup,5.99,5.99
17636,14198,2025-11-01,signup,5.99,5.99
17637,14198,2025-12-01,cancel,5.99,-5.99
17638,14199,2025-10-26,signup,5.99,5.99
17639,14200,2025-10-26,signup,5.99,5.99
17640,14201,2025-10-26,signup,5.99,5.99
17641,14203,2025-11-03,signup,5.99,5.99
17642,14204,2025-10-24,signup,5.99,5.99
17643,14204,2025-11-23,cancel,5.99,-5.99
17644,14205,2025-10-21,signup,5.99,5.99
17645,14205,2025-11-20,cancel,5.99,-5.99
17646,14206,2025-10-24,signup,5.99,5.99
17647,14208,2025-11-03,signup,5.99,5.99
17648,14209,2025-10-15,signup,5.99,5.99
17649,14209,2025-11-14,cancel,5.99,-5.99
17650,14210,2025-10-15,signup,5.99,5.99
17651,14211,2025-10-25,signup,5.99,5.99
17652,14212,2025-10-26,signup,5.99,5.99
17653,14213,2025-11-05,signup,5.99,5.99
17654,14214,2025-10-16,signup,5.99,5.99
17655,14215,2025-10-16,signup,5.99,5.99
17656,14216,2025-11-08,signup,5.99,5.99
17657,14218,2025-11-05,signup,5.99,5.99
17658,14219,2025-11-06,signup,5.99,5.99
17659,14220,2025-11-06,signup,5.99,5.99
17660,14221,2025-10-20,signup,5.99,5.99
17661,14223,2025-11-01,signup,5.99,5.99
17662,14223,2025-12-01,cancel,5.99,-5.99
17663,14224,2025-11-01,signup,5.99,5.99
17664,14225,2025-10-18,signup,5.99,5.99
17665,14226,2025-11-08,signup,5.99,5.99
17666,14226,2025-12-08,cancel,5.99,-5.99
17667,14227,2025-10-30,signup,5.99,5.99
17668,14228,2025-10-31,signup,5.99,5.99
17669,14229,2025-10-14,signup,5.99,5.99
17670,14231,2025-10-15,signup,5.99,5.99
17671,14231,2025-12-14,cancel,5.99,-5.99
17672,14232,2025-10-30,signup,5.99,5.99
17673,14232,2025-11-29,cancel,5.99,-5.99
17674,14233,2025-11-03,signup,5.99,5.99
17675,14234,2025-10-11,signup,5.99,5.99
17676,14235,2025-10-24,signup,5.99,5.99
17677,14237,2025-10-30,signup,5.99,5.99
17678,14238,2025-10-26,signup,5.99,5.99
17679,14239,2025-11-10,signup,5.99,5.99
17680,14240,2025-10-30,signup,5.99,5.99
17681,14241,2025-10-19,signup,5.99,5.99
17682,14241,2025-11-18,cancel,5.99,-5.99
17683,14242,2025-11-06,signup,5.99,5.99
17684,14242,2025-12-06,cancel,5.99,-5.99
17685,14244,2025-10-18,signup,5.99,5.99
17686,14245,2025-10-17,signup,5.99,5.99
17687,14246,2025-11-02,signup,5.99,5.99
17688,14247,2025-11-02,signup,5.99,5.99
17689,14248,2025-10-18,signup,5.99,5.99
17690,14249,2025-10-12,signup,5.99,5.99
17691,14250,2025-10-20,signup,5.99,5.99
17692,14250,2025-12-19,cancel,5.99,-5.99
17693,14252,2025-10-21,signup,5.99,5.99
17694,14253,2025-10-31,signup,5.99,5.99
17695,14254,2025-10-18,signup,5.99,5.99
17696,14255,2025-11-04,signup,5.99,5.99
17697,14256,2025-10-19,signup,5.99,5.99
17698,14257,2025-10-24,signup,5.99,5.99
17699,14258,2025-10-31,signup,5.99,5.99
17700,14259,2025-10-21,signup,5.99,5.99
17701,14261,2025-10-17,signup,5.99,5.99
17702,14263,2025-11-05,signup,5.99,5.99
17703,14264,2025-10-20,signup,5.99,5.99
17704,14265,2025-10-18,signup,5.99,5.99
17705,14265,2025-11-17,cancel,5.99,-5.99
17706,14266,2025-10-25,signup,5.99,5.99
17707,14266,2025-11-24,cancel,5.99,-5.99
17708,14267,2025-10-18,signup,5.99,5.99
17709,14268,2025-11-09,signup,5.99,5.99
17710,14269,2025-10-27,signup,5.99,5.99
17711,14270,2025-10-16,signup,5.99,5.99
17712,14271,2025-10-12,signup,5.99,5.99
17713,14272,2025-11-09,signup,5.99,5.99
17714,14273,2025-10-27,signup,5.99,5.99
17715,14274,2025-10-12,signup,5.99,5.99
17716,14275,2025-10-19,signup,5.99,5.99
17717,14276,2025-11-05,signup,5.99,5.99
17718,14278,2025-11-04,signup,5.99,5.99
17719,14279,2025-11-01,signup,5.99,5.99
17720,14281,2025-10-24,signup,5.99,5.99
17721,14281,2025-11-23,cancel,5.99,-5.99
17722,14283,2025-11-09,signup,5.99,5.99
17723,14284,2025-10-12,signup,5.99,5.99
17724,14284,2025-11-11,cancel,5.99,-5.99
17725,14285,2025-10-20,signup,5.99,5.99
17726,14286,2025-10-22,signup,5.99,5.99
17727,14287,2025-11-04,signup,5.99,5.99
17728,14288,2025-10-16,signup,5.99,5.99
17729,14289,2025-10-26,signup,5.99,5.99
17730,14290,2025-10-25,signup,5.99,5.99
17731,14291,2025-10-29,signup,5.99,5.99
17732,14292,2025-10-24,signup,5.99,5.99
17733,14293,2025-10-15,signup,5.99,5.99
17734,14294,2025-10-25,signup,5.99,5.99
17735,14294,2025-11-24,cancel,5.99,-5.99
17736,14295,2025-11-07,signup,5.99,5.99
17737,14296,2025-11-10,signup,5.99,5.99
17738,14298,2025-11-07,signup,5.99,5.99
17739,14298,2025-12-07,cancel,5.99,-5.99
17740,14299,2025-10-31,signup,5.99,5.99
17741,14300,2025-11-07,signup,5.99,5.99
17742,14301,2025-11-06,signup,5.99,5.99
17743,14302,2025-10-15,signup,5.99,5.99
17744,14302,2025-11-14,cancel,5.99,-5.99
17745,14303,2025-11-05,signup,5.99,5.99
17746,14304,2025-11-02,signup,5.99,5.99
17747,14305,2025-10-19,signup,5.99,5.99
17748,14305,2025-11-18,cancel,5.99,-5.99
17749,14306,2025-11-04,signup,5.99,5.99
17750,14306,2025-12-04,cancel,5.99,-5.99
17751,14307,2025-10-29,signup,5.99,5.99
17752,14309,2025-11-04,signup,5.99,5.99
17753,14310,2025-11-10,signup,5.99,5.99
17754,14311,2025-10-16,signup,5.99,5.99
17755,14312,2025-10-24,signup,5.99,5.99
17756,14313,2025-11-03,signup,5.99,5.99
17757,14314,2025-10-25,signup,5.99,5.99
17758,14315,2025-10-30,signup,5.99,5.99
17759,14317,2025-10-21,signup,5.99,5.99
17760,14318,2025-10-27,signup,5.99,5.99
17761,14319,2025-10-17,signup,5.99,5.99
17762,14320,2025-10-30,signup,5.99,5.99
17763,14321,2025-10-15,signup,5.99,5.99
17764,14322,2025-10-13,signup,5.99,5.99
17765,14323,2025-11-09,signup,5.99,5.99
17766,14324,2025-10-27,signup,5.99,5.99
17767,14325,2025-10-23,signup,5.99,5.99
17768,14326,2025-11-11,signup,5.99,5.99
17769,14327,2025-10-17,signup,5.99,5.99
17770,14328,2025-11-02,signup,5.99,5.99
17771,14329,2025-11-04,signup,5.99,5.99
17772,14329,2025-12-04,cancel,5.99,-5.99
17773,14330,2025-10-19,signup,5.99,5.99
17774,14331,2025-10-30,signup,5.99,5.99
17775,14331,2025-11-29,cancel,5.99,-5.99
17776,14332,2025-10-26,signup,5.99,5.99
17777,14332,2025-12-25,cancel,5.99,-5.99
17778,14333,2025-10-20,signup,5.99,5.99
17779,14333,2025-11-19,cancel,5.99,-5.99
17780,14334,2025-10-31,signup,5.99,5.99
17781,14335,2025-10-16,signup,5.99,5.99
17782,14335,2025-11-15,cancel,5.99,-5.99
17783,14336,2025-10-28,signup,5.99,5.99
17784,14337,2025-11-11,signup,5.99,5.99
17785,14338,2025-11-02,signup,5.99,5.99
17786,14339,2025-10-16,signup,5.99,5.99
17787,14341,2025-10-14,signup,5.99,5.99
17788,14342,2025-11-06,signup,5.99,5.99
17789,14344,2025-10-15,signup,5.99,5.99
17790,14345,2025-11-02,signup,5.99,5.99
17791,14346,2025-10-17,signup,5.99,5.99
17792,14347,2025-10-25,signup,5.99,5.99
17793,14348,2025-11-09,signup,5.99,5.99
17794,14349,2025-10-31,signup,5.99,5.99
17795,14350,2025-10-26,signup,5.99,5.99
17796,14351,2025-10-21,signup,5.99,5.99
17797,14352,2025-10-16,signup,5.99,5.99
17798,14353,2025-11-05,signup,5.99,5.99
17799,14354,2025-11-10,signup,5.99,5.99
17800,14355,2025-10-19,signup,5.99,5.99
17801,14356,2025-10-30,signup,5.99,5.99
17802,14357,2025-11-08,signup,5.99,5.99
17803,14358,2025-10-19,signup,5.99,5.99
17804,14359,2025-11-11,signup,5.99,5.99
17805,14360,2025-10-26,signup,5.99,5.99
17806,14360,2025-11-25,cancel,5.99,-5.99
17807,14361,2025-11-05,signup,5.99,5.99
17808,14363,2025-10-26,signup,5.99,5.99
17809,14364,2025-11-03,signup,5.99,5.99
17810,14365,2025-11-09,signup,5.99,5.99
17811,14366,2025-10-15,signup,5.99,5.99
17812,14368,2025-10-21,signup,5.99,5.99
17813,14369,2025-10-14,signup,5.99,5.99
17814,14370,2025-10-17,signup,5.99,5.99
17815,14371,2025-11-09,signup,5.99,5.99
17816,14371,2025-12-09,cancel,5.99,-5.99
17817,14372,2025-10-27,signup,5.99,5.99
17818,14373,2025-11-09,signup,5.99,5.99
17819,14374,2025-11-12,signup,5.99,5.99
17820,14374,2025-12-12,cancel,5.99,-5.99
17821,14375,2025-11-09,signup,5.99,5.99
17822,14376,2025-10-24,signup,5.99,5.99
17823,14377,2025-11-10,signup,5.99,5.99
17824,14377,2025-12-10,cancel,5.99,-5.99
17825,14378,2025-11-08,signup,5.99,5.99
17826,14381,2025-11-14,signup,5.99,5.99
17827,14382,2025-10-31,signup,5.99,5.99
17828,14383,2025-11-02,signup,5.99,5.99
17829,14384,2025-11-12,signup,5.99,5.99
17830,14384,2025-12-12,cancel,5.99,-5.99
17831,14385,2025-10-15,signup,5.99,5.99
17832,14386,2025-10-18,signup,5.99,5.99
17833,14387,2025-10-18,signup,5.99,5.99
17834,14388,2025-10-29,signup,5.99,5.99
17835,14388,2025-11-28,cancel,5.99,-5.99
17836,14389,2025-10-28,signup,5.99,5.99
17837,14389,2025-11-27,cancel,5.99,-5.99
17838,14391,2025-11-02,signup,5.99,5.99
17839,14392,2025-10-24,signup,5.99,5.99
17840,14393,2025-11-14,signup,5.99,5.99
17841,14394,2025-11-01,signup,5.99,5.99
17842,14395,2025-11-07,signup,5.99,5.99
17843,14397,2025-11-12,signup,5.99,5.99
17844,14398,2025-10-25,signup,5.99,5.99
17845,14399,2025-10-25,signup,5.99,5.99
17846,14400,2025-10-21,signup,5.99,5.99
17847,14401,2025-11-04,signup,5.99,5.99
17848,14401,2025-12-04,cancel,5.99,-5.99
17849,14402,2025-10-26,signup,5.99,5.99
17850,14403,2025-11-03,signup,5.99,5.99
17851,14404,2025-11-12,signup,5.99,5.99
17852,14405,2025-10-20,signup,5.99,5.99
17853,14406,2025-10-23,signup,5.99,5.99
17854,14408,2025-10-16,signup,5.99,5.99
17855,14409,2025-11-01,signup,5.99,5.99
17856,14409,2025-12-01,cancel,5.99,-5.99
17857,14410,2025-11-04,signup,5.99,5.99
17858,14413,2025-11-05,signup,5.99,5.99
17859,14414,2025-11-09,signup,5.99,5.99
17860,14415,2025-11-02,signup,5.99,5.99
17861,14416,2025-11-01,signup,5.99,5.99
17862,14417,2025-10-31,signup,5.99,5.99
17863,14418,2025-11-12,signup,5.99,5.99
17864,14419,2025-11-01,signup,5.99,5.99
17865,14420,2025-10-31,signup,5.99,5.99
17866,14421,2025-11-13,signup,5.99,5.99
17867,14422,2025-10-29,signup,5.99,5.99
17868,14423,2025-10-29,signup,5.99,5.99
17869,14424,2025-10-25,signup,5.99,5.99
17870,14424,2025-12-24,cancel,5.99,-5.99
17871,14425,2025-10-27,signup,5.99,5.99
17872,14426,2025-11-07,signup,5.99,5.99
17873,14427,2025-11-01,signup,5.99,5.99
17874,14428,2025-10-31,signup,5.99,5.99
17875,14429,2025-11-03,signup,5.99,5.99
17876,14430,2025-11-11,signup,5.99,5.99
17877,14431,2025-11-13,signup,5.99,5.99
17878,14432,2025-11-12,signup,5.99,5.99
17879,14433,2025-10-28,signup,5.99,5.99
17880,14434,2025-10-16,signup,5.99,5.99
17881,14434,2025-12-15,cancel,5.99,-5.99
17882,14435,2025-11-07,signup,5.99,5.99
17883,14435,2025-12-07,cancel,5.99,-5.99
17884,14436,2025-10-19,signup,5.99,5.99
17885,14437,2025-11-02,signup,5.99,5.99
17886,14438,2025-11-05,signup,5.99,5.99
17887,14439,2025-10-20,signup,5.99,5.99
17888,14440,2025-11-04,signup,5.99,5.99
17889,14441,2025-10-21,signup,5.99,5.99
17890,14442,2025-11-01,signup,5.99,5.99
17891,14443,2025-10-26,signup,5.99,5.99
17892,14445,2025-11-03,signup,5.99,5.99
17893,14446,2025-10-30,signup,5.99,5.99
17894,14447,2025-11-04,signup,5.99,5.99
17895,14448,2025-11-10,signup,5.99,5.99
17896,14449,2025-11-08,signup,5.99,5.99
17897,14449,2025-12-08,cancel,5.99,-5.99
17898,14450,2025-10-31,signup,5.99,5.99
17899,14450,2025-12-30,cancel,5.99,-5.99
17900,14451,2025-11-12,signup,5.99,5.99
17901,14451,2025-12-12,cancel,5.99,-5.99
17902,14452,2025-10-25,signup,5.99,5.99
17903,14453,2025-10-31,signup,5.99,5.99
17904,14454,2025-10-19,signup,5.99,5.99
17905,14455,2025-11-02,signup,5.99,5.99
17906,14456,2025-10-24,signup,5.99,5.99
17907,14457,2025-11-07,signup,5.99,5.99
17908,14458,2025-11-05,signup,5.99,5.99
17909,14460,2025-11-01,signup,5.99,5.99
17910,14461,2025-11-10,signup,5.99,5.99
17911,14462,2025-11-11,signup,5.99,5.99
17912,14463,2025-10-30,signup,5.99,5.99
17913,14464,2025-11-08,signup,5.99,5.99
17914,14465,2025-11-05,signup,5.99,5.99
17915,14466,2025-10-30,signup,5.99,5.99
17916,14466,2025-11-29,cancel,5.99,-5.99
17917,14467,2025-11-06,signup,5.99,5.99
17918,14468,2025-10-27,signup,5.99,5.99
17919,14469,2025-10-22,signup,5.99,5.99
17920,14470,2025-11-14,signup,5.99,5.99
17921,14471,2025-11-12,signup,5.99,5.99
17922,14472,2025-11-07,signup,5.99,5.99
17923,14473,2025-11-05,signup,5.99,5.99
17924,14474,2025-10-24,signup,5.99,5.99
17925,14475,2025-11-06,signup,5.99,5.99
17926,14476,2025-11-12,signup,5.99,5.99
17927,14477,2025-11-13,signup,5.99,5.99
17928,14478,2025-10-31,signup,5.99,5.99
17929,14479,2025-11-02,signup,5.99,5.99
17930,14480,2025-10-23,signup,5.99,5.99
17931,14481,2025-11-10,signup,5.99,5.99
17932,14482,2025-11-08,signup,5.99,5.99
17933,14483,2025-10-31,signup,5.99,5.99
17934,14484,2025-10-19,signup,5.99,5.99
17935,14485,2025-10-27,signup,5.99,5.99
17936,14486,2025-10-21,signup,5.99,5.99
17937,14487,2025-11-04,signup,5.99,5.99
17938,14488,2025-11-07,signup,5.99,5.99
17939,14488,2025-12-07,cancel,5.99,-5.99
17940,14489,2025-11-17,signup,5.99,5.99
17941,14490,2025-11-08,signup,5.99,5.99
17942,14491,2025-11-08,signup,5.99,5.99
17943,14492,2025-10-28,signup,5.99,5.99
17944,14492,2025-11-27,cancel,5.99,-5.99
17945,14493,2025-10-18,signup,5.99,5.99
17946,14495,2025-11-08,signup,5.99,5.99
17947,14495,2025-12-08,cancel,5.99,-5.99
17948,14496,2025-10-26,signup,5.99,5.99
17949,14497,2025-10-30,signup,5.99,5.99
17950,14497,2025-11-29,cancel,5.99,-5.99
17951,14498,2025-10-19,signup,5.99,5.99
17952,14498,2025-11-18,cancel,5.99,-5.99
17953,14499,2025-10-28,signup,5.99,5.99
17954,14500,2025-10-26,signup,5.99,5.99
17955,14501,2025-10-22,signup,5.99,5.99
17956,14501,2025-11-21,cancel,5.99,-5.99
17957,14502,2025-10-26,signup,5.99,5.99
17958,14502,2025-12-25,cancel,5.99,-5.99
17959,14503,2025-11-03,signup,5.99,5.99
17960,14504,2025-10-22,signup,5.99,5.99
17961,14505,2025-11-15,signup,5.99,5.99
17962,14505,2025-12-15,cancel,5.99,-5.99
17963,14506,2025-11-03,signup,5.99,5.99
17964,14507,2025-10-19,signup,5.99,5.99
17965,14508,2025-11-05,signup,5.99,5.99
17966,14509,2025-11-14,signup,5.99,5.99
17967,14510,2025-11-16,signup,5.99,5.99
17968,14511,2025-11-12,signup,5.99,5.99
17969,14512,2025-11-14,signup,5.99,5.99
17970,14513,2025-11-05,signup,5.99,5.99
17971,14514,2025-10-26,signup,5.99,5.99
17972,14515,2025-10-31,signup,5.99,5.99
17973,14515,2025-12-30,cancel,5.99,-5.99
17974,14516,2025-10-25,signup,5.99,5.99
17975,14517,2025-10-24,signup,5.99,5.99
17976,14517,2025-12-23,cancel,5.99,-5.99
17977,14518,2025-11-14,signup,5.99,5.99
17978,14519,2025-11-11,signup,5.99,5.99
17979,14520,2025-11-11,signup,5.99,5.99
17980,14521,2025-10-20,signup,5.99,5.99
17981,14522,2025-11-17,signup,5.99,5.99
17982,14523,2025-11-06,signup,5.99,5.99
17983,14524,2025-10-24,signup,5.99,5.99
17984,14525,2025-11-06,signup,5.99,5.99
17985,14526,2025-11-08,signup,5.99,5.99
17986,14527,2025-11-06,signup,5.99,5.99
17987,14528,2025-10-19,signup,5.99,5.99
17988,14530,2025-10-31,signup,5.99,5.99
17989,14531,2025-10-24,signup,5.99,5.99
17990,14532,2025-11-11,signup,5.99,5.99
17991,14534,2025-11-15,signup,5.99,5.99
17992,14534,2025-12-15,cancel,5.99,-5.99
17993,14535,2025-11-08,signup,5.99,5.99
17994,14536,2025-10-21,signup,5.99,5.99
17995,14536,2025-11-20,cancel,5.99,-5.99
17996,14537,2025-11-15,signup,5.99,5.99
17997,14538,2025-11-02,signup,5.99,5.99
17998,14539,2025-10-30,signup,5.99,5.99
17999,14540,2025-10-21,signup,5.99,5.99
18000,14541,2025-11-13,signup,5.99,5.99
18001,14542,2025-11-16,signup,5.99,5.99
18002,14543,2025-10-26,signup,5.99,5.99
18003,14543,2025-12-25,cancel,5.99,-5.99
18004,14544,2025-10-31,signup,5.99,5.99
18005,14545,2025-11-15,signup,5.99,5.99
18006,14545,2025-12-15,cancel,5.99,-5.99
18007,14546,2025-11-09,signup,5.99,5.99
18008,14547,2025-10-22,signup,5.99,5.99
18009,14548,2025-11-07,signup,5.99,5.99
18010,14549,2025-11-11,signup,5.99,5.99
18011,14550,2025-11-15,signup,5.99,5.99
18012,14550,2025-12-15,cancel,5.99,-5.99
18013,14551,2025-10-30,signup,5.99,5.99
18014,14552,2025-11-13,signup,5.99,5.99
18015,14553,2025-11-01,signup,5.99,5.99
18016,14554,2025-11-11,signup,5.99,5.99
18017,14556,2025-11-10,signup,5.99,5.99
18018,14556,2025-12-10,cancel,5.99,-5.99
18019,14557,2025-10-22,signup,5.99,5.99
18020,14558,2025-11-06,signup,5.99,5.99
18021,14559,2025-10-29,signup,5.99,5.99
18022,14560,2025-11-02,signup,5.99,5.99
18023,14560,2025-12-02,cancel,5.99,-5.99
18024,14561,2025-11-16,signup,5.99,5.99
18025,14561,2025-12-16,cancel,5.99,-5.99
18026,14562,2025-11-02,signup,5.99,5.99
18027,14563,2025-11-02,signup,5.99,5.99
18028,14564,2025-10-31,signup,5.99,5.99
18029,14564,2025-12-30,cancel,5.99,-5.99
18030,14566,2025-10-28,signup,5.99,5.99
18031,14567,2025-10-29,signup,5.99,5.99
18032,14569,2025-10-28,signup,5.99,5.99
18033,14570,2025-11-16,signup,5.99,5.99
18034,14572,2025-11-12,signup,5.99,5.99
18035,14573,2025-11-15,signup,5.99,5.99
18036,14574,2025-11-15,signup,5.99,5.99
18037,14574,2025-12-15,cancel,5.99,-5.99
18038,14575,2025-11-08,signup,5.99,5.99
18039,14577,2025-11-19,signup,5.99,5.99
18040,14578,2025-11-11,signup,5.99,5.99
18041,14579,2025-10-31,signup,5.99,5.99
18042,14580,2025-11-19,signup,5.99,5.99
18043,14581,2025-11-05,signup,5.99,5.99
18044,14582,2025-11-18,signup,5.99,5.99
18045,14583,2025-10-23,signup,5.99,5.99
18046,14584,2025-10-27,signup,5.99,5.99
18047,14585,2025-10-24,signup,5.99,5.99
18048,14586,2025-11-18,signup,5.99,5.99
18049,14587,2025-11-02,signup,5.99,5.99
18050,14588,2025-11-16,signup,5.99,5.99
18051,14589,2025-10-23,signup,5.99,5.99
18052,14590,2025-11-12,signup,5.99,5.99
18053,14591,2025-10-30,signup,5.99,5.99
18054,14592,2025-11-19,signup,5.99,5.99
18055,14593,2025-11-17,signup,5.99,5.99
18056,14593,2025-12-17,cancel,5.99,-5.99
18057,14595,2025-10-30,signup,5.99,5.99
18058,14596,2025-11-20,signup,5.99,5.99
18059,14597,2025-11-10,signup,5.99,5.99
18060,14598,2025-10-21,signup,5.99,5.99
18061,14599,2025-10-31,signup,5.99,5.99
18062,14600,2025-10-21,signup,5.99,5.99
18063,14601,2025-11-12,signup,5.99,5.99
18064,14602,2025-11-11,signup,5.99,5.99
18065,14603,2025-10-21,signup,5.99,5.99
18066,14604,2025-11-15,signup,5.99,5.99
18067,14604,2025-12-15,cancel,5.99,-5.99
18068,14605,2025-11-08,signup,5.99,5.99
18069,14605,2025-12-08,cancel,5.99,-5.99
18070,14606,2025-11-06,signup,5.99,5.99
18071,14607,2025-10-30,signup,5.99,5.99
18072,14608,2025-10-25,signup,5.99,5.99
18073,14609,2025-10-31,signup,5.99,5.99
18074,14610,2025-10-30,signup,5.99,5.99
18075,14612,2025-10-29,signup,5.99,5.99
18076,14613,2025-11-14,signup,5.99,5.99
18077,14614,2025-11-17,signup,5.99,5.99
18078,14615,2025-10-30,signup,5.99,5.99
18079,14616,2025-11-12,signup,5.99,5.99
18080,14617,2025-11-14,signup,5.99,5.99
18081,14618,2025-11-10,signup,5.99,5.99
18082,14619,2025-10-29,signup,5.99,5.99
18083,14621,2025-10-27,signup,5.99,5.99
18084,14622,2025-10-22,signup,5.99,5.99
18085,14623,2025-10-29,signup,5.99,5.99
18086,14624,2025-11-14,signup,5.99,5.99
18087,14626,2025-11-13,signup,5.99,5.99
18088,14627,2025-10-27,signup,5.99,5.99
18089,14628,2025-11-04,signup,5.99,5.99
18090,14629,2025-10-23,signup,5.99,5.99
18091,14631,2025-10-27,signup,5.99,5.99
18092,14631,2025-11-26,cancel,5.99,-5.99
18093,14632,2025-11-21,signup,5.99,5.99
18094,14632,2025-12-21,cancel,5.99,-5.99
18095,14633,2025-10-30,signup,5.99,5.99
18096,14634,2025-11-02,signup,5.99,5.99
18097,14634,2025-12-02,cancel,5.99,-5.99
18098,14635,2025-11-08,signup,5.99,5.99
18099,14637,2025-11-08,signup,5.99,5.99
18100,14638,2025-11-06,signup,5.99,5.99
18101,14639,2025-10-22,signup,5.99,5.99
18102,14639,2025-11-21,cancel,5.99,-5.99
18103,14640,2025-11-05,signup,5.99,5.99
18104,14641,2025-11-04,signup,5.99,5.99
18105,14642,2025-11-07,signup,5.99,5.99
18106,14643,2025-10-29,signup,5.99,5.99
18107,14644,2025-11-01,signup,5.99,5.99
18108,14644,2025-12-01,cancel,5.99,-5.99
18109,14645,2025-11-14,signup,5.99,5.99
18110,14646,2025-11-18,signup,5.99,5.99
18111,14647,2025-10-23,signup,5.99,5.99
18112,14648,2025-11-20,signup,5.99,5.99
18113,14649,2025-10-29,signup,5.99,5.99
18114,14650,2025-10-26,signup,5.99,5.99
18115,14651,2025-10-29,signup,5.99,5.99
18116,14652,2025-11-10,signup,5.99,5.99
18117,14653,2025-10-24,signup,5.99,5.99
18118,14654,2025-11-12,signup,5.99,5.99
18119,14655,2025-10-30,signup,5.99,5.99
18120,14655,2025-11-29,cancel,5.99,-5.99
18121,14656,2025-11-12,signup,5.99,5.99
18122,14657,2025-11-05,signup,5.99,5.99
18123,14658,2025-11-01,signup,5.99,5.99
18124,14659,2025-11-13,signup,5.99,5.99
18125,14660,2025-10-24,signup,5.99,5.99
18126,14660,2025-12-23,cancel,5.99,-5.99
18127,14661,2025-11-09,signup,5.99,5.99
18128,14662,2025-11-19,signup,5.99,5.99
18129,14663,2025-11-15,signup,5.99,5.99
18130,14663,2025-12-15,cancel,5.99,-5.99
18131,14664,2025-11-13,signup,5.99,5.99
18132,14664,2025-12-13,cancel,5.99,-5.99
18133,14665,2025-11-04,signup,5.99,5.99
18134,14666,2025-10-28,signup,5.99,5.99
18135,14667,2025-11-09,signup,5.99,5.99
18136,14668,2025-11-10,signup,5.99,5.99
18137,14669,2025-11-04,signup,5.99,5.99
18138,14670,2025-11-03,signup,5.99,5.99
18139,14671,2025-11-21,signup,5.99,5.99
18140,14672,2025-11-02,signup,5.99,5.99
18141,14674,2025-10-31,signup,5.99,5.99
18142,14675,2025-11-05,signup,5.99,5.99
18143,14676,2025-11-07,signup,5.99,5.99
18144,14677,2025-10-23,signup,5.99,5.99
18145,14678,2025-11-09,signup,5.99,5.99
18146,14679,2025-11-14,signup,5.99,5.99
18147,14679,2025-12-14,cancel,5.99,-5.99
18148,14680,2025-10-29,signup,5.99,5.99
18149,14680,2025-12-28,cancel,5.99,-5.99
18150,14681,2025-11-18,signup,5.99,5.99
18151,14682,2025-10-25,signup,5.99,5.99
18152,14683,2025-11-21,signup,5.99,5.99
18153,14684,2025-11-20,signup,5.99,5.99
18154,14685,2025-11-12,signup,5.99,5.99
18155,14686,2025-10-27,signup,5.99,5.99
18156,14687,2025-10-28,signup,5.99,5.99
18157,14688,2025-11-09,signup,5.99,5.99
18158,14689,2025-11-09,signup,5.99,5.99
18159,14690,2025-10-27,signup,5.99,5.99
18160,14691,2025-11-12,signup,5.99,5.99
18161,14692,2025-11-04,signup,5.99,5.99
18162,14694,2025-11-08,signup,5.99,5.99
18163,14695,2025-11-12,signup,5.99,5.99
18164,14696,2025-11-18,signup,5.99,5.99
18165,14697,2025-11-16,signup,5.99,5.99
18166,14698,2025-11-16,signup,5.99,5.99
18167,14699,2025-11-13,signup,5.99,5.99
18168,14700,2025-10-29,signup,5.99,5.99
18169,14701,2025-11-13,signup,5.99,5.99
18170,14702,2025-11-10,signup,5.99,5.99
18171,14703,2025-11-21,signup,5.99,5.99
18172,14705,2025-11-23,signup,5.99,5.99
18173,14705,2025-12-23,cancel,5.99,-5.99
18174,14706,2025-10-24,signup,5.99,5.99
18175,14707,2025-11-01,signup,5.99,5.99
18176,14708,2025-11-19,signup,5.99,5.99
18177,14709,2025-11-18,signup,5.99,5.99
18178,14710,2025-11-09,signup,5.99,5.99
18179,14710,2025-12-09,cancel,5.99,-5.99
18180,14711,2025-11-06,signup,5.99,5.99
18181,14712,2025-11-15,signup,5.99,5.99
18182,14712,2025-12-15,cancel,5.99,-5.99
18183,14713,2025-11-17,signup,5.99,5.99
18184,14714,2025-11-16,signup,5.99,5.99
18185,14715,2025-10-31,signup,5.99,5.99
18186,14716,2025-10-31,signup,5.99,5.99
18187,14718,2025-11-06,signup,5.99,5.99
18188,14719,2025-11-05,signup,5.99,5.99
18189,14720,2025-11-14,signup,5.99,5.99
18190,14723,2025-11-11,signup,5.99,5.99
18191,14724,2025-10-29,signup,5.99,5.99
18192,14724,2025-12-28,cancel,5.99,-5.99
18193,14725,2025-11-09,signup,5.99,5.99
18194,14726,2025-10-31,signup,5.99,5.99
18195,14727,2025-11-02,signup,5.99,5.99
18196,14728,2025-11-23,signup,5.99,5.99
18197,14729,2025-10-27,signup,5.99,5.99
18198,14730,2025-10-29,signup,5.99,5.99
18199,14731,2025-11-16,signup,5.99,5.99
18200,14732,2025-11-23,signup,5.99,5.99
18201,14733,2025-11-13,signup,5.99,5.99
18202,14734,2025-11-14,signup,5.99,5.99
18203,14734,2025-12-14,cancel,5.99,-5.99
18204,14735,2025-11-09,signup,5.99,5.99
18205,14736,2025-11-03,signup,5.99,5.99
18206,14737,2025-10-29,signup,5.99,5.99
18207,14738,2025-10-27,signup,5.99,5.99
18208,14738,2025-12-26,cancel,5.99,-5.99
18209,14739,2025-11-23,signup,5.99,5.99
18210,14739,2025-12-23,cancel,5.99,-5.99
18211,14740,2025-11-01,signup,5.99,5.99
18212,14741,2025-11-11,signup,5.99,5.99
18213,14742,2025-11-01,signup,5.99,5.99
18214,14742,2025-12-31,cancel,5.99,-5.99
18215,14743,2025-11-06,signup,5.99,5.99
18216,14744,2025-11-10,signup,5.99,5.99
18217,14745,2025-10-25,signup,5.99,5.99
18218,14746,2025-11-06,signup,5.99,5.99
18219,14748,2025-11-08,signup,5.99,5.99
18220,14749,2025-11-16,signup,5.99,5.99
18221,14750,2025-11-23,signup,5.99,5.99
18222,14752,2025-11-23,signup,5.99,5.99
18223,14753,2025-11-05,signup,5.99,5.99
18224,14754,2025-10-28,signup,5.99,5.99
18225,14755,2025-11-21,signup,5.99,5.99
18226,14756,2025-11-09,signup,5.99,5.99
18227,14757,2025-11-09,signup,5.99,5.99
18228,14758,2025-11-17,signup,5.99,5.99
18229,14759,2025-11-19,signup,5.99,5.99
18230,14760,2025-11-13,signup,5.99,5.99
18231,14761,2025-11-06,signup,5.99,5.99
18232,14762,2025-10-27,signup,5.99,5.99
18233,14762,2025-11-26,cancel,5.99,-5.99
18234,14764,2025-10-29,signup,5.99,5.99
18235,14766,2025-11-11,signup,5.99,5.99
18236,14767,2025-10-30,signup,5.99,5.99
18237,14768,2025-11-11,signup,5.99,5.99
18238,14769,2025-10-30,signup,5.99,5.99
18239,14770,2025-11-04,signup,5.99,5.99
18240,14771,2025-11-01,signup,5.99,5.99
18241,14771,2025-12-01,cancel,5.99,-5.99
18242,14772,2025-10-30,signup,5.99,5.99
18243,14773,2025-11-25,signup,5.99,5.99
18244,14775,2025-11-25,signup,5.99,5.99
18245,14776,2025-11-24,signup,5.99,5.99
18246,14776,2025-12-24,cancel,5.99,-5.99
18247,14777,2025-10-30,signup,5.99,5.99
18248,14779,2025-11-05,signup,5.99,5.99
18249,14780,2025-11-23,signup,5.99,5.99
18250,14781,2025-10-26,signup,5.99,5.99
18251,14781,2025-11-25,cancel,5.99,-5.99
18252,14782,2025-11-04,signup,5.99,5.99
18253,14783,2025-11-14,signup,5.99,5.99
18254,14784,2025-11-17,signup,5.99,5.99
18255,14784,2025-12-17,cancel,5.99,-5.99
18256,14785,2025-11-02,signup,5.99,5.99
18257,14786,2025-10-31,signup,5.99,5.99
18258,14787,2025-11-06,signup,5.99,5.99
18259,14788,2025-11-15,signup,5.99,5.99
18260,14789,2025-10-30,signup,5.99,5.99
18261,14790,2025-11-09,signup,5.99,5.99
18262,14791,2025-11-18,signup,5.99,5.99
18263,14792,2025-11-05,signup,5.99,5.99
18264,14793,2025-11-07,signup,5.99,5.99
18265,14794,2025-11-19,signup,5.99,5.99
18266,14795,2025-11-03,signup,5.99,5.99
18267,14796,2025-11-23,signup,5.99,5.99
18268,14797,2025-11-14,signup,5.99,5.99
18269,14798,2025-10-30,signup,5.99,5.99
18270,14799,2025-11-20,signup,5.99,5.99
18271,14801,2025-11-03,signup,5.99,5.99
18272,14802,2025-11-21,signup,5.99,5.99
18273,14803,2025-11-18,signup,5.99,5.99
18274,14804,2025-11-18,signup,5.99,5.99
18275,14805,2025-11-16,signup,5.99,5.99
18276,14806,2025-11-26,signup,5.99,5.99
18277,14809,2025-11-10,signup,5.99,5.99
18278,14809,2025-12-10,cancel,5.99,-5.99
18279,14810,2025-11-16,signup,5.99,5.99
18280,14810,2025-12-16,cancel,5.99,-5.99
18281,14811,2025-11-21,signup,5.99,5.99
18282,14812,2025-10-27,signup,5.99,5.99
18283,14813,2025-10-29,signup,5.99,5.99
18284,14814,2025-10-27,signup,5.99,5.99
18285,14815,2025-11-16,signup,5.99,5.99
18286,14816,2025-11-10,signup,5.99,5.99
18287,14817,2025-10-30,signup,5.99,5.99
18288,14817,2025-12-29,cancel,5.99,-5.99
18289,14820,2025-11-14,signup,5.99,5.99
18290,14821,2025-11-04,signup,5.99,5.99
18291,14822,2025-11-03,signup,5.99,5.99
18292,14823,2025-11-06,signup,5.99,5.99
18293,14824,2025-11-23,signup,5.99,5.99
18294,14825,2025-11-17,signup,5.99,5.99
18295,14826,2025-11-16,signup,5.99,5.99
18296,14826,2025-12-16,cancel,5.99,-5.99
18297,14827,2025-11-13,signup,5.99,5.99
18298,14828,2025-11-25,signup,5.99,5.99
18299,14829,2025-11-20,signup,5.99,5.99
18300,14830,2025-11-25,signup,5.99,5.99
18301,14831,2025-11-22,signup,5.99,5.99
18302,14832,2025-11-20,signup,5.99,5.99
18303,14832,2025-12-20,cancel,5.99,-5.99
18304,14833,2025-11-20,signup,5.99,5.99
18305,14834,2025-11-05,signup,5.99,5.99
18306,14835,2025-11-11,signup,5.99,5.99
18307,14836,2025-11-14,signup,5.99,5.99
18308,14836,2025-12-14,cancel,5.99,-5.99
18309,14837,2025-11-20,signup,5.99,5.99
18310,14838,2025-10-29,signup,5.99,5.99
18311,14839,2025-11-10,signup,5.99,5.99
18312,14840,2025-11-17,signup,5.99,5.99
18313,14841,2025-11-09,signup,5.99,5.99
18314,14842,2025-11-13,signup,5.99,5.99
18315,14843,2025-11-21,signup,5.99,5.99
18316,14844,2025-11-04,signup,5.99,5.99
18317,14845,2025-11-19,signup,5.99,5.99
18318,14846,2025-11-24,signup,5.99,5.99
18319,14847,2025-11-21,signup,5.99,5.99
18320,14848,2025-11-11,signup,5.99,5.99
18321,14850,2025-11-24,signup,5.99,5.99
18322,14850,2025-12-24,cancel,5.99,-5.99
18323,14851,2025-11-26,signup,5.99,5.99
18324,14852,2025-11-07,signup,5.99,5.99
18325,14853,2025-11-11,signup,5.99,5.99
18326,14854,2025-11-06,signup,5.99,5.99
18327,14855,2025-11-21,signup,5.99,5.99
18328,14856,2025-11-06,signup,5.99,5.99
18329,14856,2025-12-06,cancel,5.99,-5.99
18330,14858,2025-11-10,signup,5.99,5.99
18331,14859,2025-10-29,signup,5.99,5.99
18332,14860,2025-11-20,signup,5.99,5.99
18333,14861,2025-11-17,signup,5.99,5.99
18334,14862,2025-11-20,signup,5.99,5.99
18335,14863,2025-10-31,signup,5.99,5.99
18336,14864,2025-11-09,signup,5.99,5.99
18337,14865,2025-11-16,signup,5.99,5.99
18338,14866,2025-10-30,signup,5.99,5.99
18339,14867,2025-11-27,signup,5.99,5.99
18340,14868,2025-11-11,signup,5.99,5.99
18341,14869,2025-11-06,signup,5.99,5.99
18342,14870,2025-11-18,signup,5.99,5.99
18343,14871,2025-11-18,signup,5.99,5.99
18344,14872,2025-10-30,signup,5.99,5.99
18345,14873,2025-11-06,signup,5.99,5.99
18346,14875,2025-10-31,signup,5.99,5.99
18347,14875,2025-11-30,cancel,5.99,-5.99
18348,14876,2025-10-31,signup,5.99,5.99
18349,14877,2025-11-13,signup,5.99,5.99
18350,14878,2025-11-04,signup,5.99,5.99
18351,14878,2025-12-04,cancel,5.99,-5.99
18352,14879,2025-11-01,signup,5.99,5.99
18353,14879,2025-12-01,cancel,5.99,-5.99
18354,14880,2025-11-07,signup,5.99,5.99
18355,14882,2025-10-31,signup,5.99,5.99
18356,14883,2025-11-14,signup,5.99,5.99
18357,14884,2025-11-13,signup,5.99,5.99
18358,14884,2025-12-13,cancel,5.99,-5.99
18359,14885,2025-10-30,signup,5.99,5.99
18360,14886,2025-11-09,signup,5.99,5.99
18361,14887,2025-11-05,signup,5.99,5.99
18362,14888,2025-11-16,signup,5.99,5.99
18363,14889,2025-11-26,signup,5.99,5.99
18364,14890,2025-11-17,signup,5.99,5.99
18365,14891,2025-10-29,signup,5.99,5.99
18366,14891,2025-11-28,cancel,5.99,-5.99
18367,14892,2025-11-10,signup,5.99,5.99
18368,14894,2025-11-20,signup,5.99,5.99
18369,14895,2025-11-28,signup,5.99,5.99
18370,14896,2025-11-24,signup,5.99,5.99
18371,14897,2025-11-13,signup,5.99,5.99
18372,14898,2025-11-16,signup,5.99,5.99
18373,14899,2025-11-25,signup,5.99,5.99
18374,14900,2025-11-14,signup,5.99,5.99
18375,14901,2025-11-25,signup,5.99,5.99
18376,14902,2025-11-02,signup,5.99,5.99
18377,14903,2025-11-01,signup,5.99,5.99
18378,14904,2025-11-24,signup,5.99,5.99
18379,14905,2025-11-02,signup,5.99,5.99
18380,14906,2025-11-13,signup,5.99,5.99
18381,14907,2025-11-26,signup,5.99,5.99
18382,14908,2025-11-14,signup,5.99,5.99
18383,14909,2025-11-24,signup,5.99,5.99
18384,14910,2025-11-01,signup,5.99,5.99
18385,14911,2025-11-16,signup,5.99,5.99
18386,14912,2025-11-29,signup,5.99,5.99
18387,14913,2025-11-24,signup,5.99,5.99
18388,14915,2025-11-20,signup,5.99,5.99
18389,14916,2025-11-20,signup,5.99,5.99
18390,14917,2025-11-10,signup,5.99,5.99
18391,14918,2025-11-28,signup,5.99,5.99
18392,14921,2025-11-01,signup,5.99,5.99
18393,14922,2025-10-30,signup,5.99,5.99
18394,14923,2025-11-24,signup,5.99,5.99
18395,14924,2025-11-10,signup,5.99,5.99
18396,14925,2025-11-01,signup,5.99,5.99
18397,14926,2025-11-07,signup,5.99,5.99
18398,14928,2025-11-17,signup,5.99,5.99
18399,14929,2025-11-27,signup,5.99,5.99
18400,14930,2025-11-10,signup,5.99,5.99
18401,14930,2025-12-10,cancel,5.99,-5.99
18402,14931,2025-11-27,signup,5.99,5.99
18403,14932,2025-11-17,signup,5.99,5.99
18404,14933,2025-11-07,signup,5.99,5.99
18405,14935,2025-11-20,signup,5.99,5.99
18406,14935,2025-12-20,cancel,5.99,-5.99
18407,14936,2025-11-27,signup,5.99,5.99
18408,14937,2025-11-07,signup,5.99,5.99
18409,14938,2025-10-30,signup,5.99,5.99
18410,14939,2025-11-10,signup,5.99,5.99
18411,14940,2025-11-03,signup,5.99,5.99
18412,14941,2025-11-09,signup,5.99,5.99
18413,14942,2025-11-09,signup,5.99,5.99
18414,14943,2025-11-27,signup,5.99,5.99
18415,14944,2025-11-17,signup,5.99,5.99
18416,14946,2025-11-01,signup,5.99,5.99
18417,14947,2025-11-03,signup,5.99,5.99
18418,14947,2025-12-03,cancel,5.99,-5.99
18419,14948,2025-11-16,signup,5.99,5.99
18420,14950,2025-11-28,signup,5.99,5.99
18421,14952,2025-11-16,signup,5.99,5.99
18422,14953,2025-11-14,signup,5.99,5.99
18423,14955,2025-11-18,signup,5.99,5.99
18424,14956,2025-11-30,signup,5.99,5.99
18425,14957,2025-11-30,signup,5.99,5.99
18426,14959,2025-11-27,signup,5.99,5.99
18427,14960,2025-11-08,signup,5.99,5.99
18428,14963,2025-11-13,signup,5.99,5.99
18429,14963,2025-12-13,cancel,5.99,-5.99
18430,14964,2025-11-30,signup,5.99,5.99
18431,14965,2025-11-14,signup,5.99,5.99
18432,14966,2025-11-14,signup,5.99,5.99
18433,14967,2025-11-09,signup,5.99,5.99
18434,14968,2025-11-20,signup,5.99,5.99
18435,14969,2025-11-16,signup,5.99,5.99
18436,14970,2025-11-29,signup,5.99,5.99
18437,14971,2025-11-09,signup,5.99,5.99
18438,14971,2025-12-09,cancel,5.99,-5.99
18439,14972,2025-11-27,signup,5.99,5.99
18440,14973,2025-11-03,signup,5.99,5.99
18441,14974,2025-11-27,signup,5.99,5.99
18442,14975,2025-11-17,signup,5.99,5.99
18443,14976,2025-11-15,signup,5.99,5.99
18444,14977,2025-11-04,signup,5.99,5.99
18445,14978,2025-11-14,signup,5.99,5.99
18446,14979,2025-11-01,signup,5.99,5.99
18447,14980,2025-11-07,signup,5.99,5.99
18448,14980,2025-12-07,cancel,5.99,-5.99
18449,14981,2025-11-23,signup,5.99,5.99
18450,14982,2025-11-01,signup,5.99,5.99
18451,14983,2025-11-30,signup,5.99,5.99
18452,14984,2025-11-09,signup,5.99,5.99
18453,14985,2025-11-12,signup,5.99,5.99
18454,14986,2025-11-12,signup,5.99,5.99
18455,14987,2025-11-07,signup,5.99,5.99
18456,14988,2025-11-02,signup,5.99,5.99
18457,14989,2025-11-20,signup,5.99,5.99
18458,14990,2025-11-16,signup,5.99,5.99
18459,14991,2025-11-13,signup,5.99,5.99
18460,14992,2025-11-22,signup,5.99,5.99
18461,14993,2025-11-30,signup,5.99,5.99
18462,14994,2025-11-24,signup,5.99,5.99
18463,14995,2025-11-04,signup,5.99,5.99
18464,14996,2025-11-07,signup,5.99,5.99
18465,14997,2025-11-18,signup,5.99,5.99
18466,14998,2025-11-04,signup,5.99,5.99
18467,14999,2025-11-17,signup,5.99,5.99
18468,15000,2025-11-18,signup,5.99,5.99
18469,15000,2025-12-18,cancel,5.99,-5.99
18470,15001,2025-11-10,signup,5.99,5.99
18471,15002,2025-11-09,signup,5.99,5.99
18472,15003,2025-11-17,signup,5.99,5.99
18473,15004,2025-11-17,signup,5.99,5.99
18474,15005,2025-11-23,signup,5.99,5.99
18475,15006,2025-12-01,signup,5.99,5.99
18476,15007,2025-11-25,signup,5.99,5.99
18477,15007,2025-12-25,cancel,5.99,-5.99
18478,15008,2025-11-18,signup,5.99,5.99
18479,15009,2025-11-27,signup,5.99,5.99
18480,15010,2025-12-01,signup,5.99,5.99
18481,15011,2025-11-11,signup,5.99,5.99
18482,15012,2025-11-28,signup,5.99,5.99
18483,15013,2025-11-15,signup,5.99,5.99
18484,15013,2025-12-15,cancel,5.99,-5.99
18485,15014,2025-11-19,signup,5.99,5.99
18486,15015,2025-11-09,signup,5.99,5.99
18487,15016,2025-11-03,signup,5.99,5.99
18488,15017,2025-11-15,signup,5.99,5.99
18489,15018,2025-11-17,signup,5.99,5.99
18490,15019,2025-11-27,signup,5.99,5.99
18491,15020,2025-11-12,signup,5.99,5.99
18492,15021,2025-11-24,signup,5.99,5.99
18493,15022,2025-11-01,signup,5.99,5.99
18494,15022,2025-12-01,cancel,5.99,-5.99
18495,15023,2025-11-05,signup,5.99,5.99
18496,15025,2025-11-05,signup,5.99,5.99
18497,15026,2025-11-01,signup,5.99,5.99
18498,15027,2025-11-24,signup,5.99,5.99
18499,15028,2025-11-16,signup,5.99,5.99
18500,15029,2025-11-21,signup,5.99,5.99
18501,15030,2025-11-18,signup,5.99,5.99
18502,15031,2025-11-08,signup,5.99,5.99
18503,15032,2025-11-17,signup,5.99,5.99
18504,15033,2025-11-11,signup,5.99,5.99
18505,15034,2025-11-22,signup,5.99,5.99
18506,15035,2025-11-16,signup,5.99,5.99
18507,15036,2025-11-25,signup,5.99,5.99
18508,15038,2025-11-10,signup,5.99,5.99
18509,15038,2025-12-10,cancel,5.99,-5.99
18510,15039,2025-11-07,signup,5.99,5.99
18511,15040,2025-11-15,signup,5.99,5.99
18512,15041,2025-11-28,signup,5.99,5.99
18513,15042,2025-11-04,signup,5.99,5.99
18514,15044,2025-11-03,signup,5.99,5.99
18515,15045,2025-11-14,signup,5.99,5.99
18516,15046,2025-11-29,signup,5.99,5.99
18517,15047,2025-11-06,signup,5.99,5.99
18518,15048,2025-11-14,signup,5.99,5.99
18519,15049,2025-11-09,signup,5.99,5.99
18520,15050,2025-11-29,signup,5.99,5.99
18521,15051,2025-11-17,signup,5.99,5.99
18522,15052,2025-11-20,signup,5.99,5.99
18523,15053,2025-11-20,signup,5.99,5.99
18524,15054,2025-12-02,signup,5.99,5.99
18525,15055,2025-11-29,signup,5.99,5.99
18526,15056,2025-11-18,signup,5.99,5.99
18527,15056,2025-12-18,cancel,5.99,-5.99
18528,15057,2025-11-08,signup,5.99,5.99
18529,15058,2025-11-20,signup,5.99,5.99
18530,15059,2025-11-05,signup,5.99,5.99
18531,15060,2025-11-26,signup,5.99,5.99
18532,15061,2025-11-12,signup,5.99,5.99
18533,15062,2025-11-04,signup,5.99,5.99
18534,15063,2025-11-04,signup,5.99,5.99
18535,15065,2025-11-15,signup,5.99,5.99
18536,15066,2025-11-12,signup,5.99,5.99
18537,15067,2025-11-10,signup,5.99,5.99
18538,15069,2025-11-18,signup,5.99,5.99
18539,15069,2025-12-18,cancel,5.99,-5.99
18540,15070,2025-11-10,signup,5.99,5.99
18541,15071,2025-11-05,signup,5.99,5.99
18542,15073,2025-11-13,signup,5.99,5.99
18543,15074,2025-11-04,signup,5.99,5.99
18544,15075,2025-12-01,signup,5.99,5.99
18545,15076,2025-11-29,signup,5.99,5.99
18546,15077,2025-12-02,signup,5.99,5.99
18547,15079,2025-11-27,signup,5.99,5.99
18548,15080,2025-11-19,signup,5.99,5.99
18549,15082,2025-11-21,signup,5.99,5.99
18550,15083,2025-11-17,signup,5.99,5.99
18551,15083,2025-12-17,cancel,5.99,-5.99
18552,15084,2025-11-19,signup,5.99,5.99
18553,15085,2025-11-20,signup,5.99,5.99
18554,15087,2025-11-25,signup,5.99,5.99
18555,15089,2025-11-03,signup,5.99,5.99
18556,15090,2025-11-09,signup,5.99,5.99
18557,15091,2025-11-16,signup,5.99,5.99
18558,15092,2025-12-01,signup,5.99,5.99
18559,15093,2025-11-29,signup,5.99,5.99
18560,15094,2025-11-08,signup,5.99,5.99
18561,15095,2025-11-08,signup,5.99,5.99
18562,15096,2025-11-03,signup,5.99,5.99
18563,15097,2025-12-03,signup,5.99,5.99
18564,15098,2025-11-15,signup,5.99,5.99
18565,15099,2025-12-02,signup,5.99,5.99
18566,15100,2025-11-13,signup,5.99,5.99
18567,15101,2025-11-06,signup,5.99,5.99
18568,15102,2025-11-22,signup,5.99,5.99
18569,15103,2025-11-29,signup,5.99,5.99
18570,15104,2025-11-18,signup,5.99,5.99
18571,15105,2025-11-30,signup,5.99,5.99
18572,15106,2025-11-22,signup,5.99,5.99
18573,15106,2025-12-22,cancel,5.99,-5.99
18574,15107,2025-11-10,signup,5.99,5.99
18575,15108,2025-11-07,signup,5.99,5.99
18576,15109,2025-11-04,signup,5.99,5.99
18577,15110,2025-11-29,signup,5.99,5.99
18578,15111,2025-11-27,signup,5.99,5.99
18579,15112,2025-11-19,signup,5.99,5.99
18580,15113,2025-11-05,signup,5.99,5.99
18581,15114,2025-11-20,signup,5.99,5.99
18582,15115,2025-11-26,signup,5.99,5.99
18583,15116,2025-11-24,signup,5.99,5.99
18584,15117,2025-12-01,signup,5.99,5.99
18585,15118,2025-11-20,signup,5.99,5.99
18586,15119,2025-11-13,signup,5.99,5.99
18587,15120,2025-11-19,signup,5.99,5.99
18588,15121,2025-11-22,signup,5.99,5.99
18589,15122,2025-11-14,signup,5.99,5.99
18590,15123,2025-11-09,signup,5.99,5.99
18591,15124,2025-11-25,signup,5.99,5.99
18592,15125,2025-12-02,signup,5.99,5.99
18593,15126,2025-11-25,signup,5.99,5.99
18594,15127,2025-11-23,signup,5.99,5.99
18595,15128,2025-11-14,signup,5.99,5.99
18596,15129,2025-11-16,signup,5.99,5.99
18597,15130,2025-12-02,signup,5.99,5.99
18598,15131,2025-11-13,signup,5.99,5.99
18599,15132,2025-11-30,signup,5.99,5.99
18600,15133,2025-11-19,signup,5.99,5.99
18601,15133,2025-12-19,cancel,5.99,-5.99
18602,15134,2025-11-11,signup,5.99,5.99
18603,15136,2025-11-24,signup,5.99,5.99
18604,15137,2025-11-05,signup,5.99,5.99
18605,15138,2025-12-01,signup,5.99,5.99
18606,15139,2025-11-11,signup,5.99,5.99
18607,15140,2025-11-16,signup,5.99,5.99
18608,15141,2025-11-18,signup,5.99,5.99
18609,15142,2025-11-09,signup,5.99,5.99
18610,15144,2025-12-01,signup,5.99,5.99
18611,15145,2025-11-15,signup,5.99,5.99
18612,15146,2025-11-22,signup,5.99,5.99
18613,15147,2025-11-27,signup,5.99,5.99
18614,15148,2025-11-03,signup,5.99,5.99
18615,15149,2025-11-24,signup,5.99,5.99
18616,15150,2025-11-16,signup,5.99,5.99
18617,15151,2025-11-22,signup,5.99,5.99
18618,15152,2025-11-08,signup,5.99,5.99
18619,15153,2025-11-29,signup,5.99,5.99
18620,15154,2025-11-07,signup,5.99,5.99
18621,15155,2025-11-10,signup,5.99,5.99
18622,15156,2025-11-27,signup,5.99,5.99
18623,15157,2025-11-06,signup,5.99,5.99
18624,15159,2025-11-24,signup,5.99,5.99
18625,15160,2025-11-17,signup,5.99,5.99
18626,15161,2025-11-24,signup,5.99,5.99
18627,15163,2025-12-04,signup,5.99,5.99
18628,15164,2025-11-28,signup,5.99,5.99
18629,15165,2025-11-26,signup,5.99,5.99
18630,15166,2025-11-16,signup,5.99,5.99
18631,15167,2025-11-20,signup,5.99,5.99
18632,15168,2025-11-15,signup,5.99,5.99
18633,15169,2025-11-17,signup,5.99,5.99
18634,15169,2025-12-17,cancel,5.99,-5.99
18635,15170,2025-11-30,signup,5.99,5.99
18636,15171,2025-11-28,signup,5.99,5.99
18637,15172,2025-12-04,signup,5.99,5.99
18638,15173,2025-11-07,signup,5.99,5.99
18639,15174,2025-11-20,signup,5.99,5.99
18640,15175,2025-11-10,signup,5.99,5.99
18641,15175,2025-12-10,cancel,5.99,-5.99
18642,15176,2025-11-04,signup,5.99,5.99
18643,15177,2025-11-16,signup,5.99,5.99
18644,15178,2025-11-21,signup,5.99,5.99
18645,15180,2025-11-04,signup,5.99,5.99
18646,15181,2025-11-14,signup,5.99,5.99
18647,15181,2025-12-14,cancel,5.99,-5.99
18648,15182,2025-11-24,signup,5.99,5.99
18649,15183,2025-11-29,signup,5.99,5.99
18650,15184,2025-11-26,signup,5.99,5.99
18651,15185,2025-11-24,signup,5.99,5.99
18652,15187,2025-11-09,signup,5.99,5.99
18653,15188,2025-12-02,signup,5.99,5.99
18654,15189,2025-11-07,signup,5.99,5.99
18655,15189,2025-12-07,cancel,5.99,-5.99
18656,15190,2025-11-05,signup,5.99,5.99
18657,15191,2025-11-04,signup,5.99,5.99
18658,15192,2025-11-16,signup,5.99,5.99
18659,15193,2025-11-22,signup,5.99,5.99
18660,15193,2025-12-22,cancel,5.99,-5.99
18661,15194,2025-11-28,signup,5.99,5.99
18662,15195,2025-11-09,signup,5.99,5.99
18663,15196,2025-11-09,signup,5.99,5.99
18664,15197,2025-11-09,signup,5.99,5.99
18665,15198,2025-11-25,signup,5.99,5.99
18666,15199,2025-11-26,signup,5.99,5.99
18667,15201,2025-11-25,signup,5.99,5.99
18668,15202,2025-11-26,signup,5.99,5.99
18669,15203,2025-11-21,signup,5.99,5.99
18670,15203,2025-12-21,cancel,5.99,-5.99
18671,15204,2025-11-14,signup,5.99,5.99
18672,15205,2025-11-08,signup,5.99,5.99
18673,15206,2025-11-21,signup,5.99,5.99
18674,15207,2025-11-10,signup,5.99,5.99
18675,15208,2025-11-18,signup,5.99,5.99
18676,15209,2025-11-28,signup,5.99,5.99
18677,15210,2025-11-26,signup,5.99,5.99
18678,15212,2025-11-25,signup,5.99,5.99
18679,15213,2025-11-29,signup,5.99,5.99
18680,15214,2025-11-26,signup,5.99,5.99
18681,15215,2025-11-26,signup,5.99,5.99
18682,15216,2025-11-18,signup,5.99,5.99
18683,15217,2025-11-27,signup,5.99,5.99
18684,15218,2025-11-27,signup,5.99,5.99
18685,15219,2025-11-05,signup,5.99,5.99
18686,15221,2025-12-02,signup,5.99,5.99
18687,15222,2025-11-08,signup,5.99,5.99
18688,15223,2025-11-14,signup,5.99,5.99
18689,15224,2025-11-15,signup,5.99,5.99
18690,15226,2025-11-19,signup,5.99,5.99
18691,15227,2025-11-10,signup,5.99,5.99
18692,15228,2025-11-20,signup,5.99,5.99
18693,15229,2025-11-28,signup,5.99,5.99
18694,15230,2025-11-11,signup,5.99,5.99
18695,15231,2025-11-11,signup,5.99,5.99
18696,15232,2025-12-03,signup,5.99,5.99
18697,15233,2025-11-06,signup,5.99,5.99
18698,15234,2025-11-26,signup,5.99,5.99
18699,15235,2025-11-30,signup,5.99,5.99
18700,15236,2025-11-08,signup,5.99,5.99
18701,15238,2025-11-10,signup,5.99,5.99
18702,15239,2025-11-09,signup,5.99,5.99
18703,15240,2025-12-05,signup,5.99,5.99
18704,15241,2025-12-01,signup,5.99,5.99
18705,15242,2025-12-03,signup,5.99,5.99
18706,15243,2025-11-28,signup,5.99,5.99
18707,15244,2025-11-13,signup,5.99,5.99
18708,15245,2025-11-30,signup,5.99,5.99
18709,15246,2025-11-08,signup,5.99,5.99
18710,15246,2025-12-08,cancel,5.99,-5.99
18711,15247,2025-11-11,signup,5.99,5.99
18712,15248,2025-11-06,signup,5.99,5.99
18713,15249,2025-12-03,signup,5.99,5.99
18714,15250,2025-11-21,signup,5.99,5.99
18715,15251,2025-11-07,signup,5.99,5.99
18716,15252,2025-12-03,signup,5.99,5.99
18717,15253,2025-11-13,signup,5.99,5.99
18718,15254,2025-12-01,signup,5.99,5.99
18719,15255,2025-11-09,signup,5.99,5.99
18720,15255,2025-12-09,cancel,5.99,-5.99
18721,15256,2025-11-18,signup,5.99,5.99
18722,15257,2025-11-19,signup,5.99,5.99
18723,15258,2025-11-18,signup,5.99,5.99
18724,15259,2025-11-28,signup,5.99,5.99
18725,15260,2025-11-14,signup,5.99,5.99
18726,15260,2025-12-14,cancel,5.99,-5.99
18727,15261,2025-11-21,signup,5.99,5.99
18728,15262,2025-11-11,signup,5.99,5.99
18729,15263,2025-11-16,signup,5.99,5.99
18730,15263,2025-12-16,cancel,5.99,-5.99
18731,15264,2025-12-02,signup,5.99,5.99
18732,15265,2025-11-20,signup,5.99,5.99
18733,15265,2025-12-20,cancel,5.99,-5.99
18734,15266,2025-11-08,signup,5.99,5.99
18735,15267,2025-11-27,signup,5.99,5.99
18736,15268,2025-11-25,signup,5.99,5.99
18737,15269,2025-11-11,signup,5.99,5.99
18738,15271,2025-11-10,signup,5.99,5.99
18739,15272,2025-11-17,signup,5.99,5.99
18740,15273,2025-11-17,signup,5.99,5.99
18741,15276,2025-11-16,signup,5.99,5.99
18742,15277,2025-11-29,signup,5.99,5.99
18743,15278,2025-11-07,signup,5.99,5.99
18744,15279,2025-11-05,signup,5.99,5.99
18745,15280,2025-11-13,signup,5.99,5.99
18746,15281,2025-11-20,signup,5.99,5.99
18747,15281,2025-12-20,cancel,5.99,-5.99
18748,15282,2025-11-19,signup,5.99,5.99
18749,15283,2025-11-12,signup,5.99,5.99
18750,15284,2025-11-19,signup,5.99,5.99
18751,15285,2025-11-28,signup,5.99,5.99
18752,15285,2025-12-28,cancel,5.99,-5.99
18753,15286,2025-12-03,signup,5.99,5.99
18754,15287,2025-11-09,signup,5.99,5.99
18755,15288,2025-11-15,signup,5.99,5.99
18756,15289,2025-11-17,signup,5.99,5.99
18757,15290,2025-11-17,signup,5.99,5.99
18758,15291,2025-11-30,signup,5.99,5.99
18759,15293,2025-12-04,signup,5.99,5.99
18760,15294,2025-11-06,signup,5.99,5.99
18761,15294,2025-12-06,cancel,5.99,-5.99
18762,15295,2025-11-07,signup,5.99,5.99
18763,15296,2025-11-12,signup,5.99,5.99
18764,15297,2025-12-06,signup,5.99,5.99
18765,15298,2025-11-25,signup,5.99,5.99
18766,15299,2025-11-18,signup,5.99,5.99
18767,15300,2025-11-16,signup,5.99,5.99
18768,15301,2025-11-14,signup,5.99,5.99
18769,15302,2025-11-16,signup,5.99,5.99
18770,15303,2025-11-25,signup,5.99,5.99
18771,15304,2025-11-12,signup,5.99,5.99
18772,15305,2025-11-15,signup,5.99,5.99
18773,15306,2025-11-06,signup,5.99,5.99
18774,15307,2025-11-15,signup,5.99,5.99
18775,15308,2025-11-19,signup,5.99,5.99
18776,15309,2025-11-11,signup,5.99,5.99
18777,15309,2025-12-11,cancel,5.99,-5.99
18778,15311,2025-11-27,signup,5.99,5.99
18779,15312,2025-12-03,signup,5.99,5.99
18780,15313,2025-11-18,signup,5.99,5.99
18781,15314,2025-11-21,signup,5.99,5.99
18782,15314,2025-12-21,cancel,5.99,-5.99
18783,15315,2025-11-14,signup,5.99,5.99
18784,15316,2025-11-28,signup,5.99,5.99
18785,15317,2025-11-23,signup,5.99,5.99
18786,15317,2025-12-23,cancel,5.99,-5.99
18787,15318,2025-12-01,signup,5.99,5.99
18788,15319,2025-11-11,signup,5.99,5.99
18789,15320,2025-11-19,signup,5.99,5.99
18790,15321,2025-12-02,signup,5.99,5.99
18791,15322,2025-11-16,signup,5.99,5.99
18792,15323,2025-11-29,signup,5.99,5.99
18793,15324,2025-11-15,signup,5.99,5.99
18794,15325,2025-11-21,signup,5.99,5.99
18795,15326,2025-11-07,signup,5.99,5.99
18796,15327,2025-11-07,signup,5.99,5.99
18797,15328,2025-11-14,signup,5.99,5.99
18798,15329,2025-11-10,signup,5.99,5.99
18799,15330,2025-11-18,signup,5.99,5.99
18800,15331,2025-12-06,signup,5.99,5.99
18801,15332,2025-11-19,signup,5.99,5.99
18802,15335,2025-11-25,signup,5.99,5.99
18803,15336,2025-12-04,signup,5.99,5.99
18804,15337,2025-11-11,signup,5.99,5.99
18805,15338,2025-11-09,signup,5.99,5.99
18806,15340,2025-12-03,signup,5.99,5.99
18807,15341,2025-11-25,signup,5.99,5.99
18808,15343,2025-11-16,signup,5.99,5.99
18809,15344,2025-11-18,signup,5.99,5.99
18810,15345,2025-11-21,signup,5.99,5.99
18811,15346,2025-11-07,signup,5.99,5.99
18812,15347,2025-11-13,signup,5.99,5.99
18813,15348,2025-11-24,signup,5.99,5.99
18814,15349,2025-11-26,signup,5.99,5.99
18815,15350,2025-11-29,signup,5.99,5.99
18816,15352,2025-11-17,signup,5.99,5.99
18817,15353,2025-11-16,signup,5.99,5.99
18818,15354,2025-11-25,signup,5.99,5.99
18819,15355,2025-11-27,signup,5.99,5.99
18820,15355,2025-12-27,cancel,5.99,-5.99
18821,15356,2025-11-23,signup,5.99,5.99
18822,15357,2025-11-26,signup,5.99,5.99
18823,15357,2025-12-26,cancel,5.99,-5.99
18824,15358,2025-11-16,signup,5.99,5.99
18825,15359,2025-11-16,signup,5.99,5.99
18826,15360,2025-11-25,signup,5.99,5.99
18827,15361,2025-11-22,signup,5.99,5.99
18828,15363,2025-11-14,signup,5.99,5.99
18829,15364,2025-11-12,signup,5.99,5.99
18830,15365,2025-11-18,signup,5.99,5.99
18831,15366,2025-11-22,signup,5.99,5.99
18832,15367,2025-11-27,signup,5.99,5.99
18833,15368,2025-11-25,signup,5.99,5.99
18834,15368,2025-12-25,cancel,5.99,-5.99
18835,15369,2025-11-10,signup,5.99,5.99
18836,15370,2025-11-19,signup,5.99,5.99
18837,15371,2025-12-04,signup,5.99,5.99
18838,15372,2025-11-09,signup,5.99,5.99
18839,15373,2025-12-07,signup,5.99,5.99
18840,15375,2025-11-20,signup,5.99,5.99
18841,15376,2025-12-01,signup,5.99,5.99
18842,15376,2025-12-31,cancel,5.99,-5.99
18843,15377,2025-11-25,signup,5.99,5.99
18844,15378,2025-11-16,signup,5.99,5.99
18845,15379,2025-11-28,signup,5.99,5.99
18846,15380,2025-12-07,signup,5.99,5.99
18847,15381,2025-11-11,signup,5.99,5.99
18848,15382,2025-11-18,signup,5.99,5.99
18849,15383,2025-11-25,signup,5.99,5.99
18850,15384,2025-11-22,signup,5.99,5.99
18851,15385,2025-11-11,signup,5.99,5.99
18852,15387,2025-11-24,signup,5.99,5.99
18853,15388,2025-11-18,signup,5.99,5.99
18854,15388,2025-12-18,cancel,5.99,-5.99
18855,15389,2025-11-07,signup,5.99,5.99
18856,15389,2025-12-07,cancel,5.99,-5.99
18857,15390,2025-12-07,signup,5.99,5.99
18858,15391,2025-12-06,signup,5.99,5.99
18859,15392,2025-11-10,signup,5.99,5.99
18860,15392,2025-12-10,cancel,5.99,-5.99
18861,15393,2025-12-04,signup,5.99,5.99
18862,15394,2025-11-25,signup,5.99,5.99
18863,15395,2025-11-18,signup,5.99,5.99
18864,15396,2025-11-11,signup,5.99,5.99
18865,15397,2025-11-23,signup,5.99,5.99
18866,15397,2025-12-23,cancel,5.99,-5.99
18867,15398,2025-11-12,signup,5.99,5.99
18868,15399,2025-11-07,signup,5.99,5.99
18869,15400,2025-12-07,signup,5.99,5.99
18870,15401,2025-11-14,signup,5.99,5.99
18871,15402,2025-11-21,signup,5.99,5.99
18872,15403,2025-11-10,signup,5.99,5.99
18873,15404,2025-12-07,signup,5.99,5.99
18874,15405,2025-12-04,signup,5.99,5.99
18875,15406,2025-11-29,signup,5.99,5.99
18876,15408,2025-12-06,signup,5.99,5.99
18877,15409,2025-11-23,signup,5.99,5.99
18878,15410,2025-11-29,signup,5.99,5.99
18879,15411,2025-11-29,signup,5.99,5.99
18880,15412,2025-12-03,signup,5.99,5.99
18881,15413,2025-12-03,signup,5.99,5.99
18882,15414,2025-11-20,signup,5.99,5.99
18883,15415,2025-12-01,signup,5.99,5.99
18884,15415,2025-12-31,cancel,5.99,-5.99
18885,15416,2025-11-27,signup,5.99,5.99
18886,15417,2025-11-19,signup,5.99,5.99
18887,15418,2025-11-13,signup,5.99,5.99
18888,15419,2025-12-08,signup,5.99,5.99
18889,15421,2025-12-06,signup,5.99,5.99
18890,15422,2025-12-02,signup,5.99,5.99
18891,15423,2025-11-26,signup,5.99,5.99
18892,15424,2025-12-02,signup,5.99,5.99
18893,15425,2025-11-08,signup,5.99,5.99
18894,15426,2025-11-22,signup,5.99,5.99
18895,15426,2025-12-22,cancel,5.99,-5.99
18896,15427,2025-11-13,signup,5.99,5.99
18897,15427,2025-12-13,cancel,5.99,-5.99
18898,15428,2025-11-16,signup,5.99,5.99
18899,15428,2025-12-16,cancel,5.99,-5.99
18900,15429,2025-11-27,signup,5.99,5.99
18901,15430,2025-11-09,signup,5.99,5.99
18902,15431,2025-11-09,signup,5.99,5.99
18903,15432,2025-11-15,signup,5.99,5.99
18904,15433,2025-12-06,signup,5.99,5.99
18905,15434,2025-11-13,signup,5.99,5.99
18906,15435,2025-11-26,signup,5.99,5.99
18907,15436,2025-11-10,signup,5.99,5.99
18908,15437,2025-11-20,signup,5.99,5.99
18909,15438,2025-12-07,signup,5.99,5.99
18910,15439,2025-12-01,signup,5.99,5.99
18911,15440,2025-11-09,signup,5.99,5.99
18912,15441,2025-11-30,signup,5.99,5.99
18913,15442,2025-11-25,signup,5.99,5.99
18914,15443,2025-11-19,signup,5.99,5.99
18915,15444,2025-12-02,signup,5.99,5.99
18916,15445,2025-11-20,signup,5.99,5.99
18917,15446,2025-11-16,signup,5.99,5.99
18918,15447,2025-12-06,signup,5.99,5.99
18919,15448,2025-12-05,signup,5.99,5.99
18920,15449,2025-11-28,signup,5.99,5.99
18921,15450,2025-12-05,signup,5.99,5.99
18922,15451,2025-12-05,signup,5.99,5.99
18923,15454,2025-12-02,signup,5.99,5.99
18924,15455,2025-11-27,signup,5.99,5.99
18925,15456,2025-11-26,signup,5.99,5.99
18926,15457,2025-11-22,signup,5.99,5.99
18927,15459,2025-11-08,signup,5.99,5.99
18928,15460,2025-11-13,signup,5.99,5.99
18929,15461,2025-11-25,signup,5.99,5.99
18930,15463,2025-11-18,signup,5.99,5.99
18931,15464,2025-11-30,signup,5.99,5.99
18932,15465,2025-11-08,signup,5.99,5.99
18933,15466,2025-12-06,signup,5.99,5.99
18934,15467,2025-11-30,signup,5.99,5.99
18935,15468,2025-11-10,signup,5.99,5.99
18936,15469,2025-11-17,signup,5.99,5.99
18937,15470,2025-11-14,signup,5.99,5.99
18938,15471,2025-11-23,signup,5.99,5.99
18939,15472,2025-11-22,signup,5.99,5.99
18940,15473,2025-12-01,signup,5.99,5.99
18941,15474,2025-11-27,signup,5.99,5.99
18942,15475,2025-11-14,signup,5.99,5.99
18943,15476,2025-11-30,signup,5.99,5.99
18944,15477,2025-11-14,signup,5.99,5.99
18945,15478,2025-11-11,signup,5.99,5.99
18946,15479,2025-11-19,signup,5.99,5.99
18947,15480,2025-12-03,signup,5.99,5.99
18948,15481,2025-11-25,signup,5.99,5.99
18949,15482,2025-11-12,signup,5.99,5.99
18950,15483,2025-11-17,signup,5.99,5.99
18951,15484,2025-11-11,signup,5.99,5.99
18952,15485,2025-11-09,signup,5.99,5.99
18953,15486,2025-11-11,signup,5.99,5.99
18954,15487,2025-11-23,signup,5.99,5.99
18955,15488,2025-12-01,signup,5.99,5.99
18956,15489,2025-11-21,signup,5.99,5.99
18957,15490,2025-12-04,signup,5.99,5.99
18958,15491,2025-12-03,signup,5.99,5.99
18959,15493,2025-11-28,signup,5.99,5.99
18960,15494,2025-11-22,signup,5.99,5.99
18961,15495,2025-11-17,signup,5.99,5.99
18962,15496,2025-11-16,signup,5.99,5.99
18963,15497,2025-11-28,signup,5.99,5.99
18964,15498,2025-12-05,signup,5.99,5.99
18965,15499,2025-12-06,signup,5.99,5.99
18966,15500,2025-11-16,signup,5.99,5.99
18967,15501,2025-11-23,signup,5.99,5.99
18968,15501,2025-12-23,cancel,5.99,-5.99
18969,15502,2025-12-09,signup,5.99,5.99
18970,15503,2025-11-17,signup,5.99,5.99
18971,15504,2025-12-04,signup,5.99,5.99
18972,15507,2025-11-27,signup,5.99,5.99
18973,15508,2025-11-29,signup,5.99,5.99
18974,15509,2025-11-19,signup,5.99,5.99
18975,15510,2025-11-12,signup,5.99,5.99
18976,15511,2025-11-28,signup,5.99,5.99
18977,15512,2025-11-15,signup,5.99,5.99
18978,15513,2025-11-21,signup,5.99,5.99
18979,15513,2025-12-21,cancel,5.99,-5.99
18980,15514,2025-11-17,signup,5.99,5.99
18981,15515,2025-11-24,signup,5.99,5.99
18982,15516,2025-11-09,signup,5.99,5.99
18983,15517,2025-12-05,signup,5.99,5.99
18984,15518,2025-11-09,signup,5.99,5.99
18985,15519,2025-11-18,signup,5.99,5.99
18986,15521,2025-11-10,signup,5.99,5.99
18987,15522,2025-11-19,signup,5.99,5.99
18988,15524,2025-12-07,signup,5.99,5.99
18989,15526,2025-11-30,signup,5.99,5.99
18990,15527,2025-12-09,signup,5.99,5.99
18991,15528,2025-12-04,signup,5.99,5.99
18992,15529,2025-11-12,signup,5.99,5.99
18993,15529,2025-12-12,cancel,5.99,-5.99
18994,15530,2025-12-06,signup,5.99,5.99
18995,15531,2025-12-04,signup,5.99,5.99
18996,15532,2025-11-13,signup,5.99,5.99
18997,15533,2025-11-27,signup,5.99,5.99
18998,15534,2025-11-30,signup,5.99,5.99
18999,15535,2025-12-09,signup,5.99,5.99
19000,15536,2025-11-30,signup,5.99,5.99
19001,15537,2025-11-13,signup,5.99,5.99
19002,15538,2025-12-04,signup,5.99,5.99
19003,15539,2025-11-21,signup,5.99,5.99
19004,15540,2025-12-06,signup,5.99,5.99
19005,15541,2025-11-25,signup,5.99,5.99
19006,15541,2025-12-25,cancel,5.99,-5.99
19007,15542,2025-12-04,signup,5.99,5.99
19008,15543,2025-11-22,signup,5.99,5.99
19009,15544,2025-11-15,signup,5.99,5.99
19010,15545,2025-11-24,signup,5.99,5.99
19011,15546,2025-11-15,signup,5.99,5.99
19012,15547,2025-11-12,signup,5.99,5.99
19013,15548,2025-11-10,signup,5.99,5.99
19014,15549,2025-11-19,signup,5.99,5.99
19015,15550,2025-12-01,signup,5.99,5.99
19016,15551,2025-11-24,signup,5.99,5.99
19017,15552,2025-12-09,signup,5.99,5.99
19018,15553,2025-11-22,signup,5.99,5.99
19019,15554,2025-12-03,signup,5.99,5.99
19020,15555,2025-11-23,signup,5.99,5.99
19021,15556,2025-12-06,signup,5.99,5.99
19022,15558,2025-11-28,signup,5.99,5.99
19023,15559,2025-11-27,signup,5.99,5.99
19024,15560,2025-11-30,signup,5.99,5.99
19025,15561,2025-12-09,signup,5.99,5.99
19026,15562,2025-11-17,signup,5.99,5.99
19027,15563,2025-11-15,signup,5.99,5.99
19028,15564,2025-11-19,signup,5.99,5.99
19029,15565,2025-12-10,signup,5.99,5.99
19030,15566,2025-11-18,signup,5.99,5.99
19031,15567,2025-11-28,signup,5.99,5.99
19032,15567,2025-12-28,cancel,5.99,-5.99
19033,15568,2025-11-15,signup,5.99,5.99
19034,15569,2025-11-10,signup,5.99,5.99
19035,15570,2025-11-27,signup,5.99,5.99
19036,15571,2025-12-04,signup,5.99,5.99
19037,15572,2025-11-24,signup,5.99,5.99
19038,15574,2025-11-10,signup,5.99,5.99
19039,15575,2025-11-24,signup,5.99,5.99
19040,15575,2025-12-24,cancel,5.99,-5.99
19041,15576,2025-12-03,signup,5.99,5.99
19042,15577,2025-12-10,signup,5.99,5.99
19043,15578,2025-12-06,signup,5.99,5.99
19044,15579,2025-11-14,signup,5.99,5.99
19045,15581,2025-12-06,signup,5.99,5.99
19046,15582,2025-11-16,signup,5.99,5.99
19047,15583,2025-11-23,signup,5.99,5.99
19048,15584,2025-11-19,signup,5.99,5.99
19049,15585,2025-12-10,signup,5.99,5.99
19050,15586,2025-12-01,signup,5.99,5.99
19051,15587,2025-12-02,signup,5.99,5.99
19052,15588,2025-11-10,signup,5.99,5.99
19053,15589,2025-11-29,signup,5.99,5.99
19054,15589,2025-12-29,cancel,5.99,-5.99
19055,15590,2025-12-08,signup,5.99,5.99
19056,15591,2025-11-24,signup,5.99,5.99
19057,15591,2025-12-24,cancel,5.99,-5.99
19058,15592,2025-11-13,signup,5.99,5.99
19059,15593,2025-12-06,signup,5.99,5.99
19060,15594,2025-12-10,signup,5.99,5.99
19061,15595,2025-11-24,signup,5.99,5.99
19062,15596,2025-11-18,signup,5.99,5.99
19063,15597,2025-11-20,signup,5.99,5.99
19064,15598,2025-12-10,signup,5.99,5.99
19065,15599,2025-11-15,signup,5.99,5.99
19066,15600,2025-12-10,signup,5.99,5.99
19067,15601,2025-11-27,signup,5.99,5.99
19068,15602,2025-11-13,signup,5.99,5.99
19069,15603,2025-11-28,signup,5.99,5.99
19070,15605,2025-11-24,signup,5.99,5.99
19071,15606,2025-12-07,signup,5.99,5.99
19072,15607,2025-11-15,signup,5.99,5.99
19073,15610,2025-11-24,signup,5.99,5.99
19074,15611,2025-11-19,signup,5.99,5.99
19075,15613,2025-12-10,signup,5.99,5.99
19076,15614,2025-11-13,signup,5.99,5.99
19077,15615,2025-12-03,signup,5.99,5.99
19078,15616,2025-11-22,signup,5.99,5.99
19079,15617,2025-12-03,signup,5.99,5.99
19080,15618,2025-11-24,signup,5.99,5.99
19081,15618,2025-12-24,cancel,5.99,-5.99
19082,15619,2025-12-10,signup,5.99,5.99
19083,15620,2025-11-27,signup,5.99,5.99
19084,15621,2025-12-08,signup,5.99,5.99
19085,15622,2025-11-25,signup,5.99,5.99
19086,15623,2025-11-27,signup,5.99,5.99
19087,15624,2025-11-25,signup,5.99,5.99
19088,15625,2025-11-20,signup,5.99,5.99
19089,15626,2025-11-26,signup,5.99,5.99
19090,15626,2025-12-26,cancel,5.99,-5.99
19091,15627,2025-11-17,signup,5.99,5.99
19092,15628,2025-12-04,signup,5.99,5.99
19093,15629,2025-11-24,signup,5.99,5.99
19094,15630,2025-11-21,signup,5.99,5.99
19095,15631,2025-11-19,signup,5.99,5.99
19096,15632,2025-11-15,signup,5.99,5.99
19097,15633,2025-11-27,signup,5.99,5.99
19098,15635,2025-11-26,signup,5.99,5.99
19099,15636,2025-12-11,signup,5.99,5.99
19100,15637,2025-11-28,signup,5.99,5.99
19101,15638,2025-11-12,signup,5.99,5.99
19102,15638,2025-12-12,cancel,5.99,-5.99
19103,15640,2025-11-17,signup,5.99,5.99
19104,15640,2025-12-17,cancel,5.99,-5.99
19105,15641,2025-11-14,signup,5.99,5.99
19106,15642,2025-11-24,signup,5.99,5.99
19107,15642,2025-12-24,cancel,5.99,-5.99
19108,15643,2025-11-17,signup,5.99,5.99
19109,15643,2025-12-17,cancel,5.99,-5.99
19110,15644,2025-12-09,signup,5.99,5.99
19111,15645,2025-11-25,signup,5.99,5.99
19112,15646,2025-12-11,signup,5.99,5.99
19113,15647,2025-11-16,signup,5.99,5.99
19114,15648,2025-12-06,signup,5.99,5.99
19115,15653,2025-11-29,signup,5.99,5.99
19116,15654,2025-11-27,signup,5.99,5.99
19117,15655,2025-12-07,signup,5.99,5.99
19118,15656,2025-12-07,signup,5.99,5.99
19119,15657,2025-11-12,signup,5.99,5.99
19120,15658,2025-11-22,signup,5.99,5.99
19121,15659,2025-11-23,signup,5.99,5.99
19122,15660,2025-12-07,signup,5.99,5.99
19123,15661,2025-12-03,signup,5.99,5.99
19124,15662,2025-11-14,signup,5.99,5.99
19125,15663,2025-11-14,signup,5.99,5.99
19126,15664,2025-12-09,signup,5.99,5.99
19127,15665,2025-12-05,signup,5.99,5.99
19128,15666,2025-12-02,signup,5.99,5.99
19129,15667,2025-11-27,signup,5.99,5.99
19130,15668,2025-11-24,signup,5.99,5.99
19131,15669,2025-11-14,signup,5.99,5.99
19132,15670,2025-11-26,signup,5.99,5.99
19133,15671,2025-12-04,signup,5.99,5.99
19134,15673,2025-11-17,signup,5.99,5.99
19135,15674,2025-12-07,signup,5.99,5.99
19136,15675,2025-11-14,signup,5.99,5.99
19137,15676,2025-11-27,signup,5.99,5.99
19138,15676,2025-12-27,cancel,5.99,-5.99
19139,15677,2025-12-07,signup,5.99,5.99
19140,15678,2025-12-01,signup,5.99,5.99
19141,15679,2025-11-23,signup,5.99,5.99
19142,15680,2025-11-17,signup,5.99,5.99
19143,15681,2025-11-15,signup,5.99,5.99
19144,15681,2025-12-15,cancel,5.99,-5.99
19145,15682,2025-11-30,signup,5.99,5.99
19146,15683,2025-11-20,signup,5.99,5.99
19147,15684,2025-11-22,signup,5.99,5.99
19148,15685,2025-12-02,signup,5.99,5.99
19149,15687,2025-11-12,signup,5.99,5.99
19150,15688,2025-11-24,signup,5.99,5.99
19151,15689,2025-11-20,signup,5.99,5.99
19152,15690,2025-12-03,signup,5.99,5.99
19153,15691,2025-11-23,signup,5.99,5.99
19154,15692,2025-11-23,signup,5.99,5.99
19155,15693,2025-12-01,signup,5.99,5.99
19156,15694,2025-11-25,signup,5.99,5.99
19157,15695,2025-12-01,signup,5.99,5.99
19158,15696,2025-12-06,signup,5.99,5.99
19159,15697,2025-12-05,signup,5.99,5.99
19160,15700,2025-11-15,signup,5.99,5.99
19161,15702,2025-11-21,signup,5.99,5.99
19162,15703,2025-12-01,signup,5.99,5.99
19163,15704,2025-11-26,signup,5.99,5.99
19164,15705,2025-12-02,signup,5.99,5.99
19165,15706,2025-12-03,signup,5.99,5.99
19166,15707,2025-11-13,signup,5.99,5.99
19167,15708,2025-11-12,signup,5.99,5.99
19168,15709,2025-11-23,signup,5.99,5.99
19169,15710,2025-11-22,signup,5.99,5.99
19170,15711,2025-11-14,signup,5.99,5.99
19171,15713,2025-12-08,signup,5.99,5.99
19172,15714,2025-12-08,signup,5.99,5.99
19173,15715,2025-11-15,signup,5.99,5.99
19174,15716,2025-12-04,signup,5.99,5.99
19175,15717,2025-12-09,signup,5.99,5.99
19176,15718,2025-12-13,signup,5.99,5.99
19177,15719,2025-11-19,signup,5.99,5.99
19178,15720,2025-12-05,signup,5.99,5.99
19179,15721,2025-12-08,signup,5.99,5.99
19180,15722,2025-12-06,signup,5.99,5.99
19181,15723,2025-12-12,signup,5.99,5.99
19182,15724,2025-12-05,signup,5.99,5.99
19183,15725,2025-11-17,signup,5.99,5.99
19184,15726,2025-12-02,signup,5.99,5.99
19185,15727,2025-11-16,signup,5.99,5.99
19186,15728,2025-11-16,signup,5.99,5.99
19187,15729,2025-11-19,signup,5.99,5.99
19188,15730,2025-12-08,signup,5.99,5.99
19189,15731,2025-11-20,signup,5.99,5.99
19190,15732,2025-12-01,signup,5.99,5.99
19191,15733,2025-11-14,signup,5.99,5.99
19192,15734,2025-11-30,signup,5.99,5.99
19193,15735,2025-11-23,signup,5.99,5.99
19194,15736,2025-12-08,signup,5.99,5.99
19195,15737,2025-11-25,signup,5.99,5.99
19196,15738,2025-12-07,signup,5.99,5.99
19197,15739,2025-12-04,signup,5.99,5.99
19198,15740,2025-11-22,signup,5.99,5.99
19199,15741,2025-11-30,signup,5.99,5.99
19200,15742,2025-12-05,signup,5.99,5.99
19201,15743,2025-11-21,signup,5.99,5.99
19202,15744,2025-12-05,signup,5.99,5.99
19203,15746,2025-12-02,signup,5.99,5.99
19204,15747,2025-11-20,signup,5.99,5.99
19205,15747,2025-12-20,cancel,5.99,-5.99
19206,15749,2025-11-26,signup,5.99,5.99
19207,15751,2025-12-12,signup,5.99,5.99
19208,15752,2025-11-25,signup,5.99,5.99
19209,15753,2025-12-07,signup,5.99,5.99
19210,15754,2025-11-25,signup,5.99,5.99
19211,15755,2025-12-09,signup,5.99,5.99
19212,15756,2025-11-13,signup,5.99,5.99
19213,15757,2025-12-05,signup,5.99,5.99
19214,15758,2025-11-30,signup,5.99,5.99
19215,15759,2025-11-20,signup,5.99,5.99
19216,15760,2025-11-19,signup,5.99,5.99
19217,15761,2025-12-02,signup,5.99,5.99
19218,15762,2025-11-16,signup,5.99,5.99
19219,15763,2025-12-08,signup,5.99,5.99
19220,15765,2025-12-06,signup,5.99,5.99
19221,15766,2025-12-09,signup,5.99,5.99
19222,15767,2025-11-22,signup,5.99,5.99
19223,15768,2025-12-13,signup,5.99,5.99
19224,15769,2025-12-06,signup,5.99,5.99
19225,15770,2025-12-12,signup,5.99,5.99
19226,15771,2025-12-06,signup,5.99,5.99
19227,15773,2025-11-19,signup,5.99,5.99
19228,15774,2025-12-14,signup,5.99,5.99
19229,15775,2025-11-18,signup,5.99,5.99
19230,15776,2025-11-17,signup,5.99,5.99
19231,15777,2025-11-26,signup,5.99,5.99
19232,15778,2025-11-30,signup,5.99,5.99
19233,15779,2025-12-12,signup,5.99,5.99
19234,15780,2025-11-26,signup,5.99,5.99
19235,15782,2025-11-18,signup,5.99,5.99
19236,15783,2025-12-06,signup,5.99,5.99
19237,15784,2025-12-12,signup,5.99,5.99
19238,15785,2025-12-01,signup,5.99,5.99
19239,15786,2025-11-18,signup,5.99,5.99
19240,15787,2025-12-01,signup,5.99,5.99
19241,15787,2025-12-31,cancel,5.99,-5.99
19242,15788,2025-12-01,signup,5.99,5.99
19243,15789,2025-11-25,signup,5.99,5.99
19244,15790,2025-11-30,signup,5.99,5.99
19245,15791,2025-12-12,signup,5.99,5.99
19246,15792,2025-11-24,signup,5.99,5.99
19247,15793,2025-12-09,signup,5.99,5.99
19248,15794,2025-12-07,signup,5.99,5.99
19249,15795,2025-11-22,signup,5.99,5.99
19250,15796,2025-12-10,signup,5.99,5.99
19251,15798,2025-12-02,signup,5.99,5.99
19252,15800,2025-11-20,signup,5.99,5.99
19253,15801,2025-11-16,signup,5.99,5.99
19254,15803,2025-11-14,signup,5.99,5.99
19255,15804,2025-11-17,signup,5.99,5.99
19256,15805,2025-12-06,signup,5.99,5.99
19257,15806,2025-11-21,signup,5.99,5.99
19258,15807,2025-11-23,signup,5.99,5.99
19259,15808,2025-12-07,signup,5.99,5.99
19260,15809,2025-11-25,signup,5.99,5.99
19261,15810,2025-11-25,signup,5.99,5.99
19262,15811,2025-12-03,signup,5.99,5.99
19263,15812,2025-12-01,signup,5.99,5.99
19264,15813,2025-12-03,signup,5.99,5.99
19265,15814,2025-11-21,signup,5.99,5.99
19266,15815,2025-12-07,signup,5.99,5.99
19267,15816,2025-12-04,signup,5.99,5.99
19268,15817,2025-12-12,signup,5.99,5.99
19269,15818,2025-12-09,signup,5.99,5.99
19270,15819,2025-11-29,signup,5.99,5.99
19271,15820,2025-11-23,signup,5.99,5.99
19272,15822,2025-11-30,signup,5.99,5.99
19273,15823,2025-11-23,signup,5.99,5.99
19274,15826,2025-11-14,signup,5.99,5.99
19275,15827,2025-11-19,signup,5.99,5.99
19276,15828,2025-11-23,signup,5.99,5.99
19277,15829,2025-11-16,signup,5.99,5.99
19278,15830,2025-12-10,signup,5.99,5.99
19279,15832,2025-12-02,signup,5.99,5.99
19280,15833,2025-12-07,signup,5.99,5.99
19281,15835,2025-11-23,signup,5.99,5.99
19282,15836,2025-12-05,signup,5.99,5.99
19283,15837,2025-12-05,signup,5.99,5.99
19284,15838,2025-12-12,signup,5.99,5.99
19285,15839,2025-11-25,signup,5.99,5.99
19286,15840,2025-12-03,signup,5.99,5.99
19287,15841,2025-12-02,signup,5.99,5.99
19288,15842,2025-12-08,signup,5.99,5.99
19289,15843,2025-12-15,signup,5.99,5.99
19290,15844,2025-11-23,signup,5.99,5.99
19291,15846,2025-12-08,signup,5.99,5.99
19292,15847,2025-11-19,signup,5.99,5.99
19293,15848,2025-11-29,signup,5.99,5.99
19294,15849,2025-11-29,signup,5.99,5.99
19295,15849,2025-12-29,cancel,5.99,-5.99
19296,15850,2025-12-07,signup,5.99,5.99
19297,15851,2025-11-18,signup,5.99,5.99
19298,15852,2025-11-24,signup,5.99,5.99
19299,15854,2025-11-28,signup,5.99,5.99
19300,15855,2025-11-16,signup,5.99,5.99
19301,15856,2025-12-01,signup,5.99,5.99
19302,15857,2025-11-25,signup,5.99,5.99
19303,15858,2025-11-15,signup,5.99,5.99
19304,15859,2025-12-11,signup,5.99,5.99
19305,15860,2025-12-02,signup,5.99,5.99
19306,15861,2025-11-18,signup,5.99,5.99
19307,15862,2025-12-04,signup,5.99,5.99
19308,15863,2025-12-11,signup,5.99,5.99
19309,15864,2025-12-04,signup,5.99,5.99
19310,15865,2025-12-07,signup,5.99,5.99
19311,15866,2025-11-24,signup,5.99,5.99
19312,15866,2025-12-24,cancel,5.99,-5.99
19313,15867,2025-12-02,signup,5.99,5.99
19314,15868,2025-11-30,signup,5.99,5.99
19315,15869,2025-11-23,signup,5.99,5.99
19316,15870,2025-12-09,signup,5.99,5.99
19317,15871,2025-12-04,signup,5.99,5.99
19318,15872,2025-11-16,signup,5.99,5.99
19319,15873,2025-11-18,signup,5.99,5.99
19320,15874,2025-12-01,signup,5.99,5.99
19321,15874,2025-12-31,cancel,5.99,-5.99
19322,15875,2025-12-07,signup,5.99,5.99
19323,15876,2025-12-03,signup,5.99,5.99
19324,15878,2025-11-21,signup,5.99,5.99
19325,15879,2025-11-29,signup,5.99,5.99
19326,15880,2025-12-06,signup,5.99,5.99
19327,15881,2025-12-07,signup,5.99,5.99
19328,15882,2025-11-22,signup,5.99,5.99
19329,15882,2025-12-22,cancel,5.99,-5.99
19330,15883,2025-11-15,signup,5.99,5.99
19331,15885,2025-11-17,signup,5.99,5.99
19332,15886,2025-11-17,signup,5.99,5.99
19333,15887,2025-12-15,signup,5.99,5.99
19334,15888,2025-11-21,signup,5.99,5.99
19335,15890,2025-11-16,signup,5.99,5.99
19336,15891,2025-11-28,signup,5.99,5.99
19337,15893,2025-11-19,signup,5.99,5.99
19338,15894,2025-11-24,signup,5.99,5.99
19339,15895,2025-11-26,signup,5.99,5.99
19340,15896,2025-11-23,signup,5.99,5.99
19341,15897,2025-12-13,signup,5.99,5.99
19342,15898,2025-12-14,signup,5.99,5.99
19343,15899,2025-12-12,signup,5.99,5.99
19344,15900,2025-12-12,signup,5.99,5.99
19345,15901,2025-11-23,signup,5.99,5.99
19346,15903,2025-11-28,signup,5.99,5.99
19347,15906,2025-11-28,signup,5.99,5.99
19348,15907,2025-12-14,signup,5.99,5.99
19349,15908,2025-11-21,signup,5.99,5.99
19350,15909,2025-11-28,signup,5.99,5.99
19351,15910,2025-11-20,signup,5.99,5.99
19352,15911,2025-12-05,signup,5.99,5.99
19353,15912,2025-12-04,signup,5.99,5.99
19354,15913,2025-11-23,signup,5.99,5.99
19355,15914,2025-12-01,signup,5.99,5.99
19356,15914,2025-12-31,cancel,5.99,-5.99
19357,15915,2025-11-17,signup,5.99,5.99
19358,15916,2025-11-22,signup,5.99,5.99
19359,15917,2025-12-02,signup,5.99,5.99
19360,15918,2025-12-15,signup,5.99,5.99
19361,15919,2025-12-10,signup,5.99,5.99
19362,15920,2025-11-23,signup,5.99,5.99
19363,15921,2025-11-19,signup,5.99,5.99
19364,15922,2025-11-21,signup,5.99,5.99
19365,15923,2025-11-19,signup,5.99,5.99
19366,15924,2025-11-29,signup,5.99,5.99
19367,15925,2025-12-16,signup,5.99,5.99
19368,15926,2025-11-25,signup,5.99,5.99
19369,15927,2025-12-04,signup,5.99,5.99
19370,15928,2025-11-23,signup,5.99,5.99
19371,15929,2025-11-17,signup,5.99,5.99
19372,15930,2025-12-10,signup,5.99,5.99
19373,15931,2025-11-25,signup,5.99,5.99
19374,15932,2025-12-11,signup,5.99,5.99
19375,15933,2025-11-18,signup,5.99,5.99
19376,15934,2025-11-30,signup,5.99,5.99
19377,15935,2025-12-14,signup,5.99,5.99
19378,15936,2025-12-06,signup,5.99,5.99
19379,15937,2025-12-07,signup,5.99,5.99
19380,15938,2025-12-13,signup,5.99,5.99
19381,15940,2025-12-01,signup,5.99,5.99
19382,15941,2025-11-22,signup,5.99,5.99
19383,15942,2025-12-08,signup,5.99,5.99
19384,15943,2025-12-07,signup,5.99,5.99
19385,15944,2025-12-04,signup,5.99,5.99
19386,15945,2025-12-09,signup,5.99,5.99
19387,15946,2025-12-10,signup,5.99,5.99
19388,15947,2025-12-04,signup,5.99,5.99
19389,15948,2025-11-23,signup,5.99,5.99
19390,15950,2025-11-16,signup,5.99,5.99
19391,15950,2025-12-16,cancel,5.99,-5.99
19392,15951,2025-11-26,signup,5.99,5.99
19393,15952,2025-12-10,signup,5.99,5.99
19394,15954,2025-11-22,signup,5.99,5.99
19395,15956,2025-12-01,signup,5.99,5.99
19396,15956,2025-12-31,cancel,5.99,-5.99
19397,15957,2025-11-24,signup,5.99,5.99
19398,15959,2025-12-11,signup,5.99,5.99
19399,15960,2025-12-02,signup,5.99,5.99
19400,15961,2025-12-04,signup,5.99,5.99
19401,15962,2025-12-17,signup,5.99,5.99
19402,15963,2025-11-20,signup,5.99,5.99
19403,15964,2025-11-30,signup,5.99,5.99
19404,15965,2025-12-02,signup,5.99,5.99
19405,15966,2025-11-18,signup,5.99,5.99
19406,15967,2025-12-08,signup,5.99,5.99
19407,15968,2025-12-12,signup,5.99,5.99
19408,15969,2025-11-17,signup,5.99,5.99
19409,15970,2025-11-18,signup,5.99,5.99
19410,15972,2025-11-20,signup,5.99,5.99
19411,15973,2025-12-01,signup,5.99,5.99
19412,15974,2025-11-30,signup,5.99,5.99
19413,15975,2025-11-23,signup,5.99,5.99
19414,15976,2025-11-21,signup,5.99,5.99
19415,15977,2025-12-17,signup,5.99,5.99
19416,15978,2025-11-24,signup,5.99,5.99
19417,15979,2025-12-12,signup,5.99,5.99
19418,15980,2025-12-02,signup,5.99,5.99
19419,15981,2025-11-27,signup,5.99,5.99
19420,15982,2025-12-12,signup,5.99,5.99
19421,15983,2025-12-13,signup,5.99,5.99
19422,15984,2025-12-12,signup,5.99,5.99
19423,15985,2025-11-26,signup,5.99,5.99
19424,15987,2025-12-06,signup,5.99,5.99
19425,15988,2025-12-15,signup,5.99,5.99
19426,15989,2025-11-24,signup,5.99,5.99
19427,15990,2025-11-19,signup,5.99,5.99
19428,15990,2025-12-19,cancel,5.99,-5.99
19429,15991,2025-11-24,signup,5.99,5.99
19430,15992,2025-12-14,signup,5.99,5.99
19431,15993,2025-11-23,signup,5.99,5.99
19432,15994,2025-12-15,signup,5.99,5.99
19433,15995,2025-12-16,signup,5.99,5.99
19434,15996,2025-11-28,signup,5.99,5.99
19435,15997,2025-12-15,signup,5.99,5.99
19436,15998,2025-12-02,signup,5.99,5.99
19437,15999,2025-12-06,signup,5.99,5.99
19438,16000,2025-12-09,signup,5.99,5.99
19439,16001,2025-12-05,signup,5.99,5.99
19440,16002,2025-11-26,signup,5.99,5.99
19441,16003,2025-11-26,signup,5.99,5.99
19442,16004,2025-12-02,signup,5.99,5.99
19443,16005,2025-11-30,signup,5.99,5.99
19444,16006,2025-12-14,signup,5.99,5.99
19445,16007,2025-12-12,signup,5.99,5.99
19446,16008,2025-12-07,signup,5.99,5.99
19447,16009,2025-11-18,signup,5.99,5.99
19448,16010,2025-11-27,signup,5.99,5.99
19449,16011,2025-12-06,signup,5.99,5.99
19450,16012,2025-12-06,signup,5.99,5.99
19451,16013,2025-11-26,signup,5.99,5.99
19452,16014,2025-12-15,signup,5.99,5.99
19453,16015,2025-11-18,signup,5.99,5.99
19454,16017,2025-11-17,signup,5.99,5.99
19455,16018,2025-11-30,signup,5.99,5.99
19456,16019,2025-12-03,signup,5.99,5.99
19457,16020,2025-12-02,signup,5.99,5.99
19458,16021,2025-11-29,signup,5.99,5.99
19459,16022,2025-12-13,signup,5.99,5.99
19460,16023,2025-12-05,signup,5.99,5.99
19461,16025,2025-12-15,signup,5.99,5.99
19462,16026,2025-12-10,signup,5.99,5.99
19463,16027,2025-11-19,signup,5.99,5.99
19464,16028,2025-12-14,signup,5.99,5.99
19465,16029,2025-12-18,signup,5.99,5.99
19466,16030,2025-11-28,signup,5.99,5.99
19467,16031,2025-12-05,signup,5.99,5.99
19468,16032,2025-11-20,signup,5.99,5.99
19469,16033,2025-12-02,signup,5.99,5.99
19470,16034,2025-11-24,signup,5.99,5.99
19471,16035,2025-11-27,signup,5.99,5.99
19472,16038,2025-12-14,signup,5.99,5.99
19473,16039,2025-12-02,signup,5.99,5.99
19474,16040,2025-12-07,signup,5.99,5.99
19475,16041,2025-12-09,signup,5.99,5.99
19476,16042,2025-12-12,signup,5.99,5.99
19477,16043,2025-11-24,signup,5.99,5.99
19478,16044,2025-11-26,signup,5.99,5.99
19479,16045,2025-12-16,signup,5.99,5.99
19480,16046,2025-12-02,signup,5.99,5.99
19481,16048,2025-12-16,signup,5.99,5.99
19482,16049,2025-11-24,signup,5.99,5.99
19483,16050,2025-11-21,signup,5.99,5.99
19484,16050,2025-12-21,cancel,5.99,-5.99
19485,16051,2025-12-09,signup,5.99,5.99
19486,16052,2025-12-04,signup,5.99,5.99
19487,16053,2025-12-12,signup,5.99,5.99
19488,16054,2025-12-02,signup,5.99,5.99
19489,16055,2025-12-09,signup,5.99,5.99
19490,16057,2025-11-29,signup,5.99,5.99
19491,16058,2025-11-21,signup,5.99,5.99
19492,16059,2025-12-02,signup,5.99,5.99
19493,16060,2025-12-07,signup,5.99,5.99
19494,16062,2025-12-09,signup,5.99,5.99
19495,16063,2025-11-25,signup,5.99,5.99
19496,16064,2025-12-02,signup,5.99,5.99
19497,16065,2025-12-17,signup,5.99,5.99
19498,16067,2025-11-21,signup,5.99,5.99
19499,16067,2025-12-21,cancel,5.99,-5.99
19500,16068,2025-11-23,signup,5.99,5.99
19501,16069,2025-12-18,signup,5.99,5.99
19502,16071,2025-11-19,signup,5.99,5.99
19503,16072,2025-12-07,signup,5.99,5.99
19504,16073,2025-11-29,signup,5.99,5.99
19505,16074,2025-12-06,signup,5.99,5.99
19506,16075,2025-12-17,signup,5.99,5.99
19507,16076,2025-12-14,signup,5.99,5.99
19508,16078,2025-11-26,signup,5.99,5.99
19509,16079,2025-12-04,signup,5.99,5.99
19510,16080,2025-12-15,signup,5.99,5.99
19511,16081,2025-12-05,signup,5.99,5.99
19512,16082,2025-12-19,signup,5.99,5.99
19513,16083,2025-11-23,signup,5.99,5.99
19514,16084,2025-12-13,signup,5.99,5.99
19515,16085,2025-12-16,signup,5.99,5.99
19516,16086,2025-12-16,signup,5.99,5.99
19517,16087,2025-12-02,signup,5.99,5.99
19518,16088,2025-12-04,signup,5.99,5.99
19519,16089,2025-12-09,signup,5.99,5.99
19520,16090,2025-11-23,signup,5.99,5.99
19521,16091,2025-12-13,signup,5.99,5.99
19522,16092,2025-11-26,signup,5.99,5.99
19523,16093,2025-12-15,signup,5.99,5.99
19524,16096,2025-12-13,signup,5.99,5.99
19525,16097,2025-11-26,signup,5.99,5.99
19526,16098,2025-12-18,signup,5.99,5.99
19527,16099,2025-12-19,signup,5.99,5.99
19528,16100,2025-11-26,signup,5.99,5.99
19529,16101,2025-12-14,signup,5.99,5.99
19530,16104,2025-12-08,signup,5.99,5.99
19531,16105,2025-11-27,signup,5.99,5.99
19532,16107,2025-12-12,signup,5.99,5.99
19533,16109,2025-12-05,signup,5.99,5.99
19534,16110,2025-11-27,signup,5.99,5.99
19535,16111,2025-11-28,signup,5.99,5.99
19536,16112,2025-12-08,signup,5.99,5.99
19537,16113,2025-11-22,signup,5.99,5.99
19538,16114,2025-11-26,signup,5.99,5.99
19539,16115,2025-12-14,signup,5.99,5.99
19540,16116,2025-12-19,signup,5.99,5.99
19541,16117,2025-12-06,signup,5.99,5.99
19542,16118,2025-11-30,signup,5.99,5.99
19543,16119,2025-11-19,signup,5.99,5.99
19544,16120,2025-11-29,signup,5.99,5.99
19545,16121,2025-12-18,signup,5.99,5.99
19546,16122,2025-11-21,signup,5.99,5.99
19547,16123,2025-12-16,signup,5.99,5.99
19548,16124,2025-11-19,signup,5.99,5.99
19549,16125,2025-12-09,signup,5.99,5.99
19550,16126,2025-12-08,signup,5.99,5.99
19551,16127,2025-11-20,signup,5.99,5.99
19552,16127,2025-12-20,cancel,5.99,-5.99
19553,16129,2025-12-04,signup,5.99,5.99
19554,16130,2025-11-28,signup,5.99,5.99
19555,16131,2025-12-11,signup,5.99,5.99
19556,16132,2025-12-02,signup,5.99,5.99
19557,16133,2025-12-19,signup,5.99,5.99
19558,16134,2025-12-08,signup,5.99,5.99
19559,16135,2025-11-28,signup,5.99,5.99
19560,16137,2025-11-21,signup,5.99,5.99
19561,16137,2025-12-21,cancel,5.99,-5.99
19562,16138,2025-12-15,signup,5.99,5.99
19563,16139,2025-12-13,signup,5.99,5.99
19564,16140,2025-12-10,signup,5.99,5.99
19565,16141,2025-12-09,signup,5.99,5.99
19566,16142,2025-12-01,signup,5.99,5.99
19567,16143,2025-11-22,signup,5.99,5.99
19568,16145,2025-12-18,signup,5.99,5.99
19569,16146,2025-11-25,signup,5.99,5.99
19570,16146,2025-12-25,cancel,5.99,-5.99
19571,16147,2025-11-28,signup,5.99,5.99
19572,16148,2025-11-23,signup,5.99,5.99
19573,16149,2025-11-21,signup,5.99,5.99
19574,16150,2025-12-05,signup,5.99,5.99
19575,16152,2025-12-08,signup,5.99,5.99
19576,16153,2025-11-27,signup,5.99,5.99
19577,16153,2025-12-27,cancel,5.99,-5.99
19578,16154,2025-12-09,signup,5.99,5.99
19579,16155,2025-11-25,signup,5.99,5.99
19580,16156,2025-11-24,signup,5.99,5.99
19581,16157,2025-12-09,signup,5.99,5.99
19582,16158,2025-12-17,signup,5.99,5.99
19583,16159,2025-12-06,signup,5.99,5.99
19584,16162,2025-12-03,signup,5.99,5.99
19585,16163,2025-11-23,signup,5.99,5.99
19586,16165,2025-12-19,signup,5.99,5.99
19587,16166,2025-12-03,signup,5.99,5.99
19588,16167,2025-12-16,signup,5.99,5.99
19589,16168,2025-12-20,signup,5.99,5.99
19590,16169,2025-12-18,signup,5.99,5.99
19591,16172,2025-11-21,signup,5.99,5.99
19592,16173,2025-11-30,signup,5.99,5.99
19593,16173,2025-12-30,cancel,5.99,-5.99
19594,16174,2025-11-20,signup,5.99,5.99
19595,16175,2025-12-14,signup,5.99,5.99
19596,16176,2025-12-19,signup,5.99,5.99
19597,16177,2025-12-05,signup,5.99,5.99
19598,16178,2025-12-17,signup,5.99,5.99
19599,16180,2025-12-19,signup,5.99,5.99
19600,16181,2025-12-07,signup,5.99,5.99
19601,16182,2025-11-22,signup,5.99,5.99
19602,16183,2025-12-16,signup,5.99,5.99
19603,16184,2025-11-28,signup,5.99,5.99
19604,16185,2025-12-15,signup,5.99,5.99
19605,16186,2025-11-25,signup,5.99,5.99
19606,16187,2025-12-13,signup,5.99,5.99
19607,16188,2025-11-23,signup,5.99,5.99
19608,16189,2025-12-15,signup,5.99,5.99
19609,16190,2025-12-12,signup,5.99,5.99
19610,16191,2025-12-02,signup,5.99,5.99
19611,16192,2025-12-20,signup,5.99,5.99
19612,16193,2025-11-22,signup,5.99,5.99
19613,16193,2025-12-22,cancel,5.99,-5.99
19614,16194,2025-12-04,signup,5.99,5.99
19615,16195,2025-11-25,signup,5.99,5.99
19616,16196,2025-12-10,signup,5.99,5.99
19617,16197,2025-12-03,signup,5.99,5.99
19618,16198,2025-11-30,signup,5.99,5.99
19619,16199,2025-12-08,signup,5.99,5.99
19620,16200,2025-12-02,signup,5.99,5.99
19621,16201,2025-12-07,signup,5.99,5.99
19622,16202,2025-11-25,signup,5.99,5.99
19623,16203,2025-12-16,signup,5.99,5.99
19624,16204,2025-12-12,signup,5.99,5.99
19625,16205,2025-12-13,signup,5.99,5.99
19626,16206,2025-11-20,signup,5.99,5.99
19627,16207,2025-12-16,signup,5.99,5.99
19628,16208,2025-11-24,signup,5.99,5.99
19629,16209,2025-11-22,signup,5.99,5.99
19630,16210,2025-12-04,signup,5.99,5.99
19631,16211,2025-12-07,signup,5.99,5.99
19632,16213,2025-12-18,signup,5.99,5.99
19633,16214,2025-11-24,signup,5.99,5.99
19634,16215,2025-11-29,signup,5.99,5.99
19635,16216,2025-11-21,signup,5.99,5.99
19636,16217,2025-11-29,signup,5.99,5.99
19637,16218,2025-11-28,signup,5.99,5.99
19638,16219,2025-12-19,signup,5.99,5.99
19639,16220,2025-12-05,signup,5.99,5.99
19640,16221,2025-12-16,signup,5.99,5.99
19641,16222,2025-12-17,signup,5.99,5.99
19642,16223,2025-12-06,signup,5.99,5.99
19643,16224,2025-12-19,signup,5.99,5.99
19644,16225,2025-11-29,signup,5.99,5.99
19645,16227,2025-12-11,signup,5.99,5.99
19646,16228,2025-12-08,signup,5.99,5.99
19647,16229,2025-12-06,signup,5.99,5.99
19648,16230,2025-12-01,signup,5.99,5.99
19649,16231,2025-11-24,signup,5.99,5.99
19650,16232,2025-12-09,signup,5.99,5.99
19651,16233,2025-12-06,signup,5.99,5.99
19652,16234,2025-11-21,signup,5.99,5.99
19653,16235,2025-11-21,signup,5.99,5.99
19654,16236,2025-11-29,signup,5.99,5.99
19655,16236,2025-12-29,cancel,5.99,-5.99
19656,16237,2025-11-27,signup,5.99,5.99
19657,16238,2025-12-10,signup,5.99,5.99
19658,16239,2025-12-12,signup,5.99,5.99
19659,16240,2025-12-03,signup,5.99,5.99
19660,16241,2025-12-02,signup,5.99,5.99
19661,16242,2025-12-07,signup,5.99,5.99
19662,16244,2025-12-03,signup,5.99,5.99
19663,16245,2025-12-15,signup,5.99,5.99
19664,16246,2025-12-01,signup,5.99,5.99
19665,16247,2025-12-06,signup,5.99,5.99
19666,16248,2025-11-27,signup,5.99,5.99
19667,16249,2025-11-24,signup,5.99,5.99
19668,16250,2025-11-24,signup,5.99,5.99
19669,16251,2025-12-02,signup,5.99,5.99
19670,16252,2025-12-15,signup,5.99,5.99
19671,16253,2025-11-24,signup,5.99,5.99
19672,16253,2025-12-24,cancel,5.99,-5.99
19673,16254,2025-12-02,signup,5.99,5.99
19674,16255,2025-12-21,signup,5.99,5.99
19675,16256,2025-12-02,signup,5.99,5.99
19676,16257,2025-12-13,signup,5.99,5.99
19677,16258,2025-12-09,signup,5.99,5.99
19678,16259,2025-12-09,signup,5.99,5.99
19679,16260,2025-11-21,signup,5.99,5.99
19680,16261,2025-12-14,signup,5.99,5.99
19681,16262,2025-12-15,signup,5.99,5.99
19682,16263,2025-12-04,signup,5.99,5.99
19683,16264,2025-12-15,signup,5.99,5.99
19684,16265,2025-11-23,signup,5.99,5.99
19685,16266,2025-11-26,signup,5.99,5.99
19686,16267,2025-12-02,signup,5.99,5.99
19687,16268,2025-12-01,signup,5.99,5.99
19688,16269,2025-12-10,signup,5.99,5.99
19689,16270,2025-12-05,signup,5.99,5.99
19690,16271,2025-12-01,signup,5.99,5.99
19691,16272,2025-11-27,signup,5.99,5.99
19692,16273,2025-12-12,signup,5.99,5.99
19693,16274,2025-12-01,signup,5.99,5.99
19694,16275,2025-11-22,signup,5.99,5.99
19695,16276,2025-12-08,signup,5.99,5.99
19696,16277,2025-12-16,signup,5.99,5.99
19697,16279,2025-12-08,signup,5.99,5.99
19698,16280,2025-12-18,signup,5.99,5.99
19699,16281,2025-12-08,signup,5.99,5.99
19700,16282,2025-12-07,signup,5.99,5.99
19701,16283,2025-12-17,signup,5.99,5.99
19702,16284,2025-12-17,signup,5.99,5.99
19703,16285,2025-12-14,signup,5.99,5.99
19704,16287,2025-12-21,signup,5.99,5.99
19705,16288,2025-12-16,signup,5.99,5.99
19706,16289,2025-11-22,signup,5.99,5.99
19707,16290,2025-12-17,signup,5.99,5.99
19708,16291,2025-11-22,signup,5.99,5.99
19709,16292,2025-11-23,signup,5.99,5.99
19710,16293,2025-11-29,signup,5.99,5.99
19711,16294,2025-12-10,signup,5.99,5.99
19712,16295,2025-12-10,signup,5.99,5.99
19713,16296,2025-12-06,signup,5.99,5.99
19714,16297,2025-12-12,signup,5.99,5.99
19715,16298,2025-12-06,signup,5.99,5.99
19716,16300,2025-11-26,signup,5.99,5.99
19717,16301,2025-11-27,signup,5.99,5.99
19718,16302,2025-12-02,signup,5.99,5.99
19719,16304,2025-12-10,signup,5.99,5.99
19720,16305,2025-11-22,signup,5.99,5.99
19721,16306,2025-12-22,signup,5.99,5.99
19722,16307,2025-12-22,signup,5.99,5.99
19723,16308,2025-12-15,signup,5.99,5.99
19724,16310,2025-12-07,signup,5.99,5.99
19725,16311,2025-11-30,signup,5.99,5.99
19726,16313,2025-11-24,signup,5.99,5.99
19727,16314,2025-11-27,signup,5.99,5.99
19728,16316,2025-12-22,signup,5.99,5.99
19729,16317,2025-11-25,signup,5.99,5.99
19730,16318,2025-11-26,signup,5.99,5.99
19731,16318,2025-12-26,cancel,5.99,-5.99
19732,16319,2025-12-13,signup,5.99,5.99
19733,16320,2025-12-10,signup,5.99,5.99
19734,16321,2025-12-15,signup,5.99,5.99
19735,16322,2025-12-06,signup,5.99,5.99
19736,16323,2025-11-24,signup,5.99,5.99
19737,16324,2025-12-13,signup,5.99,5.99
19738,16325,2025-12-07,signup,5.99,5.99
19739,16326,2025-12-16,signup,5.99,5.99
19740,16327,2025-12-14,signup,5.99,5.99
19741,16328,2025-12-20,signup,5.99,5.99
19742,16329,2025-12-19,signup,5.99,5.99
19743,16330,2025-11-30,signup,5.99,5.99
19744,16331,2025-12-05,signup,5.99,5.99
19745,16332,2025-12-21,signup,5.99,5.99
19746,16333,2025-11-26,signup,5.99,5.99
19747,16334,2025-12-23,signup,5.99,5.99
19748,16335,2025-12-20,signup,5.99,5.99
19749,16337,2025-11-30,signup,5.99,5.99
19750,16338,2025-12-23,signup,5.99,5.99
19751,16339,2025-12-16,signup,5.99,5.99
19752,16340,2025-12-03,signup,5.99,5.99
19753,16341,2025-12-02,signup,5.99,5.99
19754,16342,2025-11-25,signup,5.99,5.99
19755,16342,2025-12-25,cancel,5.99,-5.99
19756,16344,2025-12-12,signup,5.99,5.99
19757,16345,2025-12-05,signup,5.99,5.99
19758,16347,2025-12-16,signup,5.99,5.99
19759,16348,2025-11-27,signup,5.99,5.99
19760,16349,2025-11-29,signup,5.99,5.99
19761,16350,2025-12-06,signup,5.99,5.99
19762,16352,2025-12-15,signup,5.99,5.99
19763,16353,2025-11-25,signup,5.99,5.99
19764,16355,2025-11-23,signup,5.99,5.99
19765,16356,2025-12-11,signup,5.99,5.99
19766,16357,2025-11-23,signup,5.99,5.99
19767,16358,2025-12-17,signup,5.99,5.99
19768,16360,2025-11-28,signup,5.99,5.99
19769,16362,2025-11-28,signup,5.99,5.99
19770,16362,2025-12-28,cancel,5.99,-5.99
19771,16363,2025-12-07,signup,5.99,5.99
19772,16365,2025-12-14,signup,5.99,5.99
19773,16366,2025-12-06,signup,5.99,5.99
19774,16367,2025-11-27,signup,5.99,5.99
19775,16368,2025-11-23,signup,5.99,5.99
19776,16369,2025-12-10,signup,5.99,5.99
19777,16370,2025-11-23,signup,5.99,5.99
19778,16371,2025-11-25,signup,5.99,5.99
19779,16372,2025-11-27,signup,5.99,5.99
19780,16374,2025-11-26,signup,5.99,5.99
19781,16375,2025-12-16,signup,5.99,5.99
19782,16376,2025-12-05,signup,5.99,5.99
19783,16377,2025-12-09,signup,5.99,5.99
19784,16378,2025-12-05,signup,5.99,5.99
19785,16379,2025-12-03,signup,5.99,5.99
19786,16380,2025-12-07,signup,5.99,5.99
19787,16381,2025-12-23,signup,5.99,5.99
19788,16382,2025-12-02,signup,5.99,5.99
19789,16383,2025-12-05,signup,5.99,5.99
19790,16384,2025-12-20,signup,5.99,5.99
19791,16385,2025-11-29,signup,5.99,5.99
19792,16386,2025-12-05,signup,5.99,5.99
19793,16387,2025-12-03,signup,5.99,5.99
19794,16388,2025-12-21,signup,5.99,5.99
19795,16389,2025-11-27,signup,5.99,5.99
19796,16391,2025-12-23,signup,5.99,5.99
19797,16392,2025-12-20,signup,5.99,5.99
19798,16393,2025-12-11,signup,5.99,5.99
19799,16394,2025-11-26,signup,5.99,5.99
19800,16395,2025-12-19,signup,5.99,5.99
19801,16396,2025-12-21,signup,5.99,5.99
19802,16397,2025-12-19,signup,5.99,5.99
19803,16398,2025-12-13,signup,5.99,5.99
19804,16399,2025-12-14,signup,5.99,5.99
19805,16400,2025-12-10,signup,5.99,5.99
19806,16401,2025-11-26,signup,5.99,5.99
19807,16402,2025-12-24,signup,5.99,5.99
19808,16403,2025-11-28,signup,5.99,5.99
19809,16404,2025-12-24,signup,5.99,5.99
19810,16405,2025-11-27,signup,5.99,5.99
19811,16406,2025-12-06,signup,5.99,5.99
19812,16407,2025-12-01,signup,5.99,5.99
19813,16409,2025-12-19,signup,5.99,5.99
19814,16410,2025-11-27,signup,5.99,5.99
19815,16411,2025-12-12,signup,5.99,5.99
19816,16412,2025-12-11,signup,5.99,5.99
19817,16413,2025-11-29,signup,5.99,5.99
19818,16414,2025-12-13,signup,5.99,5.99
19819,16415,2025-12-18,signup,5.99,5.99
19820,16416,2025-12-10,signup,5.99,5.99
19821,16417,2025-12-20,signup,5.99,5.99
19822,16418,2025-11-30,signup,5.99,5.99
19823,16419,2025-12-07,signup,5.99,5.99
19824,16420,2025-12-04,signup,5.99,5.99
19825,16421,2025-12-02,signup,5.99,5.99
19826,16422,2025-12-07,signup,5.99,5.99
19827,16423,2025-11-29,signup,5.99,5.99
19828,16424,2025-11-24,signup,5.99,5.99
19829,16425,2025-12-13,signup,5.99,5.99
19830,16426,2025-11-26,signup,5.99,5.99
19831,16428,2025-12-21,signup,5.99,5.99
19832,16429,2025-12-13,signup,5.99,5.99
19833,16430,2025-12-22,signup,5.99,5.99
19834,16431,2025-12-20,signup,5.99,5.99
19835,16432,2025-12-09,signup,5.99,5.99
19836,16433,2025-12-08,signup,5.99,5.99
19837,16434,2025-12-10,signup,5.99,5.99
19838,16435,2025-12-15,signup,5.99,5.99
19839,16436,2025-12-07,signup,5.99,5.99
19840,16437,2025-12-17,signup,5.99,5.99
19841,16438,2025-12-17,signup,5.99,5.99
19842,16439,2025-12-11,signup,5.99,5.99
19843,16440,2025-12-07,signup,5.99,5.99
19844,16441,2025-11-30,signup,5.99,5.99
19845,16443,2025-12-05,signup,5.99,5.99
19846,16444,2025-12-09,signup,5.99,5.99
19847,16445,2025-12-15,signup,5.99,5.99
19848,16446,2025-12-13,signup,5.99,5.99
19849,16447,2025-12-17,signup,5.99,5.99
19850,16448,2025-12-05,signup,5.99,5.99
19851,16449,2025-11-29,signup,5.99,5.99
19852,16450,2025-12-01,signup,5.99,5.99
19853,16451,2025-12-07,signup,5.99,5.99
19854,16452,2025-12-14,signup,5.99,5.99
19855,16453,2025-12-14,signup,5.99,5.99
19856,16454,2025-11-26,signup,5.99,5.99
19857,16455,2025-12-08,signup,5.99,5.99
19858,16456,2025-12-24,signup,5.99,5.99
19859,16457,2025-12-03,signup,5.99,5.99
19860,16458,2025-12-18,signup,5.99,5.99
19861,16459,2025-12-08,signup,5.99,5.99
19862,16460,2025-12-06,signup,5.99,5.99
19863,16461,2025-12-17,signup,5.99,5.99
19864,16462,2025-12-13,signup,5.99,5.99
19865,16463,2025-12-01,signup,5.99,5.99
19866,16464,2025-12-08,signup,5.99,5.99
19867,16465,2025-12-21,signup,5.99,5.99
19868,16467,2025-12-15,signup,5.99,5.99
19869,16468,2025-12-18,signup,5.99,5.99
19870,16469,2025-11-28,signup,5.99,5.99
19871,16472,2025-12-15,signup,5.99,5.99
19872,16473,2025-11-30,signup,5.99,5.99
19873,16473,2025-12-30,cancel,5.99,-5.99
19874,16474,2025-12-16,signup,5.99,5.99
19875,16475,2025-12-04,signup,5.99,5.99
19876,16476,2025-12-13,signup,5.99,5.99
19877,16477,2025-12-01,signup,5.99,5.99
19878,16479,2025-12-07,signup,5.99,5.99
19879,16481,2025-12-16,signup,5.99,5.99
19880,16482,2025-12-17,signup,5.99,5.99
19881,16483,2025-12-03,signup,5.99,5.99
19882,16484,2025-12-06,signup,5.99,5.99
19883,16485,2025-12-22,signup,5.99,5.99
19884,16486,2025-12-12,signup,5.99,5.99
19885,16487,2025-12-09,signup,5.99,5.99
19886,16488,2025-11-26,signup,5.99,5.99
19887,16489,2025-12-21,signup,5.99,5.99
19888,16490,2025-12-20,signup,5.99,5.99
19889,16491,2025-12-04,signup,5.99,5.99
19890,16492,2025-12-15,signup,5.99,5.99
19891,16493,2025-12-18,signup,5.99,5.99
19892,16494,2025-12-08,signup,5.99,5.99
19893,16495,2025-12-06,signup,5.99,5.99
19894,16496,2025-12-19,signup,5.99,5.99
19895,16497,2025-12-01,signup,5.99,5.99
19896,16498,2025-12-01,signup,5.99,5.99
19897,16499,2025-11-30,signup,5.99,5.99
19898,16500,2025-12-10,signup,5.99,5.99
19899,16501,2025-12-23,signup,5.99,5.99
19900,16502,2025-12-15,signup,5.99,5.99
19901,16504,2025-12-13,signup,5.99,5.99
19902,16505,2025-12-24,signup,5.99,5.99
19903,16506,2025-11-26,signup,5.99,5.99
19904,16507,2025-11-27,signup,5.99,5.99
19905,16507,2025-12-27,cancel,5.99,-5.99
19906,16508,2025-11-27,signup,5.99,5.99
19907,16509,2025-12-02,signup,5.99,5.99
19908,16510,2025-12-19,signup,5.99,5.99
19909,16511,2025-12-04,signup,5.99,5.99
19910,16513,2025-11-29,signup,5.99,5.99
19911,16515,2025-12-10,signup,5.99,5.99
19912,16516,2025-12-17,signup,5.99,5.99
19913,16517,2025-12-05,signup,5.99,5.99
19914,16518,2025-12-13,signup,5.99,5.99
19915,16519,2025-12-24,signup,5.99,5.99
19916,16520,2025-12-18,signup,5.99,5.99
19917,16521,2025-11-30,signup,5.99,5.99
19918,16522,2025-12-03,signup,5.99,5.99
19919,16523,2025-12-02,signup,5.99,5.99
19920,16524,2025-12-19,signup,5.99,5.99
19921,16525,2025-12-08,signup,5.99,5.99
19922,16526,2025-12-23,signup,5.99,5.99
19923,16529,2025-12-18,signup,5.99,5.99
19924,16530,2025-12-04,signup,5.99,5.99
19925,16531,2025-12-12,signup,5.99,5.99
19926,16532,2025-12-05,signup,5.99,5.99
19927,16533,2025-12-09,signup,5.99,5.99
19928,16534,2025-12-25,signup,5.99,5.99
19929,16535,2025-12-26,signup,5.99,5.99
19930,16536,2025-12-26,signup,5.99,5.99
19931,16537,2025-12-21,signup,5.99,5.99
19932,16539,2025-12-23,signup,5.99,5.99
19933,16540,2025-12-16,signup,5.99,5.99
19934,16541,2025-12-22,signup,5.99,5.99
19935,16542,2025-12-07,signup,5.99,5.99
19936,16543,2025-12-21,signup,5.99,5.99
19937,16545,2025-12-05,signup,5.99,5.99
19938,16546,2025-12-11,signup,5.99,5.99
19939,16547,2025-12-08,signup,5.99,5.99
19940,16548,2025-12-03,signup,5.99,5.99
19941,16549,2025-12-15,signup,5.99,5.99
19942,16550,2025-12-10,signup,5.99,5.99
19943,16551,2025-12-08,signup,5.99,5.99
19944,16552,2025-12-16,signup,5.99,5.99
19945,16553,2025-12-01,signup,5.99,5.99
19946,16554,2025-12-13,signup,5.99,5.99
19947,16555,2025-12-10,signup,5.99,5.99
19948,16556,2025-12-07,signup,5.99,5.99
19949,16558,2025-12-20,signup,5.99,5.99
19950,16559,2025-12-21,signup,5.99,5.99
19951,16560,2025-11-30,signup,5.99,5.99
19952,16561,2025-12-07,signup,5.99,5.99
19953,16562,2025-12-21,signup,5.99,5.99
19954,16563,2025-12-24,signup,5.99,5.99
19955,16564,2025-12-09,signup,5.99,5.99
19956,16565,2025-11-29,signup,5.99,5.99
19957,16566,2025-12-18,signup,5.99,5.99
19958,16567,2025-12-05,signup,5.99,5.99
19959,16568,2025-12-19,signup,5.99,5.99
19960,16569,2025-12-05,signup,5.99,5.99
19961,16570,2025-12-15,signup,5.99,5.99
19962,16571,2025-12-06,signup,5.99,5.99
19963,16572,2025-12-13,signup,5.99,5.99
19964,16573,2025-12-26,signup,5.99,5.99
19965,16574,2025-12-24,signup,5.99,5.99
19966,16575,2025-12-21,signup,5.99,5.99
19967,16576,2025-12-16,signup,5.99,5.99
19968,16577,2025-11-28,signup,5.99,5.99
19969,16578,2025-12-22,signup,5.99,5.99
19970,16579,2025-12-20,signup,5.99,5.99
19971,16580,2025-12-07,signup,5.99,5.99
19972,16581,2025-12-21,signup,5.99,5.99
19973,16582,2025-12-09,signup,5.99,5.99
19974,16583,2025-12-20,signup,5.99,5.99
19975,16584,2025-12-15,signup,5.99,5.99
19976,16586,2025-11-28,signup,5.99,5.99
19977,16586,2025-12-28,cancel,5.99,-5.99
19978,16587,2025-12-05,signup,5.99,5.99
19979,16588,2025-12-24,signup,5.99,5.99
19980,16589,2025-12-18,signup,5.99,5.99
19981,16590,2025-11-27,signup,5.99,5.99
19982,16591,2025-12-21,signup,5.99,5.99
19983,16592,2025-12-11,signup,5.99,5.99
19984,16593,2025-12-18,signup,5.99,5.99
19985,16594,2025-12-08,signup,5.99,5.99
19986,16595,2025-12-17,signup,5.99,5.99
19987,16596,2025-12-05,signup,5.99,5.99
19988,16597,2025-11-30,signup,5.99,5.99
19989,16597,2025-12-30,cancel,5.99,-5.99
19990,16598,2025-12-26,signup,5.99,5.99
19991,16600,2025-12-23,signup,5.99,5.99
19992,16601,2025-12-03,signup,5.99,5.99
19993,16602,2025-12-21,signup,5.99,5.99
19994,16603,2025-11-28,signup,5.99,5.99
19995,16604,2025-12-27,signup,5.99,5.99
19996,16605,2025-12-06,signup,5.99,5.99
19997,16606,2025-12-23,signup,5.99,5.99
19998,16607,2025-12-02,signup,5.99,5.99
19999,16608,2025-12-08,signup,5.99,5.99
20000,16609,2025-12-26,signup,5.99,5.99
20001,16610,2025-12-27,signup,5.99,5.99
20002,16611,2025-11-30,signup,5.99,5.99
20003,16612,2025-12-23,signup,5.99,5.99
20004,16614,2025-12-05,signup,5.99,5.99
20005,16615,2025-11-30,signup,5.99,5.99
20006,16616,2025-12-03,signup,5.99,5.99
20007,16617,2025-12-09,signup,5.99,5.99
20008,16618,2025-12-26,signup,5.99,5.99
20009,16619,2025-12-13,signup,5.99,5.99
20010,16620,2025-12-05,signup,5.99,5.99
20011,16621,2025-12-23,signup,5.99,5.99
20012,16622,2025-12-18,signup,5.99,5.99
20013,16623,2025-12-17,signup,5.99,5.99
20014,16624,2025-11-30,signup,5.99,5.99
20015,16625,2025-12-04,signup,5.99,5.99
20016,16626,2025-12-21,signup,5.99,5.99
20017,16627,2025-12-03,signup,5.99,5.99
20018,16628,2025-12-17,signup,5.99,5.99
20019,16629,2025-12-09,signup,5.99,5.99
20020,16630,2025-12-21,signup,5.99,5.99
20021,16631,2025-11-30,signup,5.99,5.99
20022,16632,2025-11-30,signup,5.99,5.99
20023,16633,2025-12-14,signup,5.99,5.99
20024,16634,2025-12-21,signup,5.99,5.99
20025,16635,2025-12-06,signup,5.99,5.99
20026,16636,2025-12-22,signup,5.99,5.99
20027,16637,2025-12-03,signup,5.99,5.99
20028,16638,2025-11-28,signup,5.99,5.99
20029,16640,2025-12-16,signup,5.99,5.99
20030,16641,2025-11-30,signup,5.99,5.99
20031,16642,2025-12-09,signup,5.99,5.99
20032,16643,2025-12-10,signup,5.99,5.99
20033,16644,2025-12-07,signup,5.99,5.99
20034,16645,2025-12-11,signup,5.99,5.99
20035,16647,2025-12-03,signup,5.99,5.99
20036,16648,2025-12-12,signup,5.99,5.99
20037,16649,2025-12-21,signup,5.99,5.99
20038,16650,2025-12-14,signup,5.99,5.99
20039,16652,2025-12-06,signup,5.99,5.99
20040,16653,2025-12-10,signup,5.99,5.99
20041,16654,2025-12-16,signup,5.99,5.99
20042,16655,2025-12-03,signup,5.99,5.99
20043,16656,2025-12-12,signup,5.99,5.99
20044,16657,2025-12-25,signup,5.99,5.99
20045,16658,2025-12-13,signup,5.99,5.99
20046,16659,2025-12-05,signup,5.99,5.99
20047,16660,2025-12-02,signup,5.99,5.99
20048,16661,2025-12-27,signup,5.99,5.99
20049,16662,2025-12-13,signup,5.99,5.99
20050,16663,2025-12-28,signup,5.99,5.99
20051,16664,2025-12-18,signup,5.99,5.99
20052,16665,2025-12-25,signup,5.99,5.99
20053,16666,2025-12-12,signup,5.99,5.99
20054,16667,2025-12-12,signup,5.99,5.99
20055,16669,2025-12-03,signup,5.99,5.99
20056,16670,2025-12-24,signup,5.99,5.99
20057,16671,2025-12-09,signup,5.99,5.99
20058,16672,2025-12-19,signup,5.99,5.99
20059,16673,2025-12-23,signup,5.99,5.99
20060,16674,2025-12-26,signup,5.99,5.99
20061,16675,2025-12-11,signup,5.99,5.99
20062,16676,2025-12-25,signup,5.99,5.99
20063,16677,2025-12-17,signup,5.99,5.99
20064,16678,2025-12-15,signup,5.99,5.99
20065,16679,2025-12-03,signup,5.99,5.99
20066,16680,2025-12-08,signup,5.99,5.99
20067,16681,2025-12-23,signup,5.99,5.99
20068,16682,2025-12-17,signup,5.99,5.99
20069,16683,2025-12-17,signup,5.99,5.99
20070,16684,2025-12-23,signup,5.99,5.99
20071,16685,2025-12-28,signup,5.99,5.99
20072,16686,2025-12-25,signup,5.99,5.99
20073,16687,2025-12-11,signup,5.99,5.99
20074,16688,2025-12-11,signup,5.99,5.99
20075,16689,2025-12-22,signup,5.99,5.99
20076,16690,2025-12-20,signup,5.99,5.99
20077,16691,2025-12-27,signup,5.99,5.99
20078,16692,2025-12-09,signup,5.99,5.99
20079,16693,2025-12-10,signup,5.99,5.99
20080,16694,2025-12-16,signup,5.99,5.99
20081,16695,2025-12-19,signup,5.99,5.99
20082,16696,2025-12-25,signup,5.99,5.99
20083,16697,2025-12-16,signup,5.99,5.99
20084,16698,2025-12-21,signup,5.99,5.99
20085,16699,2025-12-11,signup,5.99,5.99
20086,16700,2025-12-15,signup,5.99,5.99
20087,16701,2025-12-12,signup,5.99,5.99
20088,16703,2025-12-12,signup,5.99,5.99
20089,16704,2025-12-18,signup,5.99,5.99
20090,16705,2025-12-20,signup,5.99,5.99
20091,16706,2025-12-18,signup,5.99,5.99
20092,16707,2025-12-26,signup,5.99,5.99
20093,16708,2025-12-21,signup,5.99,5.99
20094,16709,2025-12-02,signup,5.99,5.99
20095,16710,2025-12-14,signup,5.99,5.99
20096,16711,2025-12-14,signup,5.99,5.99
20097,16712,2025-12-17,signup,5.99,5.99
20098,16713,2025-12-11,signup,5.99,5.99
20099,16714,2025-12-22,signup,5.99,5.99
20100,16715,2025-12-20,signup,5.99,5.99
20101,16716,2025-12-05,signup,5.99,5.99
20102,16717,2025-12-14,signup,5.99,5.99
20103,16718,2025-12-11,signup,5.99,5.99
20104,16719,2025-12-18,signup,5.99,5.99
20105,16720,2025-12-22,signup,5.99,5.99
20106,16721,2025-12-28,signup,5.99,5.99
20107,16722,2025-12-12,signup,5.99,5.99
20108,16723,2025-12-01,signup,5.99,5.99
20109,16724,2025-12-20,signup,5.99,5.99
20110,16725,2025-12-16,signup,5.99,5.99
20111,16726,2025-12-09,signup,5.99,5.99
20112,16727,2025-12-12,signup,5.99,5.99
20113,16728,2025-12-28,signup,5.99,5.99
20114,16729,2025-12-06,signup,5.99,5.99
20115,16730,2025-12-06,signup,5.99,5.99
20116,16731,2025-12-09,signup,5.99,5.99
20117,16732,2025-12-25,signup,5.99,5.99
20118,16733,2025-12-13,signup,5.99,5.99
20119,16734,2025-12-20,signup,5.99,5.99
20120,16735,2025-12-03,signup,5.99,5.99
20121,16736,2025-12-06,signup,5.99,5.99
20122,16737,2025-12-01,signup,5.99,5.99
20123,16738,2025-12-15,signup,5.99,5.99
20124,16739,2025-12-08,signup,5.99,5.99
20125,16740,2025-12-07,signup,5.99,5.99
20126,16741,2025-12-14,signup,5.99,5.99
20127,16743,2025-12-19,signup,5.99,5.99
20128,16744,2025-12-07,signup,5.99,5.99
20129,16745,2025-12-12,signup,5.99,5.99
20130,16746,2025-12-12,signup,5.99,5.99
20131,16747,2025-12-15,signup,5.99,5.99
20132,16748,2025-12-13,signup,5.99,5.99
20133,16749,2025-12-02,signup,5.99,5.99
20134,16750,2025-12-06,signup,5.99,5.99
20135,16751,2025-12-14,signup,5.99,5.99
20136,16752,2025-12-02,signup,5.99,5.99
20137,16753,2025-12-16,signup,5.99,5.99
20138,16754,2025-12-13,signup,5.99,5.99
20139,16756,2025-12-29,signup,5.99,5.99
20140,16757,2025-12-02,signup,5.99,5.99
20141,16758,2025-12-14,signup,5.99,5.99
20142,16759,2025-12-28,signup,5.99,5.99
20143,16760,2025-12-23,signup,5.99,5.99
20144,16761,2025-11-29,signup,5.99,5.99
20145,16762,2025-12-02,signup,5.99,5.99
20146,16763,2025-12-15,signup,5.99,5.99
20147,16764,2025-12-16,signup,5.99,5.99
20148,16765,2025-12-07,signup,5.99,5.99
20149,16767,2025-11-30,signup,5.99,5.99
20150,16767,2025-12-30,cancel,5.99,-5.99
20151,16768,2025-12-25,signup,5.99,5.99
20152,16769,2025-12-02,signup,5.99,5.99
20153,16770,2025-12-15,signup,5.99,5.99
20154,16771,2025-12-16,signup,5.99,5.99
20155,16772,2025-12-28,signup,5.99,5.99
20156,16773,2025-12-16,signup,5.99,5.99
20157,16774,2025-12-25,signup,5.99,5.99
20158,16775,2025-12-07,signup,5.99,5.99
20159,16776,2025-12-22,signup,5.99,5.99
20160,16778,2025-12-12,signup,5.99,5.99
20161,16779,2025-12-17,signup,5.99,5.99
20162,16781,2025-12-16,signup,5.99,5.99
20163,16782,2025-12-27,signup,5.99,5.99
20164,16783,2025-12-19,signup,5.99,5.99
20165,16784,2025-12-30,signup,5.99,5.99
20166,16785,2025-12-28,signup,5.99,5.99
20167,16786,2025-12-27,signup,5.99,5.99
20168,16788,2025-12-30,signup,5.99,5.99
20169,16791,2025-12-20,signup,5.99,5.99
20170,16792,2025-12-10,signup,5.99,5.99
20171,16793,2025-12-22,signup,5.99,5.99
20172,16794,2025-12-29,signup,5.99,5.99
20173,16795,2025-12-20,signup,5.99,5.99
20174,16797,2025-12-02,signup,5.99,5.99
20175,16798,2025-12-24,signup,5.99,5.99
20176,16799,2025-12-07,signup,5.99,5.99
20177,16800,2025-12-30,signup,5.99,5.99
20178,16801,2025-12-22,signup,5.99,5.99
20179,16802,2025-12-09,signup,5.99,5.99
20180,16803,2025-12-13,signup,5.99,5.99
20181,16804,2025-12-23,signup,5.99,5.99
20182,16805,2025-12-22,signup,5.99,5.99
20183,16806,2025-12-17,signup,5.99,5.99
20184,16807,2025-12-22,signup,5.99,5.99
20185,16808,2025-12-06,signup,5.99,5.99
20186,16809,2025-12-04,signup,5.99,5.99
20187,16810,2025-12-29,signup,5.99,5.99
20188,16811,2025-12-20,signup,5.99,5.99
20189,16812,2025-12-30,signup,5.99,5.99
20190,16813,2025-12-17,signup,5.99,5.99
20191,16814,2025-12-29,signup,5.99,5.99
20192,16815,2025-12-13,signup,5.99,5.99
20193,16817,2025-12-21,signup,5.99,5.99
20194,16818,2025-12-13,signup,5.99,5.99
20195,16819,2025-12-06,signup,5.99,5.99
20196,16820,2025-12-02,signup,5.99,5.99
20197,16821,2025-12-19,signup,5.99,5.99
20198,16822,2025-12-27,signup,5.99,5.99
20199,16823,2025-12-26,signup,5.99,5.99
20200,16824,2025-12-14,signup,5.99,5.99
20201,16825,2025-12-22,signup,5.99,5.99
20202,16826,2025-12-30,signup,5.99,5.99
20203,16827,2025-12-14,signup,5.99,5.99
20204,16828,2025-12-04,signup,5.99,5.99
20205,16829,2025-12-15,signup,5.99,5.99
20206,16830,2025-12-04,signup,5.99,5.99
20207,16832,2025-12-04,signup,5.99,5.99
20208,16833,2025-12-04,signup,5.99,5.99
20209,16834,2025-12-22,signup,5.99,5.99
20210,16836,2025-12-25,signup,5.99,5.99
20211,16838,2025-12-06,signup,5.99,5.99
20212,16839,2025-12-13,signup,5.99,5.99
20213,16840,2025-12-09,signup,5.99,5.99
20214,16841,2025-12-17,signup,5.99,5.99
20215,16842,2025-12-22,signup,5.99,5.99
20216,16844,2025-12-11,signup,5.99,5.99
20217,16845,2025-12-03,signup,5.99,5.99
20218,16846,2025-12-10,signup,5.99,5.99
20219,16847,2025-12-25,signup,5.99,5.99
20220,16848,2025-12-01,signup,5.99,5.99
20221,16849,2025-12-17,signup,5.99,5.99
20222,16850,2025-12-12,signup,5.99,5.99
20223,16851,2025-12-04,signup,5.99,5.99
20224,16853,2025-12-10,signup,5.99,5.99
20225,16854,2025-12-31,signup,5.99,5.99
20226,16855,2025-12-24,signup,5.99,5.99
20227,16856,2025-12-01,signup,5.99,5.99
20228,16858,2025-12-07,signup,5.99,5.99
20229,16860,2025-12-08,signup,5.99,5.99
20230,16861,2025-12-28,signup,5.99,5.99
20231,16862,2025-12-06,signup,5.99,5.99
20232,16863,2025-12-25,signup,5.99,5.99
20233,16864,2025-12-28,signup,5.99,5.99
20234,16865,2025-12-30,signup,5.99,5.99
20235,16866,2025-12-25,signup,5.99,5.99
20236,16867,2025-12-20,signup,5.99,5.99
20237,16868,2025-12-11,signup,5.99,5.99
20238,16869,2025-12-03,signup,5.99,5.99
20239,16871,2025-12-31,signup,5.99,5.99
20240,16872,2025-12-10,signup,5.99,5.99
20241,16873,2025-12-29,signup,5.99,5.99
20242,16874,2025-12-25,signup,5.99,5.99
20243,16875,2025-12-02,signup,5.99,5.99
20244,16876,2025-12-21,signup,5.99,5.99
20245,16877,2025-12-21,signup,5.99,5.99
20246,16878,2025-12-26,signup,5.99,5.99
20247,16879,2025-12-27,signup,5.99,5.99
20248,16880,2025-12-24,signup,5.99,5.99
20249,16881,2025-12-13,signup,5.99,5.99
20250,16883,2025-12-05,signup,5.99,5.99
20251,16884,2025-12-28,signup,5.99,5.99
20252,16885,2025-12-29,signup,5.99,5.99
20253,16886,2025-12-10,signup,5.99,5.99
20254,16887,2025-12-09,signup,5.99,5.99
20255,16888,2025-12-06,signup,5.99,5.99
20256,16891,2025-12-30,signup,5.99,5.99
20257,16892,2025-12-18,signup,5.99,5.99
20258,16893,2025-12-16,signup,5.99,5.99
20259,16894,2025-12-19,signup,5.99,5.99
20260,16895,2025-12-16,signup,5.99,5.99
20261,16896,2025-12-17,signup,5.99,5.99
20262,16897,2025-12-24,signup,5.99,5.99
20263,16898,2025-12-08,signup,5.99,5.99
20264,16899,2025-12-07,signup,5.99,5.99
20265,16900,2025-12-07,signup,5.99,5.99
20266,16901,2025-12-04,signup,5.99,5.99
20267,16902,2025-12-18,signup,5.99,5.99
20268,16903,2025-12-08,signup,5.99,5.99
20269,16905,2025-12-16,signup,5.99,5.99
20270,16906,2025-12-07,signup,5.99,5.99
20271,16907,2025-12-24,signup,5.99,5.99
20272,16909,2025-12-24,signup,5.99,5.99
20273,16910,2025-12-06,signup,5.99,5.99
20274,16911,2025-12-30,signup,5.99,5.99
20275,16912,2025-12-05,signup,5.99,5.99
20276,16913,2025-12-07,signup,5.99,5.99
20277,16916,2025-12-03,signup,5.99,5.99
20278,16917,2025-12-11,signup,5.99,5.99
20279,16919,2025-12-04,signup,5.99,5.99
20280,16920,2025-12-29,signup,5.99,5.99
20281,16921,2025-12-04,signup,5.99,5.99
20282,16923,2025-12-27,signup,5.99,5.99
20283,16924,2025-12-31,signup,5.99,5.99
20284,16925,2025-12-19,signup,5.99,5.99
20285,16926,2025-12-18,signup,5.99,5.99
20286,16927,2025-12-05,signup,5.99,5.99
20287,16928,2025-12-28,signup,5.99,5.99
20288,16929,2025-12-28,signup,5.99,5.99
20289,16930,2025-12-15,signup,5.99,5.99
20290,16932,2025-12-19,signup,5.99,5.99
20291,16933,2025-12-09,signup,5.99,5.99
20292,16934,2025-12-10,signup,5.99,5.99
20293,16935,2025-12-07,signup,5.99,5.99
20294,16936,2025-12-18,signup,5.99,5.99
20295,16937,2025-12-27,signup,5.99,5.99
20296,16938,2025-12-07,signup,5.99,5.99
20297,16939,2025-12-26,signup,5.99,5.99
20298,16940,2025-12-17,signup,5.99,5.99
20299,16941,2025-12-27,signup,5.99,5.99
20300,16942,2025-12-12,signup,5.99,5.99
20301,16943,2025-12-12,signup,5.99,5.99
20302,16944,2025-12-05,signup,5.99,5.99
20303,16946,2025-12-29,signup,5.99,5.99
20304,16947,2025-12-03,signup,5.99,5.99
20305,16948,2025-12-15,signup,5.99,5.99
20306,16949,2025-12-25,signup,5.99,5.99
20307,16950,2025-12-07,signup,5.99,5.99
20308,16951,2025-12-05,signup,5.99,5.99
20309,16952,2025-12-02,signup,5.99,5.99
20310,16953,2025-12-15,signup,5.99,5.99
20311,16954,2025-12-26,signup,5.99,5.99
20312,16955,2025-12-16,signup,5.99,5.99
20313,16956,2025-12-05,signup,5.99,5.99
20314,16957,2025-12-27,signup,5.99,5.99
20315,16958,2025-12-02,signup,5.99,5.99
20316,16960,2025-12-30,signup,5.99,5.99
20317,16962,2025-12-07,signup,5.99,5.99
20318,16963,2025-12-27,signup,5.99,5.99
20319,16964,2025-12-31,signup,5.99,5.99
20320,16965,2025-12-25,signup,5.99,5.99
20321,16966,2025-12-16,signup,5.99,5.99
20322,16967,2025-12-17,signup,5.99,5.99
20323,16968,2025-12-10,signup,5.99,5.99
20324,16969,2025-12-11,signup,5.99,5.99
20325,16970,2025-12-07,signup,5.99,5.99
20326,16971,2025-12-30,signup,5.99,5.99
20327,16972,2025-12-13,signup,5.99,5.99
20328,16973,2025-12-26,signup,5.99,5.99
20329,16974,2025-12-03,signup,5.99,5.99
20330,16977,2025-12-29,signup,5.99,5.99
20331,16978,2025-12-03,signup,5.99,5.99
20332,16979,2025-12-21,signup,5.99,5.99
20333,16980,2025-12-05,signup,5.99,5.99
20334,16982,2025-12-19,signup,5.99,5.99
20335,16983,2025-12-23,signup,5.99,5.99
20336,16984,2025-12-11,signup,5.99,5.99
20337,16985,2025-12-08,signup,5.99,5.99
20338,16987,2025-12-19,signup,5.99,5.99
20339,16991,2025-12-29,signup,5.99,5.99
20340,16992,2025-12-28,signup,5.99,5.99
20341,16993,2025-12-28,signup,5.99,5.99
20342,16994,2025-12-27,signup,5.99,5.99
20343,16995,2025-12-11,signup,5.99,5.99
20344,16996,2025-12-15,signup,5.99,5.99
20345,16998,2025-12-16,signup,5.99,5.99
20346,16999,2025-12-16,signup,5.99,5.99
20347,17000,2025-12-27,signup,5.99,5.99
20348,17001,2025-12-13,signup,5.99,5.99
20349,17002,2025-12-07,signup,5.99,5.99
20350,17004,2025-12-11,signup,5.99,5.99
20351,17005,2025-12-27,signup,5.99,5.99
20352,17006,2025-12-24,signup,5.99,5.99
20353,17007,2025-12-10,signup,5.99,5.99
20354,17009,2025-12-26,signup,5.99,5.99
20355,17010,2025-12-17,signup,5.99,5.99
20356,17011,2025-12-03,signup,5.99,5.99
20357,17015,2025-12-28,signup,5.99,5.99
20358,17016,2025-12-04,signup,5.99,5.99
20359,17017,2025-12-22,signup,5.99,5.99
20360,17020,2025-12-26,signup,5.99,5.99
20361,17021,2025-12-05,signup,5.99,5.99
20362,17022,2025-12-29,signup,5.99,5.99
20363,17023,2025-12-10,signup,5.99,5.99
20364,17024,2025-12-05,signup,5.99,5.99
20365,17026,2025-12-27,signup,5.99,5.99
20366,17027,2025-12-11,signup,5.99,5.99
20367,17028,2025-12-04,signup,5.99,5.99
20368,17029,2025-12-07,signup,5.99,5.99
20369,17030,2025-12-31,signup,5.99,5.99
20370,17031,2025-12-28,signup,5.99,5.99
20371,17032,2025-12-21,signup,5.99,5.99
20372,17033,2025-12-18,signup,5.99,5.99
20373,17034,2025-12-25,signup,5.99,5.99
20374,17035,2025-12-20,signup,5.99,5.99
20375,17036,2025-12-20,signup,5.99,5.99
20376,17038,2025-12-21,signup,5.99,5.99
20377,17039,2025-12-19,signup,5.99,5.99
20378,17040,2025-12-18,signup,5.99,5.99
20379,17041,2025-12-16,signup,5.99,5.99
20380,17042,2025-12-24,signup,5.99,5.99
20381,17043,2025-12-05,signup,5.99,5.99
20382,17044,2025-12-31,signup,5.99,5.99
20383,17045,2025-12-11,signup,5.99,5.99
20384,17046,2025-12-09,signup,5.99,5.99
20385,17047,2025-12-15,signup,5.99,5.99
20386,17048,2025-12-24,signup,5.99,5.99
20387,17049,2025-12-29,signup,5.99,5.99
20388,17050,2025-12-11,signup,5.99,5.99
20389,17051,2025-12-17,signup,5.99,5.99
20390,17053,2025-12-05,signup,5.99,5.99
20391,17054,2025-12-08,signup,5.99,5.99
20392,17055,2025-12-22,signup,5.99,5.99
20393,17056,2025-12-18,signup,5.99,5.99
20394,17057,2025-12-10,signup,5.99,5.99
20395,17058,2025-12-11,signup,5.99,5.99
20396,17060,2025-12-26,signup,5.99,5.99
20397,17061,2025-12-25,signup,5.99,5.99
20398,17062,2025-12-07,signup,5.99,5.99
20399,17063,2025-12-16,signup,5.99,5.99
20400,17064,2025-12-30,signup,5.99,5.99
20401,17065,2025-12-10,signup,5.99,5.99
20402,17066,2025-12-13,signup,5.99,5.99
20403,17067,2025-12-27,signup,5.99,5.99
20404,17068,2025-12-04,signup,5.99,5.99
20405,17069,2025-12-30,signup,5.99,5.99
20406,17070,2025-12-09,signup,5.99,5.99
20407,17072,2025-12-11,signup,5.99,5.99
20408,17073,2025-12-21,signup,5.99,5.99
20409,17076,2025-12-12,signup,5.99,5.99
20410,17077,2025-12-29,signup,5.99,5.99
20411,17079,2025-12-24,signup,5.99,5.99
20412,17080,2025-12-21,signup,5.99,5.99
20413,17081,2025-12-13,signup,5.99,5.99
20414,17082,2025-12-19,signup,5.99,5.99
20415,17083,2025-12-26,signup,5.99,5.99
20416,17084,2025-12-06,signup,5.99,5.99
20417,17085,2025-12-25,signup,5.99,5.99
20418,17087,2025-12-09,signup,5.99,5.99
20419,17093,2025-12-07,signup,5.99,5.99
20420,17094,2025-12-07,signup,5.99,5.99
20421,17096,2025-12-21,signup,5.99,5.99
20422,17097,2025-12-10,signup,5.99,5.99
20423,17098,2025-12-15,signup,5.99,5.99
20424,17099,2025-12-30,signup,5.99,5.99
20425,17100,2025-12-29,signup,5.99,5.99
20426,17102,2025-12-18,signup,5.99,5.99
20427,17103,2025-12-10,signup,5.99,5.99
20428,17104,2025-12-26,signup,5.99,5.99
20429,17105,2025-12-05,signup,5.99,5.99
20430,17106,2025-12-07,signup,5.99,5.99
20431,17107,2025-12-24,signup,5.99,5.99
20432,17109,2025-12-08,signup,5.99,5.99
20433,17111,2025-12-06,signup,5.99,5.99
20434,17112,2025-12-07,signup,5.99,5.99
20435,17113,2025-12-26,signup,5.99,5.99
20436,17114,2025-12-09,signup,5.99,5.99
20437,17115,2025-12-24,signup,5.99,5.99
20438,17116,2025-12-06,signup,5.99,5.99
20439,17117,2025-12-08,signup,5.99,5.99
20440,17118,2025-12-29,signup,5.99,5.99
20441,17119,2025-12-17,signup,5.99,5.99
20442,17120,2025-12-31,signup,5.99,5.99
20443,17121,2025-12-31,signup,5.99,5.99
20444,17123,2025-12-08,signup,5.99,5.99
20445,17124,2025-12-23,signup,5.99,5.99
20446,17127,2025-12-20,signup,5.99,5.99
20447,17130,2025-12-13,signup,5.99,5.99
20448,17131,2025-12-10,signup,5.99,5.99
20449,17132,2025-12-19,signup,5.99,5.99
20450,17133,2025-12-07,signup,5.99,5.99
20451,17134,2025-12-08,signup,5.99,5.99
20452,17135,2025-12-30,signup,5.99,5.99
20453,17136,2025-12-23,signup,5.99,5.99
20454,17138,2025-12-26,signup,5.99,5.99
20455,17139,2025-12-29,signup,5.99,5.99
20456,17141,2025-12-24,signup,5.99,5.99
20457,17142,2025-12-15,signup,5.99,5.99
20458,17143,2025-12-07,signup,5.99,5.99
20459,17144,2025-12-26,signup,5.99,5.99
20460,17145,2025-12-14,signup,5.99,5.99
20461,17146,2025-12-11,signup,5.99,5.99
20462,17148,2025-12-31,signup,5.99,5.99
20463,17149,2025-12-21,signup,5.99,5.99
20464,17150,2025-12-05,signup,5.99,5.99
20465,17151,2025-12-22,signup,5.99,5.99
20466,17152,2025-12-10,signup,5.99,5.99
20467,17155,2025-12-16,signup,5.99,5.99
20468,17156,2025-12-08,signup,5.99,5.99
20469,17157,2025-12-15,signup,5.99,5.99
20470,17159,2025-12-14,signup,5.99,5.99
20471,17160,2025-12-23,signup,5.99,5.99
20472,17161,2025-12-18,signup,5.99,5.99
20473,17162,2025-12-07,signup,5.99,5.99
20474,17163,2025-12-29,signup,5.99,5.99
20475,17165,2025-12-18,signup,5.99,5.99
20476,17166,2025-12-07,signup,5.99,5.99
20477,17167,2025-12-27,signup,5.99,5.99
20478,17169,2025-12-28,signup,5.99,5.99
20479,17170,2025-12-18,signup,5.99,5.99
20480,17171,2025-12-19,signup,5.99,5.99
20481,17172,2025-12-08,signup,5.99,5.99
20482,17173,2025-12-23,signup,5.99,5.99
20483,17174,2025-12-06,signup,5.99,5.99
20484,17176,2025-12-23,signup,5.99,5.99
20485,17177,2025-12-16,signup,5.99,5.99
20486,17179,2025-12-09,signup,5.99,5.99
20487,17180,2025-12-23,signup,5.99,5.99
20488,17181,2025-12-31,signup,5.99,5.99
20489,17183,2025-12-15,signup,5.99,5.99
20490,17184,2025-12-20,signup,5.99,5.99
20491,17185,2025-12-22,signup,5.99,5.99
20492,17187,2025-12-07,signup,5.99,5.99
20493,17188,2025-12-12,signup,5.99,5.99
20494,17189,2025-12-11,signup,5.99,5.99
20495,17190,2025-12-24,signup,5.99,5.99
20496,17192,2025-12-31,signup,5.99,5.99
20497,17193,2025-12-16,signup,5.99,5.99
20498,17194,2025-12-12,signup,5.99,5.99
20499,17196,2025-12-17,signup,5.99,5.99
20500,17197,2025-12-18,signup,5.99,5.99
20501,17198,2025-12-06,signup,5.99,5.99
20502,17199,2025-12-29,signup,5.99,5.99
20503,17200,2025-12-17,signup,5.99,5.99
20504,17201,2025-12-06,signup,5.99,5.99
20505,17202,2025-12-20,signup,5.99,5.99
20506,17203,2025-12-24,signup,5.99,5.99
20507,17204,2025-12-11,signup,5.99,5.99
20508,17205,2025-12-13,signup,5.99,5.99
20509,17206,2025-12-23,signup,5.99,5.99
20510,17207,2025-12-11,signup,5.99,5.99
20511,17208,2025-12-16,signup,5.99,5.99
20512,17209,2025-12-28,signup,5.99,5.99
20513,17210,2025-12-12,signup,5.99,5.99
20514,17212,2025-12-24,signup,5.99,5.99
20515,17213,2025-12-09,signup,5.99,5.99
20516,17214,2025-12-31,signup,5.99,5.99
20517,17217,2025-12-23,signup,5.99,5.99
20518,17218,2025-12-20,signup,5.99,5.99
20519,17221,2025-12-11,signup,5.99,5.99
20520,17223,2025-12-24,signup,5.99,5.99
20521,17224,2025-12-12,signup,5.99,5.99
20522,17225,2025-12-16,signup,5.99,5.99
20523,17227,2025-12-24,signup,5.99,5.99
20524,17230,2025-12-08,signup,5.99,5.99
20525,17231,2025-12-25,signup,5.99,5.99
20526,17232,2025-12-27,signup,5.99,5.99
20527,17233,2025-12-20,signup,5.99,5.99
20528,17234,2025-12-12,signup,5.99,5.99
20529,17235,2025-12-29,signup,5.99,5.99
20530,17236,2025-12-14,signup,5.99,5.99
20531,17237,2025-12-31,signup,5.99,5.99
20532,17239,2025-12-11,signup,5.99,5.99
20533,17240,2025-12-26,signup,5.99,5.99
20534,17241,2025-12-15,signup,5.99,5.99
20535,17242,2025-12-22,signup,5.99,5.99
20536,17243,2025-12-18,signup,5.99,5.99
20537,17244,2025-12-15,signup,5.99,5.99
20538,17245,2025-12-27,signup,5.99,5.99
20539,17246,2025-12-29,signup,5.99,5.99
20540,17249,2025-12-22,signup,5.99,5.99
20541,17250,2025-12-23,signup,5.99,5.99
20542,17251,2025-12-26,signup,5.99,5.99
20543,17253,2025-12-19,signup,5.99,5.99
20544,17255,2025-12-22,signup,5.99,5.99
20545,17256,2025-12-15,signup,5.99,5.99
20546,17257,2025-12-25,signup,5.99,5.99
20547,17259,2025-12-17,signup,5.99,5.99
20548,17261,2025-12-20,signup,5.99,5.99
20549,17262,2025-12-24,signup,5.99,5.99
20550,17263,2025-12-14,signup,5.99,5.99
20551,17264,2025-12-12,signup,5.99,5.99
20552,17265,2025-12-10,signup,5.99,5.99
20553,17267,2025-12-17,signup,5.99,5.99
20554,17268,2025-12-14,signup,5.99,5.99
20555,17270,2025-12-27,signup,5.99,5.99
20556,17271,2025-12-14,signup,5.99,5.99
20557,17272,2025-12-25,signup,5.99,5.99
20558,17273,2025-12-30,signup,5.99,5.99
20559,17274,2025-12-20,signup,5.99,5.99
20560,17277,2025-12-11,signup,5.99,5.99
20561,17278,2025-12-11,signup,5.99,5.99
20562,17279,2025-12-22,signup,5.99,5.99
20563,17280,2025-12-25,signup,5.99,5.99
20564,17281,2025-12-19,signup,5.99,5.99
20565,17282,2025-12-20,signup,5.99,5.99
20566,17283,2025-12-28,signup,5.99,5.99
20567,17284,2025-12-12,signup,5.99,5.99
20568,17285,2025-12-30,signup,5.99,5.99
20569,17286,2025-12-20,signup,5.99,5.99
20570,17290,2025-12-20,signup,5.99,5.99
20571,17292,2025-12-16,signup,5.99,5.99
20572,17294,2025-12-25,signup,5.99,5.99
20573,17295,2025-12-16,signup,5.99,5.99
20574,17297,2025-12-20,signup,5.99,5.99
20575,17298,2025-12-24,signup,5.99,5.99
20576,17299,2025-12-09,signup,5.99,5.99
20577,17300,2025-12-08,signup,5.99,5.99
20578,17304,2025-12-28,signup,5.99,5.99
20579,17305,2025-12-08,signup,5.99,5.99
20580,17306,2025-12-26,signup,5.99,5.99
20581,17307,2025-12-20,signup,5.99,5.99
20582,17309,2025-12-08,signup,5.99,5.99
20583,17313,2025-12-31,signup,5.99,5.99
20584,17314,2025-12-19,signup,5.99,5.99
20585,17315,2025-12-12,signup,5.99,5.99
20586,17316,2025-12-20,signup,5.99,5.99
20587,17317,2025-12-27,signup,5.99,5.99
20588,17318,2025-12-19,signup,5.99,5.99
20589,17320,2025-12-25,signup,5.99,5.99
20590,17321,2025-12-13,signup,5.99,5.99
20591,17323,2025-12-28,signup,5.99,5.99
20592,17324,2025-12-10,signup,5.99,5.99
20593,17328,2025-12-20,signup,5.99,5.99
20594,17329,2025-12-09,signup,5.99,5.99
20595,17330,2025-12-22,signup,5.99,5.99
20596,17331,2025-12-13,signup,5.99,5.99
20597,17332,2025-12-14,signup,5.99,5.99
20598,17333,2025-12-16,signup,5.99,5.99
20599,17336,2025-12-12,signup,5.99,5.99
20600,17337,2025-12-30,signup,5.99,5.99
20601,17339,2025-12-13,signup,5.99,5.99
20602,17340,2025-12-27,signup,5.99,5.99
20603,17345,2025-12-28,signup,5.99,5.99
20604,17347,2025-12-23,signup,5.99,5.99
20605,17348,2025-12-22,signup,5.99,5.99
20606,17351,2025-12-20,signup,5.99,5.99
20607,17352,2025-12-20,signup,5.99,5.99
20608,17353,2025-12-12,signup,5.99,5.99
20609,17356,2025-12-24,signup,5.99,5.99
20610,17357,2025-12-15,signup,5.99,5.99
20611,17358,2025-12-19,signup,5.99,5.99
20612,17360,2025-12-16,signup,5.99,5.99
20613,17361,2025-12-25,signup,5.99,5.99
20614,17362,2025-12-16,signup,5.99,5.99
20615,17363,2025-12-12,signup,5.99,5.99
20616,17364,2025-12-10,signup,5.99,5.99
20617,17365,2025-12-19,signup,5.99,5.99
20618,17367,2025-12-15,signup,5.99,5.99
20619,17368,2025-12-15,signup,5.99,5.99
20620,17369,2025-12-15,signup,5.99,5.99
20621,17371,2025-12-31,signup,5.99,5.99
20622,17372,2025-12-24,signup,5.99,5.99
20623,17374,2025-12-26,signup,5.99,5.99
20624,17375,2025-12-29,signup,5.99,5.99
20625,17376,2025-12-26,signup,5.99,5.99
20626,17377,2025-12-25,signup,5.99,5.99
20627,17378,2025-12-25,signup,5.99,5.99
20628,17379,2025-12-28,signup,5.99,5.99
20629,17380,2025-12-15,signup,5.99,5.99
20630,17381,2025-12-19,signup,5.99,5.99
20631,17382,2025-12-11,signup,5.99,5.99
20632,17384,2025-12-11,signup,5.99,5.99
20633,17386,2025-12-11,signup,5.99,5.99
20634,17392,2025-12-15,signup,5.99,5.99
20635,17395,2025-12-10,signup,5.99,5.99
20636,17396,2025-12-12,signup,5.99,5.99
20637,17398,2025-12-24,signup,5.99,5.99
20638,17399,2025-12-10,signup,5.99,5.99
20639,17400,2025-12-18,signup,5.99,5.99
20640,17401,2025-12-22,signup,5.99,5.99
20641,17405,2025-12-23,signup,5.99,5.99
20642,17407,2025-12-28,signup,5.99,5.99
20643,17408,2025-12-12,signup,5.99,5.99
20644,17410,2025-12-09,signup,5.99,5.99
20645,17411,2025-12-29,signup,5.99,5.99
20646,17412,2025-12-11,signup,5.99,5.99
20647,17414,2025-12-19,signup,5.99,5.99
20648,17415,2025-12-16,signup,5.99,5.99
20649,17416,2025-12-23,signup,5.99,5.99
20650,17418,2025-12-16,signup,5.99,5.99
20651,17419,2025-12-12,signup,5.99,5.99
20652,17420,2025-12-17,signup,5.99,5.99
20653,17421,2025-12-10,signup,5.99,5.99
20654,17422,2025-12-12,signup,5.99,5.99
20655,17423,2025-12-17,signup,5.99,5.99
20656,17424,2025-12-19,signup,5.99,5.99
20657,17426,2025-12-30,signup,5.99,5.99
20658,17428,2025-12-27,signup,5.99,5.99
20659,17429,2025-12-16,signup,5.99,5.99
20660,17430,2025-12-20,signup,5.99,5.99
20661,17431,2025-12-31,signup,5.99,5.99
20662,17432,2025-12-11,signup,5.99,5.99
20663,17433,2025-12-20,signup,5.99,5.99
20664,17434,2025-12-30,signup,5.99,5.99
20665,17436,2025-12-27,signup,5.99,5.99
20666,17439,2025-12-12,signup,5.99,5.99
20667,17440,2025-12-30,signup,5.99,5.99
20668,17441,2025-12-15,signup,5.99,5.99
20669,17443,2025-12-22,signup,5.99,5.99
20670,17445,2025-12-20,signup,5.99,5.99
20671,17449,2025-12-30,signup,5.99,5.99
20672,17452,2025-12-11,signup,5.99,5.99
20673,17453,2025-12-22,signup,5.99,5.99
20674,17455,2025-12-19,signup,5.99,5.99
20675,17457,2025-12-11,signup,5.99,5.99
20676,17458,2025-12-15,signup,5.99,5.99
20677,17459,2025-12-30,signup,5.99,5.99
20678,17460,2025-12-15,signup,5.99,5.99
20679,17461,2025-12-16,signup,5.99,5.99
20680,17462,2025-12-14,signup,5.99,5.99
20681,17463,2025-12-21,signup,5.99,5.99
20682,17465,2025-12-24,signup,5.99,5.99
20683,17467,2025-12-22,signup,5.99,5.99
20684,17470,2025-12-31,signup,5.99,5.99
20685,17471,2025-12-17,signup,5.99,5.99
20686,17472,2025-12-22,signup,5.99,5.99
20687,17473,2025-12-21,signup,5.99,5.99
20688,17474,2025-12-25,signup,5.99,5.99
20689,17475,2025-12-27,signup,5.99,5.99
20690,17476,2025-12-14,signup,5.99,5.99
20691,17477,2025-12-15,signup,5.99,5.99
20692,17478,2025-12-27,signup,5.99,5.99
20693,17479,2025-12-28,signup,5.99,5.99
20694,17481,2025-12-25,signup,5.99,5.99
20695,17483,2025-12-17,signup,5.99,5.99
20696,17484,2025-12-17,signup,5.99,5.99
20697,17485,2025-12-22,signup,5.99,5.99
20698,17486,2025-12-17,signup,5.99,5.99
20699,17489,2025-12-22,signup,5.99,5.99
20700,17494,2025-12-22,signup,5.99,5.99
20701,17495,2025-12-14,signup,5.99,5.99
20702,17496,2025-12-20,signup,5.99,5.99
20703,17497,2025-12-14,signup,5.99,5.99
20704,17500,2025-12-13,signup,5.99,5.99
20705,17503,2025-12-15,signup,5.99,5.99
20706,17504,2025-12-27,signup,5.99,5.99
20707,17505,2025-12-31,signup,5.99,5.99
20708,17506,2025-12-20,signup,5.99,5.99
20709,17507,2025-12-22,signup,5.99,5.99
20710,17510,2025-12-14,signup,5.99,5.99
20711,17511,2025-12-12,signup,5.99,5.99
20712,17512,2025-12-28,signup,5.99,5.99
20713,17513,2025-12-20,signup,5.99,5.99
20714,17514,2025-12-30,signup,5.99,5.99
20715,17515,2025-12-28,signup,5.99,5.99
20716,17517,2025-12-11,signup,5.99,5.99
20717,17518,2025-12-20,signup,5.99,5.99
20718,17519,2025-12-18,signup,5.99,5.99
20719,17520,2025-12-30,signup,5.99,5.99
20720,17521,2025-12-28,signup,5.99,5.99
20721,17522,2025-12-23,signup,5.99,5.99
20722,17523,2025-12-27,signup,5.99,5.99
20723,17525,2025-12-13,signup,5.99,5.99
20724,17526,2025-12-16,signup,5.99,5.99
20725,17527,2025-12-18,signup,5.99,5.99
20726,17528,2025-12-29,signup,5.99,5.99
20727,17529,2025-12-23,signup,5.99,5.99
20728,17530,2025-12-15,signup,5.99,5.99
20729,17531,2025-12-30,signup,5.99,5.99
20730,17532,2025-12-28,signup,5.99,5.99
20731,17533,2025-12-28,signup,5.99,5.99
20732,17535,2025-12-31,signup,5.99,5.99
20733,17537,2025-12-23,signup,5.99,5.99
20734,17539,2025-12-22,signup,5.99,5.99
20735,17540,2025-12-26,signup,5.99,5.99
20736,17541,2025-12-20,signup,5.99,5.99
20737,17542,2025-12-21,signup,5.99,5.99
20738,17544,2025-12-29,signup,5.99,5.99
20739,17548,2025-12-29,signup,5.99,5.99
20740,17551,2025-12-19,signup,5.99,5.99
20741,17552,2025-12-30,signup,5.99,5.99
20742,17554,2025-12-29,signup,5.99,5.99
20743,17557,2025-12-25,signup,5.99,5.99
20744,17558,2025-12-28,signup,5.99,5.99
20745,17559,2025-12-20,signup,5.99,5.99
20746,17560,2025-12-21,signup,5.99,5.99
20747,17563,2025-12-24,signup,5.99,5.99
20748,17565,2025-12-20,signup,5.99,5.99
20749,17567,2025-12-31,signup,5.99,5.99
20750,17571,2025-12-19,signup,5.99,5.99
20751,17573,2025-12-30,signup,5.99,5.99
20752,17575,2025-12-16,signup,5.99,5.99
20753,17578,2025-12-14,signup,5.99,5.99
20754,17582,2025-12-26,signup,5.99,5.99
20755,17584,2025-12-31,signup,5.99,5.99
20756,17586,2025-12-19,signup,5.99,5.99
20757,17589,2025-12-31,signup,5.99,5.99
20758,17590,2025-12-20,signup,5.99,5.99
20759,17593,2025-12-24,signup,5.99,5.99
20760,17594,2025-12-24,signup,5.99,5.99
20761,17595,2025-12-21,signup,5.99,5.99
20762,17596,2025-12-17,signup,5.99,5.99
20763,17598,2025-12-16,signup,5.99,5.99
20764,17601,2025-12-15,signup,5.99,5.99
20765,17605,2025-12-19,signup,5.99,5.99
20766,17607,2025-12-23,signup,5.99,5.99
20767,17609,2025-12-27,signup,5.99,5.99
20768,17610,2025-12-29,signup,5.99,5.99
20769,17611,2025-12-23,signup,5.99,5.99
20770,17612,2025-12-25,signup,5.99,5.99
20771,17617,2025-12-24,signup,5.99,5.99
20772,17621,2025-12-28,signup,5.99,5.99
20773,17622,2025-12-26,signup,5.99,5.99
20774,17623,2025-12-29,signup,5.99,5.99
20775,17624,2025-12-21,signup,5.99,5.99
20776,17625,2025-12-21,signup,5.99,5.99
20777,17627,2025-12-16,signup,5.99,5.99
20778,17628,2025-12-27,signup,5.99,5.99
20779,17629,2025-12-27,signup,5.99,5.99
20780,17631,2025-12-31,signup,5.99,5.99
20781,17632,2025-12-31,signup,5.99,5.99
20782,17633,2025-12-17,signup,5.99,5.99
20783,17634,2025-12-17,signup,5.99,5.99
20784,17637,2025-12-26,signup,5.99,5.99
20785,17638,2025-12-16,signup,5.99,5.99
20786,17641,2025-12-25,signup,5.99,5.99
20787,17642,2025-12-23,signup,5.99,5.99
20788,17647,2025-12-26,signup,5.99,5.99
20789,17648,2025-12-19,signup,5.99,5.99
20790,17654,2025-12-26,signup,5.99,5.99
20791,17655,2025-12-17,signup,5.99,5.99
20792,17658,2025-12-18,signup,5.99,5.99
20793,17659,2025-12-30,signup,5.99,5.99
20794,17660,2025-12-19,signup,5.99,5.99
20795,17661,2025-12-16,signup,5.99,5.99
20796,17662,2025-12-13,signup,5.99,5.99
20797,17663,2025-12-31,signup,5.99,5.99
20798,17665,2025-12-28,signup,5.99,5.99
20799,17667,2025-12-29,signup,5.99,5.99
20800,17668,2025-12-19,signup,5.99,5.99
20801,17669,2025-12-21,signup,5.99,5.99
20802,17671,2025-12-29,signup,5.99,5.99
20803,17672,2025-12-30,signup,5.99,5.99
20804,17675,2025-12-16,signup,5.99,5.99
20805,17679,2025-12-24,signup,5.99,5.99
20806,17682,2025-12-21,signup,5.99,5.99
20807,17684,2025-12-29,signup,5.99,5.99
20808,17685,2025-12-27,signup,5.99,5.99
20809,17688,2025-12-23,signup,5.99,5.99
20810,17690,2025-12-14,signup,5.99,5.99
20811,17692,2025-12-19,signup,5.99,5.99
20812,17694,2025-12-30,signup,5.99,5.99
20813,17695,2025-12-24,signup,5.99,5.99
20814,17696,2025-12-28,signup,5.99,5.99
20815,17699,2025-12-14,signup,5.99,5.99
20816,17702,2025-12-31,signup,5.99,5.99
20817,17704,2025-12-18,signup,5.99,5.99
20818,17706,2025-12-29,signup,5.99,5.99
20819,17707,2025-12-21,signup,5.99,5.99
20820,17709,2025-12-23,signup,5.99,5.99
20821,17713,2025-12-20,signup,5.99,5.99
20822,17716,2025-12-19,signup,5.99,5.99
20823,17720,2025-12-29,signup,5.99,5.99
20824,17722,2025-12-28,signup,5.99,5.99
20825,17723,2025-12-16,signup,5.99,5.99
20826,17724,2025-12-22,signup,5.99,5.99
20827,17727,2025-12-31,signup,5.99,5.99
20828,17732,2025-12-17,signup,5.99,5.99
20829,17734,2025-12-24,signup,5.99,5.99
20830,17736,2025-12-17,signup,5.99,5.99
20831,17737,2025-12-22,signup,5.99,5.99
20832,17739,2025-12-22,signup,5.99,5.99
20833,17740,2025-12-26,signup,5.99,5.99
20834,17747,2025-12-23,signup,5.99,5.99
20835,17748,2025-12-22,signup,5.99,5.99
20836,17750,2025-12-17,signup,5.99,5.99
20837,17752,2025-12-15,signup,5.99,5.99
20838,17753,2025-12-16,signup,5.99,5.99
20839,17754,2025-12-27,signup,5.99,5.99
20840,17756,2025-12-25,signup,5.99,5.99
20841,17763,2025-12-17,signup,5.99,5.99
20842,17765,2025-12-27,signup,5.99,5.99
20843,17766,2025-12-17,signup,5.99,5.99
20844,17769,2025-12-23,signup,5.99,5.99
20845,17772,2025-12-15,signup,5.99,5.99
20846,17773,2025-12-26,signup,5.99,5.99
20847,17774,2025-12-22,signup,5.99,5.99
20848,17775,2025-12-21,signup,5.99,5.99
20849,17777,2025-12-19,signup,5.99,5.99
20850,17782,2025-12-29,signup,5.99,5.99
20851,17783,2025-12-20,signup,5.99,5.99
20852,17785,2025-12-28,signup,5.99,5.99
20853,17787,2025-12-25,signup,5.99,5.99
20854,17790,2025-12-27,signup,5.99,5.99
20855,17791,2025-12-27,signup,5.99,5.99
20856,17792,2025-12-25,signup,5.99,5.99
20857,17794,2025-12-16,signup,5.99,5.99
20858,17797,2025-12-22,signup,5.99,5.99
20859,17799,2025-12-17,signup,5.99,5.99
20860,17800,2025-12-26,signup,5.99,5.99
20861,17801,2025-12-27,signup,5.99,5.99
20862,17803,2025-12-19,signup,5.99,5.99
20863,17805,2025-12-20,signup,5.99,5.99
20864,17807,2025-12-25,signup,5.99,5.99
20865,17808,2025-12-25,signup,5.99,5.99
20866,17809,2025-12-24,signup,5.99,5.99
20867,17810,2025-12-26,signup,5.99,5.99
20868,17811,2025-12-21,signup,5.99,5.99
20869,17812,2025-12-31,signup,5.99,5.99
20870,17813,2025-12-31,signup,5.99,5.99
20871,17814,2025-12-24,signup,5.99,5.99
20872,17816,2025-12-29,signup,5.99,5.99
20873,17819,2025-12-17,signup,5.99,5.99
20874,17821,2025-12-30,signup,5.99,5.99
20875,17822,2025-12-23,signup,5.99,5.99
20876,17826,2025-12-23,signup,5.99,5.99
20877,17828,2025-12-16,signup,5.99,5.99
20878,17829,2025-12-23,signup,5.99,5.99
20879,17832,2025-12-18,signup,5.99,5.99
20880,17835,2025-12-19,signup,5.99,5.99
20881,17837,2025-12-23,signup,5.99,5.99
20882,17839,2025-12-21,signup,5.99,5.99
20883,17842,2025-12-16,signup,5.99,5.99
20884,17843,2025-12-30,signup,5.99,5.99
20885,17844,2025-12-22,signup,5.99,5.99
20886,17846,2025-12-21,signup,5.99,5.99
20887,17847,2025-12-30,signup,5.99,5.99
20888,17848,2025-12-24,signup,5.99,5.99
20889,17852,2025-12-30,signup,5.99,5.99
20890,17853,2025-12-18,signup,5.99,5.99
20891,17854,2025-12-31,signup,5.99,5.99
20892,17855,2025-12-30,signup,5.99,5.99
20893,17856,2025-12-23,signup,5.99,5.99
20894,17857,2025-12-26,signup,5.99,5.99
20895,17860,2025-12-27,signup,5.99,5.99
20896,17861,2025-12-27,signup,5.99,5.99
20897,17864,2025-12-18,signup,5.99,5.99
20898,17865,2025-12-31,signup,5.99,5.99
20899,17866,2025-12-31,signup,5.99,5.99
20900,17869,2025-12-24,signup,5.99,5.99
20901,17870,2025-12-26,signup,5.99,5.99
20902,17875,2025-12-18,signup,5.99,5.99
20903,17876,2025-12-18,signup,5.99,5.99
20904,17877,2025-12-26,signup,5.99,5.99
20905,17879,2025-12-29,signup,5.99,5.99
20906,17881,2025-12-30,signup,5.99,5.99
20907,17884,2025-12-21,signup,5.99,5.99
20908,17889,2025-12-22,signup,5.99,5.99
20909,17890,2025-12-17,signup,5.99,5.99
20910,17891,2025-12-28,signup,5.99,5.99
20911,17892,2025-12-28,signup,5.99,5.99
20912,17894,2025-12-18,signup,5.99,5.99
20913,17895,2025-12-25,signup,5.99,5.99
20914,17899,2025-12-25,signup,5.99,5.99
20915,17900,2025-12-29,signup,5.99,5.99
20916,17901,2025-12-26,signup,5.99,5.99
20917,17902,2025-12-20,signup,5.99,5.99
20918,17905,2025-12-22,signup,5.99,5.99
20919,17908,2025-12-30,signup,5.99,5.99
20920,17911,2025-12-20,signup,5.99,5.99
20921,17915,2025-12-31,signup,5.99,5.99
20922,17916,2025-12-20,signup,5.99,5.99
20923,17918,2025-12-20,signup,5.99,5.99
20924,17920,2025-12-28,signup,5.99,5.99
20925,17929,2025-12-29,signup,5.99,5.99
20926,17933,2025-12-26,signup,5.99,5.99
20927,17934,2025-12-24,signup,5.99,5.99
20928,17935,2025-12-30,signup,5.99,5.99
20929,17937,2025-12-28,signup,5.99,5.99
20930,17938,2025-12-27,signup,5.99,5.99
20931,17940,2025-12-19,signup,5.99,5.99
20932,17942,2025-12-31,signup,5.99,5.99
20933,17943,2025-12-20,signup,5.99,5.99
20934,17950,2025-12-31,signup,5.99,5.99
20935,17951,2025-12-31,signup,5.99,5.99
20936,17953,2025-12-22,signup,5.99,5.99
20937,17954,2025-12-26,signup,5.99,5.99
20938,17961,2025-12-25,signup,5.99,5.99
20939,17964,2025-12-29,signup,5.99,5.99
20940,17966,2025-12-18,signup,5.99,5.99
20941,17967,2025-12-23,signup,5.99,5.99
20942,17968,2025-12-18,signup,5.99,5.99
20943,17970,2025-12-25,signup,5.99,5.99
20944,17972,2025-12-21,signup,5.99,5.99
20945,17978,2025-12-19,signup,5.99,5.99
20946,17983,2025-12-20,signup,5.99,5.99
20947,17985,2025-12-30,signup,5.99,5.99
20948,17990,2025-12-22,signup,5.99,5.99
20949,17991,2025-12-31,signup,5.99,5.99
20950,17993,2025-12-27,signup,5.99,5.99
20951,17995,2025-12-20,signup,5.99,5.99
20952,17996,2025-12-22,signup,5.99,5.99
20953,17997,2025-12-26,signup,5.99,5.99
20954,18005,2025-12-24,signup,5.99,5.99
20955,18013,2025-12-28,signup,5.99,5.99
20956,18017,2025-12-25,signup,5.99,5.99
20957,18018,2025-12-29,signup,5.99,5.99
20958,18021,2025-12-28,signup,5.99,5.99
20959,18022,2025-12-30,signup,5.99,5.99
20960,18023,2025-12-23,signup,5.99,5.99
20961,18024,2025-12-24,signup,5.99,5.99
20962,18025,2025-12-28,signup,5.99,5.99
20963,18027,2025-12-19,signup,5.99,5.99
20964,18028,2025-12-22,signup,5.99,5.99
20965,18032,2025-12-21,signup,5.99,5.99
20966,18033,2025-12-27,signup,5.99,5.99
20967,18036,2025-12-24,signup,5.99,5.99
20968,18038,2025-12-26,signup,5.99,5.99
20969,18040,2025-12-28,signup,5.99,5.99
20970,18041,2025-12-29,signup,5.99,5.99
20971,18042,2025-12-28,signup,5.99,5.99
20972,18045,2025-12-27,signup,5.99,5.99
20973,18046,2025-12-29,signup,5.99,5.99
20974,18047,2025-12-24,signup,5.99,5.99
20975,18051,2025-12-23,signup,5.99,5.99
20976,18056,2025-12-30,signup,5.99,5.99
20977,18058,2025-12-30,signup,5.99,5.99
20978,18059,2025-12-30,signup,5.99,5.99
20979,18061,2025-12-21,signup,5.99,5.99
20980,18063,2025-12-20,signup,5.99,5.99
20981,18065,2025-12-21,signup,5.99,5.99
20982,18066,2025-12-28,signup,5.99,5.99
20983,18069,2025-12-29,signup,5.99,5.99
20984,18072,2025-12-26,signup,5.99,5.99
20985,18074,2025-12-22,signup,5.99,5.99
20986,18075,2025-12-27,signup,5.99,5.99
20987,18077,2025-12-31,signup,5.99,5.99
20988,18080,2025-12-22,signup,5.99,5.99
20989,18091,2025-12-30,signup,5.99,5.99
20990,18092,2025-12-25,signup,5.99,5.99
20991,18096,2025-12-23,signup,5.99,5.99
20992,18098,2025-12-23,signup,5.99,5.99
20993,18102,2025-12-21,signup,5.99,5.99
20994,18106,2025-12-26,signup,5.99,5.99
20995,18116,2025-12-30,signup,5.99,5.99
20996,18118,2025-12-20,signup,5.99,5.99
20997,18122,2025-12-27,signup,5.99,5.99
20998,18130,2025-12-20,signup,5.99,5.99
20999,18131,2025-12-29,signup,5.99,5.99
21000,18134,2025-12-21,signup,5.99,5.99
21001,18136,2025-12-31,signup,5.99,5.99
21002,18142,2025-12-30,signup,5.99,5.99
21003,18143,2025-12-31,signup,5.99,5.99
21004,18146,2025-12-31,signup,5.99,5.99
21005,18147,2025-12-21,signup,5.99,5.99
21006,18149,2025-12-22,signup,5.99,5.99
21007,18156,2025-12-26,signup,5.99,5.99
21008,18157,2025-12-28,signup,5.99,5.99
21009,18170,2025-12-26,signup,5.99,5.99
21010,18173,2025-12-21,signup,5.99,5.99
21011,18174,2025-12-23,signup,5.99,5.99
21012,18175,2025-12-23,signup,5.99,5.99
21013,18185,2025-12-25,signup,5.99,5.99
21014,18188,2025-12-31,signup,5.99,5.99
21015,18191,2025-12-25,signup,5.99,5.99
21016,18194,2025-12-23,signup,5.99,5.99
21017,18196,2025-12-27,signup,5.99,5.99
21018,18198,2025-12-24,signup,5.99,5.99
21019,18199,2025-12-29,signup,5.99,5.99
21020,18203,2025-12-28,signup,5.99,5.99
21021,18208,2025-12-21,signup,5.99,5.99
21022,18209,2025-12-26,signup,5.99,5.99
21023,18210,2025-12-28,signup,5.99,5.99
21024,18214,2025-12-22,signup,5.99,5.99
21025,18217,2025-12-30,signup,5.99,5.99
21026,18221,2025-12-24,signup,5.99,5.99
21027,18227,2025-12-22,signup,5.99,5.99
21028,18231,2025-12-29,signup,5.99,5.99
21029,18232,2025-12-23,signup,5.99,5.99
21030,18236,2025-12-23,signup,5.99,5.99
21031,18238,2025-12-25,signup,5.99,5.99
21032,18249,2025-12-25,signup,5.99,5.99
21033,18266,2025-12-27,signup,5.99,5.99
21034,18275,2025-12-25,signup,5.99,5.99
21035,18278,2025-12-24,signup,5.99,5.99
21036,18279,2025-12-24,signup,5.99,5.99
21037,18292,2025-12-24,signup,5.99,5.99
21038,18295,2025-12-26,signup,5.99,5.99
21039,18297,2025-12-29,signup,5.99,5.99
21040,18320,2025-12-30,signup,5.99,5.99
21041,18323,2025-12-30,signup,5.99,5.99
21042,18326,2025-12-31,signup,5.99,5.99
21043,18327,2025-12-26,signup,5.99,5.99
21044,18330,2025-12-24,signup,5.99,5.99
21045,18332,2025-12-26,signup,5.99,5.99
21046,18333,2025-12-28,signup,5.99,5.99
21047,18338,2025-12-28,signup,5.99,5.99
21048,18341,2025-12-27,signup,5.99,5.99
21049,18344,2025-12-28,signup,5.99,5.99
21050,18346,2025-12-25,signup,5.99,5.99
21051,18354,2025-12-25,signup,5.99,5.99
21052,18357,2025-12-27,signup,5.99,5.99
21053,18367,2025-12-25,signup,5.99,5.99
21054,18374,2025-12-26,signup,5.99,5.99
21055,18378,2025-12-29,signup,5.99,5.99
21056,18380,2025-12-26,signup,5.99,5.99
21057,18381,2025-12-26,signup,5.99,5.99
21058,18385,2025-12-27,signup,5.99,5.99
21059,18386,2025-12-27,signup,5.99,5.99
21060,18387,2025-12-29,signup,5.99,5.99
21061,18389,2025-12-24,signup,5.99,5.99
21062,18395,2025-12-31,signup,5.99,5.99
21063,18396,2025-12-25,signup,5.99,5.99
21064,18398,2025-12-27,signup,5.99,5.99
21065,18401,2025-12-26,signup,5.99,5.99
21066,18403,2025-12-28,signup,5.99,5.99
21067,18404,2025-12-31,signup,5.99,5.99
21068,18406,2025-12-29,signup,5.99,5.99
21069,18410,2025-12-31,signup,5.99,5.99
21070,18415,2025-12-26,signup,5.99,5.99
21071,18420,2025-12-26,signup,5.99,5.99
21072,18428,2025-12-29,signup,5.99,5.99
21073,18429,2025-12-31,signup,5.99,5.99
21074,18431,2025-12-31,signup,5.99,5.99
21075,18439,2025-12-26,signup,5.99,5.99
21076,18442,2025-12-30,signup,5.99,5.99
21077,18443,2025-12-31,signup,5.99,5.99
21078,18447,2025-12-25,signup,5.99,5.99
21079,18453,2025-12-25,signup,5.99,5.99
21080,18455,2025-12-25,signup,5.99,5.99
21081,18473,2025-12-31,signup,5.99,5.99
21082,18479,2025-12-28,signup,5.99,5.99
21083,18481,2025-12-29,signup,5.99,5.99
21084,18490,2025-12-28,signup,5.99,5.99
21085,18494,2025-12-27,signup,5.99,5.99
21086,18513,2025-12-30,signup,5.99,5.99
21087,18517,2025-12-28,signup,5.99,5.99
21088,18526,2025-12-26,signup,5.99,5.99
21089,18527,2025-12-31,signup,5.99,5.99
21090,18533,2025-12-30,signup,5.99,5.99
21091,18535,2025-12-31,signup,5.99,5.99
21092,18541,2025-12-31,signup,5.99,5.99
21093,18547,2025-12-30,signup,5.99,5.99
21094,18552,2025-12-27,signup,5.99,5.99
21095,18553,2025-12-31,signup,5.99,5.99
21096,18557,2025-12-27,signup,5.99,5.99
21097,18565,2025-12-28,signup,5.99,5.99
21098,18576,2025-12-30,signup,5.99,5.99
21099,18588,2025-12-27,signup,5.99,5.99
21100,18591,2025-12-30,signup,5.99,5.99
21101,18592,2025-12-29,signup,5.99,5.99
21102,18593,2025-12-28,signup,5.99,5.99
21103,18594,2025-12-28,signup,5.99,5.99
21104,18599,2025-12-30,signup,5.99,5.99
21105,18600,2025-12-29,signup,5.99,5.99
21106,18602,2025-12-28,signup,5.99,5.99
21107,18618,2025-12-28,signup,5.99,5.99
21108,18621,2025-12-29,signup,5.99,5.99
21109,18654,2025-12-31,signup,5.99,5.99
21110,18661,2025-12-28,signup,5.99,5.99
21111,18666,2025-12-31,signup,5.99,5.99
21112,18673,2025-12-29,signup,5.99,5.99
21113,18681,2025-12-31,signup,5.99,5.99
21114,18682,2025-12-30,signup,5.99,5.99
21115,18693,2025-12-30,signup,5.99,5.99
21116,18699,2025-12-29,signup,5.99,5.99
21117,18706,2025-12-30,signup,5.99,5.99
21118,18710,2025-12-31,signup,5.99,5.99
21119,18726,2025-12-30,signup,5.99,5.99
21120,18742,2025-12-31,signup,5.99,5.99
21121,18752,2025-12-31,signup,5.99,5.99
21122,18754,2025-12-30,signup,5.99,5.99
21123,18757,2025-12-31,signup,5.99,5.99
21124,18824,2025-12-31,signup,5.99,5.99
21125,18836,2025-12-31,signup,5.99,5.99
21126,18850,2025-12-31,signup,5.99,5.99
19699,16281,2025-12-08,signup,5.99,5.99
8573,6505,2025-01-27,signup,5.99,5.99
7063,5326,2024-12-08,signup,5.99,5.99
11325,8726,2025-04-19,signup,5.99,5.99
17086,13687,2025-10-01,signup,5.99,5.99
4150,3103,2024-08-27,signup,5.99,5.99
8243,6236,2024-12-29,signup,5.99,5.99
14437,11343,2025-08-07,signup,5.99,5.99
14548,11435,2025-07-29,signup,5.99,5.99
20083,16697,2025-12-16,signup,5.99,5.99
12237,9479,2025-05-28,signup,5.99,5.99
13152,10237,2025-06-11,signup,5.99,5.99
3327,2467,2024-07-30,signup,5.99,5.99
20296,16938,2025-12-07,signup,5.99,5.99
9579,7316,2025-03-03,signup,5.99,5.99
15188,11991,2025-08-14,signup,5.99,5.99
10122,7756,2025-04-03,signup,5.99,5.99
5453,4085,2024-11-08,signup,5.99,5.99
3070,2266,2024-07-06,signup,5.99,5.99
19041,15576,2025-12-03,signup,5.99,5.99
7702,5811,2024-12-26,signup,5.99,5.99
10908,8391,2025-04-25,signup,5.99,5.99
19084,15621,2025-12-08,signup,5.99,5.99
17534,14098,2025-10-29,signup,5.99,5.99
18035,14573,2025-11-15,signup,5.99,5.99
19305,15860,2025-12-02,signup,5.99,5.99
17761,14319,2025-10-17,signup,5.99,5.99
12043,9324,2025-05-18,signup,5.99,5.99
3777,2805,2024-08-15,signup,5.99,5.99
18279,14810,2025-11-16,signup,5.99,5.99
2181,1603,2024-05-13,signup,5.99,5.99
4478,3350,2024-09-16,signup,5.99,5.99
17594,14154,2025-10-09,signup,5.99,5.99
17194,13784,2025-10-26,signup,5.99,5.99
14874,11714,2025-07-28,signup,5.99,5.99
6021,4521,2024-11-11,signup,5.99,5.99
4608,3445,2024-09-14,signup,5.99,5.99
17572,14134,2025-10-26,signup,5.99,5.99
10018,7668,2025-03-20,signup,5.99,5.99
5908,4429,2024-11-28,signup,5.99,5.99
19595,16175,2025-12-14,signup,5.99,5.99
5552,4154,2024-11-13,signup,5.99,5.99
16040,12746,2025-09-19,signup,5.99,5.99
20590,17321,2025-12-13,signup,5.99,5.99
20780,17631,2025-12-31,signup,5.99,5.99
19951,16560,2025-11-30,signup,5.99,5.99
19111,15645,2025-11-25,signup,5.99,5.99
9975,7637,2025-03-27,signup,5.99,5.99
1,1,2024-01-16,signup,5.99,5.99
45,33,2024-02-01,signup,5.99,5.99
14769,11628,2025-08-05,signup,5.99,5.99
12919,10039,2025-06-05,signup,5.99,5.99
3766,2797,2024-08-15,signup,5.99,5.99
7026,5297,2024-12-11,signup,5.99,5.99
13016,10120,2025-06-20,signup,5.99,5.99
13551,10582,2025-07-11,signup,5.99,5.99
18892,15424,2025-12-02,signup,5.99,5.99
5419,4058,2024-10-26,signup,5.99,5.99
18221,14750,2025-11-23,signup,5.99,5.99
136,97,2024-02-04,signup,5.99,5.99
7260,5479,2024-12-20,signup,5.99,5.99
10897,8382,2025-04-15,signup,5.99,5.99
19201,15743,2025-11-21,signup,5.99,5.99
13694,10702,2025-07-17,signup,5.99,5.99
9551,7297,2025-03-12,signup,5.99,5.99
3526,2625,2024-08-20,signup,5.99,5.99
15049,11869,2025-08-02,signup,5.99,5.99
16712,13349,2025-10-15,signup,5.99,5.99
14151,11099,2025-08-03,signup,5.99,5.99
15120,11932,2025-08-14,signup,5.99,5.99
6445,4849,2024-12-04,signup,5.99,5.99
4609,3446,2024-09-26,signup,5.99,5.99
14240,11186,2025-08-09,signup,5.99,5.99
1682,1226,2024-04-18,signup,5.99,5.99
6765,5088,2024-12-21,signup,5.99,5.99
11558,8919,2025-05-06,signup,5.99,5.99
20593,17328,2025-12-20,signup,5.99,5.99
14219,11163,2025-07-30,signup,5.99,5.99
16579,13224,2025-09-22,signup,5.99,5.99
6597,4960,2024-11-28,signup,5.99,5.99
2183,1604,2024-05-30,signup,5.99,5.99
20664,17434,2025-12-30,signup,5.99,5.99
20455,17139,2025-12-29,signup,5.99,5.99
16693,13330,2025-10-04,signup,5.99,5.99
1369,994,2024-04-24,signup,5.99,5.99
12932,10049,2025-06-19,signup,5.99,5.99
2400,1766,2024-06-03,signup,5.99,5.99
16343,13015,2025-09-10,signup,5.99,5.99
9079,6919,2025-02-25,signup,5.99,5.99
442,317,2024-02-02,signup,5.99,5.99
406,294,2024-01-27,signup,5.99,5.99
19537,16113,2025-11-22,signup,5.99,5.99
19969,16578,2025-12-22,signup,5.99,5.99
6177,4648,2024-11-10,signup,5.99,5.99
9949,7611,2025-03-14,signup,5.99,5.99
17304,13886,2025-10-15,signup,5.99,5.99
15854,12577,2025-09-03,signup,5.99,5.99
11362,8757,2025-05-13,signup,5.99,5.99
8273,6259,2025-01-07,signup,5.99,5.99
13497,10539,2025-06-19,signup,5.99,5.99
19129,15667,2025-11-27,signup,5.99,5.99
1949,1431,2024-05-10,signup,5.99,5.99
5258,3930,2024-10-29,signup,5.99,5.99
3591,2672,2024-08-22,signup,5.99,5.99
17543,14106,2025-10-15,signup,5.99,5.99
5681,4246,2024-11-06,signup,5.99,5.99
18480,15010,2025-12-01,signup,5.99,5.99
5416,4056,2024-10-16,signup,5.99,5.99
8792,6687,2025-02-08,signup,5.99,5.99
5224,3906,2024-10-15,signup,5.99,5.99
2819,2074,2024-07-01,signup,5.99,5.99
6499,4891,2024-12-05,signup,5.99,5.99
19397,15957,2025-11-24,signup,5.99,5.99
18621,15155,2025-11-10,signup,5.99,5.99
13278,10349,2025-06-14,signup,5.99,5.99
18781,15314,2025-11-21,signup,5.99,5.99
8200,6197,2025-01-01,signup,5.99,5.99
7908,5967,2025-01-18,signup,5.99,5.99
13165,10248,2025-06-24,signup,5.99,5.99
8652,6568,2025-01-16,signup,5.99,5.99
15142,11951,2025-08-10,signup,5.99,5.99
1849,1359,2024-05-25,signup,5.99,5.99
11013,8479,2025-04-21,signup,5.99,5.99
18058,14596,2025-11-20,signup,5.99,5.99
14955,11792,2025-08-15,signup,5.99,5.99
21025,18217,2025-12-30,signup,5.99,5.99
12137,9398,2025-05-26,signup,5.99,5.99
13634,10653,2025-07-07,signup,5.99,5.99
5877,4405,2024-11-11,signup,5.99,5.99
4935,3691,2024-09-25,signup,5.99,5.99
12040,9321,2025-05-19,signup,5.99,5.99
20553,17267,2025-12-17,signup,5.99,5.99
3024,2230,2024-07-14,signup,5.99,5.99
18030,14566,2025-10-28,signup,5.99,5.99
4209,3147,2024-09-11,signup,5.99,5.99
11572,8930,2025-05-18,signup,5.99,5.99
19848,16446,2025-12-13,signup,5.99,5.99
20075,16689,2025-12-22,signup,5.99,5.99
1455,1061,2024-04-15,signup,5.99,5.99
6370,4790,2024-12-06,signup,5.99,5.99
17200,13789,2025-10-12,signup,5.99,5.99
8240,6233,2025-01-23,signup,5.99,5.99
13668,10681,2025-07-13,signup,5.99,5.99
2443,1795,2024-06-03,signup,5.99,5.99
5442,4076,2024-11-14,signup,5.99,5.99
19712,16295,2025-12-10,signup,5.99,5.99
2144,1575,2024-05-29,signup,5.99,5.99
18273,14803,2025-11-18,signup,5.99,5.99
9955,7616,2025-03-04,signup,5.99,5.99
14447,11352,2025-07-25,signup,5.99,5.99
18502,15031,2025-11-08,signup,5.99,5.99
2453,1803,2024-06-16,signup,5.99,5.99
4055,3024,2024-09-12,signup,5.99,5.99
8390,6349,2025-01-06,signup,5.99,5.99
14315,11243,2025-08-02,signup,5.99,5.99
18941,15474,2025-11-27,signup,5.99,5.99
6350,4775,2024-12-01,signup,5.99,5.99
11897,9202,2025-05-28,signup,5.99,5.99
20695,17483,2025-12-17,signup,5.99,5.99
19638,16219,2025-12-19,signup,5.99,5.99
4806,3594,2024-10-02,signup,5.99,5.99
