order_id,customer_id,product_id,order_date,geo_id,channel_id,quantity,unit_price,unit_cost,discount_amount
1,1,2,2024-01-01,4,4,1,299.0,129.0,0.0
2,2,1,2024-01-01,1,2,1,299.0,129.0,0.0
3,3,1,2024-01-01,3,1,1,299.0,129.0,0.0
4,4,4,2024-01-01,5,3,1,349.0,150.0,0.0
5,5,3,2024-01-01,2,1,1,279.65,142.0,49.35
6,6,1,2024-01-01,5,3,1,299.0,129.0,0.0
7,7,4,2024-01-01,3,4,2,349.0,150.0,0.0
8,8,4,2024-01-01,5,1,1,349.0,150.0,0.0
9,9,2,2024-01-01,1,1,1,299.0,129.0,0.0
10,10,2,2024-01-01,2,1,1,299.0,129.0,0.0
11,11,2,2024-01-01,4,1,2,299.0,129.0,0.0
12,12,5,2024-01-01,9,2,1,349.0,150.0,0.0
13,13,4,2024-01-02,5,1,1,314.1,150.0,34.9
14,14,1,2024-01-02,1,5,1,299.0,129.0,0.0
15,15,5,2024-01-02,2,5,1,349.0,150.0,0.0
16,16,4,2024-01-02,3,1,1,349.0,150.0,0.0
17,17,4,2024-01-02,1,5,1,349.0,150.0,0.0
18,18,4,2024-01-02,1,2,1,349.0,150.0,0.0
19,14,5,2024-01-02,2,5,1,349.0,150.0,0.0
20,19,4,2024-01-02,1,3,2,314.1,150.0,34.9
21,20,5,2024-01-02,4,1,1,349.0,150.0,0.0
22,21,4,2024-01-02,7,1,1,296.65,150.0,52.35
23,22,4,2024-01-02,7,1,1,296.65,150.0,52.35
24,20,2,2024-01-03,5,2,1,299.0,129.0,0.0
25,23,1,2024-01-03,7,4,1,299.0,129.0,0.0
26,24,5,2024-01-03,7,5,1,349.0,150.0,0.0
27,25,1,2024-01-03,5,3,1,299.0,129.0,0.0
28,26,1,2024-01-03,1,4,1,299.0,129.0,0.0
29,27,4,2024-01-03,5,1,1,349.0,150.0,0.0
30,28,3,2024-01-03,3,2,2,329.0,142.0,0.0
31,29,1,2024-01-03,,1,1,299.0,129.0,0.0
32,29,2,2024-01-03,1,5,1,299.0,129.0,0.0
33,30,5,2024-01-04,4,1,1,349.0,150.0,0.0
34,31,1,2024-01-04,3,3,2,299.0,129.0,0.0
35,32,5,2024-01-04,3,2,1,349.0,150.0,0.0
36,14,4,2024-01-04,9,1,1,349.0,150.0,0.0
37,33,4,2024-01-04,1,1,1,314.1,150.0,34.9
38,34,4,2024-01-04,1,5,1,349.0,150.0,0.0
39,35,4,2024-01-04,1,5,1,349.0,150.0,0.0
40,36,5,2024-01-04,6,1,2,296.65,150.0,52.35
41,37,4,2024-01-04,1,2,1,349.0,150.0,0.0
42,38,5,2024-01-05,8,5,1,349.0,150.0,0.0
43,39,4,2024-01-05,2,5,1,349.0,150.0,0.0
44,40,4,2024-01-05,1,2,1,349.0,150.0,0.0
45,41,4,2024-01-05,8,1,1,349.0,150.0,0.0
46,15,2,2024-01-05,1,1,1,299.0,129.0,0.0
47,42,5,2024-01-05,4,2,1,349.0,150.0,0.0
48,43,4,2024-01-05,1,3,1,296.65,150.0,52.35
49,44,2,2024-01-05,2,1,1,299.0,129.0,0.0
50,45,5,2024-01-05,9,5,1,349.0,150.0,0.0
51,46,1,2024-01-05,7,4,1,299.0,129.0,0.0
52,47,5,2024-01-05,6,3,1,349.0,150.0,0.0
53,48,4,2024-01-05,1,4,2,349.0,150.0,0.0
54,49,2,2024-01-05,1,1,1,254.15,129.0,44.85
55,50,1,2024-01-05,4,3,1,299.0,129.0,0.0
56,51,2,2024-01-06,3,5,1,299.0,129.0,0.0
57,52,5,2024-01-06,2,1,1,349.0,150.0,0.0
58,53,5,2024-01-06,5,2,1,349.0,150.0,0.0
59,54,4,2024-01-06,7,5,1,349.0,150.0,0.0
60,55,4,2024-01-06,1,1,1,349.0,150.0,0.0
61,56,3,2024-01-06,6,4,1,296.1,142.0,32.9
62,57,2,2024-01-06,5,4,1,299.0,129.0,0.0
63,58,4,2024-01-06,7,4,1,349.0,150.0,0.0
64,59,6,2024-01-06,1,3,1,449.1,215.0,49.9
65,60,3,2024-01-06,7,4,2,296.1,142.0,32.9
66,61,2,2024-01-06,7,4,1,299.0,129.0,0.0
67,62,2,2024-01-06,2,3,1,299.0,129.0,0.0
68,63,2,2024-01-07,8,1,1,269.1,129.0,29.9
69,53,4,2024-01-07,3,5,1,296.65,150.0,52.35
70,64,1,2024-01-07,8,1,2,299.0,129.0,0.0
71,65,1,2024-01-07,2,2,1,299.0,129.0,0.0
72,66,4,2024-01-07,1,3,1,349.0,150.0,0.0
73,67,1,2024-01-07,5,3,2,299.0,129.0,0.0
74,68,5,2024-01-07,4,1,1,349.0,150.0,0.0
75,69,3,2024-01-07,2,1,1,329.0,142.0,0.0
76,63,4,2024-01-07,1,2,1,349.0,150.0,0.0
77,11,6,2024-01-07,4,1,1,424.15,215.0,74.85
78,70,4,2024-01-07,3,2,1,349.0,150.0,0.0
79,71,5,2024-01-07,1,2,1,349.0,150.0,0.0
80,72,6,2024-01-08,1,2,1,499.0,215.0,0.0
81,36,4,2024-01-08,5,3,1,314.1,150.0,34.9
82,73,2,2024-01-08,1,2,1,299.0,129.0,0.0
83,74,5,2024-01-08,4,1,1,349.0,150.0,0.0
84,75,5,2024-01-08,4,1,1,349.0,150.0,0.0
85,76,5,2024-01-08,3,1,1,349.0,150.0,0.0
86,18,6,2024-01-08,1,4,1,499.0,215.0,0.0
87,77,4,2024-01-08,9,2,1,349.0,150.0,0.0
88,78,6,2024-01-08,5,2,1,499.0,215.0,0.0
89,79,5,2024-01-08,5,2,1,314.1,150.0,34.9
90,80,2,2024-01-08,5,2,1,299.0,129.0,0.0
91,81,4,2024-01-08,2,1,1,349.0,150.0,0.0
92,82,3,2024-01-08,1,3,1,329.0,142.0,0.0
93,83,4,2024-01-09,1,2,1,349.0,150.0,0.0
94,81,6,2024-01-09,6,3,1,499.0,215.0,0.0
95,84,3,2024-01-09,5,4,1,329.0,142.0,0.0
96,85,6,2024-01-09,3,2,1,499.0,215.0,0.0
97,86,2,2024-01-09,1,1,1,299.0,129.0,0.0
98,87,5,2024-01-09,3,1,1,349.0,150.0,0.0
99,88,4,2024-01-09,3,1,1,349.0,150.0,0.0
100,89,4,2024-01-09,1,2,1,349.0,150.0,0.0
101,90,2,2024-01-09,2,3,1,269.1,129.0,29.9
102,91,5,2024-01-09,1,2,1,349.0,150.0,0.0
103,92,6,2024-01-09,5,3,1,499.0,215.0,0.0
104,93,5,2024-01-09,1,1,2,349.0,150.0,0.0
105,94,1,2024-01-10,1,3,1,299.0,129.0,0.0
106,95,5,2024-01-10,5,1,1,349.0,150.0,0.0
107,96,5,2024-01-10,1,1,2,349.0,150.0,0.0
108,35,5,2024-01-10,5,1,2,349.0,150.0,0.0
109,97,5,2024-01-10,5,4,1,349.0,150.0,0.0
110,98,4,2024-01-10,5,1,1,296.65,150.0,52.35
111,7,4,2024-01-10,2,4,1,349.0,150.0,0.0
112,99,5,2024-01-10,4,4,1,296.65,150.0,52.35
113,100,5,2024-01-10,,1,1,349.0,150.0,0.0
114,101,5,2024-01-10,3,3,1,349.0,150.0,0.0
115,102,2,2024-01-10,1,4,1,269.1,129.0,29.9
116,103,4,2024-01-11,6,1,1,349.0,150.0,0.0
117,50,2,2024-01-11,7,3,1,299.0,129.0,0.0
118,104,2,2024-01-11,1,3,1,254.15,129.0,44.85
119,105,4,2024-01-11,4,2,1,349.0,150.0,0.0
120,106,5,2024-01-11,5,1,1,349.0,150.0,0.0
121,107,4,2024-01-11,3,3,1,349.0,150.0,0.0
122,108,3,2024-01-11,1,1,1,329.0,142.0,0.0
123,106,2,2024-01-11,5,1,1,299.0,129.0,0.0
124,109,2,2024-01-11,8,2,1,299.0,129.0,0.0
125,110,2,2024-01-11,1,1,0,299.0,129.0,0.0
126,111,1,2024-01-11,8,2,1,299.0,129.0,0.0
127,112,5,2024-01-11,3,4,1,314.1,150.0,34.9
128,28,4,2024-01-12,1,1,1,349.0,150.0,0.0
129,113,6,2024-01-12,2,1,1,449.1,215.0,49.9
130,114,4,2024-01-12,3,1,1,349.0,150.0,0.0
131,115,6,2024-01-12,4,3,1,449.1,215.0,49.9
132,116,2,2024-01-12,3,4,1,299.0,129.0,0.0
133,117,6,2024-01-12,4,3,1,499.0,215.0,0.0
134,48,6,2024-01-12,4,1,1,499.0,215.0,0.0
135,118,2,2024-01-12,3,2,1,299.0,129.0,0.0
136,45,2,2024-01-12,5,2,1,299.0,129.0,0.0
137,119,5,2024-01-12,4,3,2,314.1,150.0,34.9
138,120,6,2024-01-12,4,5,1,499.0,215.0,0.0
139,121,5,2024-01-12,2,3,1,349.0,150.0,0.0
140,122,4,2024-01-12,5,3,1,349.0,150.0,0.0
141,123,6,2024-01-12,1,1,1,499.0,215.0,0.0
142,124,4,2024-01-12,1,5,1,349.0,150.0,0.0
143,125,6,2024-01-13,1,1,2,499.0,215.0,0.0
144,126,5,2024-01-13,7,1,1,349.0,150.0,0.0
145,127,4,2024-01-13,1,1,1,349.0,150.0,0.0
146,128,3,2024-01-13,2,3,1,296.1,142.0,32.9
147,129,2,2024-01-13,3,2,2,269.1,129.0,29.9
148,130,3,2024-01-13,2,2,1,279.65,142.0,49.35
149,131,6,2024-01-13,3,1,1,499.0,215.0,0.0
150,132,3,2024-01-13,5,1,1,329.0,142.0,0.0
151,133,4,2024-01-13,5,1,2,349.0,150.0,0.0
152,134,6,2024-01-13,1,2,1,499.0,215.0,0.0
153,135,4,2024-01-13,7,2,1,296.65,150.0,52.35
154,136,1,2024-01-13,5,2,1,299.0,129.0,0.0
155,133,2,2024-01-13,1,2,1,254.15,129.0,44.85
156,137,3,2024-01-13,7,4,2,329.0,142.0,0.0
157,138,2,2024-01-14,7,2,1,299.0,129.0,0.0
158,139,5,2024-01-14,3,5,1,349.0,150.0,0.0
159,80,4,2024-01-14,2,2,1,349.0,150.0,0.0
160,140,4,2024-01-14,1,3,0,349.0,150.0,0.0
161,141,4,2024-01-14,1,3,1,314.1,150.0,34.9
162,142,5,2024-01-14,4,4,1,349.0,150.0,0.0
163,143,6,2024-01-14,3,2,1,499.0,215.0,0.0
164,144,5,2024-01-14,3,2,1,349.0,150.0,0.0
165,145,5,2024-01-14,1,2,1,349.0,150.0,0.0
166,146,5,2024-01-15,6,4,1,314.1,150.0,34.9
167,147,3,2024-01-15,5,4,1,329.0,142.0,0.0
168,148,1,2024-01-15,7,5,1,299.0,129.0,0.0
169,149,5,2024-01-15,4,4,1,349.0,150.0,0.0
170,59,4,2024-01-15,1,3,1,296.65,150.0,52.35
171,150,2,2024-01-15,3,2,1,299.0,129.0,0.0
172,151,5,2024-01-15,7,2,1,349.0,150.0,0.0
173,152,2,2024-01-15,3,1,1,299.0,129.0,0.0
174,153,2,2024-01-15,7,3,1,269.1,129.0,29.9
175,154,2,2024-01-15,3,2,1,299.0,129.0,0.0
176,137,4,2024-01-15,1,2,1,314.1,150.0,34.9
177,155,4,2024-01-15,3,5,1,349.0,150.0,0.0
178,156,2,2024-01-15,2,2,2,299.0,129.0,0.0
179,157,5,2024-01-15,4,2,1,349.0,150.0,0.0
180,158,6,2024-01-15,4,2,1,449.1,215.0,49.9
181,159,4,2024-01-16,5,3,1,349.0,150.0,0.0
182,160,5,2024-01-16,4,1,1,296.65,150.0,52.35
183,161,4,2024-01-16,1,1,1,349.0,150.0,0.0
184,162,5,2024-01-16,3,5,1,349.0,150.0,0.0
185,29,4,2024-01-16,1,4,1,314.1,150.0,34.9
186,163,4,2024-01-16,2,1,1,349.0,150.0,0.0
187,164,6,2024-01-16,6,3,1,424.15,215.0,74.85
188,165,6,2024-01-16,2,3,2,449.1,215.0,49.9
189,166,1,2024-01-16,4,3,1,299.0,129.0,0.0
190,167,4,2024-01-16,1,1,1,296.65,150.0,52.35
191,168,1,2024-01-16,7,1,1,299.0,129.0,0.0
192,169,6,2024-01-17,1,5,1,499.0,215.0,0.0
193,170,3,2024-01-17,7,1,1,329.0,142.0,0.0
194,171,4,2024-01-17,8,2,1,349.0,150.0,0.0
195,172,5,2024-01-17,1,2,1,349.0,150.0,0.0
196,173,4,2024-01-17,2,2,2,349.0,150.0,0.0
197,174,6,2024-01-17,5,2,1,499.0,215.0,0.0
198,175,6,2024-01-17,1,1,1,499.0,215.0,0.0
199,176,5,2024-01-17,4,2,1,349.0,150.0,0.0
200,177,1,2024-01-17,1,2,1,299.0,129.0,0.0
201,178,1,2024-01-17,1,4,1,299.0,129.0,0.0
202,179,3,2024-01-17,1,4,1,279.65,142.0,49.35
203,180,1,2024-01-17,1,3,1,299.0,129.0,0.0
204,181,1,2024-01-17,1,1,1,269.1,129.0,29.9
205,182,2,2024-01-17,3,3,1,299.0,129.0,0.0
206,183,4,2024-01-17,1,2,1,349.0,150.0,0.0
207,184,6,2024-01-17,7,2,1,449.1,215.0,49.9
208,20,4,2024-01-17,3,2,2,349.0,150.0,0.0
209,185,5,2024-01-18,1,1,1,296.65,150.0,52.35
210,186,4,2024-01-18,4,2,1,349.0,150.0,0.0
211,187,3,2024-01-18,3,2,2,329.0,142.0,0.0
212,188,1,2024-01-18,4,3,1,269.1,129.0,29.9
213,189,5,2024-01-18,1,1,1,349.0,150.0,0.0
214,190,4,2024-01-18,3,3,1,349.0,150.0,0.0
215,191,3,2024-01-18,1,4,1,279.65,142.0,49.35
216,192,1,2024-01-18,5,2,1,299.0,129.0,0.0
217,193,4,2024-01-18,1,2,1,349.0,150.0,0.0
218,194,5,2024-01-18,5,5,1,314.1,150.0,34.9
219,195,4,2024-01-18,1,3,1,349.0,150.0,0.0
220,196,2,2024-01-18,2,3,1,269.1,129.0,29.9
221,197,4,2024-01-18,8,4,1,314.1,150.0,34.9
222,198,4,2024-01-18,7,4,1,349.0,150.0,0.0
223,198,5,2024-01-19,1,4,1,349.0,150.0,0.0
224,199,4,2024-01-19,4,1,1,349.0,150.0,0.0
225,200,5,2024-01-19,2,2,1,349.0,150.0,0.0
226,201,5,2024-01-19,1,1,1,349.0,150.0,0.0
227,202,2,2024-01-19,1,3,1,299.0,129.0,0.0
228,203,4,2024-01-19,5,1,1,349.0,150.0,0.0
229,204,4,2024-01-19,3,3,1,349.0,150.0,0.0
230,205,1,2024-01-19,1,1,1,299.0,129.0,0.0
231,206,2,2024-01-19,2,1,1,299.0,129.0,0.0
232,207,5,2024-01-19,5,2,1,349.0,150.0,0.0
233,208,5,2024-01-19,6,1,1,349.0,150.0,0.0
234,209,1,2024-01-19,3,2,2,269.1,129.0,29.9
235,210,5,2024-01-20,1,1,1,349.0,150.0,0.0
236,211,5,2024-01-20,7,1,1,314.1,150.0,34.9
237,212,5,2024-01-20,3,2,1,349.0,150.0,0.0
238,213,3,2024-01-20,1,2,1,329.0,142.0,0.0
239,214,1,2024-01-20,2,3,1,254.15,129.0,44.85
240,215,5,2024-01-20,1,1,1,349.0,150.0,0.0
241,216,4,2024-01-20,1,3,1,349.0,150.0,0.0
242,217,4,2024-01-20,3,5,1,314.1,150.0,34.9
243,218,4,2024-01-20,7,2,1,349.0,150.0,0.0
244,219,2,2024-01-20,2,1,1,299.0,129.0,0.0
245,220,1,2024-01-20,3,1,1,299.0,129.0,0.0
246,221,5,2024-01-20,6,2,1,314.1,150.0,34.9
247,222,4,2024-01-20,5,4,1,349.0,150.0,0.0
248,223,4,2024-01-20,2,2,1,349.0,150.0,0.0
249,224,1,2024-01-21,5,2,1,299.0,129.0,0.0
250,225,2,2024-01-21,3,2,1,299.0,129.0,0.0
251,226,2,2024-01-21,2,1,1,299.0,129.0,0.0
252,80,4,2024-01-21,1,1,1,349.0,150.0,0.0
253,227,5,2024-01-21,4,5,1,349.0,150.0,0.0
254,133,5,2024-01-21,1,1,1,349.0,150.0,0.0
255,228,6,2024-01-21,4,5,1,499.0,215.0,0.0
256,229,3,2024-01-21,5,3,1,296.1,142.0,32.9
257,119,5,2024-01-21,3,2,1,349.0,150.0,0.0
258,230,4,2024-01-21,1,1,1,349.0,150.0,0.0
259,231,6,2024-01-21,1,1,1,499.0,215.0,0.0
260,109,5,2024-01-21,6,4,1,314.1,150.0,34.9
261,232,1,2024-01-21,1,2,1,269.1,129.0,29.9
262,233,2,2024-01-22,5,1,1,269.1,129.0,29.9
263,234,4,2024-01-22,1,2,1,349.0,150.0,0.0
264,235,2,2024-01-22,3,1,1,299.0,129.0,0.0
265,98,5,2024-01-22,2,5,1,314.1,150.0,34.9
266,236,6,2024-01-22,2,2,1,499.0,215.0,0.0
267,237,6,2024-01-22,1,1,1,449.1,215.0,49.9
268,238,4,2024-01-22,1,4,1,349.0,150.0,0.0
269,239,5,2024-01-22,2,5,1,314.1,150.0,34.9
270,231,1,2024-01-22,1,2,1,254.15,129.0,44.85
271,240,3,2024-01-22,3,1,1,329.0,142.0,0.0
272,241,6,2024-01-22,7,4,1,499.0,215.0,0.0
273,242,4,2024-01-22,2,4,1,349.0,150.0,0.0
274,243,5,2024-01-22,3,1,1,349.0,150.0,0.0
275,244,5,2024-01-23,3,1,1,349.0,150.0,0.0
276,245,2,2024-01-23,3,3,1,299.0,129.0,0.0
277,246,4,2024-01-23,4,1,1,296.65,150.0,52.35
278,247,4,2024-01-23,3,2,1,349.0,150.0,0.0
279,248,2,2024-01-23,1,5,1,299.0,129.0,0.0
280,239,1,2024-01-23,9,2,1,299.0,129.0,0.0
281,249,3,2024-01-23,8,1,1,329.0,142.0,0.0
282,250,1,2024-01-23,5,2,1,299.0,129.0,0.0
283,251,5,2024-01-23,1,2,1,349.0,150.0,0.0
284,252,5,2024-01-23,3,3,1,314.1,150.0,34.9
285,253,4,2024-01-23,5,2,1,349.0,150.0,0.0
286,254,2,2024-01-23,1,5,1,299.0,129.0,0.0
287,121,4,2024-01-23,1,3,2,349.0,150.0,0.0
288,255,2,2024-01-23,7,1,1,269.1,129.0,29.9
289,256,1,2024-01-24,5,4,1,269.1,129.0,29.9
290,257,3,2024-01-24,3,5,2,329.0,142.0,0.0
291,258,4,2024-01-24,1,2,1,349.0,150.0,0.0
292,259,5,2024-01-24,1,3,1,349.0,150.0,0.0
293,260,3,2024-01-24,5,2,1,329.0,142.0,0.0
294,261,1,2024-01-24,9,1,1,299.0,129.0,0.0
295,262,6,2024-01-24,4,2,2,499.0,215.0,0.0
296,263,5,2024-01-24,1,2,1,296.65,150.0,52.35
297,264,5,2024-01-24,5,2,1,349.0,150.0,0.0
298,265,3,2024-01-24,4,5,1,329.0,142.0,0.0
299,266,3,2024-01-24,3,2,1,329.0,142.0,0.0
300,267,4,2024-01-24,5,2,1,349.0,150.0,0.0
301,7,3,2024-01-24,1,2,1,329.0,142.0,0.0
302,268,6,2024-01-25,6,2,1,499.0,215.0,0.0
303,269,5,2024-01-25,5,4,1,349.0,150.0,0.0
304,270,3,2024-01-25,3,4,1,329.0,142.0,0.0
305,271,5,2024-01-25,4,3,1,296.65,150.0,52.35
306,272,4,2024-01-25,1,3,1,349.0,150.0,0.0
307,273,1,2024-01-25,5,2,1,299.0,129.0,0.0
308,274,4,2024-01-25,9,3,1,349.0,150.0,0.0
309,152,4,2024-01-25,1,5,1,314.1,150.0,34.9
310,275,4,2024-01-25,2,4,1,349.0,150.0,0.0
311,276,5,2024-01-25,8,2,1,349.0,150.0,0.0
312,277,6,2024-01-25,1,1,1,499.0,215.0,0.0
313,278,3,2024-01-25,8,4,1,329.0,142.0,0.0
314,279,5,2024-01-25,3,1,1,349.0,150.0,0.0
315,9,3,2024-01-25,1,5,1,329.0,142.0,0.0
316,280,2,2024-01-26,4,4,1,299.0,129.0,0.0
317,281,4,2024-01-26,1,2,1,349.0,150.0,0.0
318,282,4,2024-01-26,3,2,1,314.1,150.0,34.9
319,283,4,2024-01-26,8,2,1,349.0,150.0,0.0
320,284,5,2024-01-26,1,1,1,349.0,150.0,0.0
321,285,4,2024-01-26,4,1,1,349.0,150.0,0.0
322,225,5,2024-01-26,8,1,1,314.1,150.0,34.9
323,286,3,2024-01-26,3,1,1,329.0,142.0,0.0
324,287,2,2024-01-26,2,2,1,299.0,129.0,0.0
325,288,2,2024-01-26,2,2,1,299.0,129.0,0.0
326,289,3,2024-01-26,3,2,1,329.0,142.0,0.0
327,192,3,2024-01-26,3,5,1,279.65,142.0,49.35
328,290,1,2024-01-27,4,2,1,269.1,129.0,29.9
329,291,4,2024-01-27,7,3,1,349.0,150.0,0.0
330,292,5,2024-01-27,3,1,1,349.0,150.0,0.0
331,293,4,2024-01-27,5,1,1,349.0,150.0,0.0
332,294,6,2024-01-27,8,2,1,499.0,215.0,0.0
333,295,5,2024-01-27,5,1,1,296.65,150.0,52.35
334,296,4,2024-01-27,1,1,1,349.0,150.0,0.0
335,297,4,2024-01-27,3,1,1,349.0,150.0,0.0
336,298,4,2024-01-27,5,1,1,296.65,150.0,52.35
337,299,3,2024-01-27,5,1,1,329.0,142.0,0.0
338,300,5,2024-01-27,8,2,1,349.0,150.0,0.0
339,301,5,2024-01-27,1,2,1,349.0,150.0,0.0
340,302,6,2024-01-27,3,3,1,449.1,215.0,49.9
341,303,4,2024-01-28,4,4,1,349.0,150.0,0.0
342,304,1,2024-01-28,8,1,1,299.0,129.0,0.0
343,305,1,2024-01-28,5,2,1,299.0,129.0,0.0
344,180,5,2024-01-28,5,1,2,314.1,150.0,34.9
345,306,1,2024-01-28,4,2,1,299.0,129.0,0.0
346,307,3,2024-01-28,2,2,1,279.65,142.0,49.35
347,308,5,2024-01-28,5,2,1,349.0,150.0,0.0
348,17,2,2024-01-28,1,5,1,299.0,129.0,0.0
349,309,2,2024-01-28,5,1,1,299.0,129.0,0.0
350,310,3,2024-01-28,2,1,2,296.1,142.0,32.9
351,311,5,2024-01-28,6,5,1,296.65,150.0,52.35
352,312,5,2024-01-28,5,1,1,349.0,150.0,0.0
353,313,4,2024-01-28,1,2,1,349.0,150.0,0.0
354,314,6,2024-01-28,4,2,1,499.0,215.0,0.0
355,315,2,2024-01-28,4,1,1,299.0,129.0,0.0
356,316,1,2024-01-29,3,5,1,299.0,129.0,0.0
357,317,4,2024-01-29,3,1,2,314.1,150.0,34.9
358,318,6,2024-01-29,7,1,1,499.0,215.0,0.0
359,319,4,2024-01-29,8,5,1,349.0,150.0,0.0
360,320,2,2024-01-29,7,5,1,299.0,129.0,0.0
361,3,3,2024-01-29,8,5,1,279.65,142.0,49.35
362,321,5,2024-01-29,1,5,1,349.0,150.0,0.0
363,322,2,2024-01-29,3,5,2,299.0,129.0,0.0
364,323,5,2024-01-30,1,1,1,349.0,150.0,0.0
365,324,4,2024-01-30,5,3,1,349.0,150.0,0.0
366,325,4,2024-01-30,6,4,1,349.0,150.0,0.0
367,202,5,2024-01-30,4,1,1,349.0,150.0,0.0
368,326,1,2024-01-30,1,1,1,299.0,129.0,0.0
369,327,5,2024-01-30,5,1,2,349.0,150.0,0.0
370,328,5,2024-01-30,1,1,1,349.0,150.0,0.0
371,103,4,2024-01-30,5,1,1,314.1,150.0,34.9
372,329,1,2024-01-30,4,1,1,299.0,129.0,0.0
373,330,1,2024-01-30,4,2,1,299.0,129.0,0.0
374,331,4,2024-01-30,4,1,1,349.0,150.0,0.0
375,332,2,2024-01-30,1,2,1,269.1,129.0,29.9
376,333,5,2024-01-30,1,2,1,349.0,150.0,0.0
377,334,4,2024-01-30,2,2,1,349.0,150.0,0.0
378,335,4,2024-01-31,5,2,1,349.0,150.0,0.0
379,336,4,2024-01-31,3,4,1,349.0,150.0,0.0
380,337,5,2024-01-31,5,2,1,314.1,150.0,34.9
381,338,1,2024-01-31,9,5,1,299.0,129.0,0.0
382,272,1,2024-01-31,2,3,2,299.0,129.0,0.0
383,339,5,2024-01-31,3,5,2,349.0,150.0,0.0
384,340,3,2024-01-31,2,3,1,279.65,142.0,49.35
385,341,5,2024-01-31,2,1,1,349.0,150.0,0.0
386,342,4,2024-01-31,1,1,1,349.0,150.0,0.0
387,343,1,2024-01-31,3,2,1,299.0,129.0,0.0
388,344,5,2024-01-31,2,5,1,349.0,150.0,0.0
389,345,5,2024-01-31,3,3,1,314.1,150.0,34.9
390,346,5,2024-01-31,1,1,1,349.0,150.0,0.0
391,347,4,2024-01-31,5,2,1,349.0,150.0,0.0
392,348,2,2024-02-01,1,2,1,269.1,129.0,29.9
393,349,2,2024-02-01,2,2,1,299.0,129.0,0.0
394,350,5,2024-02-01,1,3,1,349.0,150.0,0.0
395,351,2,2024-02-01,8,4,1,299.0,129.0,0.0
396,352,6,2024-02-01,3,5,1,499.0,215.0,0.0
397,353,6,2024-02-01,2,2,1,449.1,215.0,49.9
398,354,1,2024-02-01,3,4,1,269.1,129.0,29.9
399,355,3,2024-02-01,7,2,1,296.1,142.0,32.9
400,356,6,2024-02-01,1,1,1,499.0,215.0,0.0
401,357,4,2024-02-01,1,3,2,314.1,150.0,34.9
402,358,2,2024-02-01,4,4,1,299.0,129.0,0.0
403,359,2,2024-02-01,3,2,1,299.0,129.0,0.0
404,9,5,2024-02-01,1,5,1,296.65,150.0,52.35
405,360,6,2024-02-01,3,1,1,424.15,215.0,74.85
406,361,6,2024-02-02,2,2,1,449.1,215.0,49.9
407,362,3,2024-02-02,3,1,1,329.0,142.0,0.0
408,363,6,2024-02-02,7,2,1,449.1,215.0,49.9
409,364,4,2024-02-02,1,1,1,349.0,150.0,0.0
410,365,6,2024-02-02,1,1,1,499.0,215.0,0.0
411,366,3,2024-02-02,4,3,1,329.0,142.0,0.0
412,367,2,2024-02-02,4,2,1,254.15,129.0,44.85
413,368,2,2024-02-02,5,2,1,299.0,129.0,0.0
414,369,6,2024-02-02,1,1,1,499.0,215.0,0.0
415,370,5,2024-02-02,5,2,2,349.0,150.0,0.0
416,371,5,2024-02-02,1,2,1,349.0,150.0,0.0
417,247,3,2024-02-03,4,2,1,329.0,142.0,0.0
418,372,4,2024-02-03,1,2,1,349.0,150.0,0.0
419,373,2,2024-02-03,5,3,2,299.0,129.0,0.0
420,374,5,2024-02-03,1,1,1,349.0,150.0,0.0
421,375,2,2024-02-03,1,2,1,269.1,129.0,29.9
422,376,3,2024-02-03,9,1,1,329.0,142.0,0.0
423,377,5,2024-02-03,6,3,1,349.0,150.0,0.0
424,378,1,2024-02-03,1,1,1,299.0,129.0,0.0
425,379,2,2024-02-03,5,2,1,299.0,129.0,0.0
426,380,5,2024-02-03,1,1,1,349.0,150.0,0.0
427,381,5,2024-02-03,1,1,1,349.0,150.0,0.0
428,24,4,2024-02-04,2,5,1,296.65,150.0,52.35
429,382,4,2024-02-04,2,1,1,349.0,150.0,0.0
430,383,2,2024-02-04,2,4,1,269.1,129.0,29.9
431,384,3,2024-02-04,9,3,1,329.0,142.0,0.0
432,385,4,2024-02-04,3,4,2,349.0,150.0,0.0
433,386,3,2024-02-04,2,3,1,279.65,142.0,49.35
434,221,1,2024-02-04,3,2,1,254.15,129.0,44.85
435,387,6,2024-02-04,4,1,1,499.0,215.0,0.0
436,388,4,2024-02-04,1,1,1,349.0,150.0,0.0
437,389,5,2024-02-04,2,1,1,349.0,150.0,0.0
438,390,1,2024-02-04,1,1,1,299.0,129.0,0.0
439,391,2,2024-02-04,2,1,1,299.0,129.0,0.0
440,392,3,2024-02-04,2,2,1,329.0,142.0,0.0
441,393,2,2024-02-04,7,5,1,299.0,129.0,0.0
442,394,6,2024-02-04,2,1,1,499.0,215.0,0.0
443,395,3,2024-02-04,3,2,1,329.0,142.0,0.0
444,396,4,2024-02-04,1,2,1,349.0,150.0,0.0
445,397,4,2024-02-04,2,5,1,349.0,150.0,0.0
446,398,3,2024-02-05,2,1,1,296.1,142.0,32.9
447,399,5,2024-02-05,1,1,1,296.65,150.0,52.35
448,400,6,2024-02-05,8,5,1,499.0,215.0,0.0
449,401,2,2024-02-05,3,1,1,299.0,129.0,0.0
450,402,3,2024-02-05,1,2,1,329.0,142.0,0.0
451,403,4,2024-02-05,3,5,1,349.0,150.0,0.0
452,404,4,2024-02-05,2,3,1,349.0,150.0,0.0
453,405,5,2024-02-05,3,2,1,349.0,150.0,0.0
454,406,2,2024-02-05,5,1,1,299.0,129.0,0.0
455,407,6,2024-02-05,3,5,1,499.0,215.0,0.0
456,408,5,2024-02-06,3,2,1,314.1,150.0,34.9
457,409,1,2024-02-06,2,2,1,299.0,129.0,0.0
458,410,1,2024-02-06,2,3,2,299.0,129.0,0.0
459,243,6,2024-02-06,1,2,1,499.0,215.0,0.0
460,411,4,2024-02-06,3,2,1,349.0,150.0,0.0
461,412,5,2024-02-06,2,1,1,349.0,150.0,0.0
462,88,1,2024-02-06,1,5,1,254.15,129.0,44.85
463,413,1,2024-02-06,1,2,1,299.0,129.0,0.0
464,414,4,2024-02-06,2,1,1,349.0,150.0,0.0
465,415,5,2024-02-06,4,3,1,314.1,150.0,34.9
466,416,2,2024-02-06,1,1,2,299.0,129.0,0.0
467,384,4,2024-02-07,2,1,2,349.0,150.0,0.0
468,417,4,2024-02-07,4,1,1,349.0,150.0,0.0
469,418,4,2024-02-07,1,3,1,349.0,150.0,0.0
470,419,5,2024-02-07,7,1,1,349.0,150.0,0.0
471,420,3,2024-02-07,6,2,1,329.0,142.0,0.0
472,421,4,2024-02-07,3,1,1,349.0,150.0,0.0
473,422,5,2024-02-07,5,1,1,314.1,150.0,34.9
474,423,4,2024-02-07,1,1,1,349.0,150.0,0.0
475,424,2,2024-02-07,3,1,1,299.0,129.0,0.0
476,425,4,2024-02-08,9,2,1,349.0,150.0,0.0
477,426,4,2024-02-08,3,1,1,349.0,150.0,0.0
478,427,3,2024-02-08,5,5,1,329.0,142.0,0.0
479,428,4,2024-02-08,3,4,1,349.0,150.0,0.0
480,429,4,2024-02-08,5,1,1,349.0,150.0,0.0
481,430,2,2024-02-08,3,3,1,299.0,129.0,0.0
482,431,5,2024-02-08,1,3,1,349.0,150.0,0.0
483,432,5,2024-02-08,1,3,1,314.1,150.0,34.9
484,433,4,2024-02-08,6,3,2,349.0,150.0,0.0
485,434,2,2024-02-08,2,4,2,299.0,129.0,0.0
486,435,4,2024-02-08,1,4,2,314.1,150.0,34.9
487,436,4,2024-02-09,4,1,1,349.0,150.0,0.0
488,437,1,2024-02-09,1,2,1,299.0,129.0,0.0
489,438,2,2024-02-09,5,1,1,299.0,129.0,0.0
490,439,2,2024-02-09,4,1,1,254.15,129.0,44.85
491,407,6,2024-02-09,9,4,1,424.15,215.0,74.85
492,440,1,2024-02-09,5,4,1,299.0,129.0,0.0
493,441,5,2024-02-09,3,1,1,349.0,150.0,0.0
494,442,4,2024-02-09,7,1,1,349.0,150.0,0.0
495,443,4,2024-02-09,2,5,1,296.65,150.0,52.35
496,444,3,2024-02-09,5,3,1,296.1,142.0,32.9
497,445,4,2024-02-09,1,2,1,349.0,150.0,0.0
498,446,2,2024-02-09,1,4,1,299.0,129.0,0.0
499,447,3,2024-02-09,3,1,1,329.0,142.0,0.0
500,448,5,2024-02-09,5,2,1,349.0,150.0,0.0
501,449,4,2024-02-10,1,3,1,296.65,150.0,52.35
502,450,1,2024-02-10,7,1,1,299.0,129.0,0.0
503,451,5,2024-02-10,7,1,1,349.0,150.0,0.0
504,452,3,2024-02-10,1,3,1,329.0,142.0,0.0
505,453,5,2024-02-10,1,1,1,349.0,150.0,0.0
506,454,5,2024-02-10,5,5,1,349.0,150.0,0.0
507,261,4,2024-02-10,2,3,1,349.0,150.0,0.0
508,455,1,2024-02-10,1,3,1,269.1,129.0,29.9
509,456,5,2024-02-10,1,2,1,296.65,150.0,52.35
510,457,1,2024-02-10,5,2,1,299.0,129.0,0.0
511,458,2,2024-02-10,6,1,1,299.0,129.0,0.0
512,459,1,2024-02-10,2,5,1,299.0,129.0,0.0
513,460,3,2024-02-10,1,2,1,329.0,142.0,0.0
514,461,4,2024-02-10,5,4,1,314.1,150.0,34.9
515,462,5,2024-02-10,3,3,1,349.0,150.0,0.0
516,463,2,2024-02-10,8,2,1,269.1,129.0,29.9
517,464,1,2024-02-10,3,5,1,299.0,129.0,0.0
518,465,6,2024-02-11,6,2,2,499.0,215.0,0.0
519,466,3,2024-02-11,8,3,1,296.1,142.0,32.9
520,467,1,2024-02-11,1,1,1,299.0,129.0,0.0
521,468,5,2024-02-11,3,2,1,349.0,150.0,0.0
522,469,5,2024-02-11,4,1,1,349.0,150.0,0.0
523,470,3,2024-02-11,5,2,1,329.0,142.0,0.0
524,416,3,2024-02-11,4,1,1,296.1,142.0,32.9
525,78,5,2024-02-11,1,1,1,314.1,150.0,34.9
526,471,4,2024-02-11,2,3,1,349.0,150.0,0.0
527,472,5,2024-02-11,5,1,1,349.0,150.0,0.0
528,473,6,2024-02-11,5,1,1,449.1,215.0,49.9
529,345,1,2024-02-11,7,3,1,299.0,129.0,0.0
530,474,1,2024-02-11,1,3,1,299.0,129.0,0.0
531,221,4,2024-02-11,2,2,1,349.0,150.0,0.0
532,475,4,2024-02-11,1,2,1,349.0,150.0,0.0
533,476,5,2024-02-11,1,4,1,349.0,150.0,0.0
534,477,2,2024-02-11,1,5,1,299.0,129.0,0.0
535,478,6,2024-02-12,2,2,1,499.0,215.0,0.0
536,479,5,2024-02-12,2,2,1,349.0,150.0,0.0
537,480,6,2024-02-12,8,5,1,449.1,215.0,49.9
538,481,1,2024-02-12,6,1,1,299.0,129.0,0.0
539,482,4,2024-02-12,3,1,1,349.0,150.0,0.0
540,483,4,2024-02-12,3,3,1,349.0,150.0,0.0
541,484,2,2024-02-12,1,1,1,269.1,129.0,29.9
542,447,4,2024-02-12,6,4,1,349.0,150.0,0.0
543,269,6,2024-02-12,6,3,1,499.0,215.0,0.0
544,485,1,2024-02-12,3,1,1,299.0,129.0,0.0
545,486,6,2024-02-12,7,4,1,499.0,215.0,0.0
546,487,4,2024-02-12,8,1,1,349.0,150.0,0.0
547,488,1,2024-02-12,1,2,1,269.1,129.0,29.9
548,489,4,2024-02-12,1,1,2,349.0,150.0,0.0
549,490,5,2024-02-12,2,1,1,349.0,150.0,0.0
550,491,1,2024-02-13,3,1,1,269.1,129.0,29.9
551,386,2,2024-02-13,3,5,1,299.0,129.0,0.0
552,492,2,2024-02-13,1,1,1,299.0,129.0,0.0
553,493,5,2024-02-13,1,4,1,349.0,150.0,0.0
554,494,3,2024-02-13,2,2,1,329.0,142.0,0.0
555,495,5,2024-02-13,1,2,1,296.65,150.0,52.35
556,496,4,2024-02-13,3,4,1,349.0,150.0,0.0
557,497,1,2024-02-13,9,1,1,269.1,129.0,29.9
558,498,5,2024-02-13,4,2,1,349.0,150.0,0.0
559,499,2,2024-02-13,1,5,1,299.0,129.0,0.0
560,500,6,2024-02-14,1,2,1,499.0,215.0,0.0
561,501,2,2024-02-14,2,1,1,269.1,129.0,29.9
562,385,5,2024-02-14,1,1,1,349.0,150.0,0.0
563,502,5,2024-02-14,1,1,1,349.0,150.0,0.0
564,503,4,2024-02-14,2,1,1,349.0,150.0,0.0
565,504,2,2024-02-14,4,4,1,299.0,129.0,0.0
566,505,5,2024-02-14,2,2,2,314.1,150.0,34.9
567,506,4,2024-02-14,2,1,1,349.0,150.0,0.0
568,12,3,2024-02-14,5,1,1,296.1,142.0,32.9
569,507,6,2024-02-14,9,5,1,449.1,215.0,49.9
570,508,1,2024-02-14,5,5,1,299.0,129.0,0.0
571,509,1,2024-02-15,6,3,2,299.0,129.0,0.0
572,510,3,2024-02-15,1,2,1,296.1,142.0,32.9
573,511,5,2024-02-15,1,3,1,296.65,150.0,52.35
574,512,6,2024-02-15,1,5,1,499.0,215.0,0.0
575,513,5,2024-02-15,3,1,1,349.0,150.0,0.0
576,514,2,2024-02-15,1,5,1,299.0,129.0,0.0
577,515,2,2024-02-15,7,4,1,299.0,129.0,0.0
578,516,3,2024-02-15,7,3,1,329.0,142.0,0.0
579,517,5,2024-02-15,2,5,1,296.65,150.0,52.35
580,215,3,2024-02-15,1,1,1,329.0,142.0,0.0
581,518,6,2024-02-15,4,1,1,424.15,215.0,74.85
582,519,6,2024-02-15,5,1,1,424.15,215.0,74.85
583,520,4,2024-02-15,5,1,1,349.0,150.0,0.0
584,521,6,2024-02-16,8,1,1,424.15,215.0,74.85
585,522,4,2024-02-16,1,2,2,296.65,150.0,52.35
586,523,6,2024-02-16,1,5,1,499.0,215.0,0.0
587,524,2,2024-02-16,5,2,1,299.0,129.0,0.0
588,15,5,2024-02-16,1,1,1,349.0,150.0,0.0
589,264,2,2024-02-16,2,3,1,299.0,129.0,0.0
590,525,6,2024-02-16,2,2,1,499.0,215.0,0.0
591,526,1,2024-02-16,4,3,1,269.1,129.0,29.9
592,527,2,2024-02-16,2,1,1,269.1,129.0,29.9
593,528,6,2024-02-16,2,3,1,499.0,215.0,0.0
594,529,4,2024-02-16,4,2,1,349.0,150.0,0.0
595,530,4,2024-02-16,1,4,1,296.65,150.0,52.35
596,531,2,2024-02-17,1,3,1,299.0,129.0,0.0
597,532,5,2024-02-17,2,1,1,349.0,150.0,0.0
598,533,1,2024-02-17,1,2,1,269.1,129.0,29.9
599,534,4,2024-02-17,4,1,1,349.0,150.0,0.0
600,535,1,2024-02-17,1,4,1,299.0,129.0,0.0
601,536,4,2024-02-18,3,1,1,349.0,150.0,0.0
602,537,5,2024-02-18,1,2,1,349.0,150.0,0.0
603,481,2,2024-02-18,5,3,1,299.0,129.0,0.0
604,538,1,2024-02-18,8,2,1,299.0,129.0,0.0
605,539,4,2024-02-18,3,2,1,314.1,150.0,34.9
606,232,5,2024-02-18,3,1,1,314.1,150.0,34.9
607,540,6,2024-02-18,7,4,1,499.0,215.0,0.0
608,541,5,2024-02-18,5,1,1,349.0,150.0,0.0
609,542,6,2024-02-18,1,2,2,449.1,215.0,49.9
610,543,6,2024-02-18,4,4,1,424.15,215.0,74.85
611,544,2,2024-02-18,1,2,1,254.15,129.0,44.85
612,545,3,2024-02-18,3,4,1,329.0,142.0,0.0
613,546,5,2024-02-19,3,2,1,349.0,150.0,0.0
614,547,1,2024-02-19,8,5,1,269.1,129.0,29.9
615,548,4,2024-02-19,3,1,1,349.0,150.0,0.0
616,137,4,2024-02-19,4,1,1,349.0,150.0,0.0
617,549,2,2024-02-19,5,1,1,299.0,129.0,0.0
618,550,5,2024-02-19,5,5,1,349.0,150.0,0.0
619,551,5,2024-02-19,2,1,1,314.1,150.0,34.9
620,552,4,2024-02-19,7,1,1,349.0,150.0,0.0
621,553,6,2024-02-19,1,2,1,449.1,215.0,49.9
622,554,4,2024-02-19,6,3,1,349.0,150.0,0.0
623,555,5,2024-02-19,3,1,1,314.1,150.0,34.9
624,556,3,2024-02-19,6,4,1,329.0,142.0,0.0
625,557,1,2024-02-19,6,1,1,269.1,129.0,29.9
626,558,4,2024-02-19,2,4,1,349.0,150.0,0.0
627,559,4,2024-02-19,1,2,1,349.0,150.0,0.0
628,560,4,2024-02-19,3,1,1,314.1,150.0,34.9
629,561,5,2024-02-20,2,1,1,349.0,150.0,0.0
630,562,4,2024-02-20,4,3,2,314.1,150.0,34.9
631,563,2,2024-02-20,5,3,1,299.0,129.0,0.0
632,564,1,2024-02-20,4,1,1,299.0,129.0,0.0
633,565,2,2024-02-20,8,2,1,299.0,129.0,0.0
634,490,4,2024-02-20,1,2,1,349.0,150.0,0.0
635,566,5,2024-02-20,1,2,1,349.0,150.0,0.0
636,567,5,2024-02-20,4,2,1,349.0,150.0,0.0
637,568,2,2024-02-20,9,2,1,299.0,129.0,0.0
638,391,5,2024-02-20,7,1,1,349.0,150.0,0.0
639,569,1,2024-02-20,5,4,1,269.1,129.0,29.9
640,570,4,2024-02-20,5,3,1,349.0,150.0,0.0
641,571,6,2024-02-20,2,1,1,499.0,215.0,0.0
642,572,5,2024-02-20,5,1,1,349.0,150.0,0.0
643,547,4,2024-02-20,4,2,1,296.65,150.0,52.35
644,573,5,2024-02-20,1,1,1,314.1,150.0,34.9
645,574,1,2024-02-21,5,1,1,269.1,129.0,29.9
646,575,5,2024-02-21,2,3,1,349.0,150.0,0.0
647,576,3,2024-02-21,1,1,1,329.0,142.0,0.0
648,577,5,2024-02-21,3,5,1,314.1,150.0,34.9
649,578,1,2024-02-21,7,2,1,299.0,129.0,0.0
650,579,2,2024-02-21,,1,1,269.1,129.0,29.9
651,580,4,2024-02-21,3,1,1,296.65,150.0,52.35
652,581,5,2024-02-21,4,1,1,349.0,150.0,0.0
653,582,4,2024-02-21,5,1,1,349.0,150.0,0.0
654,583,5,2024-02-21,1,2,1,314.1,150.0,34.9
655,584,4,2024-02-21,2,1,1,296.65,150.0,52.35
656,585,2,2024-02-21,2,4,1,299.0,129.0,0.0
657,586,2,2024-02-21,1,3,1,299.0,129.0,0.0
658,587,3,2024-02-21,3,1,1,329.0,142.0,0.0
659,588,5,2024-02-21,5,2,1,349.0,150.0,0.0
660,589,3,2024-02-21,2,5,1,279.65,142.0,49.35
661,590,3,2024-02-21,,2,1,279.65,142.0,49.35
662,591,2,2024-02-21,5,2,1,299.0,129.0,0.0
663,275,5,2024-02-22,1,2,1,314.1,150.0,34.9
664,592,1,2024-02-22,4,1,2,299.0,129.0,0.0
665,593,5,2024-02-22,3,2,1,349.0,150.0,0.0
666,594,2,2024-02-22,2,3,1,299.0,129.0,0.0
667,595,5,2024-02-22,1,4,1,349.0,150.0,0.0
668,596,1,2024-02-22,1,1,1,299.0,129.0,0.0
669,597,2,2024-02-22,3,1,1,299.0,129.0,0.0
670,598,5,2024-02-22,3,1,1,349.0,150.0,0.0
671,599,6,2024-02-22,4,5,1,499.0,215.0,0.0
672,600,5,2024-02-22,1,2,1,349.0,150.0,0.0
673,601,5,2024-02-22,1,5,1,349.0,150.0,0.0
674,602,2,2024-02-22,1,1,1,299.0,129.0,0.0
675,603,2,2024-02-22,5,1,1,299.0,129.0,0.0
676,604,5,2024-02-22,4,1,1,314.1,150.0,34.9
677,71,3,2024-02-23,7,1,1,329.0,142.0,0.0
678,605,5,2024-02-23,8,1,1,349.0,150.0,0.0
679,606,3,2024-02-23,4,3,1,296.1,142.0,32.9
680,427,1,2024-02-23,8,1,1,299.0,129.0,0.0
681,607,4,2024-02-23,4,1,1,314.1,150.0,34.9
682,608,3,2024-02-23,5,4,1,329.0,142.0,0.0
683,609,6,2024-02-23,1,2,1,424.15,215.0,74.85
684,610,1,2024-02-23,5,3,1,299.0,129.0,0.0
685,611,5,2024-02-23,8,3,1,349.0,150.0,0.0
686,612,3,2024-02-23,1,3,1,329.0,142.0,0.0
687,613,2,2024-02-23,2,4,1,299.0,129.0,0.0
688,614,4,2024-02-23,4,1,2,349.0,150.0,0.0
689,615,5,2024-02-23,1,2,1,314.1,150.0,34.9
690,36,2,2024-02-23,1,2,2,299.0,129.0,0.0
691,584,4,2024-02-23,5,2,1,349.0,150.0,0.0
692,616,1,2024-02-24,1,2,1,299.0,129.0,0.0
693,617,4,2024-02-24,4,2,1,349.0,150.0,0.0
694,618,3,2024-02-24,4,5,1,329.0,142.0,0.0
695,619,3,2024-02-24,3,2,1,329.0,142.0,0.0
696,620,4,2024-02-24,5,1,1,349.0,150.0,0.0
697,621,5,2024-02-24,6,5,1,349.0,150.0,0.0
698,622,2,2024-02-24,1,1,1,299.0,129.0,0.0
699,623,1,2024-02-24,1,2,1,299.0,129.0,0.0
700,624,2,2024-02-24,3,3,2,299.0,129.0,0.0
701,625,5,2024-02-24,7,4,1,349.0,150.0,0.0
702,626,4,2024-02-24,4,5,1,349.0,150.0,0.0
703,627,1,2024-02-24,1,5,1,299.0,129.0,0.0
704,628,5,2024-02-24,7,1,1,349.0,150.0,0.0
705,629,4,2024-02-24,2,2,1,349.0,150.0,0.0
706,630,5,2024-02-24,8,5,1,349.0,150.0,0.0
707,631,5,2024-02-25,8,2,1,296.65,150.0,52.35
708,108,1,2024-02-25,5,1,1,299.0,129.0,0.0
709,632,5,2024-02-25,7,2,1,349.0,150.0,0.0
710,633,2,2024-02-25,2,3,1,299.0,129.0,0.0
711,446,6,2024-02-25,3,3,1,424.15,215.0,74.85
712,634,3,2024-02-25,3,2,1,329.0,142.0,0.0
713,635,5,2024-02-25,6,1,1,349.0,150.0,0.0
714,636,5,2024-02-25,1,1,1,349.0,150.0,0.0
715,637,5,2024-02-25,1,1,1,314.1,150.0,34.9
716,638,2,2024-02-25,2,3,1,299.0,129.0,0.0
717,159,1,2024-02-26,7,3,1,299.0,129.0,0.0
718,639,4,2024-02-26,5,1,1,314.1,150.0,34.9
719,640,5,2024-02-26,8,5,2,349.0,150.0,0.0
720,641,3,2024-02-26,1,2,1,329.0,142.0,0.0
721,642,5,2024-02-26,7,3,1,314.1,150.0,34.9
722,643,4,2024-02-26,4,3,1,349.0,150.0,0.0
723,644,6,2024-02-26,5,1,1,499.0,215.0,0.0
724,645,2,2024-02-26,3,2,1,299.0,129.0,0.0
725,646,1,2024-02-26,2,3,1,299.0,129.0,0.0
726,647,2,2024-02-26,1,5,1,299.0,129.0,0.0
727,527,4,2024-02-26,3,2,1,349.0,150.0,0.0
728,648,5,2024-02-26,1,1,1,349.0,150.0,0.0
729,649,4,2024-02-26,1,1,1,349.0,150.0,0.0
730,650,2,2024-02-26,1,3,1,299.0,129.0,0.0
731,651,4,2024-02-26,8,1,2,314.1,150.0,34.9
732,505,5,2024-02-26,4,2,1,296.65,150.0,52.35
733,652,6,2024-02-26,7,5,1,499.0,215.0,0.0
734,653,3,2024-02-26,7,4,1,329.0,142.0,0.0
735,654,3,2024-02-27,1,4,1,329.0,142.0,0.0
736,419,2,2024-02-27,1,5,1,254.15,129.0,44.85
737,655,4,2024-02-27,4,3,1,349.0,150.0,0.0
738,656,5,2024-02-27,3,3,1,349.0,150.0,0.0
739,657,6,2024-02-27,8,3,1,499.0,215.0,0.0
740,658,2,2024-02-27,1,1,1,299.0,129.0,0.0
741,659,5,2024-02-27,1,1,1,349.0,150.0,0.0
742,660,3,2024-02-27,1,3,1,329.0,142.0,0.0
743,661,4,2024-02-27,5,2,1,349.0,150.0,0.0
744,285,5,2024-02-27,1,3,1,296.65,150.0,52.35
745,662,3,2024-02-27,3,2,1,296.1,142.0,32.9
746,663,5,2024-02-27,1,2,1,349.0,150.0,0.0
747,664,5,2024-02-27,1,3,1,296.65,150.0,52.35
748,665,6,2024-02-27,2,5,1,499.0,215.0,0.0
749,666,1,2024-02-28,3,5,1,299.0,129.0,0.0
750,329,3,2024-02-28,2,2,1,279.65,142.0,49.35
751,667,4,2024-02-28,1,4,1,349.0,150.0,0.0
752,668,2,2024-02-28,6,4,1,269.1,129.0,29.9
753,669,6,2024-02-28,3,1,2,499.0,215.0,0.0
754,670,1,2024-02-28,3,1,1,299.0,129.0,0.0
755,671,1,2024-02-28,4,5,1,299.0,129.0,0.0
756,672,3,2024-02-28,2,2,1,329.0,142.0,0.0
757,673,4,2024-02-28,3,1,1,349.0,150.0,0.0
758,674,2,2024-02-29,3,4,1,299.0,129.0,0.0
759,675,1,2024-02-29,3,2,1,269.1,129.0,29.9
760,676,3,2024-02-29,4,4,1,329.0,142.0,0.0
761,677,5,2024-02-29,1,4,1,349.0,150.0,0.0
762,678,1,2024-02-29,3,1,1,299.0,129.0,0.0
763,679,4,2024-02-29,7,2,1,349.0,150.0,0.0
764,138,4,2024-02-29,5,2,2,349.0,150.0,0.0
765,680,2,2024-02-29,2,2,1,299.0,129.0,0.0
766,681,4,2024-02-29,4,4,1,349.0,150.0,0.0
767,682,5,2024-02-29,3,2,1,349.0,150.0,0.0
768,683,2,2024-02-29,8,3,2,299.0,129.0,0.0
769,1,2,2024-03-01,2,1,1,299.0,129.0,0.0
770,684,2,2024-03-01,3,2,1,299.0,129.0,0.0
771,685,1,2024-03-01,5,2,0,299.0,129.0,0.0
772,686,5,2024-03-01,3,1,1,349.0,150.0,0.0
773,687,5,2024-03-01,6,2,1,349.0,150.0,0.0
774,688,3,2024-03-01,2,4,1,329.0,142.0,0.0
775,689,4,2024-03-01,3,1,1,349.0,150.0,0.0
776,690,2,2024-03-01,1,1,1,299.0,129.0,0.0
777,11,3,2024-03-01,1,4,1,329.0,142.0,0.0
778,691,5,2024-03-01,1,1,1,349.0,150.0,0.0
779,692,5,2024-03-01,3,1,1,349.0,150.0,0.0
780,693,4,2024-03-02,1,1,1,349.0,150.0,0.0
781,694,2,2024-03-02,3,1,2,299.0,129.0,0.0
782,583,5,2024-03-02,1,2,1,349.0,150.0,0.0
783,695,6,2024-03-02,6,2,1,499.0,215.0,0.0
784,696,5,2024-03-02,4,1,1,349.0,150.0,0.0
785,697,5,2024-03-02,3,1,1,349.0,150.0,0.0
786,698,3,2024-03-02,6,2,1,329.0,142.0,0.0
787,699,4,2024-03-02,3,2,1,349.0,150.0,0.0
788,700,1,2024-03-02,1,2,1,299.0,129.0,0.0
789,701,1,2024-03-02,7,3,1,269.1,129.0,29.9
790,702,4,2024-03-02,1,2,1,349.0,150.0,0.0
791,703,2,2024-03-02,2,2,1,269.1,129.0,29.9
792,704,5,2024-03-02,1,1,1,349.0,150.0,0.0
793,705,4,2024-03-02,2,4,1,314.1,150.0,34.9
794,614,5,2024-03-03,1,1,1,349.0,150.0,0.0
795,617,5,2024-03-03,2,1,1,349.0,150.0,0.0
796,706,5,2024-03-03,3,2,1,314.1,150.0,34.9
797,645,2,2024-03-03,3,3,1,269.1,129.0,29.9
798,707,4,2024-03-03,1,1,1,349.0,150.0,0.0
799,708,3,2024-03-03,6,3,1,329.0,142.0,0.0
800,709,5,2024-03-03,1,1,1,349.0,150.0,0.0
801,710,4,2024-03-03,5,3,1,349.0,150.0,0.0
802,711,2,2024-03-03,1,1,2,299.0,129.0,0.0
803,712,6,2024-03-03,1,1,1,499.0,215.0,0.0
804,713,1,2024-03-03,4,2,1,254.15,129.0,44.85
805,433,5,2024-03-03,6,2,1,296.65,150.0,52.35
806,714,4,2024-03-04,5,1,1,349.0,150.0,0.0
807,715,1,2024-03-04,1,1,1,299.0,129.0,0.0
808,716,1,2024-03-04,1,5,1,299.0,129.0,0.0
809,161,5,2024-03-04,3,2,1,349.0,150.0,0.0
810,717,5,2024-03-04,2,4,1,349.0,150.0,0.0
811,718,6,2024-03-04,2,2,1,424.15,215.0,74.85
812,719,2,2024-03-04,1,2,2,299.0,129.0,0.0
813,720,1,2024-03-04,8,4,1,299.0,129.0,0.0
814,721,6,2024-03-04,3,3,1,449.1,215.0,49.9
815,722,6,2024-03-04,5,5,1,449.1,215.0,49.9
816,723,4,2024-03-04,1,1,1,349.0,150.0,0.0
817,724,1,2024-03-04,4,1,1,254.15,129.0,44.85
818,725,3,2024-03-04,1,4,2,329.0,142.0,0.0
819,726,2,2024-03-04,6,1,1,299.0,129.0,0.0
820,727,6,2024-03-04,7,1,1,499.0,215.0,0.0
821,728,6,2024-03-05,5,4,1,499.0,215.0,0.0
822,729,2,2024-03-05,4,1,1,299.0,129.0,0.0
823,730,1,2024-03-05,4,2,2,299.0,129.0,0.0
824,731,5,2024-03-05,3,2,1,349.0,150.0,0.0
825,732,4,2024-03-05,7,2,2,314.1,150.0,34.9
826,733,6,2024-03-05,1,2,1,499.0,215.0,0.0
827,734,1,2024-03-05,3,2,1,299.0,129.0,0.0
828,735,3,2024-03-05,,3,1,329.0,142.0,0.0
829,736,4,2024-03-05,1,2,1,349.0,150.0,0.0
830,737,3,2024-03-05,3,1,1,329.0,142.0,0.0
831,418,4,2024-03-05,3,1,1,349.0,150.0,0.0
832,738,5,2024-03-05,2,1,1,314.1,150.0,34.9
833,739,1,2024-03-05,1,1,1,299.0,129.0,0.0
834,414,2,2024-03-05,1,5,1,299.0,129.0,0.0
835,740,1,2024-03-05,3,5,1,299.0,129.0,0.0
836,741,5,2024-03-05,5,1,1,349.0,150.0,0.0
837,742,4,2024-03-05,5,1,1,349.0,150.0,0.0
838,743,5,2024-03-05,3,1,1,349.0,150.0,0.0
839,744,3,2024-03-06,1,1,1,279.65,142.0,49.35
840,745,1,2024-03-06,1,2,1,254.15,129.0,44.85
841,746,4,2024-03-06,2,3,1,314.1,150.0,34.9
842,747,4,2024-03-06,2,1,1,314.1,150.0,34.9
843,748,4,2024-03-06,5,1,1,349.0,150.0,0.0
844,749,4,2024-03-06,,1,1,314.1,150.0,34.9
845,750,2,2024-03-06,1,2,1,299.0,129.0,0.0
846,751,2,2024-03-06,2,2,1,269.1,129.0,29.9
847,240,6,2024-03-06,1,3,1,499.0,215.0,0.0
848,752,5,2024-03-06,1,1,2,349.0,150.0,0.0
849,725,1,2024-03-06,3,1,1,269.1,129.0,29.9
850,753,3,2024-03-06,1,1,1,329.0,142.0,0.0
851,754,3,2024-03-07,4,1,1,329.0,142.0,0.0
852,755,5,2024-03-07,6,1,1,349.0,150.0,0.0
853,756,4,2024-03-07,1,2,2,349.0,150.0,0.0
854,757,6,2024-03-07,4,2,1,499.0,215.0,0.0
855,758,4,2024-03-07,4,1,1,349.0,150.0,0.0
856,542,3,2024-03-07,3,2,1,296.1,142.0,32.9
857,759,2,2024-03-07,5,4,1,299.0,129.0,0.0
858,760,3,2024-03-07,7,5,1,329.0,142.0,0.0
859,761,4,2024-03-07,2,1,1,349.0,150.0,0.0
860,762,1,2024-03-07,3,2,1,299.0,129.0,0.0
861,763,2,2024-03-08,2,1,1,299.0,129.0,0.0
862,764,4,2024-03-08,7,4,1,314.1,150.0,34.9
863,765,5,2024-03-08,5,2,1,349.0,150.0,0.0
864,766,5,2024-03-08,4,2,1,349.0,150.0,0.0
865,767,2,2024-03-08,1,1,1,299.0,129.0,0.0
866,768,4,2024-03-08,1,3,1,349.0,150.0,0.0
867,769,5,2024-03-08,3,1,1,349.0,150.0,0.0
868,770,3,2024-03-08,3,3,1,279.65,142.0,49.35
869,771,6,2024-03-09,1,2,1,449.1,215.0,49.9
870,772,2,2024-03-09,6,1,1,269.1,129.0,29.9
871,773,5,2024-03-09,3,3,1,314.1,150.0,34.9
872,774,1,2024-03-09,3,5,1,269.1,129.0,29.9
873,139,4,2024-03-09,2,2,1,349.0,150.0,0.0
874,775,1,2024-03-09,1,2,2,299.0,129.0,0.0
875,776,2,2024-03-09,1,1,1,269.1,129.0,29.9
876,618,4,2024-03-09,2,1,1,349.0,150.0,0.0
877,777,5,2024-03-09,5,2,1,349.0,150.0,0.0
878,778,4,2024-03-09,1,1,1,349.0,150.0,0.0
879,779,4,2024-03-09,4,1,2,296.65,150.0,52.35
880,780,4,2024-03-10,1,1,1,314.1,150.0,34.9
881,781,6,2024-03-10,5,2,1,449.1,215.0,49.9
882,782,2,2024-03-10,1,4,1,299.0,129.0,0.0
883,783,4,2024-03-10,5,1,1,349.0,150.0,0.0
884,637,2,2024-03-10,2,4,1,299.0,129.0,0.0
885,784,6,2024-03-10,1,1,1,499.0,215.0,0.0
886,785,2,2024-03-10,4,2,1,299.0,129.0,0.0
887,786,2,2024-03-10,5,1,1,269.1,129.0,29.9
888,546,5,2024-03-10,2,2,1,349.0,150.0,0.0
889,787,4,2024-03-10,2,2,1,349.0,150.0,0.0
890,788,1,2024-03-10,6,1,1,299.0,129.0,0.0
891,789,5,2024-03-10,1,2,1,349.0,150.0,0.0
892,90165,5,2024-03-10,5,1,1,349.0,150.0,0.0
893,791,3,2024-03-10,7,1,1,329.0,142.0,0.0
894,792,4,2024-03-10,5,1,1,349.0,150.0,0.0
895,793,4,2024-03-10,2,3,2,349.0,150.0,0.0
896,794,5,2024-03-10,1,1,1,349.0,150.0,0.0
897,795,6,2024-03-10,5,2,2,499.0,215.0,0.0
898,796,2,2024-03-10,4,1,1,299.0,129.0,0.0
899,797,1,2024-03-11,3,3,1,299.0,129.0,0.0
900,798,5,2024-03-11,2,1,1,349.0,150.0,0.0
901,799,2,2024-03-11,2,1,2,299.0,129.0,0.0
902,719,6,2024-03-11,5,2,1,499.0,215.0,0.0
903,420,5,2024-03-11,1,3,1,349.0,150.0,0.0
904,800,6,2024-03-11,3,2,1,424.15,215.0,74.85
905,801,5,2024-03-11,3,5,2,349.0,150.0,0.0
906,802,3,2024-03-11,6,1,1,329.0,142.0,0.0
907,803,5,2024-03-11,3,2,1,349.0,150.0,0.0
908,804,6,2024-03-11,2,1,1,499.0,215.0,0.0
909,175,3,2024-03-11,5,1,1,329.0,142.0,0.0
910,805,3,2024-03-11,5,3,1,329.0,142.0,0.0
911,806,2,2024-03-11,3,5,1,299.0,129.0,0.0
912,807,4,2024-03-12,3,1,1,349.0,150.0,0.0
913,808,1,2024-03-12,5,2,1,299.0,129.0,0.0
914,809,5,2024-03-12,4,2,1,349.0,150.0,0.0
915,810,1,2024-03-12,2,1,1,299.0,129.0,0.0
916,811,4,2024-03-12,1,1,1,349.0,150.0,0.0
917,812,5,2024-03-12,4,2,1,349.0,150.0,0.0
918,813,2,2024-03-12,1,1,1,299.0,129.0,0.0
919,814,4,2024-03-12,1,2,1,349.0,150.0,0.0
920,815,5,2024-03-12,3,2,1,349.0,150.0,0.0
921,816,5,2024-03-12,5,1,1,349.0,150.0,0.0
922,234,3,2024-03-13,4,2,2,329.0,142.0,0.0
923,817,3,2024-03-13,1,1,1,329.0,142.0,0.0
924,818,6,2024-03-13,3,1,1,424.15,215.0,74.85
925,819,1,2024-03-13,2,3,1,299.0,129.0,0.0
926,820,5,2024-03-13,8,5,1,349.0,150.0,0.0
927,821,5,2024-03-13,5,1,1,349.0,150.0,0.0
928,90146,4,2024-03-13,3,1,1,349.0,150.0,0.0
929,822,4,2024-03-13,5,1,1,349.0,150.0,0.0
930,823,5,2024-03-13,4,1,1,349.0,150.0,0.0
931,82,2,2024-03-13,4,1,1,269.1,129.0,29.9
932,824,5,2024-03-13,1,4,1,349.0,150.0,0.0
933,825,5,2024-03-13,7,2,1,349.0,150.0,0.0
934,826,2,2024-03-13,1,1,1,254.15,129.0,44.85
935,827,5,2024-03-13,3,2,1,349.0,150.0,0.0
936,828,6,2024-03-13,3,1,1,499.0,215.0,0.0
937,829,3,2024-03-13,2,2,1,329.0,142.0,0.0
938,830,2,2024-03-13,5,2,2,299.0,129.0,0.0
939,831,5,2024-03-13,1,2,1,314.1,150.0,34.9
940,832,2,2024-03-14,4,1,1,269.1,129.0,29.9
941,833,3,2024-03-14,4,1,2,329.0,142.0,0.0
942,834,2,2024-03-14,7,1,1,254.15,129.0,44.85
943,835,4,2024-03-14,3,4,1,349.0,150.0,0.0
944,836,5,2024-03-14,3,1,1,349.0,150.0,0.0
945,837,6,2024-03-14,7,5,2,499.0,215.0,0.0
946,838,3,2024-03-14,1,1,1,279.65,142.0,49.35
947,839,5,2024-03-14,7,2,1,314.1,150.0,34.9
948,840,4,2024-03-14,7,5,1,296.65,150.0,52.35
949,841,2,2024-03-14,1,3,1,299.0,129.0,0.0
950,842,4,2024-03-14,1,1,1,349.0,150.0,0.0
951,843,5,2024-03-14,3,2,1,349.0,150.0,0.0
952,844,4,2024-03-14,6,2,1,349.0,150.0,0.0
953,227,1,2024-03-14,5,1,1,299.0,129.0,0.0
954,90286,2,2024-03-14,9,3,1,299.0,129.0,0.0
955,845,1,2024-03-14,7,2,2,254.15,129.0,44.85
956,846,2,2024-03-15,5,2,1,299.0,129.0,0.0
957,847,3,2024-03-15,4,2,1,329.0,142.0,0.0
958,43,5,2024-03-15,3,4,1,349.0,150.0,0.0
959,476,1,2024-03-15,2,3,2,299.0,129.0,0.0
960,848,4,2024-03-15,1,1,1,349.0,150.0,0.0
961,849,3,2024-03-15,3,2,1,296.1,142.0,32.9
962,850,4,2024-03-15,1,4,1,349.0,150.0,0.0
963,851,4,2024-03-15,5,5,1,349.0,150.0,0.0
964,852,5,2024-03-15,3,1,1,349.0,150.0,0.0
965,211,4,2024-03-15,3,1,1,349.0,150.0,0.0
966,634,5,2024-03-15,5,1,1,314.1,150.0,34.9
967,853,1,2024-03-15,3,2,1,299.0,129.0,0.0
968,289,5,2024-03-16,2,2,1,296.65,150.0,52.35
969,854,5,2024-03-16,4,1,1,349.0,150.0,0.0
970,855,5,2024-03-16,3,1,1,349.0,150.0,0.0
971,856,5,2024-03-16,1,1,1,349.0,150.0,0.0
972,857,2,2024-03-16,3,4,1,299.0,129.0,0.0
973,858,4,2024-03-16,1,2,1,314.1,150.0,34.9
974,859,4,2024-03-16,4,1,1,349.0,150.0,0.0
975,860,4,2024-03-16,6,1,1,349.0,150.0,0.0
976,861,1,2024-03-16,6,3,1,299.0,129.0,0.0
977,862,5,2024-03-16,1,2,1,296.65,150.0,52.35
978,863,2,2024-03-16,5,2,1,299.0,129.0,0.0
979,864,5,2024-03-16,3,5,1,349.0,150.0,0.0
980,865,1,2024-03-16,2,1,1,299.0,129.0,0.0
981,866,4,2024-03-16,1,3,1,349.0,150.0,0.0
982,867,2,2024-03-16,5,2,1,299.0,129.0,0.0
983,575,1,2024-03-16,9,2,1,299.0,129.0,0.0
984,868,6,2024-03-17,2,2,1,499.0,215.0,0.0
985,869,6,2024-03-17,3,2,1,499.0,215.0,0.0
986,870,4,2024-03-17,4,3,1,349.0,150.0,0.0
987,871,6,2024-03-17,4,1,1,499.0,215.0,0.0
988,872,5,2024-03-17,3,1,1,296.65,150.0,52.35
989,873,4,2024-03-17,1,1,1,349.0,150.0,0.0
990,874,5,2024-03-17,2,1,1,349.0,150.0,0.0
991,875,5,2024-03-17,4,1,1,349.0,150.0,0.0
992,90087,2,2024-03-17,4,5,1,299.0,129.0,0.0
993,877,5,2024-03-17,4,4,1,349.0,150.0,0.0
994,878,4,2024-03-17,3,3,1,314.1,150.0,34.9
995,879,5,2024-03-18,2,2,1,349.0,150.0,0.0
996,880,2,2024-03-18,7,2,1,269.1,129.0,29.9
997,881,6,2024-03-18,9,2,1,499.0,215.0,0.0
998,882,5,2024-03-18,4,4,1,349.0,150.0,0.0
999,186,5,2024-03-18,1,2,1,349.0,150.0,0.0
1000,883,4,2024-03-18,8,1,1,349.0,150.0,0.0
1001,884,3,2024-03-18,5,5,1,296.1,142.0,32.9
1002,885,4,2024-03-19,7,3,1,349.0,150.0,0.0
1003,886,4,2024-03-19,7,4,1,349.0,150.0,0.0
1004,887,6,2024-03-19,5,2,1,499.0,215.0,0.0
1005,888,5,2024-03-19,7,3,1,349.0,150.0,0.0
1006,889,4,2024-03-19,1,2,1,349.0,150.0,0.0
1007,890,5,2024-03-19,2,4,1,349.0,150.0,0.0
1008,891,3,2024-03-19,2,2,1,329.0,142.0,0.0
1009,892,1,2024-03-19,1,2,1,299.0,129.0,0.0
1010,893,4,2024-03-19,2,1,1,349.0,150.0,0.0
1011,894,5,2024-03-19,1,2,1,349.0,150.0,0.0
1012,895,3,2024-03-19,3,3,1,329.0,142.0,0.0
1013,896,1,2024-03-19,1,2,1,299.0,129.0,0.0
1014,897,4,2024-03-19,4,1,1,349.0,150.0,0.0
1015,898,5,2024-03-20,3,5,1,349.0,150.0,0.0
1016,899,5,2024-03-20,5,5,1,349.0,150.0,0.0
1017,900,4,2024-03-20,5,2,1,349.0,150.0,0.0
1018,901,2,2024-03-20,4,5,1,269.1,129.0,29.9
1019,902,3,2024-03-20,5,4,1,329.0,142.0,0.0
1020,903,4,2024-03-20,2,2,1,349.0,150.0,0.0
1021,904,2,2024-03-20,1,1,1,0.0,129.0,0.0
1022,905,5,2024-03-20,4,3,1,349.0,150.0,0.0
1023,906,4,2024-03-20,4,2,1,349.0,150.0,0.0
1024,907,6,2024-03-20,5,2,1,499.0,215.0,0.0
1025,908,5,2024-03-20,3,1,1,314.1,150.0,34.9
1026,909,5,2024-03-20,3,2,1,296.65,150.0,52.35
1027,910,4,2024-03-20,6,1,1,349.0,150.0,0.0
1028,911,6,2024-03-20,5,3,1,499.0,215.0,0.0
1029,912,5,2024-03-21,7,5,1,314.1,150.0,34.9
1030,913,4,2024-03-21,1,2,1,349.0,150.0,0.0
1031,914,3,2024-03-21,4,1,1,329.0,142.0,0.0
1032,915,4,2024-03-21,8,2,1,349.0,150.0,0.0
1033,916,6,2024-03-21,1,5,1,499.0,215.0,0.0
1034,917,4,2024-03-21,2,2,1,349.0,150.0,0.0
1035,918,1,2024-03-21,2,4,1,269.1,129.0,29.9
1036,919,5,2024-03-21,2,1,1,349.0,150.0,0.0
1037,920,3,2024-03-21,4,2,1,329.0,142.0,0.0
1038,921,2,2024-03-21,6,1,1,254.15,129.0,44.85
1039,922,6,2024-03-21,1,1,1,499.0,215.0,0.0
1040,923,5,2024-03-22,9,1,1,349.0,150.0,0.0
1041,924,4,2024-03-22,5,2,1,349.0,150.0,0.0
1042,925,4,2024-03-22,3,2,1,349.0,150.0,0.0
1043,926,3,2024-03-22,3,4,1,329.0,142.0,0.0
1044,927,2,2024-03-22,3,2,1,299.0,129.0,0.0
1045,928,6,2024-03-22,1,2,1,499.0,215.0,0.0
1046,455,5,2024-03-22,9,5,1,349.0,150.0,0.0
1047,929,5,2024-03-22,7,1,1,349.0,150.0,0.0
1048,930,4,2024-03-22,1,2,1,296.65,150.0,52.35
1049,779,5,2024-03-22,2,3,1,349.0,150.0,0.0
1050,931,4,2024-03-22,5,2,1,349.0,150.0,0.0
1051,653,6,2024-03-22,1,5,1,499.0,215.0,0.0
1052,932,5,2024-03-22,1,2,1,349.0,150.0,0.0
1053,933,2,2024-03-22,5,2,1,254.15,129.0,44.85
1054,934,2,2024-03-22,6,1,1,299.0,129.0,0.0
1055,935,1,2024-03-22,1,1,1,269.1,129.0,29.9
1056,936,2,2024-03-23,1,3,1,269.1,129.0,29.9
1057,937,4,2024-03-23,2,1,1,314.1,150.0,34.9
1058,938,1,2024-03-23,3,5,2,299.0,129.0,0.0
1059,939,5,2024-03-23,4,1,1,349.0,150.0,0.0
1060,940,5,2024-03-23,5,1,1,349.0,150.0,0.0
1061,386,2,2024-03-23,5,3,1,299.0,129.0,0.0
1062,941,4,2024-03-23,3,1,1,349.0,150.0,0.0
1063,942,5,2024-03-23,3,3,1,296.65,150.0,52.35
1064,709,6,2024-03-23,7,2,1,499.0,215.0,0.0
1065,943,6,2024-03-23,6,1,1,424.15,215.0,74.85
1066,944,2,2024-03-23,2,3,1,299.0,129.0,0.0
1067,838,5,2024-03-23,1,1,1,349.0,150.0,0.0
1068,945,5,2024-03-23,4,4,1,349.0,150.0,0.0
1069,946,1,2024-03-23,3,1,1,299.0,129.0,0.0
1070,947,2,2024-03-23,1,5,1,299.0,129.0,0.0
1071,948,5,2024-03-24,4,3,1,296.65,150.0,52.35
1072,949,1,2024-03-24,4,4,1,299.0,129.0,0.0
1073,403,4,2024-03-24,5,1,2,314.1,150.0,34.9
1074,950,4,2024-03-24,7,1,2,349.0,150.0,0.0
1075,951,4,2024-03-24,2,1,1,314.1,150.0,34.9
1076,952,1,2024-03-24,2,1,1,299.0,129.0,0.0
1077,377,6,2024-03-24,3,5,1,499.0,215.0,0.0
1078,953,4,2024-03-24,1,3,1,349.0,150.0,0.0
1079,954,2,2024-03-24,5,1,1,254.15,129.0,44.85
1080,955,1,2024-03-24,3,4,1,299.0,129.0,0.0
1081,956,1,2024-03-24,4,1,1,254.15,129.0,44.85
1082,957,5,2024-03-24,3,5,1,349.0,150.0,0.0
1083,958,4,2024-03-24,5,3,1,314.1,150.0,34.9
1084,959,4,2024-03-24,5,2,1,296.65,150.0,52.35
1085,960,4,2024-03-24,5,2,2,349.0,150.0,0.0
1086,961,4,2024-03-24,3,5,2,349.0,150.0,0.0
1087,962,1,2024-03-24,4,1,1,269.1,129.0,29.9
1088,963,2,2024-03-25,4,2,1,269.1,129.0,29.9
1089,964,1,2024-03-25,1,1,1,299.0,129.0,0.0
1090,965,5,2024-03-25,1,2,1,349.0,150.0,0.0
1091,966,3,2024-03-25,3,5,1,296.1,142.0,32.9
1092,967,1,2024-03-25,1,1,1,269.1,129.0,29.9
1093,914,5,2024-03-25,4,4,1,349.0,150.0,0.0
1094,968,1,2024-03-25,1,1,1,254.15,129.0,44.85
1095,969,5,2024-03-25,1,3,1,296.65,150.0,52.35
1096,970,1,2024-03-25,2,3,1,299.0,129.0,0.0
1097,971,4,2024-03-25,5,1,1,349.0,150.0,0.0
1098,972,4,2024-03-25,5,2,1,349.0,150.0,0.0
1099,973,5,2024-03-25,2,5,2,349.0,150.0,0.0
1100,974,4,2024-03-25,5,3,1,314.1,150.0,34.9
1101,975,4,2024-03-25,1,2,1,349.0,150.0,0.0
1102,976,5,2024-03-25,7,1,1,349.0,150.0,0.0
1103,977,1,2024-03-25,5,1,1,299.0,129.0,0.0
1104,978,4,2024-03-26,1,3,1,349.0,150.0,0.0
1105,61,5,2024-03-26,5,3,1,314.1,150.0,34.9
1106,979,2,2024-03-26,3,5,1,299.0,129.0,0.0
1107,980,4,2024-03-26,3,5,1,349.0,150.0,0.0
1108,766,4,2024-03-26,1,1,1,349.0,150.0,0.0
1109,13,1,2024-03-26,2,3,1,299.0,129.0,0.0
1110,981,4,2024-03-26,,1,1,314.1,150.0,34.9
1111,982,2,2024-03-26,8,2,1,299.0,129.0,0.0
1112,983,2,2024-03-26,4,1,1,299.0,129.0,0.0
1113,984,4,2024-03-26,5,1,1,314.1,150.0,34.9
1114,985,5,2024-03-26,5,2,2,349.0,150.0,0.0
1115,986,1,2024-03-26,4,1,1,299.0,129.0,0.0
1116,987,2,2024-03-26,5,1,1,299.0,129.0,0.0
1117,988,1,2024-03-26,2,1,1,269.1,129.0,29.9
1118,989,5,2024-03-27,3,2,1,296.65,150.0,52.35
1119,990,1,2024-03-27,8,1,1,299.0,129.0,0.0
1120,991,1,2024-03-27,1,4,1,299.0,129.0,0.0
1121,992,4,2024-03-27,7,2,1,349.0,150.0,0.0
1122,993,5,2024-03-27,1,5,1,349.0,150.0,0.0
1123,642,5,2024-03-27,3,5,1,314.1,150.0,34.9
1124,994,4,2024-03-27,5,3,1,349.0,150.0,0.0
1125,995,2,2024-03-27,7,2,1,299.0,129.0,0.0
1126,996,1,2024-03-27,8,1,1,299.0,129.0,0.0
1127,997,4,2024-03-27,3,2,1,349.0,150.0,0.0
1128,998,5,2024-03-28,1,2,1,349.0,150.0,0.0
1129,999,1,2024-03-28,1,1,1,254.15,129.0,44.85
1130,1000,4,2024-03-28,2,3,1,349.0,150.0,0.0
1131,1001,5,2024-03-28,3,3,1,349.0,150.0,0.0
1132,1002,5,2024-03-28,2,2,1,314.1,150.0,34.9
1133,1003,4,2024-03-28,7,1,1,349.0,150.0,0.0
1134,1004,1,2024-03-28,8,2,1,299.0,129.0,0.0
1135,1005,5,2024-03-28,7,3,1,349.0,150.0,0.0
1136,1006,1,2024-03-28,7,1,2,299.0,129.0,0.0
1137,184,3,2024-03-28,1,2,1,329.0,142.0,0.0
1138,1007,1,2024-03-28,8,1,1,299.0,129.0,0.0
1139,1008,1,2024-03-28,3,5,1,254.15,129.0,44.85
1140,1009,2,2024-03-28,2,1,1,299.0,129.0,0.0
1141,1010,5,2024-03-28,2,2,1,349.0,150.0,0.0
1142,1011,5,2024-03-29,2,2,1,349.0,150.0,0.0
1143,1012,5,2024-03-29,8,1,2,314.1,150.0,34.9
1144,1013,5,2024-03-29,7,1,1,349.0,150.0,0.0
1145,912,6,2024-03-29,5,2,1,499.0,215.0,0.0
1146,1014,5,2024-03-29,2,5,1,349.0,150.0,0.0
1147,1015,4,2024-03-29,3,2,1,349.0,150.0,0.0
1148,1016,2,2024-03-29,1,5,1,269.1,129.0,29.9
1149,1017,4,2024-03-29,4,1,1,349.0,150.0,0.0
1150,1018,4,2024-03-29,3,1,1,314.1,150.0,34.9
1151,1019,1,2024-03-29,1,2,1,299.0,129.0,0.0
1152,503,6,2024-03-29,2,2,1,499.0,215.0,0.0
1153,816,2,2024-03-29,2,5,2,299.0,129.0,0.0
1154,1020,5,2024-03-30,1,1,1,349.0,150.0,0.0
1155,1021,1,2024-03-30,1,1,1,299.0,129.0,0.0
1156,1022,4,2024-03-30,2,2,1,349.0,150.0,0.0
1157,1023,4,2024-03-30,7,2,1,349.0,150.0,0.0
1158,1024,4,2024-03-30,2,1,1,349.0,150.0,0.0
1159,1025,5,2024-03-30,5,2,2,349.0,150.0,0.0
1160,1026,2,2024-03-30,3,1,2,254.15,129.0,44.85
1161,1027,4,2024-03-30,5,3,1,349.0,150.0,0.0
1162,1028,6,2024-03-30,2,2,1,499.0,215.0,0.0
1163,1029,5,2024-03-30,1,2,1,349.0,150.0,0.0
1164,1030,4,2024-03-30,2,1,1,296.65,150.0,52.35
1165,652,4,2024-03-30,,2,1,349.0,150.0,0.0
1166,1031,2,2024-03-30,8,5,1,299.0,129.0,0.0
1167,1032,5,2024-03-31,2,2,1,349.0,150.0,0.0
1168,1033,6,2024-03-31,5,2,1,499.0,215.0,0.0
1169,1034,6,2024-03-31,5,5,1,499.0,215.0,0.0
1170,1035,4,2024-03-31,3,1,1,349.0,150.0,0.0
1171,1036,2,2024-03-31,9,1,1,269.1,129.0,29.9
1172,1037,6,2024-03-31,3,5,1,499.0,215.0,0.0
1173,1038,4,2024-03-31,5,1,1,349.0,150.0,0.0
1174,1039,2,2024-03-31,1,4,1,299.0,129.0,0.0
1175,1040,5,2024-03-31,,1,1,349.0,150.0,0.0
1176,1041,1,2024-03-31,6,2,1,254.15,129.0,44.85
1177,1042,5,2024-03-31,3,3,1,349.0,150.0,0.0
1178,1043,2,2024-03-31,9,1,1,299.0,129.0,0.0
1179,1044,5,2024-04-01,7,2,1,349.0,150.0,0.0
1180,1045,4,2024-04-01,3,2,1,349.0,150.0,0.0
1181,1046,5,2024-04-01,2,4,1,349.0,150.0,0.0
1182,240,1,2024-04-01,3,5,1,299.0,129.0,0.0
1183,1047,3,2024-04-01,7,2,1,329.0,142.0,0.0
1184,1048,5,2024-04-01,5,2,1,349.0,150.0,0.0
1185,1049,5,2024-04-01,2,3,1,349.0,150.0,0.0
1186,1050,5,2024-04-01,6,1,1,349.0,150.0,0.0
1187,1051,4,2024-04-01,2,5,1,349.0,150.0,0.0
1188,1052,1,2024-04-01,1,4,1,299.0,129.0,0.0
1189,1053,4,2024-04-01,3,2,1,349.0,150.0,0.0
1190,1054,5,2024-04-01,1,4,1,349.0,150.0,0.0
1191,1055,6,2024-04-01,2,4,1,499.0,215.0,0.0
1192,157,5,2024-04-01,2,3,1,314.1,150.0,34.9
1193,1056,1,2024-04-01,6,1,1,299.0,129.0,0.0
1194,1057,2,2024-04-01,1,3,1,299.0,129.0,0.0
1195,1058,5,2024-04-02,1,3,1,349.0,150.0,0.0
1196,1059,4,2024-04-02,1,1,1,349.0,150.0,0.0
1197,1060,5,2024-04-02,7,1,1,314.1,150.0,34.9
1198,1061,6,2024-04-02,1,4,1,499.0,215.0,0.0
1199,1062,6,2024-04-02,1,2,2,499.0,215.0,0.0
1200,1063,5,2024-04-02,1,2,1,349.0,150.0,0.0
1201,1064,1,2024-04-02,2,5,1,299.0,129.0,0.0
1202,1065,4,2024-04-02,1,2,2,349.0,150.0,0.0
1203,1066,5,2024-04-02,3,5,1,349.0,150.0,0.0
1204,1067,2,2024-04-02,1,1,1,299.0,129.0,0.0
1205,1068,1,2024-04-02,1,1,2,299.0,129.0,0.0
1206,1069,5,2024-04-02,1,1,1,349.0,150.0,0.0
1207,1070,1,2024-04-02,2,5,1,299.0,129.0,0.0
1208,1071,4,2024-04-02,6,1,1,349.0,150.0,0.0
1209,1072,1,2024-04-02,4,1,1,299.0,129.0,0.0
1210,1073,6,2024-04-03,3,3,1,499.0,215.0,0.0
1211,1074,1,2024-04-03,3,1,1,299.0,129.0,0.0
1212,1075,6,2024-04-03,8,1,2,499.0,215.0,0.0
1213,105,4,2024-04-03,6,3,2,349.0,150.0,0.0
1214,1076,2,2024-04-03,2,3,1,299.0,129.0,0.0
1215,1077,4,2024-04-03,4,2,1,349.0,150.0,0.0
1216,116,4,2024-04-03,1,1,1,314.1,150.0,34.9
1217,1078,4,2024-04-03,1,1,1,349.0,150.0,0.0
1218,1079,1,2024-04-03,2,3,1,254.15,129.0,44.85
1219,1080,2,2024-04-03,1,3,1,299.0,129.0,0.0
1220,43,5,2024-04-03,4,2,1,349.0,150.0,0.0
1221,1081,2,2024-04-03,3,5,1,269.1,129.0,29.9
1222,1082,1,2024-04-03,2,1,1,254.15,129.0,44.85
1223,1083,1,2024-04-04,2,3,1,269.1,129.0,29.9
1224,1084,4,2024-04-04,3,1,1,349.0,150.0,0.0
1225,1085,5,2024-04-04,,2,1,349.0,150.0,0.0
1226,1086,5,2024-04-04,3,5,1,349.0,150.0,0.0
1227,1087,4,2024-04-04,2,1,1,296.65,150.0,52.35
1228,1088,1,2024-04-04,5,1,1,299.0,129.0,0.0
1229,732,5,2024-04-04,2,2,1,349.0,150.0,0.0
1230,1089,3,2024-04-04,4,2,1,329.0,142.0,0.0
1231,1090,6,2024-04-04,2,1,1,499.0,215.0,0.0
1232,1091,3,2024-04-04,3,5,1,296.1,142.0,32.9
1233,919,2,2024-04-04,9,2,1,299.0,129.0,0.0
1234,1092,3,2024-04-04,1,3,1,296.1,142.0,32.9
1235,1093,3,2024-04-05,2,2,1,296.1,142.0,32.9
1236,1094,3,2024-04-05,6,3,1,329.0,142.0,0.0
1237,1095,5,2024-04-05,1,5,1,349.0,150.0,0.0
1238,1096,4,2024-04-05,1,4,1,349.0,150.0,0.0
1239,1097,1,2024-04-05,5,2,1,299.0,129.0,0.0
1240,1098,2,2024-04-05,2,4,1,299.0,129.0,0.0
1241,1099,4,2024-04-05,2,2,1,349.0,150.0,0.0
1242,1100,4,2024-04-05,1,3,1,349.0,150.0,0.0
1243,1101,5,2024-04-05,8,3,1,349.0,150.0,0.0
1244,1102,4,2024-04-05,4,3,2,349.0,150.0,0.0
1245,1103,4,2024-04-05,3,2,1,349.0,150.0,0.0
1246,1104,1,2024-04-05,2,2,1,299.0,129.0,0.0
1247,1105,3,2024-04-05,1,2,1,329.0,142.0,0.0
1248,1106,5,2024-04-05,4,2,1,349.0,150.0,0.0
1249,1107,1,2024-04-05,6,2,1,299.0,129.0,0.0
1250,1108,4,2024-04-05,1,1,1,349.0,150.0,0.0
1251,1109,1,2024-04-05,4,1,1,269.1,129.0,29.9
1252,1110,4,2024-04-06,1,2,1,314.1,150.0,34.9
1253,1111,5,2024-04-06,2,3,1,349.0,150.0,0.0
1254,1112,1,2024-04-06,1,1,2,299.0,129.0,0.0
1255,1113,5,2024-04-06,6,5,2,349.0,150.0,0.0
1256,1114,6,2024-04-06,1,1,1,449.1,215.0,49.9
1257,1115,5,2024-04-06,2,3,1,349.0,150.0,0.0
1258,1116,2,2024-04-06,1,5,1,299.0,129.0,0.0
1259,1117,4,2024-04-06,3,2,1,349.0,150.0,0.0
1260,1118,6,2024-04-06,5,5,1,499.0,215.0,0.0
1261,1119,5,2024-04-06,5,4,2,349.0,150.0,0.0
1262,1120,1,2024-04-06,6,3,2,299.0,129.0,0.0
1263,1121,6,2024-04-06,1,2,1,449.1,215.0,49.9
1264,1122,3,2024-04-06,5,1,2,329.0,142.0,0.0
1265,1123,5,2024-04-06,7,2,1,349.0,150.0,0.0
1266,1124,6,2024-04-06,6,1,1,499.0,215.0,0.0
1267,1125,2,2024-04-06,4,4,1,254.15,129.0,44.85
1268,1126,5,2024-04-06,7,4,1,349.0,150.0,0.0
1269,1127,6,2024-04-06,6,3,1,499.0,215.0,0.0
1270,1128,5,2024-04-06,5,2,1,314.1,150.0,34.9
1271,1129,3,2024-04-07,5,2,1,296.1,142.0,32.9
1272,1130,1,2024-04-07,4,3,1,299.0,129.0,0.0
1273,1131,1,2024-04-07,2,1,1,299.0,129.0,0.0
1274,1132,2,2024-04-07,6,3,1,254.15,129.0,44.85
1275,1133,5,2024-04-07,2,2,1,314.1,150.0,34.9
1276,1134,5,2024-04-07,6,3,1,349.0,150.0,0.0
1277,1135,2,2024-04-07,7,5,1,299.0,129.0,0.0
1278,832,5,2024-04-07,7,2,1,296.65,150.0,52.35
1279,1136,6,2024-04-08,1,2,1,499.0,215.0,0.0
1280,1137,4,2024-04-08,2,5,1,349.0,150.0,0.0
1281,1138,1,2024-04-08,7,2,1,299.0,129.0,0.0
1282,900,5,2024-04-08,1,4,1,349.0,150.0,0.0
1283,1139,5,2024-04-08,1,4,1,349.0,150.0,0.0
1284,1140,4,2024-04-08,4,2,2,349.0,150.0,0.0
1285,1141,4,2024-04-08,1,2,1,349.0,150.0,0.0
1286,1142,6,2024-04-08,3,1,1,499.0,215.0,0.0
1287,1143,1,2024-04-08,5,3,1,299.0,129.0,0.0
1288,1144,5,2024-04-08,1,1,1,349.0,150.0,0.0
1289,1145,3,2024-04-09,9,5,1,279.65,142.0,49.35
1290,1146,6,2024-04-09,1,1,1,499.0,215.0,0.0
1291,1147,4,2024-04-09,2,5,1,349.0,150.0,0.0
1292,1148,4,2024-04-09,3,5,1,349.0,150.0,0.0
1293,1149,5,2024-04-09,3,1,1,349.0,150.0,0.0
1294,1150,1,2024-04-09,7,4,1,299.0,129.0,0.0
1295,1151,5,2024-04-09,7,2,2,349.0,150.0,0.0
1296,1152,5,2024-04-09,7,1,1,349.0,150.0,0.0
1297,1153,6,2024-04-09,6,3,1,499.0,215.0,0.0
1298,1154,5,2024-04-09,1,1,1,349.0,150.0,0.0
1299,1155,4,2024-04-10,1,2,2,296.65,150.0,52.35
1300,1156,5,2024-04-10,6,4,1,349.0,150.0,0.0
1301,1157,1,2024-04-10,1,1,1,269.1,129.0,29.9
1302,224,4,2024-04-10,3,2,1,314.1,150.0,34.9
1303,1158,6,2024-04-10,3,1,1,499.0,215.0,0.0
1304,1159,5,2024-04-10,1,3,1,314.1,150.0,34.9
1305,1160,5,2024-04-10,8,4,1,349.0,150.0,0.0
1306,1161,2,2024-04-10,4,2,1,269.1,129.0,29.9
1307,1162,6,2024-04-10,8,3,1,499.0,215.0,0.0
1308,1163,6,2024-04-10,5,5,1,499.0,215.0,0.0
1309,1164,4,2024-04-10,4,1,1,349.0,150.0,0.0
1310,1165,1,2024-04-10,2,2,1,254.15,129.0,44.85
1311,1166,2,2024-04-10,1,4,2,269.1,129.0,29.9
1312,1167,2,2024-04-10,5,3,1,299.0,129.0,0.0
1313,1168,1,2024-04-11,5,1,1,299.0,129.0,0.0
1314,1169,5,2024-04-11,6,2,1,349.0,150.0,0.0
1315,1170,4,2024-04-11,3,2,1,349.0,150.0,0.0
1316,1162,5,2024-04-11,3,2,1,349.0,150.0,0.0
1317,1171,1,2024-04-11,1,3,1,299.0,129.0,0.0
1318,1172,2,2024-04-11,3,1,1,299.0,129.0,0.0
1319,1173,4,2024-04-11,1,1,1,349.0,150.0,0.0
1320,1174,6,2024-04-11,2,1,1,499.0,215.0,0.0
1321,698,1,2024-04-11,3,1,1,299.0,129.0,0.0
1322,1175,5,2024-04-11,1,1,1,349.0,150.0,0.0
1323,1176,4,2024-04-11,1,1,1,349.0,150.0,0.0
1324,1177,3,2024-04-11,2,2,1,296.1,142.0,32.9
1325,1178,4,2024-04-11,1,5,1,349.0,150.0,0.0
1326,1179,5,2024-04-11,5,2,1,349.0,150.0,0.0
1327,203,5,2024-04-11,1,1,1,349.0,150.0,0.0
1328,1180,2,2024-04-11,7,5,1,299.0,129.0,0.0
1329,1181,4,2024-04-11,8,2,1,349.0,150.0,0.0
1330,1182,5,2024-04-11,2,1,1,349.0,150.0,0.0
1331,1183,1,2024-04-11,8,4,1,299.0,129.0,0.0
1332,97,4,2024-04-12,5,1,1,349.0,150.0,0.0
1333,1184,3,2024-04-12,1,1,1,329.0,142.0,0.0
1334,45,2,2024-04-12,3,4,1,254.15,129.0,44.85
1335,1185,4,2024-04-12,6,1,1,349.0,150.0,0.0
1336,1186,1,2024-04-12,8,4,1,299.0,129.0,0.0
1337,1187,5,2024-04-12,2,2,1,349.0,150.0,0.0
1338,1188,4,2024-04-12,4,4,1,349.0,150.0,0.0
1339,1189,4,2024-04-12,3,1,1,349.0,150.0,0.0
1340,1190,1,2024-04-12,3,2,1,299.0,129.0,0.0
1341,1191,6,2024-04-12,1,1,1,499.0,215.0,0.0
1342,1192,2,2024-04-12,1,5,1,299.0,129.0,0.0
1343,1193,3,2024-04-12,4,1,1,296.1,142.0,32.9
1344,824,2,2024-04-12,6,3,1,254.15,129.0,44.85
1345,90384,5,2024-04-12,6,2,1,314.1,150.0,34.9
1346,1195,2,2024-04-12,1,1,1,299.0,129.0,0.0
1347,1196,4,2024-04-13,9,1,1,349.0,150.0,0.0
1348,1197,2,2024-04-13,7,2,1,299.0,129.0,0.0
1349,1198,2,2024-04-13,1,1,1,269.1,129.0,29.9
1350,1199,4,2024-04-13,1,1,1,349.0,150.0,0.0
1351,1200,3,2024-04-13,7,1,1,329.0,142.0,0.0
1352,1201,2,2024-04-13,4,3,1,299.0,129.0,0.0
1353,1202,6,2024-04-13,6,1,1,499.0,215.0,0.0
1354,1203,1,2024-04-13,8,4,1,269.1,129.0,29.9
1355,1189,1,2024-04-13,7,5,1,299.0,129.0,0.0
1356,1204,2,2024-04-13,3,3,1,299.0,129.0,0.0
1357,1205,1,2024-04-13,1,4,1,299.0,129.0,0.0
1358,1206,4,2024-04-13,1,4,1,314.1,150.0,34.9
1359,1207,3,2024-04-13,2,3,1,329.0,142.0,0.0
1360,1208,3,2024-04-13,5,2,1,329.0,142.0,0.0
1361,1209,2,2024-04-13,3,2,1,299.0,129.0,0.0
1362,1210,5,2024-04-13,1,1,1,349.0,150.0,0.0
1363,1211,1,2024-04-13,1,1,1,254.15,129.0,44.85
1364,1212,6,2024-04-13,5,3,1,499.0,215.0,0.0
1365,1213,1,2024-04-14,4,2,1,299.0,129.0,0.0
1366,1214,2,2024-04-14,3,1,1,299.0,129.0,0.0
1367,1215,5,2024-04-14,2,2,1,349.0,150.0,0.0
1368,1216,6,2024-04-14,1,2,1,499.0,215.0,0.0
1369,1217,5,2024-04-14,7,3,1,349.0,150.0,0.0
1370,1218,4,2024-04-14,1,1,1,349.0,150.0,0.0
1371,1219,5,2024-04-14,9,1,1,349.0,150.0,0.0
1372,1220,1,2024-04-14,5,1,1,299.0,129.0,0.0
1373,1221,1,2024-04-14,1,3,1,299.0,129.0,0.0
1374,1222,5,2024-04-14,1,2,2,349.0,150.0,0.0
1375,1223,4,2024-04-15,4,1,1,349.0,150.0,0.0
1376,1224,2,2024-04-15,9,4,1,299.0,129.0,0.0
1377,1225,6,2024-04-15,4,2,1,449.1,215.0,49.9
1378,1225,4,2024-04-15,,3,1,349.0,150.0,0.0
1379,1226,5,2024-04-15,1,1,1,349.0,150.0,0.0
1380,1227,4,2024-04-15,1,3,1,349.0,150.0,0.0
1381,1228,5,2024-04-15,7,2,1,349.0,150.0,0.0
1382,1229,4,2024-04-15,3,2,1,349.0,150.0,0.0
1383,1230,3,2024-04-15,3,2,1,329.0,142.0,0.0
1384,1231,6,2024-04-16,1,3,1,499.0,215.0,0.0
1385,1232,1,2024-04-16,1,1,1,269.1,129.0,29.9
1386,1233,4,2024-04-16,2,5,1,296.65,150.0,52.35
1387,1234,4,2024-04-16,3,1,1,349.0,150.0,0.0
1388,1235,2,2024-04-16,2,2,1,254.15,129.0,44.85
1389,1236,5,2024-04-16,1,4,1,0.0,150.0,0.0
1390,1237,5,2024-04-16,3,1,1,314.1,150.0,34.9
1391,1238,3,2024-04-16,3,2,1,329.0,142.0,0.0
1392,1239,6,2024-04-16,5,2,1,499.0,215.0,0.0
1393,1240,5,2024-04-16,3,2,1,349.0,150.0,0.0
1394,1241,5,2024-04-16,4,2,1,314.1,150.0,34.9
1395,1242,2,2024-04-16,8,4,1,299.0,129.0,0.0
1396,1243,5,2024-04-16,5,2,1,314.1,150.0,34.9
1397,1244,5,2024-04-16,1,2,0,349.0,150.0,0.0
1398,1245,2,2024-04-16,1,2,1,299.0,129.0,0.0
1399,1246,2,2024-04-16,1,5,1,269.1,129.0,29.9
1400,1247,2,2024-04-16,1,3,1,269.1,129.0,29.9
1401,1248,5,2024-04-17,4,2,1,314.1,150.0,34.9
1402,1249,1,2024-04-17,3,2,1,299.0,129.0,0.0
1403,1250,5,2024-04-17,1,1,1,349.0,150.0,0.0
1404,1251,2,2024-04-17,1,1,1,299.0,129.0,0.0
1405,1252,4,2024-04-17,2,1,1,349.0,150.0,0.0
1406,1253,1,2024-04-17,3,1,1,299.0,129.0,0.0
1407,1254,3,2024-04-17,1,3,1,329.0,142.0,0.0
1408,1255,4,2024-04-17,2,1,1,314.1,150.0,34.9
1409,1256,1,2024-04-17,3,2,1,299.0,129.0,0.0
1410,1257,2,2024-04-17,8,3,1,299.0,129.0,0.0
1411,1258,2,2024-04-17,2,2,1,269.1,129.0,29.9
1412,1259,1,2024-04-17,8,2,1,299.0,129.0,0.0
1413,1260,6,2024-04-17,3,5,1,499.0,215.0,0.0
1414,1261,4,2024-04-18,8,1,1,349.0,150.0,0.0
1415,91,6,2024-04-18,6,2,1,499.0,215.0,0.0
1416,1262,3,2024-04-18,3,1,1,329.0,142.0,0.0
1417,1263,5,2024-04-18,2,1,1,349.0,150.0,0.0
1418,1264,1,2024-04-18,3,2,1,299.0,129.0,0.0
1419,1265,6,2024-04-18,2,1,1,499.0,215.0,0.0
1420,1266,5,2024-04-18,9,1,1,349.0,150.0,0.0
1421,1267,4,2024-04-18,5,2,1,349.0,150.0,0.0
1422,1268,1,2024-04-18,4,2,1,254.15,129.0,44.85
1423,1269,5,2024-04-18,3,3,1,314.1,150.0,34.9
1424,1270,4,2024-04-18,6,3,1,349.0,150.0,0.0
1425,1271,5,2024-04-18,6,2,1,314.1,150.0,34.9
1426,1272,2,2024-04-18,1,2,1,299.0,129.0,0.0
1427,1273,6,2024-04-18,1,1,1,499.0,215.0,0.0
1428,1274,6,2024-04-19,4,1,1,499.0,215.0,0.0
1429,1275,5,2024-04-19,2,1,0,349.0,150.0,0.0
1430,1127,6,2024-04-19,1,4,1,499.0,215.0,0.0
1431,1276,3,2024-04-19,3,2,1,329.0,142.0,0.0
1432,1277,5,2024-04-19,3,1,1,349.0,150.0,0.0
1433,104,1,2024-04-19,3,1,1,299.0,129.0,0.0
1434,1278,4,2024-04-19,4,5,1,349.0,150.0,0.0
1435,1279,5,2024-04-19,3,2,1,349.0,150.0,0.0
1436,975,6,2024-04-19,1,5,1,424.15,215.0,74.85
1437,1280,4,2024-04-19,4,2,2,349.0,150.0,0.0
1438,1281,3,2024-04-19,1,1,1,296.1,142.0,32.9
1439,1282,4,2024-04-19,1,1,1,349.0,150.0,0.0
1440,1283,4,2024-04-19,8,2,1,349.0,150.0,0.0
1441,1284,1,2024-04-19,2,2,1,299.0,129.0,0.0
1442,1285,5,2024-04-20,2,1,1,349.0,150.0,0.0
1443,1286,1,2024-04-20,1,1,1,299.0,129.0,0.0
1444,1287,5,2024-04-20,4,3,2,314.1,150.0,34.9
1445,1288,4,2024-04-20,1,1,1,349.0,150.0,0.0
1446,1289,3,2024-04-20,1,5,1,329.0,142.0,0.0
1447,1290,4,2024-04-20,1,3,1,349.0,150.0,0.0
1448,1291,4,2024-04-20,1,3,1,349.0,150.0,0.0
1449,1292,2,2024-04-20,1,2,1,299.0,129.0,0.0
1450,1293,5,2024-04-20,2,5,1,349.0,150.0,0.0
1451,1294,5,2024-04-20,1,1,1,349.0,150.0,0.0
1452,1295,4,2024-04-20,1,2,1,314.1,150.0,34.9
1453,1296,4,2024-04-20,5,2,1,349.0,150.0,0.0
1454,1297,2,2024-04-20,2,2,1,299.0,129.0,0.0
1455,1298,6,2024-04-20,7,3,1,499.0,215.0,0.0
1456,1299,1,2024-04-20,2,1,1,299.0,129.0,0.0
1457,1300,4,2024-04-20,3,4,1,349.0,150.0,0.0
1458,1301,5,2024-04-20,1,5,1,349.0,150.0,0.0
1459,1302,5,2024-04-21,5,5,1,349.0,150.0,0.0
1460,582,4,2024-04-21,8,2,1,349.0,150.0,0.0
1461,1303,4,2024-04-21,5,1,1,349.0,150.0,0.0
1462,1304,2,2024-04-21,1,2,1,299.0,129.0,0.0
1463,1305,2,2024-04-21,2,3,1,254.15,129.0,44.85
1464,514,2,2024-04-21,2,1,1,254.15,129.0,44.85
1465,787,1,2024-04-21,1,2,1,299.0,129.0,0.0
1466,1306,5,2024-04-21,1,1,1,349.0,150.0,0.0
1467,1307,5,2024-04-21,3,1,1,349.0,150.0,0.0
1468,1308,1,2024-04-21,1,3,1,254.15,129.0,44.85
1469,1309,3,2024-04-21,7,1,1,329.0,142.0,0.0
1470,1310,2,2024-04-21,8,5,1,299.0,129.0,0.0
1471,1311,6,2024-04-21,1,1,1,449.1,215.0,49.9
1472,1312,6,2024-04-21,2,2,1,499.0,215.0,0.0
1473,1313,4,2024-04-21,1,2,2,349.0,150.0,0.0
1474,1314,2,2024-04-21,2,1,1,269.1,129.0,29.9
1475,1315,5,2024-04-22,1,1,2,314.1,150.0,34.9
1476,1316,4,2024-04-22,3,3,1,349.0,150.0,0.0
1477,1316,4,2024-04-22,3,1,1,349.0,150.0,0.0
1478,1317,3,2024-04-22,3,1,1,329.0,142.0,0.0
1479,1318,4,2024-04-22,1,1,2,349.0,150.0,0.0
1480,1319,2,2024-04-22,2,4,1,299.0,129.0,0.0
1481,1320,4,2024-04-22,3,1,2,349.0,150.0,0.0
1482,1321,1,2024-04-22,3,2,1,299.0,129.0,0.0
1483,1322,4,2024-04-22,2,4,1,349.0,150.0,0.0
1484,1323,3,2024-04-22,1,2,1,329.0,142.0,0.0
1485,1324,3,2024-04-22,3,2,1,296.1,142.0,32.9
1486,1325,5,2024-04-22,1,1,2,349.0,150.0,0.0
1487,1326,2,2024-04-22,2,4,1,299.0,129.0,0.0
1488,1327,5,2024-04-22,9,5,1,349.0,150.0,0.0
1489,1328,5,2024-04-22,1,1,1,296.65,150.0,52.35
1490,1329,5,2024-04-22,2,2,1,349.0,150.0,0.0
1491,1097,5,2024-04-23,5,1,1,349.0,150.0,0.0
1492,1330,3,2024-04-23,3,2,1,329.0,142.0,0.0
1493,1331,5,2024-04-23,3,3,1,349.0,150.0,0.0
1494,1332,3,2024-04-23,5,1,1,296.1,142.0,32.9
1495,1333,4,2024-04-23,3,1,1,349.0,150.0,0.0
1496,1334,6,2024-04-23,6,1,1,449.1,215.0,49.9
1497,1335,4,2024-04-23,5,2,1,349.0,150.0,0.0
1498,1336,3,2024-04-23,7,1,1,296.1,142.0,32.9
1499,1337,4,2024-04-24,7,5,1,349.0,150.0,0.0
1500,1338,2,2024-04-24,1,1,1,299.0,129.0,0.0
1501,1339,4,2024-04-24,1,1,1,314.1,150.0,34.9
1502,1340,4,2024-04-24,3,1,1,349.0,150.0,0.0
1503,1341,1,2024-04-24,1,3,2,299.0,129.0,0.0
1504,1342,1,2024-04-24,1,4,1,299.0,129.0,0.0
1505,1343,4,2024-04-24,3,2,1,349.0,150.0,0.0
1506,1344,1,2024-04-24,1,1,2,269.1,129.0,29.9
1507,1345,4,2024-04-24,4,5,1,349.0,150.0,0.0
1508,1346,4,2024-04-24,2,1,1,349.0,150.0,0.0
1509,1347,1,2024-04-24,5,2,1,299.0,129.0,0.0
1510,1348,6,2024-04-24,3,3,1,499.0,215.0,0.0
1511,1349,2,2024-04-24,5,3,1,299.0,129.0,0.0
1512,1350,2,2024-04-24,1,1,1,269.1,129.0,29.9
1513,1351,5,2024-04-24,7,1,1,349.0,150.0,0.0
1514,1352,4,2024-04-24,1,4,1,296.65,150.0,52.35
1515,1353,2,2024-04-24,7,3,1,299.0,129.0,0.0
1516,1354,5,2024-04-25,9,2,1,349.0,150.0,0.0
1517,1355,6,2024-04-25,5,1,1,499.0,215.0,0.0
1518,624,4,2024-04-25,3,1,1,349.0,150.0,0.0
1519,1356,5,2024-04-25,5,4,1,349.0,150.0,0.0
1520,1357,3,2024-04-25,7,1,1,329.0,142.0,0.0
1521,1358,5,2024-04-25,3,1,1,349.0,150.0,0.0
1522,649,6,2024-04-25,6,1,1,449.1,215.0,49.9
1523,1359,1,2024-04-25,3,2,1,299.0,129.0,0.0
1524,1360,1,2024-04-25,1,2,1,299.0,129.0,0.0
1525,1361,2,2024-04-25,1,3,1,299.0,129.0,0.0
1526,1362,5,2024-04-25,5,4,1,349.0,150.0,0.0
1527,1363,3,2024-04-25,1,3,1,329.0,142.0,0.0
1528,1364,5,2024-04-25,1,1,2,349.0,150.0,0.0
1529,1365,3,2024-04-26,1,4,1,329.0,142.0,0.0
1530,1366,5,2024-04-26,1,2,1,349.0,150.0,0.0
1531,1367,1,2024-04-26,1,1,1,299.0,129.0,0.0
1532,1368,4,2024-04-26,1,2,2,349.0,150.0,0.0
1533,413,2,2024-04-26,2,2,1,299.0,129.0,0.0
1534,1369,1,2024-04-26,2,1,1,299.0,129.0,0.0
1535,1370,2,2024-04-27,9,1,1,299.0,129.0,0.0
1536,1371,4,2024-04-27,1,5,2,314.1,150.0,34.9
1537,1372,4,2024-04-27,4,5,2,349.0,150.0,0.0
1538,1373,5,2024-04-27,7,1,1,349.0,150.0,0.0
1539,1374,5,2024-04-27,4,2,1,349.0,150.0,0.0
1540,1100,3,2024-04-27,3,5,1,329.0,142.0,0.0
1541,1375,2,2024-04-27,2,3,1,269.1,129.0,29.9
1542,1376,5,2024-04-27,2,1,1,349.0,150.0,0.0
1543,1377,2,2024-04-27,7,2,1,299.0,129.0,0.0
1544,1378,6,2024-04-27,2,2,1,499.0,215.0,0.0
1545,1379,5,2024-04-27,4,1,1,296.65,150.0,52.35
1546,1380,1,2024-04-27,1,2,1,299.0,129.0,0.0
1547,1381,6,2024-04-27,5,3,1,499.0,215.0,0.0
1548,1382,4,2024-04-27,3,1,1,349.0,150.0,0.0
1549,1383,5,2024-04-27,4,1,1,349.0,150.0,0.0
1550,1384,2,2024-04-27,6,5,1,299.0,129.0,0.0
1551,1385,2,2024-04-27,2,3,1,299.0,129.0,0.0
1552,398,2,2024-04-27,2,2,1,299.0,129.0,0.0
1553,1386,4,2024-04-27,1,5,1,314.1,150.0,34.9
1554,1387,4,2024-04-28,5,4,1,349.0,150.0,0.0
1555,1388,5,2024-04-28,6,3,1,349.0,150.0,0.0
1556,1389,6,2024-04-28,5,1,1,499.0,215.0,0.0
1557,1390,4,2024-04-28,4,1,1,349.0,150.0,0.0
1558,1391,1,2024-04-28,1,1,1,299.0,129.0,0.0
1559,1392,4,2024-04-28,7,5,1,349.0,150.0,0.0
1560,1393,6,2024-04-28,4,2,1,499.0,215.0,0.0
1561,1394,4,2024-04-28,2,2,1,296.65,150.0,52.35
1562,1395,2,2024-04-28,7,3,1,299.0,129.0,0.0
1563,1396,4,2024-04-28,5,3,1,349.0,150.0,0.0
1564,1397,6,2024-04-28,1,4,1,499.0,215.0,0.0
1565,1398,4,2024-04-28,4,1,1,349.0,150.0,0.0
1566,1399,4,2024-04-28,4,5,1,349.0,150.0,0.0
1567,1400,5,2024-04-29,4,5,1,314.1,150.0,34.9
1568,1401,3,2024-04-29,3,1,1,279.65,142.0,49.35
1569,1402,4,2024-04-29,2,5,1,349.0,150.0,0.0
1570,1403,5,2024-04-29,3,4,1,349.0,150.0,0.0
1571,1404,5,2024-04-29,5,1,1,349.0,150.0,0.0
1572,1405,1,2024-04-29,2,1,1,254.15,129.0,44.85
1573,1406,6,2024-04-29,1,3,1,499.0,215.0,0.0
1574,1407,4,2024-04-29,1,2,1,349.0,150.0,0.0
1575,1408,5,2024-04-29,8,2,1,349.0,150.0,0.0
1576,1409,5,2024-04-29,1,3,1,349.0,150.0,0.0
1577,1410,2,2024-04-29,4,2,1,299.0,129.0,0.0
1578,1411,5,2024-04-29,2,1,1,349.0,150.0,0.0
1579,697,3,2024-04-29,4,1,1,329.0,142.0,0.0
1580,1412,1,2024-04-29,3,5,1,299.0,129.0,0.0
1581,1413,1,2024-04-29,,5,1,299.0,129.0,0.0
1582,1414,4,2024-04-30,2,4,1,349.0,150.0,0.0
1583,370,6,2024-04-30,4,2,1,424.15,215.0,74.85
1584,1415,1,2024-04-30,1,2,1,299.0,129.0,0.0
1585,1416,5,2024-04-30,1,2,1,314.1,150.0,34.9
1586,1417,5,2024-04-30,5,2,1,349.0,150.0,0.0
1587,1418,4,2024-04-30,3,1,1,349.0,150.0,0.0
1588,1419,6,2024-04-30,1,2,2,449.1,215.0,49.9
1589,1420,1,2024-04-30,3,2,1,299.0,129.0,0.0
1590,1421,4,2024-04-30,3,5,1,349.0,150.0,0.0
1591,1422,6,2024-04-30,7,3,2,449.1,215.0,49.9
1592,1423,2,2024-04-30,3,2,1,299.0,129.0,0.0
1593,1424,5,2024-04-30,5,1,1,349.0,150.0,0.0
1594,1425,5,2024-04-30,1,2,1,314.1,150.0,34.9
1595,1426,1,2024-04-30,1,3,1,299.0,129.0,0.0
1596,1427,5,2024-04-30,5,1,1,349.0,150.0,0.0
1597,1428,6,2024-05-01,1,1,1,449.1,215.0,49.9
1598,1429,4,2024-05-01,1,2,1,349.0,150.0,0.0
1599,374,5,2024-05-01,7,5,1,349.0,150.0,0.0
1600,1430,5,2024-05-01,2,3,1,349.0,150.0,0.0
1601,1431,5,2024-05-01,3,4,1,349.0,150.0,0.0
1602,1432,5,2024-05-01,1,1,1,349.0,150.0,0.0
1603,1433,5,2024-05-01,1,2,2,349.0,150.0,0.0
1604,1434,5,2024-05-01,1,1,2,349.0,150.0,0.0
1605,1435,6,2024-05-02,4,3,1,499.0,215.0,0.0
1606,1436,4,2024-05-02,2,2,1,349.0,150.0,0.0
1607,1437,4,2024-05-02,6,2,1,296.65,150.0,52.35
1608,1438,4,2024-05-02,4,4,1,349.0,150.0,0.0
1609,1439,5,2024-05-02,9,1,1,349.0,150.0,0.0
1610,1440,6,2024-05-02,6,2,1,499.0,215.0,0.0
1611,1441,5,2024-05-02,2,4,1,296.65,150.0,52.35
1612,1442,2,2024-05-02,5,1,1,269.1,129.0,29.9
1613,1443,5,2024-05-02,2,5,1,349.0,150.0,0.0
1614,1444,5,2024-05-03,3,1,1,296.65,150.0,52.35
1615,1445,5,2024-05-03,2,2,2,314.1,150.0,34.9
1616,1446,2,2024-05-03,6,2,1,299.0,129.0,0.0
1617,1447,1,2024-05-03,5,4,1,299.0,129.0,0.0
1618,1448,5,2024-05-03,1,3,1,349.0,150.0,0.0
1619,1449,2,2024-05-03,5,3,1,299.0,129.0,0.0
1620,1450,1,2024-05-03,4,5,1,299.0,129.0,0.0
1621,1451,1,2024-05-03,6,5,2,299.0,129.0,0.0
1622,1452,1,2024-05-03,1,5,2,299.0,129.0,0.0
1623,1453,5,2024-05-03,,2,1,296.65,150.0,52.35
1624,1454,1,2024-05-03,5,5,1,299.0,129.0,0.0
1625,1455,5,2024-05-03,5,3,1,349.0,150.0,0.0
1626,1456,5,2024-05-03,2,3,1,349.0,150.0,0.0
1627,1457,3,2024-05-03,3,3,1,329.0,142.0,0.0
1628,1458,4,2024-05-04,5,3,1,349.0,150.0,0.0
1629,1459,2,2024-05-04,,2,1,299.0,129.0,0.0
1630,1460,1,2024-05-04,5,1,1,254.15,129.0,44.85
1631,1461,5,2024-05-04,3,4,1,349.0,150.0,0.0
1632,1462,4,2024-05-04,5,3,1,349.0,150.0,0.0
1633,1463,1,2024-05-04,7,1,1,254.15,129.0,44.85
1634,1464,4,2024-05-04,5,1,1,349.0,150.0,0.0
1635,1465,1,2024-05-04,3,4,1,299.0,129.0,0.0
1636,1466,1,2024-05-04,2,2,2,299.0,129.0,0.0
1637,1467,4,2024-05-04,2,5,2,349.0,150.0,0.0
1638,1468,4,2024-05-04,3,2,1,349.0,150.0,0.0
1639,1007,5,2024-05-04,2,2,1,296.65,150.0,52.35
1640,1469,2,2024-05-04,1,1,1,269.1,129.0,29.9
1641,1470,2,2024-05-04,4,1,1,254.15,129.0,44.85
1642,1471,3,2024-05-05,1,1,1,329.0,142.0,0.0
1643,1472,3,2024-05-05,1,1,1,329.0,142.0,0.0
1644,1473,4,2024-05-05,1,3,1,349.0,150.0,0.0
1645,1474,6,2024-05-05,2,3,1,499.0,215.0,0.0
1646,1475,5,2024-05-05,1,5,1,349.0,150.0,0.0
1647,1476,4,2024-05-05,1,1,1,349.0,150.0,0.0
1648,1477,1,2024-05-05,4,2,1,299.0,129.0,0.0
1649,1478,3,2024-05-05,1,1,1,296.1,142.0,32.9
1650,1479,3,2024-05-05,1,5,2,329.0,142.0,0.0
1651,1480,2,2024-05-05,6,2,1,299.0,129.0,0.0
1652,1481,4,2024-05-05,3,2,1,314.1,150.0,34.9
1653,1482,5,2024-05-05,2,1,1,296.65,150.0,52.35
1654,1483,5,2024-05-05,4,4,2,349.0,150.0,0.0
1655,1484,4,2024-05-05,3,1,1,349.0,150.0,0.0
1656,1485,1,2024-05-05,1,3,1,299.0,129.0,0.0
1657,1486,2,2024-05-06,1,5,1,299.0,129.0,0.0
1658,1487,5,2024-05-06,3,5,1,349.0,150.0,0.0
1659,1488,5,2024-05-06,6,5,1,349.0,150.0,0.0
1660,1489,4,2024-05-06,1,3,1,349.0,150.0,0.0
1661,1490,6,2024-05-06,5,2,1,499.0,215.0,0.0
1662,1491,4,2024-05-06,3,2,1,296.65,150.0,52.35
1663,1492,5,2024-05-06,9,4,1,349.0,150.0,0.0
1664,1493,5,2024-05-06,7,3,1,349.0,150.0,0.0
1665,1494,5,2024-05-06,1,3,1,349.0,150.0,0.0
1666,255,6,2024-05-06,3,2,1,449.1,215.0,49.9
1667,1495,4,2024-05-06,7,2,2,349.0,150.0,0.0
1668,1496,2,2024-05-06,3,5,1,269.1,129.0,29.9
1669,1497,4,2024-05-06,1,5,1,349.0,150.0,0.0
1670,1498,2,2024-05-06,1,1,1,269.1,129.0,29.9
1671,1499,2,2024-05-06,3,1,1,299.0,129.0,0.0
1672,1500,3,2024-05-06,6,1,2,329.0,142.0,0.0
1673,1501,4,2024-05-06,2,2,1,349.0,150.0,0.0
1674,1502,3,2024-05-06,7,1,1,329.0,142.0,0.0
1675,1503,3,2024-05-06,1,2,1,329.0,142.0,0.0
1676,1504,2,2024-05-06,1,3,1,299.0,129.0,0.0
1677,1505,2,2024-05-07,3,1,1,299.0,129.0,0.0
1678,1506,5,2024-05-07,6,1,1,349.0,150.0,0.0
1679,1507,3,2024-05-07,7,1,1,329.0,142.0,0.0
1680,1508,2,2024-05-07,5,5,1,299.0,129.0,0.0
1681,1509,2,2024-05-07,4,1,1,299.0,129.0,0.0
1682,1510,4,2024-05-07,5,1,1,314.1,150.0,34.9
1683,1511,5,2024-05-07,7,4,1,349.0,150.0,0.0
1684,512,3,2024-05-07,1,1,1,329.0,142.0,0.0
1685,1512,4,2024-05-07,4,1,1,349.0,150.0,0.0
1686,1513,6,2024-05-07,2,2,1,499.0,215.0,0.0
1687,1514,5,2024-05-07,3,1,1,349.0,150.0,0.0
1688,1515,5,2024-05-07,1,4,1,296.65,150.0,52.35
1689,1516,2,2024-05-07,5,2,1,269.1,129.0,29.9
1690,1517,2,2024-05-07,4,1,2,299.0,129.0,0.0
1691,1518,6,2024-05-08,4,1,2,499.0,215.0,0.0
1692,618,1,2024-05-08,4,1,1,299.0,129.0,0.0
1693,1519,3,2024-05-08,4,1,1,329.0,142.0,0.0
1694,1520,2,2024-05-08,3,1,1,299.0,129.0,0.0
1695,1521,1,2024-05-08,5,1,1,299.0,129.0,0.0
1696,1522,4,2024-05-08,1,5,1,349.0,150.0,0.0
1697,1523,3,2024-05-08,1,2,1,329.0,142.0,0.0
1698,1524,5,2024-05-08,2,3,1,349.0,150.0,0.0
1699,936,4,2024-05-08,1,2,1,349.0,150.0,0.0
1700,1525,5,2024-05-08,1,2,1,349.0,150.0,0.0
1701,1526,6,2024-05-08,5,5,1,499.0,215.0,0.0
1702,1527,1,2024-05-08,5,5,1,299.0,129.0,0.0
1703,1528,2,2024-05-08,1,2,1,299.0,129.0,0.0
1704,1529,2,2024-05-08,7,5,1,269.1,129.0,29.9
1705,1098,5,2024-05-08,7,1,1,349.0,150.0,0.0
1706,1530,4,2024-05-08,1,2,2,349.0,150.0,0.0
1707,1531,5,2024-05-09,3,3,1,349.0,150.0,0.0
1708,1532,5,2024-05-09,5,4,1,349.0,150.0,0.0
1709,1533,6,2024-05-09,2,3,1,449.1,215.0,49.9
1710,1112,4,2024-05-09,1,1,1,349.0,150.0,0.0
1711,1534,5,2024-05-09,3,3,1,314.1,150.0,34.9
1712,1535,4,2024-05-09,5,2,1,349.0,150.0,0.0
1713,1536,2,2024-05-09,1,1,1,299.0,129.0,0.0
1714,1537,5,2024-05-09,5,2,2,349.0,150.0,0.0
1715,671,2,2024-05-09,1,1,1,299.0,129.0,0.0
1716,1538,4,2024-05-09,5,2,1,349.0,150.0,0.0
1717,1539,5,2024-05-09,2,1,1,349.0,150.0,0.0
1718,1540,5,2024-05-09,8,1,1,349.0,150.0,0.0
1719,1541,6,2024-05-09,5,3,1,424.15,215.0,74.85
1720,1542,1,2024-05-09,4,4,1,299.0,129.0,0.0
1721,1543,4,2024-05-09,1,1,1,314.1,150.0,34.9
1722,1544,4,2024-05-09,1,1,1,314.1,150.0,34.9
1723,1545,6,2024-05-10,1,4,1,499.0,215.0,0.0
1724,355,2,2024-05-10,4,1,1,299.0,129.0,0.0
1725,1406,2,2024-05-10,4,1,1,299.0,129.0,0.0
1726,1546,1,2024-05-10,8,1,1,254.15,129.0,44.85
1727,1547,4,2024-05-10,4,2,1,314.1,150.0,34.9
1728,1548,1,2024-05-10,4,1,1,269.1,129.0,29.9
1729,1549,2,2024-05-10,4,1,1,299.0,129.0,0.0
1730,1550,6,2024-05-10,5,1,2,499.0,215.0,0.0
1731,1551,5,2024-05-10,3,2,1,349.0,150.0,0.0
1732,1552,2,2024-05-10,1,3,1,299.0,129.0,0.0
1733,1553,4,2024-05-10,1,1,1,314.1,150.0,34.9
1734,1554,4,2024-05-10,7,1,1,349.0,150.0,0.0
1735,1555,4,2024-05-10,1,4,1,349.0,150.0,0.0
1736,1556,3,2024-05-10,1,1,1,296.1,142.0,32.9
1737,1557,1,2024-05-10,2,2,1,254.15,129.0,44.85
1738,1558,1,2024-05-11,7,2,2,254.15,129.0,44.85
1739,1559,2,2024-05-11,4,1,1,299.0,129.0,0.0
1740,712,5,2024-05-11,2,1,1,314.1,150.0,34.9
1741,786,6,2024-05-11,5,3,1,424.15,215.0,74.85
1742,1560,1,2024-05-11,1,3,1,254.15,129.0,44.85
1743,1561,3,2024-05-11,5,2,1,329.0,142.0,0.0
1744,1562,1,2024-05-11,2,1,1,254.15,129.0,44.85
1745,1563,6,2024-05-11,2,2,1,499.0,215.0,0.0
1746,1564,5,2024-05-11,2,4,1,314.1,150.0,34.9
1747,1565,5,2024-05-11,3,2,1,349.0,150.0,0.0
1748,1566,4,2024-05-11,3,2,1,349.0,150.0,0.0
1749,1567,4,2024-05-11,5,1,1,349.0,150.0,0.0
1750,1568,1,2024-05-12,7,1,1,254.15,129.0,44.85
1751,1569,3,2024-05-12,6,1,1,296.1,142.0,32.9
1752,1570,1,2024-05-12,7,1,1,254.15,129.0,44.85
1753,1571,5,2024-05-12,8,3,1,349.0,150.0,0.0
1754,1572,3,2024-05-12,2,3,1,279.65,142.0,49.35
1755,1573,5,2024-05-12,7,1,1,314.1,150.0,34.9
1756,1574,3,2024-05-12,3,4,1,329.0,142.0,0.0
1757,1575,1,2024-05-12,5,3,1,299.0,129.0,0.0
1758,1576,2,2024-05-12,5,3,1,299.0,129.0,0.0
1759,1577,2,2024-05-12,1,3,1,269.1,129.0,29.9
1760,1578,4,2024-05-12,4,4,1,314.1,150.0,34.9
1761,1579,4,2024-05-12,3,3,1,296.65,150.0,52.35
1762,1580,4,2024-05-12,3,5,1,296.65,150.0,52.35
1763,1581,1,2024-05-12,1,1,1,299.0,129.0,0.0
1764,1582,5,2024-05-12,5,2,1,314.1,150.0,34.9
1765,1583,3,2024-05-12,1,4,1,296.1,142.0,32.9
1766,780,4,2024-05-12,1,2,1,349.0,150.0,0.0
1767,1584,5,2024-05-12,3,1,1,349.0,150.0,0.0
1768,1585,4,2024-05-12,3,2,1,349.0,150.0,0.0
1769,1586,1,2024-05-12,3,2,1,254.15,129.0,44.85
1770,1587,5,2024-05-12,8,1,1,349.0,150.0,0.0
1771,1588,3,2024-05-12,1,3,1,329.0,142.0,0.0
1772,1589,5,2024-05-12,1,2,2,349.0,150.0,0.0
1773,1590,5,2024-05-12,1,2,1,314.1,150.0,34.9
1774,1591,3,2024-05-12,2,1,1,296.1,142.0,32.9
1775,1592,4,2024-05-13,5,4,1,349.0,150.0,0.0
1776,1593,5,2024-05-13,1,5,1,314.1,150.0,34.9
1777,1594,4,2024-05-13,7,1,1,349.0,150.0,0.0
1778,1595,5,2024-05-13,6,2,1,349.0,150.0,0.0
1779,1596,5,2024-05-13,1,2,1,349.0,150.0,0.0
1780,1597,1,2024-05-13,3,4,1,299.0,129.0,0.0
1781,1598,1,2024-05-13,8,3,1,299.0,129.0,0.0
1782,1599,1,2024-05-13,7,1,1,299.0,129.0,0.0
1783,1600,2,2024-05-13,1,3,1,299.0,129.0,0.0
1784,1601,2,2024-05-13,7,3,1,299.0,129.0,0.0
1785,1602,1,2024-05-13,1,4,1,299.0,129.0,0.0
1786,1603,4,2024-05-13,1,2,1,296.65,150.0,52.35
1787,1604,5,2024-05-13,5,2,2,349.0,150.0,0.0
1788,1605,2,2024-05-13,4,2,1,299.0,129.0,0.0
1789,1606,5,2024-05-13,1,4,1,314.1,150.0,34.9
1790,1607,3,2024-05-14,3,1,1,329.0,142.0,0.0
1791,1608,4,2024-05-14,3,1,1,296.65,150.0,52.35
1792,1609,5,2024-05-14,5,1,1,296.65,150.0,52.35
1793,1610,3,2024-05-14,3,3,1,279.65,142.0,49.35
1794,1376,4,2024-05-14,1,2,1,349.0,150.0,0.0
1795,1611,4,2024-05-14,4,2,1,349.0,150.0,0.0
1796,1612,6,2024-05-14,3,1,1,499.0,215.0,0.0
1797,1613,5,2024-05-14,1,2,2,349.0,150.0,0.0
1798,1614,1,2024-05-14,2,3,1,299.0,129.0,0.0
1799,1615,5,2024-05-14,1,4,1,349.0,150.0,0.0
1800,1616,1,2024-05-14,5,1,1,299.0,129.0,0.0
1801,1617,3,2024-05-14,5,1,1,329.0,142.0,0.0
1802,1618,5,2024-05-14,2,1,1,349.0,150.0,0.0
1803,1619,5,2024-05-14,4,2,1,349.0,150.0,0.0
1804,1620,3,2024-05-14,5,3,2,279.65,142.0,49.35
1805,1621,3,2024-05-15,1,4,1,329.0,142.0,0.0
1806,1622,1,2024-05-15,3,1,2,299.0,129.0,0.0
1807,1623,4,2024-05-15,3,5,1,349.0,150.0,0.0
1808,1624,1,2024-05-15,,2,1,254.15,129.0,44.85
1809,1625,2,2024-05-15,,5,1,299.0,129.0,0.0
1810,1626,4,2024-05-15,1,4,1,314.1,150.0,34.9
1811,1627,4,2024-05-15,4,2,1,349.0,150.0,0.0
1812,1628,4,2024-05-15,3,3,1,349.0,150.0,0.0
1813,1629,1,2024-05-15,1,2,1,299.0,129.0,0.0
1814,1630,4,2024-05-15,5,2,1,314.1,150.0,34.9
1815,1631,2,2024-05-15,6,5,1,254.15,129.0,44.85
1816,1632,5,2024-05-15,4,2,1,349.0,150.0,0.0
1817,1110,4,2024-05-15,1,2,1,296.65,150.0,52.35
1818,1633,4,2024-05-15,3,1,1,349.0,150.0,0.0
1819,822,4,2024-05-15,3,1,1,349.0,150.0,0.0
1820,1634,6,2024-05-15,6,3,1,499.0,215.0,0.0
1821,1635,5,2024-05-15,1,1,1,349.0,150.0,0.0
1822,1636,5,2024-05-16,1,5,1,349.0,150.0,0.0
1823,1637,4,2024-05-16,2,4,1,349.0,150.0,0.0
1824,1638,5,2024-05-16,8,5,1,349.0,150.0,0.0
1825,1639,2,2024-05-16,4,4,2,299.0,129.0,0.0
1826,1640,5,2024-05-16,4,5,1,349.0,150.0,0.0
1827,1641,2,2024-05-16,3,1,1,299.0,129.0,0.0
1828,1642,5,2024-05-16,5,4,1,349.0,150.0,0.0
1829,1643,4,2024-05-16,8,1,1,349.0,150.0,0.0
1830,1644,1,2024-05-16,4,1,1,299.0,129.0,0.0
1831,1645,5,2024-05-16,2,3,2,349.0,150.0,0.0
1832,1646,1,2024-05-16,2,1,1,299.0,129.0,0.0
1833,1647,5,2024-05-16,1,3,1,349.0,150.0,0.0
1834,1648,5,2024-05-16,2,5,1,349.0,150.0,0.0
1835,1649,4,2024-05-16,1,2,1,349.0,150.0,0.0
1836,828,4,2024-05-16,7,1,1,349.0,150.0,0.0
1837,224,4,2024-05-16,2,2,1,314.1,150.0,34.9
1838,1650,1,2024-05-16,1,3,1,254.15,129.0,44.85
1839,1651,3,2024-05-17,5,1,1,279.65,142.0,49.35
1840,1652,1,2024-05-17,4,1,1,299.0,129.0,0.0
1841,1270,6,2024-05-17,4,2,2,499.0,215.0,0.0
1842,1653,2,2024-05-17,1,1,1,254.15,129.0,44.85
1843,1654,1,2024-05-17,7,1,1,299.0,129.0,0.0
1844,1655,2,2024-05-17,5,5,1,299.0,129.0,0.0
1845,1656,2,2024-05-17,2,2,1,254.15,129.0,44.85
1846,1657,2,2024-05-17,3,2,1,299.0,129.0,0.0
1847,1658,2,2024-05-17,7,1,1,299.0,129.0,0.0
1848,1304,3,2024-05-17,2,3,1,296.1,142.0,32.9
1849,1659,6,2024-05-17,3,3,1,449.1,215.0,49.9
1850,1660,5,2024-05-17,3,2,1,349.0,150.0,0.0
1851,1661,3,2024-05-17,1,1,1,329.0,142.0,0.0
1852,1662,4,2024-05-17,6,2,1,349.0,150.0,0.0
1853,1484,1,2024-05-18,5,2,1,299.0,129.0,0.0
1854,1663,1,2024-05-18,5,1,1,299.0,129.0,0.0
1855,1664,3,2024-05-18,3,3,1,329.0,142.0,0.0
1856,414,5,2024-05-18,4,2,1,349.0,150.0,0.0
1857,1665,1,2024-05-18,7,4,1,299.0,129.0,0.0
1858,1666,1,2024-05-18,5,1,1,299.0,129.0,0.0
1859,1667,3,2024-05-18,3,5,1,296.1,142.0,32.9
1860,622,4,2024-05-18,2,2,1,349.0,150.0,0.0
1861,237,4,2024-05-18,6,5,1,349.0,150.0,0.0
1862,1668,6,2024-05-18,2,4,1,449.1,215.0,49.9
1863,1669,6,2024-05-18,1,1,1,499.0,215.0,0.0
1864,1670,5,2024-05-18,5,2,1,349.0,150.0,0.0
1865,1671,4,2024-05-18,2,3,1,349.0,150.0,0.0
1866,1672,4,2024-05-18,1,2,1,296.65,150.0,52.35
1867,1673,4,2024-05-18,1,1,1,349.0,150.0,0.0
1868,1674,3,2024-05-18,1,1,1,329.0,142.0,0.0
1869,1675,6,2024-05-18,9,5,1,424.15,215.0,74.85
1870,1676,5,2024-05-18,1,5,1,314.1,150.0,34.9
1871,1677,1,2024-05-19,5,1,1,299.0,129.0,0.0
1872,1678,2,2024-05-19,1,4,1,299.0,129.0,0.0
1873,1551,5,2024-05-19,3,2,1,296.65,150.0,52.35
1874,1679,1,2024-05-19,4,5,1,299.0,129.0,0.0
1875,1680,3,2024-05-19,1,1,1,329.0,142.0,0.0
1876,1681,1,2024-05-19,4,3,1,269.1,129.0,29.9
1877,1682,2,2024-05-19,1,1,1,254.15,129.0,44.85
1878,918,2,2024-05-19,1,1,1,299.0,129.0,0.0
1879,1683,4,2024-05-19,5,1,1,314.1,150.0,34.9
1880,1684,4,2024-05-19,7,1,1,349.0,150.0,0.0
1881,1685,3,2024-05-19,3,3,2,296.1,142.0,32.9
1882,1686,2,2024-05-19,2,4,1,299.0,129.0,0.0
1883,1687,4,2024-05-19,5,1,1,314.1,150.0,34.9
1884,1622,5,2024-05-19,4,2,1,349.0,150.0,0.0
1885,1688,2,2024-05-19,3,1,2,299.0,129.0,0.0
1886,1689,1,2024-05-20,4,3,1,299.0,129.0,0.0
1887,1690,4,2024-05-20,4,2,1,349.0,150.0,0.0
1888,1691,4,2024-05-20,4,5,1,349.0,150.0,0.0
1889,1692,2,2024-05-20,1,1,1,299.0,129.0,0.0
1890,1693,1,2024-05-20,5,2,1,299.0,129.0,0.0
1891,1694,1,2024-05-20,1,1,1,269.1,129.0,29.9
1892,1695,5,2024-05-20,4,3,1,349.0,150.0,0.0
1893,1696,1,2024-05-20,3,1,1,299.0,129.0,0.0
1894,1697,6,2024-05-20,1,1,1,499.0,215.0,0.0
1895,1698,5,2024-05-20,3,1,1,349.0,150.0,0.0
1896,1699,2,2024-05-20,4,4,1,299.0,129.0,0.0
1897,1700,4,2024-05-20,3,1,2,349.0,150.0,0.0
1898,1701,1,2024-05-21,9,4,1,299.0,129.0,0.0
1899,1702,4,2024-05-21,1,1,1,349.0,150.0,0.0
1900,1703,5,2024-05-21,9,1,1,349.0,150.0,0.0
1901,307,4,2024-05-21,2,3,1,349.0,150.0,0.0
1902,1704,5,2024-05-21,7,2,1,314.1,150.0,34.9
1903,1705,1,2024-05-21,1,5,1,299.0,129.0,0.0
1904,1706,5,2024-05-21,3,1,1,349.0,150.0,0.0
1905,1707,5,2024-05-21,5,1,2,349.0,150.0,0.0
1906,1708,6,2024-05-21,7,3,1,424.15,215.0,74.85
1907,1709,5,2024-05-21,3,1,1,296.65,150.0,52.35
1908,1710,5,2024-05-21,3,5,1,349.0,150.0,0.0
1909,1711,3,2024-05-21,2,2,1,329.0,142.0,0.0
1910,1712,4,2024-05-21,5,1,1,296.65,150.0,52.35
1911,1713,6,2024-05-21,3,1,1,499.0,215.0,0.0
1912,1714,6,2024-05-21,2,1,1,499.0,215.0,0.0
1913,1715,1,2024-05-22,1,1,1,299.0,129.0,0.0
1914,1716,4,2024-05-22,1,2,1,349.0,150.0,0.0
1915,1717,2,2024-05-22,5,1,1,299.0,129.0,0.0
1916,1718,1,2024-05-22,1,2,1,254.15,129.0,44.85
1917,1719,1,2024-05-22,2,4,1,299.0,129.0,0.0
1918,1720,4,2024-05-22,1,1,1,296.65,150.0,52.35
1919,1721,3,2024-05-22,4,1,1,329.0,142.0,0.0
1920,1722,4,2024-05-22,1,2,1,349.0,150.0,0.0
1921,1723,3,2024-05-22,4,2,1,329.0,142.0,0.0
1922,1724,3,2024-05-22,1,2,1,329.0,142.0,0.0
1923,1725,3,2024-05-22,3,2,2,329.0,142.0,0.0
1924,1726,4,2024-05-22,3,5,1,349.0,150.0,0.0
1925,1727,4,2024-05-22,2,1,1,349.0,150.0,0.0
1926,577,4,2024-05-22,3,1,1,349.0,150.0,0.0
1927,1728,5,2024-05-22,1,4,1,349.0,150.0,0.0
1928,1729,5,2024-05-23,1,4,1,349.0,150.0,0.0
1929,1730,4,2024-05-23,2,2,1,349.0,150.0,0.0
1930,1731,3,2024-05-23,4,3,1,329.0,142.0,0.0
1931,1659,1,2024-05-23,5,2,1,299.0,129.0,0.0
1932,1732,2,2024-05-23,2,1,1,269.1,129.0,29.9
1933,1733,6,2024-05-23,5,1,1,499.0,215.0,0.0
1934,1734,1,2024-05-23,1,1,1,299.0,129.0,0.0
1935,1735,4,2024-05-23,1,1,1,349.0,150.0,0.0
1936,1736,4,2024-05-23,6,2,2,314.1,150.0,34.9
1937,1737,5,2024-05-23,4,2,1,314.1,150.0,34.9
1938,1738,4,2024-05-23,4,1,1,314.1,150.0,34.9
1939,1739,5,2024-05-23,2,3,1,349.0,150.0,0.0
1940,1740,6,2024-05-23,2,3,1,499.0,215.0,0.0
1941,1741,1,2024-05-23,1,2,1,299.0,129.0,0.0
1942,1742,4,2024-05-23,4,4,1,349.0,150.0,0.0
1943,915,6,2024-05-24,5,1,2,499.0,215.0,0.0
1944,1743,6,2024-05-24,3,1,1,449.1,215.0,49.9
1945,1744,5,2024-05-24,4,2,1,349.0,150.0,0.0
1946,1745,5,2024-05-24,5,1,1,349.0,150.0,0.0
1947,1746,5,2024-05-24,7,2,1,349.0,150.0,0.0
1948,1747,3,2024-05-24,3,5,1,329.0,142.0,0.0
1949,1748,5,2024-05-24,2,5,1,349.0,150.0,0.0
1950,1749,3,2024-05-24,1,4,1,329.0,142.0,0.0
1951,1750,2,2024-05-24,7,2,1,299.0,129.0,0.0
1952,1751,5,2024-05-24,5,1,2,314.1,150.0,34.9
1953,1752,5,2024-05-24,5,2,1,314.1,150.0,34.9
1954,889,1,2024-05-24,6,1,1,299.0,129.0,0.0
1955,1753,5,2024-05-24,7,1,1,314.1,150.0,34.9
1956,1754,5,2024-05-24,3,1,1,296.65,150.0,52.35
1957,1755,2,2024-05-25,1,1,1,299.0,129.0,0.0
1958,1756,5,2024-05-25,3,2,1,349.0,150.0,0.0
1959,1757,5,2024-05-25,7,2,1,314.1,150.0,34.9
1960,1758,4,2024-05-25,1,3,1,349.0,150.0,0.0
1961,1759,6,2024-05-25,6,2,1,499.0,215.0,0.0
1962,1760,4,2024-05-25,3,1,1,349.0,150.0,0.0
1963,1761,1,2024-05-25,1,1,1,299.0,129.0,0.0
1964,1762,5,2024-05-25,1,2,1,349.0,150.0,0.0
1965,1763,3,2024-05-25,7,1,1,279.65,142.0,49.35
1966,1764,5,2024-05-25,8,1,1,314.1,150.0,34.9
1967,1765,4,2024-05-25,3,2,1,296.65,150.0,52.35
1968,1766,1,2024-05-25,3,5,1,299.0,129.0,0.0
1969,1767,2,2024-05-25,1,1,1,299.0,129.0,0.0
1970,1768,5,2024-05-25,5,5,1,349.0,150.0,0.0
1971,1769,5,2024-05-25,1,5,1,349.0,150.0,0.0
1972,15,5,2024-05-26,8,2,1,296.65,150.0,52.35
1973,1770,4,2024-05-26,8,1,1,349.0,150.0,0.0
1974,1771,1,2024-05-26,4,2,1,299.0,129.0,0.0
1975,1772,3,2024-05-26,1,1,1,279.65,142.0,49.35
1976,1773,5,2024-05-26,6,3,1,349.0,150.0,0.0
1977,1774,5,2024-05-26,5,3,1,349.0,150.0,0.0
1978,1775,4,2024-05-26,3,4,1,349.0,150.0,0.0
1979,1776,6,2024-05-26,3,1,1,499.0,215.0,0.0
1980,1777,2,2024-05-26,5,4,1,299.0,129.0,0.0
1981,1778,5,2024-05-26,1,3,1,296.65,150.0,52.35
1982,1779,5,2024-05-26,1,1,1,349.0,150.0,0.0
1983,1780,3,2024-05-26,2,2,1,329.0,142.0,0.0
1984,1781,4,2024-05-26,1,2,1,349.0,150.0,0.0
1985,1782,4,2024-05-26,7,1,1,349.0,150.0,0.0
1986,1783,5,2024-05-26,2,3,2,314.1,150.0,34.9
1987,1784,4,2024-05-26,3,1,1,349.0,150.0,0.0
1988,1785,6,2024-05-26,2,1,1,499.0,215.0,0.0
1989,1786,1,2024-05-26,5,1,2,299.0,129.0,0.0
1990,1787,3,2024-05-26,8,3,1,329.0,142.0,0.0
1991,694,4,2024-05-27,3,1,1,349.0,150.0,0.0
1992,1788,2,2024-05-27,1,1,1,269.1,129.0,29.9
1993,1789,4,2024-05-27,2,1,1,314.1,150.0,34.9
1994,1790,2,2024-05-27,1,1,1,299.0,129.0,0.0
1995,1791,4,2024-05-27,4,4,1,349.0,150.0,0.0
1996,628,6,2024-05-27,4,3,1,449.1,215.0,49.9
1997,1792,3,2024-05-27,3,3,1,329.0,142.0,0.0
1998,1793,5,2024-05-27,2,3,1,349.0,150.0,0.0
1999,1794,5,2024-05-27,3,2,1,296.65,150.0,52.35
2000,1795,4,2024-05-27,2,3,1,349.0,150.0,0.0
2001,1796,6,2024-05-27,5,5,1,499.0,215.0,0.0
2002,791,1,2024-05-27,2,2,1,299.0,129.0,0.0
2003,1797,5,2024-05-28,4,1,1,314.1,150.0,34.9
2004,1798,4,2024-05-28,1,2,1,349.0,150.0,0.0
2005,1799,4,2024-05-28,3,4,1,296.65,150.0,52.35
2006,1800,2,2024-05-28,2,2,1,254.15,129.0,44.85
2007,1801,3,2024-05-28,5,1,1,329.0,142.0,0.0
2008,1802,5,2024-05-28,1,2,1,349.0,150.0,0.0
2009,1803,1,2024-05-28,5,4,1,299.0,129.0,0.0
2010,1804,4,2024-05-28,1,3,1,349.0,150.0,0.0
2011,1805,2,2024-05-28,6,2,1,299.0,129.0,0.0
2012,1806,5,2024-05-28,1,2,1,349.0,150.0,0.0
2013,1807,4,2024-05-28,2,4,1,349.0,150.0,0.0
2014,1808,4,2024-05-28,1,1,1,314.1,150.0,34.9
2015,1809,5,2024-05-28,4,2,1,349.0,150.0,0.0
2016,1810,6,2024-05-29,1,5,1,499.0,215.0,0.0
2017,1811,6,2024-05-29,5,2,1,499.0,215.0,0.0
2018,1812,5,2024-05-29,2,1,1,349.0,150.0,0.0
2019,1813,5,2024-05-29,2,5,1,349.0,150.0,0.0
2020,1814,1,2024-05-29,1,2,1,254.15,129.0,44.85
2021,1815,4,2024-05-29,5,4,1,349.0,150.0,0.0
2022,1816,4,2024-05-29,3,2,1,349.0,150.0,0.0
2023,1817,2,2024-05-29,1,1,1,299.0,129.0,0.0
2024,1818,5,2024-05-29,5,1,1,349.0,150.0,0.0
2025,1819,2,2024-05-29,2,2,1,269.1,129.0,29.9
2026,1820,4,2024-05-29,4,2,1,349.0,150.0,0.0
2027,1821,4,2024-05-29,1,2,1,314.1,150.0,34.9
2028,1822,5,2024-05-29,,1,1,349.0,150.0,0.0
2029,1823,1,2024-05-30,3,2,1,254.15,129.0,44.85
2030,1824,5,2024-05-30,1,1,1,314.1,150.0,34.9
2031,1825,2,2024-05-30,5,1,1,254.15,129.0,44.85
2032,1826,1,2024-05-30,9,1,1,299.0,129.0,0.0
2033,1827,5,2024-05-30,2,2,1,296.65,150.0,52.35
2034,1828,4,2024-05-30,7,4,1,349.0,150.0,0.0
2035,1829,4,2024-05-30,1,3,1,296.65,150.0,52.35
2036,1830,3,2024-05-30,3,4,1,329.0,142.0,0.0
2037,1831,2,2024-05-30,1,3,1,299.0,129.0,0.0
2038,1832,6,2024-05-30,7,2,2,499.0,215.0,0.0
2039,1833,3,2024-05-30,3,2,1,329.0,142.0,0.0
2040,1834,4,2024-05-30,2,1,2,349.0,150.0,0.0
2041,1835,4,2024-05-30,6,2,1,349.0,150.0,0.0
2042,1836,3,2024-05-30,1,4,1,329.0,142.0,0.0
2043,1837,5,2024-05-30,3,2,2,349.0,150.0,0.0
2044,1838,4,2024-05-31,1,1,1,349.0,150.0,0.0
2045,1839,4,2024-05-31,7,5,1,349.0,150.0,0.0
2046,1840,5,2024-05-31,1,1,2,349.0,150.0,0.0
2047,1841,5,2024-05-31,7,5,1,349.0,150.0,0.0
2048,1650,4,2024-05-31,6,1,1,349.0,150.0,0.0
2049,1842,2,2024-05-31,5,2,2,299.0,129.0,0.0
2050,1843,5,2024-05-31,5,4,1,349.0,150.0,0.0
2051,1844,4,2024-05-31,7,5,1,349.0,150.0,0.0
2052,1845,5,2024-05-31,1,3,1,349.0,150.0,0.0
2053,1846,5,2024-05-31,2,2,1,349.0,150.0,0.0
2054,1847,4,2024-05-31,2,5,1,349.0,150.0,0.0
2055,1848,4,2024-05-31,2,4,2,314.1,150.0,34.9
2056,1849,5,2024-05-31,4,1,1,349.0,150.0,0.0
2057,1850,1,2024-05-31,4,1,1,254.15,129.0,44.85
2058,1851,2,2024-05-31,2,1,1,299.0,129.0,0.0
2059,1852,5,2024-05-31,5,1,2,314.1,150.0,34.9
2060,1853,1,2024-05-31,1,2,1,299.0,129.0,0.0
2061,1854,2,2024-05-31,4,2,1,299.0,129.0,0.0
2062,1855,3,2024-06-01,3,3,1,329.0,142.0,0.0
2063,1856,3,2024-06-01,1,1,1,329.0,142.0,0.0
2064,1857,5,2024-06-01,8,1,1,349.0,150.0,0.0
2065,1858,5,2024-06-01,2,1,1,349.0,150.0,0.0
2066,1859,5,2024-06-01,3,4,1,314.1,150.0,34.9
2067,1860,4,2024-06-01,2,2,1,349.0,150.0,0.0
2068,1861,5,2024-06-01,5,1,1,349.0,150.0,0.0
2069,1862,3,2024-06-01,2,5,1,329.0,142.0,0.0
2070,1863,2,2024-06-01,6,1,1,299.0,129.0,0.0
2071,1864,4,2024-06-01,1,2,1,349.0,150.0,0.0
2072,1865,6,2024-06-01,4,1,1,499.0,215.0,0.0
2073,1866,5,2024-06-01,5,5,1,349.0,150.0,0.0
2074,1867,5,2024-06-01,3,2,1,349.0,150.0,0.0
2075,1868,2,2024-06-01,6,1,1,299.0,129.0,0.0
2076,388,5,2024-06-01,1,3,1,349.0,150.0,0.0
2077,1869,6,2024-06-02,8,1,0,499.0,215.0,0.0
2078,1296,3,2024-06-02,2,1,1,329.0,142.0,0.0
2079,1870,5,2024-06-02,1,3,1,349.0,150.0,0.0
2080,1871,5,2024-06-02,1,1,1,349.0,150.0,0.0
2081,1872,1,2024-06-02,3,1,1,269.1,129.0,29.9
2082,1873,5,2024-06-02,5,3,1,349.0,150.0,0.0
2083,1874,2,2024-06-02,2,2,1,299.0,129.0,0.0
2084,1875,1,2024-06-02,1,3,1,299.0,129.0,0.0
2085,1876,4,2024-06-02,8,2,1,349.0,150.0,0.0
2086,1877,4,2024-06-02,1,1,1,349.0,150.0,0.0
2087,615,4,2024-06-02,3,1,1,349.0,150.0,0.0
2088,1878,2,2024-06-02,1,2,2,299.0,129.0,0.0
2089,1879,4,2024-06-02,5,5,1,349.0,150.0,0.0
2090,1880,1,2024-06-02,3,1,1,269.1,129.0,29.9
2091,1881,4,2024-06-03,1,3,1,349.0,150.0,0.0
2092,1882,2,2024-06-03,1,1,1,299.0,129.0,0.0
2093,1883,4,2024-06-03,5,3,1,349.0,150.0,0.0
2094,1884,5,2024-06-03,4,1,1,349.0,150.0,0.0
2095,1885,5,2024-06-03,9,1,1,314.1,150.0,34.9
2096,1079,1,2024-06-03,5,1,1,299.0,129.0,0.0
2097,1886,5,2024-06-03,8,1,1,349.0,150.0,0.0
2098,1887,4,2024-06-03,3,3,1,314.1,150.0,34.9
2099,1888,4,2024-06-03,3,1,1,349.0,150.0,0.0
2100,1889,6,2024-06-03,4,2,1,499.0,215.0,0.0
2101,1890,5,2024-06-03,1,2,1,349.0,150.0,0.0
2102,1891,5,2024-06-03,3,5,1,349.0,150.0,0.0
2103,1892,6,2024-06-03,1,2,1,449.1,215.0,49.9
2104,94,5,2024-06-03,1,1,1,349.0,150.0,0.0
2105,1893,6,2024-06-03,5,2,1,499.0,215.0,0.0
2106,1894,3,2024-06-03,1,2,1,329.0,142.0,0.0
2107,1895,4,2024-06-03,7,1,1,349.0,150.0,0.0
2108,1896,5,2024-06-03,2,2,1,349.0,150.0,0.0
2109,1897,4,2024-06-03,4,1,1,349.0,150.0,0.0
2110,123,2,2024-06-04,1,1,1,299.0,129.0,0.0
2111,1898,5,2024-06-04,2,3,1,314.1,150.0,34.9
2112,1899,4,2024-06-04,7,3,1,314.1,150.0,34.9
2113,1098,4,2024-06-04,9,1,1,314.1,150.0,34.9
2114,1900,5,2024-06-04,7,1,1,349.0,150.0,0.0
2115,1901,5,2024-06-04,3,3,1,349.0,150.0,0.0
2116,1902,3,2024-06-04,3,2,1,329.0,142.0,0.0
2117,1903,3,2024-06-04,3,2,1,329.0,142.0,0.0
2118,1904,5,2024-06-04,8,4,1,296.65,150.0,52.35
2119,1905,5,2024-06-04,3,3,1,349.0,150.0,0.0
2120,1906,5,2024-06-04,2,1,1,349.0,150.0,0.0
2121,1907,3,2024-06-04,5,1,1,329.0,142.0,0.0
2122,1908,4,2024-06-04,2,1,2,296.65,150.0,52.35
2123,1909,5,2024-06-04,3,1,1,349.0,150.0,0.0
2124,1910,3,2024-06-04,1,5,1,329.0,142.0,0.0
2125,955,4,2024-06-04,3,1,1,349.0,150.0,0.0
2126,1911,5,2024-06-04,8,4,1,349.0,150.0,0.0
2127,1912,5,2024-06-04,4,2,2,296.65,150.0,52.35
2128,1913,4,2024-06-04,,1,1,314.1,150.0,34.9
2129,1914,2,2024-06-05,1,2,1,269.1,129.0,29.9
2130,1915,5,2024-06-05,1,1,1,349.0,150.0,0.0
2131,1916,4,2024-06-05,4,1,2,349.0,150.0,0.0
2132,1917,5,2024-06-05,5,5,1,349.0,150.0,0.0
2133,1918,4,2024-06-05,8,2,2,349.0,150.0,0.0
2134,1919,5,2024-06-05,6,2,1,349.0,150.0,0.0
2135,1920,5,2024-06-05,2,1,1,349.0,150.0,0.0
2136,1921,4,2024-06-05,6,1,1,349.0,150.0,0.0
2137,1922,2,2024-06-05,3,3,1,299.0,129.0,0.0
2138,901,4,2024-06-05,1,3,1,349.0,150.0,0.0
2139,1923,2,2024-06-05,5,3,1,254.15,129.0,44.85
2140,1924,2,2024-06-05,5,1,1,299.0,129.0,0.0
2141,1925,5,2024-06-05,1,3,1,296.65,150.0,52.35
2142,1926,1,2024-06-05,1,1,1,299.0,129.0,0.0
2143,349,3,2024-06-05,7,1,1,329.0,142.0,0.0
2144,1927,2,2024-06-05,3,2,1,299.0,129.0,0.0
2145,1928,3,2024-06-05,4,4,1,329.0,142.0,0.0
2146,1929,1,2024-06-05,3,1,1,299.0,129.0,0.0
2147,1930,5,2024-06-05,5,1,1,314.1,150.0,34.9
2148,1931,5,2024-06-05,5,1,1,314.1,150.0,34.9
2149,1089,5,2024-06-05,1,1,1,349.0,150.0,0.0
2150,1932,5,2024-06-05,3,2,1,349.0,150.0,0.0
2151,1933,3,2024-06-06,5,2,1,329.0,142.0,0.0
2152,1157,5,2024-06-06,2,2,1,349.0,150.0,0.0
2153,1934,1,2024-06-06,3,1,1,299.0,129.0,0.0
2154,704,1,2024-06-06,3,2,1,299.0,129.0,0.0
2155,1935,3,2024-06-06,2,1,1,329.0,142.0,0.0
2156,1936,5,2024-06-06,7,3,1,296.65,150.0,52.35
2157,1937,6,2024-06-06,5,5,1,499.0,215.0,0.0
2158,1938,4,2024-06-06,7,4,1,349.0,150.0,0.0
2159,1939,6,2024-06-06,8,3,2,499.0,215.0,0.0
2160,1940,1,2024-06-06,8,1,1,254.15,129.0,44.85
2161,1941,5,2024-06-06,1,1,1,349.0,150.0,0.0
2162,1942,1,2024-06-06,1,1,1,299.0,129.0,0.0
2163,1943,2,2024-06-06,5,4,1,299.0,129.0,0.0
2164,1944,3,2024-06-06,3,3,1,329.0,142.0,0.0
2165,1945,5,2024-06-06,6,3,1,349.0,150.0,0.0
2166,1946,5,2024-06-06,5,1,1,349.0,150.0,0.0
2167,1947,5,2024-06-06,5,2,1,314.1,150.0,34.9
2168,1948,4,2024-06-07,1,2,1,349.0,150.0,0.0
2169,1837,5,2024-06-07,6,2,1,349.0,150.0,0.0
2170,1949,5,2024-06-07,1,1,1,349.0,150.0,0.0
2171,1950,2,2024-06-07,4,2,1,299.0,129.0,0.0
2172,1951,2,2024-06-07,1,5,1,269.1,129.0,29.9
2173,1952,4,2024-06-07,6,2,1,349.0,150.0,0.0
2174,1953,1,2024-06-07,6,4,1,299.0,129.0,0.0
2175,1954,1,2024-06-07,2,2,1,299.0,129.0,0.0
2176,1955,4,2024-06-07,5,1,2,349.0,150.0,0.0
2177,1956,2,2024-06-07,5,2,1,299.0,129.0,0.0
2178,1957,3,2024-06-07,3,2,1,329.0,142.0,0.0
2179,1958,5,2024-06-07,2,3,2,349.0,150.0,0.0
2180,1959,2,2024-06-07,3,1,1,254.15,129.0,44.85
2181,1960,5,2024-06-07,1,1,1,349.0,150.0,0.0
2182,1608,1,2024-06-07,7,3,1,299.0,129.0,0.0
2183,1961,2,2024-06-08,6,2,1,299.0,129.0,0.0
2184,227,2,2024-06-08,2,2,1,299.0,129.0,0.0
2185,1962,4,2024-06-08,5,1,1,349.0,150.0,0.0
2186,1963,1,2024-06-08,4,2,1,299.0,129.0,0.0
2187,1964,2,2024-06-08,1,4,2,299.0,129.0,0.0
2188,1965,5,2024-06-08,3,1,1,349.0,150.0,0.0
2189,1966,3,2024-06-08,4,4,1,279.65,142.0,49.35
2190,1967,3,2024-06-08,7,3,2,329.0,142.0,0.0
2191,1968,4,2024-06-08,1,3,1,296.65,150.0,52.35
2192,1969,5,2024-06-08,1,1,1,349.0,150.0,0.0
2193,907,2,2024-06-08,6,1,1,299.0,129.0,0.0
2194,1970,5,2024-06-08,5,2,1,349.0,150.0,0.0
2195,1971,5,2024-06-08,4,2,1,349.0,150.0,0.0
2196,1972,6,2024-06-08,2,1,1,499.0,215.0,0.0
2197,1973,4,2024-06-08,4,5,1,349.0,150.0,0.0
2198,1974,3,2024-06-08,2,1,1,329.0,142.0,0.0
2199,1975,2,2024-06-08,3,2,1,269.1,129.0,29.9
2200,1976,6,2024-06-09,2,2,1,499.0,215.0,0.0
2201,1977,4,2024-06-09,5,3,1,349.0,150.0,0.0
2202,1075,2,2024-06-09,8,2,1,269.1,129.0,29.9
2203,1978,4,2024-06-09,9,2,1,349.0,150.0,0.0
2204,1293,2,2024-06-09,1,2,1,299.0,129.0,0.0
2205,1979,2,2024-06-09,9,1,1,299.0,129.0,0.0
2206,1980,6,2024-06-09,1,5,1,499.0,215.0,0.0
2207,1981,1,2024-06-09,1,1,1,269.1,129.0,29.9
2208,1982,6,2024-06-09,1,3,1,499.0,215.0,0.0
2209,1983,5,2024-06-09,5,2,1,349.0,150.0,0.0
2210,407,4,2024-06-09,1,4,1,349.0,150.0,0.0
2211,1984,6,2024-06-09,3,2,1,499.0,215.0,0.0
2212,1985,5,2024-06-09,6,2,1,349.0,150.0,0.0
2213,1986,6,2024-06-09,3,1,1,499.0,215.0,0.0
2214,1987,4,2024-06-09,2,3,1,296.65,150.0,52.35
2215,1988,6,2024-06-10,4,1,1,499.0,215.0,0.0
2216,1989,4,2024-06-10,5,5,2,349.0,150.0,0.0
2217,1990,3,2024-06-10,3,1,1,329.0,142.0,0.0
2218,1991,3,2024-06-10,4,2,1,296.1,142.0,32.9
2219,1992,5,2024-06-10,2,4,1,349.0,150.0,0.0
2220,1993,2,2024-06-10,2,1,2,254.15,129.0,44.85
2221,1994,5,2024-06-10,1,2,1,349.0,150.0,0.0
2222,1995,6,2024-06-10,3,1,1,424.15,215.0,74.85
2223,1996,4,2024-06-10,1,2,1,296.65,150.0,52.35
2224,1997,6,2024-06-10,4,4,1,499.0,215.0,0.0
2225,1998,6,2024-06-10,3,1,1,499.0,215.0,0.0
2226,1999,5,2024-06-10,4,2,1,314.1,150.0,34.9
2227,2000,1,2024-06-10,2,2,1,299.0,129.0,0.0
2228,2001,5,2024-06-10,5,2,1,349.0,150.0,0.0
2229,2002,4,2024-06-10,1,1,1,349.0,150.0,0.0
2230,2003,5,2024-06-10,1,2,1,349.0,150.0,0.0
2231,2004,3,2024-06-10,1,1,1,296.1,142.0,32.9
2232,2005,4,2024-06-10,3,1,1,314.1,150.0,34.9
2233,2006,2,2024-06-10,5,3,1,299.0,129.0,0.0
2234,2007,5,2024-06-11,1,2,1,349.0,150.0,0.0
2235,2008,3,2024-06-11,1,2,1,279.65,142.0,49.35
2236,2009,4,2024-06-11,5,3,1,349.0,150.0,0.0
2237,2010,1,2024-06-11,4,1,1,299.0,129.0,0.0
2238,2011,2,2024-06-11,1,3,1,299.0,129.0,0.0
2239,2012,5,2024-06-11,4,1,2,349.0,150.0,0.0
2240,2013,3,2024-06-11,2,2,1,296.1,142.0,32.9
2241,153,5,2024-06-11,3,1,1,349.0,150.0,0.0
2242,2014,5,2024-06-11,2,1,1,296.65,150.0,52.35
2243,2015,2,2024-06-11,5,2,1,269.1,129.0,29.9
2244,2016,3,2024-06-11,7,4,1,279.65,142.0,49.35
2245,2017,5,2024-06-11,1,1,1,349.0,150.0,0.0
2246,980,5,2024-06-12,2,1,1,349.0,150.0,0.0
2247,1605,4,2024-06-12,7,5,1,349.0,150.0,0.0
2248,2018,1,2024-06-12,1,3,1,299.0,129.0,0.0
2249,2019,5,2024-06-12,5,2,1,349.0,150.0,0.0
2250,2020,1,2024-06-12,1,1,1,299.0,129.0,0.0
2251,2021,5,2024-06-12,3,1,1,296.65,150.0,52.35
2252,2022,2,2024-06-12,3,2,1,299.0,129.0,0.0
2253,2023,5,2024-06-12,1,1,1,349.0,150.0,0.0
2254,2024,1,2024-06-12,1,2,1,299.0,129.0,0.0
2255,1677,4,2024-06-12,1,4,1,314.1,150.0,34.9
2256,2025,5,2024-06-12,4,2,1,314.1,150.0,34.9
2257,2026,1,2024-06-12,3,1,1,299.0,129.0,0.0
2258,2027,4,2024-06-12,2,4,1,296.65,150.0,52.35
2259,2028,2,2024-06-12,2,2,1,299.0,129.0,0.0
2260,2029,4,2024-06-13,3,1,1,296.65,150.0,52.35
2261,2030,1,2024-06-13,7,2,1,299.0,129.0,0.0
2262,2031,4,2024-06-13,5,3,1,349.0,150.0,0.0
2263,2032,2,2024-06-13,3,1,1,299.0,129.0,0.0
2264,2033,3,2024-06-13,1,1,1,329.0,142.0,0.0
2265,1999,5,2024-06-13,4,1,1,314.1,150.0,34.9
2266,2034,6,2024-06-13,5,3,2,499.0,215.0,0.0
2267,91,2,2024-06-13,6,1,2,299.0,129.0,0.0
2268,2035,1,2024-06-13,5,2,1,299.0,129.0,0.0
2269,2036,4,2024-06-13,5,2,1,349.0,150.0,0.0
2270,2037,6,2024-06-13,8,3,1,449.1,215.0,49.9
2271,2038,1,2024-06-13,5,1,1,299.0,129.0,0.0
2272,2039,3,2024-06-13,2,2,1,296.1,142.0,32.9
2273,2040,2,2024-06-13,6,1,1,299.0,129.0,0.0
2274,2041,2,2024-06-13,5,2,1,299.0,129.0,0.0
2275,2042,6,2024-06-13,5,5,1,499.0,215.0,0.0
2276,2043,4,2024-06-13,2,1,1,349.0,150.0,0.0
2277,2044,4,2024-06-13,7,1,1,349.0,150.0,0.0
2278,2045,1,2024-06-13,5,2,1,299.0,129.0,0.0
2279,2046,2,2024-06-13,1,1,1,299.0,129.0,0.0
2280,1196,2,2024-06-13,1,2,1,269.1,129.0,29.9
2281,2047,2,2024-06-13,1,3,1,269.1,129.0,29.9
2282,2048,5,2024-06-13,7,2,1,314.1,150.0,34.9
2283,2049,5,2024-06-14,3,1,1,349.0,150.0,0.0
2284,2050,5,2024-06-14,5,1,1,349.0,150.0,0.0
2285,2051,1,2024-06-14,3,1,1,299.0,129.0,0.0
2286,2052,4,2024-06-14,,2,1,349.0,150.0,0.0
2287,2053,1,2024-06-14,5,2,1,269.1,129.0,29.9
2288,2054,4,2024-06-14,3,5,1,349.0,150.0,0.0
2289,2055,5,2024-06-14,6,1,1,314.1,150.0,34.9
2290,2056,6,2024-06-14,5,3,1,424.15,215.0,74.85
2291,2057,4,2024-06-14,7,3,1,349.0,150.0,0.0
2292,2058,5,2024-06-14,2,2,1,349.0,150.0,0.0
2293,2059,5,2024-06-14,1,2,1,349.0,150.0,0.0
2294,2060,1,2024-06-14,1,2,1,299.0,129.0,0.0
2295,2061,2,2024-06-14,2,2,1,299.0,129.0,0.0
2296,2062,5,2024-06-14,2,4,1,349.0,150.0,0.0
2297,2063,5,2024-06-14,1,1,1,314.1,150.0,34.9
2298,2064,5,2024-06-15,8,1,1,349.0,150.0,0.0
2299,2065,3,2024-06-15,2,2,1,329.0,142.0,0.0
2300,2066,2,2024-06-15,2,1,2,299.0,129.0,0.0
2301,2067,5,2024-06-15,2,2,1,314.1,150.0,34.9
2302,2068,5,2024-06-15,3,2,1,349.0,150.0,0.0
2303,2069,2,2024-06-15,1,1,1,269.1,129.0,29.9
2304,2070,6,2024-06-15,5,1,1,499.0,215.0,0.0
2305,2071,4,2024-06-15,2,1,1,349.0,150.0,0.0
2306,2072,6,2024-06-15,1,1,1,499.0,215.0,0.0
2307,2073,4,2024-06-15,2,4,1,314.1,150.0,34.9
2308,2074,3,2024-06-15,3,4,2,296.1,142.0,32.9
2309,2075,3,2024-06-15,4,2,2,329.0,142.0,0.0
2310,2076,4,2024-06-15,4,1,2,349.0,150.0,0.0
2311,2077,1,2024-06-15,1,1,1,299.0,129.0,0.0
2312,2078,5,2024-06-15,5,4,1,349.0,150.0,0.0
2313,2079,5,2024-06-15,1,1,1,349.0,150.0,0.0
2314,2080,6,2024-06-15,5,1,2,499.0,215.0,0.0
2315,2081,5,2024-06-15,3,1,1,349.0,150.0,0.0
2316,2082,4,2024-06-15,2,3,1,349.0,150.0,0.0
2317,2083,3,2024-06-15,7,5,1,329.0,142.0,0.0
2318,2084,1,2024-06-16,3,1,1,299.0,129.0,0.0
2319,2085,1,2024-06-16,9,1,1,299.0,129.0,0.0
2320,2086,4,2024-06-16,3,1,2,314.1,150.0,34.9
2321,2087,4,2024-06-16,3,5,1,349.0,150.0,0.0
2322,2088,1,2024-06-16,4,3,1,299.0,129.0,0.0
2323,2089,4,2024-06-16,1,1,1,314.1,150.0,34.9
2324,90079,1,2024-06-16,1,1,2,299.0,129.0,0.0
2325,2091,4,2024-06-16,1,1,1,349.0,150.0,0.0
2326,2092,5,2024-06-16,4,2,1,296.65,150.0,52.35
2327,2093,4,2024-06-16,1,2,1,314.1,150.0,34.9
2328,2094,5,2024-06-16,1,5,1,296.65,150.0,52.35
2329,2095,3,2024-06-16,1,1,1,329.0,142.0,0.0
2330,2096,1,2024-06-16,2,2,1,299.0,129.0,0.0
2331,2097,4,2024-06-16,5,2,1,349.0,150.0,0.0
2332,2098,4,2024-06-16,3,1,1,349.0,150.0,0.0
2333,2099,2,2024-06-16,2,4,1,254.15,129.0,44.85
2334,1616,2,2024-06-16,3,3,1,299.0,129.0,0.0
2335,2100,4,2024-06-17,4,5,1,349.0,150.0,0.0
2336,2101,1,2024-06-17,1,2,1,299.0,129.0,0.0
2337,2102,2,2024-06-17,3,5,1,299.0,129.0,0.0
2338,2103,1,2024-06-17,2,5,1,299.0,129.0,0.0
2339,2104,6,2024-06-17,1,1,1,449.1,215.0,49.9
2340,2105,5,2024-06-17,1,4,1,349.0,150.0,0.0
2341,2106,4,2024-06-17,1,5,1,349.0,150.0,0.0
2342,2107,4,2024-06-17,1,2,1,349.0,150.0,0.0
2343,2108,4,2024-06-17,1,5,1,314.1,150.0,34.9
2344,2109,4,2024-06-17,8,5,1,349.0,150.0,0.0
2345,2110,2,2024-06-17,7,2,1,254.15,129.0,44.85
2346,2111,1,2024-06-17,1,2,2,299.0,129.0,0.0
2347,2112,3,2024-06-17,8,1,2,329.0,142.0,0.0
2348,2113,4,2024-06-17,5,4,1,314.1,150.0,34.9
2349,2114,6,2024-06-17,4,2,1,449.1,215.0,49.9
2350,2115,2,2024-06-18,8,1,1,299.0,129.0,0.0
2351,2116,5,2024-06-18,8,1,1,349.0,150.0,0.0
2352,991,4,2024-06-18,1,1,1,314.1,150.0,34.9
2353,2117,3,2024-06-18,,3,1,329.0,142.0,0.0
2354,2118,2,2024-06-18,3,1,1,299.0,129.0,0.0
2355,2119,6,2024-06-18,1,5,1,499.0,215.0,0.0
2356,90462,3,2024-06-18,3,2,1,329.0,142.0,0.0
2357,2120,5,2024-06-18,5,1,1,314.1,150.0,34.9
2358,2121,1,2024-06-18,4,2,2,299.0,129.0,0.0
2359,2122,5,2024-06-18,8,2,1,314.1,150.0,34.9
2360,2123,4,2024-06-18,5,1,1,349.0,150.0,0.0
2361,1364,2,2024-06-18,6,5,1,299.0,129.0,0.0
2362,1296,1,2024-06-18,1,2,1,269.1,129.0,29.9
2363,2124,4,2024-06-18,5,3,1,349.0,150.0,0.0
2364,2125,3,2024-06-19,2,2,1,279.65,142.0,49.35
2365,2126,4,2024-06-19,3,1,1,296.65,150.0,52.35
2366,2127,5,2024-06-19,7,2,1,349.0,150.0,0.0
2367,2128,3,2024-06-19,5,4,1,329.0,142.0,0.0
2368,2129,4,2024-06-19,5,2,1,296.65,150.0,52.35
2369,2130,5,2024-06-19,3,1,1,349.0,150.0,0.0
2370,2131,6,2024-06-19,5,3,1,424.15,215.0,74.85
2371,2132,5,2024-06-19,2,5,1,314.1,150.0,34.9
2372,2133,2,2024-06-19,3,5,1,299.0,129.0,0.0
2373,2134,2,2024-06-19,5,2,1,299.0,129.0,0.0
2374,1912,3,2024-06-19,5,4,1,329.0,142.0,0.0
2375,2135,5,2024-06-20,5,4,1,349.0,150.0,0.0
2376,226,2,2024-06-20,5,2,1,299.0,129.0,0.0
2377,410,3,2024-06-20,2,1,1,329.0,142.0,0.0
2378,2136,5,2024-06-20,7,3,1,314.1,150.0,34.9
2379,2137,6,2024-06-20,3,5,1,499.0,215.0,0.0
2380,90230,5,2024-06-20,3,2,1,314.1,150.0,34.9
2381,2138,5,2024-06-20,4,4,1,349.0,150.0,0.0
2382,2139,4,2024-06-20,3,2,1,349.0,150.0,0.0
2383,2140,6,2024-06-20,5,4,1,424.15,215.0,74.85
2384,2141,2,2024-06-20,,2,1,299.0,129.0,0.0
2385,2142,1,2024-06-20,2,2,1,299.0,129.0,0.0
2386,2143,5,2024-06-20,1,2,2,349.0,150.0,0.0
2387,2144,2,2024-06-20,1,2,1,299.0,129.0,0.0
2388,2145,5,2024-06-20,3,2,1,349.0,150.0,0.0
2389,2146,4,2024-06-21,5,3,1,296.65,150.0,52.35
2390,2147,6,2024-06-21,2,5,1,499.0,215.0,0.0
2391,1443,6,2024-06-21,8,1,1,499.0,215.0,0.0
2392,2148,5,2024-06-21,3,1,2,349.0,150.0,0.0
2393,2149,6,2024-06-21,3,1,1,499.0,215.0,0.0
2394,2150,5,2024-06-21,5,2,1,349.0,150.0,0.0
2395,2151,4,2024-06-21,3,1,2,349.0,150.0,0.0
2396,2152,4,2024-06-21,8,1,1,349.0,150.0,0.0
2397,2153,4,2024-06-21,2,4,1,349.0,150.0,0.0
2398,2154,1,2024-06-21,5,2,1,299.0,129.0,0.0
2399,2155,6,2024-06-21,3,3,1,499.0,215.0,0.0
2400,2156,6,2024-06-21,3,2,2,499.0,215.0,0.0
2401,2157,5,2024-06-21,7,5,1,349.0,150.0,0.0
2402,2158,1,2024-06-21,2,1,1,299.0,129.0,0.0
2403,2159,4,2024-06-21,1,5,1,349.0,150.0,0.0
2404,2160,4,2024-06-21,5,1,1,349.0,150.0,0.0
2405,2161,4,2024-06-21,1,2,1,349.0,150.0,0.0
2406,2162,4,2024-06-21,8,2,1,349.0,150.0,0.0
2407,2163,6,2024-06-22,5,1,1,499.0,215.0,0.0
2408,2164,3,2024-06-22,5,4,1,329.0,142.0,0.0
2409,2165,4,2024-06-22,1,5,1,349.0,150.0,0.0
2410,2166,4,2024-06-22,3,1,1,314.1,150.0,34.9
2411,2084,4,2024-06-22,2,1,2,349.0,150.0,0.0
2412,2167,6,2024-06-22,2,1,1,499.0,215.0,0.0
2413,2168,6,2024-06-22,8,1,1,449.1,215.0,49.9
2414,2169,4,2024-06-22,2,4,1,349.0,150.0,0.0
2415,2170,6,2024-06-22,7,3,1,499.0,215.0,0.0
2416,2171,5,2024-06-22,6,1,1,349.0,150.0,0.0
2417,2172,1,2024-06-22,8,4,1,254.15,129.0,44.85
2418,2173,3,2024-06-22,1,2,1,329.0,142.0,0.0
2419,2174,6,2024-06-22,9,5,1,499.0,215.0,0.0
2420,2175,4,2024-06-23,1,2,1,349.0,150.0,0.0
2421,2176,3,2024-06-23,5,1,1,329.0,142.0,0.0
2422,1554,4,2024-06-23,7,4,1,296.65,150.0,52.35
2423,2177,6,2024-06-23,1,2,1,449.1,215.0,49.9
2424,2178,5,2024-06-23,3,2,1,349.0,150.0,0.0
2425,2179,3,2024-06-23,2,2,1,329.0,142.0,0.0
2426,2180,2,2024-06-23,3,1,2,299.0,129.0,0.0
2427,2181,1,2024-06-23,4,1,1,299.0,129.0,0.0
2428,2182,6,2024-06-23,5,2,1,449.1,215.0,49.9
2429,2183,1,2024-06-23,3,5,2,299.0,129.0,0.0
2430,2184,4,2024-06-23,3,1,1,349.0,150.0,0.0
2431,2185,3,2024-06-23,1,4,1,279.65,142.0,49.35
2432,2186,5,2024-06-23,1,2,1,349.0,150.0,0.0
2433,1290,5,2024-06-23,8,4,1,349.0,150.0,0.0
2434,2187,5,2024-06-23,1,2,1,349.0,150.0,0.0
2435,2188,1,2024-06-23,5,5,2,299.0,129.0,0.0
2436,2189,1,2024-06-23,,5,1,269.1,129.0,29.9
2437,2190,6,2024-06-23,6,1,1,499.0,215.0,0.0
2438,2191,1,2024-06-23,7,2,1,299.0,129.0,0.0
2439,2192,4,2024-06-23,1,4,1,349.0,150.0,0.0
2440,837,5,2024-06-23,3,2,1,349.0,150.0,0.0
2441,2193,2,2024-06-23,3,2,1,269.1,129.0,29.9
2442,2194,4,2024-06-24,3,3,1,349.0,150.0,0.0
2443,2195,2,2024-06-24,7,2,1,299.0,129.0,0.0
2444,1988,2,2024-06-24,1,3,1,254.15,129.0,44.85
2445,2196,6,2024-06-24,2,2,1,499.0,215.0,0.0
2446,2197,1,2024-06-24,7,5,1,269.1,129.0,29.9
2447,2198,4,2024-06-24,9,2,1,349.0,150.0,0.0
2448,2199,1,2024-06-24,1,3,1,269.1,129.0,29.9
2449,2200,5,2024-06-24,3,1,1,349.0,150.0,0.0
2450,2201,4,2024-06-24,5,1,1,296.65,150.0,52.35
2451,2202,2,2024-06-24,8,1,1,299.0,129.0,0.0
2452,2203,6,2024-06-24,1,2,2,499.0,215.0,0.0
2453,2204,3,2024-06-24,1,1,1,329.0,142.0,0.0
2454,2205,2,2024-06-24,7,1,1,299.0,129.0,0.0
2455,2206,4,2024-06-25,1,3,1,296.65,150.0,52.35
2456,2207,4,2024-06-25,1,5,1,349.0,150.0,0.0
2457,2208,3,2024-06-25,1,2,1,329.0,142.0,0.0
2458,2209,4,2024-06-25,1,1,1,314.1,150.0,34.9
2459,2210,4,2024-06-25,4,5,1,349.0,150.0,0.0
2460,2211,6,2024-06-25,4,2,1,499.0,215.0,0.0
2461,2212,5,2024-06-25,2,5,1,349.0,150.0,0.0
2462,2213,4,2024-06-25,3,2,1,349.0,150.0,0.0
2463,2214,1,2024-06-25,8,5,1,299.0,129.0,0.0
2464,2215,5,2024-06-25,5,1,1,349.0,150.0,0.0
2465,2216,4,2024-06-25,1,2,1,349.0,150.0,0.0
2466,1809,5,2024-06-25,3,2,1,296.65,150.0,52.35
2467,2217,5,2024-06-25,2,1,1,349.0,150.0,0.0
2468,199,3,2024-06-25,1,1,1,329.0,142.0,0.0
2469,451,2,2024-06-25,4,5,1,299.0,129.0,0.0
2470,90382,4,2024-06-25,4,1,1,349.0,150.0,0.0
2471,2219,1,2024-06-26,2,4,1,299.0,129.0,0.0
2472,2220,5,2024-06-26,1,2,1,349.0,150.0,0.0
2473,2221,2,2024-06-26,1,2,1,299.0,129.0,0.0
2474,2222,5,2024-06-26,2,3,1,349.0,150.0,0.0
2475,2223,4,2024-06-26,5,1,1,349.0,150.0,0.0
2476,2224,4,2024-06-26,1,5,1,314.1,150.0,34.9
2477,2225,3,2024-06-26,5,4,2,329.0,142.0,0.0
2478,407,5,2024-06-26,1,4,1,349.0,150.0,0.0
2479,1841,1,2024-06-26,7,1,1,299.0,129.0,0.0
2480,2226,2,2024-06-26,2,5,1,269.1,129.0,29.9
2481,1074,4,2024-06-26,5,1,1,349.0,150.0,0.0
2482,2227,1,2024-06-26,1,2,1,254.15,129.0,44.85
2483,2228,4,2024-06-26,3,2,1,349.0,150.0,0.0
2484,2229,6,2024-06-26,8,3,1,424.15,215.0,74.85
2485,2230,1,2024-06-26,1,2,1,269.1,129.0,29.9
2486,2231,3,2024-06-26,5,4,1,329.0,142.0,0.0
2487,2232,6,2024-06-26,7,5,1,499.0,215.0,0.0
2488,2233,6,2024-06-26,9,4,1,449.1,215.0,49.9
2489,2234,1,2024-06-26,2,1,1,299.0,129.0,0.0
2490,2235,6,2024-06-26,8,1,1,499.0,215.0,0.0
2491,2236,1,2024-06-27,1,4,1,269.1,129.0,29.9
2492,2237,4,2024-06-27,1,1,1,314.1,150.0,34.9
2493,2238,4,2024-06-27,7,1,1,349.0,150.0,0.0
2494,2239,2,2024-06-27,3,1,1,299.0,129.0,0.0
2495,2240,5,2024-06-27,1,2,1,349.0,150.0,0.0
2496,877,1,2024-06-27,5,1,2,299.0,129.0,0.0
2497,2130,3,2024-06-27,1,3,1,329.0,142.0,0.0
2498,2241,5,2024-06-27,6,3,1,314.1,150.0,34.9
2499,2242,4,2024-06-27,5,2,1,296.65,150.0,52.35
2500,2243,4,2024-06-27,7,1,1,296.65,150.0,52.35
2501,1067,5,2024-06-27,1,4,1,349.0,150.0,0.0
2502,2244,5,2024-06-27,2,1,1,349.0,150.0,0.0
2503,2245,5,2024-06-27,1,1,1,314.1,150.0,34.9
2504,2246,5,2024-06-27,1,2,1,349.0,150.0,0.0
2505,2247,5,2024-06-28,5,1,1,314.1,150.0,34.9
2506,724,1,2024-06-28,5,1,1,299.0,129.0,0.0
2507,2248,1,2024-06-28,5,1,2,299.0,129.0,0.0
2508,373,1,2024-06-28,3,2,1,299.0,129.0,0.0
2509,2249,2,2024-06-28,1,1,2,299.0,129.0,0.0
2510,2250,5,2024-06-28,1,1,1,349.0,150.0,0.0
2511,2251,2,2024-06-28,3,5,1,299.0,129.0,0.0
2512,2252,5,2024-06-28,1,1,1,349.0,150.0,0.0
2513,2253,6,2024-06-28,4,2,1,499.0,215.0,0.0
2514,2254,4,2024-06-29,3,3,1,349.0,150.0,0.0
2515,2255,6,2024-06-29,1,1,1,449.1,215.0,49.9
2516,2256,3,2024-06-29,5,1,1,329.0,142.0,0.0
2517,2257,5,2024-06-29,5,1,1,349.0,150.0,0.0
2518,2258,4,2024-06-29,4,3,1,349.0,150.0,0.0
2519,2259,1,2024-06-29,3,3,1,269.1,129.0,29.9
2520,2260,4,2024-06-29,2,5,1,314.1,150.0,34.9
2521,2261,2,2024-06-29,2,2,1,299.0,129.0,0.0
2522,1973,4,2024-06-29,8,2,2,314.1,150.0,34.9
2523,2262,5,2024-06-29,5,2,1,349.0,150.0,0.0
2524,2263,1,2024-06-29,9,2,1,299.0,129.0,0.0
2525,2264,3,2024-06-29,4,1,1,296.1,142.0,32.9
2526,2265,4,2024-06-29,2,1,1,349.0,150.0,0.0
2527,2266,3,2024-06-29,2,5,1,329.0,142.0,0.0
2528,2267,4,2024-06-30,5,2,1,349.0,150.0,0.0
2529,2268,6,2024-06-30,1,5,1,424.15,215.0,74.85
2530,2269,1,2024-06-30,2,1,1,299.0,129.0,0.0
2531,2270,6,2024-06-30,1,1,1,499.0,215.0,0.0
2532,2271,2,2024-06-30,3,1,1,299.0,129.0,0.0
2533,2272,1,2024-06-30,5,4,1,299.0,129.0,0.0
2534,2273,3,2024-06-30,3,2,2,329.0,142.0,0.0
2535,2274,2,2024-06-30,7,1,1,299.0,129.0,0.0
2536,2275,6,2024-06-30,3,2,2,449.1,215.0,49.9
2537,2276,3,2024-06-30,,2,1,329.0,142.0,0.0
2538,2277,6,2024-06-30,1,4,1,499.0,215.0,0.0
2539,2278,4,2024-06-30,3,1,1,349.0,150.0,0.0
2540,2279,5,2024-06-30,3,2,1,349.0,150.0,0.0
2541,2280,5,2024-06-30,3,3,2,349.0,150.0,0.0
2542,2281,5,2024-06-30,6,1,1,349.0,150.0,0.0
2543,2282,2,2024-06-30,6,2,1,299.0,129.0,0.0
2544,2283,3,2024-07-01,3,4,2,329.0,142.0,0.0
2545,2284,4,2024-07-01,1,3,2,349.0,150.0,0.0
2546,2285,5,2024-07-01,2,3,1,314.1,150.0,34.9
2547,2286,4,2024-07-01,1,1,1,349.0,150.0,0.0
2548,2287,1,2024-07-01,1,2,1,269.1,129.0,29.9
2549,2288,6,2024-07-01,3,2,1,499.0,215.0,0.0
2550,2289,5,2024-07-01,2,3,1,349.0,150.0,0.0
2551,2290,4,2024-07-01,8,1,1,349.0,150.0,0.0
2552,2291,5,2024-07-01,2,3,1,349.0,150.0,0.0
2553,2292,4,2024-07-01,2,1,1,349.0,150.0,0.0
2554,2293,5,2024-07-01,3,2,1,349.0,150.0,0.0
2555,2294,5,2024-07-01,1,1,1,349.0,150.0,0.0
2556,2295,1,2024-07-01,8,1,1,299.0,129.0,0.0
2557,2296,5,2024-07-01,3,3,2,349.0,150.0,0.0
2558,2297,4,2024-07-01,4,2,1,349.0,150.0,0.0
2559,2298,2,2024-07-01,3,1,1,269.1,129.0,29.9
2560,2299,6,2024-07-01,4,2,1,499.0,215.0,0.0
2561,2300,1,2024-07-01,1,1,1,299.0,129.0,0.0
2562,2301,2,2024-07-02,3,1,1,269.1,129.0,29.9
2563,2302,5,2024-07-02,5,2,1,349.0,150.0,0.0
2564,2303,5,2024-07-02,1,2,1,349.0,150.0,0.0
2565,2304,2,2024-07-02,5,2,1,299.0,129.0,0.0
2566,2305,3,2024-07-02,1,2,1,329.0,142.0,0.0
2567,2306,6,2024-07-02,3,2,1,499.0,215.0,0.0
2568,2307,2,2024-07-02,,1,1,299.0,129.0,0.0
2569,2308,2,2024-07-02,1,2,1,299.0,129.0,0.0
2570,2309,5,2024-07-02,1,1,1,349.0,150.0,0.0
2571,2310,5,2024-07-02,1,2,1,314.1,150.0,34.9
2572,2311,5,2024-07-02,7,4,1,349.0,150.0,0.0
2573,2312,3,2024-07-02,3,4,1,329.0,142.0,0.0
2574,2313,2,2024-07-02,1,1,1,299.0,129.0,0.0
2575,141,3,2024-07-02,5,2,1,329.0,142.0,0.0
2576,2314,3,2024-07-02,3,2,1,279.65,142.0,49.35
2577,2315,5,2024-07-02,1,1,1,296.65,150.0,52.35
2578,2316,1,2024-07-02,1,1,1,299.0,129.0,0.0
2579,2317,1,2024-07-02,8,1,1,299.0,129.0,0.0
2580,2318,3,2024-07-02,5,2,1,279.65,142.0,49.35
2581,2319,2,2024-07-03,1,2,1,299.0,129.0,0.0
2582,2320,6,2024-07-03,1,2,2,424.15,215.0,74.85
2583,2321,6,2024-07-03,7,1,1,449.1,215.0,49.9
2584,2322,1,2024-07-03,7,3,1,299.0,129.0,0.0
2585,2323,2,2024-07-03,1,3,1,299.0,129.0,0.0
2586,2324,2,2024-07-03,1,2,1,299.0,129.0,0.0
2587,2325,4,2024-07-03,7,3,1,349.0,150.0,0.0
2588,2326,6,2024-07-03,5,1,1,499.0,215.0,0.0
2589,2327,2,2024-07-03,1,3,1,254.15,129.0,44.85
2590,2328,5,2024-07-03,3,4,2,349.0,150.0,0.0
2591,2329,4,2024-07-03,5,3,1,314.1,150.0,34.9
2592,2330,2,2024-07-03,6,2,1,299.0,129.0,0.0
2593,2331,3,2024-07-03,3,1,1,329.0,142.0,0.0
2594,2332,4,2024-07-03,2,5,1,349.0,150.0,0.0
2595,2333,5,2024-07-03,7,3,1,349.0,150.0,0.0
2596,2334,4,2024-07-03,1,1,2,349.0,150.0,0.0
2597,2335,6,2024-07-04,3,3,1,499.0,215.0,0.0
2598,2336,5,2024-07-04,9,1,1,296.65,150.0,52.35
2599,2328,3,2024-07-04,6,2,1,329.0,142.0,0.0
2600,1924,6,2024-07-04,2,4,1,449.1,215.0,49.9
2601,2337,5,2024-07-04,3,2,2,349.0,150.0,0.0
2602,2338,2,2024-07-04,5,3,1,254.15,129.0,44.85
2603,2339,5,2024-07-04,6,2,1,349.0,150.0,0.0
2604,2340,6,2024-07-04,1,2,1,449.1,215.0,49.9
2605,2341,4,2024-07-04,4,2,1,349.0,150.0,0.0
2606,2342,5,2024-07-04,1,3,1,349.0,150.0,0.0
2607,2343,4,2024-07-04,1,5,1,349.0,150.0,0.0
2608,2344,2,2024-07-04,3,1,1,269.1,129.0,29.9
2609,2345,5,2024-07-04,1,1,1,349.0,150.0,0.0
2610,2346,5,2024-07-04,8,2,1,349.0,150.0,0.0
2611,2347,3,2024-07-04,2,2,1,329.0,142.0,0.0
2612,2348,2,2024-07-04,3,2,1,299.0,129.0,0.0
2613,2349,1,2024-07-04,2,1,1,299.0,129.0,0.0
2614,2350,5,2024-07-04,3,1,1,349.0,150.0,0.0
2615,2351,5,2024-07-04,8,2,1,349.0,150.0,0.0
2616,2352,1,2024-07-04,7,2,1,299.0,129.0,0.0
2617,2353,4,2024-07-04,5,5,1,349.0,150.0,0.0
2618,2354,2,2024-07-05,2,3,2,299.0,129.0,0.0
2619,2355,5,2024-07-05,1,1,1,349.0,150.0,0.0
2620,1305,5,2024-07-05,3,2,1,296.65,150.0,52.35
2621,2356,4,2024-07-05,7,3,1,349.0,150.0,0.0
2622,2357,1,2024-07-05,3,5,1,299.0,129.0,0.0
2623,2358,2,2024-07-05,2,1,1,299.0,129.0,0.0
2624,2102,2,2024-07-05,3,1,1,299.0,129.0,0.0
2625,2359,5,2024-07-05,5,1,1,296.65,150.0,52.35
2626,2360,2,2024-07-05,6,1,1,299.0,129.0,0.0
2627,2361,4,2024-07-05,1,1,1,296.65,150.0,52.35
2628,2362,5,2024-07-05,,2,2,349.0,150.0,0.0
2629,2363,5,2024-07-05,5,2,1,349.0,150.0,0.0
2630,2364,1,2024-07-06,3,2,1,299.0,129.0,0.0
2631,2365,1,2024-07-06,2,2,1,254.15,129.0,44.85
2632,2366,6,2024-07-06,1,1,1,449.1,215.0,49.9
2633,2367,4,2024-07-06,9,2,1,349.0,150.0,0.0
2634,2368,2,2024-07-06,1,2,1,269.1,129.0,29.9
2635,2369,4,2024-07-06,1,3,1,349.0,150.0,0.0
2636,299,1,2024-07-06,1,3,1,269.1,129.0,29.9
2637,2370,4,2024-07-06,1,5,1,314.1,150.0,34.9
2638,2371,5,2024-07-06,3,2,1,349.0,150.0,0.0
2639,2372,1,2024-07-06,3,4,1,299.0,129.0,0.0
2640,2373,1,2024-07-06,6,1,1,299.0,129.0,0.0
2641,2374,4,2024-07-06,1,3,2,349.0,150.0,0.0
2642,2375,5,2024-07-06,1,1,1,349.0,150.0,0.0
2643,2376,4,2024-07-06,1,3,1,314.1,150.0,34.9
2644,2377,6,2024-07-06,7,3,1,499.0,215.0,0.0
2645,2378,1,2024-07-06,,2,1,269.1,129.0,29.9
2646,2379,5,2024-07-06,2,3,1,349.0,150.0,0.0
2647,2380,4,2024-07-06,1,4,1,349.0,150.0,0.0
2648,2381,3,2024-07-07,5,5,1,329.0,142.0,0.0
2649,2382,3,2024-07-07,2,5,1,329.0,142.0,0.0
2650,2383,4,2024-07-07,5,3,1,314.1,150.0,34.9
2651,2384,6,2024-07-07,3,2,1,499.0,215.0,0.0
2652,2385,1,2024-07-07,3,2,1,299.0,129.0,0.0
2653,2386,2,2024-07-07,2,2,1,299.0,129.0,0.0
2654,2387,3,2024-07-07,3,1,1,279.65,142.0,49.35
2655,2388,3,2024-07-07,3,1,1,329.0,142.0,0.0
2656,2389,4,2024-07-07,7,1,1,314.1,150.0,34.9
2657,2390,5,2024-07-07,2,2,1,349.0,150.0,0.0
2658,2391,3,2024-07-07,1,3,1,329.0,142.0,0.0
2659,2392,5,2024-07-07,5,4,1,349.0,150.0,0.0
2660,2393,2,2024-07-07,1,2,1,299.0,129.0,0.0
2661,2394,2,2024-07-07,1,2,0,299.0,129.0,0.0
2662,2395,2,2024-07-07,9,1,2,269.1,129.0,29.9
2663,1857,2,2024-07-07,3,5,2,254.15,129.0,44.85
2664,2396,4,2024-07-07,1,1,1,349.0,150.0,0.0
2665,2397,4,2024-07-07,3,2,2,349.0,150.0,0.0
2666,2398,1,2024-07-07,5,1,1,299.0,129.0,0.0
2667,2399,5,2024-07-07,1,3,1,349.0,150.0,0.0
2668,2400,6,2024-07-08,7,2,1,499.0,215.0,0.0
2669,2401,1,2024-07-08,2,2,1,299.0,129.0,0.0
2670,2402,2,2024-07-08,1,2,1,299.0,129.0,0.0
2671,2403,5,2024-07-08,2,1,1,349.0,150.0,0.0
2672,2404,5,2024-07-08,4,5,1,349.0,150.0,0.0
2673,2405,1,2024-07-08,1,2,1,254.15,129.0,44.85
2674,2406,1,2024-07-08,3,1,1,299.0,129.0,0.0
2675,2407,2,2024-07-08,1,1,1,299.0,129.0,0.0
2676,2408,4,2024-07-08,1,1,1,349.0,150.0,0.0
2677,2409,1,2024-07-08,5,2,1,299.0,129.0,0.0
2678,2410,4,2024-07-08,1,4,1,349.0,150.0,0.0
2679,2411,4,2024-07-08,2,2,1,349.0,150.0,0.0
2680,2412,4,2024-07-08,2,3,1,349.0,150.0,0.0
2681,2413,4,2024-07-08,5,1,1,349.0,150.0,0.0
2682,2414,3,2024-07-08,2,1,1,329.0,142.0,0.0
2683,2415,4,2024-07-08,7,1,1,349.0,150.0,0.0
2684,2416,5,2024-07-08,2,1,1,314.1,150.0,34.9
2685,2417,3,2024-07-08,7,1,1,329.0,142.0,0.0
2686,2418,2,2024-07-08,9,2,1,299.0,129.0,0.0
2687,2214,2,2024-07-08,4,4,1,299.0,129.0,0.0
2688,2419,3,2024-07-09,7,1,1,329.0,142.0,0.0
2689,1776,5,2024-07-09,7,2,1,349.0,150.0,0.0
2690,2420,2,2024-07-09,7,1,1,299.0,129.0,0.0
2691,2421,3,2024-07-09,1,1,1,329.0,142.0,0.0
2692,2422,5,2024-07-09,8,1,1,296.65,150.0,52.35
2693,2423,4,2024-07-09,1,4,2,314.1,150.0,34.9
2694,2424,2,2024-07-09,1,4,1,299.0,129.0,0.0
2695,2425,2,2024-07-09,5,3,1,299.0,129.0,0.0
2696,2332,2,2024-07-09,1,4,2,299.0,129.0,0.0
2697,2426,5,2024-07-09,3,1,1,349.0,150.0,0.0
2698,288,1,2024-07-09,1,4,1,299.0,129.0,0.0
2699,2427,5,2024-07-09,1,1,1,349.0,150.0,0.0
2700,2428,1,2024-07-09,5,1,1,299.0,129.0,0.0
2701,2429,3,2024-07-09,5,3,1,329.0,142.0,0.0
2702,2430,3,2024-07-09,3,5,1,329.0,142.0,0.0
2703,2431,6,2024-07-09,5,3,1,499.0,215.0,0.0
2704,2432,5,2024-07-09,3,2,1,349.0,150.0,0.0
2705,2433,5,2024-07-09,2,1,1,349.0,150.0,0.0
2706,2434,4,2024-07-09,2,1,1,349.0,150.0,0.0
2707,2435,2,2024-07-09,4,1,1,299.0,129.0,0.0
2708,2436,5,2024-07-09,4,1,1,349.0,150.0,0.0
2709,2437,2,2024-07-09,3,2,1,299.0,129.0,0.0
2710,2438,4,2024-07-10,3,2,1,314.1,150.0,34.9
2711,2439,1,2024-07-10,7,1,2,269.1,129.0,29.9
2712,2440,1,2024-07-10,4,2,1,299.0,129.0,0.0
2713,2441,4,2024-07-10,3,5,1,349.0,150.0,0.0
2714,2442,5,2024-07-10,1,5,1,349.0,150.0,0.0
2715,2443,2,2024-07-10,5,1,2,299.0,129.0,0.0
2716,2444,1,2024-07-10,1,2,1,299.0,129.0,0.0
2717,2445,5,2024-07-10,2,1,1,349.0,150.0,0.0
2718,2446,4,2024-07-10,3,3,1,349.0,150.0,0.0
2719,2447,1,2024-07-10,3,1,1,299.0,129.0,0.0
2720,2448,3,2024-07-11,5,1,1,329.0,142.0,0.0
2721,2449,1,2024-07-11,2,2,1,299.0,129.0,0.0
2722,2450,1,2024-07-11,1,2,1,254.15,129.0,44.85
2723,2451,4,2024-07-11,3,1,1,349.0,150.0,0.0
2724,2452,6,2024-07-11,6,1,1,499.0,215.0,0.0
2725,2453,4,2024-07-11,8,5,1,349.0,150.0,0.0
2726,978,4,2024-07-11,7,2,1,349.0,150.0,0.0
2727,2454,6,2024-07-11,1,2,1,424.15,215.0,74.85
2728,2455,5,2024-07-11,4,2,1,349.0,150.0,0.0
2729,1316,5,2024-07-11,5,4,1,349.0,150.0,0.0
2730,2456,5,2024-07-11,3,1,1,314.1,150.0,34.9
2731,1260,6,2024-07-11,9,1,1,424.15,215.0,74.85
2732,2457,4,2024-07-11,6,2,1,349.0,150.0,0.0
2733,2458,5,2024-07-11,3,1,1,296.65,150.0,52.35
2734,2459,1,2024-07-11,5,2,1,299.0,129.0,0.0
2735,2460,3,2024-07-11,3,5,1,329.0,142.0,0.0
2736,2461,1,2024-07-11,3,4,1,269.1,129.0,29.9
2737,2462,2,2024-07-11,8,1,1,299.0,129.0,0.0
2738,2463,2,2024-07-11,8,2,1,299.0,129.0,0.0
2739,2464,4,2024-07-11,4,1,1,349.0,150.0,0.0
2740,2465,2,2024-07-11,1,1,1,299.0,129.0,0.0
2741,2466,5,2024-07-11,3,1,1,349.0,150.0,0.0
2742,2467,6,2024-07-11,9,1,1,499.0,215.0,0.0
2743,2198,2,2024-07-11,2,3,1,254.15,129.0,44.85
2744,444,5,2024-07-12,1,4,1,349.0,150.0,0.0
2745,2468,3,2024-07-12,9,2,1,329.0,142.0,0.0
2746,2469,5,2024-07-12,2,5,1,349.0,150.0,0.0
2747,2470,1,2024-07-12,3,4,1,299.0,129.0,0.0
2748,100,2,2024-07-12,1,2,1,299.0,129.0,0.0
2749,2471,5,2024-07-12,5,1,1,349.0,150.0,0.0
2750,2472,5,2024-07-12,5,2,1,349.0,150.0,0.0
2751,2473,4,2024-07-12,2,4,1,349.0,150.0,0.0
2752,2474,2,2024-07-12,2,1,2,299.0,129.0,0.0
2753,2475,1,2024-07-12,3,1,1,299.0,129.0,0.0
2754,2476,1,2024-07-12,1,3,1,299.0,129.0,0.0
2755,2477,5,2024-07-12,3,1,1,349.0,150.0,0.0
2756,2478,4,2024-07-12,3,5,2,349.0,150.0,0.0
2757,2479,2,2024-07-12,1,1,1,299.0,129.0,0.0
2758,2415,1,2024-07-12,1,1,1,269.1,129.0,29.9
2759,2480,4,2024-07-12,5,1,1,349.0,150.0,0.0
2760,2481,6,2024-07-13,7,2,1,499.0,215.0,0.0
2761,2482,5,2024-07-13,8,2,1,314.1,150.0,34.9
2762,2483,4,2024-07-13,7,1,2,349.0,150.0,0.0
2763,2484,4,2024-07-13,5,2,2,296.65,150.0,52.35
2764,2485,5,2024-07-13,5,2,1,349.0,150.0,0.0
2765,2486,1,2024-07-13,3,1,1,269.1,129.0,29.9
2766,2487,3,2024-07-13,3,2,1,329.0,142.0,0.0
2767,2488,5,2024-07-13,4,2,2,349.0,150.0,0.0
2768,2489,6,2024-07-13,5,2,1,499.0,215.0,0.0
2769,2490,4,2024-07-13,2,2,1,349.0,150.0,0.0
2770,2491,4,2024-07-13,7,5,1,349.0,150.0,0.0
2771,2492,6,2024-07-13,2,2,1,499.0,215.0,0.0
2772,2099,4,2024-07-13,1,1,1,349.0,150.0,0.0
2773,2493,6,2024-07-13,3,1,1,499.0,215.0,0.0
2774,2494,6,2024-07-13,3,5,1,499.0,215.0,0.0
2775,2495,5,2024-07-13,3,2,1,314.1,150.0,34.9
2776,2496,4,2024-07-13,4,1,2,314.1,150.0,34.9
2777,2497,4,2024-07-13,1,3,1,296.65,150.0,52.35
2778,2498,2,2024-07-13,9,2,1,299.0,129.0,0.0
2779,2499,3,2024-07-14,5,1,1,329.0,142.0,0.0
2780,2500,4,2024-07-14,1,3,2,349.0,150.0,0.0
2781,2501,2,2024-07-14,3,5,1,299.0,129.0,0.0
2782,1902,2,2024-07-14,7,1,1,299.0,129.0,0.0
2783,2502,4,2024-07-14,9,4,1,349.0,150.0,0.0
2784,2503,5,2024-07-14,5,3,1,349.0,150.0,0.0
2785,2504,6,2024-07-14,3,1,2,499.0,215.0,0.0
2786,2505,5,2024-07-14,1,3,1,349.0,150.0,0.0
2787,2506,2,2024-07-14,2,2,1,269.1,129.0,29.9
2788,2507,2,2024-07-14,7,2,2,299.0,129.0,0.0
2789,2508,6,2024-07-14,1,1,1,424.15,215.0,74.85
2790,2509,4,2024-07-14,9,3,1,349.0,150.0,0.0
2791,184,3,2024-07-14,5,1,1,329.0,142.0,0.0
2792,2510,4,2024-07-14,1,2,1,349.0,150.0,0.0
2793,2511,5,2024-07-14,9,1,1,349.0,150.0,0.0
2794,115,5,2024-07-14,5,2,1,349.0,150.0,0.0
2795,2512,4,2024-07-14,3,1,1,349.0,150.0,0.0
2796,2513,3,2024-07-14,4,2,2,279.65,142.0,49.35
2797,2514,5,2024-07-14,1,4,2,314.1,150.0,34.9
2798,2515,1,2024-07-15,9,3,1,299.0,129.0,0.0
2799,2516,3,2024-07-15,6,1,1,329.0,142.0,0.0
2800,926,3,2024-07-15,6,1,1,329.0,142.0,0.0
2801,2517,3,2024-07-15,1,2,2,329.0,142.0,0.0
2802,2518,2,2024-07-15,1,2,1,299.0,129.0,0.0
2803,2519,1,2024-07-15,1,5,1,299.0,129.0,0.0
2804,2520,3,2024-07-15,7,2,1,296.1,142.0,32.9
2805,2521,5,2024-07-15,1,1,1,349.0,150.0,0.0
2806,2522,5,2024-07-15,5,1,1,349.0,150.0,0.0
2807,2523,2,2024-07-15,3,4,1,299.0,129.0,0.0
2808,2524,5,2024-07-15,5,1,1,349.0,150.0,0.0
2809,2525,4,2024-07-15,5,1,1,314.1,150.0,34.9
2810,2526,6,2024-07-15,1,1,1,499.0,215.0,0.0
2811,387,1,2024-07-15,1,2,2,299.0,129.0,0.0
2812,2527,4,2024-07-16,1,2,1,349.0,150.0,0.0
2813,2528,4,2024-07-16,1,2,1,349.0,150.0,0.0
2814,2529,4,2024-07-16,1,1,1,349.0,150.0,0.0
2815,2530,5,2024-07-16,7,2,1,296.65,150.0,52.35
2816,2531,6,2024-07-16,2,3,1,499.0,215.0,0.0
2817,2532,5,2024-07-16,1,1,1,349.0,150.0,0.0
2818,2533,5,2024-07-16,2,2,1,349.0,150.0,0.0
2819,2534,4,2024-07-16,1,4,1,349.0,150.0,0.0
2820,2535,1,2024-07-16,3,5,1,299.0,129.0,0.0
2821,2536,4,2024-07-16,1,1,1,349.0,150.0,0.0
2822,424,4,2024-07-16,1,1,1,349.0,150.0,0.0
2823,2537,6,2024-07-16,5,1,1,499.0,215.0,0.0
2824,2538,2,2024-07-16,4,3,2,299.0,129.0,0.0
2825,1531,5,2024-07-16,1,1,1,349.0,150.0,0.0
2826,1816,5,2024-07-16,2,2,1,314.1,150.0,34.9
2827,2539,4,2024-07-17,1,2,1,349.0,150.0,0.0
2828,2540,5,2024-07-17,3,5,1,349.0,150.0,0.0
2829,2541,4,2024-07-17,1,3,1,349.0,150.0,0.0
2830,1392,5,2024-07-17,1,1,1,349.0,150.0,0.0
2831,2542,2,2024-07-17,5,2,1,299.0,129.0,0.0
2832,2543,5,2024-07-17,2,1,1,349.0,150.0,0.0
2833,2544,2,2024-07-17,8,1,1,269.1,129.0,29.9
2834,2545,4,2024-07-17,5,2,1,349.0,150.0,0.0
2835,2546,3,2024-07-17,4,1,2,329.0,142.0,0.0
2836,2547,2,2024-07-17,1,4,1,299.0,129.0,0.0
2837,2548,4,2024-07-17,1,5,1,349.0,150.0,0.0
2838,2549,1,2024-07-17,1,5,1,299.0,129.0,0.0
2839,2550,6,2024-07-17,7,5,1,499.0,215.0,0.0
2840,2551,4,2024-07-17,8,1,2,349.0,150.0,0.0
2841,2552,5,2024-07-17,1,1,1,349.0,150.0,0.0
2842,2553,1,2024-07-18,1,4,1,269.1,129.0,29.9
2843,2554,4,2024-07-18,8,2,1,349.0,150.0,0.0
2844,2320,3,2024-07-18,7,1,1,329.0,142.0,0.0
2845,255,5,2024-07-18,3,2,1,314.1,150.0,34.9
2846,2555,4,2024-07-18,1,4,1,349.0,150.0,0.0
2847,2556,2,2024-07-18,3,5,1,299.0,129.0,0.0
2848,2557,1,2024-07-18,3,1,1,254.15,129.0,44.85
2849,1943,5,2024-07-18,1,5,1,349.0,150.0,0.0
2850,2558,4,2024-07-18,7,4,2,349.0,150.0,0.0
2851,2559,1,2024-07-18,,1,2,299.0,129.0,0.0
2852,2560,4,2024-07-18,1,2,1,296.65,150.0,52.35
2853,2561,2,2024-07-18,5,5,1,269.1,129.0,29.9
2854,2562,4,2024-07-18,7,1,2,314.1,150.0,34.9
2855,2563,4,2024-07-19,7,3,1,349.0,150.0,0.0
2856,2564,4,2024-07-19,8,2,1,349.0,150.0,0.0
2857,2565,5,2024-07-19,1,1,1,314.1,150.0,34.9
2858,2566,2,2024-07-19,2,1,1,299.0,129.0,0.0
2859,2567,4,2024-07-19,5,3,1,349.0,150.0,0.0
2860,2568,3,2024-07-19,6,2,1,296.1,142.0,32.9
2861,2301,5,2024-07-19,2,1,1,349.0,150.0,0.0
2862,2569,1,2024-07-19,3,1,1,269.1,129.0,29.9
2863,2570,2,2024-07-19,3,3,1,299.0,129.0,0.0
2864,2571,2,2024-07-19,7,2,1,299.0,129.0,0.0
2865,2572,6,2024-07-19,3,1,1,424.15,215.0,74.85
2866,2573,4,2024-07-19,4,1,1,349.0,150.0,0.0
2867,2574,4,2024-07-19,3,1,1,314.1,150.0,34.9
2868,2575,4,2024-07-19,6,1,2,314.1,150.0,34.9
2869,2576,2,2024-07-19,1,2,1,299.0,129.0,0.0
2870,2577,5,2024-07-20,5,2,1,349.0,150.0,0.0
2871,2578,5,2024-07-20,4,3,1,349.0,150.0,0.0
2872,2579,5,2024-07-20,7,3,1,349.0,150.0,0.0
2873,2580,2,2024-07-20,3,1,1,269.1,129.0,29.9
2874,488,4,2024-07-20,1,1,1,349.0,150.0,0.0
2875,2581,4,2024-07-20,3,4,1,349.0,150.0,0.0
2876,2582,1,2024-07-20,1,1,1,299.0,129.0,0.0
2877,2583,4,2024-07-20,1,3,1,349.0,150.0,0.0
2878,2584,4,2024-07-20,2,1,1,296.65,150.0,52.35
2879,2585,1,2024-07-20,1,4,1,299.0,129.0,0.0
2880,2586,1,2024-07-20,5,2,1,269.1,129.0,29.9
2881,1907,1,2024-07-20,1,3,1,254.15,129.0,44.85
2882,2587,4,2024-07-20,5,2,1,314.1,150.0,34.9
2883,2588,5,2024-07-20,4,3,2,349.0,150.0,0.0
2884,2589,4,2024-07-20,1,2,1,349.0,150.0,0.0
2885,754,1,2024-07-20,2,2,1,299.0,129.0,0.0
2886,2590,5,2024-07-20,2,2,1,314.1,150.0,34.9
2887,2591,1,2024-07-21,4,1,1,299.0,129.0,0.0
2888,2592,2,2024-07-21,2,2,1,299.0,129.0,0.0
2889,2593,4,2024-07-21,3,1,1,349.0,150.0,0.0
2890,2594,1,2024-07-21,2,3,1,299.0,129.0,0.0
2891,2595,3,2024-07-21,2,1,1,296.1,142.0,32.9
2892,2596,5,2024-07-21,1,2,1,349.0,150.0,0.0
2893,2597,5,2024-07-21,5,1,1,349.0,150.0,0.0
2894,2598,4,2024-07-21,7,1,1,296.65,150.0,52.35
2895,2599,1,2024-07-21,1,2,1,299.0,129.0,0.0
2896,2600,5,2024-07-21,3,1,1,349.0,150.0,0.0
2897,2601,4,2024-07-21,1,5,1,314.1,150.0,34.9
2898,2602,4,2024-07-21,2,3,2,349.0,150.0,0.0
2899,2603,4,2024-07-21,1,1,1,349.0,150.0,0.0
2900,2604,5,2024-07-21,1,2,1,349.0,150.0,0.0
2901,2605,5,2024-07-21,1,1,1,349.0,150.0,0.0
2902,2606,4,2024-07-21,5,2,1,349.0,150.0,0.0
2903,2607,2,2024-07-21,1,4,1,269.1,129.0,29.9
2904,2608,5,2024-07-21,2,2,1,296.65,150.0,52.35
2905,1261,5,2024-07-21,1,2,1,314.1,150.0,34.9
2906,2609,2,2024-07-21,5,1,1,299.0,129.0,0.0
2907,2610,6,2024-07-22,1,2,1,499.0,215.0,0.0
2908,2611,4,2024-07-22,3,4,1,349.0,150.0,0.0
2909,2612,4,2024-07-22,5,2,1,314.1,150.0,34.9
2910,2613,4,2024-07-22,9,1,1,349.0,150.0,0.0
2911,2614,6,2024-07-22,1,3,1,449.1,215.0,49.9
2912,2615,1,2024-07-22,6,1,1,299.0,129.0,0.0
2913,2616,6,2024-07-22,2,4,1,449.1,215.0,49.9
2914,2617,2,2024-07-22,2,1,1,299.0,129.0,0.0
2915,2618,1,2024-07-22,4,2,1,299.0,129.0,0.0
2916,617,5,2024-07-22,4,1,1,349.0,150.0,0.0
2917,2619,4,2024-07-22,1,2,1,349.0,150.0,0.0
2918,2620,3,2024-07-22,6,3,1,296.1,142.0,32.9
2919,2621,6,2024-07-22,3,3,1,499.0,215.0,0.0
2920,2622,3,2024-07-22,3,2,1,329.0,142.0,0.0
2921,836,4,2024-07-22,1,1,1,314.1,150.0,34.9
2922,2623,5,2024-07-22,1,3,2,349.0,150.0,0.0
2923,2624,1,2024-07-22,7,1,1,299.0,129.0,0.0
2924,2625,3,2024-07-22,1,1,1,329.0,142.0,0.0
2925,2626,5,2024-07-23,4,1,1,349.0,150.0,0.0
2926,1634,3,2024-07-23,1,1,1,329.0,142.0,0.0
2927,2541,1,2024-07-23,5,1,1,299.0,129.0,0.0
2928,2627,4,2024-07-23,3,4,1,349.0,150.0,0.0
2929,2628,4,2024-07-23,1,3,1,349.0,150.0,0.0
2930,2629,6,2024-07-23,1,2,1,499.0,215.0,0.0
2931,2630,3,2024-07-23,7,3,1,329.0,142.0,0.0
2932,2631,5,2024-07-23,2,3,1,349.0,150.0,0.0
2933,2632,5,2024-07-23,2,2,1,314.1,150.0,34.9
2934,2633,3,2024-07-23,1,3,1,296.1,142.0,32.9
2935,2634,1,2024-07-23,1,1,1,269.1,129.0,29.9
2936,2635,2,2024-07-23,1,2,2,299.0,129.0,0.0
2937,2636,5,2024-07-23,1,1,1,314.1,150.0,34.9
2938,2637,4,2024-07-23,1,1,1,349.0,150.0,0.0
2939,2638,2,2024-07-23,5,2,1,299.0,129.0,0.0
2940,2639,2,2024-07-23,6,2,1,299.0,129.0,0.0
2941,2640,4,2024-07-23,9,4,1,349.0,150.0,0.0
2942,2641,2,2024-07-23,2,2,2,299.0,129.0,0.0
2943,2642,5,2024-07-24,2,1,2,314.1,150.0,34.9
2944,2643,5,2024-07-24,3,2,1,349.0,150.0,0.0
2945,2644,2,2024-07-24,1,1,1,299.0,129.0,0.0
2946,1492,3,2024-07-24,6,2,1,329.0,142.0,0.0
2947,2645,6,2024-07-24,2,2,1,499.0,215.0,0.0
2948,2646,6,2024-07-24,1,4,1,499.0,215.0,0.0
2949,1031,4,2024-07-24,8,2,1,349.0,150.0,0.0
2950,2647,4,2024-07-24,4,4,1,314.1,150.0,34.9
2951,2648,4,2024-07-24,4,3,1,349.0,150.0,0.0
2952,2649,5,2024-07-24,1,3,1,349.0,150.0,0.0
2953,2650,4,2024-07-24,1,2,1,349.0,150.0,0.0
2954,2651,2,2024-07-24,3,3,1,269.1,129.0,29.9
2955,2652,5,2024-07-24,1,4,2,314.1,150.0,34.9
2956,2653,5,2024-07-24,5,2,1,314.1,150.0,34.9
2957,2654,4,2024-07-24,4,1,2,349.0,150.0,0.0
2958,94,4,2024-07-24,3,2,1,349.0,150.0,0.0
2959,2655,5,2024-07-24,1,2,1,349.0,150.0,0.0
2960,2656,4,2024-07-25,7,3,1,349.0,150.0,0.0
2961,2657,5,2024-07-25,3,1,1,349.0,150.0,0.0
2962,2658,5,2024-07-25,2,2,1,349.0,150.0,0.0
2963,2659,5,2024-07-25,,2,2,296.65,150.0,52.35
2964,2660,1,2024-07-25,2,3,1,269.1,129.0,29.9
2965,2661,4,2024-07-25,1,2,1,349.0,150.0,0.0
2966,2662,4,2024-07-25,7,1,1,349.0,150.0,0.0
2967,2663,4,2024-07-25,6,4,1,349.0,150.0,0.0
2968,2664,5,2024-07-25,2,5,1,349.0,150.0,0.0
2969,2665,1,2024-07-25,2,1,1,269.1,129.0,29.9
2970,2528,4,2024-07-25,1,4,1,314.1,150.0,34.9
2971,2666,5,2024-07-25,5,1,1,349.0,150.0,0.0
2972,1515,5,2024-07-25,7,2,1,349.0,150.0,0.0
2973,411,6,2024-07-25,2,1,1,424.15,215.0,74.85
2974,2667,1,2024-07-25,6,4,1,299.0,129.0,0.0
2975,2668,1,2024-07-25,1,2,2,299.0,129.0,0.0
2976,2669,1,2024-07-25,5,1,1,299.0,129.0,0.0
2977,2670,4,2024-07-25,1,2,1,349.0,150.0,0.0
2978,2671,4,2024-07-25,5,1,1,349.0,150.0,0.0
2979,2672,2,2024-07-26,3,1,1,299.0,129.0,0.0
2980,2673,2,2024-07-26,1,2,1,299.0,129.0,0.0
2981,2674,5,2024-07-26,2,2,1,349.0,150.0,0.0
2982,2675,1,2024-07-26,6,5,1,299.0,129.0,0.0
2983,2676,6,2024-07-26,7,1,2,0.0,215.0,0.0
2984,2677,5,2024-07-26,4,1,1,296.65,150.0,52.35
2985,2678,6,2024-07-26,1,1,1,499.0,215.0,0.0
2986,2679,6,2024-07-26,1,5,1,424.15,215.0,74.85
2987,2680,4,2024-07-26,3,1,1,296.65,150.0,52.35
2988,2681,6,2024-07-26,1,1,1,499.0,215.0,0.0
2989,2682,3,2024-07-26,6,5,1,329.0,142.0,0.0
2990,2683,3,2024-07-26,8,2,1,329.0,142.0,0.0
2991,2684,2,2024-07-26,3,1,1,269.1,129.0,29.9
2992,2685,4,2024-07-26,3,1,1,349.0,150.0,0.0
2993,2686,5,2024-07-26,5,2,1,349.0,150.0,0.0
2994,2687,2,2024-07-26,5,4,1,299.0,129.0,0.0
2995,2688,3,2024-07-26,7,3,1,279.65,142.0,49.35
2996,2193,6,2024-07-27,4,4,1,449.1,215.0,49.9
2997,2689,5,2024-07-27,1,1,1,314.1,150.0,34.9
2998,2690,4,2024-07-27,3,3,2,349.0,150.0,0.0
2999,90256,4,2024-07-27,1,2,1,349.0,150.0,0.0
3000,2692,5,2024-07-27,7,4,1,349.0,150.0,0.0
3001,2693,2,2024-07-27,1,1,1,299.0,129.0,0.0
3002,2694,5,2024-07-27,5,2,2,349.0,150.0,0.0
3003,2695,5,2024-07-27,9,2,1,349.0,150.0,0.0
3004,2696,5,2024-07-27,1,2,1,296.65,150.0,52.35
3005,2697,5,2024-07-27,2,1,1,314.1,150.0,34.9
3006,2698,4,2024-07-27,1,2,1,314.1,150.0,34.9
3007,2699,3,2024-07-27,4,3,1,279.65,142.0,49.35
3008,2700,1,2024-07-27,8,3,1,254.15,129.0,44.85
3009,2701,4,2024-07-28,4,5,1,349.0,150.0,0.0
3010,2702,1,2024-07-28,2,2,1,299.0,129.0,0.0
3011,1994,4,2024-07-28,5,1,1,349.0,150.0,0.0
3012,2703,4,2024-07-28,3,1,1,349.0,150.0,0.0
3013,80,2,2024-07-28,2,1,1,299.0,129.0,0.0
3014,2704,4,2024-07-28,3,5,1,349.0,150.0,0.0
3015,2705,4,2024-07-28,2,1,1,349.0,150.0,0.0
3016,2706,5,2024-07-28,3,2,1,349.0,150.0,0.0
3017,2707,4,2024-07-28,3,2,1,349.0,150.0,0.0
3018,2708,5,2024-07-28,3,2,1,349.0,150.0,0.0
3019,2709,2,2024-07-28,2,1,1,299.0,129.0,0.0
3020,2710,5,2024-07-28,4,1,1,349.0,150.0,0.0
3021,2711,5,2024-07-28,4,5,2,349.0,150.0,0.0
3022,2712,4,2024-07-28,1,2,1,349.0,150.0,0.0
3023,2713,6,2024-07-28,1,4,1,499.0,215.0,0.0
3024,2714,3,2024-07-28,5,3,1,329.0,142.0,0.0
3025,2715,4,2024-07-28,4,3,1,349.0,150.0,0.0
3026,2716,5,2024-07-29,7,3,1,349.0,150.0,0.0
3027,2717,3,2024-07-29,3,1,1,329.0,142.0,0.0
3028,2718,5,2024-07-29,1,3,1,314.1,150.0,34.9
3029,2719,5,2024-07-29,3,2,1,349.0,150.0,0.0
3030,2720,3,2024-07-29,4,1,1,296.1,142.0,32.9
3031,2721,2,2024-07-29,5,4,2,299.0,129.0,0.0
3032,2722,5,2024-07-29,8,2,1,349.0,150.0,0.0
3033,2723,6,2024-07-29,2,1,1,499.0,215.0,0.0
3034,2357,5,2024-07-29,5,3,1,349.0,150.0,0.0
3035,2724,6,2024-07-29,2,5,1,424.15,215.0,74.85
3036,2725,2,2024-07-29,5,1,2,299.0,129.0,0.0
3037,90409,4,2024-07-29,6,5,1,349.0,150.0,0.0
3038,2727,1,2024-07-29,1,2,1,299.0,129.0,0.0
3039,2728,4,2024-07-29,3,1,2,296.65,150.0,52.35
3040,1210,3,2024-07-29,6,1,1,329.0,142.0,0.0
3041,2729,2,2024-07-29,4,2,1,299.0,129.0,0.0
3042,2730,4,2024-07-29,3,2,2,349.0,150.0,0.0
3043,2731,1,2024-07-29,3,1,1,299.0,129.0,0.0
3044,2732,1,2024-07-30,2,1,1,299.0,129.0,0.0
3045,2733,4,2024-07-30,1,3,1,349.0,150.0,0.0
3046,2734,3,2024-07-30,3,4,1,296.1,142.0,32.9
3047,2735,4,2024-07-30,6,1,1,349.0,150.0,0.0
3048,2736,6,2024-07-30,5,2,1,449.1,215.0,49.9
3049,2737,1,2024-07-30,1,2,2,269.1,129.0,29.9
3050,2738,4,2024-07-30,1,2,1,296.65,150.0,52.35
3051,2739,4,2024-07-30,1,2,1,349.0,150.0,0.0
3052,2740,2,2024-07-30,3,4,1,269.1,129.0,29.9
3053,2741,3,2024-07-30,2,4,1,329.0,142.0,0.0
3054,2411,5,2024-07-30,2,3,1,349.0,150.0,0.0
3055,2742,4,2024-07-30,3,1,1,349.0,150.0,0.0
3056,2743,2,2024-07-30,2,3,1,299.0,129.0,0.0
3057,2744,5,2024-07-30,3,5,1,349.0,150.0,0.0
3058,2745,5,2024-07-31,1,5,1,349.0,150.0,0.0
3059,2746,6,2024-07-31,3,1,2,449.1,215.0,49.9
3060,2747,1,2024-07-31,,4,1,269.1,129.0,29.9
3061,2748,3,2024-07-31,1,5,1,329.0,142.0,0.0
3062,2749,1,2024-07-31,6,3,1,269.1,129.0,29.9
3063,2750,5,2024-07-31,2,1,1,349.0,150.0,0.0
3064,757,2,2024-07-31,1,1,1,299.0,129.0,0.0
3065,2751,3,2024-07-31,2,2,1,329.0,142.0,0.0
3066,2752,6,2024-07-31,6,5,1,499.0,215.0,0.0
3067,2753,2,2024-07-31,3,5,1,299.0,129.0,0.0
3068,2754,4,2024-07-31,2,2,1,349.0,150.0,0.0
3069,244,5,2024-07-31,1,5,1,349.0,150.0,0.0
3070,2755,4,2024-07-31,3,4,1,349.0,150.0,0.0
3071,2756,5,2024-07-31,1,1,1,349.0,150.0,0.0
3072,2757,5,2024-07-31,1,2,1,349.0,150.0,0.0
3073,2758,1,2024-07-31,1,1,1,299.0,129.0,0.0
3074,2574,5,2024-07-31,1,2,1,349.0,150.0,0.0
3075,1417,4,2024-07-31,5,4,1,349.0,150.0,0.0
3076,2759,4,2024-08-01,2,2,1,349.0,150.0,0.0
3077,2760,4,2024-08-01,8,1,1,314.1,150.0,34.9
3078,2761,4,2024-08-01,4,2,1,314.1,150.0,34.9
3079,2762,5,2024-08-01,2,2,1,349.0,150.0,0.0
3080,2763,2,2024-08-01,3,1,1,299.0,129.0,0.0
3081,2764,5,2024-08-01,5,5,1,314.1,150.0,34.9
3082,2765,5,2024-08-01,7,1,2,296.65,150.0,52.35
3083,2766,2,2024-08-01,4,3,1,299.0,129.0,0.0
3084,2767,5,2024-08-01,5,3,2,349.0,150.0,0.0
3085,2768,4,2024-08-01,3,1,1,349.0,150.0,0.0
3086,2769,2,2024-08-01,1,2,1,299.0,129.0,0.0
3087,2770,5,2024-08-01,2,2,1,349.0,150.0,0.0
3088,2771,4,2024-08-01,7,1,1,349.0,150.0,0.0
3089,2772,5,2024-08-01,3,1,1,296.65,150.0,52.35
3090,1633,2,2024-08-01,4,3,1,269.1,129.0,29.9
3091,2097,5,2024-08-02,1,1,1,349.0,150.0,0.0
3092,390,1,2024-08-02,7,2,1,299.0,129.0,0.0
3093,2773,4,2024-08-02,3,4,1,349.0,150.0,0.0
3094,2774,3,2024-08-02,7,1,1,329.0,142.0,0.0
3095,2775,1,2024-08-02,1,3,1,269.1,129.0,29.9
3096,2776,3,2024-08-02,3,1,1,296.1,142.0,32.9
3097,2777,5,2024-08-02,4,5,1,349.0,150.0,0.0
3098,2778,5,2024-08-02,3,1,1,349.0,150.0,0.0
3099,2779,2,2024-08-02,2,2,1,299.0,129.0,0.0
3100,2780,2,2024-08-02,1,4,1,299.0,129.0,0.0
3101,2781,5,2024-08-02,1,1,2,314.1,150.0,34.9
3102,2782,3,2024-08-02,5,4,2,329.0,142.0,0.0
3103,405,4,2024-08-02,6,1,1,349.0,150.0,0.0
3104,2783,2,2024-08-02,7,1,1,269.1,129.0,29.9
3105,2784,1,2024-08-02,5,2,1,269.1,129.0,29.9
3106,2785,3,2024-08-02,3,3,1,329.0,142.0,0.0
3107,2786,5,2024-08-02,1,1,1,349.0,150.0,0.0
3108,2787,4,2024-08-02,4,1,1,349.0,150.0,0.0
3109,2788,6,2024-08-02,1,1,1,499.0,215.0,0.0
3110,2789,2,2024-08-03,5,2,0,299.0,129.0,0.0
3111,2790,4,2024-08-03,4,3,1,349.0,150.0,0.0
3112,2791,1,2024-08-03,1,1,1,299.0,129.0,0.0
3113,2792,1,2024-08-03,5,3,1,299.0,129.0,0.0
3114,2793,6,2024-08-03,1,2,1,424.15,215.0,74.85
3115,2794,5,2024-08-03,3,1,1,349.0,150.0,0.0
3116,2795,4,2024-08-03,7,4,1,349.0,150.0,0.0
3117,2136,5,2024-08-03,2,1,1,314.1,150.0,34.9
3118,2796,2,2024-08-03,4,1,1,299.0,129.0,0.0
3119,2797,3,2024-08-03,9,1,1,329.0,142.0,0.0
3120,2798,2,2024-08-03,4,3,1,269.1,129.0,29.9
3121,2799,3,2024-08-03,6,1,2,329.0,142.0,0.0
3122,2800,5,2024-08-03,1,3,1,314.1,150.0,34.9
3123,2801,4,2024-08-03,3,1,1,349.0,150.0,0.0
3124,1762,1,2024-08-03,2,2,2,299.0,129.0,0.0
3125,2802,3,2024-08-03,2,5,1,329.0,142.0,0.0
3126,2803,2,2024-08-03,7,3,1,254.15,129.0,44.85
3127,2804,1,2024-08-03,3,2,2,254.15,129.0,44.85
3128,2805,2,2024-08-03,1,2,1,299.0,129.0,0.0
3129,2806,1,2024-08-03,3,4,1,254.15,129.0,44.85
3130,2807,1,2024-08-03,2,3,1,299.0,129.0,0.0
3131,2808,2,2024-08-04,5,2,1,269.1,129.0,29.9
3132,2809,2,2024-08-04,1,1,1,299.0,129.0,0.0
3133,2810,4,2024-08-04,3,5,1,349.0,150.0,0.0
3134,2811,4,2024-08-04,2,1,1,314.1,150.0,34.9
3135,2812,4,2024-08-04,2,2,1,296.65,150.0,52.35
3136,1401,2,2024-08-04,1,4,1,299.0,129.0,0.0
3137,2813,2,2024-08-04,3,3,1,299.0,129.0,0.0
3138,2814,5,2024-08-04,1,5,1,349.0,150.0,0.0
3139,2390,5,2024-08-04,2,3,1,349.0,150.0,0.0
3140,2815,1,2024-08-04,3,2,1,299.0,129.0,0.0
3141,2816,5,2024-08-04,1,1,1,349.0,150.0,0.0
3142,2753,5,2024-08-04,3,1,2,349.0,150.0,0.0
3143,2817,1,2024-08-04,3,1,1,299.0,129.0,0.0
3144,2818,1,2024-08-04,2,2,1,269.1,129.0,29.9
3145,1368,2,2024-08-04,1,3,1,269.1,129.0,29.9
3146,2819,1,2024-08-04,3,2,1,299.0,129.0,0.0
3147,2820,3,2024-08-04,1,1,1,329.0,142.0,0.0
3148,2821,1,2024-08-04,4,4,1,299.0,129.0,0.0
3149,2822,2,2024-08-04,7,2,1,269.1,129.0,29.9
3150,2823,2,2024-08-04,6,1,1,299.0,129.0,0.0
3151,1327,4,2024-08-05,5,2,1,314.1,150.0,34.9
3152,2824,1,2024-08-05,3,1,2,299.0,129.0,0.0
3153,2825,3,2024-08-05,5,1,1,296.1,142.0,32.9
3154,2826,4,2024-08-05,1,1,1,349.0,150.0,0.0
3155,2827,5,2024-08-05,8,1,1,349.0,150.0,0.0
3156,2828,5,2024-08-05,4,1,1,314.1,150.0,34.9
3157,2829,1,2024-08-05,1,3,1,254.15,129.0,44.85
3158,2830,1,2024-08-05,5,1,1,299.0,129.0,0.0
3159,340,5,2024-08-05,2,2,1,296.65,150.0,52.35
3160,2831,6,2024-08-05,1,2,1,499.0,215.0,0.0
3161,2832,5,2024-08-05,3,1,1,349.0,150.0,0.0
3162,2833,4,2024-08-05,1,1,1,349.0,150.0,0.0
3163,2834,1,2024-08-05,1,1,1,299.0,129.0,0.0
3164,2835,3,2024-08-05,8,3,1,329.0,142.0,0.0
3165,2836,4,2024-08-05,9,2,1,296.65,150.0,52.35
3166,2837,1,2024-08-05,1,2,1,254.15,129.0,44.85
3167,2838,1,2024-08-06,6,2,1,299.0,129.0,0.0
3168,2839,2,2024-08-06,1,3,1,299.0,129.0,0.0
3169,2840,1,2024-08-06,1,5,1,299.0,129.0,0.0
3170,2841,6,2024-08-06,1,3,2,449.1,215.0,49.9
3171,2842,5,2024-08-06,7,3,1,349.0,150.0,0.0
3172,2843,4,2024-08-06,8,5,1,349.0,150.0,0.0
3173,1148,5,2024-08-06,8,5,1,349.0,150.0,0.0
3174,2844,4,2024-08-06,8,5,1,314.1,150.0,34.9
3175,2845,5,2024-08-06,5,2,1,349.0,150.0,0.0
3176,2846,5,2024-08-06,7,2,1,349.0,150.0,0.0
3177,2847,4,2024-08-06,1,1,1,349.0,150.0,0.0
3178,2848,5,2024-08-06,3,2,1,349.0,150.0,0.0
3179,2849,1,2024-08-06,2,1,1,269.1,129.0,29.9
3180,2850,4,2024-08-06,1,1,1,349.0,150.0,0.0
3181,2851,5,2024-08-06,5,2,1,349.0,150.0,0.0
3182,90354,4,2024-08-06,5,2,1,349.0,150.0,0.0
3183,2853,6,2024-08-06,4,1,1,449.1,215.0,49.9
3184,2854,1,2024-08-06,1,3,1,299.0,129.0,0.0
3185,2855,5,2024-08-06,1,4,1,349.0,150.0,0.0
3186,2856,4,2024-08-06,7,3,1,349.0,150.0,0.0
3187,2857,4,2024-08-06,1,5,1,349.0,150.0,0.0
3188,2858,4,2024-08-06,4,1,1,349.0,150.0,0.0
3189,2859,4,2024-08-07,5,1,1,296.65,150.0,52.35
3190,376,4,2024-08-07,1,2,1,349.0,150.0,0.0
3191,2860,1,2024-08-07,1,1,1,299.0,129.0,0.0
3192,2861,4,2024-08-07,8,2,1,349.0,150.0,0.0
3193,2862,5,2024-08-07,3,1,1,349.0,150.0,0.0
3194,2863,4,2024-08-07,1,2,1,314.1,150.0,34.9
3195,2864,4,2024-08-07,7,1,1,349.0,150.0,0.0
3196,2865,2,2024-08-07,5,2,1,254.15,129.0,44.85
3197,2866,4,2024-08-07,1,1,1,349.0,150.0,0.0
3198,2867,2,2024-08-07,5,3,1,299.0,129.0,0.0
3199,2868,3,2024-08-07,5,5,1,329.0,142.0,0.0
3200,2869,5,2024-08-07,1,3,1,349.0,150.0,0.0
3201,2870,5,2024-08-07,1,1,1,296.65,150.0,52.35
3202,2871,4,2024-08-07,6,1,1,349.0,150.0,0.0
3203,2872,2,2024-08-07,2,1,1,299.0,129.0,0.0
3204,2873,1,2024-08-07,1,1,1,299.0,129.0,0.0
3205,2874,2,2024-08-07,2,1,1,299.0,129.0,0.0
3206,2875,5,2024-08-07,5,3,1,296.65,150.0,52.35
3207,2876,4,2024-08-08,3,5,1,349.0,150.0,0.0
3208,2877,5,2024-08-08,3,1,1,349.0,150.0,0.0
3209,2878,1,2024-08-08,9,3,1,299.0,129.0,0.0
3210,2879,5,2024-08-08,4,5,1,296.65,150.0,52.35
3211,2880,4,2024-08-08,5,1,1,349.0,150.0,0.0
3212,2881,6,2024-08-08,3,5,1,499.0,215.0,0.0
3213,2882,3,2024-08-08,1,1,1,296.1,142.0,32.9
3214,2883,2,2024-08-08,1,2,1,299.0,129.0,0.0
3215,2884,5,2024-08-08,5,2,1,349.0,150.0,0.0
3216,2885,3,2024-08-08,5,2,1,329.0,142.0,0.0
3217,2886,1,2024-08-08,1,4,1,299.0,129.0,0.0
3218,2887,4,2024-08-08,1,1,1,314.1,150.0,34.9
3219,2888,4,2024-08-08,3,1,1,349.0,150.0,0.0
3220,2889,3,2024-08-08,1,2,1,329.0,142.0,0.0
3221,2890,5,2024-08-08,3,2,1,349.0,150.0,0.0
3222,2891,2,2024-08-08,2,4,1,299.0,129.0,0.0
3223,711,5,2024-08-08,3,2,1,349.0,150.0,0.0
3224,2892,1,2024-08-08,1,3,1,299.0,129.0,0.0
3225,2893,3,2024-08-08,5,1,1,329.0,142.0,0.0
3226,2894,5,2024-08-08,2,1,1,314.1,150.0,34.9
3227,2895,2,2024-08-09,1,1,1,269.1,129.0,29.9
3228,2896,5,2024-08-09,7,3,1,314.1,150.0,34.9
3229,2897,5,2024-08-09,5,1,1,349.0,150.0,0.0
3230,2898,3,2024-08-09,1,1,1,329.0,142.0,0.0
3231,2899,5,2024-08-09,1,1,1,349.0,150.0,0.0
3232,2900,2,2024-08-09,3,4,2,269.1,129.0,29.9
3233,2901,5,2024-08-09,5,2,1,349.0,150.0,0.0
3234,2902,3,2024-08-09,5,1,1,329.0,142.0,0.0
3235,2903,3,2024-08-09,8,2,2,329.0,142.0,0.0
3236,2904,4,2024-08-09,5,5,1,349.0,150.0,0.0
3237,2905,1,2024-08-09,,3,1,299.0,129.0,0.0
3238,2906,6,2024-08-09,1,2,1,449.1,215.0,49.9
3239,2907,6,2024-08-09,1,4,1,449.1,215.0,49.9
3240,2908,4,2024-08-09,1,1,2,349.0,150.0,0.0
3241,2909,5,2024-08-09,7,1,1,349.0,150.0,0.0
3242,2910,4,2024-08-09,3,1,1,314.1,150.0,34.9
3243,2586,3,2024-08-09,5,1,1,329.0,142.0,0.0
3244,2911,4,2024-08-09,2,1,2,349.0,150.0,0.0
3245,2912,4,2024-08-09,3,3,1,349.0,150.0,0.0
3246,2913,4,2024-08-09,5,5,1,349.0,150.0,0.0
3247,1647,4,2024-08-10,4,1,1,349.0,150.0,0.0
3248,2914,1,2024-08-10,1,5,1,269.1,129.0,29.9
3249,2915,2,2024-08-10,5,2,1,299.0,129.0,0.0
3250,2916,5,2024-08-10,4,4,2,349.0,150.0,0.0
3251,2917,1,2024-08-10,5,1,1,269.1,129.0,29.9
3252,2918,2,2024-08-10,3,1,1,299.0,129.0,0.0
3253,2919,5,2024-08-10,1,1,1,349.0,150.0,0.0
3254,2920,4,2024-08-10,1,4,1,349.0,150.0,0.0
3255,2921,4,2024-08-10,1,1,1,349.0,150.0,0.0
3256,2922,4,2024-08-10,5,1,1,349.0,150.0,0.0
3257,2923,5,2024-08-10,4,1,1,349.0,150.0,0.0
3258,703,5,2024-08-10,6,4,1,349.0,150.0,0.0
3259,2924,5,2024-08-10,5,2,1,349.0,150.0,0.0
3260,2925,4,2024-08-10,6,1,1,296.65,150.0,52.35
3261,2926,2,2024-08-10,8,1,1,254.15,129.0,44.85
3262,2927,4,2024-08-10,3,2,1,349.0,150.0,0.0
3263,2928,1,2024-08-10,5,2,1,299.0,129.0,0.0
3264,2929,1,2024-08-10,5,3,1,269.1,129.0,29.9
3265,2930,2,2024-08-10,3,2,1,299.0,129.0,0.0
3266,2931,5,2024-08-10,5,2,1,349.0,150.0,0.0
3267,2932,4,2024-08-10,1,4,1,349.0,150.0,0.0
3268,2933,5,2024-08-10,2,2,1,296.65,150.0,52.35
3269,2934,1,2024-08-11,3,1,1,299.0,129.0,0.0
3270,2935,3,2024-08-11,5,2,1,329.0,142.0,0.0
3271,2936,5,2024-08-11,1,5,1,349.0,150.0,0.0
3272,2937,5,2024-08-11,1,1,1,349.0,150.0,0.0
3273,2938,4,2024-08-11,9,3,1,296.65,150.0,52.35
3274,2939,4,2024-08-11,8,2,1,314.1,150.0,34.9
3275,2087,6,2024-08-11,1,2,1,499.0,215.0,0.0
3276,2940,6,2024-08-11,5,1,1,499.0,215.0,0.0
3277,2941,2,2024-08-11,5,2,1,299.0,129.0,0.0
3278,2942,4,2024-08-11,3,2,1,296.65,150.0,52.35
3279,2943,5,2024-08-11,3,2,1,314.1,150.0,34.9
3280,2944,1,2024-08-11,2,3,1,299.0,129.0,0.0
3281,2945,2,2024-08-11,3,5,1,299.0,129.0,0.0
3282,2946,4,2024-08-11,3,1,1,349.0,150.0,0.0
3283,2947,4,2024-08-11,6,2,1,314.1,150.0,34.9
3284,2948,2,2024-08-11,3,4,1,269.1,129.0,29.9
3285,2949,5,2024-08-11,5,1,1,349.0,150.0,0.0
3286,62,5,2024-08-11,2,4,1,349.0,150.0,0.0
3287,2950,6,2024-08-11,3,1,2,499.0,215.0,0.0
3288,2951,4,2024-08-12,3,1,2,349.0,150.0,0.0
3289,2952,1,2024-08-12,2,1,1,254.15,129.0,44.85
3290,2953,1,2024-08-12,1,1,1,254.15,129.0,44.85
3291,2954,5,2024-08-12,4,5,1,349.0,150.0,0.0
3292,2955,4,2024-08-12,3,1,1,349.0,150.0,0.0
3293,2956,5,2024-08-12,3,1,1,349.0,150.0,0.0
3294,2957,1,2024-08-12,4,1,1,299.0,129.0,0.0
3295,2958,4,2024-08-12,3,2,1,349.0,150.0,0.0
3296,2959,4,2024-08-12,3,3,1,349.0,150.0,0.0
3297,2960,4,2024-08-12,1,4,1,349.0,150.0,0.0
3298,2961,4,2024-08-12,3,4,1,314.1,150.0,34.9
3299,2962,1,2024-08-12,8,1,1,299.0,129.0,0.0
3300,2963,5,2024-08-12,6,2,1,349.0,150.0,0.0
3301,2964,4,2024-08-12,1,5,1,349.0,150.0,0.0
3302,2965,4,2024-08-12,7,2,1,296.65,150.0,52.35
3303,2966,1,2024-08-12,2,1,1,299.0,129.0,0.0
3304,2967,6,2024-08-12,5,3,1,499.0,215.0,0.0
3305,2968,1,2024-08-12,5,1,1,299.0,129.0,0.0
3306,2969,5,2024-08-12,2,2,1,349.0,150.0,0.0
3307,2970,4,2024-08-12,1,1,2,349.0,150.0,0.0
3308,2971,6,2024-08-12,3,4,1,499.0,215.0,0.0
3309,2972,5,2024-08-12,5,1,1,349.0,150.0,0.0
3310,2973,1,2024-08-12,2,2,1,299.0,129.0,0.0
3311,2974,5,2024-08-13,1,4,1,314.1,150.0,34.9
3312,2975,1,2024-08-13,6,3,1,299.0,129.0,0.0
3313,421,1,2024-08-13,2,5,1,299.0,129.0,0.0
3314,2976,5,2024-08-13,3,1,1,296.65,150.0,52.35
3315,90,1,2024-08-13,1,1,1,299.0,129.0,0.0
3316,2977,4,2024-08-13,5,1,1,349.0,150.0,0.0
3317,2978,1,2024-08-13,5,1,1,254.15,129.0,44.85
3318,2979,5,2024-08-13,1,2,1,349.0,150.0,0.0
3319,2980,3,2024-08-13,5,2,2,279.65,142.0,49.35
3320,2981,4,2024-08-13,,3,1,349.0,150.0,0.0
3321,1026,6,2024-08-13,8,2,1,499.0,215.0,0.0
3322,2982,5,2024-08-13,5,1,1,349.0,150.0,0.0
3323,2983,2,2024-08-13,5,1,1,269.1,129.0,29.9
3324,2984,5,2024-08-13,3,1,1,349.0,150.0,0.0
3325,2985,1,2024-08-13,2,1,1,299.0,129.0,0.0
3326,2986,6,2024-08-13,9,1,1,499.0,215.0,0.0
3327,2987,4,2024-08-13,2,1,1,349.0,150.0,0.0
3328,2988,5,2024-08-13,3,2,1,349.0,150.0,0.0
3329,2989,4,2024-08-13,1,1,1,349.0,150.0,0.0
3330,2990,4,2024-08-14,5,2,1,296.65,150.0,52.35
3331,2991,1,2024-08-14,5,1,1,269.1,129.0,29.9
3332,2992,6,2024-08-14,1,1,1,499.0,215.0,0.0
3333,2993,3,2024-08-14,1,1,1,329.0,142.0,0.0
3334,2994,4,2024-08-14,5,3,1,296.65,150.0,52.35
3335,2995,4,2024-08-14,1,4,1,314.1,150.0,34.9
3336,2996,2,2024-08-14,2,2,1,299.0,129.0,0.0
3337,2997,1,2024-08-14,3,5,1,299.0,129.0,0.0
3338,2430,6,2024-08-14,3,2,1,424.15,215.0,74.85
3339,2998,6,2024-08-14,7,3,1,499.0,215.0,0.0
3340,293,4,2024-08-14,1,1,1,349.0,150.0,0.0
3341,2999,3,2024-08-14,2,1,1,329.0,142.0,0.0
3342,3000,3,2024-08-14,2,2,1,329.0,142.0,0.0
3343,3001,2,2024-08-14,4,2,1,269.1,129.0,29.9
3344,3002,3,2024-08-14,3,3,1,329.0,142.0,0.0
3345,3003,5,2024-08-14,7,1,1,349.0,150.0,0.0
3346,3004,1,2024-08-14,8,1,1,269.1,129.0,29.9
3347,3005,6,2024-08-14,2,5,1,499.0,215.0,0.0
3348,3006,5,2024-08-14,1,1,1,349.0,150.0,0.0
3349,3007,5,2024-08-14,5,5,1,349.0,150.0,0.0
3350,3008,5,2024-08-14,1,1,1,349.0,150.0,0.0
3351,2310,1,2024-08-14,5,2,1,299.0,129.0,0.0
3352,3009,5,2024-08-14,3,4,1,349.0,150.0,0.0
3353,3010,6,2024-08-15,1,3,1,499.0,215.0,0.0
3354,3011,2,2024-08-15,4,3,1,254.15,129.0,44.85
3355,3012,2,2024-08-15,1,1,1,299.0,129.0,0.0
3356,3013,6,2024-08-15,5,4,1,449.1,215.0,49.9
3357,3014,4,2024-08-15,5,2,1,296.65,150.0,52.35
3358,3015,3,2024-08-15,5,1,1,329.0,142.0,0.0
3359,3016,1,2024-08-15,4,5,1,254.15,129.0,44.85
3360,2709,5,2024-08-15,3,1,1,349.0,150.0,0.0
3361,3017,3,2024-08-15,3,2,2,296.1,142.0,32.9
3362,3018,5,2024-08-15,3,2,1,349.0,150.0,0.0
3363,3019,6,2024-08-15,2,2,2,424.15,215.0,74.85
3364,3020,5,2024-08-15,5,1,2,349.0,150.0,0.0
3365,3021,3,2024-08-15,2,1,1,329.0,142.0,0.0
3366,3022,1,2024-08-15,3,2,2,299.0,129.0,0.0
3367,3023,3,2024-08-15,6,1,1,279.65,142.0,49.35
3368,3024,4,2024-08-15,1,3,1,349.0,150.0,0.0
3369,3025,2,2024-08-15,4,3,1,299.0,129.0,0.0
3370,3026,4,2024-08-16,8,2,1,349.0,150.0,0.0
3371,3027,2,2024-08-16,2,4,1,299.0,129.0,0.0
3372,3028,2,2024-08-16,4,4,1,299.0,129.0,0.0
3373,3029,1,2024-08-16,1,4,1,299.0,129.0,0.0
3374,3030,2,2024-08-16,1,1,1,299.0,129.0,0.0
3375,3031,2,2024-08-16,1,3,2,299.0,129.0,0.0
3376,3032,3,2024-08-16,5,1,1,329.0,142.0,0.0
3377,3033,1,2024-08-16,4,2,1,299.0,129.0,0.0
3378,3034,1,2024-08-16,7,2,1,299.0,129.0,0.0
3379,3035,2,2024-08-16,1,2,1,254.15,129.0,44.85
3380,3036,2,2024-08-16,2,3,1,254.15,129.0,44.85
3381,3037,6,2024-08-16,5,5,2,499.0,215.0,0.0
3382,3038,4,2024-08-16,6,4,2,349.0,150.0,0.0
3383,3039,1,2024-08-16,3,1,1,299.0,129.0,0.0
3384,1094,1,2024-08-16,4,4,2,299.0,129.0,0.0
3385,2178,5,2024-08-16,2,2,1,349.0,150.0,0.0
3386,3040,1,2024-08-16,1,2,1,299.0,129.0,0.0
3387,3041,1,2024-08-16,2,1,1,299.0,129.0,0.0
3388,2974,5,2024-08-16,3,5,1,349.0,150.0,0.0
3389,3042,1,2024-08-16,1,2,1,299.0,129.0,0.0
3390,3043,6,2024-08-16,7,3,1,499.0,215.0,0.0
3391,3044,5,2024-08-16,5,2,1,349.0,150.0,0.0
3392,3045,2,2024-08-17,1,2,1,299.0,129.0,0.0
3393,3046,3,2024-08-17,3,3,1,329.0,142.0,0.0
3394,3047,1,2024-08-17,1,5,1,299.0,129.0,0.0
3395,3048,3,2024-08-17,5,2,1,329.0,142.0,0.0
3396,3049,2,2024-08-17,8,2,1,299.0,129.0,0.0
3397,3050,4,2024-08-17,2,5,1,314.1,150.0,34.9
3398,3051,3,2024-08-17,3,1,1,329.0,142.0,0.0
3399,3052,5,2024-08-17,3,2,1,349.0,150.0,0.0
3400,3053,4,2024-08-17,1,3,1,314.1,150.0,34.9
3401,3054,2,2024-08-17,3,1,1,299.0,129.0,0.0
3402,3055,2,2024-08-17,3,1,1,299.0,129.0,0.0
3403,3056,4,2024-08-17,4,1,2,349.0,150.0,0.0
3404,3057,1,2024-08-17,1,1,1,299.0,129.0,0.0
3405,3058,2,2024-08-17,5,1,1,254.15,129.0,44.85
3406,3059,1,2024-08-17,6,1,1,299.0,129.0,0.0
3407,3060,5,2024-08-17,1,3,1,349.0,150.0,0.0
3408,3061,1,2024-08-17,1,1,1,299.0,129.0,0.0
3409,3062,5,2024-08-18,1,4,1,314.1,150.0,34.9
3410,3063,4,2024-08-18,1,2,1,296.65,150.0,52.35
3411,3064,1,2024-08-18,1,2,1,299.0,129.0,0.0
3412,3065,4,2024-08-18,5,2,1,349.0,150.0,0.0
3413,3066,3,2024-08-18,1,3,1,296.1,142.0,32.9
3414,3067,4,2024-08-18,1,4,1,314.1,150.0,34.9
3415,3068,5,2024-08-18,2,1,1,349.0,150.0,0.0
3416,3069,4,2024-08-18,1,2,1,349.0,150.0,0.0
3417,3070,4,2024-08-18,2,4,1,349.0,150.0,0.0
3418,3071,5,2024-08-18,5,4,1,349.0,150.0,0.0
3419,3072,3,2024-08-18,1,2,1,279.65,142.0,49.35
3420,2657,3,2024-08-18,2,3,1,329.0,142.0,0.0
3421,3073,2,2024-08-18,3,5,1,299.0,129.0,0.0
3422,3074,5,2024-08-18,1,2,1,349.0,150.0,0.0
3423,3075,1,2024-08-18,3,1,1,299.0,129.0,0.0
3424,3076,2,2024-08-18,1,1,1,269.1,129.0,29.9
3425,3077,1,2024-08-18,1,4,1,299.0,129.0,0.0
3426,3078,3,2024-08-18,1,1,1,329.0,142.0,0.0
3427,3079,5,2024-08-18,8,2,1,349.0,150.0,0.0
3428,3080,4,2024-08-19,4,3,2,296.65,150.0,52.35
3429,3081,6,2024-08-19,2,4,1,499.0,215.0,0.0
3430,3082,1,2024-08-19,1,1,1,299.0,129.0,0.0
3431,3083,3,2024-08-19,8,5,1,329.0,142.0,0.0
3432,3084,6,2024-08-19,2,1,2,499.0,215.0,0.0
3433,3085,4,2024-08-19,1,4,1,349.0,150.0,0.0
3434,3086,5,2024-08-19,6,4,1,349.0,150.0,0.0
3435,3087,4,2024-08-19,5,2,1,349.0,150.0,0.0
3436,3088,4,2024-08-19,3,1,1,296.65,150.0,52.35
3437,3089,3,2024-08-19,7,3,1,329.0,142.0,0.0
3438,3090,2,2024-08-19,4,5,1,254.15,129.0,44.85
3439,185,3,2024-08-19,3,4,1,329.0,142.0,0.0
3440,3091,3,2024-08-19,3,5,2,329.0,142.0,0.0
3441,3092,1,2024-08-19,1,1,1,299.0,129.0,0.0
3442,3093,3,2024-08-19,3,5,1,279.65,142.0,49.35
3443,3094,6,2024-08-19,1,1,1,499.0,215.0,0.0
3444,3095,5,2024-08-19,8,2,1,349.0,150.0,0.0
3445,3096,3,2024-08-19,6,1,1,329.0,142.0,0.0
3446,3097,4,2024-08-19,2,3,2,349.0,150.0,0.0
3447,3098,6,2024-08-19,7,1,1,499.0,215.0,0.0
3448,3099,6,2024-08-19,3,1,2,499.0,215.0,0.0
3449,3100,5,2024-08-19,2,1,2,314.1,150.0,34.9
3450,3101,1,2024-08-20,5,1,1,299.0,129.0,0.0
3451,3102,6,2024-08-20,3,3,1,499.0,215.0,0.0
3452,3103,1,2024-08-20,,1,2,269.1,129.0,29.9
3453,3104,1,2024-08-20,1,5,1,299.0,129.0,0.0
3454,2515,2,2024-08-20,8,1,1,299.0,129.0,0.0
3455,3105,5,2024-08-20,5,1,1,296.65,150.0,52.35
3456,3106,5,2024-08-20,1,2,1,349.0,150.0,0.0
3457,3107,4,2024-08-20,5,1,1,349.0,150.0,0.0
3458,3108,4,2024-08-20,6,1,1,314.1,150.0,34.9
3459,3109,4,2024-08-20,2,1,1,349.0,150.0,0.0
3460,3110,2,2024-08-20,7,2,1,299.0,129.0,0.0
3461,3111,1,2024-08-20,5,4,1,299.0,129.0,0.0
3462,3112,6,2024-08-20,2,2,1,424.15,215.0,74.85
3463,3113,5,2024-08-20,1,4,1,349.0,150.0,0.0
3464,1390,2,2024-08-20,2,3,1,299.0,129.0,0.0
3465,3114,6,2024-08-20,2,5,1,499.0,215.0,0.0
3466,2129,5,2024-08-21,5,2,1,296.65,150.0,52.35
3467,3115,4,2024-08-21,7,1,1,296.65,150.0,52.35
3468,3116,2,2024-08-21,1,3,1,299.0,129.0,0.0
3469,3117,2,2024-08-21,1,3,1,299.0,129.0,0.0
3470,3118,5,2024-08-21,5,5,1,349.0,150.0,0.0
3471,3119,3,2024-08-21,1,1,1,329.0,142.0,0.0
3472,3120,2,2024-08-21,3,3,1,269.1,129.0,29.9
3473,3121,2,2024-08-21,1,2,1,299.0,129.0,0.0
3474,3122,4,2024-08-21,6,3,1,314.1,150.0,34.9
3475,3123,2,2024-08-21,3,5,1,299.0,129.0,0.0
3476,3124,4,2024-08-21,8,1,1,349.0,150.0,0.0
3477,3125,2,2024-08-21,1,2,1,269.1,129.0,29.9
3478,3126,2,2024-08-21,1,2,1,299.0,129.0,0.0
3479,3127,2,2024-08-21,8,5,1,299.0,129.0,0.0
3480,3128,2,2024-08-21,4,1,2,299.0,129.0,0.0
3481,3129,1,2024-08-21,6,2,1,299.0,129.0,0.0
3482,3130,5,2024-08-21,5,2,1,314.1,150.0,34.9
3483,3131,3,2024-08-21,1,5,1,329.0,142.0,0.0
3484,3132,2,2024-08-21,8,5,1,299.0,129.0,0.0
3485,1330,4,2024-08-21,2,5,1,314.1,150.0,34.9
3486,3133,3,2024-08-21,3,3,2,296.1,142.0,32.9
3487,3134,5,2024-08-21,1,5,1,314.1,150.0,34.9
3488,3135,5,2024-08-22,1,3,1,296.65,150.0,52.35
3489,3136,6,2024-08-22,5,2,1,449.1,215.0,49.9
3490,3137,5,2024-08-22,3,1,1,349.0,150.0,0.0
3491,3138,5,2024-08-22,1,2,1,349.0,150.0,0.0
3492,3139,3,2024-08-22,5,3,1,279.65,142.0,49.35
3493,3140,3,2024-08-22,1,2,1,329.0,142.0,0.0
3494,3141,4,2024-08-22,4,1,1,314.1,150.0,34.9
3495,3142,5,2024-08-22,1,3,1,349.0,150.0,0.0
3496,3143,5,2024-08-22,3,3,1,349.0,150.0,0.0
3497,3144,6,2024-08-22,3,3,1,499.0,215.0,0.0
3498,3145,1,2024-08-22,2,2,1,254.15,129.0,44.85
3499,3146,1,2024-08-22,5,2,2,299.0,129.0,0.0
3500,3147,2,2024-08-22,2,1,1,299.0,129.0,0.0
3501,3148,4,2024-08-22,1,2,1,349.0,150.0,0.0
3502,3149,2,2024-08-22,4,1,1,299.0,129.0,0.0
3503,3150,5,2024-08-22,8,2,1,349.0,150.0,0.0
3504,3151,5,2024-08-23,2,2,1,296.65,150.0,52.35
3505,3152,4,2024-08-23,3,1,1,349.0,150.0,0.0
3506,3153,2,2024-08-23,1,2,1,299.0,129.0,0.0
3507,2814,5,2024-08-23,4,1,1,349.0,150.0,0.0
3508,3154,6,2024-08-23,3,2,1,424.15,215.0,74.85
3509,3155,4,2024-08-23,7,5,1,314.1,150.0,34.9
3510,3156,5,2024-08-23,2,1,1,349.0,150.0,0.0
3511,3157,1,2024-08-23,1,5,1,299.0,129.0,0.0
3512,3158,5,2024-08-23,1,1,1,349.0,150.0,0.0
3513,3159,1,2024-08-23,6,3,1,299.0,129.0,0.0
3514,3160,4,2024-08-23,3,2,1,296.65,150.0,52.35
3515,3161,6,2024-08-23,1,2,1,499.0,215.0,0.0
3516,3162,4,2024-08-23,4,2,1,349.0,150.0,0.0
3517,3163,4,2024-08-23,7,4,1,349.0,150.0,0.0
3518,722,1,2024-08-23,2,3,1,299.0,129.0,0.0
3519,3164,1,2024-08-23,2,2,1,299.0,129.0,0.0
3520,3165,5,2024-08-23,5,5,1,349.0,150.0,0.0
3521,3166,4,2024-08-23,3,1,1,296.65,150.0,52.35
3522,3167,4,2024-08-23,5,1,1,349.0,150.0,0.0
3523,3168,2,2024-08-23,5,1,1,299.0,129.0,0.0
3524,2090,2,2024-08-24,2,5,1,299.0,129.0,0.0
3525,3169,5,2024-08-24,4,2,1,296.65,150.0,52.35
3526,3170,4,2024-08-24,7,2,1,349.0,150.0,0.0
3527,3171,4,2024-08-24,1,5,1,349.0,150.0,0.0
3528,3172,6,2024-08-24,1,1,1,499.0,215.0,0.0
3529,3173,5,2024-08-24,7,2,1,349.0,150.0,0.0
3530,3174,5,2024-08-24,6,1,1,349.0,150.0,0.0
3531,3175,4,2024-08-24,7,1,1,314.1,150.0,34.9
3532,641,4,2024-08-24,3,1,1,349.0,150.0,0.0
3533,3176,1,2024-08-24,4,2,1,299.0,129.0,0.0
3534,3177,6,2024-08-24,3,3,2,499.0,215.0,0.0
3535,3178,4,2024-08-24,1,1,1,349.0,150.0,0.0
3536,3179,1,2024-08-24,1,3,1,299.0,129.0,0.0
3537,3180,1,2024-08-24,2,4,1,299.0,129.0,0.0
3538,407,4,2024-08-24,5,2,1,349.0,150.0,0.0
3539,3181,4,2024-08-24,1,1,1,314.1,150.0,34.9
3540,3182,1,2024-08-24,2,5,1,299.0,129.0,0.0
3541,3183,1,2024-08-25,6,1,1,299.0,129.0,0.0
3542,3184,5,2024-08-25,1,3,1,349.0,150.0,0.0
3543,3185,4,2024-08-25,3,2,1,314.1,150.0,34.9
3544,3186,2,2024-08-25,6,5,1,299.0,129.0,0.0
3545,3187,4,2024-08-25,7,2,1,314.1,150.0,34.9
3546,3188,6,2024-08-25,2,1,1,499.0,215.0,0.0
3547,3189,3,2024-08-25,1,2,1,329.0,142.0,0.0
3548,1235,3,2024-08-25,1,4,1,329.0,142.0,0.0
3549,3190,2,2024-08-25,6,1,1,299.0,129.0,0.0
3550,3191,4,2024-08-25,4,1,1,349.0,150.0,0.0
3551,3192,2,2024-08-25,3,3,1,299.0,129.0,0.0
3552,3193,5,2024-08-25,6,1,1,314.1,150.0,34.9
3553,3194,5,2024-08-25,5,4,2,349.0,150.0,0.0
3554,3195,4,2024-08-25,8,1,1,314.1,150.0,34.9
3555,3196,5,2024-08-25,3,4,1,349.0,150.0,0.0
3556,3197,1,2024-08-25,2,4,1,254.15,129.0,44.85
3557,3198,1,2024-08-25,6,5,1,269.1,129.0,29.9
3558,3199,2,2024-08-25,2,2,1,299.0,129.0,0.0
3559,3200,2,2024-08-25,5,3,1,299.0,129.0,0.0
3560,3201,6,2024-08-26,1,1,1,499.0,215.0,0.0
3561,3202,4,2024-08-26,7,1,2,349.0,150.0,0.0
3562,3203,2,2024-08-26,1,3,1,299.0,129.0,0.0
3563,3204,5,2024-08-26,7,1,1,349.0,150.0,0.0
3564,3205,5,2024-08-26,4,3,1,349.0,150.0,0.0
3565,3206,3,2024-08-26,2,2,1,329.0,142.0,0.0
3566,3207,1,2024-08-26,1,2,2,299.0,129.0,0.0
3567,799,5,2024-08-26,1,1,1,349.0,150.0,0.0
3568,3208,6,2024-08-26,3,2,1,499.0,215.0,0.0
3569,3209,6,2024-08-26,5,5,1,449.1,215.0,49.9
3570,3210,1,2024-08-26,1,3,1,299.0,129.0,0.0
3571,3211,2,2024-08-26,5,3,1,299.0,129.0,0.0
3572,3212,6,2024-08-26,3,3,1,449.1,215.0,49.9
3573,3213,1,2024-08-26,5,1,1,299.0,129.0,0.0
3574,3214,2,2024-08-26,4,4,1,269.1,129.0,29.9
3575,3215,6,2024-08-26,3,2,1,499.0,215.0,0.0
3576,3216,6,2024-08-26,4,1,1,499.0,215.0,0.0
3577,3217,5,2024-08-26,4,4,1,349.0,150.0,0.0
3578,3218,4,2024-08-27,5,1,1,349.0,150.0,0.0
3579,3219,2,2024-08-27,8,2,1,299.0,129.0,0.0
3580,3220,4,2024-08-27,1,1,1,314.1,150.0,34.9
3581,3221,1,2024-08-27,3,5,1,299.0,129.0,0.0
3582,3222,1,2024-08-27,3,4,1,254.15,129.0,44.85
3583,3223,5,2024-08-27,8,1,1,296.65,150.0,52.35
3584,3224,5,2024-08-27,5,3,1,349.0,150.0,0.0
3585,3225,6,2024-08-27,3,2,0,499.0,215.0,0.0
3586,3226,2,2024-08-27,5,4,1,299.0,129.0,0.0
3587,3227,1,2024-08-27,7,5,1,299.0,129.0,0.0
3588,3228,5,2024-08-27,1,1,1,349.0,150.0,0.0
3589,3229,5,2024-08-27,1,3,1,349.0,150.0,0.0
3590,3230,5,2024-08-27,2,5,1,314.1,150.0,34.9
3591,3231,6,2024-08-27,3,1,1,499.0,215.0,0.0
3592,3232,6,2024-08-27,7,1,1,499.0,215.0,0.0
3593,3233,4,2024-08-27,3,1,1,349.0,150.0,0.0
3594,3234,2,2024-08-27,6,2,1,299.0,129.0,0.0
3595,3235,3,2024-08-27,4,4,1,329.0,142.0,0.0
3596,3236,2,2024-08-27,4,5,1,299.0,129.0,0.0
3597,3237,3,2024-08-27,8,2,1,329.0,142.0,0.0
3598,3238,2,2024-08-28,5,1,2,299.0,129.0,0.0
3599,3239,3,2024-08-28,7,1,1,329.0,142.0,0.0
3600,3240,1,2024-08-28,4,2,1,299.0,129.0,0.0
3601,3241,6,2024-08-28,1,5,1,499.0,215.0,0.0
3602,339,6,2024-08-28,1,1,1,499.0,215.0,0.0
3603,3242,5,2024-08-28,3,2,1,349.0,150.0,0.0
3604,3243,5,2024-08-28,6,3,1,349.0,150.0,0.0
3605,3244,5,2024-08-28,2,1,2,349.0,150.0,0.0
3606,3245,2,2024-08-28,3,1,1,299.0,129.0,0.0
3607,3246,2,2024-08-28,5,1,1,299.0,129.0,0.0
3608,3247,2,2024-08-28,5,1,1,269.1,129.0,29.9
3609,3248,5,2024-08-28,1,4,1,314.1,150.0,34.9
3610,3249,5,2024-08-28,4,4,1,349.0,150.0,0.0
3611,3250,5,2024-08-28,3,2,1,314.1,150.0,34.9
3612,3251,6,2024-08-28,5,1,1,499.0,215.0,0.0
3613,3252,3,2024-08-28,2,1,1,329.0,142.0,0.0
3614,3253,1,2024-08-28,5,1,1,299.0,129.0,0.0
3615,3254,6,2024-08-29,4,2,1,499.0,215.0,0.0
3616,3255,5,2024-08-29,8,2,1,314.1,150.0,34.9
3617,3256,2,2024-08-29,5,1,1,299.0,129.0,0.0
3618,3257,4,2024-08-29,1,2,1,349.0,150.0,0.0
3619,271,5,2024-08-29,1,1,1,349.0,150.0,0.0
3620,648,3,2024-08-29,4,2,1,329.0,142.0,0.0
3621,3258,5,2024-08-29,8,5,1,349.0,150.0,0.0
3622,3259,4,2024-08-29,1,4,1,314.1,150.0,34.9
3623,3260,4,2024-08-29,4,5,1,349.0,150.0,0.0
3624,3261,2,2024-08-29,1,3,1,299.0,129.0,0.0
3625,1794,1,2024-08-29,7,2,1,299.0,129.0,0.0
3626,3262,1,2024-08-29,1,1,1,299.0,129.0,0.0
3627,3263,6,2024-08-29,1,2,1,499.0,215.0,0.0
3628,3264,5,2024-08-29,2,1,1,349.0,150.0,0.0
3629,3265,2,2024-08-29,5,5,1,299.0,129.0,0.0
3630,3266,4,2024-08-29,5,1,1,349.0,150.0,0.0
3631,3267,5,2024-08-29,3,2,1,349.0,150.0,0.0
3632,3268,4,2024-08-29,7,4,1,314.1,150.0,34.9
3633,3269,2,2024-08-29,7,2,1,269.1,129.0,29.9
3634,3270,5,2024-08-29,1,4,1,314.1,150.0,34.9
3635,3271,4,2024-08-30,8,5,1,314.1,150.0,34.9
3636,3272,5,2024-08-30,3,1,1,349.0,150.0,0.0
3637,3273,4,2024-08-30,8,1,2,349.0,150.0,0.0
3638,3274,5,2024-08-30,1,2,1,349.0,150.0,0.0
3639,3275,1,2024-08-30,8,1,1,299.0,129.0,0.0
3640,3276,2,2024-08-30,1,2,1,299.0,129.0,0.0
3641,2667,5,2024-08-30,1,5,1,296.65,150.0,52.35
3642,3277,4,2024-08-30,3,2,1,349.0,150.0,0.0
3643,1072,3,2024-08-30,7,2,1,329.0,142.0,0.0
3644,3278,1,2024-08-30,5,2,1,299.0,129.0,0.0
3645,3279,4,2024-08-30,3,2,1,349.0,150.0,0.0
3646,3280,1,2024-08-30,6,2,2,299.0,129.0,0.0
3647,3281,4,2024-08-30,1,3,1,349.0,150.0,0.0
3648,3282,6,2024-08-30,2,2,1,499.0,215.0,0.0
3649,2531,6,2024-08-31,1,4,1,499.0,215.0,0.0
3650,3283,4,2024-08-31,1,2,1,349.0,150.0,0.0
3651,3284,4,2024-08-31,2,2,1,349.0,150.0,0.0
3652,3285,5,2024-08-31,3,1,1,349.0,150.0,0.0
3653,3286,1,2024-08-31,1,2,1,299.0,129.0,0.0
3654,3287,5,2024-08-31,9,1,1,349.0,150.0,0.0
3655,3288,4,2024-08-31,3,2,1,349.0,150.0,0.0
3656,2073,4,2024-08-31,1,2,1,349.0,150.0,0.0
3657,3289,4,2024-08-31,1,2,1,349.0,150.0,0.0
3658,3290,5,2024-08-31,1,2,1,314.1,150.0,34.9
3659,3291,2,2024-08-31,2,2,1,254.15,129.0,44.85
3660,3292,4,2024-08-31,2,3,1,349.0,150.0,0.0
3661,3293,4,2024-08-31,5,1,1,349.0,150.0,0.0
3662,3294,4,2024-08-31,2,1,1,314.1,150.0,34.9
3663,3295,5,2024-08-31,1,2,2,349.0,150.0,0.0
3664,3296,3,2024-08-31,1,4,1,329.0,142.0,0.0
3665,3297,2,2024-08-31,3,3,1,299.0,129.0,0.0
3666,3298,1,2024-08-31,1,3,1,299.0,129.0,0.0
3667,3299,1,2024-08-31,3,1,1,299.0,129.0,0.0
3668,2035,4,2024-08-31,5,1,1,314.1,150.0,34.9
3669,3156,3,2024-08-31,1,5,2,329.0,142.0,0.0
3670,3300,1,2024-09-01,5,3,1,299.0,129.0,0.0
3671,3301,4,2024-09-01,4,2,1,314.1,150.0,34.9
3672,1941,1,2024-09-01,2,2,2,299.0,129.0,0.0
3673,3302,5,2024-09-01,3,4,1,349.0,150.0,0.0
3674,3303,6,2024-09-01,3,2,1,499.0,215.0,0.0
3675,3304,5,2024-09-01,3,2,1,349.0,150.0,0.0
3676,3305,4,2024-09-01,5,2,1,349.0,150.0,0.0
3677,3306,5,2024-09-01,7,1,1,349.0,150.0,0.0
3678,3307,6,2024-09-01,1,2,1,499.0,215.0,0.0
3679,3308,5,2024-09-01,7,4,2,349.0,150.0,0.0
3680,3309,3,2024-09-01,1,3,1,329.0,142.0,0.0
3681,3310,1,2024-09-01,3,2,1,299.0,129.0,0.0
3682,3311,3,2024-09-01,8,1,1,329.0,142.0,0.0
3683,3312,4,2024-09-01,4,3,1,349.0,150.0,0.0
3684,3313,4,2024-09-01,3,2,1,349.0,150.0,0.0
3685,3314,4,2024-09-01,4,2,1,349.0,150.0,0.0
3686,3315,3,2024-09-01,1,1,1,296.1,142.0,32.9
3687,3316,1,2024-09-01,2,3,1,254.15,129.0,44.85
3688,3317,2,2024-09-01,7,1,1,269.1,129.0,29.9
3689,3318,5,2024-09-01,8,5,1,349.0,150.0,0.0
3690,3319,1,2024-09-01,7,2,1,299.0,129.0,0.0
3691,3320,4,2024-09-02,5,2,1,349.0,150.0,0.0
3692,3321,4,2024-09-02,2,3,1,349.0,150.0,0.0
3693,3322,4,2024-09-02,2,3,1,349.0,150.0,0.0
3694,3323,3,2024-09-02,2,5,1,329.0,142.0,0.0
3695,3324,3,2024-09-02,1,1,1,329.0,142.0,0.0
3696,3325,1,2024-09-02,2,1,1,299.0,129.0,0.0
3697,3326,4,2024-09-02,5,2,1,349.0,150.0,0.0
3698,3327,3,2024-09-02,3,3,1,329.0,142.0,0.0
3699,1371,5,2024-09-02,3,2,1,314.1,150.0,34.9
3700,3328,3,2024-09-02,1,1,1,329.0,142.0,0.0
3701,3329,6,2024-09-02,3,2,1,499.0,215.0,0.0
3702,3330,2,2024-09-02,1,3,1,299.0,129.0,0.0
3703,3331,5,2024-09-02,7,5,1,349.0,150.0,0.0
3704,3332,4,2024-09-03,7,1,1,349.0,150.0,0.0
3705,3333,5,2024-09-03,1,4,1,349.0,150.0,0.0
3706,3334,4,2024-09-03,,2,1,349.0,150.0,0.0
3707,3335,3,2024-09-03,7,3,1,329.0,142.0,0.0
3708,3336,4,2024-09-03,1,2,1,349.0,150.0,0.0
3709,3337,1,2024-09-03,,4,1,299.0,129.0,0.0
3710,3338,4,2024-09-03,2,1,1,349.0,150.0,0.0
3711,3339,5,2024-09-03,2,1,1,349.0,150.0,0.0
3712,3340,3,2024-09-03,7,2,1,329.0,142.0,0.0
3713,3341,4,2024-09-03,4,2,2,349.0,150.0,0.0
3714,3342,5,2024-09-03,3,2,1,349.0,150.0,0.0
3715,3343,4,2024-09-03,1,5,1,349.0,150.0,0.0
3716,3344,5,2024-09-03,3,2,1,349.0,150.0,0.0
3717,3345,4,2024-09-03,2,1,1,349.0,150.0,0.0
3718,55,6,2024-09-03,5,5,1,499.0,215.0,0.0
3719,3346,5,2024-09-03,3,2,1,349.0,150.0,0.0
3720,3347,5,2024-09-03,2,3,1,314.1,150.0,34.9
3721,3348,3,2024-09-03,5,4,1,279.65,142.0,49.35
3722,3349,1,2024-09-04,3,3,1,299.0,129.0,0.0
3723,3350,4,2024-09-04,6,4,1,314.1,150.0,34.9
3724,3351,2,2024-09-04,7,2,1,299.0,129.0,0.0
3725,3352,1,2024-09-04,3,1,1,299.0,129.0,0.0
3726,3353,6,2024-09-04,5,3,2,449.1,215.0,49.9
3727,1627,2,2024-09-04,3,2,1,269.1,129.0,29.9
3728,3354,4,2024-09-04,4,1,1,349.0,150.0,0.0
3729,3355,4,2024-09-04,1,1,1,314.1,150.0,34.9
3730,3356,2,2024-09-04,3,1,2,299.0,129.0,0.0
3731,93,6,2024-09-04,1,3,1,449.1,215.0,49.9
3732,3357,5,2024-09-04,3,4,1,314.1,150.0,34.9
3733,3358,5,2024-09-04,2,1,1,349.0,150.0,0.0
3734,3359,5,2024-09-04,1,3,2,349.0,150.0,0.0
3735,3360,1,2024-09-04,3,3,1,299.0,129.0,0.0
3736,3361,5,2024-09-04,5,3,1,349.0,150.0,0.0
3737,3362,2,2024-09-04,5,1,1,299.0,129.0,0.0
3738,3363,2,2024-09-04,8,2,1,299.0,129.0,0.0
3739,1685,5,2024-09-04,4,1,2,349.0,150.0,0.0
3740,3364,1,2024-09-04,1,2,1,299.0,129.0,0.0
3741,3365,5,2024-09-05,2,4,1,349.0,150.0,0.0
3742,3366,2,2024-09-05,1,1,1,299.0,129.0,0.0
3743,3367,5,2024-09-05,2,2,1,349.0,150.0,0.0
3744,3368,6,2024-09-05,3,2,1,499.0,215.0,0.0
3745,3369,4,2024-09-05,4,3,1,349.0,150.0,0.0
3746,3370,4,2024-09-05,8,4,1,296.65,150.0,52.35
3747,3371,4,2024-09-05,3,1,1,296.65,150.0,52.35
3748,3372,5,2024-09-05,1,2,1,314.1,150.0,34.9
3749,3373,2,2024-09-05,1,1,1,269.1,129.0,29.9
3750,3374,3,2024-09-05,1,2,1,329.0,142.0,0.0
3751,3375,2,2024-09-05,6,2,1,299.0,129.0,0.0
3752,3376,4,2024-09-05,1,5,1,349.0,150.0,0.0
3753,3377,2,2024-09-05,1,1,1,299.0,129.0,0.0
3754,3378,5,2024-09-05,1,5,1,349.0,150.0,0.0
3755,3379,4,2024-09-05,1,2,2,349.0,150.0,0.0
3756,3380,5,2024-09-05,1,5,1,349.0,150.0,0.0
3757,3381,6,2024-09-05,3,1,1,499.0,215.0,0.0
3758,3382,6,2024-09-05,3,2,1,499.0,215.0,0.0
3759,3353,6,2024-09-05,4,3,1,499.0,215.0,0.0
3760,3383,4,2024-09-05,4,3,1,349.0,150.0,0.0
3761,3384,6,2024-09-05,1,2,1,499.0,215.0,0.0
3762,3385,2,2024-09-05,6,2,1,254.15,129.0,44.85
3763,3386,5,2024-09-06,,3,1,349.0,150.0,0.0
3764,3387,2,2024-09-06,1,1,1,299.0,129.0,0.0
3765,3388,6,2024-09-06,6,3,1,499.0,215.0,0.0
3766,3389,4,2024-09-06,3,2,1,349.0,150.0,0.0
3767,3390,5,2024-09-06,5,5,1,296.65,150.0,52.35
3768,3391,6,2024-09-06,6,4,1,449.1,215.0,49.9
3769,1405,5,2024-09-06,2,1,1,349.0,150.0,0.0
3770,3392,4,2024-09-06,3,2,1,349.0,150.0,0.0
3771,3393,4,2024-09-06,1,1,1,296.65,150.0,52.35
3772,3394,4,2024-09-06,,1,1,349.0,150.0,0.0
3773,3395,5,2024-09-06,1,5,1,349.0,150.0,0.0
3774,3396,2,2024-09-06,8,1,1,269.1,129.0,29.9
3775,3397,1,2024-09-06,1,1,1,299.0,129.0,0.0
3776,3398,2,2024-09-06,7,4,1,299.0,129.0,0.0
3777,3399,3,2024-09-07,5,1,1,329.0,142.0,0.0
3778,3400,1,2024-09-07,6,1,1,299.0,129.0,0.0
3779,3401,4,2024-09-07,5,4,1,349.0,150.0,0.0
3780,3402,4,2024-09-07,4,1,1,349.0,150.0,0.0
3781,3403,4,2024-09-07,3,2,1,314.1,150.0,34.9
3782,3404,4,2024-09-07,5,5,1,349.0,150.0,0.0
3783,3405,5,2024-09-07,1,1,1,349.0,150.0,0.0
3784,3406,4,2024-09-07,2,1,1,349.0,150.0,0.0
3785,3407,5,2024-09-07,3,1,1,349.0,150.0,0.0
3786,3408,5,2024-09-07,2,2,1,349.0,150.0,0.0
3787,3409,5,2024-09-07,1,2,1,349.0,150.0,0.0
3788,3410,5,2024-09-07,1,1,1,296.65,150.0,52.35
3789,2504,4,2024-09-07,7,2,1,349.0,150.0,0.0
3790,3411,1,2024-09-07,8,2,1,299.0,129.0,0.0
3791,3412,1,2024-09-07,1,1,1,299.0,129.0,0.0
3792,3413,2,2024-09-08,8,1,1,269.1,129.0,29.9
3793,3414,4,2024-09-08,5,1,1,349.0,150.0,0.0
3794,3415,4,2024-09-08,3,2,1,349.0,150.0,0.0
3795,3416,1,2024-09-08,4,2,1,269.1,129.0,29.9
3796,3417,2,2024-09-08,2,5,1,269.1,129.0,29.9
3797,3418,5,2024-09-08,9,1,1,314.1,150.0,34.9
3798,3419,2,2024-09-08,3,1,1,254.15,129.0,44.85
3799,3420,2,2024-09-08,8,4,1,299.0,129.0,0.0
3800,3421,5,2024-09-08,7,1,1,314.1,150.0,34.9
3801,3422,1,2024-09-08,2,1,1,299.0,129.0,0.0
3802,3423,4,2024-09-08,5,5,1,349.0,150.0,0.0
3803,3424,5,2024-09-08,6,3,1,349.0,150.0,0.0
3804,374,4,2024-09-08,1,1,1,349.0,150.0,0.0
3805,3425,4,2024-09-08,7,2,1,349.0,150.0,0.0
3806,3426,1,2024-09-08,,1,1,269.1,129.0,29.9
3807,3427,6,2024-09-08,6,2,1,424.15,215.0,74.85
3808,3428,1,2024-09-09,1,5,1,299.0,129.0,0.0
3809,3429,4,2024-09-09,5,2,2,349.0,150.0,0.0
3810,3430,4,2024-09-09,4,2,1,349.0,150.0,0.0
3811,3431,4,2024-09-09,7,5,1,349.0,150.0,0.0
3812,1048,5,2024-09-09,9,5,1,349.0,150.0,0.0
3813,813,4,2024-09-09,1,3,1,349.0,150.0,0.0
3814,3432,4,2024-09-09,8,1,1,296.65,150.0,52.35
3815,3433,1,2024-09-09,1,2,1,269.1,129.0,29.9
3816,3434,1,2024-09-09,5,5,1,299.0,129.0,0.0
3817,3435,5,2024-09-09,4,3,2,349.0,150.0,0.0
3818,3436,1,2024-09-09,1,2,1,299.0,129.0,0.0
3819,3437,4,2024-09-09,1,1,1,296.65,150.0,52.35
3820,3438,2,2024-09-09,2,1,2,299.0,129.0,0.0
3821,90112,5,2024-09-09,1,3,1,349.0,150.0,0.0
3822,351,4,2024-09-09,1,5,2,349.0,150.0,0.0
3823,3440,1,2024-09-09,1,1,1,299.0,129.0,0.0
3824,3441,4,2024-09-09,5,2,1,349.0,150.0,0.0
3825,3442,2,2024-09-09,3,2,1,299.0,129.0,0.0
3826,1743,5,2024-09-10,1,3,2,349.0,150.0,0.0
3827,3443,1,2024-09-10,2,3,2,269.1,129.0,29.9
3828,3444,4,2024-09-10,3,5,1,349.0,150.0,0.0
3829,3445,5,2024-09-10,5,3,1,349.0,150.0,0.0
3830,3446,5,2024-09-10,3,3,1,349.0,150.0,0.0
3831,3447,3,2024-09-10,8,4,2,279.65,142.0,49.35
3832,3448,4,2024-09-10,1,1,1,349.0,150.0,0.0
3833,2641,6,2024-09-10,3,3,1,424.15,215.0,74.85
3834,3449,2,2024-09-10,6,5,1,299.0,129.0,0.0
3835,3450,1,2024-09-10,2,3,1,269.1,129.0,29.9
3836,3451,4,2024-09-10,3,3,1,349.0,150.0,0.0
3837,3452,6,2024-09-10,1,1,1,424.15,215.0,74.85
3838,3453,5,2024-09-10,2,1,1,349.0,150.0,0.0
3839,3454,4,2024-09-10,8,2,1,349.0,150.0,0.0
3840,3455,2,2024-09-10,6,2,1,299.0,129.0,0.0
3841,3456,1,2024-09-10,1,4,1,299.0,129.0,0.0
3842,327,5,2024-09-10,3,1,1,349.0,150.0,0.0
3843,3457,4,2024-09-10,3,2,2,349.0,150.0,0.0
3844,3458,5,2024-09-10,7,1,2,349.0,150.0,0.0
3845,3459,1,2024-09-11,1,1,1,299.0,129.0,0.0
3846,2388,6,2024-09-11,2,5,1,499.0,215.0,0.0
3847,3460,2,2024-09-11,2,1,2,299.0,129.0,0.0
3848,2834,1,2024-09-11,3,1,1,254.15,129.0,44.85
3849,3461,4,2024-09-11,4,3,1,296.65,150.0,52.35
3850,3462,6,2024-09-11,4,4,1,499.0,215.0,0.0
3851,1772,1,2024-09-11,1,1,1,299.0,129.0,0.0
3852,3463,4,2024-09-11,3,2,1,349.0,150.0,0.0
3853,3464,4,2024-09-11,5,1,1,349.0,150.0,0.0
3854,3465,6,2024-09-11,7,2,1,499.0,215.0,0.0
3855,3466,3,2024-09-11,1,2,1,329.0,142.0,0.0
3856,3467,3,2024-09-11,5,1,1,329.0,142.0,0.0
3857,3468,5,2024-09-11,5,1,1,296.65,150.0,52.35
3858,3469,5,2024-09-11,1,1,2,349.0,150.0,0.0
3859,3470,4,2024-09-11,2,4,2,314.1,150.0,34.9
3860,1457,1,2024-09-11,1,2,1,299.0,129.0,0.0
3861,3471,5,2024-09-12,5,2,1,349.0,150.0,0.0
3862,3472,1,2024-09-12,3,2,1,299.0,129.0,0.0
3863,3473,4,2024-09-12,5,3,1,296.65,150.0,52.35
3864,2163,1,2024-09-12,2,5,1,254.15,129.0,44.85
3865,1091,4,2024-09-12,2,2,1,349.0,150.0,0.0
3866,2387,5,2024-09-12,1,5,1,349.0,150.0,0.0
3867,3474,6,2024-09-12,9,4,1,499.0,215.0,0.0
3868,3475,4,2024-09-12,4,2,1,349.0,150.0,0.0
3869,3476,5,2024-09-12,4,2,1,349.0,150.0,0.0
3870,3477,1,2024-09-12,3,2,2,299.0,129.0,0.0
3871,3478,4,2024-09-12,1,4,1,349.0,150.0,0.0
3872,3479,5,2024-09-12,3,3,1,349.0,150.0,0.0
3873,3480,3,2024-09-12,1,3,1,329.0,142.0,0.0
3874,3481,4,2024-09-12,2,2,1,349.0,150.0,0.0
3875,3482,4,2024-09-12,4,1,1,296.65,150.0,52.35
3876,3483,2,2024-09-12,1,3,1,269.1,129.0,29.9
3877,3484,4,2024-09-12,3,2,1,349.0,150.0,0.0
3878,3485,1,2024-09-12,1,3,1,299.0,129.0,0.0
3879,3486,5,2024-09-13,3,1,1,349.0,150.0,0.0
3880,3487,5,2024-09-13,2,4,1,296.65,150.0,52.35
3881,3488,1,2024-09-13,9,1,1,269.1,129.0,29.9
3882,3489,2,2024-09-13,4,1,1,299.0,129.0,0.0
3883,3490,5,2024-09-13,1,2,1,314.1,150.0,34.9
3884,3491,3,2024-09-13,1,5,1,329.0,142.0,0.0
3885,3492,4,2024-09-13,7,2,1,349.0,150.0,0.0
3886,3493,6,2024-09-13,5,1,1,499.0,215.0,0.0
3887,3494,4,2024-09-13,7,1,1,349.0,150.0,0.0
3888,3495,1,2024-09-13,1,5,1,254.15,129.0,44.85
3889,3496,4,2024-09-13,5,3,1,349.0,150.0,0.0
3890,3497,4,2024-09-13,3,3,1,349.0,150.0,0.0
3891,3498,1,2024-09-13,7,3,1,299.0,129.0,0.0
3892,3499,6,2024-09-13,5,1,1,499.0,215.0,0.0
3893,3500,4,2024-09-13,6,2,1,349.0,150.0,0.0
3894,3501,5,2024-09-13,1,1,1,349.0,150.0,0.0
3895,491,2,2024-09-13,,3,1,299.0,129.0,0.0
3896,3502,1,2024-09-13,4,4,2,299.0,129.0,0.0
3897,3503,4,2024-09-13,3,3,1,349.0,150.0,0.0
3898,3504,5,2024-09-13,1,1,1,296.65,150.0,52.35
3899,3505,5,2024-09-14,8,1,1,349.0,150.0,0.0
3900,3506,5,2024-09-14,3,5,1,314.1,150.0,34.9
3901,3507,2,2024-09-14,1,1,1,299.0,129.0,0.0
3902,3508,2,2024-09-14,6,4,1,299.0,129.0,0.0
3903,3509,1,2024-09-14,4,3,1,299.0,129.0,0.0
3904,3510,3,2024-09-14,3,1,1,296.1,142.0,32.9
3905,3511,5,2024-09-14,5,1,1,349.0,150.0,0.0
3906,1834,5,2024-09-14,,2,2,349.0,150.0,0.0
3907,3512,1,2024-09-14,5,2,2,299.0,129.0,0.0
3908,3513,5,2024-09-14,1,4,1,349.0,150.0,0.0
3909,3514,5,2024-09-14,5,1,1,349.0,150.0,0.0
3910,3515,5,2024-09-14,5,4,1,349.0,150.0,0.0
3911,3516,1,2024-09-14,6,4,1,299.0,129.0,0.0
3912,1290,5,2024-09-14,7,1,1,349.0,150.0,0.0
3913,3517,3,2024-09-14,4,3,2,279.65,142.0,49.35
3914,3518,5,2024-09-14,5,3,1,314.1,150.0,34.9
3915,3519,4,2024-09-15,3,1,1,314.1,150.0,34.9
3916,3520,1,2024-09-15,4,4,1,299.0,129.0,0.0
3917,3521,5,2024-09-15,1,2,1,349.0,150.0,0.0
3918,3522,1,2024-09-15,5,2,1,299.0,129.0,0.0
3919,3523,3,2024-09-15,1,3,1,329.0,142.0,0.0
3920,3524,6,2024-09-15,3,1,1,499.0,215.0,0.0
3921,3525,3,2024-09-15,2,2,1,296.1,142.0,32.9
3922,3526,2,2024-09-15,6,2,2,299.0,129.0,0.0
3923,3527,4,2024-09-15,1,1,2,349.0,150.0,0.0
3924,3528,5,2024-09-15,3,1,1,349.0,150.0,0.0
3925,3529,4,2024-09-15,1,2,1,314.1,150.0,34.9
3926,3530,5,2024-09-15,2,1,1,349.0,150.0,0.0
3927,3531,5,2024-09-15,5,2,1,314.1,150.0,34.9
3928,3532,2,2024-09-15,5,2,1,299.0,129.0,0.0
3929,3533,5,2024-09-15,3,2,2,314.1,150.0,34.9
3930,3534,1,2024-09-16,1,1,1,299.0,129.0,0.0
3931,3535,5,2024-09-16,5,3,1,349.0,150.0,0.0
3932,3536,4,2024-09-16,3,3,2,314.1,150.0,34.9
3933,3537,2,2024-09-16,1,1,1,299.0,129.0,0.0
3934,3538,2,2024-09-16,6,2,1,269.1,129.0,29.9
3935,3539,3,2024-09-16,1,2,1,329.0,142.0,0.0
3936,2812,3,2024-09-16,3,5,1,329.0,142.0,0.0
3937,3540,5,2024-09-16,2,1,1,349.0,150.0,0.0
3938,3541,4,2024-09-16,4,2,1,349.0,150.0,0.0
3939,3542,2,2024-09-16,6,1,1,299.0,129.0,0.0
3940,3543,3,2024-09-16,2,2,1,279.65,142.0,49.35
3941,3544,1,2024-09-16,3,3,1,299.0,129.0,0.0
3942,3545,5,2024-09-16,4,1,1,349.0,150.0,0.0
3943,3546,2,2024-09-16,2,3,1,299.0,129.0,0.0
3944,3547,2,2024-09-16,5,1,1,269.1,129.0,29.9
3945,3548,4,2024-09-17,3,2,1,314.1,150.0,34.9
3946,1790,5,2024-09-17,6,2,2,349.0,150.0,0.0
3947,1465,2,2024-09-17,4,1,1,299.0,129.0,0.0
3948,3549,4,2024-09-17,7,2,1,349.0,150.0,0.0
3949,3550,3,2024-09-17,1,3,1,329.0,142.0,0.0
3950,3551,1,2024-09-17,1,1,1,299.0,129.0,0.0
3951,3552,2,2024-09-17,3,1,1,269.1,129.0,29.9
3952,3553,1,2024-09-17,1,1,1,254.15,129.0,44.85
3953,3554,5,2024-09-17,4,2,1,314.1,150.0,34.9
3954,3555,4,2024-09-17,1,3,2,349.0,150.0,0.0
3955,3556,2,2024-09-17,2,4,1,299.0,129.0,0.0
3956,3557,4,2024-09-17,1,1,1,349.0,150.0,0.0
3957,3558,4,2024-09-17,6,1,1,349.0,150.0,0.0
3958,3559,1,2024-09-17,8,2,1,299.0,129.0,0.0
3959,3560,4,2024-09-17,1,3,1,296.65,150.0,52.35
3960,3561,2,2024-09-17,3,4,1,299.0,129.0,0.0
3961,3562,4,2024-09-17,7,4,1,314.1,150.0,34.9
3962,3563,1,2024-09-17,5,4,2,299.0,129.0,0.0
3963,3564,5,2024-09-17,1,1,2,349.0,150.0,0.0
3964,3565,5,2024-09-18,2,1,1,296.65,150.0,52.35
3965,3566,1,2024-09-18,2,2,1,299.0,129.0,0.0
3966,1874,6,2024-09-18,1,2,1,499.0,215.0,0.0
3967,3567,5,2024-09-18,1,4,1,349.0,150.0,0.0
3968,3568,4,2024-09-18,2,3,1,296.65,150.0,52.35
3969,3569,2,2024-09-18,5,5,1,299.0,129.0,0.0
3970,2849,4,2024-09-18,7,1,1,349.0,150.0,0.0
3971,3570,3,2024-09-18,8,2,1,329.0,142.0,0.0
3972,3571,4,2024-09-18,3,2,1,349.0,150.0,0.0
3973,3572,3,2024-09-18,3,1,1,296.1,142.0,32.9
3974,694,6,2024-09-18,5,2,1,499.0,215.0,0.0
3975,3573,1,2024-09-18,3,1,1,299.0,129.0,0.0
3976,1747,1,2024-09-18,5,4,1,254.15,129.0,44.85
3977,3574,1,2024-09-18,5,1,1,299.0,129.0,0.0
3978,3575,6,2024-09-18,1,3,1,499.0,215.0,0.0
3979,3576,6,2024-09-18,7,1,1,424.15,215.0,74.85
3980,3577,1,2024-09-18,1,1,1,299.0,129.0,0.0
3981,3578,5,2024-09-18,1,1,1,349.0,150.0,0.0
3982,3579,2,2024-09-18,5,5,1,299.0,129.0,0.0
3983,3580,5,2024-09-18,1,4,1,296.65,150.0,52.35
3984,3581,3,2024-09-19,1,2,1,296.1,142.0,32.9
3985,3582,4,2024-09-19,5,1,1,349.0,150.0,0.0
3986,3583,2,2024-09-19,1,4,1,299.0,129.0,0.0
3987,3584,3,2024-09-19,1,2,1,329.0,142.0,0.0
3988,78,3,2024-09-19,4,1,1,329.0,142.0,0.0
3989,3585,5,2024-09-19,1,4,1,314.1,150.0,34.9
3990,3586,1,2024-09-19,2,5,1,269.1,129.0,29.9
3991,3587,4,2024-09-19,1,1,1,296.65,150.0,52.35
3992,3195,4,2024-09-19,2,2,1,349.0,150.0,0.0
3993,3588,2,2024-09-19,4,4,1,299.0,129.0,0.0
3994,3589,4,2024-09-19,2,5,1,296.65,150.0,52.35
3995,3590,1,2024-09-19,1,1,1,299.0,129.0,0.0
3996,3591,4,2024-09-19,8,4,1,349.0,150.0,0.0
3997,3592,2,2024-09-19,3,5,1,299.0,129.0,0.0
3998,3593,2,2024-09-19,5,4,1,254.15,129.0,44.85
3999,3594,4,2024-09-19,1,2,1,314.1,150.0,34.9
4000,3595,2,2024-09-19,1,4,1,299.0,129.0,0.0
4001,3596,2,2024-09-19,1,3,1,299.0,129.0,0.0
4002,3597,5,2024-09-19,1,3,1,349.0,150.0,0.0
4003,3598,1,2024-09-20,1,4,1,299.0,129.0,0.0
4004,3599,4,2024-09-20,3,1,1,296.65,150.0,52.35
4005,3600,4,2024-09-20,5,4,2,349.0,150.0,0.0
4006,3601,2,2024-09-20,5,1,1,299.0,129.0,0.0
4007,3602,5,2024-09-20,5,2,1,296.65,150.0,52.35
4008,3603,5,2024-09-20,3,2,2,349.0,150.0,0.0
4009,3604,4,2024-09-20,1,1,1,314.1,150.0,34.9
4010,3605,2,2024-09-20,3,2,1,299.0,129.0,0.0
4011,3606,3,2024-09-20,2,3,1,329.0,142.0,0.0
4012,3607,5,2024-09-20,7,1,2,349.0,150.0,0.0
4013,3608,4,2024-09-20,3,4,1,349.0,150.0,0.0
4014,3609,4,2024-09-20,3,3,2,349.0,150.0,0.0
4015,3610,1,2024-09-20,3,2,1,299.0,129.0,0.0
4016,3611,1,2024-09-20,2,1,1,299.0,129.0,0.0
4017,2893,5,2024-09-20,1,2,1,349.0,150.0,0.0
4018,3612,2,2024-09-20,2,3,1,299.0,129.0,0.0
4019,3613,4,2024-09-20,7,2,1,314.1,150.0,34.9
4020,3259,5,2024-09-20,3,1,2,349.0,150.0,0.0
4021,3614,5,2024-09-20,1,5,1,349.0,150.0,0.0
4022,3615,5,2024-09-20,2,2,1,349.0,150.0,0.0
4023,3616,4,2024-09-20,4,2,1,349.0,150.0,0.0
4024,3617,5,2024-09-20,2,1,1,349.0,150.0,0.0
4025,3618,5,2024-09-21,1,1,2,349.0,150.0,0.0
4026,3619,5,2024-09-21,1,1,1,349.0,150.0,0.0
4027,3620,5,2024-09-21,2,1,1,349.0,150.0,0.0
4028,3621,4,2024-09-21,3,1,1,349.0,150.0,0.0
4029,2421,4,2024-09-21,1,5,1,349.0,150.0,0.0
4030,3622,6,2024-09-21,1,2,1,499.0,215.0,0.0
4031,3623,4,2024-09-21,6,1,2,349.0,150.0,0.0
4032,3624,6,2024-09-21,1,2,1,499.0,215.0,0.0
4033,3625,6,2024-09-21,1,1,1,499.0,215.0,0.0
4034,2805,2,2024-09-21,4,4,1,269.1,129.0,29.9
4035,3626,5,2024-09-21,1,2,1,314.1,150.0,34.9
4036,3627,1,2024-09-21,2,1,2,299.0,129.0,0.0
4037,3628,4,2024-09-21,1,1,1,349.0,150.0,0.0
4038,3629,5,2024-09-21,1,1,1,296.65,150.0,52.35
4039,3630,4,2024-09-21,3,2,1,349.0,150.0,0.0
4040,3631,6,2024-09-21,1,1,1,449.1,215.0,49.9
4041,687,2,2024-09-21,2,2,1,299.0,129.0,0.0
4042,3632,1,2024-09-21,,2,1,299.0,129.0,0.0
4043,3400,6,2024-09-21,4,1,1,499.0,215.0,0.0
4044,3633,2,2024-09-21,2,1,1,269.1,129.0,29.9
4045,3634,3,2024-09-22,3,1,1,329.0,142.0,0.0
4046,3635,3,2024-09-22,3,2,1,296.1,142.0,32.9
4047,3636,2,2024-09-22,1,4,1,254.15,129.0,44.85
4048,3637,5,2024-09-22,6,1,1,349.0,150.0,0.0
4049,3638,4,2024-09-22,1,2,1,349.0,150.0,0.0
4050,2586,5,2024-09-22,8,1,1,349.0,150.0,0.0
4051,3639,3,2024-09-22,7,2,1,329.0,142.0,0.0
4052,3640,6,2024-09-22,2,1,1,499.0,215.0,0.0
4053,3641,4,2024-09-22,3,1,1,314.1,150.0,34.9
4054,3642,4,2024-09-22,2,4,1,349.0,150.0,0.0
4055,3643,4,2024-09-22,3,5,1,349.0,150.0,0.0
4056,3644,4,2024-09-22,2,2,1,349.0,150.0,0.0
4057,3645,4,2024-09-22,6,4,1,349.0,150.0,0.0
4058,769,2,2024-09-22,4,2,1,299.0,129.0,0.0
4059,3646,2,2024-09-22,8,1,1,269.1,129.0,29.9
4060,734,5,2024-09-22,2,2,1,349.0,150.0,0.0
4061,3647,4,2024-09-22,3,5,1,349.0,150.0,0.0
4062,3648,1,2024-09-23,5,2,1,299.0,129.0,0.0
4063,3649,5,2024-09-23,1,2,1,349.0,150.0,0.0
4064,3650,5,2024-09-23,1,1,1,314.1,150.0,34.9
4065,3651,2,2024-09-23,1,2,1,299.0,129.0,0.0
4066,3652,4,2024-09-23,2,3,1,349.0,150.0,0.0
4067,3653,5,2024-09-23,1,1,1,296.65,150.0,52.35
4068,3654,4,2024-09-23,4,3,1,296.65,150.0,52.35
4069,3655,4,2024-09-23,4,2,1,349.0,150.0,0.0
4070,3656,2,2024-09-23,5,1,1,299.0,129.0,0.0
4071,3657,4,2024-09-23,,4,1,349.0,150.0,0.0
4072,3658,5,2024-09-23,3,2,1,314.1,150.0,34.9
4073,3659,3,2024-09-23,9,1,1,329.0,142.0,0.0
4074,3660,1,2024-09-23,1,4,1,299.0,129.0,0.0
4075,3661,5,2024-09-23,3,3,1,349.0,150.0,0.0
4076,3662,5,2024-09-23,5,1,1,349.0,150.0,0.0
4077,3663,3,2024-09-23,1,3,1,329.0,142.0,0.0
4078,1347,4,2024-09-23,1,1,2,314.1,150.0,34.9
4079,3664,5,2024-09-23,3,2,1,314.1,150.0,34.9
4080,3665,5,2024-09-23,1,1,1,349.0,150.0,0.0
4081,3666,2,2024-09-23,5,3,1,254.15,129.0,44.85
4082,3667,2,2024-09-23,7,2,1,299.0,129.0,0.0
4083,3668,5,2024-09-23,2,1,1,349.0,150.0,0.0
4084,3669,1,2024-09-24,5,3,1,299.0,129.0,0.0
4085,3670,6,2024-09-24,8,1,1,449.1,215.0,49.9
4086,3671,6,2024-09-24,2,3,1,499.0,215.0,0.0
4087,3672,4,2024-09-24,2,1,1,349.0,150.0,0.0
4088,3673,4,2024-09-24,1,1,1,349.0,150.0,0.0
4089,3674,4,2024-09-24,1,5,1,296.65,150.0,52.35
4090,3675,5,2024-09-24,5,3,1,314.1,150.0,34.9
4091,3676,5,2024-09-24,1,3,1,314.1,150.0,34.9
4092,3677,1,2024-09-24,1,2,1,269.1,129.0,29.9
4093,3678,6,2024-09-24,1,4,1,499.0,215.0,0.0
4094,3679,4,2024-09-24,7,1,1,314.1,150.0,34.9
4095,3680,5,2024-09-24,7,3,1,314.1,150.0,34.9
4096,3681,6,2024-09-24,1,5,1,499.0,215.0,0.0
4097,3682,5,2024-09-24,4,1,1,349.0,150.0,0.0
4098,3683,4,2024-09-24,1,2,1,314.1,150.0,34.9
4099,3684,4,2024-09-24,8,1,1,314.1,150.0,34.9
4100,3685,2,2024-09-24,8,2,1,299.0,129.0,0.0
4101,3686,5,2024-09-24,6,1,1,314.1,150.0,34.9
4102,3687,6,2024-09-24,1,2,1,499.0,215.0,0.0
4103,3688,4,2024-09-24,4,2,1,349.0,150.0,0.0
4104,3689,2,2024-09-24,3,2,1,299.0,129.0,0.0
4105,3690,1,2024-09-24,6,1,1,269.1,129.0,29.9
4106,3691,4,2024-09-24,1,1,1,349.0,150.0,0.0
4107,3692,1,2024-09-24,4,4,1,299.0,129.0,0.0
4108,1034,5,2024-09-25,1,4,1,349.0,150.0,0.0
4109,3693,3,2024-09-25,2,2,1,329.0,142.0,0.0
4110,3354,5,2024-09-25,1,3,1,349.0,150.0,0.0
4111,3694,2,2024-09-25,2,3,1,299.0,129.0,0.0
4112,3695,3,2024-09-25,1,5,1,329.0,142.0,0.0
4113,3696,6,2024-09-25,1,5,1,499.0,215.0,0.0
4114,3697,4,2024-09-25,5,1,1,314.1,150.0,34.9
4115,3698,3,2024-09-25,7,1,1,329.0,142.0,0.0
4116,3699,3,2024-09-25,5,1,1,296.1,142.0,32.9
4117,3700,3,2024-09-25,3,1,1,329.0,142.0,0.0
4118,3701,4,2024-09-25,8,3,1,349.0,150.0,0.0
4119,3702,6,2024-09-25,1,4,1,449.1,215.0,49.9
4120,2015,4,2024-09-25,5,2,1,349.0,150.0,0.0
4121,3703,4,2024-09-25,5,2,1,349.0,150.0,0.0
4122,3704,6,2024-09-25,1,2,2,499.0,215.0,0.0
4123,3705,4,2024-09-25,2,2,1,296.65,150.0,52.35
4124,3706,1,2024-09-25,3,5,1,299.0,129.0,0.0
4125,3707,5,2024-09-25,1,1,1,349.0,150.0,0.0
4126,3708,4,2024-09-25,3,2,1,349.0,150.0,0.0
4127,3709,1,2024-09-25,3,5,1,299.0,129.0,0.0
4128,3710,4,2024-09-25,2,5,1,314.1,150.0,34.9
4129,3711,6,2024-09-25,1,5,2,499.0,215.0,0.0
4130,3712,4,2024-09-26,1,3,2,349.0,150.0,0.0
4131,155,5,2024-09-26,3,3,1,349.0,150.0,0.0
4132,3713,4,2024-09-26,3,1,1,296.65,150.0,52.35
4133,3714,2,2024-09-26,8,4,1,299.0,129.0,0.0
4134,3715,5,2024-09-26,1,2,1,349.0,150.0,0.0
4135,3716,2,2024-09-26,9,2,1,299.0,129.0,0.0
4136,2748,1,2024-09-26,1,5,1,299.0,129.0,0.0
4137,1608,5,2024-09-26,4,3,2,349.0,150.0,0.0
4138,3717,1,2024-09-26,4,4,1,299.0,129.0,0.0
4139,2193,5,2024-09-26,1,1,1,349.0,150.0,0.0
4140,3718,2,2024-09-26,1,2,1,299.0,129.0,0.0
4141,3719,4,2024-09-26,3,2,1,349.0,150.0,0.0
4142,3720,5,2024-09-26,5,5,1,349.0,150.0,0.0
4143,2342,1,2024-09-26,8,2,1,299.0,129.0,0.0
4144,3721,1,2024-09-26,1,2,1,299.0,129.0,0.0
4145,3722,4,2024-09-26,5,2,1,349.0,150.0,0.0
4146,2082,2,2024-09-26,7,2,1,299.0,129.0,0.0
4147,3723,6,2024-09-26,8,1,1,424.15,215.0,74.85
4148,3724,6,2024-09-26,7,1,1,499.0,215.0,0.0
4149,2234,6,2024-09-27,1,2,1,499.0,215.0,0.0
4150,519,4,2024-09-27,5,5,2,349.0,150.0,0.0
4151,3725,4,2024-09-27,1,1,1,314.1,150.0,34.9
4152,3726,6,2024-09-27,1,1,1,499.0,215.0,0.0
4153,3727,1,2024-09-27,2,2,1,299.0,129.0,0.0
4154,3728,1,2024-09-27,4,1,1,299.0,129.0,0.0
4155,3729,6,2024-09-27,1,2,1,499.0,215.0,0.0
4156,3730,5,2024-09-27,2,2,2,349.0,150.0,0.0
4157,3731,5,2024-09-27,1,2,1,349.0,150.0,0.0
4158,3732,2,2024-09-27,1,1,1,299.0,129.0,0.0
4159,3733,6,2024-09-27,3,1,1,499.0,215.0,0.0
4160,3734,2,2024-09-27,8,2,1,299.0,129.0,0.0
4161,90060,1,2024-09-27,7,4,1,254.15,129.0,44.85
4162,3736,5,2024-09-27,5,2,1,349.0,150.0,0.0
4163,3737,5,2024-09-27,5,4,1,296.65,150.0,52.35
4164,3738,6,2024-09-27,8,1,1,499.0,215.0,0.0
4165,3739,4,2024-09-27,2,5,1,349.0,150.0,0.0
4166,3740,1,2024-09-27,2,1,1,299.0,129.0,0.0
4167,3741,3,2024-09-28,5,1,1,329.0,142.0,0.0
4168,3742,5,2024-09-28,4,3,1,349.0,150.0,0.0
4169,3743,2,2024-09-28,1,2,1,254.15,129.0,44.85
4170,3744,4,2024-09-28,1,4,1,349.0,150.0,0.0
4171,3745,1,2024-09-28,1,1,1,269.1,129.0,29.9
4172,3746,1,2024-09-28,5,2,1,299.0,129.0,0.0
4173,3747,2,2024-09-28,1,2,1,299.0,129.0,0.0
4174,3748,5,2024-09-28,1,2,1,349.0,150.0,0.0
4175,3749,6,2024-09-28,8,2,1,499.0,215.0,0.0
4176,3750,5,2024-09-28,3,1,1,349.0,150.0,0.0
4177,3751,3,2024-09-28,8,2,1,329.0,142.0,0.0
4178,3752,5,2024-09-28,1,1,1,349.0,150.0,0.0
4179,3753,5,2024-09-28,1,5,1,349.0,150.0,0.0
4180,3754,2,2024-09-28,3,1,1,299.0,129.0,0.0
4181,3235,5,2024-09-28,5,2,1,349.0,150.0,0.0
4182,3755,4,2024-09-28,1,3,2,349.0,150.0,0.0
4183,3756,1,2024-09-28,6,4,1,299.0,129.0,0.0
4184,3757,5,2024-09-29,6,1,1,349.0,150.0,0.0
4185,3758,3,2024-09-29,2,1,1,329.0,142.0,0.0
4186,3759,1,2024-09-29,1,1,1,299.0,129.0,0.0
4187,3760,4,2024-09-29,3,3,1,349.0,150.0,0.0
4188,3761,6,2024-09-29,4,2,1,499.0,215.0,0.0
4189,3762,1,2024-09-29,5,1,1,299.0,129.0,0.0
4190,3763,5,2024-09-29,3,4,2,349.0,150.0,0.0
4191,3764,5,2024-09-29,1,3,1,314.1,150.0,34.9
4192,3765,2,2024-09-29,3,3,1,269.1,129.0,29.9
4193,2820,4,2024-09-29,5,5,1,314.1,150.0,34.9
4194,3766,1,2024-09-29,5,2,1,299.0,129.0,0.0
4195,3767,6,2024-09-29,1,2,1,424.15,215.0,74.85
4196,3768,5,2024-09-29,3,2,1,349.0,150.0,0.0
4197,3769,4,2024-09-30,2,1,1,349.0,150.0,0.0
4198,3770,5,2024-09-30,2,2,1,349.0,150.0,0.0
4199,3771,1,2024-09-30,7,1,1,299.0,129.0,0.0
4200,3772,4,2024-09-30,3,1,1,349.0,150.0,0.0
4201,3773,5,2024-09-30,9,1,1,349.0,150.0,0.0
4202,2227,5,2024-09-30,1,2,1,349.0,150.0,0.0
4203,3774,3,2024-09-30,3,2,1,296.1,142.0,32.9
4204,3775,4,2024-09-30,1,2,1,349.0,150.0,0.0
4205,3776,2,2024-09-30,5,2,1,299.0,129.0,0.0
4206,3777,1,2024-09-30,5,2,2,299.0,129.0,0.0
4207,3778,2,2024-09-30,8,2,1,269.1,129.0,29.9
4208,3779,1,2024-09-30,8,1,1,299.0,129.0,0.0
4209,3780,2,2024-09-30,1,1,1,299.0,129.0,0.0
4210,3781,4,2024-10-01,1,4,1,349.0,150.0,0.0
4211,3782,5,2024-10-01,2,4,1,349.0,150.0,0.0
4212,3783,4,2024-10-01,3,2,1,349.0,150.0,0.0
4213,3784,3,2024-10-01,8,2,1,329.0,142.0,0.0
4214,3785,5,2024-10-01,3,2,1,349.0,150.0,0.0
4215,3786,2,2024-10-01,3,5,1,299.0,129.0,0.0
4216,3787,1,2024-10-01,1,2,1,269.1,129.0,29.9
4217,1042,1,2024-10-01,1,2,1,299.0,129.0,0.0
4218,3788,5,2024-10-01,3,1,1,349.0,150.0,0.0
4219,3789,4,2024-10-01,1,1,1,349.0,150.0,0.0
4220,3790,2,2024-10-01,2,2,1,299.0,129.0,0.0
4221,3791,2,2024-10-01,5,2,1,254.15,129.0,44.85
4222,3792,1,2024-10-01,9,2,1,299.0,129.0,0.0
4223,3793,1,2024-10-01,7,1,1,299.0,129.0,0.0
4224,3794,4,2024-10-01,2,5,1,349.0,150.0,0.0
4225,3795,6,2024-10-01,1,1,1,499.0,215.0,0.0
4226,3796,5,2024-10-02,2,2,1,349.0,150.0,0.0
4227,3797,2,2024-10-02,3,1,1,299.0,129.0,0.0
4228,3798,5,2024-10-02,1,3,1,349.0,150.0,0.0
4229,3799,4,2024-10-02,3,1,1,349.0,150.0,0.0
4230,3800,1,2024-10-02,1,2,1,299.0,129.0,0.0
4231,3801,4,2024-10-02,5,3,1,349.0,150.0,0.0
4232,3802,4,2024-10-02,1,2,1,314.1,150.0,34.9
4233,3803,5,2024-10-02,7,5,1,349.0,150.0,0.0
4234,3804,3,2024-10-02,7,4,1,296.1,142.0,32.9
4235,3805,4,2024-10-02,1,1,1,349.0,150.0,0.0
4236,3806,4,2024-10-02,1,3,1,296.65,150.0,52.35
4237,3807,5,2024-10-02,1,1,1,349.0,150.0,0.0
4238,3808,4,2024-10-02,1,2,1,296.65,150.0,52.35
4239,2353,2,2024-10-02,2,1,1,299.0,129.0,0.0
4240,2999,2,2024-10-02,3,4,1,299.0,129.0,0.0
4241,3809,1,2024-10-02,2,1,1,299.0,129.0,0.0
4242,1808,5,2024-10-02,2,5,1,349.0,150.0,0.0
4243,3810,4,2024-10-02,4,1,1,349.0,150.0,0.0
4244,3811,1,2024-10-03,9,1,1,269.1,129.0,29.9
4245,3812,2,2024-10-03,4,3,1,299.0,129.0,0.0
4246,3813,6,2024-10-03,1,5,1,499.0,215.0,0.0
4247,3814,4,2024-10-03,1,2,1,349.0,150.0,0.0
4248,3815,6,2024-10-03,5,1,1,499.0,215.0,0.0
4249,167,4,2024-10-03,1,2,1,349.0,150.0,0.0
4250,3816,2,2024-10-03,4,1,1,299.0,129.0,0.0
4251,3817,5,2024-10-03,2,1,1,314.1,150.0,34.9
4252,3818,5,2024-10-03,7,2,1,349.0,150.0,0.0
4253,3819,5,2024-10-03,3,2,1,349.0,150.0,0.0
4254,3820,6,2024-10-03,1,4,1,499.0,215.0,0.0
4255,3821,2,2024-10-03,4,2,1,269.1,129.0,29.9
4256,3822,5,2024-10-03,8,1,1,349.0,150.0,0.0
4257,3823,4,2024-10-03,1,2,1,349.0,150.0,0.0
4258,3824,4,2024-10-03,1,2,1,349.0,150.0,0.0
4259,3825,5,2024-10-03,6,3,1,349.0,150.0,0.0
4260,3826,5,2024-10-03,4,3,1,349.0,150.0,0.0
4261,3827,4,2024-10-03,2,1,1,349.0,150.0,0.0
4262,3828,5,2024-10-03,1,4,1,314.1,150.0,34.9
4263,3829,5,2024-10-03,1,1,1,349.0,150.0,0.0
4264,3830,4,2024-10-03,1,3,1,349.0,150.0,0.0
4265,3831,4,2024-10-03,4,3,2,349.0,150.0,0.0
4266,3832,6,2024-10-04,7,1,1,499.0,215.0,0.0
4267,3833,1,2024-10-04,3,3,1,299.0,129.0,0.0
4268,3834,6,2024-10-04,1,2,1,499.0,215.0,0.0
4269,3835,4,2024-10-04,2,4,1,296.65,150.0,52.35
4270,3836,6,2024-10-04,,2,1,499.0,215.0,0.0
4271,3837,4,2024-10-04,3,5,1,314.1,150.0,34.9
4272,3838,1,2024-10-04,4,1,1,299.0,129.0,0.0
4273,3839,5,2024-10-04,2,1,2,349.0,150.0,0.0
4274,3840,5,2024-10-04,5,2,2,349.0,150.0,0.0
4275,3841,3,2024-10-04,3,2,1,329.0,142.0,0.0
4276,3842,5,2024-10-04,4,2,1,349.0,150.0,0.0
4277,3843,5,2024-10-04,5,1,1,349.0,150.0,0.0
4278,3844,5,2024-10-04,4,5,1,349.0,150.0,0.0
4279,3845,2,2024-10-04,6,1,1,299.0,129.0,0.0
4280,3846,5,2024-10-04,1,1,1,349.0,150.0,0.0
4281,3847,3,2024-10-04,5,2,1,329.0,142.0,0.0
4282,3848,2,2024-10-04,8,1,1,254.15,129.0,44.85
4283,3849,5,2024-10-04,1,5,1,349.0,150.0,0.0
4284,3850,2,2024-10-04,1,2,1,299.0,129.0,0.0
4285,3851,3,2024-10-04,3,1,1,329.0,142.0,0.0
4286,3852,4,2024-10-05,1,4,1,349.0,150.0,0.0
4287,3853,5,2024-10-05,3,2,1,314.1,150.0,34.9
4288,3854,2,2024-10-05,1,2,1,269.1,129.0,29.9
4289,3855,6,2024-10-05,5,4,2,499.0,215.0,0.0
4290,3856,5,2024-10-05,3,5,1,349.0,150.0,0.0
4291,3857,4,2024-10-05,5,1,1,349.0,150.0,0.0
4292,3858,6,2024-10-05,1,3,1,499.0,215.0,0.0
4293,3859,3,2024-10-05,3,1,1,329.0,142.0,0.0
4294,3860,4,2024-10-05,1,3,1,349.0,150.0,0.0
4295,3861,1,2024-10-05,6,2,1,299.0,129.0,0.0
4296,3862,4,2024-10-05,3,2,1,314.1,150.0,34.9
4297,3863,5,2024-10-05,1,1,1,349.0,150.0,0.0
4298,2468,3,2024-10-05,2,1,1,329.0,142.0,0.0
4299,3864,2,2024-10-05,5,1,1,299.0,129.0,0.0
4300,3865,4,2024-10-05,3,2,2,349.0,150.0,0.0
4301,3866,2,2024-10-05,2,4,1,299.0,129.0,0.0
4302,3867,5,2024-10-05,3,1,1,349.0,150.0,0.0
4303,3868,4,2024-10-05,5,1,1,349.0,150.0,0.0
4304,3869,2,2024-10-05,4,3,1,254.15,129.0,44.85
4305,3870,3,2024-10-06,1,1,1,296.1,142.0,32.9
4306,3871,3,2024-10-06,5,3,1,329.0,142.0,0.0
4307,3872,4,2024-10-06,4,5,1,349.0,150.0,0.0
4308,2684,1,2024-10-06,3,1,1,299.0,129.0,0.0
4309,3873,6,2024-10-06,1,2,1,499.0,215.0,0.0
4310,3857,5,2024-10-06,4,4,1,349.0,150.0,0.0
4311,3874,5,2024-10-06,3,1,1,349.0,150.0,0.0
4312,3875,4,2024-10-06,3,3,1,296.65,150.0,52.35
4313,3876,3,2024-10-06,5,1,1,329.0,142.0,0.0
4314,3877,4,2024-10-06,1,4,1,296.65,150.0,52.35
4315,3878,4,2024-10-06,1,2,1,349.0,150.0,0.0
4316,3879,5,2024-10-06,2,5,1,349.0,150.0,0.0
4317,3085,4,2024-10-06,3,2,1,314.1,150.0,34.9
4318,3880,2,2024-10-06,2,1,1,299.0,129.0,0.0
4319,3881,3,2024-10-06,1,2,1,329.0,142.0,0.0
4320,3882,2,2024-10-06,1,2,1,299.0,129.0,0.0
4321,3883,4,2024-10-06,8,4,1,349.0,150.0,0.0
4322,3884,2,2024-10-06,1,4,1,299.0,129.0,0.0
4323,3885,5,2024-10-07,4,2,1,349.0,150.0,0.0
4324,90223,5,2024-10-07,9,2,1,314.1,150.0,34.9
4325,3887,5,2024-10-07,3,1,1,314.1,150.0,34.9
4326,3888,2,2024-10-07,7,2,1,254.15,129.0,44.85
4327,3889,4,2024-10-07,1,2,1,349.0,150.0,0.0
4328,3890,3,2024-10-07,1,2,1,329.0,142.0,0.0
4329,725,3,2024-10-07,4,1,2,296.1,142.0,32.9
4330,3891,5,2024-10-07,3,2,1,349.0,150.0,0.0
4331,3892,4,2024-10-07,5,2,1,296.65,150.0,52.35
4332,3893,2,2024-10-07,1,5,1,299.0,129.0,0.0
4333,3894,5,2024-10-07,2,1,1,349.0,150.0,0.0
4334,3895,5,2024-10-07,3,3,1,349.0,150.0,0.0
4335,3896,4,2024-10-07,5,2,1,349.0,150.0,0.0
4336,3897,1,2024-10-07,3,5,1,299.0,129.0,0.0
4337,3898,3,2024-10-07,1,1,1,279.65,142.0,49.35
4338,3899,4,2024-10-07,1,2,1,349.0,150.0,0.0
4339,3900,3,2024-10-07,2,3,1,329.0,142.0,0.0
4340,3901,5,2024-10-07,4,2,1,349.0,150.0,0.0
4341,1097,1,2024-10-07,3,2,1,299.0,129.0,0.0
4342,3902,4,2024-10-07,7,5,1,314.1,150.0,34.9
4343,3903,2,2024-10-08,5,2,1,299.0,129.0,0.0
4344,3904,5,2024-10-08,4,4,1,314.1,150.0,34.9
4345,3905,1,2024-10-08,4,3,1,299.0,129.0,0.0
4346,3906,4,2024-10-08,4,2,1,349.0,150.0,0.0
4347,3907,4,2024-10-08,3,3,1,349.0,150.0,0.0
4348,3908,2,2024-10-08,3,1,1,299.0,129.0,0.0
4349,3909,6,2024-10-08,3,1,1,499.0,215.0,0.0
4350,3772,6,2024-10-08,1,2,1,499.0,215.0,0.0
4351,3910,3,2024-10-08,9,1,1,329.0,142.0,0.0
4352,3911,4,2024-10-08,3,1,1,296.65,150.0,52.35
4353,3912,1,2024-10-08,3,2,1,269.1,129.0,29.9
4354,3913,1,2024-10-08,8,4,1,299.0,129.0,0.0
4355,248,4,2024-10-08,1,5,1,349.0,150.0,0.0
4356,3914,4,2024-10-08,9,4,1,296.65,150.0,52.35
4357,3915,4,2024-10-08,5,1,1,296.65,150.0,52.35
4358,3916,2,2024-10-08,1,2,1,299.0,129.0,0.0
4359,3917,5,2024-10-08,8,2,1,349.0,150.0,0.0
4360,3918,6,2024-10-09,1,2,1,499.0,215.0,0.0
4361,3919,6,2024-10-09,1,2,1,499.0,215.0,0.0
4362,3920,1,2024-10-09,4,2,1,254.15,129.0,44.85
4363,3921,6,2024-10-09,1,4,1,499.0,215.0,0.0
4364,3922,5,2024-10-09,5,2,1,349.0,150.0,0.0
4365,3923,4,2024-10-09,3,1,1,349.0,150.0,0.0
4366,3924,2,2024-10-09,1,1,1,299.0,129.0,0.0
4367,3925,1,2024-10-09,3,3,1,299.0,129.0,0.0
4368,3926,6,2024-10-09,7,2,1,499.0,215.0,0.0
4369,3927,4,2024-10-09,,4,1,349.0,150.0,0.0
4370,3928,1,2024-10-09,3,2,1,299.0,129.0,0.0
4371,3929,6,2024-10-09,5,1,1,499.0,215.0,0.0
4372,3930,2,2024-10-09,1,2,1,299.0,129.0,0.0
4373,3931,5,2024-10-09,3,1,1,349.0,150.0,0.0
4374,3932,6,2024-10-09,1,2,1,499.0,215.0,0.0
4375,3933,5,2024-10-09,5,1,2,296.65,150.0,52.35
4376,3934,2,2024-10-09,8,3,2,299.0,129.0,0.0
4377,3935,4,2024-10-09,6,1,1,349.0,150.0,0.0
4378,992,5,2024-10-09,1,3,1,349.0,150.0,0.0
4379,3936,6,2024-10-09,1,5,1,424.15,215.0,74.85
4380,3937,5,2024-10-10,5,5,1,349.0,150.0,0.0
4381,3938,1,2024-10-10,4,5,1,299.0,129.0,0.0
4382,3939,2,2024-10-10,7,1,1,299.0,129.0,0.0
4383,150,4,2024-10-10,3,2,1,349.0,150.0,0.0
4384,3940,5,2024-10-10,4,1,1,314.1,150.0,34.9
4385,3941,4,2024-10-10,2,1,1,349.0,150.0,0.0
4386,3942,2,2024-10-10,1,1,1,269.1,129.0,29.9
4387,1893,3,2024-10-10,1,4,1,296.1,142.0,32.9
4388,3943,5,2024-10-10,3,1,1,349.0,150.0,0.0
4389,3944,2,2024-10-10,2,5,1,269.1,129.0,29.9
4390,3945,3,2024-10-10,3,1,1,329.0,142.0,0.0
4391,3946,2,2024-10-10,7,4,1,299.0,129.0,0.0
4392,3947,2,2024-10-10,6,3,1,299.0,129.0,0.0
4393,3948,5,2024-10-10,5,1,1,296.65,150.0,52.35
4394,3949,1,2024-10-10,8,5,1,299.0,129.0,0.0
4395,3950,5,2024-10-10,3,2,2,349.0,150.0,0.0
4396,3951,2,2024-10-10,1,2,1,299.0,129.0,0.0
4397,1872,2,2024-10-10,2,2,1,299.0,129.0,0.0
4398,3952,5,2024-10-11,1,1,1,314.1,150.0,34.9
4399,3953,2,2024-10-11,3,2,1,299.0,129.0,0.0
4400,3954,3,2024-10-11,1,1,1,296.1,142.0,32.9
4401,3955,3,2024-10-11,3,1,1,329.0,142.0,0.0
4402,3956,2,2024-10-11,3,1,1,269.1,129.0,29.9
4403,3957,5,2024-10-11,1,1,1,296.65,150.0,52.35
4404,1166,1,2024-10-11,1,2,1,299.0,129.0,0.0
4405,3958,4,2024-10-11,1,3,1,296.65,150.0,52.35
4406,3959,1,2024-10-11,4,2,1,299.0,129.0,0.0
4407,3960,3,2024-10-11,3,1,1,329.0,142.0,0.0
4408,3961,4,2024-10-11,7,4,1,349.0,150.0,0.0
4409,3962,5,2024-10-11,1,5,1,314.1,150.0,34.9
4410,3963,2,2024-10-11,1,1,1,299.0,129.0,0.0
4411,3964,1,2024-10-11,2,2,2,299.0,129.0,0.0
4412,3965,6,2024-10-11,2,4,1,499.0,215.0,0.0
4413,3966,2,2024-10-11,5,1,1,299.0,129.0,0.0
4414,3967,4,2024-10-11,1,3,1,349.0,150.0,0.0
4415,3968,4,2024-10-11,2,4,1,296.65,150.0,52.35
4416,3969,2,2024-10-11,1,1,1,299.0,129.0,0.0
4417,3970,1,2024-10-11,8,1,2,299.0,129.0,0.0
4418,3971,5,2024-10-12,4,1,1,349.0,150.0,0.0
4419,3972,5,2024-10-12,1,3,1,349.0,150.0,0.0
4420,3973,2,2024-10-12,1,1,1,299.0,129.0,0.0
4421,3974,2,2024-10-12,8,3,1,299.0,129.0,0.0
4422,3975,2,2024-10-12,6,2,1,299.0,129.0,0.0
4423,3976,2,2024-10-12,3,1,1,299.0,129.0,0.0
4424,3977,5,2024-10-12,1,1,1,349.0,150.0,0.0
4425,3355,4,2024-10-12,5,3,1,349.0,150.0,0.0
4426,906,4,2024-10-12,3,3,1,349.0,150.0,0.0
4427,3978,4,2024-10-12,4,2,1,349.0,150.0,0.0
4428,3979,4,2024-10-12,1,2,1,349.0,150.0,0.0
4429,3980,5,2024-10-12,2,5,1,349.0,150.0,0.0
4430,3981,3,2024-10-12,1,3,1,296.1,142.0,32.9
4431,3982,3,2024-10-12,7,2,1,296.1,142.0,32.9
4432,3983,4,2024-10-12,1,3,1,349.0,150.0,0.0
4433,3984,3,2024-10-12,5,1,1,296.1,142.0,32.9
4434,3985,5,2024-10-12,7,2,1,296.65,150.0,52.35
4435,3986,5,2024-10-12,3,3,1,349.0,150.0,0.0
4436,3987,5,2024-10-12,7,2,1,314.1,150.0,34.9
4437,3988,2,2024-10-13,5,2,1,254.15,129.0,44.85
4438,3989,6,2024-10-13,3,1,1,499.0,215.0,0.0
4439,3945,4,2024-10-13,8,3,1,296.65,150.0,52.35
4440,3990,4,2024-10-13,8,1,1,349.0,150.0,0.0
4441,3991,4,2024-10-13,4,1,1,349.0,150.0,0.0
4442,3992,5,2024-10-13,2,2,1,349.0,150.0,0.0
4443,3993,4,2024-10-13,5,3,1,314.1,150.0,34.9
4444,3994,1,2024-10-13,4,2,1,269.1,129.0,29.9
4445,3995,1,2024-10-13,1,2,1,299.0,129.0,0.0
4446,3996,1,2024-10-13,3,2,1,269.1,129.0,29.9
4447,3997,4,2024-10-13,1,1,1,314.1,150.0,34.9
4448,3998,4,2024-10-13,3,3,1,349.0,150.0,0.0
4449,3999,4,2024-10-13,3,1,1,349.0,150.0,0.0
4450,2028,6,2024-10-13,1,3,2,499.0,215.0,0.0
4451,4000,5,2024-10-13,4,4,1,349.0,150.0,0.0
4452,4001,5,2024-10-13,2,3,2,349.0,150.0,0.0
4453,4002,3,2024-10-13,1,1,1,279.65,142.0,49.35
4454,4003,1,2024-10-13,3,4,2,269.1,129.0,29.9
4455,4004,1,2024-10-13,3,3,1,299.0,129.0,0.0
4456,4005,6,2024-10-13,5,2,1,499.0,215.0,0.0
4457,4006,2,2024-10-13,3,3,1,299.0,129.0,0.0
4458,4007,4,2024-10-13,2,2,1,349.0,150.0,0.0
4459,4008,1,2024-10-13,2,3,2,299.0,129.0,0.0
4460,4009,1,2024-10-13,3,1,1,299.0,129.0,0.0
4461,4010,4,2024-10-14,1,1,1,349.0,150.0,0.0
4462,4011,2,2024-10-14,6,3,1,299.0,129.0,0.0
4463,4012,2,2024-10-14,1,1,1,299.0,129.0,0.0
4464,4013,4,2024-10-14,5,5,1,349.0,150.0,0.0
4465,4014,5,2024-10-14,1,1,1,349.0,150.0,0.0
4466,4015,4,2024-10-14,2,3,1,349.0,150.0,0.0
4467,4016,4,2024-10-14,1,1,1,314.1,150.0,34.9
4468,4017,5,2024-10-14,1,2,1,296.65,150.0,52.35
4469,4018,5,2024-10-14,2,2,1,296.65,150.0,52.35
4470,4019,1,2024-10-14,4,1,2,269.1,129.0,29.9
4471,4020,1,2024-10-14,1,4,2,269.1,129.0,29.9
4472,4021,6,2024-10-14,1,1,1,499.0,215.0,0.0
4473,4022,3,2024-10-14,3,5,1,329.0,142.0,0.0
4474,1626,1,2024-10-14,1,5,1,254.15,129.0,44.85
4475,4023,3,2024-10-14,1,3,1,296.1,142.0,32.9
4476,4024,1,2024-10-14,1,3,1,299.0,129.0,0.0
4477,4025,4,2024-10-14,1,1,1,314.1,150.0,34.9
4478,4026,1,2024-10-15,5,1,2,299.0,129.0,0.0
4479,4027,1,2024-10-15,6,1,1,299.0,129.0,0.0
4480,4028,1,2024-10-15,5,2,1,299.0,129.0,0.0
4481,4029,6,2024-10-15,3,1,1,499.0,215.0,0.0
4482,4030,4,2024-10-15,5,1,1,349.0,150.0,0.0
4483,4031,6,2024-10-15,1,5,1,499.0,215.0,0.0
4484,4032,1,2024-10-15,1,1,1,299.0,129.0,0.0
4485,4033,3,2024-10-15,1,5,1,329.0,142.0,0.0
4486,4034,2,2024-10-15,3,3,1,299.0,129.0,0.0
4487,4035,3,2024-10-15,2,1,1,329.0,142.0,0.0
4488,4036,3,2024-10-15,2,1,1,329.0,142.0,0.0
4489,4037,1,2024-10-15,5,5,1,299.0,129.0,0.0
4490,4038,4,2024-10-15,2,2,1,349.0,150.0,0.0
4491,4039,6,2024-10-15,3,5,1,499.0,215.0,0.0
4492,4040,4,2024-10-15,1,5,2,349.0,150.0,0.0
4493,4041,5,2024-10-15,8,5,1,349.0,150.0,0.0
4494,4042,2,2024-10-15,7,4,1,299.0,129.0,0.0
4495,4043,2,2024-10-15,1,2,1,299.0,129.0,0.0
4496,4044,5,2024-10-15,1,4,1,349.0,150.0,0.0
4497,4045,4,2024-10-15,6,3,1,349.0,150.0,0.0
4498,4046,2,2024-10-15,6,2,1,299.0,129.0,0.0
4499,4047,6,2024-10-15,1,3,1,499.0,215.0,0.0
4500,4048,4,2024-10-15,1,2,1,314.1,150.0,34.9
4501,4049,5,2024-10-15,4,5,1,349.0,150.0,0.0
4502,4050,5,2024-10-16,1,2,1,349.0,150.0,0.0
4503,2410,2,2024-10-16,2,3,1,299.0,129.0,0.0
4504,4051,2,2024-10-16,1,2,1,299.0,129.0,0.0
4505,4052,2,2024-10-16,7,2,1,299.0,129.0,0.0
4506,4053,3,2024-10-16,1,1,1,329.0,142.0,0.0
4507,4054,1,2024-10-16,4,1,1,299.0,129.0,0.0
4508,4055,3,2024-10-16,7,1,1,329.0,142.0,0.0
4509,4056,1,2024-10-16,1,5,1,269.1,129.0,29.9
4510,4057,6,2024-10-16,4,2,2,499.0,215.0,0.0
4511,4058,6,2024-10-16,2,2,1,424.15,215.0,74.85
4512,4059,6,2024-10-16,8,2,1,499.0,215.0,0.0
4513,4060,4,2024-10-16,3,4,1,349.0,150.0,0.0
4514,4061,1,2024-10-16,7,3,1,299.0,129.0,0.0
4515,4062,3,2024-10-16,7,1,1,329.0,142.0,0.0
4516,4063,5,2024-10-16,4,1,1,349.0,150.0,0.0
4517,1395,4,2024-10-16,7,1,1,349.0,150.0,0.0
4518,4064,1,2024-10-16,3,2,1,299.0,129.0,0.0
4519,4065,1,2024-10-16,8,2,1,299.0,129.0,0.0
4520,4066,6,2024-10-17,1,1,1,499.0,215.0,0.0
4521,4067,2,2024-10-17,5,1,1,299.0,129.0,0.0
4522,4068,6,2024-10-17,4,1,1,499.0,215.0,0.0
4523,4069,5,2024-10-17,7,3,1,296.65,150.0,52.35
4524,4070,4,2024-10-17,3,1,1,314.1,150.0,34.9
4525,4071,4,2024-10-17,4,2,1,314.1,150.0,34.9
4526,4072,4,2024-10-17,1,2,1,349.0,150.0,0.0
4527,4073,4,2024-10-17,1,1,1,349.0,150.0,0.0
4528,4074,4,2024-10-17,2,4,1,314.1,150.0,34.9
4529,4075,1,2024-10-17,1,1,1,299.0,129.0,0.0
4530,4076,5,2024-10-17,3,1,1,349.0,150.0,0.0
4531,4077,2,2024-10-17,3,2,1,299.0,129.0,0.0
4532,4078,4,2024-10-17,2,1,1,314.1,150.0,34.9
4533,4079,5,2024-10-17,2,4,1,296.65,150.0,52.35
4534,4080,1,2024-10-17,5,5,1,299.0,129.0,0.0
4535,4081,2,2024-10-17,1,1,1,299.0,129.0,0.0
4536,4082,5,2024-10-17,2,5,1,349.0,150.0,0.0
4537,4083,3,2024-10-17,2,1,1,329.0,142.0,0.0
4538,4084,6,2024-10-17,6,2,2,499.0,215.0,0.0
4539,4085,3,2024-10-17,3,1,1,329.0,142.0,0.0
4540,4086,5,2024-10-18,5,3,1,349.0,150.0,0.0
4541,4087,2,2024-10-18,1,2,1,299.0,129.0,0.0
4542,4088,6,2024-10-18,1,1,1,499.0,215.0,0.0
4543,4089,5,2024-10-18,7,3,1,349.0,150.0,0.0
4544,4090,4,2024-10-18,2,1,1,349.0,150.0,0.0
4545,4091,1,2024-10-18,2,2,1,299.0,129.0,0.0
4546,4092,5,2024-10-18,1,1,1,349.0,150.0,0.0
4547,4093,4,2024-10-18,9,1,1,349.0,150.0,0.0
4548,1328,2,2024-10-18,1,1,1,299.0,129.0,0.0
4549,4094,5,2024-10-18,2,3,1,349.0,150.0,0.0
4550,4095,5,2024-10-18,3,3,1,349.0,150.0,0.0
4551,4096,1,2024-10-18,1,2,1,299.0,129.0,0.0
4552,4097,4,2024-10-18,1,2,1,349.0,150.0,0.0
4553,4098,2,2024-10-18,1,1,1,299.0,129.0,0.0
4554,4099,5,2024-10-18,2,2,1,349.0,150.0,0.0
4555,4100,4,2024-10-18,2,3,1,296.65,150.0,52.35
4556,4101,4,2024-10-18,1,1,1,314.1,150.0,34.9
4557,4102,5,2024-10-18,1,1,1,296.65,150.0,52.35
4558,4103,6,2024-10-18,7,2,1,499.0,215.0,0.0
4559,4104,1,2024-10-18,5,4,1,299.0,129.0,0.0
4560,4105,1,2024-10-19,1,2,1,269.1,129.0,29.9
4561,4106,6,2024-10-19,8,2,1,499.0,215.0,0.0
4562,3866,4,2024-10-19,1,2,1,349.0,150.0,0.0
4563,4107,5,2024-10-19,5,1,1,349.0,150.0,0.0
4564,4108,1,2024-10-19,3,2,1,299.0,129.0,0.0
4565,4109,1,2024-10-19,1,1,1,299.0,129.0,0.0
4566,4110,1,2024-10-19,7,1,1,299.0,129.0,0.0
4567,962,4,2024-10-19,2,1,1,349.0,150.0,0.0
4568,4111,2,2024-10-19,3,1,1,299.0,129.0,0.0
4569,4112,1,2024-10-19,2,2,1,299.0,129.0,0.0
4570,4113,4,2024-10-19,2,1,1,349.0,150.0,0.0
4571,1372,3,2024-10-19,5,2,1,329.0,142.0,0.0
4572,4114,3,2024-10-19,3,5,1,329.0,142.0,0.0
4573,4115,1,2024-10-19,1,1,1,299.0,129.0,0.0
4574,4116,3,2024-10-19,2,2,1,329.0,142.0,0.0
4575,824,1,2024-10-20,5,1,1,254.15,129.0,44.85
4576,4117,5,2024-10-20,3,2,1,349.0,150.0,0.0
4577,4118,5,2024-10-20,3,1,1,349.0,150.0,0.0
4578,4119,1,2024-10-20,5,4,1,269.1,129.0,29.9
4579,4120,2,2024-10-20,3,4,1,299.0,129.0,0.0
4580,4121,5,2024-10-20,5,2,1,349.0,150.0,0.0
4581,4122,6,2024-10-20,8,5,1,499.0,215.0,0.0
4582,4123,4,2024-10-20,2,3,1,349.0,150.0,0.0
4583,4124,4,2024-10-20,3,1,2,349.0,150.0,0.0
4584,3422,4,2024-10-20,3,3,1,314.1,150.0,34.9
4585,4125,5,2024-10-20,1,1,1,349.0,150.0,0.0
4586,4126,4,2024-10-20,2,2,1,349.0,150.0,0.0
4587,4127,3,2024-10-20,1,2,1,296.1,142.0,32.9
4588,4128,1,2024-10-20,3,2,1,299.0,129.0,0.0
4589,4129,2,2024-10-20,3,3,1,299.0,129.0,0.0
4590,4130,2,2024-10-20,1,2,1,269.1,129.0,29.9
4591,4131,3,2024-10-20,7,1,1,329.0,142.0,0.0
4592,1597,5,2024-10-20,3,4,1,349.0,150.0,0.0
4593,4132,6,2024-10-20,1,5,1,499.0,215.0,0.0
4594,265,6,2024-10-20,7,2,1,499.0,215.0,0.0
4595,4133,5,2024-10-20,3,1,1,349.0,150.0,0.0
4596,3076,4,2024-10-20,3,3,1,349.0,150.0,0.0
4597,4134,1,2024-10-21,5,1,1,299.0,129.0,0.0
4598,3900,1,2024-10-21,2,3,1,299.0,129.0,0.0
4599,4135,3,2024-10-21,1,1,1,329.0,142.0,0.0
4600,4136,4,2024-10-21,5,4,1,314.1,150.0,34.9
4601,4137,4,2024-10-21,1,3,1,349.0,150.0,0.0
4602,4138,2,2024-10-21,7,3,1,269.1,129.0,29.9
4603,4139,4,2024-10-21,2,1,1,349.0,150.0,0.0
4604,4140,6,2024-10-21,5,2,1,499.0,215.0,0.0
4605,4141,4,2024-10-21,5,1,1,349.0,150.0,0.0
4606,4142,6,2024-10-21,5,2,1,499.0,215.0,0.0
4607,4143,5,2024-10-21,4,1,1,314.1,150.0,34.9
4608,4144,6,2024-10-21,,1,1,449.1,215.0,49.9
4609,4145,6,2024-10-21,5,1,1,499.0,215.0,0.0
4610,2813,5,2024-10-21,5,1,1,349.0,150.0,0.0
4611,4146,4,2024-10-21,4,4,1,349.0,150.0,0.0
4612,4147,1,2024-10-21,2,2,1,299.0,129.0,0.0
4613,4148,5,2024-10-21,5,1,1,349.0,150.0,0.0
4614,4149,5,2024-10-21,3,2,1,349.0,150.0,0.0
4615,4150,5,2024-10-21,1,1,1,349.0,150.0,0.0
4616,4151,2,2024-10-21,7,1,1,299.0,129.0,0.0
4617,4152,5,2024-10-21,4,1,1,349.0,150.0,0.0
4618,4153,4,2024-10-21,2,2,1,349.0,150.0,0.0
4619,4154,2,2024-10-21,7,2,1,299.0,129.0,0.0
4620,4155,3,2024-10-21,6,2,1,329.0,142.0,0.0
4621,4156,2,2024-10-21,1,4,1,254.15,129.0,44.85
4622,4157,5,2024-10-21,4,3,1,349.0,150.0,0.0
4623,4158,4,2024-10-21,3,1,1,349.0,150.0,0.0
4624,4159,4,2024-10-21,3,2,1,296.65,150.0,52.35
4625,4160,1,2024-10-22,2,2,1,269.1,129.0,29.9
4626,4161,5,2024-10-22,1,1,1,349.0,150.0,0.0
4627,4162,5,2024-10-22,2,5,1,314.1,150.0,34.9
4628,4163,2,2024-10-22,3,2,1,299.0,129.0,0.0
4629,4164,4,2024-10-22,2,2,1,349.0,150.0,0.0
4630,4165,2,2024-10-22,5,2,1,299.0,129.0,0.0
4631,4166,2,2024-10-22,1,5,1,299.0,129.0,0.0
4632,4167,5,2024-10-22,4,2,1,349.0,150.0,0.0
4633,2120,2,2024-10-22,4,1,1,299.0,129.0,0.0
4634,90137,5,2024-10-22,5,1,1,349.0,150.0,0.0
4635,4168,2,2024-10-22,5,2,1,299.0,129.0,0.0
4636,4169,4,2024-10-22,1,2,1,349.0,150.0,0.0
4637,4170,5,2024-10-22,7,2,1,349.0,150.0,0.0
4638,4171,2,2024-10-22,5,2,1,299.0,129.0,0.0
4639,4172,2,2024-10-22,3,2,1,299.0,129.0,0.0
4640,4173,5,2024-10-22,5,1,1,349.0,150.0,0.0
4641,4174,5,2024-10-22,5,2,1,296.65,150.0,52.35
4642,4175,1,2024-10-23,1,1,1,299.0,129.0,0.0
4643,4176,5,2024-10-23,,3,1,296.65,150.0,52.35
4644,4177,1,2024-10-23,1,4,1,299.0,129.0,0.0
4645,4178,5,2024-10-23,4,2,1,349.0,150.0,0.0
4646,4179,5,2024-10-23,4,4,2,349.0,150.0,0.0
4647,4180,5,2024-10-23,5,4,1,349.0,150.0,0.0
4648,4181,5,2024-10-23,4,2,1,296.65,150.0,52.35
4649,4182,4,2024-10-23,3,3,1,349.0,150.0,0.0
4650,4183,4,2024-10-23,4,3,1,349.0,150.0,0.0
4651,4184,3,2024-10-23,5,1,1,329.0,142.0,0.0
4652,4185,4,2024-10-23,6,1,1,349.0,150.0,0.0
4653,4186,1,2024-10-23,2,3,1,299.0,129.0,0.0
4654,4187,4,2024-10-23,6,2,2,349.0,150.0,0.0
4655,4188,5,2024-10-23,1,1,1,349.0,150.0,0.0
4656,2045,5,2024-10-23,1,1,1,349.0,150.0,0.0
4657,4189,4,2024-10-23,7,1,1,349.0,150.0,0.0
4658,4190,5,2024-10-23,5,5,1,349.0,150.0,0.0
4659,4191,4,2024-10-23,2,2,1,349.0,150.0,0.0
4660,4192,5,2024-10-23,7,2,1,314.1,150.0,34.9
4661,4193,5,2024-10-23,2,2,1,349.0,150.0,0.0
4662,749,5,2024-10-23,4,1,1,314.1,150.0,34.9
4663,4194,4,2024-10-23,1,1,1,349.0,150.0,0.0
4664,4195,5,2024-10-23,4,4,1,349.0,150.0,0.0
4665,4196,5,2024-10-23,7,1,1,349.0,150.0,0.0
4666,4197,6,2024-10-23,4,2,1,499.0,215.0,0.0
4667,785,1,2024-10-23,3,1,1,299.0,129.0,0.0
4668,4198,5,2024-10-23,3,1,1,296.65,150.0,52.35
4669,4199,1,2024-10-24,5,3,1,299.0,129.0,0.0
4670,2265,1,2024-10-24,2,3,1,299.0,129.0,0.0
4671,2141,5,2024-10-24,3,1,1,349.0,150.0,0.0
4672,4200,2,2024-10-24,2,3,1,269.1,129.0,29.9
4673,4201,5,2024-10-24,1,1,1,349.0,150.0,0.0
4674,4202,5,2024-10-24,2,3,1,296.65,150.0,52.35
4675,4203,5,2024-10-24,7,1,1,349.0,150.0,0.0
4676,4204,1,2024-10-24,3,1,1,269.1,129.0,29.9
4677,4205,4,2024-10-24,8,4,1,349.0,150.0,0.0
4678,4206,4,2024-10-24,9,1,1,349.0,150.0,0.0
4679,4207,5,2024-10-24,7,2,1,349.0,150.0,0.0
4680,4208,2,2024-10-24,1,5,1,299.0,129.0,0.0
4681,4209,5,2024-10-24,1,3,1,349.0,150.0,0.0
4682,4210,3,2024-10-24,3,4,1,329.0,142.0,0.0
4683,4211,1,2024-10-24,3,1,1,299.0,129.0,0.0
4684,4212,6,2024-10-24,3,3,1,499.0,215.0,0.0
4685,4213,2,2024-10-24,2,3,1,299.0,129.0,0.0
4686,4214,6,2024-10-25,3,1,1,499.0,215.0,0.0
4687,4215,5,2024-10-25,3,5,1,314.1,150.0,34.9
4688,4216,4,2024-10-25,1,2,1,349.0,150.0,0.0
4689,4217,6,2024-10-25,3,1,1,499.0,215.0,0.0
4690,4218,6,2024-10-25,1,3,1,499.0,215.0,0.0
4691,4219,4,2024-10-25,7,2,1,349.0,150.0,0.0
4692,4220,4,2024-10-25,3,4,1,349.0,150.0,0.0
4693,4221,2,2024-10-25,3,3,2,299.0,129.0,0.0
4694,4222,3,2024-10-25,7,3,1,329.0,142.0,0.0
4695,4223,2,2024-10-25,1,2,2,299.0,129.0,0.0
4696,2557,4,2024-10-25,1,3,1,349.0,150.0,0.0
4697,268,2,2024-10-25,2,4,1,299.0,129.0,0.0
4698,4224,2,2024-10-25,4,3,1,299.0,129.0,0.0
4699,4225,6,2024-10-25,3,4,1,499.0,215.0,0.0
4700,771,4,2024-10-25,4,2,1,349.0,150.0,0.0
4701,4226,2,2024-10-25,3,1,1,299.0,129.0,0.0
4702,4227,4,2024-10-25,8,2,1,349.0,150.0,0.0
4703,4228,3,2024-10-25,8,1,2,279.65,142.0,49.35
4704,4229,5,2024-10-25,2,2,1,296.65,150.0,52.35
4705,4230,4,2024-10-25,1,5,1,296.65,150.0,52.35
4706,4231,5,2024-10-25,1,2,1,349.0,150.0,0.0
4707,503,1,2024-10-25,3,1,1,254.15,129.0,44.85
4708,4232,5,2024-10-25,5,1,1,349.0,150.0,0.0
4709,4233,2,2024-10-25,8,2,1,299.0,129.0,0.0
4710,4234,5,2024-10-25,1,1,1,349.0,150.0,0.0
4711,4235,1,2024-10-26,1,3,1,299.0,129.0,0.0
4712,4236,1,2024-10-26,3,4,1,299.0,129.0,0.0
4713,384,1,2024-10-26,8,2,1,299.0,129.0,0.0
4714,4237,4,2024-10-26,1,4,1,296.65,150.0,52.35
4715,4238,4,2024-10-26,3,2,1,349.0,150.0,0.0
4716,4239,5,2024-10-26,4,1,1,296.65,150.0,52.35
4717,4240,1,2024-10-26,2,3,1,299.0,129.0,0.0
4718,1063,1,2024-10-26,2,2,1,299.0,129.0,0.0
4719,4241,5,2024-10-26,5,1,1,296.65,150.0,52.35
4720,4242,5,2024-10-26,5,1,1,314.1,150.0,34.9
4721,4243,6,2024-10-26,2,3,2,499.0,215.0,0.0
4722,4244,4,2024-10-26,7,3,1,349.0,150.0,0.0
4723,4245,3,2024-10-26,1,1,1,279.65,142.0,49.35
4724,4246,1,2024-10-26,3,2,1,299.0,129.0,0.0
4725,4247,5,2024-10-26,1,3,1,314.1,150.0,34.9
4726,4248,2,2024-10-26,5,1,1,299.0,129.0,0.0
4727,4249,6,2024-10-26,3,1,1,499.0,215.0,0.0
4728,4250,4,2024-10-26,2,1,1,349.0,150.0,0.0
4729,4251,3,2024-10-26,5,2,1,296.1,142.0,32.9
4730,4252,4,2024-10-26,4,1,1,349.0,150.0,0.0
4731,4253,5,2024-10-26,4,1,1,314.1,150.0,34.9
4732,4254,5,2024-10-26,8,2,1,349.0,150.0,0.0
4733,4255,4,2024-10-26,2,3,1,349.0,150.0,0.0
4734,4256,1,2024-10-27,1,1,2,299.0,129.0,0.0
4735,4257,4,2024-10-27,3,1,1,349.0,150.0,0.0
4736,4258,6,2024-10-27,3,3,1,449.1,215.0,49.9
4737,4259,4,2024-10-27,1,5,1,349.0,150.0,0.0
4738,4260,3,2024-10-27,4,5,1,279.65,142.0,49.35
4739,4261,1,2024-10-27,3,1,1,299.0,129.0,0.0
4740,4262,6,2024-10-27,1,3,1,499.0,215.0,0.0
4741,4183,1,2024-10-27,1,2,2,299.0,129.0,0.0
4742,4263,3,2024-10-27,1,2,1,296.1,142.0,32.9
4743,4264,2,2024-10-27,1,1,1,299.0,129.0,0.0
4744,4265,4,2024-10-27,1,3,1,314.1,150.0,34.9
4745,4266,5,2024-10-27,4,2,1,349.0,150.0,0.0
4746,4267,2,2024-10-27,1,2,1,299.0,129.0,0.0
4747,1318,2,2024-10-27,2,1,1,269.1,129.0,29.9
4748,4268,5,2024-10-27,2,1,1,349.0,150.0,0.0
4749,4269,2,2024-10-27,2,5,1,299.0,129.0,0.0
4750,3234,2,2024-10-27,5,4,1,254.15,129.0,44.85
4751,4270,4,2024-10-27,1,3,1,349.0,150.0,0.0
4752,4271,6,2024-10-27,5,1,1,499.0,215.0,0.0
4753,2276,4,2024-10-27,1,1,1,314.1,150.0,34.9
4754,4272,5,2024-10-27,3,2,1,349.0,150.0,0.0
4755,2389,6,2024-10-28,2,2,1,499.0,215.0,0.0
4756,4273,6,2024-10-28,5,3,1,449.1,215.0,49.9
4757,4274,2,2024-10-28,1,1,1,269.1,129.0,29.9
4758,4275,1,2024-10-28,2,1,2,299.0,129.0,0.0
4759,4276,4,2024-10-28,1,4,1,349.0,150.0,0.0
4760,4277,2,2024-10-28,4,1,1,299.0,129.0,0.0
4761,4278,1,2024-10-28,2,1,1,254.15,129.0,44.85
4762,4279,3,2024-10-28,1,4,1,329.0,142.0,0.0
4763,20,6,2024-10-28,1,4,1,499.0,215.0,0.0
4764,4280,6,2024-10-28,5,4,2,499.0,215.0,0.0
4765,4281,4,2024-10-28,2,1,1,296.65,150.0,52.35
4766,4282,6,2024-10-28,1,2,1,499.0,215.0,0.0
4767,4283,5,2024-10-28,6,1,1,349.0,150.0,0.0
4768,4284,2,2024-10-28,1,2,1,299.0,129.0,0.0
4769,4285,5,2024-10-28,4,1,1,349.0,150.0,0.0
4770,4286,5,2024-10-28,2,1,1,349.0,150.0,0.0
4771,4287,5,2024-10-28,4,1,1,349.0,150.0,0.0
4772,1325,5,2024-10-28,1,1,1,296.65,150.0,52.35
4773,4288,6,2024-10-29,4,1,1,499.0,215.0,0.0
4774,4289,4,2024-10-29,4,2,1,349.0,150.0,0.0
4775,4290,1,2024-10-29,5,5,1,254.15,129.0,44.85
4776,4291,2,2024-10-29,3,3,1,299.0,129.0,0.0
4777,4292,1,2024-10-29,1,2,1,299.0,129.0,0.0
4778,4293,2,2024-10-29,3,1,1,299.0,129.0,0.0
4779,4294,3,2024-10-29,5,1,1,329.0,142.0,0.0
4780,4295,1,2024-10-29,3,1,1,299.0,129.0,0.0
4781,4296,4,2024-10-29,4,3,1,349.0,150.0,0.0
4782,4297,3,2024-10-29,2,1,1,329.0,142.0,0.0
4783,4298,6,2024-10-29,2,4,1,449.1,215.0,49.9
4784,4299,2,2024-10-29,7,3,1,299.0,129.0,0.0
4785,4300,3,2024-10-29,4,2,1,329.0,142.0,0.0
4786,4301,4,2024-10-29,5,1,1,349.0,150.0,0.0
4787,4302,4,2024-10-29,2,3,1,349.0,150.0,0.0
4788,4115,5,2024-10-29,5,1,1,349.0,150.0,0.0
4789,499,5,2024-10-29,1,1,1,349.0,150.0,0.0
4790,4303,4,2024-10-29,1,3,1,349.0,150.0,0.0
4791,4304,1,2024-10-29,1,1,1,299.0,129.0,0.0
4792,4305,1,2024-10-30,3,2,1,299.0,129.0,0.0
4793,4306,2,2024-10-30,1,3,1,299.0,129.0,0.0
4794,4307,5,2024-10-30,5,2,1,349.0,150.0,0.0
4795,4180,2,2024-10-30,3,3,1,299.0,129.0,0.0
4796,4308,1,2024-10-30,1,2,2,299.0,129.0,0.0
4797,4309,1,2024-10-30,2,2,1,299.0,129.0,0.0
4798,4310,4,2024-10-30,1,1,1,349.0,150.0,0.0
4799,4311,5,2024-10-30,7,2,1,296.65,150.0,52.35
4800,4312,4,2024-10-30,5,3,1,349.0,150.0,0.0
4801,4313,5,2024-10-30,1,2,1,349.0,150.0,0.0
4802,4314,4,2024-10-30,5,3,1,349.0,150.0,0.0
4803,4315,4,2024-10-30,1,2,1,349.0,150.0,0.0
4804,4316,4,2024-10-30,2,4,1,349.0,150.0,0.0
4805,4317,4,2024-10-30,1,2,1,349.0,150.0,0.0
4806,4318,5,2024-10-30,3,2,1,314.1,150.0,34.9
4807,3223,1,2024-10-30,2,1,1,299.0,129.0,0.0
4808,4319,4,2024-10-30,3,1,1,296.65,150.0,52.35
4809,4320,1,2024-10-30,1,2,1,299.0,129.0,0.0
4810,3406,5,2024-10-30,9,1,1,349.0,150.0,0.0
4811,4321,6,2024-10-31,2,1,1,499.0,215.0,0.0
4812,4322,2,2024-10-31,3,1,1,299.0,129.0,0.0
4813,4323,2,2024-10-31,1,2,1,299.0,129.0,0.0
4814,4324,5,2024-10-31,4,2,1,349.0,150.0,0.0
4815,4325,2,2024-10-31,9,3,1,299.0,129.0,0.0
4816,4326,2,2024-10-31,1,1,2,299.0,129.0,0.0
4817,4327,3,2024-10-31,4,5,1,329.0,142.0,0.0
4818,3176,6,2024-10-31,5,1,1,499.0,215.0,0.0
4819,4328,1,2024-10-31,4,2,1,299.0,129.0,0.0
4820,4329,4,2024-10-31,5,2,1,314.1,150.0,34.9
4821,4330,2,2024-10-31,5,5,2,269.1,129.0,29.9
4822,4331,1,2024-10-31,1,1,1,299.0,129.0,0.0
4823,4332,2,2024-10-31,1,3,1,254.15,129.0,44.85
4824,4333,5,2024-10-31,3,1,1,349.0,150.0,0.0
4825,4334,2,2024-10-31,1,2,1,299.0,129.0,0.0
4826,4335,4,2024-10-31,2,1,1,296.65,150.0,52.35
4827,4336,5,2024-10-31,4,3,1,349.0,150.0,0.0
4828,4337,5,2024-10-31,3,1,1,314.1,150.0,34.9
4829,4338,4,2024-10-31,1,4,1,349.0,150.0,0.0
4830,4339,1,2024-10-31,6,3,1,299.0,129.0,0.0
4831,4340,6,2024-10-31,3,2,1,499.0,215.0,0.0
4832,4341,1,2024-10-31,3,2,2,254.15,129.0,44.85
4833,4342,4,2024-10-31,5,2,1,296.65,150.0,52.35
4834,3193,2,2024-11-01,1,2,2,299.0,129.0,0.0
4835,4343,6,2024-11-01,5,3,1,499.0,215.0,0.0
4836,4344,5,2024-11-01,4,1,1,349.0,150.0,0.0
4837,4345,6,2024-11-01,6,1,1,499.0,215.0,0.0
4838,4346,5,2024-11-01,7,1,1,349.0,150.0,0.0
4839,4347,4,2024-11-01,1,1,2,349.0,150.0,0.0
4840,4348,5,2024-11-01,3,1,1,349.0,150.0,0.0
4841,4349,5,2024-11-01,5,3,1,349.0,150.0,0.0
4842,4350,4,2024-11-01,1,2,1,314.1,150.0,34.9
4843,758,4,2024-11-01,6,1,1,349.0,150.0,0.0
4844,4351,4,2024-11-01,1,2,1,349.0,150.0,0.0
4845,4352,2,2024-11-01,1,3,1,299.0,129.0,0.0
4846,3094,6,2024-11-01,4,2,1,499.0,215.0,0.0
4847,4353,5,2024-11-01,2,3,1,349.0,150.0,0.0
4848,1069,4,2024-11-01,5,4,1,296.65,150.0,52.35
4849,4354,1,2024-11-01,4,3,1,299.0,129.0,0.0
4850,4355,3,2024-11-01,5,5,1,329.0,142.0,0.0
4851,4356,6,2024-11-01,3,1,1,499.0,215.0,0.0
4852,4357,6,2024-11-01,5,2,1,424.15,215.0,74.85
4853,4358,1,2024-11-01,3,1,1,299.0,129.0,0.0
4854,4359,2,2024-11-01,3,1,1,299.0,129.0,0.0
4855,4360,1,2024-11-01,4,1,1,269.1,129.0,29.9
4856,4361,5,2024-11-01,4,1,1,349.0,150.0,0.0
4857,2091,6,2024-11-01,5,1,1,499.0,215.0,0.0
4858,4362,5,2024-11-01,4,5,1,349.0,150.0,0.0
4859,4363,1,2024-11-01,7,3,2,299.0,129.0,0.0
4860,4364,4,2024-11-01,2,5,1,314.1,150.0,34.9
4861,4365,6,2024-11-01,1,1,1,499.0,215.0,0.0
4862,4366,6,2024-11-01,3,2,1,424.15,215.0,74.85
4863,4367,1,2024-11-01,2,1,1,299.0,129.0,0.0
4864,4368,6,2024-11-01,4,3,1,499.0,215.0,0.0
4865,4369,6,2024-11-01,7,4,1,499.0,215.0,0.0
4866,4370,2,2024-11-01,7,1,1,299.0,129.0,0.0
4867,4371,2,2024-11-01,1,2,1,254.15,129.0,44.85
4868,4372,4,2024-11-01,2,5,1,349.0,150.0,0.0
4869,4373,5,2024-11-01,4,1,1,349.0,150.0,0.0
4870,4374,2,2024-11-01,1,2,1,269.1,129.0,29.9
4871,4375,4,2024-11-01,1,3,1,314.1,150.0,34.9
4872,4376,6,2024-11-02,4,2,1,499.0,215.0,0.0
4873,4377,1,2024-11-02,3,3,1,299.0,129.0,0.0
4874,4378,5,2024-11-02,6,1,1,349.0,150.0,0.0
4875,4379,5,2024-11-02,4,2,2,349.0,150.0,0.0
4876,2069,5,2024-11-02,7,3,1,349.0,150.0,0.0
4877,4380,1,2024-11-02,4,1,1,299.0,129.0,0.0
4878,4381,4,2024-11-02,8,1,2,349.0,150.0,0.0
4879,4382,3,2024-11-02,8,2,1,329.0,142.0,0.0
4880,4383,2,2024-11-02,1,2,1,299.0,129.0,0.0
4881,4384,4,2024-11-02,6,3,1,349.0,150.0,0.0
4882,4385,2,2024-11-02,5,3,1,269.1,129.0,29.9
4883,4386,3,2024-11-02,1,1,1,329.0,142.0,0.0
4884,4387,4,2024-11-02,1,1,1,349.0,150.0,0.0
4885,3719,5,2024-11-02,1,1,1,349.0,150.0,0.0
4886,4388,2,2024-11-02,5,2,1,254.15,129.0,44.85
4887,56,6,2024-11-02,3,4,1,499.0,215.0,0.0
4888,4389,5,2024-11-02,3,2,1,349.0,150.0,0.0
4889,4390,4,2024-11-02,1,1,1,349.0,150.0,0.0
4890,4391,3,2024-11-02,2,5,1,329.0,142.0,0.0
4891,3267,5,2024-11-02,5,5,1,296.65,150.0,52.35
4892,2730,4,2024-11-02,6,4,1,296.65,150.0,52.35
4893,1520,2,2024-11-02,7,2,1,254.15,129.0,44.85
4894,4392,3,2024-11-02,6,2,1,329.0,142.0,0.0
4895,4393,1,2024-11-02,3,1,1,269.1,129.0,29.9
4896,4394,5,2024-11-02,1,2,1,349.0,150.0,0.0
4897,1519,4,2024-11-02,5,2,2,296.65,150.0,52.35
4898,4395,4,2024-11-02,3,2,1,296.65,150.0,52.35
4899,4396,4,2024-11-02,5,2,1,349.0,150.0,0.0
4900,4397,5,2024-11-02,7,2,1,314.1,150.0,34.9
4901,4398,1,2024-11-02,7,1,1,299.0,129.0,0.0
4902,4399,6,2024-11-03,5,5,1,499.0,215.0,0.0
4903,4400,6,2024-11-03,3,2,1,499.0,215.0,0.0
4904,4401,4,2024-11-03,1,3,1,349.0,150.0,0.0
4905,2412,4,2024-11-03,3,1,1,349.0,150.0,0.0
4906,4402,4,2024-11-03,2,1,1,349.0,150.0,0.0
4907,2516,6,2024-11-03,3,2,1,499.0,215.0,0.0
4908,4403,1,2024-11-03,2,5,2,254.15,129.0,44.85
4909,4404,4,2024-11-03,5,3,1,349.0,150.0,0.0
4910,4405,2,2024-11-03,6,3,1,299.0,129.0,0.0
4911,4406,2,2024-11-03,1,4,1,299.0,129.0,0.0
4912,4407,4,2024-11-03,3,1,1,349.0,150.0,0.0
4913,4408,1,2024-11-03,6,4,1,299.0,129.0,0.0
4914,4409,4,2024-11-03,3,1,1,296.65,150.0,52.35
4915,4410,3,2024-11-03,5,2,1,329.0,142.0,0.0
4916,4411,5,2024-11-03,3,3,1,349.0,150.0,0.0
4917,4412,4,2024-11-03,2,1,1,349.0,150.0,0.0
4918,4413,3,2024-11-03,1,1,1,296.1,142.0,32.9
4919,1818,5,2024-11-03,4,1,1,349.0,150.0,0.0
4920,4414,5,2024-11-03,2,5,1,349.0,150.0,0.0
4921,4415,5,2024-11-03,5,2,1,314.1,150.0,34.9
4922,4416,4,2024-11-03,1,1,1,349.0,150.0,0.0
4923,4417,1,2024-11-03,1,1,2,299.0,129.0,0.0
4924,4418,2,2024-11-03,3,2,1,299.0,129.0,0.0
4925,4419,5,2024-11-03,3,3,1,349.0,150.0,0.0
4926,2620,2,2024-11-03,3,2,1,299.0,129.0,0.0
4927,4420,5,2024-11-03,1,1,1,349.0,150.0,0.0
4928,4421,4,2024-11-03,3,2,1,349.0,150.0,0.0
4929,4422,5,2024-11-03,8,2,1,349.0,150.0,0.0
4930,4423,3,2024-11-03,7,5,1,329.0,142.0,0.0
4931,4424,4,2024-11-03,3,3,1,349.0,150.0,0.0
4932,4425,3,2024-11-03,1,1,1,329.0,142.0,0.0
4933,4426,4,2024-11-03,6,2,1,349.0,150.0,0.0
4934,4427,4,2024-11-03,1,3,1,314.1,150.0,34.9
4935,4428,2,2024-11-03,3,1,1,299.0,129.0,0.0
4936,4429,5,2024-11-04,2,2,1,349.0,150.0,0.0
4937,4430,2,2024-11-04,3,1,1,299.0,129.0,0.0
4938,4431,5,2024-11-04,5,2,1,349.0,150.0,0.0
4939,4432,1,2024-11-04,5,2,1,299.0,129.0,0.0
4940,4433,3,2024-11-04,2,1,1,329.0,142.0,0.0
4941,4434,2,2024-11-04,4,2,2,269.1,129.0,29.9
4942,4435,2,2024-11-04,7,1,2,254.15,129.0,44.85
4943,4436,4,2024-11-04,7,3,2,349.0,150.0,0.0
4944,4437,1,2024-11-04,1,5,2,299.0,129.0,0.0
4945,4438,5,2024-11-04,5,2,1,349.0,150.0,0.0
4946,4439,5,2024-11-04,1,3,1,349.0,150.0,0.0
4947,4440,4,2024-11-04,6,5,1,349.0,150.0,0.0
4948,4441,1,2024-11-04,3,3,1,269.1,129.0,29.9
4949,4442,4,2024-11-04,1,3,2,349.0,150.0,0.0
4950,4443,4,2024-11-04,4,2,1,349.0,150.0,0.0
4951,4444,4,2024-11-04,3,2,1,349.0,150.0,0.0
4952,4445,3,2024-11-04,2,4,1,296.1,142.0,32.9
4953,4446,5,2024-11-04,1,2,1,349.0,150.0,0.0
4954,4447,6,2024-11-04,4,1,1,499.0,215.0,0.0
4955,4448,5,2024-11-04,1,1,1,349.0,150.0,0.0
4956,4449,5,2024-11-04,6,1,1,296.65,150.0,52.35
4957,4450,5,2024-11-04,3,5,1,349.0,150.0,0.0
4958,4451,1,2024-11-04,7,2,1,299.0,129.0,0.0
4959,4452,3,2024-11-04,7,1,1,329.0,142.0,0.0
4960,4453,4,2024-11-04,5,1,1,349.0,150.0,0.0
4961,2107,2,2024-11-04,1,1,1,299.0,129.0,0.0
4962,3797,4,2024-11-04,7,4,1,349.0,150.0,0.0
4963,4454,2,2024-11-04,3,1,1,269.1,129.0,29.9
4964,4455,3,2024-11-04,5,3,1,279.65,142.0,49.35
4965,4456,4,2024-11-04,3,1,1,314.1,150.0,34.9
4966,4457,2,2024-11-04,1,3,2,254.15,129.0,44.85
4967,4458,1,2024-11-04,1,5,1,299.0,129.0,0.0
4968,4459,4,2024-11-04,2,5,1,314.1,150.0,34.9
4969,4460,6,2024-11-04,1,1,1,499.0,215.0,0.0
4970,4461,4,2024-11-04,5,1,1,314.1,150.0,34.9
4971,981,4,2024-11-05,5,1,1,314.1,150.0,34.9
4972,4462,2,2024-11-05,2,4,2,254.15,129.0,44.85
4973,4463,5,2024-11-05,3,3,2,349.0,150.0,0.0
4974,4464,2,2024-11-05,,1,1,254.15,129.0,44.85
4975,4245,4,2024-11-05,7,3,2,349.0,150.0,0.0
4976,4465,5,2024-11-05,1,1,2,296.65,150.0,52.35
4977,4466,3,2024-11-05,9,1,1,329.0,142.0,0.0
4978,3889,6,2024-11-05,2,2,1,499.0,215.0,0.0
4979,2475,5,2024-11-05,6,3,2,314.1,150.0,34.9
4980,4467,1,2024-11-05,3,1,1,299.0,129.0,0.0
4981,4468,1,2024-11-05,1,1,1,299.0,129.0,0.0
4982,4469,3,2024-11-05,6,5,1,329.0,142.0,0.0
4983,4470,3,2024-11-05,2,1,1,329.0,142.0,0.0
4984,4471,4,2024-11-05,7,2,1,349.0,150.0,0.0
4985,4472,5,2024-11-05,2,3,1,349.0,150.0,0.0
4986,4473,3,2024-11-05,3,3,1,296.1,142.0,32.9
4987,4474,3,2024-11-05,5,3,2,329.0,142.0,0.0
4988,4475,2,2024-11-05,8,4,1,299.0,129.0,0.0
4989,4476,4,2024-11-05,2,1,1,349.0,150.0,0.0
4990,4477,4,2024-11-05,3,1,1,349.0,150.0,0.0
4991,4478,5,2024-11-05,5,1,1,349.0,150.0,0.0
4992,4479,1,2024-11-05,,2,1,269.1,129.0,29.9
4993,4480,1,2024-11-05,5,2,1,299.0,129.0,0.0
4994,4481,1,2024-11-05,1,1,1,254.15,129.0,44.85
4995,4482,5,2024-11-05,1,3,1,349.0,150.0,0.0
4996,4483,5,2024-11-05,1,2,1,349.0,150.0,0.0
4997,2447,4,2024-11-05,5,3,1,314.1,150.0,34.9
4998,4484,1,2024-11-05,5,2,1,299.0,129.0,0.0
4999,4485,6,2024-11-05,5,2,1,499.0,215.0,0.0
5000,4486,4,2024-11-05,1,5,1,349.0,150.0,0.0
5001,4487,5,2024-11-05,2,2,1,349.0,150.0,0.0
5002,4488,1,2024-11-05,8,1,1,299.0,129.0,0.0
5003,4489,3,2024-11-05,5,1,1,329.0,142.0,0.0
5004,4490,5,2024-11-05,4,3,1,296.65,150.0,52.35
5005,1200,4,2024-11-06,2,1,1,349.0,150.0,0.0
5006,4491,5,2024-11-06,3,2,1,349.0,150.0,0.0
5007,4492,3,2024-11-06,5,3,1,329.0,142.0,0.0
5008,4493,4,2024-11-06,1,4,1,349.0,150.0,0.0
5009,4494,4,2024-11-06,2,2,2,349.0,150.0,0.0
5010,4495,5,2024-11-06,2,2,1,349.0,150.0,0.0
5011,2188,3,2024-11-06,3,2,1,329.0,142.0,0.0
5012,4496,6,2024-11-06,2,3,1,449.1,215.0,49.9
5013,4497,6,2024-11-06,1,2,1,449.1,215.0,49.9
5014,4498,6,2024-11-06,7,4,1,499.0,215.0,0.0
5015,4499,1,2024-11-06,5,1,1,299.0,129.0,0.0
5016,4500,3,2024-11-06,3,3,2,329.0,142.0,0.0
5017,4501,4,2024-11-06,4,1,1,314.1,150.0,34.9
5018,4502,1,2024-11-06,5,4,1,269.1,129.0,29.9
5019,4503,4,2024-11-06,5,2,1,314.1,150.0,34.9
5020,4504,6,2024-11-06,3,3,1,499.0,215.0,0.0
5021,4505,2,2024-11-06,8,1,1,299.0,129.0,0.0
5022,4506,4,2024-11-06,7,5,1,349.0,150.0,0.0
5023,4507,4,2024-11-06,3,3,1,349.0,150.0,0.0
5024,4508,1,2024-11-06,,1,1,299.0,129.0,0.0
5025,709,4,2024-11-06,3,3,1,314.1,150.0,34.9
5026,4509,5,2024-11-06,1,4,1,349.0,150.0,0.0
5027,4510,3,2024-11-06,4,4,1,329.0,142.0,0.0
5028,4511,2,2024-11-06,7,3,1,299.0,129.0,0.0
5029,4512,1,2024-11-06,1,2,1,299.0,129.0,0.0
5030,4513,4,2024-11-06,2,5,1,349.0,150.0,0.0
5031,4514,4,2024-11-06,3,2,1,349.0,150.0,0.0
5032,4515,3,2024-11-06,3,1,1,329.0,142.0,0.0
5033,4516,2,2024-11-06,2,1,1,299.0,129.0,0.0
5034,4517,3,2024-11-06,2,1,1,279.65,142.0,49.35
5035,4518,5,2024-11-06,7,3,1,349.0,150.0,0.0
5036,4519,4,2024-11-06,2,5,1,349.0,150.0,0.0
5037,4520,1,2024-11-06,2,4,1,254.15,129.0,44.85
5038,3864,6,2024-11-06,1,3,1,499.0,215.0,0.0
5039,4521,1,2024-11-06,1,1,1,299.0,129.0,0.0
5040,4522,4,2024-11-06,5,3,1,349.0,150.0,0.0
5041,4523,4,2024-11-06,,2,1,349.0,150.0,0.0
5042,4524,2,2024-11-07,1,5,1,254.15,129.0,44.85
5043,4525,3,2024-11-07,6,2,1,329.0,142.0,0.0
5044,4526,2,2024-11-07,2,2,1,269.1,129.0,29.9
5045,4527,4,2024-11-07,1,1,1,349.0,150.0,0.0
5046,4528,4,2024-11-07,4,1,1,349.0,150.0,0.0
5047,4529,3,2024-11-07,3,1,1,329.0,142.0,0.0
5048,4530,5,2024-11-07,4,2,1,349.0,150.0,0.0
5049,4531,1,2024-11-07,7,2,1,299.0,129.0,0.0
5050,4532,1,2024-11-07,3,1,1,269.1,129.0,29.9
5051,4533,5,2024-11-07,5,1,1,349.0,150.0,0.0
5052,4534,3,2024-11-07,1,1,1,329.0,142.0,0.0
5053,4535,2,2024-11-07,3,4,1,299.0,129.0,0.0
5054,4536,6,2024-11-07,5,2,1,499.0,215.0,0.0
5055,4537,1,2024-11-07,7,4,1,299.0,129.0,0.0
5056,4538,2,2024-11-07,5,3,1,299.0,129.0,0.0
5057,4539,5,2024-11-07,4,3,1,349.0,150.0,0.0
5058,2001,5,2024-11-07,8,4,1,349.0,150.0,0.0
5059,4540,6,2024-11-07,6,2,2,499.0,215.0,0.0
5060,4541,5,2024-11-07,4,2,1,314.1,150.0,34.9
5061,4542,5,2024-11-07,1,1,1,349.0,150.0,0.0
5062,4543,2,2024-11-07,3,2,2,299.0,129.0,0.0
5063,4544,2,2024-11-07,4,4,1,299.0,129.0,0.0
5064,4545,5,2024-11-07,5,2,1,349.0,150.0,0.0
5065,4546,4,2024-11-07,3,2,1,349.0,150.0,0.0
5066,4547,1,2024-11-07,2,3,1,299.0,129.0,0.0
5067,4548,4,2024-11-07,1,5,1,349.0,150.0,0.0
5068,4549,4,2024-11-07,5,2,1,314.1,150.0,34.9
5069,4550,4,2024-11-07,3,2,1,349.0,150.0,0.0
5070,4551,3,2024-11-07,3,2,1,296.1,142.0,32.9
5071,4552,3,2024-11-07,5,2,1,329.0,142.0,0.0
5072,4553,3,2024-11-07,3,2,2,329.0,142.0,0.0
5073,4554,3,2024-11-07,8,3,1,329.0,142.0,0.0
5074,4555,5,2024-11-07,7,2,1,349.0,150.0,0.0
5075,4556,6,2024-11-07,1,1,1,499.0,215.0,0.0
5076,398,4,2024-11-07,4,1,1,296.65,150.0,52.35
5077,4557,6,2024-11-07,6,3,1,499.0,215.0,0.0
5078,4558,4,2024-11-07,6,3,1,349.0,150.0,0.0
5079,4345,5,2024-11-07,8,2,1,349.0,150.0,0.0
5080,3821,1,2024-11-08,5,2,1,299.0,129.0,0.0
5081,4559,1,2024-11-08,2,1,1,269.1,129.0,29.9
5082,4560,5,2024-11-08,3,5,1,314.1,150.0,34.9
5083,4561,3,2024-11-08,5,3,1,296.1,142.0,32.9
5084,4562,5,2024-11-08,6,2,1,349.0,150.0,0.0
5085,4563,4,2024-11-08,1,4,1,349.0,150.0,0.0
5086,4564,4,2024-11-08,1,1,1,349.0,150.0,0.0
5087,4565,2,2024-11-08,5,2,1,299.0,129.0,0.0
5088,4566,4,2024-11-08,1,4,1,349.0,150.0,0.0
5089,4567,6,2024-11-08,1,5,1,499.0,215.0,0.0
5090,4568,5,2024-11-08,,1,1,314.1,150.0,34.9
5091,4569,2,2024-11-08,3,5,1,299.0,129.0,0.0
5092,4570,4,2024-11-08,2,3,1,296.65,150.0,52.35
5093,4571,1,2024-11-08,6,1,1,299.0,129.0,0.0
5094,1960,1,2024-11-08,4,1,1,299.0,129.0,0.0
5095,4572,1,2024-11-08,3,3,1,254.15,129.0,44.85
5096,4573,2,2024-11-08,5,1,1,299.0,129.0,0.0
5097,4574,4,2024-11-08,7,1,1,349.0,150.0,0.0
5098,4575,5,2024-11-08,1,2,1,314.1,150.0,34.9
5099,4576,5,2024-11-08,4,2,1,349.0,150.0,0.0
5100,4577,2,2024-11-08,,3,1,254.15,129.0,44.85
5101,4578,3,2024-11-08,3,2,1,329.0,142.0,0.0
5102,4579,1,2024-11-08,1,1,1,299.0,129.0,0.0
5103,4580,5,2024-11-08,4,1,1,314.1,150.0,34.9
5104,4581,2,2024-11-08,2,2,1,254.15,129.0,44.85
5105,4582,3,2024-11-08,6,5,1,329.0,142.0,0.0
5106,4583,3,2024-11-08,3,3,1,329.0,142.0,0.0
5107,4584,5,2024-11-08,8,1,2,349.0,150.0,0.0
5108,4585,5,2024-11-08,4,5,2,349.0,150.0,0.0
5109,4586,5,2024-11-08,4,4,1,349.0,150.0,0.0
5110,3637,4,2024-11-08,3,5,1,314.1,150.0,34.9
5111,4587,3,2024-11-09,1,3,2,329.0,142.0,0.0
5112,4588,5,2024-11-09,,1,2,349.0,150.0,0.0
5113,4589,4,2024-11-09,8,1,1,349.0,150.0,0.0
5114,4590,5,2024-11-09,5,1,1,296.65,150.0,52.35
5115,4591,2,2024-11-09,1,2,1,299.0,129.0,0.0
5116,4592,6,2024-11-09,3,4,1,449.1,215.0,49.9
5117,4593,1,2024-11-09,2,5,1,299.0,129.0,0.0
5118,4594,5,2024-11-09,4,2,1,349.0,150.0,0.0
5119,4595,3,2024-11-09,6,1,1,329.0,142.0,0.0
5120,4596,6,2024-11-09,5,2,1,499.0,215.0,0.0
5121,4597,5,2024-11-09,1,5,1,349.0,150.0,0.0
5122,4598,2,2024-11-09,1,1,2,299.0,129.0,0.0
5123,404,5,2024-11-09,4,2,1,349.0,150.0,0.0
5124,4599,6,2024-11-09,1,3,1,499.0,215.0,0.0
5125,4600,2,2024-11-09,2,1,1,299.0,129.0,0.0
5126,4601,1,2024-11-09,1,1,1,299.0,129.0,0.0
5127,4602,2,2024-11-09,1,1,1,299.0,129.0,0.0
5128,4603,2,2024-11-09,3,4,1,299.0,129.0,0.0
5129,4604,3,2024-11-09,1,2,1,279.65,142.0,49.35
5130,4605,6,2024-11-09,1,2,1,499.0,215.0,0.0
5131,4606,5,2024-11-09,2,2,1,349.0,150.0,0.0
5132,4607,5,2024-11-09,3,5,1,349.0,150.0,0.0
5133,4608,4,2024-11-09,6,2,1,349.0,150.0,0.0
5134,4609,1,2024-11-09,5,1,1,299.0,129.0,0.0
5135,4610,2,2024-11-09,6,3,1,299.0,129.0,0.0
5136,4611,5,2024-11-09,2,2,1,349.0,150.0,0.0
5137,4612,1,2024-11-09,5,1,1,299.0,129.0,0.0
5138,4613,5,2024-11-09,5,2,1,296.65,150.0,52.35
5139,4614,6,2024-11-09,4,1,1,449.1,215.0,49.9
5140,4615,1,2024-11-09,5,2,1,254.15,129.0,44.85
5141,4616,5,2024-11-09,6,2,1,349.0,150.0,0.0
5142,4617,1,2024-11-09,3,2,1,299.0,129.0,0.0
5143,4618,1,2024-11-09,2,1,1,299.0,129.0,0.0
5144,4619,4,2024-11-09,1,4,1,349.0,150.0,0.0
5145,4620,1,2024-11-10,5,3,1,299.0,129.0,0.0
5146,4621,4,2024-11-10,2,1,1,349.0,150.0,0.0
5147,4622,5,2024-11-10,5,2,2,349.0,150.0,0.0
5148,4623,2,2024-11-10,5,2,1,299.0,129.0,0.0
5149,4624,1,2024-11-10,7,1,1,299.0,129.0,0.0
5150,4625,1,2024-11-10,2,1,1,254.15,129.0,44.85
5151,4626,5,2024-11-10,1,1,1,349.0,150.0,0.0
5152,4627,1,2024-11-10,7,1,1,299.0,129.0,0.0
5153,4628,1,2024-11-10,4,3,1,299.0,129.0,0.0
5154,4629,4,2024-11-10,5,4,1,349.0,150.0,0.0
5155,4630,4,2024-11-10,6,3,1,349.0,150.0,0.0
5156,4631,2,2024-11-10,7,4,1,299.0,129.0,0.0
5157,4632,3,2024-11-10,5,1,1,279.65,142.0,49.35
5158,4633,1,2024-11-10,1,2,1,299.0,129.0,0.0
5159,4634,4,2024-11-10,2,1,1,349.0,150.0,0.0
5160,601,5,2024-11-10,3,4,1,314.1,150.0,34.9
5161,4635,4,2024-11-10,1,1,1,349.0,150.0,0.0
5162,4636,6,2024-11-10,5,2,1,424.15,215.0,74.85
5163,4637,4,2024-11-10,4,2,1,314.1,150.0,34.9
5164,4638,2,2024-11-10,3,2,1,299.0,129.0,0.0
5165,4639,5,2024-11-10,5,2,1,349.0,150.0,0.0
5166,4640,6,2024-11-10,5,1,2,499.0,215.0,0.0
5167,4641,2,2024-11-10,2,4,1,299.0,129.0,0.0
5168,2436,4,2024-11-10,3,5,1,314.1,150.0,34.9
5169,186,3,2024-11-10,1,1,1,296.1,142.0,32.9
5170,4642,4,2024-11-10,2,2,1,314.1,150.0,34.9
5171,4643,5,2024-11-10,1,1,1,349.0,150.0,0.0
5172,4644,4,2024-11-10,2,2,2,349.0,150.0,0.0
5173,4645,2,2024-11-10,3,2,1,299.0,129.0,0.0
5174,4646,5,2024-11-10,3,1,1,349.0,150.0,0.0
5175,4647,3,2024-11-10,5,2,2,329.0,142.0,0.0
5176,4648,4,2024-11-10,3,1,1,349.0,150.0,0.0
5177,2729,4,2024-11-10,3,2,1,349.0,150.0,0.0
5178,4649,6,2024-11-10,2,1,2,499.0,215.0,0.0
5179,4650,1,2024-11-10,1,3,1,299.0,129.0,0.0
5180,4651,4,2024-11-10,4,2,1,349.0,150.0,0.0
5181,4652,5,2024-11-10,6,1,1,349.0,150.0,0.0
5182,4653,2,2024-11-11,5,3,1,299.0,129.0,0.0
5183,4654,4,2024-11-11,8,3,1,349.0,150.0,0.0
5184,4655,6,2024-11-11,3,1,1,499.0,215.0,0.0
5185,4656,5,2024-11-11,4,1,1,296.65,150.0,52.35
5186,4657,2,2024-11-11,5,1,1,299.0,129.0,0.0
5187,4658,1,2024-11-11,1,2,1,254.15,129.0,44.85
5188,4659,5,2024-11-11,6,5,1,314.1,150.0,34.9
5189,4660,3,2024-11-11,1,5,2,329.0,142.0,0.0
5190,4661,3,2024-11-11,2,2,1,329.0,142.0,0.0
5191,4662,3,2024-11-11,1,2,1,329.0,142.0,0.0
5192,4663,2,2024-11-11,5,4,1,299.0,129.0,0.0
5193,2986,2,2024-11-11,2,2,1,269.1,129.0,29.9
5194,4664,5,2024-11-11,8,2,1,349.0,150.0,0.0
5195,4665,5,2024-11-11,1,2,1,349.0,150.0,0.0
5196,4666,3,2024-11-11,2,5,1,296.1,142.0,32.9
5197,1657,4,2024-11-11,2,4,2,296.65,150.0,52.35
5198,4667,4,2024-11-11,3,2,1,296.65,150.0,52.35
5199,4668,4,2024-11-11,1,3,1,349.0,150.0,0.0
5200,4669,6,2024-11-11,1,2,1,499.0,215.0,0.0
5201,4670,6,2024-11-11,7,2,1,424.15,215.0,74.85
5202,4671,6,2024-11-11,5,3,2,424.15,215.0,74.85
5203,4672,4,2024-11-11,3,5,1,349.0,150.0,0.0
5204,4673,4,2024-11-11,1,4,1,314.1,150.0,34.9
5205,4674,5,2024-11-11,1,4,1,314.1,150.0,34.9
5206,4675,4,2024-11-11,2,2,1,349.0,150.0,0.0
5207,4676,2,2024-11-11,3,2,1,299.0,129.0,0.0
5208,4677,1,2024-11-11,3,1,1,299.0,129.0,0.0
5209,4678,5,2024-11-11,4,3,1,349.0,150.0,0.0
5210,4679,5,2024-11-11,3,1,1,349.0,150.0,0.0
5211,4680,6,2024-11-11,3,1,1,499.0,215.0,0.0
5212,4681,5,2024-11-11,1,2,1,314.1,150.0,34.9
5213,4682,5,2024-11-11,5,2,1,349.0,150.0,0.0
5214,4365,4,2024-11-11,2,4,1,349.0,150.0,0.0
5215,4683,1,2024-11-12,2,2,1,269.1,129.0,29.9
5216,4684,6,2024-11-12,8,2,1,499.0,215.0,0.0
5217,4685,4,2024-11-12,1,2,1,349.0,150.0,0.0
5218,4686,4,2024-11-12,7,1,1,314.1,150.0,34.9
5219,2767,6,2024-11-12,3,1,1,499.0,215.0,0.0
5220,4687,5,2024-11-12,4,2,1,349.0,150.0,0.0
5221,4688,1,2024-11-12,3,2,1,299.0,129.0,0.0
5222,4689,5,2024-11-12,4,2,1,349.0,150.0,0.0
5223,4690,4,2024-11-12,1,3,1,314.1,150.0,34.9
5224,4691,3,2024-11-12,8,2,1,329.0,142.0,0.0
5225,4692,1,2024-11-12,1,2,1,299.0,129.0,0.0
5226,4693,3,2024-11-12,2,5,1,279.65,142.0,49.35
5227,4694,4,2024-11-12,1,2,1,349.0,150.0,0.0
5228,4695,2,2024-11-12,2,1,1,299.0,129.0,0.0
5229,4696,1,2024-11-12,7,1,1,299.0,129.0,0.0
5230,4697,5,2024-11-12,7,1,2,296.65,150.0,52.35
5231,4698,5,2024-11-12,1,1,1,349.0,150.0,0.0
5232,4699,4,2024-11-12,5,1,1,349.0,150.0,0.0
5233,4700,5,2024-11-12,7,3,2,296.65,150.0,52.35
5234,4701,2,2024-11-12,5,2,2,299.0,129.0,0.0
5235,4134,5,2024-11-12,2,2,1,349.0,150.0,0.0
5236,4702,3,2024-11-12,3,1,1,296.1,142.0,32.9
5237,4703,6,2024-11-12,2,2,1,499.0,215.0,0.0
5238,4704,5,2024-11-12,7,2,1,314.1,150.0,34.9
5239,4705,5,2024-11-12,5,1,1,349.0,150.0,0.0
5240,4706,6,2024-11-12,1,2,1,499.0,215.0,0.0
5241,4707,5,2024-11-12,5,2,2,349.0,150.0,0.0
5242,4708,1,2024-11-12,3,2,1,299.0,129.0,0.0
5243,4709,1,2024-11-12,5,5,1,299.0,129.0,0.0
5244,4710,5,2024-11-12,1,1,1,349.0,150.0,0.0
5245,4711,4,2024-11-12,5,3,1,349.0,150.0,0.0
5246,4712,2,2024-11-12,7,3,1,254.15,129.0,44.85
5247,4713,1,2024-11-12,1,2,1,254.15,129.0,44.85
5248,4714,5,2024-11-12,1,5,1,296.65,150.0,52.35
5249,4715,3,2024-11-12,7,2,1,296.1,142.0,32.9
5250,4716,4,2024-11-13,1,5,1,349.0,150.0,0.0
5251,4717,4,2024-11-13,5,1,2,349.0,150.0,0.0
5252,4718,4,2024-11-13,8,2,1,314.1,150.0,34.9
5253,4719,3,2024-11-13,5,3,1,329.0,142.0,0.0
5254,4720,5,2024-11-13,6,1,1,349.0,150.0,0.0
5255,4721,2,2024-11-13,5,2,1,254.15,129.0,44.85
5256,4722,5,2024-11-13,5,1,1,349.0,150.0,0.0
5257,4723,4,2024-11-13,4,2,1,349.0,150.0,0.0
5258,4724,5,2024-11-13,4,1,1,314.1,150.0,34.9
5259,4725,4,2024-11-13,5,1,1,314.1,150.0,34.9
5260,4726,5,2024-11-13,1,1,1,296.65,150.0,52.35
5261,4727,4,2024-11-13,5,1,1,349.0,150.0,0.0
5262,90231,4,2024-11-13,1,2,2,314.1,150.0,34.9
5263,4729,4,2024-11-13,3,2,1,349.0,150.0,0.0
5264,4730,2,2024-11-13,4,4,1,299.0,129.0,0.0
5265,4731,5,2024-11-13,3,3,1,349.0,150.0,0.0
5266,636,3,2024-11-13,6,1,1,296.1,142.0,32.9
5267,4732,2,2024-11-13,2,1,1,299.0,129.0,0.0
5268,4733,5,2024-11-13,9,2,1,349.0,150.0,0.0
5269,4734,1,2024-11-13,3,1,1,299.0,129.0,0.0
5270,4735,4,2024-11-13,6,1,1,349.0,150.0,0.0
5271,4736,2,2024-11-13,1,1,1,299.0,129.0,0.0
5272,4737,2,2024-11-13,1,3,1,299.0,129.0,0.0
5273,4738,3,2024-11-13,3,4,1,329.0,142.0,0.0
5274,2661,6,2024-11-13,1,1,1,424.15,215.0,74.85
5275,4739,5,2024-11-13,8,2,1,349.0,150.0,0.0
5276,4740,1,2024-11-13,5,4,1,299.0,129.0,0.0
5277,4741,1,2024-11-13,,2,1,269.1,129.0,29.9
5278,4742,4,2024-11-13,6,3,1,314.1,150.0,34.9
5279,4743,5,2024-11-13,5,3,1,349.0,150.0,0.0
5280,4744,3,2024-11-13,8,2,2,279.65,142.0,49.35
5281,4745,5,2024-11-13,6,1,1,349.0,150.0,0.0
5282,4746,4,2024-11-13,3,1,1,296.65,150.0,52.35
5283,4747,6,2024-11-13,2,1,1,499.0,215.0,0.0
5284,4748,5,2024-11-13,1,4,1,349.0,150.0,0.0
5285,4413,5,2024-11-13,7,3,1,349.0,150.0,0.0
5286,4749,2,2024-11-13,1,2,1,269.1,129.0,29.9
5287,4750,1,2024-11-13,2,2,1,299.0,129.0,0.0
5288,4751,3,2024-11-13,3,2,1,329.0,142.0,0.0
5289,4752,5,2024-11-14,7,2,1,349.0,150.0,0.0
5290,4753,5,2024-11-14,1,1,1,349.0,150.0,0.0
5291,4754,5,2024-11-14,5,2,1,314.1,150.0,34.9
5292,4755,4,2024-11-14,1,2,1,349.0,150.0,0.0
5293,4756,1,2024-11-14,4,2,1,269.1,129.0,29.9
5294,4757,2,2024-11-14,3,3,1,299.0,129.0,0.0
5295,4758,5,2024-11-14,2,2,1,314.1,150.0,34.9
5296,4759,4,2024-11-14,4,2,2,349.0,150.0,0.0
5297,4760,6,2024-11-14,1,2,1,499.0,215.0,0.0
5298,4761,4,2024-11-14,5,1,1,296.65,150.0,52.35
5299,4762,1,2024-11-14,4,5,1,299.0,129.0,0.0
5300,4763,2,2024-11-14,1,2,1,299.0,129.0,0.0
5301,4764,1,2024-11-14,5,1,1,299.0,129.0,0.0
5302,4765,4,2024-11-14,3,4,1,349.0,150.0,0.0
5303,4766,5,2024-11-14,2,2,1,296.65,150.0,52.35
5304,4767,3,2024-11-14,3,4,1,329.0,142.0,0.0
5305,363,2,2024-11-14,8,2,1,299.0,129.0,0.0
5306,4768,4,2024-11-14,7,1,1,349.0,150.0,0.0
5307,4769,4,2024-11-14,2,1,1,349.0,150.0,0.0
5308,4770,5,2024-11-14,1,1,1,314.1,150.0,34.9
5309,4771,6,2024-11-14,4,2,1,499.0,215.0,0.0
5310,4772,4,2024-11-14,1,2,1,349.0,150.0,0.0
5311,4773,6,2024-11-14,1,3,1,449.1,215.0,49.9
5312,4774,5,2024-11-14,4,1,1,349.0,150.0,0.0
5313,4775,4,2024-11-14,5,4,1,349.0,150.0,0.0
5314,4776,1,2024-11-14,1,4,1,299.0,129.0,0.0
5315,4777,1,2024-11-14,2,4,1,299.0,129.0,0.0
5316,4778,3,2024-11-14,2,2,1,329.0,142.0,0.0
5317,4779,1,2024-11-14,4,2,2,299.0,129.0,0.0
5318,4780,4,2024-11-14,2,2,1,314.1,150.0,34.9
5319,4781,4,2024-11-14,1,1,1,349.0,150.0,0.0
5320,746,2,2024-11-14,3,3,1,299.0,129.0,0.0
5321,830,1,2024-11-14,1,1,1,299.0,129.0,0.0
5322,4782,3,2024-11-14,3,5,2,279.65,142.0,49.35
5323,864,2,2024-11-14,8,2,1,299.0,129.0,0.0
5324,4783,6,2024-11-14,3,2,1,499.0,215.0,0.0
5325,4784,2,2024-11-15,2,1,1,299.0,129.0,0.0
5326,4785,2,2024-11-15,1,1,1,299.0,129.0,0.0
5327,1748,2,2024-11-15,2,2,1,269.1,129.0,29.9
5328,557,5,2024-11-15,,1,1,314.1,150.0,34.9
5329,4786,1,2024-11-15,1,1,1,299.0,129.0,0.0
5330,4787,6,2024-11-15,6,4,1,499.0,215.0,0.0
5331,4788,1,2024-11-15,1,2,1,299.0,129.0,0.0
5332,4789,1,2024-11-15,3,2,1,299.0,129.0,0.0
5333,4790,5,2024-11-15,3,2,1,349.0,150.0,0.0
5334,4791,2,2024-11-15,2,1,1,299.0,129.0,0.0
5335,4792,4,2024-11-15,2,1,1,314.1,150.0,34.9
5336,4793,1,2024-11-15,3,1,1,299.0,129.0,0.0
5337,4794,4,2024-11-15,1,2,1,349.0,150.0,0.0
5338,4795,4,2024-11-15,8,4,1,349.0,150.0,0.0
5339,4796,5,2024-11-15,1,3,1,349.0,150.0,0.0
5340,4797,4,2024-11-15,5,2,1,296.65,150.0,52.35
5341,2952,2,2024-11-15,1,1,1,299.0,129.0,0.0
5342,4798,6,2024-11-15,3,3,1,449.1,215.0,49.9
5343,4799,5,2024-11-15,4,3,1,314.1,150.0,34.9
5344,4800,5,2024-11-15,4,4,1,349.0,150.0,0.0
5345,4801,5,2024-11-15,5,1,1,349.0,150.0,0.0
5346,1203,6,2024-11-15,1,3,1,499.0,215.0,0.0
5347,4802,4,2024-11-15,6,2,1,314.1,150.0,34.9
5348,4803,3,2024-11-15,1,3,2,329.0,142.0,0.0
5349,4804,2,2024-11-15,3,1,1,299.0,129.0,0.0
5350,4805,3,2024-11-15,1,3,1,329.0,142.0,0.0
5351,4806,5,2024-11-15,3,1,1,296.65,150.0,52.35
5352,4807,5,2024-11-15,1,1,1,349.0,150.0,0.0
5353,4808,5,2024-11-15,1,2,1,296.65,150.0,52.35
5354,4809,6,2024-11-15,8,2,1,499.0,215.0,0.0
5355,4810,5,2024-11-15,1,4,1,349.0,150.0,0.0
5356,4811,6,2024-11-15,3,5,1,499.0,215.0,0.0
5357,4812,6,2024-11-16,1,3,1,499.0,215.0,0.0
5358,4813,6,2024-11-16,4,5,1,499.0,215.0,0.0
5359,4814,1,2024-11-16,1,3,1,299.0,129.0,0.0
5360,4815,4,2024-11-16,4,1,1,349.0,150.0,0.0
5361,4816,4,2024-11-16,5,1,2,349.0,150.0,0.0
5362,4817,1,2024-11-16,2,2,1,299.0,129.0,0.0
5363,4818,1,2024-11-16,2,1,1,299.0,129.0,0.0
5364,4819,1,2024-11-16,2,2,1,254.15,129.0,44.85
5365,4820,5,2024-11-16,3,2,1,349.0,150.0,0.0
5366,4821,2,2024-11-16,1,2,1,299.0,129.0,0.0
5367,4822,4,2024-11-16,7,2,1,296.65,150.0,52.35
5368,4823,4,2024-11-16,8,3,1,349.0,150.0,0.0
5369,4824,2,2024-11-16,2,1,1,299.0,129.0,0.0
5370,4825,2,2024-11-16,3,1,2,299.0,129.0,0.0
5371,4826,5,2024-11-16,5,4,1,349.0,150.0,0.0
5372,4827,6,2024-11-16,7,1,1,499.0,215.0,0.0
5373,4828,2,2024-11-16,2,2,2,269.1,129.0,29.9
5374,4829,4,2024-11-16,4,1,1,349.0,150.0,0.0
5375,4830,4,2024-11-16,2,5,1,349.0,150.0,0.0
5376,4831,2,2024-11-16,4,4,2,299.0,129.0,0.0
5377,4832,5,2024-11-16,7,3,1,296.65,150.0,52.35
5378,49,3,2024-11-16,1,2,1,329.0,142.0,0.0
5379,4833,6,2024-11-16,1,3,1,499.0,215.0,0.0
5380,4834,4,2024-11-16,9,1,1,349.0,150.0,0.0
5381,4835,4,2024-11-16,7,1,1,349.0,150.0,0.0
5382,4836,4,2024-11-16,1,3,1,296.65,150.0,52.35
5383,4837,4,2024-11-16,6,5,1,349.0,150.0,0.0
5384,4838,2,2024-11-16,4,2,1,269.1,129.0,29.9
5385,4839,4,2024-11-16,9,5,1,349.0,150.0,0.0
5386,4840,2,2024-11-16,5,5,1,299.0,129.0,0.0
5387,2800,3,2024-11-16,2,2,2,329.0,142.0,0.0
5388,4841,1,2024-11-16,3,1,1,269.1,129.0,29.9
5389,4842,5,2024-11-16,,3,1,349.0,150.0,0.0
5390,4843,4,2024-11-16,2,1,1,296.65,150.0,52.35
5391,4844,3,2024-11-17,5,2,1,329.0,142.0,0.0
5392,4845,1,2024-11-17,4,2,1,254.15,129.0,44.85
5393,4846,1,2024-11-17,1,3,1,299.0,129.0,0.0
5394,4847,4,2024-11-17,3,2,1,349.0,150.0,0.0
5395,4848,6,2024-11-17,2,2,1,499.0,215.0,0.0
5396,4849,5,2024-11-17,7,2,1,349.0,150.0,0.0
5397,4850,1,2024-11-17,8,4,1,299.0,129.0,0.0
5398,4851,5,2024-11-17,2,1,1,349.0,150.0,0.0
5399,2685,1,2024-11-17,,1,1,299.0,129.0,0.0
5400,4852,5,2024-11-17,1,1,1,349.0,150.0,0.0
5401,261,2,2024-11-17,3,3,1,299.0,129.0,0.0
5402,4853,2,2024-11-17,2,2,1,299.0,129.0,0.0
5403,2864,1,2024-11-17,7,4,1,254.15,129.0,44.85
5404,4854,5,2024-11-17,7,1,1,349.0,150.0,0.0
5405,4855,2,2024-11-17,4,5,1,299.0,129.0,0.0
5406,4856,4,2024-11-17,3,5,1,349.0,150.0,0.0
5407,1982,3,2024-11-17,4,1,1,329.0,142.0,0.0
5408,4857,1,2024-11-17,7,1,2,299.0,129.0,0.0
5409,2720,2,2024-11-17,2,1,1,299.0,129.0,0.0
5410,4858,4,2024-11-17,8,1,1,349.0,150.0,0.0
5411,4859,1,2024-11-17,1,2,1,299.0,129.0,0.0
5412,4860,4,2024-11-17,7,2,1,349.0,150.0,0.0
5413,4861,1,2024-11-17,1,1,1,299.0,129.0,0.0
5414,4862,2,2024-11-17,3,1,1,299.0,129.0,0.0
5415,4863,2,2024-11-17,3,4,1,269.1,129.0,29.9
5416,4864,4,2024-11-17,1,2,1,349.0,150.0,0.0
5417,4865,4,2024-11-17,6,2,1,349.0,150.0,0.0
5418,4866,5,2024-11-17,1,2,1,349.0,150.0,0.0
5419,4867,5,2024-11-17,2,5,1,349.0,150.0,0.0
5420,851,5,2024-11-17,5,2,1,349.0,150.0,0.0
5421,4868,4,2024-11-17,1,3,1,314.1,150.0,34.9
5422,4869,2,2024-11-17,4,2,1,299.0,129.0,0.0
5423,4870,3,2024-11-17,2,3,1,329.0,142.0,0.0
5424,4871,4,2024-11-17,5,5,1,349.0,150.0,0.0
5425,4872,4,2024-11-18,1,2,1,349.0,150.0,0.0
5426,4873,1,2024-11-18,1,2,1,299.0,129.0,0.0
5427,4874,2,2024-11-18,7,5,1,299.0,129.0,0.0
5428,1271,3,2024-11-18,2,1,1,329.0,142.0,0.0
5429,4875,4,2024-11-18,2,2,1,349.0,150.0,0.0
5430,4876,4,2024-11-18,5,5,1,0.0,150.0,34.9
5431,3695,5,2024-11-18,8,4,1,314.1,150.0,34.9
5432,4877,3,2024-11-18,4,1,1,329.0,142.0,0.0
5433,4878,5,2024-11-18,1,3,1,349.0,150.0,0.0
5434,4879,6,2024-11-18,1,2,2,499.0,215.0,0.0
5435,4880,1,2024-11-18,3,2,1,254.15,129.0,44.85
5436,4881,1,2024-11-18,5,1,1,299.0,129.0,0.0
5437,4882,2,2024-11-18,2,5,1,299.0,129.0,0.0
5438,4883,1,2024-11-18,3,1,2,299.0,129.0,0.0
5439,4884,2,2024-11-18,3,5,1,299.0,129.0,0.0
5440,4885,5,2024-11-18,7,3,1,349.0,150.0,0.0
5441,4886,4,2024-11-18,3,3,1,349.0,150.0,0.0
5442,4887,6,2024-11-18,2,1,1,499.0,215.0,0.0
5443,4888,4,2024-11-18,6,2,1,349.0,150.0,0.0
5444,4889,1,2024-11-18,1,3,1,269.1,129.0,29.9
5445,4890,2,2024-11-18,7,2,1,299.0,129.0,0.0
5446,4891,3,2024-11-18,2,1,1,329.0,142.0,0.0
5447,90042,5,2024-11-18,7,1,1,296.65,150.0,52.35
5448,4893,1,2024-11-18,1,1,1,299.0,129.0,0.0
5449,4894,4,2024-11-18,1,2,1,349.0,150.0,0.0
5450,4895,6,2024-11-18,1,3,1,499.0,215.0,0.0
5451,4896,4,2024-11-18,4,3,1,296.65,150.0,52.35
5452,4897,5,2024-11-18,3,4,1,349.0,150.0,0.0
5453,4898,4,2024-11-18,1,5,2,314.1,150.0,34.9
5454,4899,1,2024-11-18,5,1,1,269.1,129.0,29.9
5455,4900,4,2024-11-18,2,2,1,349.0,150.0,0.0
5456,4901,5,2024-11-18,6,1,1,349.0,150.0,0.0
5457,4902,2,2024-11-18,2,2,1,254.15,129.0,44.85
5458,4903,2,2024-11-18,3,1,1,299.0,129.0,0.0
5459,4904,5,2024-11-19,5,1,1,349.0,150.0,0.0
5460,4905,4,2024-11-19,6,1,1,296.65,150.0,52.35
5461,4906,1,2024-11-19,2,1,1,299.0,129.0,0.0
5462,4907,1,2024-11-19,,5,1,269.1,129.0,29.9
5463,4908,4,2024-11-19,1,4,1,314.1,150.0,34.9
5464,4909,5,2024-11-19,5,1,1,349.0,150.0,0.0
5465,4910,5,2024-11-19,3,2,1,349.0,150.0,0.0
5466,4911,6,2024-11-19,1,5,1,499.0,215.0,0.0
5467,4626,5,2024-11-19,2,5,2,314.1,150.0,34.9
5468,4912,2,2024-11-19,1,2,1,269.1,129.0,29.9
5469,4913,5,2024-11-19,5,4,1,296.65,150.0,52.35
5470,4914,3,2024-11-19,3,3,1,296.1,142.0,32.9
5471,4915,4,2024-11-19,1,2,1,349.0,150.0,0.0
5472,4916,4,2024-11-19,1,5,1,349.0,150.0,0.0
5473,4917,5,2024-11-19,1,3,1,314.1,150.0,34.9
5474,3529,4,2024-11-19,5,4,1,349.0,150.0,0.0
5475,4918,3,2024-11-19,9,1,1,329.0,142.0,0.0
5476,4919,6,2024-11-19,2,3,1,499.0,215.0,0.0
5477,4920,4,2024-11-19,5,2,1,349.0,150.0,0.0
5478,1020,4,2024-11-19,9,1,1,349.0,150.0,0.0
5479,4921,5,2024-11-19,5,1,1,296.65,150.0,52.35
5480,4922,5,2024-11-19,8,2,1,349.0,150.0,0.0
5481,4923,2,2024-11-19,1,2,1,299.0,129.0,0.0
5482,4924,4,2024-11-19,8,2,2,314.1,150.0,34.9
5483,4925,6,2024-11-19,7,3,1,449.1,215.0,49.9
5484,4926,6,2024-11-19,1,3,1,449.1,215.0,49.9
5485,4927,4,2024-11-19,3,1,1,349.0,150.0,0.0
5486,4928,4,2024-11-19,3,2,1,349.0,150.0,0.0
5487,4929,4,2024-11-19,5,5,1,349.0,150.0,0.0
5488,4930,2,2024-11-19,5,3,1,299.0,129.0,0.0
5489,4931,4,2024-11-19,7,4,1,349.0,150.0,0.0
5490,4932,1,2024-11-19,2,2,1,254.15,129.0,44.85
5491,4933,1,2024-11-19,1,3,1,269.1,129.0,29.9
5492,4934,5,2024-11-20,2,2,1,349.0,150.0,0.0
5493,4935,6,2024-11-20,3,1,1,499.0,215.0,0.0
5494,4936,5,2024-11-20,3,2,1,349.0,150.0,0.0
5495,4937,2,2024-11-20,1,1,1,269.1,129.0,29.9
5496,4938,2,2024-11-20,8,4,1,299.0,129.0,0.0
5497,4939,6,2024-11-20,2,2,1,499.0,215.0,0.0
5498,4940,6,2024-11-20,2,1,1,449.1,215.0,49.9
5499,4941,6,2024-11-20,6,3,1,499.0,215.0,0.0
5500,4942,1,2024-11-20,2,1,1,254.15,129.0,44.85
5501,4943,5,2024-11-20,1,2,1,296.65,150.0,52.35
5502,4944,6,2024-11-20,3,5,1,499.0,215.0,0.0
5503,4945,2,2024-11-20,4,3,1,299.0,129.0,0.0
5504,4946,4,2024-11-20,5,2,1,314.1,150.0,34.9
5505,4947,4,2024-11-20,3,1,1,349.0,150.0,0.0
5506,4948,5,2024-11-20,5,1,1,349.0,150.0,0.0
5507,4949,4,2024-11-20,9,3,1,314.1,150.0,34.9
5508,4950,4,2024-11-20,9,3,2,349.0,150.0,0.0
5509,4951,1,2024-11-20,8,1,1,299.0,129.0,0.0
5510,4952,6,2024-11-20,4,2,1,499.0,215.0,0.0
5511,4953,1,2024-11-20,3,1,1,299.0,129.0,0.0
5512,4954,2,2024-11-20,1,5,1,299.0,129.0,0.0
5513,4955,4,2024-11-20,8,1,1,349.0,150.0,0.0
5514,4956,5,2024-11-20,5,5,1,349.0,150.0,0.0
5515,4957,6,2024-11-20,1,2,1,499.0,215.0,0.0
5516,4958,3,2024-11-20,1,2,1,329.0,142.0,0.0
5517,4959,2,2024-11-20,1,1,1,299.0,129.0,0.0
5518,4960,2,2024-11-20,5,1,1,299.0,129.0,0.0
5519,4961,1,2024-11-20,2,3,1,299.0,129.0,0.0
5520,4445,6,2024-11-20,1,2,1,424.15,215.0,74.85
5521,1335,4,2024-11-20,2,5,1,349.0,150.0,0.0
5522,4962,5,2024-11-20,5,1,1,314.1,150.0,34.9
5523,4963,2,2024-11-20,4,1,1,299.0,129.0,0.0
5524,4964,4,2024-11-20,5,4,1,349.0,150.0,0.0
5525,4965,3,2024-11-20,7,1,1,329.0,142.0,0.0
5526,4966,1,2024-11-21,4,2,2,299.0,129.0,0.0
5527,4967,3,2024-11-21,5,1,1,329.0,142.0,0.0
5528,4968,1,2024-11-21,5,1,1,299.0,129.0,0.0
5529,4969,3,2024-11-21,5,2,1,329.0,142.0,0.0
5530,4970,4,2024-11-21,5,1,1,349.0,150.0,0.0
5531,1817,5,2024-11-21,3,5,1,349.0,150.0,0.0
5532,4971,4,2024-11-21,6,1,1,349.0,150.0,0.0
5533,4972,4,2024-11-21,2,2,1,314.1,150.0,34.9
5534,4973,5,2024-11-21,8,4,1,349.0,150.0,0.0
5535,4974,4,2024-11-21,1,2,1,349.0,150.0,0.0
5536,4975,3,2024-11-21,1,3,1,329.0,142.0,0.0
5537,4976,1,2024-11-21,1,3,1,254.15,129.0,44.85
5538,4977,6,2024-11-21,1,2,1,499.0,215.0,0.0
5539,4978,2,2024-11-21,3,2,1,299.0,129.0,0.0
5540,4979,2,2024-11-21,1,2,1,299.0,129.0,0.0
5541,4980,5,2024-11-21,3,2,1,314.1,150.0,34.9
5542,4981,5,2024-11-21,7,3,1,349.0,150.0,0.0
5543,4982,4,2024-11-21,1,2,1,314.1,150.0,34.9
5544,4983,2,2024-11-21,1,2,1,299.0,129.0,0.0
5545,4984,5,2024-11-21,3,1,1,349.0,150.0,0.0
5546,4985,4,2024-11-21,3,2,1,349.0,150.0,0.0
5547,4986,4,2024-11-21,7,5,1,314.1,150.0,34.9
5548,4987,1,2024-11-21,,4,1,299.0,129.0,0.0
5549,4988,5,2024-11-21,9,2,1,349.0,150.0,0.0
5550,72,4,2024-11-21,3,2,1,349.0,150.0,0.0
5551,4989,4,2024-11-21,1,2,1,349.0,150.0,0.0
5552,4990,5,2024-11-21,1,2,1,349.0,150.0,0.0
5553,4991,5,2024-11-21,4,5,1,349.0,150.0,0.0
5554,4992,4,2024-11-22,1,2,1,349.0,150.0,0.0
5555,4993,6,2024-11-22,5,3,1,499.0,215.0,0.0
5556,4994,2,2024-11-22,5,1,1,299.0,129.0,0.0
5557,4995,4,2024-11-22,3,2,1,349.0,150.0,0.0
5558,4996,6,2024-11-22,3,3,1,499.0,215.0,0.0
5559,4997,1,2024-11-22,2,3,1,299.0,129.0,0.0
5560,4998,5,2024-11-22,3,1,1,349.0,150.0,0.0
5561,4999,2,2024-11-22,8,1,1,299.0,129.0,0.0
5562,5000,3,2024-11-22,1,1,1,329.0,142.0,0.0
5563,4829,5,2024-11-22,2,2,2,349.0,150.0,0.0
5564,5001,5,2024-11-22,1,2,1,349.0,150.0,0.0
5565,5002,2,2024-11-22,5,1,1,299.0,129.0,0.0
5566,5003,4,2024-11-22,4,1,1,296.65,150.0,52.35
5567,5004,5,2024-11-22,4,5,1,349.0,150.0,0.0
5568,5005,4,2024-11-22,3,5,1,349.0,150.0,0.0
5569,5006,1,2024-11-22,5,2,1,299.0,129.0,0.0
5570,5007,5,2024-11-22,3,2,1,349.0,150.0,0.0
5571,5008,5,2024-11-22,1,1,1,314.1,150.0,34.9
5572,5009,4,2024-11-22,3,2,1,349.0,150.0,0.0
5573,5010,5,2024-11-22,1,1,1,349.0,150.0,0.0
5574,5011,6,2024-11-22,3,1,1,424.15,215.0,74.85
5575,5012,5,2024-11-22,3,2,1,349.0,150.0,0.0
5576,1128,5,2024-11-22,2,1,1,349.0,150.0,0.0
5577,5013,4,2024-11-22,1,3,1,296.65,150.0,52.35
5578,5014,2,2024-11-22,1,5,1,254.15,129.0,44.85
5579,5015,4,2024-11-22,3,2,1,314.1,150.0,34.9
5580,5016,5,2024-11-22,2,1,1,314.1,150.0,34.9
5581,5017,4,2024-11-22,9,3,1,314.1,150.0,34.9
5582,5018,2,2024-11-22,2,3,1,299.0,129.0,0.0
5583,5019,4,2024-11-22,1,1,1,349.0,150.0,0.0
5584,5020,4,2024-11-22,1,1,1,314.1,150.0,34.9
5585,5021,6,2024-11-22,1,4,1,449.1,215.0,49.9
5586,5022,2,2024-11-22,4,1,1,269.1,129.0,29.9
5587,5023,4,2024-11-22,5,3,1,314.1,150.0,34.9
5588,5024,5,2024-11-22,5,5,1,349.0,150.0,0.0
5589,5025,5,2024-11-22,2,3,1,349.0,150.0,0.0
5590,5026,5,2024-11-23,1,2,1,349.0,150.0,0.0
5591,4865,2,2024-11-23,1,1,1,299.0,129.0,0.0
5592,5027,4,2024-11-23,6,1,1,349.0,150.0,0.0
5593,5028,4,2024-11-23,2,1,1,349.0,150.0,0.0
5594,219,3,2024-11-23,3,1,1,329.0,142.0,0.0
5595,5029,3,2024-11-23,3,2,1,329.0,142.0,0.0
5596,5030,1,2024-11-23,1,3,1,299.0,129.0,0.0
5597,5031,3,2024-11-23,3,2,1,329.0,142.0,0.0
5598,5032,4,2024-11-23,9,1,1,349.0,150.0,0.0
5599,5033,2,2024-11-23,6,2,1,299.0,129.0,0.0
5600,5034,4,2024-11-23,3,3,1,314.1,150.0,34.9
5601,5035,5,2024-11-23,1,3,1,314.1,150.0,34.9
5602,5036,5,2024-11-23,1,1,1,314.1,150.0,34.9
5603,90441,6,2024-11-23,1,4,1,424.15,215.0,74.85
5604,5038,2,2024-11-23,3,4,1,269.1,129.0,29.9
5605,5039,4,2024-11-23,5,1,1,314.1,150.0,34.9
5606,255,1,2024-11-23,8,1,1,299.0,129.0,0.0
5607,5040,5,2024-11-23,1,1,1,349.0,150.0,0.0
5608,5041,2,2024-11-23,5,5,1,299.0,129.0,0.0
5609,5042,5,2024-11-23,1,2,2,314.1,150.0,34.9
5610,5043,4,2024-11-23,5,1,1,349.0,150.0,0.0
5611,5044,1,2024-11-23,3,5,1,299.0,129.0,0.0
5612,5045,4,2024-11-23,4,2,1,349.0,150.0,0.0
5613,5046,4,2024-11-23,2,1,1,349.0,150.0,0.0
5614,5047,2,2024-11-23,1,1,1,299.0,129.0,0.0
5615,5048,1,2024-11-23,5,2,1,254.15,129.0,44.85
5616,5049,5,2024-11-23,7,3,1,296.65,150.0,52.35
5617,5050,6,2024-11-23,2,5,1,499.0,215.0,0.0
5618,1292,6,2024-11-23,7,2,1,499.0,215.0,0.0
5619,5051,1,2024-11-23,8,1,1,299.0,129.0,0.0
5620,5052,2,2024-11-23,5,1,1,299.0,129.0,0.0
5621,5053,1,2024-11-23,3,4,1,254.15,129.0,44.85
5622,5054,1,2024-11-23,7,1,1,254.15,129.0,44.85
5623,5055,6,2024-11-23,2,1,1,499.0,215.0,0.0
5624,5056,2,2024-11-24,1,2,1,299.0,129.0,0.0
5625,5057,2,2024-11-24,3,3,1,299.0,129.0,0.0
5626,5058,5,2024-11-24,7,1,1,349.0,150.0,0.0
5627,5059,4,2024-11-24,3,4,1,349.0,150.0,0.0
5628,5060,4,2024-11-24,1,2,1,314.1,150.0,34.9
5629,5061,2,2024-11-24,6,2,1,299.0,129.0,0.0
5630,5062,4,2024-11-24,2,1,1,349.0,150.0,0.0
5631,5063,5,2024-11-24,3,2,1,349.0,150.0,0.0
5632,5064,3,2024-11-24,6,1,1,329.0,142.0,0.0
5633,5065,6,2024-11-24,4,1,1,449.1,215.0,49.9
5634,5066,1,2024-11-24,3,2,2,254.15,129.0,44.85
5635,5067,4,2024-11-24,6,2,1,296.65,150.0,52.35
5636,5068,3,2024-11-24,5,1,2,329.0,142.0,0.0
5637,5069,4,2024-11-24,3,1,1,349.0,150.0,0.0
5638,5070,5,2024-11-24,1,1,1,349.0,150.0,0.0
5639,5071,5,2024-11-24,7,2,1,349.0,150.0,0.0
5640,5072,5,2024-11-24,5,5,1,349.0,150.0,0.0
5641,5073,2,2024-11-24,3,1,1,299.0,129.0,0.0
5642,5074,5,2024-11-24,3,1,2,349.0,150.0,0.0
5643,5075,6,2024-11-24,1,1,1,449.1,215.0,49.9
5644,5076,4,2024-11-24,1,1,1,349.0,150.0,0.0
5645,5077,6,2024-11-24,6,2,1,499.0,215.0,0.0
5646,5078,1,2024-11-24,4,1,1,299.0,129.0,0.0
5647,5079,2,2024-11-24,7,3,1,299.0,129.0,0.0
5648,5080,6,2024-11-24,2,2,1,499.0,215.0,0.0
5649,5081,2,2024-11-24,6,2,1,269.1,129.0,29.9
5650,5082,4,2024-11-24,2,1,1,349.0,150.0,0.0
5651,5083,3,2024-11-24,8,3,1,329.0,142.0,0.0
5652,5084,2,2024-11-24,1,1,1,269.1,129.0,29.9
5653,5085,6,2024-11-24,2,1,1,424.15,215.0,74.85
5654,5086,2,2024-11-24,2,1,1,254.15,129.0,44.85
5655,5087,6,2024-11-24,5,1,1,499.0,215.0,0.0
5656,5088,4,2024-11-24,3,1,1,296.65,150.0,52.35
5657,5089,1,2024-11-24,3,5,1,254.15,129.0,44.85
5658,5090,3,2024-11-24,7,2,1,329.0,142.0,0.0
5659,5091,4,2024-11-24,5,4,1,349.0,150.0,0.0
5660,5092,3,2024-11-24,2,3,1,279.65,142.0,49.35
5661,115,5,2024-11-25,5,1,1,349.0,150.0,0.0
5662,5093,5,2024-11-25,5,1,1,349.0,150.0,0.0
5663,5094,4,2024-11-25,5,1,1,349.0,150.0,0.0
5664,5095,5,2024-11-25,4,1,1,349.0,150.0,0.0
5665,5096,3,2024-11-25,2,1,1,329.0,142.0,0.0
5666,5097,2,2024-11-25,3,1,1,299.0,129.0,0.0
5667,2586,1,2024-11-25,1,5,1,299.0,129.0,0.0
5668,5098,4,2024-11-25,5,2,1,349.0,150.0,0.0
5669,5099,1,2024-11-25,1,2,1,299.0,129.0,0.0
5670,5100,4,2024-11-25,3,5,1,314.1,150.0,34.9
5671,5101,1,2024-11-25,2,1,1,254.15,129.0,44.85
5672,5102,4,2024-11-25,2,1,1,349.0,150.0,0.0
5673,5103,4,2024-11-25,5,1,1,349.0,150.0,0.0
5674,5104,3,2024-11-25,4,2,1,329.0,142.0,0.0
5675,5105,5,2024-11-25,2,2,1,314.1,150.0,34.9
5676,5106,4,2024-11-25,2,4,1,349.0,150.0,0.0
5677,5107,3,2024-11-25,2,2,1,329.0,142.0,0.0
5678,5108,4,2024-11-25,2,4,1,349.0,150.0,0.0
5679,5109,5,2024-11-25,4,5,1,349.0,150.0,0.0
5680,5110,5,2024-11-25,7,1,1,314.1,150.0,34.9
5681,5111,6,2024-11-25,5,2,2,449.1,215.0,49.9
5682,5112,4,2024-11-25,4,1,1,349.0,150.0,0.0
5683,5113,1,2024-11-25,2,5,1,299.0,129.0,0.0
5684,5114,4,2024-11-25,1,1,1,349.0,150.0,0.0
5685,5115,5,2024-11-25,2,2,1,349.0,150.0,0.0
5686,5116,2,2024-11-25,5,1,1,299.0,129.0,0.0
5687,5117,6,2024-11-25,5,1,1,499.0,215.0,0.0
5688,5118,5,2024-11-25,9,4,1,349.0,150.0,0.0
5689,4012,2,2024-11-25,1,3,1,299.0,129.0,0.0
5690,5119,2,2024-11-25,1,1,1,269.1,129.0,29.9
5691,5120,2,2024-11-25,7,2,1,269.1,129.0,29.9
5692,5121,5,2024-11-25,2,2,1,349.0,150.0,0.0
5693,5122,5,2024-11-25,4,1,1,314.1,150.0,34.9
5694,5123,1,2024-11-25,1,1,1,299.0,129.0,0.0
5695,5124,1,2024-11-25,8,3,1,299.0,129.0,0.0
5696,5125,6,2024-11-26,3,2,2,499.0,215.0,0.0
5697,5126,1,2024-11-26,4,3,1,269.1,129.0,29.9
5698,5127,5,2024-11-26,1,1,1,349.0,150.0,0.0
5699,5128,5,2024-11-26,1,1,1,349.0,150.0,0.0
5700,5129,1,2024-11-26,1,1,1,299.0,129.0,0.0
5701,5130,1,2024-11-26,1,2,1,299.0,129.0,0.0
5702,5131,6,2024-11-26,3,1,1,499.0,215.0,0.0
5703,5132,3,2024-11-26,1,1,1,296.1,142.0,32.9
5704,5133,4,2024-11-26,1,1,1,314.1,150.0,34.9
5705,5134,5,2024-11-26,3,4,1,349.0,150.0,0.0
5706,5135,2,2024-11-26,5,4,1,299.0,129.0,0.0
5707,5136,4,2024-11-26,8,3,1,296.65,150.0,52.35
5708,5137,5,2024-11-26,1,3,1,349.0,150.0,0.0
5709,5138,5,2024-11-26,1,2,1,349.0,150.0,0.0
5710,5139,5,2024-11-26,7,1,1,349.0,150.0,0.0
5711,5140,5,2024-11-26,7,1,1,349.0,150.0,0.0
5712,5141,6,2024-11-26,1,2,1,499.0,215.0,0.0
5713,1085,2,2024-11-26,2,4,1,269.1,129.0,29.9
5714,5142,4,2024-11-26,2,4,1,349.0,150.0,0.0
5715,5143,4,2024-11-26,5,1,1,314.1,150.0,34.9
5716,5144,3,2024-11-26,8,2,1,329.0,142.0,0.0
5717,5145,1,2024-11-26,5,3,1,269.1,129.0,29.9
5718,5146,3,2024-11-26,8,5,1,296.1,142.0,32.9
5719,5147,6,2024-11-26,2,3,1,499.0,215.0,0.0
5720,5148,1,2024-11-26,1,2,1,299.0,129.0,0.0
5721,3986,2,2024-11-26,8,2,1,269.1,129.0,29.9
5722,5149,4,2024-11-26,5,1,1,349.0,150.0,0.0
5723,5150,4,2024-11-26,4,2,1,349.0,150.0,0.0
5724,5151,1,2024-11-26,7,1,1,299.0,129.0,0.0
5725,5152,1,2024-11-26,1,1,1,299.0,129.0,0.0
5726,5153,1,2024-11-26,3,2,1,299.0,129.0,0.0
5727,5154,2,2024-11-26,3,2,1,299.0,129.0,0.0
5728,5155,5,2024-11-26,5,4,1,349.0,150.0,0.0
5729,5156,4,2024-11-26,2,2,1,314.1,150.0,34.9
5730,5157,5,2024-11-26,2,1,1,349.0,150.0,0.0
5731,5158,3,2024-11-27,5,4,1,329.0,142.0,0.0
5732,5159,6,2024-11-27,7,2,1,424.15,215.0,74.85
5733,5160,2,2024-11-27,3,5,1,299.0,129.0,0.0
5734,5161,4,2024-11-27,3,2,1,349.0,150.0,0.0
5735,5162,1,2024-11-27,1,1,1,299.0,129.0,0.0
5736,5163,2,2024-11-27,3,3,1,299.0,129.0,0.0
5737,5164,4,2024-11-27,1,2,1,296.65,150.0,52.35
5738,5165,4,2024-11-27,1,2,1,349.0,150.0,0.0
5739,5166,3,2024-11-27,2,1,1,329.0,142.0,0.0
5740,5167,3,2024-11-27,1,3,1,329.0,142.0,0.0
5741,5168,2,2024-11-27,3,3,1,299.0,129.0,0.0
5742,5169,5,2024-11-27,1,2,1,314.1,150.0,34.9
5743,1691,1,2024-11-27,6,4,1,254.15,129.0,44.85
5744,5170,1,2024-11-27,5,1,1,299.0,129.0,0.0
5745,5171,3,2024-11-27,2,2,1,329.0,142.0,0.0
5746,5172,2,2024-11-27,1,2,1,299.0,129.0,0.0
5747,5173,2,2024-11-27,6,1,1,269.1,129.0,29.9
5748,5174,4,2024-11-27,1,4,2,314.1,150.0,34.9
5749,5175,5,2024-11-27,9,4,1,349.0,150.0,0.0
5750,5176,3,2024-11-27,1,5,1,329.0,142.0,0.0
5751,5177,5,2024-11-27,4,1,1,296.65,150.0,52.35
5752,5178,4,2024-11-27,3,3,1,349.0,150.0,0.0
5753,5179,4,2024-11-27,1,4,1,349.0,150.0,0.0
5754,5180,6,2024-11-27,1,3,1,449.1,215.0,49.9
5755,5181,2,2024-11-27,1,2,1,269.1,129.0,29.9
5756,5182,5,2024-11-27,5,1,1,349.0,150.0,0.0
5757,5183,1,2024-11-27,2,5,1,299.0,129.0,0.0
5758,5184,3,2024-11-27,3,3,1,329.0,142.0,0.0
5759,4650,2,2024-11-27,1,1,1,269.1,129.0,29.9
5760,5185,4,2024-11-27,7,5,1,349.0,150.0,0.0
5761,5186,5,2024-11-27,1,2,1,349.0,150.0,0.0
5762,5187,4,2024-11-27,7,1,1,349.0,150.0,0.0
5763,5188,5,2024-11-27,2,3,1,349.0,150.0,0.0
5764,5189,4,2024-11-27,1,3,1,349.0,150.0,0.0
5765,5190,5,2024-11-27,2,2,1,349.0,150.0,0.0
5766,5191,4,2024-11-27,1,2,1,349.0,150.0,0.0
5767,5192,6,2024-11-27,5,1,1,449.1,215.0,49.9
5768,5193,3,2024-11-28,5,1,1,296.1,142.0,32.9
5769,5194,2,2024-11-28,3,1,1,299.0,129.0,0.0
5770,5195,2,2024-11-28,5,2,1,299.0,129.0,0.0
5771,5196,5,2024-11-28,1,1,1,349.0,150.0,0.0
5772,5197,1,2024-11-28,1,3,1,254.15,129.0,44.85
5773,5198,2,2024-11-28,8,3,1,299.0,129.0,0.0
5774,5199,2,2024-11-28,5,5,1,269.1,129.0,29.9
5775,5200,3,2024-11-28,6,1,1,329.0,142.0,0.0
5776,5201,5,2024-11-28,1,3,1,314.1,150.0,34.9
5777,5202,5,2024-11-28,7,1,1,314.1,150.0,34.9
5778,5203,2,2024-11-28,3,2,1,299.0,129.0,0.0
5779,5204,4,2024-11-28,1,1,1,296.65,150.0,52.35
5780,5205,6,2024-11-28,2,2,1,499.0,215.0,0.0
5781,5206,5,2024-11-28,3,1,1,349.0,150.0,0.0
5782,5207,5,2024-11-28,7,5,2,314.1,150.0,34.9
5783,5208,6,2024-11-28,4,1,1,499.0,215.0,0.0
5784,5209,5,2024-11-28,1,5,1,349.0,150.0,0.0
5785,2374,1,2024-11-28,1,3,1,299.0,129.0,0.0
5786,5210,1,2024-11-28,3,1,1,299.0,129.0,0.0
5787,5211,4,2024-11-28,5,1,1,349.0,150.0,0.0
5788,5212,6,2024-11-28,5,2,1,499.0,215.0,0.0
5789,5213,4,2024-11-28,5,1,1,349.0,150.0,0.0
5790,2083,6,2024-11-28,3,4,1,424.15,215.0,74.85
5791,5214,5,2024-11-28,3,4,1,349.0,150.0,0.0
5792,5215,4,2024-11-28,7,1,1,349.0,150.0,0.0
5793,5216,5,2024-11-28,1,5,1,349.0,150.0,0.0
5794,5217,5,2024-11-28,3,2,1,349.0,150.0,0.0
5795,5218,5,2024-11-28,3,2,1,349.0,150.0,0.0
5796,5219,5,2024-11-28,6,2,1,296.65,150.0,52.35
5797,5220,3,2024-11-28,5,3,1,329.0,142.0,0.0
5798,5221,1,2024-11-28,6,1,1,299.0,129.0,0.0
5799,5222,6,2024-11-28,5,4,1,449.1,215.0,49.9
5800,5223,1,2024-11-28,3,1,1,299.0,129.0,0.0
5801,5224,4,2024-11-28,5,3,1,349.0,150.0,0.0
5802,5225,5,2024-11-28,1,4,2,349.0,150.0,0.0
5803,5226,5,2024-11-28,7,2,1,349.0,150.0,0.0
5804,5227,2,2024-11-29,5,2,1,299.0,129.0,0.0
5805,5228,5,2024-11-29,7,1,1,314.1,150.0,34.9
5806,2556,4,2024-11-29,2,4,1,349.0,150.0,0.0
5807,5229,5,2024-11-29,3,2,1,349.0,150.0,0.0
5808,2667,5,2024-11-29,1,1,1,349.0,150.0,0.0
5809,5230,6,2024-11-29,2,4,1,499.0,215.0,0.0
5810,5231,5,2024-11-29,1,1,1,349.0,150.0,0.0
5811,5232,2,2024-11-29,9,1,2,299.0,129.0,0.0
5812,5233,2,2024-11-29,8,1,1,299.0,129.0,0.0
5813,5234,2,2024-11-29,1,1,2,254.15,129.0,44.85
5814,5235,6,2024-11-29,3,3,1,424.15,215.0,74.85
5815,5236,2,2024-11-29,1,1,1,299.0,129.0,0.0
5816,3980,4,2024-11-29,3,3,1,349.0,150.0,0.0
5817,5237,3,2024-11-29,1,3,1,329.0,142.0,0.0
5818,5238,4,2024-11-29,5,4,2,349.0,150.0,0.0
5819,5239,5,2024-11-29,2,5,1,296.65,150.0,52.35
5820,5240,2,2024-11-29,9,1,1,299.0,129.0,0.0
5821,5241,4,2024-11-29,5,3,1,349.0,150.0,0.0
5822,3725,2,2024-11-29,6,1,1,269.1,129.0,29.9
5823,5242,5,2024-11-29,1,1,1,314.1,150.0,34.9
5824,5243,5,2024-11-29,5,3,1,314.1,150.0,34.9
5825,5043,1,2024-11-29,1,1,1,299.0,129.0,0.0
5826,5244,6,2024-11-29,1,1,1,499.0,215.0,0.0
5827,5245,2,2024-11-29,4,2,1,299.0,129.0,0.0
5828,5246,5,2024-11-29,2,3,1,349.0,150.0,0.0
5829,5247,1,2024-11-29,3,5,1,299.0,129.0,0.0
5830,5248,2,2024-11-29,3,3,1,299.0,129.0,0.0
5831,5249,4,2024-11-29,1,5,1,349.0,150.0,0.0
5832,5250,4,2024-11-29,8,2,1,349.0,150.0,0.0
5833,5251,2,2024-11-29,2,4,1,299.0,129.0,0.0
5834,5252,1,2024-11-29,3,1,1,299.0,129.0,0.0
5835,5253,4,2024-11-29,2,3,1,349.0,150.0,0.0
5836,5254,4,2024-11-29,9,2,1,349.0,150.0,0.0
5837,5255,4,2024-11-29,5,1,1,349.0,150.0,0.0
5838,5256,5,2024-11-30,4,2,1,349.0,150.0,0.0
5839,1308,6,2024-11-30,1,1,1,499.0,215.0,0.0
5840,5257,5,2024-11-30,4,2,0,349.0,150.0,0.0
5841,5258,4,2024-11-30,5,3,1,296.65,150.0,52.35
5842,4310,5,2024-11-30,1,2,1,349.0,150.0,0.0
5843,5259,5,2024-11-30,4,3,1,349.0,150.0,0.0
5844,90035,4,2024-11-30,3,2,1,296.65,150.0,52.35
5845,5261,5,2024-11-30,3,1,1,349.0,150.0,0.0
5846,5262,4,2024-11-30,7,1,1,349.0,150.0,0.0
5847,5263,4,2024-11-30,3,1,1,349.0,150.0,0.0
5848,5264,1,2024-11-30,1,3,1,269.1,129.0,29.9
5849,5265,2,2024-11-30,1,2,1,254.15,129.0,44.85
5850,5266,4,2024-11-30,1,2,1,349.0,150.0,0.0
5851,5267,3,2024-11-30,3,3,1,329.0,142.0,0.0
5852,5268,3,2024-11-30,3,1,1,329.0,142.0,0.0
5853,5269,1,2024-11-30,1,4,1,299.0,129.0,0.0
5854,5270,4,2024-11-30,1,3,1,349.0,150.0,0.0
5855,5271,2,2024-11-30,3,3,1,299.0,129.0,0.0
5856,5272,5,2024-11-30,2,2,1,349.0,150.0,0.0
5857,5273,2,2024-11-30,3,2,1,254.15,129.0,44.85
5858,5274,5,2024-11-30,1,2,1,349.0,150.0,0.0
5859,5275,4,2024-11-30,5,1,1,349.0,150.0,0.0
5860,5276,5,2024-11-30,7,2,1,349.0,150.0,0.0
5861,5277,5,2024-11-30,1,2,1,349.0,150.0,0.0
5862,995,3,2024-11-30,1,5,1,279.65,142.0,49.35
5863,5278,5,2024-11-30,1,1,1,349.0,150.0,0.0
5864,3952,1,2024-11-30,5,3,1,254.15,129.0,44.85
5865,330,3,2024-11-30,2,3,2,329.0,142.0,0.0
5866,5279,5,2024-11-30,8,4,1,349.0,150.0,0.0
5867,5280,2,2024-11-30,8,1,1,299.0,129.0,0.0
5868,5281,4,2024-11-30,5,4,1,349.0,150.0,0.0
5869,5282,5,2024-11-30,1,1,1,296.65,150.0,52.35
5870,5283,4,2024-11-30,1,2,1,349.0,150.0,0.0
5871,5284,5,2024-11-30,4,5,1,349.0,150.0,0.0
5872,5285,4,2024-11-30,1,1,1,349.0,150.0,0.0
5873,5286,1,2024-11-30,4,2,1,299.0,129.0,0.0
5874,5287,3,2024-12-01,1,2,1,329.0,142.0,0.0
5875,5288,4,2024-12-01,2,4,1,349.0,150.0,0.0
5876,5289,6,2024-12-01,2,4,1,424.15,215.0,74.85
5877,5290,3,2024-12-01,1,1,1,329.0,142.0,0.0
5878,5291,5,2024-12-01,6,2,1,349.0,150.0,0.0
5879,1822,1,2024-12-01,2,1,1,299.0,129.0,0.0
5880,5292,4,2024-12-01,2,4,1,349.0,150.0,0.0
5881,5293,2,2024-12-01,3,3,1,299.0,129.0,0.0
5882,5294,4,2024-12-01,3,1,1,314.1,150.0,34.9
5883,5295,1,2024-12-01,1,2,1,254.15,129.0,44.85
5884,5296,5,2024-12-01,3,2,1,296.65,150.0,52.35
5885,5297,4,2024-12-01,3,2,2,349.0,150.0,0.0
5886,5298,1,2024-12-01,3,1,1,299.0,129.0,0.0
5887,5299,2,2024-12-01,5,3,1,299.0,129.0,0.0
5888,5300,1,2024-12-01,2,1,1,299.0,129.0,0.0
5889,5301,5,2024-12-01,6,1,1,349.0,150.0,0.0
5890,5302,4,2024-12-01,1,1,1,314.1,150.0,34.9
5891,5303,2,2024-12-01,8,1,1,299.0,129.0,0.0
5892,5304,3,2024-12-01,4,1,1,329.0,142.0,0.0
5893,5305,2,2024-12-01,1,2,1,299.0,129.0,0.0
5894,90340,5,2024-12-01,2,2,1,314.1,150.0,34.9
5895,3946,5,2024-12-01,6,2,1,349.0,150.0,0.0
5896,5307,4,2024-12-01,4,1,1,349.0,150.0,0.0
5897,5308,1,2024-12-01,8,2,1,299.0,129.0,0.0
5898,5309,2,2024-12-01,8,2,1,269.1,129.0,29.9
5899,5310,5,2024-12-01,2,2,1,296.65,150.0,52.35
5900,5311,6,2024-12-01,1,2,1,499.0,215.0,0.0
5901,5312,2,2024-12-01,2,2,1,269.1,129.0,29.9
5902,5313,6,2024-12-01,6,4,1,449.1,215.0,49.9
5903,5314,1,2024-12-01,1,4,1,254.15,129.0,44.85
5904,5315,1,2024-12-01,3,1,2,299.0,129.0,0.0
5905,5316,2,2024-12-01,2,1,1,299.0,129.0,0.0
5906,5317,5,2024-12-01,7,3,1,296.65,150.0,52.35
5907,2564,5,2024-12-01,7,5,1,349.0,150.0,0.0
5908,5109,4,2024-12-01,3,2,1,296.65,150.0,52.35
5909,5318,1,2024-12-01,1,2,1,299.0,129.0,0.0
5910,5319,5,2024-12-02,4,1,1,349.0,150.0,0.0
5911,5320,5,2024-12-02,1,1,1,296.65,150.0,52.35
5912,5321,3,2024-12-02,3,3,1,329.0,142.0,0.0
5913,5322,1,2024-12-02,1,1,1,299.0,129.0,0.0
5914,5323,5,2024-12-02,5,3,1,349.0,150.0,0.0
5915,5324,6,2024-12-02,7,3,1,449.1,215.0,49.9
5916,5325,4,2024-12-02,3,5,1,349.0,150.0,0.0
5917,5326,3,2024-12-02,1,1,1,329.0,142.0,0.0
5918,5327,2,2024-12-02,2,1,1,299.0,129.0,0.0
5919,5328,1,2024-12-02,1,1,1,299.0,129.0,0.0
5920,5329,5,2024-12-02,3,1,1,349.0,150.0,0.0
5921,5330,4,2024-12-02,5,2,1,349.0,150.0,0.0
5922,5331,2,2024-12-02,2,4,1,299.0,129.0,0.0
5923,5332,1,2024-12-02,5,3,1,299.0,129.0,0.0
5924,5333,5,2024-12-02,6,3,1,349.0,150.0,0.0
5925,2606,4,2024-12-02,3,3,1,349.0,150.0,0.0
5926,5334,4,2024-12-02,4,2,1,349.0,150.0,0.0
5927,5335,1,2024-12-02,1,2,2,299.0,129.0,0.0
5928,5336,1,2024-12-02,6,3,1,299.0,129.0,0.0
5929,5337,6,2024-12-02,4,2,1,449.1,215.0,49.9
5930,5338,2,2024-12-02,1,2,1,299.0,129.0,0.0
5931,5339,3,2024-12-02,6,1,1,329.0,142.0,0.0
5932,5340,1,2024-12-02,3,1,2,299.0,129.0,0.0
5933,5341,5,2024-12-02,7,1,1,349.0,150.0,0.0
5934,5342,5,2024-12-02,5,5,1,349.0,150.0,0.0
5935,5343,1,2024-12-02,5,2,1,299.0,129.0,0.0
5936,5344,4,2024-12-02,3,1,1,349.0,150.0,0.0
5937,5345,6,2024-12-02,4,3,1,499.0,215.0,0.0
5938,5346,4,2024-12-02,2,1,1,349.0,150.0,0.0
5939,5347,4,2024-12-02,1,1,1,349.0,150.0,0.0
5940,5348,3,2024-12-03,1,3,2,279.65,142.0,49.35
5941,5349,1,2024-12-03,1,1,1,299.0,129.0,0.0
5942,5350,5,2024-12-03,3,3,1,349.0,150.0,0.0
5943,5351,4,2024-12-03,7,2,1,349.0,150.0,0.0
5944,5352,1,2024-12-03,5,1,2,299.0,129.0,0.0
5945,5353,3,2024-12-03,1,1,1,329.0,142.0,0.0
5946,5354,5,2024-12-03,3,1,1,349.0,150.0,0.0
5947,5355,6,2024-12-03,1,1,1,499.0,215.0,0.0
5948,5356,5,2024-12-03,1,1,1,349.0,150.0,0.0
5949,5357,5,2024-12-03,5,3,1,349.0,150.0,0.0
5950,5358,5,2024-12-03,5,1,1,349.0,150.0,0.0
5951,5359,1,2024-12-03,3,1,1,254.15,129.0,44.85
5952,5360,5,2024-12-03,6,2,1,349.0,150.0,0.0
5953,5361,5,2024-12-03,5,1,1,349.0,150.0,0.0
5954,5362,5,2024-12-03,7,1,1,349.0,150.0,0.0
5955,5363,1,2024-12-03,7,5,1,254.15,129.0,44.85
5956,5364,4,2024-12-03,8,4,1,349.0,150.0,0.0
5957,5365,4,2024-12-03,8,1,1,349.0,150.0,0.0
5958,5366,4,2024-12-03,3,1,1,314.1,150.0,34.9
5959,5367,3,2024-12-03,2,5,1,329.0,142.0,0.0
5960,5368,3,2024-12-03,5,2,1,329.0,142.0,0.0
5961,5369,6,2024-12-03,9,4,1,499.0,215.0,0.0
5962,5370,1,2024-12-03,1,1,1,299.0,129.0,0.0
5963,5371,3,2024-12-03,3,2,1,329.0,142.0,0.0
5964,5372,2,2024-12-03,1,1,1,299.0,129.0,0.0
5965,5373,2,2024-12-03,8,1,1,299.0,129.0,0.0
5966,5374,6,2024-12-03,2,2,1,499.0,215.0,0.0
5967,5375,1,2024-12-03,3,1,1,299.0,129.0,0.0
5968,5376,5,2024-12-03,4,1,1,349.0,150.0,0.0
5969,5377,4,2024-12-03,6,3,1,349.0,150.0,0.0
5970,5378,3,2024-12-03,2,3,1,329.0,142.0,0.0
5971,5379,1,2024-12-03,1,4,1,299.0,129.0,0.0
5972,5380,5,2024-12-03,8,1,2,349.0,150.0,0.0
5973,5381,4,2024-12-03,1,5,1,314.1,150.0,34.9
5974,5382,3,2024-12-03,2,1,1,296.1,142.0,32.9
5975,3976,6,2024-12-04,4,2,1,499.0,215.0,0.0
5976,5383,5,2024-12-04,1,1,1,349.0,150.0,0.0
5977,5384,2,2024-12-04,4,4,1,299.0,129.0,0.0
5978,5385,4,2024-12-04,5,3,1,314.1,150.0,34.9
5979,5386,3,2024-12-04,3,3,1,329.0,142.0,0.0
5980,1060,4,2024-12-04,3,1,1,349.0,150.0,0.0
5981,5387,4,2024-12-04,3,2,1,314.1,150.0,34.9
5982,5175,6,2024-12-04,1,2,2,449.1,215.0,49.9
5983,5388,4,2024-12-04,3,5,1,349.0,150.0,0.0
5984,5389,2,2024-12-04,3,1,1,254.15,129.0,44.85
5985,2344,6,2024-12-04,1,4,1,499.0,215.0,0.0
5986,5390,3,2024-12-04,3,1,1,279.65,142.0,49.35
5987,5391,2,2024-12-04,8,3,1,299.0,129.0,0.0
5988,2921,6,2024-12-04,3,2,1,499.0,215.0,0.0
5989,5392,5,2024-12-04,,2,1,349.0,150.0,0.0
5990,5393,4,2024-12-04,2,1,2,314.1,150.0,34.9
5991,5394,6,2024-12-04,1,5,1,499.0,215.0,0.0
5992,5395,5,2024-12-04,5,2,1,296.65,150.0,52.35
5993,746,1,2024-12-04,,2,1,254.15,129.0,44.85
5994,5396,5,2024-12-04,5,3,1,349.0,150.0,0.0
5995,5397,1,2024-12-04,4,1,1,269.1,129.0,29.9
5996,5398,1,2024-12-04,4,5,1,269.1,129.0,29.9
5997,4714,4,2024-12-04,7,2,1,314.1,150.0,34.9
5998,5399,6,2024-12-04,2,1,1,499.0,215.0,0.0
5999,5400,2,2024-12-04,1,1,1,254.15,129.0,44.85
6000,5401,5,2024-12-04,,1,1,314.1,150.0,34.9
6001,5402,4,2024-12-04,3,1,1,314.1,150.0,34.9
6002,299,6,2024-12-04,2,1,1,499.0,215.0,0.0
6003,5403,4,2024-12-04,1,2,1,314.1,150.0,34.9
6004,1861,5,2024-12-04,4,2,1,349.0,150.0,0.0
6005,5404,1,2024-12-04,2,2,1,299.0,129.0,0.0
6006,5405,6,2024-12-04,2,5,1,499.0,215.0,0.0
6007,5406,2,2024-12-04,5,5,1,299.0,129.0,0.0
6008,5407,2,2024-12-04,5,1,1,299.0,129.0,0.0
6009,748,4,2024-12-04,3,2,1,349.0,150.0,0.0
6010,5408,3,2024-12-04,3,1,1,296.1,142.0,32.9
6011,5409,5,2024-12-05,4,2,1,349.0,150.0,0.0
6012,5410,2,2024-12-05,8,3,1,299.0,129.0,0.0
6013,5411,5,2024-12-05,6,1,1,314.1,150.0,34.9
6014,5412,4,2024-12-05,6,1,1,314.1,150.0,34.9
6015,5413,5,2024-12-05,1,1,1,349.0,150.0,0.0
6016,5414,3,2024-12-05,1,1,2,329.0,142.0,0.0
6017,5415,6,2024-12-05,1,5,1,499.0,215.0,0.0
6018,5416,4,2024-12-05,3,2,1,314.1,150.0,34.9
6019,5417,5,2024-12-05,6,4,1,314.1,150.0,34.9
6020,5418,5,2024-12-05,8,3,1,314.1,150.0,34.9
6021,5419,4,2024-12-05,3,2,1,296.65,150.0,52.35
6022,5420,6,2024-12-05,3,2,1,499.0,215.0,0.0
6023,5421,2,2024-12-05,3,2,1,254.15,129.0,44.85
6024,4459,1,2024-12-05,1,1,1,299.0,129.0,0.0
6025,5422,5,2024-12-05,2,2,1,349.0,150.0,0.0
6026,5423,6,2024-12-05,4,2,1,424.15,215.0,74.85
6027,5424,5,2024-12-05,7,2,1,349.0,150.0,0.0
6028,5425,2,2024-12-05,1,1,1,299.0,129.0,0.0
6029,5426,3,2024-12-05,8,3,1,329.0,142.0,0.0
6030,5427,2,2024-12-05,6,1,1,299.0,129.0,0.0
6031,1203,6,2024-12-05,3,3,1,499.0,215.0,0.0
6032,5428,5,2024-12-05,1,5,1,349.0,150.0,0.0
6033,5429,4,2024-12-05,8,2,1,349.0,150.0,0.0
6034,5430,6,2024-12-05,7,2,1,449.1,215.0,49.9
6035,5431,5,2024-12-05,9,2,2,296.65,150.0,52.35
6036,5432,2,2024-12-05,1,2,1,299.0,129.0,0.0
6037,5433,5,2024-12-05,5,2,1,314.1,150.0,34.9
6038,5434,3,2024-12-05,2,2,1,329.0,142.0,0.0
6039,1234,5,2024-12-05,3,1,1,349.0,150.0,0.0
6040,5435,4,2024-12-05,4,3,1,349.0,150.0,0.0
6041,5436,2,2024-12-05,2,1,1,299.0,129.0,0.0
6042,4077,4,2024-12-05,1,2,1,314.1,150.0,34.9
6043,2319,4,2024-12-05,4,3,1,349.0,150.0,0.0
6044,5437,4,2024-12-05,4,1,1,349.0,150.0,0.0
6045,5438,5,2024-12-06,1,5,1,314.1,150.0,34.9
6046,5439,4,2024-12-06,1,2,1,349.0,150.0,0.0
6047,5440,6,2024-12-06,4,1,1,499.0,215.0,0.0
6048,5441,4,2024-12-06,1,5,1,349.0,150.0,0.0
6049,5442,5,2024-12-06,1,5,1,349.0,150.0,0.0
6050,3020,5,2024-12-06,7,1,1,349.0,150.0,0.0
6051,5443,5,2024-12-06,2,1,1,314.1,150.0,34.9
6052,5444,5,2024-12-06,1,2,1,349.0,150.0,0.0
6053,5445,4,2024-12-06,2,2,1,349.0,150.0,0.0
6054,5446,2,2024-12-06,9,5,1,299.0,129.0,0.0
6055,5447,3,2024-12-06,1,4,1,329.0,142.0,0.0
6056,5448,1,2024-12-06,3,2,1,269.1,129.0,29.9
6057,5449,1,2024-12-06,5,3,1,269.1,129.0,29.9
6058,5450,2,2024-12-06,1,1,1,299.0,129.0,0.0
6059,5451,4,2024-12-06,1,4,1,314.1,150.0,34.9
6060,5452,3,2024-12-06,1,4,1,279.65,142.0,49.35
6061,5453,4,2024-12-06,1,1,1,349.0,150.0,0.0
6062,5454,5,2024-12-06,1,1,1,349.0,150.0,0.0
6063,5455,5,2024-12-06,3,2,1,349.0,150.0,0.0
6064,5456,5,2024-12-06,2,3,1,314.1,150.0,34.9
6065,5457,4,2024-12-06,5,1,1,349.0,150.0,0.0
6066,3134,4,2024-12-06,5,1,1,349.0,150.0,0.0
6067,5458,1,2024-12-06,4,1,1,299.0,129.0,0.0
6068,5459,2,2024-12-06,2,1,1,269.1,129.0,29.9
6069,5460,2,2024-12-06,3,2,1,299.0,129.0,0.0
6070,5461,4,2024-12-06,4,3,1,349.0,150.0,0.0
6071,5462,6,2024-12-06,3,2,1,499.0,215.0,0.0
6072,2029,1,2024-12-06,8,2,1,299.0,129.0,0.0
6073,3555,1,2024-12-06,2,2,1,269.1,129.0,29.9
6074,5463,1,2024-12-06,1,1,1,299.0,129.0,0.0
6075,5464,4,2024-12-06,4,2,1,349.0,150.0,0.0
6076,5465,5,2024-12-06,,1,1,349.0,150.0,0.0
6077,5466,5,2024-12-06,7,1,1,349.0,150.0,0.0
6078,5467,2,2024-12-06,7,2,1,269.1,129.0,29.9
6079,5468,4,2024-12-06,1,4,1,349.0,150.0,0.0
6080,5469,4,2024-12-06,4,2,1,349.0,150.0,0.0
6081,5470,6,2024-12-06,3,3,1,424.15,215.0,74.85
6082,5471,3,2024-12-06,8,5,1,296.1,142.0,32.9
6083,5472,5,2024-12-06,7,5,1,349.0,150.0,0.0
6084,5473,4,2024-12-07,8,1,1,296.65,150.0,52.35
6085,5474,4,2024-12-07,5,1,1,349.0,150.0,0.0
6086,5475,4,2024-12-07,5,1,1,349.0,150.0,0.0
6087,5476,5,2024-12-07,4,2,1,314.1,150.0,34.9
6088,5477,4,2024-12-07,8,4,1,349.0,150.0,0.0
6089,867,2,2024-12-07,2,1,1,269.1,129.0,29.9
6090,5478,1,2024-12-07,4,1,1,299.0,129.0,0.0
6091,5479,3,2024-12-07,5,3,1,296.1,142.0,32.9
6092,5480,2,2024-12-07,7,2,1,299.0,129.0,0.0
6093,5481,3,2024-12-07,2,1,1,279.65,142.0,49.35
6094,5482,1,2024-12-07,1,1,1,254.15,129.0,44.85
6095,5483,6,2024-12-07,1,5,1,424.15,215.0,74.85
6096,5484,3,2024-12-07,1,1,1,296.1,142.0,32.9
6097,5485,6,2024-12-07,3,3,1,499.0,215.0,0.0
6098,1562,2,2024-12-07,6,2,1,299.0,129.0,0.0
6099,5486,5,2024-12-07,5,1,1,349.0,150.0,0.0
6100,5487,5,2024-12-07,3,1,1,349.0,150.0,0.0
6101,5488,5,2024-12-07,6,1,1,349.0,150.0,0.0
6102,5489,4,2024-12-07,6,2,1,296.65,150.0,52.35
6103,5490,5,2024-12-07,7,2,1,349.0,150.0,0.0
6104,5491,4,2024-12-07,3,3,1,349.0,150.0,0.0
6105,5492,3,2024-12-07,1,2,1,329.0,142.0,0.0
6106,5493,4,2024-12-07,4,4,1,314.1,150.0,34.9
6107,5494,2,2024-12-07,4,1,1,299.0,129.0,0.0
6108,5495,5,2024-12-07,2,3,1,349.0,150.0,0.0
6109,5046,5,2024-12-07,3,1,1,349.0,150.0,0.0
6110,5496,2,2024-12-07,1,1,1,299.0,129.0,0.0
6111,5497,4,2024-12-07,2,3,1,349.0,150.0,0.0
6112,5498,4,2024-12-07,2,1,1,296.65,150.0,52.35
6113,5499,4,2024-12-07,5,3,1,349.0,150.0,0.0
6114,5500,4,2024-12-07,5,2,1,349.0,150.0,0.0
6115,2026,4,2024-12-07,7,2,1,349.0,150.0,0.0
6116,5501,5,2024-12-07,3,4,1,349.0,150.0,0.0
6117,5502,5,2024-12-07,4,2,1,349.0,150.0,0.0
6118,5503,1,2024-12-07,2,2,1,299.0,129.0,0.0
6119,5504,6,2024-12-07,5,2,1,499.0,215.0,0.0
6120,90415,5,2024-12-07,1,2,2,314.1,150.0,34.9
6121,5506,5,2024-12-08,1,2,1,349.0,150.0,0.0
6122,5507,2,2024-12-08,5,2,1,254.15,129.0,44.85
6123,3367,2,2024-12-08,2,3,1,299.0,129.0,0.0
6124,5508,6,2024-12-08,4,2,2,499.0,215.0,0.0
6125,1550,2,2024-12-08,2,1,1,299.0,129.0,0.0
6126,5509,4,2024-12-08,7,4,1,349.0,150.0,0.0
6127,5510,1,2024-12-08,3,3,1,299.0,129.0,0.0
6128,5511,3,2024-12-08,6,5,1,329.0,142.0,0.0
6129,5512,5,2024-12-08,3,5,2,349.0,150.0,0.0
6130,5513,2,2024-12-08,4,3,1,254.15,129.0,44.85
6131,5514,5,2024-12-08,3,3,1,349.0,150.0,0.0
6132,5515,3,2024-12-08,5,1,1,279.65,142.0,49.35
6133,5516,4,2024-12-08,1,2,1,349.0,150.0,0.0
6134,5517,3,2024-12-08,2,1,1,329.0,142.0,0.0
6135,419,4,2024-12-08,1,2,1,349.0,150.0,0.0
6136,5518,5,2024-12-08,8,4,1,349.0,150.0,0.0
6137,5519,5,2024-12-08,8,4,1,349.0,150.0,0.0
6138,5520,6,2024-12-08,1,1,1,499.0,215.0,0.0
6139,5521,3,2024-12-08,4,1,1,329.0,142.0,0.0
6140,2211,3,2024-12-08,2,1,1,329.0,142.0,0.0
6141,5522,4,2024-12-08,1,1,1,349.0,150.0,0.0
6142,5523,4,2024-12-08,1,1,1,349.0,150.0,0.0
6143,5524,5,2024-12-08,3,1,1,349.0,150.0,0.0
6144,5525,5,2024-12-08,4,2,2,349.0,150.0,0.0
6145,5526,2,2024-12-08,5,2,2,299.0,129.0,0.0
6146,5527,4,2024-12-08,2,4,1,349.0,150.0,0.0
6147,2686,1,2024-12-08,3,1,1,299.0,129.0,0.0
6148,5528,2,2024-12-08,2,1,1,299.0,129.0,0.0
6149,5529,5,2024-12-08,1,2,1,349.0,150.0,0.0
6150,5530,4,2024-12-08,5,2,1,314.1,150.0,34.9
6151,5531,4,2024-12-08,4,2,1,349.0,150.0,0.0
6152,5532,5,2024-12-08,6,1,1,349.0,150.0,0.0
6153,5533,4,2024-12-08,4,1,1,349.0,150.0,0.0
6154,5534,6,2024-12-08,9,2,1,499.0,215.0,0.0
6155,390,5,2024-12-08,2,2,1,314.1,150.0,34.9
6156,5535,3,2024-12-08,1,1,1,329.0,142.0,0.0
6157,5536,3,2024-12-08,6,5,1,296.1,142.0,32.9
6158,5537,5,2024-12-08,2,2,1,296.65,150.0,52.35
6159,5538,6,2024-12-09,1,5,1,424.15,215.0,74.85
6160,5407,2,2024-12-09,1,3,1,269.1,129.0,29.9
6161,5539,4,2024-12-09,1,2,2,349.0,150.0,0.0
6162,5540,1,2024-12-09,1,2,1,299.0,129.0,0.0
6163,5541,4,2024-12-09,4,1,1,296.65,150.0,52.35
6164,5542,4,2024-12-09,7,2,1,349.0,150.0,0.0
6165,5543,3,2024-12-09,1,1,1,329.0,142.0,0.0
6166,5544,4,2024-12-09,2,3,1,296.65,150.0,52.35
6167,3307,5,2024-12-09,5,2,1,349.0,150.0,0.0
6168,5545,5,2024-12-09,1,4,1,349.0,150.0,0.0
6169,5546,3,2024-12-09,2,3,1,329.0,142.0,0.0
6170,5547,5,2024-12-09,4,1,1,349.0,150.0,0.0
6171,1616,4,2024-12-09,2,1,1,349.0,150.0,0.0
6172,5548,6,2024-12-09,5,1,1,449.1,215.0,49.9
6173,5549,1,2024-12-09,3,2,1,254.15,129.0,44.85
6174,5252,4,2024-12-09,1,1,1,349.0,150.0,0.0
6175,5550,4,2024-12-09,2,5,1,296.65,150.0,52.35
6176,5551,1,2024-12-09,,1,1,299.0,129.0,0.0
6177,5552,5,2024-12-09,1,1,1,349.0,150.0,0.0
6178,225,2,2024-12-09,3,4,1,299.0,129.0,0.0
6179,5553,4,2024-12-09,1,4,1,349.0,150.0,0.0
6180,5554,5,2024-12-09,2,1,1,349.0,150.0,0.0
6181,5555,4,2024-12-09,8,4,1,349.0,150.0,0.0
6182,5556,4,2024-12-09,1,2,1,314.1,150.0,34.9
6183,5557,1,2024-12-09,3,4,1,299.0,129.0,0.0
6184,5558,5,2024-12-09,5,2,1,349.0,150.0,0.0
6185,5559,4,2024-12-09,1,1,1,349.0,150.0,0.0
6186,5560,4,2024-12-09,5,1,1,296.65,150.0,52.35
6187,2584,6,2024-12-09,2,4,1,499.0,215.0,0.0
6188,5561,4,2024-12-09,5,1,1,314.1,150.0,34.9
6189,5562,1,2024-12-09,1,4,1,299.0,129.0,0.0
6190,5563,1,2024-12-09,2,4,1,299.0,129.0,0.0
6191,5564,2,2024-12-09,3,5,1,299.0,129.0,0.0
6192,5565,2,2024-12-09,1,1,1,299.0,129.0,0.0
6193,5566,5,2024-12-09,2,4,1,349.0,150.0,0.0
6194,2376,2,2024-12-09,3,2,1,299.0,129.0,0.0
6195,5567,4,2024-12-09,3,1,1,349.0,150.0,0.0
6196,4808,1,2024-12-09,1,1,1,299.0,129.0,0.0
6197,753,4,2024-12-09,3,1,1,349.0,150.0,0.0
6198,5568,1,2024-12-09,5,4,1,299.0,129.0,0.0
6199,5569,4,2024-12-10,3,1,1,349.0,150.0,0.0
6200,5570,1,2024-12-10,1,2,1,299.0,129.0,0.0
6201,5571,5,2024-12-10,8,2,1,314.1,150.0,34.9
6202,5572,5,2024-12-10,5,1,1,349.0,150.0,0.0
6203,5573,4,2024-12-10,5,3,1,349.0,150.0,0.0
6204,5574,6,2024-12-10,3,1,1,499.0,215.0,0.0
6205,5575,4,2024-12-10,1,2,1,349.0,150.0,0.0
6206,5576,1,2024-12-10,1,3,1,299.0,129.0,0.0
6207,5577,5,2024-12-10,5,2,1,349.0,150.0,0.0
6208,5578,1,2024-12-10,5,5,1,299.0,129.0,0.0
6209,5579,3,2024-12-10,5,1,1,329.0,142.0,0.0
6210,5580,4,2024-12-10,2,1,1,349.0,150.0,0.0
6211,5581,6,2024-12-10,2,3,1,499.0,215.0,0.0
6212,2703,3,2024-12-10,7,1,1,329.0,142.0,0.0
6213,5582,5,2024-12-10,5,1,1,349.0,150.0,0.0
6214,5583,4,2024-12-10,1,3,1,349.0,150.0,0.0
6215,5584,1,2024-12-10,1,4,2,299.0,129.0,0.0
6216,5585,3,2024-12-10,3,3,1,329.0,142.0,0.0
6217,5586,5,2024-12-10,4,2,1,296.65,150.0,52.35
6218,5587,4,2024-12-10,3,2,1,314.1,150.0,34.9
6219,5588,1,2024-12-10,1,2,1,299.0,129.0,0.0
6220,5589,4,2024-12-10,5,1,1,296.65,150.0,52.35
6221,5590,5,2024-12-10,2,2,1,349.0,150.0,0.0
6222,5591,5,2024-12-10,5,1,1,349.0,150.0,0.0
6223,1742,5,2024-12-10,9,2,1,349.0,150.0,0.0
6224,5592,4,2024-12-10,5,3,1,349.0,150.0,0.0
6225,5593,1,2024-12-10,4,5,1,299.0,129.0,0.0
6226,5594,5,2024-12-10,2,1,1,296.65,150.0,52.35
6227,5595,5,2024-12-10,6,5,1,349.0,150.0,0.0
6228,5596,5,2024-12-10,1,1,1,349.0,150.0,0.0
6229,5597,4,2024-12-10,4,3,1,349.0,150.0,0.0
6230,3607,4,2024-12-10,3,3,1,314.1,150.0,34.9
6231,5598,6,2024-12-10,5,4,1,499.0,215.0,0.0
6232,5599,1,2024-12-10,7,3,1,299.0,129.0,0.0
6233,5600,1,2024-12-10,1,4,1,254.15,129.0,44.85
6234,90367,4,2024-12-11,3,4,1,349.0,150.0,0.0
6235,5602,1,2024-12-11,1,1,1,299.0,129.0,0.0
6236,5240,5,2024-12-11,2,4,1,349.0,150.0,0.0
6237,5603,5,2024-12-11,6,4,1,349.0,150.0,0.0
6238,5604,5,2024-12-11,3,3,1,349.0,150.0,0.0
6239,5605,4,2024-12-11,3,2,1,349.0,150.0,0.0
6240,5606,5,2024-12-11,2,1,1,296.65,150.0,52.35
6241,4345,4,2024-12-11,4,2,1,349.0,150.0,0.0
6242,5607,5,2024-12-11,5,1,1,296.65,150.0,52.35
6243,5608,3,2024-12-11,8,2,1,296.1,142.0,32.9
6244,5609,2,2024-12-11,7,3,2,269.1,129.0,29.9
6245,5610,5,2024-12-11,4,2,1,314.1,150.0,34.9
6246,5611,1,2024-12-11,5,4,1,299.0,129.0,0.0
6247,5612,5,2024-12-11,2,1,1,349.0,150.0,0.0
6248,5613,1,2024-12-11,1,2,1,299.0,129.0,0.0
6249,5614,6,2024-12-11,2,5,1,499.0,215.0,0.0
6250,5615,6,2024-12-11,4,1,1,424.15,215.0,74.85
6251,5616,4,2024-12-11,3,3,1,349.0,150.0,0.0
6252,5617,2,2024-12-11,1,1,1,299.0,129.0,0.0
6253,5618,5,2024-12-11,3,1,1,349.0,150.0,0.0
6254,5619,5,2024-12-11,3,2,1,349.0,150.0,0.0
6255,5620,2,2024-12-11,1,1,1,299.0,129.0,0.0
6256,5621,5,2024-12-11,2,2,1,349.0,150.0,0.0
6257,1643,1,2024-12-11,3,1,1,299.0,129.0,0.0
6258,5622,3,2024-12-11,1,1,1,329.0,142.0,0.0
6259,5623,5,2024-12-11,1,2,1,296.65,150.0,52.35
6260,5136,1,2024-12-11,6,2,1,299.0,129.0,0.0
6261,5624,2,2024-12-11,3,1,1,299.0,129.0,0.0
6262,5625,1,2024-12-11,4,2,1,299.0,129.0,0.0
6263,3130,3,2024-12-11,3,1,2,296.1,142.0,32.9
6264,5626,5,2024-12-11,5,2,1,349.0,150.0,0.0
6265,5627,3,2024-12-11,3,2,2,329.0,142.0,0.0
6266,5628,5,2024-12-11,1,1,1,349.0,150.0,0.0
6267,5629,3,2024-12-12,5,1,1,329.0,142.0,0.0
6268,5630,3,2024-12-12,1,5,1,296.1,142.0,32.9
6269,5631,2,2024-12-12,5,1,1,299.0,129.0,0.0
6270,5632,4,2024-12-12,2,2,1,349.0,150.0,0.0
6271,5633,5,2024-12-12,1,2,1,349.0,150.0,0.0
6272,5634,5,2024-12-12,5,2,1,296.65,150.0,52.35
6273,5635,3,2024-12-12,1,5,1,296.1,142.0,32.9
6274,5636,4,2024-12-12,1,3,1,314.1,150.0,34.9
6275,5637,1,2024-12-12,5,2,1,299.0,129.0,0.0
6276,5638,4,2024-12-12,1,5,1,314.1,150.0,34.9
6277,5639,1,2024-12-12,3,4,1,269.1,129.0,29.9
6278,5640,4,2024-12-12,4,1,1,296.65,150.0,52.35
6279,5641,2,2024-12-12,1,2,1,299.0,129.0,0.0
6280,5642,6,2024-12-12,3,2,1,499.0,215.0,0.0
6281,5643,1,2024-12-12,6,1,1,299.0,129.0,0.0
6282,5644,3,2024-12-12,8,2,1,329.0,142.0,0.0
6283,5645,5,2024-12-12,1,4,1,349.0,150.0,0.0
6284,5646,3,2024-12-12,1,5,1,329.0,142.0,0.0
6285,5647,6,2024-12-12,1,2,1,499.0,215.0,0.0
6286,5648,5,2024-12-12,3,1,1,349.0,150.0,0.0
6287,5649,5,2024-12-12,4,1,1,349.0,150.0,0.0
6288,5650,3,2024-12-12,5,5,1,279.65,142.0,49.35
6289,5651,5,2024-12-12,5,1,1,349.0,150.0,0.0
6290,5652,1,2024-12-12,3,5,1,254.15,129.0,44.85
6291,5653,1,2024-12-12,1,1,1,269.1,129.0,29.9
6292,5654,1,2024-12-12,1,1,1,269.1,129.0,29.9
6293,5655,6,2024-12-12,3,2,1,499.0,215.0,0.0
6294,5656,3,2024-12-12,3,3,1,329.0,142.0,0.0
6295,5657,1,2024-12-12,1,1,1,254.15,129.0,44.85
6296,5658,5,2024-12-12,5,1,1,349.0,150.0,0.0
6297,5659,3,2024-12-12,1,5,2,296.1,142.0,32.9
6298,5660,5,2024-12-12,3,2,1,349.0,150.0,0.0
6299,5661,5,2024-12-12,3,3,1,349.0,150.0,0.0
6300,5662,2,2024-12-12,1,4,1,299.0,129.0,0.0
6301,5663,5,2024-12-12,2,2,1,349.0,150.0,0.0
6302,996,6,2024-12-13,1,1,1,499.0,215.0,0.0
6303,5664,1,2024-12-13,,2,1,254.15,129.0,44.85
6304,5665,4,2024-12-13,6,2,1,349.0,150.0,0.0
6305,5666,2,2024-12-13,6,1,1,269.1,129.0,29.9
6306,5667,4,2024-12-13,4,2,1,349.0,150.0,0.0
6307,5668,3,2024-12-13,3,5,1,329.0,142.0,0.0
6308,5669,3,2024-12-13,1,2,1,329.0,142.0,0.0
6309,5670,4,2024-12-13,1,2,2,349.0,150.0,0.0
6310,5671,5,2024-12-13,1,2,1,349.0,150.0,0.0
6311,5672,6,2024-12-13,9,5,1,499.0,215.0,0.0
6312,5673,2,2024-12-13,4,4,1,299.0,129.0,0.0
6313,5674,1,2024-12-13,1,1,1,299.0,129.0,0.0
6314,2844,4,2024-12-13,7,1,1,314.1,150.0,34.9
6315,5675,2,2024-12-13,1,1,1,299.0,129.0,0.0
6316,5676,5,2024-12-13,2,5,1,296.65,150.0,52.35
6317,67,4,2024-12-13,5,1,1,349.0,150.0,0.0
6318,5677,1,2024-12-13,5,1,1,269.1,129.0,29.9
6319,5678,2,2024-12-13,5,2,1,269.1,129.0,29.9
6320,5679,1,2024-12-13,5,3,1,299.0,129.0,0.0
6321,5680,4,2024-12-13,3,2,1,349.0,150.0,0.0
6322,5681,6,2024-12-13,3,1,1,499.0,215.0,0.0
6323,5682,4,2024-12-13,3,1,1,314.1,150.0,34.9
6324,5683,1,2024-12-13,2,3,1,299.0,129.0,0.0
6325,5684,1,2024-12-13,7,2,1,299.0,129.0,0.0
6326,5685,1,2024-12-13,5,3,1,269.1,129.0,29.9
6327,5686,4,2024-12-13,3,5,1,349.0,150.0,0.0
6328,5687,3,2024-12-13,7,2,1,329.0,142.0,0.0
6329,5688,5,2024-12-13,1,1,2,349.0,150.0,0.0
6330,2898,6,2024-12-13,5,3,1,499.0,215.0,0.0
6331,5689,4,2024-12-13,3,1,1,349.0,150.0,0.0
6332,5690,4,2024-12-13,1,2,1,349.0,150.0,0.0
6333,5691,2,2024-12-13,6,2,1,299.0,129.0,0.0
6334,5692,4,2024-12-13,5,1,1,314.1,150.0,34.9
6335,5693,2,2024-12-13,7,3,1,299.0,129.0,0.0
6336,5694,2,2024-12-13,3,1,1,299.0,129.0,0.0
6337,2023,1,2024-12-13,1,1,1,299.0,129.0,0.0
6338,5695,2,2024-12-13,5,1,1,299.0,129.0,0.0
6339,5696,5,2024-12-13,1,2,2,296.65,150.0,52.35
6340,5697,1,2024-12-13,7,2,1,254.15,129.0,44.85
6341,5698,5,2024-12-14,3,2,1,314.1,150.0,34.9
6342,5699,5,2024-12-14,1,5,1,314.1,150.0,34.9
6343,2000,5,2024-12-14,4,4,1,349.0,150.0,0.0
6344,5700,4,2024-12-14,1,5,1,349.0,150.0,0.0
6345,5701,4,2024-12-14,6,1,1,349.0,150.0,0.0
6346,5702,1,2024-12-14,2,2,1,299.0,129.0,0.0
6347,5703,2,2024-12-14,5,5,1,299.0,129.0,0.0
6348,5704,1,2024-12-14,2,3,1,299.0,129.0,0.0
6349,5705,6,2024-12-14,2,2,1,499.0,215.0,0.0
6350,5706,4,2024-12-14,1,1,2,349.0,150.0,0.0
6351,5707,2,2024-12-14,1,1,1,254.15,129.0,44.85
6352,3779,4,2024-12-14,5,2,1,314.1,150.0,34.9
6353,5708,6,2024-12-14,7,4,1,499.0,215.0,0.0
6354,5709,2,2024-12-14,1,1,1,299.0,129.0,0.0
6355,5710,1,2024-12-14,4,3,1,299.0,129.0,0.0
6356,5711,5,2024-12-14,4,3,1,314.1,150.0,34.9
6357,221,5,2024-12-14,6,1,1,349.0,150.0,0.0
6358,5712,2,2024-12-14,3,3,1,254.15,129.0,44.85
6359,5713,4,2024-12-14,2,4,1,349.0,150.0,0.0
6360,5714,2,2024-12-14,1,2,2,299.0,129.0,0.0
6361,5715,4,2024-12-14,3,3,2,349.0,150.0,0.0
6362,5716,5,2024-12-14,6,1,1,349.0,150.0,0.0
6363,5102,5,2024-12-14,1,3,1,349.0,150.0,0.0
6364,5717,2,2024-12-14,4,5,2,299.0,129.0,0.0
6365,5718,1,2024-12-14,5,1,1,299.0,129.0,0.0
6366,5719,1,2024-12-14,8,1,1,299.0,129.0,0.0
6367,5720,4,2024-12-14,5,1,1,349.0,150.0,0.0
6368,5721,5,2024-12-14,3,5,1,349.0,150.0,0.0
6369,5722,1,2024-12-14,2,2,1,254.15,129.0,44.85
6370,5723,5,2024-12-14,2,1,1,349.0,150.0,0.0
6371,5724,1,2024-12-14,5,1,1,269.1,129.0,29.9
6372,5725,3,2024-12-14,1,1,1,329.0,142.0,0.0
6373,5726,3,2024-12-14,3,1,1,329.0,142.0,0.0
6374,5727,5,2024-12-14,5,1,1,296.65,150.0,52.35
6375,5728,2,2024-12-15,6,3,2,299.0,129.0,0.0
6376,5729,1,2024-12-15,5,3,1,299.0,129.0,0.0
6377,5730,5,2024-12-15,8,2,1,314.1,150.0,34.9
6378,5731,5,2024-12-15,3,2,1,314.1,150.0,34.9
6379,5732,4,2024-12-15,3,2,1,349.0,150.0,0.0
6380,5733,1,2024-12-15,1,5,1,299.0,129.0,0.0
6381,5734,2,2024-12-15,1,1,1,299.0,129.0,0.0
6382,5735,4,2024-12-15,3,1,1,349.0,150.0,0.0
6383,5736,5,2024-12-15,6,2,1,349.0,150.0,0.0
6384,5737,5,2024-12-15,1,2,1,349.0,150.0,0.0
6385,5738,5,2024-12-15,4,3,1,296.65,150.0,52.35
6386,5739,5,2024-12-15,5,1,1,349.0,150.0,0.0
6387,5740,4,2024-12-15,1,2,1,349.0,150.0,0.0
6388,5741,5,2024-12-15,4,3,1,349.0,150.0,0.0
6389,5742,1,2024-12-15,4,3,1,269.1,129.0,29.9
6390,5743,4,2024-12-15,2,1,1,349.0,150.0,0.0
6391,5744,4,2024-12-15,7,1,1,314.1,150.0,34.9
6392,5745,6,2024-12-15,1,2,1,424.15,215.0,74.85
6393,5746,4,2024-12-15,5,1,0,349.0,150.0,0.0
6394,5747,5,2024-12-15,1,1,1,349.0,150.0,0.0
6395,5748,2,2024-12-15,5,5,1,299.0,129.0,0.0
6396,5749,5,2024-12-15,5,2,1,349.0,150.0,0.0
6397,5750,4,2024-12-15,7,2,2,349.0,150.0,0.0
6398,5751,5,2024-12-15,1,5,1,296.65,150.0,52.35
6399,5752,5,2024-12-15,4,5,1,349.0,150.0,0.0
6400,5753,1,2024-12-15,5,1,1,299.0,129.0,0.0
6401,5754,1,2024-12-15,5,2,1,299.0,129.0,0.0
6402,5755,4,2024-12-15,2,5,1,314.1,150.0,34.9
6403,5756,1,2024-12-15,3,2,1,299.0,129.0,0.0
6404,5757,4,2024-12-15,8,1,1,349.0,150.0,0.0
6405,5758,2,2024-12-15,1,1,1,254.15,129.0,44.85
6406,5759,4,2024-12-15,1,1,1,349.0,150.0,0.0
6407,5760,4,2024-12-15,1,2,1,349.0,150.0,0.0
6408,5761,2,2024-12-16,1,1,1,299.0,129.0,0.0
6409,4788,3,2024-12-16,9,4,1,329.0,142.0,0.0
6410,5762,5,2024-12-16,4,3,1,314.1,150.0,34.9
6411,5763,4,2024-12-16,1,5,1,314.1,150.0,34.9
6412,5764,5,2024-12-16,5,5,1,349.0,150.0,0.0
6413,5765,4,2024-12-16,1,2,1,314.1,150.0,34.9
6414,5766,2,2024-12-16,7,1,1,299.0,129.0,0.0
6415,5767,1,2024-12-16,1,1,1,254.15,129.0,44.85
6416,5768,5,2024-12-16,5,1,2,349.0,150.0,0.0
6417,5769,5,2024-12-16,1,4,1,349.0,150.0,0.0
6418,5770,1,2024-12-16,5,1,1,299.0,129.0,0.0
6419,5771,5,2024-12-16,5,2,1,314.1,150.0,34.9
6420,5772,1,2024-12-16,5,1,1,254.15,129.0,44.85
6421,5773,1,2024-12-16,1,1,1,299.0,129.0,0.0
6422,5774,5,2024-12-16,1,4,1,349.0,150.0,0.0
6423,5775,6,2024-12-16,1,1,1,499.0,215.0,0.0
6424,5776,5,2024-12-16,5,2,1,349.0,150.0,0.0
6425,5777,1,2024-12-16,1,2,1,299.0,129.0,0.0
6426,5778,4,2024-12-16,8,3,2,349.0,150.0,0.0
6427,5779,3,2024-12-16,1,3,1,329.0,142.0,0.0
6428,5780,1,2024-12-16,5,3,1,299.0,129.0,0.0
6429,5781,4,2024-12-16,5,2,1,349.0,150.0,0.0
6430,5782,5,2024-12-16,2,1,1,314.1,150.0,34.9
6431,5783,5,2024-12-16,8,2,2,349.0,150.0,0.0
6432,5784,1,2024-12-16,3,1,1,299.0,129.0,0.0
6433,5785,4,2024-12-16,8,1,1,349.0,150.0,0.0
6434,5786,2,2024-12-16,4,4,1,299.0,129.0,0.0
6435,5787,4,2024-12-16,5,2,1,296.65,150.0,52.35
6436,5788,5,2024-12-16,2,5,1,349.0,150.0,0.0
6437,5789,4,2024-12-16,4,1,1,349.0,150.0,0.0
6438,5790,5,2024-12-16,5,2,1,314.1,150.0,34.9
6439,5791,5,2024-12-16,2,1,1,296.65,150.0,52.35
6440,5792,5,2024-12-16,2,5,1,349.0,150.0,0.0
6441,5793,4,2024-12-16,1,2,1,349.0,150.0,0.0
6442,5794,5,2024-12-16,3,4,1,349.0,150.0,0.0
6443,5795,6,2024-12-16,1,3,1,499.0,215.0,0.0
6444,5796,4,2024-12-16,3,2,1,314.1,150.0,34.9
6445,5797,5,2024-12-16,7,4,1,349.0,150.0,0.0
6446,5798,5,2024-12-16,1,1,1,349.0,150.0,0.0
6447,5799,5,2024-12-17,2,4,1,349.0,150.0,0.0
6448,5800,3,2024-12-17,1,2,1,329.0,142.0,0.0
6449,5801,4,2024-12-17,5,1,2,314.1,150.0,34.9
6450,5802,4,2024-12-17,3,2,1,349.0,150.0,0.0
6451,5803,1,2024-12-17,1,2,1,269.1,129.0,29.9
6452,5804,2,2024-12-17,1,2,1,269.1,129.0,29.9
6453,5805,4,2024-12-17,5,2,1,349.0,150.0,0.0
6454,5806,2,2024-12-17,3,5,1,299.0,129.0,0.0
6455,5807,6,2024-12-17,1,5,1,499.0,215.0,0.0
6456,5176,4,2024-12-17,7,2,1,349.0,150.0,0.0
6457,5808,5,2024-12-17,4,3,1,314.1,150.0,34.9
6458,5809,3,2024-12-17,5,4,1,296.1,142.0,32.9
6459,863,2,2024-12-17,3,4,1,299.0,129.0,0.0
6460,5810,5,2024-12-17,3,1,1,314.1,150.0,34.9
6461,5811,2,2024-12-17,2,1,1,254.15,129.0,44.85
6462,5812,2,2024-12-17,4,1,2,299.0,129.0,0.0
6463,5813,3,2024-12-17,1,1,1,279.65,142.0,49.35
6464,928,5,2024-12-17,7,1,2,349.0,150.0,0.0
6465,5814,3,2024-12-17,1,1,1,329.0,142.0,0.0
6466,5815,1,2024-12-17,1,4,1,299.0,129.0,0.0
6467,5816,1,2024-12-17,3,2,1,299.0,129.0,0.0
6468,5817,5,2024-12-17,5,5,1,349.0,150.0,0.0
6469,5818,6,2024-12-17,7,2,2,499.0,215.0,0.0
6470,5819,4,2024-12-17,1,3,1,349.0,150.0,0.0
6471,5820,2,2024-12-17,9,2,1,269.1,129.0,29.9
6472,5821,5,2024-12-17,8,2,1,349.0,150.0,0.0
6473,5822,5,2024-12-17,8,1,1,349.0,150.0,0.0
6474,5823,1,2024-12-17,5,1,1,299.0,129.0,0.0
6475,5824,2,2024-12-17,9,2,1,299.0,129.0,0.0
6476,5825,6,2024-12-17,8,5,1,449.1,215.0,49.9
6477,5826,3,2024-12-17,7,2,1,329.0,142.0,0.0
6478,5746,1,2024-12-17,3,2,1,299.0,129.0,0.0
6479,5827,1,2024-12-17,5,5,1,299.0,129.0,0.0
6480,5828,1,2024-12-17,3,4,1,269.1,129.0,29.9
6481,5829,6,2024-12-17,3,1,1,499.0,215.0,0.0
6482,5830,6,2024-12-17,3,1,2,499.0,215.0,0.0
6483,5831,6,2024-12-17,4,5,1,499.0,215.0,0.0
6484,5832,5,2024-12-18,5,1,1,349.0,150.0,0.0
6485,5833,1,2024-12-18,4,2,1,299.0,129.0,0.0
6486,4159,5,2024-12-18,3,3,2,349.0,150.0,0.0
6487,5834,2,2024-12-18,4,1,1,299.0,129.0,0.0
6488,5835,4,2024-12-18,1,1,1,349.0,150.0,0.0
6489,5836,4,2024-12-18,5,5,1,349.0,150.0,0.0
6490,5837,1,2024-12-18,1,1,1,269.1,129.0,29.9
6491,5838,1,2024-12-18,1,2,2,299.0,129.0,0.0
6492,5839,1,2024-12-18,3,1,1,254.15,129.0,44.85
6493,5840,6,2024-12-18,1,1,1,499.0,215.0,0.0
6494,5841,4,2024-12-18,4,2,1,349.0,150.0,0.0
6495,5842,5,2024-12-18,2,5,1,349.0,150.0,0.0
6496,5843,4,2024-12-18,2,1,1,349.0,150.0,0.0
6497,5844,5,2024-12-18,2,2,1,296.65,150.0,52.35
6498,5845,5,2024-12-18,3,1,1,349.0,150.0,0.0
6499,5846,4,2024-12-18,1,1,1,314.1,150.0,34.9
6500,5847,6,2024-12-18,5,1,1,499.0,215.0,0.0
6501,5848,1,2024-12-18,2,1,2,299.0,129.0,0.0
6502,5849,5,2024-12-18,2,4,1,349.0,150.0,0.0
6503,5850,5,2024-12-18,5,5,1,349.0,150.0,0.0
6504,5851,5,2024-12-18,8,2,1,349.0,150.0,0.0
6505,5852,5,2024-12-18,3,2,1,314.1,150.0,34.9
6506,5853,5,2024-12-18,8,2,2,314.1,150.0,34.9
6507,5854,4,2024-12-18,1,2,1,296.65,150.0,52.35
6508,5855,5,2024-12-18,8,1,1,349.0,150.0,0.0
6509,5856,1,2024-12-18,3,2,1,299.0,129.0,0.0
6510,5857,5,2024-12-18,1,1,1,349.0,150.0,0.0
6511,5858,4,2024-12-18,5,2,1,349.0,150.0,0.0
6512,5859,5,2024-12-18,7,5,1,349.0,150.0,0.0
6513,5860,6,2024-12-18,3,1,1,499.0,215.0,0.0
6514,5861,4,2024-12-18,1,2,1,349.0,150.0,0.0
6515,5862,4,2024-12-18,9,4,1,349.0,150.0,0.0
6516,5863,6,2024-12-19,8,3,1,499.0,215.0,0.0
6517,5864,6,2024-12-19,1,5,1,424.15,215.0,74.85
6518,5865,6,2024-12-19,2,4,1,499.0,215.0,0.0
6519,5866,6,2024-12-19,1,1,2,499.0,215.0,0.0
6520,5867,5,2024-12-19,3,3,1,349.0,150.0,0.0
6521,5868,1,2024-12-19,1,3,1,299.0,129.0,0.0
6522,5869,3,2024-12-19,5,1,1,329.0,142.0,0.0
6523,5870,5,2024-12-19,1,3,1,314.1,150.0,34.9
6524,5871,1,2024-12-19,7,1,2,299.0,129.0,0.0
6525,5872,5,2024-12-19,2,3,2,314.1,150.0,34.9
6526,5873,1,2024-12-19,7,1,1,299.0,129.0,0.0
6527,5874,5,2024-12-19,7,4,1,314.1,150.0,34.9
6528,5875,5,2024-12-19,1,1,1,349.0,150.0,0.0
6529,19,4,2024-12-19,2,1,2,349.0,150.0,0.0
6530,303,5,2024-12-19,2,2,1,349.0,150.0,0.0
6531,5876,5,2024-12-19,7,1,1,296.65,150.0,52.35
6532,5877,3,2024-12-19,4,4,1,329.0,142.0,0.0
6533,5878,3,2024-12-19,3,4,1,329.0,142.0,0.0
6534,5879,6,2024-12-19,5,4,1,499.0,215.0,0.0
6535,5880,5,2024-12-19,3,2,1,349.0,150.0,0.0
6536,5881,4,2024-12-19,3,1,1,349.0,150.0,0.0
6537,1570,2,2024-12-19,4,1,1,269.1,129.0,29.9
6538,5882,5,2024-12-19,1,1,1,349.0,150.0,0.0
6539,5883,2,2024-12-19,1,1,1,299.0,129.0,0.0
6540,5635,2,2024-12-19,3,4,1,269.1,129.0,29.9
6541,5884,6,2024-12-19,1,2,1,499.0,215.0,0.0
6542,5885,5,2024-12-19,4,1,1,296.65,150.0,52.35
6543,5886,5,2024-12-19,5,2,2,349.0,150.0,0.0
6544,5887,6,2024-12-19,6,1,1,499.0,215.0,0.0
6545,5888,5,2024-12-19,2,1,1,349.0,150.0,0.0
6546,5889,4,2024-12-19,1,1,1,349.0,150.0,0.0
6547,5890,5,2024-12-19,4,2,1,349.0,150.0,0.0
6548,5891,5,2024-12-19,5,5,1,349.0,150.0,0.0
6549,5892,3,2024-12-20,2,2,1,329.0,142.0,0.0
6550,5893,1,2024-12-20,2,2,1,299.0,129.0,0.0
6551,5894,4,2024-12-20,7,1,1,314.1,150.0,34.9
6552,5895,3,2024-12-20,3,2,1,329.0,142.0,0.0
6553,5896,4,2024-12-20,3,1,1,296.65,150.0,52.35
6554,5897,2,2024-12-20,5,2,1,299.0,129.0,0.0
6555,5898,5,2024-12-20,4,2,1,349.0,150.0,0.0
6556,5899,5,2024-12-20,5,1,1,349.0,150.0,0.0
6557,3247,1,2024-12-20,3,5,1,299.0,129.0,0.0
6558,5900,2,2024-12-20,7,1,1,299.0,129.0,0.0
6559,5901,1,2024-12-20,9,4,1,299.0,129.0,0.0
6560,3661,2,2024-12-20,1,1,1,269.1,129.0,29.9
6561,5902,5,2024-12-20,2,2,1,349.0,150.0,0.0
6562,5903,3,2024-12-20,1,1,1,329.0,142.0,0.0
6563,5904,2,2024-12-20,2,2,1,299.0,129.0,0.0
6564,5905,4,2024-12-20,8,1,1,349.0,150.0,0.0
6565,5906,1,2024-12-20,3,3,1,299.0,129.0,0.0
6566,5907,4,2024-12-20,2,5,2,349.0,150.0,0.0
6567,5908,6,2024-12-20,7,3,1,499.0,215.0,0.0
6568,5909,2,2024-12-20,3,3,1,299.0,129.0,0.0
6569,5910,5,2024-12-20,3,2,1,349.0,150.0,0.0
6570,5911,1,2024-12-20,1,1,2,299.0,129.0,0.0
6571,5912,4,2024-12-20,6,3,1,349.0,150.0,0.0
6572,5913,1,2024-12-20,2,2,1,254.15,129.0,44.85
6573,5914,5,2024-12-20,5,3,1,349.0,150.0,0.0
6574,5915,4,2024-12-20,2,1,1,349.0,150.0,0.0
6575,5916,6,2024-12-20,3,4,1,499.0,215.0,0.0
6576,5917,5,2024-12-20,1,3,1,314.1,150.0,34.9
6577,5918,6,2024-12-20,4,1,1,449.1,215.0,49.9
6578,5919,5,2024-12-20,5,4,1,314.1,150.0,34.9
6579,5920,5,2024-12-20,3,1,1,296.65,150.0,52.35
6580,5921,1,2024-12-20,4,2,1,269.1,129.0,29.9
6581,5922,4,2024-12-20,2,4,1,349.0,150.0,0.0
6582,5923,5,2024-12-20,1,1,1,349.0,150.0,0.0
6583,5924,3,2024-12-20,5,2,1,329.0,142.0,0.0
6584,5925,6,2024-12-20,,3,1,499.0,215.0,0.0
6585,5926,3,2024-12-20,1,1,1,329.0,142.0,0.0
6586,396,2,2024-12-20,8,2,1,299.0,129.0,0.0
6587,5927,4,2024-12-21,7,1,1,349.0,150.0,0.0
6588,5928,5,2024-12-21,8,1,1,349.0,150.0,0.0
6589,5929,2,2024-12-21,4,3,1,254.15,129.0,44.85
6590,5930,2,2024-12-21,3,5,1,299.0,129.0,0.0
6591,5931,4,2024-12-21,1,1,1,349.0,150.0,0.0
6592,5932,6,2024-12-21,4,2,1,499.0,215.0,0.0
6593,5933,1,2024-12-21,2,3,1,299.0,129.0,0.0
6594,5934,6,2024-12-21,3,2,1,449.1,215.0,49.9
6595,5935,4,2024-12-21,2,2,1,349.0,150.0,0.0
6596,5936,4,2024-12-21,2,2,1,349.0,150.0,0.0
6597,5937,1,2024-12-21,,2,1,299.0,129.0,0.0
6598,5938,1,2024-12-21,1,3,1,299.0,129.0,0.0
6599,5939,5,2024-12-21,3,1,1,349.0,150.0,0.0
6600,5940,1,2024-12-21,4,1,1,299.0,129.0,0.0
6601,5941,2,2024-12-21,3,2,1,299.0,129.0,0.0
6602,4254,4,2024-12-21,4,4,1,349.0,150.0,0.0
6603,5942,4,2024-12-21,3,1,1,314.1,150.0,34.9
6604,5943,5,2024-12-21,4,2,1,314.1,150.0,34.9
6605,5944,1,2024-12-21,4,1,1,299.0,129.0,0.0
6606,4809,4,2024-12-21,5,1,1,349.0,150.0,0.0
6607,5945,5,2024-12-21,1,3,1,349.0,150.0,0.0
6608,5946,1,2024-12-21,1,4,2,299.0,129.0,0.0
6609,5947,5,2024-12-21,2,1,1,349.0,150.0,0.0
6610,5948,1,2024-12-21,2,4,1,299.0,129.0,0.0
6611,5949,3,2024-12-21,1,3,1,329.0,142.0,0.0
6612,5950,5,2024-12-21,1,3,1,349.0,150.0,0.0
6613,5951,6,2024-12-21,3,1,1,499.0,215.0,0.0
6614,5952,6,2024-12-21,3,1,2,499.0,215.0,0.0
6615,5953,4,2024-12-21,7,5,1,349.0,150.0,0.0
6616,5954,6,2024-12-21,1,5,1,499.0,215.0,0.0
6617,5955,2,2024-12-21,1,2,1,299.0,129.0,0.0
6618,5956,5,2024-12-21,8,1,1,349.0,150.0,0.0
6619,5957,6,2024-12-22,2,2,2,449.1,215.0,49.9
6620,5958,4,2024-12-22,2,2,1,349.0,150.0,0.0
6621,5959,1,2024-12-22,4,1,1,269.1,129.0,29.9
6622,5960,5,2024-12-22,5,3,1,349.0,150.0,0.0
6623,5961,4,2024-12-22,6,1,1,349.0,150.0,0.0
6624,5962,2,2024-12-22,1,1,1,299.0,129.0,0.0
6625,5963,2,2024-12-22,5,2,2,269.1,129.0,29.9
6626,5964,1,2024-12-22,2,3,1,254.15,129.0,44.85
6627,5965,3,2024-12-22,3,1,1,329.0,142.0,0.0
6628,5966,4,2024-12-22,7,5,1,296.65,150.0,52.35
6629,5967,2,2024-12-22,1,2,1,299.0,129.0,0.0
6630,5968,3,2024-12-22,1,1,1,329.0,142.0,0.0
6631,5969,2,2024-12-22,1,1,2,299.0,129.0,0.0
6632,5970,3,2024-12-22,6,1,1,329.0,142.0,0.0
6633,5971,4,2024-12-22,1,1,1,349.0,150.0,0.0
6634,3040,1,2024-12-22,1,4,1,299.0,129.0,0.0
6635,5972,1,2024-12-22,1,2,1,269.1,129.0,29.9
6636,5973,1,2024-12-22,2,3,1,269.1,129.0,29.9
6637,5974,3,2024-12-22,1,2,2,329.0,142.0,0.0
6638,5975,3,2024-12-22,4,5,1,279.65,142.0,49.35
6639,5976,4,2024-12-22,1,4,1,349.0,150.0,0.0
6640,5977,5,2024-12-22,1,1,1,314.1,150.0,34.9
6641,5978,4,2024-12-22,9,1,1,349.0,150.0,0.0
6642,5979,4,2024-12-22,1,5,1,349.0,150.0,0.0
6643,5980,4,2024-12-22,8,2,1,349.0,150.0,0.0
6644,5981,3,2024-12-22,5,1,1,329.0,142.0,0.0
6645,5982,6,2024-12-22,2,1,1,499.0,215.0,0.0
6646,5983,5,2024-12-22,3,1,1,349.0,150.0,0.0
6647,5984,2,2024-12-22,3,3,1,299.0,129.0,0.0
6648,5985,3,2024-12-22,1,5,1,296.1,142.0,32.9
6649,5986,1,2024-12-22,3,2,1,269.1,129.0,29.9
6650,5987,3,2024-12-22,3,3,1,329.0,142.0,0.0
6651,5988,5,2024-12-22,5,2,1,349.0,150.0,0.0
6652,5989,2,2024-12-22,4,4,1,299.0,129.0,0.0
6653,5990,6,2024-12-22,2,5,1,499.0,215.0,0.0
6654,5991,2,2024-12-22,3,5,1,299.0,129.0,0.0
6655,5992,5,2024-12-23,3,3,1,349.0,150.0,0.0
6656,5993,5,2024-12-23,8,2,1,296.65,150.0,52.35
6657,5994,2,2024-12-23,9,4,2,299.0,129.0,0.0
6658,5995,5,2024-12-23,4,5,1,314.1,150.0,34.9
6659,5996,3,2024-12-23,5,2,1,329.0,142.0,0.0
6660,5997,1,2024-12-23,6,5,1,299.0,129.0,0.0
6661,5998,2,2024-12-23,3,2,1,269.1,129.0,29.9
6662,5999,1,2024-12-23,3,2,1,299.0,129.0,0.0
6663,6000,5,2024-12-23,1,5,1,314.1,150.0,34.9
6664,6001,4,2024-12-23,4,4,1,349.0,150.0,0.0
6665,6002,1,2024-12-23,7,1,1,299.0,129.0,0.0
6666,6003,3,2024-12-23,1,1,1,296.1,142.0,32.9
6667,6004,2,2024-12-23,1,5,1,299.0,129.0,0.0
6668,6005,2,2024-12-23,5,3,1,299.0,129.0,0.0
6669,6006,2,2024-12-23,1,2,1,299.0,129.0,0.0
6670,6007,2,2024-12-23,3,1,1,299.0,129.0,0.0
6671,6008,5,2024-12-23,1,4,1,349.0,150.0,0.0
6672,6009,2,2024-12-23,4,2,1,299.0,129.0,0.0
6673,6010,4,2024-12-23,1,1,0,349.0,150.0,0.0
6674,6011,4,2024-12-23,8,2,2,349.0,150.0,0.0
6675,6012,3,2024-12-23,5,5,2,329.0,142.0,0.0
6676,6013,5,2024-12-23,1,4,1,349.0,150.0,0.0
6677,6014,6,2024-12-23,1,1,1,499.0,215.0,0.0
6678,6015,4,2024-12-23,3,2,1,349.0,150.0,0.0
6679,2651,5,2024-12-23,1,1,1,349.0,150.0,0.0
6680,6016,6,2024-12-23,1,2,1,449.1,215.0,49.9
6681,4821,5,2024-12-23,6,2,1,349.0,150.0,0.0
6682,6017,5,2024-12-23,4,1,1,349.0,150.0,0.0
6683,6018,2,2024-12-23,1,2,1,299.0,129.0,0.0
6684,6019,4,2024-12-23,5,2,1,349.0,150.0,0.0
6685,6020,1,2024-12-23,5,2,1,299.0,129.0,0.0
6686,6021,3,2024-12-23,1,1,1,329.0,142.0,0.0
6687,6022,1,2024-12-23,2,2,1,299.0,129.0,0.0
6688,6023,5,2024-12-24,5,1,1,349.0,150.0,0.0
6689,6024,4,2024-12-24,9,2,1,314.1,150.0,34.9
6690,6025,5,2024-12-24,8,1,1,349.0,150.0,0.0
6691,6026,3,2024-12-24,7,3,1,329.0,142.0,0.0
6692,6027,4,2024-12-24,1,2,1,349.0,150.0,0.0
6693,6028,2,2024-12-24,8,1,1,269.1,129.0,29.9
6694,6029,5,2024-12-24,2,1,1,349.0,150.0,0.0
6695,6030,4,2024-12-24,4,1,1,349.0,150.0,0.0
6696,6031,3,2024-12-24,3,1,1,329.0,142.0,0.0
6697,6032,2,2024-12-24,1,2,2,299.0,129.0,0.0
6698,6033,2,2024-12-24,5,2,1,299.0,129.0,0.0
6699,6034,5,2024-12-24,2,3,2,349.0,150.0,0.0
6700,6035,5,2024-12-24,2,3,1,349.0,150.0,0.0
6701,6036,1,2024-12-24,1,2,1,299.0,129.0,0.0
6702,6037,6,2024-12-24,3,2,1,499.0,215.0,0.0
6703,6038,1,2024-12-24,1,2,1,254.15,129.0,44.85
6704,2959,1,2024-12-24,1,2,1,269.1,129.0,29.9
6705,6039,2,2024-12-24,7,2,1,299.0,129.0,0.0
6706,6040,3,2024-12-24,2,1,1,329.0,142.0,0.0
6707,6041,4,2024-12-24,8,4,1,349.0,150.0,0.0
6708,2755,5,2024-12-24,1,2,1,349.0,150.0,0.0
6709,6042,5,2024-12-24,3,2,1,349.0,150.0,0.0
6710,1521,2,2024-12-24,8,3,1,299.0,129.0,0.0
6711,6043,5,2024-12-24,1,2,1,349.0,150.0,0.0
6712,6044,4,2024-12-24,9,2,1,349.0,150.0,0.0
6713,6045,4,2024-12-24,5,4,1,349.0,150.0,0.0
6714,6046,5,2024-12-24,5,2,1,349.0,150.0,0.0
6715,3647,4,2024-12-24,2,1,1,349.0,150.0,0.0
6716,6047,3,2024-12-24,3,3,1,329.0,142.0,0.0
6717,6048,4,2024-12-24,7,4,1,349.0,150.0,0.0
6718,6049,4,2024-12-24,1,1,1,349.0,150.0,0.0
6719,6050,1,2024-12-24,1,2,1,299.0,129.0,0.0
6720,6051,5,2024-12-24,2,1,1,349.0,150.0,0.0
6721,6052,1,2024-12-24,3,3,1,299.0,129.0,0.0
6722,6053,4,2024-12-24,5,2,1,349.0,150.0,0.0
6723,6054,4,2024-12-24,1,2,1,349.0,150.0,0.0
6724,6055,6,2024-12-24,5,4,1,499.0,215.0,0.0
6725,6056,4,2024-12-24,1,4,1,296.65,150.0,52.35
6726,6057,2,2024-12-25,1,2,1,299.0,129.0,0.0
6727,1175,4,2024-12-25,2,1,1,349.0,150.0,0.0
6728,6058,4,2024-12-25,5,2,1,349.0,150.0,0.0
6729,6059,5,2024-12-25,1,3,1,349.0,150.0,0.0
6730,6060,4,2024-12-25,8,2,1,349.0,150.0,0.0
6731,6061,3,2024-12-25,1,1,2,329.0,142.0,0.0
6732,6062,1,2024-12-25,6,2,1,299.0,129.0,0.0
6733,6063,2,2024-12-25,1,4,1,299.0,129.0,0.0
6734,6064,1,2024-12-25,7,5,1,299.0,129.0,0.0
6735,6065,2,2024-12-25,1,4,1,299.0,129.0,0.0
6736,6066,4,2024-12-25,2,1,1,349.0,150.0,0.0
6737,6067,2,2024-12-25,1,5,1,269.1,129.0,29.9
6738,6068,5,2024-12-25,2,1,1,349.0,150.0,0.0
6739,6069,1,2024-12-25,3,1,1,299.0,129.0,0.0
6740,6070,4,2024-12-25,5,1,1,349.0,150.0,0.0
6741,6071,4,2024-12-25,4,1,1,349.0,150.0,0.0
6742,6072,2,2024-12-25,1,1,1,299.0,129.0,0.0
6743,6073,6,2024-12-25,4,1,1,449.1,215.0,49.9
6744,5361,2,2024-12-25,4,2,1,299.0,129.0,0.0
6745,6074,4,2024-12-25,2,3,1,349.0,150.0,0.0
6746,6075,4,2024-12-25,5,2,1,349.0,150.0,0.0
6747,6076,1,2024-12-25,3,4,1,299.0,129.0,0.0
6748,6077,2,2024-12-25,5,1,2,299.0,129.0,0.0
6749,6078,2,2024-12-25,5,1,1,299.0,129.0,0.0
6750,6079,3,2024-12-25,1,1,1,296.1,142.0,32.9
6751,6080,2,2024-12-25,1,1,1,299.0,129.0,0.0
6752,6081,6,2024-12-25,3,2,1,499.0,215.0,0.0
6753,6082,5,2024-12-25,1,1,1,349.0,150.0,0.0
6754,6083,5,2024-12-25,3,2,1,349.0,150.0,0.0
6755,6084,5,2024-12-25,1,4,1,349.0,150.0,0.0
6756,6085,4,2024-12-25,7,2,1,349.0,150.0,0.0
6757,6086,5,2024-12-25,1,5,1,314.1,150.0,34.9
6758,6087,4,2024-12-25,2,2,1,349.0,150.0,0.0
6759,6088,5,2024-12-25,3,1,1,349.0,150.0,0.0
6760,6089,6,2024-12-25,9,1,1,499.0,215.0,0.0
6761,6090,5,2024-12-26,1,5,1,296.65,150.0,52.35
6762,6091,4,2024-12-26,6,5,1,296.65,150.0,52.35
6763,6092,4,2024-12-26,3,4,1,349.0,150.0,0.0
6764,6093,2,2024-12-26,1,1,1,299.0,129.0,0.0
6765,6094,4,2024-12-26,4,2,1,349.0,150.0,0.0
6766,6095,6,2024-12-26,1,1,1,499.0,215.0,0.0
6767,6096,1,2024-12-26,1,2,1,269.1,129.0,29.9
6768,6097,4,2024-12-26,1,4,1,349.0,150.0,0.0
6769,6098,6,2024-12-26,3,1,1,424.15,215.0,74.85
6770,6099,5,2024-12-26,5,2,1,349.0,150.0,0.0
6771,6100,4,2024-12-26,3,4,1,349.0,150.0,0.0
6772,6101,5,2024-12-26,1,1,1,349.0,150.0,0.0
6773,6102,3,2024-12-26,4,2,1,329.0,142.0,0.0
6774,6103,4,2024-12-26,3,2,1,349.0,150.0,0.0
6775,6104,5,2024-12-26,1,1,1,349.0,150.0,0.0
6776,4302,5,2024-12-26,2,4,1,349.0,150.0,0.0
6777,6105,4,2024-12-26,5,3,2,349.0,150.0,0.0
6778,2011,5,2024-12-26,4,2,1,314.1,150.0,34.9
6779,6106,6,2024-12-26,4,1,1,499.0,215.0,0.0
6780,6107,3,2024-12-26,1,2,1,279.65,142.0,49.35
6781,6108,5,2024-12-26,1,1,1,349.0,150.0,0.0
6782,6109,3,2024-12-26,6,1,1,329.0,142.0,0.0
6783,6110,1,2024-12-26,6,1,1,269.1,129.0,29.9
6784,6111,2,2024-12-26,4,1,1,254.15,129.0,44.85
6785,6112,4,2024-12-26,2,1,1,349.0,150.0,0.0
6786,6113,5,2024-12-26,2,4,1,296.65,150.0,52.35
6787,6114,5,2024-12-26,2,3,1,349.0,150.0,0.0
6788,6115,4,2024-12-26,1,4,1,314.1,150.0,34.9
6789,6116,5,2024-12-26,1,1,1,296.65,150.0,52.35
6790,6117,2,2024-12-26,3,1,1,269.1,129.0,29.9
6791,6118,4,2024-12-26,1,2,1,349.0,150.0,0.0
6792,6119,3,2024-12-26,3,3,1,329.0,142.0,0.0
6793,6120,6,2024-12-26,5,5,1,499.0,215.0,0.0
6794,6121,3,2024-12-26,2,1,1,296.1,142.0,32.9
6795,6122,5,2024-12-26,1,1,2,349.0,150.0,0.0
6796,6123,2,2024-12-26,3,1,1,299.0,129.0,0.0
6797,6124,2,2024-12-26,1,1,1,299.0,129.0,0.0
6798,6125,1,2024-12-26,7,1,1,299.0,129.0,0.0
6799,6126,5,2024-12-26,1,5,1,349.0,150.0,0.0
6800,1749,5,2024-12-26,1,1,1,349.0,150.0,0.0
6801,6127,1,2024-12-26,1,1,1,299.0,129.0,0.0
6802,6128,4,2024-12-26,1,1,1,349.0,150.0,0.0
6803,6129,4,2024-12-26,3,1,1,349.0,150.0,0.0
6804,6130,1,2024-12-27,2,2,1,299.0,129.0,0.0
6805,6131,5,2024-12-27,1,1,1,349.0,150.0,0.0
6806,6132,6,2024-12-27,7,2,1,499.0,215.0,0.0
6807,862,6,2024-12-27,5,1,1,449.1,215.0,49.9
6808,6133,4,2024-12-27,3,1,1,349.0,150.0,0.0
6809,6134,4,2024-12-27,4,3,1,349.0,150.0,0.0
6810,6135,4,2024-12-27,3,2,1,349.0,150.0,0.0
6811,6136,1,2024-12-27,1,1,1,254.15,129.0,44.85
6812,6137,4,2024-12-27,3,5,1,349.0,150.0,0.0
6813,6138,5,2024-12-27,2,5,1,314.1,150.0,34.9
6814,6139,3,2024-12-27,4,1,1,329.0,142.0,0.0
6815,6140,2,2024-12-27,2,4,2,299.0,129.0,0.0
6816,6141,2,2024-12-27,1,5,1,299.0,129.0,0.0
6817,6142,1,2024-12-27,2,1,1,299.0,129.0,0.0
6818,6143,1,2024-12-27,1,1,1,269.1,129.0,29.9
6819,6144,5,2024-12-27,4,5,1,349.0,150.0,0.0
6820,6145,3,2024-12-27,5,1,1,329.0,142.0,0.0
6821,6146,1,2024-12-27,1,3,1,299.0,129.0,0.0
6822,6147,1,2024-12-27,2,5,1,299.0,129.0,0.0
6823,6148,5,2024-12-27,3,1,1,314.1,150.0,34.9
6824,6149,6,2024-12-27,2,5,1,499.0,215.0,0.0
6825,6150,5,2024-12-27,,4,1,349.0,150.0,0.0
6826,6151,4,2024-12-27,2,2,1,349.0,150.0,0.0
6827,6152,3,2024-12-27,1,1,1,329.0,142.0,0.0
6828,6153,2,2024-12-27,3,1,1,254.15,129.0,44.85
6829,5489,4,2024-12-27,1,1,1,349.0,150.0,0.0
6830,6154,6,2024-12-27,4,4,1,449.1,215.0,49.9
6831,6155,5,2024-12-27,4,5,2,349.0,150.0,0.0
6832,6156,3,2024-12-27,1,3,1,329.0,142.0,0.0
6833,6157,4,2024-12-27,4,1,1,314.1,150.0,34.9
6834,6158,2,2024-12-27,1,2,1,299.0,129.0,0.0
6835,6159,1,2024-12-27,2,1,1,299.0,129.0,0.0
6836,6160,5,2024-12-27,3,2,1,349.0,150.0,0.0
6837,6161,2,2024-12-27,3,2,1,269.1,129.0,29.9
6838,6162,4,2024-12-27,1,3,1,314.1,150.0,34.9
6839,6163,3,2024-12-27,4,3,2,329.0,142.0,0.0
6840,6164,4,2024-12-27,2,1,1,349.0,150.0,0.0
6841,6165,1,2024-12-27,5,1,1,299.0,129.0,0.0
6842,6166,5,2024-12-28,1,4,1,349.0,150.0,0.0
6843,6167,1,2024-12-28,1,1,1,299.0,129.0,0.0
6844,6168,5,2024-12-28,5,1,1,349.0,150.0,0.0
6845,6169,5,2024-12-28,1,1,1,349.0,150.0,0.0
6846,6170,4,2024-12-28,4,1,1,349.0,150.0,0.0
6847,6171,1,2024-12-28,5,2,1,299.0,129.0,0.0
6848,6172,6,2024-12-28,3,4,2,499.0,215.0,0.0
6849,6173,4,2024-12-28,5,1,1,349.0,150.0,0.0
6850,6174,3,2024-12-28,1,2,1,329.0,142.0,0.0
6851,6175,4,2024-12-28,1,1,1,349.0,150.0,0.0
6852,6176,6,2024-12-28,4,1,1,499.0,215.0,0.0
6853,6177,5,2024-12-28,1,5,1,349.0,150.0,0.0
6854,6178,2,2024-12-28,1,1,1,299.0,129.0,0.0
6855,6179,6,2024-12-28,2,2,2,499.0,215.0,0.0
6856,6180,1,2024-12-28,4,2,1,254.15,129.0,44.85
6857,6181,4,2024-12-28,3,3,1,314.1,150.0,34.9
6858,6182,5,2024-12-28,3,2,1,349.0,150.0,0.0
6859,6183,5,2024-12-28,5,1,1,296.65,150.0,52.35
6860,6184,4,2024-12-28,3,1,1,349.0,150.0,0.0
6861,6185,5,2024-12-28,9,1,1,314.1,150.0,34.9
6862,6186,3,2024-12-28,1,1,1,329.0,142.0,0.0
6863,6187,6,2024-12-28,3,3,1,499.0,215.0,0.0
6864,6188,1,2024-12-28,1,2,1,299.0,129.0,0.0
6865,6189,4,2024-12-28,3,3,1,349.0,150.0,0.0
6866,6190,1,2024-12-28,1,2,1,299.0,129.0,0.0
6867,540,4,2024-12-28,3,1,1,349.0,150.0,0.0
6868,6191,4,2024-12-28,3,2,1,349.0,150.0,0.0
6869,6192,5,2024-12-28,2,1,1,349.0,150.0,0.0
6870,6193,5,2024-12-28,5,1,1,314.1,150.0,34.9
6871,6194,5,2024-12-28,5,1,1,349.0,150.0,0.0
6872,6195,4,2024-12-28,5,2,1,349.0,150.0,0.0
6873,6196,5,2024-12-28,1,1,1,349.0,150.0,0.0
6874,6197,4,2024-12-28,5,1,1,349.0,150.0,0.0
6875,6198,2,2024-12-28,6,4,2,299.0,129.0,0.0
6876,6199,5,2024-12-28,4,2,1,349.0,150.0,0.0
6877,6200,1,2024-12-28,,5,1,299.0,129.0,0.0
6878,6201,5,2024-12-28,7,2,1,349.0,150.0,0.0
6879,6202,1,2024-12-28,5,1,1,299.0,129.0,0.0
6880,6203,3,2024-12-28,4,5,1,329.0,142.0,0.0
6881,6204,3,2024-12-29,1,2,1,329.0,142.0,0.0
6882,6205,5,2024-12-29,1,1,1,349.0,150.0,0.0
6883,4862,5,2024-12-29,4,2,1,349.0,150.0,0.0
6884,6206,6,2024-12-29,2,1,1,499.0,215.0,0.0
6885,6207,5,2024-12-29,1,3,1,349.0,150.0,0.0
6886,6208,5,2024-12-29,8,1,1,349.0,150.0,0.0
6887,6209,4,2024-12-29,1,4,1,349.0,150.0,0.0
6888,6210,5,2024-12-29,3,2,1,349.0,150.0,0.0
6889,6211,4,2024-12-29,5,1,1,349.0,150.0,0.0
6890,6212,2,2024-12-29,3,1,1,299.0,129.0,0.0
6891,6213,3,2024-12-29,3,2,0,329.0,142.0,0.0
6892,6214,5,2024-12-29,1,1,1,296.65,150.0,52.35
6893,6215,4,2024-12-29,3,1,1,349.0,150.0,0.0
6894,6216,5,2024-12-29,3,1,1,349.0,150.0,0.0
6895,6217,4,2024-12-29,5,4,2,296.65,150.0,52.35
6896,6218,3,2024-12-29,4,3,1,329.0,142.0,0.0
6897,6219,4,2024-12-29,8,2,1,314.1,150.0,34.9
6898,6220,4,2024-12-29,1,4,1,314.1,150.0,34.9
6899,6221,5,2024-12-29,3,4,1,349.0,150.0,0.0
6900,6222,4,2024-12-29,1,2,1,349.0,150.0,0.0
6901,6223,5,2024-12-29,5,5,1,349.0,150.0,0.0
6902,6224,6,2024-12-29,1,2,1,499.0,215.0,0.0
6903,6225,3,2024-12-29,1,5,1,329.0,142.0,0.0
6904,6226,4,2024-12-29,5,5,1,349.0,150.0,0.0
6905,6227,5,2024-12-29,1,1,1,349.0,150.0,0.0
6906,6228,5,2024-12-29,1,2,1,349.0,150.0,0.0
6907,6229,4,2024-12-29,1,2,1,349.0,150.0,0.0
6908,6230,4,2024-12-29,1,1,2,349.0,150.0,0.0
6909,6231,6,2024-12-29,5,2,1,424.15,215.0,74.85
6910,6232,4,2024-12-29,5,2,2,349.0,150.0,0.0
6911,6233,4,2024-12-29,1,1,1,349.0,150.0,0.0
6912,6234,1,2024-12-29,5,2,1,299.0,129.0,0.0
6913,6235,6,2024-12-29,1,2,1,499.0,215.0,0.0
6914,6236,4,2024-12-29,4,1,1,349.0,150.0,0.0
6915,6237,5,2024-12-29,3,2,1,314.1,150.0,34.9
6916,6238,1,2024-12-29,1,1,1,269.1,129.0,29.9
6917,6239,3,2024-12-29,8,5,1,329.0,142.0,0.0
6918,6240,2,2024-12-29,3,3,1,299.0,129.0,0.0
6919,6241,5,2024-12-30,3,1,1,349.0,150.0,0.0
6920,6242,2,2024-12-30,8,4,1,299.0,129.0,0.0
6921,6243,4,2024-12-30,1,2,1,349.0,150.0,0.0
6922,6244,4,2024-12-30,2,1,1,349.0,150.0,0.0
6923,6245,1,2024-12-30,1,1,1,299.0,129.0,0.0
6924,6246,5,2024-12-30,1,5,1,349.0,150.0,0.0
6925,6247,5,2024-12-30,3,2,2,296.65,150.0,52.35
6926,6248,6,2024-12-30,5,1,1,499.0,215.0,0.0
6927,6249,3,2024-12-30,2,2,1,329.0,142.0,0.0
6928,6250,5,2024-12-30,4,1,1,349.0,150.0,0.0
6929,6251,1,2024-12-30,2,1,1,254.15,129.0,44.85
6930,6252,2,2024-12-30,2,1,1,254.15,129.0,44.85
6931,6253,5,2024-12-30,5,2,1,349.0,150.0,0.0
6932,6254,1,2024-12-30,4,1,1,254.15,129.0,44.85
6933,6255,3,2024-12-30,3,1,1,329.0,142.0,0.0
6934,6256,4,2024-12-30,3,2,1,349.0,150.0,0.0
6935,6257,5,2024-12-30,1,3,1,349.0,150.0,0.0
6936,6258,2,2024-12-30,3,2,1,299.0,129.0,0.0
6937,2730,5,2024-12-30,6,4,1,349.0,150.0,0.0
6938,6259,4,2024-12-30,,4,2,314.1,150.0,34.9
6939,6260,5,2024-12-30,1,2,1,349.0,150.0,0.0
6940,1653,6,2024-12-30,2,3,1,499.0,215.0,0.0
6941,6261,5,2024-12-30,1,1,1,349.0,150.0,0.0
6942,6262,5,2024-12-30,4,3,1,349.0,150.0,0.0
6943,6263,4,2024-12-30,2,2,1,349.0,150.0,0.0
6944,6264,5,2024-12-30,2,1,1,349.0,150.0,0.0
6945,6265,3,2024-12-30,1,4,1,296.1,142.0,32.9
6946,6266,4,2024-12-30,3,4,1,349.0,150.0,0.0
6947,1452,4,2024-12-30,5,4,1,296.65,150.0,52.35
6948,6267,4,2024-12-30,7,1,1,314.1,150.0,34.9
6949,6268,2,2024-12-30,2,2,2,254.15,129.0,44.85
6950,6269,1,2024-12-30,1,3,1,269.1,129.0,29.9
6951,6270,1,2024-12-30,3,2,1,299.0,129.0,0.0
6952,6271,4,2024-12-30,4,3,1,349.0,150.0,0.0
6953,6272,2,2024-12-30,3,1,1,269.1,129.0,29.9
6954,6273,4,2024-12-30,8,3,1,349.0,150.0,0.0
6955,6274,1,2024-12-30,3,3,1,299.0,129.0,0.0
6956,6275,3,2024-12-31,2,4,1,279.65,142.0,49.35
6957,6276,5,2024-12-31,2,3,1,296.65,150.0,52.35
6958,6277,5,2024-12-31,1,1,2,349.0,150.0,0.0
6959,4193,4,2024-12-31,1,1,2,314.1,150.0,34.9
6960,6278,5,2024-12-31,1,4,1,349.0,150.0,0.0
6961,6279,1,2024-12-31,3,5,1,299.0,129.0,0.0
6962,6280,4,2024-12-31,7,5,1,349.0,150.0,0.0
6963,6281,1,2024-12-31,5,5,1,299.0,129.0,0.0
6964,6282,5,2024-12-31,5,1,1,349.0,150.0,0.0
6965,6283,4,2024-12-31,1,2,1,349.0,150.0,0.0
6966,6284,5,2024-12-31,5,4,1,349.0,150.0,0.0
6967,1659,5,2024-12-31,4,4,1,349.0,150.0,0.0
6968,5896,1,2024-12-31,2,1,1,299.0,129.0,0.0
6969,6285,5,2024-12-31,3,5,1,349.0,150.0,0.0
6970,6286,1,2024-12-31,6,1,1,299.0,129.0,0.0
6971,6287,2,2024-12-31,7,1,1,299.0,129.0,0.0
6972,6288,1,2024-12-31,4,3,1,299.0,129.0,0.0
6973,6289,5,2024-12-31,2,5,1,296.65,150.0,52.35
6974,6290,6,2024-12-31,5,5,1,499.0,215.0,0.0
6975,6291,6,2024-12-31,5,1,1,499.0,215.0,0.0
6976,6292,6,2024-12-31,5,3,1,449.1,215.0,49.9
6977,6293,4,2024-12-31,1,1,1,296.65,150.0,52.35
6978,6294,4,2024-12-31,2,3,1,349.0,150.0,0.0
6979,6295,5,2024-12-31,1,2,1,296.65,150.0,52.35
6980,6296,5,2024-12-31,6,1,1,314.1,150.0,34.9
6981,6297,2,2024-12-31,1,2,1,269.1,129.0,29.9
6982,6298,2,2024-12-31,3,1,1,299.0,129.0,0.0
6983,6299,4,2024-12-31,1,1,1,296.65,150.0,52.35
6984,6300,1,2024-12-31,1,1,1,299.0,129.0,0.0
6985,6301,6,2024-12-31,1,3,1,499.0,215.0,0.0
6986,6302,5,2024-12-31,3,3,1,296.65,150.0,52.35
6987,6303,6,2024-12-31,6,2,1,499.0,215.0,0.0
6988,6304,5,2024-12-31,1,3,1,349.0,150.0,0.0
6989,6305,3,2024-12-31,3,5,1,329.0,142.0,0.0
6990,6306,3,2024-12-31,2,2,1,329.0,142.0,0.0
6991,6307,5,2024-12-31,3,1,1,314.1,150.0,34.9
6992,3991,4,2024-12-31,1,2,1,349.0,150.0,0.0
6993,6308,5,2024-12-31,7,1,1,349.0,150.0,0.0
6994,6309,2,2024-12-31,6,1,1,299.0,129.0,0.0
6995,6310,1,2024-12-31,8,1,1,299.0,129.0,0.0
6996,5478,5,2024-12-31,7,1,1,349.0,150.0,0.0
6997,6311,2,2025-01-01,3,2,1,299.0,129.0,0.0
6998,6312,4,2025-01-01,4,1,2,349.0,150.0,0.0
6999,6313,6,2025-01-01,1,5,1,424.15,215.0,74.85
7000,6314,1,2025-01-01,3,5,1,269.1,129.0,29.9
7001,6315,6,2025-01-01,2,1,1,499.0,215.0,0.0
7002,6316,5,2025-01-01,4,5,1,349.0,150.0,0.0
7003,6317,6,2025-01-01,2,3,1,449.1,215.0,49.9
7004,6318,1,2025-01-01,3,1,1,299.0,129.0,0.0
7005,6319,5,2025-01-01,5,3,1,349.0,150.0,0.0
7006,6320,2,2025-01-01,3,1,1,299.0,129.0,0.0
7007,6321,1,2025-01-01,1,4,1,299.0,129.0,0.0
7008,6322,4,2025-01-01,7,1,1,349.0,150.0,0.0
7009,6323,3,2025-01-01,2,2,1,329.0,142.0,0.0
7010,6324,4,2025-01-01,7,4,1,349.0,150.0,0.0
7011,6325,1,2025-01-01,7,5,1,299.0,129.0,0.0
7012,6326,2,2025-01-01,3,1,1,269.1,129.0,29.9
7013,6327,5,2025-01-01,1,1,1,349.0,150.0,0.0
7014,6328,6,2025-01-01,4,2,1,449.1,215.0,49.9
7015,4157,2,2025-01-01,2,5,1,299.0,129.0,0.0
7016,6329,1,2025-01-01,1,1,1,299.0,129.0,0.0
7017,6330,6,2025-01-01,3,1,1,449.1,215.0,49.9
7018,6331,4,2025-01-01,5,1,1,349.0,150.0,0.0
7019,6332,4,2025-01-01,1,3,1,349.0,150.0,0.0
7020,6219,4,2025-01-01,1,5,1,314.1,150.0,34.9
7021,6333,6,2025-01-01,1,2,1,449.1,215.0,49.9
7022,6334,5,2025-01-01,6,4,1,349.0,150.0,0.0
7023,6335,4,2025-01-01,3,2,1,314.1,150.0,34.9
7024,6336,3,2025-01-01,1,3,1,329.0,142.0,0.0
7025,6337,6,2025-01-01,4,1,1,499.0,215.0,0.0
7026,6338,4,2025-01-02,8,3,1,349.0,150.0,0.0
7027,6339,3,2025-01-02,1,2,1,329.0,142.0,0.0
7028,6340,2,2025-01-02,3,1,2,299.0,129.0,0.0
7029,6341,1,2025-01-02,8,4,1,254.15,129.0,44.85
7030,90289,4,2025-01-02,4,2,1,349.0,150.0,0.0
7031,6343,2,2025-01-02,,1,1,269.1,129.0,29.9
7032,6344,2,2025-01-02,1,1,1,299.0,129.0,0.0
7033,6345,4,2025-01-02,3,1,1,314.1,150.0,34.9
7034,6346,3,2025-01-02,5,1,1,279.65,142.0,49.35
7035,6347,5,2025-01-02,2,1,1,349.0,150.0,0.0
7036,6348,3,2025-01-02,3,1,1,279.65,142.0,49.35
7037,6349,1,2025-01-02,1,2,1,299.0,129.0,0.0
7038,6350,2,2025-01-02,1,5,1,299.0,129.0,0.0
7039,6351,5,2025-01-02,1,2,1,349.0,150.0,0.0
7040,6352,5,2025-01-02,8,2,1,349.0,150.0,0.0
7041,6353,5,2025-01-02,2,1,1,349.0,150.0,0.0
7042,6354,3,2025-01-02,1,2,1,329.0,142.0,0.0
7043,6355,5,2025-01-02,5,1,1,314.1,150.0,34.9
7044,1696,1,2025-01-02,1,2,1,299.0,129.0,0.0
7045,6356,2,2025-01-02,6,3,1,299.0,129.0,0.0
7046,6357,5,2025-01-02,2,2,1,349.0,150.0,0.0
7047,6358,5,2025-01-02,2,3,1,349.0,150.0,0.0
7048,6359,3,2025-01-02,5,2,2,329.0,142.0,0.0
7049,6360,4,2025-01-02,1,3,2,296.65,150.0,52.35
7050,6361,4,2025-01-02,3,1,1,349.0,150.0,0.0
7051,6362,5,2025-01-02,1,2,1,349.0,150.0,0.0
7052,6363,5,2025-01-03,1,1,1,314.1,150.0,34.9
7053,6364,4,2025-01-03,2,3,2,349.0,150.0,0.0
7054,6365,5,2025-01-03,3,1,1,349.0,150.0,0.0
7055,6366,2,2025-01-03,7,1,1,269.1,129.0,29.9
7056,6367,5,2025-01-03,5,2,1,349.0,150.0,0.0
7057,6368,5,2025-01-03,5,1,1,349.0,150.0,0.0
7058,6369,5,2025-01-03,2,2,1,349.0,150.0,0.0
7059,6370,4,2025-01-03,3,2,1,349.0,150.0,0.0
7060,6371,3,2025-01-03,2,2,1,279.65,142.0,49.35
7061,2890,4,2025-01-03,7,3,1,349.0,150.0,0.0
7062,6372,5,2025-01-03,1,4,1,349.0,150.0,0.0
7063,6373,4,2025-01-03,7,2,1,349.0,150.0,0.0
7064,6374,5,2025-01-03,4,5,1,349.0,150.0,0.0
7065,6375,3,2025-01-03,1,2,1,329.0,142.0,0.0
7066,6376,5,2025-01-03,5,3,1,349.0,150.0,0.0
7067,6377,4,2025-01-03,4,2,1,314.1,150.0,34.9
7068,6378,6,2025-01-03,3,1,1,499.0,215.0,0.0
7069,5843,4,2025-01-03,1,2,1,349.0,150.0,0.0
7070,6379,3,2025-01-03,3,5,2,279.65,142.0,49.35
7071,6380,1,2025-01-03,3,1,1,299.0,129.0,0.0
7072,6381,5,2025-01-03,5,4,1,349.0,150.0,0.0
7073,6382,2,2025-01-03,4,2,1,299.0,129.0,0.0
7074,6383,3,2025-01-03,8,2,1,329.0,142.0,0.0
7075,6384,4,2025-01-03,2,3,1,349.0,150.0,0.0
7076,4159,3,2025-01-04,7,1,2,296.1,142.0,32.9
7077,6385,5,2025-01-04,1,4,1,314.1,150.0,34.9
7078,6386,2,2025-01-04,2,2,1,299.0,129.0,0.0
7079,6387,4,2025-01-04,6,1,1,314.1,150.0,34.9
7080,6388,5,2025-01-04,2,1,1,349.0,150.0,0.0
7081,6389,5,2025-01-04,2,1,1,314.1,150.0,34.9
7082,6390,2,2025-01-04,5,1,1,299.0,129.0,0.0
7083,90226,5,2025-01-04,3,2,1,296.65,150.0,52.35
7084,6392,4,2025-01-04,3,4,1,349.0,150.0,0.0
7085,6393,5,2025-01-04,1,1,1,349.0,150.0,0.0
7086,6394,6,2025-01-04,5,1,1,499.0,215.0,0.0
7087,6395,5,2025-01-04,7,2,1,314.1,150.0,34.9
7088,6396,2,2025-01-04,7,5,1,299.0,129.0,0.0
7089,6397,4,2025-01-04,6,4,2,349.0,150.0,0.0
7090,6398,5,2025-01-04,1,3,2,296.65,150.0,52.35
7091,1499,6,2025-01-04,2,5,1,449.1,215.0,49.9
7092,6399,5,2025-01-04,3,3,1,349.0,150.0,0.0
7093,6400,5,2025-01-04,2,3,1,349.0,150.0,0.0
7094,6401,1,2025-01-04,7,3,1,299.0,129.0,0.0
7095,6402,2,2025-01-04,2,3,2,299.0,129.0,0.0
7096,6403,1,2025-01-04,2,2,1,254.15,129.0,44.85
7097,6404,4,2025-01-04,9,2,1,349.0,150.0,0.0
7098,6405,6,2025-01-04,5,3,1,499.0,215.0,0.0
7099,6406,1,2025-01-04,2,2,1,299.0,129.0,0.0
7100,6407,5,2025-01-04,3,2,1,296.65,150.0,52.35
7101,6408,4,2025-01-04,3,2,1,349.0,150.0,0.0
7102,6409,4,2025-01-04,1,4,1,349.0,150.0,0.0
7103,6410,5,2025-01-04,2,1,1,349.0,150.0,0.0
7104,6411,6,2025-01-05,2,2,1,499.0,215.0,0.0
7105,6412,5,2025-01-05,6,2,1,349.0,150.0,0.0
7106,6413,4,2025-01-05,4,3,1,349.0,150.0,0.0
7107,6414,4,2025-01-05,1,3,1,349.0,150.0,0.0
7108,6415,5,2025-01-05,,1,1,314.1,150.0,34.9
7109,6416,2,2025-01-05,3,1,1,269.1,129.0,29.9
7110,6417,1,2025-01-05,5,3,1,299.0,129.0,0.0
7111,6418,3,2025-01-05,2,1,1,279.65,142.0,49.35
7112,6419,2,2025-01-05,4,3,1,299.0,129.0,0.0
7113,1124,5,2025-01-05,1,1,1,349.0,150.0,0.0
7114,6420,2,2025-01-05,7,2,2,299.0,129.0,0.0
7115,6421,5,2025-01-05,1,5,1,314.1,150.0,34.9
7116,6422,1,2025-01-05,1,2,1,299.0,129.0,0.0
7117,6423,5,2025-01-05,7,2,1,314.1,150.0,34.9
7118,6424,2,2025-01-05,2,1,1,299.0,129.0,0.0
7119,6425,1,2025-01-05,4,5,1,299.0,129.0,0.0
7120,6426,1,2025-01-05,8,1,2,299.0,129.0,0.0
7121,6427,3,2025-01-05,2,1,1,296.1,142.0,32.9
7122,6428,2,2025-01-05,6,5,2,299.0,129.0,0.0
7123,6429,4,2025-01-05,7,2,1,349.0,150.0,0.0
7124,6430,4,2025-01-05,3,1,1,349.0,150.0,0.0
7125,2825,4,2025-01-05,2,2,1,349.0,150.0,0.0
7126,6431,5,2025-01-05,5,2,1,314.1,150.0,34.9
7127,6432,5,2025-01-05,1,1,1,314.1,150.0,34.9
7128,6433,1,2025-01-05,1,3,2,299.0,129.0,0.0
7129,6434,2,2025-01-05,1,1,1,299.0,129.0,0.0
7130,6435,6,2025-01-05,1,1,1,499.0,215.0,0.0
7131,6436,5,2025-01-05,1,1,1,349.0,150.0,0.0
7132,6437,5,2025-01-06,1,4,1,314.1,150.0,34.9
7133,6438,1,2025-01-06,7,2,1,299.0,129.0,0.0
7134,6384,5,2025-01-06,1,1,1,296.65,150.0,52.35
7135,6439,5,2025-01-06,1,2,1,349.0,150.0,0.0
7136,6440,2,2025-01-06,7,3,1,299.0,129.0,0.0
7137,6441,2,2025-01-06,3,3,1,254.15,129.0,44.85
7138,6442,5,2025-01-06,1,1,1,349.0,150.0,0.0
7139,6443,4,2025-01-06,4,1,1,314.1,150.0,34.9
7140,6444,1,2025-01-06,3,2,1,299.0,129.0,0.0
7141,6445,5,2025-01-06,9,1,1,349.0,150.0,0.0
7142,6446,1,2025-01-06,5,1,1,299.0,129.0,0.0
7143,6447,6,2025-01-06,5,4,1,499.0,215.0,0.0
7144,6448,3,2025-01-06,2,2,2,329.0,142.0,0.0
7145,6449,5,2025-01-06,4,1,1,314.1,150.0,34.9
7146,6450,2,2025-01-06,1,2,1,299.0,129.0,0.0
7147,6451,4,2025-01-06,1,2,1,349.0,150.0,0.0
7148,6452,2,2025-01-06,3,2,2,299.0,129.0,0.0
7149,6453,4,2025-01-06,1,3,1,349.0,150.0,0.0
7150,6362,5,2025-01-06,2,1,1,314.1,150.0,34.9
7151,6454,4,2025-01-06,6,3,1,349.0,150.0,0.0
7152,6455,2,2025-01-06,4,4,1,299.0,129.0,0.0
7153,6456,3,2025-01-06,1,1,1,329.0,142.0,0.0
7154,6457,5,2025-01-06,8,2,1,349.0,150.0,0.0
7155,6458,5,2025-01-06,2,2,1,314.1,150.0,34.9
7156,6459,5,2025-01-06,1,5,1,349.0,150.0,0.0
7157,6460,4,2025-01-06,7,2,1,349.0,150.0,0.0
7158,6461,1,2025-01-07,2,4,1,299.0,129.0,0.0
7159,6462,5,2025-01-07,5,1,1,349.0,150.0,0.0
7160,6463,1,2025-01-07,1,1,1,299.0,129.0,0.0
7161,6464,5,2025-01-07,2,1,2,296.65,150.0,52.35
7162,5811,2,2025-01-07,7,2,1,299.0,129.0,0.0
7163,6465,5,2025-01-07,2,2,1,349.0,150.0,0.0
7164,6466,4,2025-01-07,3,2,1,349.0,150.0,0.0
7165,6467,3,2025-01-07,2,2,2,329.0,142.0,0.0
7166,6468,6,2025-01-07,3,2,1,499.0,215.0,0.0
7167,6469,4,2025-01-07,1,2,2,349.0,150.0,0.0
7168,6470,3,2025-01-07,2,5,1,329.0,142.0,0.0
7169,6471,4,2025-01-07,5,1,1,349.0,150.0,0.0
7170,6472,4,2025-01-07,3,1,1,314.1,150.0,34.9
7171,6473,2,2025-01-07,4,3,1,299.0,129.0,0.0
7172,6474,3,2025-01-07,6,4,1,279.65,142.0,49.35
7173,6475,5,2025-01-07,5,4,1,296.65,150.0,52.35
7174,6476,5,2025-01-07,6,2,1,349.0,150.0,0.0
7175,6477,5,2025-01-07,2,4,1,349.0,150.0,0.0
7176,1071,1,2025-01-07,3,1,1,299.0,129.0,0.0
7177,6478,2,2025-01-07,1,4,1,299.0,129.0,0.0
7178,6479,4,2025-01-07,1,1,1,349.0,150.0,0.0
7179,6480,6,2025-01-07,3,4,1,499.0,215.0,0.0
7180,6481,5,2025-01-07,4,4,2,314.1,150.0,34.9
7181,6482,4,2025-01-07,3,2,1,349.0,150.0,0.0
7182,6483,1,2025-01-08,1,4,1,254.15,129.0,44.85
7183,6484,2,2025-01-08,1,2,1,299.0,129.0,0.0
7184,2125,4,2025-01-08,4,2,1,314.1,150.0,34.9
7185,6485,5,2025-01-08,4,1,1,314.1,150.0,34.9
7186,6486,6,2025-01-08,2,2,2,499.0,215.0,0.0
7187,6487,6,2025-01-08,2,3,1,499.0,215.0,0.0
7188,6488,4,2025-01-08,1,2,1,349.0,150.0,0.0
7189,2510,3,2025-01-08,5,2,1,329.0,142.0,0.0
7190,6489,3,2025-01-08,2,1,1,279.65,142.0,49.35
7191,6490,6,2025-01-08,3,2,1,499.0,215.0,0.0
7192,6491,3,2025-01-08,6,4,1,329.0,142.0,0.0
7193,6492,2,2025-01-08,5,1,1,269.1,129.0,29.9
7194,6493,3,2025-01-08,3,2,1,329.0,142.0,0.0
7195,6494,3,2025-01-08,3,2,1,329.0,142.0,0.0
7196,4827,5,2025-01-08,6,3,1,296.65,150.0,52.35
7197,6495,2,2025-01-08,4,1,1,299.0,129.0,0.0
7198,6496,6,2025-01-08,6,3,1,499.0,215.0,0.0
7199,6497,5,2025-01-08,,5,1,296.65,150.0,52.35
7200,6498,4,2025-01-08,3,3,1,314.1,150.0,34.9
7201,6499,4,2025-01-08,5,1,1,349.0,150.0,0.0
7202,6500,2,2025-01-08,2,2,1,299.0,129.0,0.0
7203,6501,6,2025-01-08,1,3,1,499.0,215.0,0.0
7204,6502,2,2025-01-09,1,2,1,254.15,129.0,44.85
7205,6503,4,2025-01-09,1,3,1,349.0,150.0,0.0
7206,6504,4,2025-01-09,6,1,1,349.0,150.0,0.0
7207,1995,6,2025-01-09,4,2,2,449.1,215.0,49.9
7208,606,5,2025-01-09,5,3,1,349.0,150.0,0.0
7209,6505,1,2025-01-09,1,1,1,299.0,129.0,0.0
7210,6506,5,2025-01-09,4,2,1,314.1,150.0,34.9
7211,6507,3,2025-01-09,2,1,1,329.0,142.0,0.0
7212,6508,2,2025-01-09,1,3,1,269.1,129.0,29.9
7213,6509,4,2025-01-09,9,1,1,314.1,150.0,34.9
7214,6510,4,2025-01-09,8,2,1,349.0,150.0,0.0
7215,6511,4,2025-01-09,1,4,1,349.0,150.0,0.0
7216,6512,5,2025-01-09,5,5,1,296.65,150.0,52.35
7217,6513,4,2025-01-09,2,2,1,349.0,150.0,0.0
7218,6514,5,2025-01-09,3,2,2,349.0,150.0,0.0
7219,6515,2,2025-01-09,1,5,1,299.0,129.0,0.0
7220,6516,2,2025-01-09,8,2,2,299.0,129.0,0.0
7221,6517,5,2025-01-09,1,5,1,349.0,150.0,0.0
7222,6518,5,2025-01-09,5,2,1,314.1,150.0,34.9
7223,6519,4,2025-01-09,1,3,1,349.0,150.0,0.0
7224,6520,4,2025-01-09,3,2,1,349.0,150.0,0.0
7225,6521,4,2025-01-09,3,5,1,349.0,150.0,0.0
7226,6522,4,2025-01-10,4,2,2,296.65,150.0,52.35
7227,6523,2,2025-01-10,8,2,1,269.1,129.0,29.9
7228,6524,4,2025-01-10,5,4,1,349.0,150.0,0.0
7229,6525,5,2025-01-10,1,3,1,314.1,150.0,34.9
7230,6526,3,2025-01-10,1,5,1,329.0,142.0,0.0
7231,6527,1,2025-01-10,2,5,1,269.1,129.0,29.9
7232,6528,6,2025-01-10,2,2,1,499.0,215.0,0.0
7233,6529,5,2025-01-10,2,1,1,349.0,150.0,0.0
7234,6530,6,2025-01-10,,1,1,499.0,215.0,0.0
7235,6531,5,2025-01-10,3,2,1,349.0,150.0,0.0
7236,6532,6,2025-01-10,8,1,1,499.0,215.0,0.0
7237,6533,3,2025-01-10,5,1,1,329.0,142.0,0.0
7238,6282,4,2025-01-10,3,1,2,349.0,150.0,0.0
7239,6534,6,2025-01-10,2,1,1,499.0,215.0,0.0
7240,6535,5,2025-01-10,4,4,1,349.0,150.0,0.0
7241,6536,3,2025-01-10,1,3,2,329.0,142.0,0.0
7242,6537,2,2025-01-10,5,1,1,254.15,129.0,44.85
7243,6538,5,2025-01-10,3,4,1,349.0,150.0,0.0
7244,6539,6,2025-01-10,1,1,1,449.1,215.0,49.9
7245,6540,6,2025-01-10,4,3,1,499.0,215.0,0.0
7246,6541,5,2025-01-10,5,3,1,296.65,150.0,52.35
7247,6542,6,2025-01-10,2,1,1,499.0,215.0,0.0
7248,6543,6,2025-01-10,4,2,1,449.1,215.0,49.9
7249,6544,4,2025-01-10,1,2,1,349.0,150.0,0.0
7250,6545,4,2025-01-10,3,5,1,314.1,150.0,34.9
7251,6546,5,2025-01-10,5,5,1,349.0,150.0,0.0
7252,6547,3,2025-01-10,6,2,1,329.0,142.0,0.0
7253,2906,2,2025-01-11,1,1,1,269.1,129.0,29.9
7254,6548,4,2025-01-11,3,1,1,314.1,150.0,34.9
7255,6549,2,2025-01-11,2,2,1,269.1,129.0,29.9
7256,6550,4,2025-01-11,9,2,1,349.0,150.0,0.0
7257,6551,2,2025-01-11,5,2,1,299.0,129.0,0.0
7258,6552,4,2025-01-11,9,2,1,349.0,150.0,0.0
7259,6553,4,2025-01-11,2,4,1,349.0,150.0,0.0
7260,6554,5,2025-01-11,1,5,1,349.0,150.0,0.0
7261,6555,4,2025-01-11,5,2,1,349.0,150.0,0.0
7262,6556,5,2025-01-11,5,2,1,296.65,150.0,52.35
7263,6557,1,2025-01-11,3,2,1,299.0,129.0,0.0
7264,6558,5,2025-01-11,4,1,1,296.65,150.0,52.35
7265,6559,6,2025-01-11,6,2,1,499.0,215.0,0.0
7266,6560,4,2025-01-11,3,1,1,349.0,150.0,0.0
7267,1622,4,2025-01-11,8,5,1,349.0,150.0,0.0
7268,6561,6,2025-01-11,3,5,1,499.0,215.0,0.0
7269,6562,4,2025-01-11,7,2,1,349.0,150.0,0.0
7270,6563,1,2025-01-11,4,1,1,299.0,129.0,0.0
7271,6564,1,2025-01-11,3,3,1,254.15,129.0,44.85
7272,6565,4,2025-01-11,1,2,1,314.1,150.0,34.9
7273,6566,1,2025-01-11,5,2,1,299.0,129.0,0.0
7274,6567,4,2025-01-11,4,2,1,349.0,150.0,0.0
7275,3827,3,2025-01-11,5,2,2,329.0,142.0,0.0
7276,6568,5,2025-01-11,8,2,1,349.0,150.0,0.0
7277,6569,5,2025-01-11,5,5,1,314.1,150.0,34.9
7278,6570,2,2025-01-11,2,1,1,254.15,129.0,44.85
7279,6571,4,2025-01-12,3,1,1,314.1,150.0,34.9
7280,6572,3,2025-01-12,4,1,1,329.0,142.0,0.0
7281,6573,6,2025-01-12,5,1,1,499.0,215.0,0.0
7282,6574,4,2025-01-12,1,1,1,349.0,150.0,0.0
7283,6575,3,2025-01-12,8,2,1,329.0,142.0,0.0
7284,6576,1,2025-01-12,2,1,1,299.0,129.0,0.0
7285,6577,4,2025-01-12,8,1,1,349.0,150.0,0.0
7286,6578,4,2025-01-12,3,2,1,349.0,150.0,0.0
7287,1893,4,2025-01-12,5,1,1,349.0,150.0,0.0
7288,2492,5,2025-01-12,1,2,1,349.0,150.0,0.0
7289,6579,4,2025-01-12,5,2,2,349.0,150.0,0.0
7290,6580,3,2025-01-12,3,1,1,329.0,142.0,0.0
7291,6581,4,2025-01-12,1,2,1,349.0,150.0,0.0
7292,6582,1,2025-01-12,3,2,1,299.0,129.0,0.0
7293,6583,6,2025-01-12,4,5,1,449.1,215.0,49.9
7294,6584,5,2025-01-12,2,2,1,349.0,150.0,0.0
7295,6585,5,2025-01-12,5,4,1,349.0,150.0,0.0
7296,6586,1,2025-01-12,2,1,1,254.15,129.0,44.85
7297,6587,2,2025-01-12,2,2,1,299.0,129.0,0.0
7298,90350,2,2025-01-12,3,1,1,299.0,129.0,0.0
7299,6589,6,2025-01-12,4,4,1,499.0,215.0,0.0
7300,6590,1,2025-01-12,1,4,1,299.0,129.0,0.0
7301,6591,1,2025-01-12,1,2,2,299.0,129.0,0.0
7302,6592,5,2025-01-12,8,1,1,349.0,150.0,0.0
7303,6593,4,2025-01-13,1,1,1,296.65,150.0,52.35
7304,6594,5,2025-01-13,3,2,1,296.65,150.0,52.35
7305,6595,5,2025-01-13,4,2,0,349.0,150.0,0.0
7306,6596,5,2025-01-13,3,5,1,296.65,150.0,52.35
7307,6597,2,2025-01-13,1,2,1,299.0,129.0,0.0
7308,6598,4,2025-01-13,2,1,1,349.0,150.0,0.0
7309,6599,4,2025-01-13,5,5,1,349.0,150.0,0.0
7310,6600,6,2025-01-13,5,1,1,449.1,215.0,49.9
7311,6601,6,2025-01-13,1,2,1,499.0,215.0,0.0
7312,6602,6,2025-01-13,8,3,1,499.0,215.0,0.0
7313,6603,5,2025-01-13,1,1,1,349.0,150.0,0.0
7314,6604,6,2025-01-13,3,1,1,499.0,215.0,0.0
7315,6605,3,2025-01-13,4,3,1,329.0,142.0,0.0
7316,6606,4,2025-01-13,2,2,1,349.0,150.0,0.0
7317,6607,5,2025-01-13,3,1,2,296.65,150.0,52.35
7318,6608,4,2025-01-13,3,4,1,349.0,150.0,0.0
7319,6609,4,2025-01-13,4,1,1,296.65,150.0,52.35
7320,6610,4,2025-01-13,5,4,1,314.1,150.0,34.9
7321,6611,3,2025-01-13,4,1,1,329.0,142.0,0.0
7322,6532,4,2025-01-13,1,2,1,296.65,150.0,52.35
7323,6612,5,2025-01-13,1,1,1,349.0,150.0,0.0
7324,6613,4,2025-01-13,1,1,1,349.0,150.0,0.0
7325,6614,3,2025-01-13,1,5,1,329.0,142.0,0.0
7326,6615,4,2025-01-13,1,2,2,296.65,150.0,52.35
7327,6616,5,2025-01-13,8,3,1,349.0,150.0,0.0
7328,6617,2,2025-01-13,3,1,1,299.0,129.0,0.0
7329,6618,5,2025-01-13,6,2,1,349.0,150.0,0.0
7330,6619,4,2025-01-14,5,2,1,349.0,150.0,0.0
7331,6620,6,2025-01-14,3,1,1,424.15,215.0,74.85
7332,6621,4,2025-01-14,2,2,1,349.0,150.0,0.0
7333,6622,6,2025-01-14,7,2,1,499.0,215.0,0.0
7334,6623,4,2025-01-14,5,1,1,296.65,150.0,52.35
7335,6624,5,2025-01-14,4,4,1,349.0,150.0,0.0
7336,6625,4,2025-01-14,1,1,1,349.0,150.0,0.0
7337,4718,3,2025-01-14,4,3,1,329.0,142.0,0.0
7338,6626,4,2025-01-14,2,1,1,349.0,150.0,0.0
7339,6627,4,2025-01-14,2,2,1,349.0,150.0,0.0
7340,6628,4,2025-01-14,1,5,1,349.0,150.0,0.0
7341,6629,1,2025-01-14,5,3,1,299.0,129.0,0.0
7342,6630,6,2025-01-14,2,1,1,499.0,215.0,0.0
7343,6631,5,2025-01-14,1,1,1,349.0,150.0,0.0
7344,6632,3,2025-01-14,1,1,1,329.0,142.0,0.0
7345,6633,5,2025-01-14,1,1,1,349.0,150.0,0.0
7346,6634,5,2025-01-14,8,2,1,349.0,150.0,0.0
7347,6635,1,2025-01-14,7,2,1,299.0,129.0,0.0
7348,6636,5,2025-01-14,4,1,2,349.0,150.0,0.0
7349,6637,2,2025-01-14,5,4,1,299.0,129.0,0.0
7350,6638,5,2025-01-14,1,3,2,296.65,150.0,52.35
7351,6639,2,2025-01-14,1,1,1,299.0,129.0,0.0
7352,6640,6,2025-01-15,5,1,1,499.0,215.0,0.0
7353,6641,1,2025-01-15,4,1,1,299.0,129.0,0.0
7354,6642,2,2025-01-15,4,3,1,269.1,129.0,29.9
7355,6643,4,2025-01-15,5,3,1,349.0,150.0,0.0
7356,6644,2,2025-01-15,5,1,1,254.15,129.0,44.85
7357,90228,5,2025-01-15,7,2,1,349.0,150.0,0.0
7358,6646,5,2025-01-15,2,1,1,349.0,150.0,0.0
7359,6647,5,2025-01-15,1,2,1,349.0,150.0,0.0
7360,6648,6,2025-01-15,1,2,1,499.0,215.0,0.0
7361,6649,6,2025-01-15,8,5,1,424.15,215.0,74.85
7362,6650,1,2025-01-15,4,1,1,299.0,129.0,0.0
7363,1161,4,2025-01-15,2,1,1,349.0,150.0,0.0
7364,6651,2,2025-01-15,9,2,1,299.0,129.0,0.0
7365,6652,2,2025-01-15,3,1,1,299.0,129.0,0.0
7366,6653,4,2025-01-15,5,1,1,349.0,150.0,0.0
7367,6654,5,2025-01-15,3,3,1,349.0,150.0,0.0
7368,6655,4,2025-01-15,1,1,1,349.0,150.0,0.0
7369,6656,4,2025-01-15,1,5,1,314.1,150.0,34.9
7370,6657,5,2025-01-15,3,5,1,349.0,150.0,0.0
7371,6658,1,2025-01-15,8,1,1,299.0,129.0,0.0
7372,6659,5,2025-01-15,7,1,1,349.0,150.0,0.0
7373,6660,5,2025-01-16,1,1,1,349.0,150.0,0.0
7374,6661,6,2025-01-16,4,2,1,499.0,215.0,0.0
7375,6662,5,2025-01-16,9,1,1,349.0,150.0,0.0
7376,3077,5,2025-01-16,1,1,1,314.1,150.0,34.9
7377,6663,5,2025-01-16,4,2,1,349.0,150.0,0.0
7378,6664,4,2025-01-16,3,1,1,349.0,150.0,0.0
7379,6665,2,2025-01-16,1,4,1,299.0,129.0,0.0
7380,6666,5,2025-01-16,5,1,1,349.0,150.0,0.0
7381,6667,5,2025-01-16,5,1,1,349.0,150.0,0.0
7382,6668,5,2025-01-16,2,1,1,349.0,150.0,0.0
7383,6669,3,2025-01-16,1,4,1,329.0,142.0,0.0
7384,6670,4,2025-01-16,3,5,1,349.0,150.0,0.0
7385,6671,5,2025-01-16,1,3,1,349.0,150.0,0.0
7386,6672,2,2025-01-16,2,1,1,254.15,129.0,44.85
7387,6673,4,2025-01-16,3,2,1,349.0,150.0,0.0
7388,6674,4,2025-01-16,7,3,1,314.1,150.0,34.9
7389,6675,4,2025-01-16,1,1,1,349.0,150.0,0.0
7390,6676,5,2025-01-16,3,5,1,349.0,150.0,0.0
7391,3848,5,2025-01-16,1,1,1,349.0,150.0,0.0
7392,6677,2,2025-01-16,7,2,1,299.0,129.0,0.0
7393,6678,2,2025-01-16,3,2,1,299.0,129.0,0.0
7394,4284,1,2025-01-16,2,5,1,299.0,129.0,0.0
7395,6405,4,2025-01-16,5,5,1,349.0,150.0,0.0
7396,6679,2,2025-01-16,1,2,1,299.0,129.0,0.0
7397,6680,3,2025-01-16,7,3,1,329.0,142.0,0.0
7398,6681,5,2025-01-16,5,5,1,349.0,150.0,0.0
7399,6682,1,2025-01-16,4,4,1,299.0,129.0,0.0
7400,6683,4,2025-01-16,1,2,1,349.0,150.0,0.0
7401,6684,2,2025-01-17,1,1,1,299.0,129.0,0.0
7402,6685,1,2025-01-17,1,1,1,299.0,129.0,0.0
7403,138,5,2025-01-17,7,1,1,349.0,150.0,0.0
7404,6686,1,2025-01-17,5,1,1,299.0,129.0,0.0
7405,2483,4,2025-01-17,7,1,1,314.1,150.0,34.9
7406,90207,4,2025-01-17,4,2,1,296.65,150.0,52.35
7407,6688,2,2025-01-17,7,4,1,299.0,129.0,0.0
7408,6689,4,2025-01-17,3,1,1,349.0,150.0,0.0
7409,6690,1,2025-01-17,1,2,1,269.1,129.0,29.9
7410,6691,4,2025-01-17,1,2,1,314.1,150.0,34.9
7411,6692,1,2025-01-17,3,5,1,254.15,129.0,44.85
7412,6693,2,2025-01-17,3,2,1,269.1,129.0,29.9
7413,6694,1,2025-01-17,1,3,2,254.15,129.0,44.85
7414,6695,6,2025-01-17,3,2,1,424.15,215.0,74.85
7415,6696,6,2025-01-17,8,1,1,499.0,215.0,0.0
7416,6697,1,2025-01-17,7,4,1,299.0,129.0,0.0
7417,6698,5,2025-01-17,2,3,1,349.0,150.0,0.0
7418,6699,5,2025-01-17,4,2,1,349.0,150.0,0.0
7419,6700,2,2025-01-17,3,2,2,299.0,129.0,0.0
7420,6701,6,2025-01-17,5,2,1,499.0,215.0,0.0
7421,6702,5,2025-01-17,1,5,2,349.0,150.0,0.0
7422,6703,4,2025-01-17,8,1,1,349.0,150.0,0.0
7423,6704,2,2025-01-17,4,2,1,299.0,129.0,0.0
7424,6705,6,2025-01-17,6,3,1,499.0,215.0,0.0
7425,6706,3,2025-01-17,1,1,1,329.0,142.0,0.0
7426,6707,5,2025-01-17,6,4,1,349.0,150.0,0.0
7427,6708,4,2025-01-17,3,1,1,349.0,150.0,0.0
7428,6709,2,2025-01-17,7,5,1,299.0,129.0,0.0
7429,6710,2,2025-01-18,1,2,1,299.0,129.0,0.0
7430,6711,5,2025-01-18,1,1,2,349.0,150.0,0.0
7431,6712,5,2025-01-18,8,4,1,349.0,150.0,0.0
7432,6713,4,2025-01-18,4,2,1,349.0,150.0,0.0
7433,6714,4,2025-01-18,3,1,1,349.0,150.0,0.0
7434,6715,4,2025-01-18,1,5,1,314.1,150.0,34.9
7435,6716,5,2025-01-18,4,2,1,349.0,150.0,0.0
7436,6717,4,2025-01-18,4,2,1,296.65,150.0,52.35
7437,6718,2,2025-01-18,3,2,1,299.0,129.0,0.0
7438,6719,1,2025-01-18,8,2,0,299.0,129.0,0.0
7439,6720,1,2025-01-18,1,2,1,299.0,129.0,0.0
7440,6721,1,2025-01-18,3,2,1,299.0,129.0,0.0
7441,6722,2,2025-01-18,5,3,1,299.0,129.0,0.0
7442,6723,4,2025-01-18,1,2,1,349.0,150.0,0.0
7443,5713,1,2025-01-18,7,1,1,299.0,129.0,0.0
7444,4100,2,2025-01-18,9,4,1,299.0,129.0,0.0
7445,6724,3,2025-01-18,9,3,1,329.0,142.0,0.0
7446,6725,1,2025-01-18,1,1,1,269.1,129.0,29.9
7447,6726,1,2025-01-18,1,1,1,299.0,129.0,0.0
7448,6727,1,2025-01-18,4,2,1,299.0,129.0,0.0
7449,6728,3,2025-01-18,2,1,2,329.0,142.0,0.0
7450,2807,1,2025-01-19,1,4,1,269.1,129.0,29.9
7451,6729,5,2025-01-19,5,1,1,314.1,150.0,34.9
7452,6730,3,2025-01-19,2,2,1,279.65,142.0,49.35
7453,6731,4,2025-01-19,1,1,1,349.0,150.0,0.0
7454,3857,6,2025-01-19,7,2,1,499.0,215.0,0.0
7455,6732,5,2025-01-19,2,1,1,349.0,150.0,0.0
7456,6733,4,2025-01-19,8,2,1,349.0,150.0,0.0
7457,6734,4,2025-01-19,2,1,1,349.0,150.0,0.0
7458,6735,4,2025-01-19,1,2,1,349.0,150.0,0.0
7459,6736,5,2025-01-19,3,3,2,314.1,150.0,34.9
7460,6737,5,2025-01-19,2,2,1,296.65,150.0,52.35
7461,6738,6,2025-01-19,7,2,1,424.15,215.0,74.85
7462,6739,5,2025-01-19,6,1,1,349.0,150.0,0.0
7463,6740,6,2025-01-19,1,1,1,424.15,215.0,74.85
7464,6741,5,2025-01-19,5,1,1,349.0,150.0,0.0
7465,15,3,2025-01-19,1,5,1,329.0,142.0,0.0
7466,6742,6,2025-01-19,3,4,1,424.15,215.0,74.85
7467,6743,5,2025-01-19,1,2,1,314.1,150.0,34.9
7468,6744,4,2025-01-19,4,2,1,296.65,150.0,52.35
7469,6745,4,2025-01-19,1,1,1,349.0,150.0,0.0
7470,6746,6,2025-01-19,7,1,1,499.0,215.0,0.0
7471,6747,1,2025-01-19,1,1,1,299.0,129.0,0.0
7472,6748,1,2025-01-20,1,5,1,299.0,129.0,0.0
7473,6749,4,2025-01-20,1,1,1,349.0,150.0,0.0
7474,6750,3,2025-01-20,6,1,1,329.0,142.0,0.0
7475,6751,1,2025-01-20,6,5,1,299.0,129.0,0.0
7476,6752,6,2025-01-20,2,1,1,499.0,215.0,0.0
7477,6753,5,2025-01-20,1,1,1,314.1,150.0,34.9
7478,6754,1,2025-01-20,5,1,1,299.0,129.0,0.0
7479,6755,6,2025-01-20,6,1,1,449.1,215.0,49.9
7480,6756,6,2025-01-20,2,2,1,499.0,215.0,0.0
7481,6757,2,2025-01-20,1,4,1,299.0,129.0,0.0
7482,6758,4,2025-01-20,1,1,1,314.1,150.0,34.9
7483,6759,1,2025-01-20,1,2,2,299.0,129.0,0.0
7484,6760,6,2025-01-20,4,1,1,499.0,215.0,0.0
7485,6761,1,2025-01-20,2,1,1,299.0,129.0,0.0
7486,6762,5,2025-01-20,2,3,1,349.0,150.0,0.0
7487,6763,2,2025-01-20,1,3,2,269.1,129.0,29.9
7488,6764,1,2025-01-20,6,1,1,299.0,129.0,0.0
7489,6765,5,2025-01-20,,1,1,296.65,150.0,52.35
7490,6055,2,2025-01-20,5,3,1,299.0,129.0,0.0
7491,6766,4,2025-01-20,3,2,1,349.0,150.0,0.0
7492,6767,5,2025-01-20,3,3,1,349.0,150.0,0.0
7493,6768,1,2025-01-21,1,1,1,269.1,129.0,29.9
7494,6769,1,2025-01-21,8,2,1,299.0,129.0,0.0
7495,6770,4,2025-01-21,1,1,1,349.0,150.0,0.0
7496,719,6,2025-01-21,3,2,1,449.1,215.0,49.9
7497,3537,4,2025-01-21,3,2,1,349.0,150.0,0.0
7498,6771,5,2025-01-21,4,4,1,349.0,150.0,0.0
7499,5466,4,2025-01-21,9,3,1,349.0,150.0,0.0
7500,6772,2,2025-01-21,1,1,1,254.15,129.0,44.85
7501,6773,3,2025-01-21,4,3,1,329.0,142.0,0.0
7502,6774,3,2025-01-21,5,5,1,329.0,142.0,0.0
7503,6775,1,2025-01-21,1,1,1,254.15,129.0,44.85
7504,6776,2,2025-01-21,3,2,1,299.0,129.0,0.0
7505,6777,2,2025-01-21,7,1,1,299.0,129.0,0.0
7506,6778,4,2025-01-21,2,1,1,349.0,150.0,0.0
7507,6779,5,2025-01-21,4,5,1,296.65,150.0,52.35
7508,6780,3,2025-01-21,7,2,1,329.0,142.0,0.0
7509,3114,4,2025-01-21,4,2,1,349.0,150.0,0.0
7510,6781,5,2025-01-21,8,4,1,349.0,150.0,0.0
7511,3558,4,2025-01-21,7,1,1,349.0,150.0,0.0
7512,6782,5,2025-01-21,1,1,1,349.0,150.0,0.0
7513,6783,4,2025-01-21,5,4,1,349.0,150.0,0.0
7514,6784,4,2025-01-21,3,2,1,314.1,150.0,34.9
7515,6785,5,2025-01-22,1,1,1,296.65,150.0,52.35
7516,6786,5,2025-01-22,1,1,1,349.0,150.0,0.0
7517,6787,5,2025-01-22,1,5,1,349.0,150.0,0.0
7518,6788,1,2025-01-22,1,1,1,299.0,129.0,0.0
7519,6789,1,2025-01-22,1,2,1,269.1,129.0,29.9
7520,6790,4,2025-01-22,2,1,1,349.0,150.0,0.0
7521,6791,6,2025-01-22,1,5,1,424.15,215.0,74.85
7522,6792,5,2025-01-22,4,5,1,314.1,150.0,34.9
7523,6407,5,2025-01-22,6,3,1,349.0,150.0,0.0
7524,6793,4,2025-01-22,4,2,1,296.65,150.0,52.35
7525,6794,5,2025-01-22,3,2,1,349.0,150.0,0.0
7526,6795,2,2025-01-22,8,3,1,299.0,129.0,0.0
7527,6796,1,2025-01-22,2,1,1,299.0,129.0,0.0
7528,6797,5,2025-01-22,1,1,1,349.0,150.0,0.0
7529,6798,3,2025-01-22,1,4,1,296.1,142.0,32.9
7530,6799,4,2025-01-22,6,4,1,296.65,150.0,52.35
7531,6800,5,2025-01-22,1,3,1,349.0,150.0,0.0
7532,6801,2,2025-01-22,3,3,1,254.15,129.0,44.85
7533,6802,4,2025-01-22,5,1,1,349.0,150.0,0.0
7534,2914,5,2025-01-22,1,4,1,349.0,150.0,0.0
7535,6803,1,2025-01-22,8,2,1,254.15,129.0,44.85
7536,6804,4,2025-01-22,,1,1,349.0,150.0,0.0
7537,6805,6,2025-01-22,3,1,1,424.15,215.0,74.85
7538,6806,4,2025-01-22,5,1,1,349.0,150.0,0.0
7539,6807,1,2025-01-22,7,4,1,299.0,129.0,0.0
7540,6808,3,2025-01-22,5,4,1,329.0,142.0,0.0
7541,6809,4,2025-01-22,9,2,1,349.0,150.0,0.0
7542,6810,5,2025-01-22,1,1,1,349.0,150.0,0.0
7543,6811,2,2025-01-23,2,1,1,269.1,129.0,29.9
7544,6812,5,2025-01-23,2,1,1,349.0,150.0,0.0
7545,6813,3,2025-01-23,1,1,1,329.0,142.0,0.0
7546,6814,2,2025-01-23,5,1,1,299.0,129.0,0.0
7547,6815,4,2025-01-23,1,5,1,349.0,150.0,0.0
7548,6816,1,2025-01-23,3,2,2,299.0,129.0,0.0
7549,5133,4,2025-01-23,2,2,1,349.0,150.0,0.0
7550,2791,3,2025-01-23,3,1,1,279.65,142.0,49.35
7551,6817,3,2025-01-23,1,1,1,279.65,142.0,49.35
7552,6818,5,2025-01-23,7,1,1,349.0,150.0,0.0
7553,6819,5,2025-01-23,7,1,1,349.0,150.0,0.0
7554,6820,4,2025-01-23,5,5,2,349.0,150.0,0.0
7555,5378,6,2025-01-23,1,2,1,499.0,215.0,0.0
7556,6821,4,2025-01-23,1,1,1,314.1,150.0,34.9
7557,6822,4,2025-01-23,1,5,1,296.65,150.0,52.35
7558,6823,4,2025-01-23,3,4,1,349.0,150.0,0.0
7559,6824,4,2025-01-23,2,5,1,314.1,150.0,34.9
7560,3309,4,2025-01-23,1,1,1,349.0,150.0,0.0
7561,6825,2,2025-01-23,2,2,2,299.0,129.0,0.0
7562,6826,6,2025-01-23,5,1,1,499.0,215.0,0.0
7563,6827,5,2025-01-23,3,2,2,314.1,150.0,34.9
7564,6828,3,2025-01-23,7,2,1,329.0,142.0,0.0
7565,6829,4,2025-01-23,9,5,1,314.1,150.0,34.9
7566,6830,5,2025-01-23,3,3,1,349.0,150.0,0.0
7567,6831,4,2025-01-23,8,1,1,349.0,150.0,0.0
7568,6832,6,2025-01-23,5,3,1,499.0,215.0,0.0
7569,6833,5,2025-01-24,7,1,1,314.1,150.0,34.9
7570,6834,3,2025-01-24,9,3,1,329.0,142.0,0.0
7571,6835,5,2025-01-24,3,1,1,314.1,150.0,34.9
7572,6836,2,2025-01-24,7,2,2,299.0,129.0,0.0
7573,6837,6,2025-01-24,7,3,2,424.15,215.0,74.85
7574,6838,4,2025-01-24,3,1,1,349.0,150.0,0.0
7575,6839,1,2025-01-24,2,3,1,299.0,129.0,0.0
7576,6840,5,2025-01-24,1,4,1,296.65,150.0,52.35
7577,6841,5,2025-01-24,2,2,1,314.1,150.0,34.9
7578,6842,1,2025-01-24,1,1,1,299.0,129.0,0.0
7579,6843,5,2025-01-24,3,1,2,349.0,150.0,0.0
7580,6844,1,2025-01-24,1,3,1,299.0,129.0,0.0
7581,6845,2,2025-01-24,2,3,1,299.0,129.0,0.0
7582,6846,2,2025-01-24,2,2,2,269.1,129.0,29.9
7583,6847,1,2025-01-24,4,4,2,299.0,129.0,0.0
7584,6848,3,2025-01-24,1,5,1,329.0,142.0,0.0
7585,6849,4,2025-01-24,5,1,1,349.0,150.0,0.0
7586,6850,4,2025-01-24,5,2,1,314.1,150.0,34.9
7587,6851,2,2025-01-24,4,2,1,299.0,129.0,0.0
7588,6852,3,2025-01-24,2,1,1,329.0,142.0,0.0
7589,6853,5,2025-01-24,3,1,2,349.0,150.0,0.0
7590,6854,4,2025-01-24,3,3,1,296.65,150.0,52.35
7591,6855,5,2025-01-24,5,4,1,349.0,150.0,0.0
7592,6856,4,2025-01-24,5,1,1,314.1,150.0,34.9
7593,6857,2,2025-01-24,1,2,1,299.0,129.0,0.0
7594,6858,4,2025-01-25,4,1,2,349.0,150.0,0.0
7595,6859,5,2025-01-25,5,1,1,349.0,150.0,0.0
7596,6860,3,2025-01-25,1,4,2,329.0,142.0,0.0
7597,6861,1,2025-01-25,1,2,1,269.1,129.0,29.9
7598,6862,1,2025-01-25,2,2,2,299.0,129.0,0.0
7599,6863,5,2025-01-25,3,3,1,349.0,150.0,0.0
7600,6864,3,2025-01-25,1,4,1,329.0,142.0,0.0
7601,6865,6,2025-01-25,2,4,1,499.0,215.0,0.0
7602,3413,4,2025-01-25,5,2,1,349.0,150.0,0.0
7603,6866,5,2025-01-25,3,2,1,296.65,150.0,52.35
7604,6867,2,2025-01-25,3,1,1,269.1,129.0,29.9
7605,6868,6,2025-01-25,4,3,1,499.0,215.0,0.0
7606,6869,4,2025-01-25,3,1,1,314.1,150.0,34.9
7607,6870,4,2025-01-25,1,1,1,349.0,150.0,0.0
7608,6871,1,2025-01-25,1,2,1,299.0,129.0,0.0
7609,6872,4,2025-01-25,3,3,1,314.1,150.0,34.9
7610,6873,4,2025-01-25,3,2,1,349.0,150.0,0.0
7611,6874,5,2025-01-25,1,2,1,314.1,150.0,34.9
7612,6875,4,2025-01-25,7,2,1,349.0,150.0,0.0
7613,6876,6,2025-01-25,3,4,1,449.1,215.0,49.9
7614,6877,3,2025-01-25,6,2,1,329.0,142.0,0.0
7615,6878,5,2025-01-25,4,4,1,349.0,150.0,0.0
7616,6879,4,2025-01-25,2,2,1,349.0,150.0,0.0
7617,6880,6,2025-01-25,1,2,1,424.15,215.0,74.85
7618,6881,4,2025-01-25,1,5,1,296.65,150.0,52.35
7619,6882,6,2025-01-26,2,5,1,499.0,215.0,0.0
7620,6883,2,2025-01-26,5,3,1,299.0,129.0,0.0
7621,6884,5,2025-01-26,1,2,1,314.1,150.0,34.9
7622,2341,4,2025-01-26,1,3,1,296.65,150.0,52.35
7623,6885,2,2025-01-26,4,2,1,299.0,129.0,0.0
7624,6886,6,2025-01-26,1,4,2,499.0,215.0,0.0
7625,6887,5,2025-01-26,7,1,2,349.0,150.0,0.0
7626,5663,6,2025-01-26,5,3,1,424.15,215.0,74.85
7627,6888,2,2025-01-26,3,3,2,299.0,129.0,0.0
7628,268,5,2025-01-26,4,4,1,349.0,150.0,0.0
7629,6889,4,2025-01-26,9,4,2,349.0,150.0,0.0
7630,6890,5,2025-01-26,3,2,1,349.0,150.0,0.0
7631,6891,2,2025-01-26,3,3,2,269.1,129.0,29.9
7632,6892,2,2025-01-26,2,2,1,299.0,129.0,0.0
7633,6893,4,2025-01-26,5,1,1,296.65,150.0,52.35
7634,6217,5,2025-01-26,4,2,1,296.65,150.0,52.35
7635,6894,1,2025-01-26,7,2,1,299.0,129.0,0.0
7636,6895,4,2025-01-26,3,1,1,349.0,150.0,0.0
7637,239,6,2025-01-26,8,2,1,499.0,215.0,0.0
7638,6896,3,2025-01-26,5,1,1,329.0,142.0,0.0
7639,6897,2,2025-01-26,1,2,1,299.0,129.0,0.0
7640,6898,4,2025-01-26,1,1,1,349.0,150.0,0.0
7641,6899,5,2025-01-26,1,4,1,349.0,150.0,0.0
7642,6900,3,2025-01-26,1,3,1,329.0,142.0,0.0
7643,6901,6,2025-01-27,5,1,1,499.0,215.0,0.0
7644,6902,2,2025-01-27,2,2,1,299.0,129.0,0.0
7645,6903,3,2025-01-27,4,1,1,329.0,142.0,0.0
7646,6537,5,2025-01-27,1,5,1,349.0,150.0,0.0
7647,6089,4,2025-01-27,7,1,1,296.65,150.0,52.35
7648,6904,6,2025-01-27,1,1,1,499.0,215.0,0.0
7649,6905,5,2025-01-27,7,5,1,349.0,150.0,0.0
7650,6906,6,2025-01-27,3,2,1,499.0,215.0,0.0
7651,6907,4,2025-01-27,7,4,1,349.0,150.0,0.0
7652,6908,4,2025-01-27,7,3,1,349.0,150.0,0.0
7653,6909,5,2025-01-27,3,2,1,349.0,150.0,0.0
7654,6910,4,2025-01-27,3,3,1,349.0,150.0,0.0
7655,6911,1,2025-01-27,5,4,1,269.1,129.0,29.9
7656,6912,4,2025-01-27,9,2,1,314.1,150.0,34.9
7657,6913,5,2025-01-27,8,1,1,349.0,150.0,0.0
7658,6914,2,2025-01-27,1,4,1,299.0,129.0,0.0
7659,2548,5,2025-01-27,3,3,1,314.1,150.0,34.9
7660,6915,1,2025-01-27,5,2,2,299.0,129.0,0.0
7661,6916,5,2025-01-27,3,4,1,314.1,150.0,34.9
7662,6917,5,2025-01-27,3,2,1,349.0,150.0,0.0
7663,6918,2,2025-01-27,5,2,1,299.0,129.0,0.0
7664,6919,4,2025-01-27,2,4,1,349.0,150.0,0.0
7665,6920,5,2025-01-27,8,2,1,314.1,150.0,34.9
7666,6921,2,2025-01-28,2,1,1,299.0,129.0,0.0
7667,6922,5,2025-01-28,1,1,1,349.0,150.0,0.0
7668,3411,5,2025-01-28,1,2,1,349.0,150.0,0.0
7669,6923,5,2025-01-28,3,5,1,349.0,150.0,0.0
7670,6924,2,2025-01-28,1,2,1,299.0,129.0,0.0
7671,6925,2,2025-01-28,3,2,1,299.0,129.0,0.0
7672,6926,6,2025-01-28,1,1,1,499.0,215.0,0.0
7673,6927,3,2025-01-28,8,1,1,296.1,142.0,32.9
7674,6928,2,2025-01-28,5,1,1,299.0,129.0,0.0
7675,6929,5,2025-01-28,1,5,1,349.0,150.0,0.0
7676,6930,3,2025-01-28,9,1,2,296.1,142.0,32.9
7677,6931,6,2025-01-28,9,5,1,499.0,215.0,0.0
7678,6932,2,2025-01-28,3,2,1,269.1,129.0,29.9
7679,6933,1,2025-01-28,1,4,1,269.1,129.0,29.9
7680,6934,2,2025-01-28,6,5,1,299.0,129.0,0.0
7681,6935,4,2025-01-28,8,3,1,314.1,150.0,34.9
7682,6936,2,2025-01-28,1,2,2,299.0,129.0,0.0
7683,6937,2,2025-01-28,2,1,1,299.0,129.0,0.0
7684,6938,5,2025-01-28,1,1,1,296.65,150.0,52.35
7685,6939,5,2025-01-28,1,4,1,314.1,150.0,34.9
7686,3460,5,2025-01-28,8,1,1,314.1,150.0,34.9
7687,6940,1,2025-01-28,1,1,1,299.0,129.0,0.0
7688,6941,6,2025-01-28,8,4,1,424.15,215.0,74.85
7689,6942,4,2025-01-28,2,3,1,349.0,150.0,0.0
7690,3183,5,2025-01-28,7,3,1,349.0,150.0,0.0
7691,3923,6,2025-01-28,6,1,1,499.0,215.0,0.0
7692,6943,3,2025-01-29,6,1,1,329.0,142.0,0.0
7693,6944,3,2025-01-29,2,4,1,296.1,142.0,32.9
7694,6945,5,2025-01-29,1,3,1,349.0,150.0,0.0
7695,6946,4,2025-01-29,5,1,1,314.1,150.0,34.9
7696,6947,5,2025-01-29,3,4,1,349.0,150.0,0.0
7697,1514,1,2025-01-29,1,1,1,254.15,129.0,44.85
7698,6948,4,2025-01-29,7,1,1,349.0,150.0,0.0
7699,6949,2,2025-01-29,6,1,1,299.0,129.0,0.0
7700,6950,1,2025-01-29,7,5,1,299.0,129.0,0.0
7701,6951,2,2025-01-29,1,1,1,254.15,129.0,44.85
7702,6952,4,2025-01-29,3,3,1,349.0,150.0,0.0
7703,6953,5,2025-01-29,1,3,1,314.1,150.0,34.9
7704,6954,5,2025-01-29,3,1,2,314.1,150.0,34.9
7705,6955,4,2025-01-29,1,1,2,349.0,150.0,0.0
7706,6156,5,2025-01-29,1,5,1,349.0,150.0,0.0
7707,6956,1,2025-01-29,1,3,2,299.0,129.0,0.0
7708,6957,1,2025-01-29,1,2,1,254.15,129.0,44.85
7709,5058,4,2025-01-29,5,3,1,349.0,150.0,0.0
7710,6958,3,2025-01-30,2,1,1,329.0,142.0,0.0
7711,6959,4,2025-01-30,5,2,1,349.0,150.0,0.0
7712,6960,1,2025-01-30,5,1,1,299.0,129.0,0.0
7713,6961,5,2025-01-30,3,2,1,349.0,150.0,0.0
7714,1527,2,2025-01-30,2,2,1,254.15,129.0,44.85
7715,6962,4,2025-01-30,5,2,1,349.0,150.0,0.0
7716,4419,4,2025-01-30,1,4,1,349.0,150.0,0.0
7717,6963,4,2025-01-30,1,1,1,349.0,150.0,0.0
7718,6964,6,2025-01-30,2,2,1,499.0,215.0,0.0
7719,6965,2,2025-01-30,1,2,1,299.0,129.0,0.0
7720,6966,5,2025-01-30,5,4,1,349.0,150.0,0.0
7721,6967,5,2025-01-30,,2,1,349.0,150.0,0.0
7722,6968,5,2025-01-30,4,3,1,349.0,150.0,0.0
7723,6969,4,2025-01-30,3,1,1,296.65,150.0,52.35
7724,6970,5,2025-01-30,5,1,1,314.1,150.0,34.9
7725,1017,2,2025-01-30,3,1,1,299.0,129.0,0.0
7726,6971,3,2025-01-30,1,2,1,329.0,142.0,0.0
7727,6972,4,2025-01-30,2,1,1,349.0,150.0,0.0
7728,6973,1,2025-01-30,4,4,1,254.15,129.0,44.85
7729,6974,4,2025-01-30,7,3,1,349.0,150.0,0.0
7730,6975,4,2025-01-30,2,4,1,296.65,150.0,52.35
7731,6976,3,2025-01-30,5,2,1,279.65,142.0,49.35
7732,2900,6,2025-01-30,8,2,1,499.0,215.0,0.0
7733,6977,4,2025-01-30,4,1,2,314.1,150.0,34.9
7734,6978,5,2025-01-31,2,1,2,296.65,150.0,52.35
7735,6979,4,2025-01-31,6,4,1,296.65,150.0,52.35
7736,6980,6,2025-01-31,1,4,1,499.0,215.0,0.0
7737,6981,6,2025-01-31,1,1,1,499.0,215.0,0.0
7738,6982,1,2025-01-31,3,2,1,299.0,129.0,0.0
7739,6983,6,2025-01-31,5,4,2,499.0,215.0,0.0
7740,6984,4,2025-01-31,2,1,2,314.1,150.0,34.9
7741,6985,5,2025-01-31,3,3,1,349.0,150.0,0.0
7742,6986,4,2025-01-31,7,2,1,349.0,150.0,0.0
7743,6987,4,2025-01-31,2,3,1,349.0,150.0,0.0
7744,4073,2,2025-01-31,1,4,1,299.0,129.0,0.0
7745,6988,3,2025-01-31,1,1,1,329.0,142.0,0.0
7746,6989,4,2025-01-31,6,2,1,349.0,150.0,0.0
7747,4442,3,2025-01-31,8,1,2,329.0,142.0,0.0
7748,6990,6,2025-01-31,1,2,1,449.1,215.0,49.9
7749,6991,6,2025-01-31,2,1,1,499.0,215.0,0.0
7750,6992,4,2025-01-31,1,1,1,349.0,150.0,0.0
7751,6993,3,2025-01-31,5,2,1,329.0,142.0,0.0
7752,6994,3,2025-01-31,5,5,1,329.0,142.0,0.0
7753,6995,3,2025-01-31,1,1,1,329.0,142.0,0.0
7754,6996,2,2025-01-31,3,2,1,299.0,129.0,0.0
7755,6997,5,2025-01-31,5,1,2,349.0,150.0,0.0
7756,6998,6,2025-01-31,7,2,1,499.0,215.0,0.0
7757,6999,1,2025-01-31,6,1,1,299.0,129.0,0.0
7758,7000,1,2025-01-31,3,2,1,269.1,129.0,29.9
7759,7001,1,2025-01-31,1,2,1,254.15,129.0,44.85
7760,7002,4,2025-02-01,5,2,1,349.0,150.0,0.0
7761,7003,5,2025-02-01,3,4,1,314.1,150.0,34.9
7762,7004,4,2025-02-01,6,1,1,349.0,150.0,0.0
7763,2368,4,2025-02-01,6,2,1,349.0,150.0,0.0
7764,7005,3,2025-02-01,3,1,1,329.0,142.0,0.0
7765,7006,1,2025-02-01,1,2,1,269.1,129.0,29.9
7766,7007,4,2025-02-01,4,2,1,349.0,150.0,0.0
7767,7008,5,2025-02-01,2,1,1,314.1,150.0,34.9
7768,7009,2,2025-02-01,2,3,1,254.15,129.0,44.85
7769,7010,1,2025-02-01,2,5,1,299.0,129.0,0.0
7770,7011,6,2025-02-01,3,1,1,424.15,215.0,74.85
7771,7012,1,2025-02-01,1,1,1,299.0,129.0,0.0
7772,7013,5,2025-02-01,,2,1,296.65,150.0,52.35
7773,7014,4,2025-02-01,1,5,1,349.0,150.0,0.0
7774,7015,5,2025-02-01,1,4,1,349.0,150.0,0.0
7775,7016,2,2025-02-01,4,1,1,299.0,129.0,0.0
7776,7017,5,2025-02-01,2,2,1,314.1,150.0,34.9
7777,7018,5,2025-02-01,1,3,1,349.0,150.0,0.0
7778,7019,2,2025-02-01,7,2,1,254.15,129.0,44.85
7779,7020,3,2025-02-01,1,1,1,329.0,142.0,0.0
7780,7021,2,2025-02-01,4,5,1,299.0,129.0,0.0
7781,2849,2,2025-02-01,8,2,1,299.0,129.0,0.0
7782,7022,4,2025-02-01,8,1,1,314.1,150.0,34.9
7783,7023,4,2025-02-02,9,2,1,349.0,150.0,0.0
7784,7024,2,2025-02-02,3,1,1,299.0,129.0,0.0
7785,7025,5,2025-02-02,3,3,1,349.0,150.0,0.0
7786,7026,5,2025-02-02,6,2,1,296.65,150.0,52.35
7787,7027,4,2025-02-02,4,1,2,349.0,150.0,0.0
7788,7028,4,2025-02-02,1,3,2,349.0,150.0,0.0
7789,7029,5,2025-02-02,7,1,1,349.0,150.0,0.0
7790,7030,6,2025-02-02,5,1,1,499.0,215.0,0.0
7791,7031,2,2025-02-02,3,1,1,299.0,129.0,0.0
7792,7032,4,2025-02-02,1,2,1,349.0,150.0,0.0
7793,7033,1,2025-02-02,9,2,1,269.1,129.0,29.9
7794,7034,2,2025-02-02,1,2,1,299.0,129.0,0.0
7795,7035,1,2025-02-02,7,1,1,269.1,129.0,29.9
7796,7036,6,2025-02-02,1,4,2,499.0,215.0,0.0
7797,7037,6,2025-02-02,1,2,1,499.0,215.0,0.0
7798,7038,5,2025-02-02,3,3,1,296.65,150.0,52.35
7799,7039,1,2025-02-02,1,5,1,299.0,129.0,0.0
7800,277,5,2025-02-02,5,1,1,349.0,150.0,0.0
7801,7040,3,2025-02-02,3,3,1,296.1,142.0,32.9
7802,7041,2,2025-02-02,3,4,1,299.0,129.0,0.0
7803,7042,2,2025-02-02,4,1,1,254.15,129.0,44.85
7804,7043,6,2025-02-02,3,4,1,499.0,215.0,0.0
7805,7044,4,2025-02-02,7,1,1,349.0,150.0,0.0
7806,7045,6,2025-02-02,1,2,1,424.15,215.0,74.85
7807,7046,4,2025-02-02,1,5,1,349.0,150.0,0.0
7808,7047,5,2025-02-02,1,2,1,349.0,150.0,0.0
7809,7048,4,2025-02-02,1,1,2,349.0,150.0,0.0
7810,7049,6,2025-02-02,5,2,1,499.0,215.0,0.0
7811,7050,5,2025-02-03,1,1,1,349.0,150.0,0.0
7812,7051,1,2025-02-03,5,2,1,299.0,129.0,0.0
7813,7052,5,2025-02-03,3,2,1,349.0,150.0,0.0
7814,7053,3,2025-02-03,3,3,1,329.0,142.0,0.0
7815,7054,5,2025-02-03,7,3,1,349.0,150.0,0.0
7816,7055,3,2025-02-03,3,2,1,329.0,142.0,0.0
7817,7056,4,2025-02-03,3,1,1,349.0,150.0,0.0
7818,4285,5,2025-02-03,3,1,1,349.0,150.0,0.0
7819,7057,3,2025-02-03,3,2,1,329.0,142.0,0.0
7820,7058,6,2025-02-03,3,1,1,499.0,215.0,0.0
7821,7059,2,2025-02-03,3,3,1,299.0,129.0,0.0
7822,7060,4,2025-02-03,7,2,1,349.0,150.0,0.0
7823,7061,4,2025-02-03,7,5,1,349.0,150.0,0.0
7824,7062,1,2025-02-03,1,2,1,299.0,129.0,0.0
7825,7063,4,2025-02-03,7,3,1,349.0,150.0,0.0
7826,7064,5,2025-02-03,3,2,1,349.0,150.0,0.0
7827,7065,1,2025-02-03,1,4,1,299.0,129.0,0.0
7828,7066,4,2025-02-03,6,2,1,349.0,150.0,0.0
7829,7067,4,2025-02-03,3,4,1,314.1,150.0,34.9
7830,7068,1,2025-02-03,2,3,1,299.0,129.0,0.0
7831,7069,5,2025-02-03,7,1,1,296.65,150.0,52.35
7832,7070,1,2025-02-03,1,2,1,299.0,129.0,0.0
7833,7071,5,2025-02-03,6,3,1,349.0,150.0,0.0
7834,7072,2,2025-02-03,2,4,1,254.15,129.0,44.85
7835,7073,1,2025-02-03,3,4,1,299.0,129.0,0.0
7836,7074,5,2025-02-03,5,1,1,349.0,150.0,0.0
7837,7075,1,2025-02-03,5,2,2,299.0,129.0,0.0
7838,7076,5,2025-02-03,4,3,1,349.0,150.0,0.0
7839,7077,4,2025-02-03,5,1,1,314.1,150.0,34.9
7840,7078,5,2025-02-03,2,5,1,349.0,150.0,0.0
7841,7079,4,2025-02-03,9,5,1,296.65,150.0,52.35
7842,7080,4,2025-02-04,2,5,1,349.0,150.0,0.0
7843,3594,5,2025-02-04,2,1,1,349.0,150.0,0.0
7844,7081,4,2025-02-04,1,5,1,314.1,150.0,34.9
7845,2413,1,2025-02-04,7,1,1,299.0,129.0,0.0
7846,7082,5,2025-02-04,5,1,1,349.0,150.0,0.0
7847,7083,4,2025-02-04,2,5,1,349.0,150.0,0.0
7848,7084,2,2025-02-04,2,1,1,299.0,129.0,0.0
7849,7085,6,2025-02-04,6,1,2,499.0,215.0,0.0
7850,7086,2,2025-02-04,7,1,1,299.0,129.0,0.0
7851,7087,2,2025-02-04,8,1,1,299.0,129.0,0.0
7852,4750,6,2025-02-04,4,1,1,499.0,215.0,0.0
7853,7088,2,2025-02-04,5,1,1,299.0,129.0,0.0
7854,7089,4,2025-02-04,3,2,1,296.65,150.0,52.35
7855,486,2,2025-02-04,6,2,1,299.0,129.0,0.0
7856,6875,4,2025-02-04,2,1,1,349.0,150.0,0.0
7857,6808,4,2025-02-04,5,2,1,314.1,150.0,34.9
7858,7090,5,2025-02-04,1,2,1,349.0,150.0,0.0
7859,7091,5,2025-02-04,1,2,1,349.0,150.0,0.0
7860,7092,4,2025-02-04,3,2,1,349.0,150.0,0.0
7861,7093,2,2025-02-04,1,2,1,299.0,129.0,0.0
7862,7094,4,2025-02-04,3,3,1,296.65,150.0,52.35
7863,7095,6,2025-02-04,3,1,1,499.0,215.0,0.0
7864,7096,3,2025-02-04,3,2,1,329.0,142.0,0.0
7865,7097,5,2025-02-04,1,5,1,349.0,150.0,0.0
7866,5106,5,2025-02-04,1,3,1,349.0,150.0,0.0
7867,7098,2,2025-02-05,5,2,1,299.0,129.0,0.0
7868,7099,1,2025-02-05,4,1,1,299.0,129.0,0.0
7869,7100,5,2025-02-05,2,1,1,349.0,150.0,0.0
7870,7101,4,2025-02-05,1,1,1,349.0,150.0,0.0
7871,7102,1,2025-02-05,5,1,1,254.15,129.0,44.85
7872,7103,4,2025-02-05,1,2,1,349.0,150.0,0.0
7873,7104,4,2025-02-05,1,1,1,349.0,150.0,0.0
7874,7105,5,2025-02-05,1,2,2,349.0,150.0,0.0
7875,7106,6,2025-02-05,6,2,1,499.0,215.0,0.0
7876,7107,4,2025-02-05,4,5,2,349.0,150.0,0.0
7877,7108,3,2025-02-05,1,1,1,329.0,142.0,0.0
7878,7109,5,2025-02-05,1,1,1,296.65,150.0,52.35
7879,7110,2,2025-02-05,3,1,2,299.0,129.0,0.0
7880,7111,4,2025-02-05,5,4,1,349.0,150.0,0.0
7881,7112,2,2025-02-05,3,1,1,299.0,129.0,0.0
7882,7113,5,2025-02-05,4,4,1,349.0,150.0,0.0
7883,7114,2,2025-02-05,3,2,1,299.0,129.0,0.0
7884,7115,2,2025-02-05,3,1,1,269.1,129.0,29.9
7885,7116,4,2025-02-05,7,1,1,296.65,150.0,52.35
7886,7117,2,2025-02-05,1,2,1,299.0,129.0,0.0
7887,7118,6,2025-02-05,3,1,1,499.0,215.0,0.0
7888,7119,6,2025-02-05,6,5,1,449.1,215.0,49.9
7889,216,6,2025-02-05,1,5,1,499.0,215.0,0.0
7890,7120,1,2025-02-05,5,1,1,299.0,129.0,0.0
7891,7121,5,2025-02-05,2,2,1,314.1,150.0,34.9
7892,7122,1,2025-02-05,6,2,1,299.0,129.0,0.0
7893,7123,4,2025-02-05,5,3,1,314.1,150.0,34.9
7894,7124,2,2025-02-05,4,2,1,299.0,129.0,0.0
7895,7125,5,2025-02-06,1,1,1,314.1,150.0,34.9
7896,349,1,2025-02-06,3,3,1,299.0,129.0,0.0
7897,7126,5,2025-02-06,4,1,1,349.0,150.0,0.0
7898,7127,6,2025-02-06,2,2,1,449.1,215.0,49.9
7899,7128,2,2025-02-06,7,3,1,299.0,129.0,0.0
7900,7129,5,2025-02-06,4,3,2,349.0,150.0,0.0
7901,7130,5,2025-02-06,4,2,1,296.65,150.0,52.35
7902,7131,2,2025-02-06,1,1,1,269.1,129.0,29.9
7903,7132,5,2025-02-06,4,2,1,349.0,150.0,0.0
7904,7058,4,2025-02-06,6,1,1,349.0,150.0,0.0
7905,7133,5,2025-02-06,1,3,1,314.1,150.0,34.9
7906,7134,3,2025-02-06,3,5,1,279.65,142.0,49.35
7907,7135,5,2025-02-06,4,2,1,349.0,150.0,0.0
7908,7136,1,2025-02-06,6,3,1,254.15,129.0,44.85
7909,7137,4,2025-02-06,3,5,1,314.1,150.0,34.9
7910,7138,5,2025-02-06,4,1,1,349.0,150.0,0.0
7911,7139,5,2025-02-06,1,5,1,349.0,150.0,0.0
7912,5504,5,2025-02-06,3,2,2,349.0,150.0,0.0
7913,7140,6,2025-02-06,2,4,1,499.0,215.0,0.0
7914,7141,3,2025-02-06,4,4,1,279.65,142.0,49.35
7915,7142,5,2025-02-06,8,3,1,314.1,150.0,34.9
7916,7143,1,2025-02-06,1,1,1,299.0,129.0,0.0
7917,7144,6,2025-02-06,3,3,1,499.0,215.0,0.0
7918,7145,4,2025-02-06,5,5,1,349.0,150.0,0.0
7919,7146,3,2025-02-06,1,2,1,329.0,142.0,0.0
7920,7147,4,2025-02-06,2,2,1,314.1,150.0,34.9
7921,7148,3,2025-02-06,5,1,1,296.1,142.0,32.9
7922,7149,1,2025-02-06,3,3,1,269.1,129.0,29.9
7923,7150,1,2025-02-06,7,4,1,299.0,129.0,0.0
7924,7151,5,2025-02-06,6,4,2,349.0,150.0,0.0
7925,7152,2,2025-02-07,1,4,1,299.0,129.0,0.0
7926,7153,2,2025-02-07,3,2,1,299.0,129.0,0.0
7927,7154,4,2025-02-07,1,5,1,349.0,150.0,0.0
7928,7155,5,2025-02-07,1,1,1,349.0,150.0,0.0
7929,7156,5,2025-02-07,4,1,1,349.0,150.0,0.0
7930,7157,5,2025-02-07,1,1,1,349.0,150.0,0.0
7931,7158,4,2025-02-07,4,2,1,349.0,150.0,0.0
7932,7159,4,2025-02-07,8,2,1,349.0,150.0,0.0
7933,7160,1,2025-02-07,1,2,2,299.0,129.0,0.0
7934,7161,4,2025-02-07,1,4,1,314.1,150.0,34.9
7935,7162,4,2025-02-07,3,2,1,349.0,150.0,0.0
7936,7163,5,2025-02-07,3,2,1,349.0,150.0,0.0
7937,7164,2,2025-02-07,2,2,1,299.0,129.0,0.0
7938,7165,3,2025-02-07,3,1,1,279.65,142.0,49.35
7939,7166,4,2025-02-07,7,5,2,349.0,150.0,0.0
7940,7167,4,2025-02-07,1,4,1,314.1,150.0,34.9
7941,7168,4,2025-02-07,9,4,1,349.0,150.0,0.0
7942,7169,5,2025-02-07,1,3,1,349.0,150.0,0.0
7943,7170,1,2025-02-07,5,5,1,299.0,129.0,0.0
7944,7171,2,2025-02-07,1,1,1,254.15,129.0,44.85
7945,7172,5,2025-02-07,6,3,1,349.0,150.0,0.0
7946,7173,5,2025-02-07,3,1,1,349.0,150.0,0.0
7947,7174,2,2025-02-08,1,5,1,299.0,129.0,0.0
7948,7175,4,2025-02-08,1,1,1,296.65,150.0,52.35
7949,7176,5,2025-02-08,1,3,1,349.0,150.0,0.0
7950,7177,5,2025-02-08,1,1,1,349.0,150.0,0.0
7951,7178,4,2025-02-08,2,2,1,349.0,150.0,0.0
7952,7179,1,2025-02-08,1,1,1,269.1,129.0,29.9
7953,7180,5,2025-02-08,3,2,1,296.65,150.0,52.35
7954,7181,1,2025-02-08,1,5,1,299.0,129.0,0.0
7955,7182,2,2025-02-08,1,2,1,299.0,129.0,0.0
7956,7183,5,2025-02-08,4,4,1,349.0,150.0,0.0
7957,7184,4,2025-02-08,2,1,1,314.1,150.0,34.9
7958,7185,5,2025-02-08,1,2,1,349.0,150.0,0.0
7959,7186,4,2025-02-08,1,1,1,349.0,150.0,0.0
7960,7187,5,2025-02-08,1,3,1,349.0,150.0,0.0
7961,7188,5,2025-02-08,9,1,1,349.0,150.0,0.0
7962,7189,4,2025-02-08,3,3,1,349.0,150.0,0.0
7963,6807,5,2025-02-08,1,1,1,296.65,150.0,52.35
7964,7190,1,2025-02-08,7,1,1,269.1,129.0,29.9
7965,2194,3,2025-02-08,5,3,1,329.0,142.0,0.0
7966,7191,4,2025-02-08,1,5,1,349.0,150.0,0.0
7967,7192,4,2025-02-08,7,5,1,314.1,150.0,34.9
7968,7193,2,2025-02-09,1,1,1,299.0,129.0,0.0
7969,7194,5,2025-02-09,1,2,1,349.0,150.0,0.0
7970,7195,1,2025-02-09,3,3,1,254.15,129.0,44.85
7971,7196,1,2025-02-09,4,2,1,299.0,129.0,0.0
7972,7197,2,2025-02-09,5,1,1,299.0,129.0,0.0
7973,7198,5,2025-02-09,1,2,1,314.1,150.0,34.9
7974,4763,1,2025-02-09,2,2,1,299.0,129.0,0.0
7975,7199,2,2025-02-09,7,1,1,254.15,129.0,44.85
7976,3550,4,2025-02-09,2,5,1,349.0,150.0,0.0
7977,7200,2,2025-02-09,1,3,2,299.0,129.0,0.0
7978,7201,4,2025-02-09,7,4,1,349.0,150.0,0.0
7979,7202,1,2025-02-09,2,1,2,299.0,129.0,0.0
7980,7203,1,2025-02-09,5,2,1,299.0,129.0,0.0
7981,7204,4,2025-02-09,1,1,1,296.65,150.0,52.35
7982,7205,2,2025-02-09,3,1,1,299.0,129.0,0.0
7983,7206,5,2025-02-09,1,4,1,349.0,150.0,0.0
7984,7207,5,2025-02-09,1,4,1,314.1,150.0,34.9
7985,7208,4,2025-02-09,5,2,1,349.0,150.0,0.0
7986,7209,5,2025-02-09,5,1,1,314.1,150.0,34.9
7987,7210,4,2025-02-09,2,2,1,349.0,150.0,0.0
7988,7211,4,2025-02-09,1,2,1,349.0,150.0,0.0
7989,7212,1,2025-02-09,5,5,1,299.0,129.0,0.0
7990,7213,5,2025-02-09,2,1,2,296.65,150.0,52.35
7991,2075,1,2025-02-09,8,3,1,299.0,129.0,0.0
7992,7214,3,2025-02-10,2,5,1,279.65,142.0,49.35
7993,7215,4,2025-02-10,5,2,1,349.0,150.0,0.0
7994,7216,5,2025-02-10,1,2,1,349.0,150.0,0.0
7995,7217,4,2025-02-10,1,4,1,349.0,150.0,0.0
7996,7218,6,2025-02-10,3,2,1,499.0,215.0,0.0
7997,7219,5,2025-02-10,1,3,1,349.0,150.0,0.0
7998,7220,2,2025-02-10,5,1,1,299.0,129.0,0.0
7999,7221,5,2025-02-10,4,3,1,349.0,150.0,0.0
8000,7222,3,2025-02-10,1,1,1,329.0,142.0,0.0
8001,7223,3,2025-02-10,3,4,2,329.0,142.0,0.0
8002,7224,2,2025-02-10,1,1,1,299.0,129.0,0.0
8003,7225,6,2025-02-10,2,1,1,499.0,215.0,0.0
8004,7226,1,2025-02-10,8,1,1,299.0,129.0,0.0
8005,7227,5,2025-02-10,1,2,1,314.1,150.0,34.9
8006,7228,3,2025-02-10,6,1,1,329.0,142.0,0.0
8007,468,5,2025-02-10,1,2,1,349.0,150.0,0.0
8008,7229,6,2025-02-10,1,2,1,499.0,215.0,0.0
8009,7230,5,2025-02-10,1,2,1,349.0,150.0,0.0
8010,7231,2,2025-02-10,2,5,1,299.0,129.0,0.0
8011,7232,5,2025-02-10,1,2,1,349.0,150.0,0.0
8012,7233,4,2025-02-10,1,2,1,349.0,150.0,0.0
8013,7234,4,2025-02-10,4,5,1,314.1,150.0,34.9
8014,7235,5,2025-02-10,2,1,1,349.0,150.0,0.0
8015,7236,1,2025-02-10,1,2,1,299.0,129.0,0.0
8016,7237,2,2025-02-10,1,3,2,299.0,129.0,0.0
8017,7238,4,2025-02-10,8,3,1,349.0,150.0,0.0
8018,7239,2,2025-02-10,5,2,1,299.0,129.0,0.0
8019,7240,5,2025-02-10,6,3,1,349.0,150.0,0.0
8020,7241,4,2025-02-11,7,3,1,349.0,150.0,0.0
8021,7242,2,2025-02-11,1,5,2,299.0,129.0,0.0
8022,7243,1,2025-02-11,2,1,1,299.0,129.0,0.0
8023,7244,5,2025-02-11,3,5,2,349.0,150.0,0.0
8024,7245,3,2025-02-11,1,1,1,329.0,142.0,0.0
8025,7246,5,2025-02-11,6,2,1,314.1,150.0,34.9
8026,7247,4,2025-02-11,5,1,1,349.0,150.0,0.0
8027,7248,1,2025-02-11,5,1,2,299.0,129.0,0.0
8028,7249,1,2025-02-11,1,1,1,299.0,129.0,0.0
8029,7250,4,2025-02-11,2,3,1,314.1,150.0,34.9
8030,7251,5,2025-02-11,3,1,1,349.0,150.0,0.0
8031,7252,1,2025-02-11,1,1,1,269.1,129.0,29.9
8032,7253,5,2025-02-11,7,1,1,349.0,150.0,0.0
8033,7254,3,2025-02-11,1,1,1,329.0,142.0,0.0
8034,7255,1,2025-02-11,6,2,1,254.15,129.0,44.85
8035,7256,5,2025-02-11,1,4,1,349.0,150.0,0.0
8036,7257,2,2025-02-11,1,3,1,299.0,129.0,0.0
8037,7258,6,2025-02-11,4,2,1,449.1,215.0,49.9
8038,7259,5,2025-02-11,1,5,1,349.0,150.0,0.0
8039,7260,2,2025-02-11,5,4,1,299.0,129.0,0.0
8040,7261,1,2025-02-11,3,1,1,299.0,129.0,0.0
8041,7262,5,2025-02-11,3,2,1,349.0,150.0,0.0
8042,7263,4,2025-02-11,5,4,1,349.0,150.0,0.0
8043,5190,2,2025-02-11,1,2,2,299.0,129.0,0.0
8044,6017,2,2025-02-11,1,4,1,254.15,129.0,44.85
8045,7264,1,2025-02-12,2,1,1,269.1,129.0,29.9
8046,7265,5,2025-02-12,4,1,1,349.0,150.0,0.0
8047,7266,3,2025-02-12,7,4,1,296.1,142.0,32.9
8048,7267,5,2025-02-12,3,1,1,296.65,150.0,52.35
8049,5129,5,2025-02-12,3,1,1,349.0,150.0,0.0
8050,7268,2,2025-02-12,1,5,1,269.1,129.0,29.9
8051,7269,6,2025-02-12,1,1,1,499.0,215.0,0.0
8052,7270,3,2025-02-12,1,2,1,329.0,142.0,0.0
8053,7271,1,2025-02-12,2,1,1,299.0,129.0,0.0
8054,7272,3,2025-02-12,1,2,1,329.0,142.0,0.0
8055,7273,6,2025-02-12,1,2,1,499.0,215.0,0.0
8056,7274,6,2025-02-12,5,3,1,499.0,215.0,0.0
8057,7275,6,2025-02-12,4,1,1,499.0,215.0,0.0
8058,7276,4,2025-02-12,1,1,1,296.65,150.0,52.35
8059,7277,1,2025-02-12,4,2,1,299.0,129.0,0.0
8060,7278,4,2025-02-12,4,4,1,349.0,150.0,0.0
8061,6894,5,2025-02-12,1,5,1,296.65,150.0,52.35
8062,7279,4,2025-02-12,3,2,1,314.1,150.0,34.9
8063,7280,5,2025-02-12,2,1,1,349.0,150.0,0.0
8064,7281,1,2025-02-12,8,5,1,299.0,129.0,0.0
8065,7282,5,2025-02-12,3,3,1,349.0,150.0,0.0
8066,518,4,2025-02-12,5,1,1,349.0,150.0,0.0
8067,1214,1,2025-02-12,8,5,1,269.1,129.0,29.9
8068,7283,1,2025-02-13,5,1,1,299.0,129.0,0.0
8069,7284,2,2025-02-13,1,3,1,299.0,129.0,0.0
8070,5347,5,2025-02-13,1,5,1,349.0,150.0,0.0
8071,7285,6,2025-02-13,1,1,2,499.0,215.0,0.0
8072,7286,4,2025-02-13,8,1,1,296.65,150.0,52.35
8073,7287,4,2025-02-13,5,2,1,296.65,150.0,52.35
8074,7288,4,2025-02-13,7,1,2,349.0,150.0,0.0
8075,7289,4,2025-02-13,3,1,1,349.0,150.0,0.0
8076,7290,6,2025-02-13,8,1,1,499.0,215.0,0.0
8077,7291,1,2025-02-13,3,1,1,299.0,129.0,0.0
8078,7292,1,2025-02-13,3,1,1,299.0,129.0,0.0
8079,7293,1,2025-02-13,2,1,1,299.0,129.0,0.0
8080,7294,6,2025-02-13,1,3,1,499.0,215.0,0.0
8081,1707,4,2025-02-13,1,2,1,349.0,150.0,0.0
8082,7295,2,2025-02-13,4,1,1,299.0,129.0,0.0
8083,7296,2,2025-02-13,2,2,2,299.0,129.0,0.0
8084,7297,4,2025-02-13,4,1,1,349.0,150.0,0.0
8085,7298,5,2025-02-13,7,1,1,349.0,150.0,0.0
8086,1433,6,2025-02-13,1,2,1,424.15,215.0,74.85
8087,7299,5,2025-02-13,1,4,2,349.0,150.0,0.0
8088,7300,5,2025-02-13,2,2,2,349.0,150.0,0.0
8089,7301,6,2025-02-13,3,2,1,499.0,215.0,0.0
8090,7302,2,2025-02-13,7,1,1,299.0,129.0,0.0
8091,7303,5,2025-02-13,8,1,1,296.65,150.0,52.35
8092,7304,4,2025-02-14,1,2,1,349.0,150.0,0.0
8093,7305,5,2025-02-14,1,1,1,349.0,150.0,0.0
8094,7306,3,2025-02-14,3,4,1,329.0,142.0,0.0
8095,7307,3,2025-02-14,1,5,1,329.0,142.0,0.0
8096,7308,5,2025-02-14,,1,1,349.0,150.0,0.0
8097,7309,5,2025-02-14,5,2,1,314.1,150.0,34.9
8098,7310,5,2025-02-14,5,3,1,0.0,150.0,34.9
8099,7311,5,2025-02-14,1,2,1,349.0,150.0,0.0
8100,7312,2,2025-02-14,1,1,1,299.0,129.0,0.0
8101,7313,4,2025-02-14,5,2,1,349.0,150.0,0.0
8102,7314,4,2025-02-14,5,1,1,349.0,150.0,0.0
8103,7315,5,2025-02-14,1,2,1,349.0,150.0,0.0
8104,7316,1,2025-02-14,8,1,1,299.0,129.0,0.0
8105,7317,6,2025-02-14,2,4,1,424.15,215.0,74.85
8106,7318,4,2025-02-14,2,2,2,349.0,150.0,0.0
8107,3761,5,2025-02-14,2,1,1,349.0,150.0,0.0
8108,7319,5,2025-02-14,2,2,1,349.0,150.0,0.0
8109,178,4,2025-02-14,1,2,1,349.0,150.0,0.0
8110,7320,5,2025-02-14,1,5,1,0.0,150.0,0.0
8111,2180,6,2025-02-14,4,2,1,499.0,215.0,0.0
8112,7321,1,2025-02-14,2,3,1,299.0,129.0,0.0
8113,7322,5,2025-02-14,1,3,2,296.65,150.0,52.35
8114,7323,3,2025-02-14,3,4,1,329.0,142.0,0.0
8115,7324,2,2025-02-14,2,3,1,299.0,129.0,0.0
8116,7325,1,2025-02-14,7,4,1,299.0,129.0,0.0
8117,4078,4,2025-02-14,1,3,1,349.0,150.0,0.0
8118,7326,2,2025-02-14,3,3,1,299.0,129.0,0.0
8119,7327,2,2025-02-14,1,1,1,299.0,129.0,0.0
8120,7328,6,2025-02-14,2,3,1,499.0,215.0,0.0
8121,7329,5,2025-02-14,1,1,1,349.0,150.0,0.0
8122,7330,1,2025-02-14,7,1,2,299.0,129.0,0.0
8123,7331,4,2025-02-14,7,3,1,349.0,150.0,0.0
8124,7332,5,2025-02-14,8,5,1,349.0,150.0,0.0
8125,7333,5,2025-02-15,7,5,1,349.0,150.0,0.0
8126,7334,1,2025-02-15,3,2,1,299.0,129.0,0.0
8127,7335,4,2025-02-15,1,2,1,349.0,150.0,0.0
8128,7336,4,2025-02-15,3,1,1,349.0,150.0,0.0
8129,7337,2,2025-02-15,5,4,1,299.0,129.0,0.0
8130,7338,4,2025-02-15,3,1,1,349.0,150.0,0.0
8131,7339,5,2025-02-15,3,2,2,314.1,150.0,34.9
8132,7340,5,2025-02-15,8,4,1,349.0,150.0,0.0
8133,5116,2,2025-02-15,1,1,1,299.0,129.0,0.0
8134,3896,5,2025-02-15,3,1,1,296.65,150.0,52.35
8135,7341,5,2025-02-15,3,3,1,349.0,150.0,0.0
8136,7342,4,2025-02-15,5,2,1,296.65,150.0,52.35
8137,7343,2,2025-02-15,2,2,1,299.0,129.0,0.0
8138,7344,1,2025-02-15,5,1,1,299.0,129.0,0.0
8139,7345,1,2025-02-15,3,2,1,299.0,129.0,0.0
8140,7346,5,2025-02-15,2,4,1,349.0,150.0,0.0
8141,7347,2,2025-02-15,4,4,1,299.0,129.0,0.0
8142,7348,2,2025-02-15,3,2,1,299.0,129.0,0.0
8143,7349,3,2025-02-15,1,3,1,329.0,142.0,0.0
8144,7350,4,2025-02-15,1,2,1,349.0,150.0,0.0
8145,7351,4,2025-02-15,2,5,1,349.0,150.0,0.0
8146,7352,4,2025-02-15,1,2,1,349.0,150.0,0.0
8147,7353,4,2025-02-15,7,3,1,349.0,150.0,0.0
8148,7354,4,2025-02-15,1,2,1,349.0,150.0,0.0
8149,7355,4,2025-02-15,3,1,1,349.0,150.0,0.0
8150,7356,4,2025-02-16,,3,1,349.0,150.0,0.0
8151,5605,1,2025-02-16,8,1,1,299.0,129.0,0.0
8152,7357,4,2025-02-16,3,1,2,349.0,150.0,0.0
8153,7358,4,2025-02-16,3,3,1,314.1,150.0,34.9
8154,4823,2,2025-02-16,3,2,2,299.0,129.0,0.0
8155,7359,5,2025-02-16,1,2,1,314.1,150.0,34.9
8156,7360,5,2025-02-16,1,5,1,314.1,150.0,34.9
8157,7361,5,2025-02-16,1,2,1,349.0,150.0,0.0
8158,2904,3,2025-02-16,5,1,1,329.0,142.0,0.0
8159,1685,2,2025-02-16,2,1,1,299.0,129.0,0.0
8160,7362,6,2025-02-16,3,3,1,499.0,215.0,0.0
8161,7363,1,2025-02-16,2,1,1,299.0,129.0,0.0
8162,90172,5,2025-02-16,3,1,1,296.65,150.0,52.35
8163,553,6,2025-02-16,3,5,1,499.0,215.0,0.0
8164,7365,1,2025-02-16,4,3,1,269.1,129.0,29.9
8165,7366,3,2025-02-16,3,4,1,329.0,142.0,0.0
8166,5902,1,2025-02-16,1,2,1,299.0,129.0,0.0
8167,7367,4,2025-02-16,3,5,1,296.65,150.0,52.35
8168,7368,2,2025-02-16,6,2,1,299.0,129.0,0.0
8169,3795,1,2025-02-16,1,2,1,299.0,129.0,0.0
8170,7369,4,2025-02-16,3,3,1,349.0,150.0,0.0
8171,7370,2,2025-02-16,1,5,1,299.0,129.0,0.0
8172,7371,6,2025-02-16,3,1,1,499.0,215.0,0.0
8173,7372,5,2025-02-16,4,5,1,349.0,150.0,0.0
8174,7373,1,2025-02-17,1,2,1,299.0,129.0,0.0
8175,7374,5,2025-02-17,1,2,1,349.0,150.0,0.0
8176,7375,4,2025-02-17,3,2,1,314.1,150.0,34.9
8177,7376,1,2025-02-17,1,1,1,299.0,129.0,0.0
8178,7377,5,2025-02-17,2,1,1,349.0,150.0,0.0
8179,7378,5,2025-02-17,1,1,2,349.0,150.0,0.0
8180,7379,2,2025-02-17,7,2,1,299.0,129.0,0.0
8181,1118,1,2025-02-17,6,1,1,299.0,129.0,0.0
8182,7380,4,2025-02-17,4,5,1,349.0,150.0,0.0
8183,7381,1,2025-02-17,3,2,1,299.0,129.0,0.0
8184,7382,2,2025-02-17,2,1,1,299.0,129.0,0.0
8185,7383,4,2025-02-17,2,1,1,349.0,150.0,0.0
8186,7384,5,2025-02-17,2,2,1,349.0,150.0,0.0
8187,7385,4,2025-02-17,1,1,1,349.0,150.0,0.0
8188,3028,6,2025-02-17,1,1,1,499.0,215.0,0.0
8189,7386,1,2025-02-17,3,2,1,254.15,129.0,44.85
8190,7387,4,2025-02-17,1,2,2,349.0,150.0,0.0
8191,7388,5,2025-02-17,6,2,1,296.65,150.0,52.35
8192,7389,6,2025-02-17,2,5,1,499.0,215.0,0.0
8193,7390,4,2025-02-17,1,1,1,314.1,150.0,34.9
8194,7391,3,2025-02-17,1,1,1,329.0,142.0,0.0
8195,7392,2,2025-02-17,5,4,1,269.1,129.0,29.9
8196,7393,6,2025-02-17,5,1,1,499.0,215.0,0.0
8197,7394,5,2025-02-17,5,1,1,349.0,150.0,0.0
8198,7395,5,2025-02-18,2,3,1,314.1,150.0,34.9
8199,1835,6,2025-02-18,1,3,1,499.0,215.0,0.0
8200,7396,5,2025-02-18,3,3,1,349.0,150.0,0.0
8201,7397,4,2025-02-18,4,1,1,349.0,150.0,0.0
8202,7398,6,2025-02-18,1,1,2,499.0,215.0,0.0
8203,7399,5,2025-02-18,7,4,1,296.65,150.0,52.35
8204,7400,4,2025-02-18,5,2,1,349.0,150.0,0.0
8205,7401,5,2025-02-18,2,5,1,349.0,150.0,0.0
8206,7402,1,2025-02-18,2,4,1,269.1,129.0,29.9
8207,2197,3,2025-02-18,4,5,1,329.0,142.0,0.0
8208,7403,4,2025-02-18,6,3,1,349.0,150.0,0.0
8209,7404,4,2025-02-18,4,5,2,349.0,150.0,0.0
8210,7405,3,2025-02-18,3,1,1,279.65,142.0,49.35
8211,7406,5,2025-02-18,2,1,1,314.1,150.0,34.9
8212,7407,4,2025-02-18,3,2,1,349.0,150.0,0.0
8213,7408,4,2025-02-18,1,5,1,349.0,150.0,0.0
8214,7409,2,2025-02-18,3,2,1,299.0,129.0,0.0
8215,7410,4,2025-02-18,8,4,1,349.0,150.0,0.0
8216,2924,1,2025-02-18,4,5,1,299.0,129.0,0.0
8217,7411,4,2025-02-18,7,1,1,349.0,150.0,0.0
8218,7412,6,2025-02-18,3,2,1,499.0,215.0,0.0
8219,7413,2,2025-02-18,2,1,0,299.0,129.0,0.0
8220,7414,4,2025-02-18,9,2,1,349.0,150.0,0.0
8221,7415,5,2025-02-18,3,2,1,349.0,150.0,0.0
8222,7416,1,2025-02-18,5,1,2,299.0,129.0,0.0
8223,7417,1,2025-02-18,4,3,1,299.0,129.0,0.0
8224,7418,5,2025-02-18,3,2,1,349.0,150.0,0.0
8225,7419,3,2025-02-19,3,2,1,329.0,142.0,0.0
8226,7420,1,2025-02-19,4,2,1,299.0,129.0,0.0
8227,7421,2,2025-02-19,1,2,1,299.0,129.0,0.0
8228,7422,4,2025-02-19,1,2,2,349.0,150.0,0.0
8229,7423,2,2025-02-19,1,2,1,269.1,129.0,29.9
8230,7424,6,2025-02-19,7,2,1,499.0,215.0,0.0
8231,7425,4,2025-02-19,1,3,1,349.0,150.0,0.0
8232,7426,3,2025-02-19,4,1,1,329.0,142.0,0.0
8233,7427,5,2025-02-19,2,5,1,296.65,150.0,52.35
8234,7428,5,2025-02-19,3,3,2,296.65,150.0,52.35
8235,7429,5,2025-02-19,,5,1,314.1,150.0,34.9
8236,7430,5,2025-02-19,2,3,1,349.0,150.0,0.0
8237,7431,5,2025-02-19,2,1,1,349.0,150.0,0.0
8238,7432,2,2025-02-19,3,1,1,299.0,129.0,0.0
8239,7433,6,2025-02-19,1,3,1,449.1,215.0,49.9
8240,7434,4,2025-02-19,1,2,1,349.0,150.0,0.0
8241,7435,5,2025-02-19,1,1,1,349.0,150.0,0.0
8242,7436,3,2025-02-19,1,1,1,279.65,142.0,49.35
8243,7437,4,2025-02-19,1,2,1,349.0,150.0,0.0
8244,7438,2,2025-02-19,6,3,1,299.0,129.0,0.0
8245,7439,5,2025-02-19,7,1,1,314.1,150.0,34.9
8246,7440,1,2025-02-19,1,1,1,299.0,129.0,0.0
8247,7441,2,2025-02-19,4,2,1,299.0,129.0,0.0
8248,7442,4,2025-02-19,7,2,1,349.0,150.0,0.0
8249,7443,5,2025-02-19,2,4,1,314.1,150.0,34.9
8250,7366,1,2025-02-19,7,2,1,254.15,129.0,44.85
8251,7444,5,2025-02-20,3,4,1,349.0,150.0,0.0
8252,7445,5,2025-02-20,7,5,1,349.0,150.0,0.0
8253,7446,4,2025-02-20,1,4,1,314.1,150.0,34.9
8254,7447,4,2025-02-20,1,1,1,349.0,150.0,0.0
8255,7448,2,2025-02-20,8,1,1,299.0,129.0,0.0
8256,7449,5,2025-02-20,7,4,1,296.65,150.0,52.35
8257,7450,6,2025-02-20,3,1,1,499.0,215.0,0.0
8258,7451,2,2025-02-20,4,4,1,299.0,129.0,0.0
8259,7452,4,2025-02-20,2,4,1,349.0,150.0,0.0
8260,7453,2,2025-02-20,5,4,1,299.0,129.0,0.0
8261,7454,2,2025-02-20,4,1,1,299.0,129.0,0.0
8262,7455,5,2025-02-20,3,3,1,349.0,150.0,0.0
8263,7456,4,2025-02-20,7,5,1,349.0,150.0,0.0
8264,7457,5,2025-02-20,3,2,1,349.0,150.0,0.0
8265,7458,5,2025-02-20,9,1,1,314.1,150.0,34.9
8266,7459,5,2025-02-20,4,5,1,349.0,150.0,0.0
8267,7460,4,2025-02-20,6,4,1,349.0,150.0,0.0
8268,7461,4,2025-02-20,1,3,1,296.65,150.0,52.35
8269,7462,5,2025-02-20,5,3,2,349.0,150.0,0.0
8270,2364,5,2025-02-20,5,2,1,314.1,150.0,34.9
8271,2850,2,2025-02-20,2,2,1,269.1,129.0,29.9
8272,7463,5,2025-02-20,1,3,1,349.0,150.0,0.0
8273,7464,5,2025-02-20,5,1,1,349.0,150.0,0.0
8274,7465,1,2025-02-21,4,1,1,299.0,129.0,0.0
8275,7466,4,2025-02-21,4,1,1,349.0,150.0,0.0
8276,7467,4,2025-02-21,1,1,1,314.1,150.0,34.9
8277,7468,2,2025-02-21,4,1,1,254.15,129.0,44.85
8278,6933,5,2025-02-21,5,1,1,349.0,150.0,0.0
8279,7469,1,2025-02-21,7,3,1,299.0,129.0,0.0
8280,3596,1,2025-02-21,8,2,1,254.15,129.0,44.85
8281,7470,2,2025-02-21,1,1,1,299.0,129.0,0.0
8282,5764,1,2025-02-21,5,1,1,299.0,129.0,0.0
8283,7471,2,2025-02-21,1,4,1,269.1,129.0,29.9
8284,7472,5,2025-02-21,2,5,1,349.0,150.0,0.0
8285,5443,6,2025-02-21,2,2,1,449.1,215.0,49.9
8286,7473,3,2025-02-21,3,1,1,279.65,142.0,49.35
8287,7474,6,2025-02-21,3,1,1,499.0,215.0,0.0
8288,7475,1,2025-02-21,8,2,1,299.0,129.0,0.0
8289,7476,3,2025-02-21,7,3,1,329.0,142.0,0.0
8290,6596,4,2025-02-21,3,2,1,349.0,150.0,0.0
8291,7477,5,2025-02-21,3,1,1,349.0,150.0,0.0
8292,7478,5,2025-02-21,3,2,1,349.0,150.0,0.0
8293,7479,4,2025-02-21,2,3,1,349.0,150.0,0.0
8294,7480,4,2025-02-21,5,1,1,314.1,150.0,34.9
8295,3092,4,2025-02-21,2,2,1,349.0,150.0,0.0
8296,7481,5,2025-02-21,8,4,1,349.0,150.0,0.0
8297,7482,4,2025-02-21,2,3,1,349.0,150.0,0.0
8298,1782,4,2025-02-21,3,4,1,349.0,150.0,0.0
8299,7483,5,2025-02-21,5,2,1,349.0,150.0,0.0
8300,7484,1,2025-02-21,3,2,1,299.0,129.0,0.0
8301,7485,5,2025-02-21,9,1,1,349.0,150.0,0.0
8302,7486,2,2025-02-21,1,4,1,299.0,129.0,0.0
8303,7487,2,2025-02-22,7,3,1,299.0,129.0,0.0
8304,7488,5,2025-02-22,1,1,1,349.0,150.0,0.0
8305,7489,3,2025-02-22,8,1,1,329.0,142.0,0.0
8306,7490,3,2025-02-22,1,2,1,329.0,142.0,0.0
8307,7491,6,2025-02-22,4,1,1,499.0,215.0,0.0
8308,7492,1,2025-02-22,1,1,1,299.0,129.0,0.0
8309,7493,3,2025-02-22,5,2,1,279.65,142.0,49.35
8310,7494,1,2025-02-22,5,1,1,269.1,129.0,29.9
8311,7495,1,2025-02-22,7,1,1,299.0,129.0,0.0
8312,7496,1,2025-02-22,1,4,1,299.0,129.0,0.0
8313,7497,4,2025-02-22,7,3,1,349.0,150.0,0.0
8314,7498,2,2025-02-22,1,1,2,299.0,129.0,0.0
8315,7499,4,2025-02-22,3,1,1,349.0,150.0,0.0
8316,7500,5,2025-02-22,1,1,1,314.1,150.0,34.9
8317,7501,1,2025-02-22,1,2,1,269.1,129.0,29.9
8318,4837,4,2025-02-22,3,2,1,349.0,150.0,0.0
8319,4180,1,2025-02-22,1,1,1,299.0,129.0,0.0
8320,7502,4,2025-02-22,4,5,1,349.0,150.0,0.0
8321,7503,4,2025-02-22,1,1,1,349.0,150.0,0.0
8322,7504,3,2025-02-22,7,2,1,329.0,142.0,0.0
8323,7505,3,2025-02-22,2,2,1,329.0,142.0,0.0
8324,7506,5,2025-02-22,4,4,1,349.0,150.0,0.0
8325,7507,3,2025-02-22,2,2,1,329.0,142.0,0.0
8326,7508,4,2025-02-22,6,3,1,296.65,150.0,52.35
8327,7509,5,2025-02-22,5,5,1,349.0,150.0,0.0
8328,3612,4,2025-02-23,2,1,1,314.1,150.0,34.9
8329,7510,1,2025-02-23,1,1,1,299.0,129.0,0.0
8330,7511,2,2025-02-23,1,3,1,269.1,129.0,29.9
8331,7512,5,2025-02-23,8,2,1,349.0,150.0,0.0
8332,3870,3,2025-02-23,5,2,1,329.0,142.0,0.0
8333,7513,5,2025-02-23,3,2,1,349.0,150.0,0.0
8334,7514,3,2025-02-23,1,5,1,296.1,142.0,32.9
8335,7515,2,2025-02-23,3,1,1,269.1,129.0,29.9
8336,7516,5,2025-02-23,1,1,1,349.0,150.0,0.0
8337,7517,1,2025-02-23,8,5,1,299.0,129.0,0.0
8338,7518,4,2025-02-23,9,1,2,314.1,150.0,34.9
8339,7519,5,2025-02-23,5,1,1,349.0,150.0,0.0
8340,614,5,2025-02-23,5,1,1,349.0,150.0,0.0
8341,7520,3,2025-02-23,3,2,1,296.1,142.0,32.9
8342,7521,1,2025-02-23,2,1,1,299.0,129.0,0.0
8343,7522,4,2025-02-23,6,4,1,296.65,150.0,52.35
8344,7523,6,2025-02-23,7,1,1,424.15,215.0,74.85
8345,7524,3,2025-02-23,6,2,2,329.0,142.0,0.0
8346,7525,1,2025-02-23,2,2,1,299.0,129.0,0.0
8347,7526,4,2025-02-23,6,1,1,296.65,150.0,52.35
8348,7527,4,2025-02-23,6,2,1,314.1,150.0,34.9
8349,7528,4,2025-02-23,8,1,1,349.0,150.0,0.0
8350,7529,3,2025-02-23,3,2,1,329.0,142.0,0.0
8351,7530,5,2025-02-23,1,4,1,314.1,150.0,34.9
8352,7531,3,2025-02-23,1,3,1,279.65,142.0,49.35
8353,7532,6,2025-02-23,5,1,1,499.0,215.0,0.0
8354,220,2,2025-02-23,2,2,1,269.1,129.0,29.9
8355,7533,1,2025-02-23,1,2,1,299.0,129.0,0.0
8356,7534,5,2025-02-23,5,2,1,296.65,150.0,52.35
8357,7535,2,2025-02-23,3,2,1,299.0,129.0,0.0
8358,6372,1,2025-02-24,4,5,1,299.0,129.0,0.0
8359,7536,3,2025-02-24,1,3,1,296.1,142.0,32.9
8360,7537,5,2025-02-24,5,3,1,349.0,150.0,0.0
8361,7538,4,2025-02-24,1,1,2,296.65,150.0,52.35
8362,6526,5,2025-02-24,5,2,1,349.0,150.0,0.0
8363,7539,1,2025-02-24,1,5,1,254.15,129.0,44.85
8364,7540,4,2025-02-24,3,1,1,349.0,150.0,0.0
8365,7541,2,2025-02-24,1,2,1,299.0,129.0,0.0
8366,7542,1,2025-02-24,3,2,2,299.0,129.0,0.0
8367,7543,5,2025-02-24,1,5,2,349.0,150.0,0.0
8368,7544,2,2025-02-24,1,4,1,299.0,129.0,0.0
8369,7545,4,2025-02-24,2,2,1,349.0,150.0,0.0
8370,7546,1,2025-02-24,3,3,1,299.0,129.0,0.0
8371,7547,4,2025-02-24,4,2,1,349.0,150.0,0.0
8372,7548,3,2025-02-24,,1,1,329.0,142.0,0.0
8373,7549,3,2025-02-24,2,2,1,296.1,142.0,32.9
8374,7106,6,2025-02-24,1,2,1,449.1,215.0,49.9
8375,7550,1,2025-02-24,7,2,1,269.1,129.0,29.9
8376,7551,4,2025-02-24,1,2,1,349.0,150.0,0.0
8377,7552,5,2025-02-24,3,1,1,296.65,150.0,52.35
8378,7553,2,2025-02-24,6,2,1,299.0,129.0,0.0
8379,7311,5,2025-02-24,4,1,2,349.0,150.0,0.0
8380,7554,3,2025-02-24,5,1,1,329.0,142.0,0.0
8381,7555,4,2025-02-25,1,2,1,349.0,150.0,0.0
8382,1258,3,2025-02-25,7,1,1,329.0,142.0,0.0
8383,7556,3,2025-02-25,3,1,1,329.0,142.0,0.0
8384,7557,4,2025-02-25,4,1,1,349.0,150.0,0.0
8385,7558,4,2025-02-25,1,2,1,349.0,150.0,0.0
8386,7559,2,2025-02-25,5,5,1,254.15,129.0,44.85
8387,7560,3,2025-02-25,5,2,1,279.65,142.0,49.35
8388,7561,3,2025-02-25,2,1,1,329.0,142.0,0.0
8389,7562,1,2025-02-25,2,1,1,269.1,129.0,29.9
8390,7563,2,2025-02-25,4,1,1,269.1,129.0,29.9
8391,7564,1,2025-02-25,1,2,1,299.0,129.0,0.0
8392,326,5,2025-02-25,3,4,1,349.0,150.0,0.0
8393,7565,2,2025-02-25,2,5,1,299.0,129.0,0.0
8394,7566,5,2025-02-25,3,1,1,349.0,150.0,0.0
8395,7567,4,2025-02-25,2,2,1,349.0,150.0,0.0
8396,7568,6,2025-02-25,1,2,1,449.1,215.0,49.9
8397,7569,5,2025-02-25,7,1,1,349.0,150.0,0.0
8398,7570,6,2025-02-25,5,5,1,499.0,215.0,0.0
8399,7571,5,2025-02-25,3,1,1,349.0,150.0,0.0
8400,7572,4,2025-02-25,5,1,1,349.0,150.0,0.0
8401,7573,5,2025-02-25,1,2,1,349.0,150.0,0.0
8402,7574,3,2025-02-25,3,5,1,329.0,142.0,0.0
8403,7575,4,2025-02-25,7,1,2,349.0,150.0,0.0
8404,7576,2,2025-02-25,3,2,1,254.15,129.0,44.85
8405,7577,4,2025-02-25,3,2,1,349.0,150.0,0.0
8406,7578,1,2025-02-25,2,1,1,299.0,129.0,0.0
8407,2411,4,2025-02-25,3,2,1,349.0,150.0,0.0
8408,7579,2,2025-02-25,1,5,1,269.1,129.0,29.9
8409,7580,6,2025-02-25,9,2,1,499.0,215.0,0.0
8410,7581,5,2025-02-26,5,2,2,349.0,150.0,0.0
8411,7582,6,2025-02-26,1,1,1,499.0,215.0,0.0
8412,7583,6,2025-02-26,3,2,1,499.0,215.0,0.0
8413,7181,5,2025-02-26,5,2,1,349.0,150.0,0.0
8414,7584,2,2025-02-26,6,5,1,299.0,129.0,0.0
8415,7585,5,2025-02-26,5,1,1,349.0,150.0,0.0
8416,7586,4,2025-02-26,3,3,1,349.0,150.0,0.0
8417,7587,4,2025-02-26,1,1,1,349.0,150.0,0.0
8418,7588,4,2025-02-26,5,1,1,349.0,150.0,0.0
8419,7589,2,2025-02-26,2,4,1,299.0,129.0,0.0
8420,978,1,2025-02-26,2,1,1,299.0,129.0,0.0
8421,7590,4,2025-02-26,1,2,1,314.1,150.0,34.9
8422,7591,3,2025-02-26,2,1,2,329.0,142.0,0.0
8423,7592,4,2025-02-26,5,2,1,349.0,150.0,0.0
8424,7593,5,2025-02-26,6,5,2,314.1,150.0,34.9
8425,7594,2,2025-02-26,4,1,1,299.0,129.0,0.0
8426,7595,1,2025-02-26,3,3,1,269.1,129.0,29.9
8427,7596,5,2025-02-26,7,1,1,314.1,150.0,34.9
8428,7597,1,2025-02-26,3,1,2,254.15,129.0,44.85
8429,7598,2,2025-02-26,5,1,1,299.0,129.0,0.0
8430,7599,2,2025-02-26,1,1,1,299.0,129.0,0.0
8431,7600,6,2025-02-26,5,4,1,499.0,215.0,0.0
8432,7601,6,2025-02-26,1,1,1,499.0,215.0,0.0
8433,7602,4,2025-02-26,1,2,1,349.0,150.0,0.0
8434,7603,4,2025-02-26,4,5,1,296.65,150.0,52.35
8435,7604,4,2025-02-26,4,1,1,349.0,150.0,0.0
8436,7605,6,2025-02-26,7,2,1,449.1,215.0,49.9
8437,7606,1,2025-02-26,5,3,1,299.0,129.0,0.0
8438,7607,1,2025-02-27,1,3,1,299.0,129.0,0.0
8439,7608,3,2025-02-27,2,2,1,329.0,142.0,0.0
8440,7609,5,2025-02-27,1,5,1,349.0,150.0,0.0
8441,7610,3,2025-02-27,7,2,1,329.0,142.0,0.0
8442,7611,1,2025-02-27,1,5,1,269.1,129.0,29.9
8443,7612,5,2025-02-27,1,1,1,349.0,150.0,0.0
8444,7613,4,2025-02-27,8,5,1,349.0,150.0,0.0
8445,7614,6,2025-02-27,1,2,1,499.0,215.0,0.0
8446,7615,1,2025-02-27,4,1,1,269.1,129.0,29.9
8447,7616,5,2025-02-27,3,2,1,349.0,150.0,0.0
8448,7617,5,2025-02-27,7,1,1,314.1,150.0,34.9
8449,7618,5,2025-02-27,5,2,1,349.0,150.0,0.0
8450,7619,5,2025-02-27,5,2,1,349.0,150.0,0.0
8451,7620,4,2025-02-27,3,2,1,349.0,150.0,0.0
8452,90202,3,2025-02-27,2,1,1,329.0,142.0,0.0
8453,7622,4,2025-02-27,3,1,1,349.0,150.0,0.0
8454,7623,6,2025-02-27,8,2,1,499.0,215.0,0.0
8455,7624,2,2025-02-27,3,1,1,269.1,129.0,29.9
8456,7625,1,2025-02-27,1,2,1,299.0,129.0,0.0
8457,7626,3,2025-02-27,4,1,1,329.0,142.0,0.0
8458,7627,4,2025-02-27,2,2,1,296.65,150.0,52.35
8459,7628,2,2025-02-27,2,1,1,299.0,129.0,0.0
8460,7629,5,2025-02-27,1,2,1,349.0,150.0,0.0
8461,7630,3,2025-02-27,1,2,1,329.0,142.0,0.0
8462,3480,4,2025-02-28,2,2,1,349.0,150.0,0.0
8463,7631,2,2025-02-28,4,1,1,254.15,129.0,44.85
8464,7632,6,2025-02-28,4,2,1,499.0,215.0,0.0
8465,7633,6,2025-02-28,3,4,1,499.0,215.0,0.0
8466,7634,5,2025-02-28,3,5,1,349.0,150.0,0.0
8467,6646,2,2025-02-28,4,1,1,299.0,129.0,0.0
8468,7635,4,2025-02-28,1,1,1,349.0,150.0,0.0
8469,7636,5,2025-02-28,1,2,1,349.0,150.0,0.0
8470,7637,6,2025-02-28,5,2,1,499.0,215.0,0.0
8471,7638,4,2025-02-28,2,3,1,349.0,150.0,0.0
8472,7639,5,2025-02-28,3,1,1,349.0,150.0,0.0
8473,7640,5,2025-02-28,2,1,1,349.0,150.0,0.0
8474,7641,4,2025-02-28,1,3,1,349.0,150.0,0.0
8475,7642,5,2025-02-28,1,1,1,349.0,150.0,0.0
8476,7643,5,2025-02-28,2,3,1,349.0,150.0,0.0
8477,7644,4,2025-02-28,9,2,1,296.65,150.0,52.35
8478,7645,6,2025-02-28,3,5,2,499.0,215.0,0.0
8479,7646,4,2025-02-28,7,1,1,349.0,150.0,0.0
8480,1057,2,2025-02-28,3,1,1,299.0,129.0,0.0
8481,7647,5,2025-02-28,5,1,1,349.0,150.0,0.0
8482,7648,6,2025-02-28,5,5,1,499.0,215.0,0.0
8483,7649,3,2025-02-28,5,3,1,329.0,142.0,0.0
8484,7650,1,2025-02-28,2,2,1,299.0,129.0,0.0
8485,7651,6,2025-02-28,5,2,1,424.15,215.0,74.85
8486,7652,5,2025-02-28,2,1,1,296.65,150.0,52.35
8487,7653,5,2025-02-28,1,1,1,349.0,150.0,0.0
8488,7654,4,2025-02-28,1,3,1,296.65,150.0,52.35
8489,7655,1,2025-02-28,6,2,1,269.1,129.0,29.9
8490,7656,5,2025-03-01,4,1,1,349.0,150.0,0.0
8491,3972,4,2025-03-01,8,1,2,349.0,150.0,0.0
8492,7657,5,2025-03-01,2,1,1,349.0,150.0,0.0
8493,7658,5,2025-03-01,5,1,1,349.0,150.0,0.0
8494,7659,1,2025-03-01,1,2,1,269.1,129.0,29.9
8495,7660,5,2025-03-01,1,1,2,314.1,150.0,34.9
8496,7661,2,2025-03-01,1,3,1,299.0,129.0,0.0
8497,7662,5,2025-03-01,2,2,1,349.0,150.0,0.0
8498,7663,5,2025-03-01,2,3,1,296.65,150.0,52.35
8499,7664,2,2025-03-01,2,3,1,299.0,129.0,0.0
8500,4014,3,2025-03-01,5,4,1,329.0,142.0,0.0
8501,7665,6,2025-03-01,1,2,2,499.0,215.0,0.0
8502,7666,4,2025-03-01,6,1,1,349.0,150.0,0.0
8503,580,2,2025-03-01,2,2,1,299.0,129.0,0.0
8504,7667,6,2025-03-01,2,5,2,499.0,215.0,0.0
8505,7668,4,2025-03-01,1,3,1,349.0,150.0,0.0
8506,7669,4,2025-03-01,5,1,1,349.0,150.0,0.0
8507,7670,5,2025-03-01,7,3,1,349.0,150.0,0.0
8508,7671,4,2025-03-01,6,5,2,314.1,150.0,34.9
8509,7672,1,2025-03-01,1,2,1,299.0,129.0,0.0
8510,7673,1,2025-03-01,1,4,1,299.0,129.0,0.0
8511,1854,3,2025-03-01,1,2,1,296.1,142.0,32.9
8512,7674,5,2025-03-01,4,2,1,349.0,150.0,0.0
8513,1458,6,2025-03-01,3,2,1,499.0,215.0,0.0
8514,7675,4,2025-03-01,5,1,1,349.0,150.0,0.0
8515,7676,2,2025-03-01,1,2,1,299.0,129.0,0.0
8516,7677,5,2025-03-01,6,4,1,314.1,150.0,34.9
8517,3161,4,2025-03-01,1,3,1,349.0,150.0,0.0
8518,7678,3,2025-03-01,5,4,1,329.0,142.0,0.0
8519,7679,6,2025-03-01,6,2,1,499.0,215.0,0.0
8520,7680,2,2025-03-02,7,3,1,299.0,129.0,0.0
8521,7681,2,2025-03-02,2,1,1,299.0,129.0,0.0
8522,7682,1,2025-03-02,1,1,1,299.0,129.0,0.0
8523,7683,1,2025-03-02,1,1,1,269.1,129.0,29.9
8524,7684,2,2025-03-02,1,3,1,254.15,129.0,44.85
8525,7685,2,2025-03-02,4,4,1,299.0,129.0,0.0
8526,7686,4,2025-03-02,1,1,1,349.0,150.0,0.0
8527,7687,3,2025-03-02,3,2,1,329.0,142.0,0.0
8528,7688,4,2025-03-02,2,3,1,349.0,150.0,0.0
8529,7689,5,2025-03-02,3,5,1,314.1,150.0,34.9
8530,7690,5,2025-03-02,7,1,1,349.0,150.0,0.0
8531,7024,1,2025-03-02,1,2,1,299.0,129.0,0.0
8532,7691,4,2025-03-02,1,1,1,314.1,150.0,34.9
8533,7692,4,2025-03-02,8,2,1,349.0,150.0,0.0
8534,5862,5,2025-03-02,5,5,1,349.0,150.0,0.0
8535,7693,2,2025-03-02,2,2,1,299.0,129.0,0.0
8536,7694,4,2025-03-02,3,2,1,349.0,150.0,0.0
8537,7695,5,2025-03-02,3,1,1,349.0,150.0,0.0
8538,7696,4,2025-03-02,9,5,1,349.0,150.0,0.0
8539,7697,5,2025-03-02,1,2,1,349.0,150.0,0.0
8540,7698,6,2025-03-02,2,5,1,499.0,215.0,0.0
8541,7699,3,2025-03-02,3,3,1,329.0,142.0,0.0
8542,7700,6,2025-03-02,5,1,1,499.0,215.0,0.0
8543,7701,2,2025-03-02,7,1,1,299.0,129.0,0.0
8544,7702,6,2025-03-02,3,1,1,499.0,215.0,0.0
8545,7703,5,2025-03-02,5,5,1,349.0,150.0,0.0
8546,6327,5,2025-03-02,7,3,1,349.0,150.0,0.0
8547,7704,4,2025-03-02,3,1,1,349.0,150.0,0.0
8548,7705,6,2025-03-02,5,4,1,499.0,215.0,0.0
8549,7706,5,2025-03-02,3,5,1,349.0,150.0,0.0
8550,7707,3,2025-03-02,5,2,1,329.0,142.0,0.0
8551,7708,3,2025-03-03,5,1,1,329.0,142.0,0.0
8552,7709,4,2025-03-03,5,1,1,349.0,150.0,0.0
8553,7710,5,2025-03-03,5,3,1,349.0,150.0,0.0
8554,7711,1,2025-03-03,7,1,1,299.0,129.0,0.0
8555,7712,4,2025-03-03,2,3,1,349.0,150.0,0.0
8556,7713,2,2025-03-03,1,2,1,269.1,129.0,29.9
8557,7714,2,2025-03-03,4,4,1,299.0,129.0,0.0
8558,7715,1,2025-03-03,1,4,1,299.0,129.0,0.0
8559,7716,4,2025-03-03,1,1,2,296.65,150.0,52.35
8560,7717,5,2025-03-03,5,3,1,349.0,150.0,0.0
8561,90214,2,2025-03-03,5,1,1,269.1,129.0,29.9
8562,7719,5,2025-03-03,1,1,1,349.0,150.0,0.0
8563,7720,1,2025-03-03,3,2,1,299.0,129.0,0.0
8564,7721,1,2025-03-03,1,1,1,299.0,129.0,0.0
8565,7722,3,2025-03-03,1,2,1,329.0,142.0,0.0
8566,7723,2,2025-03-03,2,1,1,269.1,129.0,29.9
8567,7724,5,2025-03-03,6,3,1,349.0,150.0,0.0
8568,7725,1,2025-03-03,9,1,1,299.0,129.0,0.0
8569,7726,1,2025-03-03,5,4,1,269.1,129.0,29.9
8570,7727,4,2025-03-03,5,1,1,314.1,150.0,34.9
8571,7728,1,2025-03-03,6,2,1,299.0,129.0,0.0
8572,7729,2,2025-03-03,7,2,1,299.0,129.0,0.0
8573,3891,5,2025-03-03,1,5,2,349.0,150.0,0.0
8574,7730,2,2025-03-03,3,1,1,299.0,129.0,0.0
8575,7731,4,2025-03-03,4,2,1,349.0,150.0,0.0
8576,7732,2,2025-03-03,7,1,1,299.0,129.0,0.0
8577,7733,6,2025-03-03,1,1,1,499.0,215.0,0.0
8578,7734,1,2025-03-03,9,5,1,299.0,129.0,0.0
8579,7735,4,2025-03-03,4,5,1,349.0,150.0,0.0
8580,7736,1,2025-03-03,5,3,1,299.0,129.0,0.0
8581,7707,1,2025-03-04,5,2,1,254.15,129.0,44.85
8582,7737,5,2025-03-04,5,5,1,349.0,150.0,0.0
8583,7738,2,2025-03-04,1,3,1,299.0,129.0,0.0
8584,7739,4,2025-03-04,1,1,1,349.0,150.0,0.0
8585,7740,1,2025-03-04,1,1,1,299.0,129.0,0.0
8586,7741,3,2025-03-04,2,2,1,329.0,142.0,0.0
8587,7742,4,2025-03-04,1,2,1,349.0,150.0,0.0
8588,7743,6,2025-03-04,1,2,1,499.0,215.0,0.0
8589,7744,3,2025-03-04,3,1,1,329.0,142.0,0.0
8590,7745,5,2025-03-04,5,1,2,349.0,150.0,0.0
8591,7746,5,2025-03-04,8,1,1,349.0,150.0,0.0
8592,7747,1,2025-03-04,5,4,1,299.0,129.0,0.0
8593,5898,2,2025-03-04,1,1,1,299.0,129.0,0.0
8594,7748,1,2025-03-04,1,1,1,254.15,129.0,44.85
8595,7749,5,2025-03-04,2,1,1,296.65,150.0,52.35
8596,7750,5,2025-03-04,1,1,1,349.0,150.0,0.0
8597,7751,4,2025-03-04,4,1,1,349.0,150.0,0.0
8598,7752,5,2025-03-04,1,2,1,349.0,150.0,0.0
8599,7753,5,2025-03-04,4,1,1,349.0,150.0,0.0
8600,7754,5,2025-03-04,1,3,1,349.0,150.0,0.0
8601,7755,6,2025-03-04,3,3,1,499.0,215.0,0.0
8602,7756,5,2025-03-04,5,4,1,349.0,150.0,0.0
8603,7757,5,2025-03-04,5,1,1,349.0,150.0,0.0
8604,7758,5,2025-03-04,,5,1,349.0,150.0,0.0
8605,7759,4,2025-03-04,4,2,1,314.1,150.0,34.9
8606,7760,4,2025-03-04,2,2,1,349.0,150.0,0.0
8607,3948,6,2025-03-04,1,1,1,449.1,215.0,49.9
8608,7761,5,2025-03-04,3,2,1,349.0,150.0,0.0
8609,7762,4,2025-03-04,4,4,1,349.0,150.0,0.0
8610,7763,5,2025-03-05,7,1,1,349.0,150.0,0.0
8611,7764,1,2025-03-05,5,3,1,299.0,129.0,0.0
8612,7765,4,2025-03-05,5,2,1,349.0,150.0,0.0
8613,7766,4,2025-03-05,3,2,1,349.0,150.0,0.0
8614,6926,1,2025-03-05,1,5,1,299.0,129.0,0.0
8615,7767,4,2025-03-05,1,3,1,349.0,150.0,0.0
8616,7768,5,2025-03-05,9,2,1,314.1,150.0,34.9
8617,7769,2,2025-03-05,5,2,1,299.0,129.0,0.0
8618,7770,5,2025-03-05,1,4,1,349.0,150.0,0.0
8619,7771,6,2025-03-05,5,3,1,424.15,215.0,74.85
8620,7772,3,2025-03-05,7,2,1,329.0,142.0,0.0
8621,7773,5,2025-03-05,1,1,2,349.0,150.0,0.0
8622,7774,6,2025-03-05,1,1,1,499.0,215.0,0.0
8623,7775,4,2025-03-05,9,2,1,349.0,150.0,0.0
8624,7776,4,2025-03-05,3,1,1,349.0,150.0,0.0
8625,7777,5,2025-03-05,4,1,1,349.0,150.0,0.0
8626,7778,3,2025-03-05,3,1,1,329.0,142.0,0.0
8627,7779,5,2025-03-05,1,1,1,349.0,150.0,0.0
8628,7780,5,2025-03-05,3,1,1,349.0,150.0,0.0
8629,7781,4,2025-03-05,5,3,1,349.0,150.0,0.0
8630,7782,5,2025-03-05,2,2,1,296.65,150.0,52.35
8631,7783,2,2025-03-05,5,3,1,299.0,129.0,0.0
8632,7784,5,2025-03-05,2,2,1,349.0,150.0,0.0
8633,7785,5,2025-03-05,3,5,1,314.1,150.0,34.9
8634,7786,4,2025-03-05,4,1,1,349.0,150.0,0.0
8635,7787,5,2025-03-05,1,2,1,314.1,150.0,34.9
8636,7788,2,2025-03-05,8,2,1,299.0,129.0,0.0
8637,7789,5,2025-03-06,3,1,2,314.1,150.0,34.9
8638,7790,1,2025-03-06,1,1,1,299.0,129.0,0.0
8639,7791,4,2025-03-06,7,1,1,349.0,150.0,0.0
8640,7792,4,2025-03-06,1,1,1,349.0,150.0,0.0
8641,7793,3,2025-03-06,3,1,1,329.0,142.0,0.0
8642,7794,2,2025-03-06,3,2,1,299.0,129.0,0.0
8643,7795,4,2025-03-06,8,4,1,349.0,150.0,0.0
8644,7796,5,2025-03-06,2,1,1,349.0,150.0,0.0
8645,7797,5,2025-03-06,4,1,2,349.0,150.0,0.0
8646,1920,1,2025-03-06,3,3,1,299.0,129.0,0.0
8647,7798,5,2025-03-06,6,1,1,349.0,150.0,0.0
8648,7799,2,2025-03-06,3,4,1,269.1,129.0,29.9
8649,7500,2,2025-03-06,1,3,1,269.1,129.0,29.9
8650,7800,1,2025-03-06,3,4,1,299.0,129.0,0.0
8651,7801,3,2025-03-06,3,2,1,329.0,142.0,0.0
8652,7802,3,2025-03-06,1,1,1,296.1,142.0,32.9
8653,7803,4,2025-03-06,7,3,1,349.0,150.0,0.0
8654,7804,4,2025-03-06,1,2,1,349.0,150.0,0.0
8655,7805,5,2025-03-06,1,1,1,349.0,150.0,0.0
8656,7806,4,2025-03-06,5,1,1,349.0,150.0,0.0
8657,7807,5,2025-03-06,5,2,1,349.0,150.0,0.0
8658,7808,3,2025-03-06,3,1,1,329.0,142.0,0.0
8659,7809,4,2025-03-06,7,2,1,296.65,150.0,52.35
8660,7810,5,2025-03-06,3,1,1,349.0,150.0,0.0
8661,2647,2,2025-03-06,1,1,1,299.0,129.0,0.0
8662,7811,2,2025-03-06,4,1,1,299.0,129.0,0.0
8663,7812,2,2025-03-07,4,2,1,299.0,129.0,0.0
8664,7813,2,2025-03-07,4,4,1,299.0,129.0,0.0
8665,7814,4,2025-03-07,5,2,1,349.0,150.0,0.0
8666,7815,4,2025-03-07,5,3,1,349.0,150.0,0.0
8667,7816,2,2025-03-07,2,2,1,299.0,129.0,0.0
8668,7817,4,2025-03-07,1,1,1,314.1,150.0,34.9
8669,4127,3,2025-03-07,1,5,2,329.0,142.0,0.0
8670,7818,6,2025-03-07,3,3,1,449.1,215.0,49.9
8671,7819,5,2025-03-07,1,2,2,349.0,150.0,0.0
8672,7820,5,2025-03-07,4,2,1,349.0,150.0,0.0
8673,6970,2,2025-03-07,6,2,1,299.0,129.0,0.0
8674,7821,1,2025-03-07,2,3,1,299.0,129.0,0.0
8675,90007,6,2025-03-07,2,1,1,499.0,215.0,0.0
8676,7822,5,2025-03-07,1,4,1,349.0,150.0,0.0
8677,7823,2,2025-03-07,9,2,1,254.15,129.0,44.85
8678,7824,1,2025-03-07,4,2,1,299.0,129.0,0.0
8679,7825,1,2025-03-07,2,1,1,299.0,129.0,0.0
8680,7826,5,2025-03-07,1,3,1,349.0,150.0,0.0
8681,7827,2,2025-03-07,4,5,1,299.0,129.0,0.0
8682,7828,4,2025-03-07,5,2,1,349.0,150.0,0.0
8683,7829,6,2025-03-07,5,2,1,499.0,215.0,0.0
8684,7830,2,2025-03-07,2,1,2,254.15,129.0,44.85
8685,7831,2,2025-03-07,4,1,1,299.0,129.0,0.0
8686,7832,2,2025-03-07,5,2,1,299.0,129.0,0.0
8687,7833,1,2025-03-07,5,1,1,269.1,129.0,29.9
8688,7834,3,2025-03-07,1,4,1,279.65,142.0,49.35
8689,7835,1,2025-03-07,4,3,1,299.0,129.0,0.0
8690,2901,5,2025-03-07,3,1,1,349.0,150.0,0.0
8691,7836,1,2025-03-07,5,2,1,299.0,129.0,0.0
8692,7837,6,2025-03-07,2,1,1,449.1,215.0,49.9
8693,7838,2,2025-03-07,9,1,1,299.0,129.0,0.0
8694,7839,2,2025-03-07,9,3,1,299.0,129.0,0.0
8695,7840,1,2025-03-07,4,2,1,299.0,129.0,0.0
8696,7841,4,2025-03-08,1,3,1,314.1,150.0,34.9
8697,7842,5,2025-03-08,1,2,1,349.0,150.0,0.0
8698,7843,5,2025-03-08,3,1,1,349.0,150.0,0.0
8699,7844,3,2025-03-08,1,2,1,279.65,142.0,49.35
8700,7845,2,2025-03-08,1,3,1,299.0,129.0,0.0
8701,7846,1,2025-03-08,3,2,1,299.0,129.0,0.0
8702,7847,2,2025-03-08,4,5,1,299.0,129.0,0.0
8703,7848,5,2025-03-08,5,2,1,349.0,150.0,0.0
8704,7849,4,2025-03-08,1,1,1,349.0,150.0,0.0
8705,7850,6,2025-03-08,1,1,1,499.0,215.0,0.0
8706,4076,2,2025-03-08,3,3,1,269.1,129.0,29.9
8707,7851,4,2025-03-08,5,5,1,314.1,150.0,34.9
8708,7852,2,2025-03-08,3,2,1,299.0,129.0,0.0
8709,7853,4,2025-03-08,6,1,1,349.0,150.0,0.0
8710,7854,5,2025-03-08,5,5,1,296.65,150.0,52.35
8711,7855,2,2025-03-08,2,2,1,299.0,129.0,0.0
8712,7856,2,2025-03-08,1,2,2,299.0,129.0,0.0
8713,7857,4,2025-03-08,3,2,1,314.1,150.0,34.9
8714,7858,4,2025-03-08,4,3,1,349.0,150.0,0.0
8715,7859,5,2025-03-08,5,2,1,296.65,150.0,52.35
8716,7860,5,2025-03-08,3,1,1,349.0,150.0,0.0
8717,3354,2,2025-03-08,1,4,1,254.15,129.0,44.85
8718,7861,4,2025-03-08,5,1,1,349.0,150.0,0.0
8719,7862,5,2025-03-08,1,4,1,349.0,150.0,0.0
8720,7863,4,2025-03-08,1,1,1,314.1,150.0,34.9
8721,7864,2,2025-03-08,1,2,1,269.1,129.0,29.9
8722,7865,6,2025-03-09,5,1,1,449.1,215.0,49.9
8723,269,4,2025-03-09,7,2,1,349.0,150.0,0.0
8724,7866,6,2025-03-09,5,2,1,499.0,215.0,0.0
8725,7867,5,2025-03-09,1,1,1,296.65,150.0,52.35
8726,7868,4,2025-03-09,3,2,1,349.0,150.0,0.0
8727,7869,4,2025-03-09,7,1,2,349.0,150.0,0.0
8728,7870,5,2025-03-09,1,5,1,349.0,150.0,0.0
8729,7871,5,2025-03-09,3,1,1,349.0,150.0,0.0
8730,7872,1,2025-03-09,1,3,1,299.0,129.0,0.0
8731,7873,1,2025-03-09,5,2,1,269.1,129.0,29.9
8732,7874,3,2025-03-09,5,2,1,329.0,142.0,0.0
8733,7875,4,2025-03-09,7,1,1,349.0,150.0,0.0
8734,7876,5,2025-03-09,3,5,1,349.0,150.0,0.0
8735,7877,4,2025-03-09,4,4,1,349.0,150.0,0.0
8736,1153,4,2025-03-09,3,2,1,296.65,150.0,52.35
8737,7878,4,2025-03-09,3,2,1,349.0,150.0,0.0
8738,7879,1,2025-03-09,1,5,1,299.0,129.0,0.0
8739,7880,6,2025-03-09,9,3,1,499.0,215.0,0.0
8740,7881,2,2025-03-09,3,1,1,299.0,129.0,0.0
8741,7882,2,2025-03-09,7,3,2,299.0,129.0,0.0
8742,7883,6,2025-03-09,9,4,1,499.0,215.0,0.0
8743,7884,6,2025-03-09,2,2,1,449.1,215.0,49.9
8744,7885,5,2025-03-09,1,2,2,349.0,150.0,0.0
8745,7886,4,2025-03-10,1,4,1,349.0,150.0,0.0
8746,7887,6,2025-03-10,1,2,1,499.0,215.0,0.0
8747,7888,2,2025-03-10,6,5,1,254.15,129.0,44.85
8748,7889,2,2025-03-10,5,1,1,299.0,129.0,0.0
8749,7890,5,2025-03-10,8,3,1,349.0,150.0,0.0
8750,7891,4,2025-03-10,2,2,1,349.0,150.0,0.0
8751,7892,4,2025-03-10,5,2,1,314.1,150.0,34.9
8752,7893,2,2025-03-10,2,2,1,299.0,129.0,0.0
8753,7894,5,2025-03-10,1,4,1,349.0,150.0,0.0
8754,7895,5,2025-03-10,2,5,1,349.0,150.0,0.0
8755,7896,2,2025-03-10,3,3,1,299.0,129.0,0.0
8756,7897,6,2025-03-10,1,2,1,499.0,215.0,0.0
8757,7898,5,2025-03-10,2,2,2,349.0,150.0,0.0
8758,7899,5,2025-03-10,8,3,1,349.0,150.0,0.0
8759,7900,5,2025-03-10,3,2,1,314.1,150.0,34.9
8760,7901,3,2025-03-10,1,5,1,329.0,142.0,0.0
8761,7902,2,2025-03-10,5,1,1,269.1,129.0,29.9
8762,7903,5,2025-03-10,1,3,1,349.0,150.0,0.0
8763,7904,4,2025-03-10,3,4,1,349.0,150.0,0.0
8764,7905,1,2025-03-10,,4,1,299.0,129.0,0.0
8765,7906,1,2025-03-10,1,2,2,299.0,129.0,0.0
8766,7907,4,2025-03-10,4,4,1,314.1,150.0,34.9
8767,7908,1,2025-03-11,4,3,1,299.0,129.0,0.0
8768,7909,6,2025-03-11,3,2,1,424.15,215.0,74.85
8769,7910,4,2025-03-11,4,2,2,349.0,150.0,0.0
8770,7911,1,2025-03-11,8,1,1,299.0,129.0,0.0
8771,7912,5,2025-03-11,1,2,1,296.65,150.0,52.35
8772,7913,1,2025-03-11,1,4,1,269.1,129.0,29.9
8773,7914,2,2025-03-11,7,2,1,299.0,129.0,0.0
8774,7915,2,2025-03-11,1,5,1,269.1,129.0,29.9
8775,2311,2,2025-03-11,4,2,1,299.0,129.0,0.0
8776,7916,4,2025-03-11,5,1,1,349.0,150.0,0.0
8777,7917,3,2025-03-11,5,1,2,296.1,142.0,32.9
8778,7918,5,2025-03-11,3,2,1,349.0,150.0,0.0
8779,7919,6,2025-03-11,6,2,1,499.0,215.0,0.0
8780,7920,4,2025-03-11,2,5,1,349.0,150.0,0.0
8781,5152,6,2025-03-11,3,2,1,424.15,215.0,74.85
8782,7921,1,2025-03-11,6,1,1,269.1,129.0,29.9
8783,7922,5,2025-03-11,1,1,1,349.0,150.0,0.0
8784,7923,4,2025-03-11,7,2,2,349.0,150.0,0.0
8785,5894,1,2025-03-11,1,1,1,299.0,129.0,0.0
8786,7924,2,2025-03-11,8,1,1,299.0,129.0,0.0
8787,7925,3,2025-03-12,2,5,1,329.0,142.0,0.0
8788,7926,4,2025-03-12,8,4,1,349.0,150.0,0.0
8789,7927,4,2025-03-12,4,1,1,349.0,150.0,0.0
8790,7928,4,2025-03-12,2,5,1,349.0,150.0,0.0
8791,7929,1,2025-03-12,1,1,1,299.0,129.0,0.0
8792,7930,5,2025-03-12,3,3,1,349.0,150.0,0.0
8793,7931,6,2025-03-12,4,1,1,499.0,215.0,0.0
8794,7932,2,2025-03-12,3,3,1,299.0,129.0,0.0
8795,7933,1,2025-03-12,3,3,1,269.1,129.0,29.9
8796,7934,4,2025-03-12,1,2,1,349.0,150.0,0.0
8797,7935,5,2025-03-12,2,4,1,314.1,150.0,34.9
8798,7936,1,2025-03-12,1,2,1,299.0,129.0,0.0
8799,7937,1,2025-03-12,3,5,1,299.0,129.0,0.0
8800,7938,3,2025-03-12,4,2,1,329.0,142.0,0.0
8801,7939,5,2025-03-12,3,1,1,314.1,150.0,34.9
8802,7940,1,2025-03-12,1,1,1,299.0,129.0,0.0
8803,7941,6,2025-03-12,4,1,1,499.0,215.0,0.0
8804,7942,3,2025-03-12,3,5,1,329.0,142.0,0.0
8805,7943,1,2025-03-12,5,1,1,254.15,129.0,44.85
8806,7944,5,2025-03-12,1,1,2,349.0,150.0,0.0
8807,7945,1,2025-03-12,1,4,1,299.0,129.0,0.0
8808,7946,1,2025-03-12,2,3,2,299.0,129.0,0.0
8809,7947,1,2025-03-12,1,1,1,254.15,129.0,44.85
8810,7948,2,2025-03-12,5,1,2,299.0,129.0,0.0
8811,7949,3,2025-03-12,5,2,1,296.1,142.0,32.9
8812,7950,3,2025-03-12,,5,1,329.0,142.0,0.0
8813,7951,5,2025-03-12,5,2,1,349.0,150.0,0.0
8814,736,4,2025-03-12,4,3,1,314.1,150.0,34.9
8815,7952,1,2025-03-13,3,2,1,299.0,129.0,0.0
8816,7953,1,2025-03-13,8,1,1,299.0,129.0,0.0
8817,7954,5,2025-03-13,2,3,1,349.0,150.0,0.0
8818,7955,6,2025-03-13,1,4,1,499.0,215.0,0.0
8819,7956,4,2025-03-13,1,3,1,349.0,150.0,0.0
8820,7957,4,2025-03-13,5,1,1,349.0,150.0,0.0
8821,4857,5,2025-03-13,6,1,1,349.0,150.0,0.0
8822,7958,3,2025-03-13,7,1,2,329.0,142.0,0.0
8823,7959,4,2025-03-13,1,2,1,296.65,150.0,52.35
8824,7960,1,2025-03-13,7,1,1,299.0,129.0,0.0
8825,7961,4,2025-03-13,4,1,1,349.0,150.0,0.0
8826,7962,6,2025-03-13,5,3,1,424.15,215.0,74.85
8827,7963,1,2025-03-13,4,5,1,299.0,129.0,0.0
8828,7964,5,2025-03-13,1,2,1,349.0,150.0,0.0
8829,7965,3,2025-03-13,1,1,1,329.0,142.0,0.0
8830,7966,4,2025-03-13,7,5,1,349.0,150.0,0.0
8831,1758,5,2025-03-13,8,1,1,349.0,150.0,0.0
8832,7967,4,2025-03-13,6,4,1,349.0,150.0,0.0
8833,7968,3,2025-03-13,4,3,1,329.0,142.0,0.0
8834,7969,5,2025-03-13,1,1,1,349.0,150.0,0.0
8835,7970,1,2025-03-13,2,1,1,299.0,129.0,0.0
8836,7971,4,2025-03-13,3,1,2,349.0,150.0,0.0
8837,7972,2,2025-03-13,4,2,1,299.0,129.0,0.0
8838,7973,2,2025-03-13,4,3,1,299.0,129.0,0.0
8839,7974,1,2025-03-13,3,3,1,299.0,129.0,0.0
8840,7975,6,2025-03-13,8,4,1,499.0,215.0,0.0
8841,7976,1,2025-03-13,1,1,1,299.0,129.0,0.0
8842,7977,5,2025-03-13,1,1,1,349.0,150.0,0.0
8843,7978,4,2025-03-13,2,2,1,349.0,150.0,0.0
8844,7979,4,2025-03-13,8,2,1,349.0,150.0,0.0
8845,7980,5,2025-03-13,7,5,1,349.0,150.0,0.0
8846,7981,1,2025-03-13,5,2,1,299.0,129.0,0.0
8847,7982,4,2025-03-14,8,3,1,296.65,150.0,52.35
8848,7983,3,2025-03-14,5,1,1,329.0,142.0,0.0
8849,7984,2,2025-03-14,3,1,1,299.0,129.0,0.0
8850,7985,4,2025-03-14,5,1,1,349.0,150.0,0.0
8851,7986,4,2025-03-14,3,5,1,296.65,150.0,52.35
8852,6550,4,2025-03-14,4,3,1,349.0,150.0,0.0
8853,7987,4,2025-03-14,1,4,1,349.0,150.0,0.0
8854,7988,5,2025-03-14,5,1,1,296.65,150.0,52.35
8855,7989,6,2025-03-14,1,2,1,499.0,215.0,0.0
8856,7990,6,2025-03-14,5,1,1,499.0,215.0,0.0
8857,7991,1,2025-03-14,3,2,1,254.15,129.0,44.85
8858,7992,5,2025-03-14,4,5,1,349.0,150.0,0.0
8859,7993,4,2025-03-14,1,5,1,349.0,150.0,0.0
8860,7994,5,2025-03-14,5,1,1,314.1,150.0,34.9
8861,3312,4,2025-03-14,3,5,1,349.0,150.0,0.0
8862,7995,4,2025-03-14,7,2,1,349.0,150.0,0.0
8863,344,2,2025-03-14,7,3,1,299.0,129.0,0.0
8864,7996,3,2025-03-14,8,3,1,329.0,142.0,0.0
8865,7997,5,2025-03-14,5,2,1,349.0,150.0,0.0
8866,7998,4,2025-03-14,4,2,1,349.0,150.0,0.0
8867,7999,5,2025-03-14,8,4,1,349.0,150.0,0.0
8868,8000,4,2025-03-15,1,3,1,349.0,150.0,0.0
8869,8001,5,2025-03-15,1,1,1,349.0,150.0,0.0
8870,8002,2,2025-03-15,2,5,1,299.0,129.0,0.0
8871,8003,2,2025-03-15,9,2,1,299.0,129.0,0.0
8872,8004,1,2025-03-15,3,3,1,299.0,129.0,0.0
8873,8005,5,2025-03-15,3,1,1,349.0,150.0,0.0
8874,8006,4,2025-03-15,2,1,2,349.0,150.0,0.0
8875,8007,5,2025-03-15,4,1,1,349.0,150.0,0.0
8876,8008,4,2025-03-15,2,2,1,349.0,150.0,0.0
8877,8009,5,2025-03-15,2,2,1,349.0,150.0,0.0
8878,8010,5,2025-03-15,4,2,1,349.0,150.0,0.0
8879,8011,1,2025-03-15,1,4,1,269.1,129.0,29.9
8880,8012,4,2025-03-15,2,5,1,349.0,150.0,0.0
8881,8013,1,2025-03-15,1,5,1,299.0,129.0,0.0
8882,8014,1,2025-03-15,3,1,1,254.15,129.0,44.85
8883,8015,2,2025-03-15,3,1,1,299.0,129.0,0.0
8884,8016,1,2025-03-15,7,1,1,269.1,129.0,29.9
8885,8017,5,2025-03-15,,2,1,349.0,150.0,0.0
8886,8018,3,2025-03-15,7,3,2,329.0,142.0,0.0
8887,8019,5,2025-03-15,3,1,1,349.0,150.0,0.0
8888,2731,2,2025-03-15,1,2,1,299.0,129.0,0.0
8889,8020,6,2025-03-15,2,1,1,499.0,215.0,0.0
8890,8021,1,2025-03-15,5,2,1,299.0,129.0,0.0
8891,8022,4,2025-03-15,1,1,1,349.0,150.0,0.0
8892,8023,1,2025-03-15,8,3,1,254.15,129.0,44.85
8893,59,3,2025-03-15,1,1,1,279.65,142.0,49.35
8894,8024,3,2025-03-15,1,4,1,329.0,142.0,0.0
8895,8025,3,2025-03-15,5,1,1,329.0,142.0,0.0
8896,4680,4,2025-03-15,1,2,1,349.0,150.0,0.0
8897,8026,4,2025-03-15,5,4,1,349.0,150.0,0.0
8898,8027,5,2025-03-15,3,2,1,349.0,150.0,0.0
8899,8028,6,2025-03-16,1,4,1,499.0,215.0,0.0
8900,8029,1,2025-03-16,1,2,2,299.0,129.0,0.0
8901,8030,4,2025-03-16,1,2,1,349.0,150.0,0.0
8902,1473,3,2025-03-16,5,1,1,329.0,142.0,0.0
8903,8031,2,2025-03-16,7,1,1,269.1,129.0,29.9
8904,8032,5,2025-03-16,1,1,1,349.0,150.0,0.0
8905,8033,4,2025-03-16,7,5,1,296.65,150.0,52.35
8906,8034,4,2025-03-16,2,2,1,349.0,150.0,0.0
8907,8035,3,2025-03-16,9,3,1,296.1,142.0,32.9
8908,8036,4,2025-03-16,1,2,1,349.0,150.0,0.0
8909,8037,5,2025-03-16,5,1,1,349.0,150.0,0.0
8910,8038,3,2025-03-16,8,2,1,329.0,142.0,0.0
8911,8039,3,2025-03-16,3,1,2,329.0,142.0,0.0
8912,8040,2,2025-03-16,2,1,1,269.1,129.0,29.9
8913,8041,2,2025-03-16,2,1,1,299.0,129.0,0.0
8914,8042,1,2025-03-16,5,2,1,254.15,129.0,44.85
8915,8043,3,2025-03-16,2,2,1,329.0,142.0,0.0
8916,8044,2,2025-03-16,1,1,1,299.0,129.0,0.0
8917,8045,5,2025-03-16,2,4,0,349.0,150.0,0.0
8918,8046,5,2025-03-16,1,1,1,349.0,150.0,0.0
8919,8047,4,2025-03-16,4,2,1,314.1,150.0,34.9
8920,8048,2,2025-03-16,5,1,1,299.0,129.0,0.0
8921,8049,4,2025-03-16,3,5,1,349.0,150.0,0.0
8922,8050,1,2025-03-16,5,4,1,299.0,129.0,0.0
8923,8051,2,2025-03-16,5,2,1,299.0,129.0,0.0
8924,8052,2,2025-03-16,2,1,1,254.15,129.0,44.85
8925,8053,5,2025-03-16,1,2,1,314.1,150.0,34.9
8926,8054,6,2025-03-17,1,4,1,499.0,215.0,0.0
8927,8055,5,2025-03-17,1,4,1,349.0,150.0,0.0
8928,8056,4,2025-03-17,5,3,1,349.0,150.0,0.0
8929,8057,2,2025-03-17,4,5,2,299.0,129.0,0.0
8930,8058,5,2025-03-17,1,1,1,314.1,150.0,34.9
8931,8059,4,2025-03-17,5,2,1,349.0,150.0,0.0
8932,8060,6,2025-03-17,4,1,1,499.0,215.0,0.0
8933,8061,5,2025-03-17,6,4,1,296.65,150.0,52.35
8934,8062,4,2025-03-17,3,2,1,349.0,150.0,0.0
8935,8063,4,2025-03-17,1,1,1,349.0,150.0,0.0
8936,8064,5,2025-03-17,2,2,1,349.0,150.0,0.0
8937,8065,3,2025-03-17,2,2,1,329.0,142.0,0.0
8938,8066,3,2025-03-17,1,2,1,329.0,142.0,0.0
8939,8067,4,2025-03-17,1,1,1,349.0,150.0,0.0
8940,8068,6,2025-03-17,3,4,1,499.0,215.0,0.0
8941,8069,2,2025-03-17,3,1,1,299.0,129.0,0.0
8942,8070,2,2025-03-17,5,1,1,299.0,129.0,0.0
8943,8071,4,2025-03-17,6,1,1,349.0,150.0,0.0
8944,8072,2,2025-03-17,5,2,1,299.0,129.0,0.0
8945,8073,2,2025-03-17,3,2,1,299.0,129.0,0.0
8946,8074,5,2025-03-17,5,5,1,349.0,150.0,0.0
8947,8075,5,2025-03-17,1,1,1,349.0,150.0,0.0
8948,8076,5,2025-03-17,1,5,1,296.65,150.0,52.35
8949,8077,5,2025-03-17,7,2,1,349.0,150.0,0.0
8950,8078,4,2025-03-18,4,2,1,314.1,150.0,34.9
8951,4900,1,2025-03-18,2,1,1,299.0,129.0,0.0
8952,8079,1,2025-03-18,6,1,1,299.0,129.0,0.0
8953,8080,3,2025-03-18,1,1,1,329.0,142.0,0.0
8954,8081,5,2025-03-18,7,1,1,349.0,150.0,0.0
8955,8082,3,2025-03-18,1,1,1,329.0,142.0,0.0
8956,8083,4,2025-03-18,1,5,1,314.1,150.0,34.9
8957,901,4,2025-03-18,4,1,1,349.0,150.0,0.0
8958,8084,5,2025-03-18,1,2,1,349.0,150.0,0.0
8959,8085,5,2025-03-18,2,1,1,349.0,150.0,0.0
8960,8086,2,2025-03-18,1,3,1,269.1,129.0,29.9
8961,8087,3,2025-03-18,4,2,1,296.1,142.0,32.9
8962,8088,5,2025-03-18,8,1,1,349.0,150.0,0.0
8963,8089,1,2025-03-18,1,1,1,299.0,129.0,0.0
8964,8090,5,2025-03-18,3,5,1,349.0,150.0,0.0
8965,8091,3,2025-03-18,3,1,1,329.0,142.0,0.0
8966,4473,4,2025-03-18,9,3,1,349.0,150.0,0.0
8967,4787,6,2025-03-18,3,4,1,499.0,215.0,0.0
8968,8092,3,2025-03-18,1,5,1,296.1,142.0,32.9
8969,8093,3,2025-03-18,2,3,1,329.0,142.0,0.0
8970,8094,1,2025-03-18,3,2,1,254.15,129.0,44.85
8971,8095,5,2025-03-18,1,3,1,314.1,150.0,34.9
8972,8096,5,2025-03-18,8,1,1,349.0,150.0,0.0
8973,8097,1,2025-03-18,1,2,1,299.0,129.0,0.0
8974,8098,5,2025-03-18,1,1,1,349.0,150.0,0.0
8975,8099,2,2025-03-18,1,3,1,254.15,129.0,44.85
8976,8100,4,2025-03-18,1,3,1,296.65,150.0,52.35
8977,8101,5,2025-03-18,1,1,1,296.65,150.0,52.35
8978,8102,4,2025-03-18,4,2,1,349.0,150.0,0.0
8979,8103,2,2025-03-18,5,1,1,299.0,129.0,0.0
8980,8104,4,2025-03-19,5,1,1,349.0,150.0,0.0
8981,5198,6,2025-03-19,1,3,1,499.0,215.0,0.0
8982,8105,2,2025-03-19,8,2,1,299.0,129.0,0.0
8983,8106,6,2025-03-19,2,5,2,449.1,215.0,49.9
8984,8107,2,2025-03-19,1,2,1,299.0,129.0,0.0
8985,8108,2,2025-03-19,4,2,2,299.0,129.0,0.0
8986,8109,5,2025-03-19,5,2,1,349.0,150.0,0.0
8987,8110,6,2025-03-19,,2,1,499.0,215.0,0.0
8988,8111,4,2025-03-19,1,3,1,296.65,150.0,52.35
8989,8112,5,2025-03-19,2,2,1,349.0,150.0,0.0
8990,8113,5,2025-03-19,8,3,1,296.65,150.0,52.35
8991,8114,5,2025-03-19,5,2,1,349.0,150.0,0.0
8992,8115,2,2025-03-19,2,1,1,299.0,129.0,0.0
8993,1215,4,2025-03-19,3,2,1,349.0,150.0,0.0
8994,7546,5,2025-03-19,6,1,1,349.0,150.0,0.0
8995,8116,1,2025-03-19,1,2,1,299.0,129.0,0.0
8996,8117,1,2025-03-19,6,2,1,269.1,129.0,29.9
8997,8118,1,2025-03-19,1,2,1,299.0,129.0,0.0
8998,8119,6,2025-03-19,1,1,1,499.0,215.0,0.0
8999,8120,5,2025-03-19,6,3,1,349.0,150.0,0.0
9000,8121,3,2025-03-19,4,2,1,329.0,142.0,0.0
9001,8122,1,2025-03-19,3,2,1,299.0,129.0,0.0
9002,8123,1,2025-03-19,2,2,1,299.0,129.0,0.0
9003,8124,6,2025-03-19,5,2,1,499.0,215.0,0.0
9004,8125,5,2025-03-19,7,4,1,349.0,150.0,0.0
9005,8126,4,2025-03-19,1,1,1,349.0,150.0,0.0
9006,234,6,2025-03-19,2,1,1,499.0,215.0,0.0
9007,8127,1,2025-03-19,5,5,1,299.0,129.0,0.0
9008,8128,1,2025-03-19,6,2,1,299.0,129.0,0.0
9009,4581,5,2025-03-20,1,1,1,349.0,150.0,0.0
9010,8129,6,2025-03-20,2,2,1,499.0,215.0,0.0
9011,8130,5,2025-03-20,2,2,1,349.0,150.0,0.0
9012,8131,4,2025-03-20,1,2,1,296.65,150.0,52.35
9013,8132,4,2025-03-20,6,1,1,314.1,150.0,34.9
9014,8133,3,2025-03-20,4,1,1,329.0,142.0,0.0
9015,8134,4,2025-03-20,1,2,1,349.0,150.0,0.0
9016,8135,6,2025-03-20,1,1,1,499.0,215.0,0.0
9017,8136,4,2025-03-20,5,1,2,349.0,150.0,0.0
9018,8137,4,2025-03-20,3,1,1,349.0,150.0,0.0
9019,8138,5,2025-03-20,4,2,1,349.0,150.0,0.0
9020,8139,3,2025-03-20,7,4,2,329.0,142.0,0.0
9021,8140,4,2025-03-20,3,3,1,349.0,150.0,0.0
9022,5618,4,2025-03-20,5,2,1,349.0,150.0,0.0
9023,8141,5,2025-03-20,2,2,1,349.0,150.0,0.0
9024,8142,1,2025-03-20,5,1,1,299.0,129.0,0.0
9025,8143,2,2025-03-20,1,1,1,299.0,129.0,0.0
9026,8144,1,2025-03-20,8,1,1,299.0,129.0,0.0
9027,8145,4,2025-03-20,7,2,1,349.0,150.0,0.0
9028,8146,6,2025-03-20,1,3,1,499.0,215.0,0.0
9029,2391,2,2025-03-20,5,5,1,299.0,129.0,0.0
9030,8147,5,2025-03-20,3,2,1,349.0,150.0,0.0
9031,8148,5,2025-03-20,3,5,1,349.0,150.0,0.0
9032,8149,5,2025-03-20,2,3,1,349.0,150.0,0.0
9033,8150,1,2025-03-20,2,4,1,299.0,129.0,0.0
9034,8151,6,2025-03-20,3,4,1,499.0,215.0,0.0
9035,8152,6,2025-03-21,1,3,1,449.1,215.0,49.9
9036,8153,2,2025-03-21,1,1,1,299.0,129.0,0.0
9037,8154,2,2025-03-21,2,3,1,299.0,129.0,0.0
9038,8155,2,2025-03-21,5,1,1,299.0,129.0,0.0
9039,8156,5,2025-03-21,7,4,1,349.0,150.0,0.0
9040,8157,4,2025-03-21,2,2,1,349.0,150.0,0.0
9041,8158,1,2025-03-21,4,1,1,299.0,129.0,0.0
9042,8159,6,2025-03-21,5,1,1,499.0,215.0,0.0
9043,8160,6,2025-03-21,2,1,1,499.0,215.0,0.0
9044,8161,5,2025-03-21,4,2,1,314.1,150.0,34.9
9045,8162,3,2025-03-21,1,5,1,329.0,142.0,0.0
9046,5276,2,2025-03-21,1,1,1,299.0,129.0,0.0
9047,8163,1,2025-03-21,1,3,1,299.0,129.0,0.0
9048,8164,5,2025-03-21,5,1,1,349.0,150.0,0.0
9049,2647,3,2025-03-21,9,5,1,329.0,142.0,0.0
9050,8165,1,2025-03-21,7,5,1,299.0,129.0,0.0
9051,8166,2,2025-03-21,7,3,1,299.0,129.0,0.0
9052,8167,1,2025-03-21,7,1,1,269.1,129.0,29.9
9053,8168,5,2025-03-21,4,2,1,296.65,150.0,52.35
9054,8169,1,2025-03-21,3,1,1,299.0,129.0,0.0
9055,8170,2,2025-03-21,2,5,1,299.0,129.0,0.0
9056,8171,5,2025-03-21,5,1,1,349.0,150.0,0.0
9057,8172,5,2025-03-21,7,5,2,349.0,150.0,0.0
9058,8173,4,2025-03-21,4,5,1,296.65,150.0,52.35
9059,8174,5,2025-03-21,5,2,1,314.1,150.0,34.9
9060,8175,5,2025-03-21,2,3,1,349.0,150.0,0.0
9061,8176,6,2025-03-21,2,5,1,499.0,215.0,0.0
9062,8177,4,2025-03-21,4,2,1,349.0,150.0,0.0
9063,8178,3,2025-03-21,1,2,1,329.0,142.0,0.0
9064,7276,2,2025-03-21,1,2,1,299.0,129.0,0.0
9065,8179,1,2025-03-22,4,2,1,299.0,129.0,0.0
9066,8180,3,2025-03-22,2,1,1,329.0,142.0,0.0
9067,8181,3,2025-03-22,8,4,1,329.0,142.0,0.0
9068,8182,1,2025-03-22,1,5,1,299.0,129.0,0.0
9069,8183,2,2025-03-22,6,5,1,254.15,129.0,44.85
9070,7693,2,2025-03-22,5,2,1,269.1,129.0,29.9
9071,8184,3,2025-03-22,1,2,1,329.0,142.0,0.0
9072,8185,4,2025-03-22,1,1,1,349.0,150.0,0.0
9073,8186,6,2025-03-22,7,5,2,499.0,215.0,0.0
9074,8187,5,2025-03-22,2,4,1,349.0,150.0,0.0
9075,8188,4,2025-03-22,1,1,1,349.0,150.0,0.0
9076,8189,5,2025-03-22,3,5,1,314.1,150.0,34.9
9077,8190,5,2025-03-22,3,1,1,349.0,150.0,0.0
9078,8191,4,2025-03-22,5,2,1,314.1,150.0,34.9
9079,8192,6,2025-03-22,1,5,1,499.0,215.0,0.0
9080,8193,2,2025-03-22,1,2,1,299.0,129.0,0.0
9081,8194,1,2025-03-22,1,3,1,299.0,129.0,0.0
9082,8195,4,2025-03-22,6,1,1,349.0,150.0,0.0
9083,8196,3,2025-03-22,1,1,2,329.0,142.0,0.0
9084,8197,1,2025-03-22,7,3,1,299.0,129.0,0.0
9085,8198,2,2025-03-22,1,1,1,269.1,129.0,29.9
9086,8199,3,2025-03-22,4,1,1,329.0,142.0,0.0
9087,8200,2,2025-03-22,6,1,1,299.0,129.0,0.0
9088,8201,3,2025-03-22,1,2,1,329.0,142.0,0.0
9089,8202,3,2025-03-22,1,2,1,329.0,142.0,0.0
9090,8203,2,2025-03-23,4,2,2,299.0,129.0,0.0
9091,8204,5,2025-03-23,5,2,1,349.0,150.0,0.0
9092,8205,6,2025-03-23,1,2,1,499.0,215.0,0.0
9093,8206,4,2025-03-23,2,2,1,314.1,150.0,34.9
9094,8207,2,2025-03-23,7,5,1,299.0,129.0,0.0
9095,8208,4,2025-03-23,2,2,1,314.1,150.0,34.9
9096,8209,5,2025-03-23,,5,1,349.0,150.0,0.0
9097,8210,1,2025-03-23,3,5,1,299.0,129.0,0.0
9098,8211,5,2025-03-23,4,1,1,349.0,150.0,0.0
9099,8212,1,2025-03-23,3,1,2,299.0,129.0,0.0
9100,8213,5,2025-03-23,4,2,1,349.0,150.0,0.0
9101,8214,1,2025-03-23,5,3,1,299.0,129.0,0.0
9102,8215,4,2025-03-23,2,2,1,296.65,150.0,52.35
9103,8216,5,2025-03-23,1,1,1,349.0,150.0,0.0
9104,8217,4,2025-03-23,6,2,1,349.0,150.0,0.0
9105,8218,2,2025-03-23,2,1,1,299.0,129.0,0.0
9106,8219,5,2025-03-23,1,4,1,349.0,150.0,0.0
9107,8220,5,2025-03-23,8,4,1,314.1,150.0,34.9
9108,8221,1,2025-03-23,8,1,1,299.0,129.0,0.0
9109,8222,5,2025-03-23,6,2,1,349.0,150.0,0.0
9110,8223,3,2025-03-23,8,1,1,329.0,142.0,0.0
9111,8224,5,2025-03-23,9,1,1,349.0,150.0,0.0
9112,8225,5,2025-03-23,3,3,2,349.0,150.0,0.0
9113,8226,4,2025-03-23,4,3,1,349.0,150.0,0.0
9114,7083,4,2025-03-23,7,2,1,296.65,150.0,52.35
9115,8227,1,2025-03-24,2,1,1,299.0,129.0,0.0
9116,262,1,2025-03-24,1,3,1,299.0,129.0,0.0
9117,8228,5,2025-03-24,1,1,1,314.1,150.0,34.9
9118,8229,4,2025-03-24,1,2,1,349.0,150.0,0.0
9119,8230,5,2025-03-24,4,1,2,349.0,150.0,0.0
9120,8231,6,2025-03-24,4,1,1,449.1,215.0,49.9
9121,8232,5,2025-03-24,1,4,1,296.65,150.0,52.35
9122,4711,3,2025-03-24,1,5,1,296.1,142.0,32.9
9123,8233,6,2025-03-24,1,1,1,499.0,215.0,0.0
9124,8234,2,2025-03-24,2,1,1,299.0,129.0,0.0
9125,8235,4,2025-03-24,2,1,1,296.65,150.0,52.35
9126,8236,1,2025-03-24,2,1,1,299.0,129.0,0.0
9127,8237,3,2025-03-24,1,1,1,279.65,142.0,49.35
9128,8238,2,2025-03-24,3,1,1,299.0,129.0,0.0
9129,8239,5,2025-03-24,9,3,1,314.1,150.0,34.9
9130,571,1,2025-03-24,7,2,1,299.0,129.0,0.0
9131,8240,2,2025-03-24,1,4,1,299.0,129.0,0.0
9132,8241,2,2025-03-24,6,1,1,299.0,129.0,0.0
9133,8242,5,2025-03-24,3,1,1,314.1,150.0,34.9
9134,8243,4,2025-03-24,4,1,1,349.0,150.0,0.0
9135,8244,1,2025-03-24,6,2,1,299.0,129.0,0.0
9136,6193,5,2025-03-24,3,1,1,349.0,150.0,0.0
9137,8245,4,2025-03-24,1,1,1,349.0,150.0,0.0
9138,8246,2,2025-03-24,1,2,1,299.0,129.0,0.0
9139,8247,5,2025-03-24,5,2,1,349.0,150.0,0.0
9140,8248,3,2025-03-25,1,1,1,329.0,142.0,0.0
9141,8249,2,2025-03-25,3,1,1,299.0,129.0,0.0
9142,8250,3,2025-03-25,1,3,1,329.0,142.0,0.0
9143,8251,2,2025-03-25,5,2,1,299.0,129.0,0.0
9144,8252,1,2025-03-25,5,3,1,299.0,129.0,0.0
9145,4261,5,2025-03-25,1,2,1,349.0,150.0,0.0
9146,8253,3,2025-03-25,1,1,1,329.0,142.0,0.0
9147,8254,2,2025-03-25,1,2,1,254.15,129.0,44.85
9148,8255,5,2025-03-25,3,2,1,349.0,150.0,0.0
9149,1384,2,2025-03-25,5,2,1,299.0,129.0,0.0
9150,8256,5,2025-03-25,8,1,1,349.0,150.0,0.0
9151,8257,1,2025-03-25,7,1,1,299.0,129.0,0.0
9152,8258,4,2025-03-25,6,1,1,349.0,150.0,0.0
9153,8259,4,2025-03-25,1,4,1,314.1,150.0,34.9
9154,5911,4,2025-03-25,1,1,1,314.1,150.0,34.9
9155,8260,1,2025-03-25,4,1,1,254.15,129.0,44.85
9156,4742,5,2025-03-25,1,1,1,349.0,150.0,0.0
9157,8261,1,2025-03-25,5,3,1,299.0,129.0,0.0
9158,1224,6,2025-03-25,1,2,1,499.0,215.0,0.0
9159,8262,5,2025-03-25,9,5,1,349.0,150.0,0.0
9160,6173,5,2025-03-25,1,3,1,349.0,150.0,0.0
9161,1724,4,2025-03-25,7,2,1,349.0,150.0,0.0
9162,8263,2,2025-03-25,1,2,1,269.1,129.0,29.9
9163,8264,3,2025-03-25,5,2,1,279.65,142.0,49.35
9164,8265,4,2025-03-25,1,2,2,349.0,150.0,0.0
9165,8266,4,2025-03-26,1,1,1,349.0,150.0,0.0
9166,8267,1,2025-03-26,3,3,1,299.0,129.0,0.0
9167,8268,4,2025-03-26,1,2,1,349.0,150.0,0.0
9168,8269,1,2025-03-26,2,2,1,269.1,129.0,29.9
9169,635,1,2025-03-26,4,2,1,299.0,129.0,0.0
9170,8270,5,2025-03-26,2,2,2,314.1,150.0,34.9
9171,8271,5,2025-03-26,2,5,1,314.1,150.0,34.9
9172,8272,6,2025-03-26,7,2,1,499.0,215.0,0.0
9173,8273,5,2025-03-26,3,1,1,349.0,150.0,0.0
9174,8274,5,2025-03-26,5,1,1,349.0,150.0,0.0
9175,8275,1,2025-03-26,3,2,1,269.1,129.0,29.9
9176,8276,4,2025-03-26,2,4,2,314.1,150.0,34.9
9177,2888,3,2025-03-26,2,1,1,329.0,142.0,0.0
9178,6152,1,2025-03-26,2,3,1,299.0,129.0,0.0
9179,8011,4,2025-03-26,2,2,1,349.0,150.0,0.0
9180,8277,5,2025-03-26,7,1,1,349.0,150.0,0.0
9181,8278,6,2025-03-26,1,1,1,499.0,215.0,0.0
9182,8279,4,2025-03-26,4,5,1,349.0,150.0,0.0
9183,8280,3,2025-03-26,3,2,1,329.0,142.0,0.0
9184,8281,6,2025-03-26,5,5,1,424.15,215.0,74.85
9185,8282,2,2025-03-26,1,1,1,299.0,129.0,0.0
9186,8283,5,2025-03-26,6,3,1,349.0,150.0,0.0
9187,8284,2,2025-03-26,1,1,1,299.0,129.0,0.0
9188,8285,5,2025-03-27,3,5,1,349.0,150.0,0.0
9189,8286,4,2025-03-27,1,3,1,314.1,150.0,34.9
9190,8287,5,2025-03-27,7,2,1,349.0,150.0,0.0
9191,8288,5,2025-03-27,3,1,1,349.0,150.0,0.0
9192,8289,3,2025-03-27,2,2,1,329.0,142.0,0.0
9193,8290,6,2025-03-27,7,4,1,499.0,215.0,0.0
9194,8291,5,2025-03-27,1,1,2,296.65,150.0,52.35
9195,6006,4,2025-03-27,2,1,1,314.1,150.0,34.9
9196,8292,1,2025-03-27,3,3,1,269.1,129.0,29.9
9197,8293,4,2025-03-27,1,1,1,349.0,150.0,0.0
9198,8294,6,2025-03-27,1,4,1,499.0,215.0,0.0
9199,8295,5,2025-03-27,4,2,1,349.0,150.0,0.0
9200,8296,2,2025-03-27,4,5,1,299.0,129.0,0.0
9201,8297,3,2025-03-27,2,3,1,329.0,142.0,0.0
9202,8298,5,2025-03-27,4,1,1,349.0,150.0,0.0
9203,3763,5,2025-03-27,1,1,1,349.0,150.0,0.0
9204,8299,2,2025-03-27,5,4,1,299.0,129.0,0.0
9205,8300,5,2025-03-27,5,3,1,349.0,150.0,0.0
9206,3582,2,2025-03-27,2,1,1,299.0,129.0,0.0
9207,8301,5,2025-03-27,5,1,1,349.0,150.0,0.0
9208,8302,2,2025-03-27,5,5,1,269.1,129.0,29.9
9209,8303,1,2025-03-27,1,2,1,254.15,129.0,44.85
9210,8304,5,2025-03-27,4,1,2,349.0,150.0,0.0
9211,8305,1,2025-03-27,3,4,1,299.0,129.0,0.0
9212,8306,2,2025-03-27,2,2,1,254.15,129.0,44.85
9213,8307,2,2025-03-27,3,4,1,299.0,129.0,0.0
9214,8308,3,2025-03-27,,5,1,329.0,142.0,0.0
9215,8309,4,2025-03-27,1,2,1,349.0,150.0,0.0
9216,8310,1,2025-03-28,,5,1,299.0,129.0,0.0
9217,8311,5,2025-03-28,1,4,1,349.0,150.0,0.0
9218,8312,2,2025-03-28,3,1,1,299.0,129.0,0.0
9219,8313,6,2025-03-28,3,2,1,499.0,215.0,0.0
9220,8314,4,2025-03-28,7,2,1,349.0,150.0,0.0
9221,8315,4,2025-03-28,3,2,1,314.1,150.0,34.9
9222,8316,5,2025-03-28,5,2,1,349.0,150.0,0.0
9223,8317,1,2025-03-28,7,1,1,269.1,129.0,29.9
9224,8318,4,2025-03-28,2,5,1,349.0,150.0,0.0
9225,8319,4,2025-03-28,1,2,1,314.1,150.0,34.9
9226,8320,4,2025-03-28,8,3,1,314.1,150.0,34.9
9227,8321,1,2025-03-28,1,1,1,299.0,129.0,0.0
9228,8322,5,2025-03-28,7,3,1,349.0,150.0,0.0
9229,8323,2,2025-03-28,2,4,2,299.0,129.0,0.0
9230,8324,5,2025-03-28,5,1,1,314.1,150.0,34.9
9231,8325,3,2025-03-28,1,2,1,329.0,142.0,0.0
9232,8326,5,2025-03-28,2,1,2,349.0,150.0,0.0
9233,8327,6,2025-03-28,1,5,2,449.1,215.0,49.9
9234,8328,4,2025-03-28,3,4,2,349.0,150.0,0.0
9235,8329,5,2025-03-28,5,2,1,349.0,150.0,0.0
9236,4915,4,2025-03-28,2,2,1,349.0,150.0,0.0
9237,8330,5,2025-03-28,2,3,2,314.1,150.0,34.9
9238,8331,5,2025-03-28,1,5,1,314.1,150.0,34.9
9239,4628,3,2025-03-28,2,1,1,329.0,142.0,0.0
9240,8332,1,2025-03-28,7,1,1,254.15,129.0,44.85
9241,8333,4,2025-03-28,3,2,1,314.1,150.0,34.9
9242,8334,6,2025-03-28,1,2,1,499.0,215.0,0.0
9243,8335,3,2025-03-28,2,5,1,329.0,142.0,0.0
9244,8336,1,2025-03-29,5,1,1,299.0,129.0,0.0
9245,6451,2,2025-03-29,4,1,1,299.0,129.0,0.0
9246,8337,5,2025-03-29,1,2,1,296.65,150.0,52.35
9247,8338,5,2025-03-29,1,2,1,314.1,150.0,34.9
9248,8339,5,2025-03-29,4,5,1,296.65,150.0,52.35
9249,3698,4,2025-03-29,3,3,1,349.0,150.0,0.0
9250,8340,4,2025-03-29,3,1,1,314.1,150.0,34.9
9251,8341,5,2025-03-29,4,1,2,349.0,150.0,0.0
9252,8342,5,2025-03-29,1,2,1,349.0,150.0,0.0
9253,8343,4,2025-03-29,7,2,1,296.65,150.0,52.35
9254,8344,1,2025-03-29,3,2,1,254.15,129.0,44.85
9255,8345,4,2025-03-29,5,1,1,296.65,150.0,52.35
9256,8346,5,2025-03-29,,2,1,349.0,150.0,0.0
9257,8347,4,2025-03-29,4,2,1,296.65,150.0,52.35
9258,8348,1,2025-03-29,1,5,2,299.0,129.0,0.0
9259,8349,2,2025-03-29,4,2,1,299.0,129.0,0.0
9260,8350,4,2025-03-29,1,4,1,349.0,150.0,0.0
9261,3001,1,2025-03-29,5,5,1,299.0,129.0,0.0
9262,8351,3,2025-03-29,2,4,1,329.0,142.0,0.0
9263,8352,4,2025-03-29,2,4,1,349.0,150.0,0.0
9264,8353,1,2025-03-29,1,2,1,299.0,129.0,0.0
9265,8354,1,2025-03-29,5,1,1,299.0,129.0,0.0
9266,8355,6,2025-03-29,8,1,1,499.0,215.0,0.0
9267,8356,5,2025-03-29,3,1,1,349.0,150.0,0.0
9268,8357,4,2025-03-29,5,3,1,349.0,150.0,0.0
9269,8358,4,2025-03-29,8,2,1,349.0,150.0,0.0
9270,8359,5,2025-03-30,4,1,2,349.0,150.0,0.0
9271,8360,2,2025-03-30,3,2,1,299.0,129.0,0.0
9272,8361,5,2025-03-30,1,2,1,296.65,150.0,52.35
9273,8362,4,2025-03-30,1,1,1,349.0,150.0,0.0
9274,8363,6,2025-03-30,2,2,1,499.0,215.0,0.0
9275,8364,5,2025-03-30,1,3,1,349.0,150.0,0.0
9276,8365,1,2025-03-30,4,3,1,299.0,129.0,0.0
9277,8366,3,2025-03-30,1,1,1,329.0,142.0,0.0
9278,8367,4,2025-03-30,3,1,1,349.0,150.0,0.0
9279,8368,1,2025-03-30,1,1,1,299.0,129.0,0.0
9280,8369,5,2025-03-30,6,4,1,349.0,150.0,0.0
9281,8370,6,2025-03-30,5,1,1,499.0,215.0,0.0
9282,8371,6,2025-03-30,3,1,1,424.15,215.0,74.85
9283,8372,3,2025-03-30,3,1,1,329.0,142.0,0.0
9284,8373,3,2025-03-30,7,4,1,329.0,142.0,0.0
9285,8374,1,2025-03-30,2,1,2,299.0,129.0,0.0
9286,8375,5,2025-03-30,6,2,1,349.0,150.0,0.0
9287,8376,5,2025-03-30,1,1,1,349.0,150.0,0.0
9288,8377,6,2025-03-30,4,1,1,499.0,215.0,0.0
9289,8378,4,2025-03-30,3,4,1,314.1,150.0,34.9
9290,8379,2,2025-03-30,5,2,1,269.1,129.0,29.9
9291,8380,3,2025-03-30,2,3,1,329.0,142.0,0.0
9292,8381,6,2025-03-30,8,1,1,499.0,215.0,0.0
9293,8382,3,2025-03-30,1,3,1,329.0,142.0,0.0
9294,8383,6,2025-03-30,1,4,1,424.15,215.0,74.85
9295,8384,2,2025-03-30,1,1,2,299.0,129.0,0.0
9296,8385,6,2025-03-30,3,1,1,499.0,215.0,0.0
9297,8386,4,2025-03-30,5,1,1,349.0,150.0,0.0
9298,8387,1,2025-03-30,1,4,1,299.0,129.0,0.0
9299,8388,1,2025-03-30,3,2,1,269.1,129.0,29.9
9300,3893,5,2025-03-31,3,1,1,349.0,150.0,0.0
9301,8389,4,2025-03-31,7,2,1,349.0,150.0,0.0
9302,8390,1,2025-03-31,3,1,1,299.0,129.0,0.0
9303,8391,4,2025-03-31,3,4,1,349.0,150.0,0.0
9304,8392,2,2025-03-31,8,3,1,299.0,129.0,0.0
9305,8393,5,2025-03-31,4,1,2,349.0,150.0,0.0
9306,8394,6,2025-03-31,3,5,1,449.1,215.0,49.9
9307,8395,2,2025-03-31,1,4,2,299.0,129.0,0.0
9308,8396,3,2025-03-31,2,2,1,329.0,142.0,0.0
9309,8397,4,2025-03-31,5,5,1,349.0,150.0,0.0
9310,8398,4,2025-03-31,3,3,1,349.0,150.0,0.0
9311,8399,2,2025-03-31,6,3,1,299.0,129.0,0.0
9312,8400,1,2025-03-31,3,2,1,299.0,129.0,0.0
9313,8401,6,2025-03-31,4,1,1,499.0,215.0,0.0
9314,8402,5,2025-03-31,2,2,1,314.1,150.0,34.9
9315,8403,3,2025-03-31,1,3,1,329.0,142.0,0.0
9316,8404,5,2025-03-31,2,2,1,349.0,150.0,0.0
9317,5297,3,2025-03-31,2,4,1,279.65,142.0,49.35
9318,8405,2,2025-03-31,8,1,2,299.0,129.0,0.0
9319,8406,2,2025-03-31,1,1,1,299.0,129.0,0.0
9320,6511,4,2025-03-31,5,2,1,296.65,150.0,52.35
9321,8407,6,2025-03-31,5,3,1,449.1,215.0,49.9
9322,8408,1,2025-04-01,1,3,1,269.1,129.0,29.9
9323,8409,4,2025-04-01,4,2,1,349.0,150.0,0.0
9324,8410,1,2025-04-01,4,2,1,254.15,129.0,44.85
9325,8411,1,2025-04-01,1,1,1,269.1,129.0,29.9
9326,8412,5,2025-04-01,6,1,1,349.0,150.0,0.0
9327,8413,3,2025-04-01,1,2,1,329.0,142.0,0.0
9328,8414,4,2025-04-01,1,3,1,349.0,150.0,0.0
9329,8415,3,2025-04-01,4,1,1,329.0,142.0,0.0
9330,8416,5,2025-04-01,5,1,1,349.0,150.0,0.0
9331,8417,5,2025-04-01,8,2,1,349.0,150.0,0.0
9332,8418,1,2025-04-01,1,1,1,299.0,129.0,0.0
9333,8419,1,2025-04-01,5,3,1,299.0,129.0,0.0
9334,316,3,2025-04-01,4,2,1,329.0,142.0,0.0
9335,8420,4,2025-04-01,2,1,1,349.0,150.0,0.0
9336,8421,2,2025-04-01,5,3,1,299.0,129.0,0.0
9337,8422,1,2025-04-01,1,1,1,299.0,129.0,0.0
9338,8423,5,2025-04-01,6,5,1,314.1,150.0,34.9
9339,8424,2,2025-04-01,1,3,1,254.15,129.0,44.85
9340,8425,2,2025-04-01,2,5,1,299.0,129.0,0.0
9341,8426,2,2025-04-01,8,2,1,299.0,129.0,0.0
9342,8427,2,2025-04-01,5,2,1,299.0,129.0,0.0
9343,8428,3,2025-04-01,5,4,1,329.0,142.0,0.0
9344,8429,6,2025-04-01,2,2,1,499.0,215.0,0.0
9345,8430,2,2025-04-01,7,1,1,299.0,129.0,0.0
9346,8431,4,2025-04-01,1,1,1,314.1,150.0,34.9
9347,8432,5,2025-04-01,8,2,1,349.0,150.0,0.0
9348,6469,2,2025-04-02,5,1,1,299.0,129.0,0.0
9349,8433,5,2025-04-02,1,1,1,349.0,150.0,0.0
9350,8434,4,2025-04-02,6,2,1,349.0,150.0,0.0
9351,8435,4,2025-04-02,3,4,1,349.0,150.0,0.0
9352,8436,1,2025-04-02,3,2,1,299.0,129.0,0.0
9353,8437,1,2025-04-02,6,1,1,299.0,129.0,0.0
9354,8438,4,2025-04-02,5,1,1,296.65,150.0,52.35
9355,8439,5,2025-04-02,2,2,1,349.0,150.0,0.0
9356,8440,2,2025-04-02,7,2,1,299.0,129.0,0.0
9357,8441,5,2025-04-02,4,1,1,314.1,150.0,34.9
9358,8442,2,2025-04-02,3,4,1,299.0,129.0,0.0
9359,8443,5,2025-04-02,5,1,1,296.65,150.0,52.35
9360,8444,4,2025-04-02,1,2,1,349.0,150.0,0.0
9361,8445,4,2025-04-02,4,1,1,314.1,150.0,34.9
9362,8446,1,2025-04-02,1,2,1,299.0,129.0,0.0
9363,8447,4,2025-04-02,1,5,1,296.65,150.0,52.35
9364,8448,5,2025-04-02,4,3,1,314.1,150.0,34.9
9365,8449,1,2025-04-02,6,2,1,299.0,129.0,0.0
9366,8450,5,2025-04-02,1,5,2,349.0,150.0,0.0
9367,8451,2,2025-04-02,4,1,1,299.0,129.0,0.0
9368,8452,1,2025-04-02,4,2,1,299.0,129.0,0.0
9369,8453,6,2025-04-02,5,2,1,499.0,215.0,0.0
9370,8454,2,2025-04-02,2,1,1,299.0,129.0,0.0
9371,8455,3,2025-04-02,5,2,1,329.0,142.0,0.0
9372,8456,6,2025-04-02,2,2,2,499.0,215.0,0.0
9373,8457,1,2025-04-02,5,1,2,299.0,129.0,0.0
9374,8458,5,2025-04-02,6,1,1,349.0,150.0,0.0
9375,3293,4,2025-04-02,1,5,1,349.0,150.0,0.0
9376,1388,1,2025-04-02,3,1,1,299.0,129.0,0.0
9377,8459,1,2025-04-02,1,1,1,269.1,129.0,29.9
9378,8460,5,2025-04-02,1,5,1,349.0,150.0,0.0
9379,8461,2,2025-04-02,1,1,1,299.0,129.0,0.0
9380,8462,2,2025-04-02,6,2,1,299.0,129.0,0.0
9381,8463,2,2025-04-02,5,1,1,269.1,129.0,29.9
9382,8464,4,2025-04-02,4,2,2,349.0,150.0,0.0
9383,8465,3,2025-04-03,3,1,1,329.0,142.0,0.0
9384,8466,3,2025-04-03,3,2,1,296.1,142.0,32.9
9385,8467,6,2025-04-03,7,4,1,449.1,215.0,49.9
9386,8468,5,2025-04-03,,1,1,314.1,150.0,34.9
9387,8469,2,2025-04-03,1,3,1,269.1,129.0,29.9
9388,8470,5,2025-04-03,2,3,1,349.0,150.0,0.0
9389,8471,4,2025-04-03,7,2,1,349.0,150.0,0.0
9390,8472,1,2025-04-03,1,3,1,269.1,129.0,29.9
9391,8473,3,2025-04-03,3,3,1,279.65,142.0,49.35
9392,8474,1,2025-04-03,3,5,2,299.0,129.0,0.0
9393,8475,4,2025-04-03,6,3,1,349.0,150.0,0.0
9394,8476,1,2025-04-03,1,1,1,299.0,129.0,0.0
9395,8477,5,2025-04-03,1,3,1,349.0,150.0,0.0
9396,8478,2,2025-04-03,3,1,1,299.0,129.0,0.0
9397,8479,4,2025-04-03,1,1,1,349.0,150.0,0.0
9398,8480,5,2025-04-03,3,2,1,296.65,150.0,52.35
9399,4376,2,2025-04-03,1,3,1,299.0,129.0,0.0
9400,8481,4,2025-04-03,1,2,1,349.0,150.0,0.0
9401,8482,5,2025-04-03,8,2,1,314.1,150.0,34.9
9402,8483,5,2025-04-03,1,4,1,349.0,150.0,0.0
9403,8484,6,2025-04-03,3,1,1,499.0,215.0,0.0
9404,8485,4,2025-04-03,3,4,2,349.0,150.0,0.0
9405,8486,5,2025-04-03,4,1,1,349.0,150.0,0.0
9406,8487,1,2025-04-03,3,5,1,299.0,129.0,0.0
9407,8488,6,2025-04-03,5,1,1,499.0,215.0,0.0
9408,8489,6,2025-04-04,6,3,1,499.0,215.0,0.0
9409,8490,4,2025-04-04,1,1,1,349.0,150.0,0.0
9410,8491,6,2025-04-04,3,1,1,499.0,215.0,0.0
9411,8492,5,2025-04-04,3,3,1,349.0,150.0,0.0
9412,8493,1,2025-04-04,2,3,1,269.1,129.0,29.9
9413,8494,4,2025-04-04,1,1,1,349.0,150.0,0.0
9414,1143,2,2025-04-04,3,1,1,299.0,129.0,0.0
9415,8495,2,2025-04-04,8,1,1,299.0,129.0,0.0
9416,8496,2,2025-04-04,2,1,1,299.0,129.0,0.0
9417,8497,4,2025-04-04,4,2,2,349.0,150.0,0.0
9418,8498,3,2025-04-04,3,1,1,329.0,142.0,0.0
9419,8499,5,2025-04-04,6,4,1,349.0,150.0,0.0
9420,8500,4,2025-04-04,1,3,1,349.0,150.0,0.0
9421,8501,5,2025-04-04,8,5,1,349.0,150.0,0.0
9422,8502,2,2025-04-04,1,3,1,269.1,129.0,29.9
9423,8503,3,2025-04-04,2,1,1,296.1,142.0,32.9
9424,8504,5,2025-04-04,4,5,1,349.0,150.0,0.0
9425,8505,5,2025-04-04,1,2,1,349.0,150.0,0.0
9426,8506,4,2025-04-04,2,1,1,349.0,150.0,0.0
9427,8507,5,2025-04-04,5,1,1,296.65,150.0,52.35
9428,8508,5,2025-04-04,5,4,1,349.0,150.0,0.0
9429,8509,1,2025-04-04,4,2,1,254.15,129.0,44.85
9430,8510,5,2025-04-05,7,4,2,314.1,150.0,34.9
9431,8511,4,2025-04-05,1,5,1,314.1,150.0,34.9
9432,8512,4,2025-04-05,2,1,1,349.0,150.0,0.0
9433,8513,5,2025-04-05,1,2,1,349.0,150.0,0.0
9434,8514,6,2025-04-05,3,5,1,449.1,215.0,49.9
9435,8515,1,2025-04-05,7,1,1,299.0,129.0,0.0
9436,8516,5,2025-04-05,1,3,1,314.1,150.0,34.9
9437,8517,1,2025-04-05,5,1,1,299.0,129.0,0.0
9438,8518,6,2025-04-05,1,2,1,499.0,215.0,0.0
9439,8519,2,2025-04-05,6,2,1,299.0,129.0,0.0
9440,8520,2,2025-04-05,5,2,1,299.0,129.0,0.0
9441,8521,4,2025-04-05,2,2,1,296.65,150.0,52.35
9442,8522,5,2025-04-05,2,3,1,349.0,150.0,0.0
9443,8523,4,2025-04-05,1,5,1,314.1,150.0,34.9
9444,8524,4,2025-04-05,7,1,1,349.0,150.0,0.0
9445,8525,3,2025-04-05,5,2,1,279.65,142.0,49.35
9446,8526,4,2025-04-05,6,5,1,349.0,150.0,0.0
9447,8527,5,2025-04-05,1,2,1,349.0,150.0,0.0
9448,8528,4,2025-04-05,3,5,1,349.0,150.0,0.0
9449,8529,6,2025-04-05,1,1,1,499.0,215.0,0.0
9450,8530,6,2025-04-05,4,5,2,499.0,215.0,0.0
9451,8531,5,2025-04-05,1,3,1,349.0,150.0,0.0
9452,8532,1,2025-04-05,6,5,1,299.0,129.0,0.0
9453,8533,2,2025-04-05,2,2,1,269.1,129.0,29.9
9454,8534,4,2025-04-05,5,2,1,296.65,150.0,52.35
9455,8535,5,2025-04-05,5,5,2,349.0,150.0,0.0
9456,8536,5,2025-04-05,3,1,1,349.0,150.0,0.0
9457,8537,3,2025-04-05,3,1,1,329.0,142.0,0.0
9458,8538,5,2025-04-05,2,1,1,349.0,150.0,0.0
9459,8539,4,2025-04-05,4,2,1,349.0,150.0,0.0
9460,8540,1,2025-04-06,6,1,1,299.0,129.0,0.0
9461,8541,2,2025-04-06,1,4,1,299.0,129.0,0.0
9462,8542,4,2025-04-06,3,4,1,349.0,150.0,0.0
9463,8543,2,2025-04-06,9,1,2,299.0,129.0,0.0
9464,8544,4,2025-04-06,2,5,1,296.65,150.0,52.35
9465,8545,1,2025-04-06,4,1,1,299.0,129.0,0.0
9466,8546,4,2025-04-06,5,3,1,314.1,150.0,34.9
9467,8547,2,2025-04-06,1,1,1,269.1,129.0,29.9
9468,8548,5,2025-04-06,3,2,1,314.1,150.0,34.9
9469,8549,5,2025-04-06,3,4,1,349.0,150.0,0.0
9470,8119,4,2025-04-06,5,1,2,314.1,150.0,34.9
9471,8550,1,2025-04-06,1,4,2,299.0,129.0,0.0
9472,8551,4,2025-04-06,5,1,1,349.0,150.0,0.0
9473,8552,3,2025-04-06,2,1,1,329.0,142.0,0.0
9474,8553,6,2025-04-06,1,1,1,499.0,215.0,0.0
9475,8554,5,2025-04-06,2,2,1,349.0,150.0,0.0
9476,8555,1,2025-04-06,8,1,1,299.0,129.0,0.0
9477,8556,4,2025-04-06,2,2,1,349.0,150.0,0.0
9478,8557,6,2025-04-06,7,2,1,499.0,215.0,0.0
9479,8558,4,2025-04-06,6,2,1,314.1,150.0,34.9
9480,8559,3,2025-04-06,4,5,1,329.0,142.0,0.0
9481,8560,1,2025-04-06,8,4,1,299.0,129.0,0.0
9482,8561,5,2025-04-06,2,3,1,349.0,150.0,0.0
9483,3360,1,2025-04-06,4,1,1,254.15,129.0,44.85
9484,8562,2,2025-04-06,5,3,1,269.1,129.0,29.9
9485,8563,3,2025-04-06,6,5,1,329.0,142.0,0.0
9486,8564,2,2025-04-07,5,2,1,299.0,129.0,0.0
9487,8565,5,2025-04-07,2,2,1,314.1,150.0,34.9
9488,8566,5,2025-04-07,3,2,1,314.1,150.0,34.9
9489,8567,5,2025-04-07,3,3,1,349.0,150.0,0.0
9490,8568,4,2025-04-07,1,2,1,349.0,150.0,0.0
9491,8569,2,2025-04-07,3,1,1,254.15,129.0,44.85
9492,8570,5,2025-04-07,9,3,1,349.0,150.0,0.0
9493,8571,4,2025-04-07,3,3,1,349.0,150.0,0.0
9494,8572,3,2025-04-07,1,3,1,329.0,142.0,0.0
9495,8573,4,2025-04-07,1,1,1,296.65,150.0,52.35
9496,8574,2,2025-04-07,1,1,2,299.0,129.0,0.0
9497,8575,4,2025-04-07,5,3,1,349.0,150.0,0.0
9498,8576,1,2025-04-07,2,3,1,254.15,129.0,44.85
9499,8577,4,2025-04-07,3,3,1,349.0,150.0,0.0
9500,8578,4,2025-04-07,1,2,1,314.1,150.0,34.9
9501,8579,1,2025-04-07,4,2,2,299.0,129.0,0.0
9502,8580,4,2025-04-07,1,2,1,349.0,150.0,0.0
9503,8581,5,2025-04-07,2,2,1,314.1,150.0,34.9
9504,8582,5,2025-04-07,2,2,1,349.0,150.0,0.0
9505,8583,2,2025-04-07,4,3,1,269.1,129.0,29.9
9506,8584,4,2025-04-07,5,2,1,349.0,150.0,0.0
9507,8585,5,2025-04-07,5,2,1,349.0,150.0,0.0
9508,8586,4,2025-04-07,1,2,1,349.0,150.0,0.0
9509,8587,4,2025-04-07,1,5,1,296.65,150.0,52.35
9510,8588,3,2025-04-07,1,4,1,329.0,142.0,0.0
9511,8589,4,2025-04-07,1,2,1,349.0,150.0,0.0
9512,8590,4,2025-04-07,1,2,1,349.0,150.0,0.0
9513,5771,1,2025-04-07,7,2,2,299.0,129.0,0.0
9514,8591,5,2025-04-07,1,5,2,296.65,150.0,52.35
9515,8592,5,2025-04-07,2,1,1,349.0,150.0,0.0
9516,8593,5,2025-04-07,1,1,1,349.0,150.0,0.0
9517,8594,1,2025-04-07,8,4,1,299.0,129.0,0.0
9518,8595,4,2025-04-07,5,3,1,349.0,150.0,0.0
9519,1000,4,2025-04-07,4,2,1,349.0,150.0,0.0
9520,8596,4,2025-04-07,8,2,1,349.0,150.0,0.0
9521,8597,4,2025-04-07,5,1,1,349.0,150.0,0.0
9522,8598,5,2025-04-08,2,1,1,349.0,150.0,0.0
9523,8599,2,2025-04-08,5,2,1,254.15,129.0,44.85
9524,8600,3,2025-04-08,5,1,1,329.0,142.0,0.0
9525,8601,4,2025-04-08,1,2,1,349.0,150.0,0.0
9526,8602,1,2025-04-08,3,1,1,299.0,129.0,0.0
9527,8603,4,2025-04-08,3,1,1,349.0,150.0,0.0
9528,8604,3,2025-04-08,1,1,1,329.0,142.0,0.0
9529,8605,6,2025-04-08,3,3,1,449.1,215.0,49.9
9530,8606,3,2025-04-08,1,2,1,296.1,142.0,32.9
9531,8607,4,2025-04-08,5,3,1,349.0,150.0,0.0
9532,8608,2,2025-04-08,5,5,1,299.0,129.0,0.0
9533,8609,5,2025-04-08,1,1,2,349.0,150.0,0.0
9534,8610,4,2025-04-08,5,2,1,349.0,150.0,0.0
9535,1323,2,2025-04-08,2,5,1,254.15,129.0,44.85
9536,8611,5,2025-04-08,5,2,1,349.0,150.0,0.0
9537,8612,5,2025-04-08,3,1,1,349.0,150.0,0.0
9538,8613,1,2025-04-08,2,3,1,269.1,129.0,29.9
9539,8614,5,2025-04-08,8,1,1,349.0,150.0,0.0
9540,8615,4,2025-04-08,5,4,1,314.1,150.0,34.9
9541,8616,4,2025-04-08,9,2,1,314.1,150.0,34.9
9542,8617,5,2025-04-08,6,3,1,349.0,150.0,0.0
9543,8618,5,2025-04-08,7,2,1,349.0,150.0,0.0
9544,8619,4,2025-04-08,3,4,1,296.65,150.0,52.35
9545,8620,2,2025-04-08,2,1,2,299.0,129.0,0.0
9546,8621,1,2025-04-08,4,1,1,269.1,129.0,29.9
9547,8622,3,2025-04-08,7,1,1,279.65,142.0,49.35
9548,8623,4,2025-04-08,7,1,1,314.1,150.0,34.9
9549,4148,3,2025-04-08,1,1,1,329.0,142.0,0.0
9550,8624,5,2025-04-08,2,1,1,349.0,150.0,0.0
9551,8625,4,2025-04-09,2,2,1,296.65,150.0,52.35
9552,8626,2,2025-04-09,2,2,1,299.0,129.0,0.0
9553,8627,4,2025-04-09,5,3,1,349.0,150.0,0.0
9554,8628,4,2025-04-09,6,4,1,349.0,150.0,0.0
9555,8629,2,2025-04-09,1,1,1,299.0,129.0,0.0
9556,8630,5,2025-04-09,3,1,1,349.0,150.0,0.0
9557,8631,4,2025-04-09,2,3,1,349.0,150.0,0.0
9558,8632,2,2025-04-09,2,2,1,299.0,129.0,0.0
9559,8633,5,2025-04-09,5,4,1,349.0,150.0,0.0
9560,8634,3,2025-04-09,1,3,1,279.65,142.0,49.35
9561,8635,2,2025-04-09,1,2,1,299.0,129.0,0.0
9562,8636,3,2025-04-09,1,1,1,329.0,142.0,0.0
9563,8637,1,2025-04-09,5,2,1,299.0,129.0,0.0
9564,8638,5,2025-04-09,1,5,1,349.0,150.0,0.0
9565,8639,1,2025-04-09,1,4,2,299.0,129.0,0.0
9566,8640,4,2025-04-09,9,2,2,349.0,150.0,0.0
9567,8641,4,2025-04-09,6,1,1,349.0,150.0,0.0
9568,8642,6,2025-04-09,3,1,1,499.0,215.0,0.0
9569,8643,3,2025-04-09,5,3,1,329.0,142.0,0.0
9570,8644,5,2025-04-09,4,1,1,349.0,150.0,0.0
9571,8645,4,2025-04-09,6,1,1,349.0,150.0,0.0
9572,8646,5,2025-04-09,1,1,1,314.1,150.0,34.9
9573,8647,4,2025-04-09,3,1,1,314.1,150.0,34.9
9574,8648,6,2025-04-09,4,4,1,424.15,215.0,74.85
9575,8649,5,2025-04-09,3,2,1,349.0,150.0,0.0
9576,8650,5,2025-04-10,3,5,1,314.1,150.0,34.9
9577,8651,4,2025-04-10,1,2,2,349.0,150.0,0.0
9578,8652,5,2025-04-10,1,4,1,349.0,150.0,0.0
9579,8653,1,2025-04-10,5,5,1,269.1,129.0,29.9
9580,8654,5,2025-04-10,1,2,1,349.0,150.0,0.0
9581,2859,5,2025-04-10,5,1,1,296.65,150.0,52.35
9582,8655,2,2025-04-10,1,4,1,299.0,129.0,0.0
9583,8656,4,2025-04-10,5,1,1,349.0,150.0,0.0
9584,8657,4,2025-04-10,3,3,1,349.0,150.0,0.0
9585,8658,6,2025-04-10,7,2,1,499.0,215.0,0.0
9586,8659,1,2025-04-10,1,2,1,254.15,129.0,44.85
9587,8660,5,2025-04-10,1,1,1,349.0,150.0,0.0
9588,8661,5,2025-04-10,1,2,1,349.0,150.0,0.0
9589,8662,3,2025-04-10,2,3,2,279.65,142.0,49.35
9590,8663,1,2025-04-10,3,1,1,299.0,129.0,0.0
9591,2451,5,2025-04-10,2,4,1,349.0,150.0,0.0
9592,8664,5,2025-04-10,6,4,1,349.0,150.0,0.0
9593,8665,1,2025-04-10,1,2,1,299.0,129.0,0.0
9594,8666,5,2025-04-10,3,2,1,349.0,150.0,0.0
9595,8667,1,2025-04-10,7,4,1,299.0,129.0,0.0
9596,8668,4,2025-04-10,2,2,1,349.0,150.0,0.0
9597,8669,4,2025-04-10,5,2,1,349.0,150.0,0.0
9598,2855,5,2025-04-10,3,1,1,349.0,150.0,0.0
9599,8670,4,2025-04-10,3,1,1,349.0,150.0,0.0
9600,8671,5,2025-04-10,6,5,1,349.0,150.0,0.0
9601,8672,3,2025-04-11,2,3,1,329.0,142.0,0.0
9602,8673,4,2025-04-11,5,2,1,349.0,150.0,0.0
9603,8674,3,2025-04-11,4,1,1,329.0,142.0,0.0
9604,8675,2,2025-04-11,1,4,1,269.1,129.0,29.9
9605,7703,4,2025-04-11,2,5,1,349.0,150.0,0.0
9606,8676,4,2025-04-11,3,2,1,349.0,150.0,0.0
9607,8677,3,2025-04-11,1,1,1,329.0,142.0,0.0
9608,7529,3,2025-04-11,5,1,2,329.0,142.0,0.0
9609,8678,5,2025-04-11,4,1,1,349.0,150.0,0.0
9610,1618,4,2025-04-11,7,1,1,296.65,150.0,52.35
9611,8679,4,2025-04-11,3,4,1,349.0,150.0,0.0
9612,8680,5,2025-04-11,1,2,1,349.0,150.0,0.0
9613,8681,5,2025-04-11,1,3,1,314.1,150.0,34.9
9614,8682,5,2025-04-11,2,2,1,314.1,150.0,34.9
9615,8683,5,2025-04-11,5,3,1,296.65,150.0,52.35
9616,8684,1,2025-04-11,5,3,1,269.1,129.0,29.9
9617,8685,3,2025-04-11,2,4,1,329.0,142.0,0.0
9618,8686,2,2025-04-11,3,3,1,299.0,129.0,0.0
9619,8687,3,2025-04-11,3,4,1,329.0,142.0,0.0
9620,8688,3,2025-04-11,2,1,1,329.0,142.0,0.0
9621,8689,1,2025-04-11,1,1,1,299.0,129.0,0.0
9622,8690,4,2025-04-11,1,5,2,349.0,150.0,0.0
9623,8691,4,2025-04-11,1,1,1,349.0,150.0,0.0
9624,8692,4,2025-04-11,1,4,1,349.0,150.0,0.0
9625,8693,5,2025-04-11,2,1,1,296.65,150.0,52.35
9626,920,6,2025-04-11,6,1,1,424.15,215.0,74.85
9627,3871,5,2025-04-12,3,3,1,349.0,150.0,0.0
9628,8694,3,2025-04-12,2,2,2,279.65,142.0,49.35
9629,8695,2,2025-04-12,1,3,1,254.15,129.0,44.85
9630,8696,1,2025-04-12,3,1,1,299.0,129.0,0.0
9631,8697,1,2025-04-12,4,3,1,299.0,129.0,0.0
9632,2803,2,2025-04-12,2,1,1,299.0,129.0,0.0
9633,8698,5,2025-04-12,5,2,1,349.0,150.0,0.0
9634,8699,5,2025-04-12,7,1,1,349.0,150.0,0.0
9635,8700,3,2025-04-12,3,2,1,296.1,142.0,32.9
9636,8701,2,2025-04-12,2,2,1,269.1,129.0,29.9
9637,8702,4,2025-04-12,8,3,1,349.0,150.0,0.0
9638,8703,1,2025-04-12,7,3,1,299.0,129.0,0.0
9639,8704,5,2025-04-12,1,1,1,349.0,150.0,0.0
9640,8705,1,2025-04-12,5,1,1,299.0,129.0,0.0
9641,8706,4,2025-04-12,3,1,1,349.0,150.0,0.0
9642,8707,1,2025-04-12,2,3,1,299.0,129.0,0.0
9643,8708,1,2025-04-12,1,2,2,299.0,129.0,0.0
9644,8709,5,2025-04-12,1,1,1,349.0,150.0,0.0
9645,8710,6,2025-04-12,3,1,1,499.0,215.0,0.0
9646,8711,2,2025-04-12,1,3,1,269.1,129.0,29.9
9647,8712,5,2025-04-12,1,3,1,349.0,150.0,0.0
9648,8713,5,2025-04-12,3,4,1,296.65,150.0,52.35
9649,8714,5,2025-04-12,4,1,1,349.0,150.0,0.0
9650,8715,4,2025-04-12,1,2,1,349.0,150.0,0.0
9651,8716,1,2025-04-12,5,1,1,299.0,129.0,0.0
9652,8717,2,2025-04-12,1,3,1,299.0,129.0,0.0
9653,8718,1,2025-04-12,5,2,1,299.0,129.0,0.0
9654,8719,5,2025-04-12,3,3,1,349.0,150.0,0.0
9655,8720,6,2025-04-12,2,1,2,499.0,215.0,0.0
9656,8721,5,2025-04-12,1,3,1,349.0,150.0,0.0
9657,8722,4,2025-04-12,1,2,1,349.0,150.0,0.0
9658,8723,2,2025-04-13,3,2,1,299.0,129.0,0.0
9659,8724,6,2025-04-13,1,2,1,499.0,215.0,0.0
9660,8725,5,2025-04-13,4,2,1,349.0,150.0,0.0
9661,8726,3,2025-04-13,6,4,1,329.0,142.0,0.0
9662,8727,5,2025-04-13,3,2,1,349.0,150.0,0.0
9663,5491,4,2025-04-13,3,1,1,349.0,150.0,0.0
9664,8728,5,2025-04-13,1,1,1,349.0,150.0,0.0
9665,8729,5,2025-04-13,2,1,1,349.0,150.0,0.0
9666,8730,5,2025-04-13,2,3,1,349.0,150.0,0.0
9667,8731,2,2025-04-13,5,1,1,299.0,129.0,0.0
9668,8732,5,2025-04-13,5,1,1,349.0,150.0,0.0
9669,8733,4,2025-04-13,5,2,1,349.0,150.0,0.0
9670,8734,3,2025-04-13,6,5,1,329.0,142.0,0.0
9671,8735,5,2025-04-13,8,2,2,349.0,150.0,0.0
9672,1407,4,2025-04-13,2,5,1,349.0,150.0,0.0
9673,8736,1,2025-04-13,5,2,1,254.15,129.0,44.85
9674,8737,5,2025-04-13,5,2,1,349.0,150.0,0.0
9675,8738,6,2025-04-13,7,1,1,499.0,215.0,0.0
9676,8739,1,2025-04-13,1,1,1,299.0,129.0,0.0
9677,8740,2,2025-04-13,3,5,1,299.0,129.0,0.0
9678,8741,1,2025-04-13,,1,1,269.1,129.0,29.9
9679,6521,2,2025-04-13,1,5,1,254.15,129.0,44.85
9680,8742,6,2025-04-14,1,3,1,499.0,215.0,0.0
9681,8743,5,2025-04-14,1,2,1,349.0,150.0,0.0
9682,8744,3,2025-04-14,6,2,1,329.0,142.0,0.0
9683,8745,4,2025-04-14,5,3,1,349.0,150.0,0.0
9684,8746,6,2025-04-14,5,1,1,499.0,215.0,0.0
9685,8747,2,2025-04-14,7,3,1,299.0,129.0,0.0
9686,8748,3,2025-04-14,3,3,1,296.1,142.0,32.9
9687,7013,2,2025-04-14,3,1,1,269.1,129.0,29.9
9688,8749,1,2025-04-14,1,2,1,299.0,129.0,0.0
9689,8750,2,2025-04-14,2,1,1,299.0,129.0,0.0
9690,8751,4,2025-04-14,3,2,2,349.0,150.0,0.0
9691,8752,2,2025-04-14,7,1,1,269.1,129.0,29.9
9692,8753,2,2025-04-14,1,2,2,299.0,129.0,0.0
9693,6591,4,2025-04-14,1,3,1,349.0,150.0,0.0
9694,8754,1,2025-04-14,8,5,1,299.0,129.0,0.0
9695,8755,4,2025-04-14,3,1,1,349.0,150.0,0.0
9696,8756,4,2025-04-14,4,1,1,314.1,150.0,34.9
9697,8757,6,2025-04-14,2,1,1,499.0,215.0,0.0
9698,8758,6,2025-04-14,1,1,1,499.0,215.0,0.0
9699,8759,1,2025-04-14,7,2,1,299.0,129.0,0.0
9700,8760,3,2025-04-14,3,1,1,279.65,142.0,49.35
9701,8761,2,2025-04-14,3,4,1,299.0,129.0,0.0
9702,8762,4,2025-04-14,3,4,1,349.0,150.0,0.0
9703,8763,4,2025-04-14,1,1,1,314.1,150.0,34.9
9704,8764,3,2025-04-14,4,2,1,329.0,142.0,0.0
9705,8765,5,2025-04-14,4,4,1,349.0,150.0,0.0
9706,8766,2,2025-04-14,2,3,1,299.0,129.0,0.0
9707,8767,5,2025-04-14,3,1,1,349.0,150.0,0.0
9708,8768,1,2025-04-14,4,1,1,299.0,129.0,0.0
9709,4550,3,2025-04-14,4,5,1,329.0,142.0,0.0
9710,8769,4,2025-04-15,7,1,1,296.65,150.0,52.35
9711,8770,2,2025-04-15,3,3,1,299.0,129.0,0.0
9712,8771,2,2025-04-15,7,5,1,299.0,129.0,0.0
9713,8772,4,2025-04-15,5,3,1,349.0,150.0,0.0
9714,8773,5,2025-04-15,1,3,1,349.0,150.0,0.0
9715,8774,5,2025-04-15,,1,1,349.0,150.0,0.0
9716,8775,1,2025-04-15,2,2,2,299.0,129.0,0.0
9717,8776,1,2025-04-15,5,3,1,299.0,129.0,0.0
9718,4762,4,2025-04-15,4,2,1,349.0,150.0,0.0
9719,8777,2,2025-04-15,1,4,1,299.0,129.0,0.0
9720,8778,3,2025-04-15,5,3,1,329.0,142.0,0.0
9721,8779,5,2025-04-15,4,3,1,349.0,150.0,0.0
9722,8780,1,2025-04-15,3,1,1,299.0,129.0,0.0
9723,8781,2,2025-04-15,4,5,1,299.0,129.0,0.0
9724,8782,5,2025-04-15,2,3,1,314.1,150.0,34.9
9725,8783,5,2025-04-15,8,2,1,314.1,150.0,34.9
9726,8784,5,2025-04-15,4,1,1,349.0,150.0,0.0
9727,8785,2,2025-04-15,2,5,1,269.1,129.0,29.9
9728,8786,5,2025-04-15,4,2,1,349.0,150.0,0.0
9729,8787,2,2025-04-15,3,1,1,269.1,129.0,29.9
9730,8788,4,2025-04-15,1,4,1,314.1,150.0,34.9
9731,8789,3,2025-04-15,4,1,1,329.0,142.0,0.0
9732,8790,4,2025-04-15,7,1,1,314.1,150.0,34.9
9733,8791,4,2025-04-15,2,2,1,349.0,150.0,0.0
9734,8792,4,2025-04-15,3,3,1,349.0,150.0,0.0
9735,8793,2,2025-04-15,5,1,1,299.0,129.0,0.0
9736,8794,2,2025-04-15,7,1,1,299.0,129.0,0.0
9737,8795,3,2025-04-15,3,1,1,329.0,142.0,0.0
9738,8796,6,2025-04-15,1,1,1,424.15,215.0,74.85
9739,8797,1,2025-04-16,2,2,1,299.0,129.0,0.0
9740,8798,5,2025-04-16,4,1,1,349.0,150.0,0.0
9741,8799,3,2025-04-16,7,2,1,329.0,142.0,0.0
9742,8800,6,2025-04-16,2,2,1,499.0,215.0,0.0
9743,8801,2,2025-04-16,2,4,1,299.0,129.0,0.0
9744,8802,5,2025-04-16,2,2,1,349.0,150.0,0.0
9745,8803,6,2025-04-16,7,1,1,499.0,215.0,0.0
9746,8804,2,2025-04-16,1,1,1,299.0,129.0,0.0
9747,8805,2,2025-04-16,5,4,1,299.0,129.0,0.0
9748,8806,4,2025-04-16,5,2,1,349.0,150.0,0.0
9749,4112,4,2025-04-16,3,5,2,349.0,150.0,0.0
9750,2449,2,2025-04-16,3,5,1,299.0,129.0,0.0
9751,8807,3,2025-04-16,1,1,1,329.0,142.0,0.0
9752,8808,5,2025-04-16,2,1,1,349.0,150.0,0.0
9753,8809,3,2025-04-16,1,5,2,329.0,142.0,0.0
9754,8810,5,2025-04-16,1,2,1,349.0,150.0,0.0
9755,8811,6,2025-04-16,1,4,1,499.0,215.0,0.0
9756,8812,5,2025-04-16,4,1,1,296.65,150.0,52.35
9757,8813,6,2025-04-16,7,3,2,499.0,215.0,0.0
9758,8814,2,2025-04-16,1,1,1,254.15,129.0,44.85
9759,8815,2,2025-04-16,4,3,1,299.0,129.0,0.0
9760,8816,4,2025-04-16,,2,1,349.0,150.0,0.0
9761,8817,6,2025-04-16,5,1,1,499.0,215.0,0.0
9762,8818,5,2025-04-16,1,2,1,349.0,150.0,0.0
9763,8819,4,2025-04-16,8,4,1,349.0,150.0,0.0
9764,8820,4,2025-04-17,1,2,1,314.1,150.0,34.9
9765,5155,1,2025-04-17,1,2,1,299.0,129.0,0.0
9766,8821,1,2025-04-17,8,5,1,299.0,129.0,0.0
9767,8822,5,2025-04-17,3,1,1,349.0,150.0,0.0
9768,8823,5,2025-04-17,3,1,1,314.1,150.0,34.9
9769,8824,2,2025-04-17,5,1,1,299.0,129.0,0.0
9770,8825,5,2025-04-17,2,1,1,349.0,150.0,0.0
9771,8826,6,2025-04-17,1,3,1,499.0,215.0,0.0
9772,8827,6,2025-04-17,7,2,1,499.0,215.0,0.0
9773,8828,5,2025-04-17,1,4,1,349.0,150.0,0.0
9774,8829,5,2025-04-17,8,3,1,349.0,150.0,0.0
9775,8830,5,2025-04-17,1,1,2,349.0,150.0,0.0
9776,8831,4,2025-04-17,1,1,1,314.1,150.0,34.9
9777,8832,4,2025-04-17,3,1,1,349.0,150.0,0.0
9778,8833,5,2025-04-17,4,1,1,349.0,150.0,0.0
9779,8834,6,2025-04-17,1,1,1,499.0,215.0,0.0
9780,8835,3,2025-04-17,3,2,1,329.0,142.0,0.0
9781,8836,3,2025-04-17,1,3,1,329.0,142.0,0.0
9782,8837,4,2025-04-17,7,1,1,349.0,150.0,0.0
9783,8838,5,2025-04-17,3,2,1,349.0,150.0,0.0
9784,8839,6,2025-04-17,1,1,2,449.1,215.0,49.9
9785,8840,4,2025-04-17,5,4,1,349.0,150.0,0.0
9786,8841,5,2025-04-17,2,3,1,349.0,150.0,0.0
9787,8842,5,2025-04-17,1,4,1,349.0,150.0,0.0
9788,8843,2,2025-04-17,2,3,1,299.0,129.0,0.0
9789,5673,5,2025-04-17,4,1,1,314.1,150.0,34.9
9790,8844,4,2025-04-17,6,2,1,349.0,150.0,0.0
9791,8845,1,2025-04-17,1,5,1,299.0,129.0,0.0
9792,8846,2,2025-04-17,1,3,1,299.0,129.0,0.0
9793,1257,1,2025-04-18,4,2,2,299.0,129.0,0.0
9794,8847,2,2025-04-18,9,5,1,299.0,129.0,0.0
9795,8848,5,2025-04-18,1,1,1,296.65,150.0,52.35
9796,8849,2,2025-04-18,6,2,1,299.0,129.0,0.0
9797,5651,4,2025-04-18,1,2,1,296.65,150.0,52.35
9798,8850,6,2025-04-18,1,3,1,449.1,215.0,49.9
9799,8851,1,2025-04-18,5,2,1,299.0,129.0,0.0
9800,8852,2,2025-04-18,3,1,1,299.0,129.0,0.0
9801,8853,5,2025-04-18,3,1,2,349.0,150.0,0.0
9802,3208,4,2025-04-18,7,1,1,349.0,150.0,0.0
9803,8854,5,2025-04-18,3,5,1,349.0,150.0,0.0
9804,8855,2,2025-04-18,1,3,1,299.0,129.0,0.0
9805,8856,1,2025-04-18,,1,2,269.1,129.0,29.9
9806,8857,5,2025-04-18,1,3,1,349.0,150.0,0.0
9807,8858,4,2025-04-18,3,4,1,349.0,150.0,0.0
9808,8859,2,2025-04-18,1,5,1,269.1,129.0,29.9
9809,8860,1,2025-04-18,7,4,1,269.1,129.0,29.9
9810,8861,4,2025-04-18,6,4,2,349.0,150.0,0.0
9811,8862,5,2025-04-18,3,2,1,314.1,150.0,34.9
9812,8863,6,2025-04-18,2,1,1,499.0,215.0,0.0
9813,8864,2,2025-04-18,2,3,1,299.0,129.0,0.0
9814,5620,6,2025-04-18,1,3,1,499.0,215.0,0.0
9815,8865,6,2025-04-18,5,1,1,449.1,215.0,49.9
9816,8866,2,2025-04-18,2,1,1,299.0,129.0,0.0
9817,8867,4,2025-04-18,3,4,1,349.0,150.0,0.0
9818,8868,4,2025-04-18,5,3,1,349.0,150.0,0.0
9819,8869,6,2025-04-18,1,5,1,449.1,215.0,49.9
9820,8870,2,2025-04-18,5,1,1,269.1,129.0,29.9
9821,90223,5,2025-04-19,9,5,1,349.0,150.0,0.0
9822,8872,4,2025-04-19,8,1,1,349.0,150.0,0.0
9823,8873,5,2025-04-19,1,2,1,314.1,150.0,34.9
9824,8874,5,2025-04-19,1,1,1,349.0,150.0,0.0
9825,8875,2,2025-04-19,4,1,1,299.0,129.0,0.0
9826,8876,5,2025-04-19,3,4,1,349.0,150.0,0.0
9827,8877,1,2025-04-19,3,2,1,299.0,129.0,0.0
9828,8878,5,2025-04-19,1,1,1,349.0,150.0,0.0
9829,8879,4,2025-04-19,4,1,1,349.0,150.0,0.0
9830,8880,4,2025-04-19,3,2,1,349.0,150.0,0.0
9831,8881,6,2025-04-19,3,1,1,499.0,215.0,0.0
9832,8882,4,2025-04-19,7,3,1,349.0,150.0,0.0
9833,8883,6,2025-04-19,1,1,2,499.0,215.0,0.0
9834,8884,4,2025-04-19,1,2,1,349.0,150.0,0.0
9835,8885,3,2025-04-19,1,1,1,296.1,142.0,32.9
9836,8886,3,2025-04-19,2,3,1,296.1,142.0,32.9
9837,8887,2,2025-04-19,3,1,1,269.1,129.0,29.9
9838,8888,6,2025-04-19,3,2,1,499.0,215.0,0.0
9839,8889,6,2025-04-19,7,5,2,499.0,215.0,0.0
9840,8890,4,2025-04-19,1,2,1,314.1,150.0,34.9
9841,8891,1,2025-04-19,3,4,1,269.1,129.0,29.9
9842,8892,6,2025-04-19,1,2,1,499.0,215.0,0.0
9843,8893,3,2025-04-19,2,5,1,329.0,142.0,0.0
9844,8894,5,2025-04-19,5,1,2,349.0,150.0,0.0
9845,8895,1,2025-04-19,3,4,1,299.0,129.0,0.0
9846,8896,5,2025-04-19,8,2,1,349.0,150.0,0.0
9847,8897,6,2025-04-19,2,2,1,499.0,215.0,0.0
9848,8898,4,2025-04-19,8,5,1,314.1,150.0,34.9
9849,8899,5,2025-04-19,1,2,1,296.65,150.0,52.35
9850,8900,5,2025-04-19,5,1,1,349.0,150.0,0.0
9851,90164,3,2025-04-19,5,4,1,329.0,142.0,0.0
9852,8902,5,2025-04-19,2,1,1,349.0,150.0,0.0
9853,8903,4,2025-04-20,7,5,1,349.0,150.0,0.0
9854,8904,2,2025-04-20,5,2,1,269.1,129.0,29.9
9855,8905,2,2025-04-20,1,2,1,299.0,129.0,0.0
9856,8906,5,2025-04-20,8,3,1,349.0,150.0,0.0
9857,8907,5,2025-04-20,1,2,1,296.65,150.0,52.35
9858,8908,5,2025-04-20,1,4,1,349.0,150.0,0.0
9859,8909,5,2025-04-20,1,2,1,349.0,150.0,0.0
9860,8910,4,2025-04-20,2,1,1,349.0,150.0,0.0
9861,8911,4,2025-04-20,3,4,1,349.0,150.0,0.0
9862,8488,6,2025-04-20,1,4,1,499.0,215.0,0.0
9863,8912,1,2025-04-20,1,4,1,299.0,129.0,0.0
9864,7853,4,2025-04-20,5,2,1,349.0,150.0,0.0
9865,8913,4,2025-04-20,7,3,1,349.0,150.0,0.0
9866,8914,4,2025-04-20,4,1,1,349.0,150.0,0.0
9867,4525,4,2025-04-20,5,3,1,349.0,150.0,0.0
9868,8915,4,2025-04-20,1,1,1,314.1,150.0,34.9
9869,8916,4,2025-04-20,5,2,2,349.0,150.0,0.0
9870,8917,4,2025-04-20,3,3,2,314.1,150.0,34.9
9871,5934,3,2025-04-20,4,3,1,329.0,142.0,0.0
9872,4719,6,2025-04-20,4,2,1,499.0,215.0,0.0
9873,8918,2,2025-04-20,7,2,1,299.0,129.0,0.0
9874,8919,1,2025-04-20,1,1,1,299.0,129.0,0.0
9875,8920,2,2025-04-20,1,1,1,269.1,129.0,29.9
9876,8921,4,2025-04-20,2,1,2,349.0,150.0,0.0
9877,8922,2,2025-04-20,1,3,1,269.1,129.0,29.9
9878,8923,5,2025-04-20,3,3,1,349.0,150.0,0.0
9879,8924,6,2025-04-20,5,4,1,424.15,215.0,74.85
9880,8925,1,2025-04-20,3,2,1,299.0,129.0,0.0
9881,8926,1,2025-04-20,1,4,2,269.1,129.0,29.9
9882,8927,1,2025-04-20,5,3,1,269.1,129.0,29.9
9883,8928,5,2025-04-20,5,2,1,296.65,150.0,52.35
9884,8929,5,2025-04-21,2,2,1,349.0,150.0,0.0
9885,8930,5,2025-04-21,3,3,1,349.0,150.0,0.0
9886,8931,2,2025-04-21,1,1,1,299.0,129.0,0.0
9887,8932,5,2025-04-21,5,1,1,349.0,150.0,0.0
9888,8933,5,2025-04-21,8,1,1,296.65,150.0,52.35
9889,8934,1,2025-04-21,7,2,1,254.15,129.0,44.85
9890,8935,2,2025-04-21,1,2,1,299.0,129.0,0.0
9891,8936,5,2025-04-21,3,5,1,314.1,150.0,34.9
9892,8937,4,2025-04-21,3,2,1,314.1,150.0,34.9
9893,5503,6,2025-04-21,3,3,1,449.1,215.0,49.9
9894,8938,6,2025-04-21,1,1,1,499.0,215.0,0.0
9895,8939,4,2025-04-21,1,4,1,314.1,150.0,34.9
9896,8940,4,2025-04-21,5,1,2,349.0,150.0,0.0
9897,8941,1,2025-04-21,1,2,2,299.0,129.0,0.0
9898,8942,3,2025-04-21,8,1,1,296.1,142.0,32.9
9899,1317,1,2025-04-21,2,1,1,269.1,129.0,29.9
9900,8943,4,2025-04-21,4,1,1,314.1,150.0,34.9
9901,8944,6,2025-04-21,3,2,1,449.1,215.0,49.9
9902,8945,5,2025-04-21,1,2,1,349.0,150.0,0.0
9903,8946,4,2025-04-21,1,3,1,296.65,150.0,52.35
9904,8947,3,2025-04-21,1,2,1,329.0,142.0,0.0
9905,8948,3,2025-04-21,4,1,1,279.65,142.0,49.35
9906,8949,5,2025-04-21,2,5,1,314.1,150.0,34.9
9907,8950,2,2025-04-21,3,5,1,299.0,129.0,0.0
9908,8951,6,2025-04-21,7,5,1,499.0,215.0,0.0
9909,8952,3,2025-04-21,1,1,1,329.0,142.0,0.0
9910,8953,5,2025-04-21,4,2,1,349.0,150.0,0.0
9911,8954,4,2025-04-21,3,2,1,349.0,150.0,0.0
9912,8955,5,2025-04-21,2,1,2,349.0,150.0,0.0
9913,8956,5,2025-04-22,2,1,1,349.0,150.0,0.0
9914,8957,5,2025-04-22,3,1,1,349.0,150.0,0.0
9915,4601,4,2025-04-22,4,5,1,349.0,150.0,0.0
9916,8958,1,2025-04-22,3,5,1,299.0,129.0,0.0
9917,8959,2,2025-04-22,3,2,1,299.0,129.0,0.0
9918,8960,2,2025-04-22,3,2,1,299.0,129.0,0.0
9919,8961,4,2025-04-22,5,2,1,296.65,150.0,52.35
9920,8962,5,2025-04-22,1,1,1,296.65,150.0,52.35
9921,7502,4,2025-04-22,8,1,1,296.65,150.0,52.35
9922,8963,4,2025-04-22,1,2,1,349.0,150.0,0.0
9923,5180,4,2025-04-22,3,3,1,349.0,150.0,0.0
9924,8964,2,2025-04-22,2,3,1,254.15,129.0,44.85
9925,8965,5,2025-04-22,8,2,1,349.0,150.0,0.0
9926,422,1,2025-04-22,5,1,1,299.0,129.0,0.0
9927,8966,4,2025-04-22,1,1,1,349.0,150.0,0.0
9928,8967,1,2025-04-22,6,3,1,299.0,129.0,0.0
9929,8968,1,2025-04-22,3,1,1,299.0,129.0,0.0
9930,8969,5,2025-04-22,3,3,1,349.0,150.0,0.0
9931,8970,6,2025-04-22,5,3,1,449.1,215.0,49.9
9932,4063,1,2025-04-22,2,1,1,269.1,129.0,29.9
9933,132,4,2025-04-22,5,1,1,296.65,150.0,52.35
9934,8971,5,2025-04-22,1,1,1,349.0,150.0,0.0
9935,8972,6,2025-04-22,1,3,2,499.0,215.0,0.0
9936,8973,5,2025-04-22,3,3,1,349.0,150.0,0.0
9937,8974,6,2025-04-22,3,1,1,499.0,215.0,0.0
9938,8975,6,2025-04-22,3,1,1,449.1,215.0,49.9
9939,8976,2,2025-04-22,1,3,1,299.0,129.0,0.0
9940,8977,5,2025-04-23,8,1,2,349.0,150.0,0.0
9941,8978,5,2025-04-23,1,3,1,349.0,150.0,0.0
9942,8979,2,2025-04-23,4,1,1,299.0,129.0,0.0
9943,8980,6,2025-04-23,5,2,1,499.0,215.0,0.0
9944,8981,4,2025-04-23,1,2,1,349.0,150.0,0.0
9945,8982,3,2025-04-23,1,2,1,329.0,142.0,0.0
9946,8983,5,2025-04-23,8,2,1,349.0,150.0,0.0
9947,8984,3,2025-04-23,1,1,1,329.0,142.0,0.0
9948,8985,4,2025-04-23,1,1,1,349.0,150.0,0.0
9949,8986,5,2025-04-23,3,2,1,349.0,150.0,0.0
9950,8987,1,2025-04-23,5,2,1,299.0,129.0,0.0
9951,8988,4,2025-04-23,3,5,1,349.0,150.0,0.0
9952,8989,4,2025-04-23,3,2,1,296.65,150.0,52.35
9953,8990,4,2025-04-23,1,3,1,349.0,150.0,0.0
9954,8991,3,2025-04-23,1,2,2,329.0,142.0,0.0
9955,8992,2,2025-04-23,3,1,1,254.15,129.0,44.85
9956,8993,3,2025-04-23,1,2,1,329.0,142.0,0.0
9957,8994,5,2025-04-23,8,1,1,349.0,150.0,0.0
9958,8995,5,2025-04-23,3,1,2,349.0,150.0,0.0
9959,8996,3,2025-04-23,6,3,1,329.0,142.0,0.0
9960,8997,5,2025-04-23,1,3,1,349.0,150.0,0.0
9961,8998,5,2025-04-23,1,1,1,349.0,150.0,0.0
9962,8999,1,2025-04-23,3,2,1,254.15,129.0,44.85
9963,9000,2,2025-04-23,2,1,1,299.0,129.0,0.0
9964,9001,4,2025-04-23,3,5,1,349.0,150.0,0.0
9965,9002,2,2025-04-23,9,1,1,269.1,129.0,29.9
9966,9003,6,2025-04-23,2,1,1,499.0,215.0,0.0
9967,9004,4,2025-04-23,1,3,1,314.1,150.0,34.9
9968,9005,4,2025-04-24,3,3,1,349.0,150.0,0.0
9969,9006,5,2025-04-24,3,1,1,349.0,150.0,0.0
9970,90173,2,2025-04-24,7,1,1,299.0,129.0,0.0
9971,9008,6,2025-04-24,4,1,1,499.0,215.0,0.0
9972,9009,4,2025-04-24,3,1,1,349.0,150.0,0.0
9973,9010,1,2025-04-24,1,2,1,299.0,129.0,0.0
9974,9011,6,2025-04-24,5,3,1,449.1,215.0,49.9
9975,9012,5,2025-04-24,6,1,1,349.0,150.0,0.0
9976,9013,5,2025-04-24,8,1,1,349.0,150.0,0.0
9977,9014,4,2025-04-24,6,2,1,349.0,150.0,0.0
9978,9015,5,2025-04-24,6,1,2,314.1,150.0,34.9
9979,9016,5,2025-04-24,5,1,1,349.0,150.0,0.0
9980,6083,5,2025-04-24,8,5,1,349.0,150.0,0.0
9981,9017,4,2025-04-24,1,1,1,349.0,150.0,0.0
9982,9018,4,2025-04-24,4,2,1,349.0,150.0,0.0
9983,9019,4,2025-04-24,5,2,1,349.0,150.0,0.0
9984,9020,1,2025-04-24,4,2,1,299.0,129.0,0.0
9985,9021,2,2025-04-24,3,2,1,299.0,129.0,0.0
9986,9022,2,2025-04-24,3,2,1,254.15,129.0,44.85
9987,9023,4,2025-04-24,5,2,1,349.0,150.0,0.0
9988,9024,4,2025-04-24,4,1,1,349.0,150.0,0.0
9989,9025,5,2025-04-24,4,2,1,349.0,150.0,0.0
9990,9026,4,2025-04-24,5,5,1,349.0,150.0,0.0
9991,6477,2,2025-04-24,2,1,1,299.0,129.0,0.0
9992,9027,1,2025-04-24,7,2,1,299.0,129.0,0.0
9993,9028,1,2025-04-24,3,1,1,299.0,129.0,0.0
9994,9029,1,2025-04-24,5,1,1,299.0,129.0,0.0
9995,9030,4,2025-04-24,9,1,1,349.0,150.0,0.0
9996,9031,4,2025-04-25,6,1,1,349.0,150.0,0.0
9997,9032,1,2025-04-25,1,2,1,299.0,129.0,0.0
9998,9033,3,2025-04-25,5,5,1,329.0,142.0,0.0
9999,9034,2,2025-04-25,2,3,1,299.0,129.0,0.0
10000,3723,4,2025-04-25,3,2,1,349.0,150.0,0.0
10001,9035,1,2025-04-25,1,1,1,254.15,129.0,44.85
10002,9036,5,2025-04-25,2,4,1,349.0,150.0,0.0
10003,9037,1,2025-04-25,1,2,1,254.15,129.0,44.85
10004,9038,5,2025-04-25,4,1,1,349.0,150.0,0.0
10005,9039,6,2025-04-25,8,2,1,499.0,215.0,0.0
10006,3432,2,2025-04-25,3,1,1,299.0,129.0,0.0
10007,9040,4,2025-04-25,4,3,1,349.0,150.0,0.0
10008,9041,5,2025-04-25,1,1,1,314.1,150.0,34.9
10009,9042,4,2025-04-25,7,1,1,349.0,150.0,0.0
10010,9043,5,2025-04-25,3,1,1,296.65,150.0,52.35
10011,2521,4,2025-04-25,5,1,1,349.0,150.0,0.0
10012,9044,5,2025-04-25,2,3,1,349.0,150.0,0.0
10013,9045,5,2025-04-25,3,3,1,349.0,150.0,0.0
10014,9046,6,2025-04-25,9,3,1,499.0,215.0,0.0
10015,9047,2,2025-04-25,1,2,1,299.0,129.0,0.0
10016,9048,3,2025-04-25,5,1,1,329.0,142.0,0.0
10017,9049,5,2025-04-25,2,1,1,349.0,150.0,0.0
10018,9050,6,2025-04-25,4,1,1,499.0,215.0,0.0
10019,9051,4,2025-04-25,8,5,1,349.0,150.0,0.0
10020,9052,4,2025-04-25,1,5,1,349.0,150.0,0.0
10021,9053,4,2025-04-25,1,5,1,296.65,150.0,52.35
10022,9054,6,2025-04-25,3,2,1,499.0,215.0,0.0
10023,9055,4,2025-04-25,3,1,1,314.1,150.0,34.9
10024,9056,5,2025-04-26,1,3,1,296.65,150.0,52.35
10025,9057,1,2025-04-26,5,1,1,299.0,129.0,0.0
10026,9058,2,2025-04-26,1,3,1,299.0,129.0,0.0
10027,9059,4,2025-04-26,5,5,1,349.0,150.0,0.0
10028,9060,2,2025-04-26,1,1,1,254.15,129.0,44.85
10029,9061,6,2025-04-26,3,1,1,424.15,215.0,74.85
10030,9062,5,2025-04-26,1,4,2,296.65,150.0,52.35
10031,9063,4,2025-04-26,2,2,1,349.0,150.0,0.0
10032,9064,3,2025-04-26,3,1,1,296.1,142.0,32.9
10033,9065,4,2025-04-26,1,2,1,349.0,150.0,0.0
10034,9066,4,2025-04-26,6,5,1,349.0,150.0,0.0
10035,7836,4,2025-04-26,3,1,1,349.0,150.0,0.0
10036,9067,1,2025-04-26,1,5,1,269.1,129.0,29.9
10037,9068,3,2025-04-26,,4,1,329.0,142.0,0.0
10038,3328,2,2025-04-26,5,5,1,269.1,129.0,29.9
10039,9069,3,2025-04-26,3,1,1,329.0,142.0,0.0
10040,9070,4,2025-04-26,5,1,1,296.65,150.0,52.35
10041,9071,6,2025-04-26,1,2,1,424.15,215.0,74.85
10042,7032,4,2025-04-26,2,3,1,349.0,150.0,0.0
10043,9072,3,2025-04-26,1,1,1,329.0,142.0,0.0
10044,9073,2,2025-04-26,2,3,1,299.0,129.0,0.0
10045,9074,2,2025-04-26,3,3,1,269.1,129.0,29.9
10046,9075,5,2025-04-26,5,1,1,349.0,150.0,0.0
10047,7303,2,2025-04-26,4,3,1,299.0,129.0,0.0
10048,9076,5,2025-04-26,8,1,1,349.0,150.0,0.0
10049,9077,2,2025-04-26,1,2,1,269.1,129.0,29.9
10050,9078,5,2025-04-26,3,5,1,349.0,150.0,0.0
10051,9079,5,2025-04-26,3,5,1,296.65,150.0,52.35
10052,9080,5,2025-04-27,2,2,1,314.1,150.0,34.9
10053,9081,5,2025-04-27,8,2,1,349.0,150.0,0.0
10054,9082,6,2025-04-27,1,5,1,499.0,215.0,0.0
10055,9083,4,2025-04-27,2,1,1,349.0,150.0,0.0
10056,9084,6,2025-04-27,1,1,1,499.0,215.0,0.0
10057,9085,4,2025-04-27,4,1,2,349.0,150.0,0.0
10058,9086,2,2025-04-27,1,3,1,299.0,129.0,0.0
10059,9087,5,2025-04-27,6,3,1,349.0,150.0,0.0
10060,9088,2,2025-04-27,3,1,1,269.1,129.0,29.9
10061,9089,1,2025-04-27,1,3,1,269.1,129.0,29.9
10062,9090,4,2025-04-27,4,4,1,349.0,150.0,0.0
10063,9091,5,2025-04-27,3,1,1,349.0,150.0,0.0
10064,9092,2,2025-04-27,8,1,1,299.0,129.0,0.0
10065,9093,1,2025-04-27,7,2,1,299.0,129.0,0.0
10066,9094,4,2025-04-27,4,3,1,296.65,150.0,52.35
10067,9095,2,2025-04-27,4,2,1,254.15,129.0,44.85
10068,4865,4,2025-04-27,8,1,1,296.65,150.0,52.35
10069,9096,4,2025-04-27,4,3,1,349.0,150.0,0.0
10070,9097,4,2025-04-27,1,5,1,349.0,150.0,0.0
10071,9098,5,2025-04-27,3,2,1,349.0,150.0,0.0
10072,9099,4,2025-04-27,3,1,1,349.0,150.0,0.0
10073,9100,3,2025-04-27,1,3,1,329.0,142.0,0.0
10074,9101,4,2025-04-27,5,2,1,349.0,150.0,0.0
10075,9102,4,2025-04-27,5,2,1,314.1,150.0,34.9
10076,9103,5,2025-04-27,5,5,1,296.65,150.0,52.35
10077,9104,5,2025-04-27,3,5,1,349.0,150.0,0.0
10078,9105,4,2025-04-27,3,3,1,349.0,150.0,0.0
10079,9106,5,2025-04-27,7,1,1,349.0,150.0,0.0
10080,1139,5,2025-04-27,4,1,1,349.0,150.0,0.0
10081,9107,4,2025-04-27,1,2,1,349.0,150.0,0.0
10082,9108,2,2025-04-27,1,2,1,299.0,129.0,0.0
10083,9109,4,2025-04-27,3,2,1,349.0,150.0,0.0
10084,9110,4,2025-04-27,2,3,2,349.0,150.0,0.0
10085,9111,5,2025-04-27,9,5,1,296.65,150.0,52.35
10086,9112,1,2025-04-28,2,3,1,299.0,129.0,0.0
10087,9113,5,2025-04-28,3,4,1,314.1,150.0,34.9
10088,1314,6,2025-04-28,8,2,2,449.1,215.0,49.9
10089,9114,5,2025-04-28,5,2,1,314.1,150.0,34.9
10090,9115,5,2025-04-28,1,4,1,349.0,150.0,0.0
10091,9116,1,2025-04-28,1,3,1,299.0,129.0,0.0
10092,9117,4,2025-04-28,1,3,1,349.0,150.0,0.0
10093,9118,1,2025-04-28,2,2,1,299.0,129.0,0.0
10094,9119,4,2025-04-28,3,2,1,314.1,150.0,34.9
10095,9120,6,2025-04-28,3,1,1,499.0,215.0,0.0
10096,9121,4,2025-04-28,3,1,1,349.0,150.0,0.0
10097,9122,4,2025-04-28,2,3,1,349.0,150.0,0.0
10098,9123,5,2025-04-28,1,5,1,349.0,150.0,0.0
10099,9124,4,2025-04-28,8,1,1,314.1,150.0,34.9
10100,9125,1,2025-04-28,4,1,1,299.0,129.0,0.0
10101,9126,5,2025-04-28,2,4,1,314.1,150.0,34.9
10102,9127,4,2025-04-28,4,2,1,349.0,150.0,0.0
10103,9128,1,2025-04-28,2,2,1,299.0,129.0,0.0
10104,9129,5,2025-04-28,3,1,1,314.1,150.0,34.9
10105,9130,4,2025-04-28,8,1,1,296.65,150.0,52.35
10106,9131,1,2025-04-28,4,1,1,299.0,129.0,0.0
10107,9132,1,2025-04-28,7,2,1,299.0,129.0,0.0
10108,9133,4,2025-04-28,3,3,1,296.65,150.0,52.35
10109,9134,6,2025-04-28,2,1,1,449.1,215.0,49.9
10110,9135,1,2025-04-28,6,5,2,254.15,129.0,44.85
10111,9136,3,2025-04-28,9,1,1,329.0,142.0,0.0
10112,9137,4,2025-04-29,2,1,1,349.0,150.0,0.0
10113,9138,4,2025-04-29,1,2,1,349.0,150.0,0.0
10114,9139,2,2025-04-29,5,4,1,299.0,129.0,0.0
10115,9140,1,2025-04-29,2,2,2,299.0,129.0,0.0
10116,9141,4,2025-04-29,4,4,1,349.0,150.0,0.0
10117,8221,4,2025-04-29,4,4,1,349.0,150.0,0.0
10118,879,2,2025-04-29,1,5,1,269.1,129.0,29.9
10119,9142,2,2025-04-29,3,3,2,299.0,129.0,0.0
10120,9143,3,2025-04-29,1,1,1,329.0,142.0,0.0
10121,9144,6,2025-04-29,3,1,1,499.0,215.0,0.0
10122,9145,5,2025-04-29,4,1,2,349.0,150.0,0.0
10123,9146,5,2025-04-29,1,5,1,314.1,150.0,34.9
10124,9147,1,2025-04-29,3,4,1,299.0,129.0,0.0
10125,9148,4,2025-04-29,2,3,2,296.65,150.0,52.35
10126,9149,6,2025-04-29,1,2,1,499.0,215.0,0.0
10127,9150,1,2025-04-29,2,5,1,299.0,129.0,0.0
10128,1991,1,2025-04-29,3,3,1,299.0,129.0,0.0
10129,9151,2,2025-04-29,2,1,1,254.15,129.0,44.85
10130,3947,6,2025-04-29,2,3,1,499.0,215.0,0.0
10131,9152,1,2025-04-29,4,3,2,269.1,129.0,29.9
10132,9153,6,2025-04-29,5,5,1,499.0,215.0,0.0
10133,9154,2,2025-04-29,7,3,1,299.0,129.0,0.0
10134,9155,1,2025-04-29,4,1,1,254.15,129.0,44.85
10135,9156,3,2025-04-29,3,2,1,329.0,142.0,0.0
10136,9157,5,2025-04-29,4,1,1,349.0,150.0,0.0
10137,3130,4,2025-04-29,1,1,1,296.65,150.0,52.35
10138,9158,6,2025-04-29,5,2,1,499.0,215.0,0.0
10139,9159,1,2025-04-30,1,3,1,299.0,129.0,0.0
10140,9160,5,2025-04-30,8,3,1,349.0,150.0,0.0
10141,9161,4,2025-04-30,9,3,1,349.0,150.0,0.0
10142,9162,4,2025-04-30,4,1,1,314.1,150.0,34.9
10143,9163,5,2025-04-30,4,1,1,349.0,150.0,0.0
10144,9164,4,2025-04-30,3,4,1,349.0,150.0,0.0
10145,9165,1,2025-04-30,3,1,1,299.0,129.0,0.0
10146,9166,4,2025-04-30,5,5,1,349.0,150.0,0.0
10147,2792,5,2025-04-30,1,3,1,314.1,150.0,34.9
10148,9167,2,2025-04-30,1,2,1,299.0,129.0,0.0
10149,9168,4,2025-04-30,2,3,1,349.0,150.0,0.0
10150,9169,2,2025-04-30,9,5,1,299.0,129.0,0.0
10151,9170,5,2025-04-30,3,2,2,349.0,150.0,0.0
10152,9171,2,2025-04-30,3,1,1,299.0,129.0,0.0
10153,9172,2,2025-04-30,3,3,1,299.0,129.0,0.0
10154,9173,1,2025-04-30,2,1,1,299.0,129.0,0.0
10155,9174,2,2025-04-30,1,2,1,299.0,129.0,0.0
10156,9175,2,2025-04-30,8,2,1,299.0,129.0,0.0
10157,9176,6,2025-04-30,4,2,1,499.0,215.0,0.0
10158,9177,6,2025-04-30,3,1,1,499.0,215.0,0.0
10159,9178,3,2025-04-30,3,1,1,279.65,142.0,49.35
10160,9179,5,2025-04-30,1,1,1,349.0,150.0,0.0
10161,9180,2,2025-04-30,1,2,1,299.0,129.0,0.0
10162,9181,2,2025-04-30,3,2,2,299.0,129.0,0.0
10163,9182,1,2025-04-30,3,3,1,299.0,129.0,0.0
10164,9183,6,2025-04-30,3,1,1,499.0,215.0,0.0
10165,9184,1,2025-04-30,3,1,2,269.1,129.0,29.9
10166,9185,1,2025-05-01,1,1,1,269.1,129.0,29.9
10167,9186,5,2025-05-01,1,3,1,349.0,150.0,0.0
10168,9187,4,2025-05-01,2,1,1,349.0,150.0,0.0
10169,9188,4,2025-05-01,3,3,1,349.0,150.0,0.0
10170,9189,1,2025-05-01,1,1,1,299.0,129.0,0.0
10171,7337,1,2025-05-01,3,2,1,299.0,129.0,0.0
10172,9055,5,2025-05-01,3,3,1,314.1,150.0,34.9
10173,9190,5,2025-05-01,5,3,1,349.0,150.0,0.0
10174,9191,5,2025-05-01,3,1,1,349.0,150.0,0.0
10175,9192,2,2025-05-01,1,2,1,299.0,129.0,0.0
10176,9193,4,2025-05-01,5,1,1,349.0,150.0,0.0
10177,9194,1,2025-05-01,3,1,1,269.1,129.0,29.9
10178,9195,3,2025-05-01,3,2,1,296.1,142.0,32.9
10179,5950,5,2025-05-01,3,1,1,349.0,150.0,0.0
10180,9196,3,2025-05-01,6,2,1,329.0,142.0,0.0
10181,9197,3,2025-05-01,3,3,1,279.65,142.0,49.35
10182,9198,6,2025-05-01,1,3,1,499.0,215.0,0.0
10183,9199,1,2025-05-01,1,1,2,269.1,129.0,29.9
10184,9200,6,2025-05-01,1,1,1,499.0,215.0,0.0
10185,9201,5,2025-05-01,1,1,1,349.0,150.0,0.0
10186,9202,4,2025-05-01,1,3,1,349.0,150.0,0.0
10187,9203,5,2025-05-01,5,2,2,296.65,150.0,52.35
10188,9204,5,2025-05-01,2,5,1,349.0,150.0,0.0
10189,9205,5,2025-05-01,6,3,1,314.1,150.0,34.9
10190,9206,5,2025-05-01,4,4,1,296.65,150.0,52.35
10191,9207,5,2025-05-01,3,4,1,349.0,150.0,0.0
10192,9208,4,2025-05-01,4,1,1,296.65,150.0,52.35
10193,9209,4,2025-05-02,2,1,1,349.0,150.0,0.0
10194,4864,5,2025-05-02,1,5,1,349.0,150.0,0.0
10195,9210,2,2025-05-02,5,1,1,254.15,129.0,44.85
10196,9211,3,2025-05-02,4,2,2,279.65,142.0,49.35
10197,9212,2,2025-05-02,4,3,2,254.15,129.0,44.85
10198,9213,4,2025-05-02,2,1,1,349.0,150.0,0.0
10199,9214,6,2025-05-02,5,3,1,449.1,215.0,49.9
10200,9215,4,2025-05-02,5,1,1,349.0,150.0,0.0
10201,9216,1,2025-05-02,3,1,1,299.0,129.0,0.0
10202,9217,2,2025-05-02,2,1,1,299.0,129.0,0.0
10203,7841,2,2025-05-02,1,5,1,299.0,129.0,0.0
10204,3817,5,2025-05-02,1,1,1,349.0,150.0,0.0
10205,9218,1,2025-05-02,1,1,1,299.0,129.0,0.0
10206,9219,2,2025-05-02,1,5,1,299.0,129.0,0.0
10207,7133,5,2025-05-02,4,3,1,349.0,150.0,0.0
10208,9220,1,2025-05-02,4,4,1,299.0,129.0,0.0
10209,9221,1,2025-05-02,2,1,1,299.0,129.0,0.0
10210,9222,4,2025-05-02,4,1,1,349.0,150.0,0.0
10211,9223,3,2025-05-02,4,1,1,329.0,142.0,0.0
10212,9224,6,2025-05-02,1,4,1,499.0,215.0,0.0
10213,9225,1,2025-05-02,2,2,1,299.0,129.0,0.0
10214,9226,4,2025-05-02,8,4,1,349.0,150.0,0.0
10215,9227,1,2025-05-02,1,3,1,254.15,129.0,44.85
10216,9228,2,2025-05-02,1,1,1,269.1,129.0,29.9
10217,9028,3,2025-05-02,3,3,1,296.1,142.0,32.9
10218,9229,4,2025-05-02,2,1,1,349.0,150.0,0.0
10219,9230,4,2025-05-02,1,4,1,349.0,150.0,0.0
10220,9231,6,2025-05-02,1,2,1,449.1,215.0,49.9
10221,9232,2,2025-05-02,2,2,1,299.0,129.0,0.0
10222,9233,4,2025-05-02,2,4,1,349.0,150.0,0.0
10223,9234,4,2025-05-02,7,5,1,349.0,150.0,0.0
10224,9235,4,2025-05-03,3,2,1,314.1,150.0,34.9
10225,7656,5,2025-05-03,5,3,1,349.0,150.0,0.0
10226,9236,5,2025-05-03,4,1,2,349.0,150.0,0.0
10227,9237,1,2025-05-03,1,2,1,299.0,129.0,0.0
10228,9238,5,2025-05-03,1,5,1,349.0,150.0,0.0
10229,9239,2,2025-05-03,1,2,1,299.0,129.0,0.0
10230,9240,5,2025-05-03,5,2,1,349.0,150.0,0.0
10231,9241,1,2025-05-03,1,5,1,299.0,129.0,0.0
10232,9242,5,2025-05-03,3,3,1,349.0,150.0,0.0
10233,9243,5,2025-05-03,4,1,1,349.0,150.0,0.0
10234,9244,6,2025-05-03,2,1,1,449.1,215.0,49.9
10235,7696,3,2025-05-03,2,5,1,329.0,142.0,0.0
10236,9245,4,2025-05-03,4,1,2,349.0,150.0,0.0
10237,9246,4,2025-05-03,6,5,1,349.0,150.0,0.0
10238,9247,5,2025-05-03,3,1,1,349.0,150.0,0.0
10239,9248,3,2025-05-03,3,1,1,329.0,142.0,0.0
10240,9249,5,2025-05-03,3,1,1,314.1,150.0,34.9
10241,9250,6,2025-05-03,8,3,1,449.1,215.0,49.9
10242,9251,5,2025-05-03,4,2,2,314.1,150.0,34.9
10243,9252,4,2025-05-03,5,4,1,349.0,150.0,0.0
10244,9253,4,2025-05-03,1,4,1,296.65,150.0,52.35
10245,9254,5,2025-05-03,1,5,1,349.0,150.0,0.0
10246,7563,3,2025-05-03,1,2,1,329.0,142.0,0.0
10247,6113,1,2025-05-03,3,1,1,299.0,129.0,0.0
10248,9255,5,2025-05-03,1,1,1,349.0,150.0,0.0
10249,9256,1,2025-05-03,5,2,1,299.0,129.0,0.0
10250,9257,2,2025-05-03,2,5,1,299.0,129.0,0.0
10251,9258,1,2025-05-03,3,4,1,299.0,129.0,0.0
10252,9259,3,2025-05-03,1,3,1,296.1,142.0,32.9
10253,9260,4,2025-05-03,1,1,1,349.0,150.0,0.0
10254,9261,4,2025-05-04,4,5,1,349.0,150.0,0.0
10255,9262,5,2025-05-04,5,1,1,349.0,150.0,0.0
10256,9263,4,2025-05-04,6,3,1,349.0,150.0,0.0
10257,9264,1,2025-05-04,2,3,1,269.1,129.0,29.9
10258,9265,1,2025-05-04,5,3,1,299.0,129.0,0.0
10259,9266,3,2025-05-04,2,1,1,296.1,142.0,32.9
10260,9267,4,2025-05-04,8,5,1,349.0,150.0,0.0
10261,9268,4,2025-05-04,1,2,1,349.0,150.0,0.0
10262,9269,4,2025-05-04,2,2,2,349.0,150.0,0.0
10263,9270,1,2025-05-04,7,2,1,299.0,129.0,0.0
10264,9271,3,2025-05-04,2,1,1,296.1,142.0,32.9
10265,9272,4,2025-05-04,1,1,1,349.0,150.0,0.0
10266,9273,5,2025-05-04,1,1,1,314.1,150.0,34.9
10267,9274,4,2025-05-04,5,4,1,349.0,150.0,0.0
10268,9275,5,2025-05-04,5,3,1,349.0,150.0,0.0
10269,9276,5,2025-05-04,1,1,2,314.1,150.0,34.9
10270,9277,4,2025-05-04,2,4,2,349.0,150.0,0.0
10271,9278,1,2025-05-04,7,1,1,299.0,129.0,0.0
10272,9279,5,2025-05-04,3,2,1,349.0,150.0,0.0
10273,6975,3,2025-05-04,1,1,1,329.0,142.0,0.0
10274,9280,4,2025-05-04,5,1,1,349.0,150.0,0.0
10275,9281,3,2025-05-04,5,1,1,279.65,142.0,49.35
10276,9282,6,2025-05-04,8,4,1,499.0,215.0,0.0
10277,9283,5,2025-05-04,1,1,1,296.65,150.0,52.35
10278,9284,2,2025-05-04,8,1,1,299.0,129.0,0.0
10279,8909,6,2025-05-04,4,1,1,424.15,215.0,74.85
10280,9285,5,2025-05-04,1,2,2,349.0,150.0,0.0
10281,9286,4,2025-05-04,1,1,1,349.0,150.0,0.0
10282,9287,1,2025-05-04,,1,2,299.0,129.0,0.0
10283,9288,5,2025-05-04,1,1,1,349.0,150.0,0.0
10284,9289,5,2025-05-04,1,5,1,349.0,150.0,0.0
10285,7304,5,2025-05-04,3,3,1,314.1,150.0,34.9
10286,9290,5,2025-05-04,1,2,2,349.0,150.0,0.0
10287,9291,1,2025-05-04,2,1,2,269.1,129.0,29.9
10288,9292,1,2025-05-05,7,2,1,269.1,129.0,29.9
10289,9293,4,2025-05-05,3,2,1,349.0,150.0,0.0
10290,9294,2,2025-05-05,3,3,1,299.0,129.0,0.0
10291,9295,4,2025-05-05,5,1,1,296.65,150.0,52.35
10292,9296,3,2025-05-05,3,2,1,329.0,142.0,0.0
10293,9297,6,2025-05-05,4,3,1,424.15,215.0,74.85
10294,9298,4,2025-05-05,2,1,1,314.1,150.0,34.9
10295,9299,3,2025-05-05,3,1,1,329.0,142.0,0.0
10296,9300,2,2025-05-05,5,1,1,269.1,129.0,29.9
10297,9301,2,2025-05-05,4,4,1,299.0,129.0,0.0
10298,9108,1,2025-05-05,3,3,1,299.0,129.0,0.0
10299,9302,4,2025-05-05,1,1,1,349.0,150.0,0.0
10300,9303,4,2025-05-05,3,1,1,349.0,150.0,0.0
10301,9304,4,2025-05-05,3,2,1,314.1,150.0,34.9
10302,9305,5,2025-05-05,7,1,1,349.0,150.0,0.0
10303,9306,6,2025-05-05,1,2,1,499.0,215.0,0.0
10304,9307,1,2025-05-05,1,3,1,299.0,129.0,0.0
10305,9308,4,2025-05-05,1,1,1,314.1,150.0,34.9
10306,9309,4,2025-05-05,4,1,1,314.1,150.0,34.9
10307,9310,5,2025-05-05,2,2,1,349.0,150.0,0.0
10308,6505,6,2025-05-05,2,2,1,499.0,215.0,0.0
10309,9311,1,2025-05-05,8,4,1,299.0,129.0,0.0
10310,9312,5,2025-05-05,1,5,1,314.1,150.0,34.9
10311,9313,6,2025-05-05,6,2,1,499.0,215.0,0.0
10312,9314,2,2025-05-05,1,2,1,299.0,129.0,0.0
10313,9315,6,2025-05-05,5,1,2,499.0,215.0,0.0
10314,9316,5,2025-05-05,3,1,1,296.65,150.0,52.35
10315,9317,6,2025-05-05,6,1,1,499.0,215.0,0.0
10316,9318,6,2025-05-06,4,1,1,499.0,215.0,0.0
10317,9319,4,2025-05-06,1,2,1,349.0,150.0,0.0
10318,9320,3,2025-05-06,1,5,1,329.0,142.0,0.0
10319,9321,3,2025-05-06,1,2,1,329.0,142.0,0.0
10320,9322,6,2025-05-06,4,4,1,424.15,215.0,74.85
10321,9323,2,2025-05-06,1,5,1,299.0,129.0,0.0
10322,9324,2,2025-05-06,9,1,1,269.1,129.0,29.9
10323,9325,5,2025-05-06,2,3,1,349.0,150.0,0.0
10324,9326,1,2025-05-06,1,1,1,299.0,129.0,0.0
10325,9327,3,2025-05-06,1,1,1,329.0,142.0,0.0
10326,9328,1,2025-05-06,3,5,1,299.0,129.0,0.0
10327,9329,2,2025-05-06,8,5,1,299.0,129.0,0.0
10328,9330,5,2025-05-06,3,3,1,349.0,150.0,0.0
10329,2568,1,2025-05-06,7,1,1,299.0,129.0,0.0
10330,9331,1,2025-05-06,7,4,1,254.15,129.0,44.85
10331,9332,4,2025-05-06,1,3,1,349.0,150.0,0.0
10332,9333,5,2025-05-06,5,1,1,349.0,150.0,0.0
10333,9334,2,2025-05-06,1,5,1,299.0,129.0,0.0
10334,9335,5,2025-05-06,3,1,1,296.65,150.0,52.35
10335,9336,5,2025-05-06,1,3,1,349.0,150.0,0.0
10336,9337,4,2025-05-06,1,1,1,349.0,150.0,0.0
10337,9338,3,2025-05-06,2,1,1,329.0,142.0,0.0
10338,9339,6,2025-05-06,3,1,1,499.0,215.0,0.0
10339,9340,1,2025-05-06,3,1,1,299.0,129.0,0.0
10340,9341,2,2025-05-06,1,1,1,299.0,129.0,0.0
10341,9342,5,2025-05-06,8,3,1,349.0,150.0,0.0
10342,9343,2,2025-05-06,2,1,1,299.0,129.0,0.0
10343,9344,1,2025-05-06,5,5,1,254.15,129.0,44.85
10344,9345,5,2025-05-06,6,1,1,349.0,150.0,0.0
10345,104,2,2025-05-06,5,1,1,299.0,129.0,0.0
10346,9346,6,2025-05-06,1,1,1,499.0,215.0,0.0
10347,9347,6,2025-05-06,3,5,1,449.1,215.0,49.9
10348,9348,4,2025-05-06,4,2,1,314.1,150.0,34.9
10349,9349,5,2025-05-06,3,1,1,349.0,150.0,0.0
10350,9350,3,2025-05-07,1,1,1,296.1,142.0,32.9
10351,9351,6,2025-05-07,1,1,1,499.0,215.0,0.0
10352,9352,6,2025-05-07,8,1,1,499.0,215.0,0.0
10353,9353,5,2025-05-07,3,2,2,349.0,150.0,0.0
10354,1182,2,2025-05-07,7,1,1,299.0,129.0,0.0
10355,7064,6,2025-05-07,2,1,1,499.0,215.0,0.0
10356,9354,4,2025-05-07,8,2,1,349.0,150.0,0.0
10357,9355,6,2025-05-07,5,2,1,499.0,215.0,0.0
10358,9356,1,2025-05-07,3,5,2,299.0,129.0,0.0
10359,9357,5,2025-05-07,1,4,1,349.0,150.0,0.0
10360,9358,2,2025-05-07,4,1,1,299.0,129.0,0.0
10361,9359,5,2025-05-07,1,2,1,349.0,150.0,0.0
10362,9360,5,2025-05-07,5,3,1,349.0,150.0,0.0
10363,9361,5,2025-05-07,2,2,1,349.0,150.0,0.0
10364,9362,2,2025-05-07,1,2,1,254.15,129.0,44.85
10365,4716,4,2025-05-07,3,3,1,349.0,150.0,0.0
10366,9363,3,2025-05-07,1,1,1,329.0,142.0,0.0
10367,9364,4,2025-05-07,3,2,2,349.0,150.0,0.0
10368,9365,1,2025-05-07,9,2,1,299.0,129.0,0.0
10369,9366,5,2025-05-07,3,5,1,349.0,150.0,0.0
10370,9367,3,2025-05-07,1,1,1,329.0,142.0,0.0
10371,9368,5,2025-05-07,2,5,1,349.0,150.0,0.0
10372,9369,4,2025-05-07,3,2,1,349.0,150.0,0.0
10373,9370,2,2025-05-07,1,5,1,254.15,129.0,44.85
10374,9371,5,2025-05-07,9,1,1,314.1,150.0,34.9
10375,9372,1,2025-05-07,3,2,1,299.0,129.0,0.0
10376,9373,2,2025-05-07,5,1,1,299.0,129.0,0.0
10377,9374,3,2025-05-07,1,3,1,296.1,142.0,32.9
10378,9375,5,2025-05-07,1,1,1,349.0,150.0,0.0
10379,9376,5,2025-05-07,1,3,1,349.0,150.0,0.0
10380,9377,1,2025-05-07,2,1,1,299.0,129.0,0.0
10381,9378,4,2025-05-07,3,1,2,349.0,150.0,0.0
10382,9379,4,2025-05-07,1,2,1,314.1,150.0,34.9
10383,9380,2,2025-05-07,5,2,1,299.0,129.0,0.0
10384,9381,2,2025-05-08,3,1,1,299.0,129.0,0.0
10385,9382,4,2025-05-08,4,2,1,349.0,150.0,0.0
10386,9383,2,2025-05-08,1,1,1,299.0,129.0,0.0
10387,9384,5,2025-05-08,1,2,1,349.0,150.0,0.0
10388,9385,1,2025-05-08,2,2,1,269.1,129.0,29.9
10389,9386,4,2025-05-08,3,3,1,314.1,150.0,34.9
10390,9387,4,2025-05-08,5,3,1,314.1,150.0,34.9
10391,9388,5,2025-05-08,1,4,1,349.0,150.0,0.0
10392,9389,6,2025-05-08,2,3,1,449.1,215.0,49.9
10393,9390,3,2025-05-08,7,1,1,279.65,142.0,49.35
10394,9391,2,2025-05-08,1,2,1,299.0,129.0,0.0
10395,9392,6,2025-05-08,3,5,1,449.1,215.0,49.9
10396,9393,4,2025-05-08,1,2,1,296.65,150.0,52.35
10397,9394,4,2025-05-08,8,3,1,349.0,150.0,0.0
10398,9395,2,2025-05-08,7,4,1,299.0,129.0,0.0
10399,9396,5,2025-05-08,2,1,1,349.0,150.0,0.0
10400,9397,3,2025-05-08,1,4,1,329.0,142.0,0.0
10401,9398,1,2025-05-08,3,3,1,299.0,129.0,0.0
10402,9399,1,2025-05-08,8,1,1,299.0,129.0,0.0
10403,912,5,2025-05-08,1,2,1,349.0,150.0,0.0
10404,9400,5,2025-05-08,3,2,1,349.0,150.0,0.0
10405,9401,2,2025-05-08,8,1,1,299.0,129.0,0.0
10406,9402,4,2025-05-08,1,5,1,349.0,150.0,0.0
10407,9403,5,2025-05-08,7,3,1,314.1,150.0,34.9
10408,9404,1,2025-05-08,2,1,1,299.0,129.0,0.0
10409,9405,1,2025-05-08,1,1,1,299.0,129.0,0.0
10410,9406,4,2025-05-08,,2,1,349.0,150.0,0.0
10411,9407,4,2025-05-08,9,1,1,349.0,150.0,0.0
10412,9408,5,2025-05-08,8,1,1,349.0,150.0,0.0
10413,9409,5,2025-05-08,3,2,2,349.0,150.0,0.0
10414,9410,1,2025-05-08,2,1,1,269.1,129.0,29.9
10415,2875,4,2025-05-09,2,5,1,314.1,150.0,34.9
10416,9411,5,2025-05-09,4,4,1,349.0,150.0,0.0
10417,9412,2,2025-05-09,5,4,1,299.0,129.0,0.0
10418,9413,6,2025-05-09,4,5,1,424.15,215.0,74.85
10419,9414,5,2025-05-09,1,1,1,349.0,150.0,0.0
10420,9415,5,2025-05-09,3,2,1,349.0,150.0,0.0
10421,9416,5,2025-05-09,5,2,1,349.0,150.0,0.0
10422,9417,2,2025-05-09,5,4,1,299.0,129.0,0.0
10423,9418,6,2025-05-09,4,2,1,499.0,215.0,0.0
10424,9419,1,2025-05-09,8,3,2,299.0,129.0,0.0
10425,9420,3,2025-05-09,2,2,1,279.65,142.0,49.35
10426,9421,6,2025-05-09,7,1,2,499.0,215.0,0.0
10427,9422,5,2025-05-09,1,1,1,349.0,150.0,0.0
10428,9423,5,2025-05-09,1,3,1,349.0,150.0,0.0
10429,9424,6,2025-05-09,5,1,1,424.15,215.0,74.85
10430,9425,4,2025-05-09,3,3,1,349.0,150.0,0.0
10431,9426,6,2025-05-09,7,1,1,424.15,215.0,74.85
10432,9044,5,2025-05-09,4,1,1,349.0,150.0,0.0
10433,9427,4,2025-05-09,2,1,1,314.1,150.0,34.9
10434,9428,5,2025-05-09,1,2,1,349.0,150.0,0.0
10435,9429,2,2025-05-09,1,4,2,299.0,129.0,0.0
10436,9430,5,2025-05-09,3,2,2,349.0,150.0,0.0
10437,9431,3,2025-05-09,2,1,1,329.0,142.0,0.0
10438,9432,1,2025-05-09,2,1,1,299.0,129.0,0.0
10439,9433,5,2025-05-09,3,1,1,314.1,150.0,34.9
10440,9434,5,2025-05-09,3,2,2,349.0,150.0,0.0
10441,9435,5,2025-05-09,1,4,1,349.0,150.0,0.0
10442,9436,6,2025-05-09,1,3,2,499.0,215.0,0.0
10443,9437,5,2025-05-09,1,1,2,349.0,150.0,0.0
10444,9438,5,2025-05-09,5,3,1,296.65,150.0,52.35
10445,9439,5,2025-05-09,4,1,1,314.1,150.0,34.9
10446,9440,5,2025-05-09,7,1,1,296.65,150.0,52.35
10447,9441,3,2025-05-10,1,3,1,296.1,142.0,32.9
10448,9442,1,2025-05-10,5,1,2,299.0,129.0,0.0
10449,9443,5,2025-05-10,6,5,1,349.0,150.0,0.0
10450,9444,4,2025-05-10,5,2,1,349.0,150.0,0.0
10451,8613,6,2025-05-10,1,2,1,499.0,215.0,0.0
10452,9445,5,2025-05-10,3,5,1,349.0,150.0,0.0
10453,9446,2,2025-05-10,,2,1,299.0,129.0,0.0
10454,9447,5,2025-05-10,1,1,1,349.0,150.0,0.0
10455,9448,4,2025-05-10,1,1,1,349.0,150.0,0.0
10456,9449,2,2025-05-10,1,2,1,299.0,129.0,0.0
10457,9450,2,2025-05-10,4,3,1,299.0,129.0,0.0
10458,9451,6,2025-05-10,6,1,1,449.1,215.0,49.9
10459,9452,2,2025-05-10,1,1,1,299.0,129.0,0.0
10460,9453,2,2025-05-10,1,1,1,269.1,129.0,29.9
10461,9454,4,2025-05-10,3,1,1,349.0,150.0,0.0
10462,9455,4,2025-05-10,6,1,1,349.0,150.0,0.0
10463,7757,2,2025-05-10,7,1,1,254.15,129.0,44.85
10464,9456,5,2025-05-10,5,4,1,349.0,150.0,0.0
10465,9457,2,2025-05-10,7,3,1,299.0,129.0,0.0
10466,9458,2,2025-05-10,1,1,1,299.0,129.0,0.0
10467,9459,3,2025-05-10,1,2,2,329.0,142.0,0.0
10468,9460,5,2025-05-10,3,2,1,349.0,150.0,0.0
10469,9461,5,2025-05-10,1,1,1,349.0,150.0,0.0
10470,9462,6,2025-05-10,2,5,2,424.15,215.0,74.85
10471,9463,2,2025-05-10,2,2,1,299.0,129.0,0.0
10472,9464,2,2025-05-10,5,2,1,254.15,129.0,44.85
10473,9465,4,2025-05-10,8,3,1,349.0,150.0,0.0
10474,8743,4,2025-05-10,3,1,1,314.1,150.0,34.9
10475,9466,5,2025-05-10,4,5,1,314.1,150.0,34.9
10476,9467,6,2025-05-10,1,1,1,499.0,215.0,0.0
10477,9468,2,2025-05-11,3,5,1,254.15,129.0,44.85
10478,9469,5,2025-05-11,1,2,1,349.0,150.0,0.0
10479,9470,5,2025-05-11,1,1,1,296.65,150.0,52.35
10480,3094,4,2025-05-11,4,1,1,349.0,150.0,0.0
10481,9471,6,2025-05-11,2,3,1,499.0,215.0,0.0
10482,9472,3,2025-05-11,7,5,2,296.1,142.0,32.9
10483,9473,4,2025-05-11,6,1,1,349.0,150.0,0.0
10484,9474,5,2025-05-11,3,4,1,349.0,150.0,0.0
10485,9475,4,2025-05-11,3,2,1,296.65,150.0,52.35
10486,9476,5,2025-05-11,1,3,1,349.0,150.0,0.0
10487,9477,1,2025-05-11,3,1,1,299.0,129.0,0.0
10488,9478,4,2025-05-11,2,3,1,349.0,150.0,0.0
10489,9479,5,2025-05-11,1,2,1,349.0,150.0,0.0
10490,9480,5,2025-05-11,1,2,1,349.0,150.0,0.0
10491,9481,1,2025-05-11,7,1,2,254.15,129.0,44.85
10492,8575,5,2025-05-11,1,2,2,314.1,150.0,34.9
10493,9482,1,2025-05-11,1,3,1,254.15,129.0,44.85
10494,9483,5,2025-05-11,1,2,1,349.0,150.0,0.0
10495,9484,5,2025-05-11,2,2,1,314.1,150.0,34.9
10496,9485,2,2025-05-11,3,1,1,269.1,129.0,29.9
10497,9486,5,2025-05-11,5,1,1,349.0,150.0,0.0
10498,9487,2,2025-05-11,1,1,1,299.0,129.0,0.0
10499,9488,5,2025-05-11,7,2,1,349.0,150.0,0.0
10500,9489,4,2025-05-11,3,1,1,349.0,150.0,0.0
10501,9490,6,2025-05-11,1,2,1,499.0,215.0,0.0
10502,9491,2,2025-05-11,1,2,2,299.0,129.0,0.0
10503,9492,5,2025-05-11,3,1,1,314.1,150.0,34.9
10504,9493,5,2025-05-11,3,2,1,349.0,150.0,0.0
10505,9494,6,2025-05-11,2,2,1,499.0,215.0,0.0
10506,9495,1,2025-05-11,4,2,1,299.0,129.0,0.0
10507,9496,2,2025-05-11,3,1,1,299.0,129.0,0.0
10508,8395,6,2025-05-11,2,4,1,449.1,215.0,49.9
10509,9497,4,2025-05-12,7,1,1,349.0,150.0,0.0
10510,9498,5,2025-05-12,3,4,1,349.0,150.0,0.0
10511,9499,4,2025-05-12,8,1,1,349.0,150.0,0.0
10512,9500,5,2025-05-12,1,1,1,349.0,150.0,0.0
10513,9501,4,2025-05-12,4,4,1,314.1,150.0,34.9
10514,9502,2,2025-05-12,7,3,1,299.0,129.0,0.0
10515,5854,4,2025-05-12,1,3,1,349.0,150.0,0.0
10516,9503,4,2025-05-12,1,2,1,349.0,150.0,0.0
10517,9504,6,2025-05-12,3,2,1,499.0,215.0,0.0
10518,9505,2,2025-05-12,7,2,1,299.0,129.0,0.0
10519,9506,4,2025-05-12,5,2,1,349.0,150.0,0.0
10520,9507,2,2025-05-12,6,1,1,299.0,129.0,0.0
10521,9508,2,2025-05-12,8,1,1,299.0,129.0,0.0
10522,9509,3,2025-05-12,1,2,1,329.0,142.0,0.0
10523,9510,5,2025-05-12,5,2,1,349.0,150.0,0.0
10524,9511,6,2025-05-12,1,4,1,499.0,215.0,0.0
10525,9512,5,2025-05-12,8,1,1,349.0,150.0,0.0
10526,9513,2,2025-05-12,2,2,1,299.0,129.0,0.0
10527,9514,5,2025-05-12,8,5,1,0.0,150.0,0.0
10528,9515,1,2025-05-12,8,2,1,299.0,129.0,0.0
10529,9516,4,2025-05-12,3,1,1,349.0,150.0,0.0
10530,9517,4,2025-05-12,1,5,1,349.0,150.0,0.0
10531,9518,5,2025-05-12,1,2,1,349.0,150.0,0.0
10532,9519,2,2025-05-12,7,4,1,299.0,129.0,0.0
10533,9520,1,2025-05-12,2,5,1,299.0,129.0,0.0
10534,9521,1,2025-05-12,4,2,1,299.0,129.0,0.0
10535,9522,5,2025-05-12,3,2,1,349.0,150.0,0.0
10536,9523,4,2025-05-12,2,4,2,349.0,150.0,0.0
10537,9524,6,2025-05-13,3,2,2,449.1,215.0,49.9
10538,1782,4,2025-05-13,1,2,1,349.0,150.0,0.0
10539,9525,5,2025-05-13,4,3,1,349.0,150.0,0.0
10540,9526,2,2025-05-13,3,2,1,299.0,129.0,0.0
10541,9527,3,2025-05-13,3,3,1,329.0,142.0,0.0
10542,9528,1,2025-05-13,5,3,1,269.1,129.0,29.9
10543,9529,4,2025-05-13,3,2,1,349.0,150.0,0.0
10544,9530,4,2025-05-13,7,4,1,349.0,150.0,0.0
10545,9531,5,2025-05-13,1,4,1,296.65,150.0,52.35
10546,9532,4,2025-05-13,7,5,1,349.0,150.0,0.0
10547,9533,3,2025-05-13,2,4,2,329.0,142.0,0.0
10548,9534,4,2025-05-13,6,1,1,349.0,150.0,0.0
10549,9535,6,2025-05-13,3,1,1,499.0,215.0,0.0
10550,9536,2,2025-05-13,5,5,1,299.0,129.0,0.0
10551,1939,6,2025-05-13,2,1,1,424.15,215.0,74.85
10552,9537,5,2025-05-13,2,3,1,349.0,150.0,0.0
10553,9538,4,2025-05-13,5,1,1,349.0,150.0,0.0
10554,9539,1,2025-05-13,2,1,1,299.0,129.0,0.0
10555,9540,3,2025-05-13,5,5,1,329.0,142.0,0.0
10556,9541,2,2025-05-13,2,2,1,254.15,129.0,44.85
10557,9542,2,2025-05-13,5,1,1,299.0,129.0,0.0
10558,7146,4,2025-05-13,7,1,1,314.1,150.0,34.9
10559,9543,1,2025-05-13,2,4,1,299.0,129.0,0.0
10560,9544,4,2025-05-13,6,3,1,349.0,150.0,0.0
10561,9545,3,2025-05-13,7,2,1,329.0,142.0,0.0
10562,9546,6,2025-05-13,5,1,2,499.0,215.0,0.0
10563,9547,1,2025-05-13,7,1,1,269.1,129.0,29.9
10564,9548,1,2025-05-14,7,1,1,299.0,129.0,0.0
10565,5637,6,2025-05-14,9,5,1,499.0,215.0,0.0
10566,9549,2,2025-05-14,3,2,1,254.15,129.0,44.85
10567,9550,3,2025-05-14,1,3,1,329.0,142.0,0.0
10568,9551,2,2025-05-14,4,3,1,299.0,129.0,0.0
10569,9552,4,2025-05-14,3,5,1,349.0,150.0,0.0
10570,9553,2,2025-05-14,2,2,1,299.0,129.0,0.0
10571,9554,3,2025-05-14,2,2,1,329.0,142.0,0.0
10572,9555,5,2025-05-14,1,1,1,349.0,150.0,0.0
10573,9556,1,2025-05-14,1,2,1,299.0,129.0,0.0
10574,9557,2,2025-05-14,4,4,1,299.0,129.0,0.0
10575,9558,6,2025-05-14,2,2,1,499.0,215.0,0.0
10576,9559,4,2025-05-14,3,2,1,349.0,150.0,0.0
10577,9560,2,2025-05-14,3,4,2,299.0,129.0,0.0
10578,9561,2,2025-05-14,2,1,1,299.0,129.0,0.0
10579,9562,4,2025-05-14,5,2,1,296.65,150.0,52.35
10580,7967,5,2025-05-14,4,1,1,349.0,150.0,0.0
10581,9563,1,2025-05-14,3,1,1,299.0,129.0,0.0
10582,5758,6,2025-05-14,1,1,1,499.0,215.0,0.0
10583,9564,6,2025-05-14,1,3,1,499.0,215.0,0.0
10584,8989,3,2025-05-14,1,3,1,329.0,142.0,0.0
10585,9565,4,2025-05-14,4,2,1,349.0,150.0,0.0
10586,9566,1,2025-05-14,1,1,1,269.1,129.0,29.9
10587,9567,4,2025-05-14,3,2,1,349.0,150.0,0.0
10588,9568,1,2025-05-14,1,1,1,299.0,129.0,0.0
10589,9569,1,2025-05-14,5,1,1,254.15,129.0,44.85
10590,9570,2,2025-05-14,2,1,1,299.0,129.0,0.0
10591,9571,5,2025-05-14,2,1,1,349.0,150.0,0.0
10592,9572,4,2025-05-15,1,1,1,349.0,150.0,0.0
10593,9573,1,2025-05-15,1,4,1,299.0,129.0,0.0
10594,9574,4,2025-05-15,2,1,1,296.65,150.0,52.35
10595,9575,5,2025-05-15,5,2,1,349.0,150.0,0.0
10596,9576,4,2025-05-15,6,1,1,296.65,150.0,52.35
10597,5091,4,2025-05-15,2,2,1,349.0,150.0,0.0
10598,9577,5,2025-05-15,8,2,1,349.0,150.0,0.0
10599,9578,4,2025-05-15,1,4,1,314.1,150.0,34.9
10600,9579,4,2025-05-15,1,1,1,349.0,150.0,0.0
10601,9580,2,2025-05-15,2,2,1,254.15,129.0,44.85
10602,9581,2,2025-05-15,3,2,1,299.0,129.0,0.0
10603,9582,5,2025-05-15,5,2,1,349.0,150.0,0.0
10604,9583,5,2025-05-15,3,3,1,349.0,150.0,0.0
10605,9584,3,2025-05-15,5,3,1,329.0,142.0,0.0
10606,9585,5,2025-05-15,1,5,1,349.0,150.0,0.0
10607,9586,2,2025-05-15,8,1,1,254.15,129.0,44.85
10608,9587,1,2025-05-15,2,4,1,299.0,129.0,0.0
10609,9588,4,2025-05-15,3,1,1,349.0,150.0,0.0
10610,9589,1,2025-05-15,1,3,1,299.0,129.0,0.0
10611,9590,2,2025-05-15,3,1,1,269.1,129.0,29.9
10612,9591,4,2025-05-15,1,3,1,349.0,150.0,0.0
10613,9592,5,2025-05-15,3,2,1,349.0,150.0,0.0
10614,1208,6,2025-05-15,2,1,1,499.0,215.0,0.0
10615,9593,5,2025-05-15,6,2,1,349.0,150.0,0.0
10616,9594,4,2025-05-15,3,3,1,349.0,150.0,0.0
10617,9595,2,2025-05-15,3,1,2,299.0,129.0,0.0
10618,90266,1,2025-05-15,1,2,1,269.1,129.0,29.9
10619,9597,4,2025-05-15,1,4,1,349.0,150.0,0.0
10620,9598,1,2025-05-15,7,1,1,299.0,129.0,0.0
10621,9599,4,2025-05-16,3,1,1,349.0,150.0,0.0
10622,9600,2,2025-05-16,5,3,1,299.0,129.0,0.0
10623,9601,4,2025-05-16,1,1,1,349.0,150.0,0.0
10624,4515,2,2025-05-16,8,2,1,299.0,129.0,0.0
10625,9602,5,2025-05-16,2,2,2,296.65,150.0,52.35
10626,4602,2,2025-05-16,7,5,1,299.0,129.0,0.0
10627,9603,5,2025-05-16,5,2,1,314.1,150.0,34.9
10628,9604,6,2025-05-16,7,2,1,499.0,215.0,0.0
10629,9605,3,2025-05-16,2,5,2,329.0,142.0,0.0
10630,9606,4,2025-05-16,4,2,2,349.0,150.0,0.0
10631,9607,4,2025-05-16,5,3,1,349.0,150.0,0.0
10632,9608,6,2025-05-16,7,3,2,424.15,215.0,74.85
10633,9609,5,2025-05-16,7,5,1,349.0,150.0,0.0
10634,9610,4,2025-05-16,3,1,1,349.0,150.0,0.0
10635,9611,1,2025-05-16,1,5,1,299.0,129.0,0.0
10636,9612,3,2025-05-16,1,2,1,329.0,142.0,0.0
10637,9613,2,2025-05-16,3,2,1,299.0,129.0,0.0
10638,9614,5,2025-05-16,1,2,1,314.1,150.0,34.9
10639,9615,4,2025-05-16,3,4,1,349.0,150.0,0.0
10640,9616,4,2025-05-16,5,4,1,314.1,150.0,34.9
10641,9617,4,2025-05-16,2,2,1,349.0,150.0,0.0
10642,9618,2,2025-05-16,4,5,1,299.0,129.0,0.0
10643,9619,5,2025-05-16,3,2,1,314.1,150.0,34.9
10644,9620,3,2025-05-16,6,4,1,296.1,142.0,32.9
10645,9621,5,2025-05-16,4,4,1,314.1,150.0,34.9
10646,9622,5,2025-05-16,5,3,1,349.0,150.0,0.0
10647,9623,2,2025-05-16,5,2,1,299.0,129.0,0.0
10648,9624,2,2025-05-16,4,1,1,299.0,129.0,0.0
10649,9625,1,2025-05-17,3,2,2,269.1,129.0,29.9
10650,9626,5,2025-05-17,1,3,1,349.0,150.0,0.0
10651,9627,6,2025-05-17,5,1,1,499.0,215.0,0.0
10652,9628,1,2025-05-17,2,3,1,269.1,129.0,29.9
10653,9629,1,2025-05-17,5,3,1,299.0,129.0,0.0
10654,9630,5,2025-05-17,3,5,1,349.0,150.0,0.0
10655,9631,2,2025-05-17,7,2,1,299.0,129.0,0.0
10656,9632,2,2025-05-17,1,2,1,299.0,129.0,0.0
10657,9633,6,2025-05-17,3,1,1,424.15,215.0,74.85
10658,9634,5,2025-05-17,5,5,1,349.0,150.0,0.0
10659,343,2,2025-05-17,3,3,1,269.1,129.0,29.9
10660,9635,4,2025-05-17,2,1,1,314.1,150.0,34.9
10661,9636,4,2025-05-17,1,1,1,349.0,150.0,0.0
10662,9637,5,2025-05-17,5,1,1,296.65,150.0,52.35
10663,9638,5,2025-05-17,5,4,1,314.1,150.0,34.9
10664,9639,4,2025-05-17,7,3,1,349.0,150.0,0.0
10665,9640,4,2025-05-17,1,1,1,349.0,150.0,0.0
10666,9641,5,2025-05-17,1,2,2,349.0,150.0,0.0
10667,9642,1,2025-05-17,1,1,1,269.1,129.0,29.9
10668,9643,4,2025-05-17,2,5,1,349.0,150.0,0.0
10669,9644,3,2025-05-17,3,2,2,329.0,142.0,0.0
10670,9645,4,2025-05-17,6,4,1,349.0,150.0,0.0
10671,9646,6,2025-05-17,5,1,1,499.0,215.0,0.0
10672,9647,5,2025-05-17,4,1,1,349.0,150.0,0.0
10673,6671,3,2025-05-17,9,1,1,279.65,142.0,49.35
10674,9648,2,2025-05-17,5,2,2,299.0,129.0,0.0
10675,9649,4,2025-05-17,3,2,2,296.65,150.0,52.35
10676,9650,4,2025-05-17,8,1,2,349.0,150.0,0.0
10677,9651,2,2025-05-17,5,1,1,269.1,129.0,29.9
10678,9652,2,2025-05-17,3,3,2,299.0,129.0,0.0
10679,9653,4,2025-05-17,1,4,1,349.0,150.0,0.0
10680,9654,2,2025-05-17,3,2,1,299.0,129.0,0.0
10681,9655,5,2025-05-18,1,3,1,349.0,150.0,0.0
10682,9656,5,2025-05-18,8,5,1,349.0,150.0,0.0
10683,9657,1,2025-05-18,1,5,1,299.0,129.0,0.0
10684,9658,1,2025-05-18,1,4,2,299.0,129.0,0.0
10685,9659,4,2025-05-18,7,4,1,349.0,150.0,0.0
10686,9660,3,2025-05-18,1,3,1,329.0,142.0,0.0
10687,9661,4,2025-05-18,3,1,1,349.0,150.0,0.0
10688,7487,5,2025-05-18,2,2,1,349.0,150.0,0.0
10689,9065,3,2025-05-18,3,4,1,329.0,142.0,0.0
10690,9662,5,2025-05-18,4,1,1,349.0,150.0,0.0
10691,9663,5,2025-05-18,1,2,1,349.0,150.0,0.0
10692,9664,4,2025-05-18,2,4,1,349.0,150.0,0.0
10693,9665,4,2025-05-18,3,2,1,349.0,150.0,0.0
10694,9666,3,2025-05-18,5,1,1,329.0,142.0,0.0
10695,9667,4,2025-05-18,2,3,1,349.0,150.0,0.0
10696,9668,3,2025-05-18,3,1,1,329.0,142.0,0.0
10697,9669,3,2025-05-18,1,5,2,329.0,142.0,0.0
10698,9670,6,2025-05-18,7,2,1,0.0,215.0,0.0
10699,9671,2,2025-05-18,8,5,1,299.0,129.0,0.0
10700,9672,4,2025-05-18,5,5,1,314.1,150.0,34.9
10701,9673,5,2025-05-18,2,1,1,314.1,150.0,34.9
10702,9674,2,2025-05-18,6,1,2,299.0,129.0,0.0
10703,2952,3,2025-05-18,2,1,1,329.0,142.0,0.0
10704,9675,4,2025-05-18,1,1,1,296.65,150.0,52.35
10705,9676,5,2025-05-18,2,2,1,349.0,150.0,0.0
10706,9677,4,2025-05-18,5,1,1,349.0,150.0,0.0
10707,6646,2,2025-05-18,1,5,1,299.0,129.0,0.0
10708,9678,2,2025-05-18,3,2,1,299.0,129.0,0.0
10709,9679,5,2025-05-18,1,3,1,349.0,150.0,0.0
10710,9680,2,2025-05-19,8,3,1,254.15,129.0,44.85
10711,6442,4,2025-05-19,3,1,1,349.0,150.0,0.0
10712,9681,5,2025-05-19,4,2,1,349.0,150.0,0.0
10713,9682,5,2025-05-19,6,2,1,349.0,150.0,0.0
10714,9683,4,2025-05-19,1,2,1,349.0,150.0,0.0
10715,9684,4,2025-05-19,1,4,2,349.0,150.0,0.0
10716,9685,5,2025-05-19,4,5,2,349.0,150.0,0.0
10717,9686,5,2025-05-19,5,3,1,314.1,150.0,34.9
10718,9687,3,2025-05-19,3,5,1,329.0,142.0,0.0
10719,9688,1,2025-05-19,1,4,1,299.0,129.0,0.0
10720,9689,5,2025-05-19,5,2,1,349.0,150.0,0.0
10721,9690,3,2025-05-19,7,1,1,296.1,142.0,32.9
10722,9691,3,2025-05-19,3,1,1,329.0,142.0,0.0
10723,1992,3,2025-05-19,3,1,2,296.1,142.0,32.9
10724,9692,5,2025-05-19,5,1,1,349.0,150.0,0.0
10725,9693,4,2025-05-19,1,2,1,349.0,150.0,0.0
10726,3585,2,2025-05-19,8,1,1,299.0,129.0,0.0
10727,9694,3,2025-05-19,1,1,1,279.65,142.0,49.35
10728,9695,5,2025-05-19,3,2,1,296.65,150.0,52.35
10729,9696,5,2025-05-19,8,2,1,349.0,150.0,0.0
10730,4420,2,2025-05-19,4,1,1,299.0,129.0,0.0
10731,1008,1,2025-05-19,6,1,1,299.0,129.0,0.0
10732,9697,5,2025-05-19,6,2,1,349.0,150.0,0.0
10733,9698,1,2025-05-19,1,4,1,299.0,129.0,0.0
10734,9699,2,2025-05-19,1,2,1,299.0,129.0,0.0
10735,9700,5,2025-05-19,7,2,1,349.0,150.0,0.0
10736,9701,4,2025-05-19,3,5,1,349.0,150.0,0.0
10737,7344,6,2025-05-19,9,1,1,499.0,215.0,0.0
10738,9702,2,2025-05-19,4,2,1,299.0,129.0,0.0
10739,9703,5,2025-05-19,3,1,1,349.0,150.0,0.0
10740,9704,1,2025-05-19,1,1,1,254.15,129.0,44.85
10741,9705,2,2025-05-20,7,2,2,299.0,129.0,0.0
10742,9706,5,2025-05-20,3,4,1,314.1,150.0,34.9
10743,9707,4,2025-05-20,2,2,1,349.0,150.0,0.0
10744,9708,1,2025-05-20,1,1,1,299.0,129.0,0.0
10745,9709,3,2025-05-20,9,3,1,329.0,142.0,0.0
10746,9710,5,2025-05-20,1,2,1,349.0,150.0,0.0
10747,9711,4,2025-05-20,3,5,1,296.65,150.0,52.35
10748,9712,4,2025-05-20,1,2,1,349.0,150.0,0.0
10749,9713,5,2025-05-20,1,2,1,349.0,150.0,0.0
10750,9714,6,2025-05-20,1,2,1,499.0,215.0,0.0
10751,9715,1,2025-05-20,5,2,1,254.15,129.0,44.85
10752,9716,1,2025-05-20,4,5,1,299.0,129.0,0.0
10753,9717,6,2025-05-20,5,4,1,449.1,215.0,49.9
10754,9718,4,2025-05-20,4,2,1,349.0,150.0,0.0
10755,9719,4,2025-05-20,7,1,1,349.0,150.0,0.0
10756,9720,2,2025-05-20,1,1,1,299.0,129.0,0.0
10757,9721,4,2025-05-20,3,1,1,349.0,150.0,0.0
10758,9722,3,2025-05-20,8,2,1,329.0,142.0,0.0
10759,9723,5,2025-05-20,5,4,1,349.0,150.0,0.0
10760,9724,5,2025-05-20,2,3,1,349.0,150.0,0.0
10761,9725,1,2025-05-20,8,2,1,299.0,129.0,0.0
10762,9726,5,2025-05-20,3,2,1,349.0,150.0,0.0
10763,9727,5,2025-05-20,7,1,1,349.0,150.0,0.0
10764,9728,2,2025-05-20,5,4,1,299.0,129.0,0.0
10765,90249,5,2025-05-20,5,1,1,349.0,150.0,0.0
10766,9730,1,2025-05-20,6,2,1,299.0,129.0,0.0
10767,9731,4,2025-05-20,1,1,1,349.0,150.0,0.0
10768,9732,2,2025-05-20,5,3,1,269.1,129.0,29.9
10769,9733,5,2025-05-20,,1,1,349.0,150.0,0.0
10770,4146,1,2025-05-21,1,4,1,299.0,129.0,0.0
10771,9734,4,2025-05-21,1,4,1,349.0,150.0,0.0
10772,9735,5,2025-05-21,3,3,1,349.0,150.0,0.0
10773,9736,5,2025-05-21,1,1,1,349.0,150.0,0.0
10774,9737,4,2025-05-21,8,5,1,314.1,150.0,34.9
10775,9738,4,2025-05-21,2,3,1,296.65,150.0,52.35
10776,9739,1,2025-05-21,7,1,1,299.0,129.0,0.0
10777,9740,5,2025-05-21,1,1,1,349.0,150.0,0.0
10778,9741,3,2025-05-21,4,1,2,329.0,142.0,0.0
10779,9742,6,2025-05-21,7,1,1,499.0,215.0,0.0
10780,8003,4,2025-05-21,7,1,1,349.0,150.0,0.0
10781,9743,5,2025-05-21,4,1,2,349.0,150.0,0.0
10782,9744,6,2025-05-21,4,2,1,499.0,215.0,0.0
10783,9745,1,2025-05-21,1,3,1,299.0,129.0,0.0
10784,9746,5,2025-05-21,5,1,1,349.0,150.0,0.0
10785,9747,5,2025-05-21,1,4,1,314.1,150.0,34.9
10786,9748,3,2025-05-21,3,1,1,329.0,142.0,0.0
10787,9749,6,2025-05-21,3,1,1,499.0,215.0,0.0
10788,9750,4,2025-05-21,3,2,1,314.1,150.0,34.9
10789,9751,4,2025-05-21,3,2,1,349.0,150.0,0.0
10790,9752,4,2025-05-21,2,5,1,349.0,150.0,0.0
10791,9753,4,2025-05-21,1,2,1,349.0,150.0,0.0
10792,9754,5,2025-05-21,8,5,1,349.0,150.0,0.0
10793,9755,6,2025-05-21,1,4,1,499.0,215.0,0.0
10794,3009,1,2025-05-21,2,1,1,299.0,129.0,0.0
10795,9756,6,2025-05-21,3,1,1,499.0,215.0,0.0
10796,9757,1,2025-05-22,3,2,1,269.1,129.0,29.9
10797,9758,5,2025-05-22,5,5,1,349.0,150.0,0.0
10798,9759,4,2025-05-22,8,1,1,349.0,150.0,0.0
10799,9760,5,2025-05-22,3,3,1,314.1,150.0,34.9
10800,9761,4,2025-05-22,5,4,1,296.65,150.0,52.35
10801,9762,1,2025-05-22,8,1,1,299.0,129.0,0.0
10802,2741,4,2025-05-22,2,1,1,349.0,150.0,0.0
10803,9763,4,2025-05-22,7,1,1,314.1,150.0,34.9
10804,9764,2,2025-05-22,1,1,1,299.0,129.0,0.0
10805,9765,4,2025-05-22,2,2,1,349.0,150.0,0.0
10806,9766,1,2025-05-22,4,2,1,299.0,129.0,0.0
10807,9767,3,2025-05-22,7,5,2,329.0,142.0,0.0
10808,9768,1,2025-05-22,1,1,1,299.0,129.0,0.0
10809,9769,4,2025-05-22,3,5,1,349.0,150.0,0.0
10810,9770,3,2025-05-22,3,1,1,296.1,142.0,32.9
10811,9771,1,2025-05-22,3,1,1,299.0,129.0,0.0
10812,9772,2,2025-05-22,3,2,2,299.0,129.0,0.0
10813,9773,1,2025-05-22,3,1,1,299.0,129.0,0.0
10814,9774,5,2025-05-22,3,3,1,349.0,150.0,0.0
10815,9775,5,2025-05-22,7,4,1,349.0,150.0,0.0
10816,9776,6,2025-05-22,1,5,1,499.0,215.0,0.0
10817,9777,5,2025-05-22,2,1,1,349.0,150.0,0.0
10818,9778,2,2025-05-22,7,3,1,299.0,129.0,0.0
10819,9779,4,2025-05-22,2,1,1,349.0,150.0,0.0
10820,8731,3,2025-05-22,4,3,1,329.0,142.0,0.0
10821,9780,2,2025-05-23,1,3,1,254.15,129.0,44.85
10822,9781,6,2025-05-23,3,2,1,449.1,215.0,49.9
10823,9782,4,2025-05-23,6,2,1,349.0,150.0,0.0
10824,9783,4,2025-05-23,4,3,1,314.1,150.0,34.9
10825,9784,4,2025-05-23,8,3,1,349.0,150.0,0.0
10826,9785,5,2025-05-23,1,1,1,349.0,150.0,0.0
10827,9786,2,2025-05-23,1,2,2,299.0,129.0,0.0
10828,9787,5,2025-05-23,5,1,1,349.0,150.0,0.0
10829,9788,5,2025-05-23,1,2,1,314.1,150.0,34.9
10830,9789,3,2025-05-23,3,4,1,329.0,142.0,0.0
10831,9790,5,2025-05-23,4,1,1,349.0,150.0,0.0
10832,9791,5,2025-05-23,2,1,2,349.0,150.0,0.0
10833,9792,2,2025-05-23,1,2,1,254.15,129.0,44.85
10834,5482,4,2025-05-23,1,2,1,349.0,150.0,0.0
10835,9793,6,2025-05-23,1,4,2,499.0,215.0,0.0
10836,9794,5,2025-05-23,4,1,1,349.0,150.0,0.0
10837,9795,1,2025-05-23,5,4,1,299.0,129.0,0.0
10838,9796,4,2025-05-23,5,2,1,314.1,150.0,34.9
10839,9797,2,2025-05-23,5,4,1,299.0,129.0,0.0
10840,9798,5,2025-05-23,1,5,1,349.0,150.0,0.0
10841,9799,1,2025-05-23,2,3,2,269.1,129.0,29.9
10842,9800,6,2025-05-23,7,2,1,424.15,215.0,74.85
10843,9801,1,2025-05-23,3,3,1,299.0,129.0,0.0
10844,9802,5,2025-05-23,1,1,1,349.0,150.0,0.0
10845,9803,1,2025-05-23,1,3,1,299.0,129.0,0.0
10846,9804,4,2025-05-23,9,2,1,349.0,150.0,0.0
10847,9805,2,2025-05-23,1,2,1,299.0,129.0,0.0
10848,9806,5,2025-05-23,3,1,1,349.0,150.0,0.0
10849,9807,4,2025-05-23,5,1,1,314.1,150.0,34.9
10850,9808,3,2025-05-23,2,1,1,296.1,142.0,32.9
10851,9809,4,2025-05-23,4,2,1,349.0,150.0,0.0
10852,9810,5,2025-05-24,4,4,1,314.1,150.0,34.9
10853,3477,2,2025-05-24,6,4,1,269.1,129.0,29.9
10854,9811,5,2025-05-24,5,4,1,314.1,150.0,34.9
10855,7990,2,2025-05-24,,2,1,299.0,129.0,0.0
10856,9812,4,2025-05-24,7,4,1,349.0,150.0,0.0
10857,9813,5,2025-05-24,1,3,1,349.0,150.0,0.0
10858,9814,6,2025-05-24,4,1,1,424.15,215.0,74.85
10859,9815,4,2025-05-24,3,3,1,349.0,150.0,0.0
10860,9816,5,2025-05-24,1,1,1,349.0,150.0,0.0
10861,9817,4,2025-05-24,3,2,1,349.0,150.0,0.0
10862,9818,1,2025-05-24,3,3,1,299.0,129.0,0.0
10863,9819,6,2025-05-24,1,5,1,499.0,215.0,0.0
10864,9820,6,2025-05-24,2,2,1,499.0,215.0,0.0
10865,9821,5,2025-05-24,1,2,1,349.0,150.0,0.0
10866,9822,4,2025-05-24,8,3,2,0.0,150.0,0.0
10867,9823,4,2025-05-24,6,1,1,349.0,150.0,0.0
10868,9824,2,2025-05-24,3,1,1,299.0,129.0,0.0
10869,9825,2,2025-05-24,2,4,1,299.0,129.0,0.0
10870,9826,5,2025-05-24,5,3,1,296.65,150.0,52.35
10871,9827,4,2025-05-24,7,1,1,349.0,150.0,0.0
10872,9828,2,2025-05-24,1,2,1,299.0,129.0,0.0
10873,9829,2,2025-05-24,5,1,1,299.0,129.0,0.0
10874,9830,3,2025-05-24,1,2,1,329.0,142.0,0.0
10875,9831,6,2025-05-24,1,1,1,499.0,215.0,0.0
10876,9832,1,2025-05-24,3,1,1,299.0,129.0,0.0
10877,1038,3,2025-05-24,1,2,1,329.0,142.0,0.0
10878,9833,5,2025-05-24,5,1,1,349.0,150.0,0.0
10879,9834,4,2025-05-24,2,5,1,349.0,150.0,0.0
10880,9835,4,2025-05-24,7,4,2,349.0,150.0,0.0
10881,9836,5,2025-05-24,5,2,1,349.0,150.0,0.0
10882,9837,5,2025-05-24,1,1,1,296.65,150.0,52.35
10883,9838,2,2025-05-24,3,1,1,299.0,129.0,0.0
10884,500,5,2025-05-25,2,2,1,349.0,150.0,0.0
10885,9839,6,2025-05-25,2,5,1,449.1,215.0,49.9
10886,9840,5,2025-05-25,3,1,2,349.0,150.0,0.0
10887,9841,1,2025-05-25,9,1,1,299.0,129.0,0.0
10888,9842,5,2025-05-25,4,3,1,349.0,150.0,0.0
10889,9843,4,2025-05-25,5,5,1,349.0,150.0,0.0
10890,9844,5,2025-05-25,3,2,1,349.0,150.0,0.0
10891,9845,3,2025-05-25,4,5,1,329.0,142.0,0.0
10892,9846,1,2025-05-25,1,4,1,299.0,129.0,0.0
10893,9847,5,2025-05-25,1,3,1,314.1,150.0,34.9
10894,9848,2,2025-05-25,2,1,1,299.0,129.0,0.0
10895,9849,1,2025-05-25,2,1,1,299.0,129.0,0.0
10896,9850,1,2025-05-25,3,4,1,269.1,129.0,29.9
10897,9851,2,2025-05-25,2,3,1,299.0,129.0,0.0
10898,9852,6,2025-05-25,5,2,1,499.0,215.0,0.0
10899,9853,3,2025-05-25,1,2,1,329.0,142.0,0.0
10900,9854,4,2025-05-25,6,2,1,349.0,150.0,0.0
10901,9855,5,2025-05-25,5,3,1,349.0,150.0,0.0
10902,9856,2,2025-05-25,7,2,1,299.0,129.0,0.0
10903,9857,4,2025-05-25,2,2,1,296.65,150.0,52.35
10904,4227,5,2025-05-25,5,3,1,349.0,150.0,0.0
10905,9858,2,2025-05-25,6,2,1,299.0,129.0,0.0
10906,9859,1,2025-05-25,4,1,1,299.0,129.0,0.0
10907,9860,4,2025-05-25,3,2,1,349.0,150.0,0.0
10908,9861,4,2025-05-25,1,3,1,349.0,150.0,0.0
10909,9862,4,2025-05-25,9,2,1,296.65,150.0,52.35
10910,9863,5,2025-05-25,5,1,1,349.0,150.0,0.0
10911,9864,2,2025-05-25,8,3,1,299.0,129.0,0.0
10912,9865,3,2025-05-25,1,2,1,329.0,142.0,0.0
10913,9866,4,2025-05-25,1,2,1,314.1,150.0,34.9
10914,9867,6,2025-05-25,1,2,1,499.0,215.0,0.0
10915,9868,4,2025-05-26,1,3,2,349.0,150.0,0.0
10916,9869,5,2025-05-26,3,3,1,349.0,150.0,0.0
10917,9870,5,2025-05-26,4,1,1,349.0,150.0,0.0
10918,9871,4,2025-05-26,1,2,1,314.1,150.0,34.9
10919,7061,3,2025-05-26,3,1,2,329.0,142.0,0.0
10920,9872,5,2025-05-26,6,3,1,349.0,150.0,0.0
10921,9873,4,2025-05-26,5,2,1,349.0,150.0,0.0
10922,9874,3,2025-05-26,2,2,2,329.0,142.0,0.0
10923,9875,2,2025-05-26,4,2,1,269.1,129.0,29.9
10924,9876,5,2025-05-26,6,1,1,296.65,150.0,52.35
10925,9877,5,2025-05-26,5,2,1,296.65,150.0,52.35
10926,9878,1,2025-05-26,1,2,1,269.1,129.0,29.9
10927,9879,6,2025-05-26,7,3,1,499.0,215.0,0.0
10928,9880,4,2025-05-26,2,1,1,349.0,150.0,0.0
10929,833,3,2025-05-26,1,4,1,329.0,142.0,0.0
10930,9881,3,2025-05-26,3,1,1,329.0,142.0,0.0
10931,90222,2,2025-05-26,3,1,1,269.1,129.0,29.9
10932,9883,4,2025-05-26,4,1,1,314.1,150.0,34.9
10933,9884,6,2025-05-26,9,2,1,499.0,215.0,0.0
10934,9885,4,2025-05-26,5,3,1,349.0,150.0,0.0
10935,9886,1,2025-05-26,5,2,1,299.0,129.0,0.0
10936,9887,2,2025-05-26,1,4,1,299.0,129.0,0.0
10937,9888,4,2025-05-26,1,1,1,296.65,150.0,52.35
10938,9889,5,2025-05-26,3,1,1,296.65,150.0,52.35
10939,9890,5,2025-05-26,3,1,1,349.0,150.0,0.0
10940,9891,4,2025-05-26,2,1,2,314.1,150.0,34.9
10941,9892,5,2025-05-26,1,5,1,314.1,150.0,34.9
10942,9893,5,2025-05-26,3,1,1,349.0,150.0,0.0
10943,9894,1,2025-05-27,3,2,1,299.0,129.0,0.0
10944,9895,6,2025-05-27,6,2,1,499.0,215.0,0.0
10945,5794,6,2025-05-27,4,4,2,499.0,215.0,0.0
10946,9896,1,2025-05-27,3,1,1,299.0,129.0,0.0
10947,9897,4,2025-05-27,2,1,1,314.1,150.0,34.9
10948,9898,1,2025-05-27,4,1,2,299.0,129.0,0.0
10949,9899,4,2025-05-27,1,2,1,314.1,150.0,34.9
10950,9900,4,2025-05-27,1,5,1,314.1,150.0,34.9
10951,9901,1,2025-05-27,3,2,1,299.0,129.0,0.0
10952,9902,6,2025-05-27,1,2,1,499.0,215.0,0.0
10953,8396,2,2025-05-27,1,2,1,299.0,129.0,0.0
10954,1091,1,2025-05-27,1,1,1,299.0,129.0,0.0
10955,9903,2,2025-05-27,5,1,1,299.0,129.0,0.0
10956,9904,4,2025-05-27,1,2,1,314.1,150.0,34.9
10957,9905,6,2025-05-27,1,1,1,499.0,215.0,0.0
10958,9906,2,2025-05-27,2,1,1,299.0,129.0,0.0
10959,9907,3,2025-05-27,3,2,1,329.0,142.0,0.0
10960,9908,2,2025-05-27,2,4,1,299.0,129.0,0.0
10961,9909,5,2025-05-27,7,4,1,349.0,150.0,0.0
10962,9910,3,2025-05-27,8,3,2,329.0,142.0,0.0
10963,9911,2,2025-05-27,1,1,1,299.0,129.0,0.0
10964,9912,1,2025-05-27,3,2,1,299.0,129.0,0.0
10965,9913,4,2025-05-27,4,2,1,349.0,150.0,0.0
10966,9914,6,2025-05-27,5,1,1,499.0,215.0,0.0
10967,9915,4,2025-05-27,1,1,1,314.1,150.0,34.9
10968,9916,4,2025-05-27,1,2,1,349.0,150.0,0.0
10969,9917,4,2025-05-27,8,3,2,349.0,150.0,0.0
10970,9918,5,2025-05-27,7,1,1,349.0,150.0,0.0
10971,9919,1,2025-05-27,6,2,1,299.0,129.0,0.0
10972,9920,1,2025-05-27,5,1,1,299.0,129.0,0.0
10973,9921,5,2025-05-27,2,3,1,314.1,150.0,34.9
10974,9922,2,2025-05-28,3,5,1,269.1,129.0,29.9
10975,93,2,2025-05-28,5,2,1,299.0,129.0,0.0
10976,9923,2,2025-05-28,1,1,1,269.1,129.0,29.9
10977,8334,5,2025-05-28,7,3,1,349.0,150.0,0.0
10978,9924,4,2025-05-28,7,2,1,296.65,150.0,52.35
10979,9708,1,2025-05-28,1,1,1,299.0,129.0,0.0
10980,9925,1,2025-05-28,5,3,1,269.1,129.0,29.9
10981,9926,6,2025-05-28,5,3,1,499.0,215.0,0.0
10982,9927,6,2025-05-28,1,1,1,499.0,215.0,0.0
10983,9928,5,2025-05-28,2,2,1,349.0,150.0,0.0
10984,3561,3,2025-05-28,1,3,1,296.1,142.0,32.9
10985,9929,1,2025-05-28,7,1,1,299.0,129.0,0.0
10986,9930,6,2025-05-28,1,1,1,499.0,215.0,0.0
10987,5911,4,2025-05-28,8,4,1,349.0,150.0,0.0
10988,9931,5,2025-05-28,1,1,2,349.0,150.0,0.0
10989,9932,5,2025-05-28,2,2,1,349.0,150.0,0.0
10990,9933,6,2025-05-28,3,1,1,499.0,215.0,0.0
10991,9934,3,2025-05-28,2,1,1,329.0,142.0,0.0
10992,9935,6,2025-05-28,5,5,1,499.0,215.0,0.0
10993,9936,5,2025-05-28,6,5,2,314.1,150.0,34.9
10994,9937,6,2025-05-28,3,1,1,499.0,215.0,0.0
10995,9938,4,2025-05-28,1,1,1,349.0,150.0,0.0
10996,9939,5,2025-05-28,5,1,1,349.0,150.0,0.0
10997,9940,4,2025-05-28,3,2,1,296.65,150.0,52.35
10998,9941,4,2025-05-29,1,2,1,349.0,150.0,0.0
10999,9942,5,2025-05-29,9,2,1,349.0,150.0,0.0
11000,9943,3,2025-05-29,5,1,1,329.0,142.0,0.0
11001,9944,6,2025-05-29,3,2,1,424.15,215.0,74.85
11002,9945,6,2025-05-29,3,2,1,499.0,215.0,0.0
11003,9946,5,2025-05-29,5,1,1,296.65,150.0,52.35
11004,9947,5,2025-05-29,4,4,2,296.65,150.0,52.35
11005,9948,6,2025-05-29,1,1,1,499.0,215.0,0.0
11006,9949,5,2025-05-29,2,1,1,349.0,150.0,0.0
11007,9950,3,2025-05-29,5,2,1,329.0,142.0,0.0
11008,9951,5,2025-05-29,9,4,1,349.0,150.0,0.0
11009,9952,4,2025-05-29,3,1,1,349.0,150.0,0.0
11010,9953,2,2025-05-29,2,1,1,299.0,129.0,0.0
11011,9954,4,2025-05-29,2,5,1,349.0,150.0,0.0
11012,9955,1,2025-05-29,3,4,1,299.0,129.0,0.0
11013,9956,4,2025-05-29,8,3,1,296.65,150.0,52.35
11014,9957,5,2025-05-29,1,3,1,349.0,150.0,0.0
11015,9958,4,2025-05-29,3,1,1,296.65,150.0,52.35
11016,9959,4,2025-05-29,5,4,1,314.1,150.0,34.9
11017,5806,3,2025-05-29,5,1,1,329.0,142.0,0.0
11018,9960,4,2025-05-29,4,1,1,349.0,150.0,0.0
11019,9961,6,2025-05-29,1,1,1,499.0,215.0,0.0
11020,9962,5,2025-05-29,3,4,1,349.0,150.0,0.0
11021,9963,5,2025-05-29,8,1,1,349.0,150.0,0.0
11022,9964,2,2025-05-29,3,1,1,254.15,129.0,44.85
11023,9965,4,2025-05-29,3,1,1,349.0,150.0,0.0
11024,9966,5,2025-05-29,3,1,2,349.0,150.0,0.0
11025,9967,2,2025-05-29,1,2,1,254.15,129.0,44.85
11026,9968,5,2025-05-29,4,5,1,349.0,150.0,0.0
11027,1443,1,2025-05-29,3,1,1,299.0,129.0,0.0
11028,9969,1,2025-05-29,5,3,1,299.0,129.0,0.0
11029,9970,6,2025-05-30,4,2,1,499.0,215.0,0.0
11030,9971,3,2025-05-30,2,1,1,329.0,142.0,0.0
11031,9972,5,2025-05-30,1,1,1,314.1,150.0,34.9
11032,9973,1,2025-05-30,3,3,1,299.0,129.0,0.0
11033,9974,2,2025-05-30,2,1,2,299.0,129.0,0.0
11034,9975,3,2025-05-30,3,4,2,329.0,142.0,0.0
11035,9976,2,2025-05-30,1,3,1,299.0,129.0,0.0
11036,9977,2,2025-05-30,1,1,1,254.15,129.0,44.85
11037,9978,4,2025-05-30,9,4,2,296.65,150.0,52.35
11038,9979,2,2025-05-30,2,1,1,299.0,129.0,0.0
11039,9980,3,2025-05-30,1,1,1,329.0,142.0,0.0
11040,9981,6,2025-05-30,7,2,1,499.0,215.0,0.0
11041,9982,4,2025-05-30,4,4,1,349.0,150.0,0.0
11042,9983,4,2025-05-30,1,5,1,349.0,150.0,0.0
11043,9984,1,2025-05-30,2,4,1,299.0,129.0,0.0
11044,9985,2,2025-05-30,4,1,1,269.1,129.0,29.9
11045,9986,4,2025-05-30,1,1,2,314.1,150.0,34.9
11046,5569,1,2025-05-30,1,2,1,269.1,129.0,29.9
11047,9987,2,2025-05-30,4,1,1,299.0,129.0,0.0
11048,9988,3,2025-05-30,2,3,1,329.0,142.0,0.0
11049,9989,3,2025-05-30,3,2,1,296.1,142.0,32.9
11050,9990,2,2025-05-30,1,2,1,299.0,129.0,0.0
11051,9991,4,2025-05-30,8,3,1,349.0,150.0,0.0
11052,9992,5,2025-05-30,1,1,1,296.65,150.0,52.35
11053,2697,5,2025-05-30,4,2,1,349.0,150.0,0.0
11054,7055,2,2025-05-30,7,1,1,254.15,129.0,44.85
11055,9993,4,2025-05-30,1,2,1,349.0,150.0,0.0
11056,9994,5,2025-05-30,7,1,1,349.0,150.0,0.0
11057,9995,3,2025-05-30,4,1,1,329.0,142.0,0.0
11058,9996,1,2025-05-30,3,1,1,299.0,129.0,0.0
11059,9997,6,2025-05-30,5,1,1,499.0,215.0,0.0
11060,9998,3,2025-05-30,7,1,2,329.0,142.0,0.0
11061,9999,4,2025-05-30,2,1,1,349.0,150.0,0.0
11062,10000,2,2025-05-31,2,2,1,299.0,129.0,0.0
11063,10001,5,2025-05-31,1,4,1,349.0,150.0,0.0
11064,10002,1,2025-05-31,2,2,1,299.0,129.0,0.0
11065,10003,5,2025-05-31,5,1,2,349.0,150.0,0.0
11066,9978,2,2025-05-31,1,1,1,269.1,129.0,29.9
11067,10004,3,2025-05-31,1,2,1,329.0,142.0,0.0
11068,10005,4,2025-05-31,5,4,1,349.0,150.0,0.0
11069,9541,2,2025-05-31,1,4,1,269.1,129.0,29.9
11070,10006,5,2025-05-31,8,1,1,314.1,150.0,34.9
11071,10007,5,2025-05-31,1,1,1,349.0,150.0,0.0
11072,10008,5,2025-05-31,3,2,1,314.1,150.0,34.9
11073,10009,4,2025-05-31,6,1,1,296.65,150.0,52.35
11074,10010,3,2025-05-31,3,1,1,329.0,142.0,0.0
11075,10011,4,2025-05-31,1,5,1,349.0,150.0,0.0
11076,10012,4,2025-05-31,1,3,1,296.65,150.0,52.35
11077,10013,6,2025-05-31,1,2,1,499.0,215.0,0.0
11078,10014,2,2025-05-31,2,5,1,254.15,129.0,44.85
11079,4528,4,2025-05-31,5,2,1,314.1,150.0,34.9
11080,10015,4,2025-05-31,1,1,1,296.65,150.0,52.35
11081,10016,3,2025-05-31,3,2,0,329.0,142.0,0.0
11082,10017,5,2025-05-31,1,5,1,349.0,150.0,0.0
11083,10018,3,2025-05-31,5,3,1,329.0,142.0,0.0
11084,10019,2,2025-05-31,2,3,1,254.15,129.0,44.85
11085,10020,5,2025-05-31,3,1,1,314.1,150.0,34.9
11086,4399,3,2025-05-31,2,1,1,329.0,142.0,0.0
11087,10021,4,2025-05-31,1,2,1,349.0,150.0,0.0
11088,10022,5,2025-05-31,3,4,1,349.0,150.0,0.0
11089,10023,6,2025-05-31,1,4,1,449.1,215.0,49.9
11090,10024,1,2025-05-31,5,5,1,269.1,129.0,29.9
11091,10025,5,2025-05-31,1,2,1,314.1,150.0,34.9
11092,10026,1,2025-06-01,1,2,1,299.0,129.0,0.0
11093,10027,6,2025-06-01,3,2,1,499.0,215.0,0.0
11094,10028,2,2025-06-01,1,1,2,269.1,129.0,29.9
11095,10029,4,2025-06-01,4,1,1,349.0,150.0,0.0
11096,10030,5,2025-06-01,1,4,1,296.65,150.0,52.35
11097,1571,1,2025-06-01,7,4,1,299.0,129.0,0.0
11098,10031,5,2025-06-01,6,2,1,314.1,150.0,34.9
11099,10032,1,2025-06-01,2,1,1,254.15,129.0,44.85
11100,10033,5,2025-06-01,5,3,1,296.65,150.0,52.35
11101,10034,1,2025-06-01,8,2,1,299.0,129.0,0.0
11102,10035,4,2025-06-01,1,2,1,349.0,150.0,0.0
11103,7833,2,2025-06-01,1,5,1,299.0,129.0,0.0
11104,10036,4,2025-06-01,2,2,1,349.0,150.0,0.0
11105,10037,5,2025-06-01,2,2,1,349.0,150.0,0.0
11106,10038,4,2025-06-01,1,5,1,349.0,150.0,0.0
11107,10039,3,2025-06-01,3,2,1,329.0,142.0,0.0
11108,10040,1,2025-06-01,3,2,1,254.15,129.0,44.85
11109,5682,5,2025-06-01,7,1,1,314.1,150.0,34.9
11110,10041,4,2025-06-01,7,3,1,349.0,150.0,0.0
11111,10042,1,2025-06-01,5,5,1,299.0,129.0,0.0
11112,10043,6,2025-06-01,3,2,1,0.0,215.0,0.0
11113,10044,4,2025-06-01,6,3,1,349.0,150.0,0.0
11114,10045,5,2025-06-01,2,2,1,349.0,150.0,0.0
11115,10046,4,2025-06-01,1,4,1,349.0,150.0,0.0
11116,10047,4,2025-06-01,1,2,1,349.0,150.0,0.0
11117,366,5,2025-06-01,,2,1,349.0,150.0,0.0
11118,10048,5,2025-06-01,5,4,1,349.0,150.0,0.0
11119,10049,5,2025-06-01,1,2,1,349.0,150.0,0.0
11120,10050,5,2025-06-01,3,1,1,349.0,150.0,0.0
11121,10051,1,2025-06-01,4,1,2,299.0,129.0,0.0
11122,10052,5,2025-06-01,3,5,1,349.0,150.0,0.0
11123,10053,2,2025-06-01,4,2,1,299.0,129.0,0.0
11124,3394,5,2025-06-01,6,2,1,296.65,150.0,52.35
11125,10054,4,2025-06-01,3,2,1,349.0,150.0,0.0
11126,9192,4,2025-06-02,3,5,1,349.0,150.0,0.0
11127,10055,2,2025-06-02,4,5,1,299.0,129.0,0.0
11128,10056,4,2025-06-02,1,4,1,314.1,150.0,34.9
11129,10057,3,2025-06-02,2,1,2,296.1,142.0,32.9
11130,10058,4,2025-06-02,1,2,1,349.0,150.0,0.0
11131,10059,5,2025-06-02,4,2,1,349.0,150.0,0.0
11132,10060,4,2025-06-02,9,3,1,349.0,150.0,0.0
11133,10061,5,2025-06-02,5,2,1,349.0,150.0,0.0
11134,5682,2,2025-06-02,3,2,1,299.0,129.0,0.0
11135,10062,3,2025-06-02,1,1,1,329.0,142.0,0.0
11136,10063,1,2025-06-02,4,1,1,299.0,129.0,0.0
11137,10064,4,2025-06-02,3,2,2,296.65,150.0,52.35
11138,10065,5,2025-06-02,1,2,1,296.65,150.0,52.35
11139,10066,6,2025-06-02,3,3,1,499.0,215.0,0.0
11140,10067,5,2025-06-02,2,2,1,314.1,150.0,34.9
11141,6313,4,2025-06-02,3,3,1,349.0,150.0,0.0
11142,10068,3,2025-06-02,7,1,1,329.0,142.0,0.0
11143,10069,2,2025-06-02,3,2,1,299.0,129.0,0.0
11144,1645,5,2025-06-02,1,1,1,349.0,150.0,0.0
11145,10070,5,2025-06-02,7,1,1,314.1,150.0,34.9
11146,10071,5,2025-06-02,2,1,1,349.0,150.0,0.0
11147,10072,2,2025-06-02,4,1,1,299.0,129.0,0.0
11148,10073,6,2025-06-02,2,3,2,499.0,215.0,0.0
11149,10074,4,2025-06-02,7,1,1,349.0,150.0,0.0
11150,10075,5,2025-06-02,3,3,1,349.0,150.0,0.0
11151,10076,6,2025-06-02,3,3,1,449.1,215.0,49.9
11152,10077,4,2025-06-02,3,1,1,349.0,150.0,0.0
11153,10078,2,2025-06-02,3,5,1,299.0,129.0,0.0
11154,10079,3,2025-06-02,1,3,1,329.0,142.0,0.0
11155,5995,4,2025-06-02,2,4,1,349.0,150.0,0.0
11156,10080,1,2025-06-02,5,1,1,269.1,129.0,29.9
11157,7221,6,2025-06-02,1,2,2,449.1,215.0,49.9
11158,10081,1,2025-06-02,6,3,1,299.0,129.0,0.0
11159,10082,3,2025-06-02,6,2,1,279.65,142.0,49.35
11160,10083,2,2025-06-02,3,1,1,269.1,129.0,29.9
11161,10084,2,2025-06-02,5,1,1,299.0,129.0,0.0
11162,10085,5,2025-06-03,3,3,1,296.65,150.0,52.35
11163,9478,3,2025-06-03,5,3,1,329.0,142.0,0.0
11164,10086,4,2025-06-03,2,4,1,349.0,150.0,0.0
11165,10087,4,2025-06-03,9,1,1,349.0,150.0,0.0
11166,10088,6,2025-06-03,7,5,1,499.0,215.0,0.0
11167,6055,4,2025-06-03,5,1,1,349.0,150.0,0.0
11168,10089,1,2025-06-03,5,5,1,269.1,129.0,29.9
11169,10090,4,2025-06-03,1,3,1,349.0,150.0,0.0
11170,10091,5,2025-06-03,6,2,1,349.0,150.0,0.0
11171,10092,6,2025-06-03,2,2,1,499.0,215.0,0.0
11172,10093,3,2025-06-03,4,1,1,296.1,142.0,32.9
11173,773,6,2025-06-03,9,1,1,499.0,215.0,0.0
11174,9098,4,2025-06-03,1,1,1,314.1,150.0,34.9
11175,10094,1,2025-06-03,2,2,1,269.1,129.0,29.9
11176,10095,6,2025-06-03,3,5,1,499.0,215.0,0.0
11177,10096,5,2025-06-03,3,1,1,296.65,150.0,52.35
11178,10097,1,2025-06-03,7,5,1,299.0,129.0,0.0
11179,10098,4,2025-06-03,3,3,1,349.0,150.0,0.0
11180,10099,2,2025-06-03,5,2,1,299.0,129.0,0.0
11181,6985,6,2025-06-03,3,1,1,449.1,215.0,49.9
11182,10100,1,2025-06-03,6,3,1,299.0,129.0,0.0
11183,10101,2,2025-06-03,1,5,1,299.0,129.0,0.0
11184,10102,2,2025-06-03,3,1,1,299.0,129.0,0.0
11185,10103,2,2025-06-03,3,1,1,299.0,129.0,0.0
11186,10104,3,2025-06-03,3,1,1,329.0,142.0,0.0
11187,10105,4,2025-06-03,8,5,1,349.0,150.0,0.0
11188,5017,1,2025-06-03,2,5,1,299.0,129.0,0.0
11189,10106,5,2025-06-03,9,1,1,349.0,150.0,0.0
11190,10107,1,2025-06-03,3,3,1,254.15,129.0,44.85
11191,10108,4,2025-06-03,1,2,1,349.0,150.0,0.0
11192,10109,4,2025-06-03,6,3,1,314.1,150.0,34.9
11193,4607,2,2025-06-03,3,2,1,299.0,129.0,0.0
11194,10110,5,2025-06-04,7,1,1,314.1,150.0,34.9
11195,10111,4,2025-06-04,1,1,1,349.0,150.0,0.0
11196,10112,5,2025-06-04,1,5,1,349.0,150.0,0.0
11197,10113,4,2025-06-04,1,1,1,349.0,150.0,0.0
11198,8920,1,2025-06-04,1,1,1,299.0,129.0,0.0
11199,10114,4,2025-06-04,5,5,1,349.0,150.0,0.0
11200,10115,1,2025-06-04,6,1,1,299.0,129.0,0.0
11201,10116,5,2025-06-04,5,4,1,314.1,150.0,34.9
11202,10117,2,2025-06-04,7,2,1,299.0,129.0,0.0
11203,10118,2,2025-06-04,1,2,1,299.0,129.0,0.0
11204,10119,4,2025-06-04,3,5,1,314.1,150.0,34.9
11205,10120,1,2025-06-04,1,1,1,254.15,129.0,44.85
11206,10121,2,2025-06-04,7,3,1,299.0,129.0,0.0
11207,10122,1,2025-06-04,4,2,1,299.0,129.0,0.0
11208,10123,4,2025-06-04,3,1,1,349.0,150.0,0.0
11209,10124,5,2025-06-04,2,4,1,349.0,150.0,0.0
11210,10125,5,2025-06-04,7,1,1,349.0,150.0,0.0
11211,10126,3,2025-06-04,5,2,1,329.0,142.0,0.0
11212,10127,2,2025-06-04,5,1,1,299.0,129.0,0.0
11213,10128,4,2025-06-04,4,1,1,296.65,150.0,52.35
11214,10129,2,2025-06-04,4,5,1,299.0,129.0,0.0
11215,10130,5,2025-06-04,3,1,1,349.0,150.0,0.0
11216,10131,5,2025-06-04,7,3,1,296.65,150.0,52.35
11217,4875,2,2025-06-04,4,2,1,299.0,129.0,0.0
11218,10132,5,2025-06-04,4,2,1,349.0,150.0,0.0
11219,10133,1,2025-06-04,6,1,1,299.0,129.0,0.0
11220,10134,4,2025-06-04,1,2,1,349.0,150.0,0.0
11221,10135,6,2025-06-04,3,1,1,499.0,215.0,0.0
11222,10136,2,2025-06-04,5,3,1,299.0,129.0,0.0
11223,10137,1,2025-06-04,5,1,2,254.15,129.0,44.85
11224,10138,6,2025-06-04,3,3,1,449.1,215.0,49.9
11225,10139,2,2025-06-04,1,2,1,254.15,129.0,44.85
11226,10140,1,2025-06-05,5,3,2,269.1,129.0,29.9
11227,10141,1,2025-06-05,4,2,1,299.0,129.0,0.0
11228,10142,4,2025-06-05,4,2,1,349.0,150.0,0.0
11229,10143,5,2025-06-05,1,3,1,349.0,150.0,0.0
11230,10144,4,2025-06-05,1,2,1,296.65,150.0,52.35
11231,10145,2,2025-06-05,9,1,1,254.15,129.0,44.85
11232,10146,3,2025-06-05,7,2,1,329.0,142.0,0.0
11233,3867,4,2025-06-05,8,4,1,349.0,150.0,0.0
11234,8797,5,2025-06-05,3,3,1,349.0,150.0,0.0
11235,10147,4,2025-06-05,3,1,1,349.0,150.0,0.0
11236,7486,5,2025-06-05,4,4,2,349.0,150.0,0.0
11237,10148,5,2025-06-05,8,1,1,296.65,150.0,52.35
11238,10149,2,2025-06-05,5,2,1,254.15,129.0,44.85
11239,10150,2,2025-06-05,3,1,1,299.0,129.0,0.0
11240,10151,3,2025-06-05,3,1,1,329.0,142.0,0.0
11241,10152,6,2025-06-05,5,3,1,499.0,215.0,0.0
11242,10153,3,2025-06-05,6,2,2,279.65,142.0,49.35
11243,10154,4,2025-06-05,1,2,1,349.0,150.0,0.0
11244,10155,4,2025-06-05,2,3,1,349.0,150.0,0.0
11245,10156,5,2025-06-05,1,4,1,349.0,150.0,0.0
11246,10157,6,2025-06-05,2,3,1,424.15,215.0,74.85
11247,10158,5,2025-06-05,3,2,2,349.0,150.0,0.0
11248,10159,4,2025-06-05,1,2,1,349.0,150.0,0.0
11249,10160,3,2025-06-05,8,1,1,296.1,142.0,32.9
11250,10161,1,2025-06-05,1,3,1,299.0,129.0,0.0
11251,10162,4,2025-06-05,7,1,1,349.0,150.0,0.0
11252,10163,1,2025-06-05,4,2,1,299.0,129.0,0.0
11253,10164,5,2025-06-05,4,2,1,349.0,150.0,0.0
11254,4852,4,2025-06-06,1,4,1,314.1,150.0,34.9
11255,10165,5,2025-06-06,6,3,1,296.65,150.0,52.35
11256,10166,6,2025-06-06,8,1,1,499.0,215.0,0.0
11257,10167,6,2025-06-06,6,1,1,499.0,215.0,0.0
11258,10168,4,2025-06-06,1,4,1,349.0,150.0,0.0
11259,10169,4,2025-06-06,6,1,1,349.0,150.0,0.0
11260,10170,2,2025-06-06,2,4,1,299.0,129.0,0.0
11261,10171,6,2025-06-06,2,4,1,499.0,215.0,0.0
11262,10172,5,2025-06-06,1,1,2,314.1,150.0,34.9
11263,10173,5,2025-06-06,3,1,1,349.0,150.0,0.0
11264,10174,5,2025-06-06,8,2,1,349.0,150.0,0.0
11265,10175,2,2025-06-06,1,2,1,299.0,129.0,0.0
11266,10176,4,2025-06-06,1,2,1,349.0,150.0,0.0
11267,10177,5,2025-06-06,5,2,1,349.0,150.0,0.0
11268,8243,2,2025-06-06,1,2,1,299.0,129.0,0.0
11269,10178,6,2025-06-06,3,1,2,499.0,215.0,0.0
11270,10179,2,2025-06-06,5,4,1,299.0,129.0,0.0
11271,10180,3,2025-06-06,2,1,1,329.0,142.0,0.0
11272,10181,5,2025-06-06,8,1,1,349.0,150.0,0.0
11273,10182,5,2025-06-06,4,4,1,349.0,150.0,0.0
11274,10183,2,2025-06-06,2,3,1,299.0,129.0,0.0
11275,10184,5,2025-06-06,4,4,2,296.65,150.0,52.35
11276,10185,5,2025-06-06,1,1,1,349.0,150.0,0.0
11277,10186,4,2025-06-06,5,1,1,349.0,150.0,0.0
11278,10187,4,2025-06-06,2,2,1,349.0,150.0,0.0
11279,10188,4,2025-06-06,1,1,1,349.0,150.0,0.0
11280,10189,5,2025-06-06,5,2,1,349.0,150.0,0.0
11281,10190,3,2025-06-06,1,1,1,329.0,142.0,0.0
11282,10191,5,2025-06-06,1,2,1,349.0,150.0,0.0
11283,6842,5,2025-06-06,2,1,1,296.65,150.0,52.35
11284,10192,4,2025-06-06,3,2,1,296.65,150.0,52.35
11285,3153,6,2025-06-06,1,1,1,499.0,215.0,0.0
11286,10193,4,2025-06-06,3,4,1,349.0,150.0,0.0
11287,4871,4,2025-06-06,2,2,1,349.0,150.0,0.0
11288,10194,4,2025-06-06,3,2,1,349.0,150.0,0.0
11289,10195,3,2025-06-06,2,2,1,329.0,142.0,0.0
11290,10196,5,2025-06-07,3,2,1,349.0,150.0,0.0
11291,7168,6,2025-06-07,2,1,1,499.0,215.0,0.0
11292,10197,1,2025-06-07,4,4,1,299.0,129.0,0.0
11293,10198,1,2025-06-07,3,2,1,299.0,129.0,0.0
11294,10199,5,2025-06-07,5,2,1,349.0,150.0,0.0
11295,10200,5,2025-06-07,1,1,1,349.0,150.0,0.0
11296,10201,4,2025-06-07,9,3,1,296.65,150.0,52.35
11297,10202,4,2025-06-07,3,1,1,349.0,150.0,0.0
11298,10203,1,2025-06-07,1,1,1,254.15,129.0,44.85
11299,10204,5,2025-06-07,4,2,1,349.0,150.0,0.0
11300,10205,1,2025-06-07,3,5,1,299.0,129.0,0.0
11301,10206,4,2025-06-07,5,5,1,314.1,150.0,34.9
11302,10207,2,2025-06-07,5,1,1,269.1,129.0,29.9
11303,10208,5,2025-06-07,1,5,1,349.0,150.0,0.0
11304,10209,2,2025-06-07,3,1,2,299.0,129.0,0.0
11305,10210,2,2025-06-07,2,3,1,299.0,129.0,0.0
11306,10211,5,2025-06-07,1,5,1,349.0,150.0,0.0
11307,10212,3,2025-06-07,7,1,1,329.0,142.0,0.0
11308,4064,5,2025-06-07,5,1,1,349.0,150.0,0.0
11309,10213,4,2025-06-07,8,5,1,349.0,150.0,0.0
11310,10214,4,2025-06-07,3,2,1,349.0,150.0,0.0
11311,10215,3,2025-06-07,7,3,1,329.0,142.0,0.0
11312,10216,2,2025-06-07,1,1,1,299.0,129.0,0.0
11313,10217,5,2025-06-07,3,1,1,349.0,150.0,0.0
11314,9010,4,2025-06-07,1,1,2,349.0,150.0,0.0
11315,10218,3,2025-06-07,2,1,1,329.0,142.0,0.0
11316,10219,4,2025-06-07,4,1,1,349.0,150.0,0.0
11317,10220,2,2025-06-07,1,2,1,299.0,129.0,0.0
11318,10221,4,2025-06-07,2,1,1,349.0,150.0,0.0
11319,10222,1,2025-06-07,5,2,1,299.0,129.0,0.0
11320,10223,4,2025-06-07,2,1,1,314.1,150.0,34.9
11321,10224,3,2025-06-07,1,2,1,329.0,142.0,0.0
11322,10225,4,2025-06-07,2,1,1,296.65,150.0,52.35
11323,705,5,2025-06-08,6,2,1,296.65,150.0,52.35
11324,10226,2,2025-06-08,3,1,1,299.0,129.0,0.0
11325,10227,2,2025-06-08,9,1,1,254.15,129.0,44.85
11326,10228,5,2025-06-08,3,1,1,349.0,150.0,0.0
11327,10229,6,2025-06-08,3,5,1,499.0,215.0,0.0
11328,10230,6,2025-06-08,1,2,1,499.0,215.0,0.0
11329,10231,4,2025-06-08,6,1,2,349.0,150.0,0.0
11330,938,4,2025-06-08,3,1,1,314.1,150.0,34.9
11331,10232,6,2025-06-08,3,2,1,424.15,215.0,74.85
11332,7862,6,2025-06-08,3,1,1,424.15,215.0,74.85
11333,10233,4,2025-06-08,4,2,1,349.0,150.0,0.0
11334,10234,5,2025-06-08,6,1,1,349.0,150.0,0.0
11335,10235,3,2025-06-08,2,5,1,329.0,142.0,0.0
11336,10236,4,2025-06-08,1,4,1,349.0,150.0,0.0
11337,10237,2,2025-06-08,3,5,1,299.0,129.0,0.0
11338,10238,5,2025-06-08,2,1,1,314.1,150.0,34.9
11339,10239,6,2025-06-08,1,1,1,499.0,215.0,0.0
11340,10240,2,2025-06-08,1,5,1,299.0,129.0,0.0
11341,10241,4,2025-06-08,7,2,1,349.0,150.0,0.0
11342,8705,5,2025-06-08,2,2,1,349.0,150.0,0.0
11343,10242,3,2025-06-08,1,3,1,329.0,142.0,0.0
11344,10243,5,2025-06-08,7,1,1,296.65,150.0,52.35
11345,7711,2,2025-06-08,2,2,1,299.0,129.0,0.0
11346,10244,4,2025-06-08,4,3,1,314.1,150.0,34.9
11347,8348,1,2025-06-08,7,2,1,299.0,129.0,0.0
11348,10245,3,2025-06-08,7,3,1,329.0,142.0,0.0
11349,10246,4,2025-06-08,4,5,1,296.65,150.0,52.35
11350,10247,2,2025-06-08,5,1,1,299.0,129.0,0.0
11351,10248,4,2025-06-08,2,1,1,349.0,150.0,0.0
11352,10249,2,2025-06-08,1,1,1,299.0,129.0,0.0
11353,10250,2,2025-06-08,3,2,1,269.1,129.0,29.9
11354,10251,4,2025-06-09,5,5,1,314.1,150.0,34.9
11355,10252,2,2025-06-09,1,1,1,254.15,129.0,44.85
11356,10253,4,2025-06-09,2,4,1,349.0,150.0,0.0
11357,10254,3,2025-06-09,3,2,1,279.65,142.0,49.35
11358,10255,2,2025-06-09,,1,1,299.0,129.0,0.0
11359,10256,1,2025-06-09,5,1,2,299.0,129.0,0.0
11360,10257,6,2025-06-09,5,1,1,499.0,215.0,0.0
11361,10258,5,2025-06-09,3,3,1,296.65,150.0,52.35
11362,10259,5,2025-06-09,3,2,1,349.0,150.0,0.0
11363,10260,4,2025-06-09,3,4,1,349.0,150.0,0.0
11364,10261,4,2025-06-09,1,1,1,349.0,150.0,0.0
11365,10262,5,2025-06-09,1,4,1,349.0,150.0,0.0
11366,10263,3,2025-06-09,5,1,1,329.0,142.0,0.0
11367,10264,4,2025-06-09,7,2,1,349.0,150.0,0.0
11368,10265,4,2025-06-09,3,3,1,314.1,150.0,34.9
11369,10266,5,2025-06-09,5,2,1,349.0,150.0,0.0
11370,10267,2,2025-06-09,2,5,1,299.0,129.0,0.0
11371,10268,6,2025-06-09,4,2,1,499.0,215.0,0.0
11372,5781,4,2025-06-09,3,1,1,314.1,150.0,34.9
11373,10269,1,2025-06-09,1,1,1,269.1,129.0,29.9
11374,10270,1,2025-06-09,2,3,1,299.0,129.0,0.0
11375,10271,3,2025-06-09,1,3,1,329.0,142.0,0.0
11376,10272,5,2025-06-09,3,2,1,349.0,150.0,0.0
11377,10273,2,2025-06-09,1,1,1,254.15,129.0,44.85
11378,10274,4,2025-06-09,5,2,1,349.0,150.0,0.0
11379,2941,5,2025-06-09,1,2,1,349.0,150.0,0.0
11380,8446,5,2025-06-09,1,3,1,314.1,150.0,34.9
11381,10275,2,2025-06-09,6,1,1,299.0,129.0,0.0
11382,10276,4,2025-06-09,8,2,1,349.0,150.0,0.0
11383,10277,4,2025-06-09,2,4,1,349.0,150.0,0.0
11384,10278,3,2025-06-09,3,5,1,279.65,142.0,49.35
11385,10279,5,2025-06-09,2,5,1,349.0,150.0,0.0
11386,10280,5,2025-06-09,3,5,1,349.0,150.0,0.0
11387,10281,4,2025-06-10,5,1,2,296.65,150.0,52.35
11388,10282,5,2025-06-10,5,2,1,349.0,150.0,0.0
11389,10283,2,2025-06-10,7,2,1,299.0,129.0,0.0
11390,10284,1,2025-06-10,1,5,2,254.15,129.0,44.85
11391,10285,5,2025-06-10,5,3,1,296.65,150.0,52.35
11392,10286,3,2025-06-10,5,1,2,329.0,142.0,0.0
11393,10287,3,2025-06-10,1,3,1,296.1,142.0,32.9
11394,10288,5,2025-06-10,3,3,1,349.0,150.0,0.0
11395,10289,4,2025-06-10,4,1,1,349.0,150.0,0.0
11396,10290,2,2025-06-10,5,2,1,269.1,129.0,29.9
11397,10291,1,2025-06-10,4,2,1,299.0,129.0,0.0
11398,10292,4,2025-06-10,3,1,1,349.0,150.0,0.0
11399,10293,1,2025-06-10,8,3,1,299.0,129.0,0.0
11400,10294,4,2025-06-10,3,1,1,349.0,150.0,0.0
11401,6566,4,2025-06-10,3,2,1,349.0,150.0,0.0
11402,10295,3,2025-06-10,3,2,1,329.0,142.0,0.0
11403,10296,4,2025-06-10,1,2,1,349.0,150.0,0.0
11404,10297,2,2025-06-10,7,2,1,299.0,129.0,0.0
11405,10298,5,2025-06-10,5,1,1,349.0,150.0,0.0
11406,10299,5,2025-06-10,5,3,2,349.0,150.0,0.0
11407,10300,6,2025-06-10,3,1,1,449.1,215.0,49.9
11408,10301,4,2025-06-10,4,3,1,349.0,150.0,0.0
11409,10302,4,2025-06-10,1,5,1,349.0,150.0,0.0
11410,10303,4,2025-06-10,4,2,1,349.0,150.0,0.0
11411,10304,4,2025-06-10,5,2,1,349.0,150.0,0.0
11412,6707,3,2025-06-10,9,5,1,329.0,142.0,0.0
11413,566,5,2025-06-10,2,1,1,349.0,150.0,0.0
11414,10305,5,2025-06-10,2,1,1,349.0,150.0,0.0
11415,8385,2,2025-06-10,6,2,1,299.0,129.0,0.0
11416,10306,1,2025-06-11,2,2,1,254.15,129.0,44.85
11417,10307,2,2025-06-11,1,1,1,299.0,129.0,0.0
11418,10308,5,2025-06-11,4,1,1,349.0,150.0,0.0
11419,10309,2,2025-06-11,3,5,1,299.0,129.0,0.0
11420,10310,1,2025-06-11,5,1,1,299.0,129.0,0.0
11421,10311,6,2025-06-11,1,1,1,499.0,215.0,0.0
11422,10312,6,2025-06-11,1,2,1,499.0,215.0,0.0
11423,7594,1,2025-06-11,6,1,1,299.0,129.0,0.0
11424,10313,5,2025-06-11,5,1,1,314.1,150.0,34.9
11425,10314,3,2025-06-11,3,1,1,329.0,142.0,0.0
11426,10315,6,2025-06-11,1,1,1,424.15,215.0,74.85
11427,10316,2,2025-06-11,5,3,1,299.0,129.0,0.0
11428,10317,1,2025-06-11,1,3,1,299.0,129.0,0.0
11429,9169,4,2025-06-11,1,2,1,349.0,150.0,0.0
11430,643,5,2025-06-11,3,1,1,349.0,150.0,0.0
11431,10318,2,2025-06-11,1,2,1,299.0,129.0,0.0
11432,10319,1,2025-06-11,1,3,1,269.1,129.0,29.9
11433,10320,4,2025-06-11,5,2,2,349.0,150.0,0.0
11434,10321,1,2025-06-11,3,3,1,299.0,129.0,0.0
11435,10322,6,2025-06-11,7,2,1,499.0,215.0,0.0
11436,10323,5,2025-06-11,1,1,2,349.0,150.0,0.0
11437,9628,5,2025-06-11,1,1,1,349.0,150.0,0.0
11438,10324,2,2025-06-11,4,1,1,254.15,129.0,44.85
11439,4397,1,2025-06-11,2,3,1,299.0,129.0,0.0
11440,10325,2,2025-06-11,9,1,1,299.0,129.0,0.0
11441,10326,5,2025-06-11,1,2,1,349.0,150.0,0.0
11442,10327,2,2025-06-11,1,2,1,299.0,129.0,0.0
11443,10328,2,2025-06-11,3,1,1,299.0,129.0,0.0
11444,10329,4,2025-06-11,1,1,1,349.0,150.0,0.0
11445,10330,6,2025-06-11,5,1,1,449.1,215.0,49.9
11446,10331,4,2025-06-11,3,3,1,314.1,150.0,34.9
11447,10332,4,2025-06-11,8,1,2,349.0,150.0,0.0
11448,10333,4,2025-06-11,4,1,1,349.0,150.0,0.0
11449,10334,5,2025-06-11,3,5,1,349.0,150.0,0.0
11450,10335,2,2025-06-11,2,5,1,299.0,129.0,0.0
11451,10336,5,2025-06-12,1,2,1,349.0,150.0,0.0
11452,10337,5,2025-06-12,7,5,1,314.1,150.0,34.9
11453,10338,4,2025-06-12,1,1,1,296.65,150.0,52.35
11454,10339,1,2025-06-12,1,2,1,269.1,129.0,29.9
11455,10340,5,2025-06-12,1,3,2,314.1,150.0,34.9
11456,10341,1,2025-06-12,1,5,1,299.0,129.0,0.0
11457,10342,3,2025-06-12,2,1,1,329.0,142.0,0.0
11458,10343,3,2025-06-12,,1,1,329.0,142.0,0.0
11459,10344,2,2025-06-12,1,2,1,299.0,129.0,0.0
11460,10345,2,2025-06-12,5,5,1,299.0,129.0,0.0
11461,10346,1,2025-06-12,3,2,1,299.0,129.0,0.0
11462,2578,1,2025-06-12,1,5,1,299.0,129.0,0.0
11463,10347,2,2025-06-12,3,3,1,254.15,129.0,44.85
11464,10348,5,2025-06-12,6,2,1,349.0,150.0,0.0
11465,10349,1,2025-06-12,2,1,1,299.0,129.0,0.0
11466,10350,4,2025-06-12,3,2,2,349.0,150.0,0.0
11467,10351,1,2025-06-12,2,1,1,299.0,129.0,0.0
11468,10352,4,2025-06-12,1,1,1,296.65,150.0,52.35
11469,10353,5,2025-06-12,8,3,1,314.1,150.0,34.9
11470,10354,5,2025-06-12,1,1,1,314.1,150.0,34.9
11471,10355,4,2025-06-12,1,1,1,349.0,150.0,0.0
11472,10356,5,2025-06-12,3,2,1,349.0,150.0,0.0
11473,10357,5,2025-06-12,1,1,1,349.0,150.0,0.0
11474,10358,5,2025-06-12,3,4,1,314.1,150.0,34.9
11475,10359,1,2025-06-12,7,3,1,269.1,129.0,29.9
11476,1622,3,2025-06-12,,1,1,329.0,142.0,0.0
11477,10360,5,2025-06-12,3,2,1,349.0,150.0,0.0
11478,10361,3,2025-06-12,3,4,1,329.0,142.0,0.0
11479,5017,1,2025-06-12,1,5,2,299.0,129.0,0.0
11480,10362,4,2025-06-12,3,1,1,349.0,150.0,0.0
11481,10363,4,2025-06-12,3,2,1,349.0,150.0,0.0
11482,10364,4,2025-06-12,5,5,1,296.65,150.0,52.35
11483,10365,5,2025-06-12,1,5,1,349.0,150.0,0.0
11484,10366,5,2025-06-12,7,1,1,296.65,150.0,52.35
11485,10367,3,2025-06-12,9,1,1,329.0,142.0,0.0
11486,10368,3,2025-06-12,2,5,1,296.1,142.0,32.9
11487,10369,5,2025-06-13,1,1,1,349.0,150.0,0.0
11488,10370,4,2025-06-13,1,1,1,296.65,150.0,52.35
11489,9488,5,2025-06-13,3,2,1,349.0,150.0,0.0
11490,10371,1,2025-06-13,2,3,1,299.0,129.0,0.0
11491,10372,4,2025-06-13,1,2,1,349.0,150.0,0.0
11492,10373,5,2025-06-13,3,3,1,349.0,150.0,0.0
11493,10374,1,2025-06-13,1,5,1,299.0,129.0,0.0
11494,2898,3,2025-06-13,9,1,1,279.65,142.0,49.35
11495,2245,6,2025-06-13,8,1,1,424.15,215.0,74.85
11496,10375,5,2025-06-13,8,1,1,349.0,150.0,0.0
11497,10376,5,2025-06-13,3,1,1,349.0,150.0,0.0
11498,10377,2,2025-06-13,5,4,1,299.0,129.0,0.0
11499,10378,3,2025-06-13,4,5,1,329.0,142.0,0.0
11500,10379,3,2025-06-13,1,3,1,279.65,142.0,49.35
11501,10380,1,2025-06-13,5,2,1,299.0,129.0,0.0
11502,10381,1,2025-06-13,3,1,1,299.0,129.0,0.0
11503,10382,1,2025-06-13,5,1,1,299.0,129.0,0.0
11504,10383,2,2025-06-13,8,3,1,299.0,129.0,0.0
11505,10384,4,2025-06-13,1,2,1,349.0,150.0,0.0
11506,10385,1,2025-06-13,1,1,1,254.15,129.0,44.85
11507,10386,5,2025-06-13,2,2,1,314.1,150.0,34.9
11508,10150,2,2025-06-13,3,1,1,299.0,129.0,0.0
11509,10387,3,2025-06-13,,1,1,296.1,142.0,32.9
11510,10388,2,2025-06-13,2,2,1,299.0,129.0,0.0
11511,10389,1,2025-06-13,1,4,1,299.0,129.0,0.0
11512,10390,5,2025-06-13,1,1,2,314.1,150.0,34.9
11513,10391,5,2025-06-13,1,2,1,349.0,150.0,0.0
11514,10392,6,2025-06-13,8,1,2,449.1,215.0,49.9
11515,10393,2,2025-06-13,1,2,1,269.1,129.0,29.9
11516,4278,1,2025-06-13,1,1,2,299.0,129.0,0.0
11517,10394,3,2025-06-13,3,1,2,329.0,142.0,0.0
11518,10395,4,2025-06-13,7,1,1,349.0,150.0,0.0
11519,10396,2,2025-06-13,5,2,1,299.0,129.0,0.0
11520,6609,2,2025-06-13,7,1,1,254.15,129.0,44.85
11521,10397,5,2025-06-13,4,2,1,349.0,150.0,0.0
11522,10398,1,2025-06-14,5,2,2,299.0,129.0,0.0
11523,10399,4,2025-06-14,5,1,2,296.65,150.0,52.35
11524,10400,2,2025-06-14,3,2,2,299.0,129.0,0.0
11525,10401,6,2025-06-14,1,3,1,449.1,215.0,49.9
11526,10402,1,2025-06-14,8,3,1,299.0,129.0,0.0
11527,10403,3,2025-06-14,3,2,2,329.0,142.0,0.0
11528,10404,1,2025-06-14,5,3,2,269.1,129.0,29.9
11529,10405,5,2025-06-14,3,1,1,349.0,150.0,0.0
11530,10406,4,2025-06-14,1,1,1,349.0,150.0,0.0
11531,10407,5,2025-06-14,1,2,1,314.1,150.0,34.9
11532,10408,4,2025-06-14,1,4,1,349.0,150.0,0.0
11533,10409,5,2025-06-14,3,3,1,349.0,150.0,0.0
11534,10410,5,2025-06-14,5,1,1,349.0,150.0,0.0
11535,4300,1,2025-06-14,2,2,1,299.0,129.0,0.0
11536,10411,1,2025-06-14,1,2,1,299.0,129.0,0.0
11537,10412,6,2025-06-14,5,1,1,449.1,215.0,49.9
11538,10413,5,2025-06-14,2,1,2,349.0,150.0,0.0
11539,10414,4,2025-06-14,1,3,1,314.1,150.0,34.9
11540,10415,5,2025-06-14,2,2,1,314.1,150.0,34.9
11541,10416,1,2025-06-14,1,2,1,299.0,129.0,0.0
11542,10417,4,2025-06-14,5,2,1,349.0,150.0,0.0
11543,8259,5,2025-06-14,5,2,1,314.1,150.0,34.9
11544,10418,5,2025-06-14,4,2,1,314.1,150.0,34.9
11545,10419,5,2025-06-14,6,2,1,349.0,150.0,0.0
11546,10420,2,2025-06-14,2,2,1,299.0,129.0,0.0
11547,10421,5,2025-06-14,2,5,1,349.0,150.0,0.0
11548,10422,2,2025-06-14,3,1,1,269.1,129.0,29.9
11549,10423,5,2025-06-14,4,2,1,349.0,150.0,0.0
11550,10424,4,2025-06-14,2,1,1,349.0,150.0,0.0
11551,9736,4,2025-06-14,3,5,1,349.0,150.0,0.0
11552,6417,5,2025-06-15,5,2,1,314.1,150.0,34.9
11553,10425,5,2025-06-15,1,2,1,296.65,150.0,52.35
11554,10426,3,2025-06-15,3,2,1,329.0,142.0,0.0
11555,10427,5,2025-06-15,7,1,1,349.0,150.0,0.0
11556,10428,4,2025-06-15,6,1,1,314.1,150.0,34.9
11557,10429,3,2025-06-15,7,4,2,279.65,142.0,49.35
11558,8442,4,2025-06-15,4,3,1,349.0,150.0,0.0
11559,10430,4,2025-06-15,7,4,1,296.65,150.0,52.35
11560,10431,6,2025-06-15,5,2,2,449.1,215.0,49.9
11561,794,1,2025-06-15,3,1,1,269.1,129.0,29.9
11562,10432,1,2025-06-15,5,3,1,269.1,129.0,29.9
11563,10433,2,2025-06-15,1,3,1,269.1,129.0,29.9
11564,10434,1,2025-06-15,6,2,2,299.0,129.0,0.0
11565,10435,1,2025-06-15,4,3,1,269.1,129.0,29.9
11566,10436,6,2025-06-15,4,4,1,499.0,215.0,0.0
11567,10437,6,2025-06-15,5,2,2,499.0,215.0,0.0
11568,10438,2,2025-06-15,3,1,1,299.0,129.0,0.0
11569,10439,5,2025-06-15,3,3,1,314.1,150.0,34.9
11570,10440,4,2025-06-15,7,1,1,349.0,150.0,0.0
11571,10441,2,2025-06-15,5,1,1,299.0,129.0,0.0
11572,10442,4,2025-06-15,3,1,1,349.0,150.0,0.0
11573,10443,3,2025-06-15,1,1,1,329.0,142.0,0.0
11574,10444,6,2025-06-15,1,3,1,499.0,215.0,0.0
11575,10445,5,2025-06-15,4,4,1,349.0,150.0,0.0
11576,10446,4,2025-06-15,2,4,1,349.0,150.0,0.0
11577,10447,2,2025-06-15,5,1,1,299.0,129.0,0.0
11578,10448,1,2025-06-15,4,4,1,299.0,129.0,0.0
11579,10449,3,2025-06-15,3,2,2,296.1,142.0,32.9
11580,10450,1,2025-06-15,1,4,1,299.0,129.0,0.0
11581,10451,1,2025-06-15,4,4,1,299.0,129.0,0.0
11582,10452,2,2025-06-15,3,4,1,299.0,129.0,0.0
11583,10453,1,2025-06-15,2,5,1,299.0,129.0,0.0
11584,10454,4,2025-06-15,2,2,1,349.0,150.0,0.0
11585,10455,5,2025-06-15,3,5,1,349.0,150.0,0.0
11586,10456,5,2025-06-16,2,1,1,349.0,150.0,0.0
11587,10457,2,2025-06-16,5,2,1,299.0,129.0,0.0
11588,10458,4,2025-06-16,1,1,1,349.0,150.0,0.0
11589,6201,1,2025-06-16,5,1,1,299.0,129.0,0.0
11590,10459,4,2025-06-16,1,1,1,349.0,150.0,0.0
11591,10460,4,2025-06-16,3,1,1,349.0,150.0,0.0
11592,9023,5,2025-06-16,1,1,2,349.0,150.0,0.0
11593,10461,5,2025-06-16,5,3,1,314.1,150.0,34.9
11594,10462,1,2025-06-16,5,5,1,299.0,129.0,0.0
11595,10463,1,2025-06-16,4,1,1,269.1,129.0,29.9
11596,3864,5,2025-06-16,8,2,1,314.1,150.0,34.9
11597,10464,5,2025-06-16,3,1,1,349.0,150.0,0.0
11598,10465,6,2025-06-16,7,2,1,424.15,215.0,74.85
11599,10466,2,2025-06-16,4,2,1,299.0,129.0,0.0
11600,10467,5,2025-06-16,1,3,1,314.1,150.0,34.9
11601,10468,5,2025-06-16,1,4,1,314.1,150.0,34.9
11602,10469,4,2025-06-16,3,1,1,314.1,150.0,34.9
11603,10470,5,2025-06-16,5,2,1,314.1,150.0,34.9
11604,10471,4,2025-06-16,1,3,1,349.0,150.0,0.0
11605,4927,4,2025-06-16,1,2,2,349.0,150.0,0.0
11606,4497,1,2025-06-16,1,3,1,299.0,129.0,0.0
11607,10472,1,2025-06-16,2,1,1,299.0,129.0,0.0
11608,10473,4,2025-06-16,3,2,1,349.0,150.0,0.0
11609,10474,5,2025-06-16,3,3,1,349.0,150.0,0.0
11610,10475,5,2025-06-16,4,1,1,349.0,150.0,0.0
11611,10476,2,2025-06-16,7,1,1,299.0,129.0,0.0
11612,10477,5,2025-06-16,3,2,1,349.0,150.0,0.0
11613,10478,1,2025-06-16,5,1,1,299.0,129.0,0.0
11614,10479,4,2025-06-16,6,3,1,349.0,150.0,0.0
11615,10480,6,2025-06-16,2,1,1,499.0,215.0,0.0
11616,10481,6,2025-06-16,1,3,2,424.15,215.0,74.85
11617,10482,4,2025-06-16,8,4,1,349.0,150.0,0.0
11618,10483,5,2025-06-16,4,2,1,349.0,150.0,0.0
11619,10484,4,2025-06-16,4,1,1,349.0,150.0,0.0
11620,10485,2,2025-06-17,8,1,1,299.0,129.0,0.0
11621,10486,2,2025-06-17,2,2,1,299.0,129.0,0.0
11622,10487,5,2025-06-17,5,3,1,349.0,150.0,0.0
11623,10488,2,2025-06-17,5,2,1,299.0,129.0,0.0
11624,10489,5,2025-06-17,6,5,1,349.0,150.0,0.0
11625,10490,1,2025-06-17,3,1,2,254.15,129.0,44.85
11626,10491,1,2025-06-17,2,2,1,299.0,129.0,0.0
11627,10492,1,2025-06-17,7,3,1,269.1,129.0,29.9
11628,6459,4,2025-06-17,3,1,1,314.1,150.0,34.9
11629,10493,1,2025-06-17,4,1,1,299.0,129.0,0.0
11630,10494,5,2025-06-17,7,3,1,349.0,150.0,0.0
11631,10495,5,2025-06-17,1,5,1,349.0,150.0,0.0
11632,10496,6,2025-06-17,2,5,1,499.0,215.0,0.0
11633,10497,1,2025-06-17,5,3,1,299.0,129.0,0.0
11634,8441,4,2025-06-17,,1,1,349.0,150.0,0.0
11635,10498,3,2025-06-17,1,4,1,296.1,142.0,32.9
11636,10499,1,2025-06-17,3,3,1,299.0,129.0,0.0
11637,10500,5,2025-06-17,2,3,1,349.0,150.0,0.0
11638,10501,3,2025-06-17,1,2,1,329.0,142.0,0.0
11639,10502,3,2025-06-17,8,3,2,296.1,142.0,32.9
11640,10503,1,2025-06-17,2,2,1,299.0,129.0,0.0
11641,10504,1,2025-06-17,1,2,1,254.15,129.0,44.85
11642,10505,5,2025-06-17,3,5,2,314.1,150.0,34.9
11643,10506,5,2025-06-17,3,1,1,296.65,150.0,52.35
11644,10507,1,2025-06-17,5,1,1,269.1,129.0,29.9
11645,10508,4,2025-06-17,3,1,1,314.1,150.0,34.9
11646,10509,6,2025-06-17,2,1,1,499.0,215.0,0.0
11647,10510,2,2025-06-17,3,5,1,299.0,129.0,0.0
11648,10511,4,2025-06-17,3,3,1,349.0,150.0,0.0
11649,10512,5,2025-06-17,8,1,2,349.0,150.0,0.0
11650,10513,6,2025-06-17,5,1,1,449.1,215.0,49.9
11651,10514,3,2025-06-17,2,5,1,329.0,142.0,0.0
11652,10515,3,2025-06-18,3,3,1,329.0,142.0,0.0
11653,10516,2,2025-06-18,7,2,1,299.0,129.0,0.0
11654,10517,5,2025-06-18,1,2,1,349.0,150.0,0.0
11655,10518,2,2025-06-18,6,2,1,299.0,129.0,0.0
11656,10519,1,2025-06-18,8,3,1,299.0,129.0,0.0
11657,10520,5,2025-06-18,3,5,1,349.0,150.0,0.0
11658,10521,1,2025-06-18,5,4,1,299.0,129.0,0.0
11659,10522,2,2025-06-18,3,3,1,269.1,129.0,29.9
11660,10523,2,2025-06-18,3,1,1,299.0,129.0,0.0
11661,10524,5,2025-06-18,5,1,1,349.0,150.0,0.0
11662,10525,3,2025-06-18,5,3,1,329.0,142.0,0.0
11663,10376,6,2025-06-18,3,2,1,499.0,215.0,0.0
11664,10526,5,2025-06-18,4,3,1,349.0,150.0,0.0
11665,10527,5,2025-06-18,7,1,1,349.0,150.0,0.0
11666,10528,1,2025-06-18,2,3,1,254.15,129.0,44.85
11667,10529,5,2025-06-18,5,1,1,314.1,150.0,34.9
11668,10530,4,2025-06-18,2,3,1,314.1,150.0,34.9
11669,4607,6,2025-06-18,2,1,1,449.1,215.0,49.9
11670,10531,4,2025-06-18,2,3,1,349.0,150.0,0.0
11671,10532,5,2025-06-18,1,2,1,349.0,150.0,0.0
11672,10533,1,2025-06-18,1,1,2,269.1,129.0,29.9
11673,10534,1,2025-06-18,7,2,1,299.0,129.0,0.0
11674,10535,3,2025-06-18,5,2,1,329.0,142.0,0.0
11675,10536,3,2025-06-18,1,2,1,329.0,142.0,0.0
11676,10537,4,2025-06-18,7,2,1,349.0,150.0,0.0
11677,10538,4,2025-06-18,1,1,1,349.0,150.0,0.0
11678,10539,1,2025-06-18,3,2,1,254.15,129.0,44.85
11679,10540,2,2025-06-18,9,2,1,299.0,129.0,0.0
11680,10541,4,2025-06-18,6,3,1,349.0,150.0,0.0
11681,10542,5,2025-06-18,2,1,2,349.0,150.0,0.0
11682,10543,4,2025-06-19,1,1,1,349.0,150.0,0.0
11683,10544,2,2025-06-19,7,3,1,299.0,129.0,0.0
11684,10545,4,2025-06-19,1,2,2,349.0,150.0,0.0
11685,10546,5,2025-06-19,1,2,1,349.0,150.0,0.0
11686,10547,1,2025-06-19,6,3,1,299.0,129.0,0.0
11687,10548,5,2025-06-19,1,2,1,349.0,150.0,0.0
11688,10549,4,2025-06-19,3,1,1,296.65,150.0,52.35
11689,10550,1,2025-06-19,3,2,1,299.0,129.0,0.0
11690,10551,2,2025-06-19,6,1,1,299.0,129.0,0.0
11691,10552,6,2025-06-19,1,2,1,499.0,215.0,0.0
11692,10553,6,2025-06-19,1,3,1,499.0,215.0,0.0
11693,10554,5,2025-06-19,2,3,1,349.0,150.0,0.0
11694,10555,1,2025-06-19,1,1,1,299.0,129.0,0.0
11695,10556,2,2025-06-19,6,1,1,299.0,129.0,0.0
11696,1668,6,2025-06-19,3,3,1,499.0,215.0,0.0
11697,10557,5,2025-06-19,4,3,1,349.0,150.0,0.0
11698,10558,4,2025-06-19,9,5,1,349.0,150.0,0.0
11699,34,5,2025-06-19,1,1,1,349.0,150.0,0.0
11700,10559,4,2025-06-19,1,2,1,349.0,150.0,0.0
11701,10560,5,2025-06-19,1,1,1,349.0,150.0,0.0
11702,10561,2,2025-06-19,2,1,1,269.1,129.0,29.9
11703,10562,6,2025-06-19,1,1,1,499.0,215.0,0.0
11704,10563,3,2025-06-19,1,3,1,329.0,142.0,0.0
11705,10564,4,2025-06-19,3,1,1,314.1,150.0,34.9
11706,10565,1,2025-06-19,4,4,1,269.1,129.0,29.9
11707,10566,5,2025-06-19,8,2,1,349.0,150.0,0.0
11708,10567,4,2025-06-19,2,5,1,296.65,150.0,52.35
11709,10568,5,2025-06-19,4,1,2,296.65,150.0,52.35
11710,10569,4,2025-06-19,3,5,1,349.0,150.0,0.0
11711,4678,3,2025-06-19,1,2,2,329.0,142.0,0.0
11712,10570,4,2025-06-19,1,1,1,349.0,150.0,0.0
11713,10571,6,2025-06-20,5,1,1,499.0,215.0,0.0
11714,10572,3,2025-06-20,5,4,1,296.1,142.0,32.9
11715,10573,2,2025-06-20,1,1,1,269.1,129.0,29.9
11716,7698,2,2025-06-20,2,1,1,299.0,129.0,0.0
11717,10574,5,2025-06-20,5,5,1,349.0,150.0,0.0
11718,10575,2,2025-06-20,7,5,1,299.0,129.0,0.0
11719,10576,1,2025-06-20,1,1,1,299.0,129.0,0.0
11720,10577,2,2025-06-20,3,3,2,269.1,129.0,29.9
11721,10578,1,2025-06-20,8,3,1,254.15,129.0,44.85
11722,10579,3,2025-06-20,1,4,1,329.0,142.0,0.0
11723,10580,1,2025-06-20,3,1,1,299.0,129.0,0.0
11724,10581,5,2025-06-20,1,1,1,349.0,150.0,0.0
11725,10582,1,2025-06-20,3,2,1,299.0,129.0,0.0
11726,10583,1,2025-06-20,9,2,1,299.0,129.0,0.0
11727,10584,6,2025-06-20,6,2,1,449.1,215.0,49.9
11728,10585,4,2025-06-20,5,2,1,296.65,150.0,52.35
11729,10586,4,2025-06-20,2,5,1,349.0,150.0,0.0
11730,10587,5,2025-06-20,9,1,1,349.0,150.0,0.0
11731,10588,6,2025-06-20,2,2,1,499.0,215.0,0.0
11732,10373,6,2025-06-20,6,2,1,499.0,215.0,0.0
11733,10589,1,2025-06-20,1,1,1,299.0,129.0,0.0
11734,10590,4,2025-06-20,4,5,1,296.65,150.0,52.35
11735,10591,4,2025-06-20,1,1,2,349.0,150.0,0.0
11736,10592,5,2025-06-20,5,2,2,349.0,150.0,0.0
11737,10593,5,2025-06-20,7,1,1,314.1,150.0,34.9
11738,10594,1,2025-06-20,7,1,1,299.0,129.0,0.0
11739,10595,4,2025-06-20,2,2,1,349.0,150.0,0.0
11740,10596,5,2025-06-21,1,3,1,314.1,150.0,34.9
11741,4040,5,2025-06-21,2,2,1,349.0,150.0,0.0
11742,10597,4,2025-06-21,2,3,1,296.65,150.0,52.35
11743,10598,5,2025-06-21,2,1,1,349.0,150.0,0.0
11744,4649,2,2025-06-21,6,3,1,269.1,129.0,29.9
11745,10599,2,2025-06-21,2,2,1,299.0,129.0,0.0
11746,7682,4,2025-06-21,2,4,1,296.65,150.0,52.35
11747,10600,4,2025-06-21,5,1,1,349.0,150.0,0.0
11748,10601,4,2025-06-21,7,1,1,349.0,150.0,0.0
11749,10602,5,2025-06-21,3,1,1,349.0,150.0,0.0
11750,10603,1,2025-06-21,1,1,1,299.0,129.0,0.0
11751,10604,5,2025-06-21,6,2,1,349.0,150.0,0.0
11752,10605,1,2025-06-21,6,1,2,299.0,129.0,0.0
11753,10606,5,2025-06-21,2,2,1,314.1,150.0,34.9
11754,10607,3,2025-06-21,5,2,1,329.0,142.0,0.0
11755,10608,5,2025-06-21,5,2,1,349.0,150.0,0.0
11756,10609,5,2025-06-21,2,3,1,349.0,150.0,0.0
11757,5702,4,2025-06-21,4,3,1,349.0,150.0,0.0
11758,10610,4,2025-06-21,7,2,1,349.0,150.0,0.0
11759,10611,4,2025-06-21,5,1,2,349.0,150.0,0.0
11760,10612,3,2025-06-21,1,2,1,296.1,142.0,32.9
11761,10613,4,2025-06-21,1,5,1,349.0,150.0,0.0
11762,10614,4,2025-06-21,2,3,1,349.0,150.0,0.0
11763,10615,1,2025-06-21,1,4,2,269.1,129.0,29.9
11764,10616,6,2025-06-21,1,1,1,449.1,215.0,49.9
11765,10617,5,2025-06-21,3,1,1,296.65,150.0,52.35
11766,10618,6,2025-06-21,8,2,1,499.0,215.0,0.0
11767,10619,5,2025-06-21,7,4,1,349.0,150.0,0.0
11768,3178,1,2025-06-21,2,4,1,299.0,129.0,0.0
11769,10620,2,2025-06-22,8,2,1,299.0,129.0,0.0
11770,10621,5,2025-06-22,3,2,1,349.0,150.0,0.0
11771,10622,4,2025-06-22,2,1,2,349.0,150.0,0.0
11772,10623,5,2025-06-22,7,1,1,349.0,150.0,0.0
11773,10624,2,2025-06-22,1,2,1,299.0,129.0,0.0
11774,10625,1,2025-06-22,3,1,1,269.1,129.0,29.9
11775,10626,4,2025-06-22,7,2,1,349.0,150.0,0.0
11776,10627,4,2025-06-22,7,3,2,314.1,150.0,34.9
11777,4007,5,2025-06-22,5,2,1,349.0,150.0,0.0
11778,10628,1,2025-06-22,1,2,1,299.0,129.0,0.0
11779,10629,4,2025-06-22,3,3,1,349.0,150.0,0.0
11780,10630,4,2025-06-22,2,1,1,314.1,150.0,34.9
11781,10033,6,2025-06-22,3,1,1,499.0,215.0,0.0
11782,10631,5,2025-06-22,,3,1,349.0,150.0,0.0
11783,10632,4,2025-06-22,5,4,2,349.0,150.0,0.0
11784,10633,4,2025-06-22,1,2,1,349.0,150.0,0.0
11785,10634,1,2025-06-22,2,5,1,299.0,129.0,0.0
11786,10635,5,2025-06-22,3,2,1,349.0,150.0,0.0
11787,10636,4,2025-06-22,4,1,1,349.0,150.0,0.0
11788,10637,5,2025-06-22,7,1,1,349.0,150.0,0.0
11789,10638,3,2025-06-22,3,4,1,329.0,142.0,0.0
11790,1954,6,2025-06-22,3,2,1,499.0,215.0,0.0
11791,10639,5,2025-06-22,3,1,2,349.0,150.0,0.0
11792,10640,1,2025-06-22,8,3,1,269.1,129.0,29.9
11793,10641,4,2025-06-22,3,2,1,349.0,150.0,0.0
11794,10642,5,2025-06-22,5,5,1,349.0,150.0,0.0
11795,10643,6,2025-06-22,6,2,1,499.0,215.0,0.0
11796,10644,2,2025-06-23,1,2,2,299.0,129.0,0.0
11797,10645,1,2025-06-23,3,2,1,269.1,129.0,29.9
11798,10646,1,2025-06-23,4,2,1,299.0,129.0,0.0
11799,10647,4,2025-06-23,4,3,1,349.0,150.0,0.0
11800,10648,4,2025-06-23,1,1,1,296.65,150.0,52.35
11801,10649,1,2025-06-23,7,1,1,299.0,129.0,0.0
11802,10650,4,2025-06-23,5,1,1,349.0,150.0,0.0
11803,10651,6,2025-06-23,3,4,1,449.1,215.0,49.9
11804,1555,6,2025-06-23,5,4,1,449.1,215.0,49.9
11805,10652,1,2025-06-23,1,1,1,299.0,129.0,0.0
11806,10653,3,2025-06-23,6,1,1,296.1,142.0,32.9
11807,10654,5,2025-06-23,5,4,1,314.1,150.0,34.9
11808,10655,4,2025-06-23,1,1,1,349.0,150.0,0.0
11809,10656,6,2025-06-23,5,1,1,499.0,215.0,0.0
11810,10657,4,2025-06-23,7,4,2,296.65,150.0,52.35
11811,10658,2,2025-06-23,1,1,1,299.0,129.0,0.0
11812,10659,6,2025-06-23,4,2,1,424.15,215.0,74.85
11813,10660,4,2025-06-23,5,3,1,314.1,150.0,34.9
11814,10661,4,2025-06-23,1,3,1,349.0,150.0,0.0
11815,10662,3,2025-06-23,8,1,1,329.0,142.0,0.0
11816,10663,2,2025-06-23,6,3,1,299.0,129.0,0.0
11817,10664,5,2025-06-23,2,1,1,349.0,150.0,0.0
11818,8168,2,2025-06-23,1,2,1,299.0,129.0,0.0
11819,314,6,2025-06-23,5,1,1,449.1,215.0,49.9
11820,10665,4,2025-06-23,3,1,1,349.0,150.0,0.0
11821,10666,5,2025-06-23,3,1,1,296.65,150.0,52.35
11822,10667,6,2025-06-23,3,2,1,499.0,215.0,0.0
11823,3299,2,2025-06-23,1,3,2,269.1,129.0,29.9
11824,10668,4,2025-06-23,2,3,1,314.1,150.0,34.9
11825,10669,5,2025-06-23,2,1,1,349.0,150.0,0.0
11826,10670,4,2025-06-23,1,1,1,314.1,150.0,34.9
11827,10671,2,2025-06-23,7,1,1,269.1,129.0,29.9
11828,10672,1,2025-06-23,1,1,1,254.15,129.0,44.85
11829,10673,2,2025-06-23,7,3,1,299.0,129.0,0.0
11830,10674,4,2025-06-23,1,1,1,349.0,150.0,0.0
11831,5393,5,2025-06-23,1,2,1,314.1,150.0,34.9
11832,10675,5,2025-06-24,3,1,1,314.1,150.0,34.9
11833,10676,6,2025-06-24,1,1,1,499.0,215.0,0.0
11834,10677,2,2025-06-24,2,1,2,299.0,129.0,0.0
11835,10678,5,2025-06-24,3,1,1,314.1,150.0,34.9
11836,10679,1,2025-06-24,3,2,1,299.0,129.0,0.0
11837,10680,6,2025-06-24,6,3,1,449.1,215.0,49.9
11838,10681,1,2025-06-24,1,1,1,299.0,129.0,0.0
11839,10682,1,2025-06-24,5,1,1,299.0,129.0,0.0
11840,10683,5,2025-06-24,3,1,1,349.0,150.0,0.0
11841,9215,4,2025-06-24,5,3,1,349.0,150.0,0.0
11842,10684,5,2025-06-24,5,1,1,349.0,150.0,0.0
11843,10685,1,2025-06-24,1,3,1,299.0,129.0,0.0
11844,10686,1,2025-06-24,8,3,2,254.15,129.0,44.85
11845,10687,6,2025-06-24,1,1,1,499.0,215.0,0.0
11846,10688,3,2025-06-24,1,1,2,329.0,142.0,0.0
11847,10689,4,2025-06-24,1,3,1,349.0,150.0,0.0
11848,10690,1,2025-06-24,1,2,1,299.0,129.0,0.0
11849,10691,3,2025-06-24,1,5,1,329.0,142.0,0.0
11850,10692,3,2025-06-24,3,3,1,329.0,142.0,0.0
11851,10693,5,2025-06-24,1,5,1,296.65,150.0,52.35
11852,10694,4,2025-06-24,2,1,1,314.1,150.0,34.9
11853,10695,1,2025-06-24,3,1,1,299.0,129.0,0.0
11854,10696,5,2025-06-24,2,2,1,349.0,150.0,0.0
11855,10697,4,2025-06-24,1,2,1,349.0,150.0,0.0
11856,10698,5,2025-06-24,6,4,1,296.65,150.0,52.35
11857,10699,4,2025-06-24,5,5,2,314.1,150.0,34.9
11858,5690,1,2025-06-24,2,1,1,299.0,129.0,0.0
11859,10700,1,2025-06-24,7,3,1,299.0,129.0,0.0
11860,10701,4,2025-06-24,1,3,1,349.0,150.0,0.0
11861,10702,5,2025-06-24,3,2,1,349.0,150.0,0.0
11862,8722,4,2025-06-24,2,2,1,349.0,150.0,0.0
11863,10703,4,2025-06-25,1,5,1,349.0,150.0,0.0
11864,10704,6,2025-06-25,2,3,1,499.0,215.0,0.0
11865,90331,5,2025-06-25,1,2,1,349.0,150.0,0.0
11866,10706,4,2025-06-25,1,5,1,349.0,150.0,0.0
11867,10707,2,2025-06-25,1,2,1,269.1,129.0,29.9
11868,10708,4,2025-06-25,1,1,1,349.0,150.0,0.0
11869,10709,6,2025-06-25,1,1,1,449.1,215.0,49.9
11870,10710,2,2025-06-25,2,2,1,299.0,129.0,0.0
11871,10711,6,2025-06-25,3,2,1,499.0,215.0,0.0
11872,10712,3,2025-06-25,3,2,1,329.0,142.0,0.0
11873,10713,2,2025-06-25,2,1,1,299.0,129.0,0.0
11874,10714,6,2025-06-25,4,3,1,499.0,215.0,0.0
11875,10715,5,2025-06-25,5,3,1,349.0,150.0,0.0
11876,10716,5,2025-06-25,2,1,1,349.0,150.0,0.0
11877,10717,4,2025-06-25,1,1,1,349.0,150.0,0.0
11878,10718,4,2025-06-25,7,2,1,314.1,150.0,34.9
11879,5797,6,2025-06-25,3,1,1,499.0,215.0,0.0
11880,10719,4,2025-06-25,3,4,1,349.0,150.0,0.0
11881,10720,2,2025-06-25,7,4,2,254.15,129.0,44.85
11882,10721,4,2025-06-25,4,1,1,314.1,150.0,34.9
11883,10722,4,2025-06-25,7,5,1,296.65,150.0,52.35
11884,10723,4,2025-06-25,1,2,1,349.0,150.0,0.0
11885,10724,4,2025-06-25,7,1,1,349.0,150.0,0.0
11886,10725,5,2025-06-25,5,1,1,314.1,150.0,34.9
11887,10726,2,2025-06-25,4,4,1,254.15,129.0,44.85
11888,10727,3,2025-06-25,1,5,1,329.0,142.0,0.0
11889,10728,3,2025-06-25,2,4,1,296.1,142.0,32.9
11890,10729,4,2025-06-25,4,4,1,349.0,150.0,0.0
11891,10730,5,2025-06-25,7,1,1,349.0,150.0,0.0
11892,10731,3,2025-06-25,7,2,1,329.0,142.0,0.0
11893,10732,6,2025-06-25,2,1,1,499.0,215.0,0.0
11894,10733,6,2025-06-26,8,1,2,499.0,215.0,0.0
11895,10734,4,2025-06-26,2,1,1,314.1,150.0,34.9
11896,6051,5,2025-06-26,1,2,1,349.0,150.0,0.0
11897,10735,5,2025-06-26,2,3,1,296.65,150.0,52.35
11898,10736,5,2025-06-26,1,1,1,349.0,150.0,0.0
11899,3631,3,2025-06-26,3,1,1,329.0,142.0,0.0
11900,10737,4,2025-06-26,2,1,1,349.0,150.0,0.0
11901,10738,5,2025-06-26,4,5,1,314.1,150.0,34.9
11902,6624,2,2025-06-26,7,2,1,299.0,129.0,0.0
11903,10739,3,2025-06-26,3,5,1,329.0,142.0,0.0
11904,10740,4,2025-06-26,2,2,1,349.0,150.0,0.0
11905,10741,2,2025-06-26,8,1,1,299.0,129.0,0.0
11906,10742,6,2025-06-26,3,3,2,424.15,215.0,74.85
11907,10743,1,2025-06-26,2,1,1,299.0,129.0,0.0
11908,10744,6,2025-06-26,1,3,1,449.1,215.0,49.9
11909,10745,5,2025-06-26,4,4,1,296.65,150.0,52.35
11910,10746,4,2025-06-26,2,2,1,349.0,150.0,0.0
11911,10747,3,2025-06-26,3,1,1,296.1,142.0,32.9
11912,10748,4,2025-06-26,7,1,2,314.1,150.0,34.9
11913,10749,5,2025-06-26,7,1,1,314.1,150.0,34.9
11914,10750,2,2025-06-26,3,1,1,299.0,129.0,0.0
11915,10751,4,2025-06-26,1,2,1,296.65,150.0,52.35
11916,10752,4,2025-06-26,3,2,1,349.0,150.0,0.0
11917,10753,6,2025-06-26,5,1,1,424.15,215.0,74.85
11918,10754,4,2025-06-26,5,5,1,349.0,150.0,0.0
11919,10755,5,2025-06-26,3,5,1,349.0,150.0,0.0
11920,10756,4,2025-06-26,5,5,1,349.0,150.0,0.0
11921,10757,4,2025-06-26,7,1,1,349.0,150.0,0.0
11922,10758,1,2025-06-26,1,1,1,299.0,129.0,0.0
11923,10759,5,2025-06-26,7,3,1,349.0,150.0,0.0
11924,10760,2,2025-06-26,1,2,1,299.0,129.0,0.0
11925,10761,4,2025-06-26,2,2,1,349.0,150.0,0.0
11926,10762,1,2025-06-26,2,2,1,254.15,129.0,44.85
11927,10763,4,2025-06-26,1,2,1,349.0,150.0,0.0
11928,10764,1,2025-06-26,1,1,2,299.0,129.0,0.0
11929,10765,3,2025-06-26,2,4,1,329.0,142.0,0.0
11930,10766,4,2025-06-26,5,1,1,349.0,150.0,0.0
11931,10767,4,2025-06-26,2,2,1,349.0,150.0,0.0
11932,10768,2,2025-06-26,4,2,2,299.0,129.0,0.0
11933,10769,4,2025-06-27,1,2,1,314.1,150.0,34.9
11934,90080,6,2025-06-27,2,2,1,499.0,215.0,0.0
11935,10771,5,2025-06-27,5,3,1,349.0,150.0,0.0
11936,10772,1,2025-06-27,4,5,1,299.0,129.0,0.0
11937,10773,1,2025-06-27,2,2,1,299.0,129.0,0.0
11938,10774,2,2025-06-27,5,3,2,299.0,129.0,0.0
11939,10775,6,2025-06-27,1,2,1,499.0,215.0,0.0
11940,10776,1,2025-06-27,1,4,1,299.0,129.0,0.0
11941,10777,4,2025-06-27,3,5,1,349.0,150.0,0.0
11942,10778,5,2025-06-27,5,1,1,349.0,150.0,0.0
11943,10779,4,2025-06-27,4,1,1,349.0,150.0,0.0
11944,645,4,2025-06-27,5,4,1,349.0,150.0,0.0
11945,10780,5,2025-06-27,7,4,1,296.65,150.0,52.35
11946,10781,4,2025-06-27,7,1,1,349.0,150.0,0.0
11947,10782,1,2025-06-27,2,2,1,299.0,129.0,0.0
11948,10783,5,2025-06-27,3,2,1,314.1,150.0,34.9
11949,10784,5,2025-06-27,3,2,1,349.0,150.0,0.0
11950,10785,1,2025-06-27,1,1,1,299.0,129.0,0.0
11951,10786,4,2025-06-27,1,2,1,349.0,150.0,0.0
11952,10787,2,2025-06-27,3,2,2,254.15,129.0,44.85
11953,10788,4,2025-06-27,4,2,1,349.0,150.0,0.0
11954,10034,5,2025-06-27,1,3,1,349.0,150.0,0.0
11955,10789,5,2025-06-27,9,2,1,349.0,150.0,0.0
11956,10790,4,2025-06-27,1,4,1,349.0,150.0,0.0
11957,10791,2,2025-06-27,3,3,1,299.0,129.0,0.0
11958,10792,2,2025-06-27,2,1,1,299.0,129.0,0.0
11959,10793,1,2025-06-27,2,1,1,299.0,129.0,0.0
11960,10794,4,2025-06-27,4,2,1,314.1,150.0,34.9
11961,10795,1,2025-06-27,5,1,1,299.0,129.0,0.0
11962,10796,5,2025-06-28,3,1,1,349.0,150.0,0.0
11963,8312,1,2025-06-28,,2,1,299.0,129.0,0.0
11964,9382,4,2025-06-28,7,5,1,349.0,150.0,0.0
11965,10797,4,2025-06-28,4,2,1,349.0,150.0,0.0
11966,9769,1,2025-06-28,6,4,1,299.0,129.0,0.0
11967,10798,4,2025-06-28,1,3,1,349.0,150.0,0.0
11968,5214,1,2025-06-28,6,3,1,299.0,129.0,0.0
11969,10799,2,2025-06-28,7,2,1,299.0,129.0,0.0
11970,10800,4,2025-06-28,9,2,1,349.0,150.0,0.0
11971,10801,4,2025-06-28,1,3,2,349.0,150.0,0.0
11972,10802,2,2025-06-28,3,2,1,299.0,129.0,0.0
11973,10803,5,2025-06-28,2,5,1,349.0,150.0,0.0
11974,10487,3,2025-06-28,1,2,2,329.0,142.0,0.0
11975,2943,5,2025-06-28,1,1,1,349.0,150.0,0.0
11976,10804,3,2025-06-28,3,2,1,329.0,142.0,0.0
11977,10805,2,2025-06-28,8,2,2,299.0,129.0,0.0
11978,10806,6,2025-06-28,5,2,2,499.0,215.0,0.0
11979,10807,4,2025-06-28,3,2,1,349.0,150.0,0.0
11980,1384,2,2025-06-28,3,4,1,299.0,129.0,0.0
11981,10808,5,2025-06-28,2,2,1,349.0,150.0,0.0
11982,10809,5,2025-06-28,2,4,1,349.0,150.0,0.0
11983,10810,5,2025-06-28,3,2,1,349.0,150.0,0.0
11984,10811,4,2025-06-28,,1,2,349.0,150.0,0.0
11985,10812,2,2025-06-28,5,3,1,299.0,129.0,0.0
11986,10813,4,2025-06-28,1,2,1,349.0,150.0,0.0
11987,10814,4,2025-06-28,5,2,1,349.0,150.0,0.0
11988,10815,1,2025-06-28,3,3,1,269.1,129.0,29.9
11989,10816,6,2025-06-28,5,2,2,499.0,215.0,0.0
11990,10817,5,2025-06-28,5,2,1,349.0,150.0,0.0
11991,10818,1,2025-06-28,1,2,1,269.1,129.0,29.9
11992,10819,4,2025-06-28,5,1,1,296.65,150.0,52.35
11993,10820,5,2025-06-28,3,5,1,314.1,150.0,34.9
11994,10821,4,2025-06-28,5,2,1,349.0,150.0,0.0
11995,10822,1,2025-06-29,7,1,1,299.0,129.0,0.0
11996,10823,4,2025-06-29,9,2,1,349.0,150.0,0.0
11997,10824,4,2025-06-29,7,2,1,314.1,150.0,34.9
11998,10825,5,2025-06-29,4,4,2,349.0,150.0,0.0
11999,10826,3,2025-06-29,1,2,1,329.0,142.0,0.0
12000,10827,6,2025-06-29,1,2,1,499.0,215.0,0.0
12001,10828,3,2025-06-29,3,1,1,329.0,142.0,0.0
12002,2726,5,2025-06-29,2,2,1,314.1,150.0,34.9
12003,10829,5,2025-06-29,1,5,1,314.1,150.0,34.9
12004,10830,5,2025-06-29,1,1,1,349.0,150.0,0.0
12005,10831,4,2025-06-29,2,5,1,349.0,150.0,0.0
12006,10832,5,2025-06-29,3,4,1,349.0,150.0,0.0
12007,10833,4,2025-06-29,1,5,1,349.0,150.0,0.0
12008,10834,2,2025-06-29,5,2,1,254.15,129.0,44.85
12009,10835,4,2025-06-29,,2,1,349.0,150.0,0.0
12010,10836,3,2025-06-29,3,3,1,279.65,142.0,49.35
12011,10837,2,2025-06-29,4,3,1,299.0,129.0,0.0
12012,10838,2,2025-06-29,7,2,1,299.0,129.0,0.0
12013,10839,4,2025-06-29,7,3,1,314.1,150.0,34.9
12014,8776,1,2025-06-29,4,2,1,299.0,129.0,0.0
12015,10840,5,2025-06-29,1,4,1,349.0,150.0,0.0
12016,10841,5,2025-06-29,3,5,1,349.0,150.0,0.0
12017,10842,4,2025-06-29,1,1,1,349.0,150.0,0.0
12018,10843,2,2025-06-29,3,5,1,299.0,129.0,0.0
12019,90104,2,2025-06-29,1,1,1,254.15,129.0,44.85
12020,965,6,2025-06-29,3,3,1,499.0,215.0,0.0
12021,10845,3,2025-06-30,6,4,1,329.0,142.0,0.0
12022,10846,4,2025-06-30,1,3,1,349.0,150.0,0.0
12023,10847,6,2025-06-30,2,1,1,449.1,215.0,49.9
12024,10848,3,2025-06-30,4,2,2,329.0,142.0,0.0
12025,10849,5,2025-06-30,2,3,1,349.0,150.0,0.0
12026,10850,1,2025-06-30,1,1,1,299.0,129.0,0.0
12027,10851,5,2025-06-30,5,1,1,296.65,150.0,52.35
12028,10852,1,2025-06-30,4,4,1,269.1,129.0,29.9
12029,10853,2,2025-06-30,3,2,1,269.1,129.0,29.9
12030,10854,2,2025-06-30,2,4,1,299.0,129.0,0.0
12031,10855,6,2025-06-30,7,1,1,499.0,215.0,0.0
12032,4280,5,2025-06-30,4,5,1,314.1,150.0,34.9
12033,10856,2,2025-06-30,4,2,1,254.15,129.0,44.85
12034,10857,3,2025-06-30,3,1,1,329.0,142.0,0.0
12035,10858,6,2025-06-30,4,1,2,499.0,215.0,0.0
12036,10859,3,2025-06-30,5,3,1,296.1,142.0,32.9
12037,10860,2,2025-06-30,8,3,1,269.1,129.0,29.9
12038,10861,5,2025-06-30,2,1,1,349.0,150.0,0.0
12039,10862,4,2025-06-30,1,1,1,296.65,150.0,52.35
12040,10863,5,2025-06-30,1,5,1,349.0,150.0,0.0
12041,10864,1,2025-06-30,3,5,1,299.0,129.0,0.0
12042,10865,5,2025-06-30,1,5,1,314.1,150.0,34.9
12043,10866,1,2025-06-30,2,3,1,269.1,129.0,29.9
12044,10867,4,2025-06-30,1,1,1,349.0,150.0,0.0
12045,10868,2,2025-06-30,7,1,2,299.0,129.0,0.0
12046,8654,5,2025-06-30,2,1,1,349.0,150.0,0.0
12047,10869,2,2025-06-30,4,1,1,299.0,129.0,0.0
12048,10870,6,2025-06-30,2,2,1,499.0,215.0,0.0
12049,10871,4,2025-06-30,5,1,1,349.0,150.0,0.0
12050,10872,2,2025-06-30,1,1,2,299.0,129.0,0.0
12051,10873,6,2025-06-30,8,4,2,424.15,215.0,74.85
12052,10874,4,2025-06-30,3,2,2,349.0,150.0,0.0
12053,10875,5,2025-06-30,3,1,2,314.1,150.0,34.9
12054,10876,2,2025-06-30,4,1,1,299.0,129.0,0.0
12055,10877,5,2025-06-30,6,3,1,349.0,150.0,0.0
12056,10878,4,2025-07-01,5,4,1,349.0,150.0,0.0
12057,10879,4,2025-07-01,2,3,1,349.0,150.0,0.0
12058,10880,5,2025-07-01,1,2,1,349.0,150.0,0.0
12059,10881,4,2025-07-01,3,1,1,349.0,150.0,0.0
12060,10882,4,2025-07-01,1,4,1,349.0,150.0,0.0
12061,10883,6,2025-07-01,1,1,1,449.1,215.0,49.9
12062,7786,1,2025-07-01,1,2,1,299.0,129.0,0.0
12063,10884,2,2025-07-01,3,1,1,299.0,129.0,0.0
12064,10885,4,2025-07-01,3,1,1,349.0,150.0,0.0
12065,10886,4,2025-07-01,1,5,1,296.65,150.0,52.35
12066,10887,4,2025-07-01,1,4,1,349.0,150.0,0.0
12067,10888,4,2025-07-01,8,1,1,349.0,150.0,0.0
12068,10889,6,2025-07-01,1,4,1,424.15,215.0,74.85
12069,10890,2,2025-07-01,1,3,1,299.0,129.0,0.0
12070,10891,5,2025-07-01,5,5,1,296.65,150.0,52.35
12071,10892,6,2025-07-01,1,1,1,499.0,215.0,0.0
12072,90405,1,2025-07-01,1,1,2,254.15,129.0,44.85
12073,10894,1,2025-07-01,3,1,1,269.1,129.0,29.9
12074,10895,5,2025-07-01,9,1,1,296.65,150.0,52.35
12075,10896,4,2025-07-01,5,2,1,349.0,150.0,0.0
12076,10897,2,2025-07-01,2,2,1,299.0,129.0,0.0
12077,10898,5,2025-07-01,5,2,1,296.65,150.0,52.35
12078,10899,6,2025-07-01,,1,1,499.0,215.0,0.0
12079,5298,4,2025-07-01,3,3,1,349.0,150.0,0.0
12080,4762,2,2025-07-01,1,1,1,299.0,129.0,0.0
12081,10900,4,2025-07-01,1,3,1,349.0,150.0,0.0
12082,3166,4,2025-07-01,7,2,1,314.1,150.0,34.9
12083,10901,3,2025-07-01,1,5,1,296.1,142.0,32.9
12084,10902,5,2025-07-01,1,5,1,349.0,150.0,0.0
12085,8586,6,2025-07-01,1,2,1,449.1,215.0,49.9
12086,10903,5,2025-07-01,3,5,1,349.0,150.0,0.0
12087,10904,2,2025-07-01,7,2,1,299.0,129.0,0.0
12088,10905,4,2025-07-01,5,3,1,349.0,150.0,0.0
12089,10906,5,2025-07-01,6,5,1,349.0,150.0,0.0
12090,10907,5,2025-07-01,2,2,1,349.0,150.0,0.0
12091,10908,3,2025-07-01,1,2,1,329.0,142.0,0.0
12092,10909,3,2025-07-02,2,5,1,329.0,142.0,0.0
12093,10910,5,2025-07-02,2,2,1,296.65,150.0,52.35
12094,10911,6,2025-07-02,7,2,1,449.1,215.0,49.9
12095,10912,2,2025-07-02,1,1,1,299.0,129.0,0.0
12096,10913,3,2025-07-02,6,3,1,329.0,142.0,0.0
12097,9277,1,2025-07-02,3,2,1,254.15,129.0,44.85
12098,10914,2,2025-07-02,3,5,2,299.0,129.0,0.0
12099,10915,5,2025-07-02,6,1,1,349.0,150.0,0.0
12100,10916,4,2025-07-02,1,4,1,349.0,150.0,0.0
12101,10917,6,2025-07-02,2,1,1,499.0,215.0,0.0
12102,10918,5,2025-07-02,1,2,1,349.0,150.0,0.0
12103,10919,1,2025-07-02,4,5,1,269.1,129.0,29.9
12104,10920,3,2025-07-02,2,1,1,279.65,142.0,49.35
12105,10921,4,2025-07-02,1,5,1,349.0,150.0,0.0
12106,6289,4,2025-07-02,8,4,1,349.0,150.0,0.0
12107,4979,1,2025-07-02,9,2,1,299.0,129.0,0.0
12108,10922,4,2025-07-02,4,1,1,296.65,150.0,52.35
12109,10923,1,2025-07-02,9,1,1,299.0,129.0,0.0
12110,10924,4,2025-07-02,3,2,1,349.0,150.0,0.0
12111,10925,2,2025-07-02,2,4,1,299.0,129.0,0.0
12112,10926,3,2025-07-02,2,3,2,329.0,142.0,0.0
12113,10927,5,2025-07-02,3,2,1,349.0,150.0,0.0
12114,10928,5,2025-07-02,,1,1,349.0,150.0,0.0
12115,10929,1,2025-07-02,3,1,1,299.0,129.0,0.0
12116,10930,4,2025-07-02,3,2,1,296.65,150.0,52.35
12117,10931,6,2025-07-02,3,4,1,424.15,215.0,74.85
12118,10932,4,2025-07-02,3,3,1,349.0,150.0,0.0
12119,10933,3,2025-07-02,6,1,1,329.0,142.0,0.0
12120,10934,3,2025-07-02,5,4,1,329.0,142.0,0.0
12121,10935,1,2025-07-02,1,1,1,299.0,129.0,0.0
12122,10936,2,2025-07-02,3,1,1,299.0,129.0,0.0
12123,10937,6,2025-07-02,4,1,1,449.1,215.0,49.9
12124,10938,1,2025-07-02,3,3,1,299.0,129.0,0.0
12125,10939,6,2025-07-02,5,3,1,499.0,215.0,0.0
12126,10940,2,2025-07-02,4,1,1,299.0,129.0,0.0
12127,10941,5,2025-07-02,2,2,1,349.0,150.0,0.0
12128,10942,2,2025-07-02,5,1,1,299.0,129.0,0.0
12129,10943,5,2025-07-03,4,1,1,349.0,150.0,0.0
12130,8160,4,2025-07-03,3,1,1,349.0,150.0,0.0
12131,10944,2,2025-07-03,6,1,1,299.0,129.0,0.0
12132,10945,1,2025-07-03,4,4,1,299.0,129.0,0.0
12133,10946,6,2025-07-03,1,2,1,499.0,215.0,0.0
12134,10947,5,2025-07-03,6,2,1,349.0,150.0,0.0
12135,10948,2,2025-07-03,5,3,1,299.0,129.0,0.0
12136,10949,5,2025-07-03,8,1,1,296.65,150.0,52.35
12137,10950,1,2025-07-03,2,5,1,299.0,129.0,0.0
12138,10951,1,2025-07-03,3,2,1,299.0,129.0,0.0
12139,10952,1,2025-07-03,2,1,1,299.0,129.0,0.0
12140,10953,5,2025-07-03,5,4,1,349.0,150.0,0.0
12141,10954,5,2025-07-03,5,1,1,349.0,150.0,0.0
12142,10955,5,2025-07-03,6,1,1,349.0,150.0,0.0
12143,10956,2,2025-07-03,7,1,1,269.1,129.0,29.9
12144,10957,4,2025-07-03,1,1,1,314.1,150.0,34.9
12145,10958,4,2025-07-03,3,1,1,349.0,150.0,0.0
12146,10959,6,2025-07-03,1,1,1,449.1,215.0,49.9
12147,10960,2,2025-07-03,2,2,1,299.0,129.0,0.0
12148,10961,5,2025-07-03,5,1,1,349.0,150.0,0.0
12149,10962,4,2025-07-03,,3,1,314.1,150.0,34.9
12150,10963,3,2025-07-03,3,4,1,296.1,142.0,32.9
12151,4936,6,2025-07-03,7,2,1,499.0,215.0,0.0
12152,10964,4,2025-07-03,1,1,1,349.0,150.0,0.0
12153,10965,5,2025-07-03,1,3,1,349.0,150.0,0.0
12154,10966,5,2025-07-03,3,2,1,314.1,150.0,34.9
12155,10967,4,2025-07-03,6,4,1,349.0,150.0,0.0
12156,10968,6,2025-07-03,3,1,2,499.0,215.0,0.0
12157,10413,4,2025-07-03,3,1,1,349.0,150.0,0.0
12158,10969,6,2025-07-03,3,5,1,499.0,215.0,0.0
12159,10970,4,2025-07-03,1,4,1,296.65,150.0,52.35
12160,10971,5,2025-07-03,1,3,1,349.0,150.0,0.0
12161,10972,6,2025-07-04,2,1,1,499.0,215.0,0.0
12162,10973,4,2025-07-04,3,1,1,314.1,150.0,34.9
12163,10974,5,2025-07-04,3,4,2,349.0,150.0,0.0
12164,10975,6,2025-07-04,6,1,1,499.0,215.0,0.0
12165,10976,2,2025-07-04,5,1,1,299.0,129.0,0.0
12166,10977,4,2025-07-04,1,2,1,296.65,150.0,52.35
12167,10978,2,2025-07-04,2,2,1,299.0,129.0,0.0
12168,10979,2,2025-07-04,8,2,1,299.0,129.0,0.0
12169,10980,5,2025-07-04,1,1,1,314.1,150.0,34.9
12170,10981,5,2025-07-04,1,5,1,349.0,150.0,0.0
12171,10982,6,2025-07-04,4,2,1,449.1,215.0,49.9
12172,10983,4,2025-07-04,2,2,1,349.0,150.0,0.0
12173,10984,6,2025-07-04,5,1,1,499.0,215.0,0.0
12174,10985,1,2025-07-04,8,5,1,299.0,129.0,0.0
12175,10986,5,2025-07-04,5,2,1,349.0,150.0,0.0
12176,10987,5,2025-07-04,3,4,1,349.0,150.0,0.0
12177,10988,2,2025-07-04,1,3,1,299.0,129.0,0.0
12178,9756,6,2025-07-04,2,4,1,499.0,215.0,0.0
12179,10989,1,2025-07-04,8,2,1,269.1,129.0,29.9
12180,10990,1,2025-07-04,5,3,2,299.0,129.0,0.0
12181,10991,1,2025-07-04,3,2,1,269.1,129.0,29.9
12182,2880,6,2025-07-04,5,3,1,449.1,215.0,49.9
12183,10992,5,2025-07-04,3,2,1,314.1,150.0,34.9
12184,10993,4,2025-07-04,1,1,1,349.0,150.0,0.0
12185,10994,1,2025-07-04,3,3,2,269.1,129.0,29.9
12186,10995,6,2025-07-04,1,2,1,424.15,215.0,74.85
12187,10996,4,2025-07-04,6,1,1,349.0,150.0,0.0
12188,5064,2,2025-07-04,1,2,1,269.1,129.0,29.9
12189,10997,3,2025-07-04,3,2,1,329.0,142.0,0.0
12190,10998,2,2025-07-04,1,1,1,269.1,129.0,29.9
12191,10999,2,2025-07-04,5,1,1,254.15,129.0,44.85
12192,11000,2,2025-07-04,7,2,1,269.1,129.0,29.9
12193,11001,2,2025-07-04,5,5,1,299.0,129.0,0.0
12194,11002,1,2025-07-04,7,1,1,299.0,129.0,0.0
12195,11003,4,2025-07-05,1,3,1,349.0,150.0,0.0
12196,11004,5,2025-07-05,1,5,1,349.0,150.0,0.0
12197,11005,2,2025-07-05,5,3,1,254.15,129.0,44.85
12198,11006,4,2025-07-05,4,1,1,349.0,150.0,0.0
12199,11007,5,2025-07-05,9,1,1,349.0,150.0,0.0
12200,11008,1,2025-07-05,3,2,1,269.1,129.0,29.9
12201,11009,6,2025-07-05,4,2,1,449.1,215.0,49.9
12202,11010,4,2025-07-05,1,2,1,314.1,150.0,34.9
12203,11011,1,2025-07-05,4,1,1,254.15,129.0,44.85
12204,11012,4,2025-07-05,2,2,1,296.65,150.0,52.35
12205,11013,6,2025-07-05,5,2,1,499.0,215.0,0.0
12206,11014,5,2025-07-05,3,2,1,349.0,150.0,0.0
12207,11015,4,2025-07-05,1,2,1,314.1,150.0,34.9
12208,11016,3,2025-07-05,5,1,1,329.0,142.0,0.0
12209,11017,6,2025-07-05,3,2,1,499.0,215.0,0.0
12210,11018,4,2025-07-05,3,2,1,314.1,150.0,34.9
12211,11019,5,2025-07-05,1,2,1,349.0,150.0,0.0
12212,11020,2,2025-07-05,1,1,2,299.0,129.0,0.0
12213,11021,5,2025-07-05,6,2,1,349.0,150.0,0.0
12214,11022,6,2025-07-05,1,1,1,499.0,215.0,0.0
12215,11023,4,2025-07-05,3,1,1,349.0,150.0,0.0
12216,11024,2,2025-07-05,3,2,1,299.0,129.0,0.0
12217,11025,2,2025-07-05,1,3,1,254.15,129.0,44.85
12218,11026,3,2025-07-05,1,1,1,329.0,142.0,0.0
12219,11027,6,2025-07-05,3,2,1,499.0,215.0,0.0
12220,11028,1,2025-07-05,2,5,1,254.15,129.0,44.85
12221,11029,5,2025-07-05,3,2,1,314.1,150.0,34.9
12222,11030,3,2025-07-05,5,2,1,329.0,142.0,0.0
12223,11031,4,2025-07-05,7,5,1,349.0,150.0,0.0
12224,11032,5,2025-07-05,5,1,1,296.65,150.0,52.35
12225,9228,2,2025-07-05,2,1,1,299.0,129.0,0.0
12226,11033,4,2025-07-05,6,2,1,349.0,150.0,0.0
12227,7816,2,2025-07-05,6,2,1,299.0,129.0,0.0
12228,11034,4,2025-07-05,3,2,1,349.0,150.0,0.0
12229,11035,4,2025-07-05,1,4,1,349.0,150.0,0.0
12230,11036,5,2025-07-05,6,2,1,349.0,150.0,0.0
12231,11037,5,2025-07-05,6,4,1,349.0,150.0,0.0
12232,11038,5,2025-07-06,5,2,2,296.65,150.0,52.35
12233,11039,2,2025-07-06,1,2,2,299.0,129.0,0.0
12234,11040,5,2025-07-06,3,2,1,314.1,150.0,34.9
12235,11041,4,2025-07-06,1,4,1,349.0,150.0,0.0
12236,11042,1,2025-07-06,8,1,2,299.0,129.0,0.0
12237,2564,4,2025-07-06,,4,1,349.0,150.0,0.0
12238,11043,2,2025-07-06,3,1,1,299.0,129.0,0.0
12239,11044,4,2025-07-06,1,1,1,349.0,150.0,0.0
12240,11045,4,2025-07-06,2,4,2,349.0,150.0,0.0
12241,11046,2,2025-07-06,1,1,1,299.0,129.0,0.0
12242,11047,4,2025-07-06,7,1,1,349.0,150.0,0.0
12243,11048,4,2025-07-06,1,5,1,349.0,150.0,0.0
12244,11049,4,2025-07-06,2,2,1,349.0,150.0,0.0
12245,11050,4,2025-07-06,6,1,1,349.0,150.0,0.0
12246,11051,1,2025-07-06,4,5,1,299.0,129.0,0.0
12247,11052,6,2025-07-06,1,5,2,499.0,215.0,0.0
12248,11053,6,2025-07-06,1,5,1,499.0,215.0,0.0
12249,11054,3,2025-07-06,5,1,1,329.0,142.0,0.0
12250,11055,1,2025-07-06,4,2,1,299.0,129.0,0.0
12251,11056,4,2025-07-06,4,2,1,349.0,150.0,0.0
12252,11057,2,2025-07-06,8,2,1,299.0,129.0,0.0
12253,4594,1,2025-07-06,1,3,1,299.0,129.0,0.0
12254,11058,5,2025-07-06,3,1,1,349.0,150.0,0.0
12255,11059,6,2025-07-06,3,1,1,499.0,215.0,0.0
12256,11060,2,2025-07-06,5,2,1,299.0,129.0,0.0
12257,11061,5,2025-07-06,1,1,1,349.0,150.0,0.0
12258,11062,1,2025-07-06,3,1,1,299.0,129.0,0.0
12259,11063,5,2025-07-06,1,1,1,349.0,150.0,0.0
12260,11064,3,2025-07-06,2,2,1,329.0,142.0,0.0
12261,11065,4,2025-07-06,4,3,2,296.65,150.0,52.35
12262,11066,4,2025-07-06,1,5,2,314.1,150.0,34.9
12263,11067,1,2025-07-06,4,1,1,299.0,129.0,0.0
12264,11068,4,2025-07-06,8,5,1,349.0,150.0,0.0
12265,11069,1,2025-07-06,1,5,1,299.0,129.0,0.0
12266,11070,4,2025-07-06,3,4,1,349.0,150.0,0.0
12267,11071,2,2025-07-07,1,3,1,299.0,129.0,0.0
12268,11072,5,2025-07-07,3,4,1,349.0,150.0,0.0
12269,11073,5,2025-07-07,1,1,1,349.0,150.0,0.0
12270,618,2,2025-07-07,1,5,1,299.0,129.0,0.0
12271,11074,5,2025-07-07,4,1,1,296.65,150.0,52.35
12272,459,3,2025-07-07,2,1,2,329.0,142.0,0.0
12273,11075,5,2025-07-07,7,1,1,349.0,150.0,0.0
12274,11076,4,2025-07-07,1,1,1,349.0,150.0,0.0
12275,11077,2,2025-07-07,7,3,1,299.0,129.0,0.0
12276,11078,2,2025-07-07,2,1,1,299.0,129.0,0.0
12277,11079,5,2025-07-07,3,1,2,296.65,150.0,52.35
12278,11080,2,2025-07-07,1,2,1,269.1,129.0,29.9
12279,11081,5,2025-07-07,5,2,1,349.0,150.0,0.0
12280,6270,1,2025-07-07,8,1,1,299.0,129.0,0.0
12281,11082,6,2025-07-07,5,1,1,499.0,215.0,0.0
12282,11083,4,2025-07-07,3,1,1,314.1,150.0,34.9
12283,11084,4,2025-07-07,5,1,1,349.0,150.0,0.0
12284,11085,4,2025-07-07,5,4,1,349.0,150.0,0.0
12285,209,4,2025-07-07,3,2,1,349.0,150.0,0.0
12286,11086,1,2025-07-07,5,2,2,299.0,129.0,0.0
12287,11087,2,2025-07-07,9,5,1,299.0,129.0,0.0
12288,6693,4,2025-07-07,3,1,1,349.0,150.0,0.0
12289,11088,2,2025-07-07,1,2,2,299.0,129.0,0.0
12290,11089,3,2025-07-07,4,4,2,329.0,142.0,0.0
12291,11090,2,2025-07-07,8,1,1,299.0,129.0,0.0
12292,11091,6,2025-07-07,2,1,1,424.15,215.0,74.85
12293,11092,1,2025-07-07,8,3,1,299.0,129.0,0.0
12294,11093,4,2025-07-07,3,2,1,349.0,150.0,0.0
12295,2526,1,2025-07-07,4,1,1,299.0,129.0,0.0
12296,11094,4,2025-07-07,1,2,1,314.1,150.0,34.9
12297,11095,2,2025-07-07,2,1,1,269.1,129.0,29.9
12298,11096,3,2025-07-07,5,3,1,329.0,142.0,0.0
12299,11097,1,2025-07-08,4,1,1,299.0,129.0,0.0
12300,11098,5,2025-07-08,1,5,1,349.0,150.0,0.0
12301,11099,2,2025-07-08,6,2,1,254.15,129.0,44.85
12302,11100,5,2025-07-08,3,2,1,314.1,150.0,34.9
12303,11101,5,2025-07-08,3,1,1,349.0,150.0,0.0
12304,11102,5,2025-07-08,3,1,1,349.0,150.0,0.0
12305,11103,6,2025-07-08,4,2,1,499.0,215.0,0.0
12306,11104,5,2025-07-08,8,2,1,349.0,150.0,0.0
12307,11105,4,2025-07-08,8,1,1,349.0,150.0,0.0
12308,11106,1,2025-07-08,3,1,1,299.0,129.0,0.0
12309,11107,5,2025-07-08,1,5,1,314.1,150.0,34.9
12310,11108,3,2025-07-08,4,4,1,329.0,142.0,0.0
12311,11109,5,2025-07-08,1,3,1,349.0,150.0,0.0
12312,11110,1,2025-07-08,1,2,1,254.15,129.0,44.85
12313,11111,3,2025-07-08,4,5,1,329.0,142.0,0.0
12314,3062,6,2025-07-08,1,2,2,499.0,215.0,0.0
12315,11112,3,2025-07-08,8,1,1,296.1,142.0,32.9
12316,11113,6,2025-07-08,5,4,1,449.1,215.0,49.9
12317,11114,6,2025-07-08,1,2,1,499.0,215.0,0.0
12318,11115,5,2025-07-08,3,2,2,349.0,150.0,0.0
12319,1746,1,2025-07-08,3,1,1,299.0,129.0,0.0
12320,11116,2,2025-07-08,3,3,1,299.0,129.0,0.0
12321,11117,4,2025-07-08,7,1,1,349.0,150.0,0.0
12322,11118,5,2025-07-08,1,4,1,349.0,150.0,0.0
12323,11119,1,2025-07-08,3,3,1,299.0,129.0,0.0
12324,11120,2,2025-07-08,1,4,1,299.0,129.0,0.0
12325,4311,5,2025-07-08,6,1,1,314.1,150.0,34.9
12326,11121,4,2025-07-08,1,5,1,314.1,150.0,34.9
12327,11122,6,2025-07-08,3,2,1,424.15,215.0,74.85
12328,11123,2,2025-07-08,6,4,1,299.0,129.0,0.0
12329,11124,1,2025-07-08,1,5,1,299.0,129.0,0.0
12330,11125,6,2025-07-08,5,1,1,499.0,215.0,0.0
12331,11126,4,2025-07-08,4,3,1,296.65,150.0,52.35
12332,11127,4,2025-07-08,6,2,1,296.65,150.0,52.35
12333,11128,6,2025-07-09,8,1,1,499.0,215.0,0.0
12334,11129,6,2025-07-09,5,3,1,499.0,215.0,0.0
12335,11130,5,2025-07-09,1,1,1,349.0,150.0,0.0
12336,11131,5,2025-07-09,7,2,1,349.0,150.0,0.0
12337,11132,5,2025-07-09,3,2,1,349.0,150.0,0.0
12338,11133,2,2025-07-09,5,5,1,299.0,129.0,0.0
12339,11134,3,2025-07-09,2,4,1,329.0,142.0,0.0
12340,11135,2,2025-07-09,7,3,1,299.0,129.0,0.0
12341,11136,5,2025-07-09,6,5,1,349.0,150.0,0.0
12342,11137,1,2025-07-09,3,2,2,299.0,129.0,0.0
12343,11138,6,2025-07-09,1,1,1,499.0,215.0,0.0
12344,11139,4,2025-07-09,7,1,1,349.0,150.0,0.0
12345,11140,3,2025-07-09,1,1,1,329.0,142.0,0.0
12346,11141,5,2025-07-09,3,2,1,349.0,150.0,0.0
12347,11142,1,2025-07-09,3,2,1,299.0,129.0,0.0
12348,11143,2,2025-07-09,1,5,1,254.15,129.0,44.85
12349,11144,5,2025-07-09,3,1,2,349.0,150.0,0.0
12350,11145,6,2025-07-09,6,5,1,499.0,215.0,0.0
12351,11146,1,2025-07-09,1,2,1,299.0,129.0,0.0
12352,11147,6,2025-07-09,2,4,1,449.1,215.0,49.9
12353,11148,5,2025-07-09,1,3,1,349.0,150.0,0.0
12354,11149,1,2025-07-09,1,1,1,299.0,129.0,0.0
12355,11150,3,2025-07-09,1,2,1,329.0,142.0,0.0
12356,11151,5,2025-07-09,5,2,2,314.1,150.0,34.9
12357,11152,2,2025-07-09,1,2,1,299.0,129.0,0.0
12358,11153,4,2025-07-09,6,3,1,349.0,150.0,0.0
12359,11154,5,2025-07-09,2,2,1,349.0,150.0,0.0
12360,11155,1,2025-07-09,8,3,1,299.0,129.0,0.0
12361,11156,4,2025-07-09,5,3,1,349.0,150.0,0.0
12362,11157,6,2025-07-09,5,2,2,499.0,215.0,0.0
12363,6946,4,2025-07-09,7,2,1,349.0,150.0,0.0
12364,11158,5,2025-07-09,3,1,1,349.0,150.0,0.0
12365,11159,5,2025-07-09,4,3,1,349.0,150.0,0.0
12366,11160,6,2025-07-09,2,1,1,499.0,215.0,0.0
12367,11161,3,2025-07-09,4,5,1,296.1,142.0,32.9
12368,11162,1,2025-07-09,2,1,1,299.0,129.0,0.0
12369,11163,6,2025-07-10,1,1,1,499.0,215.0,0.0
12370,11164,2,2025-07-10,2,3,1,299.0,129.0,0.0
12371,11165,2,2025-07-10,4,2,1,299.0,129.0,0.0
12372,11166,6,2025-07-10,1,3,1,449.1,215.0,49.9
12373,11167,4,2025-07-10,5,1,1,314.1,150.0,34.9
12374,11168,5,2025-07-10,1,1,1,349.0,150.0,0.0
12375,11169,5,2025-07-10,5,2,1,314.1,150.0,34.9
12376,11170,1,2025-07-10,1,1,1,299.0,129.0,0.0
12377,11171,4,2025-07-10,2,1,1,349.0,150.0,0.0
12378,11172,6,2025-07-10,1,1,1,499.0,215.0,0.0
12379,11173,3,2025-07-10,2,3,1,329.0,142.0,0.0
12380,11174,1,2025-07-10,2,3,1,269.1,129.0,29.9
12381,11175,4,2025-07-10,8,3,1,314.1,150.0,34.9
12382,11176,6,2025-07-10,2,1,1,499.0,215.0,0.0
12383,11177,6,2025-07-10,7,4,1,449.1,215.0,49.9
12384,11178,4,2025-07-10,1,1,1,314.1,150.0,34.9
12385,11179,3,2025-07-10,8,3,1,329.0,142.0,0.0
12386,11180,4,2025-07-10,3,1,1,349.0,150.0,0.0
12387,11181,6,2025-07-10,1,1,1,499.0,215.0,0.0
12388,6115,4,2025-07-10,6,1,1,349.0,150.0,0.0
12389,11182,2,2025-07-10,4,1,1,299.0,129.0,0.0
12390,11183,6,2025-07-10,2,1,1,499.0,215.0,0.0
12391,11184,4,2025-07-10,5,2,1,349.0,150.0,0.0
12392,11185,1,2025-07-10,2,4,1,299.0,129.0,0.0
12393,11186,1,2025-07-10,4,2,1,269.1,129.0,29.9
12394,11187,4,2025-07-10,2,2,1,349.0,150.0,0.0
12395,11188,1,2025-07-10,5,2,1,269.1,129.0,29.9
12396,11189,2,2025-07-10,1,3,2,254.15,129.0,44.85
12397,11190,1,2025-07-10,4,1,1,299.0,129.0,0.0
12398,11191,4,2025-07-10,1,3,1,349.0,150.0,0.0
12399,11192,1,2025-07-10,3,1,1,254.15,129.0,44.85
12400,11193,5,2025-07-10,2,2,1,349.0,150.0,0.0
12401,11194,5,2025-07-10,1,2,1,296.65,150.0,52.35
12402,11195,2,2025-07-10,4,3,1,299.0,129.0,0.0
12403,5048,3,2025-07-10,3,1,2,279.65,142.0,49.35
12404,11196,6,2025-07-10,1,1,1,499.0,215.0,0.0
12405,11197,5,2025-07-10,1,1,1,349.0,150.0,0.0
12406,11198,5,2025-07-10,2,2,1,349.0,150.0,0.0
12407,11199,4,2025-07-10,7,3,1,349.0,150.0,0.0
12408,2275,5,2025-07-11,1,5,1,349.0,150.0,0.0
12409,11200,4,2025-07-11,4,1,1,349.0,150.0,0.0
12410,11201,4,2025-07-11,1,3,1,349.0,150.0,0.0
12411,11202,5,2025-07-11,1,3,2,349.0,150.0,0.0
12412,5147,4,2025-07-11,3,1,2,349.0,150.0,0.0
12413,11203,1,2025-07-11,1,1,1,299.0,129.0,0.0
12414,10161,6,2025-07-11,1,2,1,499.0,215.0,0.0
12415,1308,6,2025-07-11,5,1,1,499.0,215.0,0.0
12416,4964,5,2025-07-11,1,4,1,349.0,150.0,0.0
12417,11204,5,2025-07-11,7,3,1,349.0,150.0,0.0
12418,11205,4,2025-07-11,4,3,1,349.0,150.0,0.0
12419,11206,4,2025-07-11,2,1,1,349.0,150.0,0.0
12420,11207,4,2025-07-11,3,1,1,349.0,150.0,0.0
12421,11208,5,2025-07-11,7,2,1,314.1,150.0,34.9
12422,11209,4,2025-07-11,5,4,1,296.65,150.0,52.35
12423,11210,2,2025-07-11,7,3,1,269.1,129.0,29.9
12424,6726,4,2025-07-11,2,1,1,349.0,150.0,0.0
12425,11211,4,2025-07-11,7,2,1,349.0,150.0,0.0
12426,11212,4,2025-07-11,7,3,1,349.0,150.0,0.0
12427,11213,6,2025-07-11,4,5,1,499.0,215.0,0.0
12428,11214,4,2025-07-11,3,1,1,349.0,150.0,0.0
12429,11215,1,2025-07-11,1,5,1,299.0,129.0,0.0
12430,11216,4,2025-07-11,1,5,2,349.0,150.0,0.0
12431,11217,6,2025-07-11,1,2,1,499.0,215.0,0.0
12432,11218,5,2025-07-11,9,1,1,314.1,150.0,34.9
12433,11219,2,2025-07-11,5,1,1,299.0,129.0,0.0
12434,11220,3,2025-07-11,8,3,1,329.0,142.0,0.0
12435,11221,4,2025-07-11,7,1,1,349.0,150.0,0.0
12436,11222,6,2025-07-11,1,1,1,499.0,215.0,0.0
12437,11223,5,2025-07-11,3,2,1,314.1,150.0,34.9
12438,11224,5,2025-07-11,4,2,1,349.0,150.0,0.0
12439,11225,4,2025-07-12,5,3,1,349.0,150.0,0.0
12440,11226,2,2025-07-12,6,2,1,299.0,129.0,0.0
12441,11227,5,2025-07-12,1,2,1,314.1,150.0,34.9
12442,11228,3,2025-07-12,6,3,1,279.65,142.0,49.35
12443,11229,4,2025-07-12,7,1,1,349.0,150.0,0.0
12444,11230,1,2025-07-12,1,5,1,299.0,129.0,0.0
12445,11231,4,2025-07-12,3,1,1,349.0,150.0,0.0
12446,11232,1,2025-07-12,1,2,1,269.1,129.0,29.9
12447,11233,4,2025-07-12,6,3,1,349.0,150.0,0.0
12448,11234,4,2025-07-12,5,1,1,349.0,150.0,0.0
12449,11235,1,2025-07-12,1,3,1,299.0,129.0,0.0
12450,11236,4,2025-07-12,1,1,1,314.1,150.0,34.9
12451,11237,4,2025-07-12,2,2,1,349.0,150.0,0.0
12452,11238,5,2025-07-12,3,4,1,349.0,150.0,0.0
12453,11239,4,2025-07-12,7,2,1,349.0,150.0,0.0
12454,11240,5,2025-07-12,1,5,1,314.1,150.0,34.9
12455,11241,6,2025-07-12,5,2,1,499.0,215.0,0.0
12456,11242,4,2025-07-12,3,1,1,314.1,150.0,34.9
12457,11243,4,2025-07-12,7,3,1,349.0,150.0,0.0
12458,11244,5,2025-07-12,6,2,1,349.0,150.0,0.0
12459,11245,4,2025-07-12,5,1,1,349.0,150.0,0.0
12460,11246,5,2025-07-12,3,1,1,349.0,150.0,0.0
12461,11247,6,2025-07-12,2,1,1,499.0,215.0,0.0
12462,11248,6,2025-07-12,3,2,1,449.1,215.0,49.9
12463,11249,4,2025-07-12,1,2,1,349.0,150.0,0.0
12464,11250,4,2025-07-12,1,2,1,349.0,150.0,0.0
12465,11251,1,2025-07-12,3,5,1,299.0,129.0,0.0
12466,11252,4,2025-07-12,5,4,1,349.0,150.0,0.0
12467,11253,4,2025-07-12,1,1,2,349.0,150.0,0.0
12468,11254,2,2025-07-12,5,1,1,299.0,129.0,0.0
12469,11255,3,2025-07-12,6,5,1,329.0,142.0,0.0
12470,11256,6,2025-07-13,3,3,1,499.0,215.0,0.0
12471,11257,2,2025-07-13,1,5,1,269.1,129.0,29.9
12472,11258,3,2025-07-13,5,3,1,329.0,142.0,0.0
12473,11259,1,2025-07-13,4,2,2,299.0,129.0,0.0
12474,11260,2,2025-07-13,9,4,1,299.0,129.0,0.0
12475,11261,4,2025-07-13,5,1,2,349.0,150.0,0.0
12476,90212,2,2025-07-13,3,4,1,299.0,129.0,0.0
12477,11263,1,2025-07-13,1,3,1,299.0,129.0,0.0
12478,10275,5,2025-07-13,3,2,1,349.0,150.0,0.0
12479,1246,4,2025-07-13,4,1,1,349.0,150.0,0.0
12480,11264,3,2025-07-13,7,2,1,329.0,142.0,0.0
12481,11265,3,2025-07-13,5,1,1,296.1,142.0,32.9
12482,11266,2,2025-07-13,3,4,1,299.0,129.0,0.0
12483,11267,6,2025-07-13,5,2,1,424.15,215.0,74.85
12484,11268,3,2025-07-13,5,5,1,296.1,142.0,32.9
12485,11269,5,2025-07-13,1,3,1,314.1,150.0,34.9
12486,11270,4,2025-07-13,6,1,1,349.0,150.0,0.0
12487,11271,2,2025-07-13,2,2,1,299.0,129.0,0.0
12488,11272,2,2025-07-13,1,2,1,299.0,129.0,0.0
12489,11273,4,2025-07-13,2,5,1,349.0,150.0,0.0
12490,11274,4,2025-07-13,3,5,1,349.0,150.0,0.0
12491,11275,2,2025-07-13,1,2,1,299.0,129.0,0.0
12492,11276,2,2025-07-13,1,2,1,299.0,129.0,0.0
12493,11277,1,2025-07-13,2,2,1,299.0,129.0,0.0
12494,11278,5,2025-07-13,2,2,1,314.1,150.0,34.9
12495,225,2,2025-07-13,2,3,1,299.0,129.0,0.0
12496,11279,5,2025-07-13,6,1,1,314.1,150.0,34.9
12497,11280,1,2025-07-13,8,3,1,299.0,129.0,0.0
12498,11281,6,2025-07-13,7,3,1,499.0,215.0,0.0
12499,11282,2,2025-07-13,5,1,1,299.0,129.0,0.0
12500,11283,1,2025-07-13,4,2,1,269.1,129.0,29.9
12501,11284,1,2025-07-13,3,1,1,299.0,129.0,0.0
12502,11285,4,2025-07-14,4,5,1,349.0,150.0,0.0
12503,11286,4,2025-07-14,2,2,2,349.0,150.0,0.0
12504,11287,1,2025-07-14,7,4,1,299.0,129.0,0.0
12505,11288,4,2025-07-14,2,1,1,349.0,150.0,0.0
12506,11289,5,2025-07-14,5,3,1,349.0,150.0,0.0
12507,1036,4,2025-07-14,1,5,1,349.0,150.0,0.0
12508,11290,2,2025-07-14,1,1,1,299.0,129.0,0.0
12509,7580,5,2025-07-14,5,2,1,296.65,150.0,52.35
12510,11291,4,2025-07-14,4,1,1,349.0,150.0,0.0
12511,11292,4,2025-07-14,2,2,1,314.1,150.0,34.9
12512,11293,2,2025-07-14,3,5,1,299.0,129.0,0.0
12513,11294,3,2025-07-14,1,5,1,279.65,142.0,49.35
12514,11295,4,2025-07-14,1,4,1,349.0,150.0,0.0
12515,11296,3,2025-07-14,3,2,1,329.0,142.0,0.0
12516,11297,3,2025-07-14,2,1,1,279.65,142.0,49.35
12517,11298,2,2025-07-14,5,5,1,299.0,129.0,0.0
12518,11299,1,2025-07-14,7,5,1,299.0,129.0,0.0
12519,11300,5,2025-07-14,2,2,1,349.0,150.0,0.0
12520,11301,5,2025-07-14,7,2,2,349.0,150.0,0.0
12521,11302,2,2025-07-14,5,5,1,299.0,129.0,0.0
12522,11303,5,2025-07-14,3,2,1,349.0,150.0,0.0
12523,11304,4,2025-07-14,4,1,1,349.0,150.0,0.0
12524,11305,5,2025-07-14,5,1,1,349.0,150.0,0.0
12525,11306,4,2025-07-14,7,2,1,349.0,150.0,0.0
12526,11307,5,2025-07-14,1,3,1,349.0,150.0,0.0
12527,11308,1,2025-07-14,1,1,2,299.0,129.0,0.0
12528,11309,5,2025-07-14,1,1,1,349.0,150.0,0.0
12529,11310,3,2025-07-14,4,3,1,279.65,142.0,49.35
12530,2327,6,2025-07-14,4,4,1,499.0,215.0,0.0
12531,11311,5,2025-07-14,3,5,1,349.0,150.0,0.0
12532,11312,3,2025-07-14,5,2,1,296.1,142.0,32.9
12533,11313,1,2025-07-14,3,5,1,254.15,129.0,44.85
12534,11314,4,2025-07-14,2,1,1,349.0,150.0,0.0
12535,11315,2,2025-07-15,2,3,1,299.0,129.0,0.0
12536,11316,4,2025-07-15,7,5,1,349.0,150.0,0.0
12537,11317,6,2025-07-15,1,3,2,499.0,215.0,0.0
12538,11318,1,2025-07-15,4,2,1,299.0,129.0,0.0
12539,11319,5,2025-07-15,5,2,1,314.1,150.0,34.9
12540,6318,1,2025-07-15,1,2,1,299.0,129.0,0.0
12541,11320,1,2025-07-15,3,2,1,299.0,129.0,0.0
12542,11321,1,2025-07-15,1,1,1,269.1,129.0,29.9
12543,11322,3,2025-07-15,1,1,2,329.0,142.0,0.0
12544,11323,5,2025-07-15,1,1,1,349.0,150.0,0.0
12545,11324,2,2025-07-15,6,2,1,269.1,129.0,29.9
12546,5737,1,2025-07-15,4,5,1,299.0,129.0,0.0
12547,896,5,2025-07-15,8,2,1,296.65,150.0,52.35
12548,11325,5,2025-07-15,2,2,2,349.0,150.0,0.0
12549,11326,2,2025-07-15,1,2,2,299.0,129.0,0.0
12550,11327,5,2025-07-15,3,4,1,349.0,150.0,0.0
12551,11328,2,2025-07-15,5,3,1,299.0,129.0,0.0
12552,11329,3,2025-07-15,1,1,2,329.0,142.0,0.0
12553,11330,5,2025-07-15,4,2,1,349.0,150.0,0.0
12554,11331,4,2025-07-15,8,2,1,349.0,150.0,0.0
12555,11332,4,2025-07-15,1,3,1,296.65,150.0,52.35
12556,11333,5,2025-07-15,4,3,2,349.0,150.0,0.0
12557,11334,4,2025-07-15,1,1,1,349.0,150.0,0.0
12558,6875,5,2025-07-15,1,1,1,349.0,150.0,0.0
12559,11335,6,2025-07-15,7,2,1,499.0,215.0,0.0
12560,11336,5,2025-07-15,3,3,1,349.0,150.0,0.0
12561,11337,5,2025-07-15,2,1,1,349.0,150.0,0.0
12562,11338,6,2025-07-15,2,2,1,499.0,215.0,0.0
12563,11339,5,2025-07-15,6,1,1,349.0,150.0,0.0
12564,6429,3,2025-07-15,2,2,1,279.65,142.0,49.35
12565,11340,4,2025-07-15,5,1,1,349.0,150.0,0.0
12566,11341,4,2025-07-15,2,2,1,349.0,150.0,0.0
12567,11342,5,2025-07-15,4,4,1,296.65,150.0,52.35
12568,11343,5,2025-07-15,1,1,1,349.0,150.0,0.0
12569,11344,4,2025-07-16,5,1,1,296.65,150.0,52.35
12570,11345,2,2025-07-16,8,5,1,269.1,129.0,29.9
12571,11346,2,2025-07-16,3,5,1,254.15,129.0,44.85
12572,11347,5,2025-07-16,5,2,1,296.65,150.0,52.35
12573,7535,5,2025-07-16,5,2,1,349.0,150.0,0.0
12574,11348,5,2025-07-16,2,3,1,349.0,150.0,0.0
12575,11349,4,2025-07-16,3,2,2,349.0,150.0,0.0
12576,6900,3,2025-07-16,,2,1,329.0,142.0,0.0
12577,11350,2,2025-07-16,4,4,1,269.1,129.0,29.9
12578,11351,3,2025-07-16,3,2,1,329.0,142.0,0.0
12579,11352,3,2025-07-16,5,1,1,329.0,142.0,0.0
12580,11353,3,2025-07-16,2,4,1,329.0,142.0,0.0
12581,11354,5,2025-07-16,1,2,1,349.0,150.0,0.0
12582,11355,5,2025-07-16,5,4,1,296.65,150.0,52.35
12583,11356,1,2025-07-16,1,3,1,299.0,129.0,0.0
12584,11357,6,2025-07-16,7,2,1,499.0,215.0,0.0
12585,11358,4,2025-07-16,2,3,1,349.0,150.0,0.0
12586,11359,5,2025-07-16,9,1,1,314.1,150.0,34.9
12587,11360,3,2025-07-16,4,5,1,329.0,142.0,0.0
12588,3740,3,2025-07-16,2,1,1,279.65,142.0,49.35
12589,11361,4,2025-07-16,7,3,1,296.65,150.0,52.35
12590,11362,5,2025-07-16,3,3,1,349.0,150.0,0.0
12591,11363,4,2025-07-16,1,2,2,349.0,150.0,0.0
12592,11364,4,2025-07-16,2,2,1,349.0,150.0,0.0
12593,11365,1,2025-07-16,1,4,1,299.0,129.0,0.0
12594,11366,1,2025-07-16,7,1,1,299.0,129.0,0.0
12595,11367,5,2025-07-16,2,3,1,349.0,150.0,0.0
12596,11368,4,2025-07-16,1,1,1,349.0,150.0,0.0
12597,3912,1,2025-07-16,5,1,1,299.0,129.0,0.0
12598,11369,5,2025-07-16,8,1,1,349.0,150.0,0.0
12599,11370,1,2025-07-16,6,2,2,299.0,129.0,0.0
12600,11371,5,2025-07-17,3,1,2,349.0,150.0,0.0
12601,11372,4,2025-07-17,6,3,1,314.1,150.0,34.9
12602,11373,1,2025-07-17,5,1,1,299.0,129.0,0.0
12603,11374,5,2025-07-17,1,2,1,349.0,150.0,0.0
12604,11375,2,2025-07-17,6,2,1,299.0,129.0,0.0
12605,11376,5,2025-07-17,7,2,1,349.0,150.0,0.0
12606,11377,5,2025-07-17,1,5,1,349.0,150.0,0.0
12607,11378,1,2025-07-17,2,2,1,299.0,129.0,0.0
12608,11379,6,2025-07-17,4,3,1,424.15,215.0,74.85
12609,11380,2,2025-07-17,2,1,1,299.0,129.0,0.0
12610,11381,5,2025-07-17,8,4,2,349.0,150.0,0.0
12611,11382,5,2025-07-17,7,2,1,296.65,150.0,52.35
12612,6203,5,2025-07-17,1,1,1,349.0,150.0,0.0
12613,11383,2,2025-07-17,,2,1,254.15,129.0,44.85
12614,11384,2,2025-07-17,3,3,1,299.0,129.0,0.0
12615,11385,6,2025-07-17,5,5,1,499.0,215.0,0.0
12616,11386,4,2025-07-17,6,1,1,296.65,150.0,52.35
12617,11387,5,2025-07-17,2,1,1,314.1,150.0,34.9
12618,11388,5,2025-07-17,7,3,1,296.65,150.0,52.35
12619,11389,4,2025-07-17,3,3,1,296.65,150.0,52.35
12620,11390,4,2025-07-17,3,2,1,349.0,150.0,0.0
12621,11391,2,2025-07-17,7,2,1,299.0,129.0,0.0
12622,11392,1,2025-07-17,1,5,1,299.0,129.0,0.0
12623,11393,1,2025-07-17,6,3,1,299.0,129.0,0.0
12624,11394,1,2025-07-17,3,2,1,299.0,129.0,0.0
12625,11395,4,2025-07-17,5,2,1,349.0,150.0,0.0
12626,11396,5,2025-07-17,2,4,1,349.0,150.0,0.0
12627,11397,3,2025-07-17,5,2,2,329.0,142.0,0.0
12628,11398,3,2025-07-17,4,3,1,279.65,142.0,49.35
12629,11399,5,2025-07-17,4,3,1,314.1,150.0,34.9
12630,11400,6,2025-07-17,1,3,1,499.0,215.0,0.0
12631,11401,6,2025-07-17,4,5,1,499.0,215.0,0.0
12632,11402,3,2025-07-17,1,4,1,329.0,142.0,0.0
12633,11403,5,2025-07-17,5,3,1,349.0,150.0,0.0
12634,11404,1,2025-07-17,1,2,1,269.1,129.0,29.9
12635,11405,1,2025-07-17,1,2,1,269.1,129.0,29.9
12636,1979,6,2025-07-17,3,3,1,499.0,215.0,0.0
12637,11406,6,2025-07-17,8,1,1,499.0,215.0,0.0
12638,11407,4,2025-07-18,4,4,2,349.0,150.0,0.0
12639,11408,4,2025-07-18,2,5,1,349.0,150.0,0.0
12640,5743,3,2025-07-18,3,5,1,296.1,142.0,32.9
12641,11409,2,2025-07-18,1,4,2,269.1,129.0,29.9
12642,11410,1,2025-07-18,4,1,1,299.0,129.0,0.0
12643,11411,4,2025-07-18,3,3,1,349.0,150.0,0.0
12644,11412,6,2025-07-18,4,1,1,499.0,215.0,0.0
12645,11413,4,2025-07-18,3,2,1,349.0,150.0,0.0
12646,11414,4,2025-07-18,6,3,1,349.0,150.0,0.0
12647,11415,2,2025-07-18,7,3,1,299.0,129.0,0.0
12648,11416,6,2025-07-18,1,1,1,424.15,215.0,74.85
12649,11417,3,2025-07-18,1,2,1,329.0,142.0,0.0
12650,4025,6,2025-07-18,1,1,1,449.1,215.0,49.9
12651,11418,6,2025-07-18,5,2,1,499.0,215.0,0.0
12652,11419,3,2025-07-18,6,2,1,329.0,142.0,0.0
12653,11420,4,2025-07-18,9,1,1,314.1,150.0,34.9
12654,11421,4,2025-07-18,4,4,1,349.0,150.0,0.0
12655,11422,2,2025-07-18,3,1,1,299.0,129.0,0.0
12656,11423,3,2025-07-18,1,3,1,279.65,142.0,49.35
12657,6722,5,2025-07-18,1,1,2,314.1,150.0,34.9
12658,11424,5,2025-07-18,4,4,1,349.0,150.0,0.0
12659,11425,5,2025-07-18,3,2,1,349.0,150.0,0.0
12660,11426,4,2025-07-18,2,1,1,349.0,150.0,0.0
12661,11427,1,2025-07-18,3,3,1,269.1,129.0,29.9
12662,11428,4,2025-07-18,4,1,1,349.0,150.0,0.0
12663,11429,2,2025-07-19,2,3,1,299.0,129.0,0.0
12664,11430,3,2025-07-19,3,2,1,279.65,142.0,49.35
12665,11431,2,2025-07-19,1,3,1,299.0,129.0,0.0
12666,11432,1,2025-07-19,1,3,1,299.0,129.0,0.0
12667,11433,6,2025-07-19,1,5,1,499.0,215.0,0.0
12668,11434,3,2025-07-19,1,3,1,329.0,142.0,0.0
12669,11435,1,2025-07-19,1,2,1,299.0,129.0,0.0
12670,3165,1,2025-07-19,4,5,1,299.0,129.0,0.0
12671,11436,1,2025-07-19,1,3,1,299.0,129.0,0.0
12672,11437,3,2025-07-19,3,4,1,329.0,142.0,0.0
12673,11438,6,2025-07-19,2,2,1,449.1,215.0,49.9
12674,11439,5,2025-07-19,7,2,1,349.0,150.0,0.0
12675,11440,5,2025-07-19,7,4,1,349.0,150.0,0.0
12676,6084,5,2025-07-19,3,1,1,349.0,150.0,0.0
12677,11441,4,2025-07-19,3,1,1,349.0,150.0,0.0
12678,11442,3,2025-07-19,4,4,1,296.1,142.0,32.9
12679,341,6,2025-07-19,5,1,2,499.0,215.0,0.0
12680,11443,3,2025-07-19,1,5,1,329.0,142.0,0.0
12681,11444,2,2025-07-19,2,5,1,269.1,129.0,29.9
12682,11445,2,2025-07-19,2,3,1,299.0,129.0,0.0
12683,11446,5,2025-07-19,1,2,1,314.1,150.0,34.9
12684,11447,2,2025-07-19,8,2,1,299.0,129.0,0.0
12685,11448,2,2025-07-19,2,3,1,299.0,129.0,0.0
12686,11449,4,2025-07-19,4,3,1,349.0,150.0,0.0
12687,11450,1,2025-07-19,5,1,1,299.0,129.0,0.0
12688,11451,3,2025-07-19,1,1,1,329.0,142.0,0.0
12689,11452,3,2025-07-19,2,2,1,329.0,142.0,0.0
12690,11453,3,2025-07-19,7,2,1,329.0,142.0,0.0
12691,11454,4,2025-07-19,1,2,1,349.0,150.0,0.0
12692,11455,6,2025-07-19,2,4,1,499.0,215.0,0.0
12693,11456,4,2025-07-19,5,1,1,349.0,150.0,0.0
12694,11457,5,2025-07-19,7,4,1,349.0,150.0,0.0
12695,11458,5,2025-07-19,1,1,1,314.1,150.0,34.9
12696,11459,5,2025-07-19,7,3,1,349.0,150.0,0.0
12697,11460,4,2025-07-20,5,2,1,349.0,150.0,0.0
12698,11461,5,2025-07-20,5,3,1,349.0,150.0,0.0
12699,11462,4,2025-07-20,1,2,1,349.0,150.0,0.0
12700,11463,6,2025-07-20,1,1,1,499.0,215.0,0.0
12701,11464,4,2025-07-20,4,2,1,314.1,150.0,34.9
12702,11465,5,2025-07-20,2,2,1,314.1,150.0,34.9
12703,11466,1,2025-07-20,5,4,1,269.1,129.0,29.9
12704,11467,1,2025-07-20,2,5,2,299.0,129.0,0.0
12705,11468,1,2025-07-20,8,2,1,299.0,129.0,0.0
12706,11469,1,2025-07-20,7,5,1,269.1,129.0,29.9
12707,11470,3,2025-07-20,1,3,1,329.0,142.0,0.0
12708,11471,4,2025-07-20,3,4,1,296.65,150.0,52.35
12709,11472,1,2025-07-20,2,2,1,299.0,129.0,0.0
12710,11473,2,2025-07-20,2,3,1,299.0,129.0,0.0
12711,11474,4,2025-07-20,3,2,1,349.0,150.0,0.0
12712,11475,1,2025-07-20,1,2,1,254.15,129.0,44.85
12713,11476,4,2025-07-20,7,1,1,296.65,150.0,52.35
12714,11477,1,2025-07-20,1,4,1,299.0,129.0,0.0
12715,11478,2,2025-07-20,3,1,1,254.15,129.0,44.85
12716,11479,1,2025-07-20,2,2,1,299.0,129.0,0.0
12717,11480,5,2025-07-20,3,2,1,314.1,150.0,34.9
12718,11481,5,2025-07-20,9,1,1,349.0,150.0,0.0
12719,11482,3,2025-07-20,3,5,1,329.0,142.0,0.0
12720,11483,5,2025-07-20,5,2,1,314.1,150.0,34.9
12721,11484,5,2025-07-20,3,1,2,314.1,150.0,34.9
12722,11485,4,2025-07-20,3,2,1,349.0,150.0,0.0
12723,11486,2,2025-07-20,1,1,1,299.0,129.0,0.0
12724,11487,6,2025-07-20,1,2,1,499.0,215.0,0.0
12725,11488,2,2025-07-20,7,5,1,299.0,129.0,0.0
12726,11489,2,2025-07-20,1,2,1,299.0,129.0,0.0
12727,11490,2,2025-07-20,3,2,1,299.0,129.0,0.0
12728,11491,4,2025-07-20,3,2,2,349.0,150.0,0.0
12729,11492,1,2025-07-20,5,1,1,299.0,129.0,0.0
12730,11493,4,2025-07-20,7,3,1,296.65,150.0,52.35
12731,11494,4,2025-07-20,4,1,1,349.0,150.0,0.0
12732,11495,5,2025-07-20,6,5,1,349.0,150.0,0.0
12733,11496,3,2025-07-20,5,2,1,329.0,142.0,0.0
12734,10348,1,2025-07-20,2,1,1,254.15,129.0,44.85
12735,11497,3,2025-07-20,1,2,1,296.1,142.0,32.9
12736,11449,5,2025-07-20,5,4,1,349.0,150.0,0.0
12737,11498,1,2025-07-21,3,5,1,254.15,129.0,44.85
12738,4881,6,2025-07-21,1,2,1,449.1,215.0,49.9
12739,2285,5,2025-07-21,2,1,1,349.0,150.0,0.0
12740,11499,5,2025-07-21,2,3,1,349.0,150.0,0.0
12741,11500,4,2025-07-21,4,1,2,349.0,150.0,0.0
12742,1468,4,2025-07-21,1,1,1,349.0,150.0,0.0
12743,9428,4,2025-07-21,3,5,1,296.65,150.0,52.35
12744,11501,1,2025-07-21,3,3,2,299.0,129.0,0.0
12745,7030,4,2025-07-21,3,1,2,349.0,150.0,0.0
12746,11502,5,2025-07-21,2,4,1,349.0,150.0,0.0
12747,11503,2,2025-07-21,2,2,1,269.1,129.0,29.9
12748,11504,4,2025-07-21,1,4,1,349.0,150.0,0.0
12749,11505,4,2025-07-21,8,1,1,349.0,150.0,0.0
12750,4984,5,2025-07-21,,3,1,296.65,150.0,52.35
12751,11506,1,2025-07-21,1,1,1,269.1,129.0,29.9
12752,11507,4,2025-07-21,3,2,1,349.0,150.0,0.0
12753,11508,4,2025-07-21,3,1,1,349.0,150.0,0.0
12754,11509,1,2025-07-21,4,2,1,299.0,129.0,0.0
12755,11510,5,2025-07-21,1,5,0,314.1,150.0,34.9
12756,11511,4,2025-07-21,2,1,1,349.0,150.0,0.0
12757,11512,1,2025-07-21,6,1,1,299.0,129.0,0.0
12758,11513,4,2025-07-21,4,1,1,349.0,150.0,0.0
12759,11514,4,2025-07-21,1,1,1,349.0,150.0,0.0
12760,11515,3,2025-07-21,1,2,2,329.0,142.0,0.0
12761,11516,5,2025-07-21,7,2,1,296.65,150.0,52.35
12762,5445,5,2025-07-21,5,4,1,349.0,150.0,0.0
12763,11517,2,2025-07-21,8,1,1,299.0,129.0,0.0
12764,11518,4,2025-07-21,3,4,1,349.0,150.0,0.0
12765,11519,4,2025-07-21,2,3,1,349.0,150.0,0.0
12766,11520,1,2025-07-21,5,2,1,299.0,129.0,0.0
12767,11521,4,2025-07-21,1,1,1,314.1,150.0,34.9
12768,3650,5,2025-07-21,6,1,1,296.65,150.0,52.35
12769,11522,5,2025-07-22,7,1,1,349.0,150.0,0.0
12770,11523,1,2025-07-22,5,1,1,269.1,129.0,29.9
12771,11524,6,2025-07-22,5,1,2,449.1,215.0,49.9
12772,11525,4,2025-07-22,3,5,1,349.0,150.0,0.0
12773,11526,2,2025-07-22,1,1,1,299.0,129.0,0.0
12774,11527,2,2025-07-22,1,3,1,299.0,129.0,0.0
12775,10073,5,2025-07-22,3,1,1,349.0,150.0,0.0
12776,11528,3,2025-07-22,8,2,1,329.0,142.0,0.0
12777,11529,3,2025-07-22,1,2,1,329.0,142.0,0.0
12778,90474,1,2025-07-22,1,1,1,299.0,129.0,0.0
12779,11531,5,2025-07-22,7,2,1,349.0,150.0,0.0
12780,11532,1,2025-07-22,8,3,1,269.1,129.0,29.9
12781,11533,3,2025-07-22,3,1,1,329.0,142.0,0.0
12782,11534,5,2025-07-22,1,1,1,349.0,150.0,0.0
12783,11535,3,2025-07-22,2,2,1,279.65,142.0,49.35
12784,11536,2,2025-07-22,1,2,1,299.0,129.0,0.0
12785,11537,4,2025-07-22,5,1,1,314.1,150.0,34.9
12786,11538,2,2025-07-22,5,5,1,269.1,129.0,29.9
12787,1086,4,2025-07-22,6,1,1,349.0,150.0,0.0
12788,11539,2,2025-07-22,1,1,1,299.0,129.0,0.0
12789,11540,2,2025-07-22,6,3,1,299.0,129.0,0.0
12790,11541,1,2025-07-22,2,1,1,269.1,129.0,29.9
12791,11542,4,2025-07-22,7,2,1,314.1,150.0,34.9
12792,11543,1,2025-07-22,1,2,1,299.0,129.0,0.0
12793,11544,6,2025-07-22,6,1,1,424.15,215.0,74.85
12794,11545,6,2025-07-22,1,1,1,499.0,215.0,0.0
12795,11546,4,2025-07-22,5,1,1,349.0,150.0,0.0
12796,11547,5,2025-07-22,2,1,1,314.1,150.0,34.9
12797,11548,4,2025-07-22,3,1,1,349.0,150.0,0.0
12798,11549,4,2025-07-22,1,2,1,349.0,150.0,0.0
12799,11550,2,2025-07-22,2,2,1,299.0,129.0,0.0
12800,11551,4,2025-07-22,9,2,1,349.0,150.0,0.0
12801,11552,4,2025-07-22,2,2,1,349.0,150.0,0.0
12802,11553,3,2025-07-23,1,2,1,329.0,142.0,0.0
12803,11554,3,2025-07-23,4,1,1,329.0,142.0,0.0
12804,11555,4,2025-07-23,4,3,1,349.0,150.0,0.0
12805,11556,4,2025-07-23,1,2,1,349.0,150.0,0.0
12806,11557,4,2025-07-23,1,1,1,349.0,150.0,0.0
12807,11558,5,2025-07-23,5,2,1,349.0,150.0,0.0
12808,11559,1,2025-07-23,8,1,1,269.1,129.0,29.9
12809,11560,2,2025-07-23,,1,1,299.0,129.0,0.0
12810,11561,2,2025-07-23,7,2,1,254.15,129.0,44.85
12811,11562,6,2025-07-23,3,4,1,499.0,215.0,0.0
12812,3423,4,2025-07-23,3,3,1,314.1,150.0,34.9
12813,11563,5,2025-07-23,5,2,1,349.0,150.0,0.0
12814,11564,5,2025-07-23,5,1,1,349.0,150.0,0.0
12815,11565,1,2025-07-23,4,2,1,254.15,129.0,44.85
12816,11566,4,2025-07-23,8,3,1,349.0,150.0,0.0
12817,11567,5,2025-07-23,3,3,1,349.0,150.0,0.0
12818,11568,5,2025-07-23,2,3,1,349.0,150.0,0.0
12819,11569,2,2025-07-23,8,2,1,299.0,129.0,0.0
12820,11570,1,2025-07-23,2,2,2,299.0,129.0,0.0
12821,11571,5,2025-07-23,7,4,1,349.0,150.0,0.0
12822,11572,5,2025-07-23,3,2,1,349.0,150.0,0.0
12823,11573,5,2025-07-23,2,1,1,349.0,150.0,0.0
12824,11574,5,2025-07-23,1,1,2,314.1,150.0,34.9
12825,11575,4,2025-07-23,1,3,1,349.0,150.0,0.0
12826,11576,2,2025-07-23,1,1,1,299.0,129.0,0.0
12827,11577,2,2025-07-23,1,2,1,299.0,129.0,0.0
12828,11578,1,2025-07-23,2,1,1,269.1,129.0,29.9
12829,11579,6,2025-07-23,1,1,1,449.1,215.0,49.9
12830,11580,6,2025-07-23,6,2,1,424.15,215.0,74.85
12831,11581,5,2025-07-23,1,1,1,349.0,150.0,0.0
12832,11582,5,2025-07-24,2,4,1,349.0,150.0,0.0
12833,11583,3,2025-07-24,7,2,1,279.65,142.0,49.35
12834,11584,5,2025-07-24,6,1,1,349.0,150.0,0.0
12835,11585,5,2025-07-24,2,5,1,349.0,150.0,0.0
12836,11586,1,2025-07-24,5,1,1,299.0,129.0,0.0
12837,11587,4,2025-07-24,1,3,1,349.0,150.0,0.0
12838,11588,5,2025-07-24,4,1,1,296.65,150.0,52.35
12839,2492,3,2025-07-24,1,2,1,329.0,142.0,0.0
12840,11589,2,2025-07-24,5,2,1,299.0,129.0,0.0
12841,11590,1,2025-07-24,2,2,1,299.0,129.0,0.0
12842,11591,6,2025-07-24,,2,1,424.15,215.0,74.85
12843,11592,4,2025-07-24,5,4,1,349.0,150.0,0.0
12844,11593,5,2025-07-24,4,5,1,349.0,150.0,0.0
12845,11594,4,2025-07-24,3,1,1,349.0,150.0,0.0
12846,11595,2,2025-07-24,7,2,1,269.1,129.0,29.9
12847,1209,4,2025-07-24,4,5,1,349.0,150.0,0.0
12848,11596,1,2025-07-24,4,1,1,299.0,129.0,0.0
12849,11597,2,2025-07-24,7,1,1,299.0,129.0,0.0
12850,11598,4,2025-07-24,2,1,1,314.1,150.0,34.9
12851,11599,3,2025-07-24,5,3,1,329.0,142.0,0.0
12852,11600,5,2025-07-24,4,1,2,349.0,150.0,0.0
12853,11601,6,2025-07-24,3,3,1,499.0,215.0,0.0
12854,11602,2,2025-07-24,6,2,1,299.0,129.0,0.0
12855,9416,4,2025-07-24,3,3,1,349.0,150.0,0.0
12856,11603,4,2025-07-24,3,1,1,349.0,150.0,0.0
12857,11604,6,2025-07-24,3,1,1,499.0,215.0,0.0
12858,11605,3,2025-07-24,3,1,1,296.1,142.0,32.9
12859,11606,4,2025-07-24,2,2,1,349.0,150.0,0.0
12860,11607,1,2025-07-24,4,5,1,299.0,129.0,0.0
12861,11608,6,2025-07-24,1,1,1,424.15,215.0,74.85
12862,11609,2,2025-07-24,1,2,1,299.0,129.0,0.0
12863,11610,4,2025-07-24,1,1,1,349.0,150.0,0.0
12864,11611,2,2025-07-24,1,1,1,299.0,129.0,0.0
12865,11612,6,2025-07-24,1,1,1,499.0,215.0,0.0
12866,11613,5,2025-07-24,3,3,1,349.0,150.0,0.0
12867,11614,4,2025-07-24,1,1,1,349.0,150.0,0.0
12868,11615,1,2025-07-25,8,5,1,299.0,129.0,0.0
12869,11616,2,2025-07-25,2,2,1,254.15,129.0,44.85
12870,11617,1,2025-07-25,1,1,1,299.0,129.0,0.0
12871,11618,2,2025-07-25,4,5,1,299.0,129.0,0.0
12872,11619,1,2025-07-25,7,1,1,269.1,129.0,29.9
12873,11620,5,2025-07-25,2,5,1,314.1,150.0,34.9
12874,11621,2,2025-07-25,3,3,1,254.15,129.0,44.85
12875,11622,6,2025-07-25,5,3,1,499.0,215.0,0.0
12876,11623,4,2025-07-25,4,5,1,349.0,150.0,0.0
12877,11624,3,2025-07-25,2,1,1,329.0,142.0,0.0
12878,11625,5,2025-07-25,4,4,1,314.1,150.0,34.9
12879,11626,2,2025-07-25,1,3,1,299.0,129.0,0.0
12880,11627,4,2025-07-25,2,2,1,349.0,150.0,0.0
12881,11628,5,2025-07-25,3,3,1,349.0,150.0,0.0
12882,11629,3,2025-07-25,6,4,1,296.1,142.0,32.9
12883,11630,5,2025-07-25,5,2,1,349.0,150.0,0.0
12884,11631,1,2025-07-25,4,5,1,269.1,129.0,29.9
12885,11632,4,2025-07-25,3,2,1,314.1,150.0,34.9
12886,11633,5,2025-07-25,3,5,1,349.0,150.0,0.0
12887,11634,6,2025-07-25,9,1,2,499.0,215.0,0.0
12888,11635,4,2025-07-25,6,1,1,296.65,150.0,52.35
12889,11636,1,2025-07-25,5,1,1,299.0,129.0,0.0
12890,11637,4,2025-07-25,3,2,1,349.0,150.0,0.0
12891,11638,2,2025-07-25,1,3,1,299.0,129.0,0.0
12892,2683,2,2025-07-25,2,2,2,269.1,129.0,29.9
12893,11639,3,2025-07-25,1,1,1,329.0,142.0,0.0
12894,11640,4,2025-07-25,1,4,1,349.0,150.0,0.0
12895,11641,2,2025-07-25,1,1,1,254.15,129.0,44.85
12896,11642,4,2025-07-25,1,2,1,349.0,150.0,0.0
12897,11643,5,2025-07-25,7,1,1,349.0,150.0,0.0
12898,11644,4,2025-07-25,1,1,1,349.0,150.0,0.0
12899,11645,3,2025-07-25,1,4,1,329.0,142.0,0.0
12900,11646,4,2025-07-25,3,5,1,349.0,150.0,0.0
12901,11647,2,2025-07-25,1,2,2,299.0,129.0,0.0
12902,11648,1,2025-07-25,1,3,1,299.0,129.0,0.0
12903,11649,5,2025-07-25,5,3,1,314.1,150.0,34.9
12904,11650,5,2025-07-25,3,1,1,349.0,150.0,0.0
12905,11651,3,2025-07-26,3,3,1,329.0,142.0,0.0
12906,11652,6,2025-07-26,4,5,1,499.0,215.0,0.0
12907,11653,2,2025-07-26,5,5,1,299.0,129.0,0.0
12908,11654,4,2025-07-26,1,3,1,349.0,150.0,0.0
12909,11655,2,2025-07-26,1,2,1,299.0,129.0,0.0
12910,10191,2,2025-07-26,1,2,1,299.0,129.0,0.0
12911,11656,4,2025-07-26,1,2,1,349.0,150.0,0.0
12912,11657,2,2025-07-26,,5,1,299.0,129.0,0.0
12913,11658,5,2025-07-26,3,2,1,314.1,150.0,34.9
12914,11659,2,2025-07-26,4,2,1,299.0,129.0,0.0
12915,11660,4,2025-07-26,1,2,1,349.0,150.0,0.0
12916,11661,6,2025-07-26,5,2,1,424.15,215.0,74.85
12917,11662,1,2025-07-26,8,1,1,299.0,129.0,0.0
12918,11149,5,2025-07-26,3,2,1,349.0,150.0,0.0
12919,9729,5,2025-07-26,1,3,1,349.0,150.0,0.0
12920,11663,2,2025-07-26,5,2,1,299.0,129.0,0.0
12921,11664,2,2025-07-26,1,3,1,269.1,129.0,29.9
12922,11665,4,2025-07-26,3,4,1,314.1,150.0,34.9
12923,11666,3,2025-07-26,5,1,1,329.0,142.0,0.0
12924,11667,6,2025-07-26,7,2,1,424.15,215.0,74.85
12925,11668,5,2025-07-26,6,2,1,349.0,150.0,0.0
12926,11669,3,2025-07-26,1,1,1,329.0,142.0,0.0
12927,11670,4,2025-07-26,5,2,1,296.65,150.0,52.35
12928,11671,2,2025-07-26,1,5,1,299.0,129.0,0.0
12929,11672,5,2025-07-26,3,1,1,349.0,150.0,0.0
12930,11673,5,2025-07-26,1,1,1,349.0,150.0,0.0
12931,11674,4,2025-07-26,1,3,1,314.1,150.0,34.9
12932,11675,1,2025-07-26,1,3,1,269.1,129.0,29.9
12933,3939,5,2025-07-26,4,3,1,349.0,150.0,0.0
12934,11676,1,2025-07-26,5,3,1,299.0,129.0,0.0
12935,11677,5,2025-07-26,1,2,2,349.0,150.0,0.0
12936,11678,1,2025-07-26,1,4,1,269.1,129.0,29.9
12937,7280,2,2025-07-27,2,2,1,269.1,129.0,29.9
12938,11679,5,2025-07-27,3,1,1,349.0,150.0,0.0
12939,11680,1,2025-07-27,4,2,1,299.0,129.0,0.0
12940,11681,6,2025-07-27,3,1,1,499.0,215.0,0.0
12941,11682,6,2025-07-27,6,2,1,499.0,215.0,0.0
12942,11683,5,2025-07-27,5,1,1,349.0,150.0,0.0
12943,11684,4,2025-07-27,8,1,1,349.0,150.0,0.0
12944,11685,2,2025-07-27,4,2,1,269.1,129.0,29.9
12945,11686,5,2025-07-27,1,4,1,349.0,150.0,0.0
12946,11687,1,2025-07-27,5,3,1,299.0,129.0,0.0
12947,11688,5,2025-07-27,1,1,1,349.0,150.0,0.0
12948,11689,6,2025-07-27,1,4,1,499.0,215.0,0.0
12949,11690,5,2025-07-27,1,2,1,349.0,150.0,0.0
12950,11691,4,2025-07-27,1,2,1,349.0,150.0,0.0
12951,11692,2,2025-07-27,8,3,1,299.0,129.0,0.0
12952,4176,6,2025-07-27,5,2,1,499.0,215.0,0.0
12953,11693,3,2025-07-27,4,1,1,329.0,142.0,0.0
12954,11694,5,2025-07-27,1,1,1,349.0,150.0,0.0
12955,11695,3,2025-07-27,5,3,1,329.0,142.0,0.0
12956,11696,2,2025-07-27,1,2,1,299.0,129.0,0.0
12957,11697,5,2025-07-27,1,1,1,349.0,150.0,0.0
12958,11698,5,2025-07-27,3,1,1,314.1,150.0,34.9
12959,11699,1,2025-07-27,3,2,1,299.0,129.0,0.0
12960,11700,2,2025-07-27,2,5,1,269.1,129.0,29.9
12961,11701,5,2025-07-27,1,5,1,314.1,150.0,34.9
12962,11702,5,2025-07-27,3,2,1,349.0,150.0,0.0
12963,9769,4,2025-07-27,4,5,1,296.65,150.0,52.35
12964,11703,4,2025-07-27,7,1,1,349.0,150.0,0.0
12965,11704,2,2025-07-27,1,1,1,299.0,129.0,0.0
12966,11705,5,2025-07-27,8,1,1,349.0,150.0,0.0
12967,11706,2,2025-07-27,5,2,1,269.1,129.0,29.9
12968,11707,5,2025-07-27,1,1,1,349.0,150.0,0.0
12969,11708,6,2025-07-28,7,2,1,449.1,215.0,49.9
12970,4137,1,2025-07-28,3,4,1,299.0,129.0,0.0
12971,3829,4,2025-07-28,5,2,2,349.0,150.0,0.0
12972,727,4,2025-07-28,2,3,1,349.0,150.0,0.0
12973,11709,5,2025-07-28,3,2,1,349.0,150.0,0.0
12974,11710,1,2025-07-28,1,2,2,299.0,129.0,0.0
12975,11711,4,2025-07-28,7,3,1,349.0,150.0,0.0
12976,11712,5,2025-07-28,3,2,1,349.0,150.0,0.0
12977,11713,4,2025-07-28,3,2,1,349.0,150.0,0.0
12978,11714,5,2025-07-28,5,2,1,314.1,150.0,34.9
12979,2220,5,2025-07-28,1,2,1,349.0,150.0,0.0
12980,11715,5,2025-07-28,3,5,1,349.0,150.0,0.0
12981,11716,4,2025-07-28,6,5,1,296.65,150.0,52.35
12982,11717,6,2025-07-28,3,3,1,449.1,215.0,49.9
12983,11718,6,2025-07-28,2,4,1,499.0,215.0,0.0
12984,11719,3,2025-07-28,1,4,2,329.0,142.0,0.0
12985,11720,5,2025-07-28,1,1,1,349.0,150.0,0.0
12986,11721,3,2025-07-28,8,2,1,296.1,142.0,32.9
12987,11722,1,2025-07-28,1,1,1,299.0,129.0,0.0
12988,11723,5,2025-07-28,3,2,1,349.0,150.0,0.0
12989,11724,4,2025-07-28,3,3,1,349.0,150.0,0.0
12990,11725,1,2025-07-28,2,3,1,299.0,129.0,0.0
12991,11726,2,2025-07-28,4,1,1,299.0,129.0,0.0
12992,11727,6,2025-07-28,1,3,1,499.0,215.0,0.0
12993,11728,4,2025-07-28,1,4,1,314.1,150.0,34.9
12994,11729,2,2025-07-28,5,1,1,299.0,129.0,0.0
12995,11343,4,2025-07-28,3,1,1,314.1,150.0,34.9
12996,11730,2,2025-07-28,2,5,2,299.0,129.0,0.0
12997,11731,4,2025-07-28,5,2,1,349.0,150.0,0.0
12998,11732,5,2025-07-28,7,1,1,349.0,150.0,0.0
12999,4967,4,2025-07-28,6,1,1,349.0,150.0,0.0
13000,571,2,2025-07-28,5,2,1,299.0,129.0,0.0
13001,11733,3,2025-07-28,2,5,1,329.0,142.0,0.0
13002,11734,2,2025-07-28,3,1,1,299.0,129.0,0.0
13003,11735,1,2025-07-28,2,2,1,299.0,129.0,0.0
13004,11736,6,2025-07-28,3,2,1,499.0,215.0,0.0
13005,11737,2,2025-07-28,1,1,1,299.0,129.0,0.0
13006,7359,2,2025-07-28,5,2,1,299.0,129.0,0.0
13007,11738,4,2025-07-28,1,2,1,314.1,150.0,34.9
13008,11739,5,2025-07-29,1,1,1,296.65,150.0,52.35
13009,11740,4,2025-07-29,2,5,1,314.1,150.0,34.9
13010,11741,4,2025-07-29,2,2,1,349.0,150.0,0.0
13011,11742,4,2025-07-29,9,3,1,296.65,150.0,52.35
13012,11743,4,2025-07-29,1,1,2,349.0,150.0,0.0
13013,11744,6,2025-07-29,3,1,1,499.0,215.0,0.0
13014,11745,1,2025-07-29,,3,1,299.0,129.0,0.0
13015,11746,5,2025-07-29,8,1,1,314.1,150.0,34.9
13016,11747,5,2025-07-29,3,2,1,314.1,150.0,34.9
13017,11748,5,2025-07-29,1,5,2,314.1,150.0,34.9
13018,11749,1,2025-07-29,5,1,1,269.1,129.0,29.9
13019,11750,4,2025-07-29,2,2,1,349.0,150.0,0.0
13020,11751,2,2025-07-29,3,2,1,299.0,129.0,0.0
13021,11752,4,2025-07-29,2,2,1,314.1,150.0,34.9
13022,11753,2,2025-07-29,1,2,1,299.0,129.0,0.0
13023,11754,1,2025-07-29,1,2,1,299.0,129.0,0.0
13024,11755,4,2025-07-29,4,2,1,349.0,150.0,0.0
13025,11756,3,2025-07-29,3,4,1,329.0,142.0,0.0
13026,11757,4,2025-07-29,5,2,1,349.0,150.0,0.0
13027,11758,3,2025-07-29,8,1,1,329.0,142.0,0.0
13028,11759,5,2025-07-29,2,1,1,349.0,150.0,0.0
13029,11760,3,2025-07-29,4,1,1,279.65,142.0,49.35
13030,11761,4,2025-07-29,1,4,2,349.0,150.0,0.0
13031,11762,5,2025-07-29,7,2,1,349.0,150.0,0.0
13032,11763,4,2025-07-29,5,2,1,349.0,150.0,0.0
13033,11764,3,2025-07-29,5,1,1,329.0,142.0,0.0
13034,11765,4,2025-07-29,2,2,1,314.1,150.0,34.9
13035,11766,4,2025-07-29,2,2,1,349.0,150.0,0.0
13036,11767,2,2025-07-29,7,5,2,299.0,129.0,0.0
13037,11768,2,2025-07-29,3,3,1,269.1,129.0,29.9
13038,11769,1,2025-07-29,7,1,1,254.15,129.0,44.85
13039,11770,4,2025-07-30,1,5,1,296.65,150.0,52.35
13040,2622,4,2025-07-30,2,2,2,349.0,150.0,0.0
13041,11771,1,2025-07-30,1,1,1,299.0,129.0,0.0
13042,11772,1,2025-07-30,7,2,1,299.0,129.0,0.0
13043,11773,3,2025-07-30,1,3,1,279.65,142.0,49.35
13044,11774,6,2025-07-30,1,1,1,499.0,215.0,0.0
13045,11775,5,2025-07-30,1,2,1,349.0,150.0,0.0
13046,11776,6,2025-07-30,4,2,1,499.0,215.0,0.0
13047,10635,5,2025-07-30,4,1,2,349.0,150.0,0.0
13048,11777,6,2025-07-30,5,2,1,499.0,215.0,0.0
13049,11778,2,2025-07-30,1,1,1,299.0,129.0,0.0
13050,11779,5,2025-07-30,1,3,1,349.0,150.0,0.0
13051,11780,6,2025-07-30,8,4,1,424.15,215.0,74.85
13052,11781,4,2025-07-30,1,2,1,349.0,150.0,0.0
13053,11782,2,2025-07-30,1,1,1,299.0,129.0,0.0
13054,11783,5,2025-07-30,1,2,1,349.0,150.0,0.0
13055,11784,4,2025-07-30,7,1,1,349.0,150.0,0.0
13056,11785,5,2025-07-30,1,1,2,314.1,150.0,34.9
13057,11786,4,2025-07-30,2,1,1,314.1,150.0,34.9
13058,11787,4,2025-07-30,4,1,1,349.0,150.0,0.0
13059,4131,4,2025-07-30,7,2,1,314.1,150.0,34.9
13060,7303,1,2025-07-30,1,3,1,269.1,129.0,29.9
13061,5046,5,2025-07-30,2,5,1,349.0,150.0,0.0
13062,11788,5,2025-07-30,1,1,1,349.0,150.0,0.0
13063,11789,5,2025-07-30,5,5,1,314.1,150.0,34.9
13064,9258,4,2025-07-30,2,2,1,349.0,150.0,0.0
13065,11790,2,2025-07-30,1,3,1,299.0,129.0,0.0
13066,11791,2,2025-07-30,1,5,1,299.0,129.0,0.0
13067,11792,2,2025-07-30,2,4,1,299.0,129.0,0.0
13068,6953,1,2025-07-30,3,3,1,299.0,129.0,0.0
13069,11793,4,2025-07-30,2,4,1,349.0,150.0,0.0
13070,11794,1,2025-07-30,5,2,1,299.0,129.0,0.0
13071,11795,6,2025-07-31,1,4,2,499.0,215.0,0.0
13072,11796,2,2025-07-31,2,3,1,299.0,129.0,0.0
13073,11797,3,2025-07-31,4,2,1,329.0,142.0,0.0
13074,11798,3,2025-07-31,1,1,1,329.0,142.0,0.0
13075,11799,1,2025-07-31,5,2,1,299.0,129.0,0.0
13076,11800,4,2025-07-31,4,2,1,296.65,150.0,52.35
13077,6640,3,2025-07-31,1,2,1,329.0,142.0,0.0
13078,11801,5,2025-07-31,1,5,1,296.65,150.0,52.35
13079,4919,1,2025-07-31,7,1,1,299.0,129.0,0.0
13080,11802,6,2025-07-31,7,3,1,499.0,215.0,0.0
13081,11803,5,2025-07-31,5,1,1,314.1,150.0,34.9
13082,11804,5,2025-07-31,1,2,1,349.0,150.0,0.0
13083,11805,4,2025-07-31,2,4,2,349.0,150.0,0.0
13084,11806,3,2025-07-31,7,2,1,329.0,142.0,0.0
13085,11807,6,2025-07-31,7,2,1,499.0,215.0,0.0
13086,11808,5,2025-07-31,2,1,2,314.1,150.0,34.9
13087,11809,1,2025-07-31,4,1,1,299.0,129.0,0.0
13088,5774,5,2025-07-31,1,2,1,296.65,150.0,52.35
13089,11810,4,2025-07-31,5,3,1,349.0,150.0,0.0
13090,11811,2,2025-07-31,3,2,1,299.0,129.0,0.0
13091,11812,4,2025-07-31,,1,1,314.1,150.0,34.9
13092,11813,5,2025-07-31,6,1,1,314.1,150.0,34.9
13093,11814,5,2025-07-31,3,1,1,349.0,150.0,0.0
13094,11815,5,2025-07-31,2,2,2,349.0,150.0,0.0
13095,11816,4,2025-07-31,7,2,1,349.0,150.0,0.0
13096,11817,3,2025-07-31,3,2,2,329.0,142.0,0.0
13097,11818,5,2025-07-31,1,2,1,296.65,150.0,52.35
13098,11819,5,2025-07-31,3,2,1,349.0,150.0,0.0
13099,11820,2,2025-07-31,3,5,1,299.0,129.0,0.0
13100,11821,3,2025-07-31,1,3,1,279.65,142.0,49.35
13101,11822,4,2025-08-01,1,3,1,296.65,150.0,52.35
13102,11823,2,2025-08-01,9,4,1,299.0,129.0,0.0
13103,11824,1,2025-08-01,1,3,2,299.0,129.0,0.0
13104,11825,5,2025-08-01,3,1,1,349.0,150.0,0.0
13105,10630,2,2025-08-01,1,2,1,299.0,129.0,0.0
13106,11826,2,2025-08-01,3,1,1,299.0,129.0,0.0
13107,11827,4,2025-08-01,5,3,1,349.0,150.0,0.0
13108,11828,5,2025-08-01,1,1,1,349.0,150.0,0.0
13109,11829,1,2025-08-01,5,2,2,299.0,129.0,0.0
13110,11830,4,2025-08-01,4,2,1,349.0,150.0,0.0
13111,11831,6,2025-08-01,5,1,1,499.0,215.0,0.0
13112,11832,5,2025-08-01,7,2,1,314.1,150.0,34.9
13113,11833,5,2025-08-01,2,1,1,296.65,150.0,52.35
13114,9285,4,2025-08-01,4,2,1,349.0,150.0,0.0
13115,11834,5,2025-08-01,6,2,1,349.0,150.0,0.0
13116,11835,1,2025-08-01,5,3,1,299.0,129.0,0.0
13117,10183,1,2025-08-01,1,1,2,299.0,129.0,0.0
13118,11836,1,2025-08-01,7,4,1,269.1,129.0,29.9
13119,11837,2,2025-08-01,1,3,1,299.0,129.0,0.0
13120,11838,1,2025-08-01,1,4,1,299.0,129.0,0.0
13121,11839,1,2025-08-01,1,1,1,269.1,129.0,29.9
13122,11840,4,2025-08-01,2,3,1,349.0,150.0,0.0
13123,11841,3,2025-08-01,9,4,1,279.65,142.0,49.35
13124,11842,1,2025-08-01,9,1,1,299.0,129.0,0.0
13125,6190,4,2025-08-01,2,1,2,296.65,150.0,52.35
13126,11843,1,2025-08-01,1,2,1,299.0,129.0,0.0
13127,11844,6,2025-08-01,7,2,1,449.1,215.0,49.9
13128,5345,1,2025-08-01,3,3,1,254.15,129.0,44.85
13129,11845,5,2025-08-01,1,3,1,349.0,150.0,0.0
13130,11846,5,2025-08-01,3,3,1,349.0,150.0,0.0
13131,6489,3,2025-08-01,1,5,1,279.65,142.0,49.35
13132,11847,3,2025-08-01,1,3,1,329.0,142.0,0.0
13133,11848,2,2025-08-01,1,2,2,299.0,129.0,0.0
13134,11849,3,2025-08-01,5,2,1,329.0,142.0,0.0
13135,11850,5,2025-08-01,5,2,1,314.1,150.0,34.9
13136,6580,2,2025-08-02,3,2,1,299.0,129.0,0.0
13137,9755,3,2025-08-02,6,1,1,329.0,142.0,0.0
13138,8988,1,2025-08-02,3,3,1,299.0,129.0,0.0
13139,11851,6,2025-08-02,5,2,1,499.0,215.0,0.0
13140,11852,4,2025-08-02,7,2,1,349.0,150.0,0.0
13141,11853,6,2025-08-02,2,3,1,499.0,215.0,0.0
13142,11854,3,2025-08-02,7,1,1,329.0,142.0,0.0
13143,11855,1,2025-08-02,1,1,1,299.0,129.0,0.0
13144,11856,2,2025-08-02,4,4,1,269.1,129.0,29.9
13145,11857,4,2025-08-02,8,2,1,349.0,150.0,0.0
13146,11858,3,2025-08-02,5,2,1,329.0,142.0,0.0
13147,11859,5,2025-08-02,2,2,1,296.65,150.0,52.35
13148,11860,6,2025-08-02,1,2,1,499.0,215.0,0.0
13149,11861,5,2025-08-02,7,1,1,349.0,150.0,0.0
13150,11862,5,2025-08-02,6,1,1,349.0,150.0,0.0
13151,11863,5,2025-08-02,4,4,2,349.0,150.0,0.0
13152,11864,1,2025-08-02,3,3,1,299.0,129.0,0.0
13153,11865,1,2025-08-02,3,1,1,299.0,129.0,0.0
13154,11866,5,2025-08-02,4,1,1,349.0,150.0,0.0
13155,11867,4,2025-08-02,1,2,1,296.65,150.0,52.35
13156,11868,4,2025-08-02,1,2,1,349.0,150.0,0.0
13157,11869,6,2025-08-02,1,1,1,499.0,215.0,0.0
13158,11870,2,2025-08-02,6,5,1,299.0,129.0,0.0
13159,11871,5,2025-08-02,1,3,1,349.0,150.0,0.0
13160,11872,4,2025-08-02,1,4,1,349.0,150.0,0.0
13161,11873,5,2025-08-02,2,1,1,349.0,150.0,0.0
13162,11874,5,2025-08-02,3,1,1,349.0,150.0,0.0
13163,11875,1,2025-08-02,3,1,1,299.0,129.0,0.0
13164,11876,5,2025-08-02,1,2,1,349.0,150.0,0.0
13165,11877,5,2025-08-02,8,1,1,349.0,150.0,0.0
13166,11878,4,2025-08-02,7,5,1,349.0,150.0,0.0
13167,11879,5,2025-08-02,7,2,1,296.65,150.0,52.35
13168,11587,4,2025-08-02,1,2,2,349.0,150.0,0.0
13169,11880,2,2025-08-03,2,4,1,269.1,129.0,29.9
13170,11881,5,2025-08-03,4,2,1,349.0,150.0,0.0
13171,11882,2,2025-08-03,3,1,1,299.0,129.0,0.0
13172,11883,4,2025-08-03,1,2,1,349.0,150.0,0.0
13173,11884,5,2025-08-03,6,5,1,349.0,150.0,0.0
13174,11885,4,2025-08-03,2,1,1,349.0,150.0,0.0
13175,11886,4,2025-08-03,3,5,1,349.0,150.0,0.0
13176,7775,3,2025-08-03,4,2,1,329.0,142.0,0.0
13177,11887,2,2025-08-03,2,2,1,299.0,129.0,0.0
13178,11888,5,2025-08-03,9,1,1,349.0,150.0,0.0
13179,11889,6,2025-08-03,1,1,1,424.15,215.0,74.85
13180,11890,6,2025-08-03,1,1,1,499.0,215.0,0.0
13181,11891,2,2025-08-03,9,2,1,299.0,129.0,0.0
13182,11892,5,2025-08-03,5,1,1,349.0,150.0,0.0
13183,11893,4,2025-08-03,3,3,1,349.0,150.0,0.0
13184,11894,4,2025-08-03,1,3,1,349.0,150.0,0.0
13185,11895,5,2025-08-03,1,3,1,349.0,150.0,0.0
13186,11896,1,2025-08-03,5,2,1,299.0,129.0,0.0
13187,11897,2,2025-08-03,6,1,1,299.0,129.0,0.0
13188,11898,2,2025-08-03,3,4,1,299.0,129.0,0.0
13189,11899,5,2025-08-03,3,5,1,349.0,150.0,0.0
13190,11900,6,2025-08-03,3,2,1,499.0,215.0,0.0
13191,11901,2,2025-08-03,1,3,1,299.0,129.0,0.0
13192,5325,3,2025-08-03,1,1,1,296.1,142.0,32.9
13193,11902,4,2025-08-03,4,4,1,349.0,150.0,0.0
13194,11903,5,2025-08-03,5,1,1,349.0,150.0,0.0
13195,11904,6,2025-08-03,1,1,1,499.0,215.0,0.0
13196,11905,4,2025-08-03,1,1,1,349.0,150.0,0.0
13197,11906,6,2025-08-03,1,3,1,499.0,215.0,0.0
13198,11907,2,2025-08-03,3,1,1,299.0,129.0,0.0
13199,11908,4,2025-08-03,5,1,1,349.0,150.0,0.0
13200,10666,1,2025-08-03,8,1,1,299.0,129.0,0.0
13201,11909,2,2025-08-03,2,3,1,299.0,129.0,0.0
13202,11910,2,2025-08-03,3,2,1,299.0,129.0,0.0
13203,11911,4,2025-08-03,1,5,1,296.65,150.0,52.35
13204,11912,4,2025-08-03,1,3,1,349.0,150.0,0.0
13205,11913,4,2025-08-03,4,1,1,349.0,150.0,0.0
13206,11914,3,2025-08-03,3,1,1,296.1,142.0,32.9
13207,11915,5,2025-08-04,3,1,1,314.1,150.0,34.9
13208,11916,2,2025-08-04,5,1,1,299.0,129.0,0.0
13209,9289,1,2025-08-04,5,1,1,299.0,129.0,0.0
13210,11917,1,2025-08-04,2,1,1,254.15,129.0,44.85
13211,11918,4,2025-08-04,3,1,1,349.0,150.0,0.0
13212,4401,1,2025-08-04,2,3,1,299.0,129.0,0.0
13213,11919,4,2025-08-04,,2,1,349.0,150.0,0.0
13214,11920,1,2025-08-04,3,3,1,299.0,129.0,0.0
13215,11921,4,2025-08-04,4,2,1,349.0,150.0,0.0
13216,11922,6,2025-08-04,7,1,1,499.0,215.0,0.0
13217,11923,5,2025-08-04,2,2,1,349.0,150.0,0.0
13218,11924,5,2025-08-04,1,5,1,349.0,150.0,0.0
13219,11925,1,2025-08-04,1,5,1,254.15,129.0,44.85
13220,11926,5,2025-08-04,7,3,1,349.0,150.0,0.0
13221,11927,3,2025-08-04,5,1,1,329.0,142.0,0.0
13222,11928,1,2025-08-04,3,4,2,254.15,129.0,44.85
13223,11929,5,2025-08-04,1,1,1,349.0,150.0,0.0
13224,11930,6,2025-08-04,3,2,1,499.0,215.0,0.0
13225,11931,4,2025-08-04,1,2,1,314.1,150.0,34.9
13226,11932,1,2025-08-04,2,4,1,299.0,129.0,0.0
13227,11933,1,2025-08-04,1,2,1,299.0,129.0,0.0
13228,11934,4,2025-08-04,3,5,1,349.0,150.0,0.0
13229,11935,1,2025-08-04,5,5,1,299.0,129.0,0.0
13230,11936,5,2025-08-04,1,4,1,296.65,150.0,52.35
13231,11937,6,2025-08-04,7,2,1,424.15,215.0,74.85
13232,11938,4,2025-08-04,2,4,1,296.65,150.0,52.35
13233,11939,5,2025-08-04,1,1,1,349.0,150.0,0.0
13234,9664,4,2025-08-04,3,5,1,349.0,150.0,0.0
13235,11940,5,2025-08-04,2,4,1,314.1,150.0,34.9
13236,11941,5,2025-08-04,5,2,1,349.0,150.0,0.0
13237,11942,5,2025-08-04,3,2,1,349.0,150.0,0.0
13238,11943,4,2025-08-04,5,1,1,349.0,150.0,0.0
13239,11944,1,2025-08-04,7,3,1,299.0,129.0,0.0
13240,11856,4,2025-08-04,1,4,1,349.0,150.0,0.0
13241,11945,5,2025-08-04,5,1,1,349.0,150.0,0.0
13242,11946,4,2025-08-04,8,1,1,349.0,150.0,0.0
13243,8275,5,2025-08-04,1,2,1,349.0,150.0,0.0
13244,11947,4,2025-08-04,3,2,1,349.0,150.0,0.0
13245,11948,2,2025-08-05,9,1,1,254.15,129.0,44.85
13246,11949,4,2025-08-05,2,5,1,349.0,150.0,0.0
13247,11950,1,2025-08-05,4,2,1,299.0,129.0,0.0
13248,11951,3,2025-08-05,1,5,1,296.1,142.0,32.9
13249,11952,2,2025-08-05,7,1,1,269.1,129.0,29.9
13250,11953,1,2025-08-05,3,1,1,269.1,129.0,29.9
13251,11954,1,2025-08-05,3,2,2,299.0,129.0,0.0
13252,11955,5,2025-08-05,1,4,1,349.0,150.0,0.0
13253,11956,2,2025-08-05,2,1,1,299.0,129.0,0.0
13254,11957,2,2025-08-05,4,2,1,299.0,129.0,0.0
13255,11958,6,2025-08-05,2,2,1,499.0,215.0,0.0
13256,5356,4,2025-08-05,3,4,1,349.0,150.0,0.0
13257,11959,5,2025-08-05,2,1,1,349.0,150.0,0.0
13258,11960,5,2025-08-05,3,4,1,314.1,150.0,34.9
13259,11961,1,2025-08-05,4,2,2,299.0,129.0,0.0
13260,11962,4,2025-08-05,2,1,1,349.0,150.0,0.0
13261,11963,1,2025-08-05,4,1,2,299.0,129.0,0.0
13262,11964,5,2025-08-05,7,2,1,349.0,150.0,0.0
13263,11965,1,2025-08-05,1,4,1,299.0,129.0,0.0
13264,11966,6,2025-08-05,1,1,1,499.0,215.0,0.0
13265,11967,6,2025-08-05,2,4,1,449.1,215.0,49.9
13266,11968,5,2025-08-05,1,2,1,349.0,150.0,0.0
13267,11969,4,2025-08-05,7,1,1,349.0,150.0,0.0
13268,11970,2,2025-08-05,3,2,1,299.0,129.0,0.0
13269,11971,5,2025-08-05,2,5,1,349.0,150.0,0.0
13270,11972,1,2025-08-05,8,2,1,299.0,129.0,0.0
13271,11973,5,2025-08-05,5,3,1,349.0,150.0,0.0
13272,11974,3,2025-08-05,1,2,1,329.0,142.0,0.0
13273,11975,1,2025-08-05,2,5,2,299.0,129.0,0.0
13274,11976,3,2025-08-05,7,1,1,329.0,142.0,0.0
13275,9342,3,2025-08-05,3,1,1,296.1,142.0,32.9
13276,11977,6,2025-08-05,2,1,1,499.0,215.0,0.0
13277,11978,4,2025-08-05,3,3,1,314.1,150.0,34.9
13278,11979,4,2025-08-05,1,3,1,349.0,150.0,0.0
13279,11688,5,2025-08-05,7,5,1,349.0,150.0,0.0
13280,11980,4,2025-08-05,7,2,1,349.0,150.0,0.0
13281,11956,1,2025-08-05,3,5,2,299.0,129.0,0.0
13282,11981,1,2025-08-05,3,2,1,299.0,129.0,0.0
13283,11982,2,2025-08-05,5,1,1,299.0,129.0,0.0
13284,11983,1,2025-08-06,1,1,1,299.0,129.0,0.0
13285,11984,4,2025-08-06,3,1,1,349.0,150.0,0.0
13286,11985,2,2025-08-06,1,1,1,299.0,129.0,0.0
13287,11986,4,2025-08-06,1,1,1,349.0,150.0,0.0
13288,10649,1,2025-08-06,8,2,1,254.15,129.0,44.85
13289,11987,5,2025-08-06,8,2,1,349.0,150.0,0.0
13290,11988,6,2025-08-06,1,2,1,499.0,215.0,0.0
13291,11989,2,2025-08-06,4,4,1,299.0,129.0,0.0
13292,11990,2,2025-08-06,5,1,1,299.0,129.0,0.0
13293,11991,4,2025-08-06,2,3,1,349.0,150.0,0.0
13294,11992,1,2025-08-06,1,3,1,299.0,129.0,0.0
13295,11833,2,2025-08-06,1,2,1,299.0,129.0,0.0
13296,11055,4,2025-08-06,6,3,1,314.1,150.0,34.9
13297,11993,4,2025-08-06,7,4,1,349.0,150.0,0.0
13298,11994,1,2025-08-06,1,1,1,299.0,129.0,0.0
13299,11995,5,2025-08-06,1,3,1,349.0,150.0,0.0
13300,11996,4,2025-08-06,3,1,1,349.0,150.0,0.0
13301,11997,6,2025-08-06,1,1,1,499.0,215.0,0.0
13302,11998,5,2025-08-06,3,3,1,349.0,150.0,0.0
13303,8562,5,2025-08-06,1,1,1,296.65,150.0,52.35
13304,11999,6,2025-08-06,1,3,1,499.0,215.0,0.0
13305,12000,3,2025-08-06,1,5,1,329.0,142.0,0.0
13306,12001,6,2025-08-06,5,2,1,424.15,215.0,74.85
13307,6725,5,2025-08-06,3,4,1,314.1,150.0,34.9
13308,12002,2,2025-08-06,3,5,1,299.0,129.0,0.0
13309,12003,4,2025-08-06,6,1,1,349.0,150.0,0.0
13310,12004,2,2025-08-06,5,1,1,269.1,129.0,29.9
13311,12005,4,2025-08-06,2,2,1,296.65,150.0,52.35
13312,12006,1,2025-08-06,3,1,1,299.0,129.0,0.0
13313,12007,2,2025-08-06,3,2,1,299.0,129.0,0.0
13314,12008,1,2025-08-06,1,1,1,299.0,129.0,0.0
13315,12009,4,2025-08-06,3,3,1,296.65,150.0,52.35
13316,12010,4,2025-08-06,3,5,1,314.1,150.0,34.9
13317,12011,4,2025-08-06,4,3,1,349.0,150.0,0.0
13318,12012,4,2025-08-06,1,4,1,314.1,150.0,34.9
13319,12013,1,2025-08-06,5,1,1,299.0,129.0,0.0
13320,12014,2,2025-08-06,2,1,1,299.0,129.0,0.0
13321,12015,5,2025-08-07,1,1,1,349.0,150.0,0.0
13322,12016,5,2025-08-07,1,1,1,349.0,150.0,0.0
13323,12017,1,2025-08-07,2,2,1,299.0,129.0,0.0
13324,12018,4,2025-08-07,3,1,1,349.0,150.0,0.0
13325,12019,1,2025-08-07,2,1,1,299.0,129.0,0.0
13326,12020,4,2025-08-07,1,4,1,349.0,150.0,0.0
13327,12021,5,2025-08-07,2,1,1,349.0,150.0,0.0
13328,12022,5,2025-08-07,2,2,1,349.0,150.0,0.0
13329,12023,6,2025-08-07,5,5,1,499.0,215.0,0.0
13330,12024,4,2025-08-07,4,1,1,296.65,150.0,52.35
13331,12025,4,2025-08-07,2,5,1,349.0,150.0,0.0
13332,12026,2,2025-08-07,3,1,1,299.0,129.0,0.0
13333,12027,5,2025-08-07,,2,1,349.0,150.0,0.0
13334,12028,3,2025-08-07,6,1,1,329.0,142.0,0.0
13335,12029,2,2025-08-07,3,1,1,299.0,129.0,0.0
13336,12030,4,2025-08-07,5,2,1,314.1,150.0,34.9
13337,10803,4,2025-08-07,5,2,1,314.1,150.0,34.9
13338,12031,2,2025-08-07,3,3,1,299.0,129.0,0.0
13339,12032,5,2025-08-07,3,1,1,349.0,150.0,0.0
13340,12033,4,2025-08-07,5,1,1,349.0,150.0,0.0
13341,90241,2,2025-08-07,3,4,1,299.0,129.0,0.0
13342,12035,3,2025-08-07,2,4,1,279.65,142.0,49.35
13343,12036,2,2025-08-07,1,4,1,269.1,129.0,29.9
13344,12037,6,2025-08-07,4,3,1,499.0,215.0,0.0
13345,12038,5,2025-08-07,3,1,1,314.1,150.0,34.9
13346,511,5,2025-08-07,1,1,1,349.0,150.0,0.0
13347,12039,5,2025-08-07,1,2,1,349.0,150.0,0.0
13348,12040,1,2025-08-07,5,5,1,299.0,129.0,0.0
13349,12041,5,2025-08-07,3,1,1,349.0,150.0,0.0
13350,12042,4,2025-08-07,4,3,1,349.0,150.0,0.0
13351,12043,1,2025-08-07,4,4,1,299.0,129.0,0.0
13352,12044,6,2025-08-07,5,1,1,499.0,215.0,0.0
13353,12045,6,2025-08-07,7,2,1,499.0,215.0,0.0
13354,12046,2,2025-08-07,1,1,1,299.0,129.0,0.0
13355,5043,2,2025-08-07,2,1,1,299.0,129.0,0.0
13356,12047,5,2025-08-07,3,1,1,349.0,150.0,0.0
13357,12048,5,2025-08-07,1,2,1,349.0,150.0,0.0
13358,12049,6,2025-08-07,7,3,1,499.0,215.0,0.0
13359,12050,1,2025-08-07,1,3,1,299.0,129.0,0.0
13360,12051,5,2025-08-07,5,2,1,349.0,150.0,0.0
13361,12052,4,2025-08-08,1,3,1,349.0,150.0,0.0
13362,12053,4,2025-08-08,3,2,1,349.0,150.0,0.0
13363,12054,4,2025-08-08,2,1,1,296.65,150.0,52.35
13364,12055,1,2025-08-08,8,2,1,299.0,129.0,0.0
13365,12056,6,2025-08-08,1,3,1,449.1,215.0,49.9
13366,12057,2,2025-08-08,1,3,1,299.0,129.0,0.0
13367,12058,3,2025-08-08,3,2,1,329.0,142.0,0.0
13368,12059,5,2025-08-08,3,2,1,314.1,150.0,34.9
13369,3536,4,2025-08-08,3,3,1,349.0,150.0,0.0
13370,2859,4,2025-08-08,6,3,1,349.0,150.0,0.0
13371,12060,3,2025-08-08,1,4,1,329.0,142.0,0.0
13372,12013,1,2025-08-08,5,1,1,254.15,129.0,44.85
13373,12061,4,2025-08-08,1,2,1,349.0,150.0,0.0
13374,12062,2,2025-08-08,1,2,1,269.1,129.0,29.9
13375,12063,5,2025-08-08,1,4,1,349.0,150.0,0.0
13376,12064,5,2025-08-08,2,3,1,349.0,150.0,0.0
13377,12065,4,2025-08-08,5,1,1,349.0,150.0,0.0
13378,12066,5,2025-08-08,4,1,1,349.0,150.0,0.0
13379,12067,5,2025-08-08,9,5,1,349.0,150.0,0.0
13380,12068,3,2025-08-08,6,1,1,329.0,142.0,0.0
13381,12069,2,2025-08-08,4,3,1,299.0,129.0,0.0
13382,12070,5,2025-08-08,2,3,1,314.1,150.0,34.9
13383,12071,2,2025-08-08,1,4,1,299.0,129.0,0.0
13384,12072,2,2025-08-08,5,1,1,299.0,129.0,0.0
13385,9700,2,2025-08-08,2,1,1,254.15,129.0,44.85
13386,12073,6,2025-08-08,7,2,1,499.0,215.0,0.0
13387,12074,6,2025-08-08,1,3,1,499.0,215.0,0.0
13388,12075,3,2025-08-08,5,3,1,279.65,142.0,49.35
13389,12076,1,2025-08-08,3,1,2,299.0,129.0,0.0
13390,12077,2,2025-08-08,8,2,1,254.15,129.0,44.85
13391,11255,4,2025-08-08,4,1,1,349.0,150.0,0.0
13392,12078,5,2025-08-08,2,2,1,349.0,150.0,0.0
13393,12079,4,2025-08-08,5,1,1,349.0,150.0,0.0
13394,12080,2,2025-08-08,3,3,1,299.0,129.0,0.0
13395,12081,4,2025-08-08,5,3,1,314.1,150.0,34.9
13396,11006,6,2025-08-08,2,1,1,499.0,215.0,0.0
13397,12082,5,2025-08-08,1,3,1,349.0,150.0,0.0
13398,12083,5,2025-08-08,3,2,1,314.1,150.0,34.9
13399,1575,6,2025-08-08,4,2,1,449.1,215.0,49.9
13400,12084,2,2025-08-08,1,3,1,299.0,129.0,0.0
13401,12085,4,2025-08-09,3,1,1,349.0,150.0,0.0
13402,12086,5,2025-08-09,1,2,2,349.0,150.0,0.0
13403,12087,4,2025-08-09,9,2,1,349.0,150.0,0.0
13404,12088,5,2025-08-09,2,2,1,349.0,150.0,0.0
13405,12089,1,2025-08-09,1,2,1,254.15,129.0,44.85
13406,12090,3,2025-08-09,5,4,1,329.0,142.0,0.0
13407,12091,4,2025-08-09,3,5,1,314.1,150.0,34.9
13408,12092,4,2025-08-09,5,1,1,314.1,150.0,34.9
13409,12093,5,2025-08-09,1,1,1,314.1,150.0,34.9
13410,12094,2,2025-08-09,5,2,1,299.0,129.0,0.0
13411,12095,1,2025-08-09,2,4,1,299.0,129.0,0.0
13412,12096,4,2025-08-09,3,3,2,314.1,150.0,34.9
13413,12097,5,2025-08-09,4,1,1,349.0,150.0,0.0
13414,12098,2,2025-08-09,3,2,1,299.0,129.0,0.0
13415,12099,4,2025-08-09,1,2,2,349.0,150.0,0.0
13416,12100,3,2025-08-09,2,1,1,329.0,142.0,0.0
13417,12101,2,2025-08-09,3,2,1,269.1,129.0,29.9
13418,12102,5,2025-08-09,2,3,1,296.65,150.0,52.35
13419,12103,3,2025-08-09,3,1,1,329.0,142.0,0.0
13420,12104,6,2025-08-09,3,3,1,449.1,215.0,49.9
13421,8630,1,2025-08-09,,1,1,299.0,129.0,0.0
13422,12105,5,2025-08-09,2,2,2,314.1,150.0,34.9
13423,11607,5,2025-08-09,1,1,1,349.0,150.0,0.0
13424,12106,2,2025-08-09,6,3,1,299.0,129.0,0.0
13425,12107,4,2025-08-09,1,4,1,349.0,150.0,0.0
13426,12108,2,2025-08-09,1,1,1,0.0,129.0,44.85
13427,12109,1,2025-08-09,5,2,2,299.0,129.0,0.0
13428,12110,4,2025-08-09,4,2,1,349.0,150.0,0.0
13429,12111,4,2025-08-09,4,2,1,349.0,150.0,0.0
13430,12112,5,2025-08-09,1,1,2,349.0,150.0,0.0
13431,12113,4,2025-08-09,1,2,1,349.0,150.0,0.0
13432,5201,4,2025-08-09,3,4,1,349.0,150.0,0.0
13433,12114,4,2025-08-09,6,1,1,296.65,150.0,52.35
13434,12115,4,2025-08-09,1,2,1,314.1,150.0,34.9
13435,12116,6,2025-08-09,4,2,1,499.0,215.0,0.0
13436,12117,1,2025-08-09,7,2,1,299.0,129.0,0.0
13437,12118,2,2025-08-09,6,2,1,299.0,129.0,0.0
13438,12119,5,2025-08-09,3,1,1,349.0,150.0,0.0
13439,12120,4,2025-08-10,2,1,1,349.0,150.0,0.0
13440,12121,4,2025-08-10,3,5,1,349.0,150.0,0.0
13441,12122,5,2025-08-10,4,2,1,349.0,150.0,0.0
13442,12123,5,2025-08-10,3,3,1,349.0,150.0,0.0
13443,12124,5,2025-08-10,3,1,1,314.1,150.0,34.9
13444,12125,1,2025-08-10,3,2,1,269.1,129.0,29.9
13445,12126,1,2025-08-10,3,1,1,299.0,129.0,0.0
13446,12127,3,2025-08-10,2,2,1,329.0,142.0,0.0
13447,12128,4,2025-08-10,8,2,1,314.1,150.0,34.9
13448,12129,5,2025-08-10,1,3,1,349.0,150.0,0.0
13449,12130,5,2025-08-10,1,1,1,349.0,150.0,0.0
13450,12131,5,2025-08-10,1,2,1,349.0,150.0,0.0
13451,12132,1,2025-08-10,2,5,1,299.0,129.0,0.0
13452,12133,1,2025-08-10,2,1,1,299.0,129.0,0.0
13453,12134,5,2025-08-10,2,1,1,314.1,150.0,34.9
13454,12135,3,2025-08-10,7,5,1,279.65,142.0,49.35
13455,12136,4,2025-08-10,8,3,1,349.0,150.0,0.0
13456,12137,3,2025-08-10,8,1,1,329.0,142.0,0.0
13457,12138,3,2025-08-10,1,3,1,329.0,142.0,0.0
13458,12139,4,2025-08-10,4,2,1,314.1,150.0,34.9
13459,3544,2,2025-08-10,4,3,1,269.1,129.0,29.9
13460,4118,4,2025-08-10,2,5,1,349.0,150.0,0.0
13461,12140,1,2025-08-10,5,1,1,299.0,129.0,0.0
13462,12141,6,2025-08-10,5,2,2,449.1,215.0,49.9
13463,12142,4,2025-08-10,2,3,1,349.0,150.0,0.0
13464,12143,2,2025-08-10,2,3,2,269.1,129.0,29.9
13465,12144,5,2025-08-10,3,2,1,349.0,150.0,0.0
13466,1935,2,2025-08-10,3,1,1,299.0,129.0,0.0
13467,12145,5,2025-08-10,7,2,1,349.0,150.0,0.0
13468,12146,2,2025-08-10,3,2,2,299.0,129.0,0.0
13469,12147,3,2025-08-10,5,1,1,329.0,142.0,0.0
13470,12148,4,2025-08-10,5,2,1,349.0,150.0,0.0
13471,12149,5,2025-08-11,5,2,1,314.1,150.0,34.9
13472,12150,1,2025-08-11,1,4,1,269.1,129.0,29.9
13473,12151,4,2025-08-11,7,4,1,349.0,150.0,0.0
13474,12152,6,2025-08-11,4,1,1,449.1,215.0,49.9
13475,12153,4,2025-08-11,2,1,1,349.0,150.0,0.0
13476,12154,5,2025-08-11,5,2,1,314.1,150.0,34.9
13477,12155,1,2025-08-11,6,4,1,254.15,129.0,44.85
13478,12156,3,2025-08-11,8,4,1,296.1,142.0,32.9
13479,12157,4,2025-08-11,1,1,1,349.0,150.0,0.0
13480,12158,1,2025-08-11,3,3,1,299.0,129.0,0.0
13481,12159,4,2025-08-11,1,4,1,349.0,150.0,0.0
13482,12160,1,2025-08-11,7,5,1,299.0,129.0,0.0
13483,12161,4,2025-08-11,1,2,1,314.1,150.0,34.9
13484,5744,2,2025-08-11,1,1,1,299.0,129.0,0.0
13485,12162,1,2025-08-11,3,1,1,299.0,129.0,0.0
13486,12163,6,2025-08-11,3,2,1,499.0,215.0,0.0
13487,12164,3,2025-08-11,9,1,1,279.65,142.0,49.35
13488,12165,2,2025-08-11,3,4,1,254.15,129.0,44.85
13489,12166,6,2025-08-11,5,2,1,499.0,215.0,0.0
13490,12167,2,2025-08-11,1,5,1,269.1,129.0,29.9
13491,12168,4,2025-08-11,5,2,2,314.1,150.0,34.9
13492,12169,3,2025-08-11,7,2,1,329.0,142.0,0.0
13493,12170,5,2025-08-11,3,2,1,349.0,150.0,0.0
13494,12171,6,2025-08-11,7,5,1,499.0,215.0,0.0
13495,12172,5,2025-08-11,2,2,1,349.0,150.0,0.0
13496,12173,1,2025-08-11,1,4,1,299.0,129.0,0.0
13497,12174,5,2025-08-11,7,1,1,314.1,150.0,34.9
13498,12175,2,2025-08-11,4,1,1,299.0,129.0,0.0
13499,12176,4,2025-08-11,3,1,2,349.0,150.0,0.0
13500,12177,6,2025-08-11,1,5,1,499.0,215.0,0.0
13501,12178,2,2025-08-11,1,5,1,269.1,129.0,29.9
13502,12179,5,2025-08-11,5,4,1,349.0,150.0,0.0
13503,12180,4,2025-08-11,1,4,1,349.0,150.0,0.0
13504,12181,5,2025-08-11,5,2,1,314.1,150.0,34.9
13505,12182,4,2025-08-11,4,2,1,349.0,150.0,0.0
13506,12183,1,2025-08-11,7,1,1,299.0,129.0,0.0
13507,12184,2,2025-08-12,7,1,1,269.1,129.0,29.9
13508,12185,1,2025-08-12,2,2,1,299.0,129.0,0.0
13509,12186,2,2025-08-12,5,2,1,299.0,129.0,0.0
13510,2585,5,2025-08-12,5,3,1,296.65,150.0,52.35
13511,12187,2,2025-08-12,3,1,1,299.0,129.0,0.0
13512,12188,1,2025-08-12,4,2,1,269.1,129.0,29.9
13513,12189,4,2025-08-12,1,4,1,349.0,150.0,0.0
13514,12190,6,2025-08-12,1,1,1,499.0,215.0,0.0
13515,12191,4,2025-08-12,1,3,1,314.1,150.0,34.9
13516,12192,3,2025-08-12,3,2,1,329.0,142.0,0.0
13517,1701,1,2025-08-12,5,2,1,269.1,129.0,29.9
13518,12193,3,2025-08-12,1,1,2,296.1,142.0,32.9
13519,12194,1,2025-08-12,1,5,1,299.0,129.0,0.0
13520,12195,5,2025-08-12,1,2,1,349.0,150.0,0.0
13521,12196,4,2025-08-12,1,4,1,349.0,150.0,0.0
13522,12197,4,2025-08-12,1,1,1,349.0,150.0,0.0
13523,12198,4,2025-08-12,7,4,1,314.1,150.0,34.9
13524,12199,5,2025-08-12,2,5,1,349.0,150.0,0.0
13525,12200,2,2025-08-12,3,1,1,299.0,129.0,0.0
13526,12201,3,2025-08-12,2,4,1,329.0,142.0,0.0
13527,12202,1,2025-08-12,4,2,1,299.0,129.0,0.0
13528,12203,5,2025-08-12,5,5,1,349.0,150.0,0.0
13529,12204,2,2025-08-12,1,1,1,269.1,129.0,29.9
13530,7150,2,2025-08-12,2,1,1,299.0,129.0,0.0
13531,12205,5,2025-08-12,2,5,1,314.1,150.0,34.9
13532,12206,4,2025-08-12,5,3,1,349.0,150.0,0.0
13533,12207,3,2025-08-12,1,1,1,329.0,142.0,0.0
13534,12208,4,2025-08-12,7,2,1,349.0,150.0,0.0
13535,10175,5,2025-08-12,4,2,1,349.0,150.0,0.0
13536,12209,3,2025-08-12,7,1,1,329.0,142.0,0.0
13537,12210,4,2025-08-12,6,2,1,314.1,150.0,34.9
13538,12211,4,2025-08-12,1,2,1,349.0,150.0,0.0
13539,12212,4,2025-08-12,1,2,1,349.0,150.0,0.0
13540,12213,4,2025-08-12,2,1,1,314.1,150.0,34.9
13541,12214,5,2025-08-12,7,2,1,349.0,150.0,0.0
13542,12215,5,2025-08-12,7,1,1,314.1,150.0,34.9
13543,12216,4,2025-08-13,1,1,2,349.0,150.0,0.0
13544,6702,3,2025-08-13,3,5,1,329.0,142.0,0.0
13545,12217,6,2025-08-13,6,1,1,499.0,215.0,0.0
13546,12218,6,2025-08-13,2,1,1,499.0,215.0,0.0
13547,12219,2,2025-08-13,5,3,1,254.15,129.0,44.85
13548,12220,5,2025-08-13,2,5,1,349.0,150.0,0.0
13549,12221,2,2025-08-13,5,1,1,299.0,129.0,0.0
13550,12222,6,2025-08-13,3,3,1,499.0,215.0,0.0
13551,12223,3,2025-08-13,7,1,1,329.0,142.0,0.0
13552,12224,4,2025-08-13,1,3,1,349.0,150.0,0.0
13553,12225,1,2025-08-13,1,5,1,299.0,129.0,0.0
13554,12226,6,2025-08-13,2,1,1,499.0,215.0,0.0
13555,12227,5,2025-08-13,5,3,1,349.0,150.0,0.0
13556,8160,2,2025-08-13,5,2,1,269.1,129.0,29.9
13557,12228,5,2025-08-13,1,4,1,349.0,150.0,0.0
13558,5976,3,2025-08-13,1,1,1,329.0,142.0,0.0
13559,12229,3,2025-08-13,1,3,1,329.0,142.0,0.0
13560,12230,2,2025-08-13,5,1,1,299.0,129.0,0.0
13561,12231,2,2025-08-13,2,3,2,299.0,129.0,0.0
13562,12232,3,2025-08-13,4,2,1,296.1,142.0,32.9
13563,12233,2,2025-08-13,6,1,2,299.0,129.0,0.0
13564,12234,5,2025-08-13,7,1,1,349.0,150.0,0.0
13565,12235,6,2025-08-13,1,2,1,499.0,215.0,0.0
13566,12236,1,2025-08-13,1,2,1,299.0,129.0,0.0
13567,1474,4,2025-08-13,2,2,1,349.0,150.0,0.0
13568,12237,3,2025-08-13,2,1,1,329.0,142.0,0.0
13569,12238,1,2025-08-13,5,5,1,299.0,129.0,0.0
13570,12239,2,2025-08-13,2,1,1,269.1,129.0,29.9
13571,12240,6,2025-08-13,7,1,1,449.1,215.0,49.9
13572,12241,6,2025-08-13,8,1,1,499.0,215.0,0.0
13573,12242,1,2025-08-13,3,1,1,254.15,129.0,44.85
13574,12243,1,2025-08-13,2,1,1,299.0,129.0,0.0
13575,12244,2,2025-08-13,1,1,1,299.0,129.0,0.0
13576,12245,5,2025-08-13,2,2,1,349.0,150.0,0.0
13577,12246,4,2025-08-14,3,3,1,349.0,150.0,0.0
13578,12247,1,2025-08-14,1,2,0,254.15,129.0,44.85
13579,12248,3,2025-08-14,1,1,1,329.0,142.0,0.0
13580,12249,4,2025-08-14,1,2,1,349.0,150.0,0.0
13581,12250,4,2025-08-14,5,1,1,349.0,150.0,0.0
13582,12251,1,2025-08-14,4,1,1,254.15,129.0,44.85
13583,12252,2,2025-08-14,7,1,1,269.1,129.0,29.9
13584,12253,5,2025-08-14,5,5,1,349.0,150.0,0.0
13585,12254,1,2025-08-14,2,1,1,269.1,129.0,29.9
13586,12255,6,2025-08-14,5,5,1,449.1,215.0,49.9
13587,12256,2,2025-08-14,1,1,1,299.0,129.0,0.0
13588,12257,5,2025-08-14,2,1,1,349.0,150.0,0.0
13589,12258,2,2025-08-14,6,3,1,299.0,129.0,0.0
13590,12259,5,2025-08-14,2,1,1,314.1,150.0,34.9
13591,12260,4,2025-08-14,4,2,1,349.0,150.0,0.0
13592,12261,6,2025-08-14,1,3,1,499.0,215.0,0.0
13593,12262,5,2025-08-14,3,1,1,349.0,150.0,0.0
13594,12263,6,2025-08-14,2,1,1,449.1,215.0,49.9
13595,12264,4,2025-08-14,7,3,1,349.0,150.0,0.0
13596,12265,5,2025-08-14,4,2,1,349.0,150.0,0.0
13597,12266,5,2025-08-14,6,1,1,349.0,150.0,0.0
13598,12267,4,2025-08-14,1,1,1,349.0,150.0,0.0
13599,7949,6,2025-08-14,2,1,2,499.0,215.0,0.0
13600,12268,5,2025-08-14,5,1,1,349.0,150.0,0.0
13601,12269,2,2025-08-14,5,2,1,299.0,129.0,0.0
13602,12270,1,2025-08-14,3,2,1,254.15,129.0,44.85
13603,2505,6,2025-08-14,1,1,1,499.0,215.0,0.0
13604,12271,1,2025-08-14,7,4,1,254.15,129.0,44.85
13605,2292,4,2025-08-14,7,2,1,349.0,150.0,0.0
13606,12272,5,2025-08-14,2,5,2,349.0,150.0,0.0
13607,12273,1,2025-08-14,3,3,1,299.0,129.0,0.0
13608,12274,5,2025-08-14,5,4,1,349.0,150.0,0.0
13609,12275,2,2025-08-14,7,3,1,299.0,129.0,0.0
13610,12276,5,2025-08-14,2,2,1,349.0,150.0,0.0
13611,12277,4,2025-08-14,1,2,2,349.0,150.0,0.0
13612,12278,5,2025-08-14,8,2,1,349.0,150.0,0.0
13613,12279,6,2025-08-14,1,4,2,499.0,215.0,0.0
13614,9940,4,2025-08-15,1,2,1,349.0,150.0,0.0
13615,12280,4,2025-08-15,2,4,1,349.0,150.0,0.0
13616,12281,3,2025-08-15,3,1,1,279.65,142.0,49.35
13617,12282,5,2025-08-15,1,1,1,296.65,150.0,52.35
13618,12283,5,2025-08-15,5,2,1,296.65,150.0,52.35
13619,12284,4,2025-08-15,5,1,1,349.0,150.0,0.0
13620,12285,3,2025-08-15,4,1,1,296.1,142.0,32.9
13621,12286,1,2025-08-15,1,1,1,299.0,129.0,0.0
13622,12287,6,2025-08-15,,2,1,499.0,215.0,0.0
13623,12288,4,2025-08-15,1,2,1,349.0,150.0,0.0
13624,12289,6,2025-08-15,1,1,1,499.0,215.0,0.0
13625,12290,4,2025-08-15,1,3,1,349.0,150.0,0.0
13626,12291,3,2025-08-15,4,1,1,329.0,142.0,0.0
13627,12292,5,2025-08-15,1,4,2,349.0,150.0,0.0
13628,12293,5,2025-08-15,4,5,1,349.0,150.0,0.0
13629,12294,4,2025-08-15,2,4,1,349.0,150.0,0.0
13630,12295,4,2025-08-15,1,4,1,349.0,150.0,0.0
13631,12296,2,2025-08-15,1,2,1,299.0,129.0,0.0
13632,12297,4,2025-08-15,4,2,1,349.0,150.0,0.0
13633,12298,3,2025-08-15,1,3,1,329.0,142.0,0.0
13634,12299,4,2025-08-15,2,1,1,349.0,150.0,0.0
13635,12300,5,2025-08-15,5,1,1,349.0,150.0,0.0
13636,12301,4,2025-08-15,4,1,1,349.0,150.0,0.0
13637,12302,2,2025-08-15,1,2,1,254.15,129.0,44.85
13638,12303,6,2025-08-15,5,1,1,499.0,215.0,0.0
13639,12304,1,2025-08-15,5,1,2,299.0,129.0,0.0
13640,12305,5,2025-08-15,5,1,1,349.0,150.0,0.0
13641,12306,5,2025-08-15,8,2,1,349.0,150.0,0.0
13642,12307,6,2025-08-15,7,2,1,499.0,215.0,0.0
13643,4922,4,2025-08-15,9,5,2,349.0,150.0,0.0
13644,12308,5,2025-08-15,1,2,1,296.65,150.0,52.35
13645,12309,4,2025-08-15,1,5,2,349.0,150.0,0.0
13646,12310,4,2025-08-15,1,2,1,349.0,150.0,0.0
13647,12311,6,2025-08-15,4,3,1,449.1,215.0,49.9
13648,12312,6,2025-08-15,3,3,1,499.0,215.0,0.0
13649,12313,5,2025-08-15,3,2,1,349.0,150.0,0.0
13650,12314,1,2025-08-15,4,1,1,254.15,129.0,44.85
13651,12315,5,2025-08-15,5,1,1,314.1,150.0,34.9
13652,12316,2,2025-08-15,3,2,1,254.15,129.0,44.85
13653,12317,4,2025-08-16,7,5,1,296.65,150.0,52.35
13654,12318,1,2025-08-16,4,1,1,269.1,129.0,29.9
13655,12319,5,2025-08-16,3,3,2,296.65,150.0,52.35
13656,12320,4,2025-08-16,5,2,1,349.0,150.0,0.0
13657,12321,5,2025-08-16,7,4,1,349.0,150.0,0.0
13658,12322,4,2025-08-16,1,1,1,349.0,150.0,0.0
13659,12323,3,2025-08-16,2,1,1,329.0,142.0,0.0
13660,12324,1,2025-08-16,2,1,1,299.0,129.0,0.0
13661,12325,6,2025-08-16,2,1,1,449.1,215.0,49.9
13662,12326,4,2025-08-16,4,4,1,349.0,150.0,0.0
13663,12327,1,2025-08-16,3,1,1,254.15,129.0,44.85
13664,12328,4,2025-08-16,4,5,1,349.0,150.0,0.0
13665,2252,5,2025-08-16,2,1,1,349.0,150.0,0.0
13666,12329,5,2025-08-16,2,2,1,349.0,150.0,0.0
13667,12330,2,2025-08-16,3,1,1,299.0,129.0,0.0
13668,12331,4,2025-08-16,1,2,1,349.0,150.0,0.0
13669,12332,4,2025-08-16,5,2,1,349.0,150.0,0.0
13670,12333,5,2025-08-16,3,1,1,349.0,150.0,0.0
13671,2955,5,2025-08-16,1,1,1,349.0,150.0,0.0
13672,12334,5,2025-08-16,5,1,1,349.0,150.0,0.0
13673,12335,6,2025-08-16,,1,1,499.0,215.0,0.0
13674,12336,3,2025-08-16,2,2,1,329.0,142.0,0.0
13675,12337,6,2025-08-16,1,2,1,499.0,215.0,0.0
13676,4525,3,2025-08-16,1,2,1,329.0,142.0,0.0
13677,12338,6,2025-08-16,4,1,1,424.15,215.0,74.85
13678,12339,1,2025-08-16,5,1,1,299.0,129.0,0.0
13679,12340,2,2025-08-16,1,1,1,299.0,129.0,0.0
13680,12341,2,2025-08-16,4,4,1,299.0,129.0,0.0
13681,12342,4,2025-08-16,3,2,1,349.0,150.0,0.0
13682,12343,2,2025-08-16,4,3,1,299.0,129.0,0.0
13683,12344,4,2025-08-16,1,2,1,349.0,150.0,0.0
13684,12345,4,2025-08-16,1,3,1,314.1,150.0,34.9
13685,12346,1,2025-08-16,1,1,1,299.0,129.0,0.0
13686,12347,4,2025-08-16,,1,1,349.0,150.0,0.0
13687,12348,5,2025-08-16,3,5,1,349.0,150.0,0.0
13688,12349,1,2025-08-16,1,1,1,299.0,129.0,0.0
13689,12350,4,2025-08-16,2,3,1,349.0,150.0,0.0
13690,12351,4,2025-08-16,1,1,1,349.0,150.0,0.0
13691,12352,2,2025-08-17,,5,1,269.1,129.0,29.9
13692,12353,2,2025-08-17,1,2,1,269.1,129.0,29.9
13693,12354,4,2025-08-17,3,1,1,314.1,150.0,34.9
13694,12355,6,2025-08-17,1,2,1,424.15,215.0,74.85
13695,12356,5,2025-08-17,1,1,2,314.1,150.0,34.9
13696,12357,2,2025-08-17,3,2,1,299.0,129.0,0.0
13697,12358,4,2025-08-17,2,1,1,314.1,150.0,34.9
13698,12359,6,2025-08-17,8,3,1,499.0,215.0,0.0
13699,12360,5,2025-08-17,2,2,1,349.0,150.0,0.0
13700,12361,1,2025-08-17,5,1,1,299.0,129.0,0.0
13701,12362,5,2025-08-17,2,1,1,349.0,150.0,0.0
13702,12363,2,2025-08-17,7,5,1,299.0,129.0,0.0
13703,12364,5,2025-08-17,,5,1,349.0,150.0,0.0
13704,12365,6,2025-08-17,8,1,1,499.0,215.0,0.0
13705,12366,3,2025-08-17,1,3,1,329.0,142.0,0.0
13706,12367,5,2025-08-17,6,2,1,349.0,150.0,0.0
13707,12368,5,2025-08-17,3,2,2,296.65,150.0,52.35
13708,8137,5,2025-08-17,3,4,1,349.0,150.0,0.0
13709,12369,4,2025-08-17,7,2,1,349.0,150.0,0.0
13710,12370,2,2025-08-17,4,3,1,299.0,129.0,0.0
13711,12371,5,2025-08-17,1,1,1,349.0,150.0,0.0
13712,3062,1,2025-08-17,1,4,1,254.15,129.0,44.85
13713,12372,2,2025-08-17,1,2,1,299.0,129.0,0.0
13714,4067,6,2025-08-17,1,1,2,499.0,215.0,0.0
13715,12373,4,2025-08-17,9,2,1,296.65,150.0,52.35
13716,12374,2,2025-08-17,5,3,1,299.0,129.0,0.0
13717,12375,4,2025-08-17,1,1,1,314.1,150.0,34.9
13718,12376,4,2025-08-17,7,4,1,296.65,150.0,52.35
13719,12377,5,2025-08-17,1,1,2,314.1,150.0,34.9
13720,12378,5,2025-08-17,6,3,1,349.0,150.0,0.0
13721,12379,1,2025-08-17,5,3,2,299.0,129.0,0.0
13722,12380,1,2025-08-17,1,2,1,254.15,129.0,44.85
13723,12381,2,2025-08-17,1,1,1,299.0,129.0,0.0
13724,3135,4,2025-08-17,5,1,1,296.65,150.0,52.35
13725,12382,3,2025-08-17,2,2,1,329.0,142.0,0.0
13726,12383,5,2025-08-17,5,3,1,296.65,150.0,52.35
13727,12384,6,2025-08-18,1,2,1,449.1,215.0,49.9
13728,12385,6,2025-08-18,2,4,1,424.15,215.0,74.85
13729,12386,1,2025-08-18,2,4,1,299.0,129.0,0.0
13730,12387,4,2025-08-18,1,1,1,349.0,150.0,0.0
13731,12388,5,2025-08-18,1,3,1,314.1,150.0,34.9
13732,12389,5,2025-08-18,3,5,1,314.1,150.0,34.9
13733,12390,5,2025-08-18,6,1,1,349.0,150.0,0.0
13734,12391,4,2025-08-18,3,4,1,349.0,150.0,0.0
13735,12392,2,2025-08-18,3,3,1,254.15,129.0,44.85
13736,12393,2,2025-08-18,4,4,1,299.0,129.0,0.0
13737,12394,2,2025-08-18,1,4,1,269.1,129.0,29.9
13738,12395,2,2025-08-18,4,1,2,269.1,129.0,29.9
13739,12396,5,2025-08-18,4,3,1,349.0,150.0,0.0
13740,12397,5,2025-08-18,1,1,1,349.0,150.0,0.0
13741,12398,5,2025-08-18,1,2,1,349.0,150.0,0.0
13742,8154,6,2025-08-18,5,2,1,499.0,215.0,0.0
13743,12399,2,2025-08-18,1,3,1,299.0,129.0,0.0
13744,12400,3,2025-08-18,1,5,1,279.65,142.0,49.35
13745,12401,2,2025-08-18,4,1,1,299.0,129.0,0.0
13746,12402,3,2025-08-18,2,2,1,279.65,142.0,49.35
13747,12403,1,2025-08-18,1,2,1,269.1,129.0,29.9
13748,12404,3,2025-08-18,5,1,1,329.0,142.0,0.0
13749,12405,6,2025-08-18,2,2,2,449.1,215.0,49.9
13750,12406,3,2025-08-18,4,1,1,329.0,142.0,0.0
13751,12407,2,2025-08-18,3,1,1,254.15,129.0,44.85
13752,12408,5,2025-08-18,7,1,1,349.0,150.0,0.0
13753,12409,2,2025-08-18,1,1,1,254.15,129.0,44.85
13754,12410,4,2025-08-18,3,4,1,349.0,150.0,0.0
13755,12411,1,2025-08-18,5,1,1,254.15,129.0,44.85
13756,12412,6,2025-08-18,9,2,1,499.0,215.0,0.0
13757,12413,6,2025-08-18,4,1,1,499.0,215.0,0.0
13758,12414,6,2025-08-18,7,2,1,499.0,215.0,0.0
13759,8972,3,2025-08-18,8,4,2,329.0,142.0,0.0
13760,12415,4,2025-08-18,5,3,1,349.0,150.0,0.0
13761,12416,4,2025-08-18,8,2,1,314.1,150.0,34.9
13762,12417,5,2025-08-18,4,5,1,296.65,150.0,52.35
13763,12418,2,2025-08-18,5,3,1,299.0,129.0,0.0
13764,12419,5,2025-08-18,4,1,1,314.1,150.0,34.9
13765,12420,5,2025-08-18,1,2,1,349.0,150.0,0.0
13766,12421,1,2025-08-19,3,1,1,299.0,129.0,0.0
13767,12422,2,2025-08-19,4,3,1,299.0,129.0,0.0
13768,12423,2,2025-08-19,1,1,1,299.0,129.0,0.0
13769,12424,5,2025-08-19,3,2,1,296.65,150.0,52.35
13770,12425,1,2025-08-19,6,3,2,269.1,129.0,29.9
13771,12426,4,2025-08-19,5,3,1,314.1,150.0,34.9
13772,12427,5,2025-08-19,5,3,1,349.0,150.0,0.0
13773,12428,5,2025-08-19,1,1,1,349.0,150.0,0.0
13774,12429,2,2025-08-19,1,5,1,269.1,129.0,29.9
13775,12430,2,2025-08-19,5,2,1,254.15,129.0,44.85
13776,12431,6,2025-08-19,4,4,1,424.15,215.0,74.85
13777,12432,1,2025-08-19,3,3,1,299.0,129.0,0.0
13778,12433,4,2025-08-19,1,2,1,349.0,150.0,0.0
13779,12434,5,2025-08-19,1,2,1,349.0,150.0,0.0
13780,12435,4,2025-08-19,5,3,1,349.0,150.0,0.0
13781,12436,4,2025-08-19,5,1,1,349.0,150.0,0.0
13782,12437,3,2025-08-19,5,1,1,329.0,142.0,0.0
13783,12438,2,2025-08-19,1,1,1,299.0,129.0,0.0
13784,12439,2,2025-08-19,5,5,1,254.15,129.0,44.85
13785,2540,4,2025-08-19,3,1,1,314.1,150.0,34.9
13786,12440,2,2025-08-19,5,2,1,299.0,129.0,0.0
13787,12441,4,2025-08-19,5,5,1,314.1,150.0,34.9
13788,12442,3,2025-08-19,1,2,1,279.65,142.0,49.35
13789,12443,6,2025-08-19,1,2,2,499.0,215.0,0.0
13790,12444,1,2025-08-19,8,2,1,299.0,129.0,0.0
13791,12445,1,2025-08-19,2,5,1,299.0,129.0,0.0
13792,12446,4,2025-08-20,1,2,1,349.0,150.0,0.0
13793,12447,3,2025-08-20,2,2,1,329.0,142.0,0.0
13794,9945,2,2025-08-20,5,1,1,254.15,129.0,44.85
13795,12448,4,2025-08-20,5,1,1,349.0,150.0,0.0
13796,11810,1,2025-08-20,6,2,1,269.1,129.0,29.9
13797,12449,5,2025-08-20,5,2,1,349.0,150.0,0.0
13798,12450,5,2025-08-20,5,1,1,349.0,150.0,0.0
13799,12451,1,2025-08-20,4,1,1,299.0,129.0,0.0
13800,12452,1,2025-08-20,1,3,1,299.0,129.0,0.0
13801,12453,2,2025-08-20,1,1,1,299.0,129.0,0.0
13802,12454,4,2025-08-20,5,2,1,349.0,150.0,0.0
13803,12455,5,2025-08-20,1,2,1,314.1,150.0,34.9
13804,12456,6,2025-08-20,7,5,1,499.0,215.0,0.0
13805,7985,2,2025-08-20,4,1,2,254.15,129.0,44.85
13806,12457,5,2025-08-20,3,3,1,349.0,150.0,0.0
13807,12458,5,2025-08-20,2,1,1,296.65,150.0,52.35
13808,12459,4,2025-08-20,1,5,1,314.1,150.0,34.9
13809,12460,3,2025-08-20,4,1,1,329.0,142.0,0.0
13810,12461,6,2025-08-20,6,2,1,499.0,215.0,0.0
13811,3244,5,2025-08-20,3,3,1,349.0,150.0,0.0
13812,7616,1,2025-08-20,4,1,1,254.15,129.0,44.85
13813,12462,5,2025-08-20,2,1,1,349.0,150.0,0.0
13814,12463,5,2025-08-20,5,1,1,349.0,150.0,0.0
13815,5423,6,2025-08-20,8,1,1,499.0,215.0,0.0
13816,12464,5,2025-08-20,2,5,1,349.0,150.0,0.0
13817,12465,3,2025-08-20,3,5,1,296.1,142.0,32.9
13818,12466,5,2025-08-20,4,3,1,349.0,150.0,0.0
13819,12467,4,2025-08-20,3,1,1,349.0,150.0,0.0
13820,12468,4,2025-08-20,3,1,1,349.0,150.0,0.0
13821,12469,5,2025-08-20,1,1,1,349.0,150.0,0.0
13822,6249,3,2025-08-20,7,1,1,329.0,142.0,0.0
13823,12470,2,2025-08-20,3,4,1,299.0,129.0,0.0
13824,12471,1,2025-08-20,2,1,1,299.0,129.0,0.0
13825,3915,2,2025-08-20,,1,1,254.15,129.0,44.85
13826,5945,4,2025-08-21,1,2,1,314.1,150.0,34.9
13827,12472,5,2025-08-21,1,1,1,349.0,150.0,0.0
13828,12473,4,2025-08-21,1,3,1,349.0,150.0,0.0
13829,12474,2,2025-08-21,1,3,1,254.15,129.0,44.85
13830,12475,3,2025-08-21,,3,1,296.1,142.0,32.9
13831,12476,4,2025-08-21,3,4,1,296.65,150.0,52.35
13832,12477,2,2025-08-21,3,1,1,299.0,129.0,0.0
13833,12478,5,2025-08-21,8,2,1,0.0,150.0,0.0
13834,12479,4,2025-08-21,3,2,1,349.0,150.0,0.0
13835,12480,4,2025-08-21,5,3,1,349.0,150.0,0.0
13836,3772,1,2025-08-21,1,1,1,299.0,129.0,0.0
13837,5434,5,2025-08-21,7,2,1,349.0,150.0,0.0
13838,12481,4,2025-08-21,6,5,1,349.0,150.0,0.0
13839,9601,1,2025-08-21,2,2,1,299.0,129.0,0.0
13840,12482,2,2025-08-21,5,4,1,299.0,129.0,0.0
13841,12483,5,2025-08-21,,2,1,349.0,150.0,0.0
13842,12484,2,2025-08-21,7,2,1,299.0,129.0,0.0
13843,12485,5,2025-08-21,4,1,1,349.0,150.0,0.0
13844,12486,4,2025-08-21,1,1,1,314.1,150.0,34.9
13845,12487,2,2025-08-21,6,4,1,299.0,129.0,0.0
13846,4090,4,2025-08-21,1,5,1,349.0,150.0,0.0
13847,12488,4,2025-08-21,2,5,1,314.1,150.0,34.9
13848,12489,6,2025-08-21,5,1,1,449.1,215.0,49.9
13849,12490,4,2025-08-21,6,2,1,349.0,150.0,0.0
13850,12491,1,2025-08-21,6,2,1,299.0,129.0,0.0
13851,12492,3,2025-08-21,8,1,1,329.0,142.0,0.0
13852,12493,3,2025-08-21,5,2,1,329.0,142.0,0.0
13853,12494,4,2025-08-21,3,2,1,349.0,150.0,0.0
13854,12495,2,2025-08-21,4,2,1,299.0,129.0,0.0
13855,12496,6,2025-08-21,7,1,1,424.15,215.0,74.85
13856,12497,6,2025-08-21,1,2,1,499.0,215.0,0.0
13857,12498,2,2025-08-21,2,1,2,269.1,129.0,29.9
13858,12499,4,2025-08-21,2,1,1,349.0,150.0,0.0
13859,12500,4,2025-08-21,1,3,1,349.0,150.0,0.0
13860,12501,5,2025-08-21,1,3,1,296.65,150.0,52.35
13861,12502,3,2025-08-22,9,5,1,329.0,142.0,0.0
13862,12503,5,2025-08-22,2,2,1,349.0,150.0,0.0
13863,12504,3,2025-08-22,2,1,2,329.0,142.0,0.0
13864,12505,5,2025-08-22,3,1,1,349.0,150.0,0.0
13865,12506,1,2025-08-22,5,4,2,254.15,129.0,44.85
13866,12507,5,2025-08-22,7,1,1,349.0,150.0,0.0
13867,12508,3,2025-08-22,2,2,1,329.0,142.0,0.0
13868,12509,5,2025-08-22,8,2,1,349.0,150.0,0.0
13869,12510,6,2025-08-22,1,2,1,499.0,215.0,0.0
13870,12511,4,2025-08-22,3,1,1,349.0,150.0,0.0
13871,12512,1,2025-08-22,4,2,1,254.15,129.0,44.85
13872,12513,3,2025-08-22,5,3,1,329.0,142.0,0.0
13873,12514,1,2025-08-22,5,5,1,299.0,129.0,0.0
13874,12515,4,2025-08-22,5,3,1,349.0,150.0,0.0
13875,12516,6,2025-08-22,5,2,1,499.0,215.0,0.0
13876,12517,2,2025-08-22,2,2,1,299.0,129.0,0.0
13877,12518,2,2025-08-22,5,1,1,299.0,129.0,0.0
13878,12519,4,2025-08-22,1,1,1,349.0,150.0,0.0
13879,12520,1,2025-08-22,1,1,1,299.0,129.0,0.0
13880,12521,4,2025-08-22,3,2,1,349.0,150.0,0.0
13881,12522,5,2025-08-22,3,2,1,349.0,150.0,0.0
13882,12523,2,2025-08-22,2,3,1,299.0,129.0,0.0
13883,12524,4,2025-08-22,4,2,1,349.0,150.0,0.0
13884,12525,5,2025-08-22,1,2,2,349.0,150.0,0.0
13885,12526,5,2025-08-22,9,4,1,349.0,150.0,0.0
13886,12527,6,2025-08-22,7,3,1,499.0,215.0,0.0
13887,12528,4,2025-08-22,4,2,1,349.0,150.0,0.0
13888,12529,5,2025-08-22,9,2,1,314.1,150.0,34.9
13889,12530,1,2025-08-22,1,4,1,299.0,129.0,0.0
13890,12531,3,2025-08-22,1,1,1,329.0,142.0,0.0
13891,12532,2,2025-08-22,3,2,1,254.15,129.0,44.85
13892,12533,5,2025-08-22,1,2,1,349.0,150.0,0.0
13893,12534,6,2025-08-22,1,1,1,499.0,215.0,0.0
13894,12535,2,2025-08-22,5,2,1,269.1,129.0,29.9
13895,12536,4,2025-08-23,7,2,1,349.0,150.0,0.0
13896,12537,5,2025-08-23,5,2,1,349.0,150.0,0.0
13897,307,1,2025-08-23,7,3,1,299.0,129.0,0.0
13898,90003,1,2025-08-23,2,2,1,299.0,129.0,0.0
13899,12539,5,2025-08-23,1,2,1,296.65,150.0,52.35
13900,12540,5,2025-08-23,2,2,1,349.0,150.0,0.0
13901,12541,5,2025-08-23,4,1,1,349.0,150.0,0.0
13902,12542,5,2025-08-23,4,2,1,349.0,150.0,0.0
13903,12543,2,2025-08-23,5,4,1,299.0,129.0,0.0
13904,12544,1,2025-08-23,5,2,1,299.0,129.0,0.0
13905,12545,4,2025-08-23,2,1,1,296.65,150.0,52.35
13906,12546,5,2025-08-23,1,5,1,349.0,150.0,0.0
13907,12547,3,2025-08-23,5,3,1,296.1,142.0,32.9
13908,12548,1,2025-08-23,1,5,1,269.1,129.0,29.9
13909,12549,4,2025-08-23,5,1,1,349.0,150.0,0.0
13910,12550,6,2025-08-23,5,2,1,499.0,215.0,0.0
13911,9309,2,2025-08-23,2,3,1,299.0,129.0,0.0
13912,12551,5,2025-08-23,1,5,2,349.0,150.0,0.0
13913,12552,4,2025-08-23,3,1,1,314.1,150.0,34.9
13914,12553,4,2025-08-23,7,2,1,296.65,150.0,52.35
13915,12554,2,2025-08-23,8,3,2,299.0,129.0,0.0
13916,10289,1,2025-08-23,3,4,2,254.15,129.0,44.85
13917,12555,4,2025-08-23,2,4,1,314.1,150.0,34.9
13918,12556,4,2025-08-23,5,2,1,349.0,150.0,0.0
13919,12557,5,2025-08-23,3,4,1,349.0,150.0,0.0
13920,12558,6,2025-08-23,1,5,1,449.1,215.0,49.9
13921,12559,5,2025-08-23,1,1,1,314.1,150.0,34.9
13922,12560,2,2025-08-23,1,1,1,269.1,129.0,29.9
13923,7873,6,2025-08-23,1,4,1,499.0,215.0,0.0
13924,12561,5,2025-08-23,3,1,1,349.0,150.0,0.0
13925,12562,4,2025-08-23,8,1,1,314.1,150.0,34.9
13926,12563,3,2025-08-23,5,1,1,329.0,142.0,0.0
13927,3132,6,2025-08-23,,2,1,499.0,215.0,0.0
13928,12564,3,2025-08-23,3,2,2,329.0,142.0,0.0
13929,12565,5,2025-08-23,7,3,1,314.1,150.0,34.9
13930,12566,5,2025-08-24,8,4,1,349.0,150.0,0.0
13931,12567,5,2025-08-24,7,5,2,314.1,150.0,34.9
13932,12568,2,2025-08-24,1,2,1,299.0,129.0,0.0
13933,6848,3,2025-08-24,1,3,1,296.1,142.0,32.9
13934,12569,3,2025-08-24,5,1,1,329.0,142.0,0.0
13935,12570,3,2025-08-24,7,1,1,329.0,142.0,0.0
13936,3801,1,2025-08-24,9,2,1,299.0,129.0,0.0
13937,12571,1,2025-08-24,1,5,1,299.0,129.0,0.0
13938,12572,5,2025-08-24,1,2,1,296.65,150.0,52.35
13939,12573,4,2025-08-24,3,2,1,296.65,150.0,52.35
13940,12574,3,2025-08-24,3,1,1,329.0,142.0,0.0
13941,27,5,2025-08-24,7,5,1,314.1,150.0,34.9
13942,12575,4,2025-08-24,1,1,1,349.0,150.0,0.0
13943,12576,1,2025-08-24,5,2,1,254.15,129.0,44.85
13944,12577,2,2025-08-24,7,3,1,299.0,129.0,0.0
13945,12578,4,2025-08-24,4,3,1,314.1,150.0,34.9
13946,12579,5,2025-08-24,3,2,1,349.0,150.0,0.0
13947,12580,5,2025-08-24,4,1,1,349.0,150.0,0.0
13948,12581,3,2025-08-24,1,1,1,279.65,142.0,49.35
13949,12582,2,2025-08-24,4,2,1,299.0,129.0,0.0
13950,12583,3,2025-08-24,1,2,2,329.0,142.0,0.0
13951,12584,6,2025-08-24,1,4,1,499.0,215.0,0.0
13952,12585,2,2025-08-24,2,1,1,299.0,129.0,0.0
13953,12586,4,2025-08-24,2,5,1,349.0,150.0,0.0
13954,12587,6,2025-08-24,4,2,2,424.15,215.0,74.85
13955,12588,2,2025-08-24,4,1,1,269.1,129.0,29.9
13956,12589,4,2025-08-24,2,1,1,349.0,150.0,0.0
13957,12590,6,2025-08-24,1,4,1,499.0,215.0,0.0
13958,12591,4,2025-08-24,3,2,1,349.0,150.0,0.0
13959,12592,3,2025-08-24,1,1,1,329.0,142.0,0.0
13960,12593,3,2025-08-24,2,1,1,296.1,142.0,32.9
13961,12594,4,2025-08-24,1,5,1,314.1,150.0,34.9
13962,12595,3,2025-08-24,5,1,1,329.0,142.0,0.0
13963,12596,1,2025-08-24,7,2,1,299.0,129.0,0.0
13964,12597,4,2025-08-24,1,1,1,349.0,150.0,0.0
13965,12598,5,2025-08-24,3,4,1,349.0,150.0,0.0
13966,12599,5,2025-08-25,4,1,1,314.1,150.0,34.9
13967,12600,4,2025-08-25,1,3,1,349.0,150.0,0.0
13968,12601,4,2025-08-25,6,3,2,296.65,150.0,52.35
13969,12602,6,2025-08-25,1,2,1,499.0,215.0,0.0
13970,12603,5,2025-08-25,3,1,1,349.0,150.0,0.0
13971,12604,3,2025-08-25,1,2,1,329.0,142.0,0.0
13972,12605,3,2025-08-25,7,4,1,279.65,142.0,49.35
13973,12606,5,2025-08-25,3,2,1,349.0,150.0,0.0
13974,12607,6,2025-08-25,1,3,1,424.15,215.0,74.85
13975,12608,4,2025-08-25,4,1,1,349.0,150.0,0.0
13976,12609,4,2025-08-25,8,3,1,349.0,150.0,0.0
13977,6880,5,2025-08-25,8,1,1,349.0,150.0,0.0
13978,12610,4,2025-08-25,3,4,1,349.0,150.0,0.0
13979,12611,5,2025-08-25,1,3,2,349.0,150.0,0.0
13980,12612,4,2025-08-25,5,2,1,349.0,150.0,0.0
13981,742,1,2025-08-25,2,1,1,299.0,129.0,0.0
13982,12613,1,2025-08-25,5,4,1,299.0,129.0,0.0
13983,12614,2,2025-08-25,6,2,1,299.0,129.0,0.0
13984,12615,2,2025-08-25,5,1,1,299.0,129.0,0.0
13985,12616,3,2025-08-25,3,1,1,296.1,142.0,32.9
13986,12617,1,2025-08-25,1,2,1,299.0,129.0,0.0
13987,12618,6,2025-08-25,7,1,1,499.0,215.0,0.0
13988,12619,4,2025-08-25,1,1,1,349.0,150.0,0.0
13989,12620,3,2025-08-25,1,2,1,296.1,142.0,32.9
13990,4001,3,2025-08-25,2,2,1,329.0,142.0,0.0
13991,12621,1,2025-08-25,3,5,1,299.0,129.0,0.0
13992,12622,4,2025-08-25,6,2,1,349.0,150.0,0.0
13993,12623,6,2025-08-25,6,4,1,499.0,215.0,0.0
13994,12624,4,2025-08-25,7,2,2,349.0,150.0,0.0
13995,12625,3,2025-08-25,1,4,1,329.0,142.0,0.0
13996,12626,4,2025-08-25,1,1,2,349.0,150.0,0.0
13997,2803,5,2025-08-25,2,2,1,314.1,150.0,34.9
13998,12627,5,2025-08-25,6,1,1,349.0,150.0,0.0
13999,12628,2,2025-08-25,5,2,1,269.1,129.0,29.9
14000,8340,5,2025-08-25,2,4,1,349.0,150.0,0.0
14001,12629,4,2025-08-25,8,5,1,349.0,150.0,0.0
14002,12630,2,2025-08-25,5,3,1,299.0,129.0,0.0
14003,12631,5,2025-08-25,2,3,1,296.65,150.0,52.35
14004,12632,5,2025-08-25,3,5,1,349.0,150.0,0.0
14005,12633,4,2025-08-26,7,4,1,349.0,150.0,0.0
14006,7730,4,2025-08-26,1,3,1,349.0,150.0,0.0
14007,12634,5,2025-08-26,4,2,1,349.0,150.0,0.0
14008,12635,2,2025-08-26,3,2,1,299.0,129.0,0.0
14009,12636,5,2025-08-26,2,1,1,349.0,150.0,0.0
14010,12637,6,2025-08-26,3,4,1,499.0,215.0,0.0
14011,12638,4,2025-08-26,4,4,1,349.0,150.0,0.0
14012,12639,3,2025-08-26,2,1,1,329.0,142.0,0.0
14013,12640,4,2025-08-26,3,1,1,349.0,150.0,0.0
14014,12641,3,2025-08-26,1,1,1,296.1,142.0,32.9
14015,12642,1,2025-08-26,1,2,1,254.15,129.0,44.85
14016,12643,4,2025-08-26,1,5,1,349.0,150.0,0.0
14017,12644,2,2025-08-26,5,2,2,299.0,129.0,0.0
14018,12645,4,2025-08-26,7,1,1,296.65,150.0,52.35
14019,12646,4,2025-08-26,7,3,1,349.0,150.0,0.0
14020,12647,4,2025-08-26,2,1,2,349.0,150.0,0.0
14021,12648,5,2025-08-26,5,1,1,314.1,150.0,34.9
14022,12649,5,2025-08-26,3,4,1,349.0,150.0,0.0
14023,12650,5,2025-08-26,5,2,1,349.0,150.0,0.0
14024,12651,2,2025-08-26,3,5,1,299.0,129.0,0.0
14025,12652,2,2025-08-26,1,5,1,299.0,129.0,0.0
14026,12653,1,2025-08-26,5,3,1,299.0,129.0,0.0
14027,12654,4,2025-08-26,2,2,1,349.0,150.0,0.0
14028,3086,5,2025-08-26,6,3,1,349.0,150.0,0.0
14029,12655,5,2025-08-26,2,2,1,349.0,150.0,0.0
14030,5879,5,2025-08-26,2,2,1,314.1,150.0,34.9
14031,12656,4,2025-08-26,2,2,1,349.0,150.0,0.0
14032,12657,1,2025-08-26,5,1,1,299.0,129.0,0.0
14033,12658,2,2025-08-26,4,2,2,299.0,129.0,0.0
14034,12659,4,2025-08-26,2,1,1,349.0,150.0,0.0
14035,12660,3,2025-08-26,2,2,1,329.0,142.0,0.0
14036,12661,1,2025-08-26,7,1,1,299.0,129.0,0.0
14037,12662,5,2025-08-26,2,1,1,314.1,150.0,34.9
14038,12663,6,2025-08-26,3,2,2,499.0,215.0,0.0
14039,12664,2,2025-08-27,7,4,1,299.0,129.0,0.0
14040,12665,4,2025-08-27,4,1,1,296.65,150.0,52.35
14041,12666,6,2025-08-27,1,1,1,499.0,215.0,0.0
14042,12667,5,2025-08-27,8,5,2,349.0,150.0,0.0
14043,12668,6,2025-08-27,7,1,1,499.0,215.0,0.0
14044,12669,4,2025-08-27,1,3,1,349.0,150.0,0.0
14045,12670,4,2025-08-27,1,2,1,296.65,150.0,52.35
14046,12671,4,2025-08-27,3,3,1,349.0,150.0,0.0
14047,12672,1,2025-08-27,,1,2,299.0,129.0,0.0
14048,6069,3,2025-08-27,3,2,1,279.65,142.0,49.35
14049,12673,4,2025-08-27,4,1,1,349.0,150.0,0.0
14050,12674,5,2025-08-27,5,1,1,349.0,150.0,0.0
14051,12675,4,2025-08-27,1,1,2,314.1,150.0,34.9
14052,12637,1,2025-08-27,1,2,1,299.0,129.0,0.0
14053,12676,4,2025-08-27,5,1,1,349.0,150.0,0.0
14054,12677,5,2025-08-27,4,2,2,349.0,150.0,0.0
14055,12678,4,2025-08-27,2,1,1,349.0,150.0,0.0
14056,12679,1,2025-08-27,2,1,1,254.15,129.0,44.85
14057,5686,1,2025-08-27,8,1,1,269.1,129.0,29.9
14058,12680,3,2025-08-27,6,5,1,329.0,142.0,0.0
14059,12681,1,2025-08-27,9,1,1,299.0,129.0,0.0
14060,12682,4,2025-08-27,1,2,1,349.0,150.0,0.0
14061,7919,3,2025-08-27,3,2,1,296.1,142.0,32.9
14062,12683,4,2025-08-27,3,1,1,314.1,150.0,34.9
14063,12684,5,2025-08-27,4,1,1,349.0,150.0,0.0
14064,12685,1,2025-08-27,2,2,1,269.1,129.0,29.9
14065,12686,4,2025-08-27,4,2,1,349.0,150.0,0.0
14066,12687,1,2025-08-27,1,5,1,269.1,129.0,29.9
14067,12688,5,2025-08-27,3,4,2,349.0,150.0,0.0
14068,12689,4,2025-08-27,3,2,1,349.0,150.0,0.0
14069,12690,4,2025-08-27,2,2,1,349.0,150.0,0.0
14070,5251,2,2025-08-27,2,5,1,254.15,129.0,44.85
14071,12691,4,2025-08-27,1,2,1,349.0,150.0,0.0
14072,12692,4,2025-08-27,3,2,1,349.0,150.0,0.0
14073,12693,4,2025-08-27,2,1,1,349.0,150.0,0.0
14074,12694,4,2025-08-28,1,1,1,349.0,150.0,0.0
14075,3416,6,2025-08-28,2,1,1,499.0,215.0,0.0
14076,12695,4,2025-08-28,7,5,1,349.0,150.0,0.0
14077,7061,6,2025-08-28,3,5,1,499.0,215.0,0.0
14078,12696,5,2025-08-28,5,3,1,349.0,150.0,0.0
14079,7881,4,2025-08-28,1,1,1,349.0,150.0,0.0
14080,12697,3,2025-08-28,3,2,1,296.1,142.0,32.9
14081,12698,3,2025-08-28,7,1,1,329.0,142.0,0.0
14082,12699,5,2025-08-28,5,1,1,349.0,150.0,0.0
14083,12700,5,2025-08-28,2,2,1,349.0,150.0,0.0
14084,12701,6,2025-08-28,7,2,1,424.15,215.0,74.85
14085,12702,2,2025-08-28,3,4,1,299.0,129.0,0.0
14086,12703,1,2025-08-28,1,4,1,299.0,129.0,0.0
14087,12704,4,2025-08-28,1,1,1,314.1,150.0,34.9
14088,12705,4,2025-08-28,3,1,1,349.0,150.0,0.0
14089,12706,3,2025-08-28,1,3,1,329.0,142.0,0.0
14090,12707,3,2025-08-28,9,1,1,329.0,142.0,0.0
14091,12708,5,2025-08-28,2,5,1,349.0,150.0,0.0
14092,12709,2,2025-08-28,8,2,1,299.0,129.0,0.0
14093,12710,4,2025-08-28,4,4,1,349.0,150.0,0.0
14094,3786,5,2025-08-28,3,5,1,349.0,150.0,0.0
14095,12711,4,2025-08-28,2,1,1,349.0,150.0,0.0
14096,12712,5,2025-08-28,7,1,1,349.0,150.0,0.0
14097,12713,6,2025-08-28,8,4,1,499.0,215.0,0.0
14098,12714,5,2025-08-28,1,1,1,349.0,150.0,0.0
14099,12715,1,2025-08-28,3,1,1,299.0,129.0,0.0
14100,12716,6,2025-08-28,8,1,1,499.0,215.0,0.0
14101,12717,4,2025-08-28,3,4,1,314.1,150.0,34.9
14102,12718,5,2025-08-28,5,1,1,349.0,150.0,0.0
14103,12719,1,2025-08-28,3,3,1,299.0,129.0,0.0
14104,12720,3,2025-08-28,4,3,1,329.0,142.0,0.0
14105,12721,5,2025-08-28,1,2,1,349.0,150.0,0.0
14106,12722,4,2025-08-28,8,2,1,349.0,150.0,0.0
14107,12723,5,2025-08-28,6,5,1,349.0,150.0,0.0
14108,12724,3,2025-08-29,7,5,1,329.0,142.0,0.0
14109,12725,4,2025-08-29,6,1,1,349.0,150.0,0.0
14110,12726,5,2025-08-29,2,1,1,314.1,150.0,34.9
14111,10302,4,2025-08-29,2,1,1,349.0,150.0,0.0
14112,12727,4,2025-08-29,6,2,1,349.0,150.0,0.0
14113,12728,5,2025-08-29,4,2,1,349.0,150.0,0.0
14114,7501,5,2025-08-29,3,1,1,349.0,150.0,0.0
14115,12729,4,2025-08-29,2,4,1,314.1,150.0,34.9
14116,12730,1,2025-08-29,8,1,1,299.0,129.0,0.0
14117,12731,1,2025-08-29,7,1,1,299.0,129.0,0.0
14118,12732,2,2025-08-29,8,2,1,299.0,129.0,0.0
14119,12733,4,2025-08-29,4,2,1,349.0,150.0,0.0
14120,12734,4,2025-08-29,7,2,1,349.0,150.0,0.0
14121,12735,4,2025-08-29,3,1,1,349.0,150.0,0.0
14122,12736,1,2025-08-29,5,4,1,299.0,129.0,0.0
14123,12737,2,2025-08-29,2,1,1,299.0,129.0,0.0
14124,12738,3,2025-08-29,1,4,1,329.0,142.0,0.0
14125,12739,3,2025-08-29,7,3,1,329.0,142.0,0.0
14126,4919,2,2025-08-29,1,2,1,299.0,129.0,0.0
14127,12740,3,2025-08-29,3,4,1,329.0,142.0,0.0
14128,12741,4,2025-08-29,3,5,1,314.1,150.0,34.9
14129,12742,5,2025-08-29,3,2,1,296.65,150.0,52.35
14130,12743,5,2025-08-29,6,1,2,349.0,150.0,0.0
14131,12744,4,2025-08-29,8,2,1,349.0,150.0,0.0
14132,12745,2,2025-08-29,9,1,1,254.15,129.0,44.85
14133,12746,3,2025-08-29,2,1,1,329.0,142.0,0.0
14134,12747,2,2025-08-29,1,1,1,299.0,129.0,0.0
14135,12748,3,2025-08-29,6,1,1,329.0,142.0,0.0
14136,12749,4,2025-08-29,3,3,1,349.0,150.0,0.0
14137,10238,6,2025-08-29,3,4,1,424.15,215.0,74.85
14138,11121,6,2025-08-29,3,1,2,499.0,215.0,0.0
14139,12750,2,2025-08-29,7,2,1,254.15,129.0,44.85
14140,12751,5,2025-08-29,1,4,1,349.0,150.0,0.0
14141,12752,1,2025-08-29,3,1,1,299.0,129.0,0.0
14142,12753,5,2025-08-29,3,3,1,296.65,150.0,52.35
14143,12754,2,2025-08-29,1,3,1,299.0,129.0,0.0
14144,12755,5,2025-08-29,5,1,1,349.0,150.0,0.0
14145,12756,4,2025-08-29,6,1,1,349.0,150.0,0.0
14146,12757,3,2025-08-29,1,2,1,329.0,142.0,0.0
14147,12758,4,2025-08-29,1,2,1,349.0,150.0,0.0
14148,12759,3,2025-08-29,3,1,1,329.0,142.0,0.0
14149,12760,4,2025-08-29,7,3,1,349.0,150.0,0.0
14150,12761,1,2025-08-30,1,3,1,269.1,129.0,29.9
14151,12762,5,2025-08-30,3,1,1,296.65,150.0,52.35
14152,12763,3,2025-08-30,5,2,1,329.0,142.0,0.0
14153,12764,5,2025-08-30,7,2,1,296.65,150.0,52.35
14154,12765,5,2025-08-30,7,2,1,349.0,150.0,0.0
14155,12766,3,2025-08-30,2,2,1,329.0,142.0,0.0
14156,12767,5,2025-08-30,4,2,1,314.1,150.0,34.9
14157,12768,6,2025-08-30,1,2,1,449.1,215.0,49.9
14158,12769,1,2025-08-30,9,1,1,299.0,129.0,0.0
14159,12770,5,2025-08-30,1,2,1,349.0,150.0,0.0
14160,12771,4,2025-08-30,5,3,1,349.0,150.0,0.0
14161,12772,4,2025-08-30,1,1,1,349.0,150.0,0.0
14162,12773,6,2025-08-30,1,5,1,499.0,215.0,0.0
14163,12774,4,2025-08-30,3,1,1,349.0,150.0,0.0
14164,12775,5,2025-08-30,1,3,1,349.0,150.0,0.0
14165,12776,1,2025-08-30,8,5,2,299.0,129.0,0.0
14166,12777,2,2025-08-30,7,1,2,299.0,129.0,0.0
14167,12778,5,2025-08-30,5,4,1,349.0,150.0,0.0
14168,12779,3,2025-08-30,6,3,1,329.0,142.0,0.0
14169,12780,3,2025-08-30,5,2,1,296.1,142.0,32.9
14170,12781,4,2025-08-30,7,2,1,349.0,150.0,0.0
14171,12782,3,2025-08-30,4,2,1,329.0,142.0,0.0
14172,12783,4,2025-08-30,1,5,1,314.1,150.0,34.9
14173,12784,5,2025-08-30,5,2,1,349.0,150.0,0.0
14174,12785,1,2025-08-30,5,1,1,299.0,129.0,0.0
14175,12786,4,2025-08-30,1,1,1,349.0,150.0,0.0
14176,12787,5,2025-08-30,2,5,1,314.1,150.0,34.9
14177,12788,4,2025-08-30,8,1,1,296.65,150.0,52.35
14178,12789,4,2025-08-30,6,2,1,349.0,150.0,0.0
14179,12790,4,2025-08-30,7,2,1,296.65,150.0,52.35
14180,12791,2,2025-08-30,7,1,1,269.1,129.0,29.9
14181,12792,4,2025-08-30,4,2,1,349.0,150.0,0.0
14182,12793,5,2025-08-30,3,2,1,349.0,150.0,0.0
14183,12794,3,2025-08-30,5,5,1,329.0,142.0,0.0
14184,12795,2,2025-08-31,1,5,1,299.0,129.0,0.0
14185,12796,3,2025-08-31,8,4,1,279.65,142.0,49.35
14186,12797,2,2025-08-31,2,1,1,299.0,129.0,0.0
14187,12798,1,2025-08-31,3,1,1,299.0,129.0,0.0
14188,12799,1,2025-08-31,2,1,1,299.0,129.0,0.0
14189,12800,4,2025-08-31,1,1,1,296.65,150.0,52.35
14190,12801,4,2025-08-31,6,4,1,349.0,150.0,0.0
14191,12802,5,2025-08-31,8,2,1,349.0,150.0,0.0
14192,12803,2,2025-08-31,1,1,1,299.0,129.0,0.0
14193,12804,4,2025-08-31,1,1,1,349.0,150.0,0.0
14194,12805,4,2025-08-31,8,1,1,349.0,150.0,0.0
14195,12806,4,2025-08-31,3,4,1,349.0,150.0,0.0
14196,12807,4,2025-08-31,7,3,1,314.1,150.0,34.9
14197,12808,2,2025-08-31,3,4,1,299.0,129.0,0.0
14198,12809,1,2025-08-31,6,5,1,299.0,129.0,0.0
14199,12810,6,2025-08-31,8,2,1,499.0,215.0,0.0
14200,12811,6,2025-08-31,4,1,1,449.1,215.0,49.9
14201,12812,6,2025-08-31,6,2,1,499.0,215.0,0.0
14202,12813,4,2025-08-31,4,1,1,296.65,150.0,52.35
14203,12814,4,2025-08-31,3,1,1,349.0,150.0,0.0
14204,12815,2,2025-08-31,1,1,1,299.0,129.0,0.0
14205,12816,1,2025-08-31,7,2,1,299.0,129.0,0.0
14206,12817,4,2025-08-31,8,1,1,314.1,150.0,34.9
14207,12818,5,2025-08-31,3,5,1,349.0,150.0,0.0
14208,12819,5,2025-08-31,1,3,1,349.0,150.0,0.0
14209,12820,1,2025-08-31,3,5,1,254.15,129.0,44.85
14210,12821,1,2025-08-31,5,5,1,299.0,129.0,0.0
14211,12822,2,2025-08-31,4,4,1,299.0,129.0,0.0
14212,12823,5,2025-08-31,1,4,1,314.1,150.0,34.9
14213,12824,1,2025-08-31,5,2,1,299.0,129.0,0.0
14214,8627,3,2025-08-31,1,1,2,329.0,142.0,0.0
14215,12825,3,2025-08-31,2,5,1,329.0,142.0,0.0
14216,12826,6,2025-08-31,4,3,1,499.0,215.0,0.0
14217,12827,2,2025-08-31,5,1,1,299.0,129.0,0.0
14218,12828,4,2025-08-31,7,1,1,349.0,150.0,0.0
14219,12829,4,2025-08-31,7,5,1,349.0,150.0,0.0
14220,12830,2,2025-08-31,4,2,1,299.0,129.0,0.0
14221,12831,5,2025-08-31,1,2,1,349.0,150.0,0.0
14222,12832,2,2025-09-01,2,1,1,299.0,129.0,0.0
14223,12833,4,2025-09-01,1,2,1,349.0,150.0,0.0
14224,12834,4,2025-09-01,1,4,1,349.0,150.0,0.0
14225,12835,5,2025-09-01,3,5,1,349.0,150.0,0.0
14226,12836,4,2025-09-01,8,2,1,349.0,150.0,0.0
14227,8344,5,2025-09-01,2,5,1,349.0,150.0,0.0
14228,12837,5,2025-09-01,3,3,1,296.65,150.0,52.35
14229,12838,2,2025-09-01,2,3,1,299.0,129.0,0.0
14230,12839,3,2025-09-01,2,1,1,296.1,142.0,32.9
14231,12840,4,2025-09-01,5,1,1,314.1,150.0,34.9
14232,12841,2,2025-09-01,3,3,1,299.0,129.0,0.0
14233,12842,1,2025-09-01,1,1,1,269.1,129.0,29.9
14234,12843,3,2025-09-01,3,2,1,329.0,142.0,0.0
14235,12844,4,2025-09-01,3,1,1,314.1,150.0,34.9
14236,4550,6,2025-09-01,8,2,1,449.1,215.0,49.9
14237,12845,1,2025-09-01,6,1,1,299.0,129.0,0.0
14238,12846,5,2025-09-01,3,2,1,349.0,150.0,0.0
14239,12847,5,2025-09-01,6,2,2,314.1,150.0,34.9
14240,12848,1,2025-09-01,1,3,1,299.0,129.0,0.0
14241,12849,3,2025-09-01,3,4,1,296.1,142.0,32.9
14242,12850,6,2025-09-01,1,2,1,499.0,215.0,0.0
14243,12851,5,2025-09-01,1,1,1,349.0,150.0,0.0
14244,12852,5,2025-09-01,3,1,0,349.0,150.0,0.0
14245,12853,3,2025-09-01,3,2,1,329.0,142.0,0.0
14246,12854,3,2025-09-01,9,2,1,329.0,142.0,0.0
14247,12855,6,2025-09-01,1,2,1,424.15,215.0,74.85
14248,12856,4,2025-09-01,3,2,1,349.0,150.0,0.0
14249,12857,2,2025-09-01,,5,1,299.0,129.0,0.0
14250,12858,5,2025-09-01,2,5,1,349.0,150.0,0.0
14251,9223,1,2025-09-01,5,5,1,299.0,129.0,0.0
14252,12859,3,2025-09-01,3,3,1,329.0,142.0,0.0
14253,12860,5,2025-09-01,5,2,1,349.0,150.0,0.0
14254,12861,2,2025-09-01,1,4,1,299.0,129.0,0.0
14255,12862,4,2025-09-01,3,2,1,349.0,150.0,0.0
14256,12863,4,2025-09-01,1,1,1,296.65,150.0,52.35
14257,12864,2,2025-09-01,1,1,1,299.0,129.0,0.0
14258,12865,4,2025-09-01,3,1,1,296.65,150.0,52.35
14259,12866,1,2025-09-01,7,2,1,299.0,129.0,0.0
14260,12867,2,2025-09-02,7,3,1,254.15,129.0,44.85
14261,12868,5,2025-09-02,7,1,1,349.0,150.0,0.0
14262,12869,5,2025-09-02,1,5,1,349.0,150.0,0.0
14263,7750,4,2025-09-02,1,3,1,349.0,150.0,0.0
14264,12870,5,2025-09-02,2,1,1,349.0,150.0,0.0
14265,12871,1,2025-09-02,3,1,1,299.0,129.0,0.0
14266,12872,5,2025-09-02,1,1,1,349.0,150.0,0.0
14267,12873,4,2025-09-02,5,4,1,349.0,150.0,0.0
14268,12874,4,2025-09-02,3,4,1,349.0,150.0,0.0
14269,12875,6,2025-09-02,3,1,1,499.0,215.0,0.0
14270,12876,4,2025-09-02,1,4,1,349.0,150.0,0.0
14271,12877,5,2025-09-02,5,1,1,349.0,150.0,0.0
14272,10656,5,2025-09-02,3,3,1,314.1,150.0,34.9
14273,12878,4,2025-09-02,3,2,1,349.0,150.0,0.0
14274,12879,2,2025-09-02,1,3,2,299.0,129.0,0.0
14275,12880,5,2025-09-02,3,3,2,349.0,150.0,0.0
14276,12881,3,2025-09-02,1,2,1,279.65,142.0,49.35
14277,12882,1,2025-09-02,2,3,1,269.1,129.0,29.9
14278,12883,5,2025-09-02,1,2,1,349.0,150.0,0.0
14279,12884,1,2025-09-02,8,1,1,254.15,129.0,44.85
14280,12885,1,2025-09-02,6,2,1,299.0,129.0,0.0
14281,12886,4,2025-09-02,5,4,1,349.0,150.0,0.0
14282,12887,4,2025-09-02,1,1,1,349.0,150.0,0.0
14283,12888,6,2025-09-02,1,2,1,424.15,215.0,74.85
14284,12889,5,2025-09-02,1,1,1,349.0,150.0,0.0
14285,12890,5,2025-09-02,4,5,1,314.1,150.0,34.9
14286,4672,4,2025-09-02,9,2,1,349.0,150.0,0.0
14287,12891,4,2025-09-02,1,2,1,296.65,150.0,52.35
14288,12892,2,2025-09-02,2,2,1,299.0,129.0,0.0
14289,12893,6,2025-09-02,1,1,2,424.15,215.0,74.85
14290,12894,5,2025-09-02,2,3,1,349.0,150.0,0.0
14291,12895,3,2025-09-02,1,2,1,329.0,142.0,0.0
14292,12896,6,2025-09-02,2,5,1,499.0,215.0,0.0
14293,12897,4,2025-09-02,4,3,1,349.0,150.0,0.0
14294,12898,5,2025-09-02,5,1,1,296.65,150.0,52.35
14295,12899,2,2025-09-02,5,1,1,299.0,129.0,0.0
14296,12900,6,2025-09-02,3,5,1,499.0,215.0,0.0
14297,12901,3,2025-09-02,1,2,1,329.0,142.0,0.0
14298,12902,5,2025-09-02,2,3,1,349.0,150.0,0.0
14299,12903,6,2025-09-03,4,2,1,449.1,215.0,49.9
14300,12904,2,2025-09-03,1,2,2,269.1,129.0,29.9
14301,12905,1,2025-09-03,2,2,1,299.0,129.0,0.0
14302,12906,3,2025-09-03,7,2,1,329.0,142.0,0.0
14303,12907,5,2025-09-03,1,1,1,349.0,150.0,0.0
14304,12908,1,2025-09-03,5,3,1,269.1,129.0,29.9
14305,12909,4,2025-09-03,4,4,2,349.0,150.0,0.0
14306,12910,5,2025-09-03,4,2,1,296.65,150.0,52.35
14307,12911,5,2025-09-03,4,5,1,314.1,150.0,34.9
14308,12912,6,2025-09-03,2,5,1,499.0,215.0,0.0
14309,12913,3,2025-09-03,1,2,1,329.0,142.0,0.0
14310,12914,2,2025-09-03,3,4,1,299.0,129.0,0.0
14311,12915,5,2025-09-03,3,3,1,349.0,150.0,0.0
14312,6489,6,2025-09-03,2,5,1,499.0,215.0,0.0
14313,12916,5,2025-09-03,3,3,1,349.0,150.0,0.0
14314,7046,2,2025-09-03,3,4,1,299.0,129.0,0.0
14315,12917,5,2025-09-03,7,2,1,349.0,150.0,0.0
14316,3580,1,2025-09-03,3,5,1,299.0,129.0,0.0
14317,12918,1,2025-09-03,7,2,1,299.0,129.0,0.0
14318,12919,2,2025-09-03,1,3,1,254.15,129.0,44.85
14319,12920,6,2025-09-03,6,5,1,499.0,215.0,0.0
14320,12921,1,2025-09-03,1,2,1,299.0,129.0,0.0
14321,12922,1,2025-09-03,7,1,1,269.1,129.0,29.9
14322,9280,4,2025-09-03,3,3,2,296.65,150.0,52.35
14323,2269,4,2025-09-03,1,2,1,349.0,150.0,0.0
14324,12923,2,2025-09-03,1,5,1,254.15,129.0,44.85
14325,3147,6,2025-09-03,1,3,1,449.1,215.0,49.9
14326,12924,2,2025-09-03,2,1,1,299.0,129.0,0.0
14327,12925,2,2025-09-03,3,1,1,299.0,129.0,0.0
14328,12926,4,2025-09-03,3,3,1,349.0,150.0,0.0
14329,12927,2,2025-09-03,4,5,1,299.0,129.0,0.0
14330,12928,4,2025-09-03,2,3,1,349.0,150.0,0.0
14331,12929,4,2025-09-03,7,1,1,314.1,150.0,34.9
14332,12930,6,2025-09-03,7,3,1,449.1,215.0,49.9
14333,12931,5,2025-09-03,1,2,1,296.65,150.0,52.35
14334,12932,5,2025-09-03,5,1,1,349.0,150.0,0.0
14335,12933,4,2025-09-03,2,1,1,296.65,150.0,52.35
14336,12934,2,2025-09-03,3,3,1,299.0,129.0,0.0
14337,8279,1,2025-09-03,2,1,2,254.15,129.0,44.85
14338,12935,1,2025-09-03,2,2,1,269.1,129.0,29.9
14339,12936,6,2025-09-03,3,3,1,424.15,215.0,74.85
14340,12937,4,2025-09-03,4,2,2,296.65,150.0,52.35
14341,12938,6,2025-09-03,2,2,2,449.1,215.0,49.9
14342,12939,3,2025-09-04,1,2,1,296.1,142.0,32.9
14343,12940,6,2025-09-04,2,1,1,499.0,215.0,0.0
14344,12941,6,2025-09-04,1,3,1,499.0,215.0,0.0
14345,12942,2,2025-09-04,4,2,1,254.15,129.0,44.85
14346,12943,3,2025-09-04,5,1,1,329.0,142.0,0.0
14347,12944,5,2025-09-04,5,1,1,349.0,150.0,0.0
14348,12945,4,2025-09-04,4,3,1,296.65,150.0,52.35
14349,12946,5,2025-09-04,3,2,1,349.0,150.0,0.0
14350,12947,3,2025-09-04,4,1,1,329.0,142.0,0.0
14351,12948,1,2025-09-04,5,1,1,254.15,129.0,44.85
14352,12949,2,2025-09-04,3,5,1,299.0,129.0,0.0
14353,12950,5,2025-09-04,3,5,1,349.0,150.0,0.0
14354,12951,1,2025-09-04,1,1,1,299.0,129.0,0.0
14355,12952,1,2025-09-04,6,5,1,299.0,129.0,0.0
14356,12953,1,2025-09-04,3,4,1,299.0,129.0,0.0
14357,12954,1,2025-09-04,8,4,1,299.0,129.0,0.0
14358,12955,5,2025-09-04,1,4,1,296.65,150.0,52.35
14359,4937,4,2025-09-04,1,1,2,349.0,150.0,0.0
14360,12956,2,2025-09-04,1,2,1,299.0,129.0,0.0
14361,12957,6,2025-09-04,7,1,1,449.1,215.0,49.9
14362,12958,2,2025-09-04,4,2,1,299.0,129.0,0.0
14363,1495,6,2025-09-04,3,2,1,499.0,215.0,0.0
14364,12959,3,2025-09-04,1,3,1,279.65,142.0,49.35
14365,12960,5,2025-09-04,8,3,1,349.0,150.0,0.0
14366,12961,2,2025-09-04,3,2,1,299.0,129.0,0.0
14367,12962,3,2025-09-04,1,4,1,329.0,142.0,0.0
14368,12963,6,2025-09-04,1,2,2,499.0,215.0,0.0
14369,12964,4,2025-09-04,7,4,1,349.0,150.0,0.0
14370,12965,1,2025-09-04,5,1,1,299.0,129.0,0.0
14371,12966,1,2025-09-04,4,3,1,299.0,129.0,0.0
14372,12967,5,2025-09-04,5,1,1,349.0,150.0,0.0
14373,12968,2,2025-09-04,4,5,2,254.15,129.0,44.85
14374,12969,1,2025-09-04,1,1,1,299.0,129.0,0.0
14375,12970,2,2025-09-04,2,5,1,299.0,129.0,0.0
14376,12971,5,2025-09-04,1,4,2,349.0,150.0,0.0
14377,12972,6,2025-09-04,1,1,1,499.0,215.0,0.0
14378,3623,2,2025-09-04,5,2,1,299.0,129.0,0.0
14379,12973,3,2025-09-04,5,2,1,279.65,142.0,49.35
14380,12974,1,2025-09-05,6,1,1,269.1,129.0,29.9
14381,12975,5,2025-09-05,6,2,1,349.0,150.0,0.0
14382,12976,1,2025-09-05,2,4,1,299.0,129.0,0.0
14383,12977,2,2025-09-05,4,3,1,299.0,129.0,0.0
14384,12978,4,2025-09-05,4,3,1,296.65,150.0,52.35
14385,12979,4,2025-09-05,2,1,1,349.0,150.0,0.0
14386,12980,5,2025-09-05,2,3,1,349.0,150.0,0.0
14387,12981,3,2025-09-05,1,1,1,329.0,142.0,0.0
14388,5963,5,2025-09-05,6,4,1,349.0,150.0,0.0
14389,6693,5,2025-09-05,3,4,1,349.0,150.0,0.0
14390,12982,4,2025-09-05,7,2,1,349.0,150.0,0.0
14391,12983,1,2025-09-05,3,2,1,299.0,129.0,0.0
14392,12984,4,2025-09-05,3,2,1,314.1,150.0,34.9
14393,12985,2,2025-09-05,4,5,1,269.1,129.0,29.9
14394,12986,5,2025-09-05,2,3,1,349.0,150.0,0.0
14395,12987,2,2025-09-05,1,2,1,299.0,129.0,0.0
14396,5359,3,2025-09-05,9,1,1,329.0,142.0,0.0
14397,12988,4,2025-09-05,5,1,1,349.0,150.0,0.0
14398,12989,5,2025-09-05,5,1,1,349.0,150.0,0.0
14399,12990,3,2025-09-05,3,3,1,329.0,142.0,0.0
14400,12991,6,2025-09-05,5,5,1,499.0,215.0,0.0
14401,12992,4,2025-09-05,3,1,1,296.65,150.0,52.35
14402,12993,4,2025-09-05,1,1,1,349.0,150.0,0.0
14403,12994,4,2025-09-05,1,5,1,349.0,150.0,0.0
14404,12995,5,2025-09-05,1,3,1,349.0,150.0,0.0
14405,9966,6,2025-09-05,7,1,1,424.15,215.0,74.85
14406,12996,4,2025-09-05,3,3,1,314.1,150.0,34.9
14407,12997,6,2025-09-05,3,5,1,499.0,215.0,0.0
14408,2597,1,2025-09-05,8,5,2,269.1,129.0,29.9
14409,12998,1,2025-09-05,1,4,1,299.0,129.0,0.0
14410,4509,5,2025-09-05,6,1,1,349.0,150.0,0.0
14411,12999,5,2025-09-05,1,1,1,349.0,150.0,0.0
14412,13000,4,2025-09-05,4,1,2,349.0,150.0,0.0
14413,13001,5,2025-09-05,2,1,1,314.1,150.0,34.9
14414,13002,6,2025-09-05,1,2,1,499.0,215.0,0.0
14415,13003,3,2025-09-05,3,1,1,279.65,142.0,49.35
14416,13004,5,2025-09-05,1,2,1,349.0,150.0,0.0
14417,13005,2,2025-09-05,8,3,1,299.0,129.0,0.0
14418,13006,3,2025-09-05,2,5,1,329.0,142.0,0.0
14419,13007,4,2025-09-05,5,1,1,349.0,150.0,0.0
14420,13008,4,2025-09-05,1,2,1,349.0,150.0,0.0
14421,13009,4,2025-09-05,4,5,1,314.1,150.0,34.9
14422,13010,5,2025-09-06,9,4,1,349.0,150.0,0.0
14423,6910,1,2025-09-06,4,4,1,299.0,129.0,0.0
14424,10150,1,2025-09-06,1,4,1,299.0,129.0,0.0
14425,13011,3,2025-09-06,5,2,1,329.0,142.0,0.0
14426,13012,5,2025-09-06,4,1,1,349.0,150.0,0.0
14427,13013,4,2025-09-06,7,1,1,349.0,150.0,0.0
14428,13014,1,2025-09-06,7,3,1,299.0,129.0,0.0
14429,9531,4,2025-09-06,1,1,1,349.0,150.0,0.0
14430,13015,4,2025-09-06,5,3,1,349.0,150.0,0.0
14431,13016,2,2025-09-06,7,3,1,269.1,129.0,29.9
14432,13017,1,2025-09-06,2,2,1,299.0,129.0,0.0
14433,775,3,2025-09-06,3,2,1,329.0,142.0,0.0
14434,13018,1,2025-09-06,3,1,1,299.0,129.0,0.0
14435,840,6,2025-09-06,2,1,1,499.0,215.0,0.0
14436,13019,5,2025-09-06,2,2,1,349.0,150.0,0.0
14437,13020,6,2025-09-06,1,1,1,499.0,215.0,0.0
14438,13021,2,2025-09-06,4,3,1,269.1,129.0,29.9
14439,13022,3,2025-09-06,4,1,1,329.0,142.0,0.0
14440,13023,5,2025-09-06,3,2,1,349.0,150.0,0.0
14441,13024,1,2025-09-06,2,2,1,299.0,129.0,0.0
14442,13025,5,2025-09-06,1,1,1,349.0,150.0,0.0
14443,13026,4,2025-09-06,3,2,1,349.0,150.0,0.0
14444,13027,4,2025-09-06,7,1,1,349.0,150.0,0.0
14445,13028,2,2025-09-06,2,5,1,299.0,129.0,0.0
14446,11093,2,2025-09-06,1,1,1,299.0,129.0,0.0
14447,13029,1,2025-09-06,5,1,1,299.0,129.0,0.0
14448,13030,6,2025-09-06,3,1,1,499.0,215.0,0.0
14449,13031,4,2025-09-06,1,2,1,349.0,150.0,0.0
14450,13032,1,2025-09-06,4,5,2,269.1,129.0,29.9
14451,13033,3,2025-09-06,1,2,1,329.0,142.0,0.0
14452,13034,4,2025-09-06,1,2,1,349.0,150.0,0.0
14453,13035,4,2025-09-06,2,2,2,349.0,150.0,0.0
14454,13036,1,2025-09-06,1,1,1,299.0,129.0,0.0
14455,90331,5,2025-09-06,1,5,1,349.0,150.0,0.0
14456,13037,2,2025-09-06,6,3,1,254.15,129.0,44.85
14457,13038,1,2025-09-06,8,2,1,299.0,129.0,0.0
14458,13039,1,2025-09-06,3,2,1,299.0,129.0,0.0
14459,13040,6,2025-09-06,1,2,1,499.0,215.0,0.0
14460,13041,4,2025-09-07,4,4,1,296.65,150.0,52.35
14461,13042,4,2025-09-07,1,2,1,349.0,150.0,0.0
14462,13043,5,2025-09-07,5,4,1,349.0,150.0,0.0
14463,13044,5,2025-09-07,3,3,1,349.0,150.0,0.0
14464,2653,2,2025-09-07,1,5,1,299.0,129.0,0.0
14465,13045,4,2025-09-07,3,1,1,349.0,150.0,0.0
14466,13046,6,2025-09-07,1,3,1,499.0,215.0,0.0
14467,13047,5,2025-09-07,2,3,1,349.0,150.0,0.0
14468,13048,5,2025-09-07,3,2,1,349.0,150.0,0.0
14469,13049,1,2025-09-07,3,1,1,269.1,129.0,29.9
14470,13050,4,2025-09-07,7,3,1,349.0,150.0,0.0
14471,13051,6,2025-09-07,1,2,2,499.0,215.0,0.0
14472,13052,4,2025-09-07,8,3,1,349.0,150.0,0.0
14473,13053,3,2025-09-07,1,3,1,329.0,142.0,0.0
14474,13054,5,2025-09-07,3,4,1,314.1,150.0,34.9
14475,13055,3,2025-09-07,6,2,2,296.1,142.0,32.9
14476,13056,6,2025-09-07,1,2,1,499.0,215.0,0.0
14477,13057,2,2025-09-07,3,2,1,299.0,129.0,0.0
14478,13058,3,2025-09-07,3,5,1,329.0,142.0,0.0
14479,13059,4,2025-09-07,3,3,1,296.65,150.0,52.35
14480,13060,5,2025-09-07,2,1,1,349.0,150.0,0.0
14481,13061,2,2025-09-07,2,5,1,299.0,129.0,0.0
14482,13062,5,2025-09-07,3,1,1,349.0,150.0,0.0
14483,13063,4,2025-09-07,3,2,1,349.0,150.0,0.0
14484,13064,5,2025-09-07,4,1,1,296.65,150.0,52.35
14485,13065,4,2025-09-07,1,4,1,349.0,150.0,0.0
14486,13066,4,2025-09-07,1,3,1,349.0,150.0,0.0
14487,13067,4,2025-09-07,1,2,1,314.1,150.0,34.9
14488,13068,6,2025-09-07,4,2,2,499.0,215.0,0.0
14489,13069,2,2025-09-07,8,2,1,254.15,129.0,44.85
14490,13070,5,2025-09-07,4,2,1,314.1,150.0,34.9
14491,13071,5,2025-09-07,3,5,1,349.0,150.0,0.0
14492,13072,4,2025-09-07,4,1,1,349.0,150.0,0.0
14493,13073,6,2025-09-07,6,2,1,499.0,215.0,0.0
14494,13074,4,2025-09-07,8,2,1,314.1,150.0,34.9
14495,13075,5,2025-09-07,3,1,1,349.0,150.0,0.0
14496,13076,4,2025-09-07,1,2,1,349.0,150.0,0.0
14497,13077,1,2025-09-07,6,2,1,299.0,129.0,0.0
14498,13078,4,2025-09-07,2,1,1,349.0,150.0,0.0
14499,13079,1,2025-09-07,5,4,1,299.0,129.0,0.0
14500,13080,5,2025-09-07,1,4,1,349.0,150.0,0.0
14501,7151,5,2025-09-07,1,1,1,296.65,150.0,52.35
14502,13081,5,2025-09-07,1,2,1,349.0,150.0,0.0
14503,13082,4,2025-09-08,1,1,1,349.0,150.0,0.0
14504,13083,2,2025-09-08,6,1,1,299.0,129.0,0.0
14505,13084,4,2025-09-08,6,2,1,349.0,150.0,0.0
14506,13085,3,2025-09-08,5,2,1,329.0,142.0,0.0
14507,13086,1,2025-09-08,1,2,1,299.0,129.0,0.0
14508,13087,1,2025-09-08,3,1,1,254.15,129.0,44.85
14509,13088,2,2025-09-08,1,2,2,299.0,129.0,0.0
14510,13089,5,2025-09-08,1,2,1,349.0,150.0,0.0
14511,13090,4,2025-09-08,4,1,1,349.0,150.0,0.0
14512,13091,5,2025-09-08,1,5,1,314.1,150.0,34.9
14513,13092,1,2025-09-08,3,1,1,269.1,129.0,29.9
14514,1556,4,2025-09-08,7,4,1,314.1,150.0,34.9
14515,13093,2,2025-09-08,2,1,1,254.15,129.0,44.85
14516,13094,4,2025-09-08,5,1,1,349.0,150.0,0.0
14517,13095,2,2025-09-08,5,5,1,299.0,129.0,0.0
14518,13096,4,2025-09-08,8,1,1,349.0,150.0,0.0
14519,13097,3,2025-09-08,1,2,1,329.0,142.0,0.0
14520,13098,5,2025-09-08,4,4,1,349.0,150.0,0.0
14521,13099,5,2025-09-08,4,1,1,349.0,150.0,0.0
14522,13100,4,2025-09-08,7,5,1,349.0,150.0,0.0
14523,13101,4,2025-09-08,6,3,1,349.0,150.0,0.0
14524,13102,4,2025-09-08,2,1,1,314.1,150.0,34.9
14525,13103,5,2025-09-08,3,5,1,349.0,150.0,0.0
14526,13104,4,2025-09-08,1,5,1,314.1,150.0,34.9
14527,13105,5,2025-09-08,1,1,1,349.0,150.0,0.0
14528,13106,4,2025-09-08,2,1,1,349.0,150.0,0.0
14529,13107,5,2025-09-08,4,1,1,349.0,150.0,0.0
14530,13108,3,2025-09-08,9,2,1,329.0,142.0,0.0
14531,13109,4,2025-09-08,3,3,1,314.1,150.0,34.9
14532,13110,4,2025-09-08,7,3,1,314.1,150.0,34.9
14533,13111,2,2025-09-08,3,2,1,299.0,129.0,0.0
14534,13112,5,2025-09-08,9,1,1,349.0,150.0,0.0
14535,13113,6,2025-09-08,3,2,2,424.15,215.0,74.85
14536,13114,3,2025-09-08,4,2,1,329.0,142.0,0.0
14537,13115,4,2025-09-08,1,1,1,349.0,150.0,0.0
14538,13116,5,2025-09-08,6,1,1,314.1,150.0,34.9
14539,13117,1,2025-09-08,5,1,1,269.1,129.0,29.9
14540,13118,2,2025-09-08,5,1,1,269.1,129.0,29.9
14541,13119,4,2025-09-08,5,1,1,349.0,150.0,0.0
14542,13120,4,2025-09-08,5,1,1,349.0,150.0,0.0
14543,13121,5,2025-09-09,3,4,1,349.0,150.0,0.0
14544,4804,5,2025-09-09,3,4,1,349.0,150.0,0.0
14545,13122,6,2025-09-09,1,2,1,499.0,215.0,0.0
14546,13123,2,2025-09-09,3,1,1,299.0,129.0,0.0
14547,1956,1,2025-09-09,5,1,1,299.0,129.0,0.0
14548,13124,6,2025-09-09,1,5,1,449.1,215.0,49.9
14549,13125,4,2025-09-09,1,4,1,349.0,150.0,0.0
14550,13126,1,2025-09-09,3,1,1,299.0,129.0,0.0
14551,13127,4,2025-09-09,3,2,2,349.0,150.0,0.0
14552,13128,5,2025-09-09,3,2,1,349.0,150.0,0.0
14553,13129,4,2025-09-09,7,5,1,349.0,150.0,0.0
14554,13130,5,2025-09-09,,2,1,349.0,150.0,0.0
14555,13131,4,2025-09-09,5,3,1,349.0,150.0,0.0
14556,7561,5,2025-09-09,5,1,1,349.0,150.0,0.0
14557,13132,4,2025-09-09,4,5,1,349.0,150.0,0.0
14558,3664,1,2025-09-09,8,2,1,299.0,129.0,0.0
14559,13133,3,2025-09-09,7,1,1,296.1,142.0,32.9
14560,13134,2,2025-09-09,3,4,1,299.0,129.0,0.0
14561,13135,1,2025-09-09,8,5,1,299.0,129.0,0.0
14562,13136,2,2025-09-09,3,4,1,299.0,129.0,0.0
14563,13137,5,2025-09-09,1,3,1,349.0,150.0,0.0
14564,13138,5,2025-09-09,6,2,1,296.65,150.0,52.35
14565,13139,3,2025-09-09,1,4,1,329.0,142.0,0.0
14566,13140,2,2025-09-09,1,1,1,299.0,129.0,0.0
14567,13141,1,2025-09-09,1,2,1,299.0,129.0,0.0
14568,13142,2,2025-09-09,4,3,1,269.1,129.0,29.9
14569,7738,4,2025-09-09,6,1,1,349.0,150.0,0.0
14570,13143,5,2025-09-09,1,1,1,296.65,150.0,52.35
14571,13144,4,2025-09-09,5,3,1,349.0,150.0,0.0
14572,13145,2,2025-09-09,1,5,1,269.1,129.0,29.9
14573,13146,1,2025-09-09,2,5,1,299.0,129.0,0.0
14574,9259,5,2025-09-09,3,2,1,349.0,150.0,0.0
14575,13147,1,2025-09-09,5,1,1,299.0,129.0,0.0
14576,11595,4,2025-09-09,5,5,1,296.65,150.0,52.35
14577,13148,5,2025-09-09,9,2,1,349.0,150.0,0.0
14578,13149,4,2025-09-10,5,1,1,349.0,150.0,0.0
14579,13150,5,2025-09-10,5,2,2,314.1,150.0,34.9
14580,13151,4,2025-09-10,2,1,1,349.0,150.0,0.0
14581,13152,4,2025-09-10,9,1,1,314.1,150.0,34.9
14582,13153,1,2025-09-10,2,1,1,299.0,129.0,0.0
14583,13154,4,2025-09-10,3,1,1,314.1,150.0,34.9
14584,13155,5,2025-09-10,5,4,1,349.0,150.0,0.0
14585,13156,4,2025-09-10,6,3,1,349.0,150.0,0.0
14586,13157,1,2025-09-10,1,2,1,299.0,129.0,0.0
14587,13158,5,2025-09-10,5,1,1,314.1,150.0,34.9
14588,13159,4,2025-09-10,2,2,1,314.1,150.0,34.9
14589,13160,5,2025-09-10,3,2,1,349.0,150.0,0.0
14590,13161,5,2025-09-10,3,1,1,296.65,150.0,52.35
14591,13162,5,2025-09-10,3,1,1,349.0,150.0,0.0
14592,13163,4,2025-09-10,1,3,1,314.1,150.0,34.9
14593,13164,3,2025-09-10,2,4,1,329.0,142.0,0.0
14594,11139,1,2025-09-10,2,2,1,269.1,129.0,29.9
14595,13165,4,2025-09-10,4,4,1,349.0,150.0,0.0
14596,13166,5,2025-09-10,4,4,1,349.0,150.0,0.0
14597,13167,1,2025-09-10,1,1,1,299.0,129.0,0.0
14598,13168,3,2025-09-10,5,2,1,296.1,142.0,32.9
14599,13169,4,2025-09-10,4,5,1,349.0,150.0,0.0
14600,13170,3,2025-09-10,5,2,1,296.1,142.0,32.9
14601,13171,2,2025-09-10,3,2,1,299.0,129.0,0.0
14602,13172,3,2025-09-10,9,1,1,296.1,142.0,32.9
14603,13173,1,2025-09-10,1,1,1,299.0,129.0,0.0
14604,13174,5,2025-09-10,4,3,1,349.0,150.0,0.0
14605,13175,2,2025-09-10,3,2,1,299.0,129.0,0.0
14606,13176,6,2025-09-10,5,3,1,499.0,215.0,0.0
14607,13177,4,2025-09-10,2,3,1,349.0,150.0,0.0
14608,13178,5,2025-09-10,1,1,1,349.0,150.0,0.0
14609,13179,5,2025-09-10,8,2,1,349.0,150.0,0.0
14610,13180,3,2025-09-10,1,2,1,329.0,142.0,0.0
14611,13181,1,2025-09-10,2,1,1,269.1,129.0,29.9
14612,13182,1,2025-09-11,2,4,1,299.0,129.0,0.0
14613,7849,5,2025-09-11,6,3,1,296.65,150.0,52.35
14614,13183,5,2025-09-11,1,3,1,314.1,150.0,34.9
14615,13184,5,2025-09-11,1,2,1,349.0,150.0,0.0
14616,10046,4,2025-09-11,3,2,1,349.0,150.0,0.0
14617,13185,4,2025-09-11,3,4,2,349.0,150.0,0.0
14618,13186,5,2025-09-11,5,1,1,296.65,150.0,52.35
14619,13187,5,2025-09-11,1,5,1,349.0,150.0,0.0
14620,13188,5,2025-09-11,3,1,1,296.65,150.0,52.35
14621,4217,5,2025-09-11,2,3,1,314.1,150.0,34.9
14622,13189,2,2025-09-11,2,2,1,299.0,129.0,0.0
14623,13190,3,2025-09-11,1,2,1,329.0,142.0,0.0
14624,13191,4,2025-09-11,1,4,1,296.65,150.0,52.35
14625,13192,2,2025-09-11,4,4,1,269.1,129.0,29.9
14626,13193,1,2025-09-11,1,1,2,299.0,129.0,0.0
14627,13194,5,2025-09-11,5,5,1,349.0,150.0,0.0
14628,13195,5,2025-09-11,3,1,1,349.0,150.0,0.0
14629,13196,3,2025-09-11,5,3,2,279.65,142.0,49.35
14630,13197,4,2025-09-11,5,5,2,349.0,150.0,0.0
14631,13198,3,2025-09-11,2,1,1,329.0,142.0,0.0
14632,13199,6,2025-09-11,1,2,2,499.0,215.0,0.0
14633,13200,5,2025-09-11,2,3,1,349.0,150.0,0.0
14634,4085,4,2025-09-11,8,1,1,314.1,150.0,34.9
14635,13201,3,2025-09-11,7,5,1,329.0,142.0,0.0
14636,13202,6,2025-09-11,3,3,1,424.15,215.0,74.85
14637,13203,2,2025-09-11,8,1,1,254.15,129.0,44.85
14638,13204,6,2025-09-11,3,2,1,449.1,215.0,49.9
14639,13205,2,2025-09-11,7,4,1,254.15,129.0,44.85
14640,13206,2,2025-09-11,6,2,1,299.0,129.0,0.0
14641,13207,5,2025-09-11,6,1,1,349.0,150.0,0.0
14642,13208,1,2025-09-11,3,4,1,299.0,129.0,0.0
14643,2130,1,2025-09-11,1,4,1,299.0,129.0,0.0
14644,13209,1,2025-09-11,1,3,1,299.0,129.0,0.0
14645,4469,5,2025-09-11,3,1,1,349.0,150.0,0.0
14646,13210,4,2025-09-11,7,2,1,296.65,150.0,52.35
14647,13211,6,2025-09-11,4,4,1,499.0,215.0,0.0
14648,13212,4,2025-09-11,8,1,1,349.0,150.0,0.0
14649,13213,4,2025-09-11,4,2,1,296.65,150.0,52.35
14650,13214,5,2025-09-11,1,2,1,349.0,150.0,0.0
14651,13215,1,2025-09-11,5,3,1,299.0,129.0,0.0
14652,13216,6,2025-09-12,3,2,1,499.0,215.0,0.0
14653,13217,4,2025-09-12,1,5,1,349.0,150.0,0.0
14654,13218,3,2025-09-12,3,3,1,279.65,142.0,49.35
14655,13219,3,2025-09-12,2,1,1,329.0,142.0,0.0
14656,13220,6,2025-09-12,5,1,2,499.0,215.0,0.0
14657,7597,6,2025-09-12,3,5,2,449.1,215.0,49.9
14658,13221,5,2025-09-12,3,2,1,314.1,150.0,34.9
14659,13222,5,2025-09-12,3,1,1,349.0,150.0,0.0
14660,13223,5,2025-09-12,1,1,1,314.1,150.0,34.9
14661,13224,2,2025-09-12,3,3,1,299.0,129.0,0.0
14662,13225,2,2025-09-12,3,1,1,269.1,129.0,29.9
14663,13226,2,2025-09-12,7,1,1,299.0,129.0,0.0
14664,13227,3,2025-09-12,1,2,1,296.1,142.0,32.9
14665,13228,1,2025-09-12,2,5,1,299.0,129.0,0.0
14666,13229,4,2025-09-12,2,3,1,296.65,150.0,52.35
14667,13230,5,2025-09-12,1,1,1,349.0,150.0,0.0
14668,13231,2,2025-09-12,5,1,1,269.1,129.0,29.9
14669,10223,4,2025-09-12,1,1,1,349.0,150.0,0.0
14670,13232,4,2025-09-12,3,5,1,349.0,150.0,0.0
14671,13233,2,2025-09-12,1,3,1,299.0,129.0,0.0
14672,13234,4,2025-09-12,2,2,1,349.0,150.0,0.0
14673,13235,5,2025-09-12,7,1,1,314.1,150.0,34.9
14674,13236,6,2025-09-12,4,2,2,499.0,215.0,0.0
14675,13237,4,2025-09-12,3,1,2,349.0,150.0,0.0
14676,5369,2,2025-09-12,6,2,1,299.0,129.0,0.0
14677,13238,2,2025-09-12,2,3,1,299.0,129.0,0.0
14678,13239,5,2025-09-12,1,4,1,314.1,150.0,34.9
14679,13240,2,2025-09-12,4,2,1,299.0,129.0,0.0
14680,13241,4,2025-09-12,7,1,2,296.65,150.0,52.35
14681,13242,5,2025-09-12,6,1,1,349.0,150.0,0.0
14682,13243,1,2025-09-12,3,1,1,299.0,129.0,0.0
14683,1773,5,2025-09-12,2,3,2,349.0,150.0,0.0
14684,8670,3,2025-09-12,2,1,1,296.1,142.0,32.9
14685,13244,5,2025-09-12,6,1,1,349.0,150.0,0.0
14686,13245,3,2025-09-12,7,1,1,329.0,142.0,0.0
14687,13246,4,2025-09-12,5,2,1,349.0,150.0,0.0
14688,13247,2,2025-09-12,7,2,1,269.1,129.0,29.9
14689,8413,1,2025-09-12,7,2,1,299.0,129.0,0.0
14690,12560,1,2025-09-12,4,3,1,299.0,129.0,0.0
14691,13248,1,2025-09-12,2,2,1,299.0,129.0,0.0
14692,11390,4,2025-09-12,2,2,1,349.0,150.0,0.0
14693,13249,6,2025-09-13,5,2,1,499.0,215.0,0.0
14694,13250,1,2025-09-13,5,4,1,299.0,129.0,0.0
14695,13251,4,2025-09-13,5,3,2,349.0,150.0,0.0
14696,13252,6,2025-09-13,7,2,2,499.0,215.0,0.0
14697,13253,1,2025-09-13,2,1,1,299.0,129.0,0.0
14698,13254,1,2025-09-13,2,1,1,299.0,129.0,0.0
14699,13255,4,2025-09-13,5,1,1,349.0,150.0,0.0
14700,13256,4,2025-09-13,1,1,1,349.0,150.0,0.0
14701,13257,2,2025-09-13,3,1,1,254.15,129.0,44.85
14702,13258,3,2025-09-13,1,1,1,329.0,142.0,0.0
14703,13259,6,2025-09-13,7,2,1,499.0,215.0,0.0
14704,13260,2,2025-09-13,7,4,1,299.0,129.0,0.0
14705,13261,3,2025-09-13,1,1,1,279.65,142.0,49.35
14706,13262,4,2025-09-13,1,1,1,349.0,150.0,0.0
14707,13263,3,2025-09-13,2,3,1,329.0,142.0,0.0
14708,13264,4,2025-09-13,1,2,1,349.0,150.0,0.0
14709,13265,1,2025-09-13,8,4,2,254.15,129.0,44.85
14710,13266,5,2025-09-13,3,1,1,349.0,150.0,0.0
14711,13267,4,2025-09-13,3,3,1,349.0,150.0,0.0
14712,13268,1,2025-09-13,3,1,1,299.0,129.0,0.0
14713,13269,2,2025-09-13,2,3,1,299.0,129.0,0.0
14714,13270,6,2025-09-13,1,2,1,449.1,215.0,49.9
14715,13271,1,2025-09-13,1,1,1,299.0,129.0,0.0
14716,13272,5,2025-09-13,3,5,1,349.0,150.0,0.0
14717,13273,1,2025-09-13,1,1,1,299.0,129.0,0.0
14718,13274,5,2025-09-13,3,3,1,349.0,150.0,0.0
14719,1843,2,2025-09-13,1,3,1,299.0,129.0,0.0
14720,13275,1,2025-09-13,3,2,1,299.0,129.0,0.0
14721,13276,1,2025-09-13,2,1,1,299.0,129.0,0.0
14722,12046,5,2025-09-13,2,5,1,349.0,150.0,0.0
14723,5057,6,2025-09-13,3,2,1,499.0,215.0,0.0
14724,13277,6,2025-09-13,3,1,1,499.0,215.0,0.0
14725,13278,6,2025-09-13,5,5,1,449.1,215.0,49.9
14726,4464,4,2025-09-13,1,3,1,349.0,150.0,0.0
14727,7875,3,2025-09-13,2,1,1,329.0,142.0,0.0
14728,11007,1,2025-09-13,5,1,1,299.0,129.0,0.0
14729,13279,1,2025-09-13,2,5,1,299.0,129.0,0.0
14730,13280,5,2025-09-13,1,4,1,314.1,150.0,34.9
14731,13281,3,2025-09-13,7,2,2,329.0,142.0,0.0
14732,13282,4,2025-09-13,7,4,1,314.1,150.0,34.9
14733,13283,1,2025-09-14,9,3,1,299.0,129.0,0.0
14734,13284,5,2025-09-14,4,1,1,314.1,150.0,34.9
14735,5628,5,2025-09-14,3,1,1,349.0,150.0,0.0
14736,13285,6,2025-09-14,1,5,1,499.0,215.0,0.0
14737,13286,6,2025-09-14,8,5,1,499.0,215.0,0.0
14738,7677,3,2025-09-14,8,1,1,329.0,142.0,0.0
14739,13287,2,2025-09-14,9,3,1,299.0,129.0,0.0
14740,13288,4,2025-09-14,5,3,1,314.1,150.0,34.9
14741,13289,4,2025-09-14,8,1,2,349.0,150.0,0.0
14742,13290,2,2025-09-14,5,3,1,299.0,129.0,0.0
14743,13291,3,2025-09-14,1,1,1,329.0,142.0,0.0
14744,13292,1,2025-09-14,7,5,1,299.0,129.0,0.0
14745,13293,2,2025-09-14,2,1,1,269.1,129.0,29.9
14746,13294,5,2025-09-14,4,4,1,349.0,150.0,0.0
14747,13295,3,2025-09-14,6,1,1,329.0,142.0,0.0
14748,13296,5,2025-09-14,4,4,1,349.0,150.0,0.0
14749,13297,6,2025-09-14,5,5,2,499.0,215.0,0.0
14750,13298,4,2025-09-14,1,1,1,349.0,150.0,0.0
14751,13299,2,2025-09-14,5,1,1,299.0,129.0,0.0
14752,13300,4,2025-09-14,,1,1,349.0,150.0,0.0
14753,767,2,2025-09-14,6,2,1,254.15,129.0,44.85
14754,13301,5,2025-09-14,3,2,1,314.1,150.0,34.9
14755,13302,4,2025-09-14,1,2,1,349.0,150.0,0.0
14756,13303,5,2025-09-14,5,1,1,296.65,150.0,52.35
14757,13304,2,2025-09-14,7,1,1,254.15,129.0,44.85
14758,13298,4,2025-09-14,3,1,1,349.0,150.0,0.0
14759,13305,4,2025-09-14,8,1,1,349.0,150.0,0.0
14760,7076,3,2025-09-14,3,4,1,329.0,142.0,0.0
14761,13306,4,2025-09-14,3,5,2,349.0,150.0,0.0
14762,13307,6,2025-09-14,5,3,2,499.0,215.0,0.0
14763,90279,5,2025-09-14,1,3,1,349.0,150.0,0.0
14764,13309,4,2025-09-14,1,1,1,349.0,150.0,0.0
14765,13310,5,2025-09-14,2,3,1,314.1,150.0,34.9
14766,13311,3,2025-09-14,6,4,1,329.0,142.0,0.0
14767,13312,3,2025-09-14,5,1,1,329.0,142.0,0.0
14768,13313,5,2025-09-14,2,3,1,349.0,150.0,0.0
14769,13314,1,2025-09-14,3,1,1,299.0,129.0,0.0
14770,13315,5,2025-09-14,5,4,1,349.0,150.0,0.0
14771,13316,5,2025-09-14,2,2,1,314.1,150.0,34.9
14772,13317,1,2025-09-14,1,1,1,299.0,129.0,0.0
14773,13318,2,2025-09-14,7,2,1,299.0,129.0,0.0
14774,13319,5,2025-09-14,1,2,1,349.0,150.0,0.0
14775,13320,3,2025-09-14,1,1,1,329.0,142.0,0.0
14776,11200,5,2025-09-15,5,3,1,349.0,150.0,0.0
14777,13321,4,2025-09-15,1,2,1,349.0,150.0,0.0
14778,13322,3,2025-09-15,3,1,1,296.1,142.0,32.9
14779,13323,4,2025-09-15,4,1,1,349.0,150.0,0.0
14780,13324,3,2025-09-15,1,1,1,296.1,142.0,32.9
14781,13325,4,2025-09-15,8,1,2,296.65,150.0,52.35
14782,13326,5,2025-09-15,6,3,1,349.0,150.0,0.0
14783,13327,1,2025-09-15,5,3,1,299.0,129.0,0.0
14784,13328,2,2025-09-15,1,2,1,269.1,129.0,29.9
14785,13329,6,2025-09-15,1,3,1,499.0,215.0,0.0
14786,13330,3,2025-09-15,6,1,1,329.0,142.0,0.0
14787,13331,4,2025-09-15,4,4,1,349.0,150.0,0.0
14788,13332,5,2025-09-15,5,1,2,314.1,150.0,34.9
14789,13333,2,2025-09-15,1,2,1,299.0,129.0,0.0
14790,13334,2,2025-09-15,4,3,1,299.0,129.0,0.0
14791,13335,4,2025-09-15,8,1,1,296.65,150.0,52.35
14792,13336,4,2025-09-15,8,2,1,349.0,150.0,0.0
14793,13337,6,2025-09-15,6,1,1,499.0,215.0,0.0
14794,13338,3,2025-09-15,2,1,1,329.0,142.0,0.0
14795,13339,4,2025-09-15,9,2,1,349.0,150.0,0.0
14796,13340,5,2025-09-15,4,1,2,349.0,150.0,0.0
14797,13341,2,2025-09-15,5,5,2,299.0,129.0,0.0
14798,13342,4,2025-09-15,3,1,1,314.1,150.0,34.9
14799,13343,4,2025-09-15,1,2,1,314.1,150.0,34.9
14800,13344,4,2025-09-15,2,4,1,349.0,150.0,0.0
14801,90442,3,2025-09-15,1,1,1,329.0,142.0,0.0
14802,1748,4,2025-09-15,2,2,1,314.1,150.0,34.9
14803,13346,5,2025-09-15,5,2,1,349.0,150.0,0.0
14804,13347,5,2025-09-15,3,1,1,349.0,150.0,0.0
14805,13348,6,2025-09-15,1,3,1,449.1,215.0,49.9
14806,13349,5,2025-09-15,5,2,1,296.65,150.0,52.35
14807,13350,5,2025-09-15,6,5,1,349.0,150.0,0.0
14808,13351,1,2025-09-15,1,1,1,299.0,129.0,0.0
14809,13352,1,2025-09-15,8,2,1,299.0,129.0,0.0
14810,13353,6,2025-09-15,2,3,1,499.0,215.0,0.0
14811,13354,1,2025-09-15,4,5,1,299.0,129.0,0.0
14812,13355,4,2025-09-16,1,1,1,349.0,150.0,0.0
14813,13356,5,2025-09-16,5,5,1,349.0,150.0,0.0
14814,13357,1,2025-09-16,3,4,1,269.1,129.0,29.9
14815,3983,6,2025-09-16,1,4,1,499.0,215.0,0.0
14816,13358,6,2025-09-16,1,2,1,449.1,215.0,49.9
14817,13359,6,2025-09-16,1,5,2,449.1,215.0,49.9
14818,13360,1,2025-09-16,2,4,1,299.0,129.0,0.0
14819,13361,6,2025-09-16,3,2,1,499.0,215.0,0.0
14820,13362,5,2025-09-16,3,5,1,349.0,150.0,0.0
14821,13363,2,2025-09-16,4,2,1,299.0,129.0,0.0
14822,13364,2,2025-09-16,3,1,1,299.0,129.0,0.0
14823,13365,4,2025-09-16,3,3,1,349.0,150.0,0.0
14824,13366,3,2025-09-16,1,2,1,329.0,142.0,0.0
14825,13367,5,2025-09-16,1,5,1,349.0,150.0,0.0
14826,13368,4,2025-09-16,2,3,1,314.1,150.0,34.9
14827,13369,1,2025-09-16,3,1,1,299.0,129.0,0.0
14828,13370,3,2025-09-16,3,1,1,279.65,142.0,49.35
14829,13371,5,2025-09-16,2,1,1,349.0,150.0,0.0
14830,13372,1,2025-09-16,1,5,1,299.0,129.0,0.0
14831,13373,2,2025-09-16,1,3,1,269.1,129.0,29.9
14832,13374,5,2025-09-16,5,1,1,349.0,150.0,0.0
14833,13375,2,2025-09-16,2,1,1,254.15,129.0,44.85
14834,13376,2,2025-09-16,1,5,2,254.15,129.0,44.85
14835,13377,2,2025-09-16,8,3,1,254.15,129.0,44.85
14836,10735,4,2025-09-16,5,2,1,349.0,150.0,0.0
14837,13378,1,2025-09-16,7,4,1,299.0,129.0,0.0
14838,13379,4,2025-09-16,4,2,1,349.0,150.0,0.0
14839,13380,2,2025-09-16,1,2,1,299.0,129.0,0.0
14840,13381,5,2025-09-16,7,1,1,296.65,150.0,52.35
14841,13382,5,2025-09-16,1,3,1,349.0,150.0,0.0
14842,10889,2,2025-09-16,3,2,1,299.0,129.0,0.0
14843,13383,4,2025-09-16,1,1,1,349.0,150.0,0.0
14844,13384,6,2025-09-16,1,1,1,499.0,215.0,0.0
14845,11502,1,2025-09-16,8,1,1,254.15,129.0,44.85
14846,13385,1,2025-09-16,5,1,1,299.0,129.0,0.0
14847,13386,4,2025-09-16,1,2,1,349.0,150.0,0.0
14848,13387,5,2025-09-16,5,2,1,349.0,150.0,0.0
14849,13388,2,2025-09-16,3,1,1,299.0,129.0,0.0
14850,13389,5,2025-09-16,3,5,1,314.1,150.0,34.9
14851,13390,4,2025-09-16,1,2,1,349.0,150.0,0.0
14852,6216,2,2025-09-17,1,2,1,269.1,129.0,29.9
14853,13391,2,2025-09-17,9,1,1,269.1,129.0,29.9
14854,11869,4,2025-09-17,5,1,1,314.1,150.0,34.9
14855,13392,2,2025-09-17,1,1,2,299.0,129.0,0.0
14856,13393,3,2025-09-17,9,4,1,329.0,142.0,0.0
14857,13394,1,2025-09-17,4,1,1,299.0,129.0,0.0
14858,13395,3,2025-09-17,1,5,1,329.0,142.0,0.0
14859,13396,4,2025-09-17,7,2,2,349.0,150.0,0.0
14860,13397,2,2025-09-17,1,1,1,299.0,129.0,0.0
14861,13398,6,2025-09-17,5,2,1,499.0,215.0,0.0
14862,13399,4,2025-09-17,1,3,2,349.0,150.0,0.0
14863,13400,5,2025-09-17,4,2,2,349.0,150.0,0.0
14864,13401,5,2025-09-17,5,2,1,349.0,150.0,0.0
14865,13402,5,2025-09-17,1,1,1,314.1,150.0,34.9
14866,13403,2,2025-09-17,8,2,1,299.0,129.0,0.0
14867,5397,6,2025-09-17,6,4,2,499.0,215.0,0.0
14868,13404,5,2025-09-17,4,4,1,349.0,150.0,0.0
14869,13405,5,2025-09-17,8,3,1,349.0,150.0,0.0
14870,13406,3,2025-09-17,1,1,1,329.0,142.0,0.0
14871,13407,2,2025-09-17,5,1,1,299.0,129.0,0.0
14872,13408,4,2025-09-17,3,2,1,349.0,150.0,0.0
14873,13409,2,2025-09-17,2,1,1,299.0,129.0,0.0
14874,13410,1,2025-09-17,1,5,1,299.0,129.0,0.0
14875,13411,5,2025-09-17,8,1,1,314.1,150.0,34.9
14876,13412,5,2025-09-17,1,3,1,349.0,150.0,0.0
14877,13413,4,2025-09-17,3,3,2,349.0,150.0,0.0
14878,13414,4,2025-09-17,1,3,1,349.0,150.0,0.0
14879,13415,4,2025-09-17,1,2,1,349.0,150.0,0.0
14880,12065,4,2025-09-17,1,2,1,296.65,150.0,52.35
14881,13416,4,2025-09-17,1,4,1,349.0,150.0,0.0
14882,5158,2,2025-09-17,1,2,1,299.0,129.0,0.0
14883,13417,4,2025-09-17,1,2,1,349.0,150.0,0.0
14884,13418,1,2025-09-17,1,2,1,299.0,129.0,0.0
14885,3466,2,2025-09-17,5,2,1,299.0,129.0,0.0
14886,13419,4,2025-09-17,1,1,1,349.0,150.0,0.0
14887,13420,5,2025-09-17,4,3,1,349.0,150.0,0.0
14888,13421,4,2025-09-17,6,1,1,349.0,150.0,0.0
14889,7235,4,2025-09-17,4,1,1,349.0,150.0,0.0
14890,13422,5,2025-09-18,3,1,1,349.0,150.0,0.0
14891,13423,5,2025-09-18,6,2,2,314.1,150.0,34.9
14892,13424,4,2025-09-18,2,1,1,349.0,150.0,0.0
14893,13425,2,2025-09-18,1,4,1,299.0,129.0,0.0
14894,3697,4,2025-09-18,2,1,1,349.0,150.0,0.0
14895,13426,5,2025-09-18,8,1,1,349.0,150.0,0.0
14896,13427,5,2025-09-18,1,1,2,349.0,150.0,0.0
14897,13428,3,2025-09-18,2,2,1,296.1,142.0,32.9
14898,13429,4,2025-09-18,2,4,1,349.0,150.0,0.0
14899,13430,2,2025-09-18,3,4,1,299.0,129.0,0.0
14900,13431,3,2025-09-18,2,3,1,329.0,142.0,0.0
14901,13432,4,2025-09-18,1,2,1,349.0,150.0,0.0
14902,13433,4,2025-09-18,1,2,1,349.0,150.0,0.0
14903,13434,6,2025-09-18,1,1,2,424.15,215.0,74.85
14904,13435,1,2025-09-18,6,4,1,299.0,129.0,0.0
14905,13436,1,2025-09-18,6,5,1,299.0,129.0,0.0
14906,13437,1,2025-09-18,1,1,1,269.1,129.0,29.9
14907,13438,6,2025-09-18,1,5,2,499.0,215.0,0.0
14908,13439,5,2025-09-18,5,4,1,349.0,150.0,0.0
14909,13440,2,2025-09-18,1,2,1,269.1,129.0,29.9
14910,13441,5,2025-09-18,7,1,1,349.0,150.0,0.0
14911,3083,4,2025-09-18,1,5,1,296.65,150.0,52.35
14912,13442,1,2025-09-18,,1,1,299.0,129.0,0.0
14913,13443,4,2025-09-18,3,5,1,349.0,150.0,0.0
14914,13444,1,2025-09-18,5,2,2,299.0,129.0,0.0
14915,13445,2,2025-09-18,5,5,1,299.0,129.0,0.0
14916,13446,2,2025-09-18,1,1,1,269.1,129.0,29.9
14917,13447,4,2025-09-18,5,1,1,314.1,150.0,34.9
14918,13448,3,2025-09-18,5,3,1,279.65,142.0,49.35
14919,13449,4,2025-09-18,1,1,1,349.0,150.0,0.0
14920,13450,5,2025-09-18,7,1,1,349.0,150.0,0.0
14921,13451,5,2025-09-18,2,2,1,314.1,150.0,34.9
14922,13452,4,2025-09-18,3,3,1,349.0,150.0,0.0
14923,2065,5,2025-09-18,8,2,1,314.1,150.0,34.9
14924,13453,4,2025-09-18,5,1,1,349.0,150.0,0.0
14925,13454,5,2025-09-18,6,1,1,296.65,150.0,52.35
14926,13455,3,2025-09-18,3,3,1,329.0,142.0,0.0
14927,13456,4,2025-09-18,1,3,2,314.1,150.0,34.9
14928,13457,4,2025-09-18,6,1,1,349.0,150.0,0.0
14929,13458,5,2025-09-19,3,2,1,349.0,150.0,0.0
14930,13459,2,2025-09-19,7,2,1,299.0,129.0,0.0
14931,13460,4,2025-09-19,6,5,1,296.65,150.0,52.35
14932,13461,4,2025-09-19,5,3,2,349.0,150.0,0.0
14933,13462,1,2025-09-19,2,3,2,254.15,129.0,44.85
14934,13463,3,2025-09-19,4,1,2,329.0,142.0,0.0
14935,13464,2,2025-09-19,1,1,1,254.15,129.0,44.85
14936,13465,4,2025-09-19,3,5,1,349.0,150.0,0.0
14937,13466,6,2025-09-19,1,1,1,499.0,215.0,0.0
14938,13467,2,2025-09-19,1,2,1,254.15,129.0,44.85
14939,6287,6,2025-09-19,7,1,1,499.0,215.0,0.0
14940,13468,3,2025-09-19,9,1,1,329.0,142.0,0.0
14941,13469,4,2025-09-19,5,1,1,349.0,150.0,0.0
14942,13470,3,2025-09-19,4,1,1,329.0,142.0,0.0
14943,3650,2,2025-09-19,7,1,1,299.0,129.0,0.0
14944,13471,2,2025-09-19,1,2,1,299.0,129.0,0.0
14945,13472,1,2025-09-19,5,4,1,299.0,129.0,0.0
14946,13473,4,2025-09-19,1,1,1,349.0,150.0,0.0
14947,13474,6,2025-09-19,3,1,1,424.15,215.0,74.85
14948,13475,5,2025-09-19,1,1,1,314.1,150.0,34.9
14949,13476,5,2025-09-19,6,2,1,314.1,150.0,34.9
14950,2515,2,2025-09-19,9,1,1,299.0,129.0,0.0
14951,13477,4,2025-09-19,2,3,1,349.0,150.0,0.0
14952,13478,3,2025-09-19,4,2,1,329.0,142.0,0.0
14953,13479,6,2025-09-19,1,3,1,499.0,215.0,0.0
14954,13480,6,2025-09-19,3,1,1,499.0,215.0,0.0
14955,13481,5,2025-09-19,2,1,1,314.1,150.0,34.9
14956,13482,5,2025-09-19,7,1,1,349.0,150.0,0.0
14957,12481,3,2025-09-19,1,1,1,296.1,142.0,32.9
14958,11174,3,2025-09-19,8,5,1,279.65,142.0,49.35
14959,13483,4,2025-09-19,3,5,1,314.1,150.0,34.9
14960,13484,1,2025-09-19,2,2,1,299.0,129.0,0.0
14961,13485,1,2025-09-19,5,1,1,269.1,129.0,29.9
14962,13486,1,2025-09-19,1,1,1,269.1,129.0,29.9
14963,13487,4,2025-09-19,3,1,1,296.65,150.0,52.35
14964,13488,5,2025-09-19,9,2,1,349.0,150.0,0.0
14965,13489,4,2025-09-19,1,2,1,314.1,150.0,34.9
14966,13490,1,2025-09-19,3,1,1,269.1,129.0,29.9
14967,13491,4,2025-09-19,2,1,1,349.0,150.0,0.0
14968,10503,4,2025-09-19,3,5,1,349.0,150.0,0.0
14969,13492,4,2025-09-20,5,4,1,349.0,150.0,0.0
14970,13493,4,2025-09-20,1,5,1,349.0,150.0,0.0
14971,13494,1,2025-09-20,7,2,1,269.1,129.0,29.9
14972,13495,2,2025-09-20,3,5,1,299.0,129.0,0.0
14973,13496,5,2025-09-20,5,3,1,296.65,150.0,52.35
14974,13497,2,2025-09-20,8,1,2,269.1,129.0,29.9
14975,13498,5,2025-09-20,5,5,1,0.0,150.0,0.0
14976,13499,5,2025-09-20,2,2,1,349.0,150.0,0.0
14977,13500,5,2025-09-20,1,1,1,349.0,150.0,0.0
14978,13501,1,2025-09-20,3,2,1,299.0,129.0,0.0
14979,13502,3,2025-09-20,4,1,1,329.0,142.0,0.0
14980,13503,1,2025-09-20,7,4,1,299.0,129.0,0.0
14981,13504,3,2025-09-20,8,4,2,329.0,142.0,0.0
14982,13505,4,2025-09-20,5,3,1,349.0,150.0,0.0
14983,13506,2,2025-09-20,5,3,1,299.0,129.0,0.0
14984,8249,2,2025-09-20,2,5,1,299.0,129.0,0.0
14985,13507,1,2025-09-20,4,2,1,299.0,129.0,0.0
14986,13508,4,2025-09-20,3,2,1,296.65,150.0,52.35
14987,8921,5,2025-09-20,3,3,1,349.0,150.0,0.0
14988,13509,4,2025-09-20,6,4,1,349.0,150.0,0.0
14989,13510,4,2025-09-20,2,3,1,314.1,150.0,34.9
14990,13511,1,2025-09-20,1,5,1,299.0,129.0,0.0
14991,13512,1,2025-09-20,4,3,1,299.0,129.0,0.0
14992,13513,5,2025-09-20,7,1,1,314.1,150.0,34.9
14993,13514,3,2025-09-20,3,1,1,329.0,142.0,0.0
14994,13515,6,2025-09-20,4,2,1,499.0,215.0,0.0
14995,13516,2,2025-09-20,5,2,1,299.0,129.0,0.0
14996,13517,4,2025-09-20,7,1,1,314.1,150.0,34.9
14997,13518,1,2025-09-20,5,2,1,254.15,129.0,44.85
14998,13519,5,2025-09-20,4,3,1,349.0,150.0,0.0
14999,13520,5,2025-09-20,6,1,1,349.0,150.0,0.0
15000,13521,5,2025-09-20,6,1,1,349.0,150.0,0.0
15001,13522,6,2025-09-20,5,2,1,499.0,215.0,0.0
15002,13523,4,2025-09-20,1,5,1,349.0,150.0,0.0
15003,13524,5,2025-09-20,2,4,1,349.0,150.0,0.0
15004,13525,1,2025-09-20,8,2,1,299.0,129.0,0.0
15005,13526,5,2025-09-20,3,1,1,349.0,150.0,0.0
15006,13527,2,2025-09-20,5,5,1,299.0,129.0,0.0
15007,13528,4,2025-09-20,7,2,1,349.0,150.0,0.0
15008,13529,2,2025-09-21,1,1,1,299.0,129.0,0.0
15009,13530,5,2025-09-21,4,5,1,349.0,150.0,0.0
15010,13531,2,2025-09-21,1,3,1,254.15,129.0,44.85
15011,13532,5,2025-09-21,6,1,1,349.0,150.0,0.0
15012,13533,3,2025-09-21,3,2,1,296.1,142.0,32.9
15013,13534,2,2025-09-21,6,1,1,299.0,129.0,0.0
15014,13535,4,2025-09-21,1,1,1,349.0,150.0,0.0
15015,13536,4,2025-09-21,3,2,1,349.0,150.0,0.0
15016,7285,2,2025-09-21,2,1,1,299.0,129.0,0.0
15017,13537,4,2025-09-21,7,1,1,314.1,150.0,34.9
15018,13538,1,2025-09-21,3,1,1,299.0,129.0,0.0
15019,13539,6,2025-09-21,1,2,2,499.0,215.0,0.0
15020,13540,1,2025-09-21,5,2,1,269.1,129.0,29.9
15021,13541,5,2025-09-21,4,2,1,314.1,150.0,34.9
15022,13542,6,2025-09-21,5,2,2,499.0,215.0,0.0
15023,13543,4,2025-09-21,3,1,1,349.0,150.0,0.0
15024,1472,4,2025-09-21,1,5,1,349.0,150.0,0.0
15025,13544,1,2025-09-21,2,4,1,299.0,129.0,0.0
15026,13545,2,2025-09-21,3,1,1,299.0,129.0,0.0
15027,13546,4,2025-09-21,1,2,1,349.0,150.0,0.0
15028,13547,1,2025-09-21,5,1,1,299.0,129.0,0.0
15029,13548,4,2025-09-21,3,2,1,349.0,150.0,0.0
15030,13549,4,2025-09-21,7,3,1,349.0,150.0,0.0
15031,13550,3,2025-09-21,4,2,1,279.65,142.0,49.35
15032,13551,6,2025-09-21,5,2,1,499.0,215.0,0.0
15033,13552,5,2025-09-21,1,1,1,349.0,150.0,0.0
15034,13553,1,2025-09-21,6,1,2,299.0,129.0,0.0
15035,13554,6,2025-09-21,4,1,1,499.0,215.0,0.0
15036,13555,1,2025-09-21,4,1,1,299.0,129.0,0.0
15037,13556,6,2025-09-21,8,2,1,449.1,215.0,49.9
15038,13557,5,2025-09-21,3,2,1,349.0,150.0,0.0
15039,13558,4,2025-09-21,7,1,1,349.0,150.0,0.0
15040,13559,1,2025-09-21,3,1,1,299.0,129.0,0.0
15041,13560,4,2025-09-21,6,1,1,349.0,150.0,0.0
15042,13561,1,2025-09-21,4,5,1,299.0,129.0,0.0
15043,13562,4,2025-09-21,3,2,1,349.0,150.0,0.0
15044,13563,4,2025-09-21,1,2,1,349.0,150.0,0.0
15045,13564,2,2025-09-21,1,1,1,254.15,129.0,44.85
15046,13565,4,2025-09-21,6,2,2,349.0,150.0,0.0
15047,13566,2,2025-09-21,2,1,1,269.1,129.0,29.9
15048,13567,4,2025-09-22,2,5,1,314.1,150.0,34.9
15049,13568,4,2025-09-22,1,1,1,349.0,150.0,0.0
15050,13569,4,2025-09-22,1,1,1,349.0,150.0,0.0
15051,13570,1,2025-09-22,6,2,1,254.15,129.0,44.85
15052,13571,6,2025-09-22,3,4,1,449.1,215.0,49.9
15053,13572,4,2025-09-22,3,3,1,349.0,150.0,0.0
15054,13573,6,2025-09-22,8,3,1,499.0,215.0,0.0
15055,13574,1,2025-09-22,4,3,1,299.0,129.0,0.0
15056,13575,6,2025-09-22,1,3,1,449.1,215.0,49.9
15057,13576,4,2025-09-22,3,4,1,314.1,150.0,34.9
15058,13577,1,2025-09-22,,1,1,254.15,129.0,44.85
15059,13578,5,2025-09-22,3,1,1,349.0,150.0,0.0
15060,4411,4,2025-09-22,1,2,1,314.1,150.0,34.9
15061,13579,5,2025-09-22,5,1,1,349.0,150.0,0.0
15062,13580,5,2025-09-22,2,4,1,296.65,150.0,52.35
15063,13581,4,2025-09-22,2,1,1,349.0,150.0,0.0
15064,13582,4,2025-09-22,3,1,1,349.0,150.0,0.0
15065,13583,6,2025-09-22,1,1,1,499.0,215.0,0.0
15066,13584,2,2025-09-22,8,4,1,299.0,129.0,0.0
15067,13585,5,2025-09-22,3,1,1,349.0,150.0,0.0
15068,13586,3,2025-09-22,1,1,1,279.65,142.0,49.35
15069,13587,2,2025-09-22,1,2,1,299.0,129.0,0.0
15070,13588,1,2025-09-22,1,1,1,299.0,129.0,0.0
15071,13589,2,2025-09-22,5,4,1,269.1,129.0,29.9
15072,13590,5,2025-09-22,7,2,1,314.1,150.0,34.9
15073,13591,5,2025-09-22,5,2,1,349.0,150.0,0.0
15074,90292,4,2025-09-22,3,2,1,349.0,150.0,0.0
15075,13593,4,2025-09-22,3,2,1,314.1,150.0,34.9
15076,8177,2,2025-09-22,8,1,1,299.0,129.0,0.0
15077,13594,3,2025-09-22,3,3,1,329.0,142.0,0.0
15078,13595,2,2025-09-22,1,1,1,299.0,129.0,0.0
15079,13596,2,2025-09-22,1,1,1,299.0,129.0,0.0
15080,13597,5,2025-09-22,1,3,1,349.0,150.0,0.0
15081,11221,3,2025-09-22,5,1,1,329.0,142.0,0.0
15082,13598,2,2025-09-22,2,1,2,299.0,129.0,0.0
15083,12768,3,2025-09-22,3,3,1,279.65,142.0,49.35
15084,13599,4,2025-09-23,4,2,1,349.0,150.0,0.0
15085,13600,5,2025-09-23,8,1,1,314.1,150.0,34.9
15086,13601,4,2025-09-23,3,2,1,349.0,150.0,0.0
15087,13602,5,2025-09-23,6,2,1,349.0,150.0,0.0
15088,13603,4,2025-09-23,1,2,1,349.0,150.0,0.0
15089,13604,6,2025-09-23,1,1,1,499.0,215.0,0.0
15090,13605,3,2025-09-23,1,1,1,329.0,142.0,0.0
15091,13606,1,2025-09-23,3,2,1,299.0,129.0,0.0
15092,13607,6,2025-09-23,3,3,1,424.15,215.0,74.85
15093,13608,1,2025-09-23,1,1,2,299.0,129.0,0.0
15094,13609,4,2025-09-23,1,5,1,314.1,150.0,34.9
15095,13610,2,2025-09-23,2,1,2,299.0,129.0,0.0
15096,13611,6,2025-09-23,1,2,1,499.0,215.0,0.0
15097,13612,6,2025-09-23,3,4,1,499.0,215.0,0.0
15098,13613,4,2025-09-23,5,1,1,349.0,150.0,0.0
15099,13614,2,2025-09-23,5,4,1,254.15,129.0,44.85
15100,13615,1,2025-09-23,8,2,1,254.15,129.0,44.85
15101,10976,6,2025-09-23,1,2,1,499.0,215.0,0.0
15102,13616,1,2025-09-23,4,4,1,299.0,129.0,0.0
15103,13617,5,2025-09-23,1,2,1,349.0,150.0,0.0
15104,13618,5,2025-09-23,2,2,1,349.0,150.0,0.0
15105,13619,3,2025-09-23,1,2,1,329.0,142.0,0.0
15106,13620,6,2025-09-23,1,1,2,499.0,215.0,0.0
15107,13621,3,2025-09-23,1,4,1,329.0,142.0,0.0
15108,13622,6,2025-09-23,2,4,1,499.0,215.0,0.0
15109,13623,4,2025-09-23,5,2,1,349.0,150.0,0.0
15110,13624,5,2025-09-23,2,1,1,349.0,150.0,0.0
15111,13625,3,2025-09-23,1,5,1,329.0,142.0,0.0
15112,90380,5,2025-09-23,5,1,1,349.0,150.0,0.0
15113,13627,2,2025-09-23,3,5,1,254.15,129.0,44.85
15114,13628,4,2025-09-24,2,1,1,296.65,150.0,52.35
15115,13629,5,2025-09-24,1,3,1,349.0,150.0,0.0
15116,13630,5,2025-09-24,2,4,1,349.0,150.0,0.0
15117,13631,5,2025-09-24,5,1,1,314.1,150.0,34.9
15118,13632,5,2025-09-24,1,2,1,296.65,150.0,52.35
15119,13633,5,2025-09-24,4,4,1,349.0,150.0,0.0
15120,13634,1,2025-09-24,3,3,1,299.0,129.0,0.0
15121,13635,6,2025-09-24,5,1,1,499.0,215.0,0.0
15122,13636,4,2025-09-24,2,2,1,349.0,150.0,0.0
15123,13637,4,2025-09-24,5,2,1,349.0,150.0,0.0
15124,13638,6,2025-09-24,3,4,1,449.1,215.0,49.9
15125,13639,5,2025-09-24,,3,1,349.0,150.0,0.0
15126,13640,3,2025-09-24,7,2,1,296.1,142.0,32.9
15127,13641,4,2025-09-24,8,4,1,349.0,150.0,0.0
15128,13642,2,2025-09-24,2,5,1,299.0,129.0,0.0
15129,13643,5,2025-09-24,5,1,1,314.1,150.0,34.9
15130,3744,6,2025-09-24,4,4,1,499.0,215.0,0.0
15131,13644,3,2025-09-24,1,1,1,329.0,142.0,0.0
15132,13645,1,2025-09-24,1,3,1,299.0,129.0,0.0
15133,13646,1,2025-09-24,5,1,1,299.0,129.0,0.0
15134,13647,2,2025-09-24,1,3,1,299.0,129.0,0.0
15135,13648,3,2025-09-24,4,1,1,279.65,142.0,49.35
15136,13649,2,2025-09-24,5,1,1,269.1,129.0,29.9
15137,11294,5,2025-09-24,7,1,1,349.0,150.0,0.0
15138,8858,4,2025-09-24,2,3,1,349.0,150.0,0.0
15139,13650,4,2025-09-24,1,2,1,349.0,150.0,0.0
15140,13651,2,2025-09-24,4,2,1,299.0,129.0,0.0
15141,13652,5,2025-09-24,5,2,2,349.0,150.0,0.0
15142,13653,5,2025-09-24,3,2,1,349.0,150.0,0.0
15143,13654,3,2025-09-24,3,2,1,329.0,142.0,0.0
15144,13655,4,2025-09-24,5,1,1,349.0,150.0,0.0
15145,13656,1,2025-09-24,1,1,1,299.0,129.0,0.0
15146,13657,1,2025-09-24,3,2,1,299.0,129.0,0.0
15147,13658,4,2025-09-24,1,1,1,314.1,150.0,34.9
15148,13659,2,2025-09-24,8,1,1,299.0,129.0,0.0
15149,13660,5,2025-09-24,2,1,1,349.0,150.0,0.0
15150,13661,3,2025-09-24,1,1,1,329.0,142.0,0.0
15151,13662,2,2025-09-24,2,2,1,299.0,129.0,0.0
15152,13663,5,2025-09-24,1,1,1,349.0,150.0,0.0
15153,13664,4,2025-09-25,1,3,1,349.0,150.0,0.0
15154,13665,1,2025-09-25,2,1,1,254.15,129.0,44.85
15155,13666,6,2025-09-25,2,1,1,449.1,215.0,49.9
15156,13667,4,2025-09-25,3,2,1,349.0,150.0,0.0
15157,13668,3,2025-09-25,2,1,1,279.65,142.0,49.35
15158,13669,4,2025-09-25,4,2,1,296.65,150.0,52.35
15159,13670,6,2025-09-25,7,3,1,499.0,215.0,0.0
15160,13671,4,2025-09-25,1,1,1,349.0,150.0,0.0
15161,13672,4,2025-09-25,6,1,1,349.0,150.0,0.0
15162,13673,3,2025-09-25,2,5,1,296.1,142.0,32.9
15163,13674,1,2025-09-25,3,3,1,254.15,129.0,44.85
15164,11146,4,2025-09-25,7,1,1,314.1,150.0,34.9
15165,13675,2,2025-09-25,1,2,1,299.0,129.0,0.0
15166,13676,4,2025-09-25,1,4,1,349.0,150.0,0.0
15167,13677,1,2025-09-25,1,1,1,299.0,129.0,0.0
15168,13678,5,2025-09-25,7,1,1,349.0,150.0,0.0
15169,13679,6,2025-09-25,1,1,2,499.0,215.0,0.0
15170,13680,5,2025-09-25,3,1,2,314.1,150.0,34.9
15171,13681,5,2025-09-25,9,1,1,349.0,150.0,0.0
15172,13682,2,2025-09-25,1,4,1,299.0,129.0,0.0
15173,13683,5,2025-09-25,1,1,1,349.0,150.0,0.0
15174,13684,5,2025-09-25,3,1,1,349.0,150.0,0.0
15175,13685,3,2025-09-25,6,1,1,329.0,142.0,0.0
15176,13686,2,2025-09-25,3,1,2,299.0,129.0,0.0
15177,90165,2,2025-09-25,1,1,1,269.1,129.0,29.9
15178,13688,2,2025-09-25,7,3,1,299.0,129.0,0.0
15179,13689,2,2025-09-25,3,3,1,299.0,129.0,0.0
15180,13690,6,2025-09-25,2,1,1,499.0,215.0,0.0
15181,13691,6,2025-09-25,3,2,1,499.0,215.0,0.0
15182,13692,5,2025-09-25,5,2,2,349.0,150.0,0.0
15183,13693,3,2025-09-25,1,4,1,329.0,142.0,0.0
15184,13694,2,2025-09-25,1,4,1,299.0,129.0,0.0
15185,13695,1,2025-09-25,4,3,1,299.0,129.0,0.0
15186,13696,4,2025-09-25,2,2,2,349.0,150.0,0.0
15187,13697,3,2025-09-25,5,3,1,329.0,142.0,0.0
15188,9959,4,2025-09-25,8,2,1,296.65,150.0,52.35
15189,13698,4,2025-09-25,8,1,1,349.0,150.0,0.0
15190,13699,2,2025-09-25,5,2,1,299.0,129.0,0.0
15191,13700,3,2025-09-25,1,2,1,329.0,142.0,0.0
15192,13701,4,2025-09-25,1,2,1,349.0,150.0,0.0
15193,13702,3,2025-09-25,2,1,1,329.0,142.0,0.0
15194,13703,5,2025-09-25,1,5,1,296.65,150.0,52.35
15195,13704,4,2025-09-25,5,5,1,349.0,150.0,0.0
15196,13705,5,2025-09-26,1,1,1,349.0,150.0,0.0
15197,13706,1,2025-09-26,5,3,1,299.0,129.0,0.0
15198,13707,6,2025-09-26,1,4,1,424.15,215.0,74.85
15199,13708,6,2025-09-26,1,2,1,499.0,215.0,0.0
15200,13709,6,2025-09-26,3,4,1,499.0,215.0,0.0
15201,13710,4,2025-09-26,1,2,1,349.0,150.0,0.0
15202,13711,1,2025-09-26,4,3,1,254.15,129.0,44.85
15203,13712,1,2025-09-26,9,2,2,299.0,129.0,0.0
15204,13713,4,2025-09-26,3,4,1,349.0,150.0,0.0
15205,13714,4,2025-09-26,7,5,1,349.0,150.0,0.0
15206,13715,1,2025-09-26,1,1,1,299.0,129.0,0.0
15207,13716,6,2025-09-26,3,3,1,424.15,215.0,74.85
15208,13717,6,2025-09-26,7,1,1,499.0,215.0,0.0
15209,13718,4,2025-09-26,3,3,1,314.1,150.0,34.9
15210,13719,4,2025-09-26,1,1,1,349.0,150.0,0.0
15211,13720,4,2025-09-26,2,1,1,349.0,150.0,0.0
15212,13721,4,2025-09-26,3,2,1,349.0,150.0,0.0
15213,13722,2,2025-09-26,7,1,1,299.0,129.0,0.0
15214,13723,4,2025-09-26,8,1,1,314.1,150.0,34.9
15215,13724,5,2025-09-26,1,5,1,349.0,150.0,0.0
15216,6095,4,2025-09-26,3,2,2,349.0,150.0,0.0
15217,13725,5,2025-09-26,5,1,1,349.0,150.0,0.0
15218,13726,1,2025-09-26,2,2,1,299.0,129.0,0.0
15219,13727,4,2025-09-26,2,2,1,349.0,150.0,0.0
15220,13728,4,2025-09-26,1,3,1,349.0,150.0,0.0
15221,13729,4,2025-09-26,4,3,1,349.0,150.0,0.0
15222,13730,4,2025-09-26,5,4,1,349.0,150.0,0.0
15223,13731,2,2025-09-26,1,5,1,299.0,129.0,0.0
15224,13732,4,2025-09-26,2,3,1,349.0,150.0,0.0
15225,13733,2,2025-09-26,6,3,1,299.0,129.0,0.0
15226,13734,3,2025-09-26,5,3,1,329.0,142.0,0.0
15227,13735,1,2025-09-26,1,1,1,269.1,129.0,29.9
15228,13736,2,2025-09-26,4,4,1,299.0,129.0,0.0
15229,13737,1,2025-09-26,3,4,1,269.1,129.0,29.9
15230,13738,6,2025-09-26,2,2,1,499.0,215.0,0.0
15231,13739,3,2025-09-27,1,2,1,279.65,142.0,49.35
15232,13740,5,2025-09-27,9,1,1,349.0,150.0,0.0
15233,13741,5,2025-09-27,8,1,1,349.0,150.0,0.0
15234,13742,4,2025-09-27,1,3,1,349.0,150.0,0.0
15235,13743,2,2025-09-27,7,5,1,299.0,129.0,0.0
15236,10020,3,2025-09-27,3,2,1,329.0,142.0,0.0
15237,13744,5,2025-09-27,5,2,1,314.1,150.0,34.9
15238,2725,4,2025-09-27,1,4,1,349.0,150.0,0.0
15239,13745,2,2025-09-27,3,1,1,299.0,129.0,0.0
15240,13746,4,2025-09-27,4,1,1,349.0,150.0,0.0
15241,13747,2,2025-09-27,4,2,1,299.0,129.0,0.0
15242,13748,2,2025-09-27,3,3,1,299.0,129.0,0.0
15243,13749,2,2025-09-27,1,3,2,299.0,129.0,0.0
15244,13750,4,2025-09-27,8,2,1,349.0,150.0,0.0
15245,740,2,2025-09-27,1,1,1,254.15,129.0,44.85
15246,13751,5,2025-09-27,6,2,1,349.0,150.0,0.0
15247,13752,2,2025-09-27,7,3,1,299.0,129.0,0.0
15248,13753,1,2025-09-27,4,3,1,299.0,129.0,0.0
15249,13754,4,2025-09-27,2,1,2,296.65,150.0,52.35
15250,13755,4,2025-09-27,8,5,1,349.0,150.0,0.0
15251,13756,1,2025-09-27,1,1,1,299.0,129.0,0.0
15252,13757,4,2025-09-27,,2,1,349.0,150.0,0.0
15253,13758,5,2025-09-27,6,2,1,349.0,150.0,0.0
15254,13759,5,2025-09-27,4,3,1,349.0,150.0,0.0
15255,13760,4,2025-09-27,6,2,1,349.0,150.0,0.0
15256,13761,5,2025-09-27,2,1,1,349.0,150.0,0.0
15257,13762,6,2025-09-27,3,1,1,499.0,215.0,0.0
15258,13763,3,2025-09-27,5,2,1,279.65,142.0,49.35
15259,2365,6,2025-09-27,2,1,1,424.15,215.0,74.85
15260,13764,2,2025-09-27,6,4,1,299.0,129.0,0.0
15261,13765,5,2025-09-27,5,2,1,349.0,150.0,0.0
15262,13766,2,2025-09-27,1,5,1,254.15,129.0,44.85
15263,13767,4,2025-09-27,3,2,1,349.0,150.0,0.0
15264,13768,1,2025-09-27,3,1,1,254.15,129.0,44.85
15265,13769,1,2025-09-27,8,1,1,299.0,129.0,0.0
15266,13770,4,2025-09-27,3,2,1,296.65,150.0,52.35
15267,13771,6,2025-09-27,1,2,1,499.0,215.0,0.0
15268,13772,5,2025-09-27,9,2,1,296.65,150.0,52.35
15269,13773,5,2025-09-28,1,2,1,349.0,150.0,0.0
15270,13774,4,2025-09-28,3,4,1,349.0,150.0,0.0
15271,13775,5,2025-09-28,9,1,1,314.1,150.0,34.9
15272,13776,1,2025-09-28,2,5,1,299.0,129.0,0.0
15273,13777,5,2025-09-28,3,3,1,314.1,150.0,34.9
15274,3162,5,2025-09-28,3,2,1,349.0,150.0,0.0
15275,13778,4,2025-09-28,3,2,1,314.1,150.0,34.9
15276,13779,4,2025-09-28,4,1,1,349.0,150.0,0.0
15277,13780,2,2025-09-28,1,1,1,299.0,129.0,0.0
15278,13781,1,2025-09-28,6,1,2,269.1,129.0,29.9
15279,13782,1,2025-09-28,7,4,1,299.0,129.0,0.0
15280,13783,3,2025-09-28,1,2,2,329.0,142.0,0.0
15281,13784,5,2025-09-28,1,1,1,349.0,150.0,0.0
15282,3968,1,2025-09-28,8,3,1,299.0,129.0,0.0
15283,13785,1,2025-09-28,1,1,1,299.0,129.0,0.0
15284,13786,1,2025-09-28,1,2,1,299.0,129.0,0.0
15285,13787,3,2025-09-28,2,2,1,329.0,142.0,0.0
15286,13788,5,2025-09-28,6,2,1,349.0,150.0,0.0
15287,13789,6,2025-09-28,4,3,1,499.0,215.0,0.0
15288,13790,6,2025-09-28,,1,1,449.1,215.0,49.9
15289,13791,1,2025-09-28,3,3,1,299.0,129.0,0.0
15290,13792,2,2025-09-28,1,2,1,299.0,129.0,0.0
15291,13793,2,2025-09-28,7,2,1,299.0,129.0,0.0
15292,13794,5,2025-09-28,5,3,1,349.0,150.0,0.0
15293,13795,5,2025-09-28,2,3,1,349.0,150.0,0.0
15294,13796,6,2025-09-28,3,2,1,499.0,215.0,0.0
15295,13797,1,2025-09-28,3,1,2,299.0,129.0,0.0
15296,13798,1,2025-09-28,2,1,1,299.0,129.0,0.0
15297,2674,4,2025-09-28,3,2,1,349.0,150.0,0.0
15298,13799,4,2025-09-28,8,4,1,349.0,150.0,0.0
15299,13800,5,2025-09-28,5,2,1,349.0,150.0,0.0
15300,13801,5,2025-09-28,6,2,1,296.65,150.0,52.35
15301,8651,4,2025-09-28,7,1,1,349.0,150.0,0.0
15302,13802,6,2025-09-28,,2,1,499.0,215.0,0.0
15303,11770,4,2025-09-28,3,3,1,349.0,150.0,0.0
15304,13803,4,2025-09-28,5,1,1,349.0,150.0,0.0
15305,13804,1,2025-09-29,4,4,1,299.0,129.0,0.0
15306,13805,5,2025-09-29,5,3,2,314.1,150.0,34.9
15307,10033,5,2025-09-29,4,1,1,349.0,150.0,0.0
15308,13806,1,2025-09-29,1,2,1,299.0,129.0,0.0
15309,13807,1,2025-09-29,7,1,1,269.1,129.0,29.9
15310,13808,5,2025-09-29,1,1,1,314.1,150.0,34.9
15311,13809,5,2025-09-29,4,4,1,349.0,150.0,0.0
15312,90353,3,2025-09-29,3,3,1,329.0,142.0,0.0
15313,13811,4,2025-09-29,1,1,1,349.0,150.0,0.0
15314,13812,3,2025-09-29,7,5,1,296.1,142.0,32.9
15315,13813,5,2025-09-29,5,5,1,349.0,150.0,0.0
15316,13814,2,2025-09-29,1,1,1,269.1,129.0,29.9
15317,13815,5,2025-09-29,1,5,1,349.0,150.0,0.0
15318,13816,2,2025-09-29,5,2,2,299.0,129.0,0.0
15319,13817,1,2025-09-29,5,2,1,299.0,129.0,0.0
15320,13818,2,2025-09-29,7,1,1,299.0,129.0,0.0
15321,5615,5,2025-09-29,2,1,1,296.65,150.0,52.35
15322,13819,2,2025-09-29,5,1,2,269.1,129.0,29.9
15323,11311,4,2025-09-29,1,2,1,349.0,150.0,0.0
15324,13820,6,2025-09-29,7,5,1,499.0,215.0,0.0
15325,13821,6,2025-09-29,7,1,1,499.0,215.0,0.0
15326,13822,5,2025-09-29,5,5,1,349.0,150.0,0.0
15327,13823,1,2025-09-29,1,2,1,299.0,129.0,0.0
15328,13824,2,2025-09-29,1,4,1,299.0,129.0,0.0
15329,13825,6,2025-09-29,2,2,1,499.0,215.0,0.0
15330,8365,4,2025-09-29,2,4,1,296.65,150.0,52.35
15331,13826,1,2025-09-29,7,3,1,254.15,129.0,44.85
15332,13827,1,2025-09-29,3,1,1,299.0,129.0,0.0
15333,13828,5,2025-09-29,1,5,1,349.0,150.0,0.0
15334,13829,1,2025-09-29,5,4,1,299.0,129.0,0.0
15335,13830,5,2025-09-29,3,4,1,349.0,150.0,0.0
15336,13831,1,2025-09-29,2,4,1,299.0,129.0,0.0
15337,13832,5,2025-09-29,5,2,1,349.0,150.0,0.0
15338,11771,5,2025-09-29,1,3,2,349.0,150.0,0.0
15339,13833,4,2025-09-29,1,1,1,314.1,150.0,34.9
15340,13834,1,2025-09-29,7,1,1,269.1,129.0,29.9
15341,9086,1,2025-09-29,4,2,1,299.0,129.0,0.0
15342,13835,5,2025-09-29,1,3,1,349.0,150.0,0.0
15343,13836,3,2025-09-30,6,1,1,329.0,142.0,0.0
15344,13837,1,2025-09-30,5,1,1,254.15,129.0,44.85
15345,13838,1,2025-09-30,5,3,1,299.0,129.0,0.0
15346,13839,3,2025-09-30,1,2,1,329.0,142.0,0.0
15347,13840,2,2025-09-30,2,1,1,254.15,129.0,44.85
15348,13841,2,2025-09-30,1,1,1,299.0,129.0,0.0
15349,13842,3,2025-09-30,5,1,1,329.0,142.0,0.0
15350,13843,1,2025-09-30,1,1,1,254.15,129.0,44.85
15351,13844,4,2025-09-30,4,1,1,349.0,150.0,0.0
15352,13845,4,2025-09-30,6,1,1,296.65,150.0,52.35
15353,13846,5,2025-09-30,2,2,1,314.1,150.0,34.9
15354,13847,6,2025-09-30,2,1,1,424.15,215.0,74.85
15355,13848,4,2025-09-30,1,2,1,314.1,150.0,34.9
15356,13849,1,2025-09-30,7,2,1,299.0,129.0,0.0
15357,13850,1,2025-09-30,8,4,1,299.0,129.0,0.0
15358,13851,1,2025-09-30,5,1,1,299.0,129.0,0.0
15359,13852,5,2025-09-30,2,1,1,349.0,150.0,0.0
15360,13853,5,2025-09-30,2,1,1,349.0,150.0,0.0
15361,13854,4,2025-09-30,1,5,1,349.0,150.0,0.0
15362,13855,6,2025-09-30,2,2,1,424.15,215.0,74.85
15363,13856,5,2025-09-30,3,1,1,349.0,150.0,0.0
15364,13857,6,2025-09-30,6,1,1,499.0,215.0,0.0
15365,13858,2,2025-09-30,3,2,1,299.0,129.0,0.0
15366,13859,4,2025-09-30,1,4,1,349.0,150.0,0.0
15367,13860,3,2025-09-30,1,2,1,329.0,142.0,0.0
15368,13861,4,2025-09-30,1,1,2,296.65,150.0,52.35
15369,13862,1,2025-09-30,5,5,2,269.1,129.0,29.9
15370,13863,4,2025-09-30,8,3,1,349.0,150.0,0.0
15371,13864,5,2025-09-30,3,5,1,349.0,150.0,0.0
15372,13865,5,2025-09-30,5,1,1,314.1,150.0,34.9
15373,13866,5,2025-09-30,1,5,1,349.0,150.0,0.0
15374,13867,5,2025-09-30,4,3,1,314.1,150.0,34.9
15375,13868,1,2025-09-30,5,4,1,299.0,129.0,0.0
15376,13869,2,2025-09-30,2,2,1,269.1,129.0,29.9
15377,13870,2,2025-09-30,3,1,1,299.0,129.0,0.0
15378,13871,4,2025-10-01,7,1,1,349.0,150.0,0.0
15379,13872,5,2025-10-01,4,4,1,349.0,150.0,0.0
15380,13873,1,2025-10-01,5,1,2,299.0,129.0,0.0
15381,90313,4,2025-10-01,1,1,1,349.0,150.0,0.0
15382,13875,2,2025-10-01,,5,1,299.0,129.0,0.0
15383,13876,2,2025-10-01,3,5,1,254.15,129.0,44.85
15384,13877,4,2025-10-01,1,2,1,349.0,150.0,0.0
15385,13878,4,2025-10-01,1,1,1,349.0,150.0,0.0
15386,13879,6,2025-10-01,5,1,1,499.0,215.0,0.0
15387,13880,1,2025-10-01,6,1,1,299.0,129.0,0.0
15388,7338,2,2025-10-01,8,4,1,299.0,129.0,0.0
15389,13881,4,2025-10-01,6,2,1,349.0,150.0,0.0
15390,13882,1,2025-10-01,5,2,1,269.1,129.0,29.9
15391,3527,2,2025-10-01,3,3,1,299.0,129.0,0.0
15392,13883,2,2025-10-01,1,2,2,299.0,129.0,0.0
15393,13884,5,2025-10-01,6,2,1,349.0,150.0,0.0
15394,13725,1,2025-10-01,9,1,1,299.0,129.0,0.0
15395,13885,1,2025-10-01,7,3,1,269.1,129.0,29.9
15396,13886,5,2025-10-01,2,5,1,349.0,150.0,0.0
15397,13887,1,2025-10-01,4,4,1,299.0,129.0,0.0
15398,13888,4,2025-10-01,1,1,1,349.0,150.0,0.0
15399,13889,4,2025-10-01,1,2,1,349.0,150.0,0.0
15400,13890,5,2025-10-01,2,1,1,349.0,150.0,0.0
15401,13891,5,2025-10-01,3,1,1,314.1,150.0,34.9
15402,13892,4,2025-10-01,5,1,1,349.0,150.0,0.0
15403,13893,1,2025-10-01,8,2,1,299.0,129.0,0.0
15404,13894,2,2025-10-01,1,4,1,269.1,129.0,29.9
15405,13895,3,2025-10-01,3,5,1,329.0,142.0,0.0
15406,13896,3,2025-10-01,7,1,1,329.0,142.0,0.0
15407,13897,4,2025-10-01,3,1,1,349.0,150.0,0.0
15408,13898,5,2025-10-01,3,2,1,349.0,150.0,0.0
15409,13899,6,2025-10-01,1,3,1,499.0,215.0,0.0
15410,13900,1,2025-10-01,1,5,1,299.0,129.0,0.0
15411,13901,5,2025-10-01,2,2,1,296.65,150.0,52.35
15412,13902,3,2025-10-01,1,1,1,329.0,142.0,0.0
15413,13903,6,2025-10-01,1,2,1,449.1,215.0,49.9
15414,13904,5,2025-10-01,2,5,1,349.0,150.0,0.0
15415,13905,5,2025-10-01,1,2,1,349.0,150.0,0.0
15416,13906,1,2025-10-01,6,4,1,254.15,129.0,44.85
15417,13907,4,2025-10-01,7,1,1,314.1,150.0,34.9
15418,13908,6,2025-10-01,2,4,1,424.15,215.0,74.85
15419,13909,6,2025-10-01,2,2,1,449.1,215.0,49.9
15420,13910,3,2025-10-02,4,1,1,329.0,142.0,0.0
15421,13911,4,2025-10-02,1,1,1,314.1,150.0,34.9
15422,13912,2,2025-10-02,5,2,1,299.0,129.0,0.0
15423,13913,6,2025-10-02,6,5,1,499.0,215.0,0.0
15424,13914,5,2025-10-02,8,4,1,349.0,150.0,0.0
15425,13915,2,2025-10-02,1,5,2,254.15,129.0,44.85
15426,13916,1,2025-10-02,3,4,1,254.15,129.0,44.85
15427,13917,5,2025-10-02,6,1,1,314.1,150.0,34.9
15428,13918,1,2025-10-02,2,2,1,299.0,129.0,0.0
15429,10791,1,2025-10-02,3,3,1,299.0,129.0,0.0
15430,13919,3,2025-10-02,5,1,1,329.0,142.0,0.0
15431,13920,3,2025-10-02,2,5,1,329.0,142.0,0.0
15432,13921,1,2025-10-02,4,5,1,299.0,129.0,0.0
15433,13922,4,2025-10-02,1,1,1,349.0,150.0,0.0
15434,1671,4,2025-10-02,1,2,1,349.0,150.0,0.0
15435,13923,6,2025-10-02,,2,2,499.0,215.0,0.0
15436,12166,4,2025-10-02,2,1,2,349.0,150.0,0.0
15437,13924,4,2025-10-02,1,1,2,296.65,150.0,52.35
15438,13925,4,2025-10-02,1,1,1,349.0,150.0,0.0
15439,13926,5,2025-10-02,4,1,1,349.0,150.0,0.0
15440,13927,3,2025-10-02,3,2,1,329.0,142.0,0.0
15441,13928,2,2025-10-02,2,5,1,269.1,129.0,29.9
15442,13929,6,2025-10-02,3,1,1,424.15,215.0,74.85
15443,13930,3,2025-10-02,3,5,1,329.0,142.0,0.0
15444,7537,6,2025-10-02,5,2,1,499.0,215.0,0.0
15445,13931,4,2025-10-02,3,5,2,296.65,150.0,52.35
15446,13932,2,2025-10-02,5,1,1,269.1,129.0,29.9
15447,13933,5,2025-10-02,4,5,2,349.0,150.0,0.0
15448,13934,3,2025-10-02,1,1,1,296.1,142.0,32.9
15449,13935,4,2025-10-02,1,3,1,349.0,150.0,0.0
15450,3201,4,2025-10-02,3,1,1,349.0,150.0,0.0
15451,13936,1,2025-10-02,2,4,1,299.0,129.0,0.0
15452,13937,3,2025-10-02,4,3,1,296.1,142.0,32.9
15453,13938,1,2025-10-02,7,2,1,299.0,129.0,0.0
15454,13939,4,2025-10-02,2,2,1,349.0,150.0,0.0
15455,13940,4,2025-10-02,2,2,1,296.65,150.0,52.35
15456,13941,5,2025-10-02,8,1,1,314.1,150.0,34.9
15457,13942,4,2025-10-02,1,1,1,314.1,150.0,34.9
15458,13943,4,2025-10-02,1,1,1,349.0,150.0,0.0
15459,13944,4,2025-10-02,7,5,1,349.0,150.0,0.0
15460,13945,2,2025-10-02,6,1,2,299.0,129.0,0.0
15461,13946,4,2025-10-02,2,4,2,349.0,150.0,0.0
15462,13947,4,2025-10-03,5,1,1,349.0,150.0,0.0
15463,13948,5,2025-10-03,5,1,1,349.0,150.0,0.0
15464,7140,5,2025-10-03,2,1,1,349.0,150.0,0.0
15465,13949,4,2025-10-03,2,3,1,314.1,150.0,34.9
15466,13950,5,2025-10-03,5,3,1,349.0,150.0,0.0
15467,13951,5,2025-10-03,3,3,1,349.0,150.0,0.0
15468,13952,4,2025-10-03,7,2,1,349.0,150.0,0.0
15469,13953,2,2025-10-03,1,1,1,299.0,129.0,0.0
15470,13954,1,2025-10-03,1,2,1,269.1,129.0,29.9
15471,13955,4,2025-10-03,5,2,1,349.0,150.0,0.0
15472,13956,6,2025-10-03,4,1,1,499.0,215.0,0.0
15473,13957,1,2025-10-03,5,3,1,254.15,129.0,44.85
15474,13958,1,2025-10-03,,1,1,299.0,129.0,0.0
15475,13959,1,2025-10-03,1,3,1,254.15,129.0,44.85
15476,13960,5,2025-10-03,3,4,1,349.0,150.0,0.0
15477,13961,3,2025-10-03,1,3,1,329.0,142.0,0.0
15478,13962,1,2025-10-03,2,3,1,299.0,129.0,0.0
15479,13963,2,2025-10-03,2,2,1,299.0,129.0,0.0
15480,13964,4,2025-10-03,4,2,2,349.0,150.0,0.0
15481,13965,2,2025-10-03,3,2,1,269.1,129.0,29.9
15482,13966,5,2025-10-03,3,2,1,349.0,150.0,0.0
15483,13967,1,2025-10-03,2,1,1,299.0,129.0,0.0
15484,8039,5,2025-10-03,6,1,1,296.65,150.0,52.35
15485,13968,4,2025-10-03,3,1,1,314.1,150.0,34.9
15486,13969,5,2025-10-03,3,1,1,349.0,150.0,0.0
15487,13970,6,2025-10-03,3,2,1,499.0,215.0,0.0
15488,13971,4,2025-10-03,2,1,1,349.0,150.0,0.0
15489,13972,4,2025-10-03,3,1,1,314.1,150.0,34.9
15490,13973,4,2025-10-03,3,3,1,349.0,150.0,0.0
15491,13974,1,2025-10-03,3,3,2,299.0,129.0,0.0
15492,13975,2,2025-10-03,5,4,1,269.1,129.0,29.9
15493,13976,1,2025-10-03,6,5,1,299.0,129.0,0.0
15494,13977,4,2025-10-03,6,1,1,349.0,150.0,0.0
15495,13978,3,2025-10-03,4,4,1,329.0,142.0,0.0
15496,13979,2,2025-10-03,3,3,1,299.0,129.0,0.0
15497,13980,4,2025-10-03,3,4,1,314.1,150.0,34.9
15498,7251,4,2025-10-03,4,4,1,349.0,150.0,0.0
15499,13981,1,2025-10-03,2,3,1,254.15,129.0,44.85
15500,13982,6,2025-10-04,8,1,1,499.0,215.0,0.0
15501,13983,5,2025-10-04,1,5,1,314.1,150.0,34.9
15502,13984,1,2025-10-04,4,5,1,299.0,129.0,0.0
15503,13985,5,2025-10-04,3,2,1,296.65,150.0,52.35
15504,13986,4,2025-10-04,5,3,1,349.0,150.0,0.0
15505,13987,2,2025-10-04,4,3,1,299.0,129.0,0.0
15506,13988,2,2025-10-04,1,3,1,254.15,129.0,44.85
15507,13989,3,2025-10-04,3,1,1,329.0,142.0,0.0
15508,13990,4,2025-10-04,7,2,2,349.0,150.0,0.0
15509,13991,2,2025-10-04,,1,1,299.0,129.0,0.0
15510,13992,6,2025-10-04,2,1,1,499.0,215.0,0.0
15511,13993,3,2025-10-04,1,3,1,279.65,142.0,49.35
15512,13994,5,2025-10-04,6,1,1,314.1,150.0,34.9
15513,13995,4,2025-10-04,2,4,1,349.0,150.0,0.0
15514,13996,4,2025-10-04,3,2,1,296.65,150.0,52.35
15515,13997,4,2025-10-04,,1,1,314.1,150.0,34.9
15516,13998,2,2025-10-04,4,1,1,299.0,129.0,0.0
15517,13999,4,2025-10-04,3,4,1,296.65,150.0,52.35
15518,14000,5,2025-10-04,7,1,1,314.1,150.0,34.9
15519,14001,6,2025-10-04,6,4,2,424.15,215.0,74.85
15520,14002,1,2025-10-04,6,1,1,299.0,129.0,0.0
15521,14003,1,2025-10-04,4,2,1,299.0,129.0,0.0
15522,14004,5,2025-10-04,8,5,1,349.0,150.0,0.0
15523,14005,5,2025-10-04,1,5,1,349.0,150.0,0.0
15524,14006,2,2025-10-04,2,2,1,299.0,129.0,0.0
15525,14007,4,2025-10-04,5,2,1,349.0,150.0,0.0
15526,14008,4,2025-10-04,3,2,1,349.0,150.0,0.0
15527,14009,4,2025-10-04,1,1,1,314.1,150.0,34.9
15528,14010,5,2025-10-04,1,3,1,314.1,150.0,34.9
15529,14011,5,2025-10-04,3,2,1,349.0,150.0,0.0
15530,6369,3,2025-10-04,1,2,1,329.0,142.0,0.0
15531,14012,2,2025-10-04,5,1,1,299.0,129.0,0.0
15532,14013,5,2025-10-04,7,3,1,314.1,150.0,34.9
15533,14014,4,2025-10-04,1,2,2,349.0,150.0,0.0
15534,14015,3,2025-10-04,1,4,1,329.0,142.0,0.0
15535,3513,5,2025-10-05,1,4,1,349.0,150.0,0.0
15536,14016,5,2025-10-05,5,2,1,314.1,150.0,34.9
15537,14017,3,2025-10-05,1,1,2,329.0,142.0,0.0
15538,772,2,2025-10-05,1,1,1,299.0,129.0,0.0
15539,14018,5,2025-10-05,6,1,1,349.0,150.0,0.0
15540,14019,4,2025-10-05,1,3,1,349.0,150.0,0.0
15541,14020,5,2025-10-05,5,3,1,296.65,150.0,52.35
15542,14021,1,2025-10-05,1,2,1,299.0,129.0,0.0
15543,14022,4,2025-10-05,2,3,1,296.65,150.0,52.35
15544,14023,3,2025-10-05,5,3,1,329.0,142.0,0.0
15545,14024,2,2025-10-05,9,2,1,299.0,129.0,0.0
15546,14025,5,2025-10-05,1,3,1,349.0,150.0,0.0
15547,14026,5,2025-10-05,3,1,1,296.65,150.0,52.35
15548,14027,4,2025-10-05,1,2,1,349.0,150.0,0.0
15549,14028,5,2025-10-05,3,4,1,349.0,150.0,0.0
15550,14029,2,2025-10-05,1,2,1,254.15,129.0,44.85
15551,6485,5,2025-10-05,4,5,1,349.0,150.0,0.0
15552,14030,1,2025-10-05,4,2,1,254.15,129.0,44.85
15553,14031,2,2025-10-05,1,2,1,299.0,129.0,0.0
15554,14032,4,2025-10-05,1,3,1,349.0,150.0,0.0
15555,14033,5,2025-10-05,1,5,2,349.0,150.0,0.0
15556,14034,4,2025-10-05,1,3,1,349.0,150.0,0.0
15557,14035,3,2025-10-05,9,2,1,279.65,142.0,49.35
15558,14036,4,2025-10-05,5,1,1,349.0,150.0,0.0
15559,14037,2,2025-10-05,7,3,1,299.0,129.0,0.0
15560,14038,3,2025-10-05,2,2,0,329.0,142.0,0.0
15561,14039,4,2025-10-05,2,3,1,349.0,150.0,0.0
15562,14040,4,2025-10-05,1,5,1,349.0,150.0,0.0
15563,14041,5,2025-10-05,2,1,1,349.0,150.0,0.0
15564,14042,1,2025-10-05,3,2,1,299.0,129.0,0.0
15565,14043,5,2025-10-05,2,5,1,314.1,150.0,34.9
15566,14044,3,2025-10-05,1,1,1,279.65,142.0,49.35
15567,14045,4,2025-10-05,7,5,1,349.0,150.0,0.0
15568,14046,4,2025-10-05,3,1,1,296.65,150.0,52.35
15569,12988,4,2025-10-05,3,2,1,349.0,150.0,0.0
15570,14047,4,2025-10-05,2,2,1,349.0,150.0,0.0
15571,14048,6,2025-10-05,1,1,1,499.0,215.0,0.0
15572,13781,4,2025-10-05,2,3,1,314.1,150.0,34.9
15573,14049,4,2025-10-05,3,2,1,349.0,150.0,0.0
15574,14050,6,2025-10-05,2,1,1,499.0,215.0,0.0
15575,14051,5,2025-10-05,6,5,1,349.0,150.0,0.0
15576,8418,6,2025-10-05,1,3,1,449.1,215.0,49.9
15577,14052,5,2025-10-06,5,3,1,349.0,150.0,0.0
15578,14053,4,2025-10-06,1,1,1,314.1,150.0,34.9
15579,14054,2,2025-10-06,1,5,1,299.0,129.0,0.0
15580,14055,6,2025-10-06,1,1,1,499.0,215.0,0.0
15581,14056,5,2025-10-06,3,3,1,349.0,150.0,0.0
15582,14057,4,2025-10-06,7,3,1,349.0,150.0,0.0
15583,14058,3,2025-10-06,1,1,1,329.0,142.0,0.0
15584,14059,4,2025-10-06,1,1,1,296.65,150.0,52.35
15585,14060,4,2025-10-06,7,1,1,349.0,150.0,0.0
15586,14061,5,2025-10-06,3,1,1,349.0,150.0,0.0
15587,172,4,2025-10-06,4,5,1,314.1,150.0,34.9
15588,14062,5,2025-10-06,1,2,1,349.0,150.0,0.0
15589,14063,2,2025-10-06,2,2,1,299.0,129.0,0.0
15590,14064,2,2025-10-06,1,2,1,299.0,129.0,0.0
15591,14065,3,2025-10-06,1,5,1,329.0,142.0,0.0
15592,14066,5,2025-10-06,2,1,2,314.1,150.0,34.9
15593,14067,4,2025-10-06,8,5,1,349.0,150.0,0.0
15594,14068,4,2025-10-06,3,2,1,296.65,150.0,52.35
15595,14069,5,2025-10-06,2,1,1,349.0,150.0,0.0
15596,14070,3,2025-10-06,5,4,1,329.0,142.0,0.0
15597,14071,4,2025-10-06,3,4,1,349.0,150.0,0.0
15598,14072,4,2025-10-06,7,5,1,349.0,150.0,0.0
15599,14073,2,2025-10-06,3,2,1,299.0,129.0,0.0
15600,14074,5,2025-10-06,3,2,1,314.1,150.0,34.9
15601,14075,4,2025-10-06,2,3,1,349.0,150.0,0.0
15602,14076,3,2025-10-06,4,2,1,296.1,142.0,32.9
15603,14077,3,2025-10-06,2,4,1,329.0,142.0,0.0
15604,14078,2,2025-10-06,1,2,1,299.0,129.0,0.0
15605,14079,1,2025-10-06,8,5,1,299.0,129.0,0.0
15606,11228,4,2025-10-06,8,1,1,314.1,150.0,34.9
15607,14080,5,2025-10-06,1,1,1,349.0,150.0,0.0
15608,14081,5,2025-10-06,1,1,1,349.0,150.0,0.0
15609,14082,3,2025-10-06,3,1,1,329.0,142.0,0.0
15610,14083,4,2025-10-06,1,1,1,349.0,150.0,0.0
15611,14084,4,2025-10-06,4,5,1,296.65,150.0,52.35
15612,14085,4,2025-10-06,4,1,2,349.0,150.0,0.0
15613,14086,6,2025-10-06,1,2,2,499.0,215.0,0.0
15614,14087,4,2025-10-06,5,1,1,314.1,150.0,34.9
15615,14088,5,2025-10-06,3,2,1,349.0,150.0,0.0
15616,14089,4,2025-10-07,1,2,1,314.1,150.0,34.9
15617,14090,5,2025-10-07,5,5,1,349.0,150.0,0.0
15618,14091,4,2025-10-07,6,2,1,314.1,150.0,34.9
15619,3749,1,2025-10-07,8,1,1,299.0,129.0,0.0
15620,14092,4,2025-10-07,,4,1,349.0,150.0,0.0
15621,14093,5,2025-10-07,,4,1,349.0,150.0,0.0
15622,14094,4,2025-10-07,3,4,1,349.0,150.0,0.0
15623,14095,5,2025-10-07,3,1,1,314.1,150.0,34.9
15624,6213,1,2025-10-07,8,1,1,299.0,129.0,0.0
15625,13807,6,2025-10-07,4,5,1,499.0,215.0,0.0
15626,388,2,2025-10-07,3,2,1,254.15,129.0,44.85
15627,14096,5,2025-10-07,7,2,2,349.0,150.0,0.0
15628,14097,5,2025-10-07,3,2,1,349.0,150.0,0.0
15629,14098,1,2025-10-07,7,5,1,269.1,129.0,29.9
15630,14099,6,2025-10-07,5,2,1,499.0,215.0,0.0
15631,14100,4,2025-10-07,3,2,1,314.1,150.0,34.9
15632,4617,3,2025-10-07,7,1,1,329.0,142.0,0.0
15633,14101,5,2025-10-07,3,1,1,349.0,150.0,0.0
15634,14102,1,2025-10-07,3,1,1,299.0,129.0,0.0
15635,14103,3,2025-10-07,3,1,1,279.65,142.0,49.35
15636,14104,5,2025-10-07,5,3,1,349.0,150.0,0.0
15637,14105,6,2025-10-07,2,1,1,499.0,215.0,0.0
15638,14106,3,2025-10-07,3,5,1,329.0,142.0,0.0
15639,14107,4,2025-10-07,7,1,1,349.0,150.0,0.0
15640,3789,6,2025-10-07,7,3,1,499.0,215.0,0.0
15641,14108,4,2025-10-07,1,1,1,349.0,150.0,0.0
15642,14109,3,2025-10-07,1,2,1,329.0,142.0,0.0
15643,14110,5,2025-10-07,4,1,1,349.0,150.0,0.0
15644,14111,1,2025-10-07,2,5,1,254.15,129.0,44.85
15645,14112,3,2025-10-07,5,2,1,329.0,142.0,0.0
15646,14113,2,2025-10-07,3,1,1,299.0,129.0,0.0
15647,14114,4,2025-10-07,1,2,1,349.0,150.0,0.0
15648,14115,5,2025-10-07,5,3,1,349.0,150.0,0.0
15649,14116,5,2025-10-07,8,2,1,349.0,150.0,0.0
15650,14117,4,2025-10-07,1,5,1,349.0,150.0,0.0
15651,14118,5,2025-10-07,6,1,1,349.0,150.0,0.0
15652,14119,6,2025-10-07,3,1,1,499.0,215.0,0.0
15653,14120,5,2025-10-07,2,2,1,349.0,150.0,0.0
15654,14121,3,2025-10-07,3,1,1,329.0,142.0,0.0
15655,14122,4,2025-10-07,3,1,1,349.0,150.0,0.0
15656,14123,5,2025-10-08,3,3,2,349.0,150.0,0.0
15657,14124,4,2025-10-08,1,1,1,349.0,150.0,0.0
15658,10295,5,2025-10-08,2,2,2,349.0,150.0,0.0
15659,14125,4,2025-10-08,1,1,1,296.65,150.0,52.35
15660,14126,5,2025-10-08,1,3,1,314.1,150.0,34.9
15661,14127,6,2025-10-08,5,5,1,499.0,215.0,0.0
15662,14128,1,2025-10-08,6,2,1,299.0,129.0,0.0
15663,90375,2,2025-10-08,5,2,1,299.0,129.0,0.0
15664,14130,3,2025-10-08,1,3,1,279.65,142.0,49.35
15665,14131,5,2025-10-08,1,1,2,349.0,150.0,0.0
15666,14132,2,2025-10-08,3,4,1,299.0,129.0,0.0
15667,14133,4,2025-10-08,1,1,1,349.0,150.0,0.0
15668,14134,4,2025-10-08,5,5,1,349.0,150.0,0.0
15669,14135,1,2025-10-08,1,1,1,299.0,129.0,0.0
15670,14136,1,2025-10-08,1,3,2,299.0,129.0,0.0
15671,14137,2,2025-10-08,8,2,1,299.0,129.0,0.0
15672,14138,6,2025-10-08,6,3,1,499.0,215.0,0.0
15673,14139,6,2025-10-08,2,1,1,499.0,215.0,0.0
15674,14140,4,2025-10-08,5,2,1,349.0,150.0,0.0
15675,14141,3,2025-10-08,3,5,1,329.0,142.0,0.0
15676,14142,6,2025-10-08,1,3,1,499.0,215.0,0.0
15677,14143,3,2025-10-08,1,1,1,329.0,142.0,0.0
15678,14144,1,2025-10-08,4,4,1,299.0,129.0,0.0
15679,14145,4,2025-10-08,3,3,1,349.0,150.0,0.0
15680,14146,4,2025-10-08,3,1,1,349.0,150.0,0.0
15681,14147,2,2025-10-08,1,1,1,269.1,129.0,29.9
15682,14148,2,2025-10-08,6,1,1,269.1,129.0,29.9
15683,14149,2,2025-10-08,3,4,1,269.1,129.0,29.9
15684,14150,5,2025-10-08,4,2,2,349.0,150.0,0.0
15685,14151,3,2025-10-08,4,5,1,329.0,142.0,0.0
15686,14152,1,2025-10-08,2,1,1,299.0,129.0,0.0
15687,14153,4,2025-10-08,1,2,1,349.0,150.0,0.0
15688,14154,1,2025-10-08,5,3,1,299.0,129.0,0.0
15689,14155,5,2025-10-08,2,1,1,349.0,150.0,0.0
15690,14156,4,2025-10-08,5,2,1,349.0,150.0,0.0
15691,14157,1,2025-10-08,1,3,1,299.0,129.0,0.0
15692,14158,1,2025-10-08,1,2,1,299.0,129.0,0.0
15693,12465,5,2025-10-08,5,1,1,349.0,150.0,0.0
15694,14159,1,2025-10-08,1,4,1,299.0,129.0,0.0
15695,14160,5,2025-10-08,8,2,1,314.1,150.0,34.9
15696,14161,4,2025-10-08,2,2,1,296.65,150.0,52.35
15697,14162,4,2025-10-08,4,2,1,349.0,150.0,0.0
15698,14163,5,2025-10-09,3,3,1,349.0,150.0,0.0
15699,14164,5,2025-10-09,3,2,1,349.0,150.0,0.0
15700,14165,5,2025-10-09,3,5,1,349.0,150.0,0.0
15701,14166,5,2025-10-09,5,1,1,296.65,150.0,52.35
15702,14167,2,2025-10-09,1,4,1,269.1,129.0,29.9
15703,14168,3,2025-10-09,1,2,1,329.0,142.0,0.0
15704,14169,6,2025-10-09,1,2,1,424.15,215.0,74.85
15705,14170,1,2025-10-09,1,1,1,299.0,129.0,0.0
15706,14171,5,2025-10-09,1,3,1,349.0,150.0,0.0
15707,4891,2,2025-10-09,1,4,1,299.0,129.0,0.0
15708,14172,3,2025-10-09,4,3,1,329.0,142.0,0.0
15709,14173,5,2025-10-09,1,4,1,349.0,150.0,0.0
15710,14174,2,2025-10-09,2,1,1,269.1,129.0,29.9
15711,7748,4,2025-10-09,5,1,1,349.0,150.0,0.0
15712,14175,3,2025-10-09,5,1,1,329.0,142.0,0.0
15713,14176,2,2025-10-09,3,2,1,299.0,129.0,0.0
15714,14177,3,2025-10-09,1,3,1,329.0,142.0,0.0
15715,14178,5,2025-10-09,1,2,1,349.0,150.0,0.0
15716,14179,5,2025-10-09,2,2,1,314.1,150.0,34.9
15717,14180,4,2025-10-09,2,2,1,349.0,150.0,0.0
15718,14181,6,2025-10-09,3,3,1,449.1,215.0,49.9
15719,14182,5,2025-10-09,4,3,1,349.0,150.0,0.0
15720,14183,5,2025-10-09,5,2,2,349.0,150.0,0.0
15721,8589,6,2025-10-09,7,1,1,499.0,215.0,0.0
15722,14184,2,2025-10-09,1,1,1,269.1,129.0,29.9
15723,14185,5,2025-10-09,8,1,1,314.1,150.0,34.9
15724,14186,5,2025-10-09,3,5,1,349.0,150.0,0.0
15725,14187,6,2025-10-09,1,4,1,499.0,215.0,0.0
15726,14188,4,2025-10-09,3,5,1,349.0,150.0,0.0
15727,14189,3,2025-10-09,9,1,1,329.0,142.0,0.0
15728,14190,2,2025-10-09,1,1,1,254.15,129.0,44.85
15729,14191,6,2025-10-09,2,2,1,499.0,215.0,0.0
15730,14192,2,2025-10-09,2,1,1,254.15,129.0,44.85
15731,14193,3,2025-10-09,1,3,2,329.0,142.0,0.0
15732,10562,2,2025-10-09,5,3,1,299.0,129.0,0.0
15733,14194,6,2025-10-09,3,1,1,499.0,215.0,0.0
15734,14195,2,2025-10-09,1,4,1,299.0,129.0,0.0
15735,14196,4,2025-10-09,1,2,2,349.0,150.0,0.0
15736,14197,1,2025-10-10,1,4,2,299.0,129.0,0.0
15737,14198,5,2025-10-10,7,2,1,349.0,150.0,0.0
15738,14199,5,2025-10-10,2,2,1,314.1,150.0,34.9
15739,14200,4,2025-10-10,3,1,1,349.0,150.0,0.0
15740,14201,4,2025-10-10,1,1,1,349.0,150.0,0.0
15741,14202,2,2025-10-10,1,5,1,299.0,129.0,0.0
15742,14203,1,2025-10-10,3,2,1,299.0,129.0,0.0
15743,10470,1,2025-10-10,4,3,1,299.0,129.0,0.0
15744,14204,1,2025-10-10,3,2,1,299.0,129.0,0.0
15745,14205,2,2025-10-10,3,4,1,299.0,129.0,0.0
15746,14206,3,2025-10-10,7,2,1,329.0,142.0,0.0
15747,14207,1,2025-10-10,4,4,1,299.0,129.0,0.0
15748,14208,5,2025-10-10,,5,1,296.65,150.0,52.35
15749,14209,6,2025-10-10,6,4,1,499.0,215.0,0.0
15750,14210,1,2025-10-10,2,5,1,299.0,129.0,0.0
15751,14211,5,2025-10-10,1,2,1,349.0,150.0,0.0
15752,14212,4,2025-10-10,1,1,1,349.0,150.0,0.0
15753,14213,4,2025-10-10,4,4,2,349.0,150.0,0.0
15754,14214,4,2025-10-10,2,5,1,349.0,150.0,0.0
15755,14215,4,2025-10-10,1,5,1,349.0,150.0,0.0
15756,14216,1,2025-10-10,6,1,1,299.0,129.0,0.0
15757,14217,6,2025-10-10,1,1,1,499.0,215.0,0.0
15758,14218,4,2025-10-10,8,3,1,349.0,150.0,0.0
15759,14219,4,2025-10-10,4,1,1,349.0,150.0,0.0
15760,14220,4,2025-10-10,1,1,1,349.0,150.0,0.0
15761,14221,3,2025-10-10,1,1,1,329.0,142.0,0.0
15762,14222,4,2025-10-10,1,5,1,314.1,150.0,34.9
15763,1090,6,2025-10-10,1,2,1,499.0,215.0,0.0
15764,12557,4,2025-10-10,8,1,1,314.1,150.0,34.9
15765,14223,3,2025-10-10,1,2,1,329.0,142.0,0.0
15766,14224,1,2025-10-10,2,2,1,299.0,129.0,0.0
15767,14225,5,2025-10-10,7,2,1,349.0,150.0,0.0
15768,14226,2,2025-10-10,3,1,1,299.0,129.0,0.0
15769,14227,4,2025-10-10,5,5,1,296.65,150.0,52.35
15770,11510,4,2025-10-10,5,2,1,349.0,150.0,0.0
15771,14228,4,2025-10-10,6,4,1,296.65,150.0,52.35
15772,14229,3,2025-10-10,1,1,1,329.0,142.0,0.0
15773,14230,1,2025-10-10,4,5,1,299.0,129.0,0.0
15774,14231,3,2025-10-10,7,1,2,329.0,142.0,0.0
15775,14232,3,2025-10-10,1,2,1,296.1,142.0,32.9
15776,14233,5,2025-10-11,8,5,1,349.0,150.0,0.0
15777,14234,5,2025-10-11,7,2,1,314.1,150.0,34.9
15778,14235,2,2025-10-11,1,4,1,269.1,129.0,29.9
15779,14236,5,2025-10-11,1,2,1,349.0,150.0,0.0
15780,14237,1,2025-10-11,1,1,2,299.0,129.0,0.0
15781,11026,4,2025-10-11,3,3,1,349.0,150.0,0.0
15782,14238,5,2025-10-11,3,1,1,349.0,150.0,0.0
15783,14239,5,2025-10-11,2,1,1,349.0,150.0,0.0
15784,2057,6,2025-10-11,1,1,1,499.0,215.0,0.0
15785,14240,5,2025-10-11,3,3,2,349.0,150.0,0.0
15786,14241,4,2025-10-11,5,1,1,349.0,150.0,0.0
15787,14242,3,2025-10-11,2,2,1,279.65,142.0,49.35
15788,721,2,2025-10-11,3,2,1,269.1,129.0,29.9
15789,12580,4,2025-10-11,3,2,0,349.0,150.0,0.0
15790,14243,5,2025-10-11,1,2,1,314.1,150.0,34.9
15791,14244,5,2025-10-11,7,1,1,349.0,150.0,0.0
15792,7730,1,2025-10-11,1,3,1,299.0,129.0,0.0
15793,6006,4,2025-10-11,5,2,1,314.1,150.0,34.9
15794,14245,5,2025-10-11,2,1,1,349.0,150.0,0.0
15795,14246,5,2025-10-11,3,1,1,349.0,150.0,0.0
15796,14247,2,2025-10-11,4,5,1,299.0,129.0,0.0
15797,14248,5,2025-10-11,4,3,1,349.0,150.0,0.0
15798,14249,4,2025-10-11,7,3,1,349.0,150.0,0.0
15799,14250,3,2025-10-11,1,5,1,329.0,142.0,0.0
15800,14251,4,2025-10-11,3,1,1,349.0,150.0,0.0
15801,14252,1,2025-10-11,1,5,2,299.0,129.0,0.0
15802,14253,4,2025-10-11,1,1,1,349.0,150.0,0.0
15803,14254,6,2025-10-11,9,1,1,499.0,215.0,0.0
15804,14255,2,2025-10-11,1,1,1,299.0,129.0,0.0
15805,14256,4,2025-10-11,4,4,1,314.1,150.0,34.9
15806,14257,4,2025-10-11,5,2,1,349.0,150.0,0.0
15807,14258,2,2025-10-11,1,1,1,269.1,129.0,29.9
15808,14259,4,2025-10-11,5,1,1,349.0,150.0,0.0
15809,14260,4,2025-10-11,3,1,1,349.0,150.0,0.0
15810,14261,4,2025-10-11,2,4,1,349.0,150.0,0.0
15811,14262,3,2025-10-11,1,5,1,329.0,142.0,0.0
15812,445,1,2025-10-11,6,4,1,299.0,129.0,0.0
15813,14263,2,2025-10-11,3,2,2,299.0,129.0,0.0
15814,14264,5,2025-10-11,1,1,1,314.1,150.0,34.9
15815,14265,5,2025-10-11,2,3,1,349.0,150.0,0.0
15816,14266,2,2025-10-12,5,2,2,299.0,129.0,0.0
15817,14267,5,2025-10-12,5,1,1,314.1,150.0,34.9
15818,14268,3,2025-10-12,3,1,1,329.0,142.0,0.0
15819,14269,3,2025-10-12,4,1,1,329.0,142.0,0.0
15820,14270,2,2025-10-12,5,2,1,299.0,129.0,0.0
15821,14271,2,2025-10-12,2,3,1,299.0,129.0,0.0
15822,14272,1,2025-10-12,1,1,1,299.0,129.0,0.0
15823,14273,3,2025-10-12,6,2,1,329.0,142.0,0.0
15824,14274,2,2025-10-12,3,1,1,299.0,129.0,0.0
15825,14275,4,2025-10-12,7,2,2,349.0,150.0,0.0
15826,14276,5,2025-10-12,2,5,1,314.1,150.0,34.9
15827,14277,3,2025-10-12,3,1,1,296.1,142.0,32.9
15828,14278,2,2025-10-12,8,3,2,299.0,129.0,0.0
15829,14279,4,2025-10-12,4,1,1,349.0,150.0,0.0
15830,14280,1,2025-10-12,4,2,2,299.0,129.0,0.0
15831,14281,4,2025-10-12,3,3,1,349.0,150.0,0.0
15832,14282,2,2025-10-12,1,2,2,299.0,129.0,0.0
15833,14283,6,2025-10-12,2,1,1,499.0,215.0,0.0
15834,14284,2,2025-10-12,7,2,1,299.0,129.0,0.0
15835,14285,5,2025-10-12,4,1,1,349.0,150.0,0.0
15836,14286,1,2025-10-12,5,1,2,269.1,129.0,29.9
15837,14287,1,2025-10-12,1,4,1,299.0,129.0,0.0
15838,14288,5,2025-10-12,4,1,1,349.0,150.0,0.0
15839,14289,2,2025-10-12,1,1,1,299.0,129.0,0.0
15840,14290,1,2025-10-12,3,1,1,254.15,129.0,44.85
15841,14291,1,2025-10-12,1,1,1,299.0,129.0,0.0
15842,14292,2,2025-10-12,8,2,1,299.0,129.0,0.0
15843,14293,5,2025-10-12,3,1,1,349.0,150.0,0.0
15844,14294,2,2025-10-12,1,5,1,299.0,129.0,0.0
15845,14295,5,2025-10-12,5,4,1,314.1,150.0,34.9
15846,14296,5,2025-10-12,1,4,1,314.1,150.0,34.9
15847,14297,4,2025-10-12,3,2,1,349.0,150.0,0.0
15848,14298,6,2025-10-12,5,1,1,424.15,215.0,74.85
15849,14299,5,2025-10-12,3,5,1,349.0,150.0,0.0
15850,14300,5,2025-10-12,3,1,1,349.0,150.0,0.0
15851,14301,6,2025-10-12,1,1,1,499.0,215.0,0.0
15852,14302,5,2025-10-12,4,2,1,349.0,150.0,0.0
15853,220,2,2025-10-12,2,1,1,299.0,129.0,0.0
15854,14303,5,2025-10-12,5,2,1,349.0,150.0,0.0
15855,14304,6,2025-10-12,5,2,2,499.0,215.0,0.0
15856,14305,1,2025-10-12,5,2,1,269.1,129.0,29.9
15857,14306,5,2025-10-13,7,2,1,349.0,150.0,0.0
15858,14307,2,2025-10-13,2,5,1,299.0,129.0,0.0
15859,14308,4,2025-10-13,2,1,1,349.0,150.0,0.0
15860,14309,5,2025-10-13,3,2,1,314.1,150.0,34.9
15861,14310,5,2025-10-13,3,2,1,314.1,150.0,34.9
15862,14311,1,2025-10-13,1,5,1,299.0,129.0,0.0
15863,14312,1,2025-10-13,5,5,1,299.0,129.0,0.0
15864,14313,4,2025-10-13,6,1,1,349.0,150.0,0.0
15865,14314,5,2025-10-13,3,2,1,349.0,150.0,0.0
15866,14315,1,2025-10-13,3,2,1,299.0,129.0,0.0
15867,14316,5,2025-10-13,5,3,1,296.65,150.0,52.35
15868,14317,3,2025-10-13,1,1,1,296.1,142.0,32.9
15869,14318,2,2025-10-13,1,2,2,299.0,129.0,0.0
15870,3537,5,2025-10-13,7,2,1,349.0,150.0,0.0
15871,14319,5,2025-10-13,,5,1,349.0,150.0,0.0
15872,14320,4,2025-10-13,6,1,1,349.0,150.0,0.0
15873,14321,4,2025-10-13,8,4,1,296.65,150.0,52.35
15874,14322,1,2025-10-13,3,3,1,299.0,129.0,0.0
15875,14323,5,2025-10-13,2,1,1,349.0,150.0,0.0
15876,14324,3,2025-10-13,1,1,2,296.1,142.0,32.9
15877,14325,2,2025-10-13,8,3,1,299.0,129.0,0.0
15878,14326,1,2025-10-13,5,1,1,299.0,129.0,0.0
15879,14327,4,2025-10-13,1,2,1,349.0,150.0,0.0
15880,14328,4,2025-10-13,5,1,1,314.1,150.0,34.9
15881,14329,3,2025-10-13,3,1,1,279.65,142.0,49.35
15882,14330,6,2025-10-13,5,3,1,499.0,215.0,0.0
15883,14331,4,2025-10-13,5,1,1,349.0,150.0,0.0
15884,14332,6,2025-10-13,3,1,1,499.0,215.0,0.0
15885,14333,3,2025-10-13,1,1,1,329.0,142.0,0.0
15886,14334,1,2025-10-13,1,4,1,299.0,129.0,0.0
15887,14335,6,2025-10-13,1,3,1,424.15,215.0,74.85
15888,14336,4,2025-10-13,5,1,1,349.0,150.0,0.0
15889,14337,4,2025-10-13,3,1,1,296.65,150.0,52.35
15890,14338,3,2025-10-13,3,1,1,329.0,142.0,0.0
15891,14339,6,2025-10-13,1,1,1,449.1,215.0,49.9
15892,14340,4,2025-10-13,1,2,1,296.65,150.0,52.35
15893,14341,5,2025-10-13,1,2,1,296.65,150.0,52.35
15894,13010,2,2025-10-13,8,3,1,299.0,129.0,0.0
15895,14342,6,2025-10-13,2,3,1,499.0,215.0,0.0
15896,14343,2,2025-10-14,3,1,1,299.0,129.0,0.0
15897,14344,2,2025-10-14,3,2,1,299.0,129.0,0.0
15898,8737,4,2025-10-14,4,2,1,296.65,150.0,52.35
15899,14345,3,2025-10-14,1,1,1,329.0,142.0,0.0
15900,14346,5,2025-10-14,1,2,1,349.0,150.0,0.0
15901,14347,5,2025-10-14,1,5,1,349.0,150.0,0.0
15902,14348,1,2025-10-14,,5,1,299.0,129.0,0.0
15903,14349,3,2025-10-14,2,2,1,329.0,142.0,0.0
15904,14350,5,2025-10-14,1,4,1,349.0,150.0,0.0
15905,14351,2,2025-10-14,5,1,1,299.0,129.0,0.0
15906,14352,2,2025-10-14,3,1,1,299.0,129.0,0.0
15907,14353,4,2025-10-14,3,1,1,349.0,150.0,0.0
15908,14354,4,2025-10-14,3,4,1,349.0,150.0,0.0
15909,14355,4,2025-10-14,3,2,1,349.0,150.0,0.0
15910,14356,5,2025-10-14,1,1,1,349.0,150.0,0.0
15911,14357,2,2025-10-14,6,5,1,269.1,129.0,29.9
15912,12352,1,2025-10-14,1,1,1,299.0,129.0,0.0
15913,14358,3,2025-10-14,2,3,1,329.0,142.0,0.0
15914,14359,5,2025-10-14,8,1,1,349.0,150.0,0.0
15915,14360,2,2025-10-14,5,1,1,254.15,129.0,44.85
15916,14361,2,2025-10-14,3,4,1,254.15,129.0,44.85
15917,14362,6,2025-10-14,1,2,2,499.0,215.0,0.0
15918,14363,5,2025-10-14,7,1,2,349.0,150.0,0.0
15919,14364,5,2025-10-14,1,1,1,349.0,150.0,0.0
15920,14365,1,2025-10-14,5,3,1,269.1,129.0,29.9
15921,14366,5,2025-10-14,5,4,1,296.65,150.0,52.35
15922,14367,6,2025-10-14,7,3,1,499.0,215.0,0.0
15923,14368,4,2025-10-14,7,5,1,349.0,150.0,0.0
15924,14369,6,2025-10-14,4,5,2,424.15,215.0,74.85
15925,14370,1,2025-10-14,3,1,2,299.0,129.0,0.0
15926,14371,5,2025-10-14,1,3,1,349.0,150.0,0.0
15927,14372,2,2025-10-14,3,1,1,299.0,129.0,0.0
15928,3574,5,2025-10-14,3,4,1,349.0,150.0,0.0
15929,14373,4,2025-10-14,3,3,1,349.0,150.0,0.0
15930,90180,5,2025-10-14,3,2,1,349.0,150.0,0.0
15931,14375,1,2025-10-14,,2,1,299.0,129.0,0.0
15932,14376,1,2025-10-14,1,3,1,299.0,129.0,0.0
15933,14377,3,2025-10-14,3,2,1,329.0,142.0,0.0
15934,14378,2,2025-10-14,2,2,1,299.0,129.0,0.0
15935,14379,3,2025-10-14,1,1,2,329.0,142.0,0.0
15936,14380,6,2025-10-14,3,5,1,499.0,215.0,0.0
15937,14381,5,2025-10-15,2,2,1,349.0,150.0,0.0
15938,14382,5,2025-10-15,1,2,2,349.0,150.0,0.0
15939,14383,4,2025-10-15,4,2,1,349.0,150.0,0.0
15940,5012,1,2025-10-15,3,1,1,299.0,129.0,0.0
15941,14384,4,2025-10-15,3,1,1,349.0,150.0,0.0
15942,14385,2,2025-10-15,9,2,1,254.15,129.0,44.85
15943,14386,6,2025-10-15,8,3,2,499.0,215.0,0.0
15944,7595,1,2025-10-15,6,5,1,299.0,129.0,0.0
15945,14387,5,2025-10-15,1,1,1,349.0,150.0,0.0
15946,14388,4,2025-10-15,4,3,1,349.0,150.0,0.0
15947,14389,5,2025-10-15,3,2,1,349.0,150.0,0.0
15948,14390,2,2025-10-15,5,3,1,269.1,129.0,29.9
15949,14391,2,2025-10-15,7,1,1,299.0,129.0,0.0
15950,14392,5,2025-10-15,5,1,1,349.0,150.0,0.0
15951,12784,5,2025-10-15,1,5,2,349.0,150.0,0.0
15952,14393,6,2025-10-15,4,1,2,499.0,215.0,0.0
15953,1025,2,2025-10-15,1,2,1,269.1,129.0,29.9
15954,14394,2,2025-10-15,8,4,1,269.1,129.0,29.9
15955,14395,2,2025-10-15,1,1,1,299.0,129.0,0.0
15956,14396,1,2025-10-15,5,3,1,269.1,129.0,29.9
15957,14397,2,2025-10-15,1,1,1,299.0,129.0,0.0
15958,14398,5,2025-10-15,7,1,2,349.0,150.0,0.0
15959,14399,2,2025-10-15,2,3,2,299.0,129.0,0.0
15960,14400,6,2025-10-15,7,2,1,449.1,215.0,49.9
15961,14401,4,2025-10-15,3,1,1,349.0,150.0,0.0
15962,14402,2,2025-10-15,2,2,1,299.0,129.0,0.0
15963,14403,4,2025-10-15,8,1,1,349.0,150.0,0.0
15964,14404,1,2025-10-15,2,5,1,299.0,129.0,0.0
15965,14405,5,2025-10-15,5,2,1,349.0,150.0,0.0
15966,14406,4,2025-10-15,8,4,1,349.0,150.0,0.0
15967,2690,5,2025-10-15,1,1,1,296.65,150.0,52.35
15968,14407,5,2025-10-15,4,1,1,314.1,150.0,34.9
15969,14408,4,2025-10-15,6,3,1,349.0,150.0,0.0
15970,14409,6,2025-10-15,1,3,1,499.0,215.0,0.0
15971,14410,2,2025-10-15,2,1,1,299.0,129.0,0.0
15972,14411,1,2025-10-15,3,3,1,299.0,129.0,0.0
15973,14412,2,2025-10-15,4,1,1,299.0,129.0,0.0
15974,14413,4,2025-10-15,3,1,2,349.0,150.0,0.0
15975,12626,1,2025-10-15,5,1,1,299.0,129.0,0.0
15976,14414,3,2025-10-15,1,2,1,329.0,142.0,0.0
15977,14415,4,2025-10-15,3,2,1,349.0,150.0,0.0
15978,14416,5,2025-10-15,1,1,1,349.0,150.0,0.0
15979,14417,2,2025-10-15,1,2,1,254.15,129.0,44.85
15980,14418,5,2025-10-15,1,4,1,349.0,150.0,0.0
15981,90308,1,2025-10-16,1,4,1,269.1,129.0,29.9
15982,14420,2,2025-10-16,6,2,1,299.0,129.0,0.0
15983,14421,6,2025-10-16,7,5,1,499.0,215.0,0.0
15984,14422,4,2025-10-16,2,2,1,349.0,150.0,0.0
15985,14423,4,2025-10-16,1,1,1,349.0,150.0,0.0
15986,14424,2,2025-10-16,5,2,1,269.1,129.0,29.9
15987,14425,5,2025-10-16,2,2,1,349.0,150.0,0.0
15988,14426,3,2025-10-16,4,2,1,329.0,142.0,0.0
15989,14427,1,2025-10-16,2,2,1,299.0,129.0,0.0
15990,14428,6,2025-10-16,1,2,1,499.0,215.0,0.0
15991,14429,5,2025-10-16,9,4,1,314.1,150.0,34.9
15992,14430,1,2025-10-16,1,1,1,299.0,129.0,0.0
15993,10291,3,2025-10-16,2,5,1,329.0,142.0,0.0
15994,14431,2,2025-10-16,5,1,2,254.15,129.0,44.85
15995,3050,5,2025-10-16,5,4,1,349.0,150.0,0.0
15996,14432,4,2025-10-16,4,3,1,349.0,150.0,0.0
15997,14433,4,2025-10-16,3,2,2,314.1,150.0,34.9
15998,14434,5,2025-10-16,9,2,1,349.0,150.0,0.0
15999,10293,6,2025-10-16,4,1,2,499.0,215.0,0.0
16000,14435,4,2025-10-16,6,2,1,296.65,150.0,52.35
16001,14436,1,2025-10-16,3,3,1,269.1,129.0,29.9
16002,14437,4,2025-10-16,2,3,1,349.0,150.0,0.0
16003,14438,3,2025-10-16,5,1,1,329.0,142.0,0.0
16004,14439,1,2025-10-16,1,1,1,299.0,129.0,0.0
16005,14440,4,2025-10-16,1,1,1,349.0,150.0,0.0
16006,346,2,2025-10-16,1,4,1,299.0,129.0,0.0
16007,14441,4,2025-10-16,1,5,1,349.0,150.0,0.0
16008,14442,4,2025-10-16,5,1,1,296.65,150.0,52.35
16009,14443,3,2025-10-16,7,1,1,279.65,142.0,49.35
16010,11844,5,2025-10-16,3,1,2,349.0,150.0,0.0
16011,14444,4,2025-10-16,8,4,2,349.0,150.0,0.0
16012,14445,1,2025-10-16,3,2,1,299.0,129.0,0.0
16013,14446,6,2025-10-16,8,3,1,499.0,215.0,0.0
16014,14447,5,2025-10-16,4,3,1,349.0,150.0,0.0
16015,14448,1,2025-10-16,1,3,1,299.0,129.0,0.0
16016,14449,6,2025-10-16,1,4,1,499.0,215.0,0.0
16017,14450,4,2025-10-16,1,4,1,349.0,150.0,0.0
16018,14451,2,2025-10-16,1,1,1,299.0,129.0,0.0
16019,14452,4,2025-10-17,8,4,1,349.0,150.0,0.0
16020,1451,5,2025-10-17,1,2,1,349.0,150.0,0.0
16021,14453,2,2025-10-17,1,1,1,299.0,129.0,0.0
16022,14454,4,2025-10-17,1,2,1,349.0,150.0,0.0
16023,14455,4,2025-10-17,4,5,2,349.0,150.0,0.0
16024,14456,1,2025-10-17,7,2,1,299.0,129.0,0.0
16025,14457,4,2025-10-17,2,1,2,349.0,150.0,0.0
16026,14458,6,2025-10-17,1,2,1,499.0,215.0,0.0
16027,14459,2,2025-10-17,4,1,1,254.15,129.0,44.85
16028,90244,4,2025-10-17,1,2,1,296.65,150.0,52.35
16029,14460,2,2025-10-17,1,2,2,299.0,129.0,0.0
16030,14461,4,2025-10-17,8,3,1,349.0,150.0,0.0
16031,14462,6,2025-10-17,2,1,1,424.15,215.0,74.85
16032,14463,6,2025-10-17,4,5,1,499.0,215.0,0.0
16033,14464,5,2025-10-17,6,4,1,349.0,150.0,0.0
16034,14465,4,2025-10-17,6,2,1,314.1,150.0,34.9
16035,12731,3,2025-10-17,1,4,1,296.1,142.0,32.9
16036,14466,5,2025-10-17,7,2,1,296.65,150.0,52.35
16037,14467,5,2025-10-17,4,2,1,349.0,150.0,0.0
16038,14468,2,2025-10-17,1,5,1,299.0,129.0,0.0
16039,14469,2,2025-10-17,1,2,2,269.1,129.0,29.9
16040,14470,4,2025-10-17,5,2,1,296.65,150.0,52.35
16041,14471,1,2025-10-17,4,4,1,254.15,129.0,44.85
16042,14472,5,2025-10-17,7,3,2,296.65,150.0,52.35
16043,14473,4,2025-10-17,4,5,1,349.0,150.0,0.0
16044,14474,1,2025-10-17,8,1,1,299.0,129.0,0.0
16045,14475,6,2025-10-17,3,1,1,449.1,215.0,49.9
16046,14476,5,2025-10-17,2,1,1,349.0,150.0,0.0
16047,14477,5,2025-10-17,4,1,1,296.65,150.0,52.35
16048,14478,4,2025-10-17,5,1,1,349.0,150.0,0.0
16049,14479,5,2025-10-17,1,2,1,349.0,150.0,0.0
16050,14480,6,2025-10-17,1,5,1,499.0,215.0,0.0
16051,14481,4,2025-10-17,6,1,1,349.0,150.0,0.0
16052,14482,4,2025-10-17,5,2,1,349.0,150.0,0.0
16053,14483,2,2025-10-17,3,5,1,299.0,129.0,0.0
16054,14484,2,2025-10-17,5,2,2,299.0,129.0,0.0
16055,14485,1,2025-10-17,3,5,1,254.15,129.0,44.85
16056,14486,4,2025-10-18,3,5,1,349.0,150.0,0.0
16057,14487,4,2025-10-18,5,1,1,314.1,150.0,34.9
16058,14488,1,2025-10-18,5,2,1,299.0,129.0,0.0
16059,14489,5,2025-10-18,3,1,1,314.1,150.0,34.9
16060,14490,3,2025-10-18,1,2,1,329.0,142.0,0.0
16061,14491,4,2025-10-18,2,1,1,0.0,150.0,34.9
16062,14492,4,2025-10-18,3,4,1,349.0,150.0,0.0
16063,14493,5,2025-10-18,5,2,1,296.65,150.0,52.35
16064,14494,6,2025-10-18,4,3,1,499.0,215.0,0.0
16065,14495,6,2025-10-18,8,4,1,499.0,215.0,0.0
16066,14496,2,2025-10-18,3,2,1,299.0,129.0,0.0
16067,7866,6,2025-10-18,4,1,1,499.0,215.0,0.0
16068,14497,5,2025-10-18,,5,1,349.0,150.0,0.0
16069,14498,1,2025-10-18,1,2,1,299.0,129.0,0.0
16070,14499,3,2025-10-18,1,1,1,329.0,142.0,0.0
16071,14500,6,2025-10-18,1,5,1,499.0,215.0,0.0
16072,14501,5,2025-10-18,3,1,1,349.0,150.0,0.0
16073,14502,3,2025-10-18,1,1,1,329.0,142.0,0.0
16074,2376,2,2025-10-18,4,2,2,299.0,129.0,0.0
16075,14503,5,2025-10-18,2,1,2,349.0,150.0,0.0
16076,14504,3,2025-10-18,3,5,1,279.65,142.0,49.35
16077,14505,5,2025-10-18,1,2,1,314.1,150.0,34.9
16078,1623,3,2025-10-18,6,5,1,329.0,142.0,0.0
16079,14506,6,2025-10-18,1,3,1,499.0,215.0,0.0
16080,14507,5,2025-10-18,1,1,1,349.0,150.0,0.0
16081,14508,5,2025-10-18,,2,1,314.1,150.0,34.9
16082,14509,4,2025-10-18,3,1,1,349.0,150.0,0.0
16083,14510,5,2025-10-18,,1,1,349.0,150.0,0.0
16084,4824,3,2025-10-18,6,2,2,329.0,142.0,0.0
16085,14511,4,2025-10-18,1,1,1,296.65,150.0,52.35
16086,14512,2,2025-10-18,7,1,1,299.0,129.0,0.0
16087,14513,6,2025-10-18,2,2,1,449.1,215.0,49.9
16088,14514,4,2025-10-18,,2,1,349.0,150.0,0.0
16089,14515,3,2025-10-18,5,4,1,279.65,142.0,49.35
16090,14516,4,2025-10-18,2,4,1,296.65,150.0,52.35
16091,14517,5,2025-10-18,3,1,1,349.0,150.0,0.0
16092,14518,4,2025-10-19,2,2,1,349.0,150.0,0.0
16093,14519,5,2025-10-19,6,1,1,314.1,150.0,34.9
16094,14520,5,2025-10-19,3,1,1,349.0,150.0,0.0
16095,14521,5,2025-10-19,2,2,1,349.0,150.0,0.0
16096,14522,5,2025-10-19,5,4,1,296.65,150.0,52.35
16097,14523,2,2025-10-19,1,4,1,269.1,129.0,29.9
16098,14524,5,2025-10-19,1,1,1,314.1,150.0,34.9
16099,14525,5,2025-10-19,3,4,1,349.0,150.0,0.0
16100,14526,1,2025-10-19,5,5,1,299.0,129.0,0.0
16101,14527,5,2025-10-19,5,1,1,349.0,150.0,0.0
16102,14528,4,2025-10-19,2,3,1,349.0,150.0,0.0
16103,14529,5,2025-10-19,5,1,1,349.0,150.0,0.0
16104,14530,5,2025-10-19,1,3,1,314.1,150.0,34.9
16105,14531,4,2025-10-19,9,2,1,349.0,150.0,0.0
16106,14532,5,2025-10-19,3,2,1,349.0,150.0,0.0
16107,14533,5,2025-10-19,2,1,1,349.0,150.0,0.0
16108,4880,2,2025-10-19,2,4,1,299.0,129.0,0.0
16109,14534,4,2025-10-19,4,3,1,296.65,150.0,52.35
16110,4521,3,2025-10-19,5,1,1,329.0,142.0,0.0
16111,14535,4,2025-10-19,3,1,1,296.65,150.0,52.35
16112,14536,6,2025-10-19,5,4,1,499.0,215.0,0.0
16113,3454,2,2025-10-19,2,3,1,254.15,129.0,44.85
16114,14537,5,2025-10-19,7,2,1,349.0,150.0,0.0
16115,14538,6,2025-10-19,7,1,1,499.0,215.0,0.0
16116,14539,4,2025-10-19,3,1,1,349.0,150.0,0.0
16117,14540,3,2025-10-19,2,1,2,329.0,142.0,0.0
16118,14541,4,2025-10-19,1,4,1,296.65,150.0,52.35
16119,14542,5,2025-10-19,4,2,1,349.0,150.0,0.0
16120,12801,2,2025-10-19,1,5,1,299.0,129.0,0.0
16121,5515,5,2025-10-19,1,2,1,314.1,150.0,34.9
16122,14543,6,2025-10-19,4,2,1,449.1,215.0,49.9
16123,14544,4,2025-10-19,7,2,1,349.0,150.0,0.0
16124,14545,4,2025-10-19,3,5,1,349.0,150.0,0.0
16125,14546,4,2025-10-19,9,2,2,314.1,150.0,34.9
16126,14547,5,2025-10-19,1,5,1,349.0,150.0,0.0
16127,14548,5,2025-10-19,3,4,1,349.0,150.0,0.0
16128,14549,5,2025-10-19,7,1,1,349.0,150.0,0.0
16129,14550,5,2025-10-19,1,3,1,349.0,150.0,0.0
16130,14551,1,2025-10-19,5,2,1,269.1,129.0,29.9
16131,14552,4,2025-10-19,4,1,1,349.0,150.0,0.0
16132,14553,5,2025-10-20,1,3,1,349.0,150.0,0.0
16133,14554,5,2025-10-20,7,5,1,296.65,150.0,52.35
16134,14555,1,2025-10-20,1,2,1,299.0,129.0,0.0
16135,14556,2,2025-10-20,5,3,1,299.0,129.0,0.0
16136,12944,3,2025-10-20,4,2,1,296.1,142.0,32.9
16137,14557,5,2025-10-20,3,3,1,349.0,150.0,0.0
16138,10972,1,2025-10-20,3,1,1,299.0,129.0,0.0
16139,14558,2,2025-10-20,1,5,1,299.0,129.0,0.0
16140,14559,4,2025-10-20,3,5,1,349.0,150.0,0.0
16141,14560,4,2025-10-20,5,2,1,296.65,150.0,52.35
16142,14561,5,2025-10-20,7,1,1,349.0,150.0,0.0
16143,13816,4,2025-10-20,5,3,1,349.0,150.0,0.0
16144,14562,5,2025-10-20,7,5,1,314.1,150.0,34.9
16145,14563,2,2025-10-20,2,2,2,299.0,129.0,0.0
16146,959,6,2025-10-20,3,1,2,499.0,215.0,0.0
16147,14564,4,2025-10-20,1,3,1,349.0,150.0,0.0
16148,14565,3,2025-10-20,1,1,1,329.0,142.0,0.0
16149,14566,4,2025-10-20,1,4,1,349.0,150.0,0.0
16150,14567,5,2025-10-20,8,3,2,314.1,150.0,34.9
16151,14568,2,2025-10-20,3,2,1,269.1,129.0,29.9
16152,14569,5,2025-10-20,5,1,1,349.0,150.0,0.0
16153,14570,6,2025-10-20,5,2,1,499.0,215.0,0.0
16154,14571,5,2025-10-20,6,1,1,349.0,150.0,0.0
16155,14572,1,2025-10-20,1,3,1,299.0,129.0,0.0
16156,14573,4,2025-10-20,1,1,1,349.0,150.0,0.0
16157,14574,2,2025-10-20,2,5,1,299.0,129.0,0.0
16158,14575,6,2025-10-20,5,2,1,449.1,215.0,49.9
16159,14576,4,2025-10-20,2,4,1,349.0,150.0,0.0
16160,3344,5,2025-10-20,1,4,1,349.0,150.0,0.0
16161,14577,5,2025-10-20,1,1,1,296.65,150.0,52.35
16162,14578,4,2025-10-20,3,2,1,349.0,150.0,0.0
16163,14579,3,2025-10-20,4,1,1,329.0,142.0,0.0
16164,14580,4,2025-10-20,8,1,1,349.0,150.0,0.0
16165,14581,5,2025-10-20,2,3,2,314.1,150.0,34.9
16166,6760,1,2025-10-20,4,2,1,269.1,129.0,29.9
16167,14582,3,2025-10-20,8,5,1,329.0,142.0,0.0
16168,14583,4,2025-10-20,2,2,1,349.0,150.0,0.0
16169,14584,6,2025-10-20,2,2,1,499.0,215.0,0.0
16170,5756,4,2025-10-20,4,2,1,314.1,150.0,34.9
16171,14585,1,2025-10-20,3,1,1,254.15,129.0,44.85
16172,14586,4,2025-10-20,4,1,1,349.0,150.0,0.0
16173,14587,1,2025-10-20,2,2,1,269.1,129.0,29.9
16174,14588,4,2025-10-21,1,2,1,296.65,150.0,52.35
16175,14589,1,2025-10-21,5,3,2,299.0,129.0,0.0
16176,14590,3,2025-10-21,3,5,1,329.0,142.0,0.0
16177,14591,3,2025-10-21,2,2,1,329.0,142.0,0.0
16178,14592,5,2025-10-21,6,1,1,349.0,150.0,0.0
16179,14593,5,2025-10-21,2,4,1,349.0,150.0,0.0
16180,14594,5,2025-10-21,2,4,1,296.65,150.0,52.35
16181,14595,3,2025-10-21,9,1,1,279.65,142.0,49.35
16182,14596,2,2025-10-21,1,1,1,299.0,129.0,0.0
16183,14597,5,2025-10-21,5,2,2,349.0,150.0,0.0
16184,14598,1,2025-10-21,6,2,1,254.15,129.0,44.85
16185,2734,2,2025-10-21,7,5,1,299.0,129.0,0.0
16186,14599,6,2025-10-21,3,1,1,499.0,215.0,0.0
16187,14600,5,2025-10-21,2,1,1,349.0,150.0,0.0
16188,14601,5,2025-10-21,1,1,1,349.0,150.0,0.0
16189,14602,2,2025-10-21,3,3,1,299.0,129.0,0.0
16190,14603,2,2025-10-21,8,2,1,299.0,129.0,0.0
16191,14604,5,2025-10-21,9,2,1,349.0,150.0,0.0
16192,14605,6,2025-10-21,1,3,2,499.0,215.0,0.0
16193,7967,2,2025-10-21,5,5,1,269.1,129.0,29.9
16194,14606,4,2025-10-21,1,2,2,349.0,150.0,0.0
16195,14607,6,2025-10-21,3,1,1,499.0,215.0,0.0
16196,13818,5,2025-10-21,5,1,1,349.0,150.0,0.0
16197,14608,5,2025-10-21,1,5,1,349.0,150.0,0.0
16198,14609,4,2025-10-21,1,2,1,349.0,150.0,0.0
16199,14610,2,2025-10-21,5,1,1,299.0,129.0,0.0
16200,14611,1,2025-10-21,1,2,1,299.0,129.0,0.0
16201,14612,4,2025-10-21,5,4,1,349.0,150.0,0.0
16202,14613,4,2025-10-21,3,4,1,349.0,150.0,0.0
16203,14614,1,2025-10-21,1,2,1,299.0,129.0,0.0
16204,14615,2,2025-10-21,7,2,1,299.0,129.0,0.0
16205,14616,5,2025-10-21,6,1,1,296.65,150.0,52.35
16206,14617,5,2025-10-21,8,5,1,349.0,150.0,0.0
16207,14618,5,2025-10-21,7,1,1,314.1,150.0,34.9
16208,14619,1,2025-10-21,2,2,1,299.0,129.0,0.0
16209,14620,5,2025-10-21,9,2,1,349.0,150.0,0.0
16210,14621,4,2025-10-21,2,1,1,349.0,150.0,0.0
16211,956,1,2025-10-21,1,2,1,299.0,129.0,0.0
16212,14622,3,2025-10-21,2,5,1,329.0,142.0,0.0
16213,14623,4,2025-10-21,1,2,1,349.0,150.0,0.0
16214,14624,2,2025-10-21,5,2,1,269.1,129.0,29.9
16215,11458,5,2025-10-21,1,4,1,349.0,150.0,0.0
16216,14625,5,2025-10-21,5,4,2,349.0,150.0,0.0
16217,14626,5,2025-10-22,2,1,1,349.0,150.0,0.0
16218,14627,2,2025-10-22,2,4,1,299.0,129.0,0.0
16219,14628,1,2025-10-22,3,1,2,254.15,129.0,44.85
16220,14629,1,2025-10-22,8,2,1,299.0,129.0,0.0
16221,14630,5,2025-10-22,1,3,1,349.0,150.0,0.0
16222,6569,4,2025-10-22,6,1,1,349.0,150.0,0.0
16223,14631,1,2025-10-22,3,3,1,299.0,129.0,0.0
16224,14632,2,2025-10-22,4,2,1,299.0,129.0,0.0
16225,2771,5,2025-10-22,5,4,2,349.0,150.0,0.0
16226,14633,6,2025-10-22,2,1,1,449.1,215.0,49.9
16227,14634,4,2025-10-22,2,1,2,349.0,150.0,0.0
16228,14635,5,2025-10-22,2,1,2,349.0,150.0,0.0
16229,14636,6,2025-10-22,6,2,1,499.0,215.0,0.0
16230,14637,4,2025-10-22,3,5,1,349.0,150.0,0.0
16231,14638,5,2025-10-22,7,2,1,349.0,150.0,0.0
16232,14639,4,2025-10-22,1,1,1,314.1,150.0,34.9
16233,1429,3,2025-10-22,2,4,1,329.0,142.0,0.0
16234,14640,5,2025-10-22,3,1,1,349.0,150.0,0.0
16235,14641,1,2025-10-22,4,2,1,254.15,129.0,44.85
16236,14642,3,2025-10-22,2,1,1,329.0,142.0,0.0
16237,14643,5,2025-10-22,5,4,2,349.0,150.0,0.0
16238,14644,1,2025-10-22,5,2,1,254.15,129.0,44.85
16239,14645,4,2025-10-22,6,2,1,349.0,150.0,0.0
16240,14646,5,2025-10-22,3,5,1,349.0,150.0,0.0
16241,14647,4,2025-10-22,1,5,1,296.65,150.0,52.35
16242,14648,3,2025-10-22,5,3,2,296.1,142.0,32.9
16243,14649,4,2025-10-22,4,1,1,349.0,150.0,0.0
16244,14650,1,2025-10-22,1,4,1,299.0,129.0,0.0
16245,14651,5,2025-10-22,2,1,1,349.0,150.0,0.0
16246,14652,4,2025-10-22,5,1,1,349.0,150.0,0.0
16247,14653,4,2025-10-22,2,1,1,349.0,150.0,0.0
16248,14654,3,2025-10-22,3,1,1,329.0,142.0,0.0
16249,9436,6,2025-10-22,2,5,1,499.0,215.0,0.0
16250,14655,4,2025-10-22,1,2,1,314.1,150.0,34.9
16251,13813,4,2025-10-22,5,1,2,349.0,150.0,0.0
16252,14656,3,2025-10-22,7,1,1,329.0,142.0,0.0
16253,14657,2,2025-10-23,2,1,1,299.0,129.0,0.0
16254,14658,3,2025-10-23,2,1,1,329.0,142.0,0.0
16255,14659,3,2025-10-23,1,3,2,296.1,142.0,32.9
16256,14660,5,2025-10-23,5,2,1,296.65,150.0,52.35
16257,14661,2,2025-10-23,2,2,1,299.0,129.0,0.0
16258,14662,3,2025-10-23,4,2,1,296.1,142.0,32.9
16259,14663,5,2025-10-23,1,1,1,349.0,150.0,0.0
16260,14664,3,2025-10-23,2,4,1,296.1,142.0,32.9
16261,14665,4,2025-10-23,7,1,1,349.0,150.0,0.0
16262,14666,1,2025-10-23,5,1,2,299.0,129.0,0.0
16263,14667,5,2025-10-23,3,1,1,296.65,150.0,52.35
16264,14668,2,2025-10-23,1,4,1,254.15,129.0,44.85
16265,12204,4,2025-10-23,1,2,1,349.0,150.0,0.0
16266,14669,5,2025-10-23,5,2,1,349.0,150.0,0.0
16267,14670,6,2025-10-23,9,2,2,424.15,215.0,74.85
16268,14671,4,2025-10-23,2,3,1,349.0,150.0,0.0
16269,14672,3,2025-10-23,1,2,1,329.0,142.0,0.0
16270,14673,3,2025-10-23,4,3,1,279.65,142.0,49.35
16271,14674,5,2025-10-23,6,3,1,349.0,150.0,0.0
16272,886,5,2025-10-23,4,1,1,349.0,150.0,0.0
16273,14675,3,2025-10-23,8,1,1,296.1,142.0,32.9
16274,14676,5,2025-10-23,7,5,1,349.0,150.0,0.0
16275,14677,2,2025-10-23,1,2,1,254.15,129.0,44.85
16276,14678,4,2025-10-23,3,4,1,314.1,150.0,34.9
16277,14679,2,2025-10-23,1,1,1,299.0,129.0,0.0
16278,14680,5,2025-10-23,4,1,1,349.0,150.0,0.0
16279,14681,4,2025-10-23,,4,2,349.0,150.0,0.0
16280,14682,4,2025-10-23,4,2,1,349.0,150.0,0.0
16281,14683,5,2025-10-23,5,2,1,349.0,150.0,0.0
16282,14684,1,2025-10-23,3,1,1,299.0,129.0,0.0
16283,14685,6,2025-10-23,6,1,1,499.0,215.0,0.0
16284,14686,3,2025-10-23,5,1,1,296.1,142.0,32.9
16285,14687,4,2025-10-23,1,4,1,349.0,150.0,0.0
16286,14688,6,2025-10-23,1,2,1,449.1,215.0,49.9
16287,14689,3,2025-10-23,5,2,1,329.0,142.0,0.0
16288,2774,1,2025-10-23,1,2,1,299.0,129.0,0.0
16289,14690,5,2025-10-23,1,4,1,349.0,150.0,0.0
16290,14691,5,2025-10-23,1,1,1,349.0,150.0,0.0
16291,14692,4,2025-10-23,3,1,1,349.0,150.0,0.0
16292,14693,5,2025-10-23,3,2,1,349.0,150.0,0.0
16293,14694,2,2025-10-23,1,1,1,269.1,129.0,29.9
16294,14695,4,2025-10-23,1,3,1,314.1,150.0,34.9
16295,6895,5,2025-10-24,1,1,1,314.1,150.0,34.9
16296,14696,1,2025-10-24,2,4,2,299.0,129.0,0.0
16297,14697,5,2025-10-24,2,5,1,349.0,150.0,0.0
16298,10642,2,2025-10-24,5,3,1,299.0,129.0,0.0
16299,6425,5,2025-10-24,3,4,1,314.1,150.0,34.9
16300,14698,1,2025-10-24,7,1,1,299.0,129.0,0.0
16301,14699,5,2025-10-24,5,1,1,349.0,150.0,0.0
16302,14700,2,2025-10-24,,3,2,299.0,129.0,0.0
16303,14701,1,2025-10-24,6,2,1,254.15,129.0,44.85
16304,14702,2,2025-10-24,1,4,2,299.0,129.0,0.0
16305,14703,1,2025-10-24,7,2,1,299.0,129.0,0.0
16306,1032,5,2025-10-24,2,4,1,314.1,150.0,34.9
16307,14704,2,2025-10-24,3,4,2,299.0,129.0,0.0
16308,14705,1,2025-10-24,1,5,1,299.0,129.0,0.0
16309,14706,3,2025-10-24,7,4,1,329.0,142.0,0.0
16310,10590,6,2025-10-24,1,1,1,499.0,215.0,0.0
16311,14707,2,2025-10-24,2,1,1,269.1,129.0,29.9
16312,14708,6,2025-10-24,5,1,1,424.15,215.0,74.85
16313,14709,4,2025-10-24,1,1,1,314.1,150.0,34.9
16314,14710,5,2025-10-24,1,1,1,349.0,150.0,0.0
16315,14711,5,2025-10-24,2,3,1,349.0,150.0,0.0
16316,2253,5,2025-10-24,3,2,1,349.0,150.0,0.0
16317,14712,4,2025-10-24,1,2,1,349.0,150.0,0.0
16318,14713,1,2025-10-24,2,2,1,299.0,129.0,0.0
16319,14714,5,2025-10-24,1,1,1,314.1,150.0,34.9
16320,14715,5,2025-10-24,4,4,2,314.1,150.0,34.9
16321,14716,5,2025-10-24,3,2,1,349.0,150.0,0.0
16322,14717,4,2025-10-24,4,2,1,296.65,150.0,52.35
16323,14718,6,2025-10-24,2,2,1,499.0,215.0,0.0
16324,14719,6,2025-10-24,3,5,1,499.0,215.0,0.0
16325,14720,3,2025-10-24,2,1,1,329.0,142.0,0.0
16326,5446,5,2025-10-24,1,2,1,349.0,150.0,0.0
16327,14721,3,2025-10-24,7,1,1,329.0,142.0,0.0
16328,14722,6,2025-10-24,3,3,1,499.0,215.0,0.0
16329,14723,4,2025-10-24,1,3,1,349.0,150.0,0.0
16330,14724,1,2025-10-24,3,3,1,299.0,129.0,0.0
16331,14725,5,2025-10-24,2,1,1,349.0,150.0,0.0
16332,14726,4,2025-10-24,5,1,1,296.65,150.0,52.35
16333,14727,5,2025-10-24,3,5,1,349.0,150.0,0.0
16334,14728,5,2025-10-24,5,2,1,349.0,150.0,0.0
16335,11502,4,2025-10-25,3,2,2,314.1,150.0,34.9
16336,14729,5,2025-10-25,3,1,1,349.0,150.0,0.0
16337,14730,4,2025-10-25,5,3,1,349.0,150.0,0.0
16338,13098,2,2025-10-25,4,2,1,299.0,129.0,0.0
16339,14731,1,2025-10-25,4,4,1,299.0,129.0,0.0
16340,14732,4,2025-10-25,5,1,1,349.0,150.0,0.0
16341,14733,4,2025-10-25,1,2,2,349.0,150.0,0.0
16342,14734,5,2025-10-25,5,1,2,349.0,150.0,0.0
16343,14735,4,2025-10-25,1,3,1,349.0,150.0,0.0
16344,14736,5,2025-10-25,4,2,1,349.0,150.0,0.0
16345,14737,5,2025-10-25,5,5,1,349.0,150.0,0.0
16346,14738,1,2025-10-25,1,1,1,299.0,129.0,0.0
16347,14739,5,2025-10-25,2,2,1,349.0,150.0,0.0
16348,14740,4,2025-10-25,2,5,1,296.65,150.0,52.35
16349,14741,4,2025-10-25,6,4,1,349.0,150.0,0.0
16350,14742,4,2025-10-25,2,2,1,296.65,150.0,52.35
16351,14743,1,2025-10-25,1,4,1,269.1,129.0,29.9
16352,14744,2,2025-10-25,1,4,1,299.0,129.0,0.0
16353,14745,2,2025-10-25,3,1,1,299.0,129.0,0.0
16354,14746,2,2025-10-25,3,3,1,299.0,129.0,0.0
16355,14747,5,2025-10-25,3,4,1,349.0,150.0,0.0
16356,14748,4,2025-10-25,3,2,1,314.1,150.0,34.9
16357,14749,2,2025-10-25,3,2,1,269.1,129.0,29.9
16358,14750,4,2025-10-25,1,2,2,349.0,150.0,0.0
16359,14751,1,2025-10-25,1,1,1,299.0,129.0,0.0
16360,14752,4,2025-10-25,5,2,1,314.1,150.0,34.9
16361,14753,4,2025-10-25,5,1,1,314.1,150.0,34.9
16362,14754,5,2025-10-25,3,4,2,349.0,150.0,0.0
16363,4790,4,2025-10-25,1,2,1,349.0,150.0,0.0
16364,14755,3,2025-10-25,7,2,1,329.0,142.0,0.0
16365,14756,5,2025-10-25,4,1,1,349.0,150.0,0.0
16366,14757,5,2025-10-25,8,1,2,349.0,150.0,0.0
16367,14758,3,2025-10-25,4,1,1,296.1,142.0,32.9
16368,14759,5,2025-10-25,3,1,2,349.0,150.0,0.0
16369,14760,1,2025-10-25,5,1,1,269.1,129.0,29.9
16370,14761,6,2025-10-25,6,3,1,499.0,215.0,0.0
16371,14762,3,2025-10-26,3,3,1,329.0,142.0,0.0
16372,14763,4,2025-10-26,8,1,1,349.0,150.0,0.0
16373,14764,4,2025-10-26,4,2,1,314.1,150.0,34.9
16374,14765,3,2025-10-26,2,2,1,329.0,142.0,0.0
16375,14766,4,2025-10-26,1,1,1,349.0,150.0,0.0
16376,14767,4,2025-10-26,2,2,1,349.0,150.0,0.0
16377,14768,5,2025-10-26,4,4,1,314.1,150.0,34.9
16378,14769,3,2025-10-26,2,3,1,329.0,142.0,0.0
16379,14655,5,2025-10-26,1,5,1,349.0,150.0,0.0
16380,14770,5,2025-10-26,7,1,1,349.0,150.0,0.0
16381,14771,6,2025-10-26,6,2,2,424.15,215.0,74.85
16382,14772,4,2025-10-26,6,5,1,349.0,150.0,0.0
16383,14773,4,2025-10-26,2,4,1,296.65,150.0,52.35
16384,14774,4,2025-10-26,3,4,1,349.0,150.0,0.0
16385,14775,4,2025-10-26,1,2,1,349.0,150.0,0.0
16386,14776,4,2025-10-26,1,1,1,349.0,150.0,0.0
16387,14777,1,2025-10-26,4,2,2,299.0,129.0,0.0
16388,14778,2,2025-10-26,1,2,1,299.0,129.0,0.0
16389,14779,4,2025-10-26,4,2,1,349.0,150.0,0.0
16390,14780,3,2025-10-26,2,4,1,329.0,142.0,0.0
16391,240,4,2025-10-26,5,1,1,296.65,150.0,52.35
16392,14781,5,2025-10-26,6,2,1,349.0,150.0,0.0
16393,14782,6,2025-10-26,1,5,1,499.0,215.0,0.0
16394,11037,5,2025-10-26,6,4,1,314.1,150.0,34.9
16395,14783,3,2025-10-26,1,2,1,296.1,142.0,32.9
16396,14784,4,2025-10-26,1,1,1,349.0,150.0,0.0
16397,14785,4,2025-10-26,3,2,1,349.0,150.0,0.0
16398,14786,2,2025-10-26,5,1,1,299.0,129.0,0.0
16399,14787,4,2025-10-26,2,2,1,349.0,150.0,0.0
16400,14788,2,2025-10-26,,2,1,254.15,129.0,44.85
16401,14789,4,2025-10-26,8,5,1,349.0,150.0,0.0
16402,14790,1,2025-10-26,4,2,1,299.0,129.0,0.0
16403,14791,4,2025-10-26,2,4,1,349.0,150.0,0.0
16404,14792,5,2025-10-26,8,1,1,349.0,150.0,0.0
16405,14793,2,2025-10-26,1,4,1,299.0,129.0,0.0
16406,14794,5,2025-10-26,5,1,1,349.0,150.0,0.0
16407,14795,5,2025-10-26,1,5,1,296.65,150.0,52.35
16408,14796,4,2025-10-26,8,1,1,296.65,150.0,52.35
16409,14797,4,2025-10-26,1,3,1,349.0,150.0,0.0
16410,14798,2,2025-10-26,1,1,1,269.1,129.0,29.9
16411,14799,6,2025-10-26,2,2,1,499.0,215.0,0.0
16412,14800,1,2025-10-26,3,2,1,254.15,129.0,44.85
16413,4760,5,2025-10-26,3,3,1,349.0,150.0,0.0
16414,14801,2,2025-10-26,4,4,1,299.0,129.0,0.0
16415,6735,6,2025-10-27,5,5,1,499.0,215.0,0.0
16416,14802,3,2025-10-27,3,4,1,296.1,142.0,32.9
16417,14803,6,2025-10-27,8,1,1,449.1,215.0,49.9
16418,14804,2,2025-10-27,1,1,2,269.1,129.0,29.9
16419,14805,2,2025-10-27,7,3,1,299.0,129.0,0.0
16420,14806,5,2025-10-27,2,1,2,349.0,150.0,0.0
16421,14807,3,2025-10-27,8,1,1,329.0,142.0,0.0
16422,14808,1,2025-10-27,1,1,1,269.1,129.0,29.9
16423,14809,5,2025-10-27,1,5,2,314.1,150.0,34.9
16424,14810,2,2025-10-27,9,4,1,254.15,129.0,44.85
16425,14811,4,2025-10-27,2,2,1,349.0,150.0,0.0
16426,14812,1,2025-10-27,7,2,1,299.0,129.0,0.0
16427,14813,2,2025-10-27,7,4,1,299.0,129.0,0.0
16428,14814,6,2025-10-27,1,2,1,499.0,215.0,0.0
16429,14815,1,2025-10-27,3,1,1,299.0,129.0,0.0
16430,14816,4,2025-10-27,2,3,1,296.65,150.0,52.35
16431,14817,1,2025-10-27,4,2,1,299.0,129.0,0.0
16432,14818,2,2025-10-27,2,3,2,299.0,129.0,0.0
16433,14819,5,2025-10-27,5,2,1,349.0,150.0,0.0
16434,14820,2,2025-10-27,3,1,2,299.0,129.0,0.0
16435,14821,3,2025-10-27,5,1,1,329.0,142.0,0.0
16436,1691,1,2025-10-27,,3,1,299.0,129.0,0.0
16437,14822,3,2025-10-27,7,4,1,329.0,142.0,0.0
16438,14823,5,2025-10-27,8,4,1,349.0,150.0,0.0
16439,14824,2,2025-10-27,5,3,1,299.0,129.0,0.0
16440,14825,4,2025-10-27,2,3,1,349.0,150.0,0.0
16441,14826,1,2025-10-27,5,1,1,299.0,129.0,0.0
16442,14827,2,2025-10-27,8,3,1,299.0,129.0,0.0
16443,14828,2,2025-10-27,5,2,1,269.1,129.0,29.9
16444,14829,3,2025-10-27,1,3,1,329.0,142.0,0.0
16445,14830,6,2025-10-27,5,1,1,499.0,215.0,0.0
16446,14831,1,2025-10-27,1,2,1,299.0,129.0,0.0
16447,7744,2,2025-10-27,5,2,1,254.15,129.0,44.85
16448,14832,1,2025-10-27,5,4,1,299.0,129.0,0.0
16449,14833,5,2025-10-27,2,5,1,349.0,150.0,0.0
16450,14834,5,2025-10-27,4,2,1,296.65,150.0,52.35
16451,14835,3,2025-10-27,3,4,1,329.0,142.0,0.0
16452,14836,1,2025-10-27,1,1,2,299.0,129.0,0.0
16453,14837,3,2025-10-27,2,2,1,329.0,142.0,0.0
16454,14838,4,2025-10-27,1,1,1,349.0,150.0,0.0
16455,14839,4,2025-10-27,3,4,1,349.0,150.0,0.0
16456,14840,1,2025-10-28,2,1,2,299.0,129.0,0.0
16457,14841,4,2025-10-28,5,2,1,349.0,150.0,0.0
16458,14842,1,2025-10-28,3,1,1,269.1,129.0,29.9
16459,14843,3,2025-10-28,1,1,1,329.0,142.0,0.0
16460,14844,5,2025-10-28,1,2,1,349.0,150.0,0.0
16461,14845,6,2025-10-28,8,4,1,499.0,215.0,0.0
16462,14846,5,2025-10-28,1,3,1,314.1,150.0,34.9
16463,14847,5,2025-10-28,1,1,1,349.0,150.0,0.0
16464,14848,5,2025-10-28,3,1,1,296.65,150.0,52.35
16465,14849,5,2025-10-28,1,2,1,349.0,150.0,0.0
16466,14850,2,2025-10-28,5,1,1,269.1,129.0,29.9
16467,14851,4,2025-10-28,1,3,1,349.0,150.0,0.0
16468,11388,6,2025-10-28,1,4,1,499.0,215.0,0.0
16469,354,3,2025-10-28,1,5,1,329.0,142.0,0.0
16470,14852,4,2025-10-28,4,2,1,314.1,150.0,34.9
16471,14853,5,2025-10-28,6,5,1,349.0,150.0,0.0
16472,1535,3,2025-10-28,6,2,1,329.0,142.0,0.0
16473,14854,5,2025-10-28,3,3,1,349.0,150.0,0.0
16474,14855,4,2025-10-28,3,3,1,349.0,150.0,0.0
16475,14856,4,2025-10-28,2,1,2,349.0,150.0,0.0
16476,14857,6,2025-10-28,1,2,1,449.1,215.0,49.9
16477,14858,4,2025-10-28,4,5,1,349.0,150.0,0.0
16478,8072,4,2025-10-28,1,2,2,314.1,150.0,34.9
16479,14859,5,2025-10-28,5,4,1,349.0,150.0,0.0
16480,14860,4,2025-10-28,7,3,1,296.65,150.0,52.35
16481,14129,4,2025-10-28,5,1,1,349.0,150.0,0.0
16482,12907,3,2025-10-28,5,2,1,329.0,142.0,0.0
16483,14861,6,2025-10-28,8,1,2,449.1,215.0,49.9
16484,14862,6,2025-10-28,2,4,1,499.0,215.0,0.0
16485,14863,5,2025-10-28,1,5,1,314.1,150.0,34.9
16486,14864,6,2025-10-28,3,2,1,499.0,215.0,0.0
16487,14865,3,2025-10-28,1,1,1,329.0,142.0,0.0
16488,14866,2,2025-10-28,4,1,1,269.1,129.0,29.9
16489,14867,2,2025-10-28,1,3,1,299.0,129.0,0.0
16490,14868,5,2025-10-28,6,2,1,314.1,150.0,34.9
16491,14869,5,2025-10-28,3,2,1,349.0,150.0,0.0
16492,14870,3,2025-10-28,8,1,2,329.0,142.0,0.0
16493,14871,5,2025-10-29,3,1,1,314.1,150.0,34.9
16494,14872,1,2025-10-29,5,1,1,299.0,129.0,0.0
16495,14873,5,2025-10-29,1,5,1,349.0,150.0,0.0
16496,14874,5,2025-10-29,2,4,1,349.0,150.0,0.0
16497,14875,3,2025-10-29,5,2,2,329.0,142.0,0.0
16498,14876,4,2025-10-29,3,2,2,349.0,150.0,0.0
16499,14877,1,2025-10-29,3,1,2,299.0,129.0,0.0
16500,14878,3,2025-10-29,3,2,1,329.0,142.0,0.0
16501,14879,5,2025-10-29,3,4,1,349.0,150.0,0.0
16502,14880,5,2025-10-29,1,3,1,349.0,150.0,0.0
16503,14881,6,2025-10-29,6,1,1,499.0,215.0,0.0
16504,8117,5,2025-10-29,1,5,1,349.0,150.0,0.0
16505,14882,1,2025-10-29,1,1,1,299.0,129.0,0.0
16506,14883,5,2025-10-29,5,2,1,349.0,150.0,0.0
16507,14884,3,2025-10-29,2,2,1,329.0,142.0,0.0
16508,14885,5,2025-10-29,1,1,1,349.0,150.0,0.0
16509,14886,4,2025-10-29,7,2,1,349.0,150.0,0.0
16510,14887,6,2025-10-29,1,1,1,449.1,215.0,49.9
16511,14888,6,2025-10-29,1,1,1,499.0,215.0,0.0
16512,14889,4,2025-10-29,6,2,1,349.0,150.0,0.0
16513,5169,4,2025-10-29,1,3,1,349.0,150.0,0.0
16514,14890,3,2025-10-29,1,2,1,329.0,142.0,0.0
16515,14891,5,2025-10-29,3,1,1,349.0,150.0,0.0
16516,880,5,2025-10-29,3,1,1,314.1,150.0,34.9
16517,14892,2,2025-10-29,1,2,1,299.0,129.0,0.0
16518,14893,3,2025-10-29,4,1,1,279.65,142.0,49.35
16519,14894,2,2025-10-29,3,2,1,299.0,129.0,0.0
16520,14895,4,2025-10-29,1,2,1,349.0,150.0,0.0
16521,14896,5,2025-10-29,3,2,1,349.0,150.0,0.0
16522,14897,1,2025-10-29,1,1,1,299.0,129.0,0.0
16523,14898,4,2025-10-29,2,3,2,349.0,150.0,0.0
16524,14899,4,2025-10-29,1,1,1,349.0,150.0,0.0
16525,14900,4,2025-10-29,3,3,1,314.1,150.0,34.9
16526,14901,4,2025-10-29,1,2,1,349.0,150.0,0.0
16527,14902,2,2025-10-29,3,1,1,269.1,129.0,29.9
16528,14903,3,2025-10-29,1,1,2,329.0,142.0,0.0
16529,14904,5,2025-10-29,1,1,1,349.0,150.0,0.0
16530,14905,5,2025-10-29,5,2,1,314.1,150.0,34.9
16531,14906,3,2025-10-30,7,5,1,329.0,142.0,0.0
16532,14907,5,2025-10-30,5,4,1,349.0,150.0,0.0
16533,14908,1,2025-10-30,3,2,1,299.0,129.0,0.0
16534,14909,2,2025-10-30,8,5,1,299.0,129.0,0.0
16535,14910,4,2025-10-30,6,1,1,296.65,150.0,52.35
16536,14911,5,2025-10-30,1,3,1,349.0,150.0,0.0
16537,14912,5,2025-10-30,2,1,1,349.0,150.0,0.0
16538,14913,3,2025-10-30,7,5,1,329.0,142.0,0.0
16539,1905,5,2025-10-30,8,1,1,349.0,150.0,0.0
16540,14914,4,2025-10-30,6,1,1,349.0,150.0,0.0
16541,14915,1,2025-10-30,4,1,1,299.0,129.0,0.0
16542,14916,6,2025-10-30,3,4,1,499.0,215.0,0.0
16543,14917,5,2025-10-30,1,1,1,296.65,150.0,52.35
16544,3317,4,2025-10-30,1,5,1,349.0,150.0,0.0
16545,14918,2,2025-10-30,2,1,1,299.0,129.0,0.0
16546,14919,4,2025-10-30,1,1,1,314.1,150.0,34.9
16547,14920,4,2025-10-30,6,1,1,349.0,150.0,0.0
16548,14921,4,2025-10-30,7,5,1,349.0,150.0,0.0
16549,14922,6,2025-10-30,1,2,1,499.0,215.0,0.0
16550,14923,4,2025-10-30,3,2,1,314.1,150.0,34.9
16551,14924,1,2025-10-30,6,2,1,254.15,129.0,44.85
16552,14915,5,2025-10-30,3,3,1,296.65,150.0,52.35
16553,14925,5,2025-10-30,4,2,1,349.0,150.0,0.0
16554,14926,2,2025-10-30,3,2,1,269.1,129.0,29.9
16555,14927,5,2025-10-30,4,2,1,296.65,150.0,52.35
16556,14928,2,2025-10-30,3,1,1,299.0,129.0,0.0
16557,14929,3,2025-10-30,3,1,1,329.0,142.0,0.0
16558,14930,4,2025-10-30,7,2,1,349.0,150.0,0.0
16559,6954,4,2025-10-30,2,2,1,349.0,150.0,0.0
16560,14931,4,2025-10-30,3,2,1,349.0,150.0,0.0
16561,7541,3,2025-10-30,5,3,1,329.0,142.0,0.0
16562,14932,4,2025-10-30,8,4,1,349.0,150.0,0.0
16563,14933,3,2025-10-30,3,2,1,296.1,142.0,32.9
16564,14934,5,2025-10-30,3,4,1,349.0,150.0,0.0
16565,11590,5,2025-10-30,3,2,1,349.0,150.0,0.0
16566,3096,5,2025-10-30,1,2,2,349.0,150.0,0.0
16567,14935,3,2025-10-30,2,2,1,329.0,142.0,0.0
16568,14936,1,2025-10-30,5,5,1,299.0,129.0,0.0
16569,14937,2,2025-10-30,3,2,1,269.1,129.0,29.9
16570,14938,3,2025-10-30,3,1,1,329.0,142.0,0.0
16571,3678,5,2025-10-30,9,3,1,349.0,150.0,0.0
16572,14939,4,2025-10-31,1,1,2,296.65,150.0,52.35
16573,7650,5,2025-10-31,2,4,1,314.1,150.0,34.9
16574,14940,4,2025-10-31,5,4,2,296.65,150.0,52.35
16575,7594,3,2025-10-31,2,3,1,279.65,142.0,49.35
16576,14941,5,2025-10-31,4,1,1,349.0,150.0,0.0
16577,14942,5,2025-10-31,3,1,1,349.0,150.0,0.0
16578,14943,1,2025-10-31,1,3,1,299.0,129.0,0.0
16579,14944,4,2025-10-31,4,1,1,349.0,150.0,0.0
16580,14945,5,2025-10-31,1,1,1,349.0,150.0,0.0
16581,14946,5,2025-10-31,4,3,1,349.0,150.0,0.0
16582,12520,5,2025-10-31,1,5,1,314.1,150.0,34.9
16583,14947,2,2025-10-31,4,1,1,254.15,129.0,44.85
16584,14948,4,2025-10-31,1,1,1,349.0,150.0,0.0
16585,14949,4,2025-10-31,2,3,1,349.0,150.0,0.0
16586,10011,5,2025-10-31,4,2,1,314.1,150.0,34.9
16587,14950,3,2025-10-31,1,5,1,329.0,142.0,0.0
16588,9950,4,2025-10-31,1,1,1,349.0,150.0,0.0
16589,14951,5,2025-10-31,8,2,1,296.65,150.0,52.35
16590,14952,2,2025-10-31,4,1,1,299.0,129.0,0.0
16591,14953,2,2025-10-31,2,3,1,299.0,129.0,0.0
16592,14954,3,2025-10-31,3,3,1,329.0,142.0,0.0
16593,14955,2,2025-10-31,5,2,1,269.1,129.0,29.9
16594,14956,2,2025-10-31,8,3,1,299.0,129.0,0.0
16595,14957,5,2025-10-31,3,3,1,349.0,150.0,0.0
16596,14958,5,2025-10-31,6,1,1,349.0,150.0,0.0
16597,14959,5,2025-10-31,4,3,1,349.0,150.0,0.0
16598,14960,5,2025-10-31,2,4,1,349.0,150.0,0.0
16599,14961,6,2025-10-31,3,4,2,424.15,215.0,74.85
16600,14962,6,2025-10-31,1,4,1,424.15,215.0,74.85
16601,14963,2,2025-10-31,1,2,1,299.0,129.0,0.0
16602,14964,6,2025-10-31,3,3,1,499.0,215.0,0.0
16603,14965,1,2025-10-31,3,4,1,254.15,129.0,44.85
16604,14966,4,2025-10-31,4,5,1,296.65,150.0,52.35
16605,14967,5,2025-10-31,2,1,1,314.1,150.0,34.9
16606,14968,6,2025-10-31,3,3,1,499.0,215.0,0.0
16607,14969,6,2025-10-31,7,3,1,449.1,215.0,49.9
16608,12821,2,2025-10-31,2,1,1,299.0,129.0,0.0
16609,14970,4,2025-10-31,5,2,1,349.0,150.0,0.0
16610,14971,1,2025-10-31,7,1,1,299.0,129.0,0.0
16611,14972,5,2025-10-31,1,1,1,314.1,150.0,34.9
16612,14973,6,2025-10-31,5,5,1,499.0,215.0,0.0
16613,14974,5,2025-10-31,1,1,1,296.65,150.0,52.35
16614,14975,5,2025-11-01,4,1,1,349.0,150.0,0.0
16615,5338,5,2025-11-01,1,2,2,314.1,150.0,34.9
16616,14976,2,2025-11-01,2,2,1,254.15,129.0,44.85
16617,14977,2,2025-11-01,3,3,1,299.0,129.0,0.0
16618,14978,5,2025-11-01,1,1,1,314.1,150.0,34.9
16619,14979,4,2025-11-01,2,3,1,349.0,150.0,0.0
16620,14980,2,2025-11-01,1,2,1,254.15,129.0,44.85
16621,14981,5,2025-11-01,3,5,1,349.0,150.0,0.0
16622,14982,5,2025-11-01,3,1,1,349.0,150.0,0.0
16623,14983,4,2025-11-01,2,3,1,314.1,150.0,34.9
16624,14984,5,2025-11-01,1,5,1,349.0,150.0,0.0
16625,14985,2,2025-11-01,1,1,1,254.15,129.0,44.85
16626,14986,3,2025-11-01,3,1,2,279.65,142.0,49.35
16627,14987,6,2025-11-01,4,1,1,499.0,215.0,0.0
16628,14988,3,2025-11-01,8,2,1,329.0,142.0,0.0
16629,14989,3,2025-11-01,3,1,1,329.0,142.0,0.0
16630,14990,4,2025-11-01,1,3,1,314.1,150.0,34.9
16631,14991,2,2025-11-01,1,4,1,299.0,129.0,0.0
16632,14992,1,2025-11-01,4,3,1,299.0,129.0,0.0
16633,14993,5,2025-11-01,3,5,1,349.0,150.0,0.0
16634,14994,4,2025-11-01,4,3,1,349.0,150.0,0.0
16635,14995,2,2025-11-01,2,2,1,299.0,129.0,0.0
16636,7212,5,2025-11-01,6,1,1,314.1,150.0,34.9
16637,14996,4,2025-11-01,1,3,1,314.1,150.0,34.9
16638,14997,5,2025-11-01,1,2,1,349.0,150.0,0.0
16639,14998,3,2025-11-01,1,1,1,329.0,142.0,0.0
16640,3951,1,2025-11-01,5,1,1,299.0,129.0,0.0
16641,14999,5,2025-11-01,1,1,1,314.1,150.0,34.9
16642,15000,5,2025-11-01,3,3,1,349.0,150.0,0.0
16643,15001,5,2025-11-01,5,1,1,349.0,150.0,0.0
16644,15002,4,2025-11-01,1,5,1,349.0,150.0,0.0
16645,15003,6,2025-11-01,1,1,1,449.1,215.0,49.9
16646,15004,2,2025-11-01,1,1,1,299.0,129.0,0.0
16647,15005,2,2025-11-01,8,1,2,299.0,129.0,0.0
16648,15006,2,2025-11-01,2,2,1,269.1,129.0,29.9
16649,15007,3,2025-11-01,5,2,2,329.0,142.0,0.0
16650,15008,3,2025-11-01,1,1,1,279.65,142.0,49.35
16651,15009,4,2025-11-01,7,2,1,349.0,150.0,0.0
16652,15010,2,2025-11-01,7,5,1,299.0,129.0,0.0
16653,15011,4,2025-11-01,3,1,1,296.65,150.0,52.35
16654,15012,1,2025-11-01,1,1,1,299.0,129.0,0.0
16655,15013,5,2025-11-01,,1,1,296.65,150.0,52.35
16656,15014,4,2025-11-01,1,3,1,349.0,150.0,0.0
16657,15015,4,2025-11-01,4,2,2,349.0,150.0,0.0
16658,15016,3,2025-11-01,4,1,1,329.0,142.0,0.0
16659,15017,4,2025-11-01,2,3,1,296.65,150.0,52.35
16660,9205,4,2025-11-01,1,4,1,349.0,150.0,0.0
16661,8352,4,2025-11-01,1,2,1,349.0,150.0,0.0
16662,15018,2,2025-11-01,1,1,1,269.1,129.0,29.9
16663,15019,5,2025-11-01,2,1,1,349.0,150.0,0.0
16664,15020,5,2025-11-01,4,1,1,349.0,150.0,0.0
16665,15021,4,2025-11-01,7,1,1,349.0,150.0,0.0
16666,15022,4,2025-11-01,8,2,1,349.0,150.0,0.0
16667,15023,6,2025-11-01,2,2,1,499.0,215.0,0.0
16668,15024,5,2025-11-01,1,2,1,349.0,150.0,0.0
16669,15025,2,2025-11-01,3,1,1,299.0,129.0,0.0
16670,15026,1,2025-11-01,8,5,1,269.1,129.0,29.9
16671,15027,4,2025-11-01,1,2,1,349.0,150.0,0.0
16672,15028,2,2025-11-01,5,2,1,299.0,129.0,0.0
16673,9206,6,2025-11-01,9,3,1,499.0,215.0,0.0
16674,15029,6,2025-11-01,1,1,1,499.0,215.0,0.0
16675,15030,2,2025-11-01,9,4,2,299.0,129.0,0.0
16676,15031,2,2025-11-01,7,1,1,254.15,129.0,44.85
16677,15032,2,2025-11-01,3,1,1,299.0,129.0,0.0
16678,15033,1,2025-11-01,1,1,1,269.1,129.0,29.9
16679,15034,4,2025-11-01,7,2,1,349.0,150.0,0.0
16680,15035,4,2025-11-02,,2,1,349.0,150.0,0.0
16681,15036,5,2025-11-02,1,2,1,349.0,150.0,0.0
16682,15037,6,2025-11-02,3,3,1,499.0,215.0,0.0
16683,15038,4,2025-11-02,5,2,1,314.1,150.0,34.9
16684,1562,5,2025-11-02,7,2,1,349.0,150.0,0.0
16685,15039,1,2025-11-02,1,3,1,299.0,129.0,0.0
16686,15040,5,2025-11-02,3,2,1,349.0,150.0,0.0
16687,13224,1,2025-11-02,1,2,1,299.0,129.0,0.0
16688,15041,4,2025-11-02,2,2,1,349.0,150.0,0.0
16689,5892,1,2025-11-02,1,2,1,299.0,129.0,0.0
16690,15042,3,2025-11-02,4,5,1,329.0,142.0,0.0
16691,15043,5,2025-11-02,1,1,1,349.0,150.0,0.0
16692,15044,1,2025-11-02,1,3,1,299.0,129.0,0.0
16693,15045,4,2025-11-02,1,1,1,349.0,150.0,0.0
16694,15046,5,2025-11-02,3,5,1,349.0,150.0,0.0
16695,7573,2,2025-11-02,1,1,0,299.0,129.0,0.0
16696,15047,4,2025-11-02,7,1,1,349.0,150.0,0.0
16697,15048,4,2025-11-02,5,3,1,349.0,150.0,0.0
16698,14800,4,2025-11-02,5,1,2,349.0,150.0,0.0
16699,15049,3,2025-11-02,2,1,1,296.1,142.0,32.9
16700,15050,4,2025-11-02,1,4,1,349.0,150.0,0.0
16701,15051,3,2025-11-02,1,2,1,329.0,142.0,0.0
16702,15052,2,2025-11-02,3,2,1,299.0,129.0,0.0
16703,15053,4,2025-11-02,6,1,2,349.0,150.0,0.0
16704,15054,5,2025-11-02,4,1,1,349.0,150.0,0.0
16705,15055,4,2025-11-02,3,2,1,349.0,150.0,0.0
16706,15056,3,2025-11-02,1,2,1,329.0,142.0,0.0
16707,15057,5,2025-11-02,3,5,1,349.0,150.0,0.0
16708,15058,4,2025-11-02,1,3,1,349.0,150.0,0.0
16709,15059,6,2025-11-02,2,2,1,499.0,215.0,0.0
16710,15060,6,2025-11-02,1,2,1,449.1,215.0,49.9
16711,15061,5,2025-11-02,1,4,1,349.0,150.0,0.0
16712,15062,5,2025-11-02,7,2,1,349.0,150.0,0.0
16713,15063,5,2025-11-02,2,1,1,349.0,150.0,0.0
16714,15064,2,2025-11-02,7,2,1,299.0,129.0,0.0
16715,15065,4,2025-11-02,1,3,1,349.0,150.0,0.0
16716,15066,6,2025-11-02,8,1,1,499.0,215.0,0.0
16717,15067,2,2025-11-02,2,1,1,299.0,129.0,0.0
16718,15068,5,2025-11-02,3,3,1,349.0,150.0,0.0
16719,15069,2,2025-11-02,1,2,1,299.0,129.0,0.0
16720,5266,3,2025-11-02,1,2,1,296.1,142.0,32.9
16721,15070,6,2025-11-02,8,2,1,499.0,215.0,0.0
16722,13100,4,2025-11-02,2,1,1,349.0,150.0,0.0
16723,15071,5,2025-11-02,1,2,1,349.0,150.0,0.0
16724,15072,5,2025-11-02,1,1,1,314.1,150.0,34.9
16725,15073,5,2025-11-02,6,5,1,349.0,150.0,0.0
16726,15074,5,2025-11-02,1,1,1,349.0,150.0,0.0
16727,11908,1,2025-11-02,2,5,1,269.1,129.0,29.9
16728,15075,1,2025-11-02,3,2,1,299.0,129.0,0.0
16729,15076,4,2025-11-02,3,2,1,314.1,150.0,34.9
16730,15077,4,2025-11-02,5,3,1,349.0,150.0,0.0
16731,15078,5,2025-11-02,5,3,1,314.1,150.0,34.9
16732,15079,5,2025-11-02,,2,1,349.0,150.0,0.0
16733,15080,4,2025-11-02,1,1,1,349.0,150.0,0.0
16734,15081,6,2025-11-02,2,4,1,499.0,215.0,0.0
16735,15082,1,2025-11-02,5,4,1,299.0,129.0,0.0
16736,15083,6,2025-11-02,2,1,1,449.1,215.0,49.9
16737,5209,1,2025-11-02,4,1,1,299.0,129.0,0.0
16738,15084,3,2025-11-02,3,2,1,329.0,142.0,0.0
16739,15085,6,2025-11-02,2,3,1,424.15,215.0,74.85
16740,15086,4,2025-11-02,3,3,1,349.0,150.0,0.0
16741,15087,1,2025-11-02,2,1,1,299.0,129.0,0.0
16742,15088,5,2025-11-02,4,4,1,349.0,150.0,0.0
16743,15089,4,2025-11-02,5,1,1,349.0,150.0,0.0
16744,15090,4,2025-11-02,2,1,1,349.0,150.0,0.0
16745,15091,1,2025-11-02,2,3,1,269.1,129.0,29.9
16746,15092,5,2025-11-03,2,3,1,296.65,150.0,52.35
16747,15093,5,2025-11-03,2,3,1,296.65,150.0,52.35
16748,15094,5,2025-11-03,6,1,2,349.0,150.0,0.0
16749,15095,5,2025-11-03,2,1,1,349.0,150.0,0.0
16750,15096,4,2025-11-03,4,3,1,296.65,150.0,52.35
16751,15097,4,2025-11-03,3,4,1,349.0,150.0,0.0
16752,5907,2,2025-11-03,7,1,1,299.0,129.0,0.0
16753,15098,3,2025-11-03,2,3,1,329.0,142.0,0.0
16754,15099,1,2025-11-03,3,3,1,299.0,129.0,0.0
16755,15100,4,2025-11-03,8,1,1,349.0,150.0,0.0
16756,15101,1,2025-11-03,2,3,1,269.1,129.0,29.9
16757,15102,3,2025-11-03,5,2,1,329.0,142.0,0.0
16758,15103,4,2025-11-03,7,4,1,349.0,150.0,0.0
16759,15104,3,2025-11-03,8,2,1,329.0,142.0,0.0
16760,15105,2,2025-11-03,3,2,1,299.0,129.0,0.0
16761,15106,1,2025-11-03,5,3,1,299.0,129.0,0.0
16762,15107,1,2025-11-03,5,1,1,254.15,129.0,44.85
16763,15108,6,2025-11-03,4,1,1,499.0,215.0,0.0
16764,15109,5,2025-11-03,1,5,1,349.0,150.0,0.0
16765,15110,4,2025-11-03,3,1,1,349.0,150.0,0.0
16766,15111,6,2025-11-03,2,4,1,499.0,215.0,0.0
16767,15112,5,2025-11-03,3,2,1,349.0,150.0,0.0
16768,15113,5,2025-11-03,7,5,1,349.0,150.0,0.0
16769,15114,1,2025-11-03,3,1,1,254.15,129.0,44.85
16770,15115,4,2025-11-03,1,2,1,296.65,150.0,52.35
16771,15116,5,2025-11-03,4,3,1,314.1,150.0,34.9
16772,15117,1,2025-11-03,1,1,1,254.15,129.0,44.85
16773,15118,5,2025-11-03,1,4,1,349.0,150.0,0.0
16774,15119,5,2025-11-03,3,1,1,349.0,150.0,0.0
16775,15120,6,2025-11-03,5,2,1,499.0,215.0,0.0
16776,13637,4,2025-11-03,3,1,1,349.0,150.0,0.0
16777,15121,5,2025-11-03,1,4,1,349.0,150.0,0.0
16778,15122,2,2025-11-03,1,2,1,299.0,129.0,0.0
16779,15123,5,2025-11-03,4,1,1,349.0,150.0,0.0
16780,15124,5,2025-11-03,4,1,1,314.1,150.0,34.9
16781,15125,4,2025-11-03,9,2,1,349.0,150.0,0.0
16782,15126,3,2025-11-03,5,5,1,329.0,142.0,0.0
16783,15127,4,2025-11-03,2,1,1,349.0,150.0,0.0
16784,15128,4,2025-11-03,1,1,1,349.0,150.0,0.0
16785,15129,1,2025-11-03,7,5,1,299.0,129.0,0.0
16786,15130,1,2025-11-03,4,1,1,269.1,129.0,29.9
16787,7117,4,2025-11-03,1,1,1,349.0,150.0,0.0
16788,15131,1,2025-11-03,5,2,1,299.0,129.0,0.0
16789,15132,5,2025-11-03,1,3,1,349.0,150.0,0.0
16790,15133,3,2025-11-03,5,2,1,329.0,142.0,0.0
16791,15134,5,2025-11-03,7,2,1,349.0,150.0,0.0
16792,15135,6,2025-11-03,2,1,1,499.0,215.0,0.0
16793,15136,6,2025-11-03,1,1,1,424.15,215.0,74.85
16794,15137,5,2025-11-03,5,1,1,314.1,150.0,34.9
16795,15138,3,2025-11-03,3,3,1,296.1,142.0,32.9
16796,15139,1,2025-11-03,3,5,1,299.0,129.0,0.0
16797,15140,3,2025-11-03,4,2,1,296.1,142.0,32.9
16798,15141,4,2025-11-03,3,1,1,349.0,150.0,0.0
16799,15142,1,2025-11-03,2,1,1,299.0,129.0,0.0
16800,15143,5,2025-11-03,1,2,1,349.0,150.0,0.0
16801,15144,5,2025-11-03,1,2,1,349.0,150.0,0.0
16802,15145,5,2025-11-03,2,2,1,314.1,150.0,34.9
16803,15146,5,2025-11-03,2,2,1,349.0,150.0,0.0
16804,15147,4,2025-11-03,1,4,1,349.0,150.0,0.0
16805,15148,4,2025-11-03,2,5,1,349.0,150.0,0.0
16806,15149,5,2025-11-03,3,2,1,296.65,150.0,52.35
16807,15150,1,2025-11-03,4,1,1,269.1,129.0,29.9
16808,15151,4,2025-11-03,5,1,1,349.0,150.0,0.0
16809,15152,6,2025-11-03,3,2,1,499.0,215.0,0.0
16810,15153,4,2025-11-04,3,3,1,314.1,150.0,34.9
16811,15154,4,2025-11-04,1,1,1,349.0,150.0,0.0
16812,15155,1,2025-11-04,3,3,1,269.1,129.0,29.9
16813,15156,4,2025-11-04,1,4,2,349.0,150.0,0.0
16814,15157,2,2025-11-04,1,2,1,299.0,129.0,0.0
16815,15158,5,2025-11-04,3,1,1,314.1,150.0,34.9
16816,15159,2,2025-11-04,2,3,1,254.15,129.0,44.85
16817,15160,2,2025-11-04,2,3,1,299.0,129.0,0.0
16818,15161,6,2025-11-04,3,1,1,499.0,215.0,0.0
16819,15162,6,2025-11-04,5,2,1,499.0,215.0,0.0
16820,15163,5,2025-11-04,5,2,1,349.0,150.0,0.0
16821,15164,2,2025-11-04,1,3,1,299.0,129.0,0.0
16822,15165,4,2025-11-04,7,5,2,349.0,150.0,0.0
16823,15166,5,2025-11-04,5,2,1,349.0,150.0,0.0
16824,15167,5,2025-11-04,2,1,1,349.0,150.0,0.0
16825,15168,4,2025-11-04,1,3,1,349.0,150.0,0.0
16826,462,1,2025-11-04,1,1,1,269.1,129.0,29.9
16827,6123,4,2025-11-04,2,1,2,349.0,150.0,0.0
16828,15169,5,2025-11-04,5,5,1,349.0,150.0,0.0
16829,15170,4,2025-11-04,3,1,1,314.1,150.0,34.9
16830,15171,2,2025-11-04,4,1,1,299.0,129.0,0.0
16831,15172,4,2025-11-04,5,5,1,349.0,150.0,0.0
16832,15173,1,2025-11-04,2,1,1,299.0,129.0,0.0
16833,15174,2,2025-11-04,3,1,1,299.0,129.0,0.0
16834,15175,4,2025-11-04,8,2,1,349.0,150.0,0.0
16835,15176,3,2025-11-04,5,1,1,329.0,142.0,0.0
16836,15177,2,2025-11-04,9,4,1,254.15,129.0,44.85
16837,15178,4,2025-11-04,4,1,1,349.0,150.0,0.0
16838,15179,5,2025-11-04,2,2,1,349.0,150.0,0.0
16839,15180,2,2025-11-04,3,3,1,299.0,129.0,0.0
16840,15181,1,2025-11-04,1,1,1,299.0,129.0,0.0
16841,15182,3,2025-11-04,4,1,1,329.0,142.0,0.0
16842,15183,6,2025-11-04,9,5,1,499.0,215.0,0.0
16843,15184,5,2025-11-04,5,1,1,349.0,150.0,0.0
16844,6112,5,2025-11-04,1,1,1,349.0,150.0,0.0
16845,15185,1,2025-11-04,1,3,1,269.1,129.0,29.9
16846,15186,1,2025-11-04,1,1,1,299.0,129.0,0.0
16847,15187,2,2025-11-04,1,1,1,299.0,129.0,0.0
16848,15188,4,2025-11-04,5,1,1,349.0,150.0,0.0
16849,15189,4,2025-11-04,1,5,2,314.1,150.0,34.9
16850,15190,4,2025-11-04,1,1,1,296.65,150.0,52.35
16851,2224,6,2025-11-04,1,2,1,499.0,215.0,0.0
16852,15191,5,2025-11-04,1,2,1,349.0,150.0,0.0
16853,15192,4,2025-11-04,1,2,1,349.0,150.0,0.0
16854,15193,2,2025-11-04,4,5,1,299.0,129.0,0.0
16855,15194,4,2025-11-04,4,1,1,349.0,150.0,0.0
16856,15195,6,2025-11-04,4,2,1,424.15,215.0,74.85
16857,15196,4,2025-11-04,3,5,1,349.0,150.0,0.0
16858,1643,6,2025-11-04,3,4,2,499.0,215.0,0.0
16859,15197,4,2025-11-04,3,3,1,349.0,150.0,0.0
16860,15198,1,2025-11-04,1,3,1,299.0,129.0,0.0
16861,657,2,2025-11-04,2,1,1,299.0,129.0,0.0
16862,15199,1,2025-11-04,3,2,1,299.0,129.0,0.0
16863,15200,4,2025-11-04,4,2,1,349.0,150.0,0.0
16864,7804,6,2025-11-04,7,1,1,499.0,215.0,0.0
16865,9591,2,2025-11-04,1,3,1,299.0,129.0,0.0
16866,15201,4,2025-11-04,5,3,1,349.0,150.0,0.0
16867,15202,5,2025-11-04,5,4,1,314.1,150.0,34.9
16868,15203,4,2025-11-04,3,1,1,296.65,150.0,52.35
16869,15204,4,2025-11-04,8,1,1,349.0,150.0,0.0
16870,15205,5,2025-11-04,1,1,1,296.65,150.0,52.35
16871,15206,1,2025-11-04,7,1,1,299.0,129.0,0.0
16872,15207,3,2025-11-04,1,1,1,329.0,142.0,0.0
16873,15208,4,2025-11-04,2,4,1,349.0,150.0,0.0
16874,15209,2,2025-11-04,1,1,1,299.0,129.0,0.0
16875,15210,4,2025-11-04,8,2,1,296.65,150.0,52.35
16876,2732,4,2025-11-04,1,3,1,349.0,150.0,0.0
16877,15211,4,2025-11-04,4,1,1,349.0,150.0,0.0
16878,15212,4,2025-11-04,4,2,1,349.0,150.0,0.0
16879,15213,1,2025-11-04,5,2,1,269.1,129.0,29.9
16880,15214,5,2025-11-04,6,2,1,314.1,150.0,34.9
16881,15215,5,2025-11-04,1,2,1,296.65,150.0,52.35
16882,15216,5,2025-11-04,,3,1,349.0,150.0,0.0
16883,15217,6,2025-11-04,7,2,1,499.0,215.0,0.0
16884,15218,5,2025-11-05,3,1,1,314.1,150.0,34.9
16885,15219,4,2025-11-05,5,1,1,349.0,150.0,0.0
16886,15220,6,2025-11-05,2,1,1,499.0,215.0,0.0
16887,15221,5,2025-11-05,1,2,1,296.65,150.0,52.35
16888,15222,2,2025-11-05,9,1,1,299.0,129.0,0.0
16889,15223,2,2025-11-05,4,1,1,269.1,129.0,29.9
16890,15224,1,2025-11-05,1,1,1,299.0,129.0,0.0
16891,15225,3,2025-11-05,3,2,1,329.0,142.0,0.0
16892,11170,5,2025-11-05,7,3,1,349.0,150.0,0.0
16893,15226,5,2025-11-05,2,1,1,296.65,150.0,52.35
16894,15227,4,2025-11-05,3,3,1,349.0,150.0,0.0
16895,15228,2,2025-11-05,3,4,1,299.0,129.0,0.0
16896,15229,2,2025-11-05,5,2,1,254.15,129.0,44.85
16897,15230,1,2025-11-05,6,4,1,299.0,129.0,0.0
16898,15231,3,2025-11-05,3,5,1,329.0,142.0,0.0
16899,15232,4,2025-11-05,2,2,1,349.0,150.0,0.0
16900,15233,6,2025-11-05,3,2,1,499.0,215.0,0.0
16901,15234,5,2025-11-05,5,1,1,314.1,150.0,34.9
16902,15235,1,2025-11-05,3,2,1,299.0,129.0,0.0
16903,15236,4,2025-11-05,2,1,1,296.65,150.0,52.35
16904,90277,5,2025-11-05,4,2,2,349.0,150.0,0.0
16905,15238,4,2025-11-05,1,2,1,349.0,150.0,0.0
16906,3233,1,2025-11-05,4,1,1,254.15,129.0,44.85
16907,15239,6,2025-11-05,1,1,2,499.0,215.0,0.0
16908,15240,4,2025-11-05,1,1,1,314.1,150.0,34.9
16909,15241,4,2025-11-05,9,5,1,296.65,150.0,52.35
16910,15242,2,2025-11-05,4,3,1,299.0,129.0,0.0
16911,15243,2,2025-11-05,3,3,1,299.0,129.0,0.0
16912,15244,6,2025-11-05,3,2,1,499.0,215.0,0.0
16913,15245,4,2025-11-05,3,2,1,349.0,150.0,0.0
16914,15246,1,2025-11-05,2,1,2,299.0,129.0,0.0
16915,15247,1,2025-11-05,3,2,1,299.0,129.0,0.0
16916,15248,4,2025-11-05,1,1,1,349.0,150.0,0.0
16917,15249,3,2025-11-05,4,5,1,329.0,142.0,0.0
16918,15250,2,2025-11-05,7,2,1,299.0,129.0,0.0
16919,15251,4,2025-11-05,1,5,1,349.0,150.0,0.0
16920,15252,4,2025-11-05,1,1,1,314.1,150.0,34.9
16921,15253,2,2025-11-05,7,2,1,254.15,129.0,44.85
16922,15254,4,2025-11-05,3,1,1,349.0,150.0,0.0
16923,15255,6,2025-11-05,1,3,1,499.0,215.0,0.0
16924,15256,2,2025-11-05,7,1,1,299.0,129.0,0.0
16925,15257,6,2025-11-05,5,1,1,499.0,215.0,0.0
16926,15258,3,2025-11-05,5,2,1,329.0,142.0,0.0
16927,15259,1,2025-11-05,3,2,1,269.1,129.0,29.9
16928,8931,4,2025-11-05,7,3,1,349.0,150.0,0.0
16929,15260,4,2025-11-05,7,3,1,349.0,150.0,0.0
16930,15261,5,2025-11-05,5,2,1,314.1,150.0,34.9
16931,15262,6,2025-11-05,1,2,1,499.0,215.0,0.0
16932,15263,5,2025-11-05,2,1,1,314.1,150.0,34.9
16933,15264,5,2025-11-05,7,2,1,349.0,150.0,0.0
16934,15265,4,2025-11-05,7,4,1,314.1,150.0,34.9
16935,15266,1,2025-11-05,8,1,1,299.0,129.0,0.0
16936,15267,4,2025-11-05,3,1,1,349.0,150.0,0.0
16937,15268,4,2025-11-05,7,1,1,314.1,150.0,34.9
16938,15269,5,2025-11-05,7,1,1,349.0,150.0,0.0
16939,15270,1,2025-11-05,2,1,1,299.0,129.0,0.0
16940,15271,5,2025-11-05,,1,1,0.0,150.0,34.9
16941,15272,1,2025-11-05,4,3,1,299.0,129.0,0.0
16942,15273,2,2025-11-05,1,5,1,269.1,129.0,29.9
16943,8569,4,2025-11-05,2,1,1,349.0,150.0,0.0
16944,15274,2,2025-11-05,9,4,1,299.0,129.0,0.0
16945,15275,2,2025-11-05,4,1,1,299.0,129.0,0.0
16946,15276,4,2025-11-05,7,1,1,296.65,150.0,52.35
16947,15277,4,2025-11-05,7,3,1,349.0,150.0,0.0
16948,15278,2,2025-11-05,1,4,1,299.0,129.0,0.0
16949,15279,4,2025-11-05,9,1,1,349.0,150.0,0.0
16950,15280,4,2025-11-05,1,2,1,349.0,150.0,0.0
16951,15281,4,2025-11-05,8,2,1,349.0,150.0,0.0
16952,15282,4,2025-11-05,3,3,1,349.0,150.0,0.0
16953,610,6,2025-11-05,2,5,1,499.0,215.0,0.0
16954,15283,5,2025-11-05,5,5,1,296.65,150.0,52.35
16955,15284,5,2025-11-06,7,1,1,349.0,150.0,0.0
16956,15285,6,2025-11-06,1,1,1,499.0,215.0,0.0
16957,90411,4,2025-11-06,5,2,1,349.0,150.0,0.0
16958,15287,4,2025-11-06,4,2,1,349.0,150.0,0.0
16959,4775,2,2025-11-06,5,2,1,269.1,129.0,29.9
16960,15288,3,2025-11-06,7,3,1,329.0,142.0,0.0
16961,8586,1,2025-11-06,2,4,1,299.0,129.0,0.0
16962,15289,1,2025-11-06,9,1,1,299.0,129.0,0.0
16963,15290,3,2025-11-06,8,2,1,329.0,142.0,0.0
16964,15291,3,2025-11-06,1,1,1,329.0,142.0,0.0
16965,15292,5,2025-11-06,5,1,1,349.0,150.0,0.0
16966,15293,6,2025-11-06,4,2,1,499.0,215.0,0.0
16967,11428,5,2025-11-06,1,5,0,349.0,150.0,0.0
16968,15294,2,2025-11-06,,2,1,299.0,129.0,0.0
16969,15295,2,2025-11-06,3,4,1,299.0,129.0,0.0
16970,15296,4,2025-11-06,6,2,1,349.0,150.0,0.0
16971,15297,2,2025-11-06,3,1,1,299.0,129.0,0.0
16972,15298,2,2025-11-06,1,5,1,299.0,129.0,0.0
16973,15299,2,2025-11-06,3,1,1,254.15,129.0,44.85
16974,15300,1,2025-11-06,1,2,1,269.1,129.0,29.9
16975,15301,4,2025-11-06,3,1,1,349.0,150.0,0.0
16976,15302,3,2025-11-06,5,1,1,329.0,142.0,0.0
16977,15303,6,2025-11-06,3,2,1,449.1,215.0,49.9
16978,15304,3,2025-11-06,7,4,1,296.1,142.0,32.9
16979,15305,2,2025-11-06,7,2,2,269.1,129.0,29.9
16980,15306,4,2025-11-06,1,3,1,349.0,150.0,0.0
16981,15307,5,2025-11-06,1,3,1,349.0,150.0,0.0
16982,15308,5,2025-11-06,1,4,1,314.1,150.0,34.9
16983,15309,2,2025-11-06,5,2,1,299.0,129.0,0.0
16984,15310,2,2025-11-06,1,2,1,299.0,129.0,0.0
16985,15311,5,2025-11-06,2,2,1,349.0,150.0,0.0
16986,15312,1,2025-11-06,5,5,1,299.0,129.0,0.0
16987,15313,3,2025-11-06,4,1,1,296.1,142.0,32.9
16988,15314,4,2025-11-06,3,2,1,349.0,150.0,0.0
16989,15315,4,2025-11-06,4,5,1,314.1,150.0,34.9
16990,15316,2,2025-11-06,2,3,1,299.0,129.0,0.0
16991,15317,4,2025-11-06,1,1,1,349.0,150.0,0.0
16992,15318,4,2025-11-06,2,1,1,349.0,150.0,0.0
16993,15319,1,2025-11-06,2,4,1,299.0,129.0,0.0
16994,15320,5,2025-11-06,1,3,1,296.65,150.0,52.35
16995,15321,1,2025-11-06,2,1,2,299.0,129.0,0.0
16996,15322,5,2025-11-06,4,3,1,349.0,150.0,0.0
16997,15323,1,2025-11-06,2,5,1,254.15,129.0,44.85
16998,15324,4,2025-11-06,6,1,1,349.0,150.0,0.0
16999,15325,6,2025-11-06,6,2,1,499.0,215.0,0.0
17000,15326,1,2025-11-06,1,2,1,299.0,129.0,0.0
17001,15327,3,2025-11-06,4,2,1,296.1,142.0,32.9
17002,15328,4,2025-11-06,6,3,1,314.1,150.0,34.9
17003,15329,4,2025-11-06,3,1,1,349.0,150.0,0.0
17004,15330,6,2025-11-06,5,1,1,499.0,215.0,0.0
17005,15331,5,2025-11-06,8,3,1,349.0,150.0,0.0
17006,15332,5,2025-11-06,2,2,1,296.65,150.0,52.35
17007,15333,5,2025-11-06,4,1,1,349.0,150.0,0.0
17008,15334,5,2025-11-06,3,1,1,349.0,150.0,0.0
17009,15335,1,2025-11-06,3,2,1,299.0,129.0,0.0
17010,15336,4,2025-11-06,3,3,1,349.0,150.0,0.0
17011,15337,4,2025-11-06,5,2,1,349.0,150.0,0.0
17012,15338,3,2025-11-06,6,3,1,329.0,142.0,0.0
17013,15339,5,2025-11-06,1,1,1,349.0,150.0,0.0
17014,15340,5,2025-11-06,1,3,1,349.0,150.0,0.0
17015,15341,6,2025-11-06,3,2,1,424.15,215.0,74.85
17016,15342,2,2025-11-06,3,2,1,299.0,129.0,0.0
17017,15343,4,2025-11-06,5,2,1,349.0,150.0,0.0
17018,15344,5,2025-11-06,6,2,1,314.1,150.0,34.9
17019,15345,1,2025-11-06,5,4,1,269.1,129.0,29.9
17020,15346,4,2025-11-06,5,4,1,349.0,150.0,0.0
17021,15347,3,2025-11-06,7,2,1,279.65,142.0,49.35
17022,15348,5,2025-11-07,3,1,1,349.0,150.0,0.0
17023,15349,5,2025-11-07,3,4,1,349.0,150.0,0.0
17024,15350,1,2025-11-07,1,2,1,254.15,129.0,44.85
17025,15351,4,2025-11-07,2,1,1,349.0,150.0,0.0
17026,15352,4,2025-11-07,5,3,1,349.0,150.0,0.0
17027,15353,2,2025-11-07,3,2,1,299.0,129.0,0.0
17028,15354,1,2025-11-07,7,2,1,299.0,129.0,0.0
17029,15355,6,2025-11-07,3,2,1,499.0,215.0,0.0
17030,15356,1,2025-11-07,3,1,1,269.1,129.0,29.9
17031,15357,5,2025-11-07,1,1,1,314.1,150.0,34.9
17032,15358,1,2025-11-07,1,3,1,299.0,129.0,0.0
17033,15359,5,2025-11-07,1,1,1,349.0,150.0,0.0
17034,15360,3,2025-11-07,5,1,1,329.0,142.0,0.0
17035,15361,4,2025-11-07,3,5,1,349.0,150.0,0.0
17036,15362,3,2025-11-07,3,3,1,296.1,142.0,32.9
17037,15363,2,2025-11-07,3,2,1,299.0,129.0,0.0
17038,15364,4,2025-11-07,7,1,1,349.0,150.0,0.0
17039,15365,5,2025-11-07,1,2,1,349.0,150.0,0.0
17040,15366,2,2025-11-07,2,4,1,299.0,129.0,0.0
17041,15367,1,2025-11-07,1,5,1,299.0,129.0,0.0
17042,15368,5,2025-11-07,4,2,2,314.1,150.0,34.9
17043,15369,3,2025-11-07,5,2,1,296.1,142.0,32.9
17044,15370,5,2025-11-07,1,2,2,349.0,150.0,0.0
17045,15371,5,2025-11-07,1,4,2,349.0,150.0,0.0
17046,15372,4,2025-11-07,5,1,1,349.0,150.0,0.0
17047,15373,2,2025-11-07,3,2,1,299.0,129.0,0.0
17048,15374,4,2025-11-07,2,1,1,349.0,150.0,0.0
17049,15375,5,2025-11-07,7,3,1,349.0,150.0,0.0
17050,15376,2,2025-11-07,8,3,1,269.1,129.0,29.9
17051,15377,4,2025-11-07,1,1,1,349.0,150.0,0.0
17052,15378,5,2025-11-07,1,2,1,349.0,150.0,0.0
17053,15379,4,2025-11-07,6,2,1,314.1,150.0,34.9
17054,15380,3,2025-11-07,3,1,1,329.0,142.0,0.0
17055,6659,1,2025-11-07,4,2,2,299.0,129.0,0.0
17056,13094,3,2025-11-07,2,5,1,329.0,142.0,0.0
17057,15381,4,2025-11-07,5,1,1,349.0,150.0,0.0
17058,15382,1,2025-11-07,5,3,1,299.0,129.0,0.0
17059,15383,3,2025-11-07,1,1,1,329.0,142.0,0.0
17060,15384,4,2025-11-07,3,2,1,349.0,150.0,0.0
17061,15385,4,2025-11-07,1,2,1,349.0,150.0,0.0
17062,15386,4,2025-11-07,1,3,1,349.0,150.0,0.0
17063,15387,1,2025-11-07,1,2,2,269.1,129.0,29.9
17064,15388,1,2025-11-07,4,3,1,299.0,129.0,0.0
17065,15389,2,2025-11-07,1,2,1,299.0,129.0,0.0
17066,15390,1,2025-11-07,3,1,1,299.0,129.0,0.0
17067,15391,6,2025-11-07,4,1,1,499.0,215.0,0.0
17068,15392,6,2025-11-07,1,4,1,449.1,215.0,49.9
17069,15393,1,2025-11-07,5,2,1,299.0,129.0,0.0
17070,15394,2,2025-11-07,2,4,1,299.0,129.0,0.0
17071,8238,1,2025-11-07,1,4,1,299.0,129.0,0.0
17072,4297,2,2025-11-07,1,4,1,299.0,129.0,0.0
17073,15395,5,2025-11-07,4,2,1,349.0,150.0,0.0
17074,15396,2,2025-11-07,5,2,2,299.0,129.0,0.0
17075,15397,3,2025-11-07,7,4,1,329.0,142.0,0.0
17076,15398,3,2025-11-07,2,3,1,296.1,142.0,32.9
17077,15399,6,2025-11-07,4,3,1,499.0,215.0,0.0
17078,15400,2,2025-11-07,2,2,1,299.0,129.0,0.0
17079,15401,6,2025-11-07,2,5,1,499.0,215.0,0.0
17080,15402,5,2025-11-07,5,1,1,349.0,150.0,0.0
17081,15403,1,2025-11-07,1,3,1,254.15,129.0,44.85
17082,15404,1,2025-11-07,1,1,1,299.0,129.0,0.0
17083,15405,4,2025-11-07,4,1,1,349.0,150.0,0.0
17084,15406,4,2025-11-07,6,2,1,314.1,150.0,34.9
17085,8016,1,2025-11-07,2,2,1,269.1,129.0,29.9
17086,15407,3,2025-11-07,1,2,1,296.1,142.0,32.9
17087,15408,4,2025-11-07,1,5,1,314.1,150.0,34.9
17088,15409,4,2025-11-07,1,5,2,296.65,150.0,52.35
17089,15410,2,2025-11-08,2,1,1,269.1,129.0,29.9
17090,15411,5,2025-11-08,3,2,1,349.0,150.0,0.0
17091,15412,4,2025-11-08,7,3,1,296.65,150.0,52.35
17092,15413,3,2025-11-08,4,4,1,279.65,142.0,49.35
17093,15414,4,2025-11-08,3,2,1,349.0,150.0,0.0
17094,15415,6,2025-11-08,5,2,1,499.0,215.0,0.0
17095,10405,2,2025-11-08,5,2,1,299.0,129.0,0.0
17096,15416,6,2025-11-08,1,1,1,499.0,215.0,0.0
17097,15417,4,2025-11-08,7,1,2,349.0,150.0,0.0
17098,15418,1,2025-11-08,5,2,1,299.0,129.0,0.0
17099,15419,4,2025-11-08,4,5,1,314.1,150.0,34.9
17100,15420,3,2025-11-08,6,1,1,329.0,142.0,0.0
17101,15421,4,2025-11-08,3,3,2,296.65,150.0,52.35
17102,15422,5,2025-11-08,1,1,1,296.65,150.0,52.35
17103,15423,5,2025-11-08,3,5,1,349.0,150.0,0.0
17104,15424,4,2025-11-08,7,1,1,349.0,150.0,0.0
17105,15425,2,2025-11-08,3,1,1,299.0,129.0,0.0
17106,15426,2,2025-11-08,4,1,1,299.0,129.0,0.0
17107,15427,1,2025-11-08,2,1,1,299.0,129.0,0.0
17108,15428,2,2025-11-08,1,2,1,299.0,129.0,0.0
17109,15429,2,2025-11-08,3,3,1,299.0,129.0,0.0
17110,15430,1,2025-11-08,1,1,1,299.0,129.0,0.0
17111,15431,3,2025-11-08,7,2,1,329.0,142.0,0.0
17112,15432,5,2025-11-08,2,2,1,349.0,150.0,0.0
17113,15433,5,2025-11-08,3,1,1,349.0,150.0,0.0
17114,15434,1,2025-11-08,8,1,1,254.15,129.0,44.85
17115,15435,5,2025-11-08,1,4,1,349.0,150.0,0.0
17116,15436,5,2025-11-08,7,1,1,349.0,150.0,0.0
17117,15437,4,2025-11-08,6,5,2,349.0,150.0,0.0
17118,15438,4,2025-11-08,1,4,1,314.1,150.0,34.9
17119,15439,4,2025-11-08,2,2,1,296.65,150.0,52.35
17120,15440,1,2025-11-08,3,2,1,299.0,129.0,0.0
17121,15441,6,2025-11-08,5,2,1,449.1,215.0,49.9
17122,15442,4,2025-11-08,5,2,2,349.0,150.0,0.0
17123,15443,5,2025-11-08,1,1,1,349.0,150.0,0.0
17124,15444,2,2025-11-08,4,1,1,269.1,129.0,29.9
17125,15445,6,2025-11-08,3,1,1,499.0,215.0,0.0
17126,15446,6,2025-11-08,4,4,1,499.0,215.0,0.0
17127,15447,4,2025-11-08,8,1,1,349.0,150.0,0.0
17128,15448,1,2025-11-08,6,1,1,299.0,129.0,0.0
17129,15449,3,2025-11-08,4,1,1,329.0,142.0,0.0
17130,15450,1,2025-11-08,1,1,1,299.0,129.0,0.0
17131,15451,5,2025-11-08,3,2,1,349.0,150.0,0.0
17132,15452,2,2025-11-08,1,3,1,299.0,129.0,0.0
17133,15453,1,2025-11-08,1,4,1,299.0,129.0,0.0
17134,15454,4,2025-11-08,2,2,1,349.0,150.0,0.0
17135,15455,3,2025-11-08,7,1,1,296.1,142.0,32.9
17136,15456,4,2025-11-08,1,1,1,349.0,150.0,0.0
17137,15457,2,2025-11-08,1,1,1,299.0,129.0,0.0
17138,15458,4,2025-11-08,1,1,1,314.1,150.0,34.9
17139,15459,5,2025-11-08,1,5,1,349.0,150.0,0.0
17140,15460,4,2025-11-08,2,3,1,349.0,150.0,0.0
17141,15461,1,2025-11-08,2,2,1,299.0,129.0,0.0
17142,15462,5,2025-11-08,5,3,1,349.0,150.0,0.0
17143,15463,3,2025-11-08,1,2,2,329.0,142.0,0.0
17144,15464,5,2025-11-08,5,3,1,296.65,150.0,52.35
17145,15465,6,2025-11-08,2,2,1,424.15,215.0,74.85
17146,15466,1,2025-11-08,2,3,1,299.0,129.0,0.0
17147,15467,2,2025-11-08,1,1,1,299.0,129.0,0.0
17148,15468,4,2025-11-08,1,4,1,349.0,150.0,0.0
17149,15038,5,2025-11-08,2,3,1,349.0,150.0,0.0
17150,15469,5,2025-11-08,1,1,1,349.0,150.0,0.0
17151,15470,3,2025-11-08,3,1,1,279.65,142.0,49.35
17152,5171,2,2025-11-08,1,2,1,269.1,129.0,29.9
17153,15471,1,2025-11-08,3,5,1,299.0,129.0,0.0
17154,15472,6,2025-11-08,8,2,1,499.0,215.0,0.0
17155,15473,5,2025-11-08,5,3,1,349.0,150.0,0.0
17156,15474,4,2025-11-09,4,1,1,349.0,150.0,0.0
17157,15475,6,2025-11-09,1,2,1,499.0,215.0,0.0
17158,15476,5,2025-11-09,1,1,1,349.0,150.0,0.0
17159,15477,5,2025-11-09,4,3,1,349.0,150.0,0.0
17160,13165,5,2025-11-09,1,1,1,349.0,150.0,0.0
17161,15478,4,2025-11-09,1,4,1,349.0,150.0,0.0
17162,15479,6,2025-11-09,1,1,1,499.0,215.0,0.0
17163,15480,5,2025-11-09,1,2,1,349.0,150.0,0.0
17164,15481,1,2025-11-09,3,1,1,254.15,129.0,44.85
17165,15482,5,2025-11-09,7,5,1,296.65,150.0,52.35
17166,15483,1,2025-11-09,5,2,2,269.1,129.0,29.9
17167,15484,1,2025-11-09,2,4,2,269.1,129.0,29.9
17168,15485,3,2025-11-09,4,2,1,329.0,142.0,0.0
17169,15486,1,2025-11-09,5,3,1,299.0,129.0,0.0
17170,15487,5,2025-11-09,2,2,1,349.0,150.0,0.0
17171,15488,4,2025-11-09,1,2,1,349.0,150.0,0.0
17172,15489,2,2025-11-09,3,3,1,299.0,129.0,0.0
17173,15490,6,2025-11-09,1,1,1,449.1,215.0,49.9
17174,15491,1,2025-11-09,2,4,2,299.0,129.0,0.0
17175,15492,1,2025-11-09,7,3,2,254.15,129.0,44.85
17176,10285,6,2025-11-09,5,1,1,499.0,215.0,0.0
17177,2772,4,2025-11-09,4,1,1,349.0,150.0,0.0
17178,15493,2,2025-11-09,2,2,1,299.0,129.0,0.0
17179,15494,6,2025-11-09,3,5,1,499.0,215.0,0.0
17180,15495,5,2025-11-09,1,5,1,349.0,150.0,0.0
17181,15496,2,2025-11-09,9,4,1,299.0,129.0,0.0
17182,15497,5,2025-11-09,1,1,1,349.0,150.0,0.0
17183,15498,5,2025-11-09,1,4,1,349.0,150.0,0.0
17184,15499,5,2025-11-09,5,5,2,349.0,150.0,0.0
17185,15500,3,2025-11-09,3,1,1,296.1,142.0,32.9
17186,15501,5,2025-11-09,8,1,2,349.0,150.0,0.0
17187,15502,3,2025-11-09,7,1,1,296.1,142.0,32.9
17188,15503,6,2025-11-09,1,1,1,424.15,215.0,74.85
17189,15504,2,2025-11-09,1,5,1,299.0,129.0,0.0
17190,15505,4,2025-11-09,3,2,2,349.0,150.0,0.0
17191,15506,5,2025-11-09,4,2,2,314.1,150.0,34.9
17192,15507,2,2025-11-09,1,2,1,254.15,129.0,44.85
17193,15508,4,2025-11-09,3,1,1,296.65,150.0,52.35
17194,15509,5,2025-11-09,5,3,1,349.0,150.0,0.0
17195,15510,1,2025-11-09,1,2,1,299.0,129.0,0.0
17196,15511,5,2025-11-09,3,1,1,349.0,150.0,0.0
17197,15512,5,2025-11-09,3,2,1,349.0,150.0,0.0
17198,9829,5,2025-11-09,3,4,1,314.1,150.0,34.9
17199,15513,4,2025-11-09,2,1,1,296.65,150.0,52.35
17200,15514,1,2025-11-09,6,2,1,269.1,129.0,29.9
17201,15515,1,2025-11-09,3,1,1,269.1,129.0,29.9
17202,15516,6,2025-11-09,1,1,1,449.1,215.0,49.9
17203,4284,4,2025-11-09,2,2,1,349.0,150.0,0.0
17204,15517,4,2025-11-09,8,2,1,349.0,150.0,0.0
17205,15518,6,2025-11-09,8,3,1,424.15,215.0,74.85
17206,15519,4,2025-11-09,4,2,1,349.0,150.0,0.0
17207,15520,3,2025-11-09,1,2,1,296.1,142.0,32.9
17208,15521,1,2025-11-09,5,1,1,299.0,129.0,0.0
17209,15522,5,2025-11-09,2,4,1,349.0,150.0,0.0
17210,15523,1,2025-11-09,7,5,1,299.0,129.0,0.0
17211,15524,6,2025-11-09,4,1,2,499.0,215.0,0.0
17212,15525,5,2025-11-09,1,2,2,349.0,150.0,0.0
17213,15526,5,2025-11-09,2,1,1,314.1,150.0,34.9
17214,15527,1,2025-11-09,4,3,2,269.1,129.0,29.9
17215,15528,5,2025-11-09,1,1,1,349.0,150.0,0.0
17216,15529,5,2025-11-09,5,2,1,349.0,150.0,0.0
17217,15530,4,2025-11-09,5,1,1,349.0,150.0,0.0
17218,15531,5,2025-11-09,2,2,1,349.0,150.0,0.0
17219,15532,5,2025-11-09,1,2,1,314.1,150.0,34.9
17220,15533,1,2025-11-09,3,1,1,299.0,129.0,0.0
17221,15534,5,2025-11-09,2,5,1,314.1,150.0,34.9
17222,15535,2,2025-11-09,2,2,1,254.15,129.0,44.85
17223,15536,3,2025-11-09,2,1,1,329.0,142.0,0.0
17224,7682,5,2025-11-09,1,4,1,349.0,150.0,0.0
17225,15537,1,2025-11-09,1,1,1,299.0,129.0,0.0
17226,15538,4,2025-11-09,3,2,1,314.1,150.0,34.9
17227,15539,2,2025-11-09,1,2,1,299.0,129.0,0.0
17228,15540,3,2025-11-09,5,1,1,329.0,142.0,0.0
17229,15541,1,2025-11-10,1,2,1,299.0,129.0,0.0
17230,3917,2,2025-11-10,6,1,1,299.0,129.0,0.0
17231,15542,5,2025-11-10,1,4,1,349.0,150.0,0.0
17232,15543,2,2025-11-10,1,2,1,299.0,129.0,0.0
17233,6683,2,2025-11-10,5,4,1,299.0,129.0,0.0
17234,15544,6,2025-11-10,1,1,1,499.0,215.0,0.0
17235,15545,5,2025-11-10,3,1,1,349.0,150.0,0.0
17236,15546,4,2025-11-10,2,1,1,349.0,150.0,0.0
17237,15547,1,2025-11-10,7,2,1,299.0,129.0,0.0
17238,15548,4,2025-11-10,1,3,1,349.0,150.0,0.0
17239,15549,5,2025-11-10,1,1,1,349.0,150.0,0.0
17240,15550,5,2025-11-10,7,5,1,296.65,150.0,52.35
17241,15551,6,2025-11-10,1,4,1,499.0,215.0,0.0
17242,15552,4,2025-11-10,8,2,1,349.0,150.0,0.0
17243,15553,5,2025-11-10,4,1,1,349.0,150.0,0.0
17244,15554,2,2025-11-10,5,2,1,269.1,129.0,29.9
17245,15555,3,2025-11-10,1,1,1,329.0,142.0,0.0
17246,15556,2,2025-11-10,1,4,1,299.0,129.0,0.0
17247,15557,6,2025-11-10,3,1,1,499.0,215.0,0.0
17248,15558,1,2025-11-10,2,5,1,254.15,129.0,44.85
17249,15559,5,2025-11-10,1,2,1,349.0,150.0,0.0
17250,15560,4,2025-11-10,1,1,1,349.0,150.0,0.0
17251,15561,4,2025-11-10,1,2,2,349.0,150.0,0.0
17252,15562,4,2025-11-10,1,2,1,349.0,150.0,0.0
17253,15563,6,2025-11-10,3,2,2,449.1,215.0,49.9
17254,15564,5,2025-11-10,3,1,1,349.0,150.0,0.0
17255,10493,6,2025-11-10,7,3,2,499.0,215.0,0.0
17256,15565,1,2025-11-10,1,3,1,299.0,129.0,0.0
17257,15566,5,2025-11-10,5,3,1,349.0,150.0,0.0
17258,15567,4,2025-11-10,4,2,1,349.0,150.0,0.0
17259,15568,6,2025-11-10,4,3,1,449.1,215.0,49.9
17260,15569,4,2025-11-10,3,4,1,349.0,150.0,0.0
17261,15570,6,2025-11-10,4,1,1,499.0,215.0,0.0
17262,15571,2,2025-11-10,5,3,1,299.0,129.0,0.0
17263,15572,5,2025-11-10,4,5,1,349.0,150.0,0.0
17264,15573,5,2025-11-10,2,3,1,349.0,150.0,0.0
17265,15574,1,2025-11-10,8,2,1,299.0,129.0,0.0
17266,14070,5,2025-11-10,1,1,1,349.0,150.0,0.0
17267,15575,6,2025-11-10,1,3,1,499.0,215.0,0.0
17268,15576,4,2025-11-10,5,3,1,349.0,150.0,0.0
17269,15577,1,2025-11-10,3,1,1,299.0,129.0,0.0
17270,15578,2,2025-11-10,5,1,1,299.0,129.0,0.0
17271,15579,2,2025-11-10,3,1,1,269.1,129.0,29.9
17272,7877,1,2025-11-10,6,1,1,299.0,129.0,0.0
17273,15580,3,2025-11-10,1,1,2,329.0,142.0,0.0
17274,15581,4,2025-11-10,2,1,1,349.0,150.0,0.0
17275,15582,4,2025-11-10,7,1,1,349.0,150.0,0.0
17276,15583,3,2025-11-10,7,1,1,329.0,142.0,0.0
17277,2251,4,2025-11-10,5,3,1,349.0,150.0,0.0
17278,15584,2,2025-11-10,1,2,1,299.0,129.0,0.0
17279,15585,5,2025-11-10,1,2,1,314.1,150.0,34.9
17280,15586,4,2025-11-10,3,1,1,314.1,150.0,34.9
17281,15587,4,2025-11-10,2,2,1,349.0,150.0,0.0
17282,15588,4,2025-11-10,1,5,1,349.0,150.0,0.0
17283,8032,5,2025-11-10,3,3,1,314.1,150.0,34.9
17284,15589,1,2025-11-10,2,2,1,299.0,129.0,0.0
17285,15590,2,2025-11-10,3,4,1,254.15,129.0,44.85
17286,15591,4,2025-11-10,1,1,1,349.0,150.0,0.0
17287,15592,4,2025-11-10,1,1,1,349.0,150.0,0.0
17288,15593,4,2025-11-10,3,3,1,349.0,150.0,0.0
17289,15594,5,2025-11-10,1,1,1,349.0,150.0,0.0
17290,15595,5,2025-11-10,1,2,2,349.0,150.0,0.0
17291,15596,2,2025-11-10,3,3,1,299.0,129.0,0.0
17292,15597,2,2025-11-10,3,2,2,299.0,129.0,0.0
17293,15598,5,2025-11-10,1,3,1,349.0,150.0,0.0
17294,15599,5,2025-11-10,3,5,1,349.0,150.0,0.0
17295,15600,1,2025-11-10,5,5,1,299.0,129.0,0.0
17296,15601,1,2025-11-10,1,1,1,299.0,129.0,0.0
17297,15602,1,2025-11-10,3,2,1,299.0,129.0,0.0
17298,15603,3,2025-11-10,6,1,1,296.1,142.0,32.9
17299,13850,4,2025-11-10,7,1,1,296.65,150.0,52.35
17300,5321,2,2025-11-11,1,2,1,299.0,129.0,0.0
17301,15604,3,2025-11-11,5,1,2,279.65,142.0,49.35
17302,15605,4,2025-11-11,1,1,1,349.0,150.0,0.0
17303,15606,5,2025-11-11,1,2,1,349.0,150.0,0.0
17304,15607,6,2025-11-11,4,2,1,499.0,215.0,0.0
17305,15608,5,2025-11-11,3,3,1,349.0,150.0,0.0
17306,15609,4,2025-11-11,1,2,1,349.0,150.0,0.0
17307,15610,4,2025-11-11,1,5,1,349.0,150.0,0.0
17308,15611,5,2025-11-11,2,2,1,349.0,150.0,0.0
17309,15612,2,2025-11-11,1,2,1,254.15,129.0,44.85
17310,15613,5,2025-11-11,8,2,1,349.0,150.0,0.0
17311,4534,6,2025-11-11,2,3,1,499.0,215.0,0.0
17312,15614,3,2025-11-11,3,3,2,329.0,142.0,0.0
17313,15615,4,2025-11-11,1,5,1,349.0,150.0,0.0
17314,1575,6,2025-11-11,3,2,1,499.0,215.0,0.0
17315,15616,6,2025-11-11,3,5,1,499.0,215.0,0.0
17316,15617,1,2025-11-11,1,2,1,299.0,129.0,0.0
17317,15618,5,2025-11-11,1,2,1,349.0,150.0,0.0
17318,15619,1,2025-11-11,5,2,1,269.1,129.0,29.9
17319,15620,5,2025-11-11,5,2,1,314.1,150.0,34.9
17320,15621,5,2025-11-11,5,1,1,349.0,150.0,0.0
17321,15622,3,2025-11-11,5,3,1,279.65,142.0,49.35
17322,15623,5,2025-11-11,1,3,1,349.0,150.0,0.0
17323,15624,2,2025-11-11,3,1,1,299.0,129.0,0.0
17324,212,6,2025-11-11,1,3,1,449.1,215.0,49.9
17325,15625,2,2025-11-11,2,1,1,299.0,129.0,0.0
17326,15626,3,2025-11-11,1,1,1,329.0,142.0,0.0
17327,15627,6,2025-11-11,5,3,1,499.0,215.0,0.0
17328,15628,2,2025-11-11,3,1,1,299.0,129.0,0.0
17329,15629,2,2025-11-11,8,1,1,299.0,129.0,0.0
17330,15630,3,2025-11-11,3,1,1,329.0,142.0,0.0
17331,15631,3,2025-11-11,1,1,1,329.0,142.0,0.0
17332,15632,1,2025-11-11,4,3,1,299.0,129.0,0.0
17333,15633,6,2025-11-11,1,2,1,499.0,215.0,0.0
17334,15634,2,2025-11-11,5,4,1,269.1,129.0,29.9
17335,15635,6,2025-11-11,1,2,1,424.15,215.0,74.85
17336,15636,6,2025-11-11,6,2,1,499.0,215.0,0.0
17337,15637,3,2025-11-11,2,1,1,329.0,142.0,0.0
17338,15638,6,2025-11-11,1,3,1,499.0,215.0,0.0
17339,15639,5,2025-11-11,5,3,1,349.0,150.0,0.0
17340,15640,4,2025-11-11,3,2,1,349.0,150.0,0.0
17341,15641,5,2025-11-11,1,2,1,349.0,150.0,0.0
17342,15642,1,2025-11-11,1,1,1,299.0,129.0,0.0
17343,15643,5,2025-11-11,2,5,1,349.0,150.0,0.0
17344,15644,2,2025-11-11,4,2,1,299.0,129.0,0.0
17345,8152,5,2025-11-11,1,1,1,349.0,150.0,0.0
17346,15645,3,2025-11-11,1,4,1,329.0,142.0,0.0
17347,15646,6,2025-11-11,4,1,1,499.0,215.0,0.0
17348,15647,4,2025-11-11,1,2,1,349.0,150.0,0.0
17349,15648,5,2025-11-11,1,1,1,349.0,150.0,0.0
17350,15649,4,2025-11-11,3,2,1,296.65,150.0,52.35
17351,15650,4,2025-11-11,3,2,1,296.65,150.0,52.35
17352,15651,4,2025-11-11,3,2,1,349.0,150.0,0.0
17353,15652,5,2025-11-11,3,1,1,349.0,150.0,0.0
17354,6422,5,2025-11-11,5,5,2,349.0,150.0,0.0
17355,15653,6,2025-11-11,5,3,1,499.0,215.0,0.0
17356,15654,4,2025-11-11,1,2,1,349.0,150.0,0.0
17357,15655,4,2025-11-11,5,5,1,349.0,150.0,0.0
17358,15656,2,2025-11-11,2,2,1,254.15,129.0,44.85
17359,8402,5,2025-11-11,3,1,1,296.65,150.0,52.35
17360,15657,3,2025-11-11,6,1,1,329.0,142.0,0.0
17361,15658,3,2025-11-11,2,2,1,329.0,142.0,0.0
17362,15659,4,2025-11-11,9,2,1,314.1,150.0,34.9
17363,15660,3,2025-11-11,3,2,1,296.1,142.0,32.9
17364,7917,5,2025-11-11,3,3,1,349.0,150.0,0.0
17365,15661,4,2025-11-12,7,5,1,349.0,150.0,0.0
17366,15662,1,2025-11-12,5,1,1,299.0,129.0,0.0
17367,15663,2,2025-11-12,3,1,1,269.1,129.0,29.9
17368,15664,1,2025-11-12,7,2,1,299.0,129.0,0.0
17369,15665,3,2025-11-12,3,3,1,329.0,142.0,0.0
17370,15666,5,2025-11-12,1,2,1,349.0,150.0,0.0
17371,5769,6,2025-11-12,3,1,1,424.15,215.0,74.85
17372,15667,1,2025-11-12,1,1,1,299.0,129.0,0.0
17373,15668,4,2025-11-12,1,1,1,296.65,150.0,52.35
17374,15669,4,2025-11-12,4,1,1,296.65,150.0,52.35
17375,15670,3,2025-11-12,1,2,1,329.0,142.0,0.0
17376,6505,6,2025-11-12,3,1,1,449.1,215.0,49.9
17377,15671,4,2025-11-12,7,1,1,349.0,150.0,0.0
17378,11701,5,2025-11-12,3,2,1,349.0,150.0,0.0
17379,15672,3,2025-11-12,3,3,1,296.1,142.0,32.9
17380,15673,1,2025-11-12,7,4,1,254.15,129.0,44.85
17381,15674,4,2025-11-12,8,1,1,349.0,150.0,0.0
17382,15675,1,2025-11-12,6,2,1,299.0,129.0,0.0
17383,15676,1,2025-11-12,1,1,1,299.0,129.0,0.0
17384,15677,1,2025-11-12,7,4,1,299.0,129.0,0.0
17385,15678,6,2025-11-12,3,2,1,499.0,215.0,0.0
17386,15679,1,2025-11-12,7,1,1,299.0,129.0,0.0
17387,730,2,2025-11-12,5,2,1,299.0,129.0,0.0
17388,15680,6,2025-11-12,4,2,1,499.0,215.0,0.0
17389,15681,5,2025-11-12,8,3,2,349.0,150.0,0.0
17390,15682,2,2025-11-12,3,1,1,299.0,129.0,0.0
17391,15683,4,2025-11-12,7,1,1,314.1,150.0,34.9
17392,15684,1,2025-11-12,5,2,1,299.0,129.0,0.0
17393,15685,5,2025-11-12,4,5,1,314.1,150.0,34.9
17394,10851,4,2025-11-12,7,1,1,349.0,150.0,0.0
17395,15686,2,2025-11-12,1,2,1,299.0,129.0,0.0
17396,15687,1,2025-11-12,4,5,1,299.0,129.0,0.0
17397,15688,1,2025-11-12,4,3,1,299.0,129.0,0.0
17398,15689,6,2025-11-12,3,2,1,424.15,215.0,74.85
17399,15690,2,2025-11-12,1,1,1,299.0,129.0,0.0
17400,15691,6,2025-11-12,3,2,1,499.0,215.0,0.0
17401,15692,5,2025-11-12,2,2,1,314.1,150.0,34.9
17402,15693,5,2025-11-12,1,1,1,349.0,150.0,0.0
17403,1114,1,2025-11-12,1,4,1,254.15,129.0,44.85
17404,15694,4,2025-11-12,3,2,1,296.65,150.0,52.35
17405,15695,2,2025-11-12,7,5,1,299.0,129.0,0.0
17406,15696,2,2025-11-12,1,2,1,299.0,129.0,0.0
17407,15697,4,2025-11-12,3,2,1,349.0,150.0,0.0
17408,15698,5,2025-11-12,2,1,1,349.0,150.0,0.0
17409,15699,4,2025-11-12,7,1,1,349.0,150.0,0.0
17410,15700,4,2025-11-12,2,2,1,314.1,150.0,34.9
17411,13105,6,2025-11-12,5,3,1,499.0,215.0,0.0
17412,15701,5,2025-11-12,3,1,1,349.0,150.0,0.0
17413,15702,3,2025-11-12,3,3,1,296.1,142.0,32.9
17414,15703,3,2025-11-12,1,5,1,329.0,142.0,0.0
17415,15704,5,2025-11-12,2,3,1,349.0,150.0,0.0
17416,15705,1,2025-11-12,5,2,2,299.0,129.0,0.0
17417,10676,6,2025-11-12,2,4,1,499.0,215.0,0.0
17418,15706,5,2025-11-12,1,1,1,296.65,150.0,52.35
17419,15707,2,2025-11-12,1,2,1,269.1,129.0,29.9
17420,15708,5,2025-11-12,2,2,1,349.0,150.0,0.0
17421,15709,4,2025-11-12,6,2,1,349.0,150.0,0.0
17422,15710,5,2025-11-12,3,2,1,349.0,150.0,0.0
17423,15711,6,2025-11-12,3,2,1,449.1,215.0,49.9
17424,15712,5,2025-11-12,3,2,1,349.0,150.0,0.0
17425,15713,3,2025-11-12,2,2,1,329.0,142.0,0.0
17426,15714,5,2025-11-12,2,1,1,349.0,150.0,0.0
17427,7552,5,2025-11-12,2,1,2,349.0,150.0,0.0
17428,15715,3,2025-11-13,3,1,2,329.0,142.0,0.0
17429,15716,6,2025-11-13,1,2,1,499.0,215.0,0.0
17430,15717,5,2025-11-13,5,4,2,349.0,150.0,0.0
17431,15718,1,2025-11-13,5,2,1,299.0,129.0,0.0
17432,15719,4,2025-11-13,2,2,1,349.0,150.0,0.0
17433,15720,2,2025-11-13,4,2,1,299.0,129.0,0.0
17434,12851,3,2025-11-13,1,1,1,329.0,142.0,0.0
17435,12241,4,2025-11-13,6,4,1,349.0,150.0,0.0
17436,15721,6,2025-11-13,2,1,1,499.0,215.0,0.0
17437,4672,4,2025-11-13,8,3,1,349.0,150.0,0.0
17438,15722,5,2025-11-13,2,5,1,349.0,150.0,0.0
17439,15723,4,2025-11-13,3,5,1,349.0,150.0,0.0
17440,15724,6,2025-11-13,7,2,1,424.15,215.0,74.85
17441,15725,1,2025-11-13,1,4,1,299.0,129.0,0.0
17442,15726,3,2025-11-13,1,1,1,329.0,142.0,0.0
17443,15727,6,2025-11-13,1,2,1,449.1,215.0,49.9
17444,15728,6,2025-11-13,1,2,1,499.0,215.0,0.0
17445,15729,4,2025-11-13,1,3,1,349.0,150.0,0.0
17446,15730,4,2025-11-13,8,5,1,314.1,150.0,34.9
17447,15731,2,2025-11-13,1,2,1,299.0,129.0,0.0
17448,15732,4,2025-11-13,5,4,1,296.65,150.0,52.35
17449,15733,4,2025-11-13,3,4,1,296.65,150.0,52.35
17450,15734,3,2025-11-13,1,2,1,329.0,142.0,0.0
17451,15735,5,2025-11-13,2,1,1,349.0,150.0,0.0
17452,15736,6,2025-11-13,7,1,1,499.0,215.0,0.0
17453,15737,5,2025-11-13,2,1,1,349.0,150.0,0.0
17454,8791,3,2025-11-13,3,5,1,329.0,142.0,0.0
17455,15738,2,2025-11-13,7,1,1,299.0,129.0,0.0
17456,15739,4,2025-11-13,5,4,1,349.0,150.0,0.0
17457,15740,1,2025-11-13,3,3,1,299.0,129.0,0.0
17458,15741,5,2025-11-13,1,3,1,349.0,150.0,0.0
17459,15742,2,2025-11-13,5,1,1,299.0,129.0,0.0
17460,13837,5,2025-11-13,1,1,1,349.0,150.0,0.0
17461,15743,4,2025-11-13,3,4,1,349.0,150.0,0.0
17462,15744,2,2025-11-13,3,4,1,299.0,129.0,0.0
17463,15745,4,2025-11-13,7,1,1,349.0,150.0,0.0
17464,15746,6,2025-11-13,3,1,1,499.0,215.0,0.0
17465,15747,5,2025-11-13,9,4,2,349.0,150.0,0.0
17466,15748,4,2025-11-13,1,5,1,296.65,150.0,52.35
17467,15749,5,2025-11-13,3,2,1,349.0,150.0,0.0
17468,15750,5,2025-11-13,6,2,1,349.0,150.0,0.0
17469,15751,3,2025-11-13,1,3,1,329.0,142.0,0.0
17470,15752,1,2025-11-13,2,3,1,299.0,129.0,0.0
17471,3207,1,2025-11-13,4,2,1,269.1,129.0,29.9
17472,15753,1,2025-11-13,3,1,1,299.0,129.0,0.0
17473,15754,2,2025-11-13,5,2,1,299.0,129.0,0.0
17474,15755,5,2025-11-13,5,2,1,349.0,150.0,0.0
17475,15756,2,2025-11-13,1,2,1,299.0,129.0,0.0
17476,15757,4,2025-11-13,1,2,1,349.0,150.0,0.0
17477,15758,1,2025-11-13,1,1,1,299.0,129.0,0.0
17478,15759,5,2025-11-13,3,2,1,314.1,150.0,34.9
17479,15760,4,2025-11-13,2,2,1,349.0,150.0,0.0
17480,15761,4,2025-11-13,4,1,1,349.0,150.0,0.0
17481,15762,4,2025-11-13,7,1,1,349.0,150.0,0.0
17482,15763,5,2025-11-13,4,3,1,349.0,150.0,0.0
17483,15764,4,2025-11-13,5,1,1,314.1,150.0,34.9
17484,15427,5,2025-11-13,6,4,1,349.0,150.0,0.0
17485,15765,2,2025-11-13,2,3,1,269.1,129.0,29.9
17486,15766,1,2025-11-13,7,2,1,299.0,129.0,0.0
17487,10414,3,2025-11-13,3,2,1,329.0,142.0,0.0
17488,15767,5,2025-11-13,8,2,1,349.0,150.0,0.0
17489,15768,5,2025-11-13,3,4,1,349.0,150.0,0.0
17490,15769,4,2025-11-13,1,4,2,314.1,150.0,34.9
17491,98,5,2025-11-13,2,2,1,349.0,150.0,0.0
17492,15770,5,2025-11-14,2,4,1,314.1,150.0,34.9
17493,15771,5,2025-11-14,3,3,1,314.1,150.0,34.9
17494,1578,5,2025-11-14,1,3,1,349.0,150.0,0.0
17495,15772,1,2025-11-14,1,2,1,254.15,129.0,44.85
17496,15773,6,2025-11-14,7,4,1,499.0,215.0,0.0
17497,15774,2,2025-11-14,7,2,1,299.0,129.0,0.0
17498,15775,1,2025-11-14,7,4,1,299.0,129.0,0.0
17499,15776,2,2025-11-14,3,3,1,269.1,129.0,29.9
17500,15777,4,2025-11-14,1,2,1,349.0,150.0,0.0
17501,15778,1,2025-11-14,5,3,1,299.0,129.0,0.0
17502,15779,2,2025-11-14,2,1,1,299.0,129.0,0.0
17503,15780,1,2025-11-14,5,3,1,299.0,129.0,0.0
17504,15781,5,2025-11-14,6,3,1,349.0,150.0,0.0
17505,15782,1,2025-11-14,5,2,1,299.0,129.0,0.0
17506,15783,5,2025-11-14,3,3,1,349.0,150.0,0.0
17507,15784,5,2025-11-14,1,1,1,349.0,150.0,0.0
17508,15785,3,2025-11-14,2,2,1,329.0,142.0,0.0
17509,15786,6,2025-11-14,7,1,1,499.0,215.0,0.0
17510,15787,5,2025-11-14,2,5,1,296.65,150.0,52.35
17511,15788,1,2025-11-14,3,5,1,299.0,129.0,0.0
17512,15789,4,2025-11-14,5,2,1,314.1,150.0,34.9
17513,15790,1,2025-11-14,4,5,1,299.0,129.0,0.0
17514,7488,2,2025-11-14,7,1,1,299.0,129.0,0.0
17515,3452,1,2025-11-14,3,1,1,299.0,129.0,0.0
17516,15791,4,2025-11-14,3,3,1,349.0,150.0,0.0
17517,15792,4,2025-11-14,2,3,1,314.1,150.0,34.9
17518,2819,5,2025-11-14,,3,1,349.0,150.0,0.0
17519,15793,1,2025-11-14,1,3,1,269.1,129.0,29.9
17520,15794,4,2025-11-14,3,2,1,349.0,150.0,0.0
17521,15795,4,2025-11-14,1,3,1,296.65,150.0,52.35
17522,15796,3,2025-11-14,1,2,1,329.0,142.0,0.0
17523,15797,5,2025-11-14,1,1,1,349.0,150.0,0.0
17524,15798,6,2025-11-14,3,3,1,424.15,215.0,74.85
17525,15799,6,2025-11-14,1,1,1,499.0,215.0,0.0
17526,15800,2,2025-11-14,2,2,1,299.0,129.0,0.0
17527,15801,1,2025-11-14,3,1,2,254.15,129.0,44.85
17528,15802,6,2025-11-14,2,2,1,449.1,215.0,49.9
17529,15803,3,2025-11-14,3,1,1,329.0,142.0,0.0
17530,15804,4,2025-11-14,4,2,1,349.0,150.0,0.0
17531,15805,1,2025-11-14,1,4,1,299.0,129.0,0.0
17532,15806,4,2025-11-14,1,1,1,349.0,150.0,0.0
17533,15807,3,2025-11-14,2,3,1,329.0,142.0,0.0
17534,15808,6,2025-11-14,2,1,1,499.0,215.0,0.0
17535,15809,5,2025-11-14,1,3,1,349.0,150.0,0.0
17536,15810,2,2025-11-14,1,1,1,299.0,129.0,0.0
17537,12705,3,2025-11-14,8,2,1,329.0,142.0,0.0
17538,15811,3,2025-11-14,4,2,1,296.1,142.0,32.9
17539,15812,4,2025-11-14,2,1,2,349.0,150.0,0.0
17540,15033,2,2025-11-14,8,3,1,299.0,129.0,0.0
17541,8299,5,2025-11-14,1,2,1,296.65,150.0,52.35
17542,15813,6,2025-11-14,6,2,1,424.15,215.0,74.85
17543,15814,1,2025-11-14,4,3,1,299.0,129.0,0.0
17544,15815,2,2025-11-14,1,1,1,269.1,129.0,29.9
17545,15816,2,2025-11-14,5,1,1,299.0,129.0,0.0
17546,15817,5,2025-11-14,1,1,1,349.0,150.0,0.0
17547,15818,5,2025-11-14,1,2,1,349.0,150.0,0.0
17548,15819,2,2025-11-14,8,3,1,299.0,129.0,0.0
17549,15820,2,2025-11-14,3,5,1,254.15,129.0,44.85
17550,10889,5,2025-11-14,1,3,1,349.0,150.0,0.0
17551,15821,2,2025-11-14,2,2,1,299.0,129.0,0.0
17552,15822,2,2025-11-14,3,2,1,299.0,129.0,0.0
17553,15823,1,2025-11-14,7,2,1,299.0,129.0,0.0
17554,15824,4,2025-11-14,3,2,1,349.0,150.0,0.0
17555,15825,5,2025-11-14,1,2,1,349.0,150.0,0.0
17556,15826,5,2025-11-14,1,5,1,349.0,150.0,0.0
17557,15827,5,2025-11-14,3,1,1,349.0,150.0,0.0
17558,15828,1,2025-11-14,3,1,1,299.0,129.0,0.0
17559,15829,4,2025-11-14,4,1,1,349.0,150.0,0.0
17560,15830,3,2025-11-14,1,1,1,329.0,142.0,0.0
17561,15831,2,2025-11-14,2,2,1,299.0,129.0,0.0
17562,15450,2,2025-11-14,1,1,1,299.0,129.0,0.0
17563,15832,3,2025-11-15,1,2,1,329.0,142.0,0.0
17564,15833,1,2025-11-15,5,2,1,299.0,129.0,0.0
17565,15834,3,2025-11-15,7,1,1,329.0,142.0,0.0
17566,14980,2,2025-11-15,1,5,1,299.0,129.0,0.0
17567,15835,2,2025-11-15,4,1,1,299.0,129.0,0.0
17568,15836,3,2025-11-15,3,2,1,296.1,142.0,32.9
17569,12749,5,2025-11-15,1,3,1,314.1,150.0,34.9
17570,15837,1,2025-11-15,7,2,1,299.0,129.0,0.0
17571,15838,5,2025-11-15,3,5,1,349.0,150.0,0.0
17572,10132,3,2025-11-15,6,1,1,329.0,142.0,0.0
17573,15839,4,2025-11-15,3,1,1,349.0,150.0,0.0
17574,15840,2,2025-11-15,1,1,1,269.1,129.0,29.9
17575,15841,5,2025-11-15,1,2,1,349.0,150.0,0.0
17576,15842,1,2025-11-15,5,2,1,299.0,129.0,0.0
17577,15843,2,2025-11-15,2,3,1,299.0,129.0,0.0
17578,15844,4,2025-11-15,,3,1,349.0,150.0,0.0
17579,15845,5,2025-11-15,3,1,1,349.0,150.0,0.0
17580,15846,2,2025-11-15,2,2,1,299.0,129.0,0.0
17581,15847,5,2025-11-15,7,3,1,296.65,150.0,52.35
17582,15848,5,2025-11-15,7,4,1,349.0,150.0,0.0
17583,14741,4,2025-11-15,1,1,1,349.0,150.0,0.0
17584,15849,2,2025-11-15,5,3,1,299.0,129.0,0.0
17585,15850,6,2025-11-15,7,2,1,499.0,215.0,0.0
17586,15851,2,2025-11-15,1,2,1,269.1,129.0,29.9
17587,15852,2,2025-11-15,4,3,1,254.15,129.0,44.85
17588,10777,4,2025-11-15,4,4,1,314.1,150.0,34.9
17589,15280,4,2025-11-15,1,2,2,349.0,150.0,0.0
17590,15853,5,2025-11-15,4,3,1,349.0,150.0,0.0
17591,15854,4,2025-11-15,2,1,1,349.0,150.0,0.0
17592,15855,3,2025-11-15,3,1,1,296.1,142.0,32.9
17593,15856,1,2025-11-15,3,1,1,254.15,129.0,44.85
17594,15857,1,2025-11-15,3,4,1,269.1,129.0,29.9
17595,15858,4,2025-11-15,3,1,1,296.65,150.0,52.35
17596,15859,2,2025-11-15,2,5,1,299.0,129.0,0.0
17597,15860,5,2025-11-15,1,1,1,349.0,150.0,0.0
17598,15861,4,2025-11-15,4,4,1,349.0,150.0,0.0
17599,12685,4,2025-11-15,1,2,1,314.1,150.0,34.9
17600,15862,2,2025-11-15,7,3,1,299.0,129.0,0.0
17601,15863,5,2025-11-15,1,2,1,349.0,150.0,0.0
17602,15864,1,2025-11-15,3,1,1,299.0,129.0,0.0
17603,15865,5,2025-11-15,1,3,1,349.0,150.0,0.0
17604,15866,3,2025-11-15,2,1,1,329.0,142.0,0.0
17605,15867,4,2025-11-15,5,2,1,349.0,150.0,0.0
17606,15868,5,2025-11-15,3,4,1,296.65,150.0,52.35
17607,15869,2,2025-11-15,2,2,1,299.0,129.0,0.0
17608,15870,6,2025-11-15,8,2,1,499.0,215.0,0.0
17609,15871,4,2025-11-15,4,3,2,349.0,150.0,0.0
17610,15872,5,2025-11-15,3,3,1,349.0,150.0,0.0
17611,15873,4,2025-11-15,5,1,1,296.65,150.0,52.35
17612,15874,4,2025-11-15,1,2,1,349.0,150.0,0.0
17613,15875,2,2025-11-15,1,1,1,299.0,129.0,0.0
17614,9737,4,2025-11-15,1,1,1,349.0,150.0,0.0
17615,15876,4,2025-11-15,2,2,1,349.0,150.0,0.0
17616,15877,1,2025-11-15,5,1,1,299.0,129.0,0.0
17617,15878,4,2025-11-15,8,1,1,349.0,150.0,0.0
17618,15879,5,2025-11-15,5,1,1,349.0,150.0,0.0
17619,15880,2,2025-11-15,2,2,1,299.0,129.0,0.0
17620,15881,4,2025-11-15,7,1,1,349.0,150.0,0.0
17621,15882,3,2025-11-15,5,1,1,329.0,142.0,0.0
17622,15883,3,2025-11-15,4,2,2,329.0,142.0,0.0
17623,15884,5,2025-11-15,7,1,1,314.1,150.0,34.9
17624,15885,6,2025-11-15,1,2,1,424.15,215.0,74.85
17625,15886,2,2025-11-15,8,1,1,269.1,129.0,29.9
17626,15887,1,2025-11-15,3,3,1,299.0,129.0,0.0
17627,15888,4,2025-11-15,8,1,1,349.0,150.0,0.0
17628,15889,5,2025-11-15,1,2,1,349.0,150.0,0.0
17629,15890,5,2025-11-15,2,1,1,349.0,150.0,0.0
17630,15891,4,2025-11-15,1,3,1,349.0,150.0,0.0
17631,15892,2,2025-11-15,1,3,1,299.0,129.0,0.0
17632,15893,6,2025-11-15,3,2,1,499.0,215.0,0.0
17633,15894,6,2025-11-15,8,3,1,449.1,215.0,49.9
17634,15895,4,2025-11-16,2,5,1,349.0,150.0,0.0
17635,15896,4,2025-11-16,1,3,1,349.0,150.0,0.0
17636,13644,2,2025-11-16,5,2,1,299.0,129.0,0.0
17637,15897,6,2025-11-16,5,1,1,499.0,215.0,0.0
17638,5321,6,2025-11-16,2,2,1,499.0,215.0,0.0
17639,15898,4,2025-11-16,5,1,1,349.0,150.0,0.0
17640,15899,5,2025-11-16,8,4,1,314.1,150.0,34.9
17641,15900,2,2025-11-16,8,2,2,299.0,129.0,0.0
17642,15249,5,2025-11-16,4,4,1,349.0,150.0,0.0
17643,15901,1,2025-11-16,9,2,1,299.0,129.0,0.0
17644,15902,2,2025-11-16,3,1,1,299.0,129.0,0.0
17645,15903,5,2025-11-16,3,3,1,349.0,150.0,0.0
17646,15904,4,2025-11-16,6,1,1,349.0,150.0,0.0
17647,15905,2,2025-11-16,1,1,1,299.0,129.0,0.0
17648,15906,4,2025-11-16,2,4,1,349.0,150.0,0.0
17649,15907,6,2025-11-16,9,1,1,449.1,215.0,49.9
17650,15908,2,2025-11-16,3,2,1,299.0,129.0,0.0
17651,15909,4,2025-11-16,3,3,1,349.0,150.0,0.0
17652,15910,4,2025-11-16,1,1,1,349.0,150.0,0.0
17653,15911,5,2025-11-16,3,5,1,349.0,150.0,0.0
17654,15912,4,2025-11-16,,5,1,296.65,150.0,52.35
17655,15913,3,2025-11-16,1,1,1,329.0,142.0,0.0
17656,15914,5,2025-11-16,2,2,1,349.0,150.0,0.0
17657,15915,1,2025-11-16,2,2,1,299.0,129.0,0.0
17658,15916,5,2025-11-16,1,5,1,296.65,150.0,52.35
17659,15917,1,2025-11-16,7,4,1,299.0,129.0,0.0
17660,15918,5,2025-11-16,3,2,1,349.0,150.0,0.0
17661,4519,5,2025-11-16,3,3,1,314.1,150.0,34.9
17662,15919,5,2025-11-16,3,3,1,349.0,150.0,0.0
17663,15859,5,2025-11-16,4,2,1,314.1,150.0,34.9
17664,15920,4,2025-11-16,1,1,1,314.1,150.0,34.9
17665,15921,4,2025-11-16,1,3,1,349.0,150.0,0.0
17666,15922,4,2025-11-16,5,4,1,349.0,150.0,0.0
17667,15923,1,2025-11-16,1,5,1,299.0,129.0,0.0
17668,10693,2,2025-11-16,1,4,1,299.0,129.0,0.0
17669,15924,3,2025-11-16,3,3,1,329.0,142.0,0.0
17670,15925,5,2025-11-16,3,3,1,349.0,150.0,0.0
17671,15926,4,2025-11-16,2,2,1,349.0,150.0,0.0
17672,15927,4,2025-11-16,1,4,1,296.65,150.0,52.35
17673,15928,2,2025-11-16,5,3,1,299.0,129.0,0.0
17674,15929,1,2025-11-16,6,1,1,299.0,129.0,0.0
17675,15930,1,2025-11-16,5,2,1,299.0,129.0,0.0
17676,15931,3,2025-11-16,3,2,1,329.0,142.0,0.0
17677,15932,1,2025-11-16,8,3,1,299.0,129.0,0.0
17678,15933,4,2025-11-16,9,2,1,314.1,150.0,34.9
17679,15934,2,2025-11-16,1,1,1,299.0,129.0,0.0
17680,8440,3,2025-11-16,1,3,1,329.0,142.0,0.0
17681,15935,2,2025-11-16,2,1,1,254.15,129.0,44.85
17682,15936,4,2025-11-16,1,3,1,349.0,150.0,0.0
17683,15937,5,2025-11-16,5,1,1,349.0,150.0,0.0
17684,15938,3,2025-11-16,8,2,1,329.0,142.0,0.0
17685,15939,4,2025-11-16,6,4,1,349.0,150.0,0.0
17686,15940,5,2025-11-16,3,3,1,349.0,150.0,0.0
17687,11635,4,2025-11-16,3,1,1,314.1,150.0,34.9
17688,15941,3,2025-11-16,7,2,1,329.0,142.0,0.0
17689,15942,1,2025-11-16,3,1,1,299.0,129.0,0.0
17690,15943,4,2025-11-16,4,2,1,349.0,150.0,0.0
17691,15944,5,2025-11-16,1,5,1,314.1,150.0,34.9
17692,15945,3,2025-11-16,1,2,1,329.0,142.0,0.0
17693,15946,5,2025-11-16,7,1,1,349.0,150.0,0.0
17694,15947,3,2025-11-16,1,1,1,329.0,142.0,0.0
17695,15948,6,2025-11-16,6,1,1,499.0,215.0,0.0
17696,15949,2,2025-11-16,1,3,1,299.0,129.0,0.0
17697,15950,5,2025-11-16,2,2,1,349.0,150.0,0.0
17698,15951,6,2025-11-16,,2,1,499.0,215.0,0.0
17699,15952,4,2025-11-16,3,4,1,349.0,150.0,0.0
17700,15953,5,2025-11-17,5,1,1,296.65,150.0,52.35
17701,15954,1,2025-11-17,6,1,1,299.0,129.0,0.0
17702,15955,6,2025-11-17,5,1,2,499.0,215.0,0.0
17703,15956,3,2025-11-17,5,1,1,329.0,142.0,0.0
17704,15957,1,2025-11-17,3,1,1,299.0,129.0,0.0
17705,15958,4,2025-11-17,5,1,1,296.65,150.0,52.35
17706,15959,5,2025-11-17,7,1,1,349.0,150.0,0.0
17707,15960,5,2025-11-17,4,2,2,349.0,150.0,0.0
17708,15961,3,2025-11-17,5,1,1,329.0,142.0,0.0
17709,7012,4,2025-11-17,5,5,1,296.65,150.0,52.35
17710,15962,1,2025-11-17,3,1,1,269.1,129.0,29.9
17711,15963,3,2025-11-17,7,1,1,329.0,142.0,0.0
17712,3622,6,2025-11-17,6,2,1,499.0,215.0,0.0
17713,9923,5,2025-11-17,1,1,1,349.0,150.0,0.0
17714,15964,3,2025-11-17,1,4,1,296.1,142.0,32.9
17715,15965,5,2025-11-17,1,2,1,314.1,150.0,34.9
17716,15966,2,2025-11-17,3,2,1,299.0,129.0,0.0
17717,15967,1,2025-11-17,2,2,1,254.15,129.0,44.85
17718,15968,5,2025-11-17,5,1,1,349.0,150.0,0.0
17719,15969,4,2025-11-17,7,2,1,349.0,150.0,0.0
17720,15970,5,2025-11-17,2,3,1,349.0,150.0,0.0
17721,15971,1,2025-11-17,3,1,2,299.0,129.0,0.0
17722,15972,5,2025-11-17,3,3,1,296.65,150.0,52.35
17723,15973,4,2025-11-17,3,5,1,314.1,150.0,34.9
17724,15974,1,2025-11-17,1,1,1,299.0,129.0,0.0
17725,15975,1,2025-11-17,7,1,1,299.0,129.0,0.0
17726,15976,3,2025-11-17,1,2,1,329.0,142.0,0.0
17727,5009,4,2025-11-17,4,3,1,349.0,150.0,0.0
17728,15977,6,2025-11-17,1,1,1,499.0,215.0,0.0
17729,15978,5,2025-11-17,9,5,1,349.0,150.0,0.0
17730,15979,1,2025-11-17,1,4,1,299.0,129.0,0.0
17731,15980,3,2025-11-17,3,3,1,329.0,142.0,0.0
17732,15981,4,2025-11-17,3,3,1,349.0,150.0,0.0
17733,15982,4,2025-11-17,2,1,1,349.0,150.0,0.0
17734,15983,5,2025-11-17,1,2,1,314.1,150.0,34.9
17735,15984,4,2025-11-17,1,1,1,314.1,150.0,34.9
17736,14424,2,2025-11-17,6,5,2,299.0,129.0,0.0
17737,15985,5,2025-11-17,1,2,1,314.1,150.0,34.9
17738,15986,4,2025-11-17,1,5,2,349.0,150.0,0.0
17739,15987,1,2025-11-17,5,4,1,299.0,129.0,0.0
17740,15988,5,2025-11-17,1,1,1,296.65,150.0,52.35
17741,15989,1,2025-11-17,2,1,1,269.1,129.0,29.9
17742,15990,5,2025-11-17,7,2,1,314.1,150.0,34.9
17743,15991,5,2025-11-17,8,1,2,349.0,150.0,0.0
17744,15992,5,2025-11-17,5,3,1,349.0,150.0,0.0
17745,15993,1,2025-11-17,1,3,1,299.0,129.0,0.0
17746,15994,2,2025-11-17,2,4,1,299.0,129.0,0.0
17747,15995,1,2025-11-17,3,1,1,254.15,129.0,44.85
17748,15996,2,2025-11-17,8,3,1,299.0,129.0,0.0
17749,15997,5,2025-11-17,4,1,1,349.0,150.0,0.0
17750,15998,1,2025-11-17,1,2,1,299.0,129.0,0.0
17751,15999,6,2025-11-17,6,3,1,499.0,215.0,0.0
17752,16000,5,2025-11-17,2,2,1,349.0,150.0,0.0
17753,16001,1,2025-11-17,1,1,1,269.1,129.0,29.9
17754,16002,5,2025-11-17,3,2,1,349.0,150.0,0.0
17755,16003,5,2025-11-17,3,1,1,349.0,150.0,0.0
17756,16004,5,2025-11-17,3,3,1,349.0,150.0,0.0
17757,16005,2,2025-11-17,2,5,1,254.15,129.0,44.85
17758,16006,4,2025-11-17,1,5,1,349.0,150.0,0.0
17759,16007,4,2025-11-17,4,1,1,314.1,150.0,34.9
17760,16008,6,2025-11-17,7,5,1,499.0,215.0,0.0
17761,16009,1,2025-11-17,2,2,1,299.0,129.0,0.0
17762,16010,5,2025-11-17,5,2,1,349.0,150.0,0.0
17763,2766,5,2025-11-17,1,4,1,349.0,150.0,0.0
17764,16011,5,2025-11-17,5,1,1,349.0,150.0,0.0
17765,16012,2,2025-11-17,8,5,1,269.1,129.0,29.9
17766,16013,4,2025-11-17,2,1,1,349.0,150.0,0.0
17767,16014,5,2025-11-17,9,2,1,296.65,150.0,52.35
17768,16015,4,2025-11-17,6,3,1,296.65,150.0,52.35
17769,16016,4,2025-11-17,7,1,1,349.0,150.0,0.0
17770,16017,4,2025-11-17,8,3,2,349.0,150.0,0.0
17771,15495,1,2025-11-17,2,2,1,299.0,129.0,0.0
17772,16018,4,2025-11-17,7,1,1,349.0,150.0,0.0
17773,16019,4,2025-11-18,4,3,1,349.0,150.0,0.0
17774,16020,2,2025-11-18,1,2,2,299.0,129.0,0.0
17775,16021,1,2025-11-18,3,4,1,299.0,129.0,0.0
17776,16022,5,2025-11-18,3,1,1,349.0,150.0,0.0
17777,16023,4,2025-11-18,2,2,1,314.1,150.0,34.9
17778,16024,1,2025-11-18,1,5,1,299.0,129.0,0.0
17779,16025,5,2025-11-18,5,3,1,349.0,150.0,0.0
17780,16026,6,2025-11-18,4,1,2,499.0,215.0,0.0
17781,16027,3,2025-11-18,1,3,1,329.0,142.0,0.0
17782,16028,5,2025-11-18,8,1,1,349.0,150.0,0.0
17783,16029,2,2025-11-18,1,1,1,299.0,129.0,0.0
17784,16030,1,2025-11-18,3,3,2,299.0,129.0,0.0
17785,16031,5,2025-11-18,1,1,1,349.0,150.0,0.0
17786,16032,2,2025-11-18,1,1,1,299.0,129.0,0.0
17787,16033,1,2025-11-18,2,5,2,269.1,129.0,29.9
17788,16034,1,2025-11-18,1,1,1,269.1,129.0,29.9
17789,7329,3,2025-11-18,8,5,1,329.0,142.0,0.0
17790,16035,5,2025-11-18,3,2,2,349.0,150.0,0.0
17791,16036,6,2025-11-18,2,2,1,499.0,215.0,0.0
17792,16037,5,2025-11-18,1,5,1,314.1,150.0,34.9
17793,16038,1,2025-11-18,1,2,1,299.0,129.0,0.0
17794,12220,1,2025-11-18,3,2,1,299.0,129.0,0.0
17795,16039,4,2025-11-18,7,2,1,314.1,150.0,34.9
17796,16040,4,2025-11-18,3,1,1,314.1,150.0,34.9
17797,16041,2,2025-11-18,7,2,1,269.1,129.0,29.9
17798,16042,4,2025-11-18,2,2,1,349.0,150.0,0.0
17799,16043,5,2025-11-18,1,1,1,349.0,150.0,0.0
17800,16044,4,2025-11-18,5,2,1,296.65,150.0,52.35
17801,16045,2,2025-11-18,4,2,1,299.0,129.0,0.0
17802,16046,2,2025-11-18,5,2,1,299.0,129.0,0.0
17803,16047,4,2025-11-18,4,2,1,349.0,150.0,0.0
17804,16048,2,2025-11-18,9,1,1,299.0,129.0,0.0
17805,6209,5,2025-11-18,3,1,1,314.1,150.0,34.9
17806,16049,1,2025-11-18,2,2,1,299.0,129.0,0.0
17807,16050,2,2025-11-18,5,4,1,299.0,129.0,0.0
17808,11182,3,2025-11-18,1,1,1,329.0,142.0,0.0
17809,16051,3,2025-11-18,2,1,1,329.0,142.0,0.0
17810,16052,4,2025-11-18,1,5,1,349.0,150.0,0.0
17811,16053,5,2025-11-18,2,5,1,349.0,150.0,0.0
17812,16054,1,2025-11-18,5,1,1,299.0,129.0,0.0
17813,16055,4,2025-11-18,5,1,2,349.0,150.0,0.0
17814,16056,3,2025-11-18,1,2,1,329.0,142.0,0.0
17815,16057,4,2025-11-18,1,2,1,349.0,150.0,0.0
17816,6763,4,2025-11-18,1,4,2,349.0,150.0,0.0
17817,16058,3,2025-11-18,8,1,1,329.0,142.0,0.0
17818,16059,6,2025-11-18,1,1,1,499.0,215.0,0.0
17819,16060,4,2025-11-18,2,1,1,349.0,150.0,0.0
17820,16061,1,2025-11-18,3,1,1,299.0,129.0,0.0
17821,16062,3,2025-11-18,5,5,1,329.0,142.0,0.0
17822,16063,4,2025-11-18,2,2,1,296.65,150.0,52.35
17823,16064,2,2025-11-18,1,2,1,299.0,129.0,0.0
17824,16065,5,2025-11-18,3,1,1,349.0,150.0,0.0
17825,16066,6,2025-11-18,1,1,2,499.0,215.0,0.0
17826,16067,3,2025-11-18,,2,1,296.1,142.0,32.9
17827,16068,4,2025-11-18,8,3,1,349.0,150.0,0.0
17828,16069,5,2025-11-18,3,2,2,349.0,150.0,0.0
17829,16070,6,2025-11-18,1,2,1,499.0,215.0,0.0
17830,16071,2,2025-11-18,2,2,1,299.0,129.0,0.0
17831,16072,1,2025-11-18,2,1,1,299.0,129.0,0.0
17832,16073,1,2025-11-18,1,2,1,269.1,129.0,29.9
17833,16074,5,2025-11-18,3,1,1,349.0,150.0,0.0
17834,16075,4,2025-11-18,2,1,1,349.0,150.0,0.0
17835,16076,1,2025-11-18,1,3,1,254.15,129.0,44.85
17836,16077,5,2025-11-18,2,1,1,349.0,150.0,0.0
17837,16078,5,2025-11-18,2,1,1,314.1,150.0,34.9
17838,16079,2,2025-11-18,2,4,1,299.0,129.0,0.0
17839,16080,2,2025-11-18,4,1,1,299.0,129.0,0.0
17840,16081,2,2025-11-18,2,1,1,269.1,129.0,29.9
17841,10879,4,2025-11-18,1,2,1,349.0,150.0,0.0
17842,16082,1,2025-11-19,1,1,1,299.0,129.0,0.0
17843,16083,2,2025-11-19,1,2,1,299.0,129.0,0.0
17844,16084,4,2025-11-19,4,3,1,349.0,150.0,0.0
17845,16085,4,2025-11-19,1,5,1,349.0,150.0,0.0
17846,16086,4,2025-11-19,7,2,1,349.0,150.0,0.0
17847,16087,5,2025-11-19,1,5,1,349.0,150.0,0.0
17848,16088,3,2025-11-19,3,1,2,329.0,142.0,0.0
17849,16089,4,2025-11-19,3,3,1,349.0,150.0,0.0
17850,16090,4,2025-11-19,1,2,1,349.0,150.0,0.0
17851,16091,5,2025-11-19,1,5,2,349.0,150.0,0.0
17852,16092,2,2025-11-19,1,3,1,269.1,129.0,29.9
17853,16093,4,2025-11-19,2,2,2,349.0,150.0,0.0
17854,16094,6,2025-11-19,2,3,1,424.15,215.0,74.85
17855,16095,1,2025-11-19,1,2,1,254.15,129.0,44.85
17856,16096,1,2025-11-19,1,3,1,254.15,129.0,44.85
17857,16097,4,2025-11-19,4,3,1,349.0,150.0,0.0
17858,16098,6,2025-11-19,8,4,1,499.0,215.0,0.0
17859,16099,1,2025-11-19,3,1,1,299.0,129.0,0.0
17860,3539,5,2025-11-19,3,2,1,349.0,150.0,0.0
17861,16100,6,2025-11-19,2,2,1,499.0,215.0,0.0
17862,16101,4,2025-11-19,3,1,2,349.0,150.0,0.0
17863,16102,6,2025-11-19,1,5,1,499.0,215.0,0.0
17864,15459,4,2025-11-19,2,1,2,349.0,150.0,0.0
17865,15248,3,2025-11-19,4,5,1,329.0,142.0,0.0
17866,16103,6,2025-11-19,4,2,1,499.0,215.0,0.0
17867,16104,6,2025-11-19,2,3,1,449.1,215.0,49.9
17868,16105,2,2025-11-19,5,2,2,299.0,129.0,0.0
17869,16106,2,2025-11-19,1,1,1,299.0,129.0,0.0
17870,16107,5,2025-11-19,2,1,1,296.65,150.0,52.35
17871,16108,4,2025-11-19,1,3,1,349.0,150.0,0.0
17872,16109,5,2025-11-19,3,4,1,349.0,150.0,0.0
17873,16110,3,2025-11-19,2,1,1,329.0,142.0,0.0
17874,16111,2,2025-11-19,4,5,1,254.15,129.0,44.85
17875,16112,4,2025-11-19,7,1,1,349.0,150.0,0.0
17876,16113,5,2025-11-19,1,1,1,349.0,150.0,0.0
17877,16114,5,2025-11-19,2,5,1,349.0,150.0,0.0
17878,1334,5,2025-11-19,2,3,1,349.0,150.0,0.0
17879,16115,6,2025-11-19,1,3,1,499.0,215.0,0.0
17880,16116,1,2025-11-19,2,3,1,299.0,129.0,0.0
17881,16117,5,2025-11-19,4,2,1,349.0,150.0,0.0
17882,16118,5,2025-11-19,8,1,1,349.0,150.0,0.0
17883,16119,2,2025-11-19,1,5,1,299.0,129.0,0.0
17884,16120,4,2025-11-19,2,2,1,349.0,150.0,0.0
17885,16121,1,2025-11-19,4,1,1,299.0,129.0,0.0
17886,16122,3,2025-11-19,1,5,2,296.1,142.0,32.9
17887,16123,5,2025-11-19,4,2,1,349.0,150.0,0.0
17888,16124,3,2025-11-19,3,5,2,329.0,142.0,0.0
17889,16125,2,2025-11-19,3,5,1,299.0,129.0,0.0
17890,3750,6,2025-11-19,5,1,1,499.0,215.0,0.0
17891,16126,5,2025-11-19,3,2,1,296.65,150.0,52.35
17892,16127,5,2025-11-19,6,1,1,349.0,150.0,0.0
17893,16128,4,2025-11-19,5,2,1,296.65,150.0,52.35
17894,16129,5,2025-11-19,5,4,1,349.0,150.0,0.0
17895,16130,4,2025-11-19,3,2,1,349.0,150.0,0.0
17896,16131,5,2025-11-19,8,5,1,349.0,150.0,0.0
17897,16132,4,2025-11-19,5,1,1,349.0,150.0,0.0
17898,16133,5,2025-11-19,3,4,1,349.0,150.0,0.0
17899,16134,4,2025-11-19,1,1,1,349.0,150.0,0.0
17900,16135,5,2025-11-19,2,4,2,349.0,150.0,0.0
17901,16136,2,2025-11-19,2,3,1,254.15,129.0,44.85
17902,16137,4,2025-11-19,2,4,1,349.0,150.0,0.0
17903,16138,2,2025-11-19,3,2,1,254.15,129.0,44.85
17904,16139,1,2025-11-19,4,1,1,299.0,129.0,0.0
17905,16140,2,2025-11-19,3,2,1,299.0,129.0,0.0
17906,16141,2,2025-11-19,1,2,1,299.0,129.0,0.0
17907,16142,5,2025-11-19,1,1,1,349.0,150.0,0.0
17908,16143,1,2025-11-19,1,2,2,299.0,129.0,0.0
17909,16144,2,2025-11-19,4,1,1,299.0,129.0,0.0
17910,16145,2,2025-11-19,1,4,1,299.0,129.0,0.0
17911,16146,4,2025-11-20,1,3,1,349.0,150.0,0.0
17912,16147,1,2025-11-20,1,2,1,254.15,129.0,44.85
17913,16148,6,2025-11-20,5,3,1,424.15,215.0,74.85
17914,16149,4,2025-11-20,5,5,1,349.0,150.0,0.0
17915,16150,6,2025-11-20,3,3,1,499.0,215.0,0.0
17916,4470,1,2025-11-20,8,1,1,269.1,129.0,29.9
17917,16151,5,2025-11-20,3,1,1,349.0,150.0,0.0
17918,16152,4,2025-11-20,1,2,1,349.0,150.0,0.0
17919,16153,2,2025-11-20,4,2,1,269.1,129.0,29.9
17920,16154,2,2025-11-20,3,2,1,269.1,129.0,29.9
17921,16155,4,2025-11-20,6,3,1,349.0,150.0,0.0
17922,16156,1,2025-11-20,6,1,1,299.0,129.0,0.0
17923,16157,4,2025-11-20,1,5,1,349.0,150.0,0.0
17924,16158,5,2025-11-20,1,1,1,349.0,150.0,0.0
17925,16159,6,2025-11-20,3,1,1,499.0,215.0,0.0
17926,16160,5,2025-11-20,1,1,1,349.0,150.0,0.0
17927,16161,4,2025-11-20,5,1,1,349.0,150.0,0.0
17928,16162,5,2025-11-20,3,3,1,296.65,150.0,52.35
17929,16163,3,2025-11-20,7,2,1,329.0,142.0,0.0
17930,16164,4,2025-11-20,2,1,1,349.0,150.0,0.0
17931,16165,4,2025-11-20,5,5,1,349.0,150.0,0.0
17932,16166,2,2025-11-20,3,1,1,299.0,129.0,0.0
17933,16167,2,2025-11-20,7,1,1,299.0,129.0,0.0
17934,16168,2,2025-11-20,1,1,1,299.0,129.0,0.0
17935,16169,4,2025-11-20,1,1,1,296.65,150.0,52.35
17936,16170,2,2025-11-20,5,1,1,269.1,129.0,29.9
17937,16171,2,2025-11-20,8,1,1,299.0,129.0,0.0
17938,16172,5,2025-11-20,5,1,1,349.0,150.0,0.0
17939,16173,4,2025-11-20,1,2,1,349.0,150.0,0.0
17940,16174,4,2025-11-20,4,4,1,349.0,150.0,0.0
17941,16175,1,2025-11-20,2,2,1,299.0,129.0,0.0
17942,16176,5,2025-11-20,7,1,1,349.0,150.0,0.0
17943,16177,4,2025-11-20,3,1,2,349.0,150.0,0.0
17944,16178,2,2025-11-20,3,1,1,299.0,129.0,0.0
17945,16179,4,2025-11-20,3,3,1,349.0,150.0,0.0
17946,16180,2,2025-11-20,3,2,1,269.1,129.0,29.9
17947,16181,3,2025-11-20,2,5,1,279.65,142.0,49.35
17948,16182,4,2025-11-20,4,1,1,349.0,150.0,0.0
17949,15676,3,2025-11-20,1,1,1,329.0,142.0,0.0
17950,2862,6,2025-11-20,4,2,1,499.0,215.0,0.0
17951,16183,4,2025-11-20,1,1,1,349.0,150.0,0.0
17952,16184,4,2025-11-20,1,1,1,349.0,150.0,0.0
17953,16185,5,2025-11-20,9,2,1,349.0,150.0,0.0
17954,16186,4,2025-11-20,2,2,1,349.0,150.0,0.0
17955,16187,5,2025-11-20,1,1,1,349.0,150.0,0.0
17956,16188,4,2025-11-20,8,2,1,314.1,150.0,34.9
17957,16189,1,2025-11-20,1,2,1,299.0,129.0,0.0
17958,16190,2,2025-11-20,3,1,1,299.0,129.0,0.0
17959,16191,2,2025-11-20,6,1,1,269.1,129.0,29.9
17960,16192,6,2025-11-20,4,1,1,499.0,215.0,0.0
17961,16193,2,2025-11-20,7,2,1,269.1,129.0,29.9
17962,12554,5,2025-11-20,2,4,1,314.1,150.0,34.9
17963,12548,3,2025-11-20,2,2,1,329.0,142.0,0.0
17964,16194,4,2025-11-20,6,3,1,349.0,150.0,0.0
17965,15971,4,2025-11-20,5,3,1,349.0,150.0,0.0
17966,16195,4,2025-11-20,3,1,1,349.0,150.0,0.0
17967,16196,4,2025-11-20,5,1,1,349.0,150.0,0.0
17968,16197,6,2025-11-20,5,2,2,424.15,215.0,74.85
17969,16198,4,2025-11-20,5,2,1,296.65,150.0,52.35
17970,16199,1,2025-11-20,3,3,1,269.1,129.0,29.9
17971,16200,4,2025-11-20,5,2,1,314.1,150.0,34.9
17972,16201,5,2025-11-20,1,1,2,349.0,150.0,0.0
17973,16202,3,2025-11-20,8,2,1,329.0,142.0,0.0
17974,90225,5,2025-11-20,3,3,1,314.1,150.0,34.9
17975,16204,4,2025-11-20,7,1,1,349.0,150.0,0.0
17976,16205,5,2025-11-20,7,4,1,349.0,150.0,0.0
17977,16206,4,2025-11-20,3,2,1,349.0,150.0,0.0
17978,16207,5,2025-11-20,7,1,1,349.0,150.0,0.0
17979,16208,5,2025-11-20,4,1,1,349.0,150.0,0.0
17980,16209,6,2025-11-21,3,1,1,499.0,215.0,0.0
17981,16210,4,2025-11-21,1,1,1,349.0,150.0,0.0
17982,16211,4,2025-11-21,3,1,1,349.0,150.0,0.0
17983,16212,2,2025-11-21,5,1,1,299.0,129.0,0.0
17984,3408,5,2025-11-21,2,2,1,349.0,150.0,0.0
17985,16213,1,2025-11-21,5,1,2,299.0,129.0,0.0
17986,16214,4,2025-11-21,1,1,2,349.0,150.0,0.0
17987,16215,4,2025-11-21,1,4,1,349.0,150.0,0.0
17988,16216,1,2025-11-21,7,1,2,299.0,129.0,0.0
17989,16217,5,2025-11-21,2,5,1,349.0,150.0,0.0
17990,16218,5,2025-11-21,7,3,1,349.0,150.0,0.0
17991,16219,5,2025-11-21,5,1,1,349.0,150.0,0.0
17992,16220,3,2025-11-21,2,1,1,329.0,142.0,0.0
17993,16221,3,2025-11-21,3,4,1,329.0,142.0,0.0
17994,16222,6,2025-11-21,1,1,1,449.1,215.0,49.9
17995,16223,2,2025-11-21,9,4,1,299.0,129.0,0.0
17996,16224,5,2025-11-21,1,1,1,349.0,150.0,0.0
17997,16225,1,2025-11-21,8,2,1,299.0,129.0,0.0
17998,16226,5,2025-11-21,1,1,1,349.0,150.0,0.0
17999,16227,5,2025-11-21,3,2,1,349.0,150.0,0.0
18000,16228,4,2025-11-21,5,2,1,349.0,150.0,0.0
18001,13245,4,2025-11-21,6,1,1,349.0,150.0,0.0
18002,16229,4,2025-11-21,3,5,1,349.0,150.0,0.0
18003,16230,5,2025-11-21,1,2,1,349.0,150.0,0.0
18004,16231,4,2025-11-21,,1,1,349.0,150.0,0.0
18005,16232,4,2025-11-21,5,2,1,296.65,150.0,52.35
18006,16233,4,2025-11-21,2,2,1,349.0,150.0,0.0
18007,16234,4,2025-11-21,3,3,1,349.0,150.0,0.0
18008,16235,2,2025-11-21,8,1,1,269.1,129.0,29.9
18009,16236,2,2025-11-21,6,2,2,299.0,129.0,0.0
18010,16237,1,2025-11-21,1,2,1,299.0,129.0,0.0
18011,16238,4,2025-11-21,7,2,1,349.0,150.0,0.0
18012,15727,2,2025-11-21,3,3,1,269.1,129.0,29.9
18013,16239,5,2025-11-21,2,1,1,296.65,150.0,52.35
18014,16240,2,2025-11-21,5,1,1,299.0,129.0,0.0
18015,16241,2,2025-11-21,4,1,1,299.0,129.0,0.0
18016,16242,2,2025-11-21,1,5,1,254.15,129.0,44.85
18017,16243,4,2025-11-21,4,1,1,296.65,150.0,52.35
18018,16244,4,2025-11-21,1,3,2,349.0,150.0,0.0
18019,16245,4,2025-11-21,2,1,1,296.65,150.0,52.35
18020,16246,5,2025-11-21,1,5,1,349.0,150.0,0.0
18021,16247,4,2025-11-21,5,2,1,349.0,150.0,0.0
18022,7952,5,2025-11-21,1,3,1,349.0,150.0,0.0
18023,15687,4,2025-11-21,1,2,1,349.0,150.0,0.0
18024,16248,4,2025-11-21,5,2,1,349.0,150.0,0.0
18025,16249,2,2025-11-21,1,2,1,299.0,129.0,0.0
18026,16250,1,2025-11-21,1,2,1,299.0,129.0,0.0
18027,16251,2,2025-11-21,1,1,1,299.0,129.0,0.0
18028,16252,3,2025-11-21,5,2,2,329.0,142.0,0.0
18029,16253,1,2025-11-21,3,1,1,299.0,129.0,0.0
18030,9736,5,2025-11-21,2,4,1,296.65,150.0,52.35
18031,16254,5,2025-11-21,3,1,1,349.0,150.0,0.0
18032,16255,6,2025-11-21,2,1,1,499.0,215.0,0.0
18033,6207,4,2025-11-21,7,4,1,349.0,150.0,0.0
18034,16256,4,2025-11-21,8,2,1,349.0,150.0,0.0
18035,16257,4,2025-11-21,1,2,1,349.0,150.0,0.0
18036,16258,5,2025-11-21,1,1,1,349.0,150.0,0.0
18037,16259,5,2025-11-21,8,3,1,349.0,150.0,0.0
18038,16260,1,2025-11-21,7,4,1,299.0,129.0,0.0
18039,16261,5,2025-11-21,1,5,1,349.0,150.0,0.0
18040,16262,3,2025-11-21,5,1,1,329.0,142.0,0.0
18041,16263,5,2025-11-21,8,2,1,349.0,150.0,0.0
18042,1096,5,2025-11-21,6,3,1,349.0,150.0,0.0
18043,16264,5,2025-11-21,5,2,1,349.0,150.0,0.0
18044,2069,4,2025-11-21,5,2,2,296.65,150.0,52.35
18045,16265,6,2025-11-22,9,4,1,449.1,215.0,49.9
18046,16266,5,2025-11-22,1,1,1,349.0,150.0,0.0
18047,11219,4,2025-11-22,5,1,1,349.0,150.0,0.0
18048,16267,6,2025-11-22,1,5,1,449.1,215.0,49.9
18049,16268,5,2025-11-22,2,1,1,314.1,150.0,34.9
18050,16269,1,2025-11-22,5,2,1,299.0,129.0,0.0
18051,16270,5,2025-11-22,3,1,1,349.0,150.0,0.0
18052,16271,5,2025-11-22,3,3,2,349.0,150.0,0.0
18053,16272,5,2025-11-22,1,5,1,349.0,150.0,0.0
18054,16273,4,2025-11-22,5,5,1,296.65,150.0,52.35
18055,16274,1,2025-11-22,5,3,1,254.15,129.0,44.85
18056,16275,1,2025-11-22,5,5,1,299.0,129.0,0.0
18057,16276,5,2025-11-22,5,1,1,314.1,150.0,34.9
18058,16277,5,2025-11-22,5,5,1,349.0,150.0,0.0
18059,16278,5,2025-11-22,2,2,1,296.65,150.0,52.35
18060,16279,5,2025-11-22,2,2,1,314.1,150.0,34.9
18061,16280,5,2025-11-22,2,2,2,296.65,150.0,52.35
18062,16281,6,2025-11-22,6,2,1,499.0,215.0,0.0
18063,16282,5,2025-11-22,1,3,2,314.1,150.0,34.9
18064,16283,4,2025-11-22,2,2,1,349.0,150.0,0.0
18065,16284,6,2025-11-22,1,5,1,499.0,215.0,0.0
18066,16285,1,2025-11-22,3,1,2,299.0,129.0,0.0
18067,16286,3,2025-11-22,2,1,1,329.0,142.0,0.0
18068,16287,5,2025-11-22,2,5,1,349.0,150.0,0.0
18069,16288,1,2025-11-22,2,3,1,299.0,129.0,0.0
18070,16289,1,2025-11-22,1,2,1,254.15,129.0,44.85
18071,16290,1,2025-11-22,2,2,1,299.0,129.0,0.0
18072,16291,4,2025-11-22,3,5,1,296.65,150.0,52.35
18073,16292,2,2025-11-22,1,1,1,299.0,129.0,0.0
18074,16293,5,2025-11-22,4,2,1,349.0,150.0,0.0
18075,16294,2,2025-11-22,6,1,1,299.0,129.0,0.0
18076,16295,3,2025-11-22,2,1,1,329.0,142.0,0.0
18077,16296,1,2025-11-22,5,2,1,299.0,129.0,0.0
18078,10102,3,2025-11-22,5,4,1,329.0,142.0,0.0
18079,16297,3,2025-11-22,7,1,1,329.0,142.0,0.0
18080,16298,4,2025-11-22,3,5,1,349.0,150.0,0.0
18081,16299,6,2025-11-22,1,5,1,449.1,215.0,49.9
18082,16300,6,2025-11-22,4,4,1,449.1,215.0,49.9
18083,16301,4,2025-11-22,2,1,1,349.0,150.0,0.0
18084,16302,5,2025-11-22,1,2,1,349.0,150.0,0.0
18085,16303,2,2025-11-22,5,1,1,299.0,129.0,0.0
18086,16304,4,2025-11-22,1,1,0,296.65,150.0,52.35
18087,16305,1,2025-11-22,4,2,1,269.1,129.0,29.9
18088,16306,5,2025-11-22,9,3,1,349.0,150.0,0.0
18089,16307,4,2025-11-22,3,2,2,349.0,150.0,0.0
18090,16308,5,2025-11-22,1,1,2,349.0,150.0,0.0
18091,16309,3,2025-11-22,3,1,1,329.0,142.0,0.0
18092,16310,2,2025-11-22,1,1,1,299.0,129.0,0.0
18093,16311,6,2025-11-22,3,4,2,499.0,215.0,0.0
18094,16312,5,2025-11-22,1,1,1,296.65,150.0,52.35
18095,16313,4,2025-11-22,2,1,1,349.0,150.0,0.0
18096,16314,5,2025-11-22,8,1,1,349.0,150.0,0.0
18097,16315,2,2025-11-22,5,3,2,299.0,129.0,0.0
18098,16316,4,2025-11-22,4,1,1,349.0,150.0,0.0
18099,16317,2,2025-11-22,1,4,1,299.0,129.0,0.0
18100,16318,6,2025-11-22,5,3,1,499.0,215.0,0.0
18101,16319,1,2025-11-22,3,1,1,269.1,129.0,29.9
18102,16320,1,2025-11-22,4,2,1,299.0,129.0,0.0
18103,16321,1,2025-11-22,6,1,2,254.15,129.0,44.85
18104,16322,5,2025-11-22,6,3,1,349.0,150.0,0.0
18105,16323,6,2025-11-22,2,2,1,499.0,215.0,0.0
18106,16324,4,2025-11-22,2,2,1,349.0,150.0,0.0
18107,16325,4,2025-11-22,1,2,1,296.65,150.0,52.35
18108,16326,5,2025-11-22,3,2,1,349.0,150.0,0.0
18109,16106,6,2025-11-22,5,2,2,499.0,215.0,0.0
18110,16327,3,2025-11-22,2,1,2,296.1,142.0,32.9
18111,16328,4,2025-11-22,7,2,1,349.0,150.0,0.0
18112,16329,3,2025-11-22,5,2,1,329.0,142.0,0.0
18113,16330,2,2025-11-22,1,2,1,299.0,129.0,0.0
18114,16331,2,2025-11-23,3,2,2,299.0,129.0,0.0
18115,16332,5,2025-11-23,4,2,1,349.0,150.0,0.0
18116,16333,5,2025-11-23,4,1,2,349.0,150.0,0.0
18117,16334,3,2025-11-23,8,5,1,329.0,142.0,0.0
18118,16335,5,2025-11-23,3,1,1,349.0,150.0,0.0
18119,16336,5,2025-11-23,7,3,1,349.0,150.0,0.0
18120,16337,4,2025-11-23,7,5,1,314.1,150.0,34.9
18121,6536,2,2025-11-23,3,2,1,299.0,129.0,0.0
18122,16338,1,2025-11-23,6,4,1,299.0,129.0,0.0
18123,16339,5,2025-11-23,4,1,1,349.0,150.0,0.0
18124,16340,6,2025-11-23,6,2,1,499.0,215.0,0.0
18125,16341,2,2025-11-23,1,2,1,299.0,129.0,0.0
18126,2815,5,2025-11-23,4,3,1,314.1,150.0,34.9
18127,16342,2,2025-11-23,4,3,2,269.1,129.0,29.9
18128,5242,6,2025-11-23,2,1,1,424.15,215.0,74.85
18129,16343,4,2025-11-23,1,1,1,314.1,150.0,34.9
18130,16344,4,2025-11-23,2,1,1,349.0,150.0,0.0
18131,16345,5,2025-11-23,1,2,1,349.0,150.0,0.0
18132,16346,5,2025-11-23,3,1,1,349.0,150.0,0.0
18133,16347,3,2025-11-23,9,3,1,329.0,142.0,0.0
18134,16348,1,2025-11-23,2,1,1,299.0,129.0,0.0
18135,16349,3,2025-11-23,1,2,1,279.65,142.0,49.35
18136,16350,4,2025-11-23,1,2,1,296.65,150.0,52.35
18137,16351,3,2025-11-23,1,1,1,279.65,142.0,49.35
18138,16352,1,2025-11-23,1,1,1,299.0,129.0,0.0
18139,16353,5,2025-11-23,5,1,1,349.0,150.0,0.0
18140,16354,4,2025-11-23,5,1,1,314.1,150.0,34.9
18141,16355,5,2025-11-23,1,4,1,349.0,150.0,0.0
18142,15908,2,2025-11-23,3,5,1,269.1,129.0,29.9
18143,16356,6,2025-11-23,3,1,1,499.0,215.0,0.0
18144,14381,2,2025-11-23,5,1,1,269.1,129.0,29.9
18145,16357,2,2025-11-23,1,3,1,269.1,129.0,29.9
18146,16358,4,2025-11-23,1,4,2,349.0,150.0,0.0
18147,16359,5,2025-11-23,3,2,1,349.0,150.0,0.0
18148,16360,5,2025-11-23,1,1,1,349.0,150.0,0.0
18149,16361,4,2025-11-23,3,4,1,314.1,150.0,34.9
18150,16362,5,2025-11-23,5,3,1,349.0,150.0,0.0
18151,16363,2,2025-11-23,3,1,1,299.0,129.0,0.0
18152,16364,6,2025-11-23,8,1,1,499.0,215.0,0.0
18153,16365,5,2025-11-23,5,2,1,349.0,150.0,0.0
18154,16366,4,2025-11-23,1,5,1,349.0,150.0,0.0
18155,16367,2,2025-11-23,1,1,1,299.0,129.0,0.0
18156,16368,4,2025-11-23,1,1,1,349.0,150.0,0.0
18157,16369,6,2025-11-23,1,5,1,499.0,215.0,0.0
18158,5817,3,2025-11-23,6,1,1,329.0,142.0,0.0
18159,16370,5,2025-11-23,3,2,1,349.0,150.0,0.0
18160,16371,4,2025-11-23,1,3,1,349.0,150.0,0.0
18161,16372,4,2025-11-23,1,5,1,349.0,150.0,0.0
18162,16373,2,2025-11-23,5,1,1,299.0,129.0,0.0
18163,16374,4,2025-11-23,1,5,1,349.0,150.0,0.0
18164,16375,4,2025-11-23,2,1,1,349.0,150.0,0.0
18165,16376,5,2025-11-23,5,4,1,349.0,150.0,0.0
18166,14399,4,2025-11-23,7,3,1,349.0,150.0,0.0
18167,16377,2,2025-11-23,1,4,2,269.1,129.0,29.9
18168,5904,1,2025-11-23,1,1,1,254.15,129.0,44.85
18169,16378,1,2025-11-23,1,4,1,299.0,129.0,0.0
18170,16379,4,2025-11-23,1,1,1,349.0,150.0,0.0
18171,16380,1,2025-11-23,5,3,1,299.0,129.0,0.0
18172,16381,5,2025-11-23,6,2,1,349.0,150.0,0.0
18173,15475,6,2025-11-23,1,2,1,449.1,215.0,49.9
18174,11537,6,2025-11-23,4,1,1,499.0,215.0,0.0
18175,16382,5,2025-11-23,4,2,1,349.0,150.0,0.0
18176,16383,1,2025-11-23,5,2,1,254.15,129.0,44.85
18177,16384,1,2025-11-23,8,1,1,299.0,129.0,0.0
18178,16385,6,2025-11-23,4,2,1,499.0,215.0,0.0
18179,7743,1,2025-11-23,1,1,1,254.15,129.0,44.85
18180,16386,5,2025-11-23,3,5,1,349.0,150.0,0.0
18181,16387,3,2025-11-23,1,3,1,329.0,142.0,0.0
18182,16388,3,2025-11-23,1,4,1,296.1,142.0,32.9
18183,16389,1,2025-11-24,2,1,1,299.0,129.0,0.0
18184,16390,4,2025-11-24,1,1,1,349.0,150.0,0.0
18185,16391,5,2025-11-24,5,3,1,349.0,150.0,0.0
18186,16392,2,2025-11-24,7,3,1,299.0,129.0,0.0
18187,16393,4,2025-11-24,1,2,1,349.0,150.0,0.0
18188,1549,3,2025-11-24,5,1,1,329.0,142.0,0.0
18189,16394,5,2025-11-24,1,1,1,349.0,150.0,0.0
18190,16395,2,2025-11-24,3,2,1,299.0,129.0,0.0
18191,16396,4,2025-11-24,1,2,1,349.0,150.0,0.0
18192,13929,2,2025-11-24,2,3,1,299.0,129.0,0.0
18193,16397,4,2025-11-24,4,3,1,349.0,150.0,0.0
18194,16398,4,2025-11-24,3,1,1,314.1,150.0,34.9
18195,16399,2,2025-11-24,5,2,1,299.0,129.0,0.0
18196,1561,2,2025-11-24,2,2,1,299.0,129.0,0.0
18197,16400,1,2025-11-24,1,5,1,269.1,129.0,29.9
18198,16401,5,2025-11-24,3,3,1,349.0,150.0,0.0
18199,16402,3,2025-11-24,1,1,1,329.0,142.0,0.0
18200,16403,4,2025-11-24,3,1,1,296.65,150.0,52.35
18201,16404,6,2025-11-24,5,3,1,449.1,215.0,49.9
18202,16405,1,2025-11-24,7,1,1,299.0,129.0,0.0
18203,16406,5,2025-11-24,2,4,1,349.0,150.0,0.0
18204,16407,1,2025-11-24,1,1,1,269.1,129.0,29.9
18205,9894,2,2025-11-24,1,3,1,299.0,129.0,0.0
18206,16408,5,2025-11-24,5,2,1,349.0,150.0,0.0
18207,16409,4,2025-11-24,4,1,1,349.0,150.0,0.0
18208,16410,5,2025-11-24,5,2,2,349.0,150.0,0.0
18209,16411,5,2025-11-24,3,4,1,314.1,150.0,34.9
18210,16412,1,2025-11-24,1,4,1,254.15,129.0,44.85
18211,16413,4,2025-11-24,3,1,1,349.0,150.0,0.0
18212,16414,6,2025-11-24,1,2,1,499.0,215.0,0.0
18213,16415,2,2025-11-24,3,1,1,299.0,129.0,0.0
18214,16416,6,2025-11-24,4,1,1,449.1,215.0,49.9
18215,16417,4,2025-11-24,3,2,1,349.0,150.0,0.0
18216,16418,3,2025-11-24,1,2,1,329.0,142.0,0.0
18217,16419,5,2025-11-24,7,3,1,349.0,150.0,0.0
18218,16420,6,2025-11-24,2,5,1,499.0,215.0,0.0
18219,16421,5,2025-11-24,3,5,1,349.0,150.0,0.0
18220,16422,4,2025-11-24,1,2,1,349.0,150.0,0.0
18221,15320,2,2025-11-24,4,2,1,299.0,129.0,0.0
18222,16423,5,2025-11-24,9,4,1,349.0,150.0,0.0
18223,3166,1,2025-11-24,3,2,1,299.0,129.0,0.0
18224,16424,2,2025-11-24,1,1,2,299.0,129.0,0.0
18225,16425,5,2025-11-24,1,5,1,349.0,150.0,0.0
18226,16426,2,2025-11-24,3,2,1,269.1,129.0,29.9
18227,16427,5,2025-11-24,2,2,1,349.0,150.0,0.0
18228,16428,3,2025-11-24,5,2,1,329.0,142.0,0.0
18229,16429,4,2025-11-24,3,2,1,349.0,150.0,0.0
18230,16430,4,2025-11-24,8,2,1,349.0,150.0,0.0
18231,16431,4,2025-11-24,3,4,1,349.0,150.0,0.0
18232,16432,1,2025-11-24,4,2,1,269.1,129.0,29.9
18233,16433,3,2025-11-24,5,1,1,329.0,142.0,0.0
18234,16434,5,2025-11-24,3,1,1,349.0,150.0,0.0
18235,16435,2,2025-11-24,9,2,1,299.0,129.0,0.0
18236,16436,5,2025-11-24,3,1,1,314.1,150.0,34.9
18237,7973,4,2025-11-24,1,5,1,349.0,150.0,0.0
18238,16437,4,2025-11-24,1,4,1,349.0,150.0,0.0
18239,16438,5,2025-11-24,5,4,1,349.0,150.0,0.0
18240,16439,2,2025-11-24,9,1,1,299.0,129.0,0.0
18241,16440,4,2025-11-24,3,2,2,349.0,150.0,0.0
18242,16441,2,2025-11-24,8,1,1,254.15,129.0,44.85
18243,16442,4,2025-11-24,3,3,1,349.0,150.0,0.0
18244,16443,1,2025-11-24,2,2,1,299.0,129.0,0.0
18245,16444,5,2025-11-24,7,2,2,314.1,150.0,34.9
18246,16445,1,2025-11-24,5,1,1,299.0,129.0,0.0
18247,16446,2,2025-11-24,5,1,1,299.0,129.0,0.0
18248,16447,5,2025-11-24,6,5,1,349.0,150.0,0.0
18249,16448,5,2025-11-24,2,1,1,349.0,150.0,0.0
18250,16449,1,2025-11-24,4,1,1,269.1,129.0,29.9
18251,16450,1,2025-11-24,5,1,1,299.0,129.0,0.0
18252,16451,5,2025-11-24,6,3,1,349.0,150.0,0.0
18253,3013,4,2025-11-24,1,1,1,349.0,150.0,0.0
18254,16452,5,2025-11-25,5,2,1,349.0,150.0,0.0
18255,16453,3,2025-11-25,1,1,1,279.65,142.0,49.35
18256,16454,5,2025-11-25,6,4,1,349.0,150.0,0.0
18257,16455,6,2025-11-25,1,2,1,424.15,215.0,74.85
18258,16456,4,2025-11-25,,3,1,349.0,150.0,0.0
18259,16457,5,2025-11-25,1,1,1,349.0,150.0,0.0
18260,16458,4,2025-11-25,1,1,1,349.0,150.0,0.0
18261,16459,2,2025-11-25,1,3,1,299.0,129.0,0.0
18262,7860,2,2025-11-25,4,3,1,299.0,129.0,0.0
18263,16460,5,2025-11-25,1,1,1,349.0,150.0,0.0
18264,16461,5,2025-11-25,,1,1,349.0,150.0,0.0
18265,16462,5,2025-11-25,8,1,1,349.0,150.0,0.0
18266,16463,2,2025-11-25,1,1,1,299.0,129.0,0.0
18267,16464,6,2025-11-25,1,2,1,449.1,215.0,49.9
18268,16465,2,2025-11-25,3,1,1,299.0,129.0,0.0
18269,16466,4,2025-11-25,5,4,1,314.1,150.0,34.9
18270,16467,3,2025-11-25,1,1,1,329.0,142.0,0.0
18271,16468,5,2025-11-25,1,2,1,349.0,150.0,0.0
18272,16469,4,2025-11-25,,1,1,349.0,150.0,0.0
18273,16470,5,2025-11-25,6,2,1,349.0,150.0,0.0
18274,16471,4,2025-11-25,7,2,1,349.0,150.0,0.0
18275,16472,1,2025-11-25,1,1,1,299.0,129.0,0.0
18276,16473,5,2025-11-25,1,4,1,349.0,150.0,0.0
18277,12846,4,2025-11-25,1,1,1,296.65,150.0,52.35
18278,16474,4,2025-11-25,1,3,1,349.0,150.0,0.0
18279,16475,5,2025-11-25,1,3,1,349.0,150.0,0.0
18280,16476,3,2025-11-25,9,2,1,329.0,142.0,0.0
18281,16477,3,2025-11-25,4,2,1,329.0,142.0,0.0
18282,16478,2,2025-11-25,2,2,1,299.0,129.0,0.0
18283,16479,6,2025-11-25,1,1,1,424.15,215.0,74.85
18284,16480,2,2025-11-25,7,1,1,299.0,129.0,0.0
18285,16481,5,2025-11-25,4,2,1,349.0,150.0,0.0
18286,16482,5,2025-11-25,1,2,1,314.1,150.0,34.9
18287,16483,3,2025-11-25,3,1,1,279.65,142.0,49.35
18288,16484,3,2025-11-25,1,3,1,296.1,142.0,32.9
18289,16485,4,2025-11-25,2,1,1,314.1,150.0,34.9
18290,16486,1,2025-11-25,2,1,1,299.0,129.0,0.0
18291,16487,4,2025-11-25,1,1,1,349.0,150.0,0.0
18292,16488,5,2025-11-25,5,4,2,314.1,150.0,34.9
18293,16489,1,2025-11-25,3,3,1,299.0,129.0,0.0
18294,16490,3,2025-11-25,2,2,1,296.1,142.0,32.9
18295,16491,5,2025-11-25,1,2,1,296.65,150.0,52.35
18296,16492,5,2025-11-25,1,2,1,349.0,150.0,0.0
18297,16493,2,2025-11-25,2,1,1,299.0,129.0,0.0
18298,16494,2,2025-11-25,3,1,1,299.0,129.0,0.0
18299,16495,4,2025-11-25,3,4,1,314.1,150.0,34.9
18300,7491,4,2025-11-25,8,2,1,349.0,150.0,0.0
18301,11625,2,2025-11-25,8,1,1,269.1,129.0,29.9
18302,16496,3,2025-11-25,2,2,1,329.0,142.0,0.0
18303,8285,5,2025-11-25,1,5,1,349.0,150.0,0.0
18304,16497,5,2025-11-25,5,2,1,296.65,150.0,52.35
18305,16498,3,2025-11-25,4,3,1,329.0,142.0,0.0
18306,16499,2,2025-11-25,8,1,1,299.0,129.0,0.0
18307,16500,5,2025-11-25,3,1,2,314.1,150.0,34.9
18308,16501,3,2025-11-25,8,2,1,329.0,142.0,0.0
18309,16502,2,2025-11-25,1,2,1,269.1,129.0,29.9
18310,16503,1,2025-11-25,2,3,1,299.0,129.0,0.0
18311,16504,6,2025-11-25,3,2,1,499.0,215.0,0.0
18312,15507,2,2025-11-25,5,4,2,254.15,129.0,44.85
18313,12783,1,2025-11-25,1,2,1,269.1,129.0,29.9
18314,16505,5,2025-11-25,1,4,1,349.0,150.0,0.0
18315,16506,1,2025-11-25,3,2,1,299.0,129.0,0.0
18316,16507,1,2025-11-25,7,2,1,299.0,129.0,0.0
18317,16508,3,2025-11-25,3,2,1,329.0,142.0,0.0
18318,16509,5,2025-11-25,1,2,1,296.65,150.0,52.35
18319,16510,4,2025-11-25,4,1,1,349.0,150.0,0.0
18320,16511,4,2025-11-25,2,2,1,349.0,150.0,0.0
18321,16512,1,2025-11-25,4,1,1,299.0,129.0,0.0
18322,16513,3,2025-11-26,1,2,1,329.0,142.0,0.0
18323,16514,5,2025-11-26,1,2,2,296.65,150.0,52.35
18324,16515,5,2025-11-26,1,1,1,296.65,150.0,52.35
18325,16516,4,2025-11-26,3,2,1,349.0,150.0,0.0
18326,16517,5,2025-11-26,1,3,1,314.1,150.0,34.9
18327,16518,6,2025-11-26,1,1,1,499.0,215.0,0.0
18328,16519,1,2025-11-26,5,3,1,299.0,129.0,0.0
18329,16520,2,2025-11-26,1,1,1,299.0,129.0,0.0
18330,16521,1,2025-11-26,3,2,1,254.15,129.0,44.85
18331,16522,4,2025-11-26,2,2,1,349.0,150.0,0.0
18332,16523,6,2025-11-26,5,2,1,449.1,215.0,49.9
18333,16524,6,2025-11-26,1,3,1,449.1,215.0,49.9
18334,16525,3,2025-11-26,5,1,1,329.0,142.0,0.0
18335,16526,1,2025-11-26,1,3,1,299.0,129.0,0.0
18336,7173,2,2025-11-26,3,3,1,299.0,129.0,0.0
18337,16527,3,2025-11-26,4,1,2,279.65,142.0,49.35
18338,16528,2,2025-11-26,1,3,1,299.0,129.0,0.0
18339,16529,2,2025-11-26,5,3,1,299.0,129.0,0.0
18340,16530,2,2025-11-26,8,1,1,269.1,129.0,29.9
18341,16531,6,2025-11-26,6,5,1,499.0,215.0,0.0
18342,16532,6,2025-11-26,1,5,1,424.15,215.0,74.85
18343,16533,5,2025-11-26,8,1,1,349.0,150.0,0.0
18344,16534,1,2025-11-26,1,1,1,299.0,129.0,0.0
18345,16535,3,2025-11-26,1,2,2,329.0,142.0,0.0
18346,16536,6,2025-11-26,1,2,1,499.0,215.0,0.0
18347,16537,2,2025-11-26,1,2,1,299.0,129.0,0.0
18348,16538,6,2025-11-26,1,5,2,499.0,215.0,0.0
18349,16539,3,2025-11-26,6,2,1,329.0,142.0,0.0
18350,3043,5,2025-11-26,9,4,1,349.0,150.0,0.0
18351,16540,1,2025-11-26,2,2,1,299.0,129.0,0.0
18352,16541,2,2025-11-26,1,2,1,299.0,129.0,0.0
18353,16542,4,2025-11-26,2,1,1,349.0,150.0,0.0
18354,16543,2,2025-11-26,3,1,1,299.0,129.0,0.0
18355,16544,5,2025-11-26,4,3,1,349.0,150.0,0.0
18356,16545,3,2025-11-26,6,1,1,329.0,142.0,0.0
18357,16546,4,2025-11-26,4,2,1,296.65,150.0,52.35
18358,3950,5,2025-11-26,6,4,1,349.0,150.0,0.0
18359,16547,4,2025-11-26,5,2,1,349.0,150.0,0.0
18360,16548,4,2025-11-26,7,3,1,349.0,150.0,0.0
18361,16549,5,2025-11-26,7,3,1,349.0,150.0,0.0
18362,16550,3,2025-11-26,1,2,1,329.0,142.0,0.0
18363,16551,3,2025-11-26,1,1,1,329.0,142.0,0.0
18364,16552,5,2025-11-26,3,1,1,349.0,150.0,0.0
18365,16553,6,2025-11-26,3,5,1,449.1,215.0,49.9
18366,16554,1,2025-11-26,4,2,1,269.1,129.0,29.9
18367,16555,5,2025-11-26,3,5,1,349.0,150.0,0.0
18368,16556,1,2025-11-26,1,2,1,299.0,129.0,0.0
18369,16557,4,2025-11-26,5,1,1,296.65,150.0,52.35
18370,7710,4,2025-11-26,1,4,1,349.0,150.0,0.0
18371,16558,1,2025-11-26,3,3,1,299.0,129.0,0.0
18372,16559,2,2025-11-26,1,1,1,299.0,129.0,0.0
18373,16560,6,2025-11-26,1,2,1,499.0,215.0,0.0
18374,16561,4,2025-11-26,9,3,1,349.0,150.0,0.0
18375,16562,2,2025-11-26,1,1,1,299.0,129.0,0.0
18376,16563,4,2025-11-26,5,5,1,349.0,150.0,0.0
18377,16564,1,2025-11-26,5,3,1,299.0,129.0,0.0
18378,16565,6,2025-11-26,7,5,1,499.0,215.0,0.0
18379,16566,6,2025-11-26,1,2,1,499.0,215.0,0.0
18380,16567,5,2025-11-26,3,2,1,314.1,150.0,34.9
18381,15824,5,2025-11-26,4,3,1,349.0,150.0,0.0
18382,16568,4,2025-11-26,8,5,1,314.1,150.0,34.9
18383,16569,2,2025-11-26,1,1,1,299.0,129.0,0.0
18384,16570,2,2025-11-26,2,3,1,254.15,129.0,44.85
18385,16571,3,2025-11-26,7,4,1,329.0,142.0,0.0
18386,16572,1,2025-11-26,8,2,1,299.0,129.0,0.0
18387,16573,1,2025-11-26,8,4,1,299.0,129.0,0.0
18388,16574,1,2025-11-26,5,2,1,269.1,129.0,29.9
18389,16575,1,2025-11-26,7,5,1,269.1,129.0,29.9
18390,16576,4,2025-11-26,8,2,1,349.0,150.0,0.0
18391,16577,5,2025-11-27,7,1,1,349.0,150.0,0.0
18392,16578,5,2025-11-27,1,2,1,349.0,150.0,0.0
18393,16579,5,2025-11-27,3,3,2,349.0,150.0,0.0
18394,16580,2,2025-11-27,1,2,1,299.0,129.0,0.0
18395,16581,4,2025-11-27,1,4,1,296.65,150.0,52.35
18396,11468,3,2025-11-27,1,2,1,296.1,142.0,32.9
18397,16582,2,2025-11-27,1,1,1,269.1,129.0,29.9
18398,16583,3,2025-11-27,2,3,1,329.0,142.0,0.0
18399,16584,3,2025-11-27,5,5,2,296.1,142.0,32.9
18400,8695,6,2025-11-27,1,1,1,499.0,215.0,0.0
18401,16585,2,2025-11-27,2,1,1,299.0,129.0,0.0
18402,16586,6,2025-11-27,2,3,1,499.0,215.0,0.0
18403,16587,4,2025-11-27,2,1,1,349.0,150.0,0.0
18404,16588,1,2025-11-27,3,2,1,299.0,129.0,0.0
18405,16589,1,2025-11-27,5,2,1,299.0,129.0,0.0
18406,16590,6,2025-11-27,3,2,1,499.0,215.0,0.0
18407,16591,2,2025-11-27,1,1,1,254.15,129.0,44.85
18408,16592,4,2025-11-27,8,3,1,349.0,150.0,0.0
18409,16593,3,2025-11-27,3,1,1,329.0,142.0,0.0
18410,16594,4,2025-11-27,5,2,1,349.0,150.0,0.0
18411,16595,2,2025-11-27,4,2,1,299.0,129.0,0.0
18412,12336,4,2025-11-27,6,3,1,349.0,150.0,0.0
18413,16596,2,2025-11-27,4,2,1,299.0,129.0,0.0
18414,16597,5,2025-11-27,4,5,1,349.0,150.0,0.0
18415,16598,4,2025-11-27,5,1,1,349.0,150.0,0.0
18416,16599,5,2025-11-27,1,4,1,349.0,150.0,0.0
18417,16600,5,2025-11-27,2,5,2,296.65,150.0,52.35
18418,16601,2,2025-11-27,3,5,1,299.0,129.0,0.0
18419,16602,5,2025-11-27,2,1,1,349.0,150.0,0.0
18420,16603,4,2025-11-27,7,1,1,349.0,150.0,0.0
18421,10994,4,2025-11-27,5,2,1,314.1,150.0,34.9
18422,16604,6,2025-11-27,8,2,1,499.0,215.0,0.0
18423,11813,1,2025-11-27,4,1,1,299.0,129.0,0.0
18424,16605,5,2025-11-27,3,4,1,296.65,150.0,52.35
18425,16606,6,2025-11-27,2,2,1,499.0,215.0,0.0
18426,16607,2,2025-11-27,3,2,1,299.0,129.0,0.0
18427,16608,1,2025-11-27,3,2,1,299.0,129.0,0.0
18428,16609,4,2025-11-27,7,2,1,349.0,150.0,0.0
18429,16610,5,2025-11-27,3,3,1,349.0,150.0,0.0
18430,16611,1,2025-11-27,1,2,1,299.0,129.0,0.0
18431,16612,4,2025-11-27,4,1,1,296.65,150.0,52.35
18432,16613,5,2025-11-27,2,2,1,296.65,150.0,52.35
18433,16614,4,2025-11-27,3,1,1,349.0,150.0,0.0
18434,16615,5,2025-11-27,1,1,1,314.1,150.0,34.9
18435,16616,5,2025-11-27,2,2,1,349.0,150.0,0.0
18436,16617,4,2025-11-27,1,1,1,349.0,150.0,0.0
18437,16618,5,2025-11-27,1,1,1,349.0,150.0,0.0
18438,16619,3,2025-11-27,1,1,1,329.0,142.0,0.0
18439,16620,6,2025-11-27,2,2,1,449.1,215.0,49.9
18440,16621,2,2025-11-27,1,2,2,299.0,129.0,0.0
18441,16622,5,2025-11-27,6,2,1,349.0,150.0,0.0
18442,16623,5,2025-11-27,2,4,1,349.0,150.0,0.0
18443,16624,4,2025-11-27,1,2,1,349.0,150.0,0.0
18444,16625,6,2025-11-27,1,1,1,499.0,215.0,0.0
18445,16626,5,2025-11-27,7,3,1,349.0,150.0,0.0
18446,16627,4,2025-11-27,1,1,1,349.0,150.0,0.0
18447,16628,5,2025-11-27,7,1,1,349.0,150.0,0.0
18448,16629,6,2025-11-27,2,2,1,499.0,215.0,0.0
18449,16630,2,2025-11-27,1,2,1,299.0,129.0,0.0
18450,2151,4,2025-11-27,6,1,1,349.0,150.0,0.0
18451,4605,5,2025-11-27,1,5,1,314.1,150.0,34.9
18452,16631,4,2025-11-27,3,2,1,349.0,150.0,0.0
18453,16632,3,2025-11-27,1,1,1,279.65,142.0,49.35
18454,16633,1,2025-11-27,5,4,1,299.0,129.0,0.0
18455,3758,5,2025-11-27,1,4,1,349.0,150.0,0.0
18456,16634,2,2025-11-27,7,4,1,269.1,129.0,29.9
18457,16635,4,2025-11-27,4,2,1,349.0,150.0,0.0
18458,16636,3,2025-11-27,3,2,1,329.0,142.0,0.0
18459,16637,5,2025-11-27,5,4,1,349.0,150.0,0.0
18460,16638,4,2025-11-27,5,1,1,349.0,150.0,0.0
18461,2784,6,2025-11-27,5,1,1,499.0,215.0,0.0
18462,16639,4,2025-11-28,7,5,1,349.0,150.0,0.0
18463,16640,5,2025-11-28,6,2,2,349.0,150.0,0.0
18464,16641,4,2025-11-28,2,1,1,314.1,150.0,34.9
18465,16642,1,2025-11-28,3,1,1,299.0,129.0,0.0
18466,16643,2,2025-11-28,2,2,1,299.0,129.0,0.0
18467,16644,4,2025-11-28,7,5,1,349.0,150.0,0.0
18468,16645,1,2025-11-28,6,3,1,299.0,129.0,0.0
18469,16646,4,2025-11-28,2,2,1,314.1,150.0,34.9
18470,3935,1,2025-11-28,6,5,1,299.0,129.0,0.0
18471,16647,4,2025-11-28,8,4,1,296.65,150.0,52.35
18472,16648,2,2025-11-28,7,1,1,269.1,129.0,29.9
18473,16649,4,2025-11-28,2,2,1,349.0,150.0,0.0
18474,16650,1,2025-11-28,3,1,1,269.1,129.0,29.9
18475,16651,4,2025-11-28,1,1,1,296.65,150.0,52.35
18476,16652,3,2025-11-28,5,3,1,296.1,142.0,32.9
18477,16653,2,2025-11-28,2,1,2,299.0,129.0,0.0
18478,16654,3,2025-11-28,1,3,1,329.0,142.0,0.0
18479,16655,5,2025-11-28,5,3,1,349.0,150.0,0.0
18480,16656,3,2025-11-28,8,2,1,329.0,142.0,0.0
18481,16657,3,2025-11-28,4,5,1,296.1,142.0,32.9
18482,16658,5,2025-11-28,4,3,2,349.0,150.0,0.0
18483,16659,2,2025-11-28,7,2,1,254.15,129.0,44.85
18484,16660,2,2025-11-28,1,5,2,299.0,129.0,0.0
18485,16661,5,2025-11-28,1,1,1,349.0,150.0,0.0
18486,16662,3,2025-11-28,9,2,1,296.1,142.0,32.9
18487,16663,5,2025-11-28,7,4,2,349.0,150.0,0.0
18488,16664,5,2025-11-28,7,4,1,349.0,150.0,0.0
18489,16665,3,2025-11-28,1,3,1,329.0,142.0,0.0
18490,16666,4,2025-11-28,3,1,2,349.0,150.0,0.0
18491,16667,5,2025-11-28,8,4,1,349.0,150.0,0.0
18492,16668,6,2025-11-28,1,1,1,499.0,215.0,0.0
18493,16669,4,2025-11-28,1,2,1,296.65,150.0,52.35
18494,16670,5,2025-11-28,5,4,1,314.1,150.0,34.9
18495,16671,2,2025-11-28,1,5,1,299.0,129.0,0.0
18496,16672,5,2025-11-28,3,5,1,296.65,150.0,52.35
18497,15466,4,2025-11-28,2,3,2,349.0,150.0,0.0
18498,16673,6,2025-11-28,2,1,1,499.0,215.0,0.0
18499,16674,6,2025-11-28,1,2,1,499.0,215.0,0.0
18500,16675,6,2025-11-28,3,2,1,499.0,215.0,0.0
18501,16676,5,2025-11-28,4,1,1,349.0,150.0,0.0
18502,16677,2,2025-11-28,2,1,1,299.0,129.0,0.0
18503,16678,5,2025-11-28,4,2,1,349.0,150.0,0.0
18504,16679,2,2025-11-28,4,3,1,299.0,129.0,0.0
18505,16680,1,2025-11-28,8,4,1,299.0,129.0,0.0
18506,16681,1,2025-11-28,1,1,1,299.0,129.0,0.0
18507,16682,2,2025-11-28,1,3,1,299.0,129.0,0.0
18508,16683,6,2025-11-28,1,4,1,449.1,215.0,49.9
18509,16684,4,2025-11-28,3,3,1,349.0,150.0,0.0
18510,16685,4,2025-11-28,3,4,1,349.0,150.0,0.0
18511,16686,2,2025-11-28,4,1,1,254.15,129.0,44.85
18512,16687,3,2025-11-28,2,1,1,329.0,142.0,0.0
18513,16688,2,2025-11-28,5,2,1,299.0,129.0,0.0
18514,16689,4,2025-11-28,3,5,1,296.65,150.0,52.35
18515,16690,4,2025-11-28,5,1,1,349.0,150.0,0.0
18516,16691,2,2025-11-28,3,3,1,299.0,129.0,0.0
18517,16692,4,2025-11-28,3,2,2,349.0,150.0,0.0
18518,16693,1,2025-11-28,7,4,2,299.0,129.0,0.0
18519,3979,4,2025-11-28,3,2,1,349.0,150.0,0.0
18520,16694,5,2025-11-28,5,5,1,314.1,150.0,34.9
18521,16695,1,2025-11-28,1,3,1,269.1,129.0,29.9
18522,16696,4,2025-11-28,7,3,1,349.0,150.0,0.0
18523,16697,5,2025-11-28,2,2,1,314.1,150.0,34.9
18524,16698,4,2025-11-28,3,5,1,349.0,150.0,0.0
18525,16699,6,2025-11-28,6,1,1,499.0,215.0,0.0
18526,16700,4,2025-11-28,4,3,1,314.1,150.0,34.9
18527,16701,4,2025-11-28,2,2,1,314.1,150.0,34.9
18528,16702,2,2025-11-28,1,2,1,299.0,129.0,0.0
18529,16703,6,2025-11-28,6,3,1,499.0,215.0,0.0
18530,16704,1,2025-11-28,7,1,1,299.0,129.0,0.0
18531,16705,6,2025-11-28,5,1,1,499.0,215.0,0.0
18532,16706,2,2025-11-29,4,4,1,299.0,129.0,0.0
18533,16707,2,2025-11-29,6,5,1,299.0,129.0,0.0
18534,16708,5,2025-11-29,3,2,1,349.0,150.0,0.0
18535,16709,1,2025-11-29,1,2,1,269.1,129.0,29.9
18536,16710,2,2025-11-29,5,2,1,299.0,129.0,0.0
18537,16711,5,2025-11-29,5,5,1,349.0,150.0,0.0
18538,16712,5,2025-11-29,1,4,1,349.0,150.0,0.0
18539,16713,1,2025-11-29,7,3,1,269.1,129.0,29.9
18540,16714,5,2025-11-29,4,2,1,314.1,150.0,34.9
18541,16715,4,2025-11-29,2,1,1,314.1,150.0,34.9
18542,16716,4,2025-11-29,3,2,1,349.0,150.0,0.0
18543,16717,4,2025-11-29,1,4,1,296.65,150.0,52.35
18544,16718,2,2025-11-29,1,1,1,269.1,129.0,29.9
18545,16719,2,2025-11-29,8,3,1,254.15,129.0,44.85
18546,1085,1,2025-11-29,3,1,1,299.0,129.0,0.0
18547,16720,4,2025-11-29,4,2,1,349.0,150.0,0.0
18548,16721,5,2025-11-29,1,4,1,296.65,150.0,52.35
18549,16722,1,2025-11-29,1,1,1,299.0,129.0,0.0
18550,16723,4,2025-11-29,1,1,1,349.0,150.0,0.0
18551,16724,5,2025-11-29,7,5,1,349.0,150.0,0.0
18552,16725,6,2025-11-29,1,5,1,499.0,215.0,0.0
18553,16726,2,2025-11-29,5,2,1,299.0,129.0,0.0
18554,16727,6,2025-11-29,6,2,1,499.0,215.0,0.0
18555,10253,1,2025-11-29,4,3,1,299.0,129.0,0.0
18556,16728,3,2025-11-29,7,3,1,296.1,142.0,32.9
18557,16729,5,2025-11-29,7,1,1,349.0,150.0,0.0
18558,16730,5,2025-11-29,4,2,1,349.0,150.0,0.0
18559,16731,3,2025-11-29,4,2,1,329.0,142.0,0.0
18560,16732,5,2025-11-29,6,1,1,349.0,150.0,0.0
18561,16733,1,2025-11-29,1,1,1,299.0,129.0,0.0
18562,16734,4,2025-11-29,1,5,1,349.0,150.0,0.0
18563,16735,1,2025-11-29,3,3,1,299.0,129.0,0.0
18564,16736,5,2025-11-29,5,3,2,349.0,150.0,0.0
18565,16737,6,2025-11-29,8,2,1,499.0,215.0,0.0
18566,16738,5,2025-11-29,2,3,1,349.0,150.0,0.0
18567,16739,5,2025-11-29,5,2,1,349.0,150.0,0.0
18568,16740,6,2025-11-29,5,2,1,424.15,215.0,74.85
18569,16741,5,2025-11-29,5,5,1,349.0,150.0,0.0
18570,16742,4,2025-11-29,1,2,1,349.0,150.0,0.0
18571,16743,5,2025-11-29,5,1,1,349.0,150.0,0.0
18572,16744,2,2025-11-29,9,1,1,269.1,129.0,29.9
18573,3531,4,2025-11-29,1,1,1,349.0,150.0,0.0
18574,16745,2,2025-11-29,5,5,1,299.0,129.0,0.0
18575,16746,3,2025-11-29,2,1,1,279.65,142.0,49.35
18576,16747,5,2025-11-29,5,1,1,349.0,150.0,0.0
18577,16748,5,2025-11-29,1,4,1,349.0,150.0,0.0
18578,16749,4,2025-11-29,1,5,1,349.0,150.0,0.0
18579,12869,5,2025-11-29,3,1,1,349.0,150.0,0.0
18580,16750,2,2025-11-29,3,2,1,299.0,129.0,0.0
18581,16751,3,2025-11-29,2,2,1,296.1,142.0,32.9
18582,16752,4,2025-11-29,2,1,1,349.0,150.0,0.0
18583,16753,6,2025-11-29,6,2,1,449.1,215.0,49.9
18584,16754,2,2025-11-29,1,3,1,254.15,129.0,44.85
18585,16755,2,2025-11-29,4,1,1,299.0,129.0,0.0
18586,16756,5,2025-11-29,1,4,1,349.0,150.0,0.0
18587,16757,3,2025-11-29,4,2,1,329.0,142.0,0.0
18588,16758,2,2025-11-29,5,2,1,269.1,129.0,29.9
18589,16759,6,2025-11-29,7,5,1,499.0,215.0,0.0
18590,8772,2,2025-11-29,5,2,1,269.1,129.0,29.9
18591,16760,5,2025-11-29,4,3,1,349.0,150.0,0.0
18592,16761,6,2025-11-29,2,1,1,499.0,215.0,0.0
18593,16762,5,2025-11-29,4,2,2,314.1,150.0,34.9
18594,16763,6,2025-11-29,3,4,1,499.0,215.0,0.0
18595,16764,3,2025-11-29,3,1,1,329.0,142.0,0.0
18596,16765,5,2025-11-29,9,1,1,349.0,150.0,0.0
18597,16766,2,2025-11-29,3,1,1,269.1,129.0,29.9
18598,16767,6,2025-11-29,,4,1,499.0,215.0,0.0
18599,16768,4,2025-11-29,1,2,1,296.65,150.0,52.35
18600,16769,1,2025-11-29,1,3,1,299.0,129.0,0.0
18601,16770,5,2025-11-29,7,5,1,349.0,150.0,0.0
18602,16771,4,2025-11-29,7,2,1,349.0,150.0,0.0
18603,16772,3,2025-11-29,3,3,2,329.0,142.0,0.0
18604,16773,2,2025-11-29,4,5,1,299.0,129.0,0.0
18605,16774,1,2025-11-29,4,2,1,269.1,129.0,29.9
18606,16775,4,2025-11-30,2,1,1,314.1,150.0,34.9
18607,16776,3,2025-11-30,3,4,1,329.0,142.0,0.0
18608,16777,1,2025-11-30,5,2,1,269.1,129.0,29.9
18609,16778,3,2025-11-30,1,1,1,329.0,142.0,0.0
18610,16779,5,2025-11-30,7,1,1,349.0,150.0,0.0
18611,16780,1,2025-11-30,5,1,1,299.0,129.0,0.0
18612,16781,2,2025-11-30,3,1,1,299.0,129.0,0.0
18613,16782,1,2025-11-30,5,1,1,269.1,129.0,29.9
18614,16783,5,2025-11-30,,1,1,296.65,150.0,52.35
18615,16784,5,2025-11-30,,1,1,314.1,150.0,34.9
18616,16785,6,2025-11-30,5,2,1,424.15,215.0,74.85
18617,16786,3,2025-11-30,3,3,2,329.0,142.0,0.0
18618,16787,2,2025-11-30,1,1,2,299.0,129.0,0.0
18619,16788,4,2025-11-30,5,1,2,349.0,150.0,0.0
18620,16789,1,2025-11-30,3,1,1,299.0,129.0,0.0
18621,16790,4,2025-11-30,3,1,1,349.0,150.0,0.0
18622,16791,2,2025-11-30,2,4,1,299.0,129.0,0.0
18623,16792,3,2025-11-30,5,5,1,329.0,142.0,0.0
18624,16793,2,2025-11-30,2,1,1,269.1,129.0,29.9
18625,16794,4,2025-11-30,1,2,1,349.0,150.0,0.0
18626,16795,3,2025-11-30,8,3,1,329.0,142.0,0.0
18627,16796,4,2025-11-30,5,2,1,349.0,150.0,0.0
18628,2123,1,2025-11-30,5,1,1,299.0,129.0,0.0
18629,16797,1,2025-11-30,5,1,2,299.0,129.0,0.0
18630,16798,5,2025-11-30,4,3,1,349.0,150.0,0.0
18631,16799,4,2025-11-30,1,4,1,349.0,150.0,0.0
18632,16800,4,2025-11-30,2,2,1,349.0,150.0,0.0
18633,90103,5,2025-11-30,1,2,1,349.0,150.0,0.0
18634,13246,5,2025-11-30,3,4,2,349.0,150.0,0.0
18635,16802,5,2025-11-30,3,2,1,349.0,150.0,0.0
18636,16803,1,2025-11-30,5,4,1,299.0,129.0,0.0
18637,16804,1,2025-11-30,1,1,1,299.0,129.0,0.0
18638,16805,4,2025-11-30,1,3,1,349.0,150.0,0.0
18639,16806,2,2025-11-30,1,5,1,269.1,129.0,29.9
18640,16807,6,2025-11-30,3,3,1,499.0,215.0,0.0
18641,16808,4,2025-11-30,9,2,1,349.0,150.0,0.0
18642,16809,6,2025-11-30,5,1,1,449.1,215.0,49.9
18643,16810,5,2025-11-30,7,1,1,349.0,150.0,0.0
18644,16811,2,2025-11-30,8,3,1,299.0,129.0,0.0
18645,16812,4,2025-11-30,2,2,1,296.65,150.0,52.35
18646,16813,5,2025-11-30,1,3,1,349.0,150.0,0.0
18647,16814,2,2025-11-30,1,2,1,299.0,129.0,0.0
18648,16815,2,2025-11-30,5,2,1,299.0,129.0,0.0
18649,16816,5,2025-11-30,3,1,1,349.0,150.0,0.0
18650,16817,2,2025-11-30,1,2,1,299.0,129.0,0.0
18651,11132,5,2025-11-30,9,2,1,349.0,150.0,0.0
18652,16818,5,2025-11-30,5,3,1,349.0,150.0,0.0
18653,16819,6,2025-11-30,2,1,1,424.15,215.0,74.85
18654,16820,5,2025-11-30,6,3,1,314.1,150.0,34.9
18655,16821,3,2025-11-30,6,2,1,329.0,142.0,0.0
18656,16822,4,2025-11-30,3,5,1,349.0,150.0,0.0
18657,16823,5,2025-11-30,1,1,1,349.0,150.0,0.0
18658,6872,6,2025-11-30,1,4,1,499.0,215.0,0.0
18659,16824,3,2025-11-30,3,5,1,329.0,142.0,0.0
18660,16825,5,2025-11-30,1,2,1,314.1,150.0,34.9
18661,16826,4,2025-11-30,2,2,1,349.0,150.0,0.0
18662,16827,4,2025-11-30,5,2,1,349.0,150.0,0.0
18663,16828,3,2025-11-30,1,5,1,279.65,142.0,49.35
18664,16829,5,2025-11-30,5,2,1,296.65,150.0,52.35
18665,11754,4,2025-11-30,1,4,1,349.0,150.0,0.0
18666,16830,5,2025-11-30,1,2,1,349.0,150.0,0.0
18667,16831,5,2025-11-30,7,1,1,349.0,150.0,0.0
18668,3320,4,2025-11-30,5,2,1,349.0,150.0,0.0
18669,16832,5,2025-11-30,4,3,1,349.0,150.0,0.0
18670,16833,2,2025-11-30,3,2,1,299.0,129.0,0.0
18671,16281,5,2025-11-30,6,2,1,296.65,150.0,52.35
18672,16834,2,2025-11-30,4,3,1,254.15,129.0,44.85
18673,16835,6,2025-11-30,5,5,1,499.0,215.0,0.0
18674,16836,2,2025-11-30,7,1,1,299.0,129.0,0.0
18675,16837,5,2025-11-30,3,1,1,296.65,150.0,52.35
18676,16838,5,2025-12-01,5,2,1,314.1,150.0,34.9
18677,16839,3,2025-12-01,2,4,1,296.1,142.0,32.9
18678,16840,5,2025-12-01,4,1,1,296.65,150.0,52.35
18679,16841,4,2025-12-01,1,2,1,349.0,150.0,0.0
18680,16842,5,2025-12-01,5,3,1,349.0,150.0,0.0
18681,16843,1,2025-12-01,1,2,1,299.0,129.0,0.0
18682,970,5,2025-12-01,,2,1,349.0,150.0,0.0
18683,10859,2,2025-12-01,1,2,1,254.15,129.0,44.85
18684,13084,5,2025-12-01,3,2,1,349.0,150.0,0.0
18685,16844,2,2025-12-01,5,5,1,299.0,129.0,0.0
18686,16845,6,2025-12-01,7,3,1,499.0,215.0,0.0
18687,16846,5,2025-12-01,4,2,1,349.0,150.0,0.0
18688,275,5,2025-12-01,8,1,2,349.0,150.0,0.0
18689,11465,1,2025-12-01,1,2,1,299.0,129.0,0.0
18690,16847,5,2025-12-01,1,1,1,0.0,150.0,0.0
18691,355,4,2025-12-01,2,3,2,349.0,150.0,0.0
18692,16848,4,2025-12-01,1,1,1,314.1,150.0,34.9
18693,16849,6,2025-12-01,5,4,1,499.0,215.0,0.0
18694,16850,2,2025-12-01,1,4,1,299.0,129.0,0.0
18695,8080,5,2025-12-01,5,1,1,349.0,150.0,0.0
18696,16851,4,2025-12-01,2,1,1,314.1,150.0,34.9
18697,16852,2,2025-12-01,1,2,1,299.0,129.0,0.0
18698,16853,3,2025-12-01,1,1,1,329.0,142.0,0.0
18699,16854,4,2025-12-01,1,3,1,349.0,150.0,0.0
18700,16855,2,2025-12-01,3,3,1,299.0,129.0,0.0
18701,16856,5,2025-12-01,2,1,1,349.0,150.0,0.0
18702,16857,1,2025-12-01,3,2,1,299.0,129.0,0.0
18703,4614,5,2025-12-01,1,1,1,296.65,150.0,52.35
18704,16858,2,2025-12-01,2,2,1,299.0,129.0,0.0
18705,16859,3,2025-12-01,7,1,1,329.0,142.0,0.0
18706,16860,3,2025-12-01,4,1,1,329.0,142.0,0.0
18707,16861,4,2025-12-01,1,1,1,349.0,150.0,0.0
18708,7427,5,2025-12-01,1,2,1,349.0,150.0,0.0
18709,16862,2,2025-12-01,1,5,1,269.1,129.0,29.9
18710,16863,4,2025-12-01,4,1,2,349.0,150.0,0.0
18711,16864,4,2025-12-01,4,5,1,349.0,150.0,0.0
18712,16865,2,2025-12-01,1,2,1,299.0,129.0,0.0
18713,16866,2,2025-12-01,1,1,1,299.0,129.0,0.0
18714,16867,5,2025-12-01,1,1,1,349.0,150.0,0.0
18715,16868,2,2025-12-01,2,2,1,299.0,129.0,0.0
18716,16869,5,2025-12-01,3,2,1,349.0,150.0,0.0
18717,16870,5,2025-12-01,1,3,1,349.0,150.0,0.0
18718,16871,3,2025-12-01,5,1,1,329.0,142.0,0.0
18719,16872,1,2025-12-01,5,1,1,299.0,129.0,0.0
18720,16873,1,2025-12-01,1,3,1,299.0,129.0,0.0
18721,4498,4,2025-12-01,4,2,1,349.0,150.0,0.0
18722,16874,6,2025-12-01,2,1,1,499.0,215.0,0.0
18723,16875,5,2025-12-01,4,1,1,349.0,150.0,0.0
18724,16876,3,2025-12-01,1,4,1,329.0,142.0,0.0
18725,16877,5,2025-12-01,4,3,1,349.0,150.0,0.0
18726,16878,5,2025-12-01,1,2,1,349.0,150.0,0.0
18727,16879,5,2025-12-01,5,1,1,349.0,150.0,0.0
18728,16880,3,2025-12-01,9,1,1,329.0,142.0,0.0
18729,16881,5,2025-12-01,2,1,1,349.0,150.0,0.0
18730,16882,4,2025-12-01,3,2,1,296.65,150.0,52.35
18731,16883,4,2025-12-01,3,1,1,296.65,150.0,52.35
18732,16884,5,2025-12-01,7,2,1,349.0,150.0,0.0
18733,16885,4,2025-12-01,,1,1,349.0,150.0,0.0
18734,16886,5,2025-12-01,1,4,2,349.0,150.0,0.0
18735,16887,5,2025-12-01,3,2,1,314.1,150.0,34.9
18736,16888,4,2025-12-01,5,1,1,349.0,150.0,0.0
18737,16889,4,2025-12-01,5,1,1,349.0,150.0,0.0
18738,16890,4,2025-12-01,1,1,2,349.0,150.0,0.0
18739,10497,1,2025-12-01,3,3,1,299.0,129.0,0.0
18740,15052,5,2025-12-01,1,1,2,349.0,150.0,0.0
18741,16891,6,2025-12-01,5,1,1,499.0,215.0,0.0
18742,16892,4,2025-12-01,5,3,1,349.0,150.0,0.0
18743,16893,1,2025-12-01,5,3,1,299.0,129.0,0.0
18744,16894,4,2025-12-01,1,2,1,349.0,150.0,0.0
18745,16895,2,2025-12-01,2,2,2,299.0,129.0,0.0
18746,16896,1,2025-12-01,9,4,1,299.0,129.0,0.0
18747,16897,5,2025-12-01,4,2,1,349.0,150.0,0.0
18748,3163,1,2025-12-01,6,1,1,299.0,129.0,0.0
18749,16898,6,2025-12-02,4,2,1,499.0,215.0,0.0
18750,16899,5,2025-12-02,1,2,1,349.0,150.0,0.0
18751,16900,3,2025-12-02,2,1,1,329.0,142.0,0.0
18752,2756,3,2025-12-02,2,3,1,329.0,142.0,0.0
18753,16901,4,2025-12-02,3,1,1,296.65,150.0,52.35
18754,16902,5,2025-12-02,2,3,1,349.0,150.0,0.0
18755,16903,5,2025-12-02,9,2,1,349.0,150.0,0.0
18756,16904,5,2025-12-02,3,2,1,349.0,150.0,0.0
18757,16905,2,2025-12-02,5,1,2,299.0,129.0,0.0
18758,16906,1,2025-12-02,1,1,1,299.0,129.0,0.0
18759,16907,3,2025-12-02,3,2,1,329.0,142.0,0.0
18760,16908,3,2025-12-02,1,1,1,329.0,142.0,0.0
18761,16909,3,2025-12-02,5,5,1,329.0,142.0,0.0
18762,16910,4,2025-12-02,2,2,2,296.65,150.0,52.35
18763,16911,4,2025-12-02,3,5,1,349.0,150.0,0.0
18764,16912,3,2025-12-02,2,1,1,296.1,142.0,32.9
18765,16913,4,2025-12-02,5,2,1,349.0,150.0,0.0
18766,16914,5,2025-12-02,7,1,1,349.0,150.0,0.0
18767,16915,1,2025-12-02,5,2,1,299.0,129.0,0.0
18768,16916,2,2025-12-02,4,3,1,299.0,129.0,0.0
18769,16917,5,2025-12-02,5,2,1,314.1,150.0,34.9
18770,16918,4,2025-12-02,4,1,1,314.1,150.0,34.9
18771,16919,6,2025-12-02,2,1,1,499.0,215.0,0.0
18772,16920,2,2025-12-02,5,1,1,299.0,129.0,0.0
18773,90362,4,2025-12-02,7,1,1,349.0,150.0,0.0
18774,16922,5,2025-12-02,1,1,1,349.0,150.0,0.0
18775,16923,4,2025-12-02,2,5,1,349.0,150.0,0.0
18776,16924,1,2025-12-02,3,2,1,254.15,129.0,44.85
18777,16925,5,2025-12-02,1,2,2,349.0,150.0,0.0
18778,16926,4,2025-12-02,4,3,1,349.0,150.0,0.0
18779,16927,5,2025-12-02,5,5,2,314.1,150.0,34.9
18780,16928,5,2025-12-02,3,3,1,349.0,150.0,0.0
18781,16929,5,2025-12-02,1,1,1,349.0,150.0,0.0
18782,16930,5,2025-12-02,5,2,1,314.1,150.0,34.9
18783,8062,4,2025-12-02,1,3,1,349.0,150.0,0.0
18784,16931,1,2025-12-02,3,1,1,254.15,129.0,44.85
18785,16932,1,2025-12-02,6,1,1,299.0,129.0,0.0
18786,16933,4,2025-12-02,7,3,1,349.0,150.0,0.0
18787,16934,2,2025-12-02,5,3,1,269.1,129.0,29.9
18788,16935,6,2025-12-02,8,1,1,499.0,215.0,0.0
18789,16936,4,2025-12-02,1,2,1,349.0,150.0,0.0
18790,16937,5,2025-12-02,3,5,1,349.0,150.0,0.0
18791,16938,4,2025-12-02,3,2,1,349.0,150.0,0.0
18792,16939,4,2025-12-02,1,4,1,349.0,150.0,0.0
18793,16940,6,2025-12-02,3,3,1,449.1,215.0,49.9
18794,16941,5,2025-12-02,1,2,1,296.65,150.0,52.35
18795,16942,2,2025-12-02,8,5,1,254.15,129.0,44.85
18796,16943,2,2025-12-02,1,1,1,299.0,129.0,0.0
18797,16944,5,2025-12-02,2,2,1,349.0,150.0,0.0
18798,16945,4,2025-12-02,2,5,1,296.65,150.0,52.35
18799,16946,5,2025-12-02,1,1,1,314.1,150.0,34.9
18800,16947,1,2025-12-02,1,3,1,254.15,129.0,44.85
18801,16948,4,2025-12-02,2,3,1,314.1,150.0,34.9
18802,16949,6,2025-12-02,2,1,1,499.0,215.0,0.0
18803,16950,6,2025-12-02,3,3,2,499.0,215.0,0.0
18804,16951,4,2025-12-02,5,1,1,349.0,150.0,0.0
18805,16952,1,2025-12-02,1,2,1,254.15,129.0,44.85
18806,16953,4,2025-12-02,3,3,1,349.0,150.0,0.0
18807,16954,6,2025-12-02,5,1,1,499.0,215.0,0.0
18808,16955,4,2025-12-02,5,2,1,349.0,150.0,0.0
18809,16956,5,2025-12-02,1,2,1,349.0,150.0,0.0
18810,16957,5,2025-12-02,7,1,1,349.0,150.0,0.0
18811,16958,5,2025-12-02,1,2,1,349.0,150.0,0.0
18812,16959,6,2025-12-02,3,2,1,449.1,215.0,49.9
18813,16960,5,2025-12-02,5,1,1,349.0,150.0,0.0
18814,16961,5,2025-12-02,1,5,1,296.65,150.0,52.35
18815,16962,4,2025-12-02,1,3,1,296.65,150.0,52.35
18816,16963,5,2025-12-02,4,3,1,314.1,150.0,34.9
18817,16964,1,2025-12-02,7,1,1,299.0,129.0,0.0
18818,16965,1,2025-12-02,3,1,1,254.15,129.0,44.85
18819,16966,4,2025-12-02,7,2,1,349.0,150.0,0.0
18820,16967,2,2025-12-02,8,4,1,269.1,129.0,29.9
18821,16968,4,2025-12-02,,4,2,349.0,150.0,0.0
18822,16969,1,2025-12-03,1,3,1,269.1,129.0,29.9
18823,10545,4,2025-12-03,4,2,1,349.0,150.0,0.0
18824,16970,5,2025-12-03,1,1,2,349.0,150.0,0.0
18825,16971,1,2025-12-03,4,2,1,299.0,129.0,0.0
18826,16972,3,2025-12-03,3,1,1,329.0,142.0,0.0
18827,16973,3,2025-12-03,7,3,1,329.0,142.0,0.0
18828,16974,5,2025-12-03,1,4,1,349.0,150.0,0.0
18829,16975,5,2025-12-03,2,1,1,349.0,150.0,0.0
18830,16976,3,2025-12-03,1,1,1,329.0,142.0,0.0
18831,16977,5,2025-12-03,6,1,1,349.0,150.0,0.0
18832,16978,5,2025-12-03,5,2,1,349.0,150.0,0.0
18833,16979,5,2025-12-03,,1,1,349.0,150.0,0.0
18834,16980,4,2025-12-03,5,2,1,349.0,150.0,0.0
18835,16981,4,2025-12-03,4,3,2,349.0,150.0,0.0
18836,16982,4,2025-12-03,4,2,1,349.0,150.0,0.0
18837,16983,4,2025-12-03,4,2,1,349.0,150.0,0.0
18838,2520,2,2025-12-03,1,1,1,254.15,129.0,44.85
18839,16984,5,2025-12-03,3,3,1,349.0,150.0,0.0
18840,16985,5,2025-12-03,1,3,1,349.0,150.0,0.0
18841,16986,6,2025-12-03,1,4,1,499.0,215.0,0.0
18842,16987,3,2025-12-03,1,1,1,296.1,142.0,32.9
18843,16988,2,2025-12-03,2,1,1,299.0,129.0,0.0
18844,16989,5,2025-12-03,3,1,1,349.0,150.0,0.0
18845,16990,1,2025-12-03,4,1,1,299.0,129.0,0.0
18846,16991,4,2025-12-03,6,1,1,314.1,150.0,34.9
18847,16992,5,2025-12-03,7,2,1,296.65,150.0,52.35
18848,16993,4,2025-12-03,1,4,1,349.0,150.0,0.0
18849,16994,6,2025-12-03,1,2,1,499.0,215.0,0.0
18850,16995,1,2025-12-03,2,2,1,299.0,129.0,0.0
18851,607,4,2025-12-03,1,2,1,349.0,150.0,0.0
18852,16996,1,2025-12-03,2,5,1,299.0,129.0,0.0
18853,16997,1,2025-12-03,4,1,1,299.0,129.0,0.0
18854,16998,1,2025-12-03,5,2,1,299.0,129.0,0.0
18855,16999,4,2025-12-03,4,2,1,349.0,150.0,0.0
18856,17000,5,2025-12-03,4,2,1,314.1,150.0,34.9
18857,17001,2,2025-12-03,3,1,1,269.1,129.0,29.9
18858,17002,4,2025-12-03,1,1,1,349.0,150.0,0.0
18859,17003,5,2025-12-03,1,3,1,349.0,150.0,0.0
18860,17004,3,2025-12-03,1,5,1,329.0,142.0,0.0
18861,17005,2,2025-12-03,7,3,1,299.0,129.0,0.0
18862,17006,6,2025-12-03,5,1,1,499.0,215.0,0.0
18863,17007,2,2025-12-03,1,2,2,299.0,129.0,0.0
18864,17008,5,2025-12-03,3,1,1,314.1,150.0,34.9
18865,17009,2,2025-12-03,9,1,1,269.1,129.0,29.9
18866,11014,4,2025-12-03,1,3,1,349.0,150.0,0.0
18867,17010,3,2025-12-03,3,4,1,329.0,142.0,0.0
18868,17011,4,2025-12-03,1,5,1,314.1,150.0,34.9
18869,17012,2,2025-12-03,1,2,2,299.0,129.0,0.0
18870,17013,4,2025-12-03,4,1,1,349.0,150.0,0.0
18871,17014,5,2025-12-03,4,1,1,349.0,150.0,0.0
18872,17015,5,2025-12-03,1,4,1,349.0,150.0,0.0
18873,17016,3,2025-12-03,6,2,1,296.1,142.0,32.9
18874,17017,2,2025-12-03,1,5,1,269.1,129.0,29.9
18875,17018,6,2025-12-03,1,3,1,499.0,215.0,0.0
18876,17019,5,2025-12-03,3,3,1,349.0,150.0,0.0
18877,17020,2,2025-12-03,6,2,1,299.0,129.0,0.0
18878,17021,5,2025-12-03,2,3,1,349.0,150.0,0.0
18879,17022,4,2025-12-03,6,1,1,349.0,150.0,0.0
18880,17023,5,2025-12-03,1,2,1,314.1,150.0,34.9
18881,17024,5,2025-12-03,2,1,1,349.0,150.0,0.0
18882,1144,2,2025-12-03,1,5,1,299.0,129.0,0.0
18883,17025,1,2025-12-03,5,2,1,299.0,129.0,0.0
18884,17026,3,2025-12-03,3,5,1,329.0,142.0,0.0
18885,17027,1,2025-12-03,1,4,1,299.0,129.0,0.0
18886,17028,2,2025-12-03,5,1,1,299.0,129.0,0.0
18887,17029,5,2025-12-03,8,3,1,314.1,150.0,34.9
18888,17030,5,2025-12-03,1,5,1,296.65,150.0,52.35
18889,17031,5,2025-12-03,4,2,1,349.0,150.0,0.0
18890,17032,1,2025-12-03,2,1,1,299.0,129.0,0.0
18891,17033,3,2025-12-03,3,1,1,329.0,142.0,0.0
18892,17034,2,2025-12-04,1,5,1,269.1,129.0,29.9
18893,17035,5,2025-12-04,4,1,1,349.0,150.0,0.0
18894,17036,4,2025-12-04,5,3,1,349.0,150.0,0.0
18895,17037,1,2025-12-04,1,1,1,299.0,129.0,0.0
18896,17038,5,2025-12-04,2,3,2,349.0,150.0,0.0
18897,17039,5,2025-12-04,4,3,1,314.1,150.0,34.9
18898,17040,5,2025-12-04,2,2,2,349.0,150.0,0.0
18899,17041,5,2025-12-04,4,1,2,349.0,150.0,0.0
18900,17042,5,2025-12-04,,3,1,349.0,150.0,0.0
18901,17043,1,2025-12-04,1,2,2,269.1,129.0,29.9
18902,17044,1,2025-12-04,5,2,1,269.1,129.0,29.9
18903,17045,3,2025-12-04,8,3,1,296.1,142.0,32.9
18904,17046,6,2025-12-04,6,4,2,499.0,215.0,0.0
18905,17047,5,2025-12-04,5,4,1,349.0,150.0,0.0
18906,17048,2,2025-12-04,4,3,1,254.15,129.0,44.85
18907,17049,6,2025-12-04,2,2,2,499.0,215.0,0.0
18908,17050,5,2025-12-04,4,5,1,349.0,150.0,0.0
18909,17051,1,2025-12-04,5,3,1,299.0,129.0,0.0
18910,5744,2,2025-12-04,5,1,2,299.0,129.0,0.0
18911,17052,6,2025-12-04,3,3,1,449.1,215.0,49.9
18912,17053,2,2025-12-04,5,2,1,299.0,129.0,0.0
18913,17054,2,2025-12-04,1,4,1,299.0,129.0,0.0
18914,17055,6,2025-12-04,2,5,1,499.0,215.0,0.0
18915,9905,5,2025-12-04,5,2,1,349.0,150.0,0.0
18916,17056,2,2025-12-04,7,3,1,299.0,129.0,0.0
18917,17057,4,2025-12-04,5,4,1,349.0,150.0,0.0
18918,17058,1,2025-12-04,1,5,1,299.0,129.0,0.0
18919,17059,3,2025-12-04,3,3,1,329.0,142.0,0.0
18920,17060,5,2025-12-04,1,2,1,349.0,150.0,0.0
18921,17061,3,2025-12-04,6,2,1,296.1,142.0,32.9
18922,17062,4,2025-12-04,1,3,1,314.1,150.0,34.9
18923,17063,1,2025-12-04,1,1,1,299.0,129.0,0.0
18924,17064,6,2025-12-04,2,3,1,499.0,215.0,0.0
18925,17065,4,2025-12-04,7,1,1,349.0,150.0,0.0
18926,2523,2,2025-12-04,3,1,2,299.0,129.0,0.0
18927,13854,1,2025-12-04,3,1,1,254.15,129.0,44.85
18928,17066,5,2025-12-04,8,1,1,349.0,150.0,0.0
18929,1262,2,2025-12-04,5,3,1,299.0,129.0,0.0
18930,7811,2,2025-12-04,2,1,1,299.0,129.0,0.0
18931,17067,4,2025-12-04,1,1,1,349.0,150.0,0.0
18932,17068,5,2025-12-04,2,1,1,349.0,150.0,0.0
18933,17069,3,2025-12-04,2,2,2,279.65,142.0,49.35
18934,17070,3,2025-12-04,8,1,1,329.0,142.0,0.0
18935,17071,6,2025-12-04,3,4,1,449.1,215.0,49.9
18936,4273,4,2025-12-04,8,1,1,349.0,150.0,0.0
18937,17072,2,2025-12-04,3,2,1,299.0,129.0,0.0
18938,17073,1,2025-12-04,8,3,1,299.0,129.0,0.0
18939,17074,5,2025-12-04,5,2,1,349.0,150.0,0.0
18940,17075,1,2025-12-04,1,5,1,299.0,129.0,0.0
18941,17076,2,2025-12-04,1,1,1,299.0,129.0,0.0
18942,17077,4,2025-12-04,1,1,1,349.0,150.0,0.0
18943,17078,5,2025-12-04,4,5,1,314.1,150.0,34.9
18944,17079,2,2025-12-04,7,2,1,299.0,129.0,0.0
18945,17080,4,2025-12-04,6,1,1,349.0,150.0,0.0
18946,17081,1,2025-12-04,2,2,1,299.0,129.0,0.0
18947,17082,1,2025-12-04,2,2,1,299.0,129.0,0.0
18948,17083,5,2025-12-04,1,1,1,349.0,150.0,0.0
18949,17084,4,2025-12-04,8,2,1,349.0,150.0,0.0
18950,17085,3,2025-12-04,1,1,1,329.0,142.0,0.0
18951,17086,1,2025-12-04,6,2,1,254.15,129.0,44.85
18952,17087,5,2025-12-04,1,2,1,349.0,150.0,0.0
18953,2636,5,2025-12-04,1,1,1,349.0,150.0,0.0
18954,17088,5,2025-12-04,1,5,1,349.0,150.0,0.0
18955,17089,4,2025-12-04,1,4,1,349.0,150.0,0.0
18956,17090,4,2025-12-04,6,2,1,349.0,150.0,0.0
18957,17091,3,2025-12-04,3,3,1,329.0,142.0,0.0
18958,17092,2,2025-12-04,1,3,1,299.0,129.0,0.0
18959,17093,1,2025-12-04,1,2,1,254.15,129.0,44.85
18960,17094,5,2025-12-04,2,1,2,349.0,150.0,0.0
18961,17095,1,2025-12-04,2,2,1,269.1,129.0,29.9
18962,17096,6,2025-12-04,5,1,1,499.0,215.0,0.0
18963,17097,5,2025-12-05,1,3,1,349.0,150.0,0.0
18964,17098,2,2025-12-05,5,1,1,299.0,129.0,0.0
18965,17099,2,2025-12-05,5,1,1,269.1,129.0,29.9
18966,17100,3,2025-12-05,9,2,1,329.0,142.0,0.0
18967,17101,5,2025-12-05,9,3,1,349.0,150.0,0.0
18968,15339,5,2025-12-05,3,5,1,314.1,150.0,34.9
18969,17102,1,2025-12-05,2,3,1,299.0,129.0,0.0
18970,17103,5,2025-12-05,3,5,1,349.0,150.0,0.0
18971,17104,4,2025-12-05,3,1,2,349.0,150.0,0.0
18972,17105,3,2025-12-05,1,2,1,329.0,142.0,0.0
18973,17106,3,2025-12-05,5,3,1,329.0,142.0,0.0
18974,17107,4,2025-12-05,5,3,2,314.1,150.0,34.9
18975,17108,4,2025-12-05,4,3,1,314.1,150.0,34.9
18976,17109,4,2025-12-05,2,5,1,349.0,150.0,0.0
18977,17110,2,2025-12-05,5,2,1,269.1,129.0,29.9
18978,17111,4,2025-12-05,3,1,1,349.0,150.0,0.0
18979,17112,2,2025-12-05,5,1,1,299.0,129.0,0.0
18980,17113,1,2025-12-05,8,1,1,299.0,129.0,0.0
18981,17114,3,2025-12-05,7,4,1,296.1,142.0,32.9
18982,17115,4,2025-12-05,7,2,1,296.65,150.0,52.35
18983,15007,6,2025-12-05,2,2,1,499.0,215.0,0.0
18984,17116,5,2025-12-05,1,2,1,349.0,150.0,0.0
18985,10130,3,2025-12-05,6,1,2,329.0,142.0,0.0
18986,17117,1,2025-12-05,5,2,1,254.15,129.0,44.85
18987,17118,4,2025-12-05,5,3,1,314.1,150.0,34.9
18988,17119,4,2025-12-05,1,2,1,349.0,150.0,0.0
18989,17120,5,2025-12-05,2,2,1,314.1,150.0,34.9
18990,17121,4,2025-12-05,1,2,1,314.1,150.0,34.9
18991,906,2,2025-12-05,5,2,1,269.1,129.0,29.9
18992,17122,3,2025-12-05,2,2,1,329.0,142.0,0.0
18993,17123,3,2025-12-05,5,3,1,329.0,142.0,0.0
18994,17124,6,2025-12-05,3,4,1,449.1,215.0,49.9
18995,12892,5,2025-12-05,1,3,1,314.1,150.0,34.9
18996,17125,2,2025-12-05,4,4,1,299.0,129.0,0.0
18997,17126,2,2025-12-05,2,1,1,299.0,129.0,0.0
18998,17127,5,2025-12-05,6,5,1,349.0,150.0,0.0
18999,17128,3,2025-12-05,2,2,1,329.0,142.0,0.0
19000,17129,5,2025-12-05,6,2,1,349.0,150.0,0.0
19001,17130,4,2025-12-05,2,4,1,349.0,150.0,0.0
19002,17131,5,2025-12-05,4,2,1,349.0,150.0,0.0
19003,17132,1,2025-12-05,3,2,1,269.1,129.0,29.9
19004,17133,1,2025-12-05,5,2,1,299.0,129.0,0.0
19005,17134,2,2025-12-05,1,3,1,299.0,129.0,0.0
19006,17135,2,2025-12-05,1,2,1,299.0,129.0,0.0
19007,17136,4,2025-12-05,5,2,1,349.0,150.0,0.0
19008,17137,4,2025-12-05,1,5,1,314.1,150.0,34.9
19009,16412,5,2025-12-05,1,5,1,349.0,150.0,0.0
19010,17138,5,2025-12-05,8,4,1,349.0,150.0,0.0
19011,17139,2,2025-12-05,2,2,1,254.15,129.0,44.85
19012,11764,4,2025-12-05,2,3,1,349.0,150.0,0.0
19013,90150,5,2025-12-05,7,2,1,349.0,150.0,0.0
19014,17141,6,2025-12-05,1,5,1,449.1,215.0,49.9
19015,17142,3,2025-12-05,3,3,1,329.0,142.0,0.0
19016,17143,5,2025-12-05,,2,1,296.65,150.0,52.35
19017,17144,4,2025-12-05,3,1,1,314.1,150.0,34.9
19018,17145,6,2025-12-05,3,1,1,499.0,215.0,0.0
19019,17146,5,2025-12-05,7,2,1,314.1,150.0,34.9
19020,17147,3,2025-12-05,4,3,1,329.0,142.0,0.0
19021,17148,5,2025-12-05,2,5,1,296.65,150.0,52.35
19022,17149,2,2025-12-05,6,1,1,299.0,129.0,0.0
19023,17150,5,2025-12-05,1,1,2,349.0,150.0,0.0
19024,17151,4,2025-12-05,3,5,1,296.65,150.0,52.35
19025,17152,4,2025-12-05,1,1,1,349.0,150.0,0.0
19026,17153,5,2025-12-05,2,4,1,349.0,150.0,0.0
19027,17154,5,2025-12-05,2,2,1,349.0,150.0,0.0
19028,17155,1,2025-12-05,3,2,1,299.0,129.0,0.0
19029,17156,3,2025-12-05,4,2,1,329.0,142.0,0.0
19030,17157,6,2025-12-05,1,1,1,499.0,215.0,0.0
19031,17158,4,2025-12-05,5,1,1,349.0,150.0,0.0
19032,17159,3,2025-12-05,1,2,1,329.0,142.0,0.0
19033,17160,2,2025-12-05,2,4,1,299.0,129.0,0.0
19034,17161,5,2025-12-05,1,1,1,296.65,150.0,52.35
19035,17162,1,2025-12-06,7,1,1,299.0,129.0,0.0
19036,17163,5,2025-12-06,3,3,1,349.0,150.0,0.0
19037,6638,1,2025-12-06,4,5,2,299.0,129.0,0.0
19038,17164,5,2025-12-06,3,2,1,349.0,150.0,0.0
19039,17165,3,2025-12-06,1,2,1,296.1,142.0,32.9
19040,4794,4,2025-12-06,1,1,0,349.0,150.0,0.0
19041,17166,2,2025-12-06,5,3,1,299.0,129.0,0.0
19042,8189,4,2025-12-06,1,1,1,349.0,150.0,0.0
19043,17167,4,2025-12-06,4,3,1,349.0,150.0,0.0
19044,17168,3,2025-12-06,1,2,1,329.0,142.0,0.0
19045,8199,5,2025-12-06,3,1,1,349.0,150.0,0.0
19046,17169,1,2025-12-06,2,1,1,254.15,129.0,44.85
19047,17170,5,2025-12-06,1,2,1,349.0,150.0,0.0
19048,17171,2,2025-12-06,1,2,1,299.0,129.0,0.0
19049,4897,6,2025-12-06,3,3,1,449.1,215.0,49.9
19050,17172,4,2025-12-06,1,1,1,349.0,150.0,0.0
19051,17173,4,2025-12-06,5,4,1,349.0,150.0,0.0
19052,17174,3,2025-12-06,1,1,1,329.0,142.0,0.0
19053,5059,1,2025-12-06,3,1,1,299.0,129.0,0.0
19054,17175,3,2025-12-06,3,2,1,329.0,142.0,0.0
19055,17176,4,2025-12-06,1,1,1,349.0,150.0,0.0
19056,17177,1,2025-12-06,3,2,1,299.0,129.0,0.0
19057,17178,4,2025-12-06,9,1,1,349.0,150.0,0.0
19058,17179,2,2025-12-06,1,2,1,299.0,129.0,0.0
19059,17180,2,2025-12-06,2,5,1,299.0,129.0,0.0
19060,17181,5,2025-12-06,3,2,1,314.1,150.0,34.9
19061,17182,4,2025-12-06,3,2,1,349.0,150.0,0.0
19062,17183,5,2025-12-06,5,4,1,349.0,150.0,0.0
19063,17184,4,2025-12-06,3,1,1,296.65,150.0,52.35
19064,17185,1,2025-12-06,5,1,1,299.0,129.0,0.0
19065,5418,1,2025-12-06,5,2,1,299.0,129.0,0.0
19066,17186,5,2025-12-06,5,3,1,349.0,150.0,0.0
19067,17187,4,2025-12-06,1,1,1,349.0,150.0,0.0
19068,17188,6,2025-12-06,3,1,2,499.0,215.0,0.0
19069,17189,6,2025-12-06,1,2,1,499.0,215.0,0.0
19070,17055,4,2025-12-06,3,1,1,349.0,150.0,0.0
19071,17190,5,2025-12-06,1,2,1,296.65,150.0,52.35
19072,17191,5,2025-12-06,8,2,1,349.0,150.0,0.0
19073,17192,5,2025-12-06,4,3,1,314.1,150.0,34.9
19074,17193,6,2025-12-06,1,2,1,499.0,215.0,0.0
19075,11865,3,2025-12-06,1,4,2,296.1,142.0,32.9
19076,17194,5,2025-12-06,1,4,1,349.0,150.0,0.0
19077,17195,1,2025-12-06,3,1,1,299.0,129.0,0.0
19078,17196,6,2025-12-06,1,3,1,499.0,215.0,0.0
19079,17197,2,2025-12-06,1,1,1,299.0,129.0,0.0
19080,17198,5,2025-12-06,6,5,1,349.0,150.0,0.0
19081,17199,3,2025-12-06,1,1,1,329.0,142.0,0.0
19082,17200,6,2025-12-06,3,1,1,499.0,215.0,0.0
19083,10859,1,2025-12-06,1,4,1,299.0,129.0,0.0
19084,15506,4,2025-12-06,8,3,1,349.0,150.0,0.0
19085,17201,2,2025-12-06,1,2,1,299.0,129.0,0.0
19086,17202,2,2025-12-06,1,4,1,299.0,129.0,0.0
19087,17203,5,2025-12-06,2,1,1,349.0,150.0,0.0
19088,17204,5,2025-12-06,1,1,1,349.0,150.0,0.0
19089,17205,1,2025-12-06,3,1,1,299.0,129.0,0.0
19090,17206,5,2025-12-06,8,1,1,314.1,150.0,34.9
19091,17207,2,2025-12-06,1,3,1,299.0,129.0,0.0
19092,17208,1,2025-12-06,7,3,1,254.15,129.0,44.85
19093,17209,6,2025-12-06,3,4,1,499.0,215.0,0.0
19094,17210,3,2025-12-06,3,3,1,329.0,142.0,0.0
19095,17211,6,2025-12-06,2,2,1,499.0,215.0,0.0
19096,17212,4,2025-12-06,3,3,1,314.1,150.0,34.9
19097,17213,3,2025-12-06,2,1,1,329.0,142.0,0.0
19098,17214,4,2025-12-06,1,1,1,349.0,150.0,0.0
19099,17215,5,2025-12-06,1,4,1,349.0,150.0,0.0
19100,1529,4,2025-12-06,6,4,1,349.0,150.0,0.0
19101,17216,4,2025-12-06,1,1,1,349.0,150.0,0.0
19102,17217,4,2025-12-06,3,3,1,349.0,150.0,0.0
19103,17218,5,2025-12-06,2,2,1,349.0,150.0,0.0
19104,17219,5,2025-12-06,3,5,1,296.65,150.0,52.35
19105,17220,4,2025-12-06,8,4,1,349.0,150.0,0.0
19106,17221,3,2025-12-06,2,3,1,329.0,142.0,0.0
19107,17222,4,2025-12-06,5,1,1,349.0,150.0,0.0
19108,17223,5,2025-12-07,5,5,2,349.0,150.0,0.0
19109,17224,5,2025-12-07,3,3,1,349.0,150.0,0.0
19110,10920,4,2025-12-07,5,2,1,349.0,150.0,0.0
19111,11303,1,2025-12-07,2,1,1,299.0,129.0,0.0
19112,17225,2,2025-12-07,8,2,1,299.0,129.0,0.0
19113,17226,2,2025-12-07,1,2,2,299.0,129.0,0.0
19114,17227,1,2025-12-07,5,2,1,254.15,129.0,44.85
19115,17228,3,2025-12-07,7,1,2,329.0,142.0,0.0
19116,17229,4,2025-12-07,4,3,1,349.0,150.0,0.0
19117,17230,4,2025-12-07,5,3,1,314.1,150.0,34.9
19118,7805,2,2025-12-07,4,4,1,299.0,129.0,0.0
19119,5969,5,2025-12-07,1,2,1,349.0,150.0,0.0
19120,17231,2,2025-12-07,6,2,1,299.0,129.0,0.0
19121,17232,2,2025-12-07,3,3,1,269.1,129.0,29.9
19122,16304,4,2025-12-07,5,1,1,349.0,150.0,0.0
19123,17233,5,2025-12-07,8,2,1,349.0,150.0,0.0
19124,17234,6,2025-12-07,1,2,1,499.0,215.0,0.0
19125,17235,4,2025-12-07,5,2,1,349.0,150.0,0.0
19126,17236,2,2025-12-07,1,3,1,254.15,129.0,44.85
19127,17237,4,2025-12-07,1,1,1,349.0,150.0,0.0
19128,17238,2,2025-12-07,1,1,1,254.15,129.0,44.85
19129,17239,4,2025-12-07,2,2,1,349.0,150.0,0.0
19130,17240,5,2025-12-07,1,5,1,349.0,150.0,0.0
19131,17241,6,2025-12-07,1,2,1,499.0,215.0,0.0
19132,17242,4,2025-12-07,1,1,1,349.0,150.0,0.0
19133,17243,5,2025-12-07,3,2,1,349.0,150.0,0.0
19134,17244,3,2025-12-07,1,5,1,329.0,142.0,0.0
19135,17245,1,2025-12-07,5,1,1,299.0,129.0,0.0
19136,17246,2,2025-12-07,1,1,1,299.0,129.0,0.0
19137,17247,6,2025-12-07,1,2,1,424.15,215.0,74.85
19138,17248,1,2025-12-07,4,1,1,269.1,129.0,29.9
19139,14880,6,2025-12-07,8,5,1,499.0,215.0,0.0
19140,17249,5,2025-12-07,1,1,1,296.65,150.0,52.35
19141,2460,5,2025-12-07,1,2,1,349.0,150.0,0.0
19142,17250,1,2025-12-07,7,2,1,299.0,129.0,0.0
19143,17251,5,2025-12-07,6,3,1,349.0,150.0,0.0
19144,17252,4,2025-12-07,7,1,1,349.0,150.0,0.0
19145,17253,2,2025-12-07,7,1,1,299.0,129.0,0.0
19146,17254,1,2025-12-07,1,2,2,299.0,129.0,0.0
19147,17255,1,2025-12-07,1,5,2,269.1,129.0,29.9
19148,7758,5,2025-12-07,1,3,1,349.0,150.0,0.0
19149,17256,4,2025-12-07,8,1,1,349.0,150.0,0.0
19150,17257,2,2025-12-07,2,1,1,299.0,129.0,0.0
19151,17258,4,2025-12-07,3,1,1,296.65,150.0,52.35
19152,17259,4,2025-12-07,5,3,1,349.0,150.0,0.0
19153,17260,4,2025-12-07,2,1,1,314.1,150.0,34.9
19154,17261,6,2025-12-07,7,1,1,499.0,215.0,0.0
19155,17262,2,2025-12-07,5,2,1,299.0,129.0,0.0
19156,17263,1,2025-12-07,2,2,1,299.0,129.0,0.0
19157,17264,5,2025-12-07,8,1,1,349.0,150.0,0.0
19158,17265,4,2025-12-07,1,1,1,349.0,150.0,0.0
19159,17266,2,2025-12-07,2,2,1,299.0,129.0,0.0
19160,17267,4,2025-12-07,1,1,1,349.0,150.0,0.0
19161,10978,4,2025-12-07,5,1,1,349.0,150.0,0.0
19162,17268,5,2025-12-07,7,5,1,314.1,150.0,34.9
19163,17269,2,2025-12-07,6,5,1,299.0,129.0,0.0
19164,17270,2,2025-12-07,4,4,1,299.0,129.0,0.0
19165,17271,1,2025-12-07,1,3,1,299.0,129.0,0.0
19166,17272,1,2025-12-07,1,2,2,299.0,129.0,0.0
19167,17273,2,2025-12-07,7,3,1,299.0,129.0,0.0
19168,17274,5,2025-12-07,5,1,1,314.1,150.0,34.9
19169,17275,5,2025-12-07,2,2,1,296.65,150.0,52.35
19170,17276,1,2025-12-07,4,5,1,299.0,129.0,0.0
19171,17277,5,2025-12-07,4,3,1,349.0,150.0,0.0
19172,17278,4,2025-12-07,8,2,1,349.0,150.0,0.0
19173,17279,2,2025-12-07,1,2,1,299.0,129.0,0.0
19174,17280,4,2025-12-07,4,1,1,296.65,150.0,52.35
19175,17281,2,2025-12-07,1,1,1,299.0,129.0,0.0
19176,17282,4,2025-12-07,5,1,1,349.0,150.0,0.0
19177,17283,2,2025-12-08,5,1,1,299.0,129.0,0.0
19178,17284,4,2025-12-08,3,2,2,349.0,150.0,0.0
19179,17285,1,2025-12-08,3,3,1,269.1,129.0,29.9
19180,17286,6,2025-12-08,3,4,2,499.0,215.0,0.0
19181,17287,5,2025-12-08,7,5,1,349.0,150.0,0.0
19182,17288,2,2025-12-08,2,1,1,299.0,129.0,0.0
19183,17289,2,2025-12-08,1,1,1,269.1,129.0,29.9
19184,17290,5,2025-12-08,4,3,1,349.0,150.0,0.0
19185,17291,6,2025-12-08,3,1,1,499.0,215.0,0.0
19186,17292,4,2025-12-08,5,4,1,349.0,150.0,0.0
19187,17293,5,2025-12-08,4,2,1,314.1,150.0,34.9
19188,17294,3,2025-12-08,6,4,1,329.0,142.0,0.0
19189,17295,4,2025-12-08,7,2,1,296.65,150.0,52.35
19190,17296,2,2025-12-08,3,5,1,299.0,129.0,0.0
19191,17297,2,2025-12-08,1,3,1,299.0,129.0,0.0
19192,17298,2,2025-12-08,4,2,1,299.0,129.0,0.0
19193,17299,1,2025-12-08,2,1,1,299.0,129.0,0.0
19194,17300,3,2025-12-08,8,4,1,279.65,142.0,49.35
19195,17301,2,2025-12-08,1,2,1,299.0,129.0,0.0
19196,17302,2,2025-12-08,5,1,1,299.0,129.0,0.0
19197,17303,2,2025-12-08,3,1,1,299.0,129.0,0.0
19198,17304,4,2025-12-08,4,1,1,349.0,150.0,0.0
19199,17305,2,2025-12-08,4,4,1,299.0,129.0,0.0
19200,17306,5,2025-12-08,1,1,1,349.0,150.0,0.0
19201,17307,4,2025-12-08,8,1,1,349.0,150.0,0.0
19202,17308,3,2025-12-08,3,4,2,329.0,142.0,0.0
19203,17309,5,2025-12-08,1,3,1,349.0,150.0,0.0
19204,17310,6,2025-12-08,1,2,1,499.0,215.0,0.0
19205,7669,3,2025-12-08,6,3,1,329.0,142.0,0.0
19206,17311,4,2025-12-08,4,2,1,349.0,150.0,0.0
19207,17312,4,2025-12-08,3,1,1,349.0,150.0,0.0
19208,17313,5,2025-12-08,1,3,1,349.0,150.0,0.0
19209,17314,4,2025-12-08,5,3,1,349.0,150.0,0.0
19210,17315,3,2025-12-08,5,1,1,329.0,142.0,0.0
19211,4393,2,2025-12-08,1,1,1,299.0,129.0,0.0
19212,17316,4,2025-12-08,1,3,1,349.0,150.0,0.0
19213,17317,5,2025-12-08,7,2,1,296.65,150.0,52.35
19214,17318,4,2025-12-08,6,3,2,349.0,150.0,0.0
19215,17319,5,2025-12-08,1,1,1,296.65,150.0,52.35
19216,17320,3,2025-12-08,1,3,1,329.0,142.0,0.0
19217,17321,6,2025-12-08,3,3,1,499.0,215.0,0.0
19218,17322,5,2025-12-08,3,3,2,349.0,150.0,0.0
19219,17323,4,2025-12-08,1,1,1,349.0,150.0,0.0
19220,17324,4,2025-12-08,5,5,1,349.0,150.0,0.0
19221,17325,4,2025-12-08,1,2,1,349.0,150.0,0.0
19222,17326,5,2025-12-08,1,1,1,349.0,150.0,0.0
19223,17327,1,2025-12-08,7,5,1,299.0,129.0,0.0
19224,17328,4,2025-12-08,3,2,1,349.0,150.0,0.0
19225,17329,5,2025-12-08,5,1,1,349.0,150.0,0.0
19226,17330,4,2025-12-08,7,1,1,349.0,150.0,0.0
19227,17331,3,2025-12-08,7,2,1,329.0,142.0,0.0
19228,17332,4,2025-12-08,5,5,1,314.1,150.0,34.9
19229,17333,1,2025-12-08,5,3,1,299.0,129.0,0.0
19230,17334,3,2025-12-08,7,1,1,329.0,142.0,0.0
19231,17335,5,2025-12-08,1,2,1,296.65,150.0,52.35
19232,11799,2,2025-12-08,1,2,1,254.15,129.0,44.85
19233,17336,2,2025-12-08,6,3,1,299.0,129.0,0.0
19234,17337,1,2025-12-08,5,3,1,299.0,129.0,0.0
19235,15192,2,2025-12-08,4,5,1,299.0,129.0,0.0
19236,17338,5,2025-12-08,1,1,1,349.0,150.0,0.0
19237,17339,5,2025-12-08,5,1,2,349.0,150.0,0.0
19238,17340,1,2025-12-08,9,4,1,299.0,129.0,0.0
19239,17341,2,2025-12-08,6,5,1,299.0,129.0,0.0
19240,17342,4,2025-12-08,3,3,1,349.0,150.0,0.0
19241,17343,3,2025-12-08,4,5,1,329.0,142.0,0.0
19242,17344,2,2025-12-08,1,2,1,254.15,129.0,44.85
19243,17345,5,2025-12-08,3,1,1,349.0,150.0,0.0
19244,17346,1,2025-12-08,2,3,1,269.1,129.0,29.9
19245,17347,6,2025-12-08,1,4,1,499.0,215.0,0.0
19246,17348,6,2025-12-08,1,3,1,499.0,215.0,0.0
19247,17349,6,2025-12-08,6,2,1,499.0,215.0,0.0
19248,17350,6,2025-12-08,4,2,1,499.0,215.0,0.0
19249,17351,5,2025-12-08,1,3,1,349.0,150.0,0.0
19250,17352,2,2025-12-08,3,4,1,299.0,129.0,0.0
19251,17353,2,2025-12-09,9,2,1,269.1,129.0,29.9
19252,17354,4,2025-12-09,4,4,1,349.0,150.0,0.0
19253,17355,5,2025-12-09,5,5,2,349.0,150.0,0.0
19254,17356,5,2025-12-09,2,1,1,349.0,150.0,0.0
19255,17357,3,2025-12-09,5,5,1,329.0,142.0,0.0
19256,17358,2,2025-12-09,1,1,1,299.0,129.0,0.0
19257,17359,4,2025-12-09,3,2,1,349.0,150.0,0.0
19258,17360,5,2025-12-09,4,2,1,349.0,150.0,0.0
19259,17361,1,2025-12-09,4,2,1,269.1,129.0,29.9
19260,17362,2,2025-12-09,5,1,1,299.0,129.0,0.0
19261,10801,3,2025-12-09,3,2,2,329.0,142.0,0.0
19262,17363,5,2025-12-09,4,2,1,314.1,150.0,34.9
19263,17364,6,2025-12-09,2,5,1,499.0,215.0,0.0
19264,17365,1,2025-12-09,3,2,1,254.15,129.0,44.85
19265,17366,2,2025-12-09,7,4,1,299.0,129.0,0.0
19266,17367,4,2025-12-09,1,1,1,296.65,150.0,52.35
19267,17368,5,2025-12-09,6,2,2,349.0,150.0,0.0
19268,13624,1,2025-12-09,5,2,1,299.0,129.0,0.0
19269,16219,5,2025-12-09,6,3,1,314.1,150.0,34.9
19270,17369,6,2025-12-09,1,3,1,499.0,215.0,0.0
19271,17370,2,2025-12-09,1,3,1,254.15,129.0,44.85
19272,17371,5,2025-12-09,1,2,1,349.0,150.0,0.0
19273,4562,5,2025-12-09,4,3,1,349.0,150.0,0.0
19274,17372,2,2025-12-09,5,2,1,299.0,129.0,0.0
19275,17373,5,2025-12-09,7,3,1,349.0,150.0,0.0
19276,17374,4,2025-12-09,4,3,2,314.1,150.0,34.9
19277,17375,3,2025-12-09,4,2,1,329.0,142.0,0.0
19278,17376,1,2025-12-09,3,1,1,254.15,129.0,44.85
19279,17377,5,2025-12-09,7,2,1,349.0,150.0,0.0
19280,17378,4,2025-12-09,5,2,1,349.0,150.0,0.0
19281,17379,4,2025-12-09,1,2,1,349.0,150.0,0.0
19282,17380,4,2025-12-09,5,3,1,296.65,150.0,52.35
19283,17381,2,2025-12-09,1,4,1,299.0,129.0,0.0
19284,17382,2,2025-12-09,2,3,1,299.0,129.0,0.0
19285,17383,6,2025-12-09,1,5,1,499.0,215.0,0.0
19286,17384,4,2025-12-09,4,5,1,296.65,150.0,52.35
19287,17385,5,2025-12-09,6,1,1,349.0,150.0,0.0
19288,17386,4,2025-12-09,1,4,1,349.0,150.0,0.0
19289,17387,4,2025-12-09,2,1,1,349.0,150.0,0.0
19290,2283,4,2025-12-09,2,1,1,349.0,150.0,0.0
19291,17388,5,2025-12-09,6,1,1,349.0,150.0,0.0
19292,17389,6,2025-12-09,1,1,1,499.0,215.0,0.0
19293,17390,6,2025-12-09,3,1,1,449.1,215.0,49.9
19294,17391,1,2025-12-09,7,3,1,299.0,129.0,0.0
19295,17392,1,2025-12-09,3,1,1,299.0,129.0,0.0
19296,507,3,2025-12-09,4,1,1,329.0,142.0,0.0
19297,17393,4,2025-12-09,5,3,1,349.0,150.0,0.0
19298,17394,4,2025-12-09,3,1,1,349.0,150.0,0.0
19299,17395,6,2025-12-09,1,3,1,449.1,215.0,49.9
19300,17396,6,2025-12-09,3,3,1,424.15,215.0,74.85
19301,17397,5,2025-12-09,2,1,1,349.0,150.0,0.0
19302,17398,3,2025-12-09,3,4,1,296.1,142.0,32.9
19303,17399,4,2025-12-09,3,1,1,349.0,150.0,0.0
19304,17400,5,2025-12-09,4,3,1,349.0,150.0,0.0
19305,17401,2,2025-12-09,4,1,1,299.0,129.0,0.0
19306,17402,5,2025-12-09,2,1,1,296.65,150.0,52.35
19307,17403,1,2025-12-09,3,2,1,299.0,129.0,0.0
19308,17404,1,2025-12-09,3,1,1,299.0,129.0,0.0
19309,17405,5,2025-12-09,1,1,1,314.1,150.0,34.9
19310,17406,3,2025-12-09,1,4,1,296.1,142.0,32.9
19311,17407,4,2025-12-09,4,2,1,314.1,150.0,34.9
19312,17408,6,2025-12-09,3,2,1,449.1,215.0,49.9
19313,17409,3,2025-12-09,7,4,1,329.0,142.0,0.0
19314,17410,3,2025-12-09,3,2,1,296.1,142.0,32.9
19315,17411,4,2025-12-09,3,3,1,349.0,150.0,0.0
19316,17412,2,2025-12-09,3,2,1,299.0,129.0,0.0
19317,17413,1,2025-12-09,3,3,1,269.1,129.0,29.9
19318,3912,5,2025-12-09,7,2,1,314.1,150.0,34.9
19319,17414,4,2025-12-09,1,1,1,349.0,150.0,0.0
19320,17415,6,2025-12-10,4,2,1,424.15,215.0,74.85
19321,17416,4,2025-12-10,5,1,1,314.1,150.0,34.9
19322,17417,4,2025-12-10,1,2,1,349.0,150.0,0.0
19323,17418,5,2025-12-10,7,1,1,349.0,150.0,0.0
19324,17419,6,2025-12-10,1,2,1,499.0,215.0,0.0
19325,17420,1,2025-12-10,3,3,1,299.0,129.0,0.0
19326,17421,5,2025-12-10,1,2,1,349.0,150.0,0.0
19327,17422,5,2025-12-10,2,4,2,349.0,150.0,0.0
19328,17423,4,2025-12-10,1,3,1,349.0,150.0,0.0
19329,17424,5,2025-12-10,1,2,1,349.0,150.0,0.0
19330,17425,6,2025-12-10,8,1,1,499.0,215.0,0.0
19331,17426,1,2025-12-10,8,3,1,299.0,129.0,0.0
19332,17427,4,2025-12-10,3,1,1,349.0,150.0,0.0
19333,5118,5,2025-12-10,1,2,1,296.65,150.0,52.35
19334,7738,5,2025-12-10,2,2,1,349.0,150.0,0.0
19335,261,1,2025-12-10,5,4,1,299.0,129.0,0.0
19336,17428,5,2025-12-10,1,1,1,349.0,150.0,0.0
19337,7801,1,2025-12-10,1,3,1,299.0,129.0,0.0
19338,17429,1,2025-12-10,3,3,1,254.15,129.0,44.85
19339,8057,3,2025-12-10,5,1,1,296.1,142.0,32.9
19340,17430,4,2025-12-10,1,2,1,349.0,150.0,0.0
19341,17431,4,2025-12-10,3,1,1,349.0,150.0,0.0
19342,17432,5,2025-12-10,4,2,1,349.0,150.0,0.0
19343,17433,5,2025-12-10,2,2,1,314.1,150.0,34.9
19344,17434,6,2025-12-10,1,1,1,449.1,215.0,49.9
19345,17435,5,2025-12-10,1,1,1,349.0,150.0,0.0
19346,17436,2,2025-12-10,1,2,1,299.0,129.0,0.0
19347,17437,5,2025-12-10,2,1,1,314.1,150.0,34.9
19348,17438,5,2025-12-10,3,2,1,349.0,150.0,0.0
19349,17439,3,2025-12-10,3,5,1,329.0,142.0,0.0
19350,17440,4,2025-12-10,4,4,1,314.1,150.0,34.9
19351,17441,1,2025-12-10,4,2,1,299.0,129.0,0.0
19352,17442,4,2025-12-10,2,1,1,296.65,150.0,52.35
19353,17443,5,2025-12-10,1,1,1,349.0,150.0,0.0
19354,17444,4,2025-12-10,1,4,1,349.0,150.0,0.0
19355,17445,4,2025-12-10,2,1,0,349.0,150.0,0.0
19356,17446,1,2025-12-10,9,1,1,299.0,129.0,0.0
19357,17447,2,2025-12-10,1,4,1,269.1,129.0,29.9
19358,1791,4,2025-12-10,4,2,2,349.0,150.0,0.0
19359,17448,3,2025-12-10,5,2,1,329.0,142.0,0.0
19360,17449,5,2025-12-10,3,1,1,349.0,150.0,0.0
19361,17450,4,2025-12-10,3,3,1,349.0,150.0,0.0
19362,17451,6,2025-12-10,1,3,1,499.0,215.0,0.0
19363,17452,6,2025-12-10,2,2,1,499.0,215.0,0.0
19364,17453,4,2025-12-10,2,3,1,349.0,150.0,0.0
19365,17454,2,2025-12-10,1,3,1,254.15,129.0,44.85
19366,17455,5,2025-12-10,1,5,1,349.0,150.0,0.0
19367,17456,5,2025-12-10,3,4,1,349.0,150.0,0.0
19368,17457,5,2025-12-10,5,2,1,349.0,150.0,0.0
19369,17458,1,2025-12-10,4,1,1,299.0,129.0,0.0
19370,17459,5,2025-12-10,9,1,1,349.0,150.0,0.0
19371,17460,4,2025-12-10,3,2,1,349.0,150.0,0.0
19372,13916,1,2025-12-10,5,5,1,269.1,129.0,29.9
19373,17461,6,2025-12-10,7,2,1,449.1,215.0,49.9
19374,17462,2,2025-12-10,2,5,1,269.1,129.0,29.9
19375,16931,5,2025-12-10,6,1,1,349.0,150.0,0.0
19376,3214,3,2025-12-10,5,5,1,296.1,142.0,32.9
19377,17463,5,2025-12-10,1,5,1,349.0,150.0,0.0
19378,17464,5,2025-12-10,1,1,1,314.1,150.0,34.9
19379,17465,1,2025-12-10,1,1,1,299.0,129.0,0.0
19380,17466,4,2025-12-10,3,2,1,349.0,150.0,0.0
19381,17467,4,2025-12-10,3,1,1,314.1,150.0,34.9
19382,13416,1,2025-12-10,6,4,1,299.0,129.0,0.0
19383,17468,4,2025-12-10,5,4,1,314.1,150.0,34.9
19384,17469,2,2025-12-10,3,1,1,254.15,129.0,44.85
19385,17470,4,2025-12-10,3,5,1,349.0,150.0,0.0
19386,17471,6,2025-12-10,7,1,1,499.0,215.0,0.0
19387,17472,6,2025-12-10,2,1,1,499.0,215.0,0.0
19388,17473,1,2025-12-10,4,1,1,269.1,129.0,29.9
19389,17474,5,2025-12-10,7,3,1,349.0,150.0,0.0
19390,17475,5,2025-12-10,7,4,1,349.0,150.0,0.0
19391,17476,4,2025-12-10,1,1,1,349.0,150.0,0.0
19392,17477,4,2025-12-10,1,4,2,349.0,150.0,0.0
19393,17478,2,2025-12-11,2,1,1,299.0,129.0,0.0
19394,17479,5,2025-12-11,2,2,1,349.0,150.0,0.0
19395,17480,3,2025-12-11,2,5,1,329.0,142.0,0.0
19396,17481,5,2025-12-11,1,2,1,349.0,150.0,0.0
19397,17482,1,2025-12-11,5,2,1,299.0,129.0,0.0
19398,17483,5,2025-12-11,3,3,1,349.0,150.0,0.0
19399,17484,6,2025-12-11,7,3,1,499.0,215.0,0.0
19400,17485,5,2025-12-11,,1,1,349.0,150.0,0.0
19401,17486,2,2025-12-11,1,1,1,299.0,129.0,0.0
19402,17487,3,2025-12-11,1,1,1,329.0,142.0,0.0
19403,17488,1,2025-12-11,3,3,1,269.1,129.0,29.9
19404,17489,4,2025-12-11,5,3,1,314.1,150.0,34.9
19405,17490,6,2025-12-11,1,1,1,499.0,215.0,0.0
19406,17491,6,2025-12-11,5,1,1,449.1,215.0,49.9
19407,17492,2,2025-12-11,4,2,1,299.0,129.0,0.0
19408,17493,4,2025-12-11,1,3,1,349.0,150.0,0.0
19409,17494,4,2025-12-11,2,5,1,349.0,150.0,0.0
19410,6629,6,2025-12-11,7,1,1,499.0,215.0,0.0
19411,17495,5,2025-12-11,3,1,1,349.0,150.0,0.0
19412,17496,3,2025-12-11,3,3,1,329.0,142.0,0.0
19413,17497,4,2025-12-11,3,3,1,314.1,150.0,34.9
19414,16430,1,2025-12-11,1,1,1,299.0,129.0,0.0
19415,17498,5,2025-12-11,2,2,1,349.0,150.0,0.0
19416,17499,4,2025-12-11,1,3,1,349.0,150.0,0.0
19417,17500,4,2025-12-11,5,1,1,349.0,150.0,0.0
19418,17501,5,2025-12-11,1,5,1,349.0,150.0,0.0
19419,17502,4,2025-12-11,1,5,1,349.0,150.0,0.0
19420,17503,5,2025-12-11,2,1,1,314.1,150.0,34.9
19421,17504,4,2025-12-11,1,2,1,349.0,150.0,0.0
19422,17505,5,2025-12-11,1,1,1,349.0,150.0,0.0
19423,17506,5,2025-12-11,3,3,1,349.0,150.0,0.0
19424,17507,2,2025-12-11,8,3,1,254.15,129.0,44.85
19425,17508,5,2025-12-11,5,2,1,349.0,150.0,0.0
19426,3120,2,2025-12-11,2,1,1,299.0,129.0,0.0
19427,17509,4,2025-12-11,5,1,1,314.1,150.0,34.9
19428,17510,5,2025-12-11,3,3,1,314.1,150.0,34.9
19429,17511,3,2025-12-11,1,2,1,329.0,142.0,0.0
19430,17512,1,2025-12-11,1,1,1,299.0,129.0,0.0
19431,17513,1,2025-12-11,5,3,1,299.0,129.0,0.0
19432,17514,5,2025-12-11,2,4,1,349.0,150.0,0.0
19433,4381,3,2025-12-11,3,2,1,329.0,142.0,0.0
19434,6216,2,2025-12-11,1,1,2,299.0,129.0,0.0
19435,17515,4,2025-12-11,4,1,1,349.0,150.0,0.0
19436,17516,5,2025-12-11,1,1,1,349.0,150.0,0.0
19437,17517,4,2025-12-11,7,3,1,349.0,150.0,0.0
19438,17518,5,2025-12-11,1,1,1,349.0,150.0,0.0
19439,17519,4,2025-12-11,5,1,1,296.65,150.0,52.35
19440,17520,4,2025-12-11,1,2,1,296.65,150.0,52.35
19441,17521,4,2025-12-11,3,2,1,349.0,150.0,0.0
19442,17522,4,2025-12-11,3,5,1,349.0,150.0,0.0
19443,17523,3,2025-12-11,7,2,1,329.0,142.0,0.0
19444,17524,3,2025-12-11,2,4,1,329.0,142.0,0.0
19445,17525,2,2025-12-11,1,5,1,299.0,129.0,0.0
19446,17526,3,2025-12-11,1,2,1,329.0,142.0,0.0
19447,17527,5,2025-12-11,1,4,1,296.65,150.0,52.35
19448,17528,2,2025-12-11,3,1,1,299.0,129.0,0.0
19449,17529,5,2025-12-11,8,1,1,296.65,150.0,52.35
19450,17530,1,2025-12-11,3,1,1,299.0,129.0,0.0
19451,17531,2,2025-12-11,1,2,1,299.0,129.0,0.0
19452,17532,1,2025-12-11,1,2,1,254.15,129.0,44.85
19453,17533,4,2025-12-11,1,2,1,349.0,150.0,0.0
19454,17534,1,2025-12-11,4,5,1,269.1,129.0,29.9
19455,17535,2,2025-12-11,3,2,1,269.1,129.0,29.9
19456,17536,1,2025-12-11,5,2,1,299.0,129.0,0.0
19457,17537,1,2025-12-11,5,5,1,299.0,129.0,0.0
19458,17538,6,2025-12-11,5,2,1,499.0,215.0,0.0
19459,3127,1,2025-12-11,7,2,1,299.0,129.0,0.0
19460,4246,2,2025-12-11,7,2,1,299.0,129.0,0.0
19461,17539,5,2025-12-11,9,2,1,349.0,150.0,0.0
19462,17540,4,2025-12-11,1,2,1,314.1,150.0,34.9
19463,17541,4,2025-12-11,1,1,1,349.0,150.0,0.0
19464,17542,4,2025-12-11,2,3,2,296.65,150.0,52.35
19465,17543,4,2025-12-12,1,3,1,314.1,150.0,34.9
19466,17544,3,2025-12-12,4,2,1,329.0,142.0,0.0
19467,17545,2,2025-12-12,2,4,1,299.0,129.0,0.0
19468,17546,5,2025-12-12,3,1,1,296.65,150.0,52.35
19469,17547,5,2025-12-12,1,2,1,349.0,150.0,0.0
19470,17548,5,2025-12-12,1,5,1,349.0,150.0,0.0
19471,17549,4,2025-12-12,1,2,2,349.0,150.0,0.0
19472,17550,1,2025-12-12,4,2,1,299.0,129.0,0.0
19473,17551,4,2025-12-12,2,4,1,349.0,150.0,0.0
19474,17552,5,2025-12-12,5,3,1,349.0,150.0,0.0
19475,17553,3,2025-12-12,2,1,1,329.0,142.0,0.0
19476,8243,3,2025-12-12,5,2,1,329.0,142.0,0.0
19477,17554,4,2025-12-12,3,1,1,349.0,150.0,0.0
19478,17555,2,2025-12-12,1,1,1,269.1,129.0,29.9
19479,17556,2,2025-12-12,3,2,1,269.1,129.0,29.9
19480,17557,3,2025-12-12,3,1,1,296.1,142.0,32.9
19481,17558,4,2025-12-12,2,2,1,349.0,150.0,0.0
19482,17559,4,2025-12-12,2,4,1,349.0,150.0,0.0
19483,17560,1,2025-12-12,8,3,1,269.1,129.0,29.9
19484,17561,4,2025-12-12,3,2,1,314.1,150.0,34.9
19485,17562,6,2025-12-12,3,1,1,499.0,215.0,0.0
19486,17563,1,2025-12-12,1,4,1,299.0,129.0,0.0
19487,17564,1,2025-12-12,5,1,2,299.0,129.0,0.0
19488,17565,4,2025-12-12,5,2,1,349.0,150.0,0.0
19489,17566,5,2025-12-12,2,2,1,314.1,150.0,34.9
19490,17567,3,2025-12-12,4,5,1,329.0,142.0,0.0
19491,17568,6,2025-12-12,1,1,1,499.0,215.0,0.0
19492,17569,4,2025-12-12,5,2,1,349.0,150.0,0.0
19493,17570,4,2025-12-12,1,1,1,314.1,150.0,34.9
19494,17571,5,2025-12-12,9,3,1,349.0,150.0,0.0
19495,17572,4,2025-12-12,4,2,1,349.0,150.0,0.0
19496,17573,4,2025-12-12,5,5,1,349.0,150.0,0.0
19497,17574,4,2025-12-12,6,2,1,314.1,150.0,34.9
19498,17575,5,2025-12-12,1,5,1,349.0,150.0,0.0
19499,17576,1,2025-12-12,4,1,1,269.1,129.0,29.9
19500,17577,1,2025-12-12,1,5,1,299.0,129.0,0.0
19501,17578,2,2025-12-12,3,4,1,269.1,129.0,29.9
19502,15893,5,2025-12-12,5,1,1,349.0,150.0,0.0
19503,10593,6,2025-12-12,1,1,1,424.15,215.0,74.85
19504,17579,2,2025-12-12,5,1,1,299.0,129.0,0.0
19505,17580,5,2025-12-12,2,1,1,349.0,150.0,0.0
19506,17581,1,2025-12-12,1,4,1,299.0,129.0,0.0
19507,17582,5,2025-12-12,2,2,1,349.0,150.0,0.0
19508,17583,4,2025-12-12,1,1,1,314.1,150.0,34.9
19509,17584,2,2025-12-12,5,5,1,299.0,129.0,0.0
19510,17585,2,2025-12-12,9,4,1,299.0,129.0,0.0
19511,17586,5,2025-12-12,3,1,1,349.0,150.0,0.0
19512,17587,4,2025-12-12,1,1,2,349.0,150.0,0.0
19513,17588,5,2025-12-12,3,2,1,314.1,150.0,34.9
19514,17589,2,2025-12-12,3,2,1,299.0,129.0,0.0
19515,17590,2,2025-12-12,6,4,1,299.0,129.0,0.0
19516,10775,3,2025-12-12,5,2,1,329.0,142.0,0.0
19517,17591,6,2025-12-12,1,2,1,499.0,215.0,0.0
19518,17592,4,2025-12-12,4,5,1,349.0,150.0,0.0
19519,17593,4,2025-12-12,5,5,1,349.0,150.0,0.0
19520,17594,4,2025-12-12,1,5,1,314.1,150.0,34.9
19521,17595,2,2025-12-12,,2,1,299.0,129.0,0.0
19522,17596,2,2025-12-12,4,2,1,269.1,129.0,29.9
19523,17597,6,2025-12-12,1,1,1,499.0,215.0,0.0
19524,17598,5,2025-12-12,2,1,1,349.0,150.0,0.0
19525,17599,4,2025-12-12,1,1,2,314.1,150.0,34.9
19526,17600,4,2025-12-12,5,1,2,349.0,150.0,0.0
19527,17601,4,2025-12-12,1,2,1,349.0,150.0,0.0
19528,17602,5,2025-12-12,1,2,1,349.0,150.0,0.0
19529,11447,6,2025-12-12,3,3,1,499.0,215.0,0.0
19530,17603,1,2025-12-12,1,2,1,299.0,129.0,0.0
19531,17604,5,2025-12-12,2,1,1,349.0,150.0,0.0
19532,17605,5,2025-12-12,1,3,1,314.1,150.0,34.9
19533,17606,4,2025-12-12,6,4,1,349.0,150.0,0.0
19534,17607,3,2025-12-13,4,2,1,329.0,142.0,0.0
19535,17608,3,2025-12-13,5,5,1,329.0,142.0,0.0
19536,17609,4,2025-12-13,2,1,1,314.1,150.0,34.9
19537,10078,1,2025-12-13,2,1,1,299.0,129.0,0.0
19538,17610,6,2025-12-13,7,3,1,499.0,215.0,0.0
19539,17611,4,2025-12-13,2,1,1,349.0,150.0,0.0
19540,17612,3,2025-12-13,3,4,1,329.0,142.0,0.0
19541,17613,3,2025-12-13,3,4,1,329.0,142.0,0.0
19542,17614,1,2025-12-13,1,3,1,299.0,129.0,0.0
19543,17615,3,2025-12-13,2,3,1,329.0,142.0,0.0
19544,13017,1,2025-12-13,1,4,1,299.0,129.0,0.0
19545,17616,4,2025-12-13,3,1,1,314.1,150.0,34.9
19546,17617,6,2025-12-13,3,4,1,449.1,215.0,49.9
19547,15734,6,2025-12-13,7,5,1,449.1,215.0,49.9
19548,17618,1,2025-12-13,,1,1,299.0,129.0,0.0
19549,17619,2,2025-12-13,1,1,1,299.0,129.0,0.0
19550,17620,5,2025-12-13,7,4,1,314.1,150.0,34.9
19551,17486,1,2025-12-13,3,1,1,269.1,129.0,29.9
19552,13333,2,2025-12-13,5,2,1,299.0,129.0,0.0
19553,17621,4,2025-12-13,8,1,1,0.0,150.0,0.0
19554,17622,5,2025-12-13,3,1,1,349.0,150.0,0.0
19555,17623,4,2025-12-13,8,1,1,314.1,150.0,34.9
19556,17624,3,2025-12-13,2,1,1,329.0,142.0,0.0
19557,17625,6,2025-12-13,2,1,1,449.1,215.0,49.9
19558,90481,2,2025-12-13,3,2,1,299.0,129.0,0.0
19559,17627,1,2025-12-13,2,2,1,269.1,129.0,29.9
19560,17628,1,2025-12-13,2,2,1,299.0,129.0,0.0
19561,17629,5,2025-12-13,1,1,1,349.0,150.0,0.0
19562,17630,4,2025-12-13,6,1,1,314.1,150.0,34.9
19563,17631,2,2025-12-13,1,2,1,269.1,129.0,29.9
19564,17632,5,2025-12-13,1,1,1,349.0,150.0,0.0
19565,17633,2,2025-12-13,1,1,1,299.0,129.0,0.0
19566,17634,6,2025-12-13,1,4,1,499.0,215.0,0.0
19567,4356,6,2025-12-13,2,3,1,499.0,215.0,0.0
19568,17635,1,2025-12-13,,1,1,299.0,129.0,0.0
19569,17636,2,2025-12-13,3,3,1,299.0,129.0,0.0
19570,17637,3,2025-12-13,3,2,1,279.65,142.0,49.35
19571,17638,5,2025-12-13,9,2,1,296.65,150.0,52.35
19572,17639,3,2025-12-13,1,2,1,329.0,142.0,0.0
19573,17640,2,2025-12-13,7,4,1,254.15,129.0,44.85
19574,17641,5,2025-12-13,2,2,1,349.0,150.0,0.0
19575,17642,1,2025-12-13,3,3,1,299.0,129.0,0.0
19576,17643,6,2025-12-13,1,2,1,499.0,215.0,0.0
19577,17644,2,2025-12-13,7,2,1,299.0,129.0,0.0
19578,17645,5,2025-12-13,1,1,1,349.0,150.0,0.0
19579,17646,3,2025-12-13,5,2,1,329.0,142.0,0.0
19580,17647,4,2025-12-13,5,1,1,349.0,150.0,0.0
19581,17648,5,2025-12-13,7,5,1,349.0,150.0,0.0
19582,17649,5,2025-12-13,3,1,1,296.65,150.0,52.35
19583,17650,5,2025-12-13,3,2,1,349.0,150.0,0.0
19584,17651,5,2025-12-13,3,2,2,349.0,150.0,0.0
19585,17652,1,2025-12-13,1,3,1,299.0,129.0,0.0
19586,17653,4,2025-12-13,8,5,1,349.0,150.0,0.0
19587,17654,5,2025-12-13,3,1,1,314.1,150.0,34.9
19588,9044,5,2025-12-13,6,2,1,349.0,150.0,0.0
19589,17655,2,2025-12-13,2,2,1,299.0,129.0,0.0
19590,17656,3,2025-12-13,1,2,1,329.0,142.0,0.0
19591,14285,4,2025-12-13,8,1,1,349.0,150.0,0.0
19592,17657,5,2025-12-13,2,1,1,349.0,150.0,0.0
19593,17658,3,2025-12-13,1,2,1,279.65,142.0,49.35
19594,17659,3,2025-12-13,1,2,1,296.1,142.0,32.9
19595,17660,2,2025-12-13,5,1,1,299.0,129.0,0.0
19596,17661,4,2025-12-13,8,3,2,349.0,150.0,0.0
19597,17662,2,2025-12-13,1,4,1,299.0,129.0,0.0
19598,17663,1,2025-12-13,8,2,1,299.0,129.0,0.0
19599,17664,1,2025-12-13,1,4,1,299.0,129.0,0.0
19600,17665,1,2025-12-13,6,2,1,299.0,129.0,0.0
19601,17666,1,2025-12-13,1,4,1,269.1,129.0,29.9
19602,17667,4,2025-12-13,,2,1,349.0,150.0,0.0
19603,17668,1,2025-12-13,5,1,1,299.0,129.0,0.0
19604,17669,4,2025-12-13,3,3,1,314.1,150.0,34.9
19605,17670,3,2025-12-13,5,2,1,329.0,142.0,0.0
19606,17671,4,2025-12-13,2,4,1,349.0,150.0,0.0
19607,17672,6,2025-12-13,1,3,1,499.0,215.0,0.0
19608,17673,4,2025-12-13,1,4,1,349.0,150.0,0.0
19609,17674,4,2025-12-14,3,3,1,349.0,150.0,0.0
19610,17675,5,2025-12-14,3,3,1,349.0,150.0,0.0
19611,17676,2,2025-12-14,6,2,1,299.0,129.0,0.0
19612,17677,5,2025-12-14,2,2,1,349.0,150.0,0.0
19613,17678,5,2025-12-14,3,3,1,349.0,150.0,0.0
19614,17679,4,2025-12-14,2,2,1,296.65,150.0,52.35
19615,17680,5,2025-12-14,3,3,2,314.1,150.0,34.9
19616,17681,2,2025-12-14,2,1,1,299.0,129.0,0.0
19617,17682,5,2025-12-14,9,2,1,349.0,150.0,0.0
19618,17683,3,2025-12-14,5,2,1,329.0,142.0,0.0
19619,17684,5,2025-12-14,1,1,1,349.0,150.0,0.0
19620,17685,2,2025-12-14,3,2,1,299.0,129.0,0.0
19621,17686,6,2025-12-14,1,4,1,424.15,215.0,74.85
19622,17687,5,2025-12-14,1,2,1,314.1,150.0,34.9
19623,17688,5,2025-12-14,3,3,1,349.0,150.0,0.0
19624,17689,5,2025-12-14,2,1,1,349.0,150.0,0.0
19625,17690,2,2025-12-14,4,2,1,299.0,129.0,0.0
19626,17691,6,2025-12-14,1,4,1,499.0,215.0,0.0
19627,17692,2,2025-12-14,4,2,2,299.0,129.0,0.0
19628,17693,5,2025-12-14,2,4,1,349.0,150.0,0.0
19629,17694,1,2025-12-14,1,3,1,299.0,129.0,0.0
19630,17695,1,2025-12-14,5,3,1,269.1,129.0,29.9
19631,17696,6,2025-12-14,1,2,1,449.1,215.0,49.9
19632,17697,5,2025-12-14,9,2,1,349.0,150.0,0.0
19633,17698,1,2025-12-14,1,4,1,299.0,129.0,0.0
19634,3133,3,2025-12-14,3,2,2,329.0,142.0,0.0
19635,17699,5,2025-12-14,3,4,2,349.0,150.0,0.0
19636,17700,3,2025-12-14,1,3,1,329.0,142.0,0.0
19637,17701,6,2025-12-14,2,2,1,499.0,215.0,0.0
19638,17702,1,2025-12-14,,5,1,299.0,129.0,0.0
19639,17703,6,2025-12-14,3,4,1,424.15,215.0,74.85
19640,17704,6,2025-12-14,1,4,1,499.0,215.0,0.0
19641,17705,4,2025-12-14,1,5,1,349.0,150.0,0.0
19642,17706,6,2025-12-14,1,5,1,449.1,215.0,49.9
19643,17707,1,2025-12-14,8,4,1,299.0,129.0,0.0
19644,17708,4,2025-12-14,1,2,1,349.0,150.0,0.0
19645,17709,4,2025-12-14,4,2,2,314.1,150.0,34.9
19646,17710,4,2025-12-14,3,5,1,349.0,150.0,0.0
19647,17711,6,2025-12-14,4,5,2,499.0,215.0,0.0
19648,17712,6,2025-12-14,1,1,1,424.15,215.0,74.85
19649,17713,1,2025-12-14,7,4,1,299.0,129.0,0.0
19650,17714,4,2025-12-14,3,5,1,314.1,150.0,34.9
19651,17715,4,2025-12-14,3,1,1,314.1,150.0,34.9
19652,17716,4,2025-12-14,6,5,1,296.65,150.0,52.35
19653,17717,5,2025-12-14,1,1,2,349.0,150.0,0.0
19654,17718,5,2025-12-14,1,4,1,296.65,150.0,52.35
19655,17719,4,2025-12-14,1,3,1,349.0,150.0,0.0
19656,17720,2,2025-12-14,2,2,1,299.0,129.0,0.0
19657,17721,2,2025-12-14,6,1,2,254.15,129.0,44.85
19658,17722,1,2025-12-14,3,2,1,299.0,129.0,0.0
19659,17723,2,2025-12-14,3,2,1,299.0,129.0,0.0
19660,17724,5,2025-12-14,1,2,1,349.0,150.0,0.0
19661,6357,4,2025-12-14,5,1,1,349.0,150.0,0.0
19662,17661,1,2025-12-14,6,2,1,299.0,129.0,0.0
19663,17725,5,2025-12-14,1,1,1,349.0,150.0,0.0
19664,17726,1,2025-12-14,3,5,1,299.0,129.0,0.0
19665,17727,1,2025-12-14,5,5,1,299.0,129.0,0.0
19666,17728,5,2025-12-14,3,2,1,349.0,150.0,0.0
19667,17729,6,2025-12-14,1,3,1,499.0,215.0,0.0
19668,17730,6,2025-12-14,8,1,1,499.0,215.0,0.0
19669,1341,4,2025-12-14,1,1,1,349.0,150.0,0.0
19670,17731,1,2025-12-14,5,1,1,299.0,129.0,0.0
19671,17732,4,2025-12-14,4,2,2,349.0,150.0,0.0
19672,17733,2,2025-12-14,7,5,1,299.0,129.0,0.0
19673,17734,6,2025-12-14,5,2,1,499.0,215.0,0.0
19674,17735,2,2025-12-14,5,1,1,299.0,129.0,0.0
19675,17736,4,2025-12-14,1,2,1,349.0,150.0,0.0
19676,17737,5,2025-12-14,7,2,1,314.1,150.0,34.9
19677,17738,4,2025-12-14,5,2,1,349.0,150.0,0.0
19678,17739,1,2025-12-14,6,5,1,299.0,129.0,0.0
19679,17740,6,2025-12-14,1,3,1,499.0,215.0,0.0
19680,17741,1,2025-12-14,3,1,1,269.1,129.0,29.9
19681,13052,4,2025-12-14,5,3,1,349.0,150.0,0.0
19682,17742,2,2025-12-14,2,2,2,299.0,129.0,0.0
19683,17743,6,2025-12-15,3,1,1,449.1,215.0,49.9
19684,17744,2,2025-12-15,5,2,1,299.0,129.0,0.0
19685,17745,3,2025-12-15,1,3,1,329.0,142.0,0.0
19686,17746,6,2025-12-15,7,2,1,499.0,215.0,0.0
19687,17747,4,2025-12-15,7,2,1,314.1,150.0,34.9
19688,17748,5,2025-12-15,1,2,1,349.0,150.0,0.0
19689,14930,4,2025-12-15,1,2,1,296.65,150.0,52.35
19690,17749,2,2025-12-15,3,1,1,299.0,129.0,0.0
19691,17750,6,2025-12-15,8,2,1,499.0,215.0,0.0
19692,17751,5,2025-12-15,5,1,1,349.0,150.0,0.0
19693,17752,1,2025-12-15,2,2,1,299.0,129.0,0.0
19694,17753,2,2025-12-15,3,1,2,254.15,129.0,44.85
19695,17754,4,2025-12-15,4,2,1,349.0,150.0,0.0
19696,17755,4,2025-12-15,5,1,1,349.0,150.0,0.0
19697,17756,4,2025-12-15,2,1,1,296.65,150.0,52.35
19698,17757,2,2025-12-15,7,1,1,299.0,129.0,0.0
19699,17758,2,2025-12-15,1,2,1,299.0,129.0,0.0
19700,17759,6,2025-12-15,5,5,1,449.1,215.0,49.9
19701,17760,5,2025-12-15,5,1,1,296.65,150.0,52.35
19702,8073,4,2025-12-15,3,3,1,349.0,150.0,0.0
19703,17761,6,2025-12-15,2,1,1,499.0,215.0,0.0
19704,17762,6,2025-12-15,5,2,1,499.0,215.0,0.0
19705,17763,5,2025-12-15,3,5,1,349.0,150.0,0.0
19706,17764,5,2025-12-15,1,1,1,349.0,150.0,0.0
19707,17765,6,2025-12-15,8,2,1,424.15,215.0,74.85
19708,17766,4,2025-12-15,4,1,1,314.1,150.0,34.9
19709,17767,5,2025-12-15,1,2,1,349.0,150.0,0.0
19710,17768,1,2025-12-15,6,2,1,299.0,129.0,0.0
19711,17769,6,2025-12-15,3,2,1,499.0,215.0,0.0
19712,6183,5,2025-12-15,3,1,1,349.0,150.0,0.0
19713,17770,5,2025-12-15,5,1,1,314.1,150.0,34.9
19714,17771,4,2025-12-15,1,2,2,314.1,150.0,34.9
19715,17772,3,2025-12-15,6,2,1,279.65,142.0,49.35
19716,17773,6,2025-12-15,7,1,1,499.0,215.0,0.0
19717,17774,5,2025-12-15,2,1,1,349.0,150.0,0.0
19718,17775,5,2025-12-15,3,2,1,296.65,150.0,52.35
19719,17776,5,2025-12-15,3,3,1,349.0,150.0,0.0
19720,17777,1,2025-12-15,4,1,1,299.0,129.0,0.0
19721,17778,3,2025-12-15,1,1,1,296.1,142.0,32.9
19722,17779,2,2025-12-15,1,1,1,254.15,129.0,44.85
19723,17780,2,2025-12-15,5,3,1,299.0,129.0,0.0
19724,17781,4,2025-12-15,2,1,1,349.0,150.0,0.0
19725,17782,4,2025-12-15,3,1,1,349.0,150.0,0.0
19726,17783,4,2025-12-15,2,1,1,349.0,150.0,0.0
19727,17784,6,2025-12-15,2,2,1,499.0,215.0,0.0
19728,17785,5,2025-12-15,3,1,1,349.0,150.0,0.0
19729,17786,5,2025-12-15,3,2,1,349.0,150.0,0.0
19730,17787,5,2025-12-15,1,5,1,349.0,150.0,0.0
19731,17788,2,2025-12-15,1,2,1,254.15,129.0,44.85
19732,17789,1,2025-12-15,1,3,2,299.0,129.0,0.0
19733,17790,2,2025-12-15,3,1,1,299.0,129.0,0.0
19734,17791,2,2025-12-15,1,2,1,299.0,129.0,0.0
19735,17792,5,2025-12-15,1,3,1,349.0,150.0,0.0
19736,17793,6,2025-12-15,1,3,1,499.0,215.0,0.0
19737,17794,4,2025-12-15,3,2,1,349.0,150.0,0.0
19738,17795,2,2025-12-15,1,2,1,269.1,129.0,29.9
19739,17796,5,2025-12-15,2,5,1,349.0,150.0,0.0
19740,17797,5,2025-12-15,1,2,2,349.0,150.0,0.0
19741,17798,4,2025-12-15,5,1,1,349.0,150.0,0.0
19742,17799,4,2025-12-15,7,1,1,349.0,150.0,0.0
19743,17800,1,2025-12-15,1,3,1,299.0,129.0,0.0
19744,17801,2,2025-12-15,8,1,1,299.0,129.0,0.0
19745,17802,6,2025-12-15,3,3,1,499.0,215.0,0.0
19746,14204,6,2025-12-15,1,4,1,499.0,215.0,0.0
19747,17803,5,2025-12-15,1,1,1,296.65,150.0,52.35
19748,17804,3,2025-12-15,8,5,1,329.0,142.0,0.0
19749,17805,5,2025-12-15,1,1,1,349.0,150.0,0.0
19750,17806,1,2025-12-15,6,2,1,299.0,129.0,0.0
19751,17807,6,2025-12-15,2,1,1,424.15,215.0,74.85
19752,17808,4,2025-12-15,1,5,2,349.0,150.0,0.0
19753,17809,4,2025-12-15,7,2,1,349.0,150.0,0.0
19754,17810,5,2025-12-15,3,2,1,349.0,150.0,0.0
19755,17811,4,2025-12-15,4,5,1,349.0,150.0,0.0
19756,17812,5,2025-12-15,6,3,1,349.0,150.0,0.0
19757,10494,5,2025-12-15,1,4,1,349.0,150.0,0.0
19758,17813,5,2025-12-16,1,2,1,349.0,150.0,0.0
19759,17814,1,2025-12-16,2,1,1,299.0,129.0,0.0
19760,17815,6,2025-12-16,1,2,1,424.15,215.0,74.85
19761,17816,4,2025-12-16,3,3,2,349.0,150.0,0.0
19762,17817,1,2025-12-16,1,1,2,299.0,129.0,0.0
19763,17818,1,2025-12-16,3,1,1,299.0,129.0,0.0
19764,17819,4,2025-12-16,5,4,1,349.0,150.0,0.0
19765,17820,1,2025-12-16,1,1,1,299.0,129.0,0.0
19766,17821,2,2025-12-16,1,1,1,0.0,129.0,0.0
19767,14337,6,2025-12-16,8,5,1,499.0,215.0,0.0
19768,17822,4,2025-12-16,1,2,1,349.0,150.0,0.0
19769,17823,1,2025-12-16,,2,1,299.0,129.0,0.0
19770,17824,2,2025-12-16,2,1,1,299.0,129.0,0.0
19771,11321,5,2025-12-16,1,1,1,349.0,150.0,0.0
19772,11636,4,2025-12-16,1,2,1,349.0,150.0,0.0
19773,17825,3,2025-12-16,7,2,1,296.1,142.0,32.9
19774,17826,2,2025-12-16,2,2,1,299.0,129.0,0.0
19775,17827,5,2025-12-16,5,4,1,349.0,150.0,0.0
19776,17828,4,2025-12-16,7,1,1,349.0,150.0,0.0
19777,17829,5,2025-12-16,3,4,2,349.0,150.0,0.0
19778,2653,5,2025-12-16,2,3,1,349.0,150.0,0.0
19779,17830,5,2025-12-16,5,1,1,314.1,150.0,34.9
19780,17831,6,2025-12-16,2,1,1,499.0,215.0,0.0
19781,17832,3,2025-12-16,8,3,1,329.0,142.0,0.0
19782,17833,6,2025-12-16,1,2,1,499.0,215.0,0.0
19783,17834,4,2025-12-16,6,3,1,349.0,150.0,0.0
19784,17835,3,2025-12-16,1,3,1,296.1,142.0,32.9
19785,17836,4,2025-12-16,1,2,1,349.0,150.0,0.0
19786,17837,6,2025-12-16,4,2,1,499.0,215.0,0.0
19787,17838,5,2025-12-16,7,1,1,349.0,150.0,0.0
19788,17839,4,2025-12-16,3,3,1,349.0,150.0,0.0
19789,17840,5,2025-12-16,8,4,1,349.0,150.0,0.0
19790,17841,1,2025-12-16,1,1,2,299.0,129.0,0.0
19791,17842,4,2025-12-16,5,2,1,349.0,150.0,0.0
19792,17843,3,2025-12-16,5,2,1,329.0,142.0,0.0
19793,17844,5,2025-12-16,4,3,1,349.0,150.0,0.0
19794,17845,4,2025-12-16,1,2,1,349.0,150.0,0.0
19795,17846,2,2025-12-16,7,3,1,299.0,129.0,0.0
19796,17847,3,2025-12-16,7,2,1,329.0,142.0,0.0
19797,17848,1,2025-12-16,3,1,1,299.0,129.0,0.0
19798,7508,5,2025-12-16,2,5,1,349.0,150.0,0.0
19799,17849,1,2025-12-16,1,2,1,299.0,129.0,0.0
19800,17850,6,2025-12-16,3,4,1,424.15,215.0,74.85
19801,17851,1,2025-12-16,7,3,2,299.0,129.0,0.0
19802,3483,1,2025-12-16,3,3,1,299.0,129.0,0.0
19803,17852,4,2025-12-16,2,2,1,314.1,150.0,34.9
19804,945,1,2025-12-16,1,2,2,299.0,129.0,0.0
19805,17853,5,2025-12-16,2,2,1,349.0,150.0,0.0
19806,17854,6,2025-12-16,2,1,2,499.0,215.0,0.0
19807,17855,4,2025-12-16,2,2,1,349.0,150.0,0.0
19808,17856,4,2025-12-16,2,2,1,349.0,150.0,0.0
19809,17857,6,2025-12-16,4,1,1,499.0,215.0,0.0
19810,17858,4,2025-12-16,5,1,1,349.0,150.0,0.0
19811,17859,4,2025-12-16,9,2,1,349.0,150.0,0.0
19812,17860,4,2025-12-16,4,2,1,349.0,150.0,0.0
19813,17861,5,2025-12-16,1,4,1,349.0,150.0,0.0
19814,17862,4,2025-12-16,3,4,1,349.0,150.0,0.0
19815,17863,2,2025-12-16,8,2,1,269.1,129.0,29.9
19816,90490,4,2025-12-16,5,2,1,349.0,150.0,0.0
19817,17865,4,2025-12-16,7,4,1,349.0,150.0,0.0
19818,17866,5,2025-12-16,2,3,1,349.0,150.0,0.0
19819,11081,4,2025-12-16,6,5,1,349.0,150.0,0.0
19820,90326,3,2025-12-16,1,5,1,329.0,142.0,0.0
19821,17868,1,2025-12-16,1,2,1,299.0,129.0,0.0
19822,17869,1,2025-12-16,1,1,1,299.0,129.0,0.0
19823,17870,2,2025-12-16,2,2,1,299.0,129.0,0.0
19824,17871,6,2025-12-16,3,5,1,499.0,215.0,0.0
19825,17872,5,2025-12-16,5,2,1,349.0,150.0,0.0
19826,17873,6,2025-12-16,5,5,1,499.0,215.0,0.0
19827,17874,4,2025-12-16,1,4,1,349.0,150.0,0.0
19828,17875,4,2025-12-16,4,5,1,349.0,150.0,0.0
19829,17876,5,2025-12-16,6,1,1,349.0,150.0,0.0
19830,17877,3,2025-12-16,7,1,1,329.0,142.0,0.0
19831,17878,2,2025-12-16,5,2,1,269.1,129.0,29.9
19832,17879,2,2025-12-16,2,2,1,254.15,129.0,44.85
19833,17880,4,2025-12-17,1,3,1,349.0,150.0,0.0
19834,17881,4,2025-12-17,1,1,1,349.0,150.0,0.0
19835,17882,1,2025-12-17,5,5,1,299.0,129.0,0.0
19836,17883,4,2025-12-17,3,4,1,349.0,150.0,0.0
19837,17884,5,2025-12-17,5,1,1,349.0,150.0,0.0
19838,17885,4,2025-12-17,2,3,1,349.0,150.0,0.0
19839,17886,5,2025-12-17,3,2,2,314.1,150.0,34.9
19840,17887,5,2025-12-17,1,2,1,314.1,150.0,34.9
19841,17888,6,2025-12-17,3,5,1,499.0,215.0,0.0
19842,17620,2,2025-12-17,5,1,1,269.1,129.0,29.9
19843,17889,2,2025-12-17,2,2,1,299.0,129.0,0.0
19844,17890,5,2025-12-17,1,4,1,349.0,150.0,0.0
19845,17891,2,2025-12-17,4,2,1,254.15,129.0,44.85
19846,17892,1,2025-12-17,4,2,2,254.15,129.0,44.85
19847,17893,4,2025-12-17,5,3,1,349.0,150.0,0.0
19848,17894,5,2025-12-17,1,2,1,349.0,150.0,0.0
19849,17895,3,2025-12-17,1,2,2,329.0,142.0,0.0
19850,17896,4,2025-12-17,7,5,1,314.1,150.0,34.9
19851,17897,3,2025-12-17,4,1,1,296.1,142.0,32.9
19852,17898,1,2025-12-17,7,2,1,299.0,129.0,0.0
19853,17899,3,2025-12-17,7,2,2,329.0,142.0,0.0
19854,17900,1,2025-12-17,3,1,1,269.1,129.0,29.9
19855,17901,5,2025-12-17,1,2,1,349.0,150.0,0.0
19856,17902,5,2025-12-17,1,2,1,349.0,150.0,0.0
19857,17903,1,2025-12-17,3,2,1,299.0,129.0,0.0
19858,17904,6,2025-12-17,6,4,1,499.0,215.0,0.0
19859,17905,2,2025-12-17,1,2,1,299.0,129.0,0.0
19860,17906,4,2025-12-17,1,3,1,296.65,150.0,52.35
19861,1883,5,2025-12-17,1,1,1,296.65,150.0,52.35
19862,17907,6,2025-12-17,2,4,1,499.0,215.0,0.0
19863,17908,1,2025-12-17,8,1,2,299.0,129.0,0.0
19864,17909,1,2025-12-17,4,1,1,299.0,129.0,0.0
19865,17910,2,2025-12-17,2,1,1,299.0,129.0,0.0
19866,17911,5,2025-12-17,3,1,1,349.0,150.0,0.0
19867,17912,1,2025-12-17,2,5,1,299.0,129.0,0.0
19868,15543,4,2025-12-17,3,2,1,349.0,150.0,0.0
19869,17913,2,2025-12-17,1,4,1,299.0,129.0,0.0
19870,17914,5,2025-12-17,2,2,1,314.1,150.0,34.9
19871,17915,5,2025-12-17,3,4,1,349.0,150.0,0.0
19872,17916,6,2025-12-17,1,1,1,499.0,215.0,0.0
19873,17917,1,2025-12-17,1,5,1,254.15,129.0,44.85
19874,17918,2,2025-12-17,2,1,1,299.0,129.0,0.0
19875,17919,5,2025-12-17,1,3,1,296.65,150.0,52.35
19876,17920,3,2025-12-17,2,1,1,329.0,142.0,0.0
19877,17921,5,2025-12-17,1,2,1,349.0,150.0,0.0
19878,17922,5,2025-12-17,1,1,1,349.0,150.0,0.0
19879,17923,2,2025-12-17,1,4,1,299.0,129.0,0.0
19880,17924,1,2025-12-17,1,1,1,299.0,129.0,0.0
19881,17925,4,2025-12-17,5,2,1,349.0,150.0,0.0
19882,17926,1,2025-12-17,5,2,1,254.15,129.0,44.85
19883,17927,5,2025-12-17,5,3,1,349.0,150.0,0.0
19884,17928,2,2025-12-17,8,3,1,299.0,129.0,0.0
19885,17929,6,2025-12-17,3,2,1,424.15,215.0,74.85
19886,17930,3,2025-12-17,1,2,1,329.0,142.0,0.0
19887,17931,4,2025-12-17,3,1,1,349.0,150.0,0.0
19888,17932,3,2025-12-17,2,2,1,329.0,142.0,0.0
19889,17933,2,2025-12-17,3,3,1,299.0,129.0,0.0
19890,17934,6,2025-12-17,2,1,1,499.0,215.0,0.0
19891,17935,1,2025-12-17,3,1,1,299.0,129.0,0.0
19892,17936,4,2025-12-17,3,1,1,349.0,150.0,0.0
19893,17937,4,2025-12-17,1,1,1,349.0,150.0,0.0
19894,17938,4,2025-12-17,1,5,1,349.0,150.0,0.0
19895,17939,1,2025-12-17,7,4,1,254.15,129.0,44.85
19896,17940,5,2025-12-17,3,4,1,349.0,150.0,0.0
19897,17941,2,2025-12-17,3,2,1,269.1,129.0,29.9
19898,13212,2,2025-12-17,3,3,1,269.1,129.0,29.9
19899,17942,1,2025-12-17,3,4,1,299.0,129.0,0.0
19900,17943,5,2025-12-17,1,2,1,314.1,150.0,34.9
19901,17944,5,2025-12-17,2,3,1,349.0,150.0,0.0
19902,17945,4,2025-12-18,3,4,1,349.0,150.0,0.0
19903,4223,2,2025-12-18,6,3,1,299.0,129.0,0.0
19904,17946,5,2025-12-18,1,4,1,314.1,150.0,34.9
19905,17947,5,2025-12-18,1,1,1,349.0,150.0,0.0
19906,17948,2,2025-12-18,2,1,1,254.15,129.0,44.85
19907,15508,4,2025-12-18,4,1,1,314.1,150.0,34.9
19908,17949,1,2025-12-18,3,1,1,299.0,129.0,0.0
19909,17950,4,2025-12-18,1,3,1,349.0,150.0,0.0
19910,17951,4,2025-12-18,5,1,1,349.0,150.0,0.0
19911,17952,6,2025-12-18,5,2,1,499.0,215.0,0.0
19912,17953,4,2025-12-18,8,1,1,349.0,150.0,0.0
19913,17954,2,2025-12-18,2,1,1,299.0,129.0,0.0
19914,17955,5,2025-12-18,2,2,1,349.0,150.0,0.0
19915,17956,5,2025-12-18,3,1,1,349.0,150.0,0.0
19916,17957,4,2025-12-18,1,2,1,349.0,150.0,0.0
19917,17958,1,2025-12-18,7,2,1,299.0,129.0,0.0
19918,17959,4,2025-12-18,7,2,1,349.0,150.0,0.0
19919,17960,6,2025-12-18,2,4,1,499.0,215.0,0.0
19920,17961,1,2025-12-18,6,1,1,299.0,129.0,0.0
19921,17962,5,2025-12-18,3,1,2,349.0,150.0,0.0
19922,17963,2,2025-12-18,4,3,2,299.0,129.0,0.0
19923,17964,5,2025-12-18,6,3,1,349.0,150.0,0.0
19924,17965,2,2025-12-18,5,2,1,269.1,129.0,29.9
19925,17966,6,2025-12-18,6,2,1,449.1,215.0,49.9
19926,17967,6,2025-12-18,1,3,1,424.15,215.0,74.85
19927,17968,1,2025-12-18,4,2,1,299.0,129.0,0.0
19928,17969,5,2025-12-18,2,2,1,349.0,150.0,0.0
19929,17970,2,2025-12-18,,2,1,299.0,129.0,0.0
19930,17971,4,2025-12-18,3,5,1,349.0,150.0,0.0
19931,17972,3,2025-12-18,3,4,1,296.1,142.0,32.9
19932,17973,1,2025-12-18,4,4,1,299.0,129.0,0.0
19933,17974,4,2025-12-18,1,2,1,349.0,150.0,0.0
19934,17975,1,2025-12-18,3,3,1,299.0,129.0,0.0
19935,15437,1,2025-12-18,7,1,1,254.15,129.0,44.85
19936,17976,5,2025-12-18,2,2,1,349.0,150.0,0.0
19937,17977,4,2025-12-18,4,1,1,314.1,150.0,34.9
19938,17978,4,2025-12-18,2,1,1,349.0,150.0,0.0
19939,17979,4,2025-12-18,1,1,2,314.1,150.0,34.9
19940,17980,1,2025-12-18,4,1,1,299.0,129.0,0.0
19941,17981,5,2025-12-18,3,4,1,314.1,150.0,34.9
19942,17982,5,2025-12-18,2,1,1,314.1,150.0,34.9
19943,17983,4,2025-12-18,2,2,1,314.1,150.0,34.9
19944,17984,5,2025-12-18,4,5,1,349.0,150.0,0.0
19945,17985,2,2025-12-18,4,3,1,299.0,129.0,0.0
19946,17986,6,2025-12-18,5,1,2,499.0,215.0,0.0
19947,17987,1,2025-12-18,7,5,2,299.0,129.0,0.0
19948,17988,6,2025-12-18,1,2,1,499.0,215.0,0.0
19949,17989,5,2025-12-18,3,1,2,349.0,150.0,0.0
19950,17990,6,2025-12-18,3,4,1,499.0,215.0,0.0
19951,17991,2,2025-12-18,1,1,1,299.0,129.0,0.0
19952,1692,1,2025-12-18,6,2,1,299.0,129.0,0.0
19953,17992,5,2025-12-18,9,3,2,349.0,150.0,0.0
19954,8215,5,2025-12-18,1,3,1,314.1,150.0,34.9
19955,17993,1,2025-12-18,1,3,1,299.0,129.0,0.0
19956,17994,2,2025-12-18,1,5,1,299.0,129.0,0.0
19957,17995,5,2025-12-18,3,1,1,314.1,150.0,34.9
19958,5688,4,2025-12-18,2,3,1,314.1,150.0,34.9
19959,17996,2,2025-12-18,5,1,1,299.0,129.0,0.0
19960,6318,6,2025-12-18,4,2,2,449.1,215.0,49.9
19961,17997,1,2025-12-18,7,2,1,269.1,129.0,29.9
19962,17998,3,2025-12-18,3,1,1,296.1,142.0,32.9
19963,17999,4,2025-12-18,1,1,1,349.0,150.0,0.0
19964,18000,5,2025-12-18,2,1,1,349.0,150.0,0.0
19965,18001,1,2025-12-18,1,1,1,299.0,129.0,0.0
19966,18002,1,2025-12-18,1,1,2,299.0,129.0,0.0
19967,18003,1,2025-12-18,4,3,1,299.0,129.0,0.0
19968,18004,4,2025-12-18,1,3,1,314.1,150.0,34.9
19969,18005,4,2025-12-18,5,1,1,349.0,150.0,0.0
19970,18006,1,2025-12-18,5,1,1,299.0,129.0,0.0
19971,6214,5,2025-12-18,4,1,1,314.1,150.0,34.9
19972,18007,5,2025-12-18,1,1,1,349.0,150.0,0.0
19973,18008,5,2025-12-18,3,2,1,349.0,150.0,0.0
19974,18009,1,2025-12-18,4,2,1,299.0,129.0,0.0
19975,18010,4,2025-12-18,5,1,1,349.0,150.0,0.0
19976,18011,5,2025-12-18,1,2,1,349.0,150.0,0.0
19977,18012,5,2025-12-19,1,2,1,296.65,150.0,52.35
19978,18013,4,2025-12-19,3,1,1,349.0,150.0,0.0
19979,18014,4,2025-12-19,2,5,1,349.0,150.0,0.0
19980,18015,2,2025-12-19,1,1,1,254.15,129.0,44.85
19981,18016,4,2025-12-19,5,4,1,296.65,150.0,52.35
19982,18017,3,2025-12-19,2,1,1,329.0,142.0,0.0
19983,18018,1,2025-12-19,1,2,1,299.0,129.0,0.0
19984,18019,5,2025-12-19,4,1,1,349.0,150.0,0.0
19985,18020,3,2025-12-19,6,1,1,329.0,142.0,0.0
19986,18021,5,2025-12-19,3,1,1,349.0,150.0,0.0
19987,18022,4,2025-12-19,7,1,1,349.0,150.0,0.0
19988,18023,4,2025-12-19,5,4,1,349.0,150.0,0.0
19989,18024,5,2025-12-19,5,5,1,314.1,150.0,34.9
19990,18025,1,2025-12-19,7,1,1,299.0,129.0,0.0
19991,18026,2,2025-12-19,7,2,2,299.0,129.0,0.0
19992,18027,2,2025-12-19,1,5,1,299.0,129.0,0.0
19993,18028,3,2025-12-19,1,2,1,329.0,142.0,0.0
19994,18029,2,2025-12-19,6,1,1,299.0,129.0,0.0
19995,18030,4,2025-12-19,1,2,1,349.0,150.0,0.0
19996,18031,4,2025-12-19,8,2,1,349.0,150.0,0.0
19997,18032,4,2025-12-19,2,2,1,296.65,150.0,52.35
19998,18033,2,2025-12-19,4,1,1,299.0,129.0,0.0
19999,18034,2,2025-12-19,3,4,1,254.15,129.0,44.85
20000,18035,5,2025-12-19,2,3,1,296.65,150.0,52.35
20001,18036,5,2025-12-19,1,3,1,349.0,150.0,0.0
20002,13117,1,2025-12-19,5,2,1,269.1,129.0,29.9
20003,18037,4,2025-12-19,3,2,1,314.1,150.0,34.9
20004,18038,3,2025-12-19,5,2,1,329.0,142.0,0.0
20005,18039,1,2025-12-19,7,1,1,299.0,129.0,0.0
20006,18040,4,2025-12-19,5,1,1,349.0,150.0,0.0
20007,18041,1,2025-12-19,8,3,1,299.0,129.0,0.0
20008,18042,3,2025-12-19,1,1,1,329.0,142.0,0.0
20009,18043,4,2025-12-19,3,5,2,349.0,150.0,0.0
20010,18044,3,2025-12-19,7,1,1,329.0,142.0,0.0
20011,18045,1,2025-12-19,7,1,1,299.0,129.0,0.0
20012,18046,1,2025-12-19,7,3,1,299.0,129.0,0.0
20013,18047,5,2025-12-19,1,2,1,349.0,150.0,0.0
20014,18048,2,2025-12-19,7,4,1,299.0,129.0,0.0
20015,18049,5,2025-12-19,1,5,1,349.0,150.0,0.0
20016,18050,5,2025-12-19,3,1,1,349.0,150.0,0.0
20017,18051,2,2025-12-19,2,3,1,299.0,129.0,0.0
20018,18052,4,2025-12-19,2,3,2,349.0,150.0,0.0
20019,18053,1,2025-12-19,3,3,1,299.0,129.0,0.0
20020,18054,4,2025-12-19,5,4,1,349.0,150.0,0.0
20021,18055,3,2025-12-19,1,3,1,296.1,142.0,32.9
20022,18056,5,2025-12-19,,2,1,349.0,150.0,0.0
20023,18057,3,2025-12-19,5,2,1,329.0,142.0,0.0
20024,18058,4,2025-12-19,1,4,1,296.65,150.0,52.35
20025,18059,4,2025-12-19,1,1,1,296.65,150.0,52.35
20026,14168,2,2025-12-19,1,2,1,299.0,129.0,0.0
20027,18060,4,2025-12-19,7,1,1,349.0,150.0,0.0
20028,18061,6,2025-12-19,3,1,1,424.15,215.0,74.85
20029,18062,4,2025-12-19,2,2,1,349.0,150.0,0.0
20030,18063,5,2025-12-19,3,3,1,296.65,150.0,52.35
20031,1280,3,2025-12-19,5,4,1,329.0,142.0,0.0
20032,18064,5,2025-12-19,5,5,1,314.1,150.0,34.9
20033,7154,5,2025-12-19,9,1,1,349.0,150.0,0.0
20034,18065,1,2025-12-19,7,2,1,254.15,129.0,44.85
20035,18066,6,2025-12-19,2,2,1,499.0,215.0,0.0
20036,18067,4,2025-12-19,5,3,1,314.1,150.0,34.9
20037,18068,3,2025-12-19,6,3,1,329.0,142.0,0.0
20038,18069,5,2025-12-19,8,2,2,296.65,150.0,52.35
20039,18070,4,2025-12-19,4,1,1,314.1,150.0,34.9
20040,18071,1,2025-12-19,3,5,1,269.1,129.0,29.9
20041,18072,5,2025-12-19,2,4,1,349.0,150.0,0.0
20042,18073,1,2025-12-19,1,1,1,299.0,129.0,0.0
20043,18074,3,2025-12-19,1,2,1,329.0,142.0,0.0
20044,18075,1,2025-12-19,2,2,1,269.1,129.0,29.9
20045,18076,4,2025-12-19,3,5,1,349.0,150.0,0.0
20046,18077,1,2025-12-20,3,4,1,254.15,129.0,44.85
20047,18078,1,2025-12-20,5,3,1,299.0,129.0,0.0
20048,18079,2,2025-12-20,2,1,1,254.15,129.0,44.85
20049,18080,4,2025-12-20,1,3,2,349.0,150.0,0.0
20050,18081,1,2025-12-20,5,3,1,269.1,129.0,29.9
20051,18082,5,2025-12-20,1,2,1,349.0,150.0,0.0
20052,18083,1,2025-12-20,3,3,1,269.1,129.0,29.9
20053,18084,1,2025-12-20,1,5,1,299.0,129.0,0.0
20054,18085,4,2025-12-20,3,1,1,349.0,150.0,0.0
20055,18086,4,2025-12-20,1,4,1,296.65,150.0,52.35
20056,18087,5,2025-12-20,3,3,1,349.0,150.0,0.0
20057,18088,4,2025-12-20,1,1,1,349.0,150.0,0.0
20058,18089,2,2025-12-20,1,2,1,299.0,129.0,0.0
20059,18090,5,2025-12-20,4,2,1,314.1,150.0,34.9
20060,18091,2,2025-12-20,5,2,1,299.0,129.0,0.0
20061,18092,2,2025-12-20,5,2,1,299.0,129.0,0.0
20062,18093,5,2025-12-20,1,3,1,296.65,150.0,52.35
20063,18094,5,2025-12-20,1,3,1,349.0,150.0,0.0
20064,18095,4,2025-12-20,3,1,2,349.0,150.0,0.0
20065,18096,5,2025-12-20,1,1,1,314.1,150.0,34.9
20066,18097,2,2025-12-20,6,5,1,299.0,129.0,0.0
20067,18098,5,2025-12-20,3,2,1,349.0,150.0,0.0
20068,18099,5,2025-12-20,5,5,1,296.65,150.0,52.35
20069,18100,2,2025-12-20,7,1,1,299.0,129.0,0.0
20070,18101,2,2025-12-20,3,1,1,299.0,129.0,0.0
20071,18102,5,2025-12-20,5,1,1,349.0,150.0,0.0
20072,18103,5,2025-12-20,9,5,1,349.0,150.0,0.0
20073,18104,5,2025-12-20,7,1,1,349.0,150.0,0.0
20074,18105,1,2025-12-20,8,1,1,299.0,129.0,0.0
20075,18106,1,2025-12-20,2,3,1,299.0,129.0,0.0
20076,18107,4,2025-12-20,1,5,1,349.0,150.0,0.0
20077,18108,2,2025-12-20,7,3,1,269.1,129.0,29.9
20078,18109,4,2025-12-20,3,1,1,349.0,150.0,0.0
20079,6904,1,2025-12-20,2,3,1,269.1,129.0,29.9
20080,18110,5,2025-12-20,2,2,1,349.0,150.0,0.0
20081,18111,1,2025-12-20,4,3,1,299.0,129.0,0.0
20082,18112,5,2025-12-20,4,5,1,349.0,150.0,0.0
20083,18113,5,2025-12-20,2,1,1,349.0,150.0,0.0
20084,18114,2,2025-12-20,6,2,1,299.0,129.0,0.0
20085,18115,2,2025-12-20,1,1,1,254.15,129.0,44.85
20086,18116,2,2025-12-20,2,3,1,299.0,129.0,0.0
20087,18117,2,2025-12-20,5,4,1,299.0,129.0,0.0
20088,18118,5,2025-12-20,1,2,1,349.0,150.0,0.0
20089,18119,1,2025-12-20,3,4,1,269.1,129.0,29.9
20090,18120,4,2025-12-20,9,2,1,314.1,150.0,34.9
20091,18121,4,2025-12-20,7,2,1,314.1,150.0,34.9
20092,18122,4,2025-12-20,1,1,1,349.0,150.0,0.0
20093,18123,1,2025-12-20,1,2,1,269.1,129.0,29.9
20094,18010,1,2025-12-20,4,2,1,299.0,129.0,0.0
20095,18124,6,2025-12-20,2,2,2,499.0,215.0,0.0
20096,18125,3,2025-12-20,1,2,1,279.65,142.0,49.35
20097,18126,2,2025-12-20,3,3,1,299.0,129.0,0.0
20098,18127,1,2025-12-20,3,2,1,299.0,129.0,0.0
20099,18128,5,2025-12-20,2,1,1,314.1,150.0,34.9
20100,18129,6,2025-12-20,3,3,2,499.0,215.0,0.0
20101,18130,6,2025-12-20,2,3,1,499.0,215.0,0.0
20102,5710,5,2025-12-20,1,3,1,349.0,150.0,0.0
20103,18131,5,2025-12-20,3,2,1,349.0,150.0,0.0
20104,18132,5,2025-12-20,1,2,2,349.0,150.0,0.0
20105,18133,4,2025-12-20,2,4,1,314.1,150.0,34.9
20106,18134,5,2025-12-20,2,3,2,349.0,150.0,0.0
20107,10055,2,2025-12-20,1,4,1,299.0,129.0,0.0
20108,18135,5,2025-12-20,5,5,1,349.0,150.0,0.0
20109,18136,4,2025-12-20,1,5,1,349.0,150.0,0.0
20110,18137,5,2025-12-20,1,1,1,349.0,150.0,0.0
20111,18138,3,2025-12-20,2,2,1,329.0,142.0,0.0
20112,18139,4,2025-12-20,8,2,1,349.0,150.0,0.0
20113,18140,4,2025-12-20,6,1,1,349.0,150.0,0.0
20114,18141,4,2025-12-20,8,1,1,314.1,150.0,34.9
20115,18142,4,2025-12-20,1,1,1,296.65,150.0,52.35
20116,18143,1,2025-12-20,7,3,1,299.0,129.0,0.0
20117,18144,6,2025-12-20,3,1,1,424.15,215.0,74.85
20118,18145,4,2025-12-20,3,2,1,349.0,150.0,0.0
20119,18146,4,2025-12-20,4,2,1,349.0,150.0,0.0
20120,18147,2,2025-12-21,3,3,1,269.1,129.0,29.9
20121,18148,4,2025-12-21,1,1,1,349.0,150.0,0.0
20122,18149,5,2025-12-21,3,4,1,349.0,150.0,0.0
20123,18150,5,2025-12-21,3,4,1,349.0,150.0,0.0
20124,18151,5,2025-12-21,4,2,1,314.1,150.0,34.9
20125,18152,4,2025-12-21,3,2,2,349.0,150.0,0.0
20126,18153,1,2025-12-21,1,1,1,299.0,129.0,0.0
20127,18154,5,2025-12-21,2,2,1,296.65,150.0,52.35
20128,18155,5,2025-12-21,2,3,1,349.0,150.0,0.0
20129,18156,1,2025-12-21,2,1,1,299.0,129.0,0.0
20130,18157,2,2025-12-21,1,3,1,299.0,129.0,0.0
20131,18158,1,2025-12-21,8,4,1,299.0,129.0,0.0
20132,18159,2,2025-12-21,5,5,1,299.0,129.0,0.0
20133,18160,1,2025-12-21,1,5,1,299.0,129.0,0.0
20134,18161,2,2025-12-21,5,2,1,299.0,129.0,0.0
20135,18162,1,2025-12-21,3,1,1,299.0,129.0,0.0
20136,18163,1,2025-12-21,3,1,2,299.0,129.0,0.0
20137,18164,4,2025-12-21,1,1,1,349.0,150.0,0.0
20138,18165,3,2025-12-21,4,1,1,329.0,142.0,0.0
20139,18166,1,2025-12-21,7,3,1,299.0,129.0,0.0
20140,18167,4,2025-12-21,1,1,1,314.1,150.0,34.9
20141,18168,4,2025-12-21,3,2,1,349.0,150.0,0.0
20142,18169,4,2025-12-21,4,2,1,349.0,150.0,0.0
20143,18170,6,2025-12-21,5,1,1,449.1,215.0,49.9
20144,18171,2,2025-12-21,1,3,1,299.0,129.0,0.0
20145,18172,3,2025-12-21,4,3,1,329.0,142.0,0.0
20146,7041,4,2025-12-21,8,1,1,349.0,150.0,0.0
20147,18173,5,2025-12-21,1,4,1,314.1,150.0,34.9
20148,18174,6,2025-12-21,6,4,1,499.0,215.0,0.0
20149,18175,2,2025-12-21,1,2,1,299.0,129.0,0.0
20150,18176,4,2025-12-21,1,3,1,349.0,150.0,0.0
20151,17579,4,2025-12-21,3,4,1,349.0,150.0,0.0
20152,18177,5,2025-12-21,1,5,1,349.0,150.0,0.0
20153,15476,4,2025-12-21,1,1,1,349.0,150.0,0.0
20154,18178,3,2025-12-21,4,1,1,329.0,142.0,0.0
20155,18179,6,2025-12-21,3,1,1,499.0,215.0,0.0
20156,18180,5,2025-12-21,8,2,1,349.0,150.0,0.0
20157,18181,2,2025-12-21,2,5,1,299.0,129.0,0.0
20158,18182,4,2025-12-21,1,1,2,349.0,150.0,0.0
20159,12206,2,2025-12-21,3,2,1,299.0,129.0,0.0
20160,18183,1,2025-12-21,4,1,1,299.0,129.0,0.0
20161,18184,6,2025-12-21,4,1,1,499.0,215.0,0.0
20162,18185,5,2025-12-21,1,2,1,349.0,150.0,0.0
20163,18186,4,2025-12-21,1,1,1,349.0,150.0,0.0
20164,18187,4,2025-12-21,6,1,1,349.0,150.0,0.0
20165,18188,6,2025-12-21,1,5,1,499.0,215.0,0.0
20166,12245,2,2025-12-21,1,2,1,299.0,129.0,0.0
20167,18189,3,2025-12-21,3,2,1,329.0,142.0,0.0
20168,18190,4,2025-12-21,3,2,1,349.0,150.0,0.0
20169,18191,4,2025-12-21,3,3,1,349.0,150.0,0.0
20170,18192,5,2025-12-21,1,1,1,349.0,150.0,0.0
20171,15337,4,2025-12-21,4,1,1,349.0,150.0,0.0
20172,18193,4,2025-12-21,1,2,1,349.0,150.0,0.0
20173,18194,6,2025-12-21,4,5,1,499.0,215.0,0.0
20174,18195,2,2025-12-21,2,2,1,299.0,129.0,0.0
20175,18196,1,2025-12-21,3,2,1,299.0,129.0,0.0
20176,18197,5,2025-12-21,3,1,1,349.0,150.0,0.0
20177,2974,4,2025-12-21,6,1,1,349.0,150.0,0.0
20178,18198,4,2025-12-21,5,1,1,349.0,150.0,0.0
20179,15962,5,2025-12-21,6,1,1,349.0,150.0,0.0
20180,18199,5,2025-12-21,2,4,1,349.0,150.0,0.0
20181,14722,4,2025-12-21,3,5,1,349.0,150.0,0.0
20182,18200,6,2025-12-21,5,2,1,499.0,215.0,0.0
20183,18201,5,2025-12-21,4,2,1,349.0,150.0,0.0
20184,18202,4,2025-12-21,8,1,1,349.0,150.0,0.0
20185,16821,5,2025-12-21,7,1,1,349.0,150.0,0.0
20186,14778,6,2025-12-21,5,2,2,499.0,215.0,0.0
20187,18203,5,2025-12-21,3,2,1,349.0,150.0,0.0
20188,18204,4,2025-12-21,6,3,1,314.1,150.0,34.9
20189,18205,3,2025-12-21,1,1,1,329.0,142.0,0.0
20190,18206,3,2025-12-21,5,4,1,279.65,142.0,49.35
20191,18207,6,2025-12-21,7,1,1,499.0,215.0,0.0
20192,18208,1,2025-12-21,4,2,1,299.0,129.0,0.0
20193,18209,2,2025-12-21,1,1,1,299.0,129.0,0.0
20194,18210,5,2025-12-22,1,1,1,296.65,150.0,52.35
20195,18211,5,2025-12-22,4,3,1,349.0,150.0,0.0
20196,18212,5,2025-12-22,2,1,1,296.65,150.0,52.35
20197,18213,2,2025-12-22,1,4,1,299.0,129.0,0.0
20198,18214,4,2025-12-22,1,3,1,296.65,150.0,52.35
20199,18215,5,2025-12-22,1,5,1,349.0,150.0,0.0
20200,18216,3,2025-12-22,3,1,1,296.1,142.0,32.9
20201,18217,4,2025-12-22,1,1,1,349.0,150.0,0.0
20202,18218,5,2025-12-22,1,1,1,314.1,150.0,34.9
20203,18219,2,2025-12-22,3,2,1,269.1,129.0,29.9
20204,18220,6,2025-12-22,4,1,1,499.0,215.0,0.0
20205,18221,5,2025-12-22,3,2,1,349.0,150.0,0.0
20206,18222,6,2025-12-22,6,3,1,449.1,215.0,49.9
20207,18223,6,2025-12-22,4,5,2,499.0,215.0,0.0
20208,18224,3,2025-12-22,5,2,1,329.0,142.0,0.0
20209,18225,3,2025-12-22,7,1,1,329.0,142.0,0.0
20210,18226,4,2025-12-22,3,1,1,349.0,150.0,0.0
20211,18227,6,2025-12-22,1,2,2,499.0,215.0,0.0
20212,18228,2,2025-12-22,5,3,1,299.0,129.0,0.0
20213,18229,4,2025-12-22,9,2,1,349.0,150.0,0.0
20214,18230,5,2025-12-22,,1,1,349.0,150.0,0.0
20215,18231,1,2025-12-22,3,1,1,299.0,129.0,0.0
20216,18232,6,2025-12-22,1,5,1,449.1,215.0,49.9
20217,18233,5,2025-12-22,3,3,1,349.0,150.0,0.0
20218,18234,4,2025-12-22,7,3,1,314.1,150.0,34.9
20219,18235,4,2025-12-22,1,1,1,349.0,150.0,0.0
20220,18236,6,2025-12-22,1,5,1,499.0,215.0,0.0
20221,18237,5,2025-12-22,1,2,1,349.0,150.0,0.0
20222,18238,6,2025-12-22,8,1,1,499.0,215.0,0.0
20223,17855,6,2025-12-22,3,2,1,499.0,215.0,0.0
20224,18239,6,2025-12-22,,2,1,499.0,215.0,0.0
20225,18240,5,2025-12-22,3,2,1,349.0,150.0,0.0
20226,18241,4,2025-12-22,5,1,1,314.1,150.0,34.9
20227,18242,4,2025-12-22,3,3,2,296.65,150.0,52.35
20228,18243,2,2025-12-22,5,2,1,299.0,129.0,0.0
20229,18244,1,2025-12-22,6,5,1,254.15,129.0,44.85
20230,18245,5,2025-12-22,3,2,1,349.0,150.0,0.0
20231,18246,1,2025-12-22,4,1,1,269.1,129.0,29.9
20232,18247,6,2025-12-22,2,2,1,449.1,215.0,49.9
20233,16163,2,2025-12-22,1,1,2,299.0,129.0,0.0
20234,18248,4,2025-12-22,1,1,1,349.0,150.0,0.0
20235,13534,2,2025-12-22,8,1,1,299.0,129.0,0.0
20236,18249,5,2025-12-22,8,2,1,349.0,150.0,0.0
20237,18250,4,2025-12-22,1,3,1,314.1,150.0,34.9
20238,18251,5,2025-12-22,1,1,1,296.65,150.0,52.35
20239,18252,4,2025-12-22,1,3,1,314.1,150.0,34.9
20240,13282,5,2025-12-22,,5,1,314.1,150.0,34.9
20241,609,1,2025-12-22,3,2,1,269.1,129.0,29.9
20242,18253,5,2025-12-22,3,2,1,296.65,150.0,52.35
20243,18254,4,2025-12-22,4,1,1,349.0,150.0,0.0
20244,18255,4,2025-12-22,2,2,1,349.0,150.0,0.0
20245,18256,6,2025-12-22,5,2,1,499.0,215.0,0.0
20246,18257,4,2025-12-22,5,2,2,349.0,150.0,0.0
20247,18258,5,2025-12-22,1,2,1,349.0,150.0,0.0
20248,17412,1,2025-12-22,5,1,1,299.0,129.0,0.0
20249,12815,1,2025-12-22,3,2,1,299.0,129.0,0.0
20250,18259,5,2025-12-22,5,2,1,349.0,150.0,0.0
20251,18260,4,2025-12-22,6,2,1,349.0,150.0,0.0
20252,18261,5,2025-12-22,3,1,1,349.0,150.0,0.0
20253,8882,1,2025-12-22,5,1,1,299.0,129.0,0.0
20254,18262,6,2025-12-22,3,3,1,449.1,215.0,49.9
20255,18263,5,2025-12-22,2,1,1,349.0,150.0,0.0
20256,18264,5,2025-12-22,8,5,1,349.0,150.0,0.0
20257,18265,5,2025-12-22,1,2,1,349.0,150.0,0.0
20258,6715,5,2025-12-22,3,1,1,349.0,150.0,0.0
20259,18266,1,2025-12-22,2,4,1,299.0,129.0,0.0
20260,18267,1,2025-12-22,1,2,1,254.15,129.0,44.85
20261,18268,4,2025-12-22,2,1,1,349.0,150.0,0.0
20262,9947,6,2025-12-22,7,3,2,499.0,215.0,0.0
20263,18269,1,2025-12-23,8,1,1,299.0,129.0,0.0
20264,18270,1,2025-12-23,3,1,1,299.0,129.0,0.0
20265,18271,3,2025-12-23,7,1,1,279.65,142.0,49.35
20266,18272,1,2025-12-23,1,2,1,299.0,129.0,0.0
20267,18273,6,2025-12-23,4,1,1,499.0,215.0,0.0
20268,18274,1,2025-12-23,1,4,1,299.0,129.0,0.0
20269,4742,4,2025-12-23,1,2,1,349.0,150.0,0.0
20270,18275,4,2025-12-23,5,1,1,349.0,150.0,0.0
20271,18276,3,2025-12-23,5,4,1,329.0,142.0,0.0
20272,18277,4,2025-12-23,3,1,1,349.0,150.0,0.0
20273,18278,5,2025-12-23,1,2,1,349.0,150.0,0.0
20274,18279,2,2025-12-23,1,3,1,299.0,129.0,0.0
20275,18280,3,2025-12-23,6,1,2,329.0,142.0,0.0
20276,18281,1,2025-12-23,2,1,1,269.1,129.0,29.9
20277,18282,1,2025-12-23,3,1,1,299.0,129.0,0.0
20278,18283,5,2025-12-23,6,1,1,296.65,150.0,52.35
20279,9514,4,2025-12-23,2,5,1,349.0,150.0,0.0
20280,18284,1,2025-12-23,6,4,1,299.0,129.0,0.0
20281,18285,2,2025-12-23,2,2,1,299.0,129.0,0.0
20282,18286,1,2025-12-23,5,2,1,299.0,129.0,0.0
20283,18287,4,2025-12-23,1,2,1,349.0,150.0,0.0
20284,18288,4,2025-12-23,3,1,1,314.1,150.0,34.9
20285,18289,3,2025-12-23,6,1,1,329.0,142.0,0.0
20286,18290,5,2025-12-23,6,4,1,349.0,150.0,0.0
20287,18291,4,2025-12-23,5,2,1,349.0,150.0,0.0
20288,18292,2,2025-12-23,5,2,1,299.0,129.0,0.0
20289,18293,5,2025-12-23,5,4,1,314.1,150.0,34.9
20290,18294,5,2025-12-23,4,2,1,349.0,150.0,0.0
20291,18295,1,2025-12-23,3,2,1,299.0,129.0,0.0
20292,18296,5,2025-12-23,3,1,1,349.0,150.0,0.0
20293,13213,6,2025-12-23,3,3,1,499.0,215.0,0.0
20294,18297,3,2025-12-23,3,1,1,329.0,142.0,0.0
20295,18298,1,2025-12-23,1,5,1,299.0,129.0,0.0
20296,18299,4,2025-12-23,5,3,1,349.0,150.0,0.0
20297,18300,4,2025-12-23,5,1,1,349.0,150.0,0.0
20298,18301,3,2025-12-23,3,2,2,329.0,142.0,0.0
20299,18302,4,2025-12-23,1,5,1,349.0,150.0,0.0
20300,18303,6,2025-12-23,1,2,1,499.0,215.0,0.0
20301,18304,3,2025-12-23,7,2,1,329.0,142.0,0.0
20302,18305,4,2025-12-23,5,2,1,349.0,150.0,0.0
20303,18306,2,2025-12-23,3,1,1,299.0,129.0,0.0
20304,18307,5,2025-12-23,3,1,1,349.0,150.0,0.0
20305,18308,3,2025-12-23,2,1,1,329.0,142.0,0.0
20306,18309,4,2025-12-23,7,1,1,314.1,150.0,34.9
20307,18310,4,2025-12-23,3,2,1,349.0,150.0,0.0
20308,18311,4,2025-12-23,8,2,1,349.0,150.0,0.0
20309,18312,1,2025-12-23,2,3,1,299.0,129.0,0.0
20310,2964,4,2025-12-23,5,5,1,349.0,150.0,0.0
20311,18313,6,2025-12-23,1,2,2,449.1,215.0,49.9
20312,18314,4,2025-12-23,7,1,1,349.0,150.0,0.0
20313,18315,4,2025-12-23,8,2,2,349.0,150.0,0.0
20314,18316,6,2025-12-23,5,1,1,499.0,215.0,0.0
20315,18317,5,2025-12-23,1,2,1,349.0,150.0,0.0
20316,18318,3,2025-12-23,1,5,1,329.0,142.0,0.0
20317,18319,3,2025-12-23,4,2,1,329.0,142.0,0.0
20318,18320,6,2025-12-23,2,2,1,499.0,215.0,0.0
20319,18321,4,2025-12-23,2,1,1,349.0,150.0,0.0
20320,18322,4,2025-12-23,5,5,1,349.0,150.0,0.0
20321,90298,5,2025-12-23,3,1,1,296.65,150.0,52.35
20322,18324,2,2025-12-23,3,1,1,299.0,129.0,0.0
20323,18325,5,2025-12-23,1,2,1,349.0,150.0,0.0
20324,18326,3,2025-12-23,5,1,2,329.0,142.0,0.0
20325,18327,1,2025-12-23,4,1,1,299.0,129.0,0.0
20326,18328,4,2025-12-23,2,2,1,314.1,150.0,34.9
20327,18329,2,2025-12-23,3,1,1,299.0,129.0,0.0
20328,18330,5,2025-12-23,6,2,1,349.0,150.0,0.0
20329,18331,4,2025-12-23,7,1,2,349.0,150.0,0.0
20330,18332,5,2025-12-23,1,4,2,314.1,150.0,34.9
20331,18333,1,2025-12-23,6,2,1,269.1,129.0,29.9
20332,18334,4,2025-12-23,4,4,1,349.0,150.0,0.0
20333,18335,3,2025-12-23,2,4,1,329.0,142.0,0.0
20334,18336,5,2025-12-23,6,2,1,349.0,150.0,0.0
20335,18337,4,2025-12-23,5,2,1,349.0,150.0,0.0
20336,18338,1,2025-12-24,9,2,1,254.15,129.0,44.85
20337,18339,2,2025-12-24,1,2,1,299.0,129.0,0.0
20338,18340,4,2025-12-24,3,1,1,349.0,150.0,0.0
20339,18341,3,2025-12-24,1,4,1,329.0,142.0,0.0
20340,18342,4,2025-12-24,1,2,1,314.1,150.0,34.9
20341,18343,6,2025-12-24,3,2,1,499.0,215.0,0.0
20342,18344,1,2025-12-24,5,2,1,299.0,129.0,0.0
20343,18345,1,2025-12-24,7,2,1,299.0,129.0,0.0
20344,18346,4,2025-12-24,4,5,1,349.0,150.0,0.0
20345,18347,4,2025-12-24,3,4,1,296.65,150.0,52.35
20346,18348,5,2025-12-24,1,3,1,349.0,150.0,0.0
20347,17509,5,2025-12-24,3,2,1,349.0,150.0,0.0
20348,18349,6,2025-12-24,2,4,1,499.0,215.0,0.0
20349,18350,6,2025-12-24,3,5,1,499.0,215.0,0.0
20350,9432,5,2025-12-24,5,1,1,314.1,150.0,34.9
20351,18351,5,2025-12-24,4,1,1,349.0,150.0,0.0
20352,18352,5,2025-12-24,3,1,1,296.65,150.0,52.35
20353,18353,4,2025-12-24,3,1,1,349.0,150.0,0.0
20354,18354,2,2025-12-24,1,4,1,299.0,129.0,0.0
20355,18355,6,2025-12-24,3,1,1,449.1,215.0,49.9
20356,18356,5,2025-12-24,8,3,1,349.0,150.0,0.0
20357,18357,4,2025-12-24,2,1,1,296.65,150.0,52.35
20358,18358,3,2025-12-24,2,1,1,329.0,142.0,0.0
20359,18359,5,2025-12-24,1,3,1,349.0,150.0,0.0
20360,4515,2,2025-12-24,1,2,1,299.0,129.0,0.0
20361,7848,6,2025-12-24,1,2,1,499.0,215.0,0.0
20362,18360,2,2025-12-24,7,1,1,299.0,129.0,0.0
20363,18361,1,2025-12-24,9,3,1,299.0,129.0,0.0
20364,18362,4,2025-12-24,7,2,2,349.0,150.0,0.0
20365,18363,4,2025-12-24,5,2,1,349.0,150.0,0.0
20366,18364,4,2025-12-24,7,1,2,296.65,150.0,52.35
20367,18365,4,2025-12-24,5,1,1,349.0,150.0,0.0
20368,18366,1,2025-12-24,1,1,2,299.0,129.0,0.0
20369,18367,2,2025-12-24,1,1,1,299.0,129.0,0.0
20370,18368,4,2025-12-24,3,5,1,349.0,150.0,0.0
20371,18369,2,2025-12-24,1,5,1,299.0,129.0,0.0
20372,18370,4,2025-12-24,1,2,1,296.65,150.0,52.35
20373,18371,5,2025-12-24,1,1,1,349.0,150.0,0.0
20374,18372,3,2025-12-24,7,1,1,329.0,142.0,0.0
20375,18373,2,2025-12-24,1,3,1,269.1,129.0,29.9
20376,18374,2,2025-12-24,6,5,1,299.0,129.0,0.0
20377,18375,4,2025-12-24,6,3,1,349.0,150.0,0.0
20378,18376,2,2025-12-24,3,2,1,299.0,129.0,0.0
20379,18377,2,2025-12-24,9,1,1,299.0,129.0,0.0
20380,18378,1,2025-12-24,5,1,1,299.0,129.0,0.0
20381,18379,2,2025-12-24,1,1,1,299.0,129.0,0.0
20382,18380,4,2025-12-24,1,2,1,349.0,150.0,0.0
20383,18381,5,2025-12-24,3,5,1,349.0,150.0,0.0
20384,7111,1,2025-12-24,4,5,1,269.1,129.0,29.9
20385,13071,1,2025-12-24,1,1,1,299.0,129.0,0.0
20386,18382,4,2025-12-24,7,2,1,349.0,150.0,0.0
20387,18383,4,2025-12-24,2,5,1,314.1,150.0,34.9
20388,18384,5,2025-12-24,1,1,1,349.0,150.0,0.0
20389,15114,5,2025-12-24,2,1,1,349.0,150.0,0.0
20390,18385,4,2025-12-24,1,1,1,349.0,150.0,0.0
20391,18386,3,2025-12-24,2,1,2,329.0,142.0,0.0
20392,18387,4,2025-12-24,6,4,2,349.0,150.0,0.0
20393,18388,2,2025-12-24,9,1,1,299.0,129.0,0.0
20394,2425,5,2025-12-24,9,2,1,349.0,150.0,0.0
20395,18389,5,2025-12-24,8,3,1,296.65,150.0,52.35
20396,18390,3,2025-12-24,1,2,1,329.0,142.0,0.0
20397,18391,2,2025-12-24,1,5,1,299.0,129.0,0.0
20398,18392,3,2025-12-24,1,1,1,329.0,142.0,0.0
20399,18393,4,2025-12-24,8,1,1,349.0,150.0,0.0
20400,18394,1,2025-12-24,5,3,1,299.0,129.0,0.0
20401,18395,3,2025-12-24,1,1,1,296.1,142.0,32.9
20402,18396,2,2025-12-24,8,1,2,299.0,129.0,0.0
20403,18397,5,2025-12-24,1,2,1,349.0,150.0,0.0
20404,2301,4,2025-12-24,1,2,1,349.0,150.0,0.0
20405,18398,5,2025-12-24,5,1,1,349.0,150.0,0.0
20406,18399,6,2025-12-24,6,3,1,449.1,215.0,49.9
20407,18400,4,2025-12-24,5,1,1,349.0,150.0,0.0
20408,18401,4,2025-12-24,5,4,1,349.0,150.0,0.0
20409,18402,4,2025-12-24,2,4,1,314.1,150.0,34.9
20410,18403,4,2025-12-24,1,1,1,349.0,150.0,0.0
20411,18404,5,2025-12-24,2,3,1,349.0,150.0,0.0
20412,18405,1,2025-12-25,6,2,1,299.0,129.0,0.0
20413,18406,3,2025-12-25,2,1,1,329.0,142.0,0.0
20414,18407,5,2025-12-25,3,1,1,349.0,150.0,0.0
20415,18408,1,2025-12-25,5,1,1,299.0,129.0,0.0
20416,18409,2,2025-12-25,2,1,2,299.0,129.0,0.0
20417,18410,4,2025-12-25,1,5,1,349.0,150.0,0.0
20418,18411,4,2025-12-25,1,2,1,349.0,150.0,0.0
20419,18412,5,2025-12-25,8,1,1,349.0,150.0,0.0
20420,18413,5,2025-12-25,4,3,1,349.0,150.0,0.0
20421,18414,5,2025-12-25,7,2,1,349.0,150.0,0.0
20422,18415,1,2025-12-25,4,4,1,299.0,129.0,0.0
20423,18416,6,2025-12-25,3,3,1,424.15,215.0,74.85
20424,18417,4,2025-12-25,5,3,1,349.0,150.0,0.0
20425,18418,4,2025-12-25,1,1,2,349.0,150.0,0.0
20426,18419,6,2025-12-25,3,2,1,499.0,215.0,0.0
20427,18420,2,2025-12-25,4,1,1,299.0,129.0,0.0
20428,18421,3,2025-12-25,,1,1,329.0,142.0,0.0
20429,18422,5,2025-12-25,2,2,2,349.0,150.0,0.0
20430,18423,4,2025-12-25,7,2,1,314.1,150.0,34.9
20431,18424,4,2025-12-25,3,3,1,349.0,150.0,0.0
20432,18425,6,2025-12-25,1,1,2,449.1,215.0,49.9
20433,18426,6,2025-12-25,6,2,1,424.15,215.0,74.85
20434,18427,2,2025-12-25,8,1,1,299.0,129.0,0.0
20435,18428,6,2025-12-25,1,1,1,499.0,215.0,0.0
20436,18429,4,2025-12-25,3,2,1,349.0,150.0,0.0
20437,15293,1,2025-12-25,2,1,1,299.0,129.0,0.0
20438,15154,3,2025-12-25,8,1,1,329.0,142.0,0.0
20439,18430,6,2025-12-25,4,1,1,449.1,215.0,49.9
20440,18431,3,2025-12-25,3,2,1,279.65,142.0,49.35
20441,8876,4,2025-12-25,2,1,1,314.1,150.0,34.9
20442,18432,2,2025-12-25,3,3,1,299.0,129.0,0.0
20443,18433,2,2025-12-25,1,2,2,269.1,129.0,29.9
20444,18434,4,2025-12-25,1,3,1,349.0,150.0,0.0
20445,18435,1,2025-12-25,3,1,1,299.0,129.0,0.0
20446,18436,4,2025-12-25,1,5,2,314.1,150.0,34.9
20447,18437,1,2025-12-25,6,1,1,299.0,129.0,0.0
20448,5767,2,2025-12-25,2,2,1,299.0,129.0,0.0
20449,18438,5,2025-12-25,5,1,1,349.0,150.0,0.0
20450,18439,3,2025-12-25,5,1,1,329.0,142.0,0.0
20451,18440,4,2025-12-25,4,2,1,349.0,150.0,0.0
20452,18441,5,2025-12-25,5,1,1,349.0,150.0,0.0
20453,18442,4,2025-12-25,1,2,1,314.1,150.0,34.9
20454,18443,2,2025-12-25,7,2,1,299.0,129.0,0.0
20455,18444,1,2025-12-25,1,2,1,299.0,129.0,0.0
20456,18445,6,2025-12-25,3,1,1,499.0,215.0,0.0
20457,18446,1,2025-12-25,5,1,1,299.0,129.0,0.0
20458,18447,3,2025-12-25,4,1,1,329.0,142.0,0.0
20459,18448,6,2025-12-25,2,3,1,499.0,215.0,0.0
20460,18449,2,2025-12-25,1,1,1,299.0,129.0,0.0
20461,18450,5,2025-12-25,2,2,1,314.1,150.0,34.9
20462,6881,4,2025-12-25,3,1,1,349.0,150.0,0.0
20463,11243,5,2025-12-25,3,2,1,349.0,150.0,0.0
20464,18451,3,2025-12-25,1,1,1,296.1,142.0,32.9
20465,18452,5,2025-12-25,1,2,1,349.0,150.0,0.0
20466,3711,1,2025-12-25,2,2,1,299.0,129.0,0.0
20467,18453,4,2025-12-25,4,3,1,349.0,150.0,0.0
20468,18454,4,2025-12-25,2,3,1,314.1,150.0,34.9
20469,18455,5,2025-12-25,6,2,1,349.0,150.0,0.0
20470,18456,3,2025-12-25,4,5,1,329.0,142.0,0.0
20471,18457,3,2025-12-25,5,2,1,279.65,142.0,49.35
20472,18458,3,2025-12-25,1,1,1,329.0,142.0,0.0
20473,18459,4,2025-12-25,1,3,2,296.65,150.0,52.35
20474,18460,5,2025-12-25,5,5,1,349.0,150.0,0.0
20475,18461,4,2025-12-25,3,3,1,314.1,150.0,34.9
20476,18462,4,2025-12-25,1,1,1,349.0,150.0,0.0
20477,18463,1,2025-12-25,3,4,1,299.0,129.0,0.0
20478,18464,5,2025-12-25,3,1,1,349.0,150.0,0.0
20479,18465,5,2025-12-25,2,2,1,349.0,150.0,0.0
20480,18466,6,2025-12-25,1,5,1,499.0,215.0,0.0
20481,18467,1,2025-12-25,2,1,1,299.0,129.0,0.0
20482,18468,2,2025-12-25,5,2,1,299.0,129.0,0.0
20483,18469,1,2025-12-26,5,2,1,254.15,129.0,44.85
20484,18470,1,2025-12-26,1,3,1,299.0,129.0,0.0
20485,18471,2,2025-12-26,3,5,1,299.0,129.0,0.0
20486,18472,2,2025-12-26,2,4,1,299.0,129.0,0.0
20487,18473,3,2025-12-26,3,3,1,329.0,142.0,0.0
20488,18474,1,2025-12-26,2,4,1,299.0,129.0,0.0
20489,18475,2,2025-12-26,4,1,1,299.0,129.0,0.0
20490,18476,5,2025-12-26,1,2,1,349.0,150.0,0.0
20491,18477,4,2025-12-26,2,5,1,349.0,150.0,0.0
20492,18478,5,2025-12-26,3,2,1,314.1,150.0,34.9
20493,18479,4,2025-12-26,3,5,1,349.0,150.0,0.0
20494,18480,4,2025-12-26,1,4,1,349.0,150.0,0.0
20495,18481,5,2025-12-26,1,2,1,349.0,150.0,0.0
20496,18482,4,2025-12-26,3,2,1,349.0,150.0,0.0
20497,18483,6,2025-12-26,1,2,1,499.0,215.0,0.0
20498,18484,2,2025-12-26,4,4,2,299.0,129.0,0.0
20499,18485,4,2025-12-26,9,3,1,349.0,150.0,0.0
20500,18486,1,2025-12-26,1,4,1,299.0,129.0,0.0
20501,1145,2,2025-12-26,5,2,1,269.1,129.0,29.9
20502,18487,4,2025-12-26,6,1,1,296.65,150.0,52.35
20503,18488,5,2025-12-26,5,2,1,349.0,150.0,0.0
20504,18489,4,2025-12-26,6,2,1,349.0,150.0,0.0
20505,18490,1,2025-12-26,1,3,1,299.0,129.0,0.0
20506,18491,2,2025-12-26,8,2,1,299.0,129.0,0.0
20507,17726,3,2025-12-26,3,2,1,329.0,142.0,0.0
20508,18492,3,2025-12-26,1,1,1,279.65,142.0,49.35
20509,18493,5,2025-12-26,2,1,1,314.1,150.0,34.9
20510,18494,1,2025-12-26,4,1,1,299.0,129.0,0.0
20511,18495,2,2025-12-26,5,3,1,254.15,129.0,44.85
20512,18496,1,2025-12-26,1,1,1,299.0,129.0,0.0
20513,18497,4,2025-12-26,1,5,1,349.0,150.0,0.0
20514,18498,5,2025-12-26,3,2,1,349.0,150.0,0.0
20515,18499,5,2025-12-26,2,2,1,349.0,150.0,0.0
20516,18500,4,2025-12-26,4,1,1,296.65,150.0,52.35
20517,18501,6,2025-12-26,7,1,1,499.0,215.0,0.0
20518,18502,5,2025-12-26,5,3,1,296.65,150.0,52.35
20519,16663,5,2025-12-26,1,5,1,349.0,150.0,0.0
20520,18503,4,2025-12-26,1,2,1,349.0,150.0,0.0
20521,8742,5,2025-12-26,2,3,1,349.0,150.0,0.0
20522,18504,4,2025-12-26,4,5,1,349.0,150.0,0.0
20523,18505,1,2025-12-26,7,3,1,299.0,129.0,0.0
20524,18506,5,2025-12-26,7,3,1,349.0,150.0,0.0
20525,18507,4,2025-12-26,1,2,1,349.0,150.0,0.0
20526,18508,2,2025-12-26,2,3,1,299.0,129.0,0.0
20527,18509,5,2025-12-26,1,2,1,349.0,150.0,0.0
20528,18510,5,2025-12-26,4,1,1,349.0,150.0,0.0
20529,18511,4,2025-12-26,5,1,1,349.0,150.0,0.0
20530,18512,5,2025-12-26,2,1,1,349.0,150.0,0.0
20531,18513,1,2025-12-26,4,2,1,269.1,129.0,29.9
20532,18514,2,2025-12-26,1,1,1,269.1,129.0,29.9
20533,17040,5,2025-12-26,3,4,1,296.65,150.0,52.35
20534,18515,5,2025-12-26,7,3,1,314.1,150.0,34.9
20535,18516,2,2025-12-26,3,3,1,299.0,129.0,0.0
20536,11554,1,2025-12-26,6,1,2,299.0,129.0,0.0
20537,18517,4,2025-12-26,1,2,1,314.1,150.0,34.9
20538,18518,2,2025-12-26,6,1,1,299.0,129.0,0.0
20539,18519,1,2025-12-26,3,1,1,254.15,129.0,44.85
20540,18520,6,2025-12-26,1,1,1,449.1,215.0,49.9
20541,18521,1,2025-12-26,6,1,1,269.1,129.0,29.9
20542,18522,4,2025-12-26,7,2,1,314.1,150.0,34.9
20543,18523,1,2025-12-26,4,4,1,299.0,129.0,0.0
20544,18524,5,2025-12-26,2,1,1,349.0,150.0,0.0
20545,18525,4,2025-12-26,2,1,1,349.0,150.0,0.0
20546,3214,2,2025-12-26,6,5,1,299.0,129.0,0.0
20547,18526,6,2025-12-26,5,1,1,499.0,215.0,0.0
20548,18527,1,2025-12-26,2,2,1,299.0,129.0,0.0
20549,18528,3,2025-12-26,3,1,1,329.0,142.0,0.0
20550,18529,6,2025-12-26,1,2,1,499.0,215.0,0.0
20551,18530,5,2025-12-26,5,2,1,296.65,150.0,52.35
20552,90098,6,2025-12-26,2,2,2,499.0,215.0,0.0
20553,18532,4,2025-12-26,5,3,2,349.0,150.0,0.0
20554,18533,2,2025-12-26,1,1,1,299.0,129.0,0.0
20555,18534,5,2025-12-26,8,1,1,349.0,150.0,0.0
20556,18535,5,2025-12-26,1,1,1,314.1,150.0,34.9
20557,18536,1,2025-12-27,1,1,1,299.0,129.0,0.0
20558,18537,4,2025-12-27,1,1,1,349.0,150.0,0.0
20559,10936,5,2025-12-27,3,4,1,349.0,150.0,0.0
20560,18538,1,2025-12-27,7,2,1,299.0,129.0,0.0
20561,18539,1,2025-12-27,7,1,1,299.0,129.0,0.0
20562,18540,5,2025-12-27,4,2,1,349.0,150.0,0.0
20563,18541,1,2025-12-27,5,2,1,299.0,129.0,0.0
20564,18542,4,2025-12-27,6,2,1,349.0,150.0,0.0
20565,18543,2,2025-12-27,3,1,1,254.15,129.0,44.85
20566,18544,4,2025-12-27,3,2,2,349.0,150.0,0.0
20567,18545,5,2025-12-27,,3,1,349.0,150.0,0.0
20568,18546,3,2025-12-27,5,2,2,329.0,142.0,0.0
20569,18547,6,2025-12-27,3,2,1,499.0,215.0,0.0
20570,18548,4,2025-12-27,7,3,1,296.65,150.0,52.35
20571,18549,3,2025-12-27,2,5,2,329.0,142.0,0.0
20572,18550,5,2025-12-27,3,2,1,296.65,150.0,52.35
20573,10063,6,2025-12-27,7,3,1,499.0,215.0,0.0
20574,18551,5,2025-12-27,1,1,1,314.1,150.0,34.9
20575,18552,1,2025-12-27,3,1,1,299.0,129.0,0.0
20576,18553,1,2025-12-27,5,4,1,299.0,129.0,0.0
20577,18554,2,2025-12-27,1,5,1,299.0,129.0,0.0
20578,18555,1,2025-12-27,1,5,1,299.0,129.0,0.0
20579,18556,4,2025-12-27,2,2,1,349.0,150.0,0.0
20580,18557,4,2025-12-27,5,1,1,349.0,150.0,0.0
20581,18558,1,2025-12-27,1,1,2,299.0,129.0,0.0
20582,18559,1,2025-12-27,4,1,1,269.1,129.0,29.9
20583,18560,4,2025-12-27,7,2,2,349.0,150.0,0.0
20584,18561,4,2025-12-27,7,2,1,349.0,150.0,0.0
20585,18562,5,2025-12-27,8,2,1,349.0,150.0,0.0
20586,18563,2,2025-12-27,3,1,1,269.1,129.0,29.9
20587,18564,6,2025-12-27,3,4,1,499.0,215.0,0.0
20588,18565,1,2025-12-27,1,2,1,269.1,129.0,29.9
20589,18566,6,2025-12-27,5,1,1,499.0,215.0,0.0
20590,18567,5,2025-12-27,3,4,1,296.65,150.0,52.35
20591,11511,3,2025-12-27,1,1,1,329.0,142.0,0.0
20592,18568,5,2025-12-27,8,3,1,349.0,150.0,0.0
20593,18569,4,2025-12-27,5,5,1,296.65,150.0,52.35
20594,4684,3,2025-12-27,1,3,1,296.1,142.0,32.9
20595,18570,2,2025-12-27,1,2,1,0.0,129.0,0.0
20596,2279,1,2025-12-27,2,5,1,254.15,129.0,44.85
20597,18571,4,2025-12-27,8,5,1,296.65,150.0,52.35
20598,18572,1,2025-12-27,1,2,1,269.1,129.0,29.9
20599,18573,5,2025-12-27,1,5,1,349.0,150.0,0.0
20600,18574,5,2025-12-27,2,3,1,349.0,150.0,0.0
20601,18575,6,2025-12-27,4,4,1,499.0,215.0,0.0
20602,9574,2,2025-12-27,4,1,1,299.0,129.0,0.0
20603,18576,1,2025-12-27,7,2,1,299.0,129.0,0.0
20604,18577,5,2025-12-27,1,1,1,349.0,150.0,0.0
20605,18578,5,2025-12-27,8,1,1,349.0,150.0,0.0
20606,18579,1,2025-12-27,5,4,1,299.0,129.0,0.0
20607,18580,5,2025-12-27,7,2,1,349.0,150.0,0.0
20608,18581,6,2025-12-27,4,2,1,449.1,215.0,49.9
20609,3234,5,2025-12-27,2,2,1,349.0,150.0,0.0
20610,18582,4,2025-12-27,8,1,1,314.1,150.0,34.9
20611,18583,3,2025-12-27,3,2,1,296.1,142.0,32.9
20612,18584,3,2025-12-27,6,1,1,279.65,142.0,49.35
20613,8224,5,2025-12-27,3,4,1,349.0,150.0,0.0
20614,18585,2,2025-12-27,2,4,1,299.0,129.0,0.0
20615,18586,3,2025-12-27,5,2,1,329.0,142.0,0.0
20616,18587,2,2025-12-27,4,3,1,299.0,129.0,0.0
20617,18588,4,2025-12-27,4,2,2,349.0,150.0,0.0
20618,18589,5,2025-12-27,1,5,1,349.0,150.0,0.0
20619,18590,6,2025-12-27,5,2,1,499.0,215.0,0.0
20620,18591,3,2025-12-27,8,2,1,329.0,142.0,0.0
20621,15993,5,2025-12-27,5,1,1,314.1,150.0,34.9
20622,18592,2,2025-12-27,1,3,1,299.0,129.0,0.0
20623,18593,3,2025-12-27,1,4,1,329.0,142.0,0.0
20624,18594,2,2025-12-27,8,4,1,299.0,129.0,0.0
20625,18595,5,2025-12-27,5,1,1,349.0,150.0,0.0
20626,18596,4,2025-12-27,3,1,1,349.0,150.0,0.0
20627,18597,5,2025-12-27,8,1,1,349.0,150.0,0.0
20628,6955,1,2025-12-27,5,1,1,299.0,129.0,0.0
20629,18598,6,2025-12-27,1,2,1,449.1,215.0,49.9
20630,18599,5,2025-12-28,1,1,1,0.0,150.0,0.0
20631,18284,1,2025-12-28,9,1,1,299.0,129.0,0.0
20632,18600,1,2025-12-28,1,4,1,299.0,129.0,0.0
20633,18601,5,2025-12-28,3,1,1,296.65,150.0,52.35
20634,18602,6,2025-12-28,3,3,1,499.0,215.0,0.0
20635,18603,3,2025-12-28,5,3,1,329.0,142.0,0.0
20636,18604,6,2025-12-28,1,1,1,499.0,215.0,0.0
20637,18605,3,2025-12-28,5,2,1,296.1,142.0,32.9
20638,18606,3,2025-12-28,7,2,2,329.0,142.0,0.0
20639,18607,1,2025-12-28,2,1,2,299.0,129.0,0.0
20640,18608,3,2025-12-28,1,1,1,329.0,142.0,0.0
20641,18609,1,2025-12-28,1,2,1,299.0,129.0,0.0
20642,18610,5,2025-12-28,2,5,1,349.0,150.0,0.0
20643,18611,2,2025-12-28,7,1,1,299.0,129.0,0.0
20644,18612,1,2025-12-28,3,1,1,299.0,129.0,0.0
20645,18613,4,2025-12-28,3,1,1,349.0,150.0,0.0
20646,18614,4,2025-12-28,6,1,1,349.0,150.0,0.0
20647,18615,4,2025-12-28,1,1,1,349.0,150.0,0.0
20648,18616,5,2025-12-28,8,2,1,349.0,150.0,0.0
20649,18617,2,2025-12-28,1,1,1,299.0,129.0,0.0
20650,14203,3,2025-12-28,1,1,1,329.0,142.0,0.0
20651,18618,4,2025-12-28,2,2,1,314.1,150.0,34.9
20652,18619,4,2025-12-28,1,2,1,349.0,150.0,0.0
20653,18620,1,2025-12-28,5,3,1,299.0,129.0,0.0
20654,18621,5,2025-12-28,5,3,1,349.0,150.0,0.0
20655,18622,1,2025-12-28,3,1,1,299.0,129.0,0.0
20656,6615,1,2025-12-28,1,1,1,299.0,129.0,0.0
20657,18623,4,2025-12-28,1,2,1,349.0,150.0,0.0
20658,18624,5,2025-12-28,9,5,1,349.0,150.0,0.0
20659,18625,5,2025-12-28,1,2,2,314.1,150.0,34.9
20660,18626,5,2025-12-28,2,1,1,314.1,150.0,34.9
20661,18627,1,2025-12-28,5,1,1,299.0,129.0,0.0
20662,18628,6,2025-12-28,1,2,1,499.0,215.0,0.0
20663,18629,6,2025-12-28,3,3,2,449.1,215.0,49.9
20664,18630,1,2025-12-28,3,3,1,299.0,129.0,0.0
20665,18631,4,2025-12-28,1,1,1,349.0,150.0,0.0
20666,18632,5,2025-12-28,1,3,1,314.1,150.0,34.9
20667,18633,2,2025-12-28,3,1,1,299.0,129.0,0.0
20668,18634,6,2025-12-28,6,1,2,499.0,215.0,0.0
20669,18635,2,2025-12-28,3,1,1,299.0,129.0,0.0
20670,18636,2,2025-12-28,4,1,1,299.0,129.0,0.0
20671,18637,5,2025-12-28,3,1,2,314.1,150.0,34.9
20672,18638,4,2025-12-28,1,1,1,349.0,150.0,0.0
20673,18639,2,2025-12-28,2,5,1,269.1,129.0,29.9
20674,18640,4,2025-12-28,5,2,1,314.1,150.0,34.9
20675,18641,2,2025-12-28,1,1,1,254.15,129.0,44.85
20676,18642,2,2025-12-28,3,1,1,299.0,129.0,0.0
20677,18643,6,2025-12-28,3,3,1,449.1,215.0,49.9
20678,18644,4,2025-12-28,5,2,1,349.0,150.0,0.0
20679,18645,1,2025-12-28,1,1,1,269.1,129.0,29.9
20680,18646,5,2025-12-28,6,1,1,314.1,150.0,34.9
20681,18647,3,2025-12-28,5,4,1,279.65,142.0,49.35
20682,18648,4,2025-12-28,1,2,1,349.0,150.0,0.0
20683,18649,6,2025-12-28,2,1,1,499.0,215.0,0.0
20684,18650,2,2025-12-28,1,1,1,299.0,129.0,0.0
20685,18651,2,2025-12-28,2,2,1,299.0,129.0,0.0
20686,18652,4,2025-12-28,4,3,1,314.1,150.0,34.9
20687,18653,6,2025-12-28,5,3,1,449.1,215.0,49.9
20688,18654,5,2025-12-28,1,1,2,349.0,150.0,0.0
20689,18655,1,2025-12-28,1,2,1,299.0,129.0,0.0
20690,18656,2,2025-12-28,3,1,1,299.0,129.0,0.0
20691,18657,2,2025-12-28,2,1,1,299.0,129.0,0.0
20692,18658,4,2025-12-28,2,3,1,349.0,150.0,0.0
20693,18659,5,2025-12-28,5,3,1,349.0,150.0,0.0
20694,18660,2,2025-12-28,2,3,1,299.0,129.0,0.0
20695,18661,4,2025-12-28,9,1,2,314.1,150.0,34.9
20696,18662,4,2025-12-28,5,1,1,296.65,150.0,52.35
20697,18663,5,2025-12-28,4,2,1,349.0,150.0,0.0
20698,18664,6,2025-12-28,4,4,1,449.1,215.0,49.9
20699,18665,5,2025-12-28,3,4,1,349.0,150.0,0.0
20700,18666,5,2025-12-28,1,1,1,349.0,150.0,0.0
20701,18667,3,2025-12-28,1,1,1,329.0,142.0,0.0
20702,18668,2,2025-12-29,5,2,1,299.0,129.0,0.0
20703,18669,5,2025-12-29,1,2,1,349.0,150.0,0.0
20704,18670,4,2025-12-29,1,1,1,349.0,150.0,0.0
20705,18671,1,2025-12-29,1,4,2,299.0,129.0,0.0
20706,18672,6,2025-12-29,1,3,1,449.1,215.0,49.9
20707,18673,1,2025-12-29,5,1,1,299.0,129.0,0.0
20708,18674,1,2025-12-29,9,5,1,299.0,129.0,0.0
20709,18675,4,2025-12-29,1,2,1,296.65,150.0,52.35
20710,18676,6,2025-12-29,3,3,1,449.1,215.0,49.9
20711,18677,4,2025-12-29,2,4,1,349.0,150.0,0.0
20712,18678,5,2025-12-29,1,1,1,314.1,150.0,34.9
20713,18679,5,2025-12-29,1,1,1,314.1,150.0,34.9
20714,18680,5,2025-12-29,5,2,1,314.1,150.0,34.9
20715,18681,1,2025-12-29,2,2,1,299.0,129.0,0.0
20716,2244,2,2025-12-29,7,1,1,299.0,129.0,0.0
20717,18682,4,2025-12-29,3,3,1,349.0,150.0,0.0
20718,18683,2,2025-12-29,9,4,1,269.1,129.0,29.9
20719,18684,6,2025-12-29,1,1,1,424.15,215.0,74.85
20720,5758,1,2025-12-29,1,3,2,299.0,129.0,0.0
20721,18685,5,2025-12-29,3,2,1,349.0,150.0,0.0
20722,16114,6,2025-12-29,,2,1,499.0,215.0,0.0
20723,18686,5,2025-12-29,8,5,2,349.0,150.0,0.0
20724,18687,1,2025-12-29,4,3,1,254.15,129.0,44.85
20725,1819,5,2025-12-29,2,1,1,349.0,150.0,0.0
20726,18688,2,2025-12-29,2,2,1,254.15,129.0,44.85
20727,18689,5,2025-12-29,3,1,1,349.0,150.0,0.0
20728,18690,5,2025-12-29,5,2,1,349.0,150.0,0.0
20729,18691,1,2025-12-29,1,3,1,269.1,129.0,29.9
20730,18692,2,2025-12-29,,3,1,299.0,129.0,0.0
20731,18693,2,2025-12-29,1,1,1,254.15,129.0,44.85
20732,18694,1,2025-12-29,1,1,1,299.0,129.0,0.0
20733,18695,2,2025-12-29,5,1,1,269.1,129.0,29.9
20734,18696,1,2025-12-29,4,2,1,269.1,129.0,29.9
20735,18697,2,2025-12-29,5,2,1,299.0,129.0,0.0
20736,18698,4,2025-12-29,6,3,1,296.65,150.0,52.35
20737,18699,5,2025-12-29,8,1,1,296.65,150.0,52.35
20738,18700,4,2025-12-29,1,1,1,349.0,150.0,0.0
20739,18701,5,2025-12-29,7,5,1,349.0,150.0,0.0
20740,18702,4,2025-12-29,9,1,1,314.1,150.0,34.9
20741,11481,3,2025-12-29,3,1,1,296.1,142.0,32.9
20742,18703,6,2025-12-29,3,1,1,449.1,215.0,49.9
20743,18704,4,2025-12-29,2,3,1,349.0,150.0,0.0
20744,18705,4,2025-12-29,4,2,1,296.65,150.0,52.35
20745,18706,1,2025-12-29,1,2,1,269.1,129.0,29.9
20746,18707,1,2025-12-29,5,2,1,269.1,129.0,29.9
20747,18708,5,2025-12-29,4,1,1,349.0,150.0,0.0
20748,18709,2,2025-12-29,4,1,1,299.0,129.0,0.0
20749,18710,4,2025-12-29,5,2,1,349.0,150.0,0.0
20750,18711,2,2025-12-29,6,2,1,299.0,129.0,0.0
20751,18712,4,2025-12-29,1,1,1,349.0,150.0,0.0
20752,13562,6,2025-12-29,2,2,2,449.1,215.0,49.9
20753,18713,4,2025-12-29,5,2,1,349.0,150.0,0.0
20754,18714,5,2025-12-29,2,1,1,349.0,150.0,0.0
20755,18715,6,2025-12-29,1,2,1,499.0,215.0,0.0
20756,18716,1,2025-12-29,3,3,1,299.0,129.0,0.0
20757,18717,2,2025-12-29,2,2,1,299.0,129.0,0.0
20758,18718,1,2025-12-29,8,2,1,299.0,129.0,0.0
20759,18719,2,2025-12-29,2,3,1,299.0,129.0,0.0
20760,18720,5,2025-12-29,5,1,1,349.0,150.0,0.0
20761,18721,6,2025-12-29,9,3,1,499.0,215.0,0.0
20762,2226,2,2025-12-29,1,2,2,299.0,129.0,0.0
20763,18722,6,2025-12-29,5,1,1,499.0,215.0,0.0
20764,16693,5,2025-12-29,3,4,1,349.0,150.0,0.0
20765,18723,5,2025-12-30,1,2,1,349.0,150.0,0.0
20766,18724,6,2025-12-30,4,1,1,499.0,215.0,0.0
20767,18725,1,2025-12-30,1,1,1,299.0,129.0,0.0
20768,18726,5,2025-12-30,8,1,1,349.0,150.0,0.0
20769,18727,4,2025-12-30,5,1,2,349.0,150.0,0.0
20770,18728,4,2025-12-30,1,1,1,296.65,150.0,52.35
20771,18729,5,2025-12-30,4,3,1,349.0,150.0,0.0
20772,18730,5,2025-12-30,8,5,1,349.0,150.0,0.0
20773,4310,5,2025-12-30,6,1,1,349.0,150.0,0.0
20774,18731,4,2025-12-30,5,5,1,349.0,150.0,0.0
20775,18732,5,2025-12-30,5,2,1,314.1,150.0,34.9
20776,18733,3,2025-12-30,1,3,1,329.0,142.0,0.0
20777,1101,4,2025-12-30,1,2,1,349.0,150.0,0.0
20778,18734,5,2025-12-30,7,4,1,314.1,150.0,34.9
20779,18735,2,2025-12-30,3,2,1,254.15,129.0,44.85
20780,17990,4,2025-12-30,7,3,1,349.0,150.0,0.0
20781,18736,4,2025-12-30,1,2,1,349.0,150.0,0.0
20782,18737,6,2025-12-30,5,4,1,499.0,215.0,0.0
20783,18738,4,2025-12-30,1,5,1,349.0,150.0,0.0
20784,18739,4,2025-12-30,8,4,1,349.0,150.0,0.0
20785,18740,4,2025-12-30,7,5,1,349.0,150.0,0.0
20786,18741,4,2025-12-30,7,2,1,349.0,150.0,0.0
20787,18742,3,2025-12-30,5,3,1,296.1,142.0,32.9
20788,18743,4,2025-12-30,1,5,1,349.0,150.0,0.0
20789,18744,1,2025-12-30,3,4,1,299.0,129.0,0.0
20790,18745,5,2025-12-30,5,5,1,296.65,150.0,52.35
20791,18746,4,2025-12-30,1,1,1,296.65,150.0,52.35
20792,18747,2,2025-12-30,1,2,1,299.0,129.0,0.0
20793,18748,4,2025-12-30,1,3,1,349.0,150.0,0.0
20794,18749,4,2025-12-30,7,2,2,349.0,150.0,0.0
20795,18750,6,2025-12-30,5,2,1,499.0,215.0,0.0
20796,18751,1,2025-12-30,1,4,1,299.0,129.0,0.0
20797,90242,5,2025-12-30,5,2,1,349.0,150.0,0.0
20798,18753,4,2025-12-30,1,1,1,296.65,150.0,52.35
20799,1278,3,2025-12-30,2,2,1,329.0,142.0,0.0
20800,18754,4,2025-12-30,,2,1,349.0,150.0,0.0
20801,18755,6,2025-12-30,1,1,1,499.0,215.0,0.0
20802,18756,4,2025-12-30,8,1,1,349.0,150.0,0.0
20803,18757,4,2025-12-30,3,3,1,349.0,150.0,0.0
20804,18758,1,2025-12-30,,1,1,299.0,129.0,0.0
20805,18759,4,2025-12-30,7,2,1,349.0,150.0,0.0
20806,18760,5,2025-12-30,8,1,1,349.0,150.0,0.0
20807,18761,4,2025-12-30,7,1,1,349.0,150.0,0.0
20808,18762,5,2025-12-30,3,1,1,314.1,150.0,34.9
20809,18763,1,2025-12-30,8,1,1,299.0,129.0,0.0
20810,18764,1,2025-12-30,1,1,1,299.0,129.0,0.0
20811,18765,4,2025-12-30,2,1,1,349.0,150.0,0.0
20812,18766,6,2025-12-30,3,3,1,449.1,215.0,49.9
20813,18767,6,2025-12-30,1,3,1,499.0,215.0,0.0
20814,18768,5,2025-12-30,3,1,1,314.1,150.0,34.9
20815,18769,1,2025-12-30,1,1,1,254.15,129.0,44.85
20816,18770,5,2025-12-30,1,3,1,314.1,150.0,34.9
20817,18771,5,2025-12-30,3,4,2,314.1,150.0,34.9
20818,18772,4,2025-12-30,1,2,1,349.0,150.0,0.0
20819,18773,6,2025-12-30,3,3,1,449.1,215.0,49.9
20820,18774,4,2025-12-30,3,4,1,296.65,150.0,52.35
20821,18775,5,2025-12-30,2,2,1,349.0,150.0,0.0
20822,12,3,2025-12-30,1,4,1,329.0,142.0,0.0
20823,18776,5,2025-12-30,3,2,1,296.65,150.0,52.35
20824,18777,4,2025-12-30,4,1,1,349.0,150.0,0.0
20825,18778,1,2025-12-30,1,1,1,299.0,129.0,0.0
20826,18779,2,2025-12-30,5,1,2,299.0,129.0,0.0
20827,18780,5,2025-12-30,5,5,1,349.0,150.0,0.0
20828,18781,3,2025-12-30,3,1,1,329.0,142.0,0.0
20829,18782,1,2025-12-30,1,4,1,254.15,129.0,44.85
20830,18783,1,2025-12-30,2,5,1,299.0,129.0,0.0
20831,18784,1,2025-12-30,3,1,1,299.0,129.0,0.0
20832,18785,3,2025-12-30,2,1,1,329.0,142.0,0.0
20833,18786,5,2025-12-30,6,2,1,296.65,150.0,52.35
20834,18787,5,2025-12-30,3,4,1,349.0,150.0,0.0
20835,18788,5,2025-12-30,3,3,1,349.0,150.0,0.0
20836,18789,5,2025-12-30,2,2,1,349.0,150.0,0.0
20837,18790,4,2025-12-30,1,2,1,296.65,150.0,52.35
20838,18791,4,2025-12-31,1,1,1,349.0,150.0,0.0
20839,18792,3,2025-12-31,4,2,1,329.0,142.0,0.0
20840,18793,2,2025-12-31,4,2,1,299.0,129.0,0.0
20841,18794,6,2025-12-31,1,1,1,499.0,215.0,0.0
20842,18795,3,2025-12-31,1,1,1,296.1,142.0,32.9
20843,18796,5,2025-12-31,5,3,1,349.0,150.0,0.0
20844,18797,5,2025-12-31,1,4,2,349.0,150.0,0.0
20845,18798,2,2025-12-31,6,2,1,299.0,129.0,0.0
20846,4830,5,2025-12-31,1,2,1,349.0,150.0,0.0
20847,18799,2,2025-12-31,2,1,1,254.15,129.0,44.85
20848,18800,2,2025-12-31,3,1,1,299.0,129.0,0.0
20849,18801,1,2025-12-31,5,1,1,299.0,129.0,0.0
20850,5530,3,2025-12-31,1,1,1,329.0,142.0,0.0
20851,18802,6,2025-12-31,1,2,1,449.1,215.0,49.9
20852,18803,4,2025-12-31,3,5,1,349.0,150.0,0.0
20853,18804,4,2025-12-31,4,2,1,349.0,150.0,0.0
20854,18805,5,2025-12-31,5,3,1,296.65,150.0,52.35
20855,18806,4,2025-12-31,1,2,1,349.0,150.0,0.0
20856,18807,2,2025-12-31,4,1,1,299.0,129.0,0.0
20857,18808,5,2025-12-31,1,3,1,349.0,150.0,0.0
20858,18809,4,2025-12-31,2,1,1,349.0,150.0,0.0
20859,18810,5,2025-12-31,1,3,1,349.0,150.0,0.0
20860,3259,4,2025-12-31,1,2,1,349.0,150.0,0.0
20861,18811,3,2025-12-31,1,3,1,296.1,142.0,32.9
20862,18620,2,2025-12-31,2,5,1,299.0,129.0,0.0
20863,18812,5,2025-12-31,2,2,1,349.0,150.0,0.0
20864,18813,3,2025-12-31,2,2,1,279.65,142.0,49.35
20865,18814,5,2025-12-31,2,1,1,349.0,150.0,0.0
20866,18815,1,2025-12-31,1,2,1,269.1,129.0,29.9
20867,10196,5,2025-12-31,5,1,1,349.0,150.0,0.0
20868,18816,2,2025-12-31,1,5,1,299.0,129.0,0.0
20869,18817,2,2025-12-31,5,5,2,269.1,129.0,29.9
20870,18818,1,2025-12-31,7,3,1,269.1,129.0,29.9
20871,18819,4,2025-12-31,1,1,1,349.0,150.0,0.0
20872,18820,1,2025-12-31,3,1,1,269.1,129.0,29.9
20873,9113,5,2025-12-31,7,2,1,349.0,150.0,0.0
20874,18821,5,2025-12-31,2,1,1,349.0,150.0,0.0
20875,18822,4,2025-12-31,1,2,1,314.1,150.0,34.9
20876,18823,4,2025-12-31,5,4,2,296.65,150.0,52.35
20877,18824,3,2025-12-31,1,4,1,329.0,142.0,0.0
20878,18825,5,2025-12-31,1,2,1,349.0,150.0,0.0
20879,18826,5,2025-12-31,1,2,1,349.0,150.0,0.0
20880,18827,2,2025-12-31,4,2,1,269.1,129.0,29.9
20881,18828,4,2025-12-31,7,2,1,296.65,150.0,52.35
20882,18829,4,2025-12-31,2,2,2,349.0,150.0,0.0
20883,18830,1,2025-12-31,1,1,1,299.0,129.0,0.0
20884,18831,5,2025-12-31,2,4,1,314.1,150.0,34.9
20885,12656,4,2025-12-31,4,1,1,349.0,150.0,0.0
20886,18832,2,2025-12-31,3,2,1,269.1,129.0,29.9
20887,18833,5,2025-12-31,9,1,1,349.0,150.0,0.0
20888,18834,2,2025-12-31,3,1,1,299.0,129.0,0.0
20889,18835,4,2025-12-31,4,5,1,296.65,150.0,52.35
20890,18836,1,2025-12-31,2,3,2,269.1,129.0,29.9
20891,18837,5,2025-12-31,3,2,1,349.0,150.0,0.0
20892,18838,6,2025-12-31,3,3,1,499.0,215.0,0.0
20893,18839,2,2025-12-31,3,2,1,299.0,129.0,0.0
20894,18840,6,2025-12-31,4,4,1,424.15,215.0,74.85
20895,18841,5,2025-12-31,1,5,1,349.0,150.0,0.0
20896,18842,5,2025-12-31,1,2,2,349.0,150.0,0.0
20897,18843,5,2025-12-31,1,1,1,314.1,150.0,34.9
20898,7667,1,2025-12-31,4,2,1,254.15,129.0,44.85
20899,18844,2,2025-12-31,6,1,1,299.0,129.0,0.0
20900,17196,5,2025-12-31,1,1,1,349.0,150.0,0.0
20901,18845,4,2025-12-31,8,3,1,349.0,150.0,0.0
20902,5223,4,2025-12-31,1,2,1,349.0,150.0,0.0
20903,18846,1,2025-12-31,1,2,1,269.1,129.0,29.9
20904,18847,1,2025-12-31,1,5,2,299.0,129.0,0.0
20905,18848,1,2025-12-31,5,1,1,299.0,129.0,0.0
20906,18849,3,2025-12-31,3,1,1,329.0,142.0,0.0
20907,18850,5,2025-12-31,3,4,2,296.65,150.0,52.35
20908,18851,6,2025-12-31,2,1,1,424.15,215.0,74.85
20909,18852,4,2025-12-31,7,4,2,314.1,150.0,34.9
20910,18853,4,2025-12-31,4,1,1,349.0,150.0,0.0
20911,18854,1,2025-12-31,3,3,1,269.1,129.0,29.9
20912,18855,4,2025-12-31,8,2,1,349.0,150.0,0.0
20913,18856,5,2025-12-31,7,2,1,349.0,150.0,0.0
20914,18857,4,2025-12-31,2,2,1,349.0,150.0,0.0
20915,18858,4,2025-12-31,5,1,1,349.0,150.0,0.0
20916,18859,2,2025-12-31,6,4,1,269.1,129.0,29.9
20917,18860,5,2025-12-31,5,1,1,349.0,150.0,0.0
8917,8045,5,2025-03-16,2,4,0,349.0,150.0,0.0
15430,13919,3,2025-10-02,5,1,1,329.0,142.0,0.0
10401,9398,1,2025-05-08,3,3,1,299.0,129.0,0.0
8632,7784,5,2025-03-05,2,2,1,349.0,150.0,0.0
12888,11635,4,2025-07-25,6,1,1,296.65,150.0,52.35
6168,5545,5,2024-12-09,1,4,1,349.0,150.0,0.0
1494,1332,3,2024-04-23,5,1,1,296.1,142.0,32.9
3459,3109,4,2024-08-20,2,1,1,349.0,150.0,0.0
18250,16449,1,2025-11-24,4,1,1,269.1,129.0,29.9
3426,3078,3,2024-08-18,1,1,1,329.0,142.0,0.0
13777,12432,1,2025-08-19,3,3,1,299.0,129.0,0.0
6828,6153,2,2024-12-27,3,1,1,254.15,129.0,44.85
5007,4492,3,2024-11-06,5,3,1,329.0,142.0,0.0
9889,8934,1,2025-04-21,7,2,1,254.15,129.0,44.85
20614,18585,2,2025-12-27,2,4,1,299.0,129.0,0.0
12514,11295,4,2025-07-14,1,4,1,349.0,150.0,0.0
19328,17423,4,2025-12-10,1,3,1,349.0,150.0,0.0
20845,18798,2,2025-12-31,6,2,1,299.0,129.0,0.0
9147,8254,2,2025-03-25,1,2,1,254.15,129.0,44.85
20386,18382,4,2025-12-24,7,2,1,349.0,150.0,0.0
4282,3848,2,2024-10-04,8,1,1,254.15,129.0,44.85
889,787,4,2024-03-10,2,2,1,349.0,150.0,0.0
15018,13538,1,2025-09-21,3,1,1,299.0,129.0,0.0
20302,18305,4,2025-12-23,5,2,1,349.0,150.0,0.0
12926,11669,3,2025-07-26,1,1,1,329.0,142.0,0.0
4158,3732,2,2024-09-27,1,1,1,299.0,129.0,0.0
2141,1925,5,2024-06-05,1,3,1,296.65,150.0,52.35
1819,822,4,2024-05-15,3,1,1,349.0,150.0,0.0
14082,12699,5,2025-08-28,5,1,1,349.0,150.0,0.0
19806,17854,6,2025-12-16,2,1,2,499.0,215.0,0.0
2566,2305,3,2024-07-02,1,2,1,329.0,142.0,0.0
7089,6397,4,2025-01-04,6,4,2,349.0,150.0,0.0
286,254,2,2024-01-23,1,5,1,299.0,129.0,0.0
15760,14220,4,2025-10-10,1,1,1,349.0,150.0,0.0
5096,4573,2,2024-11-08,5,1,1,299.0,129.0,0.0
1901,307,4,2024-05-21,2,3,1,349.0,150.0,0.0
9726,8784,5,2025-04-15,4,1,1,349.0,150.0,0.0
13438,12119,5,2025-08-09,3,1,1,349.0,150.0,0.0
20853,18804,4,2025-12-31,4,2,1,349.0,150.0,0.0
13491,12168,4,2025-08-11,5,2,2,314.1,150.0,34.9
20830,18783,1,2025-12-30,2,5,1,299.0,129.0,0.0
5150,4625,1,2024-11-10,2,1,1,254.15,129.0,44.85
15716,14179,5,2025-10-09,2,2,1,314.1,150.0,34.9
15205,13714,4,2025-09-26,7,5,1,349.0,150.0,0.0
10837,9795,1,2025-05-23,5,4,1,299.0,129.0,0.0
5373,4828,2,2024-11-16,2,2,2,269.1,129.0,29.9
7518,6788,1,2025-01-22,1,1,1,299.0,129.0,0.0
19651,17715,4,2025-12-14,3,1,1,314.1,150.0,34.9
7752,6994,3,2025-01-31,5,5,1,329.0,142.0,0.0
8927,8055,5,2025-03-17,1,4,1,349.0,150.0,0.0
19096,17212,4,2025-12-06,3,3,1,314.1,150.0,34.9
12226,11033,4,2025-07-05,6,2,1,349.0,150.0,0.0
18143,16356,6,2025-11-23,3,1,1,499.0,215.0,0.0
7750,6992,4,2025-01-31,1,1,1,349.0,150.0,0.0
1820,1634,6,2024-05-15,6,3,1,499.0,215.0,0.0
16219,14628,1,2025-10-22,3,1,2,254.15,129.0,44.85
4671,2141,5,2024-10-24,3,1,1,349.0,150.0,0.0
8360,7537,5,2025-02-24,5,3,1,349.0,150.0,0.0
9723,8781,2,2025-04-15,4,5,1,299.0,129.0,0.0
873,139,4,2024-03-09,2,2,1,349.0,150.0,0.0
14001,12629,4,2025-08-25,8,5,1,349.0,150.0,0.0
8644,7796,5,2025-03-06,2,1,1,349.0,150.0,0.0
12865,11612,6,2025-07-24,1,1,1,499.0,215.0,0.0
4035,3626,5,2024-09-21,1,2,1,314.1,150.0,34.9
20863,18812,5,2025-12-31,2,2,1,349.0,150.0,0.0
5706,5135,2,2024-11-26,5,4,1,299.0,129.0,0.0
9092,8205,6,2025-03-23,1,2,1,499.0,215.0,0.0
1813,1629,1,2024-05-15,1,2,1,299.0,129.0,0.0
17883,16119,2,2025-11-19,1,5,1,299.0,129.0,0.0
837,742,4,2024-03-05,5,1,1,349.0,150.0,0.0
14924,13453,4,2025-09-18,5,1,1,349.0,150.0,0.0
13615,12280,4,2025-08-15,2,4,1,349.0,150.0,0.0
14193,12804,4,2025-08-31,1,1,1,349.0,150.0,0.0
7763,2368,4,2025-02-01,6,2,1,349.0,150.0,0.0
752,668,2,2024-02-28,6,4,1,269.1,129.0,29.9
2173,1952,4,2024-06-07,6,2,1,349.0,150.0,0.0
4477,4025,4,2024-10-14,1,1,1,314.1,150.0,34.9
10178,9195,3,2025-05-01,3,2,1,296.1,142.0,32.9
19359,17448,3,2025-12-10,5,2,1,329.0,142.0,0.0
3421,3073,2,2024-08-18,3,5,1,299.0,129.0,0.0
4473,4022,3,2024-10-14,3,5,1,329.0,142.0,0.0
17155,15473,5,2025-11-08,5,3,1,349.0,150.0,0.0
20436,18429,4,2025-12-25,3,2,1,349.0,150.0,0.0
12436,11222,6,2025-07-11,1,1,1,499.0,215.0,0.0
14896,13427,5,2025-09-18,1,1,2,349.0,150.0,0.0
10840,9798,5,2025-05-23,1,5,1,349.0,150.0,0.0
552,492,2,2024-02-13,1,1,1,299.0,129.0,0.0
18103,16321,1,2025-11-22,6,1,2,254.15,129.0,44.85
13842,12484,2,2025-08-21,7,2,1,299.0,129.0,0.0
8735,7877,4,2025-03-09,4,4,1,349.0,150.0,0.0
19979,18014,4,2025-12-19,2,5,1,349.0,150.0,0.0
13834,12479,4,2025-08-21,3,2,1,349.0,150.0,0.0
7127,6432,5,2025-01-05,1,1,1,314.1,150.0,34.9
20770,18728,4,2025-12-30,1,1,1,296.65,150.0,52.35
2349,2114,6,2024-06-17,4,2,1,449.1,215.0,49.9
16816,15159,2,2025-11-04,2,3,1,254.15,129.0,44.85
18455,3758,5,2025-11-27,1,4,1,349.0,150.0,0.0
10543,9529,4,2025-05-13,3,2,1,349.0,150.0,0.0
11878,10718,4,2025-06-25,7,2,1,314.1,150.0,34.9
13052,11781,4,2025-07-30,1,2,1,349.0,150.0,0.0
2037,1831,2,2024-05-30,1,3,1,299.0,129.0,0.0
4713,384,1,2024-10-26,8,2,1,299.0,129.0,0.0
4855,4360,1,2024-11-01,4,1,1,269.1,129.0,29.9
7670,6924,2,2025-01-28,1,2,1,299.0,129.0,0.0
